Setting up pipeline from parameter file mf_xt/config/hmf_counts.ini
-------------------------------------------------------------------

Setting up module mass_function_like
-------------------------------------
Observed N: 1889465.1356126366, sigma_obs: 1374.578166425117
Setup all pipeline modules


Parameter Priors
----------------
cosmological_parameters--omega_m       ~ N(0.3, 0.01 ** 2)   [0.1 < x < 0.5]
cosmological_parameters--sigma8_input  ~ U(0.6, 1.0)
cosmological_parameters--w             ~ N(-1.0, 0.1 ** 2)   [-1.5 < x < -0.5]
cosmological_parameters--h0            ~ delta(0.7)
cosmological_parameters--omega_b       ~ delta(0.04)
cosmological_parameters--omega_k       ~ delta(0.0)
cosmological_parameters--yhe           ~ delta(0.245341)
cosmological_parameters--tau           ~ delta(0.08)
cosmological_parameters--n_s           ~ delta(0.96)
cosmological_parameters--a_s           ~ delta(2.1e-09)
cosmological_parameters--k_s           ~ delta(0.05)
cosmological_parameters--n_run         ~ delta(0.0)
cosmological_parameters--wa            ~ delta(0.0)

****************************************************
* Running sampler 1/1: emcee
* Using MPI with 4 processes.
* Saving output -> mf_xt/output/mf_w_lowz3.txt
* You set resume=T but the file mf_xt/output/mf_w_lowz3.txt is empty so I will start afresh
****************************************************
Generating starting positions in small ball around starting point
Begun sampling
Running module mass_function_like
Running module mass_function_like
Running module mass_function_like
Running module mass_function_like
Model N: 1888933.403244327
Done mass_function_like status = 0 

Pipeline ran okay.
Likelihood hmf_counts = -8.219636525958776
Posterior = -2.2348833406755624 for parameter set #1: [0.2994717346458263, 0.8001754072248883, -0.9993517555254493]
Running module mass_function_like
Model N: 1888933.4583849248
Done mass_function_like status = 0 

Pipeline ran okay.
Likelihood hmf_counts = -8.219621010124683
Posterior = -2.233515429774127 for parameter set #1: [0.30009267401248985, 0.7999855467789329, -0.9993520025193985]
Running module mass_function_like
Model N: 1888942.9407936048
Done mass_function_like status = 0 

Pipeline ran okay.
Likelihood hmf_counts = -8.21697648614645
Posterior = -2.2308330150354525 for parameter set #1: [0.2999660603788674, 0.7996703809979469, -0.9993630204109365]
Running module mass_function_like
Model N: 1889853.4136035265
Done mass_function_like status = 0 

Pipeline ran okay.
Likelihood hmf_counts = -8.184757955372334
Posterior = -2.1987755277126393 for parameter set #1: [0.2998121344744552, 0.8000349336711928, -1.000460929758623]
Running module mass_function_like
Model N: 1889881.5037053896
Done mass_function_like status = 0 

Pipeline ran okay.
Likelihood hmf_counts = -8.190739914774895
Posterior = -2.205154742887224 for parameter set #2: [0.2996617264862078, 0.8001948525662718, -1.0004939840466462]
Running module mass_function_like
Model N: 1890684.4113206111
Done mass_function_like status = 0 

Pipeline ran okay.
Likelihood hmf_counts = -8.538159597665071
Posterior = -2.552653145067606 for parameter set #2: [0.29966647011023995, 0.7995055404271535, -1.0014618769850627]
Running module mass_function_like
Model N: 1889087.691757246
Done mass_function_like status = 0 

Pipeline ran okay.
Likelihood hmf_counts = -8.182518173009157
Posterior = -2.1964143453738574 for parameter set #2: [0.3001048486504738, 0.8001175327106708, -0.9995368819281449]
Running module mass_function_like
Model N: 1890697.019206471
Done mass_function_like status = 0 

Pipeline ran okay.
Likelihood hmf_counts = -8.546333160251379
Posterior = -2.56055243140705 for parameter set #2: [0.29976348837139977, 0.8008156026591252, -1.001477160476121]
Running module mass_function_like
Model N: 1888532.2566495882
Done mass_function_like status = 0 

Pipeline ran okay.
Likelihood hmf_counts = -8.375143099576235
Posterior = -2.389038488722 for parameter set #3: [0.2999862597261065, 0.8000941311746026, -0.9988689569381635]
Running module mass_function_like
Model N: 1888731.652471347
Done mass_function_like status = 0 

Pipeline ran okay.
Likelihood hmf_counts = -8.287192601710558
Posterior = -2.3020426254035975 for parameter set #3: [0.29955730413078546, 0.7998216236500016, -0.9991095699893248]
Running module mass_function_like
Model N: 1888250.7947658156
Done mass_function_like status = 0 

Pipeline ran okay.
Likelihood hmf_counts = -8.535143334418535
Posterior = -2.549204407073673 for parameter set #3: [0.3001565848386565, 0.8000424741593816, -0.9985303310106883]
Running module mass_function_like
Model N: 1890375.4481125262
Done mass_function_like status = 0 

Pipeline ran okay.
Likelihood hmf_counts = -8.36412225291133
Posterior = -2.3791587155787344 for parameter set #3: [0.30047888242235765, 0.7998145842825429, -1.0010893901545712]
Running module mass_function_like
Model N: 1888380.3198216327
Done mass_function_like status = 0 

Pipeline ran okay.
Likelihood hmf_counts = -8.456299666315317
Posterior = -2.4702266261693664 for parameter set #4: [0.2999551333524179, 0.8002133009802169, -0.9986853705923171]
Model N: 1886934.8501301056
Done mass_function_like status = 0 

Pipeline ran okay.
Likelihood hmf_counts = -9.840394489467144
Posterior = -3.855037513766418 for parameter set #4: [0.30026298188846434, 0.7998195236816432, -0.9969446941847757]
Model N: 1890732.267346865
Done mass_function_like status = 0 

Pipeline ran okay.
Likelihood hmf_counts = -8.569629959762096
Posterior = -2.584088291749625 for parameter set #4: [0.30032017711280456, 0.8002485254019797, -1.0015184388032647]
Model N: 1890859.4996852386
Done mass_function_like status = 0 

Pipeline ran okay.
Likelihood hmf_counts = -8.65918554365635
Posterior = -2.676566813835821 for parameter set #4: [0.2991740489746748, 0.7998093458514585, -1.0016721988431263]
Running module mass_function_like
Running module mass_function_like
Running module mass_function_like
Running module mass_function_like
Model N: 1888457.9561621333
Done mass_function_like status = 0 

Pipeline ran okay.
Likelihood hmf_counts = -8.41330236196518
Posterior = -2.4273720350651526 for parameter set #5: [0.300181455339322, 0.7997616808103436, -0.9987788476803814]
Running module mass_function_like
Model N: 1889169.0587722694
Done mass_function_like status = 0 

Pipeline ran okay.
Likelihood hmf_counts = -8.168019328266382
Posterior = -2.1820261491785686 for parameter set #5: [0.3001842423430573, 0.8003733254027136, -0.9996363392359533]
Running module mass_function_like
Model N: 1890429.5532926198
Done mass_function_like status = 0 

Pipeline ran okay.
Likelihood hmf_counts = -8.390954446047544
Posterior = -2.405271244610744 for parameter set #5: [0.2997102984001804, 0.799529655630774, -1.001154826642955]
Running module mass_function_like
Model N: 1889032.7045482546
Done mass_function_like status = 0 

Pipeline ran okay.
Likelihood hmf_counts = -8.19430124387145
Posterior = -2.2094379135599276 for parameter set #5: [0.2994916273217994, 0.8001774432064049, -0.9994713500396861]
Running module mass_function_like
Model N: 1891970.1485347007
Done mass_function_like status = 0 

Pipeline ran okay.
Likelihood hmf_counts = -9.804100755602121
Posterior = -3.819191813894494 for parameter set #6: [0.30040185853677376, 0.8003514065373736, -1.0030103973981441]
Model N: 1892775.1938146437
Done mass_function_like status = 0 

Pipeline ran okay.
Likelihood hmf_counts = -11.041057959198952
Posterior = -5.0625377277522405 for parameter set #6: [0.29882890850518146, 0.799798289078742, -1.0039799745159028]
Model N: 1885084.9642512843
Done mass_function_like status = 0 

Pipeline ran okay.
Likelihood hmf_counts = -13.229458134621382
Posterior = -7.246124582050206 for parameter set #6: [0.30053663334780195, 0.7999569778967267, -0.9947158947224474]
Model N: 1890313.4300542932
Done mass_function_like status = 0 

Pipeline ran okay.
Likelihood hmf_counts = -8.335269790142775
Posterior = -2.351051220981474 for parameter set #6: [0.3006163521528219, 0.7996222291375229, -1.0010148764211761]
Running module mass_function_like
Running module mass_function_like
Running module mass_function_like
Running module mass_function_like
Model N: 1890361.640757675
Done mass_function_like status = 0 

Pipeline ran okay.
Likelihood hmf_counts = -8.35752271860838
Posterior = -2.37222978765531 for parameter set #7: [0.29959527682617004, 0.8009379190692033, -1.001073150129388]
Running module mass_function_like
Model N: 1886094.7994890306
Done mass_function_like status = 0 

Pipeline ran okay.
Likelihood hmf_counts = -11.154098868370056
Posterior = -5.169741413189395 for parameter set #7: [0.2995561827718665, 0.7990298617269437, -0.9959325833514296]
Running module mass_function_like
Model N: 1889450.5149626273
Done mass_function_like status = 0 

Pipeline ran okay.
Likelihood hmf_counts = -8.144896242767572
Posterior = -2.1670557956548713 for parameter set #7: [0.29870933833671526, 0.8007661338409483, -0.9999743125753953]
Running module mass_function_like
Model N: 1889595.3243305546
Done mass_function_like status = 0 

Pipeline ran okay.
Likelihood hmf_counts = -8.149335015565157
Posterior = -2.1652179083763894 for parameter set #7: [0.29935948483743374, 0.8002672222199129, -1.000149143829914]
Running module mass_function_like
Model N: 1888342.8006569894
Done mass_function_like status = 0 

Pipeline ran okay.
Likelihood hmf_counts = -8.478223506361246
Posterior = -2.4921481076922394 for parameter set #8: [0.29998187047963015, 0.8002153694190216, -0.9986400317378421]
Model N: 1888695.7054663734
Done mass_function_like status = 0 

Pipeline ran okay.
Likelihood hmf_counts = -8.301492143422365
Posterior = -2.3160147761642254 for parameter set #8: [0.2996398565341297, 0.7998136954021519, -0.9990658275098271]
Model N: 1887756.718930297
Done mass_function_like status = 0 

Pipeline ran okay.
Likelihood hmf_counts = -8.917542070150375
Posterior = -2.9317788909727254 for parameter set #8: [0.3001965325447498, 0.7999587654458962, -0.9979349897488137]
Model N: 1888098.5768110617
Done mass_function_like status = 0 

Pipeline ran okay.
Likelihood hmf_counts = -8.639163974672556
Posterior = -2.6531531710077276 for parameter set #8: [0.29993377900692914, 0.8000616431218982, -0.9983459867847578]
Running module mass_function_like
Running module mass_function_like
Running module mass_function_like
Running module mass_function_like
Model N: 1891186.0642636328
Done mass_function_like status = 0 

Pipeline ran okay.
Likelihood hmf_counts = -8.928201276808977
Posterior = -2.9431258049624844 for parameter set #9: [0.2995803039407621, 0.7994581300735901, -1.0020655362164]
Running module mass_function_like
Model N: 1888577.7244100363
Done mass_function_like status = 0 

Pipeline ran okay.
Likelihood hmf_counts = -8.353234235197306
Posterior = -2.367472247103228 for parameter set #9: [0.3002644340003831, 0.7996611848495826, -0.9989238684710138]
Running module mass_function_like
Model N: 1888634.6533087485
Done mass_function_like status = 0 

Pipeline ran okay.
Likelihood hmf_counts = -8.327346794307232
Posterior = -2.362918304242535 for parameter set #9: [0.29791720349557593, 0.8006125373259378, -0.9989918205382725]
Running module mass_function_like
Model N: 1890432.9351816326
Done mass_function_like status = 0 

Pipeline ran okay.
Likelihood hmf_counts = -8.392683010548353
Posterior = -2.4118184167391465 for parameter set #9: [0.2989764969145531, 0.8004164710653429, -1.0011587157671475]
Running module mass_function_like
Model N: 1890284.7268674904
Done mass_function_like status = 0 

Pipeline ran okay.
Likelihood hmf_counts = -8.32260475307703
Posterior = -2.338713758556281 for parameter set #10: [0.299332095940157, 0.7998618313611784, -1.000980245517528]
Model N: 1890746.474597738
Done mass_function_like status = 0 

Pipeline ran okay.
Likelihood hmf_counts = -8.579205740243196
Posterior = -2.602580324799904 for parameter set #10: [0.3013730349644864, 0.7992339183165543, -1.0015360809773657]
Model N: 1887616.349615467
Done mass_function_like status = 0 

Pipeline ran okay.
Likelihood hmf_counts = -9.049789737910032
Posterior = -3.0640857631359637 for parameter set #10: [0.3002078629050669, 0.7999350231593365, -0.9977661332194077]
Model N: 1888920.5593798438
Done mass_function_like status = 0 

Pipeline ran okay.
Likelihood hmf_counts = -8.22329481318593
Posterior = -2.239371578810749 for parameter set #10: [0.3006669710009538, 0.8004354273498709, -0.9993361958947676]
Running module mass_function_like
Running module mass_function_like
Running module mass_function_like
Running module mass_function_like
Model N: 1890628.4824512328
Done mass_function_like status = 0 

Pipeline ran okay.
Likelihood hmf_counts = -8.502914551645517
Posterior = -2.517680804836626 for parameter set #11: [0.29959044376007304, 0.800460261100777, -1.001393480341075]
Running module mass_function_like
Model N: 1889859.807934651
Done mass_function_like status = 0 

Pipeline ran okay.
Likelihood hmf_counts = -8.18608297035098
Posterior = -2.20310694395301 for parameter set #11: [0.2992021889444908, 0.8003115729247356, -1.0004685925910692]
Running module mass_function_like
Model N: 1889055.9535137357
Done mass_function_like status = 0 

Pipeline ran okay.
Likelihood hmf_counts = -8.189123932272196
Posterior = -2.2035109281385346 for parameter set #11: [0.2996701440875694, 0.7999740931137068, -0.9995002200130788]
Running module mass_function_like
Model N: 1889142.2817536553
Done mass_function_like status = 0 

Pipeline ran okay.
Likelihood hmf_counts = -8.172403793781996
Posterior = -2.1864368790666813 for parameter set #11: [0.2998026455434873, 0.7996754175928825, -0.9996035374566619]
Running module mass_function_like
Model N: 1885444.9440426757
Done mass_function_like status = 0 

Pipeline ran okay.
Likelihood hmf_counts = -12.427484020590782
Posterior = -6.469393612507011 for parameter set #12: [0.30231960940081715, 0.7991242603594676, -0.9951499055582679]
Model N: 1886672.81657407
Done mass_function_like status = 0 

Pipeline ran okay.
Likelihood hmf_counts = -10.209969609975815
Posterior = -4.224605044278081 for parameter set #12: [0.30021761591694196, 0.8006599177151562, -0.9966290398519455]
Model N: 1892243.6366370148
Done mass_function_like status = 0 

Pipeline ran okay.
Likelihood hmf_counts = -10.185963582247496
Posterior = -4.202005896744737 for parameter set #12: [0.30057519867406546, 0.800430735379609, -1.0033393552499348]
Model N: 1888740.5616858813
Done mass_function_like status = 0 

Pipeline ran okay.
Likelihood hmf_counts = -8.283754393458366
Posterior = -2.2984700976346986 for parameter set #12: [0.2995885604025418, 0.7997909843078832, -0.9991189867787196]
Running module mass_function_like
Running module mass_function_like
Running module mass_function_like
Running module mass_function_like
Model N: 1890975.7889423987
Done mass_function_like status = 0 

Pipeline ran okay.
Likelihood hmf_counts = -8.748521458357573
Posterior = -2.7625523501450893 for parameter set #13: [0.29991496082705127, 0.8007724584139281, -1.0018124636994548]
Running module mass_function_like
Model N: 1888608.145140676
Done mass_function_like status = 0 

Pipeline ran okay.
Likelihood hmf_counts = -8.33918734639883
Posterior = -2.353421634941956 for parameter set #13: [0.3002644602979878, 0.7996583173488356, -0.9989597111235727]
Running module mass_function_like
Model N: 1888802.1664025795
Done mass_function_like status = 0 

Pipeline ran okay.
Likelihood hmf_counts = -8.261130552738905
Posterior = -2.275073551827906 for parameter set #13: [0.2998734409255377, 0.7996975797482737, -0.9991946324738178]
Running module mass_function_like
Model N: 1891048.6598097947
Done mass_function_like status = 0 

Pipeline ran okay.
Likelihood hmf_counts = -8.808144319802523
Posterior = -2.829916014285831 for parameter set #13: [0.29875414551461754, 0.800643698892017, -1.0018997117666906]
Running module mass_function_like
Model N: 1890519.7001416632
Done mass_function_like status = 0 

Pipeline ran okay.
Likelihood hmf_counts = -8.439098246395588
Posterior = -2.454785147366268 for parameter set #14: [0.2994039041287838, 0.799613229452839, -1.0012630699309957]
Model N: 1886860.8452498873
Done mass_function_like status = 0 

Pipeline ran okay.
Likelihood hmf_counts = -9.94107922539115
Posterior = -3.960219938681986 for parameter set #14: [0.30098140219836067, 0.7998099109908937, -0.9968552276191933]
Model N: 1888159.0833633563
Done mass_function_like status = 0 

Pipeline ran okay.
Likelihood hmf_counts = -8.596345372498035
Posterior = -2.6184938039901517 for parameter set #14: [0.30128007385923933, 0.7999656416309506, -0.9984188370303398]
Model N: 1887548.504015577
Done mass_function_like status = 0 

Pipeline ran okay.
Likelihood hmf_counts = -9.117455296218395
Posterior = -3.13310463312593 for parameter set #14: [0.29944313192279637, 0.7998115092646763, -0.9976833455987281]
Running module mass_function_like
Running module mass_function_like
Running module mass_function_like
Running module mass_function_like
Model N: 1888666.5475696302
Done mass_function_like status = 0 

Pipeline ran okay.
Likelihood hmf_counts = -8.31359376013279
Posterior = -2.3503191810878175 for parameter set #15: [0.29786234236260684, 0.8006269074743395, -0.9990300739022361]
Running module mass_function_like
Model N: 1889453.2172671936
Done mass_function_like status = 0 

Pipeline ran okay.
Likelihood hmf_counts = -8.144877456128597
Posterior = -2.158992351298716 for parameter set #15: [0.30023848991010316, 0.8007637479482643, -0.9999773133216717]
Running module mass_function_like
Model N: 1891207.606436743
Done mass_function_like status = 0 

Pipeline ran okay.
Likelihood hmf_counts = -8.947928201407194
Posterior = -2.96239587974409 for parameter set #15: [0.29971071356991297, 0.7992709872871087, -1.0020917117104775]
Running module mass_function_like
Model N: 1889737.2770395705
Done mass_function_like status = 0 

Pipeline ran okay.
Likelihood hmf_counts = -8.164456762373447
Posterior = -2.1808835972988367 for parameter set #15: [0.29928010973034935, 0.8002402988992243, -1.0003207077783736]
Running module mass_function_like
Model N: 1889906.7820643217
Done mass_function_like status = 0 

Pipeline ran okay.
Likelihood hmf_counts = -8.196479931473732
Posterior = -2.210686252377588 for parameter set #16: [0.2997308867863488, 0.7997708971634445, -1.000524004681336]
Model N: 1890670.1253825864
Done mass_function_like status = 0 

Pipeline ran okay.
Likelihood hmf_counts = -8.528999708592892
Posterior = -2.543257694702856 for parameter set #16: [0.3002542692307062, 0.8000954469853536, -1.0014438812402664]
Model N: 1886933.9421157483
Done mass_function_like status = 0 

Pipeline ran okay.
Likelihood hmf_counts = -9.841612242162228
Posterior = -3.8562893983838773 for parameter set #16: [0.30027548267963855, 0.7998193564171073, -0.9969431374319417]
Model N: 1893061.770485242
Done mass_function_like status = 0 

Pipeline ran okay.
Likelihood hmf_counts = -11.56389420107007
Posterior = -5.589262526124884 for parameter set #16: [0.30145620139331364, 0.798579291687641, -1.0043248822310549]
Running module mass_function_like
Running module mass_function_like
Running module mass_function_like
Running module mass_function_like
Model N: 1890866.2667533064
Done mass_function_like status = 0 

Pipeline ran okay.
Likelihood hmf_counts = -8.66418832167983
Posterior = -2.678514281472408 for parameter set #17: [0.29973381271701927, 0.7993315420842849, -1.0016804713310756]
Running module mass_function_like
Model N: 1889874.8023489825
Done mass_function_like status = 0 

Pipeline ran okay.
Likelihood hmf_counts = -8.189274903386831
Posterior = -2.204464777101852 for parameter set #17: [0.2994808420855643, 0.8001695769431434, -1.0004851136912036]
Running module mass_function_like
Model N: 1891167.92307075
Done mass_function_like status = 0 

Pipeline ran okay.
Likelihood hmf_counts = -8.911778908222914
Posterior = -2.9273224022006463 for parameter set #17: [0.29945152470929814, 0.8015789126533086, -1.0020439471883302]
Running module mass_function_like
Model N: 1886057.2711443543
Done mass_function_like status = 0 

Pipeline ran okay.
Likelihood hmf_counts = -11.221531055867672
Posterior = -5.2370132168567975 for parameter set #17: [0.29959844969657606, 0.7994891559220939, -0.995887906838407]
Running module mass_function_like
Model N: 1887646.6935456255
Done mass_function_like status = 0 

Pipeline ran okay.
Likelihood hmf_counts = -9.020316325128078
Posterior = -3.0365600068953302 for parameter set #18: [0.3006590200668524, 0.7997417449631802, -0.99780153564989]
Model N: 1889942.9048134848
Done mass_function_like status = 0 

Pipeline ran okay.
Likelihood hmf_counts = -8.205269064754248
Posterior = -2.2200764520186587 for parameter set #18: [0.29956164755775927, 0.7996415673912688, -1.0005681671685878]
Model N: 1886746.5429300915
Done mass_function_like status = 0 

Pipeline ran okay.
Likelihood hmf_counts = -10.102300822734833
Posterior = -4.133909716034907 for parameter set #18: [0.30185686844017606, 0.7998926540240383, -0.9967178999719112]
Model N: 1890760.7411754224
Done mass_function_like status = 0 

Pipeline ran okay.
Likelihood hmf_counts = -8.5889288559556
Posterior = -2.6126336591480657 for parameter set #18: [0.3013966914862627, 0.7992245317703419, -1.001552967505942]
Running module mass_function_like
Running module mass_function_like
Running module mass_function_like
Running module mass_function_like
Model N: 1887101.414246084
Done mass_function_like status = 0 

Pipeline ran okay.
Likelihood hmf_counts = -9.624413214623928
Posterior = -3.643090895948024 for parameter set #19: [0.30094231162382773, 0.7996938326250889, -0.9971453788610537]
Running module mass_function_like
Model N: 1888160.1437735688
Done mass_function_like status = 0 

Pipeline ran okay.
Likelihood hmf_counts = -8.59561225026846
Posterior = -2.6543154680024994 for parameter set #19: [0.2970084118714541, 0.8009657340395139, -0.9984205201488394]
Running module mass_function_like
Model N: 1887504.1378248988
Done mass_function_like status = 0 

Pipeline ran okay.
Likelihood hmf_counts = -9.163023833185434
Posterior = -3.177396033606742 for parameter set #19: [0.30022847913345657, 0.7997613608575193, -0.9976305924814981]
Running module mass_function_like
Model N: 1889852.82415482
Done mass_function_like status = 0 

Pipeline ran okay.
Likelihood hmf_counts = -8.184636902064085
Posterior = -2.2029889843269874 for parameter set #19: [0.2990501537608027, 0.8003890469666975, -1.0004595785584838]
Running module mass_function_like
Model N: 1889081.3609825147
Done mass_function_like status = 0 

Pipeline ran okay.
Likelihood hmf_counts = -8.183793231844902
Posterior = -2.2152616294867347 for parameter set #20: [0.298122400925837, 0.8002984626154593, -0.99953044754078]
Model N: 1890609.4031109994
Done mass_function_like status = 0 

Pipeline ran okay.
Likelihood hmf_counts = -8.491269443184137
Posterior = -2.5060563194539016 for parameter set #20: [0.30041532088722345, 0.8003318320559664, -1.001370670078453]
Model N: 1886877.0938960714
Done mass_function_like status = 0 

Pipeline ran okay.
Likelihood hmf_counts = -9.918723687529564
Posterior = -3.933305011863479 for parameter set #20: [0.3002291697643573, 0.7998126124849952, -0.9968751058267784]
Model N: 1887941.2049377616
Done mass_function_like status = 0 

Pipeline ran okay.
Likelihood hmf_counts = -8.759618058800697
Posterior = -2.7779599272952638 for parameter set #20: [0.3009318233142559, 0.8000455701694815, -0.9981565640783229]
Running module mass_function_like
Running module mass_function_like
Running module mass_function_like
Running module mass_function_like
Model N: 1888002.7235689189
Done mass_function_like status = 0 

Pipeline ran okay.
Likelihood hmf_counts = -8.710968226194382
Posterior = -2.725075606500452 for parameter set #21: [0.30015517087336996, 0.7996976628473627, -0.9982307738606229]
Running module mass_function_like
Model N: 1891361.0094058283
Done mass_function_like status = 0 

Pipeline ran okay.
Likelihood hmf_counts = -9.09549304842949
Posterior = -3.1311886216966407 for parameter set #21: [0.29792124844348933, 0.8003463502866025, -1.0022761847417492]
Running module mass_function_like
Model N: 1888559.7556160465
Done mass_function_like status = 0 

Pipeline ran okay.
Likelihood hmf_counts = -8.361761704087257
Posterior = -2.3764840375195 for parameter set #21: [0.3004078083057918, 0.800369704890955, -0.9989017003038009]
Running module mass_function_like
Model N: 1887553.8171660437
Done mass_function_like status = 0 

Pipeline ran okay.
Likelihood hmf_counts = -9.1120681501925
Posterior = -3.1277211258278035 for parameter set #21: [0.2994422081490351, 0.7998128668825464, -0.9976898716895175]
Running module mass_function_like
Model N: 1889017.1262172768
Done mass_function_like status = 0 

Pipeline ran okay.
Likelihood hmf_counts = -8.19793051108718
Posterior = -2.2301795800864586 for parameter set #22: [0.2980814781985143, 0.8002590385163639, -0.9994530587663241]
Model N: 1886272.6643879518
Done mass_function_like status = 0 

Pipeline ran okay.
Likelihood hmf_counts = -10.844679031521082
Posterior = -4.8594499493441035 for parameter set #22: [0.30019900562249396, 0.799728477549058, -0.9961466394293942]
Model N: 1891602.2730232333
Done mass_function_like status = 0 

Pipeline ran okay.
Likelihood hmf_counts = -9.352720778435469
Posterior = -3.372594119259773 for parameter set #22: [0.2989310439325147, 0.7995648117189864, -1.0025671899169746]
Model N: 1891046.7296225775
Done mass_function_like status = 0 

Pipeline ran okay.
Likelihood hmf_counts = -8.806528870016336
Posterior = -2.843367173833153 for parameter set #22: [0.30213671438050294, 0.7988572809494224, -1.0018977873844588]
Running module mass_function_like
Running module mass_function_like
Running module mass_function_like
Running module mass_function_like
Model N: 1888618.6841644044
Done mass_function_like status = 0 

Pipeline ran okay.
Likelihood hmf_counts = -8.334435243159533
Posterior = -2.4650191276289277 for parameter set #23: [0.2951688377605211, 0.8018371235616518, -0.9989727775429125]
Running module mass_function_like
Model N: 1890150.7300126532
Done mass_function_like status = 0 

Pipeline ran okay.
Likelihood hmf_counts = -8.269244160503149
Posterior = -2.2844305900504427 for parameter set #23: [0.30051428789476203, 0.7991047505558649, -1.0008183777129682]
Running module mass_function_like
Model N: 1891217.347347429
Done mass_function_like status = 0 

Pipeline ran okay.
Likelihood hmf_counts = -8.95692878216505
Posterior = -2.9844795306966914 for parameter set #23: [0.2983568917051152, 0.8026884014615863, -1.0021035300725183]
Running module mass_function_like
Model N: 1890319.725663243
Done mass_function_like status = 0 

Pipeline ran okay.
Likelihood hmf_counts = -8.33810593560338
Posterior = -2.3528235809311226 for parameter set #23: [0.2995913567535347, 0.8004616832188549, -1.0010219252770012]
Running module mass_function_like
Model N: 1886532.0312347303
Done mass_function_like status = 0 

Pipeline ran okay.
Likelihood hmf_counts = -10.423585824668407
Posterior = -4.475965790901648 for parameter set #24: [0.30275400155940646, 0.7993212977016052, -0.9964592061979595]
Model N: 1891447.3471341804
Done mass_function_like status = 0 

Pipeline ran okay.
Likelihood hmf_counts = -9.184011522680521
Posterior = -3.2116435682274993 for parameter set #24: [0.3016442771606192, 0.8003701637214166, -1.0023804469856015]
Model N: 1887854.8663611473
Done mass_function_like status = 0 

Pipeline ran okay.
Likelihood hmf_counts = -8.831279501318932
Posterior = -2.8744108401825184 for parameter set #24: [0.30241293295035826, 0.7998617281125814, -0.9980525426874103]
Model N: 1885165.1979985929
Done mass_function_like status = 0 

Pipeline ran okay.
Likelihood hmf_counts = -13.044744677841663
Posterior = -7.116893745180682 for parameter set #24: [0.30337559192122576, 0.7998014184578073, -0.9948125516946208]
Running module mass_function_like
Running module mass_function_like
Running module mass_function_like
Running module mass_function_like
Model N: 1888106.242324683
Done mass_function_like status = 0 

Pipeline ran okay.
Likelihood hmf_counts = -8.633631989359856
Posterior = -2.6861193105466494 for parameter set #25: [0.29722433241863006, 0.8008634544404996, -0.9983556987763264]
Running module mass_function_like
Model N: 1884298.9957587908
Done mass_function_like status = 0 

Pipeline ran okay.
Likelihood hmf_counts = -15.219950426369905
Posterior = -9.278410795316052 for parameter set #25: [0.3029219474613225, 0.800523768320646, -0.993769427212919]
Running module mass_function_like
Model N: 1890201.0235136442
Done mass_function_like status = 0 

Pipeline ran okay.
Likelihood hmf_counts = -8.288159057497978
Posterior = -2.302308225231976 for parameter set #25: [0.3002366430755053, 0.7995129557914781, -1.0008796108040425]
Running module mass_function_like
Model N: 1888080.7954234465
Done mass_function_like status = 0 

Pipeline ran okay.
Likelihood hmf_counts = -8.65211621671915
Posterior = -2.6661399911562196 for parameter set #25: [0.3001030058711648, 0.7997128105450829, -0.9983252394806964]
Running module mass_function_like
Model N: 1888353.7814554363
Done mass_function_like status = 0 

Pipeline ran okay.
Likelihood hmf_counts = -8.471729811280966
Posterior = -2.5084733042983682 for parameter set #26: [0.2978635333927948, 0.8004371331809961, -0.998654169779338]
Model N: 1895149.7329524
Done mass_function_like status = 0 

Pipeline ran okay.
Likelihood hmf_counts = -16.67940367385745
Posterior = -10.765439629704264 for parameter set #26: [0.3037380723972965, 0.8009000587703471, -1.0068403908659034]
Model N: 1884488.124728614
Done mass_function_like status = 0 

Pipeline ran okay.
Likelihood hmf_counts = -14.710950344800949
Posterior = -8.726588858261033 for parameter set #26: [0.30003612421128417, 0.799228273180489, -0.9939974898298547]
Model N: 1890880.4522790804
Done mass_function_like status = 0 

Pipeline ran okay.
Likelihood hmf_counts = -8.674753978848457
Posterior = -2.858002672435644 for parameter set #26: [0.3058184904594005, 0.7951255376724414, -1.001697381552662]
Running module mass_function_like
Running module mass_function_like
Running module mass_function_like
Running module mass_function_like
Model N: 1890394.2654316379
Done mass_function_like status = 0 

Pipeline ran okay.
Likelihood hmf_counts = -8.373278718441725
Posterior = -2.3905125429215355 for parameter set #27: [0.29918250328643536, 0.8010627969954971, -1.0011120957388666]
Running module mass_function_like
Model N: 1891150.0910437403
Done mass_function_like status = 0 

Pipeline ran okay.
Likelihood hmf_counts = -8.895805858075619
Posterior = -2.9211937915378057 for parameter set #27: [0.2984931520219458, 0.8024620594432925, -1.0020223603418363]
Running module mass_function_like
Model N: 1887708.7873692585
Done mass_function_like status = 0 

Pipeline ran okay.
Likelihood hmf_counts = -8.961525682359934
Posterior = -2.976197104841571 for parameter set #27: [0.30035090283086674, 0.8010457295440638, -0.997877377808743]
Running module mass_function_like
Model N: 1891341.5726693626
Done mass_function_like status = 0 

Pipeline ran okay.
Likelihood hmf_counts = -9.076108314096928
Posterior = -3.1327285528791897 for parameter set #27: [0.2970832888512959, 0.800340990484774, -1.0022527179479161]
Running module mass_function_like
Model N: 1888349.7544389598
Done mass_function_like status = 0 

Pipeline ran okay.
Likelihood hmf_counts = -8.474103838205338
Posterior = -2.4915653520272887 for parameter set #28: [0.3008414025330328, 0.7998580725325489, -0.9986491450171424]
Model N: 1894002.243617095
Done mass_function_like status = 0 

Pipeline ran okay.
Likelihood hmf_counts = -13.583862345665693
Posterior = -7.616624970911791 for parameter set #28: [0.29813225193535153, 0.7994639378987909, -1.005458440860469]
Model N: 1887813.8513448432
Done mass_function_like status = 0 

Pipeline ran okay.
Likelihood hmf_counts = -8.866706751286983
Posterior = -2.9194898140631445 for parameter set #28: [0.3027839997934259, 0.7998147958219527, -0.9980034716258601]
Model N: 1888721.5347645627
Done mass_function_like status = 0 

Pipeline ran okay.
Likelihood hmf_counts = -8.291148159652948
Posterior = -2.30504814026056 for parameter set #28: [0.299924253027196, 0.79949447279873, -0.9990965583757558]
Running module mass_function_like
Running module mass_function_like
Running module mass_function_like
Running module mass_function_like
Model N: 1887676.710286192
Done mass_function_like status = 0 

Pipeline ran okay.
Likelihood hmf_counts = -8.991641100496054
Posterior = -3.006399280910985 for parameter set #29: [0.30037256861500977, 0.8011622244593173, -0.9978382354395823]
Running module mass_function_like
Model N: 1889020.561763152
Done mass_function_like status = 0 

Pipeline ran okay.
Likelihood hmf_counts = -8.1971190944314
Posterior = -2.2109643078199417 for parameter set #29: [0.29999845599867897, 0.7999663912394, -0.9994574279937987]
Running module mass_function_like
Model N: 1891372.4640647972
Done mass_function_like status = 0 

Pipeline ran okay.
Likelihood hmf_counts = -9.107010506093502
Posterior = -3.1262916016998634 for parameter set #29: [0.3010186615881051, 0.7987716081301933, -1.0022902235751656]
Running module mass_function_like
Model N: 1889469.4225302867
Done mass_function_like status = 0 

Pipeline ran okay.
Likelihood hmf_counts = -8.144845891743898
Posterior = -2.168697653673659 for parameter set #29: [0.29858428256241093, 0.8007790262575057, -0.9999972998256337]
Running module mass_function_like
Model N: 1891664.1603917077
Done mass_function_like status = 0 

Pipeline ran okay.
Likelihood hmf_counts = -9.423656947910786
Model N: 1891297.069400139
Done mass_function_like status = 0 

Posterior = -3.5155045077906877 for parameter set #30: [0.30394127412881256, 0.7988452867585967, -1.0026414724602755]
Pipeline ran okay.
Likelihood hmf_counts = -9.032475627958775
Posterior = -3.057117105480245 for parameter set #30: [0.2985461001373745, 0.7997973115620224, -1.0021994145539788]
Model N: 1885877.2020631845
Done mass_function_like status = 0 

Pipeline ran okay.
Likelihood hmf_counts = -11.55549194663763
Posterior = -5.570263086209275 for parameter set #30: [0.3000251896264221, 0.7996532667970722, -0.9956699082330677]
Model N: 1888030.3289143087
Done mass_function_like status = 0 

Pipeline ran okay.
Likelihood hmf_counts = -8.689789582043886
Posterior = -2.7070692060035935 for parameter set #30: [0.3008122187122132, 0.8000641853982206, -0.9982642262381553]
Running module mass_function_like
Running module mass_function_like
Running module mass_function_like
Running module mass_function_like
Model N: 1886768.4408693751
Done mass_function_like status = 0 

Pipeline ran okay.
Likelihood hmf_counts = -10.070877153426409
Posterior = -4.093725642756572 for parameter set #31: [0.29869707958989294, 0.8000305774152383, -0.9967442386295987]
Running module mass_function_like
Model N: 1890441.3179068896
Done mass_function_like status = 0 

Pipeline ran okay.
Likelihood hmf_counts = -8.396993689239025
Posterior = -2.417199167206183 for parameter set #31: [0.29887689883482005, 0.802196653926387, -1.0011680289488745]
Running module mass_function_like
Model N: 1889473.2285594556
Done mass_function_like status = 0 

Pipeline ran okay.
Likelihood hmf_counts = -8.14485863596201
Posterior = -2.2291344687409005 for parameter set #31: [0.29624645899833085, 0.8011862577162839, -1.0000023370446138]
Running module mass_function_like
Model N: 1890332.961742436
Done mass_function_like status = 0 

Pipeline ran okay.
Likelihood hmf_counts = -8.34413706511259
Posterior = -2.3738965504418665 for parameter set #31: [0.29821814474218344, 0.8002567481163683, -1.0010388674649615]
Running module mass_function_like
Model N: 1889201.2191662558
Done mass_function_like status = 0 

Pipeline ran okay.
Likelihood hmf_counts = -8.163255136460066
Posterior = -2.177488230505052 for parameter set #32: [0.29971810055438897, 0.7987275774727506, -0.9996751828803085]
Model N: 1886963.9701502454
Done mass_function_like status = 0 

Pipeline ran okay.
Likelihood hmf_counts = -9.80157308280468
Posterior = -3.8460871806019865 for parameter set #32: [0.2975412343964822, 0.8007392484938968, -0.9969801520490238]
Model N: 1892472.598800495
Done mass_function_like status = 0 

Pipeline ran okay.
Likelihood hmf_counts = -10.536010418087244
Posterior = -4.844034419502254 for parameter set #32: [0.30766211351641737, 0.7936846620730632, -1.0036155261662303]
Model N: 1889579.4509545455
Done mass_function_like status = 0 

Pipeline ran okay.
Likelihood hmf_counts = -8.148306906223297
Posterior = -2.17577672609025 for parameter set #32: [0.30165157404631704, 0.8003570086735551, -1.0001306495210145]
Running module mass_function_like
Running module mass_function_like
Running module mass_function_like
Running module mass_function_like
Model N: 1888430.3094362654
Done mass_function_like status = 0 

Pipeline ran okay.
Likelihood hmf_counts = -8.428247809410095
Posterior = -2.4496175415506567 for parameter set #33: [0.2987784689977162, 0.8010109824025563, -0.9987465252845457]
Running module mass_function_like
Model N: 1892871.9983740903
Done mass_function_like status = 0 

Pipeline ran okay.
Likelihood hmf_counts = -11.212826412171125
Posterior = -5.245867099513644 for parameter set #33: [0.3019168343689782, 0.7988020158827046, -1.0040961813980638]
Running module mass_function_like
Model N: 1889124.0665393176
Done mass_function_like status = 0 

Pipeline ran okay.
Likelihood hmf_counts = -8.175603289157152
Posterior = -2.3438120531513507 for parameter set #33: [0.2944435705128044, 0.8021727558149849, -0.9995819446550962]
Running module mass_function_like
Model N: 1888519.1416404184
Done mass_function_like status = 0 

Pipeline ran okay.
Likelihood hmf_counts = -8.381666142493486
Posterior = -2.3955625270646195 for parameter set #33: [0.3000038479705797, 0.8011314186223153, -0.9988525830139059]
Running module mass_function_like
Model N: 1882055.5720209458
Done mass_function_like status = 0 

Pipeline ran okay.
Likelihood hmf_counts = -22.710754934698343
Posterior = -16.761343066199984 for parameter set #34: [0.29743998862763393, 0.8001866543685591, -0.9910676339991251]
Model N: 1890738.7810696964
Done mass_function_like status = 0 

Pipeline ran okay.
Likelihood hmf_counts = -8.574007008224726
Posterior = -2.6619113870566418 for parameter set #34: [0.30384596905784417, 0.7964572432017842, -1.001526477072847]
Model N: 1893714.8487108883
Done mass_function_like status = 0 

Pipeline ran okay.
Likelihood hmf_counts = -12.917137920856476
Posterior = -6.981290611407802 for parameter set #34: [0.2968690030366835, 0.7995998049787801, -1.0051117479986709]
Model N: 1888773.2651454608
Done mass_function_like status = 0 

Pipeline ran okay.
Likelihood hmf_counts = -8.271494008600712
Posterior = -2.2860992556942223 for parameter set #34: [0.3003845630343029, 0.8004748339879723, -0.9991595095835898]
Running module mass_function_like
Running module mass_function_like
Running module mass_function_like
Running module mass_function_like
Model N: 1890611.3315455366
Done mass_function_like status = 0 

Pipeline ran okay.
Likelihood hmf_counts = -8.492437724024057
Posterior = -2.5134304619755055 for parameter set #35: [0.2988110546678428, 0.8017190743576199, -1.0013733221574779]
Running module mass_function_like
Model N: 1893643.5493116993
Done mass_function_like status = 0 

Pipeline ran okay.
Likelihood hmf_counts = -12.758468046784401
Posterior = -6.822356514873408 for parameter set #35: [0.2968760673370602, 0.8007049487394439, -1.00502634942349]
Running module mass_function_like
Model N: 1888417.3435478033
Done mass_function_like status = 0 

Pipeline ran okay.
Likelihood hmf_counts = -8.435396488755941
Posterior = -2.452131051351433 for parameter set #35: [0.2992485263223584, 0.7987116799780398, -0.9987310090244246]
Running module mass_function_like
Model N: 1891112.2798537214
Done mass_function_like status = 0 

Pipeline ran okay.
Likelihood hmf_counts = -8.862492218613625
Posterior = -2.8829209611648814 for parameter set #35: [0.29886836619848034, 0.8010365515002311, -1.001976284381368]
Running module mass_function_like
Model N: 1886694.6285337918
Done mass_function_like status = 0 

Pipeline ran okay.
Likelihood hmf_counts = -10.177815243601799
Posterior = -4.194549774876631 for parameter set #36: [0.2993152472365811, 0.8018439922271163, -0.996654503654053]
Model N: 1893050.6466128994
Done mass_function_like status = 0 

Pipeline ran okay.
Likelihood hmf_counts = -11.542791739106178
Posterior = -5.706869274887519 for parameter set #36: [0.30546474802783075, 0.79783944809107, -1.0043120725717325]
Model N: 1887947.6589493894
Done mass_function_like status = 0 

Pipeline ran okay.
Likelihood hmf_counts = -8.754419937729836
Posterior = -2.770078853072274 for parameter set #36: [0.30057617982381335, 0.7996947377412419, -0.998164150627936]
Model N: 1885668.3264691648
Done mass_function_like status = 0 

Pipeline ran okay.
Likelihood hmf_counts = -11.9644586853683
Posterior = -6.042424135373237 for parameter set #36: [0.296447935401158, 0.8004991271708779, -0.9954192725829649]
Running module mass_function_like
Running module mass_function_like
Running module mass_function_like
Running module mass_function_like
Model N: 1888796.4330209843
Done mass_function_like status = 0 

Pipeline ran okay.
Likelihood hmf_counts = -8.2631512619555
Posterior = -2.2780026199795396 for parameter set #37: [0.3004444948094306, 0.8012015914375702, -0.9991876257483082]
Running module mass_function_like
Model N: 1889495.5845173881
Done mass_function_like status = 0 

Pipeline ran okay.
Likelihood hmf_counts = -8.145088247954845
Posterior = -2.1713600601691523 for parameter set #37: [0.2984225788780904, 0.8014193164825768, -1.0000293207535866]
Running module mass_function_like
Model N: 1888747.7038621786
Done mass_function_like status = 0 

Pipeline ran okay.
Likelihood hmf_counts = -8.281028475612402
Posterior = -2.516453030910344 for parameter set #37: [0.29334333236810123, 0.8027418844210713, -0.9991287567463311]
Running module mass_function_like
Model N: 1891219.3855903603
Done mass_function_like status = 0 

Pipeline ran okay.
Likelihood hmf_counts = -8.958818458020687
Posterior = -2.97923290014543 for parameter set #37: [0.2988719725814728, 0.8010375772491777, -1.002105851800348]
Running module mass_function_like
Model N: 1888875.126360212
Done mass_function_like status = 0 

Pipeline ran okay.
Likelihood hmf_counts = -8.236936453729868
Posterior = -2.253750714635161 for parameter set #38: [0.2992308533416689, 0.7978819956948391, -0.9992810320530314]
Model N: 1884188.9019848907
Done mass_function_like status = 0 

Pipeline ran okay.
Likelihood hmf_counts = -15.525009270757437
Posterior = -9.548732998617886 for parameter set #38: [0.2987455096171001, 0.8000799756155682, -0.9936368011083053]
Model N: 1888733.0304998667
Done mass_function_like status = 0 

Pipeline ran okay.
Likelihood hmf_counts = -8.28665804862976
Posterior = -2.311724662203427 for parameter set #38: [0.3014964335063717, 0.7987835731190116, -0.9991104481020022]
Model N: 1887939.1495277209
Done mass_function_like status = 0 

Pipeline ran okay.
Likelihood hmf_counts = -8.76127814128995
Posterior = -2.7753935565230625 for parameter set #38: [0.2998486841344377, 0.8015473253490364, -0.9981536493967121]
Running module mass_function_like
Running module mass_function_like
Running module mass_function_like
Running module mass_function_like
Model N: 1888291.2715960834
Done mass_function_like status = 0 

Pipeline ran okay.
Likelihood hmf_counts = -8.509549550712109
Posterior = -2.554172593359974 for parameter set #39: [0.29752244048281157, 0.8020403150393829, -0.9985783489031049]
Running module mass_function_like
Model N: 1888561.0842652924
Done mass_function_like status = 0 

Pipeline ran okay.
Likelihood hmf_counts = -8.36112530902028
Posterior = -2.3978016917504608 for parameter set #39: [0.3021347497859523, 0.7978886519674147, -0.9989034851818803]
Running module mass_function_like
Model N: 1892139.3888243178
Done mass_function_like status = 0 

Pipeline ran okay.
Likelihood hmf_counts = -10.035749964416027
Posterior = -4.057173642139229 for parameter set #39: [0.3011896727690172, 0.7980478561988285, -1.003214308593618]
Running module mass_function_like
Model N: 1890076.6445262658
Done mass_function_like status = 0 

Pipeline ran okay.
Likelihood hmf_counts = -8.243818026036024
Posterior = -2.2705298432107472 for parameter set #39: [0.2983965816144894, 0.7998383223275343, -1.0007291410016008]
Running module mass_function_like
Model N: 1886994.884397637
Done mass_function_like status = 0 

Pipeline ran okay.
Likelihood hmf_counts = -9.760852120816708
Posterior = -3.7775523652924914 for parameter set #40: [0.2993035916223814, 0.8012968021360716, -0.9970172526625541]
Model N: 1893284.3136332477
Done mass_function_like status = 0 

Pipeline ran okay.
Likelihood hmf_counts = -11.99977557733655
Posterior = -6.202104746032908 for parameter set #40: [0.30612280473071696, 0.7975733008704818, -1.004593468393626]
Model N: 1890214.9581961758
Done mass_function_like status = 0 

Pipeline ran okay.
Likelihood hmf_counts = -8.293636411428452
Posterior = -2.3128541769672823 for parameter set #40: [0.2989658651555913, 0.8003612633462005, -1.0008956439804342]
Model N: 1885676.8839085938
Done mass_function_like status = 0 

Pipeline ran okay.
Likelihood hmf_counts = -11.94724828004837
Posterior = -5.963759086465762 for parameter set #40: [0.30057194387854824, 0.7992934292126034, -0.9954289494279726]
Running module mass_function_like
Running module mass_function_like
Running module mass_function_like
Running module mass_function_like
Model N: 1891460.4007794254
Done mass_function_like status = 0 

Pipeline ran okay.
Likelihood hmf_counts = -9.197737503796816
Posterior = -3.214914589371597 for parameter set #41: [0.3007822423854977, 0.7980133575575511, -1.0023961952203049]
Running module mass_function_like
Model N: 1887152.5020252597
Done mass_function_like status = 0 

Pipeline ran okay.
Likelihood hmf_counts = -9.561118386685848
Posterior = -3.73257207322796 for parameter set #41: [0.30560773140065234, 0.7960772916955274, -0.9972073418288171]
Running module mass_function_like
Model N: 1887637.8596007267
Done mass_function_like status = 0 

Pipeline ran okay.
Likelihood hmf_counts = -9.028846461325884
Posterior = -3.04292693012591 for parameter set #41: [0.29996553673351156, 0.8017043161149975, -0.9977907106726568]
Running module mass_function_like
Model N: 1889246.0784425747
Done mass_function_like status = 0 

Pipeline ran okay.
Likelihood hmf_counts = -8.157524295151234
Posterior = -2.1714749242354046 for parameter set #41: [0.3001526313742818, 0.8011711500590089, -0.9997292546454687]
Running module mass_function_like
Model N: 1887638.536904822
Done mass_function_like status = 0 

Pipeline ran okay.
Likelihood hmf_counts = -9.028190985321999
Posterior = -3.083881625165504 for parameter set #42: [0.29711498609867354, 0.8018274359451448, -0.9977925963689152]
Model N: 1892737.7402044022
Done mass_function_like status = 0 

Pipeline ran okay.
Likelihood hmf_counts = -10.975926857441664
Posterior = -5.084494279517606 for parameter set #42: [0.3043350458262259, 0.7983874621377075, -1.0039340265601644]
Model N: 1885480.3504804673
Done mass_function_like status = 0 

Pipeline ran okay.
Likelihood hmf_counts = -12.35232524946332
Posterior = -6.367385380379107 for parameter set #42: [0.30012187366284276, 0.799588648291575, -0.9951929578375699]
Model N: 1889036.6074263416
Done mass_function_like status = 0 

Pipeline ran okay.
Likelihood hmf_counts = -8.193412121385336
Posterior = -2.2968267485141745 for parameter set #42: [0.30423250416936687, 0.7965413255930479, -0.9994767952493865]
Running module mass_function_like
Running module mass_function_like
Running module mass_function_like
Running module mass_function_like
Model N: 1891158.262274124
Done mass_function_like status = 0 

Pipeline ran okay.
Likelihood hmf_counts = -8.90310438722372
Posterior = -2.93016679671359 for parameter set #43: [0.2983859690620057, 0.8018069876281071, -1.0020319837406342]
Running module mass_function_like
Model N: 1888661.0406642086
Done mass_function_like status = 0 

Pipeline ran okay.
Likelihood hmf_counts = -8.315929893404245
Posterior = -2.8222822667740504 for parameter set #43: [0.290075542405079, 0.8046026433725454, -0.9990243120054649]
Running module mass_function_like
Model N: 1890306.1267402552
Done mass_function_like status = 0 

Pipeline ran okay.
Likelihood hmf_counts = -8.332005944103003
Posterior = -2.440112370201466 for parameter set #43: [0.2956589077648359, 0.8037979140548952, -1.0010053345483723]
Running module mass_function_like
Model N: 1890780.079081911
Done mass_function_like status = 0 

Pipeline ran okay.
Likelihood hmf_counts = -8.602279979735613
Posterior = -2.7703028867253296 for parameter set #43: [0.2944489965878645, 0.8020685052711053, -1.001576263507616]
Running module mass_function_like
Model N: 1888480.6710391059
Done mass_function_like status = 0 

Pipeline ran okay.
Likelihood hmf_counts = -8.401326056569815
Posterior = -2.417618958675609 for parameter set #44: [0.3006915405934335, 0.7974686103202686, -0.9988060327121938]
Model N: 1887756.4542463163
Done mass_function_like status = 0 

Pipeline ran okay.
Likelihood hmf_counts = -8.917781610041857
Posterior = -3.1283030165084122 for parameter set #44: [0.2937313892923055, 0.8022855447996611, -0.9979334899288839]
Model N: 1884725.5476501035
Done mass_function_like status = 0 

Pipeline ran okay.
Likelihood hmf_counts = -14.098918158560991
Posterior = -8.244098153053853 for parameter set #44: [0.29490656225542683, 0.8016512823438854, -0.9942834066894622]
Model N: 1890023.576679669
Done mass_function_like status = 0 

Pipeline ran okay.
Likelihood hmf_counts = -8.227389596402645
Posterior = -2.2456901740610826 for parameter set #44: [0.29905681911057275, 0.8005038485891028, -1.0006654991778896]
Running module mass_function_like
Running module mass_function_like
Running module mass_function_like
Running module mass_function_like
Model N: 1884535.708675913
Done mass_function_like status = 0 

Pipeline ran okay.
Likelihood hmf_counts = -14.585884936153889
Posterior = -9.534585895176873 for parameter set #45: [0.3136609144765904, 0.7917534735763011, -0.9940543207458641]
Running module mass_function_like
Model N: 1885467.795229093
Done mass_function_like status = 0 

Pipeline ran okay.
Likelihood hmf_counts = -12.378900580108166
Posterior = -6.40695363569414 for parameter set #45: [0.29838382172859707, 0.7993700956531812, -0.9951783564805071]
Running module mass_function_like
Model N: 1889235.6784137553
Done mass_function_like status = 0 

Pipeline ran okay.
Likelihood hmf_counts = -8.15875805541873
Posterior = -2.4443038367132175 for parameter set #45: [0.30737171999804785, 0.7926792495222454, -0.9997164370740762]
Running module mass_function_like
Model N: 1885104.5739641443
Done mass_function_like status = 0 

Pipeline ran okay.
Likelihood hmf_counts = -13.18399677798152
Posterior = -7.200866037962322 for parameter set #45: [0.2994245842466285, 0.8041490564027344, -0.9947402256989174]
Running module mass_function_like
Model N: 1885737.7314167933
Done mass_function_like status = 0 

Pipeline ran okay.
Likelihood hmf_counts = -11.825996045023203
Posterior = -6.248439728678549 for parameter set #46: [0.2909711345881928, 0.8025693383426502, -0.995503004818863]
Model N: 1896312.8179225605
Done mass_function_like status = 0 

Pipeline ran okay.
Likelihood hmf_counts = -20.523905232548714
Posterior = -15.960091509598685 for parameter set #46: [0.31684612408069773, 0.7929343536739537, -1.0082417377887245]
Model N: 1886543.2080810168
Done mass_function_like status = 0 

Pipeline ran okay.
Likelihood hmf_counts = -10.406242474913597
Posterior = -4.472979189786528 for parameter set #46: [0.29676629842919533, 0.801263372853572, -0.9964726684928586]
Model N: 1887775.2481462122
Done mass_function_like status = 0 

Pipeline ran okay.
Likelihood hmf_counts = -8.900865513831377
Posterior = -2.9460189878179683 for parameter set #46: [0.29750544054695305, 0.8017540426030207, -0.9979561927051869]
Running module mass_function_like
Running module mass_function_like
Running module mass_function_like
Running module mass_function_like
Model N: 1892475.3478466352
Done mass_function_like status = 0 

Pipeline ran okay.
Likelihood hmf_counts = -10.5403813123703
Posterior = -4.561344497263281 for parameter set #47: [0.2988617702665851, 0.8017993326601344, -1.00361902752984]
Running module mass_function_like
Model N: 1889784.4214534145
Done mass_function_like status = 0 

Pipeline ran okay.
Likelihood hmf_counts = -8.171837396919727
Posterior = -2.246868944440716 for parameter set #47: [0.2965016008086007, 0.8033882524766109, -1.0003763179328038]
Running module mass_function_like
Model N: 1888682.893328465
Done mass_function_like status = 0 

Pipeline ran okay.
Likelihood hmf_counts = -8.30675419792533
Posterior = -2.3214195961676536 for parameter set #47: [0.3003974494628686, 0.8012509712431606, -0.9990504146704376]
Running module mass_function_like
Model N: 1890807.943595756
Done mass_function_like status = 0 

Pipeline ran okay.
Likelihood hmf_counts = -8.621865537017584
Posterior = -2.7926570960900854 for parameter set #47: [0.2943994388104163, 0.8020717769603654, -1.0016102709796837]
Running module mass_function_like
Model N: 1889106.509102075
Done mass_function_like status = 0 

Pipeline ran okay.
Likelihood hmf_counts = -8.178853519260883
Posterior = -2.199315115865594 for parameter set #48: [0.3011507771003454, 0.7990889274660522, -0.9995601208900522]
Model N: 1889638.83511005
Done mass_function_like status = 0 

Pipeline ran okay.
Likelihood hmf_counts = -8.152836840599775
Posterior = -2.18084008789337 for parameter set #48: [0.30168349173101205, 0.7977187694520221, -1.0002021386612696]
Model N: 1892212.5679728398
Done mass_function_like status = 0 

Pipeline ran okay.
Likelihood hmf_counts = -10.140595957636833
Posterior = -4.163743263980761 for parameter set #48: [0.30132450314733394, 0.7975572822560292, -1.0033023662961402]
Model N: 1889389.0767493781
Done mass_function_like status = 0 

Pipeline ran okay.
Likelihood hmf_counts = -8.146366145461798
Posterior = -3.5962973270871315 for parameter set #48: [0.2830524326077516, 0.8066608114444751, -0.9999003203547856]
Running module mass_function_like
Running module mass_function_like
Running module mass_function_like
Running module mass_function_like
Model N: 1890603.6596549505
Done mass_function_like status = 0 

Pipeline ran okay.
Likelihood hmf_counts = -8.487801592797041
Posterior = -2.706712200638096 for parameter set #49: [0.2935970789979832, 0.8049816870550254, -1.0013648355283455]
Running module mass_function_like
Model N: 1887360.3576796195
Done mass_function_like status = 0 

Pipeline ran okay.
Likelihood hmf_counts = -9.317874185740948
Posterior = -3.332138412114862 for parameter set #49: [0.29985130974401886, 0.8018242112150771, -0.9974575595855549]
Running module mass_function_like
Model N: 1889360.5984218104
Done mass_function_like status = 0 

Pipeline ran okay.
Likelihood hmf_counts = -8.147725157439709
Posterior = -3.3071305045204547 for parameter set #49: [0.284863461619302, 0.8059031232723537, -0.9998662779538026]
Running module mass_function_like
Model N: 1890462.7167156278
Done mass_function_like status = 0 

Pipeline ran okay.
Likelihood hmf_counts = -8.408166144043207
Posterior = -2.4320490413057563 for parameter set #49: [0.30141287602624894, 0.7996354406109906, -1.0011943339990055]
Running module mass_function_like
Model N: 1889756.1600261985
Done mass_function_like status = 0 

Pipeline ran okay.
Likelihood hmf_counts = -8.167271792888641
Posterior = -2.643994587407537 for parameter set #50: [0.30962170919957405, 0.7908344870775866, -1.0003427145549857]
Model N: 1885258.8093957547
Done mass_function_like status = 0 

Pipeline ran okay.
Likelihood hmf_counts = -12.833559431135654
Posterior = -6.880456695179683 for parameter set #50: [0.297478911857806, 0.8010199787723707, -0.9949258405804945]
Model N: 1887488.9971958771
Done mass_function_like status = 0 

Pipeline ran okay.
Likelihood hmf_counts = -9.178813692182302
Posterior = -3.2318615033814737 for parameter set #50: [0.2972095780400626, 0.801585948145339, -0.9976123007856035]
Model N: 1886556.3843849357
Done mass_function_like status = 0 

Pipeline ran okay.
Likelihood hmf_counts = -10.385881699621677
Posterior = -4.404891365874451 for parameter set #50: [0.29904474368064915, 0.7970533063095468, -0.9964882744277785]
Running module mass_function_like
Running module mass_function_like
Running module mass_function_like
Running module mass_function_like
Model N: 1893958.120931303
Done mass_function_like status = 0 

Pipeline ran okay.
Likelihood hmf_counts = -13.478675406426191
Posterior = -8.143472851084839 for parameter set #51: [0.3113974230804642, 0.7924502549644139, -1.005404994048861]
Running module mass_function_like
Model N: 1888515.6252829535
Done mass_function_like status = 0 

Pipeline ran okay.
Likelihood hmf_counts = -8.383430577814579
Posterior = -2.3976517135074724 for parameter set #51: [0.3002547065810108, 0.8012396736224238, -0.998848685698019]
Running module mass_function_like
Model N: 1889291.132280494
Done mass_function_like status = 0 

Pipeline ran okay.
Likelihood hmf_counts = -8.152840822935104
Posterior = -2.175488210421059 for parameter set #51: [0.30132774704632054, 0.7989958581340421, -0.9997834755836055]
Running module mass_function_like
Model N: 1891048.6648008726
Done mass_function_like status = 0 

Pipeline ran okay.
Likelihood hmf_counts = -8.808148503303528
Posterior = -3.3723636240012578 for parameter set #51: [0.2895099657584238, 0.8037702880554624, -1.0019002447251908]
Running module mass_function_like
Model N: 1886826.5263622948
Done mass_function_like status = 0 

Pipeline ran okay.
Likelihood hmf_counts = -9.98875704780221
Posterior = -4.056287238787234 for parameter set #52: [0.2967383363188589, 0.8003621549570744, -0.9968142225724236]
Model N: 1897423.2095544657
Done mass_function_like status = 0 

Pipeline ran okay.
Likelihood hmf_counts = -24.85746167227626
Posterior = -19.224175408778912 for parameter set #52: [0.30834619619559794, 0.799399030002012, -1.0095794567443446]
Model N: 1888340.3206925986
Done mass_function_like status = 0 

Pipeline ran okay.
Likelihood hmf_counts = -8.479698918759823
Posterior = -2.8858166531433795 for parameter set #52: [0.29114342708258834, 0.8048339980920575, -0.9986374074221275]
Model N: 1884552.867883055
Done mass_function_like status = 0 

Pipeline ran okay.
Likelihood hmf_counts = -14.541080728173256
Posterior = -8.952974892368154 for parameter set #52: [0.30890290589726055, 0.7932822676684986, -0.9940754496073243]
Running module mass_function_like
Running module mass_function_like
Running module mass_function_like
Running module mass_function_like
Model N: 1889598.3698626664
Done mass_function_like status = 0 

Pipeline ran okay.
Likelihood hmf_counts = -8.149547524750233
Posterior = -2.3242339656007545 for parameter set #53: [0.29432805503539355, 0.804235669921778, -1.0001523281428266]
Running module mass_function_like
Model N: 1887583.4976124822
Done mass_function_like status = 0 

Pipeline ran okay.
Likelihood hmf_counts = -9.082249742001295
Posterior = -3.0968550003703985 for parameter set #53: [0.29967874718400567, 0.7992469037677069, -0.9977250966594746]
Running module mass_function_like
Model N: 1890881.165813693
Done mass_function_like status = 0 

Pipeline ran okay.
Likelihood hmf_counts = -8.675288245081902
Posterior = -2.9404905376069044 for parameter set #53: [0.292911593074935, 0.8025886266213893, -1.0016985087501074]
Running module mass_function_like
Model N: 1889254.625966973
Done mass_function_like status = 0 

Pipeline ran okay.
Likelihood hmf_counts = -8.15655316784978
Posterior = -2.171295199345386 for parameter set #53: [0.300426174838733, 0.800159183042495, -0.9997383024640567]
Running module mass_function_like
Model N: 1888125.7154002541
Done mass_function_like status = 0 

Pipeline ran okay.
Likelihood hmf_counts = -8.619718864560127
Posterior = -2.646339561071139 for parameter set #54: [0.2984088422452088, 0.8001024543880585, -0.9983795108262832]
Model N: 1892697.4074619717
Done mass_function_like status = 0 

Pipeline ran okay.
Likelihood hmf_counts = -10.906616348773241
Posterior = -5.005580351778608 for parameter set #54: [0.3041079980485381, 0.7984750982612167, -1.0038865947091422]
Model N: 1891144.5378413727
Done mass_function_like status = 0 

Pipeline ran okay.
Likelihood hmf_counts = -8.890865873545408
Posterior = -4.388507902993744 for parameter set #54: [0.3172256114664069, 0.7842479421777449, -1.0020154167834412]
Model N: 1886688.6148889284
Done mass_function_like status = 0 

Pipeline ran okay.
Likelihood hmf_counts = -10.18665511906147
Posterior = -4.393018733932122 for parameter set #54: [0.30619631040706524, 0.7955780487976408, -0.9966479280515449]
Running module mass_function_like
Running module mass_function_like
Running module mass_function_like
Running module mass_function_like
Model N: 1889389.8097680467
Done mass_function_like status = 0 

Pipeline ran okay.
Likelihood hmf_counts = -8.14633683487773
Posterior = -3.3556094269219034 for parameter set #55: [0.2845375187623449, 0.8060427049231486, -0.9999020540710308]
Running module mass_function_like
Model N: 1892830.2788196343
Done mass_function_like status = 0 

Pipeline ran okay.
Likelihood hmf_counts = -11.138193923979998
Posterior = -5.168423766669046 for parameter set #55: [0.30176525555277417, 0.7971725356146644, -1.004046540760459]
Running module mass_function_like
Model N: 1889296.9359489642
Done mass_function_like status = 0 

Pipeline ran okay.
Likelihood hmf_counts = -8.152315638959408
Posterior = -2.1769564138436808 for parameter set #55: [0.3014702449142438, 0.7988119889799561, -0.9997906154146351]
Running module mass_function_like
Model N: 1890929.360124669
Done mass_function_like status = 0 

Pipeline ran okay.
Likelihood hmf_counts = -8.711996838450432
Posterior = -2.8630080523827486 for parameter set #55: [0.3052350066114951, 0.797153701528154, -1.0017564769886516]
Running module mass_function_like
Model N: 1886651.0083323417
Done mass_function_like status = 0 

Pipeline ran okay.
Likelihood hmf_counts = -10.242370966821909
Posterior = -4.270316383653153 for parameter set #56: [0.29835452319221634, 0.8005331069576843, -0.9966030456089909]
Model N: 1884635.9749283432
Done mass_function_like status = 0 

Pipeline ran okay.
Likelihood hmf_counts = -14.326297417283058
Posterior = -8.476757624393679 for parameter set #56: [0.29480512900004263, 0.8026457587405068, -0.9941753947260162]
Model N: 1887670.7814887338
Done mass_function_like status = 0 

Pipeline ran okay.
Likelihood hmf_counts = -8.997267059981823
Posterior = -3.4458190608950074 for parameter set #56: [0.2906781280972807, 0.805424875346491, -0.9978318680395142]
Model N: 1883978.2001497005
Done mass_function_like status = 0 

Pipeline ran okay.
Likelihood hmf_counts = -16.1268305554986
Posterior = -10.189123289087716 for parameter set #56: [0.303042137713472, 0.7909662525299899, -0.9933829885889076]
Running module mass_function_like
Running module mass_function_like
Running module mass_function_like
Running module mass_function_like
Model N: 1892020.484556898
Done mass_function_like status = 0 

Pipeline ran okay.
Likelihood hmf_counts = -9.87141913548112
Posterior = -4.197066729754434 for parameter set #57: [0.30789108009730826, 0.7960063362045046, -1.0030704609194596]
Running module mass_function_like
Model N: 1889328.24394007
Done mass_function_like status = 0 

Pipeline ran okay.
Likelihood hmf_counts = -8.149790033698082
Posterior = -2.1664611636451285 for parameter set #57: [0.3007535449197419, 0.7993562411165024, -0.9998269123368261]
Running module mass_function_like
Model N: 1889338.344235163
Done mass_function_like status = 0 

Pipeline ran okay.
Likelihood hmf_counts = -8.149085938930511
Posterior = -2.6110241347032845 for parameter set #57: [0.29053314796027063, 0.8038225413419944, -0.9998402619401381]
Running module mass_function_like
Model N: 1891895.099651713
Done mass_function_like status = 0 

Pipeline ran okay.
Likelihood hmf_counts = -9.70621544495225
Posterior = -4.135608183058994 for parameter set #57: [0.2908880751585381, 0.8035037778000182, -1.002920220110702]
Running module mass_function_like
Model N: 1883105.1150548623
Done mass_function_like status = 0 

Pipeline ran okay.
Likelihood hmf_counts = -18.872515246272087
Posterior = -12.954180646702307 for parameter set #58: [0.2963973662207062, 0.8024614803792719, -0.9923317962443193]
Model N: 1891565.0925330045
Done mass_function_like status = 0 

Pipeline ran okay.
Likelihood hmf_counts = -9.311076488345861
Posterior = -3.326656374427346 for parameter set #58: [0.30053503192478126, 0.8005796429777856, -1.0025223323693115]
Model N: 1884688.100384396
Done mass_function_like status = 0 

Pipeline ran okay.
Likelihood hmf_counts = -14.193458426743746
Posterior = -8.260478700174023 for parameter set #58: [0.29678970917473113, 0.8027659142326, -0.9942381335202817]
Model N: 1894343.18993118
Done mass_function_like status = 0 

Pipeline ran okay.
Likelihood hmf_counts = -14.431238576769829
Posterior = -12.916929428609443 for parameter set #58: [0.3299002954097851, 0.7753207586646671, -1.0058686312335765]
Running module mass_function_like
Running module mass_function_like
Running module mass_function_like
Running module mass_function_like
Model N: 1888956.5040573238
Done mass_function_like status = 0 

Pipeline ran okay.
Likelihood hmf_counts = -8.213276632130146
Posterior = -2.5230968309041835 for parameter set #59: [0.29230622956704, 0.8054265634147099, -0.9993803364002111]
Running module mass_function_like
Model N: 1889206.505626384
Done mass_function_like status = 0 

Pipeline ran okay.
Likelihood hmf_counts = -8.162524409592152
Posterior = -2.353275823925168 for parameter set #59: [0.30594837551695075, 0.7981143286279082, -0.9996813895803777]
Running module mass_function_like
Model N: 1893469.3629558205
Done mass_function_like status = 0 

Pipeline ran okay.
Likelihood hmf_counts = -12.382099229842424
Posterior = -6.425561157261329 for parameter set #59: [0.3023862843080753, 0.7954525949496094, -1.0048159758602533]
Running module mass_function_like
Model N: 1888727.7889265309
Done mass_function_like status = 0 

Pipeline ran okay.
Likelihood hmf_counts = -8.28869666904211
Posterior = -2.3033087343546734 for parameter set #59: [0.30038509102304706, 0.8007473892943543, -0.9991043708059646]
Running module mass_function_like
Model N: 1885190.4693116667
Done mass_function_like status = 0 

Pipeline ran okay.
Likelihood hmf_counts = -12.987274065613747
Posterior = -8.21976161844744 for parameter set #60: [0.28439662073167316, 0.8085125957244852, -0.9948427766624085]
Model N: 1886898.9932325399
Done mass_function_like status = 0 

Pipeline ran okay.
Likelihood hmf_counts = -9.888815373182297
Posterior = -4.1125613787200805 for parameter set #60: [0.30647202472957025, 0.7956340306665126, -0.9969016043274176]
Model N: 1885728.1675385009
Done mass_function_like status = 0 

Pipeline ran okay.
Likelihood hmf_counts = -11.84492389857769
Posterior = -7.227841484264925 for parameter set #60: [0.28345871568431763, 0.8126990357309577, -0.9954907442381393]
Model N: 1884533.573921309
Done mass_function_like status = 0 

Pipeline ran okay.
Likelihood hmf_counts = -14.591469921171665
Posterior = -8.743939211358583 for parameter set #60: [0.3052320103033501, 0.7921326000925911, -0.9940516407886505]
Running module mass_function_like
Running module mass_function_like
Running module mass_function_like
Running module mass_function_like
Model N: 1892682.1072340526
Done mass_function_like status = 0 

Pipeline ran okay.
Likelihood hmf_counts = -10.880547881126404
Posterior = -4.912880662907671 for parameter set #61: [0.3018843820645138, 0.7961084552335437, -1.0038673523403365]
Running module mass_function_like
Model N: 1888098.102330652
Done mass_function_like status = 0 

Pipeline ran okay.
Likelihood hmf_counts = -8.639507416635752
Posterior = -2.686528506023455 for parameter set #61: [0.3025711378791093, 0.8002088153764948, -0.9983455685508014]
Running module mass_function_like
Model N: 1888561.6438696822
Done mass_function_like status = 0 

Pipeline ran okay.
Likelihood hmf_counts = -8.360857550054789
Posterior = -2.450886168470273 for parameter set #61: [0.296097739471963, 0.8021605300909863, -0.9989050112113781]
Running module mass_function_like
Model N: 1891068.3258942608
Done mass_function_like status = 0 

Pipeline ran okay.
Likelihood hmf_counts = -8.824715867638588
Posterior = -3.030980815426572 for parameter set #61: [0.30620079585342147, 0.7968086728712843, -1.0019241593447141]
Running module mass_function_like
Model N: 1891020.0381126765
Done mass_function_like status = 0 

Pipeline ran okay.
Likelihood hmf_counts = -8.784391485154629
Posterior = -2.7986561301908646 for parameter set #62: [0.2997719362491609, 0.7978601765851657, -1.0018659979327742]
Model N: 1889695.5425180378
Done mass_function_like status = 0 

Pipeline ran okay.
Likelihood hmf_counts = -8.158904362469912
Posterior = -2.173171610319308 for parameter set #62: [0.29970568914641316, 0.8005619432953085, -1.0002709688895666]
Model N: 1891174.4607826532
Done mass_function_like status = 0 

Pipeline ran okay.
Likelihood hmf_counts = -8.917677152901888
Posterior = -4.94116042108344 for parameter set #62: [0.3200471554650074, 0.7821195795480472, -1.0020521926855221]
Model N: 1887340.665275025
Done mass_function_like status = 0 

Pipeline ran okay.
Likelihood hmf_counts = -9.339936520904303
Posterior = -3.64841099137207 for parameter set #62: [0.3076722180778305, 0.795770271592285, -0.9974335353145847]
Running module mass_function_like
Running module mass_function_like
Running module mass_function_like
Running module mass_function_like
Model N: 1887740.3665415812
Done mass_function_like status = 0 

Pipeline ran okay.
Likelihood hmf_counts = -8.932410672307014
Posterior = -4.17935250169217 for parameter set #63: [0.28429717360051754, 0.8103940569120283, -0.997914035120162]
Running module mass_function_like
Model N: 1889190.3305137877
Done mass_function_like status = 0 

Pipeline ran okay.
Likelihood hmf_counts = -8.164806853979826
Posterior = -2.356449125299096 for parameter set #63: [0.3059633224541067, 0.7980940039915426, -0.9996618990902314]
Running module mass_function_like
Model N: 1889321.7774695423
Done mass_function_like status = 0 

Pipeline ran okay.
Likelihood hmf_counts = -8.150269165635109
Posterior = -2.600512724241767 for parameter set #63: [0.2906575009248332, 0.803785400066527, -0.9998193617176354]
Running module mass_function_like
Model N: 1891190.2750679473
Done mass_function_like status = 0 

Pipeline ran okay.
Likelihood hmf_counts = -8.932037983089685
Posterior = -3.228267201760011 for parameter set #63: [0.2924875512551798, 0.8026456016655845, -1.0020702932295993]
Running module mass_function_like
Model N: 1886988.4046850991
Done mass_function_like status = 0 

Pipeline ran okay.
Likelihood hmf_counts = -9.769345339387655
Posterior = -3.8259844325661003 for parameter set #64: [0.3029107163724893, 0.7982041620547878, -0.9970091408481423]
Model N: 1884081.0032805898
Done mass_function_like status = 0 

Pipeline ran okay.
Likelihood hmf_counts = -15.830244977027178
Posterior = -9.991279676274322 for parameter set #64: [0.29461305010128525, 0.804698199968688, -0.9935068175120587]
Model N: 1887522.7763185536
Done mass_function_like status = 0 

Pipeline ran okay.
Likelihood hmf_counts = -9.143753070384264
Posterior = -4.065321835393802 for parameter set #64: [0.28652808275334596, 0.8072450105174249, -0.997652613128087]
Model N: 1883597.9194368485
Done mass_function_like status = 0 

Pipeline ran okay.
Likelihood hmf_counts = -17.27283702790737
Posterior = -11.301617860569175 for parameter set #64: [0.2984221717946575, 0.7937483759353584, -0.9929251979756492]
Running module mass_function_like
Running module mass_function_like
Running module mass_function_like
Running module mass_function_like
Model N: 1890112.7398490852
Done mass_function_like status = 0 

Pipeline ran okay.
Likelihood hmf_counts = -8.255843315273523
Posterior = -2.4595667489200057 for parameter set #65: [0.29383780644600377, 0.8004809242460895, -1.000772067512259]
Running module mass_function_like
Model N: 1886818.360087194
Done mass_function_like status = 0 

Pipeline ran okay.
Likelihood hmf_counts = -10.000194177031517
Posterior = -4.015168598313399 for parameter set #65: [0.2996441330562589, 0.7975896554817962, -0.9968039630042878]
Model N: 1890287.5170254512
Done mass_function_like status = 0 

Pipeline ran okay.
Likelihood hmf_counts = -8.323816772550344
Running module mass_function_like
Posterior = -4.094506988634721 for parameter set #65: [0.31874465999595275, 0.7920759612477549, -1.0009832803798717]
Running module mass_function_like
Model N: 1892161.9698401403
Done mass_function_like status = 0 

Pipeline ran okay.
Likelihood hmf_counts = -10.067800983786583
Posterior = -4.8273225938931965 for parameter set #65: [0.28779208455032884, 0.8040010410669013, -1.0032407706653534]
Running module mass_function_like
Model N: 1891281.4695283573
Done mass_function_like status = 0 

Pipeline ran okay.
Likelihood hmf_counts = -9.017428554594517
Posterior = -3.0317279470044545 for parameter set #66: [0.29978501576128935, 0.7973267526467913, -1.002180912862644]
Model N: 1887949.2442050178
Done mass_function_like status = 0 

Pipeline ran okay.
Likelihood hmf_counts = -8.753146536648273
Posterior = -2.8046141455477445 for parameter set #66: [0.3027374835737078, 0.7978504321295106, -0.9981667238717205]
Model N: 1891258.6876826696
Done mass_function_like status = 0 

Pipeline ran okay.
Likelihood hmf_counts = -8.995684951543808
Posterior = -7.812498098986606 for parameter set #66: [0.33099274369228565, 0.7705078078290979, -1.0021534034201238]
Model N: 1888763.8010140962
Done mass_function_like status = 0 

Pipeline ran okay.
Likelihood hmf_counts = -8.274983823299408
Posterior = -2.5416386124627435 for parameter set #66: [0.30711038715326133, 0.7961667627835801, -0.9991481835024992]
Running module mass_function_like
Running module mass_function_like
Running module mass_function_like
Running module mass_function_like
Model N: 1888048.2040436026
Done mass_function_like status = 0 

Pipeline ran okay.
Likelihood hmf_counts = -8.676291361451149
Posterior = -2.715204724737914 for parameter set #67: [0.30223320217077343, 0.8005097360406, -0.9982858158833796]
Running module mass_function_like
Model N: 1886043.1774635743
Done mass_function_like status = 0 

Pipeline ran okay.
Likelihood hmf_counts = -11.247048273682594
Posterior = -11.923597179159918 for parameter set #67: [0.26349831316639905, 0.8317309688916776, -0.9958703154207725]
Running module mass_function_like
Model N: 1889026.9353480008
Done mass_function_like status = 0 

Pipeline ran okay.
Likelihood hmf_counts = -8.195630308240652
Posterior = -3.2877083123013904 for parameter set #67: [0.28531508776875325, 0.8085320519854473, -0.9994654793943538]
Running module mass_function_like
Model N: 1891249.5758326426
Done mass_function_like status = 0 

Pipeline ran okay.
Likelihood hmf_counts = -8.987065114080906
Posterior = -3.05072233052758 for parameter set #67: [0.3031495155942818, 0.7980008221059819, -1.002142390271664]
Running module mass_function_like
Model N: 1888307.3438060652
Done mass_function_like status = 0 

Pipeline ran okay.
Likelihood hmf_counts = -8.49962779507041
Posterior = -3.3924492432841413 for parameter set #68: [0.2867418504981015, 0.806696391017714, -0.9985976812735056]
Model N: 1889400.3490733383
Done mass_function_like status = 0 

Pipeline ran okay.
Likelihood hmf_counts = -8.145946808159351
Posterior = -2.6405486253839143 for parameter set #68: [0.29019417545872817, 0.8048013811849204, -0.9999151113937242]
Model N: 1885986.0873528894
Done mass_function_like status = 0 

Pipeline ran okay.
Likelihood hmf_counts = -11.3514917306602
Posterior = -5.3697625247096 for parameter set #68: [0.29915633332855024, 0.8008100400025958, -0.9958013227390549]
Model N: 1895315.1598897954
Done mass_function_like status = 0 

Pipeline ran okay.
Likelihood hmf_counts = -17.182819914072752
Posterior = -11.240910459590907 for parameter set #68: [0.302890735190971, 0.7954430780833941, -1.0070403317348253]
Running module mass_function_like
Running module mass_function_like
Running module mass_function_like
Running module mass_function_like
Model N: 1889041.2553213327
Done mass_function_like status = 0 

Pipeline ran okay.
Likelihood hmf_counts = -8.192363798618317
Posterior = -3.2590279779688958 for parameter set #69: [0.2854891746882004, 0.8083989408326248, -0.9994815223627588]
Running module mass_function_like
Model N: 1888769.2724826185
Done mass_function_like status = 0 

Pipeline ran okay.
Likelihood hmf_counts = -8.272960484027863
Posterior = -2.380262878922384 for parameter set #69: [0.2956771272541835, 0.8027026486294014, -0.9991542014168756]
Running module mass_function_like
Model N: 1890352.237124628
Done mass_function_like status = 0 

Pipeline ran okay.
Likelihood hmf_counts = -8.353085741400719
Posterior = -2.7304940124736694 for parameter set #69: [0.29147331876280197, 0.8012494847744779, -1.0010613596872107]
Running module mass_function_like
Model N: 1890632.5271489352
Done mass_function_like status = 0 

Pipeline ran okay.
Likelihood hmf_counts = -8.505407962948084
Posterior = -2.6721649036952186 for parameter set #69: [0.30552862664941854, 0.7968887368422232, -1.0013992523295214]
Running module mass_function_like
Model N: 1891274.2975134554
Done mass_function_like status = 0 

Pipeline ran okay.
Likelihood hmf_counts = -9.010553818196058
Posterior = -3.5347805752738806 for parameter set #70: [0.31010109335542724, 0.7884614383777113, -1.002171819296325]
Model N: 1886816.6712887066
Done mass_function_like status = 0 

Pipeline ran okay.
Likelihood hmf_counts = -10.002563815563917
Posterior = -10.353829257208575 for parameter set #70: [0.2643996524505685, 0.8249679429412342, -0.9968024034233358]
Model N: 1887935.8207616087
Done mass_function_like status = 0 

Pipeline ran okay.
Likelihood hmf_counts = -8.763971421867609
Posterior = -2.817437625581732 for parameter set #70: [0.3028094322182746, 0.7974710143862012, -0.998149732349194]
Model N: 1892192.0715922343
Done mass_function_like status = 0 

Pipeline ran okay.
Likelihood hmf_counts = -10.110945243388414
Posterior = -4.1395047876874305 for parameter set #70: [0.30168476011059014, 0.7964524885074963, -1.003277129530829]
Running module mass_function_like
Running module mass_function_like
Running module mass_function_like
Running module mass_function_like
Model N: 1888041.0900013372
Done mass_function_like status = 0 

Pipeline ran okay.
Likelihood hmf_counts = -8.681643169373274
Posterior = -2.7316237529960885 for parameter set #71: [0.30268334203967767, 0.8003299673464798, -0.9982767538564633]
Running module mass_function_like
Model N: 1884081.0273381397
Done mass_function_like status = 0 

Pipeline ran okay.
Likelihood hmf_counts = -15.83017623052001
Posterior = -9.950904754127361 for parameter set #71: [0.2954220094541503, 0.7980925645400606, -0.9935068433437038]
Running module mass_function_like
Model N: 1890361.1049774436
Done mass_function_like status = 0 

Pipeline ran okay.
Likelihood hmf_counts = -8.357268661260605
Posterior = -4.357117800875679 for parameter set #71: [0.31992968258312243, 0.7915345856690673, -1.0010716160250646]
Running module mass_function_like
Model N: 1890786.4177292308
Done mass_function_like status = 0 

Pipeline ran okay.
Likelihood hmf_counts = -8.606699265539646
Posterior = -3.412274138559308 for parameter set #71: [0.28741732185120794, 0.804962842505828, -1.0015839431143343]
Running module mass_function_like
Model N: 1891675.1708168387
Done mass_function_like status = 0 

Pipeline ran okay.
Likelihood hmf_counts = -9.436489164829254
Posterior = -15.513539822347557 for parameter set #72: [0.34911795582213856, 0.756408427161068, -1.0026542589955643]
Model N: 1888778.6989838206
Done mass_function_like status = 0 

Pipeline ran okay.
Likelihood hmf_counts = -8.26951177045703
Posterior = -3.048220659993376 for parameter set #72: [0.28763194775165896, 0.8066630587922453, -0.999165431870571]
Model N: 1886701.1554254682
Done mass_function_like status = 0 

Pipeline ran okay.
Likelihood hmf_counts = -10.168242637068033
Posterior = -4.291505862301979 for parameter set #72: [0.29533361466195557, 0.8026225894427087, -0.9966623889722706]
Model N: 1886629.741336526
Done mass_function_like status = 0 

Pipeline ran okay.
Likelihood hmf_counts = -10.274211317300797
Posterior = -5.175960160379339 for parameter set #72: [0.31332165463203904, 0.795183193906653, -0.9965766970564679]
Running module mass_function_like
Running module mass_function_like
Running module mass_function_like
Running module mass_function_like
Model N: 1892985.0679630276
Done mass_function_like status = 0 

Pipeline ran okay.
Likelihood hmf_counts = -11.41971230134368
Posterior = -5.454159466547811 for parameter set #73: [0.301985995886831, 0.7962846208045313, -1.0042326933312893]
Running module mass_function_like
Model N: 1888302.5968977762
Done mass_function_like status = 0 

Pipeline ran okay.
Likelihood hmf_counts = -8.502543926239014
Posterior = -2.5330862366198605 for parameter set #73: [0.2981772123491889, 0.8024446286879934, -0.9985924913403094]
Running module mass_function_like
Model N: 1890174.9917724472
Done mass_function_like status = 0 

Pipeline ran okay.
Likelihood hmf_counts = -8.278201766312122
Posterior = -2.6934302284309544 for parameter set #73: [0.29104051289203653, 0.8018594301845714, -1.00084774619161]
Running module mass_function_like
Model N: 1890740.3241327466
Done mass_function_like status = 0 

Pipeline ran okay.
Likelihood hmf_counts = -8.575047191232443
Posterior = -3.3630194265810474 for parameter set #73: [0.2875579353366662, 0.8048780477454446, -1.0015289713271347]
Running module mass_function_like
Model N: 1893526.0773000082
Done mass_function_like status = 0 

Pipeline ran okay.
Model N: 1889308.9861010085
Done mass_function_like status = 0 

Pipeline ran okay.
Likelihood hmf_counts = -12.502887897193432
Likelihood hmf_counts = -8.151282139122486
Posterior = -7.088303261053618 for parameter set #74: [0.31068074908285354, 0.7889563640429641, -1.004884417582591]
Posterior = -2.2988218231750706 for parameter set #74: [0.2948287859454447, 0.8024745987544629, -0.9998036425357606]
Model N: 1891042.2541148977
Done mass_function_like status = 0 

Pipeline ran okay.
Likelihood hmf_counts = -8.802790708839893
Posterior = -6.518125630027372 for parameter set #74: [0.32720781264606313, 0.7736637723100489, -1.0018925856459617]
Model N: 1888599.5834923822
Done mass_function_like status = 0 

Pipeline ran okay.
Likelihood hmf_counts = -8.343091148883104
Posterior = -2.6556478061184734 for parameter set #74: [0.3077287911441536, 0.7970385877074792, -0.9989501215700052]
Running module mass_function_like
Running module mass_function_like
Running module mass_function_like
Running module mass_function_like
Model N: 1889415.142896957
Done mass_function_like status = 0 

Pipeline ran okay.
Likelihood hmf_counts = -8.145498514175415
Posterior = -3.1472227194323112 for parameter set #75: [0.28594373102361953, 0.8076253161698113, -0.9999313960100048]
Running module mass_function_like
Model N: 1886578.8131603221
Done mass_function_like status = 0 

Pipeline ran okay.
Likelihood hmf_counts = -10.351435463875532
Posterior = -4.366204555560406 for parameter set #75: [0.3002575190045033, 0.7972852464359689, -0.9965156657831755]
Running module mass_function_like
Model N: 1889097.405021972
Done mass_function_like status = 0 

Pipeline ran okay.
Likelihood hmf_counts = -8.180603116750717
Posterior = -2.3554937270641894 for parameter set #75: [0.29432461465854776, 0.8030650313313837, -0.9995497957380829]
Running module mass_function_like
Model N: 1891317.4663522043
Done mass_function_like status = 0 

Pipeline ran okay.
Likelihood hmf_counts = -9.052343711256981
Posterior = -3.1810308323375853 for parameter set #75: [0.3047876783528458, 0.7968382716412725, -1.0022240448705746]
Running module mass_function_like
Model N: 1886307.5577372946
Done mass_function_like status = 0 

Pipeline ran okay.
Likelihood hmf_counts = -10.785948663949966
Posterior = -7.76894930043488 for parameter set #76: [0.2756342708690644, 0.8158799893912823, -0.9961885073145801]
Model N: 1888031.1685031482
Done mass_function_like status = 0 

Pipeline ran okay.
Likelihood hmf_counts = -8.689151786267757
Posterior = -2.7117155449403576 for parameter set #76: [0.29868983262191773, 0.7998363272571296, -0.9982645828749247]
Model N: 1887548.4205010862
Done mass_function_like status = 0 

Pipeline ran okay.
Likelihood hmf_counts = -9.11754009500146
Posterior = -3.143676475037923 for parameter set #76: [0.301551605735385, 0.7969733283532929, -0.99768269123197]
Model N: 1884562.4609075426
Done mass_function_like status = 0 

Pipeline ran okay.
Likelihood hmf_counts = -14.516100756824017
Posterior = -10.400946731367123 for parameter set #76: [0.3193352906986147, 0.7942309204306742, -0.9940870307058557]
Running module mass_function_like
Running module mass_function_like
Running module mass_function_like
Running module mass_function_like
Model N: 1888333.6920326252
Done mass_function_like status = 0 

Pipeline ran okay.
Likelihood hmf_counts = -8.483658533543348
Posterior = -2.5316815309979077 for parameter set #77: [0.30261146059782473, 0.7983923555730138, -0.9986297231312005]
Running module mass_function_like
Model N: 1891112.479218688
Done mass_function_like status = 0 

Pipeline ran okay.
Likelihood hmf_counts = -8.862665891647339
Posterior = -2.90350998357599 for parameter set #77: [0.3023159561583117, 0.7977410693161189, -1.001976588185718]
Running module mass_function_like
Model N: 1889138.928774828
Done mass_function_like status = 0 

Pipeline ran okay.
Likelihood hmf_counts = -8.172979548573494
Posterior = -3.482431151671995 for parameter set #77: [0.28390271384204563, 0.8091439284586552, -0.9995996852885296]
Running module mass_function_like
Model N: 1892530.3865586694
Done mass_function_like status = 0 

Pipeline ran okay.
Likelihood hmf_counts = -10.628730077296495
Posterior = -8.935691648435737 for parameter set #77: [0.2706999918132371, 0.811429935074149, -1.0036842642892192]
Running module mass_function_like
Model N: 1888820.0935114305
Done mass_function_like status = 0 

Pipeline ran okay.
Model N: 1890242.2478831434
Done mass_function_like status = 0 

Pipeline ran okay.
Likelihood hmf_counts = -8.254924535751343
Likelihood hmf_counts = -8.304660733789206
Posterior = -3.0092071957692026 for parameter set #78: [0.2878310119339814, 0.8065101324573245, -0.9992148246870616]
Posterior = -2.5602540741278075 for parameter set #78: [0.2930470184456196, 0.8023899534870395, -1.0009283922779337]
Model N: 1887719.8613664692
Done mass_function_like status = 0 

Pipeline ran okay.
Likelihood hmf_counts = -8.951255604624748
Posterior = -2.9681119312036905 for parameter set #78: [0.30074876720791904, 0.797650048968649, -0.9978901058276676]
Model N: 1888303.57410045
Done mass_function_like status = 0 

Pipeline ran okay.
Likelihood hmf_counts = -8.50194263085723
Posterior = -2.5287441587878616 for parameter set #78: [0.2983955029109691, 0.8003152871365032, -0.9985929382576121]
Running module mass_function_like
Running module mass_function_like
Running module mass_function_like
Running module mass_function_like
Model N: 1890510.7761739665
Done mass_function_like status = 0 

Pipeline ran okay.
Likelihood hmf_counts = -8.434140715748072
Posterior = -2.977285646991078 for parameter set #79: [0.28971179310344625, 0.802435546954624, -1.0012525435064759]
Running module mass_function_like
Model N: 1896896.6522312562
Done mass_function_like status = 0 

Pipeline ran okay.
Likelihood hmf_counts = -22.721734598279
Posterior = -16.863879960365942 for parameter set #79: [0.3049862594741521, 0.7929165425184143, -1.008945347527445]
Running module mass_function_like
Model N: 1889187.3397108293
Done mass_function_like status = 0 

Pipeline ran okay.
Likelihood hmf_counts = -8.165244054049253
Posterior = -2.2433009714373213 for parameter set #79: [0.2964161312468249, 0.801955402908022, -0.9996576861557016]
Running module mass_function_like
Model N: 1887801.8653296896
Done mass_function_like status = 0 

Pipeline ran okay.
Likelihood hmf_counts = -8.87722822651267
Posterior = -2.928849849799354 for parameter set #79: [0.30274186123738045, 0.8019073909974217, -0.9979893990366532]
Running module mass_function_like
Model N: 1887366.3405502932
Done mass_function_like status = 0 

Pipeline ran okay.
Likelihood hmf_counts = -9.31121202930808
Posterior = -3.3271234577238964 for parameter set #80: [0.29940677599977583, 0.7986696522630562, -0.9974647580239335]
Model N: 1891201.8178529653
Done mass_function_like status = 0 

Pipeline ran okay.
Likelihood hmf_counts = -8.942603304982185
Posterior = -14.53511970340719 for parameter set #80: [0.3481216555917148, 0.7571993971740516, -1.0020843787427574]
Model N: 1890513.290729921
Done mass_function_like status = 0 

Pipeline ran okay.
Likelihood hmf_counts = -8.435533363372087
Posterior = -2.6240606314885717 for parameter set #80: [0.29409038100366536, 0.8015638273767243, -1.0012554079619294]
Model N: 1888522.3750668135
Done mass_function_like status = 0 

Pipeline ran okay.
Likelihood hmf_counts = -8.380049467086792
Posterior = -2.5330221803507413 for parameter set #80: [0.30527402720123165, 0.797900397972972, -0.9988561781821691]
Running module mass_function_like
Running module mass_function_like
Running module mass_function_like
Running module mass_function_like
Model N: 1889373.7668082078
Done mass_function_like status = 0 

Pipeline ran okay.
Likelihood hmf_counts = -8.147043395787477
Posterior = -4.0440455127102375 for parameter set #81: [0.2805929345576261, 0.8104152886363482, -0.9998825904522615]
Running module mass_function_like
Model N: 1896580.1006113067
Done mass_function_like status = 0 

Pipeline ran okay.
Likelihood hmf_counts = -21.50786254554987
Posterior = -15.591488799175124 for parameter set #81: [0.30363671494980554, 0.7947581837162705, -1.0085642200401603]
Running module mass_function_like
Model N: 1889439.7122126778
Done mass_function_like status = 0 

Pipeline ran okay.
Likelihood hmf_counts = -8.145009938627481
Posterior = -2.277111183161395 for parameter set #81: [0.29513644799607636, 0.8020470498806602, -0.99996210281779]
Running module mass_function_like
Model N: 1889846.071029199
Done mass_function_like status = 0 

Pipeline ran okay.
Likelihood hmf_counts = -8.183263126760721
Posterior = -2.502728683905711 for parameter set #81: [0.2921817533884657, 0.8039734216041539, -1.0004510986900186]
Running module mass_function_like
Model N: 1890860.9796376692
Done mass_function_like status = 0 

Pipeline ran okay.
Likelihood hmf_counts = -8.66027757897973
Posterior = -3.710268899795876 for parameter set #82: [0.31439458750153504, 0.7834957286303607, -1.001673868989227]
Model N: 1889652.859783548
Done mass_function_like status = 0 

Pipeline ran okay.
Likelihood hmf_counts = -8.154179066419601
Posterior = -5.139926118957877 for parameter set #82: [0.27562003205042784, 0.8102794672706848, -1.0002183656431436]
Model N: 1890563.1158783382
Done mass_function_like status = 0 

Pipeline ran okay.
Likelihood hmf_counts = -8.46381764486432
Posterior = -2.7924354952008397 for parameter set #82: [0.29206651550277063, 0.8029933866127543, -1.0013151938859381]
Model N: 1889103.5641272464
Done mass_function_like status = 0 

Pipeline ran okay.
Likelihood hmf_counts = -8.179414670914412
Posterior = -2.3264089845670526 for parameter set #82: [0.3051605036600713, 0.798171790589999, -0.9995563498033685]
Running module mass_function_like
Running module mass_function_like
Running module mass_function_like
Running module mass_function_like
Model N: 1888541.7412971621
Done mass_function_like status = 0 

Pipeline ran okay.
Model N: 1890490.9816450267
Done mass_function_like status = 0 

Pipeline ran okay.
Likelihood hmf_counts = -8.370482478290796
Likelihood hmf_counts = -8.423294518142939
Posterior = -2.914809606190212 for parameter set #83: [0.310299843967254, 0.7957323101310965, -0.9988800276719992]
Posterior = -3.0610562572556983 for parameter set #83: [0.2888298995078027, 0.8022266241440021, -1.0012290796075347]
Running module mass_function_like
Running module mass_function_like
Model N: 1887027.990436405
Done mass_function_like status = 0 

Pipeline ran okay.
Likelihood hmf_counts = -9.717806413769722
Posterior = -4.723745104854391 for parameter set #83: [0.31408314768963874, 0.7984065166809907, -0.9970573325229062]
Running module mass_function_like
Model N: 1890229.2776857887
Done mass_function_like status = 0 

Pipeline ran okay.
Likelihood hmf_counts = -8.299372002482414
Posterior = -2.3768241493564117 for parameter set #83: [0.30356594956546173, 0.797930343270003, -1.0009130510080837]
Running module mass_function_like
Model N: 1888643.6979935428
Done mass_function_like status = 0 

Pipeline ran okay.
Likelihood hmf_counts = -8.323391925543547
Posterior = -2.370552321588791 for parameter set #84: [0.2974200703018008, 0.8008336023831333, -0.9990027281489122]
Model N: 1891714.4006377114
Done mass_function_like status = 0 

Pipeline ran okay.
Likelihood hmf_counts = -9.48273028805852
Posterior = -3.5183904959246357 for parameter set #84: [0.2979280664418861, 0.7989978544300624, -1.0027025257452171]
Model N: 1887847.861995356
Done mass_function_like status = 0 

Pipeline ran okay.
Likelihood hmf_counts = -8.837266463786364
Posterior = -2.8579770376073004 for parameter set #84: [0.3011566177463178, 0.7976982822671428, -0.9980441446080807]
Model N: 1886748.9698820736
Done mass_function_like status = 0 

Pipeline ran okay.
Likelihood hmf_counts = -10.098805591464043
Posterior = -4.115481158440419 for parameter set #84: [0.30067931559023453, 0.7976632021314976, -0.9967205598924422]
Running module mass_function_like
Running module mass_function_like
Running module mass_function_like
Running module mass_function_like
Model N: 1887776.5752355405
Done mass_function_like status = 0 

Pipeline ran okay.
Likelihood hmf_counts = -8.899678099900484
Posterior = -11.000054615405586 for parameter set #85: [0.2597847348246928, 0.8294307351075203, -0.9979590803348886]
Running module mass_function_like
Model N: 1891529.6463735686
Done mass_function_like status = 0 

Pipeline ran okay.
Likelihood hmf_counts = -9.272054471075535
Posterior = -3.7969774840090667 for parameter set #85: [0.3101072762826206, 0.793748413831021, -1.0024793604726323]
Running module mass_function_like
Model N: 1886896.9271750746
Done mass_function_like status = 0 

Pipeline ran okay.
Likelihood hmf_counts = -9.89162614941597
Posterior = -4.208391729410033 for parameter set #85: [0.3077775864910642, 0.79805683941356, -0.9968989046631981]
Running module mass_function_like
Model N: 1890126.8274502445
Done mass_function_like status = 0 

Pipeline ran okay.
Likelihood hmf_counts = -8.260723605751991
Posterior = -2.4940999842905835 for parameter set #85: [0.29337407064180815, 0.8032782380018603, -1.0007898986024024]
Running module mass_function_like
Model N: 1893787.0326907553
Done mass_function_like status = 0 

Pipeline ran okay.
Likelihood hmf_counts = -13.080504830926657
Posterior = -7.132082574863605 for parameter set #86: [0.2973020010937824, 0.8011121714414376, -1.0051985982676999]
Model N: 1888692.7702798015
Done mass_function_like status = 0 

Pipeline ran okay.
Likelihood hmf_counts = -8.302689969539642
Posterior = -2.8150460731921836 for parameter set #86: [0.30998480493581565, 0.7969739329660488, -0.9990622007533413]
Model N: 1887441.769130646
Done mass_function_like status = 0 

Pipeline ran okay.
Likelihood hmf_counts = -9.22884801030159
Posterior = -3.330909203317529 for parameter set #86: [0.2958063902247129, 0.7988486856340526, -0.9975550213527488]
Model N: 1889148.3262391025
Done mass_function_like status = 0 

Pipeline ran okay.
Likelihood hmf_counts = -8.171380896121264
Posterior = -2.5300058226061113 for parameter set #86: [0.29169594260728227, 0.8041489448976215, -0.9996101711310507]
Running module mass_function_like
Running module mass_function_like
Running module mass_function_like
Running module mass_function_like
Model N: 1887562.062443566
Done mass_function_like status = 0 

Pipeline ran okay.
Likelihood hmf_counts = -9.10373768210411
Posterior = -5.270824391138948 for parameter set #87: [0.3207508645623601, 0.7910729869752099, -0.9977007550890662]
Running module mass_function_like
Model N: 1884514.837204263
Done mass_function_like status = 0 

Pipeline ran okay.
Likelihood hmf_counts = -14.640593338757753
Posterior = -8.808080950913387 for parameter set #87: [0.305511341669976, 0.7939491583238192, -0.9940289115065706]
Running module mass_function_like
Model N: 1891159.7902703637
Done mass_function_like status = 0 

Pipeline ran okay.
Likelihood hmf_counts = -8.90447310730815
Posterior = -3.585997929499383 for parameter set #87: [0.2884458888052171, 0.803193809268698, -1.0020342685882284]
Running module mass_function_like
Model N: 1890834.4320669547
Done mass_function_like status = 0 

Pipeline ran okay.
Likelihood hmf_counts = -8.640864338725805
Posterior = -2.740878985094989 for parameter set #87: [0.2958515205463408, 0.7994287801929925, -1.0016416773877668]
Running module mass_function_like
Model N: 1888056.3849358063
Done mass_function_like status = 0 

Pipeline ran okay.
Likelihood hmf_counts = -8.67017013952136
Posterior = -2.740877999437272 for parameter set #88: [0.29663155584284473, 0.7998636854964486, -0.9982953154731828]
Model N: 1890352.6509181599
Done mass_function_like status = 0 

Pipeline ran okay.
Likelihood hmf_counts = -8.353280004113913
Posterior = -2.6338491006141664 for parameter set #88: [0.29269681953462057, 0.8031306985881129, -1.0010619764687605]
Model N: 1885069.5809449547
Done mass_function_like status = 0 

Pipeline ran okay.
Likelihood hmf_counts = -13.265264496207237
Posterior = -10.383622794188968 for parameter set #88: [0.2750876660112545, 0.8157158816593352, -0.9946973744277608]
Model N: 1891061.1736195867
Done mass_function_like status = 0 

Pipeline ran okay.
Likelihood hmf_counts = -8.818665388971567
Posterior = -3.707284220227093 for parameter set #88: [0.3132257703578618, 0.7847003678743539, -1.001914895356402]
Running module mass_function_like
Running module mass_function_like
Running module mass_function_like
Running module mass_function_like
Model N: 1887550.4863976547
Done mass_function_like status = 0 

Pipeline ran okay.
Likelihood hmf_counts = -9.11544355750084
Posterior = -4.057399763440403 for parameter set #89: [0.3136224659777363, 0.7978667852421535, -0.9976855794811588]
Running module mass_function_like
Model N: 1888558.6450280233
Done mass_function_like status = 0 

Pipeline ran okay.
Likelihood hmf_counts = -8.362294372171164
Posterior = -3.0998842935359 for parameter set #89: [0.28796921390535873, 0.8056268968919176, -0.9989011930112687]
Running module mass_function_like
Model N: 1888835.9572996476
Done mass_function_like status = 0 

Pipeline ran okay.
Likelihood hmf_counts = -8.24957474321127
Posterior = -2.295036535736836 for parameter set #89: [0.2974859592301724, 0.801644344518053, -0.9992344242160961]
Running module mass_function_like
Model N: 1891011.4143138726
Done mass_function_like status = 0 

Pipeline ran okay.
Likelihood hmf_counts = -8.77731954306364
Posterior = -4.214899018392697 for parameter set #89: [0.2831264893931137, 0.8071675229020672, -1.0018557590133919]
Running module mass_function_like
Model N: 1883641.7967894631
Done mass_function_like status = 0 

Pipeline ran okay.
Likelihood hmf_counts = -17.13667932152748
Posterior = -11.301388084952277 for parameter set #90: [0.29455183169547744, 0.8002075277863474, -0.9929777613213016]
Model N: 1890833.4604258467
Done mass_function_like status = 0 

Pipeline ran okay.
Likelihood hmf_counts = -8.640160877257586
Posterior = -2.7959021116069405 for parameter set #90: [0.2946750378663617, 0.8015660316970065, -1.0016409965033468]
Model N: 1892832.5230670806
Done mass_function_like status = 0 

Pipeline ran okay.
Likelihood hmf_counts = -11.14218531921506
Posterior = -7.522876798816039 for parameter set #90: [0.3217533499727945, 0.7777741222105602, -1.00404925217008]
Model N: 1886305.403812278
Done mass_function_like status = 0 

Pipeline ran okay.
Likelihood hmf_counts = -10.789555296301842
Posterior = -7.713965287986786 for parameter set #90: [0.3241240639021182, 0.7902250823150144, -0.99618630450143]
Running module mass_function_like
Running module mass_function_like
Running module mass_function_like
Running module mass_function_like
Model N: 1888621.5180401083
Done mass_function_like status = 0 

Pipeline ran okay.
Likelihood hmf_counts = -8.333167474716902
Posterior = -4.879269048436193 for parameter set #91: [0.322504304732994, 0.7915848581657654, -0.9989759502721213]
Running module mass_function_like
Model N: 1891607.467075876
Done mass_function_like status = 0 

Pipeline ran okay.
Likelihood hmf_counts = -9.35859652981162
Posterior = -3.9243502560963126 for parameter set #91: [0.28949674307805723, 0.7993670130609015, -1.0025737684171399]
Running module mass_function_like
Model N: 1892903.7257246987
Done mass_function_like status = 0 

Pipeline ran okay.
Likelihood hmf_counts = -11.270198188722134
Posterior = -5.315146856426759 for parameter set #91: [0.3024602160273299, 0.7957958666870637, -1.0041349025362754]
Running module mass_function_like
Model N: 1891385.8070421
Done mass_function_like status = 0 

Pipeline ran okay.
Likelihood hmf_counts = -9.120514024049044
Posterior = -3.1693518091218484 for parameter set #91: [0.3026359538998942, 0.7974643354744236, -1.0023066773125968]
Running module mass_function_like
Model N: 1887569.6804089393
Done mass_function_like status = 0 

Pipeline ran okay.
Likelihood hmf_counts = -9.096073050051928
Posterior = -3.191760245326229 for parameter set #92: [0.29596033989432763, 0.7991049363508427, -0.9977089557937404]
Model N: 1888961.4778485985
Done mass_function_like status = 0 

Pipeline ran okay.
Likelihood hmf_counts = -8.21194426342845
Posterior = -2.671038560106987 for parameter set #92: [0.2905634230201447, 0.803702132976503, -0.9993853627880027]
Model N: 1891019.503291235
Done mass_function_like status = 0 

Pipeline ran okay.
Likelihood hmf_counts = -8.78395176306367
Posterior = -2.939299888621937 for parameter set #92: [0.29468316403314865, 0.8010220248684422, -1.0018650459324248]
Model N: 1891215.838995186
Done mass_function_like status = 0 

Pipeline ran okay.
Likelihood hmf_counts = -8.955531787127256
Posterior = -3.6961808696626672 for parameter set #92: [0.28794514373634883, 0.8033816887470706, -1.0021014404546273]
Running module mass_function_like
Running module mass_function_like
Running module mass_function_like
Running module mass_function_like
Model N: 1891736.6826587939
Done mass_function_like status = 0 

Pipeline ran okay.
Likelihood hmf_counts = -9.50935647264123
Posterior = -4.043805839934196 for parameter set #93: [0.28979954460028745, 0.7982643295138729, -1.002729224195985]
Running module mass_function_like
Model N: 1887488.3334438698
Done mass_function_like status = 0 

Pipeline ran okay.
Likelihood hmf_counts = -9.179508686065674
Posterior = -4.1806820201054915 for parameter set #93: [0.3140503213306152, 0.7977762568224619, -0.9976116770638557]
Running module mass_function_like
Model N: 1888767.349426986
Done mass_function_like status = 0 

Pipeline ran okay.
Likelihood hmf_counts = -8.273669820278883
Posterior = -2.5627389108490046 for parameter set #93: [0.29258106892151353, 0.8048879198463379, -0.9991524555030472]
Running module mass_function_like
Model N: 1893371.9045705905
Done mass_function_like status = 0 

Pipeline ran okay.
Likelihood hmf_counts = -12.17849437147379
Posterior = -6.379999973376695 for parameter set #93: [0.3061085413566481, 0.7966109113519022, -1.0046983659367017]
Running module mass_function_like
Model N: 1889551.3448005004
Done mass_function_like status = 0 

Pipeline ran okay.
Likelihood hmf_counts = -8.146813552826643
Posterior = -3.1045643818332795 for parameter set #94: [0.28626013188093513, 0.8067296407129952, -1.000096655099946]
Model N: 1888827.4425562823
Done mass_function_like status = 0 

Pipeline ran okay.
Likelihood hmf_counts = -8.252429623156786
Posterior = -2.2665447610476797 for parameter set #94: [0.3002256512643541, 0.8003548220356042, -0.9992245881658713]
Model N: 1891766.9857300422
Done mass_function_like status = 0 

Pipeline ran okay.
Likelihood hmf_counts = -9.545988176018
Posterior = -3.7571430903746412 for parameter set #94: [0.2937239807858886, 0.8008090522677395, -1.0027653073153686]
Model N: 1884703.3809523992
Done mass_function_like status = 0 

Pipeline ran okay.
Likelihood hmf_counts = -14.15479065105319
Posterior = -8.242826865273011 for parameter set #94: [0.30380936635289774, 0.7937609825361042, -0.9942565308094709]
Running module mass_function_like
Running module mass_function_like
Running module mass_function_like
Running module mass_function_like
Model N: 1885383.892696379
Done mass_function_like status = 0 

Pipeline ran okay.
Likelihood hmf_counts = -12.558645360171795
Posterior = -11.401587628297637 for parameter set #95: [0.3310737816004754, 0.7874308293323476, -0.9950760359345835]
Running module mass_function_like
Model N: 1889187.0915310641
Done mass_function_like status = 0 

Pipeline ran okay.
Likelihood hmf_counts = -8.165280546993017
Posterior = -2.2230841067487077 for parameter set #95: [0.29703462547285997, 0.8015441324633134, -0.9996580328995129]
Running module mass_function_like
Model N: 1890139.6535123182
Done mass_function_like status = 0 

Pipeline ran okay.
Likelihood hmf_counts = -8.265258148312569
Posterior = -2.2929075885927306 for parameter set #95: [0.3016605127986999, 0.7966343830649274, -1.000805534073593]
Running module mass_function_like
Model N: 1890424.4491122758
Done mass_function_like status = 0 

Pipeline ran okay.
Likelihood hmf_counts = -8.388357028365135
Posterior = -4.884197620456712 for parameter set #95: [0.27772021453326634, 0.8143805773565259, -1.0011481082131213]
Running module mass_function_like
Model N: 1887634.5976190884
Done mass_function_like status = 0 

Pipeline ran okay.
Likelihood hmf_counts = -9.032006718218327
Posterior = -3.1434871435227 for parameter set #96: [0.295586268194961, 0.7992192221628958, -0.9977873056218114]
Model N: 1890945.3768822495
Done mass_function_like status = 0 

Pipeline ran okay.
Likelihood hmf_counts = -8.72446820884943
Posterior = -3.4653869911348094 for parameter set #96: [0.28794238305833, 0.8050273783301661, -1.0017757729325298]
Model N: 1891200.6170643189
Done mass_function_like status = 0 

Pipeline ran okay.
Likelihood hmf_counts = -8.941500920802355
Posterior = -3.330307175057044 for parameter set #96: [0.308657466592996, 0.7902065710718751, -1.0020839047998231]
Model N: 1885705.209013771
Done mass_function_like status = 0 

Pipeline ran okay.
Likelihood hmf_counts = -11.890559446066618
Posterior = -10.344605253514699 for parameter set #96: [0.32979659751684787, 0.7957074113394847, -0.9954630245907446]
Running module mass_function_like
Running module mass_function_like
Running module mass_function_like
Running module mass_function_like
Model N: 1889910.679418557
Done mass_function_like status = 0 

Pipeline ran okay.
Likelihood hmf_counts = -8.197394989430904
Posterior = -2.267663801453441 for parameter set #97: [0.30335929529664896, 0.796139494209115, -1.0005292508356407]
Running module mass_function_like
Model N: 1887513.3730937764
Done mass_function_like status = 0 

Pipeline ran okay.
Likelihood hmf_counts = -9.1534522511065
Posterior = -3.76043730600159 for parameter set #97: [0.3108892286626821, 0.7980232961439053, -0.9976417451178606]
Running module mass_function_like
Model N: 1891701.0213878846
Done mass_function_like status = 0 

Pipeline ran okay.
Likelihood hmf_counts = -9.466868542134762
Posterior = -3.9979182773430972 for parameter set #97: [0.28983281352589435, 0.7983435521661214, -1.0026864436059861]
Running module mass_function_like
Model N: 1891310.9751317024
Done mass_function_like status = 0 

Pipeline ran okay.
Likelihood hmf_counts = -9.045996956527233
Posterior = -3.1889364435025858 for parameter set #97: [0.30507667977557323, 0.7945225143275255, -1.0022163799630721]
Running module mass_function_like
Model N: 1890516.230451978
Done mass_function_like status = 0 

Pipeline ran okay.
Likelihood hmf_counts = -8.437165725976229
Posterior = -2.46662927307293 for parameter set #98: [0.30176373712762167, 0.7979128399879025, -1.001258741992625]
Model N: 1887340.2377460976
Done mass_function_like status = 0 

Pipeline ran okay.
Likelihood hmf_counts = -9.34041777998209
Posterior = -3.9271178765548367 for parameter set #98: [0.31070084032334117, 0.8006246001999405, -0.9974321363167834]
Model N: 1888763.1361402615
Done mass_function_like status = 0 

Pipeline ran okay.
Likelihood hmf_counts = -8.275230776518583
Posterior = -2.898593406546249 for parameter set #98: [0.2889592057225617, 0.804898649043287, -0.9991461101435517]
Model N: 1886972.630861461
Done mass_function_like status = 0 

Pipeline ran okay.
Likelihood hmf_counts = -9.790113858878613
Posterior = -3.806247460872142 for parameter set #98: [0.2993916922983405, 0.7980565948254162, -0.9969902543486413]
Running module mass_function_like
Running module mass_function_like
Running module mass_function_like
Running module mass_function_like
Model N: 1887484.5058835295
Done mass_function_like status = 0 

Pipeline ran okay.
Likelihood hmf_counts = -9.18352097645402
Posterior = -5.474075127380738 for parameter set #99: [0.32133746538767755, 0.7909350442718848, -0.9976061628071868]
Running module mass_function_like
Model N: 1889013.5672446114
Done mass_function_like status = 0 

Pipeline ran okay.
Likelihood hmf_counts = -8.198777679353952
Posterior = -2.8181405381239193 for parameter set #99: [0.2889952995501279, 0.8062323999997921, -0.9994483377274116]
Running module mass_function_like
Model N: 1890053.0951477452
Done mass_function_like status = 0 

Pipeline ran okay.
Likelihood hmf_counts = -8.236343909054995
Posterior = -2.4164432188190315 for parameter set #99: [0.29423381869435156, 0.8002417002952933, -1.0007013311093003]
Running module mass_function_like
Model N: 1890765.9419699304
Done mass_function_like status = 0 

Pipeline ran okay.
Likelihood hmf_counts = -8.592500120401382
Posterior = -3.507757531180183 for parameter set #99: [0.2865738666775454, 0.8083694966091802, -1.001559798496156]
Running module mass_function_like
Model N: 1890810.0199017976
Done mass_function_like status = 0 

Pipeline ran okay.
Likelihood hmf_counts = -8.623341366648674
Posterior = -2.941607005858634 for parameter set #100: [0.30780134635344397, 0.7909318816614334, -1.001613272005867]
Model N: 1889052.8222186468
Done mass_function_like status = 0 

Pipeline ran okay.
Likelihood hmf_counts = -8.189804565161467
Posterior = -4.569125918870036 for parameter set #100: [0.27824923826485115, 0.8112853844589878, -0.9994961912515847]
Model N: 1886271.0073324456
Done mass_function_like status = 0 

Pipeline ran okay.
Likelihood hmf_counts = -10.847484167665243
Posterior = -5.131178735324083 for parameter set #100: [0.2926635025005673, 0.7998373149524282, -0.9961448537947789]
Model N: 1890949.5547614421
Done mass_function_like status = 0 

Pipeline ran okay.
Likelihood hmf_counts = -8.727743580937386
Posterior = -3.4673589286353987 for parameter set #100: [0.28795320565620325, 0.804989113837465, -1.0017809864659883]
Running module mass_function_like
Running module mass_function_like
Running module mass_function_like
Running module mass_function_like
Model N: 1887410.7239030844
Done mass_function_like status = 0 

Pipeline ran okay.
Likelihood hmf_counts = -9.262382335960865
Posterior = -4.540828190290014 for parameter set #101: [0.315901617300643, 0.7958868926013268, -0.9975172265553935]
Running module mass_function_like
Model N: 1890559.3887537152
Done mass_function_like status = 0 

Pipeline ran okay.
Likelihood hmf_counts = -8.46165645122528
Posterior = -2.6932304815327717 for parameter set #101: [0.3065978424918821, 0.7960811144259001, -1.0013108800045758]
Running module mass_function_like
Model N: 1892295.7400575085
Done mass_function_like status = 0 

Pipeline ran okay.
Likelihood hmf_counts = -10.26319034025073
Posterior = -4.564082075817478 for parameter set #101: [0.2924305533888769, 0.7954412087281433, -1.0034018916025882]
Running module mass_function_like
Model N: 1889282.6740619778
Done mass_function_like status = 0 

Pipeline ran okay.
Likelihood hmf_counts = -8.153638146817684
Posterior = -2.1937546131217367 for parameter set #101: [0.3022927445217604, 0.8004862498585824, -0.9997721033569493]
Running module mass_function_like
Model N: 1888532.0143560148
Done mass_function_like status = 0 

Pipeline ran okay.
Likelihood hmf_counts = -8.375262781977654
Posterior = -2.4214584606482177 for parameter set #102: [0.2974583014024481, 0.7998303352884136, -0.9988682967099776]
Model N: 1886442.760850112
Done mass_function_like status = 0 

Pipeline ran okay.
Likelihood hmf_counts = -10.564488902688026
Posterior = -4.633090760802924 for parameter set #102: [0.2967104513492716, 0.7985808777371287, -0.9963510981443531]
Model N: 1890590.56357533
Done mass_function_like status = 0 

Pipeline ran okay.
Likelihood hmf_counts = -8.47995951026678
Posterior = -2.495794430179618 for parameter set #102: [0.29938137726567604, 0.7991335193532276, -1.0013488307972478]
Model N: 1890713.1563669764
Done mass_function_like status = 0 

Pipeline ran okay.
Likelihood hmf_counts = -8.556917306035757
Posterior = -4.917153915329397 for parameter set #102: [0.32166238308275974, 0.7811149514775607, -1.0014961478718114]
Running module mass_function_like
Running module mass_function_like
Running module mass_function_like
Running module mass_function_like
Model N: 1889271.779296782
Done mass_function_like status = 0 

Pipeline ran okay.
Likelihood hmf_counts = -8.154720969498158
Posterior = -3.378297037563999 for parameter set #103: [0.2844453048225964, 0.8096743655328733, -0.9997601873071624]
Running module mass_function_like
Model N: 1890162.2394325256
Done mass_function_like status = 0 

Pipeline ran okay.
Likelihood hmf_counts = -8.273454703390598
Posterior = -2.3354592939789693 for parameter set #103: [0.2968971160344399, 0.7993454809527377, -1.0008326322114354]
Running module mass_function_like
Model N: 1889432.5733426965
Done mass_function_like status = 0 

Pipeline ran okay.
Likelihood hmf_counts = -8.145118970423937
Posterior = -2.1636959062619514 for parameter set #103: [0.30097430447755463, 0.7961824873287439, -0.9999536290276305]
Running module mass_function_like
Model N: 1887350.4215969534
Done mass_function_like status = 0 

Pipeline ran okay.
Likelihood hmf_counts = -9.328980337828398
Posterior = -3.724435899791281 for parameter set #103: [0.30873268333761517, 0.798108102467584, -0.9974454419645276]
Running module mass_function_like
Model N: 1887858.8505512753
Done mass_function_like status = 0 

Pipeline ran okay.
Likelihood hmf_counts = -8.827885631471872
Posterior = -2.8437704652294578 for parameter set #104: [0.29938916784705993, 0.79832015613363, -0.9980569513000788]
Model N: 1888927.0531276795
Done mass_function_like status = 0 

Pipeline ran okay.
Likelihood hmf_counts = -8.22143429890275
Posterior = -8.355908359262433 for parameter set #104: [0.2650125105773284, 0.8172306572673326, -0.999344292715432]
Model N: 1890280.7054836533
Done mass_function_like status = 0 

Pipeline ran okay.
Likelihood hmf_counts = -8.320865146815777
Posterior = -2.7779571821571416 for parameter set #104: [0.29058496873817136, 0.8035607554814951, -1.000974523325191]
Model N: 1888753.4116972862
Done mass_function_like status = 0 

Pipeline ran okay.
Likelihood hmf_counts = -8.278869420289993
Posterior = -4.596506058295717 for parameter set #104: [0.3214651753129158, 0.7870752258145413, -0.9991351337105888]
Running module mass_function_like
Running module mass_function_like
Running module mass_function_like
Running module mass_function_like
Model N: 1890155.7766577322
Done mass_function_like status = 0 

Pipeline ran okay.
Likelihood hmf_counts = -8.271081775426865
Posterior = -2.5216759206422923 for parameter set #105: [0.2931191623526816, 0.8009129616288055, -1.0008249766288992]
Running module mass_function_like
Model N: 1891132.0164666558
Done mass_function_like status = 0 

Pipeline ran okay.
Likelihood hmf_counts = -8.879786975681782
Posterior = -5.681982853642069 for parameter set #105: [0.2763857444395364, 0.8169640162968564, -1.0020003366522308]
Running module mass_function_like
Model N: 1893575.7358718978
Done mass_function_like status = 0 

Pipeline ran okay.
Likelihood hmf_counts = -12.610041223466396
Posterior = -7.2739896853338495 for parameter set #105: [0.2886079371847446, 0.7951095483647945, -1.0049447015766058]
Running module mass_function_like
Model N: 1886843.900997962
Done mass_function_like status = 0 

Pipeline ran okay.
Likelihood hmf_counts = -9.964541055262089
Posterior = -5.6095505568055115 for parameter set #105: [0.3180592257408961, 0.797896434010444, -0.9968350434743891]
Running module mass_function_like
Model N: 1889004.1680783206
Done mass_function_like status = 0 

Pipeline ran okay.
Likelihood hmf_counts = -8.201047264039516
Posterior = -3.302892901494803 for parameter set #106: [0.28524873329618394, 0.807364171667718, -0.999437712351511]
Model N: 1891774.02036897
Done mass_function_like status = 0 

Pipeline ran okay.
Likelihood hmf_counts = -9.55456130206585
Posterior = -4.670496396776354 for parameter set #106: [0.2851560115106353, 0.8067922805020377, -1.0027735936933972]
Model N: 1890297.09272587
Done mass_function_like status = 0 

Pipeline ran okay.
Likelihood hmf_counts = -8.32800767198205
Posterior = -2.345875680552136 for parameter set #106: [0.2991069104442352, 0.7992329708925646, -1.0009948019628023]
Model N: 1885753.8554996173
Done mass_function_like status = 0 

Pipeline ran okay.
Likelihood hmf_counts = -11.7941949442029
Posterior = -7.441632149264198 for parameter set #106: [0.318069886591374, 0.8039900466234843, -0.995521795703708]
Running module mass_function_like
Running module mass_function_like
Running module mass_function_like
Running module mass_function_like
Model N: 1889576.4872534273
Done mass_function_like status = 0 

Pipeline ran okay.
Likelihood hmf_counts = -8.148129720240831
Posterior = -2.165115805639001 for parameter set #107: [0.29920567118428826, 0.7974385301623714, -1.000127421432541]
Running module mass_function_like
Model N: 1889311.6183888877
Done mass_function_like status = 0 

Pipeline ran okay.
Likelihood hmf_counts = -8.151066605001688
Posterior = -2.188359364865743 for parameter set #107: [0.3021661219617241, 0.8004841663577734, -0.9998073423247273]
Running module mass_function_like
Model N: 1889794.7859083475
Done mass_function_like status = 0 

Pipeline ran okay.
Likelihood hmf_counts = -8.173617672175169
Posterior = -3.0121195903021443 for parameter set #107: [0.3128426154856033, 0.7963631772673391, -1.0003891868943493]
Running module mass_function_like
Model N: 1888852.2321591263
Done mass_function_like status = 0 

Pipeline ran okay.
Likelihood hmf_counts = -8.244224838912487
Posterior = -2.52358304745645 for parameter set #107: [0.30728697289426665, 0.7950180486085212, -0.9992535887818124]
Running module mass_function_like
Model N: 1891193.842184736
Done mass_function_like status = 0 

Pipeline ran okay.
Likelihood hmf_counts = -8.935295514762402
Posterior = -3.76677412526597 for parameter set #108: [0.31278618694976107, 0.7854650955000054, -1.0020748237641777]
Model N: 1887618.765128903
Done mass_function_like status = 0 

Pipeline ran okay.
Likelihood hmf_counts = -9.047425635159016
Posterior = -3.0615577308343296 for parameter set #108: [0.29989742023966814, 0.7992217688723033, -0.9977684068945293]
Model N: 1888785.6682687353
Done mass_function_like status = 0 

Pipeline ran okay.
Likelihood hmf_counts = -8.266992293298244
Posterior = -3.8442290310742644 for parameter set #108: [0.28231739746073303, 0.7987076046801623, -0.9991742552716062]
Model N: 1884033.9074965706
Done mass_function_like status = 0 

Pipeline ran okay.
Likelihood hmf_counts = -15.965417373925447
Posterior = -9.98600897542819 for parameter set #108: [0.2990391616479874, 0.7970686775824841, -0.9934500876959993]
Running module mass_function_like
Running module mass_function_like
Running module mass_function_like
Running module mass_function_like
Model N: 1888779.1145682535
Done mass_function_like status = 0 

Pipeline ran okay.
Likelihood hmf_counts = -8.269360803067684
Posterior = -2.8804619052412344 for parameter set #109: [0.3109291882390176, 0.7874075001656533, -0.9991652293201083]
Running module mass_function_like
Model N: 1892435.0497864427
Done mass_function_like status = 0 

Pipeline ran okay.
Likelihood hmf_counts = -10.476707827299833
Posterior = -4.870698106377217 for parameter set #109: [0.2912876828878073, 0.7953895877482849, -1.003570572812902]
Running module mass_function_like
Model N: 1884338.5891104944
Done mass_function_like status = 0 

Pipeline ran okay.
Likelihood hmf_counts = -15.111818190664053
Posterior = -11.65633546723653 for parameter set #109: [0.32248899868375663, 0.7991984249399319, -0.9938169823990363]
Running module mass_function_like
Model N: 1891341.5595486632
Done mass_function_like status = 0 

Pipeline ran okay.
Likelihood hmf_counts = -9.076095294207335
Posterior = -5.040799505707371 for parameter set #109: [0.2802484428904693, 0.8062681837017945, -1.00225250081034]
Running module mass_function_like
Model N: 1888956.0756640253
Done mass_function_like status = 0 

Pipeline ran okay.
Likelihood hmf_counts = -8.213391996920109
Posterior = -2.528213113158176 for parameter set #110: [0.29224150311051555, 0.8034467264349379, -0.9993792896388182]
Model N: 1890396.7482045349
Done mass_function_like status = 0 

Pipeline ran okay.
Likelihood hmf_counts = -8.374500811100006
Posterior = -3.4741539523738894 for parameter set #110: [0.28526391803598256, 0.8052814530487216, -1.0011144574728432]
Model N: 1888933.745812286
Done mass_function_like status = 0 

Pipeline ran okay.
Likelihood hmf_counts = -8.219540148973465
Posterior = -3.8636399367697845 for parameter set #110: [0.2819431545024554, 0.7998594477610963, -0.999352559877833]
Model N: 1891254.2087027521
Done mass_function_like status = 0 

Pipeline ran okay.
Likelihood hmf_counts = -8.99144234135747
Posterior = -14.697438828009275 for parameter set #110: [0.3483568720914383, 0.7546842006344364, -1.0021476129234148]
Running module mass_function_like
Running module mass_function_like
Running module mass_function_like
Running module mass_function_like
Model N: 1889543.990756037
Done mass_function_like status = 0 

Pipeline ran okay.
Likelihood hmf_counts = -8.146491810679436
Posterior = -2.925577885119443 for parameter set #111: [0.3123713799324335, 0.7941575885988629, -1.0000877527397019]
Running module mass_function_like
Model N: 1889315.5432681846
Done mass_function_like status = 0 

Pipeline ran okay.
Likelihood hmf_counts = -8.150752045214176
Posterior = -2.1905273081121948 for parameter set #111: [0.30227785058675866, 0.8004508146725383, -0.9998121612239471]
Running module mass_function_like
Model N: 1891772.1112026207
Done mass_function_like status = 0 

Pipeline ran okay.
Likelihood hmf_counts = -9.552232012152672
Posterior = -8.47804673665652 for parameter set #111: [0.2686580147307346, 0.8271327396392009, -1.0027714225944682]
Running module mass_function_like
Model N: 1888975.1547870087
Done mass_function_like status = 0 

Pipeline ran okay.
Likelihood hmf_counts = -8.20834806188941
Posterior = -2.509274768160168 for parameter set #111: [0.30757731319317444, 0.7945136843060975, -0.9994025406501709]
Running module mass_function_like
Model N: 1887294.6424790425
Done mass_function_like status = 0 

Pipeline ran okay.
Likelihood hmf_counts = -9.392300192266703
Posterior = -3.688388423623156 for parameter set #112: [0.3075088455388654, 0.798666334705982, -0.9973772439152253]
Model N: 1887484.4010361088
Done mass_function_like status = 0 

Pipeline ran okay.
Likelihood hmf_counts = -9.183630991727114
Posterior = -3.1980249971623884 for parameter set #112: [0.3002353695213331, 0.7957049869973588, -0.9976061364798057]
Model N: 1886642.7276075918
Done mass_function_like status = 0 

Pipeline ran okay.
Likelihood hmf_counts = -10.254740096628666
Posterior = -5.630518431415466 for parameter set #112: [0.31650071095522003, 0.7995627915514921, -0.9965925305622464]
Model N: 1890264.8004681636
Done mass_function_like status = 0 

Pipeline ran okay.
Likelihood hmf_counts = -8.314068600535393
Posterior = -2.3941612231000855 for parameter set #112: [0.3036391339413037, 0.7972526856954572, -1.0009556265086688]
Running module mass_function_like
Running module mass_function_like
Running module mass_function_like
Running module mass_function_like
Model N: 1884977.561314805
Done mass_function_like status = 0 

Pipeline ran okay.
Likelihood hmf_counts = -13.482078060507774
Posterior = -13.724367494845874 for parameter set #113: [0.3352902074386545, 0.7940162713654967, -0.9945865966859649]
Running module mass_function_like
Model N: 1890870.717146007
Done mass_function_like status = 0 

Pipeline ran okay.
Likelihood hmf_counts = -8.667491614818573
Posterior = -2.8612993982988533 for parameter set #113: [0.294002746078951, 0.8009674817803939, -1.0016853976554314]
Running module mass_function_like
Model N: 1890449.7341422946
Done mass_function_like status = 0 

Pipeline ran okay.
Likelihood hmf_counts = -8.401358976960182
Posterior = -3.360468502668308 for parameter set #113: [0.2862507485767811, 0.8098636161944883, -1.001178727822279]
Running module mass_function_like
Model N: 1889734.7836973502
Done mass_function_like status = 0 

Pipeline ran okay.
Likelihood hmf_counts = -8.164099164307117
Posterior = -3.9646160920093036 for parameter set #113: [0.3189033404487876, 0.7911433485161741, -1.0003176425220988]
Running module mass_function_like
Model N: 1891484.916060685
Done mass_function_like status = 0 

Pipeline ran okay.
Likelihood hmf_counts = -9.223758663982153
Posterior = -4.463533162942635 for parameter set #114: [0.31565662628638624, 0.7817660284289217, -1.002426039376975]
Model N: 1888826.3366938455
Done mass_function_like status = 0 

Pipeline ran okay.
Likelihood hmf_counts = -8.252803225070238
Posterior = -2.286099103670023 for parameter set #114: [0.30197155647700796, 0.8004017791634169, -0.9992225472377212]
Model N: 1892264.3716998957
Done mass_function_like status = 0 

Pipeline ran okay.
Likelihood hmf_counts = -10.216525111347437
Posterior = -4.606366216289086 for parameter set #114: [0.29133461277186207, 0.7957860152671982, -1.003364353203884]
Model N: 1889582.3036465647
Done mass_function_like status = 0 

Pipeline ran okay.
Likelihood hmf_counts = -8.148481845855713
Posterior = -3.537705475791121 for parameter set #114: [0.28341451079804075, 0.8022618174372566, -1.0001332174261413]
Running module mass_function_like
Running module mass_function_like
Running module mass_function_like
Running module mass_function_like
Model N: 1887464.2104215117
Done mass_function_like status = 0 

Pipeline ran okay.
Likelihood hmf_counts = -9.204925768077374
Posterior = -4.912642585891372 for parameter set #115: [0.31840431437467587, 0.7893661704081285, -0.9975817462715968]
Running module mass_function_like
Model N: 1890355.0441619083
Done mass_function_like status = 0 

Pipeline ran okay.
Likelihood hmf_counts = -8.35440531000495
Posterior = -3.569959880478578 for parameter set #115: [0.28449730704784176, 0.8056598948444135, -1.0010643719218528]
Running module mass_function_like
Model N: 1888904.2232535095
Done mass_function_like status = 0 

Pipeline ran okay.
Likelihood hmf_counts = -8.22807401418686
Posterior = -2.865361720224497 for parameter set #115: [0.3111663234206328, 0.7885173966196652, -0.9993169170323926]
Running module mass_function_like
Model N: 1883044.281799473
Done mass_function_like status = 0 

Pipeline ran okay.
Likelihood hmf_counts = -19.078955732285976
Posterior = -14.56260336659159 for parameter set #115: [0.3171278741263073, 0.812785960751403, -0.9922581764128393]
Running module mass_function_like
Model N: 1890131.2406257011
Done mass_function_like status = 0 

Pipeline ran okay.
Likelihood hmf_counts = -8.262274026870728
Posterior = -3.5778761087187867 for parameter set #116: [0.3161353027546257, 0.7881898363793561, -1.0007952946768797]
Model N: 1888892.2903681884
Done mass_function_like status = 0 

Pipeline ran okay.
Likelihood hmf_counts = -8.231654342263937
Posterior = -2.527022981918864 for parameter set #116: [0.2924964828760095, 0.8031736094115517, -0.9993027015690757]
Model N: 1886691.329301482
Done mass_function_like status = 0 

Pipeline ran okay.
Likelihood hmf_counts = -10.182662636041641
Posterior = -4.3839320848771 for parameter set #116: [0.2938864397518695, 0.8016621077510637, -0.9966507551653935]
Model N: 1885651.47066419
Done mass_function_like status = 0 

Pipeline ran okay.
Likelihood hmf_counts = -11.998472265899181
Posterior = -6.407381743147241 for parameter set #116: [0.30887716490434897, 0.786955663228719, -0.9953984539483163]
Running module mass_function_like
Running module mass_function_like
Running module mass_function_like
Running module mass_function_like
Model N: 1890510.9582617497
Done mass_function_like status = 0 

Pipeline ran okay.
Model N: 1887471.538443365
Done mass_function_like status = 0 

Pipeline ran okay.
Likelihood hmf_counts = -8.434241447597742
Likelihood hmf_counts = -9.197172001004219
Posterior = -3.4105663775393324 for parameter set #117: [0.28612616854027734, 0.8099974278164933, -1.0012526039110243]
Posterior = -4.337025048257177 for parameter set #117: [0.3150048816490893, 0.7939318644690613, -0.9975908570514512]
Running module mass_function_like
Running module mass_function_like
Model N: 1891036.0462013881
Done mass_function_like status = 0 

Pipeline ran okay.
Likelihood hmf_counts = -8.797623082995415
Posterior = -6.679426460182293 for parameter set #117: [0.3278129292386994, 0.7758544164172989, -1.0018853686781246]
Running module mass_function_like
Model N: 1891027.3275681478
Done mass_function_like status = 0 

Pipeline ran okay.
Likelihood hmf_counts = -8.790399845689535
Posterior = -3.33075132484171 for parameter set #117: [0.31026007061115585, 0.7913939314073446, -1.0018748449157653]
Running module mass_function_like
Model N: 1889974.7145472637
Done mass_function_like status = 0 

Pipeline ran okay.
Likelihood hmf_counts = -8.213580336421728
Posterior = -2.537620480385284 for parameter set #118: [0.29212356325833705, 0.8008024503861174, -1.0006063495150592]
Model N: 1890444.4351287659
Done mass_function_like status = 0 

Pipeline ran okay.
Likelihood hmf_counts = -8.398606143891811
Posterior = -3.373371147189709 for parameter set #118: [0.2861373458682276, 0.8048502805213832, -1.0011715217660835]
Model N: 1890823.800641266
Done mass_function_like status = 0 

Pipeline ran okay.
Likelihood hmf_counts = -8.633194424211979
Posterior = -4.706324948344605 for parameter set #118: [0.3202936802957906, 0.78622436689657, -1.0016293688599187]
Model N: 1889580.6719752576
Done mass_function_like status = 0 

Pipeline ran okay.
Likelihood hmf_counts = -8.148381259292364
Posterior = -4.474097727111762 for parameter set #118: [0.27849704619099686, 0.7993393093364978, -1.0001321369775202]
Running module mass_function_like
Running module mass_function_like
Running module mass_function_like
Running module mass_function_like
Model N: 1887801.4869508552
Done mass_function_like status = 0 

Pipeline ran okay.
Likelihood hmf_counts = -8.87756161391735
Posterior = -3.995319630839033 for parameter set #119: [0.31485749037207444, 0.7935398953066705, -0.9979878673477586]
Running module mass_function_like
Model N: 1888907.6289261912
Done mass_function_like status = 0 

Pipeline ran okay.
Likelihood hmf_counts = -8.22706601023674
Posterior = -2.248992323489481 for parameter set #119: [0.301270651909407, 0.8004302958656385, -0.9993210356622465]
Running module mass_function_like
Model N: 1892608.1404706365
Done mass_function_like status = 0 

Pipeline ran okay.
Likelihood hmf_counts = -10.756264965981245
Posterior = -5.982577035808998 for parameter set #119: [0.28443229003494175, 0.79806501071125, -1.0037778824681]
Running module mass_function_like
Model N: 1890751.2209272499
Done mass_function_like status = 0 

Pipeline ran okay.
Likelihood hmf_counts = -8.582428570836782
Posterior = -4.278794817771999 for parameter set #119: [0.2816565164187305, 0.8082378817367467, -1.0015415265418328]
Running module mass_function_like
Model N: 1883557.398816915
Done mass_function_like status = 0 

Pipeline ran okay.
Likelihood hmf_counts = -17.39948893338442
Posterior = -11.416174659412055 for parameter set #120: [0.3002520457522805, 0.7948247998816448, -0.9928759443128535]
Model N: 1885425.5281378701
Done mass_function_like status = 0 

Pipeline ran okay.
Likelihood hmf_counts = -12.468981873244047
Posterior = -7.219552813832573 for parameter set #120: [0.2878710863095403, 0.8015490021423849, -0.9951261477542387]
Model N: 1891295.1983113105
Done mass_function_like status = 0 

Pipeline ran okay.
Likelihood hmf_counts = -9.030664056539536
Posterior = -3.9447023865376174 for parameter set #120: [0.313416157892049, 0.7857632098952244, -1.0021972019770122]
Model N: 1886243.0581378485
Done mass_function_like status = 0 

Pipeline ran okay.
Likelihood hmf_counts = -10.895017508417368
Posterior = -6.43093678374497 for parameter set #120: [0.3174432373145427, 0.8015143887695187, -0.996111162074403]
Running module mass_function_like
Running module mass_function_like
Running module mass_function_like
Running module mass_function_like
Model N: 1887830.2845137282
Done mass_function_like status = 0 

Pipeline ran okay.
Likelihood hmf_counts = -8.852405305951834
Posterior = -4.181442141734343 for parameter set #121: [0.3162173425681677, 0.7933385425261553, -0.998023368186823]
Running module mass_function_like
Model N: 1891633.4527578354
Done mass_function_like status = 0 

Pipeline ran okay.
Likelihood hmf_counts = -9.388206642121077
Posterior = -3.498982789198437 for parameter set #121: [0.2956044035498832, 0.8011081406682263, -1.0026050875847796]
Running module mass_function_like
Model N: 1890297.617597112
Done mass_function_like status = 0 

Pipeline ran okay.
Likelihood hmf_counts = -8.328238785266876
Posterior = -3.00238560786746 for parameter set #121: [0.28850855317461155, 0.806344846325198, -1.0009958880176746]
Running module mass_function_like
Model N: 1891479.418115741
Done mass_function_like status = 0 

Pipeline ran okay.
Likelihood hmf_counts = -9.2178953923285
Posterior = -3.8975560118873984 for parameter set #121: [0.31153722355192914, 0.7908447003354862, -1.0024186809347588]
Running module mass_function_like
Model N: 1891421.10491687
Done mass_function_like status = 0 

Pipeline ran okay.
Likelihood hmf_counts = -9.156690005213022
Posterior = -3.514158761765869 for parameter set #122: [0.3082868866427676, 0.7901887465808963, -1.002348715192186]
Model N: 1888236.6566694188
Done mass_function_like status = 0 

Pipeline ran okay.
Likelihood hmf_counts = -8.544287540018559
Posterior = -3.0829553282617113 for parameter set #122: [0.3102442834730662, 0.7964061244376622, -0.9985128106326417]
Model N: 1890181.8854282238
Done mass_function_like status = 0 

Pipeline ran okay.
Likelihood hmf_counts = -8.280803743749857
Posterior = -3.2271762890915596 for parameter set #122: [0.28634346026669916, 0.805670512784797, -1.000856453803024]
Model N: 1888173.2648599232
Done mass_function_like status = 0 

Pipeline ran okay.
Likelihood hmf_counts = -8.586590245366096
Posterior = -2.607451572823946 for parameter set #122: [0.2988245329577532, 0.8008383500132614, -0.9984364695649796]
Running module mass_function_like
Running module mass_function_like
Running module mass_function_like
Running module mass_function_like
Model N: 1885999.6407272234
Done mass_function_like status = 0 

Pipeline ran okay.
Likelihood hmf_counts = -11.326539795845747
Posterior = -7.039269586228685 for parameter set #123: [0.31842837456723544, 0.8015327143881269, -0.9958182248230175]
Running module mass_function_like
Model N: 1888499.9471615695
Done mass_function_like status = 0 

Pipeline ran okay.
Likelihood hmf_counts = -8.391377232968807
Posterior = -3.930826559894798 for parameter set #123: [0.3174674003730177, 0.7831121852638431, -0.9988298229215031]
Running module mass_function_like
Model N: 1889414.7345613237
Done mass_function_like status = 0 

Pipeline ran okay.
Likelihood hmf_counts = -8.145509336143732
Posterior = -3.762812770817872 for parameter set #123: [0.28209205363279366, 0.7987673943885356, -0.9999311565976265]
Running module mass_function_like
Model N: 1896782.9639504582
Done mass_function_like status = 0 

Pipeline ran okay.
Likelihood hmf_counts = -22.27972089499235
Posterior = -25.69521066806586 for parameter set #123: [0.25664615384368344, 0.8021968361520734, -1.0088084142681328]
Running module mass_function_like
Model N: 1884080.4001968573
Done mass_function_like status = 0 

Pipeline ran okay.
Likelihood hmf_counts = -15.83196846023202
Posterior = -11.086116048118102 for parameter set #124: [0.28426336386007567, 0.8075596777225572, -0.9935061249866108]
Model N: 1889180.58724572
Done mass_function_like status = 0 

Pipeline ran okay.
Likelihood hmf_counts = -8.166248559951782
Posterior = -2.185615150918748 for parameter set #124: [0.30105166116531723, 0.79803665348537, -0.9996492099192389]
Model N: 1886542.4752694615
Done mass_function_like status = 0 

Pipeline ran okay.
Likelihood hmf_counts = -10.407377563416958
Posterior = -4.4228400749707735 for parameter set #124: [0.29955063267622534, 0.7925796628115147, -0.9964719003821095]
Model N: 1890390.5131105736
Done mass_function_like status = 0 

Pipeline ran okay.
Likelihood hmf_counts = -8.371437903493643
Posterior = -2.773671051139928 for parameter set #124: [0.308812960675392, 0.7913220964012267, -1.001107122996878]
Running module mass_function_like
Running module mass_function_like
Running module mass_function_like
Running module mass_function_like
Model N: 1891718.5647110504
Done mass_function_like status = 0 

Pipeline ran okay.
Likelihood hmf_counts = -9.487686280161142
Posterior = -4.165576793719685 for parameter set #125: [0.2884787701938615, 0.7986334198901699, -1.0027068434735895]
Model N: 1887532.7458293515
Done mass_function_like status = 0 

Running module mass_function_like
Pipeline ran okay.
Likelihood hmf_counts = -9.133520998060703
Posterior = -5.706539207822256 for parameter set #125: [0.32262262222315746, 0.7923195529302017, -0.9976652783749862]
Running module mass_function_like
Model N: 1890557.6124904973
Done mass_function_like status = 0 

Pipeline ran okay.
Likelihood hmf_counts = -8.460629057139158
Model N: 1894294.125180434
Done mass_function_like status = 0 

Pipeline ran okay.
Posterior = -3.384112598106176 for parameter set #125: [0.2865124683407474, 0.8096351314766983, -1.0013077264283265]
Likelihood hmf_counts = -14.305523987859488
Posterior = -10.72236041307954 for parameter set #125: [0.3219149181739472, 0.7844846569497392, -1.0058099055350365]
Running module mass_function_like
Running module mass_function_like
Model N: 1891014.4611473957
Done mass_function_like status = 0 

Pipeline ran okay.
Model N: 1889659.556416534
Done mass_function_like status = 0 

Pipeline ran okay.
Likelihood hmf_counts = -8.7798136100173
Likelihood hmf_counts = -8.15485667437315
Posterior = -3.0495076584932894 for parameter set #126: [0.3071510956893901, 0.79184665277535, -1.001858593189357]
Posterior = -2.302505784576657 for parameter set #126: [0.2948266826417845, 0.8006924724317848, -1.0002265175355205]
Model N: 1887812.0178989582
Done mass_function_like status = 0 

Pipeline ran okay.
Likelihood hmf_counts = -8.868311237543821
Posterior = -3.927586614611725 for parameter set #126: [0.3144585286761193, 0.7973171309179825, -0.9980018136856709]
Model N: 1886987.9353168947
Done mass_function_like status = 0 

Pipeline ran okay.
Likelihood hmf_counts = -9.769961427897215
Posterior = -3.848640028687745 for parameter set #126: [0.29641111719646557, 0.7982196036964423, -0.9970076108098742]
Running module mass_function_like
Running module mass_function_like
Running module mass_function_like
Running module mass_function_like
Model N: 1889273.8345728326
Done mass_function_like status = 0 

Pipeline ran okay.
Likelihood hmf_counts = -8.154511891305447
Posterior = -2.188464554728945 for parameter set #127: [0.29799404128444035, 0.8024739526628286, -0.9997621205723491]
Running module mass_function_like
Model N: 1890413.2215400636
Done mass_function_like status = 0 

Pipeline ran okay.
Likelihood hmf_counts = -8.382692009210587
Posterior = -3.6216266602431197 for parameter set #127: [0.31565273016166434, 0.7918335554298475, -1.001134559063279]
Running module mass_function_like
Model N: 1895249.3223693206
Done mass_function_like status = 0 

Pipeline ran okay.
Likelihood hmf_counts = -16.980743039399385
Posterior = -11.123163761484566 for parameter set #127: [0.29497669800297643, 0.8033557172244377, -1.0069604957710367]
Running module mass_function_like
Model N: 1888449.4020278282
Done mass_function_like status = 0 

Pipeline ran okay.
Likelihood hmf_counts = -8.417883347719908
Posterior = -3.047933673282854 for parameter set #127: [0.3111008478897128, 0.7881065543644392, -0.9987693582122162]
Running module mass_function_like
Model N: 1883386.3258174185
Done mass_function_like status = 0 

Pipeline ran okay.
Likelihood hmf_counts = -17.943836998194456
Posterior = -11.993092778886645 for parameter set #128: [0.2974411440597528, 0.8036530004398394, -0.9926698160626728]
Model N: 1890744.73388039
Done mass_function_like status = 0 

Pipeline ran okay.
Likelihood hmf_counts = -8.578026752918959
Posterior = -4.657745258491265 for parameter set #128: [0.2796738079366063, 0.8076521602067711, -1.001533651412257]
Model N: 1891191.049058463
Done mass_function_like status = 0 

Pipeline ran okay.
Likelihood hmf_counts = -8.932744227349758
Posterior = -6.9780457846893995 for parameter set #128: [0.27160543584034724, 0.7991685708755802, -1.0020722258888235]
Model N: 1893720.896270472
Done mass_function_like status = 0 

Pipeline ran okay.
Likelihood hmf_counts = -12.930719405412674
Posterior = -9.140376261960675 for parameter set #128: [0.3209500172358472, 0.7845718550915025, -1.0051191080996158]
Running module mass_function_like
Running module mass_function_like
Running module mass_function_like
Running module mass_function_like
Model N: 1889534.057350601
Done mass_function_like status = 0 

Pipeline ran okay.
Likelihood hmf_counts = -8.146102663129568
Posterior = -2.825227286252489 for parameter set #129: [0.28846488958061056, 0.8075240979508044, -1.0000746907816913]
Running module mass_function_like
Model N: 1888146.946281618
Done mass_function_like status = 0 

Pipeline ran okay.
Likelihood hmf_counts = -8.604778833687305
Posterior = -3.342606972995786 for parameter set #129: [0.31203221011367194, 0.798506069156407, -0.9984046570212772]
Running module mass_function_like
Model N: 1891523.0473741738
Done mass_function_like status = 0 

Pipeline ran okay.
Likelihood hmf_counts = -9.264863014221191
Posterior = -4.1812672237021875 for parameter set #129: [0.3134333045055064, 0.7898445469016957, -1.0024713459610457]
Running module mass_function_like
Model N: 1889919.8382940558
Done mass_function_like status = 0 

Pipeline ran okay.
Likelihood hmf_counts = -8.199577026069164
Posterior = -2.263157924726732 for parameter set #129: [0.3031539130765462, 0.7959196985531546, -1.000539961772284]
Running module mass_function_like
Model N: 1889022.6256534872
Done mass_function_like status = 0 

Pipeline ran okay.
Likelihood hmf_counts = -8.196634639054537
Posterior = -5.102039737405057 for parameter set #130: [0.2759518816720593, 0.8004631712464376, -0.9994588802795651]
Model N: 1888840.6359396554
Done mass_function_like status = 0 

Pipeline ran okay.
Likelihood hmf_counts = -8.24802240356803
Posterior = -2.3717692929563254 for parameter set #130: [0.2953119818218327, 0.7999350532212007, -0.9992405930680235]
Model N: 1892207.1049342188
Done mass_function_like status = 0 

Pipeline ran okay.
Likelihood hmf_counts = -10.132671285420656
Posterior = -4.786867359246304 for parameter set #130: [0.3113121413369737, 0.7915308943125369, -1.0032950976846033]
Model N: 1887689.1744589284
Done mass_function_like status = 0 

Pipeline ran okay.
Likelihood hmf_counts = -8.979874357581139
Posterior = -4.078778957549394 for parameter set #130: [0.3147298577394176, 0.7976052555317792, -0.9978525708341893]
Running module mass_function_like
Running module mass_function_like
Running module mass_function_like
Running module mass_function_like
Model N: 1887015.0265303333
Done mass_function_like status = 0 

Pipeline ran okay.
Likelihood hmf_counts = -9.73459329456091
Posterior = -8.70023820648133 for parameter set #131: [0.33146864068946025, 0.7883819471344221, -0.9970412994105246]
Running module mass_function_like
Model N: 1890581.0463339759
Done mass_function_like status = 0 

Pipeline ran okay.
Likelihood hmf_counts = -8.474317356944084
Posterior = -2.4907292172313076 for parameter set #131: [0.3007059670323476, 0.8001737737915879, -1.0013373913688184]
Running module mass_function_like
Model N: 1887710.602648611
Done mass_function_like status = 0 

Pipeline ran okay.
Likelihood hmf_counts = -8.959837727248669
Posterior = -8.532099661765608 for parameter set #131: [0.3333412850444625, 0.7799331108054673, -0.9978786316363937]
Running module mass_function_like
Model N: 1891663.6696635566
Done mass_function_like status = 0 

Pipeline ran okay.
Likelihood hmf_counts = -9.423086516559124
Posterior = -7.081860786173817 for parameter set #131: [0.2730014998637591, 0.8077493576688032, -1.002640982135312]
Running module mass_function_like
Model N: 1884261.0018451302
Done mass_function_like status = 0 

Pipeline ran okay.
Likelihood hmf_counts = -15.32449884340167
Posterior = -10.19679583707609 for parameter set #132: [0.2869118605578013, 0.805983769795552, -0.9937237891487097]
Model N: 1886567.4196560287
Done mass_function_like status = 0 

Pipeline ran okay.
Likelihood hmf_counts = -10.368900295346975
Posterior = -4.409307431036904 for parameter set #132: [0.2977211917404162, 0.7966855951509718, -0.9965019490556952]
Model N: 1889761.951866088
Done mass_function_like status = 0 

Pipeline ran okay.
Likelihood hmf_counts = -8.168173026293516
Posterior = -2.701254590992331 for parameter set #132: [0.3101906327616995, 0.7927850478188911, -1.0003493430964587]
Model N: 1891167.6336714413
Done mass_function_like status = 0 

Pipeline ran okay.
Likelihood hmf_counts = -8.911518335342407
Posterior = -3.16293970138749 for parameter set #132: [0.30689031444521747, 0.7914908629416441, -1.0020431251820356]
Running module mass_function_like
Running module mass_function_like
Running module mass_function_like
Running module mass_function_like
Model N: 1888086.0313690961
Done mass_function_like status = 0 

Pipeline ran okay.
Likelihood hmf_counts = -8.648284863680601
Posterior = -3.408829153969335 for parameter set #133: [0.3122194483222233, 0.8005967557543393, -0.9983313386110053]
Running module mass_function_like
Model N: 1889669.4289372405
Done mass_function_like status = 0 

Pipeline ran okay.
Likelihood hmf_counts = -8.155898921191692
Posterior = -3.126504763887695 for parameter set #133: [0.28616690559303376, 0.7990752709615246, -1.000239001508632]
Running module mass_function_like
Model N: 1892619.49088844
Done mass_function_like status = 0 

Pipeline ran okay.
Likelihood hmf_counts = -10.77514909952879
Posterior = -5.292877730157107 for parameter set #133: [0.3100317401894531, 0.7925488269223384, -1.0037923402672402]
Running module mass_function_like
Model N: 1887414.5826354127
Done mass_function_like status = 0 

Pipeline ran okay.
Likelihood hmf_counts = -9.258186403661966
Posterior = -6.308557614387791 for parameter set #133: [0.3246423777455136, 0.7914205042699278, -0.9975228091992654]
Running module mass_function_like
Model N: 1890584.0479549167
Done mass_function_like status = 0 

Pipeline ran okay.
Likelihood hmf_counts = -8.476091653108597
Posterior = -3.6702294173441974 for parameter set #134: [0.2846362936817742, 0.8052345484886608, -1.0013410654152302]
Model N: 1888608.8867380011
Done mass_function_like status = 0 

Pipeline ran okay.
Likelihood hmf_counts = -8.338851030915976
Posterior = -2.5562706365110097 for parameter set #134: [0.2936197952259957, 0.8008015144443484, -0.9989602062305237]
Model N: 1886474.1070434616
Done mass_function_like status = 0 

Pipeline ran okay.
Likelihood hmf_counts = -10.514530524611473
Posterior = -4.53095821255086 for parameter set #134: [0.3006237553690046, 0.7929188210510091, -0.9963893161649602]
Model N: 1887749.0633430756
Done mass_function_like status = 0 

Pipeline ran okay.
Likelihood hmf_counts = -8.924485351890326
Posterior = -3.9816390315872887 for parameter set #134: [0.31444373833588335, 0.7968563562934455, -0.9979248524395397]
Running module mass_function_like
Running module mass_function_like
Running module mass_function_like
Running module mass_function_like
Model N: 1890200.6883686446
Done mass_function_like status = 0 

Pipeline ran okay.
Likelihood hmf_counts = -8.288028582930565
Posterior = -2.317433792340916 for parameter set #135: [0.3017627310900316, 0.7952019651207807, -1.0008788934154471]
Running module mass_function_like
Model N: 1889466.1135268519
Done mass_function_like status = 0 

Pipeline ran okay.
Likelihood hmf_counts = -8.14484104514122
Posterior = -2.4959745544023306 for parameter set #135: [0.3082134405033867, 0.7910973070725373, -0.9999929317675329]
Running module mass_function_like
Model N: 1889425.2855998692
Done mass_function_like status = 0 

Pipeline ran okay.
Likelihood hmf_counts = -8.145258098840714
Posterior = -2.2641464462246983 for parameter set #135: [0.2954161650716012, 0.8044988263336189, -0.9999448855381882]
Running module mass_function_like
Model N: 1889917.4654574012
Done mass_function_like status = 0 

Pipeline ran okay.
Likelihood hmf_counts = -8.199007455259562
Posterior = -3.0494068371938283 for parameter set #135: [0.28706512895791936, 0.8066870231417899, -1.0005376859351212]
Running module mass_function_like
Model N: 1892651.9250030615
Done mass_function_like status = 0 

Pipeline ran okay.
Likelihood hmf_counts = -10.829485550522804
Posterior = -4.937468930466259 for parameter set #136: [0.3043224720004614, 0.7871031897096525, -1.0038316490440637]
Model N: 1890508.18187075
Done mass_function_like status = 0 

Pipeline ran okay.
Likelihood hmf_counts = -8.432707399129868
Posterior = -2.961637956681387 for parameter set #136: [0.31014910894036046, 0.792723315579515, -1.0012491107657033]
Model N: 1888378.7553197648
Done mass_function_like status = 0 

Pipeline ran okay.
Likelihood hmf_counts = -8.457198955118656
Posterior = -3.11168906486506 for parameter set #136: [0.3113187723523339, 0.7905398811778525, -0.9986840237322383]
Model N: 1887710.0673629206
Done mass_function_like status = 0 

Pipeline ran okay.
Likelihood hmf_counts = -8.960335284471512
Posterior = -3.3385791987678797 for parameter set #136: [0.2914655011730601, 0.8025970832137885, -0.9978782982705909]
Running module mass_function_like
Running module mass_function_like
Running module mass_function_like
Running module mass_function_like
Model N: 1888620.7550078698
Done mass_function_like status = 0 

Pipeline ran okay.
Likelihood hmf_counts = -8.333508409559727
Posterior = -5.731516161410122 for parameter set #137: [0.32601585953935697, 0.7804226865339827, -0.9989749951913057]
Running module mass_function_like
Model N: 1890654.6907266218
Done mass_function_like status = 0 

Pipeline ran okay.
Likelihood hmf_counts = -8.519224524497986
Posterior = -2.6829563386612767 for parameter set #137: [0.3054735692108289, 0.7897660889489774, -1.0014250079640066]
Model N: 1887254.110110684
Done mass_function_like status = 0 

Pipeline ran okay.
Running module mass_function_like
Likelihood hmf_counts = -9.439347494393587
Posterior = -7.09615243661807 for parameter set #137: [0.3269911745670823, 0.7903694504903161, -0.9973281563624462]
Running module mass_function_like
Model N: 1890119.9428444363
Done mass_function_like status = 0 

Pipeline ran okay.
Likelihood hmf_counts = -8.25832549482584
Posterior = -3.2067504914265452 for parameter set #137: [0.286328394482647, 0.8062464464744755, -1.0007813736670705]
Running module mass_function_like
Model N: 1887613.4788229533
Done mass_function_like status = 0 

Pipeline ran okay.
Likelihood hmf_counts = -9.05260345339775
Posterior = -3.289066502869699 for parameter set #138: [0.3066690669641897, 0.790142129755982, -0.997762607061921]
Model N: 1887756.5228858984
Done mass_function_like status = 0 

Pipeline ran okay.
Likelihood hmf_counts = -8.91771949082613
Posterior = -3.305434657106133 for parameter set #138: [0.29135510181249696, 0.8026397198565066, -0.997934276549042]
Model N: 1888622.5866774148
Done mass_function_like status = 0 

Pipeline ran okay.
Likelihood hmf_counts = -8.332690507173538
Posterior = -3.639654990855311 for parameter set #138: [0.3160815533650441, 0.8031539975212446, -0.9989781559001834]
Model N: 1891230.721222916
Done mass_function_like status = 0 

Pipeline ran okay.
Likelihood hmf_counts = -8.969367872923613
Posterior = -3.2344612671922235 for parameter set #138: [0.3070857369627492, 0.789812869405168, -1.0021192946586668]
Running module mass_function_like
Running module mass_function_like
Running module mass_function_like
Running module mass_function_like
Model N: 1887752.7939368312
Done mass_function_like status = 0 

Pipeline ran okay.
Likelihood hmf_counts = -8.921097986400127
Posterior = -2.9849430877541385 for parameter set #139: [0.30315595507778537, 0.7996837798330075, -0.997929459784168]
Running module mass_function_like
Model N: 1893164.0716771448
Done mass_function_like status = 0 

Pipeline ran okay.
Likelihood hmf_counts = -11.76102276518941
Posterior = -6.311004489029502 for parameter set #139: [0.310345645382103, 0.7927994124674927, -1.0044482574772553]
Running module mass_function_like
Model N: 1889429.339404159
Done mass_function_like status = 0 

Pipeline ran okay.
Likelihood hmf_counts = -8.145177237689495
Posterior = -2.2120133052580897 for parameter set #139: [0.2967440681925698, 0.8031082241427564, -0.9999498710320331]
Running module mass_function_like
Model N: 1889993.8140277928
Done mass_function_like status = 0 

Pipeline ran okay.
Likelihood hmf_counts = -8.218827828764915
Posterior = -3.314661914238977 for parameter set #139: [0.2852895694299451, 0.7984725142837187, -1.0006287359110118]
Running module mass_function_like
Model N: 1888608.9819982438
Done mass_function_like status = 0 

Pipeline ran okay.
Likelihood hmf_counts = -8.338807847350836
Posterior = -2.4992674894398634 for parameter set #140: [0.2945856638170238, 0.800902672577244, -0.9989609780767005]
Model N: 1890734.8724410252
Done mass_function_like status = 0 

Pipeline ran okay.
Likelihood hmf_counts = -8.571377821266651
Posterior = -3.350792741065262 for parameter set #140: [0.31237310483752556, 0.7882631796216445, -1.0015219786258136]
Model N: 1890437.3159451394
Done mass_function_like status = 0 

Pipeline ran okay.
Likelihood hmf_counts = -8.394931111484766
Posterior = -4.506092250709831 for parameter set #140: [0.2795194582653217, 0.808749566332442, -1.001163685918327]
Model N: 1886847.1766432996
Done mass_function_like status = 0 

Pipeline ran okay.
Likelihood hmf_counts = -9.959993556141853
Posterior = -4.029009805073691 for parameter set #140: [0.3033071463125226, 0.7946955928688693, -0.996838724877734]
Running module mass_function_like
Running module mass_function_like
Running module mass_function_like
Running module mass_function_like
Model N: 1890229.4225203786
Done mass_function_like status = 0 

Pipeline ran okay.
Likelihood hmf_counts = -8.299430571496487
Posterior = -2.461369629601224 for parameter set #141: [0.305441817761197, 0.7885353249292755, -1.0009129416695028]
Running module mass_function_like
Model N: 1889021.019294208
Done mass_function_like status = 0 

Pipeline ran okay.
Likelihood hmf_counts = -8.197011500597
Posterior = -2.4665971485191847 for parameter set #141: [0.30715178974580887, 0.8042412811647945, -0.9994580990652576]
Running module mass_function_like
Model N: 1888814.6066447396
Done mass_function_like status = 0 

Pipeline ran okay.
Likelihood hmf_counts = -8.256805904209614
Posterior = -2.322535907630325 for parameter set #141: [0.30322081438706344, 0.8008205113789794, -0.9992088667445794]
Running module mass_function_like
Model N: 1887313.6869375121
Done mass_function_like status = 0 

Pipeline ran okay.
Likelihood hmf_counts = -9.370495572686195
Posterior = -6.6297514688317305 for parameter set #141: [0.32547582175675843, 0.7911528735544348, -0.9974002192971104]
Running module mass_function_like
Model N: 1889701.9469583002
Done mass_function_like status = 0 

Pipeline ran okay.
Likelihood hmf_counts = -8.15969655662775
Posterior = -4.957704969462672 for parameter set #142: [0.2764026524267708, 0.8023059110427426, -1.0002781411962014]
Model N: 1890706.874588406
Done mass_function_like status = 0 

Pipeline ran okay.
Likelihood hmf_counts = -8.55278081074357
Posterior = -3.067551723216482 for parameter set #142: [0.310008292687452, 0.7887783009906804, -1.0014887419832843]
Model N: 1894231.3576489775
Done mass_function_like status = 0 

Pipeline ran okay.
Likelihood hmf_counts = -14.146547950804234
Posterior = -8.899464590618486 for parameter set #142: [0.31214448489401103, 0.7944474071266768, -1.0057333949108622]
Model N: 1887603.5533893604
Done mass_function_like status = 0 

Pipeline ran okay.
Likelihood hmf_counts = -9.062365226447582
Posterior = -3.4244324201449574 for parameter set #142: [0.29165753329468297, 0.8023543959225525, -0.9977507432293548]
Running module mass_function_like
Running module mass_function_like
Running module mass_function_like
Running module mass_function_like
Model N: 1890677.2379643833
Done mass_function_like status = 0 

Pipeline ran okay.
Likelihood hmf_counts = -8.533546686172485
Posterior = -2.696002443505762 for parameter set #143: [0.30545013377698527, 0.7895639507898518, -1.001452474773292]
Running module mass_function_like
Model N: 1890305.0924859091
Done mass_function_like status = 0 

Pipeline ran okay.
Likelihood hmf_counts = -8.331546016037464
Posterior = -3.1278271634987282 for parameter set #143: [0.3125091985045922, 0.7949412412599086, -1.0010042815846167]
Running module mass_function_like
Model N: 1890168.1227284414
Done mass_function_like status = 0 

Pipeline ran okay.
Likelihood hmf_counts = -8.275634076446295
Posterior = -2.423504397337844 for parameter set #143: [0.29482303934556636, 0.801039375629193, -1.0008394111511532]
Running module mass_function_like
Model N: 1887973.4503641664
Done mass_function_like status = 0 

Pipeline ran okay.
Likelihood hmf_counts = -8.733867719769478
Posterior = -2.9785357092287317 for parameter set #143: [0.3067922701256147, 0.7937405926691044, -0.9981953398496325]
Running module mass_function_like
Model N: 1891019.007990087
Done mass_function_like status = 0 

Pipeline ran okay.
Likelihood hmf_counts = -8.783544667065144
Posterior = -3.1240179296088195 for parameter set #144: [0.3080804585037032, 0.7898853503647272, -1.0018640393964913]
Model N: 1888654.8488944804
Done mass_function_like status = 0 

Pipeline ran okay.
Likelihood hmf_counts = -8.318575739860535
Posterior = -2.462631752301675 for parameter set #144: [0.2948975060907601, 0.8005474213685322, -0.9990170480963557]
Model N: 1889823.5928346082
Done mass_function_like status = 0 

Pipeline ran okay.
Likelihood hmf_counts = -8.178864251822233
Posterior = -2.5536487130064467 for parameter set #144: [0.2915035890959322, 0.8067943249041557, -1.0004239735996403]
Model N: 1884141.2062715022
Done mass_function_like status = 0 

Pipeline ran okay.
Likelihood hmf_counts = -15.659171991050243
Posterior = -9.720121109719448 for parameter set #144: [0.2969980816288191, 0.7991719547601277, -0.9935796154581018]
Running module mass_function_like
Running module mass_function_like
Running module mass_function_like
Running module mass_function_like
Model N: 1891085.495096703
Done mass_function_like status = 0 

Pipeline ran okay.
Likelihood hmf_counts = -8.839350499212742
Posterior = -2.9931627514493773 for parameter set #145: [0.3052875837437489, 0.7894868481142108, -1.0019445346543563]
Running module mass_function_like
Model N: 1890039.2544466434
Done mass_function_like status = 0 

Pipeline ran okay.
Likelihood hmf_counts = -8.23208799958229
Posterior = -2.9932970909632166 for parameter set #145: [0.2877741647252033, 0.7991414849396281, -1.0006836417024094]
Running module mass_function_like
Model N: 1887357.8381771005
Done mass_function_like status = 0 

Pipeline ran okay.
Likelihood hmf_counts = -9.320685427635908
Posterior = -7.147298677432174 for parameter set #145: [0.3276132531678933, 0.7908112961082515, -0.9974543567584202]
Running module mass_function_like
Model N: 1891384.4293871417
Done mass_function_like status = 0 

Pipeline ran okay.
Likelihood hmf_counts = -9.119115438312292
Posterior = -3.4092707807590648 for parameter set #145: [0.3074304686127224, 0.7960813038173297, -1.0023045223963476]
Running module mass_function_like
Model N: 1891671.7885234554
Done mass_function_like status = 0 

Pipeline ran okay.
Likelihood hmf_counts = -9.43254042044282
Posterior = -3.7981781773199925 for parameter set #146: [0.30838398525739297, 0.785193247787895, -1.0026503986361048]
Model N: 1889348.1040514985
Done mass_function_like status = 0 

Pipeline ran okay.
Likelihood hmf_counts = -8.148456878960133
Posterior = -2.294213421002892 for parameter set #146: [0.29486336740813407, 0.800772953857263, -0.9998524958360854]
Model N: 1887990.3714944485
Done mass_function_like status = 0 

Pipeline ran okay.
Likelihood hmf_counts = -8.720575459301472
Posterior = -3.4273064828090414 for parameter set #146: [0.311770653501836, 0.7980143711300824, -0.9982160607835499]
Model N: 1890016.889985754
Done mass_function_like status = 0 

Pipeline ran okay.
Likelihood hmf_counts = -8.225425239652395
Posterior = -2.7578554699475664 for parameter set #146: [0.3101840874406891, 0.7949619406870058, -1.0006567046127206]
Running module mass_function_like
Running module mass_function_like
Running module mass_function_like
Running module mass_function_like
Model N: 1889552.3031614367
Done mass_function_like status = 0 

Pipeline ran okay.
Likelihood hmf_counts = -8.14685758203268
Posterior = -2.4343764171920856 for parameter set #147: [0.30739848471384706, 0.8004277191602844, -1.000097221861271]
Running module mass_function_like
Model N: 1891260.8412276811
Done mass_function_like status = 0 

Pipeline ran okay.
Likelihood hmf_counts = -8.997728619724512
Posterior = -3.0436976962591498 for parameter set #147: [0.30252611588430217, 0.784168317484068, -1.0021553977835782]
Running module mass_function_like
Model N: 1888327.713536743
Done mass_function_like status = 0 

Pipeline ran okay.
Likelihood hmf_counts = -8.487249743193388
Posterior = -2.5019906973063435 for parameter set #147: [0.3004039028444133, 0.8031905283636012, -0.9986231606877806]
Running module mass_function_like
Model N: 1890145.9380667028
Done mass_function_like status = 0 

Pipeline ran okay.
Likelihood hmf_counts = -8.267511758953333
Posterior = -2.484886374328587 for parameter set #147: [0.293620170871737, 0.8007155065011117, -1.0008128295804528]
Running module mass_function_like
Model N: 1888602.6112915897
Done mass_function_like status = 0 

Pipeline ran okay.
Likelihood hmf_counts = -8.34170614182949
Posterior = -4.737999495727895 for parameter set #148: [0.2781715411020667, 0.823534327864967, -0.9989532683739758]
Model N: 1888235.902941539
Done mass_function_like status = 0 

Pipeline ran okay.
Likelihood hmf_counts = -8.544778011739254
Posterior = -2.6182401645514313 for parameter set #148: [0.2965497572912369, 0.7966297110611739, -0.9985113978666744]
Model N: 1883965.3203909134
Done mass_function_like status = 0 

Pipeline ran okay.
Likelihood hmf_counts = -16.16438504680991
Posterior = -10.356373413956797 for parameter set #148: [0.3059322559339915, 0.7843947703076519, -0.9933673797557004]
Model N: 1888039.7146459736
Done mass_function_like status = 0 

Pipeline ran okay.
Likelihood hmf_counts = -8.682680927217007
Posterior = -2.916803015629843 for parameter set #148: [0.2933645950441718, 0.8007428319187785, -0.9982759841999371]
Running module mass_function_like
Running module mass_function_like
Running module mass_function_like
Running module mass_function_like
Model N: 1888050.9669098447
Done mass_function_like status = 0 

Pipeline ran okay.
Likelihood hmf_counts = -8.674220122396946
Posterior = -4.164396342289054 for parameter set #149: [0.31718254522869893, 0.7936424023243653, -0.9982886557275701]
Running module mass_function_like
Model N: 1888423.0058671501
Done mass_function_like status = 0 

Pipeline ran okay.
Likelihood hmf_counts = -8.432263638824224
Posterior = -2.6708994262472183 for parameter set #149: [0.3067041114853623, 0.7982523463408129, -0.9987370579394598]
Running module mass_function_like
Model N: 1894066.8369904677
Done mass_function_like status = 0 

Pipeline ran okay.
Likelihood hmf_counts = -13.739700056612492
Posterior = -7.757256834956739 for parameter set #149: [0.29933760640637513, 0.77957073554765, -1.0055361895381683]
Running module mass_function_like
Model N: 1892911.3254815552
Done mass_function_like status = 0 

Pipeline ran okay.
Likelihood hmf_counts = -11.284019447863102
Posterior = -5.8972761494420585 for parameter set #149: [0.3109413673873276, 0.792529103699817, -1.0041439541668122]
Running module mass_function_like
Model N: 1888022.940270878
Done mass_function_like status = 0 

Pipeline ran okay.
Likelihood hmf_counts = -8.695418514311314
Posterior = -2.933958916035751 for parameter set #150: [0.29329839160510196, 0.8008053317547469, -0.9982556142522165]
Model N: 1889000.1871581427
Done mass_function_like status = 0 

Pipeline ran okay.
Likelihood hmf_counts = -8.20202262327075
Posterior = -2.402129324912119 for parameter set #150: [0.293896556917093, 0.8023897860879667, -0.9994319848558787]
Model N: 1892310.343213596
Done mass_function_like status = 0 

Pipeline ran okay.
Likelihood hmf_counts = -10.285091888159513
Posterior = -4.9917335018394855 for parameter set #150: [0.31176627615416375, 0.7834970087584988, -1.0034201133022556]
Model N: 1887667.8569377305
Done mass_function_like status = 0 

Pipeline ran okay.
Likelihood hmf_counts = -9.000049091875553
Posterior = -3.0165044856726935 for parameter set #150: [0.29930875015592395, 0.7958400246489782, -0.9978284576323762]
Running module mass_function_like
Running module mass_function_like
Running module mass_function_like
Running module mass_function_like
Model N: 1887796.0710950706
Done mass_function_like status = 0 

Pipeline ran okay.
Likelihood hmf_counts = -8.882341790944338
Posterior = -3.0507448258545704 for parameter set #151: [0.3055564212304214, 0.8038245563288794, -0.9979827334777137]
Running module mass_function_like
Model N: 1891841.7873952305
Done mass_function_like status = 0 

Pipeline ran okay.
Likelihood hmf_counts = -9.638487167656422
Posterior = -3.84016430253084 for parameter set #151: [0.29387727516470263, 0.8006437353812137, -1.0028560657584782]
Running module mass_function_like
Model N: 1889016.9629234758
Done mass_function_like status = 0 

Pipeline ran okay.
Likelihood hmf_counts = -8.197969235479832
Posterior = -2.311552596659265 for parameter set #151: [0.3044662715544947, 0.8038661671419629, -0.9994528083106368]
Running module mass_function_like
Model N: 1892842.954676211
Done mass_function_like status = 0 

Pipeline ran okay.
Likelihood hmf_counts = -11.160772804170847
Posterior = -5.188223521046119 for parameter set #151: [0.29840028025499693, 0.7870807400284042, -1.0040613256770736]
Running module mass_function_like
Model N: 1890821.679887071
Done mass_function_like status = 0 

Pipeline ran okay.
Likelihood hmf_counts = -8.631671573966742
Posterior = -4.063215054205961 for parameter set #152: [0.2831620623768802, 0.7966944843416985, -1.0016265361299872]
Model N: 1889318.5775286632
Done mass_function_like status = 0 

Pipeline ran okay.
Likelihood hmf_counts = -8.15051445364952
Posterior = -2.8429291452179744 for parameter set #152: [0.3116497425526004, 0.798498938313397, -0.9998155218515834]
Model N: 1884770.3997521552
Done mass_function_like status = 0 

Pipeline ran okay.
Likelihood hmf_counts = -13.986665192991495
Posterior = -8.152816233745533 for parameter set #152: [0.30549030386523285, 0.7903565862427256, -0.9943371811942511]
Model N: 1890284.8315936134
Done mass_function_like status = 0 

Pipeline ran okay.
Likelihood hmf_counts = -8.322650171816349
Posterior = -2.459177356225145 for parameter set #152: [0.29504725082430056, 0.7995202290366872, -1.0009806138087316]
Running module mass_function_like
Running module mass_function_like
Running module mass_function_like
Running module mass_function_like
Model N: 1891755.2971781401
Done mass_function_like status = 0 

Pipeline ran okay.
Likelihood hmf_counts = -9.531801097095013
Posterior = -3.6087306296096004 for parameter set #153: [0.29645823093003026, 0.7997749044231165, -1.0027510344958626]
Running module mass_function_like
Model N: 1888903.8656355718
Done mass_function_like status = 0 

Pipeline ran okay.
Likelihood hmf_counts = -8.228180211037397
Posterior = -2.501484655001489 for parameter set #153: [0.3072034788852146, 0.7900449023290644, -0.9993155810393807]
Running module mass_function_like
Model N: 1891148.543224499
Done mass_function_like status = 0 

Pipeline ran okay.
Likelihood hmf_counts = -8.894427318125963
Posterior = -3.0387120062351407 for parameter set #153: [0.3051039230052761, 0.7868216302305897, -1.002020176430404]
Running module mass_function_like
Model N: 1892177.4112402583
Done mass_function_like status = 0 

Pipeline ran okay.
Likelihood hmf_counts = -10.089873112738132
Posterior = -4.122894519402972 for parameter set #153: [0.3019318198494322, 0.7881039228867375, -1.0032597078451682]
Running module mass_function_like
Model N: 1888696.5654644652
Done mass_function_like status = 0 

Pipeline ran okay.
Likelihood hmf_counts = -8.301142048090696
Posterior = -2.3201553627777347 for parameter set #154: [0.2989861618594964, 0.801647826673895, -0.9990673311241991]
Model N: 1889653.6751162084
Done mass_function_like status = 0 

Pipeline ran okay.
Likelihood hmf_counts = -8.154260292649269
Posterior = -2.7691308261943623 for parameter set #154: [0.31096391927327954, 0.7981059631138915, -1.0002200972690998]
Model N: 1891106.5418235124
Done mass_function_like status = 0 

Pipeline ran okay.
Likelihood hmf_counts = -8.857502728700638
Posterior = -4.939186671510791 for parameter set #154: [0.27966451635257694, 0.7970082599389487, -1.0019696938206621]
Model N: 1889109.5220992407
Done mass_function_like status = 0 

Pipeline ran okay.
Likelihood hmf_counts = -8.178284149616957
Posterior = -2.209194123926755 for parameter set #154: [0.301847700149315, 0.8014964090921789, -0.9995638153794709]
Running module mass_function_like
Running module mass_function_like
Running module mass_function_like
Running module mass_function_like
Model N: 1886729.9820668027
Done mass_function_like status = 0 

Pipeline ran okay.
Likelihood hmf_counts = -10.126234788447618
Posterior = -9.718603814982721 for parameter set #155: [0.3334005784376803, 0.7921874327482649, -0.9966974421210555]
Running module mass_function_like
Model N: 1891169.5770933179
Done mass_function_like status = 0 

Pipeline ran okay.
Likelihood hmf_counts = -8.913269013166428
Posterior = -3.3250321982056157 for parameter set #155: [0.30891878243267606, 0.7982405336203496, -1.0020459832960529]
Running module mass_function_like
Model N: 1889126.4423405246
Done mass_function_like status = 0 

Pipeline ran okay.
Likelihood hmf_counts = -8.17517601698637
Posterior = -2.2057836882997606 for parameter set #155: [0.30183131504939037, 0.8171711262580624, -0.9995849093345585]
Running module mass_function_like
Model N: 1884764.6653504823
Done mass_function_like status = 0 

Pipeline ran okay.
Likelihood hmf_counts = -14.000957231968641
Posterior = -8.341619680544774 for parameter set #155: [0.3080650455190664, 0.8147049701290524, -0.9943304846709387]
Running module mass_function_like
Model N: 1888557.4092854569
Done mass_function_like status = 0 

Pipeline ran okay.
Likelihood hmf_counts = -8.36288782954216
Posterior = -2.5720689289711043 for parameter set #156: [0.29375036056832277, 0.8006579441426372, -0.9988986186008028]
Model N: 1890100.773169048
Done mass_function_like status = 0 

Pipeline ran okay.
Likelihood hmf_counts = -8.251780211925507
Posterior = -2.28368286707376 for parameter set #156: [0.2981003476988969, 0.7935134064213971, -1.0007586642613977]
Model N: 1889142.2084679983
Done mass_function_like status = 0 

Pipeline ran okay.
Likelihood hmf_counts = -8.172416310757399
Posterior = -2.188230205886361 for parameter set #156: [0.30062857783582464, 0.7910520572593619, -0.999603454901247]
Model N: 1891209.6000875544
Done mass_function_like status = 0 

Pipeline ran okay.
Likelihood hmf_counts = -8.949766248464584
Posterior = -3.21361554002896 for parameter set #156: [0.30706823328494626, 0.7895920812493995, -1.0020938025815165]
Running module mass_function_like
Running module mass_function_like
Running module mass_function_like
Running module mass_function_like
Model N: 1891241.2685129088
Done mass_function_like status = 0 

Pipeline ran okay.
Likelihood hmf_counts = -8.979244589805603
Posterior = -3.0838179901793055 for parameter set #157: [0.30425477746527535, 0.7862325204137575, -1.0021319555759063]
Running module mass_function_like
Model N: 1888689.9903516767
Done mass_function_like status = 0 

Pipeline ran okay.
Likelihood hmf_counts = -8.30382864549756
Posterior = -2.3547912475273707 for parameter set #157: [0.3027235220495453, 0.8200597895569416, -0.9990591704908088]
Running module mass_function_like
Model N: 1887900.9523000978
Done mass_function_like status = 0 

Pipeline ran okay.
Likelihood hmf_counts = -8.792536228895187
Posterior = -4.397165021956651 for parameter set #157: [0.31783602751475915, 0.793068794258754, -0.998108316752255]
Running module mass_function_like
Model N: 1888221.1335638203
Done mass_function_like status = 0 

Pipeline ran okay.
Likelihood hmf_counts = -8.554449539631605
Posterior = -2.7471702948239844 for parameter set #157: [0.30597958002277503, 0.8031217977126331, -0.9984941002770351]
Running module mass_function_like
Model N: 1891331.9349725086
Done mass_function_like status = 0 

Pipeline ran okay.
Likelihood hmf_counts = -9.066570404917002
Posterior = -4.305498646464274 for parameter set #158: [0.28434850394596717, 0.7951352085258842, -1.002241051764247]
Model N: 1890255.3569197322
Done mass_function_like status = 0 

Pipeline ran okay.
Likelihood hmf_counts = -8.310096468776464
Posterior = -2.3530489455286085 for parameter set #158: [0.2975884697799323, 0.7947685663471301, -1.0009445050651036]
Model N: 1888604.8137289553
Done mass_function_like status = 0 

Pipeline ran okay.
Likelihood hmf_counts = -8.34070173278451
Posterior = -2.396666366084096 for parameter set #158: [0.29709897822313264, 0.8021170881514094, -0.9989558323836913]
Model N: 1889798.4707640475
Done mass_function_like status = 0 

Pipeline ran okay.
Likelihood hmf_counts = -8.174264300614595
Posterior = -2.4437839077147867 for parameter set #158: [0.30715096285193644, 0.7898690713457159, -1.000394367888428]
Running module mass_function_like
Running module mass_function_like
Running module mass_function_like
Running module mass_function_like
Model N: 1892944.873476858
Done mass_function_like status = 0 

Pipeline ran okay.
Likelihood hmf_counts = -11.345395281910896
Posterior = -5.370388652072786 for parameter set #159: [0.3014344056384522, 0.7913979479874191, -1.0041839938671726]
Running module mass_function_like
Model N: 1889543.9803198182
Done mass_function_like status = 0 

Pipeline ran okay.
Likelihood hmf_counts = -8.14649137109518
Posterior = -2.4803539113453343 for parameter set #159: [0.2919996040398355, 0.8054396092169588, -1.0000872242312784]
Running module mass_function_like
Model N: 1893479.0534814035
Done mass_function_like status = 0 

Pipeline ran okay.
Likelihood hmf_counts = -12.402617774903774
Posterior = -7.047116373612967 for parameter set #159: [0.31122054237028235, 0.7944178985766908, -1.0048275481208158]
Running module mass_function_like
Model N: 1891535.9346116309
Done mass_function_like status = 0 

Pipeline ran okay.
Likelihood hmf_counts = -9.27892865985632
Posterior = -3.3366308982798927 for parameter set #159: [0.2970483074605633, 0.799982324943161, -1.0024872150570325]
Running module mass_function_like
Model N: 1889380.513092426
Done mass_function_like status = 0 

Pipeline ran okay.
Likelihood hmf_counts = -8.146729677915573
Posterior = -2.8054144468111835 for parameter set #160: [0.31135652842681905, 0.7980383823731835, -0.9998907205308784]
Model N: 1889933.663108416
Done mass_function_like status = 0 

Pipeline ran okay.
Likelihood hmf_counts = -8.202954731881618
Posterior = -2.22593843615274 for parameter set #160: [0.29864813513331756, 0.7966588156160405, -1.0005572958374978]
Model N: 1889360.6795040776
Done mass_function_like status = 0 

Pipeline ran okay.
Likelihood hmf_counts = -8.14772067964077
Posterior = -2.2128242280458164 for parameter set #160: [0.3032022549623175, 0.7874577463515091, -0.9998671890919284]
Model N: 1892065.0747177459
Done mass_function_like status = 0 

Pipeline ran okay.
Likelihood hmf_counts = -9.932170197367668
Posterior = -4.218807920685121 for parameter set #160: [0.30737996071269574, 0.7857179517558156, -1.0031245494492582]
Running module mass_function_like
Running module mass_function_like
Running module mass_function_like
Running module mass_function_like
Model N: 1891428.8016678146
Done mass_function_like status = 0 

Pipeline ran okay.
Likelihood hmf_counts = -9.16466561704874
Posterior = -8.81540084866137 for parameter set #161: [0.2664243334393272, 0.7995083221735568, -1.0023572203778273]
Running module mass_function_like
Model N: 1889213.1522307894
Done mass_function_like status = 0 

Pipeline ran okay.
Likelihood hmf_counts = -8.161626666784286
Posterior = -2.3765196583050336 for parameter set #161: [0.30634125704479487, 0.7986268977024722, -0.9996900087034207]
Running module mass_function_like
Model N: 1887766.0116360525
Done mass_function_like status = 0 

Pipeline ran okay.
Likelihood hmf_counts = -8.909155752509832
Posterior = -5.008999252484566 for parameter set #161: [0.32042450469301864, 0.7884457636495221, -0.9979454540682496]
Running module mass_function_like
Model N: 1888683.6752549575
Done mass_function_like status = 0 

Pipeline ran okay.
Likelihood hmf_counts = -8.30643055588007
Posterior = -2.353976864152968 for parameter set #161: [0.2974049699487997, 0.8017326513552622, -0.9990521477964249]
Running module mass_function_like
Model N: 1886713.8316429637
Done mass_function_like status = 0 

Pipeline ran okay.
Likelihood hmf_counts = -10.149715788662434
Posterior = -4.912452380873198 for parameter set #162: [0.28776599620357435, 0.8119025527957369, -0.9966777552581606]
Model N: 1889448.528593875
Done mass_function_like status = 0 

Pipeline ran okay.
Likelihood hmf_counts = -8.144912511110306
Posterior = -2.194460046243007 for parameter set #162: [0.3026727146086322, 0.7935475181114402, -0.9999731720388966]
Model N: 1889364.5520757635
Done mass_function_like status = 0 

Pipeline ran okay.
Likelihood hmf_counts = -8.147510822862387
Posterior = -2.8143934606842977 for parameter set #162: [0.311428484937012, 0.7981514055712238, -0.9998722663226483]
Model N: 1888814.1594721247
Done mass_function_like status = 0 

Pipeline ran okay.
Likelihood hmf_counts = -8.256959937512875
Posterior = -3.3367113211751267 for parameter set #162: [0.2853993865628792, 0.812380992494537, -0.9992083218918091]
Running module mass_function_like
Running module mass_function_like
Running module mass_function_like
Running module mass_function_like
Model N: 1888689.9840876842
Done mass_function_like status = 0 

Pipeline ran okay.
Likelihood hmf_counts = -8.303831215947866
Posterior = -2.3621015898062723 for parameter set #163: [0.30297978742295933, 0.8209428514929534, -0.9990595088673754]
Running module mass_function_like
Model N: 1892870.135139122
Done mass_function_like status = 0 

Pipeline ran okay.
Likelihood hmf_counts = -11.209473673254251
Posterior = -5.272768133510869 for parameter set #163: [0.29688147658271913, 0.799163599953918, -1.0040939870205625]
Running module mass_function_like
Model N: 1891198.7336661804
Done mass_function_like status = 0 

Pipeline ran okay.
Likelihood hmf_counts = -8.93977339938283
Posterior = -3.0908997880530666 for parameter set #163: [0.30523601673068923, 0.7915997670219574, -1.0020811073984925]
Running module mass_function_like
Model N: 1892341.084243765
Done mass_function_like status = 0 

Pipeline ran okay.
Likelihood hmf_counts = -10.331564486026764
Posterior = -4.3473025073162495 for parameter set #163: [0.3005118562552333, 0.7765346983852077, -1.0034570360415627]
Running module mass_function_like
Model N: 1889675.8426916925
Done mass_function_like status = 0 

Pipeline ran okay.
Likelihood hmf_counts = -8.156603660434484
Posterior = -3.073797750585306 for parameter set #164: [0.3134414328021234, 0.7731233400143949, -1.0002461313097482]
Model N: 1892388.9913845414
Done mass_function_like status = 0 

Pipeline ran okay.
Likelihood hmf_counts = -10.40498187765479
Posterior = -6.2341831654764555 for parameter set #164: [0.31905126331460065, 0.7998009734808694, -1.003514644109078]
Model N: 1890412.8979209876
Done mass_function_like status = 0 

Pipeline ran okay.
Likelihood hmf_counts = -8.382529713213444
Posterior = -2.462972086817042 for parameter set #164: [0.3036482207622888, 0.7935450993246206, -1.0011341754879783]
Model N: 1888921.0956643845
Done mass_function_like status = 0 

Pipeline ran okay.
Likelihood hmf_counts = -8.223140317946672
Posterior = -2.4857277269280846 for parameter set #164: [0.30705315496387064, 0.7901611138349443, -0.9993373989163774]
Running module mass_function_like
Running module mass_function_like
Running module mass_function_like
Running module mass_function_like
Model N: 1894909.6079265696
Done mass_function_like status = 0 

Pipeline ran okay.
Likelihood hmf_counts = -15.974287521094084
Posterior = -10.342737938557423 for parameter set #165: [0.2916038796869758, 0.7994630253103017, -1.0065509597155047]
Running module mass_function_like
Model N: 1891277.9684597778
Done mass_function_like status = 0 

Pipeline ran okay.
Likelihood hmf_counts = -9.014069210737944
Posterior = -3.290027193907685 for parameter set #165: [0.29276272679711196, 0.7937110086703137, -1.0021766205631215]
Running module mass_function_like
Model N: 1888881.2830731834
Done mass_function_like status = 0 

Pipeline ran okay.
Likelihood hmf_counts = -8.235023822635412
Posterior = -2.255368225696726 for parameter set #165: [0.29886082364733807, 0.7985676232434499, -0.9992885648413549]
Running module mass_function_like
Model N: 1887983.7099651943
Done mass_function_like status = 0 

Pipeline ran okay.
Likelihood hmf_counts = -8.725790258497
Posterior = -3.602934010188152 for parameter set #165: [0.31313889441415566, 0.7934245548316743, -0.998208144482654]
Running module mass_function_like
Model N: 1890121.1250638324
Done mass_function_like status = 0 

Pipeline ran okay.
Likelihood hmf_counts = -8.25873551517725
Posterior = -2.365175460742936 for parameter set #166: [0.3043029944272278, 0.7947806666914481, -1.0007830467696426]
Model N: 1889582.1944867745
Done mass_function_like status = 0 

Pipeline ran okay.
Likelihood hmf_counts = -8.14847507327795
Posterior = -2.377819973587526 for parameter set #166: [0.30656526518065247, 0.797583440447445, -1.000132935953877]
Model N: 1887791.5327641335
Done mass_function_like status = 0 

Pipeline ran okay.
Likelihood hmf_counts = -8.886359415948391
Posterior = -3.2694712637279775 for parameter set #166: [0.29140841578179516, 0.8068002390771701, -0.9979762972683216]
Model N: 1888493.5896762386
Done mass_function_like status = 0 

Pipeline ran okay.
Likelihood hmf_counts = -8.39463670924306
Posterior = -2.5777624676443134 for parameter set #166: [0.2941823388524258, 0.8028526577059583, -0.9988221204515149]
Running module mass_function_like
Running module mass_function_like
Running module mass_function_like
Running module mass_function_like
Model N: 1893020.2482408644
Done mass_function_like status = 0 

Pipeline ran okay.
Likelihood hmf_counts = -11.485457483679056
Posterior = -5.649418039599205 for parameter set #167: [0.30546289746940614, 0.7655604824312007, -1.0042751137158727]
Running module mass_function_like
Model N: 1889862.62245681
Done mass_function_like status = 0 

Pipeline ran okay.
Likelihood hmf_counts = -8.186673045158386
Posterior = -2.214103450342254 for parameter set #167: [0.2983514367375933, 0.808606767465705, -1.00047156724519]
Running module mass_function_like
Model N: 1889852.2325002244
Done mass_function_like status = 0 

Pipeline ran okay.
Likelihood hmf_counts = -8.184515580534935
Posterior = -2.1987146966684428 for parameter set #167: [0.2997323715401407, 0.7972026006104552, -1.0004584522031512]
Running module mass_function_like
Model N: 1888561.1396523025
Done mass_function_like status = 0 

Pipeline ran okay.
Likelihood hmf_counts = -8.361098803579807
Posterior = -2.697399890804 for parameter set #167: [0.30803007497408214, 0.7985310823303751, -0.9989037835291686]
Running module mass_function_like
Model N: 1890324.5943125363
Done mass_function_like status = 0 

Pipeline ran okay.
Likelihood hmf_counts = -8.340313605964184
Posterior = -2.3667868065383377 for parameter set #168: [0.2984131846012967, 0.7969919305875682, -1.0010276456256746]
Model N: 1888839.9169544664
Done mass_function_like status = 0 

Pipeline ran okay.
Likelihood hmf_counts = -8.248260207474232
Posterior = -2.713692016217337 for parameter set #168: [0.2904966074680825, 0.8071505112259939, -0.9992387061693089]
Model N: 1890954.7558399434
Done mass_function_like status = 0 

Pipeline ran okay.
Likelihood hmf_counts = -8.731834013015032
Posterior = -3.6801824413668935 for parameter set #168: [0.3136701014277593, 0.757779003309916, -1.0017865098711143]
Model N: 1890162.0592861185
Done mass_function_like status = 0 

Pipeline ran okay.
Likelihood hmf_counts = -8.273388262838125
Posterior = -2.8128903380563006 for parameter set #168: [0.31025316480221765, 0.7967177405722274, -1.0008324741588033]
Running module mass_function_like
Running module mass_function_like
Running module mass_function_like
Running module mass_function_like
Model N: 1890764.638677954
Done mass_function_like status = 0 

Pipeline ran okay.
Likelihood hmf_counts = -8.591603841632605
Posterior = -2.6658879307230183 for parameter set #169: [0.30347367951804044, 0.7935370775975039, -1.001557946535665]
Running module mass_function_like
Model N: 1888475.06201297
Done mass_function_like status = 0 

Pipeline ran okay.
Likelihood hmf_counts = -8.404257971793413
Posterior = -2.8776357474437804 for parameter set #169: [0.2904138090881245, 0.804028733368325, -0.99879989662113]
Running module mass_function_like
Model N: 1891014.6522887764
Done mass_function_like status = 0 

Pipeline ran okay.
Likelihood hmf_counts = -8.779970236122608
Posterior = -3.0384306816688955 for parameter set #169: [0.3069922403418221, 0.7980115617582976, -1.001859238056403]
Running module mass_function_like
Model N: 1897228.4374538346
Done mass_function_like status = 0 

Pipeline ran okay.
Likelihood hmf_counts = -24.050500229001045
Posterior = -18.378899716328377 for parameter set #169: [0.3078765811573415, 0.7117265732193019, -1.009344893190024]
Running module mass_function_like
Model N: 1891959.9541957672
Done mass_function_like status = 0 

Pipeline ran okay.
Likelihood hmf_counts = -9.790629912167788
Posterior = -4.764009452450232 for parameter set #170: [0.31384990784285555, 0.7457134645103145, -1.002997738329938]
Model N: 1890213.5965995616
Done mass_function_like status = 0 

Pipeline ran okay.
Likelihood hmf_counts = -8.29309667646885
Posterior = -2.3202475924029144 for parameter set #170: [0.3016297525050823, 0.7957843057770446, -1.000894064261782]
Model N: 1889312.349760393
Done mass_function_like status = 0 

Pipeline ran okay.
Likelihood hmf_counts = -8.151007372885942
Posterior = -2.5482643642310796 for parameter set #170: [0.30875699347802416, 0.7981983504060147, -0.9998084158355831]
Model N: 1886552.583635176
Done mass_function_like status = 0 

Pipeline ran okay.
Likelihood hmf_counts = -10.391745381057262
Posterior = -5.082260007362137 for parameter set #170: [0.2883718783504143, 0.8197514815461487, -0.9964840973639448]
Running module mass_function_like
Running module mass_function_like
Running module mass_function_like
Running module mass_function_like
Model N: 1885884.5741875058
Done mass_function_like status = 0 

Pipeline ran okay.
Likelihood hmf_counts = -11.541481245309114
Posterior = -7.069257686289479 for parameter set #171: [0.31739547487258324, 0.7902480357341674, -0.9956797488099803]
Running module mass_function_like
Model N: 1892608.0564701122
Done mass_function_like status = 0 

Pipeline ran okay.
Likelihood hmf_counts = -10.756125465035439
Posterior = -4.799731686722481 for parameter set #171: [0.2975891095165131, 0.7987456924600433, -1.00377829279029]
Running module mass_function_like
Model N: 1888660.432175744
Done mass_function_like status = 0 

Pipeline ran okay.
Likelihood hmf_counts = -8.316189013421535
Posterior = -2.345899720937676 for parameter set #171: [0.30177946714501697, 0.8016038726793799, -0.9990231820495056]
Running module mass_function_like
Model N: 1888509.916152028
Done mass_function_like status = 0 

Pipeline ran okay.
Likelihood hmf_counts = -8.386309243738651
Posterior = -2.408676719291247 for parameter set #171: [0.30130153292945827, 0.827550035101738, -0.9988419544868272]
Running module mass_function_like
Model N: 1890091.593380466
Done mass_function_like status = 0 

Pipeline ran okay.
Likelihood hmf_counts = -8.248714692890644
Posterior = -3.524576578880822 for parameter set #172: [0.28411287643903316, 0.8128838092375296, -1.0007473758531784]
Model N: 1888105.6162481166
Done mass_function_like status = 0 

Pipeline ran okay.
Likelihood hmf_counts = -8.63408264145255
Posterior = -2.9157259436216734 for parameter set #172: [0.2926832046133898, 0.8053988830442206, -0.9983547263341515]
Model N: 1889199.9470876008
Done mass_function_like status = 0 

Pipeline ran okay.
Likelihood hmf_counts = -8.16343318298459
Posterior = -2.1779110309341316 for parameter set #172: [0.2996416677645437, 0.7977160744233535, -0.9996727158738965]
Model N: 1890895.1005840339
Done mass_function_like status = 0 

Pipeline ran okay.
Likelihood hmf_counts = -8.685775928199291
Posterior = -2.703636358174805 for parameter set #172: [0.30088123673010514, 0.7948208616016887, -1.001714974363282]
Running module mass_function_like
Running module mass_function_like
Running module mass_function_like
Running module mass_function_like
Model N: 1887801.2206774298
Done mass_function_like status = 0 

Pipeline ran okay.
Likelihood hmf_counts = -8.87779626995325
Posterior = -4.041669404893109 for parameter set #173: [0.31516469789455975, 0.7927804391514137, -0.9979883264490164]
Running module mass_function_like
Model N: 1888626.6463486503
Done mass_function_like status = 0 

Pipeline ran okay.
Likelihood hmf_counts = -8.33088407292962
Posterior = -2.4167284018220716 for parameter set #173: [0.303793734750462, 0.8339555860938194, -0.9989828485030228]
Running module mass_function_like
Model N: 1894153.3680103838
Done mass_function_like status = 0 

Pipeline ran okay.
Likelihood hmf_counts = -13.951908115297556
Posterior = -8.63257131981018 for parameter set #173: [0.2884653387221378, 0.7994580126840494, -1.0056403338337603]
Running module mass_function_like
Model N: 1888410.4456405523
Done mass_function_like status = 0 

Pipeline ran okay.
Likelihood hmf_counts = -8.439235918223858
Posterior = -2.4966258472191125 for parameter set #173: [0.302948822876945, 0.8008049678822676, -0.9987219941507443]
Running module mass_function_like
Model N: 1888655.2482653598
Done mass_function_like status = 0 

Pipeline ran okay.
Likelihood hmf_counts = -8.318404469639063
Posterior = -2.719899934887774 for parameter set #174: [0.2911952658175033, 0.803341310096686, -0.9990175247907417]
Model N: 1891077.7220375887
Done mass_function_like status = 0 

Pipeline ran okay.
Likelihood hmf_counts = -8.83270563185215
Posterior = -3.9209440206075286 for parameter set #174: [0.3146575621250994, 0.7549678350043052, -1.0019352997178381]
Model N: 1889958.350364264
Done mass_function_like status = 0 

Pipeline ran okay.
Likelihood hmf_counts = -8.209237840026617
Posterior = -2.324956083733465 for parameter set #174: [0.30451376972639177, 0.7950967322298935, -1.0005861014016093]
Model N: 1890246.8501095176
Done mass_function_like status = 0 

Pipeline ran okay.
Likelihood hmf_counts = -8.306558717042208
Posterior = -3.6911508059519917 for parameter set #174: [0.2834427179465173, 0.8134690945092545, -1.0009344695515956]
Running module mass_function_like
Running module mass_function_like
Running module mass_function_like
Running module mass_function_like
Model N: 1891036.087989188
Done mass_function_like status = 0 

Pipeline ran okay.
Likelihood hmf_counts = -8.797657798975706
Posterior = -3.2738850396471975 for parameter set #175: [0.3096147703870227, 0.7832850480043654, -1.001885260968166]
Running module mass_function_like
Model N: 1891478.002998362
Done mass_function_like status = 0 

Pipeline ran okay.
Likelihood hmf_counts = -9.216388825327158
Posterior = -3.2631263512221 for parameter set #175: [0.3025540118949198, 0.7921580011893792, -1.002417270560929]
Running module mass_function_like
Model N: 1891597.5602133945
Done mass_function_like status = 0 

Pipeline ran okay.
Likelihood hmf_counts = -9.347401764243841
Posterior = -3.48271381673206 for parameter set #175: [0.30492246837486003, 0.7877049405623752, -1.0025616234344175]
Running module mass_function_like
Model N: 1888908.0722225972
Done mass_function_like status = 0 

Pipeline ran okay.
Likelihood hmf_counts = -8.226935256272554
Posterior = -2.3269388324736964 for parameter set #175: [0.3041509053210746, 0.7933309685616708, -0.9993214864957896]
Running module mass_function_like
Model N: 1887629.0468731893
Done mass_function_like status = 0 

Pipeline ran okay.
Likelihood hmf_counts = -9.03739733621478
Posterior = -3.2332374542412117 for parameter set #176: [0.2939706801815939, 0.8071792485451887, -0.9977812236995925]
Model N: 1891623.3074345367
Done mass_function_like status = 0 

Pipeline ran okay.
Likelihood hmf_counts = -9.376603841781616
Posterior = -3.4215957189466364 for parameter set #176: [0.29751704664694506, 0.7953014432263831, -1.0025927134359238]
Model N: 1888975.377324768
Done mass_function_like status = 0 

Pipeline ran okay.
Likelihood hmf_counts = -8.208290364593267
Posterior = -2.8237468683761726 for parameter set #176: [0.3109691221170385, 0.799815323442623, -0.999402983406503]
Model N: 1888924.224917215
Done mass_function_like status = 0 

Pipeline ran okay.
Likelihood hmf_counts = -8.22224185615778
Posterior = -2.7190444342743803 for parameter set #176: [0.29017197463029554, 0.8089204632681236, -0.9993414784880673]
Running module mass_function_like
Running module mass_function_like
Running module mass_function_like
Running module mass_function_like
Model N: 1891578.1845153156
Done mass_function_like status = 0 

Pipeline ran okay.
Likelihood hmf_counts = -9.325656995177269
Posterior = -3.9064796020203145 for parameter set #177: [0.3106458457169352, 0.7818338838118452, -1.0025375951188502]
Running module mass_function_like
Model N: 1891736.6934947406
Done mass_function_like status = 0 

Pipeline ran okay.
Likelihood hmf_counts = -9.509369485080242
Posterior = -3.548217506225595 for parameter set #177: [0.3022201397471642, 0.7916573472675446, -1.0027292358304678]
Running module mass_function_like
Model N: 1888311.4949581327
Done mass_function_like status = 0 

Pipeline ran okay.
Likelihood hmf_counts = -8.497087430208921
Posterior = -2.782771761680263 for parameter set #177: [0.3073723301296307, 0.8028545160366007, -0.9986029207589312]
Running module mass_function_like
Model N: 1891414.9414096521
Done mass_function_like status = 0 

Pipeline ran okay.
Likelihood hmf_counts = -9.150325745344162
Posterior = -3.1648655739461153 for parameter set #177: [0.29970494603918124, 0.796999726732738, -1.002341205472546]
Running module mass_function_like
Model N: 1889725.739634172
Done mass_function_like status = 0 

Pipeline ran okay.
Likelihood hmf_counts = -8.162829644978046
Posterior = -3.159075734182678 for parameter set #178: [0.28598278977073177, 0.8101507919000748, -1.0003063950841236]
Model N: 1887665.9051611533
Done mass_function_like status = 0 

Pipeline ran okay.
Likelihood hmf_counts = -9.001908279955387
Posterior = -3.1849083940453022 for parameter set #178: [0.29418737505914067, 0.8066323345204129, -0.9978247376035512]
Model N: 1887034.1090878558
Done mass_function_like status = 0 

Pipeline ran okay.
Likelihood hmf_counts = -9.709914393723011
Posterior = -3.97834785441675 for parameter set #178: [0.30712982508547554, 0.8545004515230944, -0.9970641876878378]
Model N: 1889953.3903666001
Done mass_function_like status = 0 

Pipeline ran okay.
Likelihood hmf_counts = -8.207949601113796
Posterior = -7.576320450593173 for parameter set #178: [0.2672753197701688, 0.8237068696043564, -1.0005811455257017]
Running module mass_function_like
Running module mass_function_like
Running module mass_function_like
Running module mass_function_like
Model N: 1889482.6664932303
Done mass_function_like status = 0 

Pipeline ran okay.
Likelihood hmf_counts = -8.14492330700159
Posterior = -3.0238218050888026 for parameter set #179: [0.31315346347741835, 0.787908385810723, -1.0000130985287268]
Running module mass_function_like
Model N: 1892275.0750051313
Done mass_function_like status = 0 

Pipeline ran okay.
Likelihood hmf_counts = -10.232389561831951
Posterior = -6.4570465097910414 for parameter set #179: [0.3210250131227537, 0.768240590692225, -1.0033781108611546]
Running module mass_function_like
Model N: 1889995.7174035006
Done mass_function_like status = 0 

Pipeline ran okay.
Likelihood hmf_counts = -8.21936134621501
Posterior = -3.061824270563598 for parameter set #179: [0.3128733250096494, 0.7816864918276832, -1.000631792347561]
Running module mass_function_like
Model N: 1889570.3078183602
Done mass_function_like status = 0 

Pipeline ran okay.
Likelihood hmf_counts = -8.1477752327919
Posterior = -2.3145285809392853 for parameter set #179: [0.2944696808961791, 0.7998711439695705, -1.0001199122351432]
Running module mass_function_like
Model N: 1888849.6513136001
Done mass_function_like status = 0 

Pipeline ran okay.
Likelihood hmf_counts = -8.245063856244087
Posterior = -2.78804851413435 for parameter set #180: [0.310287139027932, 0.8003915808300079, -0.9992512845599253]
Model N: 1891943.4899549107
Done mass_function_like status = 0 

Pipeline ran okay.
Likelihood hmf_counts = -9.768989827483892
Posterior = -3.8422551873948185 for parameter set #180: [0.29656513671785445, 0.7945719010457019, -1.00297808269201]
Model N: 1890309.4184127112
Done mass_function_like status = 0 

Pipeline ran okay.
Likelihood hmf_counts = -8.33347350358963
Posterior = -2.4298266657438807 for parameter set #180: [0.30406132466154306, 0.7944182737311719, -1.001008859476986]
Model N: 1890689.690087119
Done mass_function_like status = 0 

Pipeline ran okay.
Likelihood hmf_counts = -8.541571538895369
Posterior = -4.135236512663309 for parameter set #180: [0.3177748521500667, 0.7340916669412805, -1.0014672882098867]
Running module mass_function_like
Running module mass_function_like
Running module mass_function_like
Running module mass_function_like
Model N: 1889425.3715730382
Done mass_function_like status = 0 

Pipeline ran okay.
Likelihood hmf_counts = -8.145256292074919
Posterior = -5.292845272681043 for parameter set #181: [0.3250350088797851, 0.7803009297945841, -0.9999451726739453]
Running module mass_function_like
Model N: 1890241.802972008
Done mass_function_like status = 0 

Pipeline ran okay.
Likelihood hmf_counts = -8.304477844387293
Posterior = -5.080400475003982 for parameter set #181: [0.3235034003474235, 0.7711829078055389, -1.0009274579301684]
Running module mass_function_like
Model N: 1887311.6881132955
Done mass_function_like status = 0 

Pipeline ran okay.
Likelihood hmf_counts = -9.372775055468082
Posterior = -3.5507076637713775 for parameter set #181: [0.3057230003701023, 0.8513929432047138, -0.9973982318604692]
Running module mass_function_like
Model N: 1891591.3567088277
Done mass_function_like status = 0 

Pipeline ran okay.
Likelihood hmf_counts = -9.340418182313442
Posterior = -3.8454230675089063 for parameter set #181: [0.30990805895352064, 0.7826940635207627, -1.0025543759062252]
Running module mass_function_like
Model N: 1890669.4097400978
Done mass_function_like status = 0 

Pipeline ran okay.
Likelihood hmf_counts = -8.528543688356876
Posterior = -4.107806693790392 for parameter set #182: [0.31769366199088445, 0.7348105647508775, -1.0014432598201561]
Model N: 1887583.5148210844
Done mass_function_like status = 0 

Pipeline ran okay.
Likelihood hmf_counts = -9.082232590764761
Posterior = -4.21588811683183 for parameter set #182: [0.2850362681057336, 0.8153425327128404, -0.99772543278885]
Model N: 1889913.79353621
Done mass_function_like status = 0 

Pipeline ran okay.
Likelihood hmf_counts = -8.198131926357746
Posterior = -2.2454131988276638 for parameter set #182: [0.3025859845569018, 0.7962432672189359, -1.0005330961920689]
Model N: 1891365.7108517084
Done mass_function_like status = 0 

Pipeline ran okay.
Likelihood hmf_counts = -9.100211881101131
Posterior = -4.323976242798821 for parameter set #182: [0.3155542501251373, 0.7765328191451413, -1.0022820809419015]
Running module mass_function_like
Running module mass_function_like
Running module mass_function_like
Running module mass_function_like
Model N: 1891031.9585158085
Done mass_function_like status = 0 

Pipeline ran okay.
Likelihood hmf_counts = -8.794231500476599
Posterior = -2.8614924161420916 for parameter set #183: [0.3032635518468414, 0.7928614978140988, -1.0018792558667589]
Running module mass_function_like
Model N: 1892027.1466138698
Done mass_function_like status = 0 

Pipeline ran okay.
Likelihood hmf_counts = -9.880429055541754
Posterior = -9.284412250831359 for parameter set #183: [0.2671680675467907, 0.7708422132601247, -1.0030782137007235]
Running module mass_function_like
Model N: 1890078.3613390375
Done mass_function_like status = 0 

Pipeline ran okay.
Likelihood hmf_counts = -8.244374375790358
Posterior = -2.3206337313644614 for parameter set #183: [0.3035327642115037, 0.8140420245526082, -1.0007315525128135]
Running module mass_function_like
Model N: 1887446.0998925848
Done mass_function_like status = 0 

Pipeline ran okay.
Likelihood hmf_counts = -9.224210653454065
Posterior = -3.733990579475112 for parameter set #183: [0.30995642474819607, 0.8064238555738593, -0.9975608405593575]
Running module mass_function_like
Model N: 1887568.4285655299
Done mass_function_like status = 0 

Pipeline ran okay.
Likelihood hmf_counts = -9.097330451011658
Posterior = -3.146860503295967 for parameter set #184: [0.29733778415920326, 0.818856572489495, -0.9977082577823005]
Model N: 1889916.5716463227
Done mass_function_like status = 0 

Pipeline ran okay.
Likelihood hmf_counts = -8.198793675750494
Posterior = -2.215573187136389 for parameter set #184: [0.3007661153822541, 0.8175103350925274, -1.0005360082371946]
Model N: 1889380.3743373794
Done mass_function_like status = 0 

Pipeline ran okay.
Likelihood hmf_counts = -8.1467358879745
Posterior = -2.6730169594439372 for parameter set #184: [0.31012373448571023, 0.7962342109062777, -0.999891415111864]
Model N: 1888670.6844114687
Done mass_function_like status = 0 

Pipeline ran okay.
Likelihood hmf_counts = -8.311849407851696
Posterior = -2.3312054361800225 for parameter set #184: [0.2989531917259374, 0.8203982911259876, -0.9990355492200108]
Running module mass_function_like
Running module mass_function_like
Running module mass_function_like
Running module mass_function_like
Model N: 1888746.8005153309
Done mass_function_like status = 0 

Pipeline ran okay.
Likelihood hmf_counts = -8.281371757388115
Posterior = -8.159251275752485 for parameter set #185: [0.3342461995557142, 0.7749867339256233, -0.999126889862411]
Running module mass_function_like
Model N: 1891538.4037295375
Done mass_function_like status = 0 

Pipeline ran okay.
Likelihood hmf_counts = -9.28163357079029
Posterior = -4.217718480686109 for parameter set #185: [0.31357898737077794, 0.7679520438047809, -1.002489729171369]
Running module mass_function_like
Model N: 1890548.8564319226
Done mass_function_like status = 0 

Pipeline ran okay.
Likelihood hmf_counts = -8.455588921904564
Posterior = -2.519445638754857 for parameter set #185: [0.3031604420507936, 0.8076926751080457, -1.0012981896504336]
Running module mass_function_like
Model N: 1891677.5478162593
Done mass_function_like status = 0 

Pipeline ran okay.
Likelihood hmf_counts = -9.439267862588167
Posterior = -4.011197274308809 for parameter set #185: [0.31056168384930977, 0.7819668260236232, -1.0026574454163384]
Running module mass_function_like
Model N: 1891634.7228009026
Done mass_function_like status = 0 

Pipeline ran okay.
Likelihood hmf_counts = -9.389662969857454
Posterior = -3.4051400031062045 for parameter set #186: [0.30051125002071466, 0.7597688137126003, -1.0026064077984886]
Model N: 1890306.085090249
Done mass_function_like status = 0 

Pipeline ran okay.
Likelihood hmf_counts = -8.331987414509058
Posterior = -2.846623027103824 for parameter set #186: [0.31000754315467116, 0.7563427620683196, -1.001005289828769]
Model N: 1886781.471402072
Done mass_function_like status = 0 

Pipeline ran okay.
Likelihood hmf_counts = -10.052299045026302
Posterior = -4.898738991279147 for parameter set #186: [0.2870997318786688, 0.8160943759103632, -0.9967600123706202]
Model N: 1889839.7672628157
Done mass_function_like status = 0 

Pipeline ran okay.
Likelihood hmf_counts = -8.182002540677786
Posterior = -4.247511430588142 for parameter set #186: [0.27974330444892825, 0.8177082957525009, -1.0004434955820305]
Running module mass_function_like
Running module mass_function_like
Running module mass_function_like
Running module mass_function_like
Model N: 1890690.861032824
Done mass_function_like status = 0 

Pipeline ran okay.
Likelihood hmf_counts = -8.542330384254456
Posterior = -2.7625158097003917 for parameter set #187: [0.30642256828431647, 0.7757554131187065, -1.0014698732098448]
Running module mass_function_like
Model N: 1889904.793706105
Done mass_function_like status = 0 

Pipeline ran okay.
Likelihood hmf_counts = -8.196016177535057
Posterior = -3.1499491847094774 for parameter set #187: [0.31371195737274205, 0.7891029921243671, -1.0005224933530368]
Running module mass_function_like
Model N: 1884059.4642113387
Done mass_function_like status = 0 

Pipeline ran okay.
Likelihood hmf_counts = -15.891919024288654
Posterior = -10.372793847596435 for parameter set #187: [0.30964281640314695, 0.9203044811181033, -0.9934811041824013]
Running module mass_function_like
Model N: 1887599.762011217
Done mass_function_like status = 0 

Pipeline ran okay.
Likelihood hmf_counts = -9.066107884049416
Posterior = -3.698838730208476 for parameter set #187: [0.31112336455422746, 0.8044021881761905, -0.9977453653151986]
Running module mass_function_like
Model N: 1890602.9895569624
Done mass_function_like status = 0 

Pipeline ran okay.
Likelihood hmf_counts = -8.487398128956556
Posterior = -2.6063747231079546 for parameter set #188: [0.3045837375884798, 0.80365798032976, -1.0013627949327752]
Model N: 1885718.0268585407
Done mass_function_like status = 0 

Pipeline ran okay.
Likelihood hmf_counts = -11.865046389400959
Posterior = -9.355149406932007 for parameter set #188: [0.2736361983372902, 0.8201542781020468, -0.9954781757490972]
Model N: 1889582.3824953581
Done mass_function_like status = 0 

Pipeline ran okay.
Likelihood hmf_counts = -8.148486744612455
Posterior = -2.474136200911137 for parameter set #188: [0.2921029361950043, 0.8013865113402183, -1.0001334427272999]
Model N: 1889630.5038502968
Done mass_function_like status = 0 

Pipeline ran okay.
Likelihood hmf_counts = -8.152088779956102
Posterior = -2.938907617991286 for parameter set #188: [0.3124337165167976, 0.7947269984957925, -1.0001909808897478]
Running module mass_function_like
Running module mass_function_like
Running module mass_function_like
Running module mass_function_like
Model N: 1891661.5828781493
Done mass_function_like status = 0 

Pipeline ran okay.
Likelihood hmf_counts = -9.420662209391594
Posterior = -3.4391606206191483 for parameter set #189: [0.30092949810227865, 0.7584189166773533, -1.0026385426549937]
Running module mass_function_like
Model N: 1892407.4448893152
Done mass_function_like status = 0 

Pipeline ran okay.
Likelihood hmf_counts = -10.433584816753864
Posterior = -7.046189875602217 for parameter set #189: [0.3227953912289202, 0.7677788417594382, -1.0035362980670304]
Running module mass_function_like
Model N: 1889402.8293206363
Done mass_function_like status = 0 

Pipeline ran okay.
Likelihood hmf_counts = -8.145863566547632
Posterior = -6.586027282401633 for parameter set #189: [0.329753429714991, 0.7772798430795249, -0.9999181978354377]
Running module mass_function_like
Model N: 1887222.2745959957
Done mass_function_like status = 0 

Pipeline ran okay.
Likelihood hmf_counts = -9.476911149919033
Posterior = -4.228326426708918 for parameter set #189: [0.3121426335804475, 0.8039809996729272, -0.9972905971319161]
Running module mass_function_like
Model N: 1888725.1229266166
Done mass_function_like status = 0 

Pipeline ran okay.
Likelihood hmf_counts = -8.289739146828651
Posterior = -2.3352478659147167 for parameter set #190: [0.2974845345492233, 0.8070219573811901, -0.9991010598900535]
Model N: 1889978.040355447
Done mass_function_like status = 0 

Pipeline ran okay.
Likelihood hmf_counts = -8.214480210095644
Posterior = -3.7736476551777454 for parameter set #190: [0.31758020681236876, 0.8173520057117933, -1.0006100000667033]
Model N: 1890337.4544940267
Done mass_function_like status = 0 

Pipeline ran okay.
Likelihood hmf_counts = -8.346205286681652
Posterior = -3.0869354853500948 for parameter set #190: [0.3120569091339323, 0.7521873482066221, -1.0010433321541616]
Model N: 1889107.0823513921
Done mass_function_like status = 0 

Pipeline ran okay.
Likelihood hmf_counts = -8.178744815289974
Posterior = -2.8259696189006505 for parameter set #190: [0.31125508520678596, 0.8082592408033249, -0.999561678180578]
Running module mass_function_like
Running module mass_function_like
Running module mass_function_like
Running module mass_function_like
Model N: 1889427.8182969193
Done mass_function_like status = 0 

Pipeline ran okay.
Likelihood hmf_counts = -8.145206563174725
Posterior = -3.0966824891384395 for parameter set #191: [0.2863058749615066, 0.813755365280006, -0.9999469218474362]
Running module mass_function_like
Model N: 1885842.659617301
Done mass_function_like status = 0 

Pipeline ran okay.
Likelihood hmf_counts = -11.62152437493205
Posterior = -5.720159462623515 for parameter set #191: [0.3040951009401661, 0.8747502752284844, -0.9956288516589531]
Running module mass_function_like
Model N: 1891822.3251220353
Done mass_function_like status = 0 

Pipeline ran okay.
Likelihood hmf_counts = -9.614136014133692
Posterior = -4.66558571019259 for parameter set #191: [0.314402903532798, 0.7706302530314509, -1.002832182669702]
Running module mass_function_like
Model N: 1890762.7979595168
Done mass_function_like status = 0 

Pipeline ran okay.
Likelihood hmf_counts = -8.590339496731758
Posterior = -2.708470873526437 for parameter set #191: [0.30456464294664304, 0.8028118373629426, -1.0015560745049124]
Running module mass_function_like
Model N: 1887804.617881155
Done mass_function_like status = 0 

Pipeline ran okay.
Likelihood hmf_counts = -8.874805264174938
Posterior = -3.8832445094429504 for parameter set #192: [0.31410253319120157, 0.8061020075753101, -0.9979922601087029]
Model N: 1885345.4645839955
Done mass_function_like status = 0 

Pipeline ran okay.
Likelihood hmf_counts = -12.642219435423613
Posterior = -10.837592822808109 for parameter set #192: [0.271085270973224, 0.8335841313216283, -0.9950298256060008]
Model N: 1890081.8292757904
Done mass_function_like status = 0 

Pipeline ran okay.
Likelihood hmf_counts = -8.245502959936857
Posterior = -2.3653696500661434 for parameter set #192: [0.30460454442453677, 0.7753278821968232, -1.0007356778082415]
Model N: 1889361.9022780876
Done mass_function_like status = 0 

Pipeline ran okay.
Likelihood hmf_counts = -8.147653557360172
Posterior = -3.0503054718055216 for parameter set #192: [0.28666717906128714, 0.8150615884857626, -0.9998687539177663]
Running module mass_function_like
Running module mass_function_like
Running module mass_function_like
Running module mass_function_like
Model N: 1889434.7710689602
Done mass_function_like status = 0 

Pipeline ran okay.
Likelihood hmf_counts = -8.145082529634237
Posterior = -6.064549583388372 for parameter set #193: [0.2720513453768526, 0.8257224693730336, -0.9999563457904209]
Running module mass_function_like
Model N: 1891113.945701481
Done mass_function_like status = 0 

Pipeline ran okay.
Likelihood hmf_counts = -8.863944016397
Posterior = -3.4012654440335908 for parameter set #193: [0.31023029911672684, 0.7809042740365948, -1.0019791174716794]
Running module mass_function_like
Model N: 1891383.7284300756
Done mass_function_like status = 0 

Pipeline ran okay.
Likelihood hmf_counts = -9.11840421706438
Posterior = -3.5051865118841636 for parameter set #193: [0.3086334992463616, 0.7886689697250082, -1.0023033297002688]
Running module mass_function_like
Model N: 1891760.7001364261
Done mass_function_like status = 0 

Pipeline ran okay.
Likelihood hmf_counts = -9.538350023329258
Posterior = -3.5531159074386167 for parameter set #193: [0.29966678765562327, 0.7575926626769754, -1.002757714732846]
Running module mass_function_like
Model N: 1890069.1778292786
Done mass_function_like status = 0 

Pipeline ran okay.
Likelihood hmf_counts = -8.241416484117508
Posterior = -3.4067777639305064 for parameter set #194: [0.31517567015047354, 0.7618226625659126, -1.0007207632535506]
Model N: 1888602.0035205998
Done mass_function_like status = 0 

Pipeline ran okay.
Likelihood hmf_counts = -8.341983765363693
Posterior = -2.7074599379338204 for parameter set #194: [0.29161440737588634, 0.8124324306080488, -0.9989524119852237]
Model N: 1891762.4457593625
Done mass_function_like status = 0 

Pipeline ran okay.
Likelihood hmf_counts = -9.54046918079257
Posterior = -5.1328594096277405 for parameter set #194: [0.31776614063867215, 0.7484140823218952, -1.0027603645412662]
Model N: 1890857.945074271
Done mass_function_like status = 0 

Pipeline ran okay.
Likelihood hmf_counts = -8.658039662986994
Posterior = -3.3874609214031484 for parameter set #194: [0.28803796594354986, 0.8148254537907235, -1.0016702235062749]
Running module mass_function_like
Running module mass_function_like
Running module mass_function_like
Running module mass_function_like
Model N: 1884280.140516788
Done mass_function_like status = 0 

Pipeline ran okay.
Likelihood hmf_counts = -15.271738655865192
Posterior = -9.98942181250997 for parameter set #195: [0.3118481864838594, 0.9013337114683593, -0.993746905384554]
Running module mass_function_like
Model N: 1890190.2587669506
Done mass_function_like status = 0 

Pipeline ran okay.
Likelihood hmf_counts = -8.283998023718596
Posterior = -4.580221740319167 for parameter set #195: [0.3213651856035814, 0.781803284795395, -1.0008655053253852]
Running module mass_function_like
Model N: 1891541.8371703504
Done mass_function_like status = 0 

Pipeline ran okay.
Likelihood hmf_counts = -9.285400237888098
Posterior = -4.933981796847769 for parameter set #195: [0.31808004421088926, 0.8023260035758493, -1.0024943270490194]
Running module mass_function_like
Model N: 1884151.2960165355
Done mass_function_like status = 0 

Pipeline ran okay.
Likelihood hmf_counts = -15.630689691752195
Posterior = -10.73175949194536 for parameter set #195: [0.3147321815035765, 0.8152804346832575, -0.993591476501084]
Running module mass_function_like
Model N: 1889833.8475436876
Done mass_function_like status = 0 

Pipeline ran okay.
Likelihood hmf_counts = -8.180837891995907
Posterior = -2.194873782021639 for parameter set #196: [0.30019790367935706, 0.8171950579057699, -1.0004376858341626]
Model N: 1885042.9831848224
Done mass_function_like status = 0 

Pipeline ran okay.
Likelihood hmf_counts = -13.327470611780882
Posterior = -10.189354806787332 for parameter set #196: [0.27613944358708625, 0.8504602507085529, -0.9946653002192976]
Model N: 1886943.883247491
Done mass_function_like status = 0 

Pipeline ran okay.
Likelihood hmf_counts = -9.828303828835487
Posterior = -8.00249271741824 for parameter set #196: [0.3288440461755467, 0.8020431717596765, -0.996955636527428]
Model N: 1888701.337250351
Done mass_function_like status = 0 

Pipeline ran okay.
Likelihood hmf_counts = -8.299206633120775
Posterior = -3.6990223688410495 for parameter set #196: [0.3166489770069341, 0.8067337525638413, -0.9990718126975451]
Running module mass_function_like
Running module mass_function_like
Running module mass_function_like
Running module mass_function_like
Model N: 1883958.0624574728
Done mass_function_like status = 0 

Pipeline ran okay.
Likelihood hmf_counts = -16.18558645620942
Posterior = -10.353690741423485 for parameter set #197: [0.29448513164441553, 0.9406720549422779, -0.9933593101756157]
Running module mass_function_like
Model N: 1891040.5508223074
Done mass_function_like status = 0 

Pipeline ran okay.
Likelihood hmf_counts = -8.801370818167925
Posterior = -3.029058898440068 for parameter set #197: [0.3065372605888524, 0.7915959111692609, -1.0018905977339647]
Running module mass_function_like
Model N: 1890206.2927282332
Done mass_function_like status = 0 

Pipeline ran okay.
Likelihood hmf_counts = -8.29021817445755
Posterior = -4.26034681444413 for parameter set #197: [0.31978008592119467, 0.7782499534883366, -1.0008850139842387]
Running module mass_function_like
Model N: 1884782.9936435998
Done mass_function_like status = 0 

Pipeline ran okay.
Likelihood hmf_counts = -13.955338418483734
Posterior = -8.927293301118695 for parameter set #197: [0.31383133911795297, 0.8416594767382016, -0.9943525379042722]
Running module mass_function_like
Model N: 1889190.5018522223
Done mass_function_like status = 0 

Pipeline ran okay.
Likelihood hmf_counts = -8.16478195041418
Posterior = -2.392706329444497 for parameter set #198: [0.29345648112464284, 0.8228005712977625, -0.9996623487066894]
Model N: 1889646.5005352807
Done mass_function_like status = 0 

Pipeline ran okay.
Likelihood hmf_counts = -8.153557557612658
Posterior = -2.454113482952156 for parameter set #198: [0.2924273753355286, 0.8009001217585203, -1.0002107863824417]
Model N: 1890960.7454529083
Done mass_function_like status = 0 

Pipeline ran okay.
Likelihood hmf_counts = -8.736562300473452
Posterior = -3.029246142050927 for parameter set #198: [0.2925341776595021, 0.8129547385226596, -1.0017935619774376]
Model N: 1887971.2783954723
Done mass_function_like status = 0 

Pipeline ran okay.
Likelihood hmf_counts = -8.735584884881973
Posterior = -3.07518003212326 for parameter set #198: [0.3080697136485701, 0.8110284244865068, -0.9981929408313645]
Running module mass_function_like
Running module mass_function_like
Running module mass_function_like
Running module mass_function_like
Model N: 1888202.6124869937
Done mass_function_like status = 0 

Pipeline ran okay.
Likelihood hmf_counts = -8.566741202026606
Posterior = -2.8086913494677983 for parameter set #199: [0.2932471791740121, 0.8065765453097535, -0.9984721279374987]
Running module mass_function_like
Model N: 1892586.4912585039
Done mass_function_like status = 0 

Pipeline ran okay.
Likelihood hmf_counts = -10.720434747636318
Posterior = -6.13792774422793 for parameter set #199: [0.3167508711860934, 0.8211497983839231, -1.0037525641270815]
Running module mass_function_like
Model N: 1890335.4790220358
Done mass_function_like status = 0 

Pipeline ran okay.
Likelihood hmf_counts = -8.345294572412968
Posterior = -2.8291260331172765 for parameter set #199: [0.30969481120814946, 0.7883703606875687, -1.0010407367223373]
Running module mass_function_like
Model N: 1893159.067057742
Done mass_function_like status = 0 

Pipeline ran okay.
Likelihood hmf_counts = -11.75125079229474
Posterior = -5.865256066296883 for parameter set #199: [0.3044539480315612, 0.7289550132475793, -1.0044419059268694]
Running module mass_function_like
Model N: 1893123.7355644086
Done mass_function_like status = 0 

Pipeline ran okay.
Likelihood hmf_counts = -11.682638511061668
Posterior = -6.641363677059132 for parameter set #200: [0.3137399198793142, 0.6815950638907978, -1.0043993006213434]
Model N: 1889181.2989179972
Done mass_function_like status = 0 

Pipeline ran okay.
Likelihood hmf_counts = -8.16614155471325
Posterior = -3.6281531567217007 for parameter set #200: [0.28298133354483324, 0.8159866503693616, -0.9996512824175339]
Model N: 1887843.3658492249
Done mass_function_like status = 0 

Pipeline ran okay.
Likelihood hmf_counts = -8.84112323820591
Posterior = -3.6598910560305526 for parameter set #200: [0.3126865687283228, 0.8072582880220044, -0.9980393619272913]
Model N: 1889669.2502443811
Done mass_function_like status = 0 

Pipeline ran okay.
Likelihood hmf_counts = -8.155879598110914
Posterior = -2.2408791306592972 for parameter set #200: [0.30377269675136387, 0.7683260666702151, -1.0002385963067504]
Running module mass_function_like
Running module mass_function_like
Running module mass_function_like
Running module mass_function_like
Model N: 1885378.5427719308
Done mass_function_like status = 0 

Pipeline ran okay.
Likelihood hmf_counts = -12.570233426988125
Posterior = -7.023678972305387 for parameter set #201: [0.30936376079539135, 0.8274377939313237, -0.99507053369831]
Running module mass_function_like
Model N: 1886926.3851750728
Done mass_function_like status = 0 

Pipeline ran okay.
Likelihood hmf_counts = -9.851763974875212
Posterior = -3.9199921239294175 for parameter set #201: [0.30328413651185754, 0.8532950054271197, -0.9969343722930486]
Running module mass_function_like
Model N: 1895316.0273174527
Done mass_function_like status = 0 

Pipeline ran okay.
Model N: 1890283.8843741817
Done mass_function_like status = 0 

Pipeline ran okay.
Likelihood hmf_counts = -17.18549755215645
Likelihood hmf_counts = -8.322239592671394
Posterior = -15.376468708921255 for parameter set #201: [0.32889519704018005, 0.8705796017808822, -1.0070407592785258]
Posterior = -5.113774395408266 for parameter set #201: [0.32356971130337275, 0.775111849412016, -1.000978425934222]
Running module mass_function_like
Running module mass_function_like
Model N: 1891423.110455809
Done mass_function_like status = 0 

Pipeline ran okay.
Likelihood hmf_counts = -9.158765193074942
Posterior = -3.5992216379066866 for parameter set #202: [0.3092341717975076, 0.7390872641163968, -1.0023508239090717]
Model N: 1889181.0444640738
Done mass_function_like status = 0 

Pipeline ran okay.
Likelihood hmf_counts = -8.166179779917002
Posterior = -3.6077621863550178 for parameter set #202: [0.28310179980928274, 0.8160650118047729, -0.9996514096820431]
Model N: 1888266.789643741
Done mass_function_like status = 0 

Pipeline ran okay.
Likelihood hmf_counts = -8.524925906211138
Posterior = -3.2436177362636087 for parameter set #202: [0.31187228812381873, 0.80518430353426, -0.9985493358218529]
Model N: 1891113.1865162575
Done mass_function_like status = 0 

Pipeline ran okay.
Likelihood hmf_counts = -8.863282199949026
Posterior = -3.063643458990491 for parameter set #202: [0.2938953257173381, 0.8023897444943724, -1.0019775555858355]
Running module mass_function_like
Running module mass_function_like
Running module mass_function_like
Running module mass_function_like
Model N: 1891598.451219936
Done mass_function_like status = 0 

Pipeline ran okay.
Likelihood hmf_counts = -9.348406478762627
Posterior = -3.4530961033111733 for parameter set #203: [0.3042551334222297, 0.748717805570206, -1.0025625771946172]
Running module mass_function_like
Model N: 1890967.1287037493
Done mass_function_like status = 0 

Pipeline ran okay.
Likelihood hmf_counts = -8.74162220582366
Posterior = -5.699145113867844 for parameter set #203: [0.3242632647937908, 0.7731983956430716, -1.0018018519716867]
Running module mass_function_like
Model N: 1886468.028293538
Done mass_function_like status = 0 

Pipeline ran okay.
Likelihood hmf_counts = -10.524177834391594
Posterior = -5.299770802094867 for parameter set #203: [0.3123378112505448, 0.8031122665823008, -0.9963818425043123]
Running module mass_function_like
Model N: 1892958.615525653
Done mass_function_like status = 0 

Pipeline ran okay.
Likelihood hmf_counts = -11.370707605034113
Posterior = -5.70972730649416 for parameter set #203: [0.3080536557482392, 0.7628358006856804, -1.0042008681354484]
Running module mass_function_like
Model N: 1889199.9096603512
Done mass_function_like status = 0 

Pipeline ran okay.
Likelihood hmf_counts = -8.16343842819333
Posterior = -2.2294973571596923 for parameter set #204: [0.3032318134121993, 0.8291592732395509, -0.9996726756880383]
Model N: 1889132.0495289308
Done mass_function_like status = 0 

Pipeline ran okay.
Likelihood hmf_counts = -8.174179457128048
Posterior = -2.2100105062090396 for parameter set #204: [0.30209724519394726, 0.7772958407444153, -0.9995906147640303]
Model N: 1891686.3437417638
Done mass_function_like status = 0 

Pipeline ran okay.
Likelihood hmf_counts = -9.449576195329428
Posterior = -4.698439333587812 for parameter set #204: [0.284285822955392, 0.7616088743127233, -1.002667789580225]
Model N: 1888279.3375516676
Done mass_function_like status = 0 

Pipeline ran okay.
Likelihood hmf_counts = -8.517005275934935
Posterior = -2.689684802505397 for parameter set #204: [0.2943653568248075, 0.8054162490788245, -0.9985645505094071]
Running module mass_function_like
Running module mass_function_like
Running module mass_function_like
Running module mass_function_like
Model N: 1889102.9707001452
Done mass_function_like status = 0 

Pipeline ran okay.
Likelihood hmf_counts = -8.179528299719095
Posterior = -2.289352177044128 for parameter set #205: [0.2956185954455405, 0.7941109303123556, -0.9995557990073302]
Running module mass_function_like
Model N: 1891034.882916255
Done mass_function_like status = 0 

Pipeline ran okay.
Likelihood hmf_counts = -8.796656996011734
Posterior = -3.1240582931671907 for parameter set #205: [0.2920830115731331, 0.8122713224222556, -1.0018830090280704]
Running module mass_function_like
Model N: 1891196.3895547602
Done mass_function_like status = 0 

Pipeline ran okay.
Likelihood hmf_counts = -8.937625918537378
Posterior = -2.9588077539362843 for parameter set #205: [0.30119462248040907, 0.7843959320709163, -1.002077203868984]
Running module mass_function_like
Model N: 1890236.1509001362
Done mass_function_like status = 0 

Pipeline ran okay.
Likelihood hmf_counts = -8.302163545042276
Posterior = -2.7330223355903485 for parameter set #205: [0.3091322049548027, 0.7919210500106161, -1.000921646523461]
Running module mass_function_like
Model N: 1890578.798615552
Done mass_function_like status = 0 

Pipeline ran okay.
Likelihood hmf_counts = -8.472991820424795
Posterior = -2.5585087053001727 for parameter set #206: [0.30378410785194987, 0.6795869387512913, -1.0013344770487975]
Model N: 1890103.387571282
Done mass_function_like status = 0 

Pipeline ran okay.
Likelihood hmf_counts = -8.252661429345608
Posterior = -2.8696404013322265 for parameter set #206: [0.2890171082187127, 0.7951847080144387, -1.000760662073878]
Model N: 1888516.3617897248
Done mass_function_like status = 0 

Pipeline ran okay.
Likelihood hmf_counts = -8.383060473948717
Posterior = -3.0940778984606743 for parameter set #206: [0.31180780056043766, 0.8054713367805073, -0.9988495923605044]
Model N: 1890605.1209782045
Done mass_function_like status = 0 

Pipeline ran okay.
Likelihood hmf_counts = -8.48868227750063
Posterior = -2.566277742950268 for parameter set #206: [0.29643147940904774, 0.7630124679901862, -1.0013659221035043]
Running module mass_function_like
Running module mass_function_like
Running module mass_function_like
Running module mass_function_like
Model N: 1891687.9045771677
Done mass_function_like status = 0 

Pipeline ran okay.
Likelihood hmf_counts = -9.451409675180912
Posterior = -4.064896511498587 for parameter set #207: [0.3109480572966312, 0.7577983739042939, -1.0026704352316733]
Running module mass_function_like
Model N: 1890546.9006294
Done mass_function_like status = 0 

Pipeline ran okay.
Likelihood hmf_counts = -8.454468667507172
Posterior = -3.2521840994457145 for parameter set #207: [0.31252039126157755, 0.7881518603814814, -1.001295862445319]
Running module mass_function_like
Model N: 1891710.653642187
Done mass_function_like status = 0 

Pipeline ran okay.
Likelihood hmf_counts = -9.478278517723083
Posterior = -3.496070394998961 for parameter set #207: [0.2991517842360726, 0.7613058124903361, -1.0026983147157358]
Running module mass_function_like
Model N: 1884935.3180367341
Done mass_function_like status = 0 

Pipeline ran okay.
Likelihood hmf_counts = -13.583118259906769
Posterior = -8.409255682048467 for parameter set #207: [0.312734315938215, 0.8013474297410988, -0.9945357016542478]
Running module mass_function_like
Model N: 1888255.849886481
Done mass_function_like status = 0 

Pipeline ran okay.
Likelihood hmf_counts = -8.531899500638247
Posterior = -2.633842475923208 for parameter set #208: [0.3041953602557377, 0.8503313565314032, -0.9985353863437777]
Model N: 1885791.1014520735
Done mass_function_like status = 0 

Pipeline ran okay.
Likelihood hmf_counts = -11.721263837069273
Posterior = -6.415042046949695 for parameter set #208: [0.311653023697907, 0.9209301791243707, -0.9955662180685846]
Model N: 1893984.463569448
Done mass_function_like status = 0 

Pipeline ran okay.
Likelihood hmf_counts = -13.541351981461048
Posterior = -13.91759558139334 for parameter set #208: [0.26433226776706087, 0.7298083955060485, -1.0054359994100905]
Model N: 1884255.2963141226
Done mass_function_like status = 0 

Pipeline ran okay.
Likelihood hmf_counts = -15.340265180915594
Posterior = -9.366363817004839 for parameter set #208: [0.29856512799189827, 0.9028197709697444, -0.9937169029271713]
Running module mass_function_like
Running module mass_function_like
Running module mass_function_like
Running module mass_function_like
Model N: 1885734.7634466435
Done mass_function_like status = 0 

Pipeline ran okay.
Likelihood hmf_counts = -11.8318647518754
Posterior = -5.856035195950686 for parameter set #209: [0.3013657835121071, 0.8771987297338533, -0.9954985806331282]
Running module mass_function_like
Model N: 1892825.2458143684
Done mass_function_like status = 0 

Pipeline ran okay.
Likelihood hmf_counts = -11.129252381622791
Posterior = -5.205262841960236 for parameter set #209: [0.29649674326868336, 0.7465024241981585, -1.0040396521140391]
Running module mass_function_like
Model N: 1888192.4238121703
Done mass_function_like status = 0 

Pipeline ran okay.
Likelihood hmf_counts = -8.573580510914326
Posterior = -2.697422753275905 for parameter set #209: [0.3046881360914781, 0.8065713875341384, -0.9984594802777241]
Running module mass_function_like
Model N: 1891547.711299295
Done mass_function_like status = 0 

Pipeline ran okay.
Likelihood hmf_counts = -9.291858907788992
Posterior = -4.611056967508194 for parameter set #209: [0.316155833280892, 0.7609988139982723, -1.002501329524759]
Running module mass_function_like
Model N: 1890611.3254973835
Done mass_function_like status = 0 

Pipeline ran okay.
Likelihood hmf_counts = -8.492434058338404
Posterior = -2.5728961948690205 for parameter set #210: [0.303647939818347, 0.6850983174526671, -1.0013735333229594]
Model N: 1888531.909456751
Done mass_function_like status = 0 

Pipeline ran okay.
Likelihood hmf_counts = -8.375314611941576
Posterior = -5.298446733761665 for parameter set #210: [0.2758784842952191, 0.8311793699798374, -0.9988682748532459]
Model N: 1891235.330923626
Done mass_function_like status = 0 

Pipeline ran okay.
Likelihood hmf_counts = -8.973677270114422
Posterior = -3.4485984278856385 for parameter set #210: [0.30960067644105016, 0.7834962656697951, -1.0021247818372367]
Model N: 1890088.9722233752
Done mass_function_like status = 0 

Pipeline ran okay.
Likelihood hmf_counts = -8.247847557067871
Posterior = -3.4226163630514232 for parameter set #210: [0.28476247630723495, 0.7793605818471481, -1.000744073866314]
Running module mass_function_like
Running module mass_function_like
Running module mass_function_like
Running module mass_function_like
Model N: 1889939.0888589807
Done mass_function_like status = 0 

Pipeline ran okay.
Likelihood hmf_counts = -8.204307988286018
Posterior = -2.790535105321429 for parameter set #211: [0.28930064679623396, 0.7955470535491771, -1.0005628479541306]
Running module mass_function_like
Model N: 1891455.6224160444
Done mass_function_like status = 0 

Pipeline ran okay.
Likelihood hmf_counts = -9.19270258396864
Posterior = -3.206870393544227 for parameter set #211: [0.30010153668634076, 0.8286383992991109, -1.0023907272219026]
Running module mass_function_like
Model N: 1888000.6568951076
Done mass_function_like status = 0 

Pipeline ran okay.
Likelihood hmf_counts = -8.712570011615753
Posterior = -3.0161273725674302 for parameter set #211: [0.307610125965458, 0.8104226719192803, -0.9982291660086795]
Running module mass_function_like
Model N: 1891653.024594893
Done mass_function_like status = 0 

Pipeline ran okay.
Likelihood hmf_counts = -9.410743732005358
Posterior = -3.963608794757313 for parameter set #211: [0.31037968301756635, 0.7582663950033687, -1.0026286223632592]
Running module mass_function_like
Model N: 1888236.656050974
Done mass_function_like status = 0 

Pipeline ran okay.
Likelihood hmf_counts = -8.54428794234991
Posterior = -2.6524828661834663 for parameter set #212: [0.30434174754956983, 0.837331726730029, -0.9985128371788449]
Model N: 1888289.13016393
Done mass_function_like status = 0 

Pipeline ran okay.
Likelihood hmf_counts = -8.510881841182709
Posterior = -2.5322917370478297 for parameter set #212: [0.29877704100759617, 0.8172918364753358, -0.9985768336016522]
Model N: 1891886.79387007
Done mass_function_like status = 0 

Pipeline ran okay.
Likelihood hmf_counts = -9.695565048605204
Posterior = -3.878972844183095 for parameter set #212: [0.2941835734967447, 0.7809709052476675, -1.0029093882150457]
Model N: 1889971.493856717
Done mass_function_like status = 0 

Pipeline ran okay.
Likelihood hmf_counts = -8.212714478373528
Posterior = -3.717763964463261 for parameter set #212: [0.31726963149945564, 0.7679534039717004, -1.0006023820222032]
Running module mass_function_like
Running module mass_function_like
Running module mass_function_like
Running module mass_function_like
Model N: 1888069.9778544158
Done mass_function_like status = 0 

Pipeline ran okay.
Likelihood hmf_counts = -8.660077888518572
Posterior = -2.909381264358954 for parameter set #213: [0.30686047189067994, 0.8094034938969441, -0.9983116826329874]
Running module mass_function_like
Model N: 1891448.784540774
Done mass_function_like status = 0 

Pipeline ran okay.
Likelihood hmf_counts = -9.185518555343151
Posterior = -3.508753051622059 for parameter set #213: [0.3078628280619421, 0.7627177375232413, -1.0023819671317664]
Running module mass_function_like
Model N: 1890651.968922818
Done mass_function_like status = 0 

Pipeline ran okay.
Likelihood hmf_counts = -8.517513789236546
Posterior = -3.2099962946250145 for parameter set #213: [0.3116494701329783, 0.7918558765127499, -1.0014230336816663]
Running module mass_function_like
Model N: 1894041.7251478485
Done mass_function_like status = 0 

Pipeline ran okay.
Likelihood hmf_counts = -13.67885422706604
Posterior = -10.010489226003664 for parameter set #213: [0.3215234235295586, 0.8263912677024996, -1.0055058414871736]
Running module mass_function_like
Model N: 1888598.568988889
Done mass_function_like status = 0 

Pipeline ran okay.
Likelihood hmf_counts = -8.343556299805641
Posterior = -2.589128979152635 for parameter set #214: [0.3068071564351658, 0.8338750342053749, -0.9989483020096049]
Model N: 1890614.4628648956
Done mass_function_like status = 0 

Pipeline ran okay.
Likelihood hmf_counts = -8.494338922202587
Posterior = -2.757583263916417 for parameter set #214: [0.307061430940321, 0.6482437868308059, -1.001377133540873]
Model N: 1891845.2812250543
Done mass_function_like status = 0 

Pipeline ran okay.
Likelihood hmf_counts = -9.64287981018424
Posterior = -3.8396595903766304 for parameter set #214: [0.29395780755922246, 0.7815901516761888, -1.0028595471169381]
Model N: 1891268.8693764713
Done mass_function_like status = 0 

Pipeline ran okay.
Likelihood hmf_counts = -9.005368746817112
Posterior = -3.4608415971303836 for parameter set #214: [0.309395827903592, 0.7839114372886821, -1.0021654472699015]
Running module mass_function_like
Running module mass_function_like
Running module mass_function_like
Running module mass_function_like
Model N: 1887388.5098529893
Done mass_function_like status = 0 

Pipeline ran okay.
Likelihood hmf_counts = -9.286691192537546
Posterior = -3.355174333961985 for parameter set #215: [0.30329660452909996, 0.7995831432226916, -0.9974914064965328]
Running module mass_function_like
Model N: 1889349.0961422834
Done mass_function_like status = 0 

Pipeline ran okay.
Likelihood hmf_counts = -8.148395761847496
Posterior = -4.082873677508904 for parameter set #215: [0.2804007839231341, 0.8007002984295877, -0.9998530800712394]
Running module mass_function_like
Model N: 1887427.6337761113
Done mass_function_like status = 0 

Pipeline ran okay.
Likelihood hmf_counts = -9.244053293019533
Posterior = -3.290068815778495 for parameter set #215: [0.3025251586936761, 0.8111436889847825, -0.9975386655327784]
Running module mass_function_like
Model N: 1897512.4103123522
Done mass_function_like status = 0 

Pipeline ran okay.
Likelihood hmf_counts = -25.233677107840776
Posterior = -20.193711542466918 for parameter set #215: [0.2862776721754632, 0.6844793313001845, -1.0096876702628765]
Running module mass_function_like
Model N: 1890263.1191032138
Done mass_function_like status = 0 

Pipeline ran okay.
Likelihood hmf_counts = -8.313357934355736
Posterior = -4.10712161550115 for parameter set #216: [0.3188673670349485, 0.7615910957631585, -1.0009539888716357]
Model N: 1885573.9302058516
Done mass_function_like status = 0 

Pipeline ran okay.
Likelihood hmf_counts = -12.156887140125036
Posterior = -14.2771112831703 for parameter set #216: [0.2597376317508336, 0.8754516167195253, -0.9953049480554437]
Model N: 1889716.675192013
Done mass_function_like status = 0 

Pipeline ran okay.
Likelihood hmf_counts = -8.161600694060326
Posterior = -3.652507818501644 for parameter set #216: [0.2828123749277948, 0.7788877454609406, -1.0002954345306383]
Model N: 1890761.2464756097
Done mass_function_like status = 0 

Pipeline ran okay.
Likelihood hmf_counts = -8.58927521109581
Posterior = -2.6784621305507024 for parameter set #216: [0.2961209336279512, 0.7653447180384862, -1.0015534324018063]
Running module mass_function_like
Running module mass_function_like
Running module mass_function_like
Running module mass_function_like
Model N: 1890100.27181726
Done mass_function_like status = 0 

Pipeline ran okay.
Likelihood hmf_counts = -8.251611638814211
Posterior = -2.2951216004267794 for parameter set #217: [0.30243519150950704, 0.7825449297791972, -1.0007575080586606]
Running module mass_function_like
Model N: 1884392.7377380526
Done mass_function_like status = 0 

Pipeline ran okay.
Likelihood hmf_counts = -14.965285014361143
Posterior = -9.334831294533053 for parameter set #217: [0.30841242509087646, 0.831452130226976, -0.9938822906670476]
Running module mass_function_like
Model N: 1890613.0221942174
Done mass_function_like status = 0 

Pipeline ran okay.
Likelihood hmf_counts = -8.493463568389416
Posterior = -4.010493815158534 for parameter set #217: [0.31733842667207657, 0.8015683712035668, -1.0013752614623468]
Running module mass_function_like
Model N: 1891643.7774401875
Done mass_function_like status = 0 

Pipeline ran okay.
Likelihood hmf_counts = -9.400070372968912
Posterior = -3.6096032726414187 for parameter set #217: [0.306250759350397, 0.7604178955165399, -1.0026170790583557]
Running module mass_function_like
Model N: 1890939.12659589
Done mass_function_like status = 0 

Pipeline ran okay.
Likelihood hmf_counts = -8.719585321843624
Posterior = -2.8292617059587037 for parameter set #218: [0.3043746894203812, 0.7178818700552551, -1.001768413081595]
Model N: 1889641.7050210785
Done mass_function_like status = 0 

Pipeline ran okay.
Likelihood hmf_counts = -8.153103034943342
Posterior = -3.50203669781928 for parameter set #218: [0.28365924684393534, 0.7933718155645353, -1.0002055280520465]
Model N: 1891627.9427528954
Done mass_function_like status = 0 

Pipeline ran okay.
Likelihood hmf_counts = -9.381898328661919
Posterior = -9.178674173550196 for parameter set #218: [0.2659923305328808, 0.7618943063178412, -1.0025978826546933]
Model N: 1886896.1213988871
Done mass_function_like status = 0 

Pipeline ran okay.
Likelihood hmf_counts = -9.892722986638546
Posterior = -24.861872333978305 for parameter set #218: [0.2352623175494336, 0.896926809061895, -0.9968976791327703]
Running module mass_function_like
Running module mass_function_like
Running module mass_function_like
Running module mass_function_like
Model N: 1891058.449751456
Done mass_function_like status = 0 

Pipeline ran okay.
Likelihood hmf_counts = -8.816368237137794
Posterior = -3.168750449481051 for parameter set #219: [0.3082264078325656, 0.8158785284417236, -1.001912071939156]
Running module mass_function_like
Model N: 1887702.517029276
Done mass_function_like status = 0 

Pipeline ran okay.
Likelihood hmf_counts = -8.96736966073513
Posterior = -2.98284838841381 for parameter set #219: [0.3005331666661706, 0.7967912175864177, -0.9978696856600151]
Running module mass_function_like
Model N: 1891267.285146229
Done mass_function_like status = 0 

Pipeline ran okay.
Likelihood hmf_counts = -9.003858387470245
Posterior = -3.0334669591402834 for parameter set #219: [0.29823681408349434, 0.7651607896819553, -1.0021631760884104]
Running module mass_function_like
Model N: 1892542.9133050833
Done mass_function_like status = 0 

Pipeline ran okay.
Likelihood hmf_counts = -10.649061404168606
Posterior = -5.345000622821925 for parameter set #219: [0.31167411118188915, 0.7748813440366211, -1.0036996674662115]
Running module mass_function_like
Model N: 1890318.0110057082
Done mass_function_like status = 0 

Pipeline ran okay.
Likelihood hmf_counts = -8.337331406772137
Posterior = -3.8013589097868827 for parameter set #220: [0.31703023791745955, 0.7439530499564054, -1.0010198346789088]
Model N: 1891322.900383717
Done mass_function_like status = 0 

Pipeline ran okay.
Likelihood hmf_counts = -9.057673912495375
Posterior = -3.072919502842006 for parameter set #220: [0.2995170254610929, 0.725017898564344, -1.002230632514438]
Model N: 1890770.8147238318
Done mass_function_like status = 0 

Pipeline ran okay.
Likelihood hmf_counts = -8.595859095454216
Posterior = -2.7495688454077056 for parameter set #220: [0.2947130960550075, 0.7629411814920608, -1.0015652545215288]
Model N: 1889389.7125405292
Done mass_function_like status = 0 

Pipeline ran okay.
Likelihood hmf_counts = -8.14634070917964
Posterior = -2.630867486231362 for parameter set #220: [0.30970253378573337, 0.84924538843558, -0.9999014621404455]
Running module mass_function_like
Running module mass_function_like
Running module mass_function_like
Running module mass_function_like
Model N: 1887047.1043736755
Done mass_function_like status = 0 

Pipeline ran okay.
Likelihood hmf_counts = -9.69321857765317
Posterior = -4.127778233819245 for parameter set #221: [0.3091684551688899, 0.8359251748020754, -0.9970799897376612]
Running module mass_function_like
Model N: 1889087.9301041435
Done mass_function_like status = 0 

Pipeline ran okay.
Likelihood hmf_counts = -8.182470582425594
Posterior = -2.2760055702583477 for parameter set #221: [0.30399233918867724, 0.7911673411076143, -0.9995385978810927]
Running module mass_function_like
Model N: 1891360.908619257
Done mass_function_like status = 0 

Pipeline ran okay.
Likelihood hmf_counts = -9.095392014831305
Posterior = -3.1545228005900823 for parameter set #221: [0.29699862769071184, 0.8630625901989804, -1.0022765096715098]
Running module mass_function_like
Model N: 1890773.514961398
Done mass_function_like status = 0 

Pipeline ran okay.
Likelihood hmf_counts = -8.597725875675678
Posterior = -2.667099437327561 for parameter set #221: [0.3033292654942059, 0.7924668248213003, -1.0015686666158656]
Running module mass_function_like
Model N: 1890954.8867887778
Done mass_function_like status = 0 

Pipeline ran okay.
Likelihood hmf_counts = -8.731937181204557
Posterior = -2.8050185481335204 for parameter set #222: [0.30343776677912493, 0.6851192699901429, -1.001787078850764]
Model N: 1889963.9389253752
Done mass_function_like status = 0 

Pipeline ran okay.
Likelihood hmf_counts = -8.210704926401377
Posterior = -3.0318158189149385 for parameter set #222: [0.2872936016172136, 0.7880704336145482, -1.000593480470384]
Model N: 1891592.6194880672
Done mass_function_like status = 0 

Pipeline ran okay.
Likelihood hmf_counts = -9.341838106513023
Posterior = -14.1202979467473 for parameter set #222: [0.34639892858969795, 0.6817024145457831, -1.002555334127189]
Model N: 1888702.962199573
Done mass_function_like status = 0 

Pipeline ran okay.
Likelihood hmf_counts = -8.298550307750702
Posterior = -2.4593337538487496 for parameter set #222: [0.3054205199374151, 0.8759814428921737, -0.9990749930948529]
Running module mass_function_like
Running module mass_function_like
Running module mass_function_like
Running module mass_function_like
Model N: 1886736.7542720074
Done mass_function_like status = 0 

Pipeline ran okay.
Likelihood hmf_counts = -10.116429917514324
Posterior = -4.322328509864322 for parameter set #223: [0.30618911325674286, 0.8005167393985333, -0.9967060796114661]
Running module mass_function_like
Model N: 1893955.3743565422
Done mass_function_like status = 0 

Pipeline ran okay.
Likelihood hmf_counts = -13.472161576151848
Posterior = -7.72574003860378 for parameter set #223: [0.30690346349524245, 0.669566021724844, -1.0054017387042689]
Running module mass_function_like
Model N: 1892293.51288977
Done mass_function_like status = 0 

Pipeline ran okay.
Likelihood hmf_counts = -10.259859964251518
Posterior = -7.2170139818048185 for parameter set #223: [0.32426003242924073, 0.7963925872386604, -1.0033990232846892]
Running module mass_function_like
Model N: 1891196.6398634508
Done mass_function_like status = 0 

Pipeline ran okay.
Likelihood hmf_counts = -8.937855087220669
Posterior = -2.95539906271501 for parameter set #223: [0.299163636691026, 0.6918781219300307, -1.0020783422317137]
Running module mass_function_like
Model N: 1886898.2433483142
Done mass_function_like status = 0 

Pipeline ran okay.
Likelihood hmf_counts = -9.88983529433608
Posterior = -10.498637582994107 for parameter set #224: [0.26368336083726096, 0.8127694662434503, -0.9969003031589198]
Model N: 1889975.1579710005
Done mass_function_like status = 0 

Pipeline ran okay.
Likelihood hmf_counts = -8.213699977844954
Posterior = -2.234357298725472 for parameter set #224: [0.2988330884440521, 0.8064367058813834, -1.0006070540956082]
Model N: 1889809.2226483687
Done mass_function_like status = 0 

Pipeline ran okay.
Likelihood hmf_counts = -8.17619214206934
Posterior = -3.392496047843628 for parameter set #224: [0.2844921624029507, 0.7823298753994047, -1.0004071570279152]
Model N: 1891336.7150081026
Done mass_function_like status = 0 

Pipeline ran okay.
Likelihood hmf_counts = -9.07129481434822
Posterior = -3.0951535305856064 for parameter set #224: [0.29860173573762744, 0.7751890387702951, -1.0022473061673864]
Running module mass_function_like
Running module mass_function_like
Running module mass_function_like
Running module mass_function_like
Model N: 1884653.4033471188
Done mass_function_like status = 0 

Pipeline ran okay.
Likelihood hmf_counts = -14.28172117099166
Posterior = -9.987522167934884 for parameter set #225: [0.3183863352310032, 0.8085509412398425, -0.994196727545023]
Running module mass_function_like
Model N: 1890662.86879377
Done mass_function_like status = 0 

Pipeline ran okay.
Likelihood hmf_counts = -8.52438823133707
Posterior = -3.3816775623599717 for parameter set #225: [0.3129873464575699, 0.798741538256006, -1.001435330821688]
Running module mass_function_like
Model N: 1891313.5128032889
Done mass_function_like status = 0 

Pipeline ran okay.
Likelihood hmf_counts = -9.048475500196218
Posterior = -3.274496376335885 for parameter set #225: [0.30651066933832005, 0.7244536757311635, -1.0022195392549633]
Running module mass_function_like
Model N: 1891301.668918082
Done mass_function_like status = 0 

Pipeline ran okay.
Likelihood hmf_counts = -9.036936692893505
Posterior = -3.068516202846552 for parameter set #225: [0.298128853969197, 0.6668909095111957, -1.0022049506132897]
Running module mass_function_like
Model N: 1889882.750586038
Done mass_function_like status = 0 

Pipeline ran okay.
Likelihood hmf_counts = -8.191015116870403
Posterior = -2.219012054163848 for parameter set #226: [0.301682507400444, 0.8702474781351035, -1.000495969373141]
Model N: 1888383.8019151355
Done mass_function_like status = 0 

Pipeline ran okay.
Likelihood hmf_counts = -8.45430276915431
Posterior = -2.6216140562932253 for parameter set #226: [0.3055388617210893, 0.8089150486596568, -0.9986895873746953]
Model N: 1890284.8787304298
Done mass_function_like status = 0 

Pipeline ran okay.
Likelihood hmf_counts = -8.322670619934797
Posterior = -3.5076810935136367 for parameter set #226: [0.31530445623955183, 0.7498788763459506, -1.00098068738451]
Model N: 1891227.646626535
Done mass_function_like status = 0 

Pipeline ran okay.
Likelihood hmf_counts = -8.9664998203516
Posterior = -2.980715372966521 for parameter set #226: [0.30017960300835284, 0.7367407029356521, -1.002115581064992]
Running module mass_function_like
Running module mass_function_like
Running module mass_function_like
Running module mass_function_like
Model N: 1888529.3669287541
Done mass_function_like status = 0 

Pipeline ran okay.
Likelihood hmf_counts = -8.376572538167238
Posterior = -2.4832095482150534 for parameter set #227: [0.29569321085167966, 0.793603181655064, -0.9988654167494563]
Running module mass_function_like
Model N: 1891478.0284626677
Done mass_function_like status = 0 

Pipeline ran okay.
Likelihood hmf_counts = -9.216415923088789
Posterior = -3.2341088968217395 for parameter set #227: [0.3008450008935562, 0.8203902831498916, -1.002418094012444]
Running module mass_function_like
Model N: 1890101.840992686
Done mass_function_like status = 0 

Pipeline ran okay.
Likelihood hmf_counts = -8.252139698714018
Posterior = -2.271780952728502 for parameter set #227: [0.3010753515897679, 0.8171923696754418, -1.0007598230933277]
Running module mass_function_like
Model N: 1888821.5885032867
Done mass_function_like status = 0 

Pipeline ran okay.
Likelihood hmf_counts = -8.254414685070515
Posterior = -2.3818550168983164 for parameter set #227: [0.3047661150730237, 0.7646761034017335, -0.9992178857943158]
Running module mass_function_like
Model N: 1890380.6885697516
Done mass_function_like status = 0 

Pipeline ran okay.
Likelihood hmf_counts = -8.366653438657522
Posterior = -2.643034647434832 for parameter set #228: [0.30724556029929084, 0.622765471096003, -1.0010955023894557]
Model N: 1890200.1662625452
Done mass_function_like status = 0 

Pipeline ran okay.
Likelihood hmf_counts = -8.28782544657588
Posterior = -2.3616550126119176 for parameter set #228: [0.3034629623434253, 0.8039196077964106, -1.0008779843550306]
Model N: 1889517.6004304816
Done mass_function_like status = 0 

Pipeline ran okay.
Likelihood hmf_counts = -8.145572870969772
Posterior = -3.9152547770762727 for parameter set #228: [0.2812604628048754, 0.7917214972728263, -1.0000552122197823]
Model N: 1888014.3386562106
Done mass_function_like status = 0 

Pipeline ran okay.
Likelihood hmf_counts = -8.702007979154587
Posterior = -3.8991795460160708 for parameter set #228: [0.2846169764412794, 0.8223393964889407, -0.9982449184008765]
Proposed outside bounds: prior -infinity
Running module mass_function_like
Running module mass_function_like
Running module mass_function_like
Running module mass_function_like
Model N: 1887593.2682235106
Done mass_function_like status = 0 

Pipeline ran okay.
Likelihood hmf_counts = -9.072535917162895
Posterior = -3.2436843256642787 for parameter set #229: [0.30560467707591543, 0.7857967175038809, -0.9977376975216498]
Running module mass_function_like
Model N: 1890024.9871820598
Done mass_function_like status = 0 

Pipeline ran okay.
Likelihood hmf_counts = -8.227806977927685
Posterior = -2.4008842187071178 for parameter set #229: [0.2943568716336147, 0.7687673146673668, -1.0006673789354712]
Model N: 1892157.3925594876
Done mass_function_like status = 0 

Pipeline ran okay.
Likelihood hmf_counts = -10.061282344162464
Posterior = -4.115628348074565 for parameter set #229: [0.30282814555607335, 0.7644020130359931, -1.0032356922927494]
Running module mass_function_like
Model N: 1890445.8073488872
Done mass_function_like status = 0 

Pipeline ran okay.
Likelihood hmf_counts = -8.39931758865714
Posterior = -4.024290679559897 for parameter set #229: [0.3179503407687422, 0.7787758975104013, -1.0011742238557566]
Running module mass_function_like
Model N: 1890300.4664947821
Done mass_function_like status = 0 

Pipeline ran okay.
Likelihood hmf_counts = -8.329495783895254
Posterior = -2.383772542313337 for parameter set #230: [0.29715759466437414, 0.8182299497122114, -1.0009993568768525]
Model N: 1890048.8091483703
Done mass_function_like status = 0 

Pipeline ran okay.
Likelihood hmf_counts = -8.235015168786049
Posterior = -6.783848027412404 for parameter set #230: [0.26988363164251067, 0.7836646179092214, -1.0006951425276789]
Model N: 1888167.089594557
Done mass_function_like status = 0 

Pipeline ran okay.
Likelihood hmf_counts = -8.590824969112873
Posterior = -2.7794142799008075 for parameter set #230: [0.29409008591353014, 0.7730881876063179, -0.9984289749148082]
Running module mass_function_like
Running module mass_function_like
Running module mass_function_like
Running module mass_function_like
Model N: 1887924.1231602493
Done mass_function_like status = 0 

Pipeline ran okay.
Likelihood hmf_counts = -8.77348244190216
Posterior = -2.9596838212239494 for parameter set #231: [0.3058685144383177, 0.8143283203753768, -0.9981367313219727]
Running module mass_function_like
Model N: 1890224.4249779803
Done mass_function_like status = 0 

Pipeline ran okay.
Likelihood hmf_counts = -8.297416128218174
Posterior = -2.389347695936525 for parameter set #231: [0.30395120030898287, 0.7645608486034667, -1.000907370487442]
Running module mass_function_like
Model N: 1890113.9359953725
Done mass_function_like status = 0 

Pipeline ran okay.
Likelihood hmf_counts = -8.256253615021706
Posterior = -2.355682560759364 for parameter set #230: [0.29586312976846163, 0.8279364840514972, -1.000774427852952]
Running module mass_function_like
Model N: 1889595.7085332952
Done mass_function_like status = 0 

Pipeline ran okay.
Likelihood hmf_counts = -8.149361554533243
Posterior = -2.1660191007595797 for parameter set #231: [0.2992482105542039, 0.8056560066173248, -1.00015014143596]
Running module mass_function_like
Model N: 1890709.904164604
Done mass_function_like status = 0 

Pipeline ran okay.
Likelihood hmf_counts = -8.554773151874542
Posterior = -2.6480975716951525 for parameter set #232: [0.3039845346581629, 0.6385490425842023, -1.0014923495593029]
Model N: 1890268.625614163
Done mass_function_like status = 0 

Pipeline ran okay.
Likelihood hmf_counts = -8.315690949559212
Posterior = -3.4604445190095596 for parameter set #231: [0.31503912819463536, 0.7469810967773842, -1.0009612796390208]
Model N: 1887600.252706101
Done mass_function_like status = 0 

Pipeline ran okay.
Likelihood hmf_counts = -9.065623059868813
Posterior = -5.295983747259889 for parameter set #232: [0.27894637174971876, 0.8297503310487319, -0.9977465908665696]
Model N: 1888692.3319097967
Done mass_function_like status = 0 

Pipeline ran okay.
Likelihood hmf_counts = -8.302869260311127
Posterior = -2.322602658892384 for parameter set #232: [0.30108248182721475, 0.9256838177487413, -0.9990610452592315]
Running module mass_function_like
Running module mass_function_like
Running module mass_function_like
Running module mass_function_like
Model N: 1891407.7456457953
Done mass_function_like status = 0 

Pipeline ran okay.
Likelihood hmf_counts = -9.14292099699378
Posterior = -3.18705119825091 for parameter set #233: [0.3024506165904247, 0.7992818996399041, -1.0023328550793402]
Running module mass_function_like
Model N: 1889974.4840091085
Done mass_function_like status = 0 

Pipeline ran okay.
Likelihood hmf_counts = -8.213518176227808
Posterior = -2.230612780422941 for parameter set #233: [0.30080570443672483, 0.709467233639431, -1.0006053717634136]
Running module mass_function_like
Model N: 1890061.6706999121
Done mass_function_like status = 0 

Pipeline ran okay.
Likelihood hmf_counts = -8.239031661301851
Posterior = -2.57455005765818 for parameter set #233: [0.2919792435858171, 0.8583694227356669, -1.000710588886836]
Running module mass_function_like
Model N: 1889965.4472471839
Done mass_function_like status = 0 

Pipeline ran okay.
Likelihood hmf_counts = -8.211103715002537
Posterior = -6.393767599085859 for parameter set #232: [0.3288749568641585, 0.8046171636084726, -1.0005955215948705]
Running module mass_function_like
Model N: 1890693.5335360444
Done mass_function_like status = 0 

Pipeline ran okay.
Likelihood hmf_counts = -8.544065032154322
Posterior = -2.626596601636484 for parameter set #234: [0.303703855723918, 0.6459363413685371, -1.0014720809381013]
Model N: 1890260.4199804598
Done mass_function_like status = 0 

Pipeline ran okay.
Likelihood hmf_counts = -8.312220223248005
Posterior = -3.148008037374847 for parameter set #234: [0.31282117123935643, 0.7504976359573685, -1.0009504960030764]
Model N: 1887842.8156288783
Done mass_function_like status = 0 

Pipeline ran okay.
Likelihood hmf_counts = -8.841595955193043
Posterior = -3.1064362015473854 for parameter set #234: [0.2929173842886561, 0.7656838814033136, -0.9980376670429283]
Model N: 1885813.591997975
Done mass_function_like status = 0 

Pipeline ran okay.
Likelihood hmf_counts = -11.677582122385502
Posterior = -11.173515490363142 for parameter set #233: [0.2668906903442063, 0.8373767297652801, -0.9955932862318164]
Running module mass_function_like
Running module mass_function_like
Running module mass_function_like
Running module mass_function_like
Model N: 1890011.566754305
Done mass_function_like status = 0 

Pipeline ran okay.
Likelihood hmf_counts = -8.2238783352077
Posterior = -2.237731381717441 for parameter set #235: [0.29998355685406464, 0.8041923646157334, -1.0006513428398922]
Running module mass_function_like
Model N: 1888122.2470079393
Done mass_function_like status = 0 

Pipeline ran okay.
Likelihood hmf_counts = -8.622182253748178
Posterior = -2.7993959111096895 for parameter set #235: [0.30571403716686985, 0.8023113066643311, -0.9983747530039111]
Running module mass_function_like
Model N: 1890329.7455461868
Done mass_function_like status = 0 

Pipeline ran okay.
Likelihood hmf_counts = -8.342663060873747
Posterior = -2.9210679417176095 for parameter set #235: [0.31062563766362494, 0.7713382256642395, -1.0010345994480208]
Running module mass_function_like
Model N: 1887522.8273790868
Done mass_function_like status = 0 

Pipeline ran okay.
Likelihood hmf_counts = -9.143700532615185
Posterior = -3.322992542555541 for parameter set #234: [0.305747798071887, 0.7880731113435675, -0.997652174134779]
Running module mass_function_like
Model N: 1888480.9587398015
Done mass_function_like status = 0 

Pipeline ran okay.
Likelihood hmf_counts = -8.401176117360592
Posterior = -2.466065952229136 for parameter set #236: [0.2968066253845126, 0.9071531086159685, -0.9988071425516724]
Model N: 1889199.3126429708
Done mass_function_like status = 0 

Pipeline ran okay.
Likelihood hmf_counts = -8.16352229937911
Posterior = -5.305130076212885 for parameter set #235: [0.2749889148286364, 0.7527258623588078, -0.9996717519835918]
Model N: 1890377.4756457345
Done mass_function_like status = 0 

Pipeline ran okay.
Likelihood hmf_counts = -8.365099851042032
Posterior = -2.4472958405495016 for parameter set #236: [0.29630389575991367, 0.8436816541157355, -1.0010915538447906]
Model N: 1891582.9030410151
Done mass_function_like status = 0 

Pipeline ran okay.
Likelihood hmf_counts = -9.330934196710587
Posterior = -3.657134531904372 for parameter set #236: [0.2921000460188231, 0.7176291863114139, -1.0025435739441888]
Running module mass_function_like
Running module mass_function_like
Running module mass_function_like
Running module mass_function_like
Model N: 1888458.2200762997
Done mass_function_like status = 0 

Pipeline ran okay.
Likelihood hmf_counts = -8.413161650300026
Posterior = -7.111565762058517 for parameter set #237: [0.26939118055149214, 0.7874866743191019, -0.9987794316734924]
Running module mass_function_like
Model N: 1891538.552856111
Done mass_function_like status = 0 

Pipeline ran okay.
Likelihood hmf_counts = -9.281797036528587
Posterior = -3.564082007590006 for parameter set #237: [0.29267682574889237, 0.7140656170350328, -1.0024903142422006]
Running module mass_function_like
Model N: 1889804.5923175213
Done mass_function_like status = 0 

Pipeline ran okay.
Likelihood hmf_counts = -8.175354413688183
Posterior = -2.332155696283401 for parameter set #237: [0.294652799771173, 0.6845935884342264, -1.000401220877667]
Running module mass_function_like
Model N: 1888100.069704451
Done mass_function_like status = 0 

Pipeline ran okay.
Likelihood hmf_counts = -8.638084154576063
Posterior = -2.764430777782806 for parameter set #236: [0.3047408832607856, 0.7995258812642836, -0.9983491184475362]
Running module mass_function_like
Model N: 1888972.571425996
Done mass_function_like status = 0 

Pipeline ran okay.
Likelihood hmf_counts = -8.209019742906094
Posterior = -2.2450134524682355 for parameter set #238: [0.30210453047151575, 0.8749860903123287, -0.9994002536418648]
Model N: 1889183.9549412753
Done mass_function_like status = 0 

Pipeline ran okay.
Likelihood hmf_counts = -8.165744561702013
Posterior = -2.2582001338299236 for parameter set #238: [0.3039653277492401, 0.7572544914846554, -0.9996544834679522]
Model N: 1889534.71155888
Done mass_function_like status = 0 

Pipeline ran okay.
Likelihood hmf_counts = -8.146126683801413
Posterior = -2.1640947081339537 for parameter set #238: [0.2990903574825469, 0.827274127781033, -1.0000767508962893]
Model N: 1885976.6650810228
Done mass_function_like status = 0 

Pipeline ran okay.
Likelihood hmf_counts = -11.368895746767521
Posterior = -9.781017714316567 for parameter set #237: [0.27034395387314936, 0.8108601440634686, -0.9957901878668076]
Running module mass_function_like
Running module mass_function_like
Running module mass_function_like
Running module mass_function_like
Model N: 1891894.9617306704
Done mass_function_like status = 0 

Pipeline ran okay.
Likelihood hmf_counts = -9.706038292497396
Posterior = -3.8364623527274198 for parameter set #239: [0.30482011021473693, 0.8341318106450034, -1.002919813587274]
Running module mass_function_like
Model N: 1889972.1205307222
Done mass_function_like status = 0 

Pipeline ran okay.
Likelihood hmf_counts = -8.2128825224936
Posterior = -2.587281050630901 for parameter set #238: [0.2915082412068097, 0.8573351410793214, -1.000603471274043]
Running module mass_function_like
Model N: 1889868.410779172
Done mass_function_like status = 0 

Pipeline ran okay.
Likelihood hmf_counts = -8.187899757176638
Posterior = -2.8678834848785337 for parameter set #239: [0.3115424592420954, 0.7689148684282309, -1.0004778843998883]
Running module mass_function_like
Model N: 1891090.833362711
Done mass_function_like status = 0 

Pipeline ran okay.
Likelihood hmf_counts = -8.843932457268238
Posterior = -3.603209687448526 for parameter set #239: [0.3122086559043169, 0.74303303627319, -1.001951168780405]
Running module mass_function_like
Model N: 1890058.6596908506
Done mass_function_like status = 0 

Pipeline ran okay.
Likelihood hmf_counts = -8.238083519041538
Posterior = -2.3302580628706897 for parameter set #240: [0.3039577527738769, 0.6835399051098285, -1.0007074812189058]
Model N: 1890248.246755355
Done mass_function_like status = 0 

Pipeline ran okay.
Likelihood hmf_counts = -8.307136919349432
Posterior = -2.327648590796546 for parameter set #239: [0.2988478355496898, 0.8175804635044965, -1.0009356772368183]
Model N: 1886602.4625156661
Done mass_function_like status = 0 

Pipeline ran okay.
Likelihood hmf_counts = -10.315403897315264
Posterior = -4.71163912298862 for parameter set #240: [0.29126149108228205, 0.7275455248546958, -0.9965444164069394]
Model N: 1887416.8225718488
Done mass_function_like status = 0 

Pipeline ran okay.
Likelihood hmf_counts = -9.255754347890615
Posterior = -3.445842331833626 for parameter set #240: [0.3059321348174552, 0.7859764430736704, -0.9975245839503468]
Running module mass_function_like
Running module mass_function_like
Running module mass_function_like
Running module mass_function_like
Model N: 1890197.4575010932
Done mass_function_like status = 0 

Pipeline ran okay.
Likelihood hmf_counts = -8.286773853003979
Posterior = -2.3151673951516356 for parameter set #241: [0.29829560527430465, 0.8370999624840181, -1.0008746770034895]
Running module mass_function_like
Model N: 1891468.4746834093
Done mass_function_like status = 0 

Pipeline ran okay.
Likelihood hmf_counts = -9.206272300332785
Posterior = -3.258086712045978 for parameter set #240: [0.3027457057005747, 0.803621995397826, -1.0024059530028897]
Running module mass_function_like
Model N: 1889165.6312939746
Done mass_function_like status = 0 

Pipeline ran okay.
Likelihood hmf_counts = -8.168559357523918
Posterior = -2.5958428423494 for parameter set #241: [0.2909066372010563, 0.9310923374682182, -0.999632097576212]
Running module mass_function_like
Model N: 1888885.1868469699
Done mass_function_like status = 0 

Pipeline ran okay.
Likelihood hmf_counts = -8.233821485191584
Posterior = -2.3466529182586235 for parameter set #241: [0.30444918053719167, 0.7866100708945313, -0.9992941167990602]
Running module mass_function_like
Model N: 1889153.9817282914
Done mass_function_like status = 0 

Pipeline ran okay.
Likelihood hmf_counts = -8.170441348105669
Posterior = -2.1854768997882497 for parameter set #242: [0.3004894369814528, 0.8337202820449982, -0.9996172040029716]
Model N: 1890248.1393987462
Done mass_function_like status = 0 

Pipeline ran okay.
Likelihood hmf_counts = -8.307092439383268
Posterior = -2.3211541131430202 for parameter set #241: [0.30019364329358184, 0.8245969207963301, -1.000934910522565]
Model N: 1886054.2831488214
Done mass_function_like status = 0 

Pipeline ran okay.
Likelihood hmf_counts = -11.226932138204575
Posterior = -5.2611621500616055 for parameter set #242: [0.2980224949751506, 0.6714350582089841, -0.9958844222987235]
Model N: 1888601.7613484017
Done mass_function_like status = 0 

Pipeline ran okay.
Likelihood hmf_counts = -8.34209444001317
Posterior = -2.38719038297054 for parameter set #242: [0.29750157837237473, 0.7473074878891496, -0.9989520728966521]
Running module mass_function_like
Running module mass_function_like
Running module mass_function_like
Running module mass_function_like
Model N: 1886012.2446573405
Done mass_function_like status = 0 

Pipeline ran okay.
Likelihood hmf_counts = -11.303423374891281
Posterior = -5.851779816519404 for parameter set #243: [0.3103310974621416, 0.7473883438484055, -0.995833261426409]
Proposed outside bounds: prior -infinity
Model N: 1888843.2308689018
Done mass_function_like status = 0 

Pipeline ran okay.
Likelihood hmf_counts = -8.2471664249897
Posterior = -2.573719861747061 for parameter set #242: [0.3079081516256597, 0.7427112772253546, -0.9992431138065304]
Running module mass_function_like
Model N: 1890684.2344768043
Done mass_function_like status = 0 

Pipeline ran okay.
Likelihood hmf_counts = -8.538045547902584
Posterior = -2.740389794700115 for parameter set #243: [0.2938614838141057, 0.6876836468248176, -1.0014619146716213]
Running module mass_function_like
Model N: 1889347.1582047532
Done mass_function_like status = 0 

Pipeline ran okay.
Likelihood hmf_counts = -8.14851563796401
Posterior = -2.2776399031033296 for parameter set #243: [0.3048019299239934, 0.736995006216072, -0.9998498058019295]
Running module mass_function_like
Model N: 1889891.824569591
Done mass_function_like status = 0 

Pipeline ran okay.
Likelihood hmf_counts = -8.193042661994696
Posterior = -3.2744295471053118 for parameter set #243: [0.28538806269175127, 0.7940077406703514, -1.0005068206766907]
Model N: 1887810.9947878576
Done mass_function_like status = 0 

Pipeline ran okay.
Likelihood hmf_counts = -8.869207356125116
Posterior = -5.6800791928898775 for parameter set #244: [0.2763490322312824, 0.8513059956698599, -0.9980001373526192]
Model N: 1892706.7432820392
Done mass_function_like status = 0 

Pipeline ran okay.
Likelihood hmf_counts = -10.92258333787322
Posterior = -5.145310226113992 for parameter set #244: [0.29354806923899696, 0.6072503754680791, -1.0038970585500853]
Running module mass_function_like
Running module mass_function_like
Running module mass_function_like
Running module mass_function_like
Model N: 1891758.9430205207
Done mass_function_like status = 0 

Pipeline ran okay.
Likelihood hmf_counts = -9.536218531429768
Posterior = -3.890409642009838 for parameter set #244: [0.2917540198252279, 0.6938589471913409, -1.002755660053979]
Proposed outside bounds: prior -infinity
Model N: 1891649.1395104495
Done mass_function_like status = 0 

Pipeline ran okay.
Likelihood hmf_counts = -9.406253941357136
Posterior = -3.4774596977398176 for parameter set #244: [0.30337731230565396, 0.7988704385539754, -1.0026232883308097]
Running module mass_function_like
Model N: 1888952.5355103035
Done mass_function_like status = 0 

Pipeline ran okay.
Likelihood hmf_counts = -8.21434910595417
Posterior = -2.235744345125841 for parameter set #245: [0.301228429421658, 0.8209715205640604, -0.9993744969712348]
Running module mass_function_like
Model N: 1891228.595096872
Done mass_function_like status = 0 

Pipeline ran okay.
Likelihood hmf_counts = -8.967384040355682
Posterior = -2.9819875509432556 for parameter set #245: [0.2996686225517907, 0.614815940239252, -1.002116474766771]
Running module mass_function_like
Model N: 1887027.0103545492
Done mass_function_like status = 0 

Pipeline ran okay.
Likelihood hmf_counts = -9.71907240152359
Posterior = -10.857128013349355 for parameter set #245: [0.2622540286541461, 0.8615738722450101, -0.9970559709040006]
Model N: 1887443.993997669
Done mass_function_like status = 0 

Pipeline ran okay.
Likelihood hmf_counts = -9.2264643907547
Posterior = -3.5902306192420586 for parameter set #246: [0.3083622677318877, 0.7054371546316737, -0.9975581231039918]
Model N: 1890226.1918200443
Done mass_function_like status = 0 

Pipeline ran okay.
Likelihood hmf_counts = -8.298126809298992
Posterior = -2.3138572446362113 for parameter set #246: [0.2993903113720096, 0.8298887497283411, -1.0009094170876967]
Running module mass_function_like
Running module mass_function_like
Running module mass_function_like
Running module mass_function_like
Model N: 1887315.3329196929
Done mass_function_like status = 0 

Pipeline ran okay.
Likelihood hmf_counts = -9.368620071560144
Posterior = -3.5699203384265203 for parameter set #245: [0.3061177224705375, 0.7352476064515625, -0.9974032963818189]
Running module mass_function_like
Model N: 1888551.7777483114
Done mass_function_like status = 0 

Pipeline ran okay.
Likelihood hmf_counts = -8.365602601319551
Posterior = -2.3844891610201246 for parameter set #247: [0.2990005275983787, 0.7733623518375453, -0.9988922812377301]
Running module mass_function_like
Model N: 1888817.8858845308
Done mass_function_like status = 0 

Pipeline ran okay.
Likelihood hmf_counts = -8.255679581314325
Posterior = -2.59402542279481 for parameter set #247: [0.30805585954841475, 0.681139313314886, -0.9992126765364411]
Running module mass_function_like
Model N: 1889698.3813802712
Done mass_function_like status = 0 

Pipeline ran okay.
Likelihood hmf_counts = -8.15925283357501
Posterior = -2.5708714072423113 for parameter set #246: [0.2910805340728653, 0.8824081382870956, -1.0002731040451782]
Running module mass_function_like
Model N: 1890481.1168396345
Done mass_function_like status = 0 

Pipeline ran okay.
Likelihood hmf_counts = -8.417966552078724
Posterior = -5.402382385999494 for parameter set #246: [0.32437421292806956, 0.8163207879545678, -1.001217147128786]
Model N: 1886681.9960608422
Done mass_function_like status = 0 

Pipeline ran okay.
Likelihood hmf_counts = -10.196406781673431
Posterior = -4.226498761076873 for parameter set #247: [0.2982281639115312, 0.6952606259351799, -0.9966399954413905]
Model N: 1889736.9773135534
Done mass_function_like status = 0 

Pipeline ran okay.
Likelihood hmf_counts = -8.16441359743476
Posterior = -2.898612392844118 for parameter set #248: [0.28799697385908196, 0.7984486799287418, -1.0003203267646135]
Model N: 1890417.5619755082
Done mass_function_like status = 0 

Pipeline ran okay.
Likelihood hmf_counts = -8.384874131530523
Posterior = -2.423476154151505 for parameter set #248: [0.29777709328024765, 0.8399514087899606, -1.0011399030453136]
Running module mass_function_like
Running module mass_function_like
Running module mass_function_like
Running module mass_function_like
Model N: 1889010.298195429
Done mass_function_like status = 0 

Pipeline ran okay.
Likelihood hmf_counts = -8.19956173747778
Posterior = -2.225586502662935 for parameter set #247: [0.301560696842041, 0.7924540713082657, -0.9994448464784207]
Running module mass_function_like
Model N: 1892230.080968272
Done mass_function_like status = 0 

Pipeline ran okay.
Likelihood hmf_counts = -10.166106447577477
Posterior = -4.231008168131654 for parameter set #249: [0.3031786442397177, 0.8919150984802469, -1.003323679560303]
Running module mass_function_like
Model N: 1889158.6702877688
Done mass_function_like status = 0 

Pipeline ran okay.
Likelihood hmf_counts = -8.169675268232822
Posterior = -2.3185598797646376 for parameter set #249: [0.2948029418933086, 0.8311564690832521, -0.9996241154316733]
Running module mass_function_like
Model N: 1890438.166739378
Done mass_function_like status = 0 

Pipeline ran okay.
Likelihood hmf_counts = -8.39536889269948
Posterior = -2.410664840253866 for parameter set #248: [0.29947128347223145, 0.6616467129796236, -1.0011641260323698]
Running module mass_function_like
Model N: 1889052.6670367732
Done mass_function_like status = 0 

Pipeline ran okay.
Likelihood hmf_counts = -8.18983842805028
Posterior = -2.2073506305590307 for parameter set #248: [0.3008566271157724, 0.8273856848476383, -0.9994966078740599]
Model N: 1891125.4023614877
Done mass_function_like status = 0 

Pipeline ran okay.
Likelihood hmf_counts = -8.873968251049519
Posterior = -2.9531169296998794 for parameter set #249: [0.2963911299113963, 0.7603567516709234, -1.001992384594018]
Model N: 1887295.6688573577
Done mass_function_like status = 0 

Pipeline ran okay.
Likelihood hmf_counts = -9.39112015068531
Posterior = -3.8682809266975866 for parameter set #250: [0.3096227509359337, 0.6962915717604873, -0.9973784894146205]
Model N: 1890730.3442878255
Done mass_function_like status = 0 

Pipeline ran okay.
Likelihood hmf_counts = -8.568342000246048
Posterior = -2.6146752221729717 for parameter set #250: [0.2974548977204907, 0.6894107940482953, -1.0015166516499348]
Running module mass_function_like
Running module mass_function_like
Running module mass_function_like
Running module mass_function_like
Model N: 1889119.4905656734
Done mass_function_like status = 0 

Pipeline ran okay.
Likelihood hmf_counts = -8.17643466591835
Posterior = -2.1940764876536667 for parameter set #249: [0.30087205329559785, 0.8085467933402659, -0.9995768042118446]
Proposed outside bounds: prior -infinity
Model N: 1888698.8722438226
Done mass_function_like status = 0 

Pipeline ran okay.
Likelihood hmf_counts = -8.300204917788506
Posterior = -2.3142427746917704 for parameter set #250: [0.2998188768775606, 0.7794649541970897, -0.9990689068133789]
Running module mass_function_like
Model N: 1887750.558555515
Done mass_function_like status = 0 

Pipeline ran okay.
Likelihood hmf_counts = -8.923126820474863
Posterior = -3.059540536677339 for parameter set #251: [0.30494709047655444, 0.7499430950187441, -0.9979277401868869]
Running module mass_function_like
Model N: 1888166.2808922788
Done mass_function_like status = 0 

Pipeline ran okay.
Likelihood hmf_counts = -8.591381035745144
Posterior = -3.0091501252317876 for parameter set #251: [0.3089868241644911, 0.64090635547012, -0.998427966797469]
Running module mass_function_like
Model N: 1888800.816690478
Done mass_function_like status = 0 

Pipeline ran okay.
Likelihood hmf_counts = -8.261604689061642
Posterior = -2.3300792454689585 for parameter set #251: [0.29669511227050194, 0.7857602728326247, -0.9991917966266126]
Model N: 1887824.279444063
Done mass_function_like status = 0 

Pipeline ran okay.
Likelihood hmf_counts = -8.857614792883396
Posterior = -2.9719953163537944 for parameter set #252: [0.29551997010759556, 0.7661696887732774, -0.9980165583625111]
Model N: 1888294.6245375234
Done mass_function_like status = 0 

Pipeline ran okay.
Likelihood hmf_counts = -8.507468402385712
Posterior = -3.6412004089707946 for parameter set #252: [0.2850347002589387, 0.8449786920411209, -0.998581954610818]
Proposed outside bounds: prior -infinity
Running module mass_function_like
Running module mass_function_like
Running module mass_function_like
Running module mass_function_like
Model N: 1888045.5911859905
Done mass_function_like status = 0 

Pipeline ran okay.
Likelihood hmf_counts = -8.67825386673212
Posterior = -2.7107595179819866 for parameter set #250: [0.3019249790293492, 0.7846207376763765, -0.9982827482249327]
Running module mass_function_like
Model N: 1890877.379035096
Done mass_function_like status = 0 

Pipeline ran okay.
Likelihood hmf_counts = -8.672455944120884
Posterior = -2.7159905013420538 for parameter set #252: [0.3024314876679265, 0.6240547089988471, -1.0016935972073113]
Running module mass_function_like
Model N: 1894144.429308834
Done mass_function_like status = 0 

Pipeline ran okay.
Likelihood hmf_counts = -13.929804272949696
Posterior = -7.947526890553054 for parameter set #253: [0.30067935077795954, 0.9677860646738783, -1.005629472366114]
Running module mass_function_like
Model N: 1889438.005625464
Done mass_function_like status = 0 

Pipeline ran okay.
Likelihood hmf_counts = -8.145033549517393
Posterior = -2.177290503913502 for parameter set #253: [0.3019197079001646, 0.8282425646589311, -0.9999599908530049]
Model N: 1891821.6456840162
Done mass_function_like status = 0 

Pipeline ran okay.
Likelihood hmf_counts = -9.613289512693882
Posterior = -3.6308486097822152 for parameter set #254: [0.2991841762922993, 0.739544488351455, -1.002831159579943]
Model N: 1889499.9850403047
Done mass_function_like status = 0 

Pipeline ran okay.
Likelihood hmf_counts = -8.145164601504803
Posterior = -2.247847104202589 for parameter set #251: [0.30421549426157485, 0.8808173955220628, -1.0000349574564715]
Model N: 1892072.174675963
Done mass_function_like status = 0 

Pipeline ran okay.
Likelihood hmf_counts = -9.941940259188414
Posterior = -3.976600595379958 for parameter set #253: [0.2979831168568063, 0.6224265704511388, -1.0031329407121907]
Running module mass_function_like
Running module mass_function_like
Running module mass_function_like
Running module mass_function_like
Model N: 1887826.87824253
Done mass_function_like status = 0 

Pipeline ran okay.
Likelihood hmf_counts = -8.855357952415943
Posterior = -2.969235441178319 for parameter set #252: [0.2955312010293031, 0.7663177648864183, -0.9980191652763437]
Running module mass_function_like
Model N: 1886193.0398758703
Done mass_function_like status = 0 

Pipeline ran okay.
Likelihood hmf_counts = -10.981119353324175
Posterior = -4.996234451368446 for parameter set #254: [0.2996822618669899, 0.8744995723584258, -0.9960507514925433]
Running module mass_function_like
Model N: 1889650.041789033
Done mass_function_like status = 0 

Pipeline ran okay.
Likelihood hmf_counts = -8.153901014477015
Posterior = -2.4063893941042114 for parameter set #254: [0.29309122897062534, 0.8723602836937784, -1.000215020734775]
Running module mass_function_like
Model N: 1888003.7050289463
Done mass_function_like status = 0 

Pipeline ran okay.
Likelihood hmf_counts = -8.71020833030343
Posterior = -2.8050840429133608 for parameter set #255: [0.30402216141778604, 0.80773705658027, -0.9982318483857312]
Running module mass_function_like
Model N: 1891313.3355298287
Done mass_function_like status = 0 

Pipeline ran okay.
Likelihood hmf_counts = -9.048302248120308
Posterior = -3.068776832022757 for parameter set #253: [0.30113118582898396, 0.635363777005619, -1.0022189851474632]
Model N: 1889030.267078426
Done mass_function_like status = 0 

Pipeline ran okay.
Likelihood hmf_counts = -8.194860618561506
Posterior = -2.9824281503447923 for parameter set #255: [0.2875603618542825, 0.8015686470975041, -0.9994696500854194]
Model N: 1887388.4888794976
Done mass_function_like status = 0 

Pipeline ran okay.
Likelihood hmf_counts = -9.286714266985655
Posterior = -3.375393962794517 for parameter set #255: [0.2961390598519397, 0.8562740747302892, -0.9974903409610114]
Model N: 1888151.3861205245
Done mass_function_like status = 0 

Pipeline ran okay.
Likelihood hmf_counts = -8.601684752851725
Posterior = -2.837629270381531 for parameter set #256: [0.3066631480737291, 0.7106214478564671, -0.9984105094032171]
Proposed outside bounds: prior -infinity
Running module mass_function_like
Running module mass_function_like
Running module mass_function_like
Running module mass_function_like
Model N: 1888462.1774283808
Done mass_function_like status = 0 

Pipeline ran okay.
Likelihood hmf_counts = -8.41105604171753
Posterior = -2.5110328529099952 for parameter set #254: [0.2958509646410513, 0.7917870856841869, -0.9987846243898337]
Proposed outside bounds: prior -infinity
Model N: 1888477.4237038477
Done mass_function_like status = 0 

Pipeline ran okay.
Likelihood hmf_counts = -8.403021454811096
Posterior = -2.4178393273774175 for parameter set #256: [0.30042794724147587, 0.7616747576187843, -0.9988025351016286]
Proposed outside bounds: prior -infinity
Model N: 1891426.672562868
Done mass_function_like status = 0 

Pipeline ran okay.
Likelihood hmf_counts = -9.16245624050498
Posterior = -3.282263763835429 for parameter set #257: [0.29540218488377973, 0.7482134234341526, -1.0023559366119903]
Model N: 1887917.2011541002
Done mass_function_like status = 0 

Pipeline ran okay.
Likelihood hmf_counts = -8.779144711792469
Posterior = -3.229539288277235 for parameter set #256: [0.3093422582343024, 0.6255457674301759, -0.9981283715482758]
Running module mass_function_like
Model N: 1888384.5954261478
Done mass_function_like status = 0 

Pipeline ran okay.
Likelihood hmf_counts = -8.453848615288734
Posterior = -2.5290716409555545 for parameter set #257: [0.29649837916032973, 0.7822021580129705, -0.9986900313514493]
Running module mass_function_like
Proposed outside bounds: prior -infinity
Running module mass_function_like
Running module mass_function_like
Running module mass_function_like
Model N: 1888221.3583095202
Done mass_function_like status = 0 

Pipeline ran okay.
Likelihood hmf_counts = -8.554301504045725
Posterior = -2.5887716610485443 for parameter set #255: [0.30202614545785955, 0.7940736829150955, -0.9984943594648854]
Proposed outside bounds: prior -infinity
Model N: 1889920.3174595505
Done mass_function_like status = 0 

Pipeline ran okay.
Likelihood hmf_counts = -8.199692405760288
Posterior = -2.352594200006072 for parameter set #257: [0.2947263549385794, 0.7160294842444678, -1.0005413100185698]
Model N: 1890138.6593331906
Done mass_function_like status = 0 

Pipeline ran okay.
Likelihood hmf_counts = -8.26490355655551
Posterior = -2.4310956068328142 for parameter set #258: [0.30551958885699665, 0.8588144025022578, -1.0008032717616142]
Running module mass_function_like
Model N: 1890400.0961677819
Done mass_function_like status = 0 

Pipeline ran okay.
Likelihood hmf_counts = -8.37615393102169
Posterior = -2.7644027604588324 for parameter set #258: [0.2913471884088312, 0.923279263735264, -1.0011189729761993]
Running module mass_function_like
Model N: 1888054.8058578025
Done mass_function_like status = 0 

Pipeline ran okay.
Likelihood hmf_counts = -8.6713488958776
Posterior = -3.0484031284412083 for parameter set #259: [0.30852148076676533, 0.6954055731522779, -0.9982936704766985]
Model N: 1888994.5886287256
Done mass_function_like status = 0 

Pipeline ran okay.
Likelihood hmf_counts = -8.203408509492874
Posterior = -2.255558350884245 for parameter set #259: [0.29723222515179726, 0.7706193283694649, -0.9994260472160926]
Proposed outside bounds: prior -infinity
Running module mass_function_like
Running module mass_function_like
Running module mass_function_like
Running module mass_function_like
Model N: 1888644.0349884757
Done mass_function_like status = 0 

Pipeline ran okay.
Likelihood hmf_counts = -8.323245409876108
Posterior = -2.723735567960814 for parameter set #256: [0.29120670746287225, 0.790067371570821, -0.9990029281126325]
Running module mass_function_like
Model N: 1891164.2028037456
Done mass_function_like status = 0 

Pipeline ran okay.
Likelihood hmf_counts = -8.908432610332966
Posterior = -2.9914627969175474 for parameter set #258: [0.29628538579339225, 0.9101885299282765, -1.0020391704939828]
Running module mass_function_like
Model N: 1889632.0979395588
Done mass_function_like status = 0 

Pipeline ran okay.
Likelihood hmf_counts = -8.152229074388742
Posterior = -2.2970330182767835 for parameter set #260: [0.30511803838863205, 0.6555305600225394, -1.000193747296116]
Running module mass_function_like
Model N: 1889845.828858167
Done mass_function_like status = 0 

Pipeline ran okay.
Likelihood hmf_counts = -8.18321431428194
Posterior = -2.2016982937096934 for parameter set #260: [0.29903632446224804, 0.8238839533473676, -1.0004504324077919]
Model N: 1889985.363518528
Done mass_function_like status = 0 

Pipeline ran okay.
Likelihood hmf_counts = -8.216482289135456
Posterior = -2.380309118019891 for parameter set #261: [0.29452319170192404, 0.7133042946290603, -1.0006196929130196]
Model N: 1889739.7359792257
Done mass_function_like status = 0 

Pipeline ran okay.
Likelihood hmf_counts = -8.16481265425682
Posterior = -2.2893178099017053 for parameter set #257: [0.3047046668724016, 0.8725639593225061, -1.0003231561162171]
Model N: 1889810.827205029
Done mass_function_like status = 0 

Pipeline ran okay.
Likelihood hmf_counts = -8.17648508772254
Posterior = -2.1909055985072126 for parameter set #259: [0.30034107699756324, 0.710723923346921, -1.0004089240416902]
Proposed outside bounds: prior -infinity
Running module mass_function_like
Running module mass_function_like
Running module mass_function_like
Running module mass_function_like
Model N: 1888661.016542118
Done mass_function_like status = 0 

Pipeline ran okay.
Likelihood hmf_counts = -8.315940160304308
Posterior = -2.3299372329334798 for parameter set #258: [0.3001542851667255, 0.7739230841522801, -0.9990245942785858]
Proposed outside bounds: prior -infinity
Model N: 1891132.7288686219
Done mass_function_like status = 0 

Pipeline ran okay.
Likelihood hmf_counts = -8.880415085703135
Posterior = -3.060191267179344 for parameter set #260: [0.2942424785783449, 0.7982812743232276, -1.0020021719325676]
Model N: 1889257.8774521025
Done mass_function_like status = 0 

Pipeline ran okay.
Likelihood hmf_counts = -8.156193900853395
Posterior = -2.4175425549209226 for parameter set #262: [0.3070358347185608, 0.7662893715224546, -0.9997422837508149]
Running module mass_function_like
Model N: 1888257.618469207
Done mass_function_like status = 0 

Pipeline ran okay.
Likelihood hmf_counts = -8.530767813324928
Posterior = -2.549781392366148 for parameter set #261: [0.2989923994022423, 0.7618906908648407, -0.998538480458796]
Proposed outside bounds: prior -infinity
Model N: 1888313.715942189
Done mass_function_like status = 0 

Pipeline ran okay.
Likelihood hmf_counts = -8.495732013136148
Posterior = -2.810021461866512 for parameter set #263: [0.3077506350674249, 0.7285974806764514, -0.9986053908172192]
Proposed outside bounds: prior -infinity
Running module mass_function_like
Running module mass_function_like
Running module mass_function_like
Running module mass_function_like
Model N: 1888430.4081832531
Done mass_function_like status = 0 

Pipeline ran okay.
Likelihood hmf_counts = -8.428193710744381
Posterior = -2.4742757252970655 for parameter set #259: [0.2974633491869812, 0.7558616128658265, -0.9987466399799354]
Running module mass_function_like
Model N: 1889010.7899817007
Done mass_function_like status = 0 

Pipeline ran okay.
Likelihood hmf_counts = -8.19944342598319
Posterior = -2.218157691106785 for parameter set #261: [0.299013244918021, 0.7913108335142653, -0.9994458354974852]
Running module mass_function_like
Model N: 1891495.3944813542
Done mass_function_like status = 0 

Pipeline ran okay.
Likelihood hmf_counts = -9.234977554529905
Posterior = -3.342618133033744 for parameter set #264: [0.2956753529324983, 0.7349000352693629, -1.002438175390895]
Model N: 1890323.5015063416
Done mass_function_like status = 0 

Pipeline ran okay.
Likelihood hmf_counts = -8.339816980063915
Posterior = -2.642189483713797 for parameter set #262: [0.2924040895636761, 0.9096169982212539, -1.0010270795184817]
Running module mass_function_like
Model N: 1889154.2019550118
Done mass_function_like status = 0 

Pipeline ran okay.
Likelihood hmf_counts = -8.170405104756355
Posterior = -2.444484174396301 for parameter set #263: [0.3072144475107566, 0.7553899820828963, -0.9996173000421044]
Model N: 1888865.715848799
Done mass_function_like status = 0 

Pipeline ran okay.
Likelihood hmf_counts = -8.239898696541786
Posterior = -2.262405995136091 for parameter set #260: [0.2986846900802171, 0.7532193544908052, -0.9992704053294746]
Model N: 1888004.934062427
Done mass_function_like status = 0 

Pipeline ran okay.
Likelihood hmf_counts = -8.7092574685812
Posterior = -2.766684411279538 for parameter set #262: [0.30294755521593664, 0.8039926701488631, -0.9982333551935036]
Proposed outside bounds: prior -infinity
Proposed outside bounds: prior -infinity
Running module mass_function_like
Running module mass_function_like
Running module mass_function_like
Running module mass_function_like
Model N: 1890109.5861328535
Done mass_function_like status = 0 

Pipeline ran okay.
Likelihood hmf_counts = -8.254765171557665
Posterior = -2.347999122269785 for parameter set #261: [0.30398431828764383, 0.8832917382289858, -1.000768210597538]
Model N: 1890610.311827621
Done mass_function_like status = 0 

Pipeline ran okay.
Likelihood hmf_counts = -8.491819716989994
Posterior = -2.568626772722854 for parameter set #263: [0.3035463341611213, 0.7088061484827903, -1.001372177622859]
Running module mass_function_like
Model N: 1889749.761660399
Done mass_function_like status = 0 

Pipeline ran okay.
Likelihood hmf_counts = -8.166296802461147
Posterior = -2.1865051863598133 for parameter set #265: [0.2988710834367745, 0.8211701270882169, -1.00033581588096]
Proposed outside bounds: prior -infinity
Model N: 1889990.7939284672
Done mass_function_like status = 0 

Pipeline ran okay.
Likelihood hmf_counts = -8.217985227704048
Posterior = -2.38341427816673 for parameter set #264: [0.2944940211014275, 0.716006646415467, -1.0006253008125638]
Model N: 1889437.7134516565
Done mass_function_like status = 0 

Pipeline ran okay.
Likelihood hmf_counts = -8.14503774791956
Posterior = -2.3868354749018668 for parameter set #264: [0.306752290897132, 0.7604763758498118, -0.9999592728341403]
Proposed outside bounds: prior -infinity
Running module mass_function_like
Running module mass_function_like
Running module mass_function_like
Running module mass_function_like
Model N: 1889981.266251558
Done mass_function_like status = 0 

Pipeline ran okay.
Likelihood hmf_counts = -8.215358640998602
Posterior = -2.2292223384529715 for parameter set #262: [0.30005361836412103, 0.778292031504044, -1.0006138494891992]
Running module mass_function_like
Model N: 1894812.2784355225
Done mass_function_like status = 0 

Pipeline ran okay.
Likelihood hmf_counts = -15.697125039994717
Posterior = -9.93262549624176 for parameter set #265: [0.306627218149988, 0.998347542428601, -1.0064340841767043]
Running module mass_function_like
Model N: 1891897.4501080927
Done mass_function_like status = 0 

Pipeline ran okay.
Likelihood hmf_counts = -9.70923601463437
Posterior = -3.732425186698854 for parameter set #265: [0.2986634670881937, 0.6437663321100542, -1.0029226313247823]
Model N: 1888512.6356288034
Done mass_function_like status = 0 

Pipeline ran okay.
Likelihood hmf_counts = -8.38493587076664
Posterior = -3.0693797477418387 for parameter set #266: [0.28841944155601446, 0.7896234027688585, -0.9988447913380653]
Running module mass_function_like
Model N: 1891919.5387946481
Done mass_function_like status = 0 

Pipeline ran okay.
Likelihood hmf_counts = -9.737764660269022
Posterior = -4.692956632630223 for parameter set #267: [0.28628193394717966, 0.6305336495047151, -1.0029489284960709]
Model N: 1889661.0053545174
Done mass_function_like status = 0 

Pipeline ran okay.
Likelihood hmf_counts = -8.155006408691406
Posterior = -2.1870804962240094 for parameter set #263: [0.30191002576741305, 0.8864387909754905, -1.0002286097962931]
Model N: 1891581.3713243897
Done mass_function_like status = 0 

Pipeline ran okay.
Likelihood hmf_counts = -9.329219833016396
Posterior = -3.4779820085461104 for parameter set #266: [0.2948113861253619, 0.7444736357983058, -1.002542139176106]
Running module mass_function_like
Running module mass_function_like
Running module mass_function_like
Running module mass_function_like
Model N: 1890684.0587549196
Done mass_function_like status = 0 

Pipeline ran okay.
Likelihood hmf_counts = -8.537932243198156
Posterior = -2.562650762289998 for parameter set #264: [0.3014684203941479, 0.8155565636568513, -1.0014611267730675]
Running module mass_function_like
Model N: 1891151.3659507048
Done mass_function_like status = 0 

Pipeline ran okay.
Likelihood hmf_counts = -8.896942280232906
Posterior = -2.953618664463405 for parameter set #267: [0.29707968710637933, 0.9019352924414064, -1.0020236847457946]
Running module mass_function_like
Model N: 1888395.0327125331
Done mass_function_like status = 0 

Pipeline ran okay.
Likelihood hmf_counts = -8.447905972599983
Posterior = -2.765553516335216 for parameter set #266: [0.30779401180054755, 0.7026359923624125, -0.998704146998192]
Running module mass_function_like
Model N: 1888797.830224496
Done mass_function_like status = 0 

Pipeline ran okay.
Likelihood hmf_counts = -8.262657217681408
Posterior = -2.3297693691493064 for parameter set #268: [0.29673660594837087, 0.7521404451593015, -0.9991880204791861]
Running module mass_function_like
Model N: 1889949.334033488
Done mass_function_like status = 0 

Pipeline ran okay.
Likelihood hmf_counts = -8.206905741244555
Posterior = -2.2321320967692113 for parameter set #265: [0.2984914060199907, 0.6949379957614854, -1.0005760953447118]
Model N: 1888579.6374818825
Done mass_function_like status = 0 

Pipeline ran okay.
Likelihood hmf_counts = -8.352336421608925
Posterior = -2.438830541987345 for parameter set #268: [0.2961893332285602, 0.6956503942628236, -0.9989254590384848]
Model N: 1888044.8902532125
Done mass_function_like status = 0 

Pipeline ran okay.
Likelihood hmf_counts = -8.67878095060587
Posterior = -2.708962800969605 for parameter set #267: [0.30180020724176465, 0.802857866952474, -0.9982816429504844]
Model N: 1887943.1425186796
Done mass_function_like status = 0 

Pipeline ran okay.
Likelihood hmf_counts = -8.758055195212364
Posterior = -3.907784760079105 for parameter set #269: [0.3150713620499618, 0.7716252741680907, -0.9981598238570527]
Running module mass_function_like
Running module mass_function_like
Running module mass_function_like
Running module mass_function_like
Model N: 1890775.8486366528
Done mass_function_like status = 0 

Pipeline ran okay.
Likelihood hmf_counts = -8.599342338740826
Posterior = -2.896955145131879 for parameter set #266: [0.3075320496784293, 0.8473119636993356, -1.0015713837830007]
Running module mass_function_like
Model N: 1888958.8705105556
Done mass_function_like status = 0 

Pipeline ran okay.
Likelihood hmf_counts = -8.212641078978777
Posterior = -2.5224167537412434 for parameter set #269: [0.29230680705794365, 0.7719728337866661, -0.9993818690398585]
Running module mass_function_like
Model N: 1890442.7098188545
Done mass_function_like status = 0 

Pipeline ran okay.
Likelihood hmf_counts = -8.397713053971529
Posterior = -2.6651774746513865 for parameter set #268: [0.29287868833268066, 0.8894596585526989, -1.0011708041221392]
Running module mass_function_like
Model N: 1888364.8182115103
Done mass_function_like status = 0 

Pipeline ran okay.
Likelihood hmf_counts = -8.465267404913902
Posterior = -2.496699190555616 for parameter set #270: [0.30187149407118685, 0.7826666655577379, -0.998666935113876]
Running module mass_function_like
Model N: 1889807.911862225
Done mass_function_like status = 0 

Pipeline ran okay.
Likelihood hmf_counts = -8.175953842699528
Posterior = -2.3071708384663925 for parameter set #267: [0.3048451681999281, 0.870193387632621, -1.0004059332247255]
Model N: 1890287.5579297328
Done mass_function_like status = 0 

Pipeline ran okay.
Likelihood hmf_counts = -8.3238345682621
Posterior = -2.5119024018582 for parameter set #270: [0.30590235554694095, 0.8076680818368596, -1.0009833242988013]
Model N: 1887949.4596616605
Done mass_function_like status = 0 

Pipeline ran okay.
Likelihood hmf_counts = -8.752973563969135
Posterior = -3.05404430751953 for parameter set #269: [0.2924227664715504, 0.6297820886290451, -0.9981673976026039]
Model N: 1889678.5041372676
Done mass_function_like status = 0 

Pipeline ran okay.
Likelihood hmf_counts = -8.156902484595776
Posterior = -2.20615645192537 for parameter set #271: [0.29733840712697596, 0.7156808022496165, -1.0002490771441641]
Running module mass_function_like
Running module mass_function_like
Running module mass_function_like
Running module mass_function_like
Model N: 1888782.8835795645
Done mass_function_like status = 0 

Pipeline ran okay.
Likelihood hmf_counts = -8.267995901405811
Posterior = -3.194259975945341 for parameter set #268: [0.28649148985604067, 0.8666010000970137, -0.9991710157718519]
Running module mass_function_like
Model N: 1891563.7576830345
Done mass_function_like status = 0 

Pipeline ran okay.
Model N: 1890741.365216753
Done mass_function_like status = 0 

Pipeline ran okay.
Likelihood hmf_counts = -9.309594955295324
Likelihood hmf_counts = -8.575749702751637
Posterior = -3.3374073968450197 for parameter set #272: [0.30165313609924344, 0.8458815473862281, -1.0025205732952664]
Posterior = -2.6068794158470316 for parameter set #271: [0.3018537651112345, 0.6344481163732083, -1.0015297412035893]
Running module mass_function_like
Running module mass_function_like
Model N: 1887781.1463351683
Done mass_function_like status = 0 

Pipeline ran okay.
Likelihood hmf_counts = -8.895595256239176
Posterior = -3.2631452435259156 for parameter set #270: [0.3084084743077162, 0.6685186515883803, -0.9979638068884368]
Running module mass_function_like
Model N: 1889840.1687805247
Done mass_function_like status = 0 

Pipeline ran okay.
Likelihood hmf_counts = -8.182082206010818
Posterior = -2.2816891856014916 for parameter set #269: [0.29585834325289095, 0.7158503538414627, -1.000444843490635]
Model N: 1891771.5776210185
Done mass_function_like status = 0 

Pipeline ran okay.
Likelihood hmf_counts = -9.551581360399723
Posterior = -3.573261163372888 for parameter set #272: [0.29877807441626364, 0.6487285709468391, -1.002770595829322]
Model N: 1891435.5308891628
Done mass_function_like status = 0 

Pipeline ran okay.
Likelihood hmf_counts = -9.171664282679558
Posterior = -3.2882454197002744 for parameter set #273: [0.29547295210582614, 0.7540652304264546, -1.0023657624151705]
Model N: 1889855.42451701
Done mass_function_like status = 0 

Pipeline ran okay.
Likelihood hmf_counts = -8.185172319412231
Posterior = -3.6863295177739435 for parameter set #271: [0.317247121674404, 0.8303834180689833, -1.0004622954355031]
Proposed outside bounds: prior -infinity
Running module mass_function_like
Running module mass_function_like
Running module mass_function_like
Running module mass_function_like
Model N: 1889816.6383836223
Done mass_function_like status = 0 

Pipeline ran okay.
Likelihood hmf_counts = -8.177557446062565
Posterior = -2.225123348844159 for parameter set #270: [0.29740281785142547, 0.8565979866493378, -1.0004158116755903]
Running module mass_function_like
Model N: 1890448.3919784778
Done mass_function_like status = 0 

Pipeline ran okay.
Likelihood hmf_counts = -8.400660317391157
Posterior = -2.473117922762139 for parameter set #272: [0.29657778236914956, 0.6421690470453564, -1.0011769074451167]
Model N: 1888468.7237993735
Done mass_function_like status = 0 

Pipeline ran okay.
Likelihood hmf_counts = -8.407591104507446
Posterior = -2.5121075527716075 for parameter set #274: [0.3042570677782859, 0.8212662995397861, -0.9987930561751549]
Running module mass_function_like
Model N: 1889731.0999121512
Done mass_function_like status = 0 

Pipeline ran okay.
Likelihood hmf_counts = -8.16357684507966
Posterior = -4.276318672350324 for parameter set #273: [0.3204885647775452, 0.8368736770252178, -1.0003134263097317]
Running module mass_function_like
Model N: 1890033.1372527168
Done mass_function_like status = 0 

Pipeline ran okay.
Likelihood hmf_counts = -8.230239294469357
Posterior = -2.4462565272739036 for parameter set #275: [0.29364132358759043, 0.7015506361275472, -1.0006770814741732]
Model N: 1890348.6207784908
Done mass_function_like status = 0 

Pipeline ran okay.
Likelihood hmf_counts = -8.35139186680317
Posterior = -2.371634165855676 for parameter set #271: [0.2988725263381092, 0.7619741999813792, -1.001056716721486]
Model N: 1891188.528851948
Done mass_function_like status = 0 

Pipeline ran okay.
Likelihood hmf_counts = -8.93044576793909
Posterior = -2.970600265645732 for parameter set #274: [0.297714827765472, 0.7655875508106541, -1.0020685973489658]
Running module mass_function_like
Running module mass_function_like
Running module mass_function_like
Running module mass_function_like
Model N: 1891291.1772706492
Done mass_function_like status = 0 

Pipeline ran okay.
Likelihood hmf_counts = -9.026777185499668
Posterior = -3.0461583885074948 for parameter set #272: [0.3010305627685787, 0.8270948490615524, -1.002192818543236]
Running module mass_function_like
Model N: 1890909.3610302273
Done mass_function_like status = 0 

Pipeline ran okay.
Likelihood hmf_counts = -8.69661496207118
Posterior = -5.883256692350088 for parameter set #273: [0.2748100763194588, 0.9238732749791222, -1.001731894175261]
Running module mass_function_like
Model N: 1888175.4506347177
Done mass_function_like status = 0 

Pipeline ran okay.
Likelihood hmf_counts = -8.585096180438995
Posterior = -3.360698529846056 for parameter set #275: [0.2876577962123221, 0.6947706320224631, -0.9984386193643641]
Running module mass_function_like
Model N: 1890329.5334776938
Done mass_function_like status = 0 

Pipeline ran okay.
Likelihood hmf_counts = -8.342566058039665
Posterior = -2.3826459114958904 for parameter set #276: [0.30228892511977556, 0.6682748179771842, -1.0010342164839299]
Running module mass_function_like
Model N: 1890454.8136756956
Done mass_function_like status = 0 

Pipeline ran okay.
Likelihood hmf_counts = -8.404011718928814
Posterior = -2.5051497980888904 for parameter set #273: [0.3041770197637112, 0.9359293681529637, -1.0011842835653741]
Model N: 1888426.9277846224
Done mass_function_like status = 0 

Pipeline ran okay.
Likelihood hmf_counts = -8.430103681981564
Posterior = -2.7103171591704234 for parameter set #276: [0.29270200124414775, 0.646227993196499, -0.9987424966241797]
Model N: 1889016.725331488
Done mass_function_like status = 0 

Pipeline ran okay.
Likelihood hmf_counts = -8.198025606572628
Posterior = -5.787203070285323 for parameter set #274: [0.27325927452281557, 0.9003673387135231, -0.9994525288637784]
Model N: 1890338.7992468528
Done mass_function_like status = 0 

Pipeline ran okay.
Likelihood hmf_counts = -8.346826411783695
Posterior = -2.403772580087061 for parameter set #277: [0.3029346581254216, 0.7549953160759051, -1.0010449352908775]
Proposed outside bounds: prior -infinity
Proposed outside bounds: prior -infinity
Running module mass_function_like
Running module mass_function_like
Running module mass_function_like
Model N: 1887612.5605934032
Done mass_function_like status = 0 

Pipeline ran okay.
Likelihood hmf_counts = -9.053504351526499
Posterior = -3.8514907020474443 for parameter set #275: [0.3125212217243515, 0.6743554710541682, -0.99775990661203]
Running module mass_function_like
Model N: 1891172.6595723743
Done mass_function_like status = 0 

Pipeline ran okay.
Likelihood hmf_counts = -8.916049867868423
Posterior = -2.932966703738119 for parameter set #274: [0.30075846116813926, 0.8188839437282653, -1.0020495702089653]
Running module mass_function_like
Model N: 1890515.9627338995
Done mass_function_like status = 0 

Pipeline ran okay.
Likelihood hmf_counts = -8.437016878277063
Posterior = -3.1355377113440133 for parameter set #277: [0.28829862209029816, 0.986875011564965, -1.0012579816287617]
Running module mass_function_like
Model N: 1889669.5620575044
Done mass_function_like status = 0 

Pipeline ran okay.
Likelihood hmf_counts = -8.155913323163986
Posterior = -9.108010804374045 for parameter set #276: [0.33725121243907236, 0.8225517816300157, -1.0002390839105415]
Model N: 1890461.2194876736
Done mass_function_like status = 0 

Pipeline ran okay.
Likelihood hmf_counts = -8.407376557588577
Posterior = -2.6755172538060226 for parameter set #275: [0.30713076697471725, 0.8226915308472449, -1.0011918534230992]
Model N: 1890777.39685056
Done mass_function_like status = 0 

Pipeline ran okay.
Likelihood hmf_counts = -8.600416328758001
Posterior = -2.686208772983595 for parameter set #278: [0.29620953248785603, 0.6794650531516138, -1.0015731635182266]
Running module mass_function_like
Running module mass_function_like
Running module mass_function_like
Running module mass_function_like
Model N: 1890435.3468552006
Done mass_function_like status = 0 

Pipeline ran okay.
Likelihood hmf_counts = -8.393919363617897
Posterior = -2.551523418707946 for parameter set #277: [0.30536108507701765, 0.6564532006552558, -1.0011610928059043]
Running module mass_function_like
Model N: 1888285.0133080196
Done mass_function_like status = 0 

Pipeline ran okay.
Likelihood hmf_counts = -8.513449966907501
Posterior = -2.6793056505360795 for parameter set #278: [0.30551222276380696, 0.8354209088707589, -0.9985702980053618]
Running module mass_function_like
Model N: 1888564.799163841
Done mass_function_like status = 0 

Pipeline ran okay.
Likelihood hmf_counts = -8.35935091599822
Posterior = -3.3686624792734765 for parameter set #279: [0.28589027670629213, 0.8276568238925656, -0.9989079935851818]
Proposed outside bounds: prior -infinity
Model N: 1889376.0934198603
Done mass_function_like status = 0 

Pipeline ran okay.
Likelihood hmf_counts = -8.146932478994131
Posterior = -2.2967897006554567 for parameter set #276: [0.2947841381841254, 0.8131117822191811, -0.9998845010745986]
Proposed outside bounds: prior -infinity
Model N: 1891559.1557891525
Done mass_function_like status = 0 

Pipeline ran okay.
Likelihood hmf_counts = -9.304494578391314
Posterior = -3.5658369916578065 for parameter set #278: [0.2929687053008655, 0.7233544599454969, -1.0025155726440071]
Model N: 1890222.7636318712
Done mass_function_like status = 0 

Pipeline ran okay.
Likelihood hmf_counts = -8.296749394387007
Posterior = -2.3206393573672504 for parameter set #279: [0.2985844772774719, 0.7532820659975462, -1.0009050728206126]
Proposed outside bounds: prior -infinity
Running module mass_function_like
Running module mass_function_like
Running module mass_function_like
Running module mass_function_like
Model N: 1891060.831159851
Done mass_function_like status = 0 

Pipeline ran okay.
Likelihood hmf_counts = -8.818376362323761
Posterior = -2.998414162421538 for parameter set #279: [0.2942376390385326, 0.7614854736336587, -1.0019146728013715]
Model N: 1886461.846452985
Done mass_function_like status = 0 

Pipeline ran okay.
Likelihood hmf_counts = -10.534008871763945
Posterior = -6.515052096527277 for parameter set #280: [0.280167927927279, 0.6238129851982701, -0.9963741786431456]
Running module mass_function_like
Model N: 1890324.7254065496
Done mass_function_like status = 0 

Pipeline ran okay.
Likelihood hmf_counts = -8.34037322178483
Posterior = -2.7788422972444593 for parameter set #280: [0.29078494975290725, 0.9512967595865572, -1.0010279876231265]
Proposed outside bounds: prior -infinity
Model N: 1887688.2583051785
Done mass_function_like status = 0 

Pipeline ran okay.
Likelihood hmf_counts = -8.980736441910267
Posterior = -3.31276905335422 for parameter set #277: [0.30797460234807505, 0.8886821561521465, -0.9978519024948326]
Running module mass_function_like
Model N: 1890272.5245289695
Done mass_function_like status = 0 

Pipeline ran okay.
Likelihood hmf_counts = -8.317352548241615
Posterior = -2.42334605750544 for parameter set #278: [0.3042922354567317, 0.8325851417448376, -1.0009654111451167]
Model N: 1890584.5119424923
Done mass_function_like status = 0 

Pipeline ran okay.
Likelihood hmf_counts = -8.476366348564625
Posterior = -2.5327248691970796 for parameter set #281: [0.2970866493889681, 0.7583503631895274, -1.0013414877465774]
Running module mass_function_like
Running module mass_function_like
Running module mass_function_like
Running module mass_function_like
Model N: 1890204.9916201993
Done mass_function_like status = 0 

Pipeline ran okay.
Likelihood hmf_counts = -8.289708357304335
Posterior = -3.195986882815477 for parameter set #279: [0.3133597079394058, 0.8074671952216037, -1.0008838792935846]
Running module mass_function_like
Model N: 1891736.5204702911
Done mass_function_like status = 0 

Pipeline ran okay.
Likelihood hmf_counts = -9.509161714464426
Posterior = -3.529453908156893 for parameter set #281: [0.2988964201520508, 0.8417627520509985, -1.0027286225049417]
Proposed outside bounds: prior -infinity
Model N: 1888736.661538512
Done mass_function_like status = 0 

Pipeline ran okay.
Likelihood hmf_counts = -8.285254344344139
Posterior = -3.042000449737669 for parameter set #282: [0.28781085386286004, 0.8272078592840281, -0.9991145014848618]
Running module mass_function_like
Model N: 1890007.6868327477
Done mass_function_like status = 0 

Pipeline ran okay.
Likelihood hmf_counts = -8.222760293632746
Posterior = -2.2568995501219185 for parameter set #280: [0.30201434264002924, 0.6636969718332069, -1.000646419093578]
Running module mass_function_like
Model N: 1890682.3074746844
Done mass_function_like status = 0 

Pipeline ran okay.
Likelihood hmf_counts = -8.536803871393204
Posterior = -2.625395964933686 for parameter set #280: [0.30386407019260137, 0.9398228963128701, -1.0014588970079084]
Model N: 1889898.2919119403
Done mass_function_like status = 0 

Pipeline ran okay.
Likelihood hmf_counts = -8.194514352828264
Posterior = -2.239060104766873 for parameter set #283: [0.2975220155279264, 0.7339465248342962, -1.000514479730871]
Model N: 1889541.819663172
Done mass_function_like status = 0 

Pipeline ran okay.
Likelihood hmf_counts = -8.146402295678854
Posterior = -2.2223991553434015 for parameter set #281: [0.29647392527594324, 0.8150283741015816, -1.0000851606297079]
Running module mass_function_like
Proposed outside bounds: prior -infinity
Running module mass_function_like
Running module mass_function_like
Running module mass_function_like
Model N: 1890091.2490800067
Done mass_function_like status = 0 

Pipeline ran okay.
Likelihood hmf_counts = -8.248600583523512
Posterior = -2.973183060879256 for parameter set #281: [0.311922450119161, 0.8011651730805036, -1.0007471397003154]
Running module mass_function_like
Model N: 1892476.7811176116
Done mass_function_like status = 0 

Pipeline ran okay.
Likelihood hmf_counts = -10.542661745101213
Posterior = -5.151760927925187 for parameter set #282: [0.28909483190941265, 0.6904327651661555, -1.0036200694866428]
Model N: 1888617.7747486688
Done mass_function_like status = 0 

Pipeline ran okay.
Likelihood hmf_counts = -8.33484298363328
Posterior = -3.095558471503452 for parameter set #284: [0.2877784444258835, 0.7991647268094834, -0.9989713857444148]
Running module mass_function_like
Model N: 1888116.0652504042
Done mass_function_like status = 0 

Pipeline ran okay.
Likelihood hmf_counts = -8.626588586717844
Posterior = -3.1717998506200225 for parameter set #282: [0.31030774089350616, 0.6721100484579967, -0.9983680072663371]
Running module mass_function_like
Model N: 1889831.6204496317
Done mass_function_like status = 0 

Pipeline ran okay.
Likelihood hmf_counts = -8.180404532700777
Posterior = -2.2351330151311766 for parameter set #282: [0.2971403295437749, 0.7324306533066587, -1.0004341564146915]
Model N: 1890571.268850053
Done mass_function_like status = 0 

Pipeline ran okay.
Likelihood hmf_counts = -8.468570791184902
Posterior = -2.8337809954018267 for parameter set #285: [0.3083820273018861, 0.8615748546132558, -1.0013252435199642]
Model N: 1888410.3210448443
Done mass_function_like status = 0 

Pipeline ran okay.
Likelihood hmf_counts = -8.439305502921343
Posterior = -2.6404076466628092 for parameter set #283: [0.30611866009895883, 0.8186248886074025, -0.998722076224757]
Proposed outside bounds: prior -infinity
Proposed outside bounds: prior -infinity
Running module mass_function_like
Running module mass_function_like
Running module mass_function_like
Running module mass_function_like
Model N: 1889382.9422226625
Done mass_function_like status = 0 

Pipeline ran okay.
Likelihood hmf_counts = -8.146622616797686
Posterior = -2.1838885819359453 for parameter set #283: [0.29783505620305123, 0.8155359388209332, -0.9998927928379662]
Running module mass_function_like
Model N: 1889958.0940727077
Done mass_function_like status = 0 

Pipeline ran okay.
Likelihood hmf_counts = -8.209170956164598
Posterior = -2.2293427116030546 for parameter set #284: [0.29887535623366196, 0.6846620273868622, -1.000585750508259]
Model N: 1890554.6978410913
Done mass_function_like status = 0 

Pipeline ran okay.
Likelihood hmf_counts = -8.458946838974953
Posterior = -2.51167635908147 for parameter set #286: [0.2972138220432593, 0.7591990414771932, -1.0013046058687092]
Model N: 1887957.8633408654
Done mass_function_like status = 0 

Pipeline ran okay.
Likelihood hmf_counts = -8.74624628201127
Posterior = -3.5292270865356503 for parameter set #283: [0.2875985151931195, 0.6434761440642125, -0.9981768423096196]
Proposed outside bounds: prior -infinity
Model N: 1890713.2811591404
Done mass_function_like status = 0 

Pipeline ran okay.
Likelihood hmf_counts = -8.556999690830708
Posterior = -2.6555336673277683 for parameter set #284: [0.3041131852425578, 0.9475067930714538, -1.0014968637168289]
Running module mass_function_like
Running module mass_function_like
Running module mass_function_like
Running module mass_function_like
Model N: 1890046.0098326504
Done mass_function_like status = 0 

Pipeline ran okay.
Likelihood hmf_counts = -8.23415256664157
Posterior = -3.5306315303722897 for parameter set #285: [0.3160163946425208, 0.77208744980623, -1.0006927446301526]
Running module mass_function_like
Model N: 1891054.9234479722
Done mass_function_like status = 0 

Pipeline ran okay.
Likelihood hmf_counts = -8.81340017169714
Posterior = -2.8767548618973473 for parameter set #284: [0.2968585907727874, 0.8059973356539949, -1.0019076073305624]
Running module mass_function_like
Model N: 1888256.8686013124
Done mass_function_like status = 0 

Pipeline ran okay.
Likelihood hmf_counts = -8.531247437000275
Posterior = -3.014831457357345 for parameter set #285: [0.3096917135289982, 0.6714851314743706, -0.9985372459776953]
Running module mass_function_like
Model N: 1888361.7045298594
Done mass_function_like status = 0 

Pipeline ran okay.
Likelihood hmf_counts = -8.467084039002657
Posterior = -3.8213809075817586 for parameter set #287: [0.2836269914711869, 0.8753725787671894, -0.9986632509103867]
Running module mass_function_like
Model N: 1889646.543547395
Done mass_function_like status = 0 

Pipeline ran okay.
Likelihood hmf_counts = -8.153561692684889
Posterior = -2.294547367509791 for parameter set #286: [0.30504287569265714, 0.8877602071751501, -1.00021053822429]
Model N: 1890072.4740582833
Done mass_function_like status = 0 

Pipeline ran okay.
Likelihood hmf_counts = -8.242473021149635
Posterior = -2.26677515994003 for parameter set #285: [0.2985546342439586, 0.6990497297908697, -1.0007245094473431]
Model N: 1889479.831960366
Done mass_function_like status = 0 

Pipeline ran okay.
Likelihood hmf_counts = -8.144898932427168
Posterior = -2.1832981420953033 for parameter set #286: [0.2977833032681988, 0.8108427008009971, -1.0000104062477444]
Model N: 1889994.024964136
Done mass_function_like status = 0 

Pipeline ran okay.
Likelihood hmf_counts = -8.218886855989695
Posterior = -2.3081823645072497 for parameter set #288: [0.2961155384390981, 0.7225924005192716, -1.0006295740971163]
Proposed outside bounds: prior -infinity
Running module mass_function_like
Running module mass_function_like
Running module mass_function_like
Running module mass_function_like
Model N: 1887776.5822857923
Done mass_function_like status = 0 

Pipeline ran okay.
Likelihood hmf_counts = -8.899671792984009
Posterior = -3.3263120862951556 for parameter set #287: [0.3090840689666294, 0.8734692888962237, -0.9979590879048517]
Running module mass_function_like
Model N: 1888057.0799266116
Done mass_function_like status = 0 

Pipeline ran okay.
Likelihood hmf_counts = -8.669651757925749
Posterior = -3.578301257848822 for parameter set #286: [0.28662334956953334, 0.7004158596967052, -0.9982962747944025]
Running module mass_function_like
Model N: 1891870.7248777703
Done mass_function_like status = 0 

Pipeline ran okay.
Likelihood hmf_counts = -9.675063379108906
Posterior = -4.183065359030788 for parameter set #289: [0.29006265911075696, 0.8094684690158063, -1.0028905983014955]
Model N: 1890013.0410847531
Done mass_function_like status = 0 

Pipeline ran okay.
Likelihood hmf_counts = -8.224305264651775
Posterior = -4.218467049050695 for parameter set #287: [0.2800986932920471, 0.9543354629610524, -1.0006520541254358]
Running module mass_function_like
Model N: 1890980.0498535193
Done mass_function_like status = 0 

Pipeline ran okay.
Likelihood hmf_counts = -8.751930493861437
Posterior = -3.597168652587812 for parameter set #288: [0.28710626091057745, 0.7576925826410675, -1.0018173494221874]
Model N: 1890449.008571901
Done mass_function_like status = 0 

Pipeline ran okay.
Likelihood hmf_counts = -8.400981165468693
Posterior = -2.68140809758364 for parameter set #288: [0.30730105492405846, 0.8568562680342018, -1.0011784298418636]
Model N: 1888463.8076919678
Done mass_function_like status = 0 

Pipeline ran okay.
Likelihood hmf_counts = -8.410191036760807
Posterior = -3.0195723521451585 for parameter set #287: [0.28908691460698, 0.6408537560375303, -0.9987861700458913]
Running module mass_function_like
Running module mass_function_like
Running module mass_function_like
Running module mass_function_like
Model N: 1887122.7726176234
Done mass_function_like status = 0 

Pipeline ran okay.
Likelihood hmf_counts = -9.597782969474792
Posterior = -5.235431736489064 for parameter set #290: [0.28198102026066285, 0.9310445780338261, -0.9971711114150074]
Running module mass_function_like
Model N: 1889594.8001427662
Done mass_function_like status = 0 

Pipeline ran okay.
Likelihood hmf_counts = -8.149298936128616
Posterior = -2.22642586910108 for parameter set #289: [0.3035579587758819, 0.7357769556400533, -1.0001481531871554]
Running module mass_function_like
Model N: 1887230.6823551392
Done mass_function_like status = 0 

Pipeline ran okay.
Likelihood hmf_counts = -9.466938342899084
Posterior = -4.133449935221492 for parameter set #289: [0.3114220545453282, 0.895976166155369, -0.9973001485581581]
Running module mass_function_like
Model N: 1889110.1762018504
Done mass_function_like status = 0 

Pipeline ran okay.
Likelihood hmf_counts = -8.178161177784204
Posterior = -2.2842632889982655 for parameter set #288: [0.29570436995107213, 0.6548460840544542, -0.9995654570664277]
Running module mass_function_like
Model N: 1889971.7300254598
Done mass_function_like status = 0 

Pipeline ran okay.
Likelihood hmf_counts = -8.21277778595686
Posterior = -2.994864669971003 for parameter set #291: [0.2876045310862276, 0.701424832445515, -1.000602557929286]
Model N: 1890219.4907887527
Done mass_function_like status = 0 

Pipeline ran okay.
Likelihood hmf_counts = -8.295440189540386
Posterior = -2.32221063258066 for parameter set #290: [0.29839380344912, 0.7136338422522167, -1.000901376616448]
Model N: 1890905.6230038353
Done mass_function_like status = 0 

Pipeline ran okay.
Likelihood hmf_counts = -8.693763382732868
Posterior = -3.2765820405776953 for parameter set #290: [0.31066619877210067, 0.945643402987352, -1.0017273932110067]
Model N: 1889427.0998481286
Done mass_function_like status = 0 

Pipeline ran okay.
Likelihood hmf_counts = -8.145220838487148
Posterior = -2.1621435008035954 for parameter set #289: [0.2992136112752508, 0.769268588884746, -0.9999463465492783]
Proposed outside bounds: prior -infinity
Running module mass_function_like
Running module mass_function_like
Running module mass_function_like
Running module mass_function_like
Model N: 1890075.2189140965
Done mass_function_like status = 0 

Pipeline ran okay.
Likelihood hmf_counts = -8.243357218801975
Posterior = -3.1074831381617285 for parameter set #291: [0.31304046732010815, 0.7622163879456613, -1.0007279763177932]
Model N: 1891020.7927738335
Done mass_function_like status = 0 

Pipeline ran okay.
Likelihood hmf_counts = -8.7850122153759
Posterior = -2.8436011642897183 for parameter set #292: [0.2970138916399186, 0.804369527493373, -1.0018668206841173]
Running module mass_function_like
Running module mass_function_like
Model N: 1890012.2032638346
Done mass_function_like status = 0 

Pipeline ran okay.
Likelihood hmf_counts = -8.224062513560057
Posterior = -3.878484320428236 for parameter set #291: [0.2818860821695258, 0.9306316703806634, -1.000651594545475]
Running module mass_function_like
Model N: 1891308.1624655947
Done mass_function_like status = 0 

Pipeline ran okay.
Likelihood hmf_counts = -9.043253801763058
Posterior = -4.635510098099873 for parameter set #290: [0.28223384677000496, 0.7767111093888893, -1.0022127409643078]
Model N: 1890991.9357836705
Done mass_function_like status = 0 

Pipeline ran okay.
Likelihood hmf_counts = -8.761490803211927
Posterior = -2.883931416759541 for parameter set #292: [0.29534291211964114, 0.741188519771056, -1.0018319043148687]
Model N: 1889161.618996088
Done mass_function_like status = 0 

Pipeline ran okay.
Likelihood hmf_counts = -8.16919943317771
Posterior = -2.8557867654207953 for parameter set #293: [0.28840043185477154, 0.6689038514781999, -0.9996273281779232]
Model N: 1888317.5377826067
Done mass_function_like status = 0 

Pipeline ran okay.
Likelihood hmf_counts = -8.493405744433403
Posterior = -2.611105966072425 for parameter set #292: [0.3045557257494525, 0.8553248732517252, -0.9986103679037008]
Running module mass_function_like
Proposed outside bounds: prior -infinity
Running module mass_function_like
Running module mass_function_like
Running module mass_function_like
Model N: 1887429.7752243488
Done mass_function_like status = 0 

Pipeline ran okay.
Likelihood hmf_counts = -9.241742949932814
Posterior = -3.8245456363295682 for parameter set #293: [0.31066461137004353, 0.8911603666866358, -0.9975402204297963]
Running module mass_function_like
Model N: 1890748.8309296728
Done mass_function_like status = 0 

Pipeline ran okay.
Likelihood hmf_counts = -8.580804239958525
Posterior = -3.7992223256647737 for parameter set #291: [0.2844792455534956, 0.7452350991248777, -1.0015395487200507]
Model N: 1890119.7994014884
Done mass_function_like status = 0 

Pipeline ran okay.
Likelihood hmf_counts = -8.258275795727968
Posterior = -5.081356727900442 for parameter set #293: [0.27629675162413464, 0.9808860820680092, -1.0007814356392104]
Running module mass_function_like
Model N: 1890477.4078178671
Done mass_function_like status = 0 

Pipeline ran okay.
Likelihood hmf_counts = -8.415976621210575
Posterior = -2.430338127468314 for parameter set #294: [0.2996974796813144, 0.7288748994860494, -1.001211868737983]
Running module mass_function_like
Model N: 1890351.964744501
Done mass_function_like status = 0 

Pipeline ran okay.
Likelihood hmf_counts = -8.352957919239998
Posterior = -2.420950306920715 for parameter set #294: [0.30328954720453605, 0.8252002048194894, -1.0010611444446138]
Model N: 1889835.7582018494
Done mass_function_like status = 0 

Pipeline ran okay.
Likelihood hmf_counts = -8.181211769580841
Posterior = -2.4776959516145975 for parameter set #295: [0.2924814353391367, 0.6952956631770711, -1.0004387934844012]
Model N: 1889553.508145474
Done mass_function_like status = 0 

Pipeline ran okay.
Likelihood hmf_counts = -8.146913643926382
Posterior = -2.1617994788776773 for parameter set #294: [0.2995406824783777, 0.6382211572425587, -1.0000989720368598]
Proposed outside bounds: prior -infinity
Proposed outside bounds: prior -infinity
Running module mass_function_like
Running module mass_function_like
Running module mass_function_like
Running module mass_function_like
Model N: 1891495.2780110461
Done mass_function_like status = 0 

Pipeline ran okay.
Likelihood hmf_counts = -9.234852533787489
Posterior = -4.273574878766743 for parameter set #295: [0.3143149897703526, 0.6930446876476098, -1.0024380406190572]
Running module mass_function_like
Model N: 1889965.3230310099
Done mass_function_like status = 0 

Pipeline ran okay.
Likelihood hmf_counts = -8.211070828139782
Posterior = -3.3388497351117117 for parameter set #296: [0.28507397754203023, 0.7080503438917262, -1.0005948553285728]
Model N: 1887727.935417829
Done mass_function_like status = 0 

Pipeline ran okay.
Likelihood hmf_counts = -8.943808674812317
Posterior = -3.5891119351770513 for parameter set #295: [0.31123612282590285, 0.8488855408548366, -0.997900012756647]
Model N: 1892168.3283548022
Done mass_function_like status = 0 

Pipeline ran okay.
Likelihood hmf_counts = -10.076874684542418
Posterior = -4.10102188190415 for parameter set #292: [0.3013992197742799, 0.9099027426348558, -1.0032484926606275]
Running module mass_function_like
Model N: 1889672.9834361207
Done mass_function_like status = 0 

Pipeline ran okay.
Likelihood hmf_counts = -8.156286798417568
Posterior = -2.738899196695195 for parameter set #296: [0.31066563605043657, 0.9263295910165391, -1.0002430730762175]
Model N: 1888356.2968112237
Done mass_function_like status = 0 

Pipeline ran okay.
Likelihood hmf_counts = -8.470251303166151
Posterior = -3.108951772613935 for parameter set #293: [0.2888216297529423, 0.6365990719366993, -0.9986570160349845]
Proposed outside bounds: prior -infinity
Proposed outside bounds: prior -infinity
Running module mass_function_like
Running module mass_function_like
Running module mass_function_like
Running module mass_function_like
Model N: 1892276.132498339
Done mass_function_like status = 0 

Pipeline ran okay.
Likelihood hmf_counts = -10.233960255980492
Posterior = -7.338346967971186 for parameter set #297: [0.2751404525005635, 0.7481563477678612, -1.0033785214436448]
Running module mass_function_like
Model N: 1890281.2993433578
Done mass_function_like status = 0 

Pipeline ran okay.
Likelihood hmf_counts = -8.321121506392956
Posterior = -2.5021221168671097 for parameter set #297: [0.3057813925501004, 0.8091047052089158, -1.0009760034080482]
Model N: 1891291.2396609797
Done mass_function_like status = 0 

Pipeline ran okay.
Likelihood hmf_counts = -9.026837423443794
Posterior = -3.0893567180768056 for parameter set #296: [0.30311282512721843, 0.9064363985068493, -1.002192765468778]
Running module mass_function_like
Model N: 1889850.211652836
Done mass_function_like status = 0 

Pipeline ran okay.
Likelihood hmf_counts = -8.184102587401867
Posterior = -2.5358168882100776 for parameter set #294: [0.2917796184204151, 0.6927307378099664, -1.0004572086738814]
Model N: 1890858.3911989671
Done mass_function_like status = 0 

Pipeline ran okay.
Likelihood hmf_counts = -8.658368363976479
Posterior = -5.892668248051217 for parameter set #298: [0.274621545736026, 0.6517831579951042, -1.0016715123804063]
Model N: 1888281.614547742
Done mass_function_like status = 0 

Pipeline ran okay.
Likelihood hmf_counts = -8.515576910227537
Posterior = -2.8897314022014884 for parameter set #297: [0.2915121119998987, 0.6620804858609033, -0.9985661505456501]
Proposed outside bounds: prior -infinity
Running module mass_function_like
Running module mass_function_like
Running module mass_function_like
Running module mass_function_like
Model N: 1890007.321705237
Done mass_function_like status = 0 

Pipeline ran okay.
Likelihood hmf_counts = -8.222655486315489
Posterior = -2.256746797384187 for parameter set #299: [0.3020119635147371, 0.6633956582737548, -1.0006456453482517]
Running module mass_function_like
Model N: 1888776.6829397639
Done mass_function_like status = 0 

Pipeline ran okay.
Likelihood hmf_counts = -8.270245384424925
Posterior = -3.1862036065754618 for parameter set #298: [0.28656800249864184, 0.6698352409979729, -0.9991638718000961]
Running module mass_function_like
Model N: 1885980.2005984888
Done mass_function_like status = 0 

Pipeline ran okay.
Likelihood hmf_counts = -11.362359710037708
Posterior = -6.288179051580967 for parameter set #295: [0.3134989211113762, 0.8854270203756122, -0.9957940436575785]
Model N: 1890307.2079878924
Done mass_function_like status = 0 

Pipeline ran okay.
Likelihood hmf_counts = -8.332487374544144
Posterior = -2.403184130791594 for parameter set #298: [0.30337092108667885, 0.8074851896284806, -1.0010072649564388]
Running module mass_function_like
Model N: 1889075.0145184044
Done mass_function_like status = 0 

Pipeline ran okay.
Likelihood hmf_counts = -8.185092747211456
Posterior = -3.104170170145961 for parameter set #300: [0.3134553748421856, 0.9336774263324491, -0.9995229262918219]
Model N: 1886551.9250383861
Done mass_function_like status = 0 

Pipeline ran okay.
Likelihood hmf_counts = -10.39276222139597
Posterior = -5.3755289241605055 for parameter set #299: [0.31391630692356354, 0.8298973295141837, -0.9964836707757164]
Model N: 1890159.090692457
Done mass_function_like status = 0 

Pipeline ran okay.
Likelihood hmf_counts = -8.272295825183392
Posterior = -2.794253372763393 for parameter set #299: [0.3100806021077831, 0.7813349538137764, -1.0008291085942085]
Proposed outside bounds: prior -infinity
Running module mass_function_like
Running module mass_function_like
Running module mass_function_like
Running module mass_function_like
Model N: 1889232.503474543
Done mass_function_like status = 0 

Pipeline ran okay.
Likelihood hmf_counts = -8.15914611145854
Posterior = -2.213722217796078 for parameter set #301: [0.29714547661715407, 0.639275134710402, -0.9997134560514657]
Running module mass_function_like
Model N: 1886489.3231419993
Done mass_function_like status = 0 

Pipeline ran okay.
Likelihood hmf_counts = -10.490467768162489
Posterior = -6.767477816936942 for parameter set #300: [0.32127220865490375, 0.8738611250971046, -0.996407615733537]
Running module mass_function_like
Model N: 1887234.9256291739
Done mass_function_like status = 0 

Pipeline ran okay.
Likelihood hmf_counts = -9.461919449269772
Posterior = -4.579228421429197 for parameter set #300: [0.28514661342517816, 0.6612831671457112, -0.9973054640318082]
Model N: 1891631.437784201
Done mass_function_like status = 0 

Pipeline ran okay.
Likelihood hmf_counts = -9.385897874832153
Posterior = -6.208086452502504 for parameter set #296: [0.3236981839652383, 0.7087828755032475, -1.0026018423058034]
Running module mass_function_like
Model N: 1889797.3263358988
Done mass_function_like status = 0 

Pipeline ran okay.
Likelihood hmf_counts = -8.174062706530094
Posterior = -4.797485464233679 for parameter set #301: [0.2771544989672931, 0.6571177718755719, -1.0003921294883966]
Model N: 1888323.330625087
Done mass_function_like status = 0 

Pipeline ran okay.
Likelihood hmf_counts = -8.489894539117813
Posterior = -10.025953710003519 for parameter set #302: [0.3387869387590929, 0.9361213759757928, -0.9986172698900503]
Model N: 1889737.790064378
Done mass_function_like status = 0 

Pipeline ran okay.
Likelihood hmf_counts = -8.164530754089355
Posterior = -2.224814695578015 for parameter set #297: [0.2969521059214439, 0.711634591576541, -1.0003214861871839]
Proposed outside bounds: prior -infinity
Proposed outside bounds: prior -infinity
Running module mass_function_like
Running module mass_function_like
Running module mass_function_like
Running module mass_function_like
Model N: 1890029.7995292542
Done mass_function_like status = 0 

Pipeline ran okay.
Likelihood hmf_counts = -8.22923893481493
Posterior = -2.351496281109548 for parameter set #303: [0.30465626982812954, 0.6640634920588857, -1.000672614051656]
Running module mass_function_like
Model N: 1891619.4611055928
Done mass_function_like status = 0 

Pipeline ran okay.
Likelihood hmf_counts = -9.372219156473875
Posterior = -6.587424637132686 for parameter set #302: [0.2746976668278783, 0.7754597562891236, -1.0025871940159592]
Model N: 1889662.7033150664
Done mass_function_like status = 0 

Pipeline ran okay.
Likelihood hmf_counts = -8.155183296650648
Posterior = -2.1946576884384106 for parameter set #301: [0.30226456476203256, 0.7099153284823407, -1.0002298578177686]
Running module mass_function_like
Model N: 1887016.6121121724
Done mass_function_like status = 0 

Pipeline ran okay.
Likelihood hmf_counts = -9.7325353436172
Posterior = -4.042003175230859 for parameter set #298: [0.3076837494692092, 0.8338341136478518, -0.9970425692364792]
Model N: 1889889.8638492704
Done mass_function_like status = 0 

Pipeline ran okay.
Likelihood hmf_counts = -8.19260086119175
Posterior = -2.2634487934471252 for parameter set #304: [0.3033765290122677, 0.7852161174467279, -1.0005041656910652]
Model N: 1887514.5572500452
Done mass_function_like status = 0 

Pipeline ran okay.
Likelihood hmf_counts = -9.152228243649006
Posterior = -3.850937067334012 for parameter set #302: [0.28829871279448965, 0.931573056735298, -0.9976431796586852]
Running module mass_function_like
Running module mass_function_like
Running module mass_function_like
Running module mass_function_like
Model N: 1887452.300683562
Done mass_function_like status = 0 

Pipeline ran okay.
Likelihood hmf_counts = -9.217588193714619
Posterior = -3.4788515175655856 for parameter set #305: [0.3070304624698785, 0.8264600994386377, -0.9975675983087816]
Running module mass_function_like
Model N: 1891411.7876152804
Done mass_function_like status = 0 

Pipeline ran okay.
Likelihood hmf_counts = -9.147076990455389
Posterior = -3.4321784517771254 for parameter set #299: [0.292637967291187, 0.8581536582659375, -1.0023381661353754]
Running module mass_function_like
Model N: 1887606.6869418595
Done mass_function_like status = 0 

Pipeline ran okay.
Likelihood hmf_counts = -9.059277698397636
Posterior = -3.77515707030859 for parameter set #303: [0.2881526646515794, 0.8714814211863513, -0.9977544917211044]
Running module mass_function_like
Model N: 1889801.768918752
Done mass_function_like status = 0 

Pipeline ran okay.
Likelihood hmf_counts = -8.174849167466164
Posterior = -2.2488946640175467 for parameter set #303: [0.30347007405688137, 0.715376448328001, -1.0003986100960092]
Running module mass_function_like
Model N: 1889184.1164106706
Done mass_function_like status = 0 

Pipeline ran okay.
Likelihood hmf_counts = -8.165720544755459
Posterior = -2.6592294380375305 for parameter set #306: [0.30979461503604866, 0.9333242419553643, -0.9996538061129278]
Model N: 1889431.6614671529
Done mass_function_like status = 0 

Pipeline ran okay.
Likelihood hmf_counts = -8.145134843885899
Posterior = -2.246159210663059 for parameter set #300: [0.2958240264938647, 0.6731434026958775, -0.999952902718724]
Model N: 1889931.9053032591
Done mass_function_like status = 0 

Pipeline ran okay.
Likelihood hmf_counts = -8.20251964777708
Posterior = -6.032405072419184 for parameter set #304: [0.27237378211639485, 0.6613847265815407, -1.0005544299818003]
Model N: 1888036.133831163
Done mass_function_like status = 0 

Pipeline ran okay.
Likelihood hmf_counts = -8.68538748845458
Posterior = -3.2323553680347263 for parameter set #304: [0.28967538801172843, 0.661803386703991, -0.9982717998461038]
Proposed outside bounds: prior -infinity
Running module mass_function_like
Running module mass_function_like
Running module mass_function_like
Running module mass_function_like
Model N: 1889908.02209242
Done mass_function_like status = 0 

Pipeline ran okay.
Likelihood hmf_counts = -8.196770206093788
Posterior = -2.3434071600093596 for parameter set #307: [0.3051534963397308, 0.7439437015240543, -1.0005262898009712]
Running module mass_function_like
Model N: 1888807.880302442
Done mass_function_like status = 0 

Pipeline ran okay.
Likelihood hmf_counts = -8.259134028106928
Posterior = -3.7570120456411313 for parameter set #301: [0.28277202517618233, 0.6497803453429776, -0.9992005922944747]
Running module mass_function_like
Model N: 1891671.9400974484
Done mass_function_like status = 0 

Pipeline ran okay.
Likelihood hmf_counts = -9.432717252522707
Posterior = -7.91855173861458 for parameter set #305: [0.2700946406462145, 0.7542425979342959, -1.0026510882554474]
Model N: 1890155.1389091504
Done mass_function_like status = 0 

Pipeline ran okay.
Likelihood hmf_counts = -8.27084881067276
Posterior = -4.602030755832798 for parameter set #305: [0.27847179702268465, 0.9937068518697186, -1.0008227484165757]
Running module mass_function_like
Model N: 1887884.160902901
Done mass_function_like status = 0 

Pipeline ran okay.
Likelihood hmf_counts = -8.806521944701672
Posterior = -3.3036240328448816 for parameter set #306: [0.30982943234230303, 0.8328452314777282, -0.9980873838132065]
Model N: 1889889.3244211352
Done mass_function_like status = 0 

Pipeline ran okay.
Likelihood hmf_counts = -8.19247966632247
Posterior = -2.2588835370393143 for parameter set #308: [0.30324224330440785, 0.7845601126682575, -1.0005035919421694]
Model N: 1890040.0973327076
Done mass_function_like status = 0 

Pipeline ran okay.
Likelihood hmf_counts = -8.232344284653664
Posterior = -2.2475239793804382 for parameter set #302: [0.29948507940184016, 0.7440203554201081, -1.0006855124358145]
Proposed outside bounds: prior -infinity
Running module mass_function_like
Running module mass_function_like
Running module mass_function_like
Running module mass_function_like
Model N: 1887416.9499525677
Done mass_function_like status = 0 

Pipeline ran okay.
Likelihood hmf_counts = -9.255616124719381
Posterior = -3.5129814927099394 for parameter set #309: [0.3069746501268816, 0.8243023537884114, -0.9975254746767677]
Running module mass_function_like
Model N: 1889841.555378664
Done mass_function_like status = 0 

Pipeline ran okay.
Likelihood hmf_counts = -8.182357981801033
Posterior = -2.198544482308548 for parameter set #307: [0.3006849932166593, 0.7463854923951141, -1.0004458637330738]
Running module mass_function_like
Model N: 1887391.6732909046
Done mass_function_like status = 0 

Pipeline ran okay.
Likelihood hmf_counts = -9.283213451504707
Posterior = -3.916177804529646 for parameter set #306: [0.2888750719124788, 0.8766368845193304, -0.9974950209078562]
Running module mass_function_like
Model N: 1888978.979784594
Done mass_function_like status = 0 

Pipeline ran okay.
Likelihood hmf_counts = -8.207360044121742
Posterior = -2.811638499461294 for parameter set #303: [0.2891332577859808, 0.6800217890424899, -0.9994076933214229]
Model N: 1890442.041556172
Done mass_function_like status = 0 

Pipeline ran okay.
Likelihood hmf_counts = -8.397367555648088
Posterior = -5.2232598482731385 for parameter set #310: [0.27628505328063085, 0.6989976896154629, -1.001168938516094]
Model N: 1889148.3530999215
Done mass_function_like status = 0 

Pipeline ran okay.
Likelihood hmf_counts = -8.171376392245293
Posterior = -3.3058103563507117 for parameter set #308: [0.2850293895061104, 0.697058905001118, -0.9996104090122244]
Model N: 1889747.864430868
Done mass_function_like status = 0 

Pipeline ran okay.
Likelihood hmf_counts = -8.16601186990738
Posterior = -3.53486418476216 for parameter set #307: [0.31646217652397607, 0.672938953570537, -1.0003332588270428]
Proposed outside bounds: prior -infinity
Running module mass_function_like
Running module mass_function_like
Running module mass_function_like
Running module mass_function_like
Model N: 1891841.4866203358
Done mass_function_like status = 0 

Pipeline ran okay.
Likelihood hmf_counts = -9.638109315186739
Posterior = -3.72228914642627 for parameter set #311: [0.3037400998567866, 0.6815773943588177, -1.0028552208184613]
Running module mass_function_like
Model N: 1890224.694661146
Done mass_function_like status = 0 

Pipeline ran okay.
Likelihood hmf_counts = -8.297524496912956
Posterior = -2.472331631015896 for parameter set #304: [0.3056733670574423, 0.6200654717369574, -1.0009075572801382]
Running module mass_function_like
Model N: 1890400.3251406276
Done mass_function_like status = 0 

Pipeline ran okay.
Likelihood hmf_counts = -8.376267213374376
Posterior = -2.4702091180005628 for parameter set #308: [0.304001219956736, 0.8875418445947505, -1.0011190769904448]
Running module mass_function_like
Model N: 1886789.6150462818
Done mass_function_like status = 0 

Pipeline ran okay.
Likelihood hmf_counts = -10.040734115988016
Posterior = -8.952307827880023 for parameter set #309: [0.3312960741443503, 0.9503803684669003, -0.9967690701063004]
Model N: 1892617.812464104
Done mass_function_like status = 0 

Pipeline ran okay.
Likelihood hmf_counts = -10.77235235646367
Posterior = -9.131539543955672 for parameter set #309: [0.27052242060156917, 0.8071430359003102, -1.0037901696222986]
Model N: 1889968.8810997764
Done mass_function_like status = 0 

Pipeline ran okay.
Likelihood hmf_counts = -8.212016090750694
Posterior = -2.836146701989973 for parameter set #312: [0.3110479151509399, 0.9817777331747488, -1.000599717895303]
Model N: 1889100.7370858793
Done mass_function_like status = 0 

Pipeline ran okay.
Likelihood hmf_counts = -8.179957676678896
Posterior = -2.3664998657685192 for parameter set #305: [0.29412289607108283, 0.6986635572175472, -0.9995538187944187]
Running module mass_function_like
Running module mass_function_like
Running module mass_function_like
Running module mass_function_like
Model N: 1887634.675469293
Done mass_function_like status = 0 

Pipeline ran okay.
Likelihood hmf_counts = -9.031931228935719
Posterior = -3.157061525329274 for parameter set #313: [0.30471285419246635, 0.8377451626058746, -0.997787124284689]
Proposed outside bounds: prior -infinity
Model N: 1889380.0261217747
Done mass_function_like status = 0 

Pipeline ran okay.
Likelihood hmf_counts = -8.146751515567303
Posterior = -2.201208730483529 for parameter set #306: [0.2971495218555951, 0.7855913113761054, -0.9998900538466254]
Proposed outside bounds: prior -infinity
Model N: 1890120.1613512782
Done mass_function_like status = 0 

Pipeline ran okay.
Likelihood hmf_counts = -8.258401222527027
Posterior = -2.591748085547529 for parameter set #310: [0.3079935702216894, 0.6084258216870213, -1.0007817458072625]
Running module mass_function_like
Model N: 1887375.6240127662
Done mass_function_like status = 0 

Pipeline ran okay.
Likelihood hmf_counts = -9.300912123173475
Posterior = -4.015261493122771 for parameter set #310: [0.28816614938864116, 0.878118432443508, -0.9974749802386459]
Running module mass_function_like
Model N: 1889207.559642672
Done mass_function_like status = 0 

Pipeline ran okay.
Likelihood hmf_counts = -8.16238048672676
Posterior = -3.0575008845249103 for parameter set #311: [0.28672381918013357, 0.6987420197945424, -0.9996828331839944]
Model N: 1890283.8678129949
Done mass_function_like status = 0 

Pipeline ran okay.
Likelihood hmf_counts = -8.32223241776228
Posterior = -3.7002413395963183 for parameter set #311: [0.2834825511930041, 0.6629397869256933, -1.00097840815248]
Running module mass_function_like
Running module mass_function_like
Proposed outside bounds: prior -infinity
Running module mass_function_like
Running module mass_function_like
Model N: 1891153.3587528798
Done mass_function_like status = 0 

Pipeline ran okay.
Likelihood hmf_counts = -8.89872033894062
Posterior = -2.988773394159103 for parameter set #314: [0.3038991597977234, 0.707113169510363, -1.0020265109317452]
Running module mass_function_like
Model N: 1888807.8129040229
Done mass_function_like status = 0 

Pipeline ran okay.
Likelihood hmf_counts = -8.259157482534647
Posterior = -2.497036131792388 for parameter set #312: [0.29330647740555205, 0.7284083437261437, -0.9992007078623003]
Running module mass_function_like
Model N: 1890120.6235173177
Done mass_function_like status = 0 

Pipeline ran okay.
Likelihood hmf_counts = -8.258561477065086
Posterior = -3.0484839676133895 for parameter set #312: [0.3124584218095909, 0.7243047746568879, -1.0007827946104515]
Running module mass_function_like
Model N: 1889109.7874964639
Done mass_function_like status = 0 

Pipeline ran okay.
Likelihood hmf_counts = -8.178234227001667
Posterior = -2.3985210502240673 for parameter set #307: [0.2935743201247023, 0.6986693745219306, -0.9995633840674794]
Model N: 1888461.3939100094
Done mass_function_like status = 0 

Pipeline ran okay.
Likelihood hmf_counts = -8.411472272127867
Posterior = -3.050234576715024 for parameter set #315: [0.2888209317740739, 0.7439967630741232, -0.9987835269188102]
Model N: 1891141.3266801757
Done mass_function_like status = 0 

Pipeline ran okay.
Likelihood hmf_counts = -8.888016745448112
Posterior = -5.5285256955883675 for parameter set #313: [0.2770806800991675, 0.7602579378807969, -1.002011687386369]
Model N: 1888057.1156500047
Done mass_function_like status = 0 

Pipeline ran okay.
Likelihood hmf_counts = -8.669625118374825
Posterior = -4.165816395206375 for parameter set #313: [0.3172175239482425, 0.8174051637490857, -0.9982962392169944]
Running module mass_function_like
Proposed outside bounds: prior -infinity
Running module mass_function_like
Running module mass_function_like
Running module mass_function_like
Model N: 1888759.9443143501
Done mass_function_like status = 0 

Pipeline ran okay.
Likelihood hmf_counts = -8.276419553905725
Posterior = -3.1686506804296535 for parameter set #316: [0.3132541608682715, 0.8384380585428235, -0.9991427641621856]
Proposed outside bounds: prior -infinity
Model N: 1889524.429728203
Done mass_function_like status = 0 

Pipeline ran okay.
Likelihood hmf_counts = -8.145775325596333
Posterior = -2.419318027897676 for parameter set #314: [0.3072071078263515, 0.6633988935865264, -1.00006386678488]
Running module mass_function_like
Model N: 1891371.430743713
Done mass_function_like status = 0 

Pipeline ran okay.
Likelihood hmf_counts = -9.105968680232763
Posterior = -4.457152172113567 for parameter set #314: [0.3163529265062432, 0.667266459907607, -1.002289030528851]
Proposed outside bounds: prior -infinity
Model N: 1888904.545700623
Done mass_function_like status = 0 

Pipeline ran okay.
Likelihood hmf_counts = -8.227978311479092
Posterior = -4.180349841219078 for parameter set #308: [0.28030981089896767, 0.6937886171207399, -0.9993171630036092]
Model N: 1890036.066921512
Done mass_function_like status = 0 

Pipeline ran okay.
Likelihood hmf_counts = -8.231122214347124
Posterior = -2.8453853177507327 for parameter set #315: [0.31095818850995094, 0.7677287663428347, -1.0006803536691786]
Running module mass_function_like
Running module mass_function_like
Running module mass_function_like
Running module mass_function_like
Model N: 1890630.2364291023
Done mass_function_like status = 0 

Pipeline ran okay.
Likelihood hmf_counts = -8.50399475544691
Posterior = -2.766948993053176 for parameter set #317: [0.3070572840049155, 0.8284524467002115, -1.0013961928687534]
Running module mass_function_like
Model N: 1889977.8283734154
Done mass_function_like status = 0 

Pipeline ran okay.
Likelihood hmf_counts = -8.214422680437565
Posterior = -2.382190454315653 for parameter set #309: [0.3055483095695713, 0.7793754815158498, -1.0006098562020762]
Running module mass_function_like
Model N: 1887323.4563849212
Done mass_function_like status = 0 

Pipeline ran okay.
Likelihood hmf_counts = -9.359384879469872
Posterior = -4.052526164663625 for parameter set #316: [0.2883468797070741, 0.8759635353383209, -0.9974125683119903]
Running module mass_function_like
Model N: 1889142.385253372
Done mass_function_like status = 0 

Pipeline ran okay.
Likelihood hmf_counts = -8.17238611727953
Posterior = -2.7251214646076996 for parameter set #315: [0.2896183139777853, 0.7943662363077894, -0.9996039757788469]
Running module mass_function_like
Model N: 1889589.3383011948
Done mass_function_like status = 0 

Pipeline ran okay.
Likelihood hmf_counts = -8.14893164485693
Posterior = -9.186428458712358 for parameter set #318: [0.26252023128400354, 0.6601805515253, -1.0001425891126432]
Model N: 1891566.9650003281
Done mass_function_like status = 0 

Pipeline ran okay.
Likelihood hmf_counts = -9.313156303018332
Posterior = -9.545272887769467 for parameter set #310: [0.26473537932825625, 0.6797471604964649, -1.0025248639231106]
Model N: 1888104.6416729742
Done mass_function_like status = 0 

Pipeline ran okay.
Likelihood hmf_counts = -8.634784560650587
Posterior = -2.828038905572946 for parameter set #316: [0.30598812630637423, 0.8667394725178051, -0.9983533101861165]
Model N: 1889579.2962393383
Done mass_function_like status = 0 

Pipeline ran okay.
Likelihood hmf_counts = -8.148297540843487
Posterior = -3.5262242334607006 for parameter set #317: [0.283482764406428, 0.8145920694953371, -1.0001305449855002]
Proposed outside bounds: prior -infinity
Running module mass_function_like
Running module mass_function_like
Running module mass_function_like
Running module mass_function_like
Model N: 1891723.6999049326
Done mass_function_like status = 0 

Pipeline ran okay.
Likelihood hmf_counts = -9.493810694664717
Posterior = -5.001905354496579 for parameter set #319: [0.3172852305187097, 0.7360752775035039, -1.0027136954782945]
Proposed outside bounds: prior -infinity
Model N: 1889129.8334418184
Done mass_function_like status = 0 

Pipeline ran okay.
Likelihood hmf_counts = -8.174571331590414
Posterior = -3.0608066611725278 for parameter set #311: [0.2867909394796061, 0.7060708661307291, -0.9995889482945762]
Model N: 1889656.2267568507
Done mass_function_like status = 0 

Pipeline ran okay.
Likelihood hmf_counts = -8.154516790062189
Posterior = -2.3945331710875237 for parameter set #318: [0.3067258223042108, 0.6970484663718318, -1.0002222807455075]
Running module mass_function_like
Model N: 1891451.4866963157
Done mass_function_like status = 0 

Pipeline ran okay.
Likelihood hmf_counts = -9.188354551792145
Posterior = -7.697875164007813 for parameter set #317: [0.3299846815805415, 0.6349882693862942, -1.002385298864272]
Running module mass_function_like
Model N: 1888888.927841249
Done mass_function_like status = 0 

Pipeline ran okay.
Likelihood hmf_counts = -8.232676848769188
Posterior = -4.304021880695768 for parameter set #319: [0.27971458668294824, 0.6873572678454793, -0.9992988230076034]
Model N: 1887811.6433517837
Done mass_function_like status = 0 

Pipeline ran okay.
Likelihood hmf_counts = -8.86863923072815
Posterior = -2.966635626217678 for parameter set #318: [0.3040979547561479, 0.659373286013819, -0.9980012637862642]
Running module mass_function_like
Running module mass_function_like
Running module mass_function_like
Running module mass_function_like
Model N: 1888106.4936518813
Done mass_function_like status = 0 

Pipeline ran okay.
Likelihood hmf_counts = -8.633451141417027
Posterior = -2.821310120469998 for parameter set #320: [0.30589734609574004, 0.8661196719672294, -0.9983565771175739]
Proposed outside bounds: prior -infinity
Model N: 1889984.6096382136
Done mass_function_like status = 0 

Pipeline ran okay.
Likelihood hmf_counts = -8.216274876147509
Posterior = -2.3317736469736 for parameter set #312: [0.3045088621754383, 0.78760350512153, -1.0006180289775475]
Running module mass_function_like
Model N: 1888221.9771247797
Done mass_function_like status = 0 

Pipeline ran okay.
Likelihood hmf_counts = -8.55389403551817
Posterior = -2.645747020751971 for parameter set #320: [0.29605261165614416, 0.7891159033356498, -0.9984958105304758]
Running module mass_function_like
Model N: 1888856.9957892287
Done mass_function_like status = 0 

Pipeline ran okay.
Likelihood hmf_counts = -8.242685463279486
Posterior = -3.208621148297726 for parameter set #319: [0.2862008849681777, 0.8106131320696888, -0.9992607509056499]
Running module mass_function_like
Model N: 1891597.5466003458
Done mass_function_like status = 0 

Pipeline ran okay.
Likelihood hmf_counts = -9.347386416047812
Posterior = -6.517215626859894 for parameter set #313: [0.27487761675027333, 0.7725518990490183, -1.0025613583568287]
Model N: 1891003.4636768887
Done mass_function_like status = 0 

Pipeline ran okay.
Likelihood hmf_counts = -8.77083444595337
Posterior = -3.8465445413149855 for parameter set #321: [0.2854280454470705, 0.6503324312296821, -1.0018456199427854]
Model N: 1888750.9300550076
Done mass_function_like status = 0 

Pipeline ran okay.
Likelihood hmf_counts = -8.2798060066998
Posterior = -3.4679292019875643 for parameter set #320: [0.31532485001425475, 0.8477655876204125, -0.9991331292945645]
Proposed outside bounds: prior -infinity
Running module mass_function_like
Running module mass_function_like
Running module mass_function_like
Running module mass_function_like
Model N: 1890448.0960549999
Done mass_function_like status = 0 

Pipeline ran okay.
Likelihood hmf_counts = -8.400506407022476
Posterior = -2.641082117600895 for parameter set #321: [0.3067331426657893, 0.7872056931322052, -1.0011762443564929]
Running module mass_function_like
Model N: 1887835.6872850326
Done mass_function_like status = 0 

Pipeline ran okay.
Likelihood hmf_counts = -8.847734663635492
Posterior = -6.257493753185893 for parameter set #314: [0.2739395532482926, 0.8689050754560756, -0.9980293005922852]
Running module mass_function_like
Model N: 1888927.4433280341
Done mass_function_like status = 0 

Pipeline ran okay.
Likelihood hmf_counts = -8.22132321074605
Posterior = -2.2571168715623404 for parameter set #322: [0.30209483844956786, 0.7210168450631556, -0.9993452035796448]
Running module mass_function_like
Model N: 1888554.445834844
Done mass_function_like status = 0 

Pipeline ran okay.
Likelihood hmf_counts = -8.364314313977957
Posterior = -2.763424275944759 for parameter set #321: [0.3087774538189394, 0.8134561405639704, -0.9988954458004571]
Model N: 1889350.2975171916
Done mass_function_like status = 0 

Pipeline ran okay.
Likelihood hmf_counts = -8.148322440683842
Posterior = -7.145208690781997 for parameter set #323: [0.26843085464088073, 0.617078444198113, -0.999853417435829]
Model N: 1890726.9166278327
Done mass_function_like status = 0 

Pipeline ran okay.
Likelihood hmf_counts = -8.566051192581654
Posterior = -2.878309851745123 for parameter set #322: [0.29227583302264504, 0.7389225390981538, -1.0015126099525027]
Model N: 1888518.8854648534
Done mass_function_like status = 0 

Pipeline ran okay.
Likelihood hmf_counts = -8.381794471293688
Posterior = -2.529691980865385 for parameter set #315: [0.2948231062546928, 0.6843985705038577, -0.9988521056586153]
Running module mass_function_like
Running module mass_function_like
Running module mass_function_like
Running module mass_function_like
Model N: 1888804.131022506
Done mass_function_like status = 0 

Pipeline ran okay.
Likelihood hmf_counts = -8.26044213399291
Posterior = -2.9260133996965614 for parameter set #323: [0.3114167284684721, 0.8103242377571185, -0.9991957756557394]
Running module mass_function_like
Model N: 1888185.0961909129
Done mass_function_like status = 0 

Pipeline ran okay.
Likelihood hmf_counts = -8.578533302992582
Posterior = -2.7379235225416707 for parameter set #316: [0.29460667682715325, 0.7863501011116166, -0.9984503996288421]
Running module mass_function_like
Model N: 1892252.0899691707
Done mass_function_like status = 0 

Pipeline ran okay.
Likelihood hmf_counts = -10.198395606130362
Posterior = -5.434381721892462 for parameter set #324: [0.31563070452456393, 0.7166964374432193, -1.003349668166362]
Running module mass_function_like
Model N: 1891309.2661782247
Done mass_function_like status = 0 

Pipeline ran okay.
Likelihood hmf_counts = -9.04432974010706
Posterior = -4.040908232443632 for parameter set #322: [0.31401786702596807, 0.6742158538262382, -1.0022137312312545]
Running module mass_function_like
Model N: 1892731.9033974356
Done mass_function_like status = 0 

Pipeline ran okay.
Likelihood hmf_counts = -10.96584339812398
Posterior = -11.711182287095053 for parameter set #317: [0.26331011896669815, 0.7944546350940184, -1.0039282452370453]
Model N: 1889672.733749502
Done mass_function_like status = 0 

Pipeline ran okay.
Likelihood hmf_counts = -8.156259331852198
Posterior = -2.5314071985418387 for parameter set #324: [0.30850075804458443, 0.9075910628973445, -1.000242807621803]
Model N: 1888009.8855716684
Done mass_function_like status = 0 

Pipeline ran okay.
Likelihood hmf_counts = -8.705434780567884
Posterior = -2.7383332293124267 for parameter set #323: [0.30194489139310166, 0.6794461856110106, -0.9982395805045837]
Model N: 1889846.3897742573
Done mass_function_like status = 0 

Pipeline ran okay.
Likelihood hmf_counts = -8.183327428996563
Posterior = -3.8500321230152386 for parameter set #325: [0.3181816611932593, 0.6671849860001438, -1.0004515093924229]
Proposed outside bounds: prior -infinity
Running module mass_function_like
Running module mass_function_like
Running module mass_function_like
Running module mass_function_like
Model N: 1889147.6169832586
Done mass_function_like status = 0 

Pipeline ran okay.
Likelihood hmf_counts = -8.1714999191463
Posterior = -2.622165742401008 for parameter set #318: [0.2906530463194588, 0.8266796334899006, -0.9996094753771487]
Running module mass_function_like
Model N: 1888202.6746195308
Done mass_function_like status = 0 

Pipeline ran okay.
Likelihood hmf_counts = -8.566699665039778
Posterior = -2.691214957697702 for parameter set #324: [0.29529748820835555, 0.7876714937610005, -0.9984720951901151]
Model N: 1890810.027929248
Done mass_function_like status = 0 

Pipeline ran okay.
Likelihood hmf_counts = -8.623347077518702
Posterior = -2.637446732661121 for parameter set #325: [0.2998332195099907, 0.8595411358647109, -1.001613035854747]
Running module mass_function_like
Model N: 1888827.383705702
Done mass_function_like status = 0 

Pipeline ran okay.
Likelihood hmf_counts = -8.252449490129948
Posterior = -2.2668672210617427 for parameter set #326: [0.30033381052552244, 0.7269098301804572, -0.9992240960458654]
Running module mass_function_like
Model N: 1888223.9267866062
Done mass_function_like status = 0 

Pipeline ran okay.
Likelihood hmf_counts = -8.552611570805311
Posterior = -2.6054377286650574 for parameter set #327: [0.3027886478946617, 0.7088090042498587, -0.9984974008652027]
Model N: 1891202.7302764985
Done mass_function_like status = 0 

Pipeline ran okay.
Likelihood hmf_counts = -8.943441465497017
Posterior = -3.0505050674588308 for parameter set #319: [0.30431313471893073, 0.7071383905708494, -1.0020854936769925]
Model N: 1890178.0984074776
Done mass_function_like status = 0 

Pipeline ran okay.
Likelihood hmf_counts = -8.279371239244938
Posterior = -2.345628251771174 for parameter set #326: [0.30323698146813105, 0.7177355162000955, -1.000851882050181]
Running module mass_function_like
Running module mass_function_like
Running module mass_function_like
Running module mass_function_like
Model N: 1894026.9825569282
Done mass_function_like status = 0 

Pipeline ran okay.
Likelihood hmf_counts = -13.643287759274244
Posterior = -17.09918209221317 for parameter set #327: [0.25654759407935956, 0.8356033093084724, -1.0054880765822742]
Running module mass_function_like
Model N: 1888436.336035307
Done mass_function_like status = 0 

Pipeline ran okay.
Likelihood hmf_counts = -8.424955394119024
Posterior = -2.5292431764087695 for parameter set #320: [0.30425157824371796, 0.8047989891622155, -0.9987533065515559]
Running module mass_function_like
Model N: 1888661.1164185326
Done mass_function_like status = 0 

Pipeline ran okay.
Likelihood hmf_counts = -8.315897647291422
Posterior = -3.0303270228286063 for parameter set #328: [0.31183681841352323, 0.8164264077858213, -0.9990248844804325]
Proposed outside bounds: prior -infinity
Model N: 1890986.755429977
Done mass_function_like status = 0 

Pipeline ran okay.
Likelihood hmf_counts = -8.757314871996641
Posterior = -3.5002737215674813 for parameter set #325: [0.3120744505555773, 0.6859940107458247, -1.0018253012117873]
Running module mass_function_like
Model N: 1889126.213362705
Done mass_function_like status = 0 

Pipeline ran okay.
Likelihood hmf_counts = -8.175217065960169
Posterior = -3.171697135927186 for parameter set #326: [0.2859811486797404, 0.6807821120282341, -0.9995846442596791]
Model N: 1890126.0112588354
Done mass_function_like status = 0 

Pipeline ran okay.
Likelihood hmf_counts = -8.260437991470098
Posterior = -2.5379980744444257 for parameter set #328: [0.3072622113535711, 0.8483044521618863, -1.0007878071451006]
Model N: 1888750.7935661445
Done mass_function_like status = 0 

Pipeline ran okay.
Likelihood hmf_counts = -8.279857613146305
Posterior = -5.710856145318557 for parameter set #321: [0.27385758075188904, 0.6127570088487854, -0.9991324839771195]
Running module mass_function_like
Running module mass_function_like
Running module mass_function_like
Running module mass_function_like
Model N: 1887745.944744833
Done mass_function_like status = 0 

Pipeline ran okay.
Likelihood hmf_counts = -8.927322693169117
Posterior = -4.4672448296497 for parameter set #329: [0.31746926195528874, 0.7835311465936529, -0.9979211160766265]
Running module mass_function_like
Model N: 1889936.9340098917
Done mass_function_like status = 0 

Pipeline ran okay.
Likelihood hmf_counts = -8.20376867428422
Posterior = -4.205925583939974 for parameter set #322: [0.2800585322317836, 0.9275854707997465, -1.0005611354907202]
Proposed outside bounds: prior -infinity
Model N: 1890583.9686265874
Done mass_function_like status = 0 

Pipeline ran okay.
Likelihood hmf_counts = -8.476044699549675
Posterior = -2.520075325021037 for parameter set #329: [0.3024539891832012, 0.7237453814393124, -1.0013403631244793]
Running module mass_function_like
Model N: 1890963.7373153428
Done mass_function_like status = 0 

Pipeline ran okay.
Likelihood hmf_counts = -8.738931223750114
Posterior = -3.4493755289191412 for parameter set #327: [0.31180213826827613, 0.6877824286897445, -1.0017971332824283]
Running module mass_function_like
Model N: 1890193.6395406497
Done mass_function_like status = 0 

Pipeline ran okay.
Likelihood hmf_counts = -8.285298235714436
Posterior = -2.695929726475492 for parameter set #330: [0.30890801009145774, 0.85990954037674, -1.000869362568154]
Model N: 1890293.824812814
Done mass_function_like status = 0 

Pipeline ran okay.
Likelihood hmf_counts = -8.326571986079216
Posterior = -2.374699084960378 for parameter set #330: [0.302617157362974, 0.743558280070129, -1.000990487946129]
Model N: 1888451.2203568453
Done mass_function_like status = 0 

Pipeline ran okay.
Likelihood hmf_counts = -8.416906338185072
Posterior = -5.206517906813768 for parameter set #328: [0.3235614327701675, 0.8779362071378117, -0.9987710535949207]
Running module mass_function_like
Running module mass_function_like
Running module mass_function_like
Running module mass_function_like
Model N: 1888888.9965036
Done mass_function_like status = 0 

Pipeline ran okay.
Likelihood hmf_counts = -8.23265590891242
Posterior = -2.248292761405561 for parameter set #331: [0.29940303863362944, 0.7628239755104087, -0.9992992021875]
Running module mass_function_like
Model N: 1889132.2448225883
Done mass_function_like status = 0 

Pipeline ran okay.
Likelihood hmf_counts = -8.174145046621561
Posterior = -2.2249749198539526 for parameter set #323: [0.29728003568241346, 0.6661977177331776, -0.999591061424503]
Running module mass_function_like
Model N: 1890629.4017600238
Done mass_function_like status = 0 

Pipeline ran okay.
Likelihood hmf_counts = -8.50348051264882
Posterior = -2.607994112739571 for parameter set #331: [0.29574357548636526, 0.8736135256726304, -1.0013954901622832]
Running module mass_function_like
Model N: 1889338.5047990251
Done mass_function_like status = 0 

Pipeline ran okay.
Likelihood hmf_counts = -8.14907518029213
Posterior = -3.010389138692612 for parameter set #329: [0.28698092010232795, 0.8325882483411898, -0.9998406738630045]
Running module mass_function_like
Model N: 1889623.8680342229
Done mass_function_like status = 0 

Pipeline ran okay.
Likelihood hmf_counts = -8.151519227772951
Posterior = -4.057846992329711 for parameter set #332: [0.31945505389055673, 0.6630736075456163, -1.0001829144433976]
Model N: 1889504.7142454365
Done mass_function_like status = 0 

Pipeline ran okay.
Likelihood hmf_counts = -8.145258080214262
Posterior = -4.04384044699944 for parameter set #324: [0.2805847904610693, 0.6812337064713775, -1.0000393274739963]
Model N: 1888622.5497378833
Done mass_function_like status = 0 

Pipeline ran okay.
Likelihood hmf_counts = -8.332706984132528
Posterior = -3.2944687603931513 for parameter set #332: [0.28623134660404503, 0.6909396335206985, -0.9989781162378444]
Model N: 1891289.8567496645
Done mass_function_like status = 0 

Pipeline ran okay.
Likelihood hmf_counts = -9.02550258487463
Posterior = -4.76534997894811 for parameter set #330: [0.28142164196116193, 0.7657120246544915, -1.00219077487406]
Running module mass_function_like
Running module mass_function_like
Running module mass_function_like
Running module mass_function_like
Model N: 1890501.407247879
Done mass_function_like status = 0 

Pipeline ran okay.
Likelihood hmf_counts = -8.42898129299283
Posterior = -2.5156677403409216 for parameter set #333: [0.3038152053157804, 0.7524637343017248, -1.0012410245005676]
Running module mass_function_like
Model N: 1890638.6541892912
Done mass_function_like status = 0 

Pipeline ran okay.
Likelihood hmf_counts = -8.509201530367136
Posterior = -9.52247783631131 for parameter set #325: [0.2625851713795852, 0.9887065271376012, -1.0014058465021574]
Running module mass_function_like
Model N: 1889461.4765330742
Done mass_function_like status = 0 

Pipeline ran okay.
Likelihood hmf_counts = -8.144844003021717
Posterior = -2.205448044807566 for parameter set #333: [0.29694145285646073, 0.7119050068513972, -0.9999886952732935]
Running module mass_function_like
Model N: 1890907.6518050109
Done mass_function_like status = 0 

Pipeline ran okay.
Likelihood hmf_counts = -8.695310149341822
Posterior = -3.1267431846883884 for parameter set #331: [0.3091373171611674, 0.7186199722683634, -1.0017304830423899]
Running module mass_function_like
Model N: 1891455.3449160403
Done mass_function_like status = 0 

Pipeline ran okay.
Likelihood hmf_counts = -9.192410558462143
Posterior = -3.42994701570386 for parameter set #334: [0.3066846149720929, 0.7190450646638823, -1.0023899304020405]
Model N: 1887489.961444598
Done mass_function_like status = 0 

Pipeline ran okay.
Likelihood hmf_counts = -9.177804470062256
Posterior = -4.359885140070693 for parameter set #326: [0.3152837509592001, 0.6696896672915817, -0.9976126548450489]
Model N: 1893729.085033058
Done mass_function_like status = 0 

Pipeline ran okay.
Likelihood hmf_counts = -12.949140269309282
Posterior = -9.604010126543214 for parameter set #334: [0.2770229501622369, 0.8340947483531084, -1.005128896077984]
Model N: 1888250.6576166458
Done mass_function_like status = 0 

Pipeline ran okay.
Likelihood hmf_counts = -8.535231526941061
Posterior = -5.009173169720392 for parameter set #332: [0.3221810868125866, 0.9180851185217321, -0.9985296286723104]
Running module mass_function_like
Running module mass_function_like
Running module mass_function_like
Running module mass_function_like
Model N: 1888657.0382766952
Done mass_function_like status = 0 

Pipeline ran okay.
Likelihood hmf_counts = -8.317637857049704
Posterior = -3.0352444021411538 for parameter set #335: [0.3118636240086847, 0.8166911861389609, -0.9990182694412355]
Running module mass_function_like
Model N: 1890637.28671419
Done mass_function_like status = 0 

Pipeline ran okay.
Likelihood hmf_counts = -8.508353136479855
Posterior = -2.6199605027908968 for parameter set #327: [0.29558008499161503, 0.8723817876705859, -1.0014045686495396]
Running module mass_function_like
Model N: 1887263.3289712782
Done mass_function_like status = 0 

Pipeline ran okay.
Likelihood hmf_counts = -9.42857027798891
Posterior = -3.618592071711756 for parameter set #335: [0.2940697824706401, 0.844253580737552, -0.9973395047624051]
Running module mass_function_like
Model N: 1889350.9998867474
Done mass_function_like status = 0 

Pipeline ran okay.
Likelihood hmf_counts = -8.148279931396246
Posterior = -2.8865258426331133 for parameter set #333: [0.28796326969910363, 0.820685959925353, -0.9998552723565088]
Running module mass_function_like
Model N: 1890387.2213245959
Done mass_function_like status = 0 

Pipeline ran okay.
Likelihood hmf_counts = -8.369829151779413
Posterior = -7.119389098540982 for parameter set #336: [0.33077553780082386, 0.8086120683399637, -1.001102994670244]
Model N: 1888525.2171004482
Done mass_function_like status = 0 

Pipeline ran okay.
Likelihood hmf_counts = -8.378633048385382
Posterior = -2.4854889039649644 for parameter set #328: [0.2956881463578713, 0.7506916471424864, -0.9988601388317565]
Model N: 1889804.1903889382
Done mass_function_like status = 0 

Pipeline ran okay.
Likelihood hmf_counts = -8.17528222873807
Posterior = -3.0795935479623617 for parameter set #334: [0.2866547924761132, 0.6930332221279393, -1.0004004421687054]
Model N: 1890324.6494938268
Done mass_function_like status = 0 

Pipeline ran okay.
Likelihood hmf_counts = -8.340338699519634
Posterior = -3.415029322476345 for parameter set #336: [0.3145657633685634, 0.6845028408349144, -1.0010278926213112]
Proposed outside bounds: prior -infinity
Running module mass_function_like
Running module mass_function_like
Running module mass_function_like
Running module mass_function_like
Model N: 1888379.0976794958
Done mass_function_like status = 0 

Pipeline ran okay.
Likelihood hmf_counts = -8.457002054899931
Posterior = -4.695746021488487 for parameter set #337: [0.32109420278589873, 0.9073777777890046, -0.998684488877127]
Running module mass_function_like
Model N: 1889977.870073509
Done mass_function_like status = 0 

Pipeline ran okay.
Likelihood hmf_counts = -8.214433994144201
Posterior = -2.324474966758391 for parameter set #329: [0.2956138421681427, 0.8343671326852149, -1.0006097168954224]
Running module mass_function_like
Model N: 1888441.439606643
Done mass_function_like status = 0 

Pipeline ran okay.
Likelihood hmf_counts = -8.42218229547143
Posterior = -2.899794413915031 for parameter set #337: [0.2903697913858455, 0.8212776296817075, -0.9987586585225647]
Running module mass_function_like
Model N: 1888603.0166908735
Done mass_function_like status = 0 

Pipeline ran okay.
Likelihood hmf_counts = -8.341521065682173
Posterior = -2.496970190501143 for parameter set #335: [0.3053209767725903, 0.7899957332614332, -0.998954308869722]
Model N: 1890290.9486692983
Done mass_function_like status = 0 

Pipeline ran okay.
Likelihood hmf_counts = -8.325313091278076
Posterior = -3.637930303792298 for parameter set #338: [0.3161166866003545, 0.6794777993367479, -1.0009878805012704]
Model N: 1890244.0165450338
Done mass_function_like status = 0 

Pipeline ran okay.
Likelihood hmf_counts = -8.305388819426298
Posterior = -2.644527849207652 for parameter set #338: [0.30806554677662124, 0.8421356114832648, -1.0009308437278235]
Model N: 1889965.8137626967
Done mass_function_like status = 0 

Pipeline ran okay.
Likelihood hmf_counts = -8.211200803518295
Posterior = -3.179253149393424 for parameter set #330: [0.2861854851389769, 0.647248423278369, -1.0005959764801582]
Running module mass_function_like
Running module mass_function_like
Running module mass_function_like
Running module mass_function_like
Model N: 1890590.241452016
Done mass_function_like status = 0 

Pipeline ran okay.
Likelihood hmf_counts = -8.479767762124538
Posterior = -2.517471206827775 for parameter set #339: [0.3021809258151715, 0.7246301155949766, -1.0013474078601803]
Running module mass_function_like
Model N: 1888815.0085305972
Done mass_function_like status = 0 

Pipeline ran okay.
Likelihood hmf_counts = -8.25666756555438
Posterior = -2.3862295595378136 for parameter set #331: [0.29518958825252384, 0.7229610295305324, -0.9992099894633052]
Running module mass_function_like
Model N: 1889740.055476154
Done mass_function_like status = 0 

Pipeline ran okay.
Likelihood hmf_counts = -8.164859130978584
Posterior = -2.1899037626805233 for parameter set #339: [0.30149725758978313, 0.7682520197095278, -1.0003239753502293]
Running module mass_function_like
Model N: 1891028.302756851
Done mass_function_like status = 0 

Pipeline ran okay.
Likelihood hmf_counts = -8.791205774992704
Posterior = -3.107640422191846 for parameter set #336: [0.3077772533382976, 0.7262475744201994, -1.001875193371847]
Running module mass_function_like
Model N: 1892684.1711447234
Done mass_function_like status = 0 

Pipeline ran okay.
Likelihood hmf_counts = -10.88405716046691
Posterior = -5.163045306393773 for parameter set #340: [0.30727198600602057, 0.6884839029222952, -1.0038697837622341]
Model N: 1891000.3419439048
Done mass_function_like status = 0 

Pipeline ran okay.
Likelihood hmf_counts = -8.768297273665667
Posterior = -4.319889153255322 for parameter set #332: [0.28246379876203687, 0.7397964679868833, -1.0018418905950877]
Model N: 1888509.8428280829
Done mass_function_like status = 0 

Pipeline ran okay.
Likelihood hmf_counts = -8.386346329003572
Posterior = -2.5392003480270047 for parameter set #340: [0.2947282551640584, 0.7634314630070567, -0.9988418230074741]
Model N: 1887635.830173868
Done mass_function_like status = 0 

Pipeline ran okay.
Likelihood hmf_counts = -9.030811935663223
Posterior = -3.2362856339866797 for parameter set #337: [0.30618706590558953, 0.6313500110295813, -0.9977895997051763]
Running module mass_function_like
Running module mass_function_like
Running module mass_function_like
Running module mass_function_like
Model N: 1889135.8296905414
Done mass_function_like status = 0 

Pipeline ran okay.
Likelihood hmf_counts = -8.173517003655434
Posterior = -2.2876641852041883 for parameter set #341: [0.30447902974908947, 0.772469142776161, -0.9995959744347979]
Running module mass_function_like
Model N: 1888268.7210806694
Done mass_function_like status = 0 

Pipeline ran okay.
Likelihood hmf_counts = -8.523701287806034
Posterior = -3.2389371809776257 for parameter set #341: [0.28815685435245947, 0.8664182137123958, -0.9985514367286376]
Running module mass_function_like
Model N: 1892251.3690591755
Done mass_function_like status = 0 

Pipeline ran okay.
Likelihood hmf_counts = -10.197333917021751
Posterior = -5.1480826566386675 for parameter set #338: [0.313684718663838, 0.7143027291759888, -1.0033485304991498]
Proposed outside bounds: prior -infinity
Model N: 1889965.177447758
Done mass_function_like status = 0 

Pipeline ran okay.
Likelihood hmf_counts = -8.211032293736935
Posterior = -2.651316713134939 for parameter set #333: [0.2907648902410516, 0.863425456954547, -1.0005945729415626]
Proposed outside bounds: prior -infinity
Model N: 1889598.298947859
Done mass_function_like status = 0 

Pipeline ran okay.
Likelihood hmf_counts = -8.149542517960072
Posterior = -2.2078775549917147 for parameter set #342: [0.30298340035990395, 0.8007652386773619, -1.000152724884848]
Model N: 1891573.1858113771
Done mass_function_like status = 0 

Pipeline ran okay.
Likelihood hmf_counts = -9.320079274475574
Posterior = -3.600516739434487 for parameter set #342: [0.30729775946965265, 0.7182847006317136, -1.0025318622578705]
Running module mass_function_like
Running module mass_function_like
Running module mass_function_like
Running module mass_function_like
Model N: 1889672.7275050657
Done mass_function_like status = 0 

Pipeline ran okay.
Likelihood hmf_counts = -8.156258642673492
Posterior = -2.2036395411584895 for parameter set #343: [0.2974097311068763, 0.7305469017051022, -1.0002429626239104]
Running module mass_function_like
Model N: 1888907.6814283887
Done mass_function_like status = 0 

Pipeline ran okay.
Likelihood hmf_counts = -8.227050516754389
Posterior = -2.3168435232986706 for parameter set #334: [0.2961028360246531, 0.7320778159871033, -0.9993204554344589]
Running module mass_function_like
Model N: 1890831.4327498982
Done mass_function_like status = 0 

Pipeline ran okay.
Likelihood hmf_counts = -8.63869446888566
Posterior = -2.8833284168798503 for parameter set #343: [0.30679219126539337, 0.7448133466761889, -1.001638015970704]
Running module mass_function_like
Model N: 1890449.7246607293
Done mass_function_like status = 0 

Pipeline ran okay.
Likelihood hmf_counts = -8.401354037225246
Posterior = -3.065657967263152 for parameter set #339: [0.288594703168929, 0.8619952418322132, -1.001178717641928]
Running module mass_function_like
Model N: 1890414.0708341235
Done mass_function_like status = 0 

Pipeline ran okay.
Likelihood hmf_counts = -8.383118204772472
Posterior = -6.158214099754529 for parameter set #344: [0.32742699725129987, 0.6916565371591096, -1.0011359719913449]
Model N: 1891792.9678741095
Done mass_function_like status = 0 

Pipeline ran okay.
Likelihood hmf_counts = -9.577782604843378
Posterior = -6.446438858464099 for parameter set #335: [0.27610676001838086, 0.6451204516228592, -1.0027970959038293]
Model N: 1888817.4272284384
Done mass_function_like status = 0 

Pipeline ran okay.
Likelihood hmf_counts = -8.25583677738905
Posterior = -2.2697631548528667 for parameter set #344: [0.29988614836671773, 0.7610912812121565, -0.9992115300631353]
Model N: 1888198.744044967
Done mass_function_like status = 0 

Pipeline ran okay.
Likelihood hmf_counts = -8.569331478327513
Posterior = -4.1098293861605 for parameter set #340: [0.31747312186365084, 0.8403280895592344, -0.998467112050571]
Running module mass_function_like
Running module mass_function_like
Running module mass_function_like
Running module mass_function_like
Model N: 1888496.0873477182
Done mass_function_like status = 0 

Pipeline ran okay.
Likelihood hmf_counts = -8.39335360378027
Posterior = -3.900351059307553 for parameter set #345: [0.3172806129885559, 0.8174997915436143, -0.9988248661667827]
Running module mass_function_like
Model N: 1889640.4202382478
Done mass_function_like status = 0 

Pipeline ran okay.
Likelihood hmf_counts = -8.152983330190182
Posterior = -2.640590391036107 for parameter set #336: [0.29026578707393297, 0.8639981846469809, -1.0002035753486282]
Proposed outside bounds: prior -infinity
Model N: 1889797.867336868
Done mass_function_like status = 0 

Pipeline ran okay.
Likelihood hmf_counts = -8.174157921224833
Posterior = -2.194935350254812 for parameter set #345: [0.301178068213278, 0.7202595199067977, -1.0003930191993622]
Proposed outside bounds: prior -infinity
Model N: 1891099.8462604762
Done mass_function_like status = 0 

Pipeline ran okay.
Likelihood hmf_counts = -8.851702608168125
Posterior = -2.8933535435695257 for parameter set #341: [0.29764933943221566, 0.8086950762271212, -1.0019617728052672]
Running module mass_function_like
Model N: 1892243.8175933266
Done mass_function_like status = 0 

Pipeline ran okay.
Likelihood hmf_counts = -10.186229314655066
Posterior = -4.825746966802746 for parameter set #346: [0.3111814986168027, 0.6882280277505788, -1.0033395008912345]
Model N: 1889966.0841937498
Done mass_function_like status = 0 

Pipeline ran okay.
Likelihood hmf_counts = -8.211272481828928
Posterior = -2.2875308267061865 for parameter set #342: [0.30353298947304974, 0.8506316464468, -1.0005964820887716]
Running module mass_function_like
Running module mass_function_like
Running module mass_function_like
Running module mass_function_like
Model N: 1887528.2159061946
Done mass_function_like status = 0 

Pipeline ran okay.
Likelihood hmf_counts = -9.138163689523935
Posterior = -4.873880185492223 for parameter set #347: [0.28144407419343276, 0.8733101767894973, -0.9976586285027632]
Running module mass_function_like
Model N: 1890219.3096299642
Done mass_function_like status = 0 

Pipeline ran okay.
Likelihood hmf_counts = -8.295367889106274
Posterior = -2.322225295752519 for parameter set #337: [0.3016116054047151, 0.7252905349575601, -1.0009007163145487]
Running module mass_function_like
Model N: 1889737.4156125125
Done mass_function_like status = 0 

Pipeline ran okay.
Likelihood hmf_counts = -8.164476733654737
Posterior = -2.192065239004422 for parameter set #346: [0.30165848530156286, 0.7695261460742184, -1.0003211112716308]
Running module mass_function_like
Model N: 1893031.0662431302
Done mass_function_like status = 0 

Pipeline ran okay.
Likelihood hmf_counts = -11.505805432796478
Posterior = -7.080255163870949 for parameter set #343: [0.3176618217550642, 0.7124084753209746, -1.0042883803152942]
Proposed outside bounds: prior -infinity
Model N: 1890210.0424342444
Done mass_function_like status = 0 

Pipeline ran okay.
Likelihood hmf_counts = -8.291692432016134
Posterior = -2.786114085619988 for parameter set #347: [0.3098035868106725, 0.7252844120974762, -1.000889939123181]
Model N: 1890568.9713508268
Done mass_function_like status = 0 

Pipeline ran okay.
Likelihood hmf_counts = -8.467227801680565
Posterior = -2.570993767498665 for parameter set #348: [0.30423905764731046, 0.838670985239614, -1.0013223833199774]
Model N: 1887355.9406509108
Done mass_function_like status = 0 

Pipeline ran okay.
Likelihood hmf_counts = -9.322804898023605
Posterior = -3.337448924595101 for parameter set #338: [0.2996873545815402, 0.6591168908047718, -0.997451241347904]
Running module mass_function_like
Running module mass_function_like
Running module mass_function_like
Running module mass_function_like
Model N: 1889692.1080319267
Done mass_function_like status = 0 

Pipeline ran okay.
Likelihood hmf_counts = -8.158488474786282
Posterior = -2.203072122732502 for parameter set #349: [0.3024799040919508, 0.7281210645406031, -1.0002662393698663]
Running module mass_function_like
Model N: 1890361.5557863517
Done mass_function_like status = 0 

Pipeline ran okay.
Likelihood hmf_counts = -8.35748241469264
Posterior = -2.5572281574395 for parameter set #339: [0.2939031526850976, 0.7317671482312169, -1.001072609816764]
Running module mass_function_like
Model N: 1891219.6332315172
Done mass_function_like status = 0 

Pipeline ran okay.
Likelihood hmf_counts = -8.959048196673393
Posterior = -8.055666993088588 for parameter set #348: [0.26811719420456637, 0.9026516368480604, -1.00210612069346]
Running module mass_function_like
Model N: 1892516.2764299067
Done mass_function_like status = 0 

Pipeline ran okay.
Likelihood hmf_counts = -10.605928007513285
Posterior = -6.131001677328028 for parameter set #344: [0.3173814291322375, 0.6925420229001688, -1.0036682261926573]
Proposed outside bounds: prior -infinity
Model N: 1890219.7112491992
Done mass_function_like status = 0 

Pipeline ran okay.
Likelihood hmf_counts = -8.295528199523687
Posterior = -2.8408105807308948 for parameter set #349: [0.3103093283829081, 0.6492601892949138, -1.0009015589197514]
Model N: 1891444.0570761096
Done mass_function_like status = 0 

Pipeline ran okay.
Likelihood hmf_counts = -9.18056620657444
Posterior = -3.472059304825402 for parameter set #350: [0.30744822428203544, 0.7315183890106616, -1.0023765151954243]
Model N: 1889962.9171757563
Done mass_function_like status = 0 

Pipeline ran okay.
Likelihood hmf_counts = -8.210435464978218
Posterior = -3.2166350635538157 for parameter set #340: [0.28591205087706323, 0.6446893399144765, -1.0005926866554866]
Running module mass_function_like
Running module mass_function_like
Running module mass_function_like
Running module mass_function_like
Model N: 1887398.5411881502
Done mass_function_like status = 0 

Pipeline ran okay.
Likelihood hmf_counts = -9.275681480765343
Posterior = -5.482014225111 for parameter set #351: [0.3209389140872694, 0.8494905792091418, -0.9975034170325445]
Running module mass_function_like
Model N: 1890203.5628002267
Done mass_function_like status = 0 

Pipeline ran okay.
Likelihood hmf_counts = -8.289149530231953
Posterior = -2.3456097682418733 for parameter set #341: [0.30291859083035916, 0.7251871640676845, -1.0008819703497458]
Running module mass_function_like
Model N: 1885703.0915861814
Done mass_function_like status = 0 

Pipeline ran okay.
Likelihood hmf_counts = -11.894782442599535
Posterior = -9.169390441203523 for parameter set #350: [0.27446669893062736, 0.8807096790759696, -0.9954608395972002]
Running module mass_function_like
Model N: 1890356.860225342
Done mass_function_like status = 0 

Pipeline ran okay.
Likelihood hmf_counts = -8.355261243879795
Posterior = -3.1756605785587126 for parameter set #345: [0.28729951214224514, 0.8696193908543431, -1.0010667080601554]
Running module mass_function_like
Model N: 1890530.3375763672
Done mass_function_like status = 0 

Pipeline ran okay.
Likelihood hmf_counts = -8.445062663406134
Posterior = -3.335491406301246 for parameter set #352: [0.31324021807036445, 0.9487280954206458, -1.0012758361284975]
Model N: 1891919.13354378
Done mass_function_like status = 0 

Pipeline ran okay.
Likelihood hmf_counts = -9.737238936126232
Posterior = -6.768996374190812 for parameter set #342: [0.2754337943289589, 0.6451500400758925, -1.0029483909353545]
Model N: 1889966.6827196216
Done mass_function_like status = 0 

Pipeline ran okay.
Likelihood hmf_counts = -8.211431261152029
Posterior = -2.444906897358207 for parameter set #346: [0.3066276290904196, 0.8475307751162284, -1.0005969448140748]
Model N: 1887243.617792967
Done mass_function_like status = 0 

Pipeline ran okay.
Likelihood hmf_counts = -9.451668288558722
Posterior = -3.5080623302231597 for parameter set #351: [0.2970947137681037, 0.6701926974333797, -0.9973162750943435]
Running module mass_function_like
Running module mass_function_like
Running module mass_function_like
Running module mass_function_like
Model N: 1889968.0372192585
Done mass_function_like status = 0 

Pipeline ran okay.
Likelihood hmf_counts = -8.211791295558214
Posterior = -2.724394710803896 for parameter set #353: [0.30998754298703163, 0.8804301588516861, -1.000597635455971]
Running module mass_function_like
Model N: 1889715.8517673116
Done mass_function_like status = 0 

Pipeline ran okay.
Likelihood hmf_counts = -8.161491207778454
Posterior = -2.196442397538574 for parameter set #343: [0.30205506046031133, 0.7495360667452174, -1.000294619507128]
Proposed outside bounds: prior -infinity
Model N: 1884683.1131860206
Done mass_function_like status = 0 

Pipeline ran okay.
Likelihood hmf_counts = -14.206105511635542
Posterior = -13.335611082943824 for parameter set #352: [0.2680187187584737, 0.9159553526020365, -0.9942322624703697]
Running module mass_function_like
Model N: 1892686.0092987749
Done mass_function_like status = 0 

Pipeline ran okay.
Likelihood hmf_counts = -10.887184474617243
Posterior = -6.116442237381472 for parameter set #347: [0.3155863901860622, 0.7119574931456343, -1.0038716543068806]
Running module mass_function_like
Model N: 1890364.122180592
Done mass_function_like status = 0 

Pipeline ran okay.
Likelihood hmf_counts = -8.358701340854168
Posterior = -3.0531322309018654 for parameter set #354: [0.31166655595840753, 0.7879368859684277, -1.0010748780831322]
Model N: 1887955.318892522
Done mass_function_like status = 0 

Pipeline ran okay.
Likelihood hmf_counts = -8.748279202729464
Posterior = -2.8946365979726654 for parameter set #353: [0.2948549018568827, 0.7157944420835872, -0.9981738648357211]
Model N: 1887548.1519061674
Done mass_function_like status = 0 

Pipeline ran okay.
Likelihood hmf_counts = -9.11781283840537
Posterior = -3.330311165908137 for parameter set #348: [0.30629919897400637, 0.6281306969276003, -0.9976835083319591]
Proposed outside bounds: prior -infinity
Running module mass_function_like
Running module mass_function_like
Running module mass_function_like
Running module mass_function_like
Model N: 1890712.8142259724
Done mass_function_like status = 0 

Pipeline ran okay.
Likelihood hmf_counts = -8.556691467761993
Posterior = -2.8119134713241962 for parameter set #355: [0.3069466506033148, 0.7226124502849409, -1.0014949801991235]
Running module mass_function_like
Model N: 1890568.0430921433
Done mass_function_like status = 0 

Pipeline ran okay.
Likelihood hmf_counts = -8.466685984283686
Posterior = -2.556857986899434 for parameter set #344: [0.30390523375036177, 0.6904704346532374, -1.0013211142356313]
Running module mass_function_like
Model N: 1891565.3477957621
Done mass_function_like status = 0 

Pipeline ran okay.
Likelihood hmf_counts = -9.311359908431768
Posterior = -3.5686638130559336 for parameter set #354: [0.3069735952492814, 0.7251704157608361, -1.0025229699578755]
Model N: 1890705.9326518762
Done mass_function_like status = 0 

Pipeline ran okay.
Likelihood hmf_counts = -8.55216235294938
Posterior = -3.744267897948527 for parameter set #349: [0.2846496611411589, 0.8194909162661956, -1.0014869253052503]
Running module mass_function_like
Model N: 1889166.9628004371
Done mass_function_like status = 0 

Pipeline ran okay.
Likelihood hmf_counts = -8.168348830193281
Posterior = -5.32012515741343 for parameter set #350: [0.32505170291327795, 0.9515084229707217, -0.9996325576315566]
Model N: 1892510.9880501986
Done mass_function_like status = 0 

Pipeline ran okay.
Likelihood hmf_counts = -10.597409006208181
Posterior = -8.860091221483538 for parameter set #356: [0.32914852087469476, 0.9766352234680759, -1.0036616584030404]
Model N: 1890132.4648863196
Done mass_function_like status = 0 

Pipeline ran okay.
Likelihood hmf_counts = -8.262705955654383
Posterior = -2.3292278010133183 for parameter set #345: [0.2967547047274679, 0.7049965969119316, -1.000795689381537]
Proposed outside bounds: prior -infinity
Proposed outside bounds: prior -infinity
Running module mass_function_like
Running module mass_function_like
Running module mass_function_like
Model N: 1886684.2154928748
Done mass_function_like status = 0 

Pipeline ran okay.
Likelihood hmf_counts = -10.193134251981974
Posterior = -5.766151948517284 for parameter set #357: [0.282344272909575, 0.8945289072134773, -0.9966422661578775]
Running module mass_function_like
Model N: 1889726.6884144542
Done mass_function_like status = 0 

Pipeline ran okay.
Likelihood hmf_counts = -8.162960797548294
Posterior = -2.2016959165170498 for parameter set #355: [0.30223158834544267, 0.7645861808391599, -1.0003067246789081]
Proposed outside bounds: prior -infinity
Model N: 1891403.8437269302
Done mass_function_like status = 0 

Pipeline ran okay.
Likelihood hmf_counts = -9.138917189091444
Posterior = -10.884994305850407 for parameter set #351: [0.2606757693642066, 0.7618321579058568, -1.0023283428607765]
Running module mass_function_like
Model N: 1890437.286067319
Done mass_function_like status = 0 

Pipeline ran okay.
Likelihood hmf_counts = -8.394915740936995
Posterior = -3.6143336494159923 for parameter set #358: [0.31552752219735886, 0.7739925990419523, -1.00116360029126]
Model N: 1890459.980096529
Done mass_function_like status = 0 

Pipeline ran okay.
Likelihood hmf_counts = -8.406723842024803
Posterior = -2.513980296851493 for parameter set #352: [0.30432099683163727, 0.7269121656965133, -1.0011908356884704]
Running module mass_function_like
Running module mass_function_like
Running module mass_function_like
Running module mass_function_like
Model N: 1890003.5792628655
Done mass_function_like status = 0 

Pipeline ran okay.
Likelihood hmf_counts = -8.22158532589674
Posterior = -2.761410099544266 for parameter set #359: [0.3102564493486267, 0.883355728235374, -1.0006407057523736]
Running module mass_function_like
Model N: 1888965.3668648081
Done mass_function_like status = 0 

Pipeline ran okay.
Likelihood hmf_counts = -8.210911612957716
Posterior = -2.8728934394174788 for parameter set #356: [0.31138536599726624, 0.7851877441922076, -0.9993909063867504]
Running module mass_function_like
Model N: 1892205.9144962272
Done mass_function_like status = 0 

Pipeline ran okay.
Likelihood hmf_counts = -10.130946528166533
Posterior = -4.982528947517092 for parameter set #353: [0.31293993414167104, 0.7070894343933691, -1.0032938097907855]
Proposed outside bounds: prior -infinity
Model N: 1890584.0862358047
Done mass_function_like status = 0 

Pipeline ran okay.
Likelihood hmf_counts = -8.476114314049482
Posterior = -2.7822610666355088 for parameter set #346: [0.29235504917565197, 0.8575518461040392, -1.0013409310406138]
Running module mass_function_like
Model N: 1891290.3786615527
Done mass_function_like status = 0 

Pipeline ran okay.
Likelihood hmf_counts = -9.026006236672401
Posterior = -3.2230000751179846 for parameter set #357: [0.3060485260257549, 0.7244547095036864, -1.0021909850509128]
Model N: 1889087.9915946038
Done mass_function_like status = 0 

Pipeline ran okay.
Likelihood hmf_counts = -8.182458311319351
Posterior = -2.2100806361635223 for parameter set #360: [0.30166019414666806, 0.9284138472946339, -0.9995391405578439]
Model N: 1891831.47851396
Done mass_function_like status = 0 

Pipeline ran okay.
Likelihood hmf_counts = -9.625563807785511
Posterior = -6.4009589043854955 for parameter set #347: [0.27650038123266557, 0.6499037531423115, -1.0028432491975174]
Running module mass_function_like
Running module mass_function_like
Running module mass_function_like
Running module mass_function_like
Model N: 1888186.4081417546
Done mass_function_like status = 0 

Pipeline ran okay.
Likelihood hmf_counts = -8.57764445245266
Posterior = -2.960409634396864 for parameter set #361: [0.3085885375776358, 0.6988237669016326, -0.9984520266013592]
Proposed outside bounds: prior -infinity
Model N: 1887161.23222961
Done mass_function_like status = 0 

Pipeline ran okay.
Likelihood hmf_counts = -9.550440698862076
Posterior = -4.720193144520423 for parameter set #348: [0.2847977988768529, 0.8769252536244044, -0.9972165903444471]
Running module mass_function_like
Model N: 1889693.3625465953
Done mass_function_like status = 0 

Pipeline ran okay.
Likelihood hmf_counts = -8.158639661967754
Posterior = -2.203044969990013 for parameter set #358: [0.3024727009631744, 0.7291788425198028, -1.0002674137653635]
Running module mass_function_like
Model N: 1890444.8891148586
Done mass_function_like status = 0 

Pipeline ran okay.
Likelihood hmf_counts = -8.39884141087532
Posterior = -2.94932275055898 for parameter set #354: [0.28964063584856864, 0.8839352580993584, -1.0011724276021114]
Running module mass_function_like
Model N: 1886756.2105896927
Done mass_function_like status = 0 

Pipeline ran okay.
Likelihood hmf_counts = -10.088396295905113
Posterior = -4.1051837163578515 for parameter set #349: [0.2993039929386828, 0.6705867814951285, -0.9967294983382473]
Model N: 1890110.6398489117
Done mass_function_like status = 0 

Pipeline ran okay.
Likelihood hmf_counts = -8.255124811083078
Posterior = -5.309500156965322 for parameter set #359: [0.32465974523341196, 0.8030289821597195, -1.0007705679538905]
Model N: 1890340.3860362405
Done mass_function_like status = 0 

Pipeline ran okay.
Likelihood hmf_counts = -8.347560562193394
Posterior = -2.5451163569007527 for parameter set #355: [0.2939391337917676, 0.6743626246972696, -1.0010470576598016]
Running module mass_function_like
Running module mass_function_like
Running module mass_function_like
Running module mass_function_like
Model N: 1889740.850397214
Done mass_function_like status = 0 

Pipeline ran okay.
Likelihood hmf_counts = -8.164974998682737
Posterior = -2.2012513755996634 for parameter set #362: [0.3021185187387393, 0.7811904293262211, -1.0003251595064815]
Running module mass_function_like
Model N: 1890566.1361631544
Done mass_function_like status = 0 

Pipeline ran okay.
Likelihood hmf_counts = -8.465574357658625
Posterior = -2.555649051368187 for parameter set #360: [0.30390274787291627, 0.6907339035745942, -1.0013191410997602]
Running module mass_function_like
Model N: 1891342.2178254349
Done mass_function_like status = 0 

Pipeline ran okay.
Likelihood hmf_counts = -9.076748538762331
Posterior = -3.5725841448085074 for parameter set #356: [0.30981581502445044, 0.7683890591860312, -1.0022538891955706]
Running module mass_function_like
Model N: 1889659.1992494632
Done mass_function_like status = 0 

Pipeline ran okay.
Likelihood hmf_counts = -8.154819935560226
Posterior = -3.3401119525841114 for parameter set #350: [0.2846934067559739, 0.8364514860187642, -1.0002258797826422]
Running module mass_function_like
Model N: 1893040.06575743
Done mass_function_like status = 0 

Pipeline ran okay.
Likelihood hmf_counts = -11.522779949009418
Posterior = -5.9117998682274795 for parameter set #363: [0.3086517670746132, 0.7452465418808779, -1.0042989984915254]
Model N: 1891775.0714129745
Done mass_function_like status = 0 

Pipeline ran okay.
Likelihood hmf_counts = -9.555844452232122
Posterior = -6.173765917458189 for parameter set #361: [0.2771802466122869, 0.6519789004257801, -1.0027758227468926]
Model N: 1888789.3358994285
Done mass_function_like status = 0 

Pipeline ran okay.
Likelihood hmf_counts = -8.265676733106375
Posterior = -3.1968817584768745 for parameter set #357: [0.31354504190656896, 0.7987595630797915, -0.9991785151589105]
Model N: 1890147.5248541418
Done mass_function_like status = 0 

Pipeline ran okay.
Likelihood hmf_counts = -8.268084075301886
Posterior = -2.335291386317036 for parameter set #351: [0.30326630173946906, 0.7938255210185863, -1.0008147821685762]
Running module mass_function_like
Running module mass_function_like
Running module mass_function_like
Running module mass_function_like
Model N: 1887967.6804892146
Done mass_function_like status = 0 

Pipeline ran okay.
Likelihood hmf_counts = -8.73843489959836
Posterior = -3.184975101363209 for parameter set #364: [0.30930102782060126, 0.6567254190242159, -0.9981882223253962]
Running module mass_function_like
Model N: 1890184.8703438863
Done mass_function_like status = 0 

Pipeline ran okay.
Likelihood hmf_counts = -8.281938184052706
Posterior = -2.306463586690879 for parameter set #362: [0.3014599973024425, 0.7706902712948568, -1.0008597647670203]
Running module mass_function_like
Model N: 1892228.7088990023
Done mass_function_like status = 0 

Pipeline ran okay.
Likelihood hmf_counts = -10.164101969450712
Posterior = -5.12558501375298 for parameter set #358: [0.3137630002592208, 0.7894659465917797, -1.0033216904610713]
Running module mass_function_like
Model N: 1887493.0877521273
Done mass_function_like status = 0 

Pipeline ran okay.
Likelihood hmf_counts = -9.174535747617483
Posterior = -4.203654248552646 for parameter set #352: [0.28575216532895903, 0.8557774694880786, -0.9976164957779192]
Running module mass_function_like
Model N: 1888975.867174177
Done mass_function_like status = 0 

Pipeline ran okay.
Likelihood hmf_counts = -8.20816346257925
Posterior = -2.233107017138269 for parameter set #365: [0.30148965083332835, 0.9464890999148778, -0.9994037738165205]
Model N: 1890974.9807955837
Done mass_function_like status = 0 

Pipeline ran okay.
Likelihood hmf_counts = -8.747875966131687
Posterior = -2.782600107226992 for parameter set #363: [0.3020361483480045, 0.7078569844465087, -1.0018119512694998]
Model N: 1891530.848746473
Done mass_function_like status = 0 

Pipeline ran okay.
Likelihood hmf_counts = -9.273367270827293
Posterior = -5.394520149894849 for parameter set #359: [0.27947189904029723, 0.694639152860536, -1.0024809343363525]
Model N: 1887516.548095352
Done mass_function_like status = 0 

Pipeline ran okay.
Likelihood hmf_counts = -9.15017208084464
Posterior = -3.2665849044214603 for parameter set #353: [0.295476613300046, 0.7140365914427657, -0.9976454081437705]
Running module mass_function_like
Running module mass_function_like
Running module mass_function_like
Running module mass_function_like
Model N: 1889620.5928427933
Done mass_function_like status = 0 

Pipeline ran okay.
Likelihood hmf_counts = -8.151246711611748
Posterior = -2.544871180012148 for parameter set #366: [0.29128458393432793, 0.8360761650604611, -1.0001788944818786]
Running module mass_function_like
Model N: 1889694.8384403796
Done mass_function_like status = 0 

Pipeline ran okay.
Likelihood hmf_counts = -8.15881859883666
Posterior = -2.1923837681623404 for parameter set #364: [0.3019865081505039, 0.7797372226785733, -1.0002688462699243]
Running module mass_function_like
Model N: 1889759.2774992548
Done mass_function_like status = 0 

Pipeline ran okay.
Likelihood hmf_counts = -8.16775467991829
Posterior = -3.396394384994407 for parameter set #360: [0.2844128052549126, 0.8288305543415526, -1.0003470654108557]
Running module mass_function_like
Model N: 1890457.8511453564
Done mass_function_like status = 0 

Pipeline ran okay.
Likelihood hmf_counts = -8.405604533851147
Posterior = -2.489349176012259 for parameter set #354: [0.3037374743537322, 0.7175049271034223, -1.0011881682316603]
Running module mass_function_like
Model N: 1890875.5123519257
Done mass_function_like status = 0 

Pipeline ran okay.
Likelihood hmf_counts = -8.671062558889389
Posterior = -4.8329130970200085 for parameter set #367: [0.32072620081199726, 0.7981329510034357, -1.0016914809173705]
Model N: 1890301.4260337814
Done mass_function_like status = 0 

Pipeline ran okay.
Likelihood hmf_counts = -8.329920120537281
Posterior = -2.4313636213737846 for parameter set #365: [0.2958151945137257, 0.6983913168765501, -1.0010003379129069]
Model N: 1889306.4845249015
Done mass_function_like status = 0 

Pipeline ran okay.
Likelihood hmf_counts = -8.151490367949009
Posterior = -2.199234763746005 for parameter set #361: [0.3026043021894735, 0.7356064358313862, -0.9998018043003277]
Model N: 1888804.547914674
Done mass_function_like status = 0 

Pipeline ran okay.
Likelihood hmf_counts = -8.260296314954758
Posterior = -3.0655823852234096 for parameter set #355: [0.31258112323695636, 0.8105716443091301, -0.9991965262731285]
Running module mass_function_like
Running module mass_function_like
Running module mass_function_like
Running module mass_function_like
Model N: 1890340.452045149
Done mass_function_like status = 0 

Pipeline ran okay.
Likelihood hmf_counts = -8.347591135650873
Posterior = -3.1066324198306763 for parameter set #368: [0.312207833355123, 0.6671245408359565, -1.0010471465779995]
Running module mass_function_like
Model N: 1889505.120830764
Done mass_function_like status = 0 

Pipeline ran okay.
Likelihood hmf_counts = -8.14526667073369
Posterior = -2.2898752071836785 for parameter set #366: [0.3051142540899056, 0.7533393324193398, -1.0000399298536882]
Running module mass_function_like
Model N: 1891387.8282170596
Done mass_function_like status = 0 

Pipeline ran okay.
Likelihood hmf_counts = -9.122567716985941
Posterior = -4.04425232204364 for parameter set #362: [0.313472843516964, 0.7946475013367824, -1.0023089419436708]
Running module mass_function_like
Model N: 1889717.6426253496
Done mass_function_like status = 0 

Pipeline ran okay.
Likelihood hmf_counts = -8.161729786545038
Posterior = -3.3514186619974717 for parameter set #356: [0.2846647204444006, 0.83592786222255, -1.0002965791889882]
Running module mass_function_like
Model N: 1890984.8956341492
Done mass_function_like status = 0 

Pipeline ran okay.
Likelihood hmf_counts = -8.755819130688906
Posterior = -2.7832117955167446 for parameter set #369: [0.3016368183757177, 0.7076230623581229, -1.0018237905727225]
Model N: 1891035.819159063
Done mass_function_like status = 0 

Pipeline ran okay.
Likelihood hmf_counts = -8.797434471547604
Posterior = -8.035053674405361 for parameter set #367: [0.33232216279741605, 0.7661258025885334, -1.0018851052738598]
Model N: 1890087.5817661902
Done mass_function_like status = 0 

Pipeline ran okay.
Likelihood hmf_counts = -8.247389040887356
Posterior = -2.311633384606079 for parameter set #363: [0.30317447105936646, 0.8087002650782003, -1.0007420099083135]
Model N: 1889819.105182022
Done mass_function_like status = 0 

Pipeline ran okay.
Likelihood hmf_counts = -8.178018048405647
Posterior = -2.199243011840273 for parameter set #357: [0.30121537555780925, 0.7345237666633085, -1.0004193435889401]
Proposed outside bounds: prior -infinity
Running module mass_function_like
Running module mass_function_like
Running module mass_function_like
Running module mass_function_like
Model N: 1889428.1879669374
Done mass_function_like status = 0 

Pipeline ran okay.
Likelihood hmf_counts = -8.145199324935675
Posterior = -3.2891534117834196 for parameter set #370: [0.3150341176591742, 0.8068255725231418, -0.9999479138160496]
Running module mass_function_like
Model N: 1886804.4280083233
Done mass_function_like status = 0 

Pipeline ran okay.
Likelihood hmf_counts = -10.019788213074207
Posterior = -6.2116211984575935 for parameter set #368: [0.27913142746781533, 0.8908055111880007, -0.996787818565583]
Running module mass_function_like
Model N: 1890757.5404283134
Done mass_function_like status = 0 

Pipeline ran okay.
Likelihood hmf_counts = -8.586738094687462
Posterior = -2.6418567965853583 for parameter set #364: [0.30286943225532464, 0.6984357458254592, -1.001549272788529]
Running module mass_function_like
Model N: 1892251.2876233412
Done mass_function_like status = 0 

Pipeline ran okay.
Likelihood hmf_counts = -10.197214003652334
Posterior = -6.7634037614606 for parameter set #358: [0.27740885762511186, 0.638506958773986, -1.0033487506511838]
Model N: 1888994.8176578847
Done mass_function_like status = 0 

Pipeline ran okay.
Likelihood hmf_counts = -8.203351490199566
Posterior = -2.228314735833645 for parameter set #371: [0.3014910631662556, 0.9441967577001763, -0.9994269981586131]
Model N: 1885649.0778166053
Done mass_function_like status = 0 

Pipeline ran okay.
Likelihood hmf_counts = -12.003313068300486
Posterior = -7.7405038058564495 for parameter set #369: [0.2814403636642029, 0.6672874120472418, -0.9953961956578968]
Model N: 1888159.718362604
Done mass_function_like status = 0 

Pipeline ran okay.
Likelihood hmf_counts = -8.595906287431717
Posterior = -2.827269863558305 for parameter set #365: [0.30659406180294774, 0.6764156638572136, -0.9984198824640558]
Running module mass_function_like
Proposed outside bounds: prior -infinity
Running module mass_function_like
Running module mass_function_like
Running module mass_function_like
Model N: 1889254.9488530909
Done mass_function_like status = 0 

Pipeline ran okay.
Likelihood hmf_counts = -8.15651723742485
Posterior = -2.600613991036245 for parameter set #372: [0.30927645274503673, 0.8099142061890752, -0.9997394733353264]
Proposed outside bounds: prior -infinity
Model N: 1890093.6476232898
Done mass_function_like status = 0 

Pipeline ran okay.
Likelihood hmf_counts = -8.249396823346615
Posterior = -2.2712376327189556 for parameter set #370: [0.30126350971933724, 0.7341989556284556, -1.0007489067805433]
Running module mass_function_like
Model N: 1887708.067947107
Done mass_function_like status = 0 

Pipeline ran okay.
Likelihood hmf_counts = -8.962195128202438
Model N: 1888538.6237091569
Done mass_function_like status = 0 

Posterior = -3.2263668390603693 for parameter set #359: [0.2929272993271754, 0.7129590914933553, -0.9978751255504351]
Pipeline ran okay.
Likelihood hmf_counts = -8.37200915813446
Posterior = -2.5588866395030045 for parameter set #366: [0.2941180971469334, 0.7217892849613016, -0.9988766723164404]
Running module mass_function_like
Model N: 1891016.082671884
Done mass_function_like status = 0 

Pipeline ran okay.
Likelihood hmf_counts = -8.781142950057983
Posterior = -2.8161380163984724 for parameter set #371: [0.302048972464401, 0.7045072809104896, -1.001860877703532]
Model N: 1891829.4559482236
Done mass_function_like status = 0 

Pipeline ran okay.
Likelihood hmf_counts = -9.623034875839949
Posterior = -11.36205656845723 for parameter set #367: [0.2606940517146892, 0.6475315626889866, -1.0028402722753234]
Running module mass_function_like
Running module mass_function_like
Running module mass_function_like
Running module mass_function_like
Model N: 1885725.3717024769
Done mass_function_like status = 0 

Pipeline ran okay.
Likelihood hmf_counts = -11.850466314703226
Posterior = -7.239204402501828 for parameter set #373: [0.2834235753713779, 0.8389153270448588, -0.9954870448552751]
Running module mass_function_like
Model N: 1890512.372320169
Done mass_function_like status = 0 

Pipeline ran okay.
Likelihood hmf_counts = -8.435024328529835
Posterior = -2.5341097913691035 for parameter set #372: [0.30412738217445007, 0.6890648917928012, -1.001253495270689]
Running module mass_function_like
Model N: 1889885.2470852414
Done mass_function_like status = 0 

Pipeline ran okay.
Likelihood hmf_counts = -8.191568609327078
Posterior = -3.061697047555594 for parameter set #360: [0.28691347632563485, 0.8189278322643608, -1.0004989304595828]
Running module mass_function_like
Model N: 1891343.5004067325
Done mass_function_like status = 0 

Pipeline ran okay.
Likelihood hmf_counts = -9.078021977096796
Posterior = -3.943954068858768 for parameter set #368: [0.313052565294539, 0.7925666992422892, -1.0022552413228059]
Running module mass_function_like
Model N: 1890940.6559554923
Done mass_function_like status = 0 

Pipeline ran okay.
Likelihood hmf_counts = -8.720778193324804
Posterior = -4.114922695696359 for parameter set #374: [0.3166141948052968, 0.7878172481229234, -1.0017701693707306]
Model N: 1885502.7157713817
Done mass_function_like status = 0 

Pipeline ran okay.
Likelihood hmf_counts = -12.305192850530148
Posterior = -10.23104926359397 for parameter set #361: [0.3279674214906554, 0.6620548184983264, -0.9952196095678041]
Model N: 1889657.0464135623
Done mass_function_like status = 0 

Pipeline ran okay.
Likelihood hmf_counts = -8.154599916189909
Posterior = -2.199976456282452 for parameter set #369: [0.30251171425651774, 0.8620451630169953, -1.000224290473525]
Model N: 1889791.0674779553
Done mass_function_like status = 0 

Pipeline ran okay.
Likelihood hmf_counts = -8.172972429543734
Posterior = -2.193955823611385 for parameter set #373: [0.301195450118688, 0.7352412497234947, -1.0003848866469645]
Running module mass_function_like
Running module mass_function_like
Running module mass_function_like
Running module mass_function_like
Model N: 1890664.1562478258
Done mass_function_like status = 0 

Pipeline ran okay.
Likelihood hmf_counts = -8.525204360485077
Posterior = -2.5396183777610304 for parameter set #375: [0.2996900404318771, 0.7512553943433016, -1.001436386834065]
Proposed outside bounds: prior -infinity
Model N: 1890297.1406881197
Done mass_function_like status = 0 

Pipeline ran okay.
Likelihood hmf_counts = -8.328028786927462
Posterior = -2.656020903835028 for parameter set #362: [0.292073939843939, 0.8747624428146933, -1.0009948534598725]
Running module mass_function_like
Model N: 1888532.8486857896
Done mass_function_like status = 0 

Pipeline ran okay.
Likelihood hmf_counts = -8.374850787222385
Posterior = -2.6246676845032004 for parameter set #374: [0.2931309010979075, 0.8386929003248633, -0.9988702531484435]
Running module mass_function_like
Model N: 1890807.471744712
Done mass_function_like status = 0 

Pipeline ran okay.
Likelihood hmf_counts = -8.621530462056398
Posterior = -2.9021564949756193 for parameter set #370: [0.3073029577459116, 0.7258907817399681, -1.0016099160016823]
Running module mass_function_like
Model N: 1891369.6727363118
Done mass_function_like status = 0 

Pipeline ran okay.
Likelihood hmf_counts = -9.10419749096036
Posterior = -7.231236923067992 for parameter set #363: [0.3286808211654016, 0.7751778301594695, -1.0022866405451822]
Model N: 1891700.3008212969
Done mass_function_like status = 0 

Pipeline ran okay.
Likelihood hmf_counts = -9.466016955673695
Posterior = -4.108227008483736 for parameter set #375: [0.3112073111412898, 0.6352725395258885, -1.0026849784799972]
Model N: 1890602.826050823
Done mass_function_like status = 0 

Pipeline ran okay.
Likelihood hmf_counts = -8.487299721688032
Posterior = -2.851490297222054 for parameter set #371: [0.29163020598031747, 0.7416638288473033, -1.001362597700791]
Running module mass_function_like
Running module mass_function_like
Running module mass_function_like
Running module mass_function_like
Model N: 1888724.924310422
Done mass_function_like status = 0 

Pipeline ran okay.
Likelihood hmf_counts = -8.289816964417696
Posterior = -3.9286703994551013 for parameter set #376: [0.3180276594620049, 0.7769248210216654, -0.9991008404192264]
Running module mass_function_like
Model N: 1889604.029982994
Done mass_function_like status = 0 

Pipeline ran okay.
Likelihood hmf_counts = -8.149955496191978
Posterior = -2.1638674268514064 for parameter set #376: [0.2998733660618634, 0.692652360595454, -1.000159225515721]
Running module mass_function_like
Model N: 1891319.7053493469
Done mass_function_like status = 0 

Pipeline ran okay.
Likelihood hmf_counts = -9.054538037627935
Posterior = -3.9482186550948697 for parameter set #372: [0.31326350079853443, 0.7922854156717946, -1.0022265132093466]
Running module mass_function_like
Model N: 1889316.0566988795
Done mass_function_like status = 0 

Pipeline ran okay.
Likelihood hmf_counts = -8.150711499154568
Posterior = -4.678824836716485 for parameter set #364: [0.2775755440584784, 0.8683871889744692, -0.9998137772325073]
Running module mass_function_like
Model N: 1887213.205961471
Done mass_function_like status = 0 

Pipeline ran okay.
Likelihood hmf_counts = -9.487709891051054
Posterior = -3.7366215064837816 for parameter set #377: [0.2931485581670145, 0.7080626228620077, -0.9972802307852835]
Model N: 1889467.298085975
Done mass_function_like status = 0 

Pipeline ran okay.
Likelihood hmf_counts = -8.144842118024826
Posterior = -2.15874106587097 for parameter set #377: [0.2998829830616607, 0.7559119021959584, -0.9999960576487454]
Model N: 1889373.4353717032
Done mass_function_like status = 0 

Pipeline ran okay.
Likelihood hmf_counts = -8.147059429436922
Posterior = -2.180390050836264 for parameter set #373: [0.30197481372343776, 0.9195280150324266, -0.9998822767477384]
Model N: 1886267.1211403904
Done mass_function_like status = 0 

Pipeline ran okay.
Likelihood hmf_counts = -10.854068603366613
Posterior = -5.566315540967832 for parameter set #365: [0.3118124630873436, 0.6198480890045481, -0.996139859064244]
Running module mass_function_like
Running module mass_function_like
Running module mass_function_like
Running module mass_function_like
Model N: 1888682.8961150688
Done mass_function_like status = 0 

Pipeline ran okay.
Likelihood hmf_counts = -8.306753039360046
Posterior = -4.443447861870862 for parameter set #378: [0.32060494705637593, 0.7508548922662079, -0.9990500075706464]
Running module mass_function_like
Model N: 1891152.1909120698
Done mass_function_like status = 0 

Pipeline ran okay.
Likelihood hmf_counts = -8.897678084671497
Posterior = -2.9188449229613482 for parameter set #378: [0.3011942653019438, 0.7312031185221569, -1.002024885097829]
Running module mass_function_like
Model N: 1891547.536630671
Done mass_function_like status = 0 

Pipeline ran okay.
Likelihood hmf_counts = -9.291666593402624
Posterior = -4.688183266926443 for parameter set #374: [0.31662752762897556, 0.784926390514916, -1.0025012637299753]
Running module mass_function_like
Model N: 1890360.6802944087
Done mass_function_like status = 0 

Pipeline ran okay.
Likelihood hmf_counts = -8.35706739500165
Posterior = -2.7341558479394656 for parameter set #366: [0.2914770826829012, 0.8838463720853785, -1.0010711929569998]
Running module mass_function_like
Model N: 1891277.4236161266
Done mass_function_like status = 0 

Pipeline ran okay.
Likelihood hmf_counts = -9.013547003269196
Posterior = -3.4050347646356833 for parameter set #379: [0.3086881598736642, 0.6544127135356063, -1.0021756339995365]
Model N: 1890951.7765671047
Done mass_function_like status = 0 

Pipeline ran okay.
Likelihood hmf_counts = -8.72948918864131
Posterior = -4.259143749054234 for parameter set #379: [0.31741071563492773, 0.7892886768875315, -1.0017831632656187]
Model N: 1889174.3773445708
Done mass_function_like status = 0 

Pipeline ran okay.
Likelihood hmf_counts = -8.167193654924631
Posterior = -2.193793174855851 for parameter set #375: [0.3015976626932663, 0.9599074065939253, -0.9996420258612787]
Model N: 1886752.1733237074
Done mass_function_like status = 0 

Pipeline ran okay.
Likelihood hmf_counts = -10.094196867197752
Posterior = -4.329313235988832 for parameter set #367: [0.29335546460320894, 0.7034837736047902, -0.9967239250762878]
Running module mass_function_like
Running module mass_function_like
Running module mass_function_like
Running module mass_function_like
Model N: 1887906.7928334584
Done mass_function_like status = 0 

Pipeline ran okay.
Likelihood hmf_counts = -8.787706632167101
Posterior = -3.188934519803472 for parameter set #380: [0.2911997761974521, 0.864436025518169, -0.9981147386813949]
Running module mass_function_like
Model N: 1889367.4700273601
Done mass_function_like status = 0 

Pipeline ran okay.
Likelihood hmf_counts = -8.147357944399118
Posterior = -2.17201567671557 for parameter set #380: [0.2985285060443813, 0.7013941613665181, -0.9998752795449991]
Running module mass_function_like
Model N: 1889055.336423525
Done mass_function_like status = 0 

Pipeline ran okay.
Likelihood hmf_counts = -8.18925765901804
Posterior = -2.308216490340123 for parameter set #376: [0.29541489765254103, 0.8280523509521766, -0.9994993726142204]
Running module mass_function_like
Model N: 1890438.4300462874
Done mass_function_like status = 0 

Pipeline ran okay.
Likelihood hmf_counts = -8.395504456013441
Posterior = -2.430305210090774 for parameter set #368: [0.29795537471050915, 0.7840976418874833, -1.0011645510333185]
Running module mass_function_like
Model N: 1889161.668747371
Done mass_function_like status = 0 

Pipeline ran okay.
Likelihood hmf_counts = -8.16919144243002
Posterior = -2.2234978187900962 for parameter set #381: [0.3028449587627612, 0.9310225148020924, -0.999627379515511]
Model N: 1890635.8615699587
Done mass_function_like status = 0 

Pipeline ran okay.
Likelihood hmf_counts = -8.507470015436411
Posterior = -2.5782477712795453 for parameter set #381: [0.3033719088190617, 0.780701336446537, -1.0014030550456734]
Model N: 1889039.4305354175
Done mass_function_like status = 0 

Pipeline ran okay.
Likelihood hmf_counts = -8.192774012684822
Posterior = -2.2081340436458845 for parameter set #377: [0.30055063946962873, 0.7593417144105211, -0.9994798157297154]
Model N: 1891623.5279423872
Done mass_function_like status = 0 

Pipeline ran okay.
Likelihood hmf_counts = -9.376855447888374
Posterior = -5.9749106731163995 for parameter set #369: [0.27726725488914966, 0.7224781939004418, -1.0025932281189007]
Proposed outside bounds: prior -infinity
Running module mass_function_like
Running module mass_function_like
Running module mass_function_like
Running module mass_function_like
Model N: 1889216.060567554
Done mass_function_like status = 0 

Pipeline ran okay.
Likelihood hmf_counts = -8.161241203546524
Posterior = -2.2401036193796857 for parameter set #382: [0.30360630606634487, 0.9492764028974954, -0.9996928725789918]
Model N: 1888277.6115497826
Done mass_function_like status = 0 

Pipeline ran okay.
Likelihood hmf_counts = -8.518089834600687
Posterior = -4.179435289695691 for parameter set #382: [0.318151647570268, 0.7744400387248577, -0.9985617700519117]
Running module mass_function_like
Model N: 1888339.5553327438
Done mass_function_like status = 0 

Pipeline ran okay.
Likelihood hmf_counts = -8.480154916644096
Posterior = -2.7091805455815106 for parameter set #378: [0.2934410026432267, 0.8611304017263466, -0.9986368048058077]
Running module mass_function_like
Model N: 1889919.833279341
Done mass_function_like status = 0 

Pipeline ran okay.
Likelihood hmf_counts = -8.199575819075108
Posterior = -2.238314885435396 for parameter set #370: [0.2977686768684157, 0.6153255092660873, -1.0005398059434016]
Running module mass_function_like
Model N: 1890519.7896781624
Done mass_function_like status = 0 

Pipeline ran okay.
Likelihood hmf_counts = -8.4391481988132
Posterior = -2.527666669607507 for parameter set #371: [0.3038628550895365, 0.7918606310207408, -1.0012628644485553]
Model N: 1887111.6634007879
Done mass_function_like status = 0 

Pipeline ran okay.
Likelihood hmf_counts = -9.611604064702988
Posterior = -3.8413585540055317 for parameter set #383: [0.293434635101996, 0.6851073490329165, -0.9971577268495605]
Model N: 1888892.3688262962
Done mass_function_like status = 0 

Pipeline ran okay.
Likelihood hmf_counts = -8.231630556285381
Posterior = -2.2543975650801267 for parameter set #379: [0.2986649167636002, 0.7483330858890913, -0.9993030020886468]
Running module mass_function_like
Running module mass_function_like
Running module mass_function_like
Running module mass_function_like
Model N: 1888241.143950342
Done mass_function_like status = 0 

Pipeline ran okay.
Likelihood hmf_counts = -8.541373793035746
Posterior = -2.8127481776132184 for parameter set #383: [0.2928245671102931, 0.8551239267402815, -0.9985186725258062]
Proposed outside bounds: prior -infinity
Model N: 1890632.0577720301
Done mass_function_like status = 0 

Pipeline ran okay.
Likelihood hmf_counts = -8.505118165165186
Posterior = -2.905082076096239 for parameter set #384: [0.2912132409274447, 0.8868981367282872, -1.001398239504847]
Running module mass_function_like
Model N: 1891345.7962574444
Done mass_function_like status = 0 

Pipeline ran okay.
Likelihood hmf_counts = -9.080303631722927
Posterior = -3.948108224430605 for parameter set #380: [0.3130668976185522, 0.7923573232814581, -1.0022585109665572]
Running module mass_function_like
Model N: 1888451.8718760647
Done mass_function_like status = 0 

Pipeline ran okay.
Likelihood hmf_counts = -8.41655669361353
Posterior = -2.6212980364668157 for parameter set #372: [0.293822048298824, 0.7827139814205639, -0.9987717940463718]
Running module mass_function_like
Model N: 1891856.3624386883
Done mass_function_like status = 0 

Pipeline ran okay.
Likelihood hmf_counts = -9.656854383647442
Posterior = -4.110421348869826 for parameter set #373: [0.2906263818251321, 0.6754369387444006, -1.0028736545776138]
Model N: 1891726.7941401245
Done mass_function_like status = 0 

Pipeline ran okay.
Likelihood hmf_counts = -9.497507702559233
Posterior = -6.465370621848129 for parameter set #385: [0.3243049929939543, 0.7149012167569465, -1.0027166702350676]
Model N: 1892070.0291610425
Done mass_function_like status = 0 

Pipeline ran okay.
Likelihood hmf_counts = -9.93898507207632
Posterior = -4.023382793603631 for parameter set #381: [0.3037437240946436, 0.8174438317682158, -1.0031301399121708]
Running module mass_function_like
Running module mass_function_like
Running module mass_function_like
Running module mass_function_like
Model N: 1889181.1208773614
Done mass_function_like status = 0 

Pipeline ran okay.
Likelihood hmf_counts = -8.166168298572302
Posterior = -2.216968913629204 for parameter set #386: [0.2972810278070043, 0.7445328779934994, -0.9996511769578015]
Running module mass_function_like
Model N: 1888477.184689346
Done mass_function_like status = 0 

Pipeline ran okay.
Likelihood hmf_counts = -8.403146456927061
Posterior = -2.627160811917408 for parameter set #384: [0.29351752968519934, 0.8215139672206002, -0.9988019530122446]
Running module mass_function_like
Model N: 1892556.3851683657
Done mass_function_like status = 0 

Pipeline ran okay.
Likelihood hmf_counts = -10.671019069850445
Posterior = -6.578650745039199 for parameter set #382: [0.3194582144580959, 0.6989887877236931, -1.003716566837129]
Running module mass_function_like
Model N: 1888384.692355918
Done mass_function_like status = 0 

Pipeline ran okay.
Likelihood hmf_counts = -8.453793160617352
Posterior = -5.459725236179523 for parameter set #374: [0.275537719070568, 0.9239390478144925, -0.9986911687643678]
Running module mass_function_like
Model N: 1887327.9677648786
Done mass_function_like status = 0 

Pipeline ran okay.
Likelihood hmf_counts = -9.354271225631237
Posterior = -3.5625807704622003 for parameter set #385: [0.29376869463948385, 0.6797287001010641, -0.9974184109496976]
Model N: 1891600.6804381397
Done mass_function_like status = 0 

Pipeline ran okay.
Likelihood hmf_counts = -9.350922025740147
Posterior = -3.374751731576879 for parameter set #387: [0.2986093005151733, 0.6661446819183037, -1.0025651444462307]
Model N: 1892965.467577441
Done mass_function_like status = 0 

Pipeline ran okay.
Likelihood hmf_counts = -11.383366033434868
Posterior = -5.398663891179617 for parameter set #383: [0.3003410500463092, 0.8275999025452532, -1.0042090374780133]
Model N: 1887894.5709070005
Done mass_function_like status = 0 

Pipeline ran okay.
Likelihood hmf_counts = -8.797833744436502
Posterior = -3.0756745123761586 for parameter set #375: [0.3072640193141234, 0.6676315115360019, -0.9981005121210087]
Proposed outside bounds: prior -infinity
Running module mass_function_like
Proposed outside bounds: prior -infinity
Running module mass_function_like
Running module mass_function_like
Model N: 1892079.6801812032
Done mass_function_like status = 0 

Pipeline ran okay.
Likelihood hmf_counts = -9.952297311276197
Posterior = -4.500607743831382 for parameter set #376: [0.2896657231809164, 0.9308089366723695, -1.0031418575339908]
Running module mass_function_like
Model N: 1888346.4729776666
Done mass_function_like status = 0 

Pipeline ran okay.
Likelihood hmf_counts = -8.476044703274965
Posterior = -2.9486401733181067 for parameter set #388: [0.309577820587071, 0.7908239709697592, -0.9986453649732243]
Running module mass_function_like
Model N: 1890546.9108881291
Done mass_function_like status = 0 

Pipeline ran okay.
Likelihood hmf_counts = -8.454474534839392
Posterior = -2.486776464194426 for parameter set #384: [0.298082317276198, 0.6342863677849716, -1.0012954687139823]
Running module mass_function_like
Model N: 1891915.8699561234
Done mass_function_like status = 0 

Pipeline ran okay.
Likelihood hmf_counts = -9.733008332550526
Posterior = -7.316921146843486 for parameter set #377: [0.32671946401910923, 0.7767337534901708, -1.0029446381809937]
Model N: 1891278.6317922361
Done mass_function_like status = 0 

Pipeline ran okay.
Likelihood hmf_counts = -9.014705192297697
Posterior = -3.413963755705299 for parameter set #389: [0.3087771412822029, 0.6572159199367733, -1.0021773181628024]
Model N: 1890991.8076378081
Done mass_function_like status = 0 

Pipeline ran okay.
Likelihood hmf_counts = -8.761387336999178
Posterior = -2.918830419574954 for parameter set #385: [0.305356208703829, 0.8084496901252676, -1.00183162185596]
Done 100 iterations of emcee. Acceptance fraction 0.684
Running module mass_function_like
Running module mass_function_like
Running module mass_function_like
Running module mass_function_like
Model N: 1895041.796576544
Done mass_function_like status = 0 

Pipeline ran okay.
Likelihood hmf_counts = -16.358699936419725
Posterior = -10.385549070666812 for parameter set #386: [0.29853254022128783, 0.7602075924136756, -1.0067103814893805]
Proposed outside bounds: prior -infinity
Model N: 1889698.2068002764
Done mass_function_like status = 0 

Pipeline ran okay.
Likelihood hmf_counts = -8.159231282770634
Posterior = -2.476317992505617 for parameter set #390: [0.29221215680586876, 0.8585539090793003, -1.000272741759102]
Running module mass_function_like
Model N: 1891293.6793241175
Done mass_function_like status = 0 

Pipeline ran okay.
Likelihood hmf_counts = -9.029194746166468
Posterior = -4.130685072864073 for parameter set #386: [0.3147473314607921, 0.7824151395130821, -1.002195078019194]
Running module mass_function_like
Model N: 1889008.260315668
Done mass_function_like status = 0 

Pipeline ran okay.
Likelihood hmf_counts = -8.200053371489048
Posterior = -2.275432226882268 for parameter set #378: [0.2964919280035623, 0.7684928988619323, -0.9994427301816434]
Proposed outside bounds: prior -infinity
Model N: 1890709.819713016
Done mass_function_like status = 0 

Pipeline ran okay.
Likelihood hmf_counts = -8.554717551916838
Posterior = -2.7372366491368885 for parameter set #391: [0.30580650233949747, 0.8065696619797835, -1.0014917632342815]
Model N: 1889295.7095301722
Done mass_function_like status = 0 

Pipeline ran okay.
Likelihood hmf_counts = -8.15242513269186
Posterior = -2.172320316229989 for parameter set #387: [0.3011011309655525, 0.9586965126291156, -0.9997876666823171]
Running module mass_function_like
Running module mass_function_like
Proposed outside bounds: prior -infinity
Running module mass_function_like
Running module mass_function_like
Model N: 1888539.3466072418
Done mass_function_like status = 0 

Pipeline ran okay.
Likelihood hmf_counts = -8.371654696762562
Posterior = -2.551438158727409 for parameter set #387: [0.3057600353285981, 0.784308921472364, -0.9988779948163088]
Running module mass_function_like
Model N: 1892235.318251979
Done mass_function_like status = 0 

Pipeline ran okay.
Likelihood hmf_counts = -10.17376683279872
Posterior = -4.545354456050916 for parameter set #392: [0.2915477494514511, 0.9126135112738798, -1.0033299979736572]
Running module mass_function_like
Model N: 1887932.7743057357
Done mass_function_like status = 0 

Pipeline ran okay.
Likelihood hmf_counts = -8.76644142717123
Posterior = -2.9720802986124966 for parameter set #388: [0.29380909268534217, 0.8619021676046446, -0.9981467741740314]
Running module mass_function_like
Model N: 1888730.5904495723
Done mass_function_like status = 0 

Pipeline ran okay.
Likelihood hmf_counts = -8.287605252116919
Posterior = -2.3085209852445416 for parameter set #379: [0.3011870487783235, 0.7160401334560244, -0.9991075105907603]
Model N: 1889244.8525600468
Done mass_function_like status = 0 

Pipeline ran okay.
Likelihood hmf_counts = -8.157666742801666
Posterior = -2.2337527302358406 for parameter set #388: [0.30352850596418623, 0.9552670314230337, -0.9997267423216184]
Model N: 1890938.150024645
Done mass_function_like status = 0 

Pipeline ran okay.
Likelihood hmf_counts = -8.7188242636621
Posterior = -4.134084397297881 for parameter set #393: [0.3167408103350997, 0.7902862993204204, -1.0017663408908146]
Model N: 1890408.3288509178
Done mass_function_like status = 0 

Pipeline ran okay.
Likelihood hmf_counts = -8.380244191735983
Posterior = -2.3941682389306074 for parameter set #389: [0.3000772009296951, 0.810442594829773, -1.001129292053906]
Running module mass_function_like
Running module mass_function_like
Running module mass_function_like
Running module mass_function_like
Model N: 1888679.8640562322
Done mass_function_like status = 0 

Pipeline ran okay.
Likelihood hmf_counts = -8.308011051267385
Posterior = -6.218951849248043 for parameter set #389: [0.2720820312229899, 0.9145796324665026, -0.9990469778558357]
Proposed outside bounds: prior -infinity
Model N: 1890030.9459696396
Done mass_function_like status = 0 

Pipeline ran okay.
Likelihood hmf_counts = -8.229581873863935
Posterior = -2.258234013998992 for parameter set #394: [0.2982795973396439, 0.8019909417720031, -1.0006742598387706]
Running module mass_function_like
Model N: 1889199.4463429383
Done mass_function_like status = 0 

Pipeline ran okay.
Likelihood hmf_counts = -8.163503501564264
Posterior = -2.2375474231984587 for parameter set #390: [0.3034701022931494, 0.8317307865448981, -0.9996716782113577]
Running module mass_function_like
Model N: 1888183.3528943777
Done mass_function_like status = 0 

Pipeline ran okay.
Likelihood hmf_counts = -8.579715795814991
Posterior = -2.7024788816686387 for parameter set #380: [0.2953349756631633, 0.9072886908488391, -0.9984485923326883]
Running module mass_function_like
Model N: 1891217.081653607
Done mass_function_like status = 0 

Pipeline ran okay.
Likelihood hmf_counts = -8.956682618707418
Posterior = -2.9976333959778483 for parameter set #381: [0.29768055555352485, 0.709874023564998, -1.0021032466296806]
Model N: 1891001.5418599944
Done mass_function_like status = 0 

Pipeline ran okay.
Likelihood hmf_counts = -8.76927188783884
Posterior = -2.9792195360744405 for parameter set #395: [0.3062601483484057, 0.7769576885305878, -1.0018432540010567]
Model N: 1895601.4752588866
Done mass_function_like status = 0 

Pipeline ran okay.
Likelihood hmf_counts = -18.088130198419094
Posterior = -12.106107201909044 for parameter set #391: [0.29946716596089834, 0.7355895106010559, -1.007385066924649]
Running module mass_function_like
Proposed outside bounds: prior -infinity
Running module mass_function_like
Running module mass_function_like
Running module mass_function_like
Model N: 1890110.4217343286
Done mass_function_like status = 0 

Pipeline ran okay.
Likelihood hmf_counts = -8.25505032017827
Posterior = -2.2735291084909495 for parameter set #390: [0.30096110918661567, 0.8475333515230687, -1.000770087267102]
Model N: 1887647.7465055818
Done mass_function_like status = 0 

Pipeline ran okay.
Likelihood hmf_counts = -9.01930233836174
Posterior = -3.3906549406712028 for parameter set #396: [0.3084531741007098, 0.8091203592299007, -0.9978029193225606]
Proposed outside bounds: prior -infinity
Model N: 1892668.4634136744
Done mass_function_like status = 0 

Pipeline ran okay.
Likelihood hmf_counts = -10.857405740767717
Posterior = -11.789906500982472 for parameter set #392: [0.3371965820166268, 0.7128739948273737, -1.0038515175367453]
Running module mass_function_like
Model N: 1890136.8319025338
Done mass_function_like status = 0 

Pipeline ran okay.
Likelihood hmf_counts = -8.264253128319979
Posterior = -2.3033406031069763 for parameter set #382: [0.2977538996556802, 0.631180509969912, -1.0008019819634602]
Running module mass_function_like
Model N: 1887640.5499865166
Done mass_function_like status = 0 

Pipeline ran okay.
Likelihood hmf_counts = -9.026244215667248
Posterior = -3.32995250462053 for parameter set #393: [0.3076109732315369, 0.6596144804362065, -0.9977943751557493]
Model N: 1890859.7407873913
Done mass_function_like status = 0 

Pipeline ran okay.
Likelihood hmf_counts = -8.659363370388746
Posterior = -3.8219210963425176 for parameter set #383: [0.3151564333629354, 0.7912908143526812, -1.0016726163846827]
Running module mass_function_like
Running module mass_function_like
Running module mass_function_like
Running module mass_function_like
Model N: 1892056.6001189714
Done mass_function_like status = 0 

Pipeline ran okay.
Likelihood hmf_counts = -9.920543365180492
Posterior = -4.246372700829351 for parameter set #391: [0.3078932110755869, 0.7448980368087467, -1.0031143152707176]
Proposed outside bounds: prior -infinity
Model N: 1883338.8932447243
Done mass_function_like status = 0 

Pipeline ran okay.
Likelihood hmf_counts = -18.097525984048843
Posterior = -13.24287227578758 for parameter set #397: [0.31502522820612594, 0.7941491189360599, -0.9926129894298484]
Proposed outside bounds: prior -infinity
Model N: 1891712.0831495011
Done mass_function_like status = 0 

Pipeline ran okay.
Likelihood hmf_counts = -9.479976024478674
Posterior = -4.705577873506645 for parameter set #394: [0.31556539103507286, 0.7964921030929092, -1.0026995422004128]
Running module mass_function_like
Model N: 1887974.301111636
Done mass_function_like status = 0 

Pipeline ran okay.
Likelihood hmf_counts = -8.733195796608925
Posterior = -2.7472146986425763 for parameter set #384: [0.30007173244063157, 0.8117223233710091, -0.9981961592713797]
Running module mass_function_like
Model N: 1888414.2355550607
Done mass_function_like status = 0 

Pipeline ran okay.
Likelihood hmf_counts = -8.43712330237031
Posterior = -2.497512400965113 for parameter set #395: [0.3030488549105462, 0.6996866368400396, -0.9987269327020961]
Model N: 1890153.9230011962
Done mass_function_like status = 0 

Pipeline ran okay.
Likelihood hmf_counts = -8.270405247807503
Posterior = -4.308796473617026 for parameter set #385: [0.32012226091542784, 0.7791207161041798, -1.0008224575004472]
Running module mass_function_like
Running module mass_function_like
Running module mass_function_like
Running module mass_function_like
Model N: 1888291.1140181443
Done mass_function_like status = 0 

Pipeline ran okay.
Likelihood hmf_counts = -8.509647507220507
Posterior = -3.5329029990989316 for parameter set #392: [0.28579208734600264, 0.8748268933340834, -0.998578031571446]
Running module mass_function_like
Model N: 1889711.3193421825
Done mass_function_like status = 0 

Pipeline ran okay.
Likelihood hmf_counts = -8.160894982516766
Posterior = -2.175574445042111 for parameter set #398: [0.30041104497183524, 0.8642324440970176, -1.0002894971932654]
Running module mass_function_like
Model N: 1889386.8186441297
Done mass_function_like status = 0 

Pipeline ran okay.
Likelihood hmf_counts = -8.146458234637976
Posterior = -2.3883756581719977 for parameter set #396: [0.3067540569646871, 0.8213556099379096, -0.9998986221834898]
Running module mass_function_like
Model N: 1890290.0250395676
Done mass_function_like status = 0 

Pipeline ran okay.
Likelihood hmf_counts = -8.32490974292159
Posterior = -2.341767173530018 for parameter set #386: [0.29922820393695193, 0.6346626178361184, -1.0009859264069894]
Proposed outside bounds: prior -infinity
Model N: 1893485.4483008748
Done mass_function_like status = 0 

Pipeline ran okay.
Likelihood hmf_counts = -12.416185159236193
Posterior = -6.851059390853655 for parameter set #393: [0.29083621612709615, 0.6468182674232033, -1.0048354421126777]
Model N: 1887982.1721169527
Done mass_function_like status = 0 

Pipeline ran okay.
Likelihood hmf_counts = -8.726997461169958
Posterior = -2.9681699812595665 for parameter set #399: [0.3067406405582968, 0.7226440305096359, -0.9982063324773921]
Model N: 1891717.0094255647
Done mass_function_like status = 0 

Pipeline ran okay.
Likelihood hmf_counts = -9.485834140330553
Posterior = -3.5046971863842202 for parameter set #397: [0.2990339010244392, 0.8484076480385541, -1.0027049127565353]
Running module mass_function_like
Running module mass_function_like
Running module mass_function_like
Running module mass_function_like
Model N: 1888750.3170015726
Done mass_function_like status = 0 

Pipeline ran okay.
Likelihood hmf_counts = -8.280037883669138
Posterior = -2.329181118697103 for parameter set #394: [0.2973438735110021, 0.9131513110741211, -0.9991315168344944]
Running module mass_function_like
Model N: 1887894.012755679
Done mass_function_like status = 0 

Pipeline ran okay.
Likelihood hmf_counts = -8.798298120498657
Posterior = -3.1574761563960294 for parameter set #400: [0.2916913661009899, 0.9261287555671558, -0.9980996457765596]
Proposed outside bounds: prior -infinity
Model N: 1890835.8013138713
Done mass_function_like status = 0 

Pipeline ran okay.
Likelihood hmf_counts = -8.641856506466866
Posterior = -3.6402862200978525 for parameter set #398: [0.31403185047715776, 0.7992150153916397, -1.0016437293857445]
Running module mass_function_like
Model N: 1890640.4261778411
Done mass_function_like status = 0 

Pipeline ran okay.
Likelihood hmf_counts = -8.510302361100912
Posterior = -2.525082935685189 for parameter set #387: [0.30041253529055667, 0.6609984588071645, -1.0014083004278793]
Running module mass_function_like
Model N: 1885164.9938718842
Done mass_function_like status = 0 

Pipeline ran okay.
Likelihood hmf_counts = -13.045210272073746
Posterior = -12.359434025827174 for parameter set #399: [0.2674452839856015, 0.9826847204146686, -0.994812326893447]
Model N: 1891216.9871177145
Done mass_function_like status = 0 

Pipeline ran okay.
Likelihood hmf_counts = -8.956595040857792
Posterior = -2.997927259163381 for parameter set #395: [0.29766416709738974, 0.7099517938848577, -1.002103137234043]
Model N: 1891450.6425581921
Done mass_function_like status = 0 

Pipeline ran okay.
Likelihood hmf_counts = -9.187468186020851
Posterior = -3.5134777060765376 for parameter set #388: [0.29210196572079583, 0.9293983712673173, -1.002384577230961]
Running module mass_function_like
Running module mass_function_like
Running module mass_function_like
Running module mass_function_like
Model N: 1892301.418437963
Done mass_function_like status = 0 

Pipeline ran okay.
Likelihood hmf_counts = -10.271693296730518
Posterior = -4.877333763126787 for parameter set #396: [0.31087408777748604, 0.7550818273538615, -1.0034089857264727]
Running module mass_function_like
Model N: 1887941.1712924333
Done mass_function_like status = 0 

Pipeline ran okay.
Likelihood hmf_counts = -8.759645212441683
Posterior = -3.032208156089471 for parameter set #389: [0.3071911410088332, 0.8184037606696879, -0.9981565448015902]
Running module mass_function_like
Model N: 1888545.6512529666
Done mass_function_like status = 0 

Pipeline ran okay.
Likelihood hmf_counts = -8.368575051426888
Posterior = -2.7170350693366885 for parameter set #401: [0.3081800656207862, 0.737760615538074, -0.9988849407350979]
Running module mass_function_like
Model N: 1889592.1625473567
Done mass_function_like status = 0 

Pipeline ran okay.
Likelihood hmf_counts = -8.149119596928358
Posterior = -2.8499186810011334 for parameter set #400: [0.31172149767489393, 0.6878809765112159, -1.0001458156582217]
Running module mass_function_like
Model N: 1889386.833752422
Done mass_function_like status = 0 

Pipeline ran okay.
Likelihood hmf_counts = -8.146457612514496
Posterior = -2.301567846012717 for parameter set #397: [0.305315622984396, 0.9674368282902974, -0.9998987392198907]
Model N: 1890075.435661243
Done mass_function_like status = 0 

Pipeline ran okay.
Likelihood hmf_counts = -8.243427205830812
Posterior = -4.034753295479947 for parameter set #390: [0.3188545436580651, 0.7865801071155459, -1.0007283492290693]
Model N: 1891248.2530040217
Done mass_function_like status = 0 

Pipeline ran okay.
Likelihood hmf_counts = -8.985817361623049
Posterior = -3.3645716307988014 for parameter set #402: [0.3085404303545706, 0.6594569803893098, -1.0021402510116781]
Model N: 1888905.1010778437
Done mass_function_like status = 0 

Pipeline ran okay.
Likelihood hmf_counts = -8.227813605219126
Posterior = -2.2638253154880505 for parameter set #401: [0.3021051373236413, 0.7014857029273746, -0.9993186445532458]
Proposed outside bounds: prior -infinity
Running module mass_function_like
Running module mass_function_like
Running module mass_function_like
Running module mass_function_like
Model N: 1892701.9148379809
Done mass_function_like status = 0 

Pipeline ran okay.
Likelihood hmf_counts = -10.914319541305304
Posterior = -5.637974787741814 for parameter set #403: [0.311908547928817, 0.7614044831011827, -1.003891517241655]
Model N: 1890467.2475398034
Done mass_function_like status = 0 

Pipeline ran okay.
Likelihood hmf_counts = -8.41056277230382
Posterior = -4.219769374027653 for parameter set #402: [0.3189489008785349, 0.9243551953019933, -1.0011991409540477]
Running module mass_function_like
Model N: 1887807.1678970023
Done mass_function_like status = 0 

Pipeline ran okay.
Likelihood hmf_counts = -8.872564170509577
Posterior = -3.327720850075221 for parameter set #398: [0.2906071820969165, 0.9316986640258917, -0.9979947243906623]
Proposed outside bounds: prior -infinity
Model N: 1888923.9632834177
Done mass_function_like status = 0 

Pipeline ran okay.
Likelihood hmf_counts = -8.222316779196262
Posterior = -2.7249851642605343 for parameter set #391: [0.30988752908828254, 0.7407189103933267, -0.9993405235961961]
Running module mass_function_like
Model N: 1892583.8360919072
Done mass_function_like status = 0 

Pipeline ran okay.
Likelihood hmf_counts = -10.716057375073433
Posterior = -4.889423287300787 for parameter set #403: [0.2943638195604967, 0.9489601915703088, -1.0037490805390383]
Model N: 1889367.1644454296
Done mass_function_like status = 0 

Pipeline ran okay.
Likelihood hmf_counts = -8.147373743355274
Posterior = -2.2019315292235992 for parameter set #392: [0.3028539979744446, 0.7172090796377296, -0.999874985768055]
Running module mass_function_like
Running module mass_function_like
Running module mass_function_like
Running module mass_function_like
Model N: 1889607.9236755609
Done mass_function_like status = 0 

Pipeline ran okay.
Likelihood hmf_counts = -8.150245990604162
Posterior = -2.4389401119141416 for parameter set #399: [0.30741434142642826, 0.9479891913558778, -1.0001640196318953]
Proposed outside bounds: prior -infinity
Model N: 1890068.9303835735
Done mass_function_like status = 0 

Pipeline ran okay.
Likelihood hmf_counts = -8.241337399929762
Posterior = -2.6592022303132943 for parameter set #404: [0.3089889753587876, 0.7874930921284866, -1.000720529379438]
Running module mass_function_like
Model N: 1888432.7678919933
Done mass_function_like status = 0 

Pipeline ran okay.
Likelihood hmf_counts = -8.426902398467064
Posterior = -2.5155187965670818 for parameter set #404: [0.29613457139438565, 0.9272792293369452, -0.9987492056542758]
Running module mass_function_like
Model N: 1887798.8081841436
Done mass_function_like status = 0 

Pipeline ran okay.
Likelihood hmf_counts = -8.879924017935991
Posterior = -5.530076685261024 for parameter set #393: [0.2770386439743562, 0.8333049151275891, -0.9979858878211907]
Running module mass_function_like
Model N: 1889084.2176359757
Done mass_function_like status = 0 

Pipeline ran okay.
Likelihood hmf_counts = -8.183215253055096
Posterior = -2.2257175382377197 for parameter set #394: [0.3023941978533475, 0.707554933024842, -0.9995333924987783]
Model N: 1888491.7780078114
Done mass_function_like status = 0 

Pipeline ran okay.
Likelihood hmf_counts = -8.39556947350502
Posterior = -5.419421070485989 for parameter set #405: [0.3245354906560815, 0.8090023923248765, -0.9988201181592432]
Model N: 1891531.412684511
Done mass_function_like status = 0 

Pipeline ran okay.
Likelihood hmf_counts = -9.273983262479305
Posterior = -3.3685306082057647 for parameter set #405: [0.2959897891517083, 0.7057372593425303, -1.0024815649817522]
Running module mass_function_like
Running module mass_function_like
Running module mass_function_like
Running module mass_function_like
Model N: 1889611.9742005814
Done mass_function_like status = 0 

Pipeline ran okay.
Likelihood hmf_counts = -8.150556698441505
Posterior = -2.4442768944022077 for parameter set #400: [0.30748182153528986, 0.9478509264630423, -1.000170075355115]
Proposed outside bounds: prior -infinity
Model N: 1891075.5045805676
Done mass_function_like status = 0 

Pipeline ran okay.
Likelihood hmf_counts = -8.830815874040127
Posterior = -3.0423180863353005 for parameter set #406: [0.2937153361095921, 0.917530564403402, -1.0019325059815916]
Running module mass_function_like
Model N: 1888936.3662855243
Done mass_function_like status = 0 

Pipeline ran okay.
Likelihood hmf_counts = -8.218804970383644
Posterior = -3.391229188651569 for parameter set #406: [0.31522217440689443, 0.7676123453259254, -0.9993555211621861]
Running module mass_function_like
Model N: 1888085.8944799139
Done mass_function_like status = 0 

Pipeline ran okay.
Likelihood hmf_counts = -8.648384846746922
Posterior = -2.921789780429277 for parameter set #395: [0.2927967337846078, 0.9126796442250699, -0.9983312844247311]
Running module mass_function_like
Model N: 1892825.0344362755
Done mass_function_like status = 0 

Pipeline ran okay.
Likelihood hmf_counts = -11.128877140581608
Posterior = -6.1300741623319075 for parameter set #396: [0.31404671281988167, 0.7850427104348601, -1.004039391734936]
Model N: 1888647.7858333404
Done mass_function_like status = 0 

Pipeline ran okay.
Likelihood hmf_counts = -8.32161869853735
Posterior = -3.628716790082006 for parameter set #407: [0.3160824028388104, 0.7684837253280034, -0.9990079924796016]
Model N: 1887299.8105208252
Done mass_function_like status = 0 

Pipeline ran okay.
Likelihood hmf_counts = -9.386364109814167
Posterior = -3.8434630025750014 for parameter set #407: [0.30941197555282557, 0.728169110461667, -0.997384693225806]
Proposed outside bounds: prior -infinity
Proposed outside bounds: prior -infinity
Running module mass_function_like
Running module mass_function_like
Running module mass_function_like
Running module mass_function_like
Model N: 1886626.68672737
Done mass_function_like status = 0 

Pipeline ran okay.
Likelihood hmf_counts = -10.278804313391447
Posterior = -8.478522322415433 for parameter set #401: [0.271068009819129, 0.8031502217247034, -0.9965729089765227]
Running module mass_function_like
Model N: 1889244.8592972083
Done mass_function_like status = 0 

Pipeline ran okay.
Likelihood hmf_counts = -8.157665960490704
Posterior = -2.281046770080624 for parameter set #408: [0.30468073898896536, 0.8195024312748712, -0.9997265068164696]
Model N: 1885378.2396520511
Done mass_function_like status = 0 

Pipeline ran okay.
Likelihood hmf_counts = -12.570890445262194
Posterior = -8.243274339874526 for parameter set #408: [0.3182062528019776, 0.7373775931800237, -0.9950700772521357]
Model N: 1890071.7478256505
Done mass_function_like status = 0 

Pipeline ran okay.
Likelihood hmf_counts = -8.242239750921726
Posterior = -2.2754127072906023 for parameter set #397: [0.2980344819514245, 0.611286120605339, -1.0007234379413639]
Running module mass_function_like
Model N: 1889363.769096888
Done mass_function_like status = 0 

Pipeline ran okay.
Likelihood hmf_counts = -8.147552613168955
Posterior = -2.290907080698368 for parameter set #402: [0.3050896590441299, 0.9694799039579115, -0.9998704351744344]
Model N: 1892527.858886296
Done mass_function_like status = 0 

Pipeline ran okay.
Likelihood hmf_counts = -10.624637618660927
Posterior = -4.896324684230426 for parameter set #398: [0.29282812898705146, 0.7004533295874656, -1.003682157486845]
Proposed outside bounds: prior -infinity
Proposed outside bounds: prior -infinity
Running module mass_function_like
Running module mass_function_like
Running module mass_function_like
Running module mass_function_like
Model N: 1889200.047216761
Done mass_function_like status = 0 

Pipeline ran okay.
Likelihood hmf_counts = -8.163419134914875
Posterior = -2.3256448432492594 for parameter set #403: [0.3054477497415447, 0.625646759352638, -0.9996732018318034]
Model N: 1889720.029935306
Done mass_function_like status = 0 

Pipeline ran okay.
Likelihood hmf_counts = -8.16205046325922
Posterior = -2.187860804262016 for parameter set #409: [0.3015476044778762, 0.7896485674434148, -1.000298685565024]
Running module mass_function_like
Model N: 1887616.166205499
Done mass_function_like status = 0 

Pipeline ran okay.
Likelihood hmf_counts = -9.049969371408224
Posterior = -8.510078774120519 for parameter set #409: [0.2669968809511603, 0.78272377050759, -0.9977657855826876]
Model N: 1889402.8781184072
Done mass_function_like status = 0 

Pipeline ran okay.
Likelihood hmf_counts = -8.145861960947514
Posterior = -5.952778389860322 for parameter set #399: [0.3275430049650063, 0.6879104728247873, -0.9999182502298609]
Running module mass_function_like
Model N: 1886717.8586683148
Done mass_function_like status = 0 

Pipeline ran okay.
Likelihood hmf_counts = -10.143847964704037
Posterior = -4.79202398591611 for parameter set #410: [0.3112587348486043, 0.7312555099749639, -0.9966834143869201]
Model N: 1890010.9696903925
Done mass_function_like status = 0 

Pipeline ran okay.
Likelihood hmf_counts = -8.223705768585205
Posterior = -2.877985626028698 for parameter set #400: [0.3113174928928235, 0.9570374891978586, -1.0006503583349589]
Proposed outside bounds: prior -infinity
Running module mass_function_like
Running module mass_function_like
Running module mass_function_like
Running module mass_function_like
Model N: 1891150.0125278966
Done mass_function_like status = 0 

Pipeline ran okay.
Likelihood hmf_counts = -8.895735900849104
Posterior = -2.970184001838307 for parameter set #404: [0.29652399229462817, 0.6810606452454064, -1.0020222309484157]
Running module mass_function_like
Model N: 1887910.2162462762
Done mass_function_like status = 0 

Pipeline ran okay.
Likelihood hmf_counts = -8.784884184598923
Posterior = -2.800935703094436 for parameter set #411: [0.3006394083730675, 0.8216415814001164, -0.998119463331796]
Running module mass_function_like
Model N: 1888353.0829875406
Done mass_function_like status = 0 

Pipeline ran okay.
Likelihood hmf_counts = -8.472140960395336
Posterior = -2.5730571452042392 for parameter set #410: [0.29582878989517536, 0.8438867650228203, -0.9986529004030715]
Running module mass_function_like
Model N: 1888888.9166222366
Done mass_function_like status = 0 

Pipeline ran okay.
Likelihood hmf_counts = -8.232680272310972
Posterior = -5.943935694145594 for parameter set #401: [0.3271933828706964, 0.7500370653123359, -0.9992988605922115]
Model N: 1889350.8490974773
Done mass_function_like status = 0 

Pipeline ran okay.
Likelihood hmf_counts = -8.148289032280445
Posterior = -2.2931694647301253 for parameter set #405: [0.3051195484956334, 0.9407805152969594, -0.9998539723160803]
Model N: 1891000.248293814
Done mass_function_like status = 0 

Pipeline ran okay.
Likelihood hmf_counts = -8.768221236765385
Posterior = -3.1960047282016717 for parameter set #412: [0.30909707021056176, 0.7191046005949273, -1.0018416140045574]
Model N: 1895352.033479703
Done mass_function_like status = 0 

Pipeline ran okay.
Likelihood hmf_counts = -17.29699307307601
Posterior = -13.322116473507156 for parameter set #411: [0.3200438689646746, 0.8962098824275025, -1.007084494076737]
Running module mass_function_like
Proposed outside bounds: prior -infinity
Proposed outside bounds: prior -infinity
Running module mass_function_like
Running module mass_function_like
Model N: 1885785.3880088918
Done mass_function_like status = 0 

Pipeline ran okay.
Likelihood hmf_counts = -11.732403434813023
Posterior = -7.662102656393899 for parameter set #406: [0.31956978713733386, 0.660516243457657, -0.9955595128007383]
Running module mass_function_like
Model N: 1888904.4708493378
Done mass_function_like status = 0 

Pipeline ran okay.
Likelihood hmf_counts = -8.228000525385141
Posterior = -2.4119500990724845 for parameter set #413: [0.29416740560159577, 0.8951327137160247, -0.9993172942637377]
Running module mass_function_like
Model N: 1890112.5614895504
Done mass_function_like status = 0 

Pipeline ran okay.
Likelihood hmf_counts = -8.255782201886177
Posterior = -3.328746548234406 for parameter set #412: [0.314554065350942, 0.929575004434575, -1.0007716592645903]
Running module mass_function_like
Model N: 1890673.9423685838
Done mass_function_like status = 0 

Pipeline ran okay.
Likelihood hmf_counts = -8.531436532735825
Posterior = -3.0286008627889984 for parameter set #407: [0.3098308597979384, 0.7977349791917778, -1.0014479362542632]
Model N: 1888374.543894772
Done mass_function_like status = 0 

Pipeline ran okay.
Likelihood hmf_counts = -8.45962617918849
Posterior = -4.544786518131692 for parameter set #414: [0.32035309573325993, 0.7013637350752056, -0.9986784323154874]
Model N: 1891859.2321652605
Done mass_function_like status = 0 

Pipeline ran okay.
Likelihood hmf_counts = -9.660483974963427
Posterior = -4.129446008989944 for parameter set #413: [0.30953643441343826, 0.813262523727023, -1.002876265522247]
Running module mass_function_like
Proposed outside bounds: prior -infinity
Running module mass_function_like
Running module mass_function_like
Running module mass_function_like
Model N: 1889242.3453626852
Done mass_function_like status = 0 

Pipeline ran okay.
Likelihood hmf_counts = -8.157960563898087
Posterior = -2.243760645983558 for parameter set #408: [0.30379383234120805, 0.9423550873706202, -0.9997250211009833]
Model N: 1886593.1717819062
Done mass_function_like status = 0 

Pipeline ran okay.
Likelihood hmf_counts = -10.329523615539074
Posterior = -5.8805206418840195 for parameter set #402: [0.28246965189471157, 0.9884065192183615, -0.996532953325224]
Proposed outside bounds: prior -infinity
Model N: 1888327.443434951
Done mass_function_like status = 0 

Pipeline ran okay.
Likelihood hmf_counts = -8.487412437796593
Posterior = -3.0488607760315336 for parameter set #415: [0.2895355557951699, 0.9447268958376318, -0.9986223686619238]
Running module mass_function_like
Model N: 1889010.3657264994
Done mass_function_like status = 0 

Pipeline ran okay.
Likelihood hmf_counts = -8.199545484036207
Posterior = -2.993163692985126 for parameter set #414: [0.3124881727325833, 0.7279031897454987, -0.9994443795361945]
Running module mass_function_like
Model N: 1893387.0394497963
Done mass_function_like status = 0 

Pipeline ran okay.
Likelihood hmf_counts = -12.209785014390945
Posterior = -6.820217042718621 for parameter set #416: [0.2890868054896093, 0.6557253817157673, -1.0047169353818404]
Model N: 1887298.8420614367
Done mass_function_like status = 0 

Pipeline ran okay.
Likelihood hmf_counts = -9.387475416064262
Posterior = -3.4151050511109187 for parameter set #415: [0.29835947264940726, 0.9145749990164278, -0.9973827386194832]
Proposed outside bounds: prior -infinity
Running module mass_function_like
Running module mass_function_like
Running module mass_function_like
Running module mass_function_like
Model N: 1891102.5128086098
Done mass_function_like status = 0 

Pipeline ran okay.
Likelihood hmf_counts = -8.854009699076414
Posterior = -3.1386696028271963 for parameter set #409: [0.2926428754430818, 0.9255027566601111, -1.0019647532720173]
Running module mass_function_like
Model N: 1887900.2848204498
Done mass_function_like status = 0 

Pipeline ran okay.
Likelihood hmf_counts = -8.79308932647109
Posterior = -5.096078690950708 for parameter set #417: [0.2786038329897065, 0.8389546050059287, -0.9981075488486597]
Running module mass_function_like
Model N: 1886401.809114062
Done mass_function_like status = 0 

Pipeline ran okay.
Likelihood hmf_counts = -10.63054222613573
Posterior = -5.244807356221914 for parameter set #416: [0.31095218054561846, 0.7128064668973609, -0.9963030977364292]
Model N: 1888658.3605102112
Done mass_function_like status = 0 

Pipeline ran okay.
Likelihood hmf_counts = -8.317072674632072
Posterior = -3.215881353485546 for parameter set #403: [0.28669638923424556, 0.9544285123212564, -0.999021229646513]
Running module mass_function_like
Model N: 1887521.899292829
Done mass_function_like status = 0 

Pipeline ran okay.
Likelihood hmf_counts = -9.144655719399452
Posterior = -8.14074700764089 for parameter set #418: [0.331565756526736, 0.7466178779179903, -0.9976510408014873]
Model N: 1889222.6805152046
Done mass_function_like status = 0 

Pipeline ran okay.
Likelihood hmf_counts = -8.160380497574806
Posterior = -2.2787954757993107 for parameter set #410: [0.3045734016627452, 0.7930755064508654, -0.9997005962339924]
Model N: 1891929.9306468745
Done mass_function_like status = 0 

Pipeline ran okay.
Likelihood hmf_counts = -9.751275345683098
Posterior = -4.230749088020323 for parameter set #404: [0.30964577224949197, 0.8182796633042747, -1.002961920465281]
Running module mass_function_like
Running module mass_function_like
Running module mass_function_like
Running module mass_function_like
Model N: 1887434.1090025634
Done mass_function_like status = 0 

Pipeline ran okay.
Likelihood hmf_counts = -9.237074796110392
Posterior = -3.2576645862026448 for parameter set #411: [0.301136510934064, 0.8876537482326252, -0.9975463401773199]
Running module mass_function_like
Model N: 1890099.0812457977
Done mass_function_like status = 0 

Pipeline ran okay.
Likelihood hmf_counts = -8.251211859285831
Posterior = -2.288278986439183 for parameter set #419: [0.2978455602193568, 0.6004261939813031, -1.0007561886208753]
Running module mass_function_like
Model N: 1889817.1871305567
Done mass_function_like status = 0 

Pipeline ran okay.
Likelihood hmf_counts = -8.177659627050161
Posterior = -2.7861106059939402 for parameter set #417: [0.31090515303313515, 0.9339088698820743, -1.0004167328532367]
Running module mass_function_like
Model N: 1886641.237344459
Done mass_function_like status = 0 

Pipeline ran okay.
Likelihood hmf_counts = -10.256970003247261
Posterior = -5.365638365579083 for parameter set #405: [0.31479362650798554, 0.6545993807245337, -0.9965913234438752]
Running module mass_function_like
Model N: 1891813.5789851632
Done mass_function_like status = 0 

Pipeline ran okay.
Likelihood hmf_counts = -9.603257987648249
Posterior = -4.061092447939538 for parameter set #412: [0.3094191922251411, 0.8169015314195641, -1.002821585266307]
Model N: 1888679.896120596
Done mass_function_like status = 0 

Pipeline ran okay.
Likelihood hmf_counts = -8.307997722178698
Posterior = -2.5440075321966535 for parameter set #420: [0.30666534159450765, 0.6477752542618953, -0.9990467433625573]
Model N: 1891122.4216533056
Done mass_function_like status = 0 

Pipeline ran okay.
Likelihood hmf_counts = -8.871353548020124
Posterior = -7.860559311373406 for parameter set #418: [0.3315441833979652, 0.9591808117941922, -1.0019887175828297]
Model N: 1890338.7606380817
Done mass_function_like status = 0 

Pipeline ran okay.
Likelihood hmf_counts = -8.346808567643166
Posterior = -2.583699018168393 for parameter set #406: [0.2933215954487659, 0.7701395783184023, -1.0010443325692693]
Proposed outside bounds: prior -infinity
Running module mass_function_like
Running module mass_function_like
Running module mass_function_like
Running module mass_function_like
Model N: 1887199.2795555263
Done mass_function_like status = 0 

Pipeline ran okay.
Likelihood hmf_counts = -9.504378110170364
Posterior = -3.541547233796102 for parameter set #421: [0.3021430759355218, 0.81973173477803, -0.9972622306564353]
Running module mass_function_like
Model N: 1890320.3280533692
Done mass_function_like status = 0 

Pipeline ran okay.
Likelihood hmf_counts = -8.33837840333581
Posterior = -2.3768094366104124 for parameter set #419: [0.302215769906782, 0.8625425753327393, -1.0010234219643233]
Model N: 1887634.742173648
Done mass_function_like status = 0 

Pipeline ran okay.
Likelihood hmf_counts = -9.031866554170847
Posterior = -3.41117247802371 for parameter set #407: [0.29145329669400866, 0.8667257325597554, -0.9977875145202622]
Running module mass_function_like
Model N: 1889812.1263035706
Done mass_function_like status = 0 

Pipeline ran okay.
Likelihood hmf_counts = -8.176723264157772
Posterior = -2.3834515392185764 for parameter set #413: [0.2937888912086959, 0.6631727085041652, -1.0004106269349224]
Running module mass_function_like
Model N: 1890509.59217378
Done mass_function_like status = 0 

Pipeline ran okay.
Likelihood hmf_counts = -8.433486130088568
Posterior = -2.6529135861470845 for parameter set #422: [0.30641122106763036, 0.7414389509355008, -1.001250567220371]
Model N: 1888732.1635396143
Done mass_function_like status = 0 

Pipeline ran okay.
Likelihood hmf_counts = -8.286994233727455
Posterior = -2.589217522016863 for parameter set #408: [0.30759411898852734, 0.6605561529934417, -0.9991101687788816]
Model N: 1889657.1661156772
Done mass_function_like status = 0 

Pipeline ran okay.
Likelihood hmf_counts = -8.154612082988024
Posterior = -2.1726078604575916 for parameter set #414: [0.3009124444765688, 0.7767221533355048, -1.0002245264224214]
Running module mass_function_like
Running module mass_function_like
Running module mass_function_like
Running module mass_function_like
Model N: 1889019.534426725
Done mass_function_like status = 0 

Pipeline ran okay.
Likelihood hmf_counts = -8.197361081838608
Posterior = -2.2831944507201554 for parameter set #415: [0.29620558160650345, 0.8983471987687941, -0.999455355027979]
Running module mass_function_like
Model N: 1889736.4322602383
Done mass_function_like status = 0 

Pipeline ran okay.
Likelihood hmf_counts = -8.16433523222804
Posterior = -2.6338905087350977 for parameter set #409: [0.3095469337467995, 0.7344544856433907, -1.0003185727049473]
Running module mass_function_like
Model N: 1889712.3601905683
Done mass_function_like status = 0 

Pipeline ran okay.
Likelihood hmf_counts = -8.161030940711498
Posterior = -2.727657633976521 for parameter set #420: [0.3105146753613017, 0.9075565686823694, -1.0002905597168839]
Running module mass_function_like
Model N: 1890011.1823829424
Done mass_function_like status = 0 

Pipeline ran okay.
Likelihood hmf_counts = -8.223767217248678
Posterior = -2.2777053512944363 for parameter set #423: [0.29716851725424026, 0.6219232882125316, -1.000650831749954]
Proposed outside bounds: prior -infinity
Model N: 1887692.241087092
Done mass_function_like status = 0 

Pipeline ran okay.
Likelihood hmf_counts = -8.976991951465607
Posterior = -5.781002115046917 for parameter set #421: [0.27637818846343754, 0.8071965471096151, -0.9978562650014982]
Model N: 1888486.2219900033
Done mass_function_like status = 0 

Pipeline ran okay.
Likelihood hmf_counts = -8.398440908640623
Posterior = -4.085327581367704 for parameter set #416: [0.3182919967313671, 0.6984005186659189, -0.9988128321465797]
Model N: 1890539.0993403776
Done mass_function_like status = 0 

Pipeline ran okay.
Likelihood hmf_counts = -8.45002032071352
Posterior = -2.69904404459722 for parameter set #410: [0.29314273469067087, 0.8110819044993456, -1.0012868878840988]
Running module mass_function_like
Running module mass_function_like
Running module mass_function_like
Running module mass_function_like
Model N: 1887897.216554379
Done mass_function_like status = 0 

Pipeline ran okay.
Likelihood hmf_counts = -8.795634843409061
Posterior = -8.703358209842756 for parameter set #417: [0.26566717898272263, 0.801985404072239, -0.9981032176617313]
Running module mass_function_like
Model N: 1890090.7304630524
Done mass_function_like status = 0 

Pipeline ran okay.
Likelihood hmf_counts = -8.24842882156372
Posterior = -2.306436393183999 for parameter set #411: [0.2970284937282669, 0.6163553900470843, -1.0007462138539018]
Running module mass_function_like
Model N: 1886155.5995923637
Done mass_function_like status = 0 

Pipeline ran okay.
Likelihood hmf_counts = -11.046438876539469
Posterior = -8.162797812551162 for parameter set #424: [0.2750932514515883, 0.912717549728482, -0.996005409926133]
Running module mass_function_like
Model N: 1889788.5655336014
Done mass_function_like status = 0 

Pipeline ran okay.
Likelihood hmf_counts = -8.17254239320755
Posterior = -2.703267704467656 for parameter set #422: [0.3101674727449434, 0.7120299841416533, -1.0003825941590647]
Running module mass_function_like
Model N: 1888445.0878642222
Done mass_function_like status = 0 

Pipeline ran okay.
Likelihood hmf_counts = -8.420208416879177
Posterior = -4.586563268095722 for parameter set #418: [0.32074824287489273, 0.7090956075795939, -0.998763416083627]
Model N: 1889856.4406180826
Done mass_function_like status = 0 

Pipeline ran okay.
Likelihood hmf_counts = -8.185382511466742
Posterior = -2.3451945883890915 for parameter set #412: [0.29459683774580214, 0.668182476134343, -1.0004643909271955]
Model N: 1890261.378911512
Done mass_function_like status = 0 

Pipeline ran okay.
Likelihood hmf_counts = -8.312623985111713
Posterior = -2.3304202268933905 for parameter set #425: [0.30088549437715073, 0.900941589386028, -1.0009513997278086]
Model N: 1890948.638330946
Done mass_function_like status = 0 

Pipeline ran okay.
Likelihood hmf_counts = -8.72702432796359
Posterior = -2.984862152347291 for parameter set #423: [0.2930164628975806, 0.9213433995122164, -1.0017798304953793]
Proposed outside bounds: prior -infinity
Running module mass_function_like
Running module mass_function_like
Running module mass_function_like
Running module mass_function_like
Model N: 1889395.8850408928
Done mass_function_like status = 0 

Pipeline ran okay.
Likelihood hmf_counts = -8.146104831248522
Posterior = -2.3127896752415946 for parameter set #419: [0.30552908563307, 0.9499554400183733, -0.9999081246256776]
Running module mass_function_like
Model N: 1888441.4989379363
Done mass_function_like status = 0 

Pipeline ran okay.
Likelihood hmf_counts = -8.422150135040283
Posterior = -2.56093353220084 for parameter set #426: [0.3049975174113742, 0.8125693325386104, -0.9987589236456301]
Running module mass_function_like
Model N: 1889187.3769522496
Done mass_function_like status = 0 

Pipeline ran okay.
Likelihood hmf_counts = -8.165238581597805
Posterior = -2.305360676064038 for parameter set #424: [0.30502564917524083, 0.9142131874623967, -0.9996575367612986]
Running module mass_function_like
Model N: 1889745.874404437
Done mass_function_like status = 0 

Pipeline ran okay.
Likelihood hmf_counts = -8.165715042501688
Posterior = -2.1798824263475414 for parameter set #413: [0.30025747264959607, 0.7762098942928942, -1.0003298717829228]
Model N: 1888727.3527622193
Done mass_function_like status = 0 

Pipeline ran okay.
Likelihood hmf_counts = -8.288866963237524
Posterior = -2.4446429584616176 for parameter set #420: [0.29467261212313783, 0.8973876660118557, -0.9991032835268719]
Model N: 1890974.2080573419
Done mass_function_like status = 0 

Pipeline ran okay.
Likelihood hmf_counts = -8.747259072959423
Posterior = -3.859643878536338 for parameter set #427: [0.3148215416057762, 0.7935881336553484, -1.0018102235684838]
Model N: 1886725.5609782874
Done mass_function_like status = 0 

Pipeline ran okay.
Likelihood hmf_counts = -10.132648818194866
Posterior = -4.765781531814162 for parameter set #425: [0.31112434331467154, 0.7325599088869064, -0.9966919478354692]
Running module mass_function_like
Proposed outside bounds: prior -infinity
Running module mass_function_like
Running module mass_function_like
Running module mass_function_like
Model N: 1886698.1507317328
Done mass_function_like status = 0 

Pipeline ran okay.
Likelihood hmf_counts = -10.172646634280682
Posterior = -12.665655185021059 for parameter set #421: [0.2588208302235966, 0.7206391450250134, -0.9966594876999024]
Running module mass_function_like
Model N: 1887512.9876697569
Done mass_function_like status = 0 

Pipeline ran okay.
Likelihood hmf_counts = -9.153850808739662
Posterior = -3.7394981614479956 for parameter set #428: [0.2893085217714394, 0.9426589638123738, -0.9976406064352786]
Proposed outside bounds: prior -infinity
Model N: 1889068.3265133866
Done mass_function_like status = 0 

Pipeline ran okay.
Likelihood hmf_counts = -8.186485279351473
Posterior = -2.2045902953808536 for parameter set #426: [0.3009233394306277, 0.9232138628624054, -0.9995151235440736]
Running module mass_function_like
Model N: 1889516.526702764
Done mass_function_like status = 0 

Pipeline ran okay.
Likelihood hmf_counts = -8.145543288439512
Posterior = -2.451773499446954 for parameter set #414: [0.29235278376937357, 0.7494881836270937, -1.0000544734641799]
Model N: 1892372.3703742637
Done mass_function_like status = 0 

Pipeline ran okay.
Likelihood hmf_counts = -10.379373095929623
Posterior = -6.443127958134146 for parameter set #422: [0.32024506713735285, 0.7831092286031839, -1.0034947474162086]
Model N: 1886191.4072118115
Done mass_function_like status = 0 

Pipeline ran okay.
Likelihood hmf_counts = -10.983952227979898
Posterior = -5.635993351880474 for parameter set #427: [0.3112909718377345, 0.7361349702871824, -0.9960492622252062]
Running module mass_function_like
Proposed outside bounds: prior -infinity
Running module mass_function_like
Running module mass_function_like
Running module mass_function_like
Model N: 1888128.18241533
Done mass_function_like status = 0 

Pipeline ran okay.
Likelihood hmf_counts = -8.617970578372478
Posterior = -2.81889013335491 for parameter set #423: [0.3061148699312581, 0.7979779711154673, -0.9983819681606082]
Running module mass_function_like
Model N: 1891401.8162604484
Done mass_function_like status = 0 

Pipeline ran okay.
Likelihood hmf_counts = -9.136839959770441
Posterior = -3.3803523541790774 for parameter set #429: [0.2932263522375775, 0.9756928227562385, -1.0023254767770633]
Running module mass_function_like
Model N: 1890340.3245203865
Done mass_function_like status = 0 

Pipeline ran okay.
Likelihood hmf_counts = -8.347532078623772
Posterior = -4.176633230598507 for parameter set #428: [0.319053691821552, 0.6870021995855877, -1.0010469916102427]
Running module mass_function_like
Model N: 1890036.4841407568
Done mass_function_like status = 0 

Pipeline ran okay.
Likelihood hmf_counts = -8.231248322874308
Posterior = -2.300790133326138 for parameter set #415: [0.30333730784801305, 0.8772605483368857, -1.000681319896035]
Model N: 1888671.2248968072
Done mass_function_like status = 0 

Pipeline ran okay.
Likelihood hmf_counts = -8.31162216886878
Posterior = -2.495115147529118 for parameter set #424: [0.2941756359765998, 0.8999478959063242, -0.9990365164744611]
Model N: 1889531.642967354
Done mass_function_like status = 0 

Pipeline ran okay.
Likelihood hmf_counts = -8.146015968173742
Posterior = -2.185090585130869 for parameter set #430: [0.30224694751577347, 0.8747012521464708, -1.0000733504162227]
Model N: 1888512.5866003626
Done mass_function_like status = 0 

Pipeline ran okay.
Likelihood hmf_counts = -8.384960599243641
Posterior = -2.4204779119638715 for parameter set #429: [0.2979205735147657, 0.946532912410342, -0.9988445093421833]
Proposed outside bounds: prior -infinity
Running module mass_function_like
Running module mass_function_like
Running module mass_function_like
Running module mass_function_like
Model N: 1887596.3944558115
Done mass_function_like status = 0 

Pipeline ran okay.
Likelihood hmf_counts = -9.069438550621271
Posterior = -3.451518569769947 for parameter set #425: [0.3085789782735203, 0.8472316787713834, -0.9977408151414228]
Running module mass_function_like
Model N: 1888099.0040732296
Done mass_function_like status = 0 

Pipeline ran okay.
Likelihood hmf_counts = -8.638854812830687
Posterior = -2.653515135351399 for parameter set #431: [0.3003723416291656, 0.7541461508455651, -0.9983468283397174]
Model N: 1889331.5841586231
Done mass_function_like status = 0 

Pipeline ran okay.
Likelihood hmf_counts = -8.149551209062338
Posterior = -2.664185215852802 for parameter set #430: [0.3100080176663957, 0.9032816185892749, -0.9998305015470899]
Running module mass_function_like
Model N: 1887375.0167265967
Done mass_function_like status = 0 

Pipeline ran okay.
Likelihood hmf_counts = -9.301584508270025
Posterior = -3.9509109642815137 for parameter set #416: [0.28872900146088015, 0.947744509434251, -0.9974743974281914]
Running module mass_function_like
Model N: 1889547.322015728
Done mass_function_like status = 0 

Pipeline ran okay.
Likelihood hmf_counts = -8.146634005010128
Posterior = -2.4337583151397837 for parameter set #431: [0.2926068490598274, 0.7422541117605301, -1.000092060744952]
Model N: 1890859.6362442875
Done mass_function_like status = 0 

Pipeline ran okay.
Likelihood hmf_counts = -8.659286260604858
Posterior = -3.575119704186573 for parameter set #426: [0.31343028769887676, 0.8015443502919786, -1.0016722616958154]
Model N: 1890356.2010362532
Done mass_function_like status = 0 

Pipeline ran okay.
Likelihood hmf_counts = -8.354950357228518
Posterior = -2.468870843892801 for parameter set #417: [0.30447287703773507, 0.8627382259371705, -1.001066390557431]
Proposed outside bounds: prior -infinity
Proposed outside bounds: prior -infinity
Running module mass_function_like
Running module mass_function_like
Running module mass_function_like
Running module mass_function_like
Model N: 1887429.8777424681
Done mass_function_like status = 0 

Pipeline ran okay.
Likelihood hmf_counts = -9.241632405668497
Posterior = -7.460163172065856 for parameter set #427: [0.2710020763961575, 0.7918362516662524, -0.9975406607546741]
Running module mass_function_like
Model N: 1889645.6398703272
Done mass_function_like status = 0 

Pipeline ran okay.
Likelihood hmf_counts = -8.15347508713603
Posterior = -2.199908617580345 for parameter set #432: [0.30255346201161215, 0.8730539219362955, -1.0002100938284588]
Model N: 1890488.3896492098
Done mass_function_like status = 0 

Pipeline ran okay.
Likelihood hmf_counts = -8.42188960313797
Posterior = -3.0054850400496376 for parameter set #432: [0.3106741734099343, 0.6689031179112566, -1.0012252733179032]
Proposed outside bounds: prior -infinity
Model N: 1886889.5935865736
Done mass_function_like status = 0 

Pipeline ran okay.
Likelihood hmf_counts = -9.901621460914612
Posterior = -4.064438083308609 for parameter set #418: [0.30544981832352386, 0.7870833183301662, -0.9968902046782181]
Model N: 1888750.86608206
Done mass_function_like status = 0 

Pipeline ran okay.
Likelihood hmf_counts = -8.279830198734999
Posterior = -2.4649356930061304 for parameter set #428: [0.2941478652712765, 0.9021637666273872, -0.9991327329623549]
Proposed outside bounds: prior -infinity
Running module mass_function_like
Running module mass_function_like
Running module mass_function_like
Running module mass_function_like
Model N: 1891899.3397702342
Done mass_function_like status = 0 

Pipeline ran okay.
Likelihood hmf_counts = -9.711666535586119
Posterior = -4.847282692804477 for parameter set #429: [0.31497570029788863, 0.7869903882877763, -1.0029246466716621]
Model N: 1887721.475319656
Done mass_function_like status = 0 

Pipeline ran okay.
Likelihood hmf_counts = -8.949764244258404
Posterior = -3.125817004274614 for parameter set #433: [0.29430789698810333, 0.8549820373946477, -0.9978924218816366]
Running module mass_function_like
Model N: 1888449.0406413088
Done mass_function_like status = 0 

Pipeline ran okay.
Likelihood hmf_counts = -8.418077737092972
Posterior = -3.5217974811840005 for parameter set #433: [0.31476355956135343, 0.9381146635389312, -0.9987686817378942]
Running module mass_function_like
Model N: 1889447.224445821
Done mass_function_like status = 0 

Pipeline ran okay.
Likelihood hmf_counts = -8.144924331456423
Posterior = -2.253653580535909 for parameter set #419: [0.2956434251280888, 0.7537782524466476, -0.999970417268804]
Running module mass_function_like
Model N: 1889391.8452668115
Done mass_function_like status = 0 

Pipeline ran okay.
Likelihood hmf_counts = -8.146256927400827
Posterior = -2.5157226668023647 for parameter set #420: [0.2915663199972124, 0.7796071497036701, -0.9999035422689012]
Model N: 1889782.4859900807
Done mass_function_like status = 0 

Pipeline ran okay.
Likelihood hmf_counts = -8.171511247754097
Posterior = -2.2338300613886117 for parameter set #434: [0.30311388148591223, 0.8641655022729267, -1.0003752823799277]
Model N: 1885961.4184439662
Done mass_function_like status = 0 

Pipeline ran okay.
Likelihood hmf_counts = -11.397157929837704
Posterior = -5.848689238978519 for parameter set #434: [0.30934673352082154, 0.8123622819282263, -0.995772259835744]
Running module mass_function_like
Running module mass_function_like
Running module mass_function_like
Running module mass_function_like
Model N: 1888496.902743193
Done mass_function_like status = 0 

Pipeline ran okay.
Likelihood hmf_counts = -8.392935428768396
Posterior = -2.739406315251048 for parameter set #430: [0.30815563026664294, 0.8664590167888802, -0.9988262964429397]
Running module mass_function_like
Model N: 1887566.723342687
Done mass_function_like status = 0 

Pipeline ran okay.
Likelihood hmf_counts = -9.09904457628727
Posterior = -6.260662234423431 for parameter set #435: [0.27491006640458737, 0.8074205051308923, -0.9977050630712694]
Running module mass_function_like
Model N: 1889503.5858057754
Done mass_function_like status = 0 

Pipeline ran okay.
Likelihood hmf_counts = -8.145234700292349
Posterior = -2.959006000422873 for parameter set #435: [0.31264864215000104, 0.7988858981195864, -1.0000391629575118]
Model N: 1888567.9751422494
Done mass_function_like status = 0 

Pipeline ran okay.
Likelihood hmf_counts = -8.357839725911617
Running module mass_function_like
Posterior = -2.379063438774912 for parameter set #421: [0.2987888774397243, 0.9473998371221859, -0.9989124216487455]
Running module mass_function_like
Model N: 1889533.4277966318
Done mass_function_like status = 0 

Pipeline ran okay.
Likelihood hmf_counts = -8.146079756319523
Posterior = -2.347417723083394 for parameter set #431: [0.2938761579071123, 0.9238437486782735, -1.0000741108643731]
Model N: 1889579.7580994107
Done mass_function_like status = 0 

Pipeline ran okay.
Likelihood hmf_counts = -8.14832553640008
Posterior = -2.2022624052856035 for parameter set #436: [0.2971678443271727, 0.8534949846458184, -1.0001309855059821]
Model N: 1890945.3420372773
Done mass_function_like status = 0 

Pipeline ran okay.
Likelihood hmf_counts = -8.724440924823284
Posterior = -3.5986694656941385 for parameter set #422: [0.3131167093770145, 0.9505051252254966, -1.0017761431012402]
Model N: 1889954.8438295599
Done mass_function_like status = 0 

Pipeline ran okay.
Likelihood hmf_counts = -8.208325758576393
Posterior = -2.3199895098834133 for parameter set #436: [0.29557696236318354, 0.9610911292114712, -1.0005823980391486]
Proposed outside bounds: prior -infinity
Proposed outside bounds: prior -infinity
Running module mass_function_like
Running module mass_function_like
Running module mass_function_like
Running module mass_function_like
Model N: 1891011.430345356
Done mass_function_like status = 0 

Pipeline ran okay.
Likelihood hmf_counts = -8.777332659810781
Posterior = -3.156379934745554 for parameter set #432: [0.2914554741894409, 0.9579825037128443, -1.0018557265341337]
Running module mass_function_like
Model N: 1889404.9922907704
Done mass_function_like status = 0 

Pipeline ran okay.
Likelihood hmf_counts = -8.14579363167286
Posterior = -2.2515023288339187 for parameter set #437: [0.2957133255555628, 0.8826185002923874, -0.9999192598787612]
Model N: 1889942.8457117788
Done mass_function_like status = 0 

Pipeline ran okay.
Likelihood hmf_counts = -8.20525412261486
Posterior = -2.2191095009336053 for parameter set #423: [0.2999580829931538, 0.7356545823779523, -1.0005676423466388]
Running module mass_function_like
Model N: 1888363.562314547
Done mass_function_like status = 0 

Pipeline ran okay.
Likelihood hmf_counts = -8.465999521315098
Posterior = -2.6581465459087052 for parameter set #437: [0.29402961364083297, 0.9213661444283847, -0.9986660138289852]
Model N: 1891869.0772694973
Done mass_function_like status = 0 

Pipeline ran okay.
Likelihood hmf_counts = -9.672968976199627
Posterior = -8.0255548240257 for parameter set #433: [0.32945619874711, 0.8471746664565573, -1.0028883989686181]
Model N: 1886241.6355718842
Done mass_function_like status = 0 

Pipeline ran okay.
Likelihood hmf_counts = -10.897447973489761
Posterior = -5.245860234547045 for parameter set #424: [0.30817098527467074, 0.8047353011985611, -0.9961095578320525]
Proposed outside bounds: prior -infinity
Running module mass_function_like
Running module mass_function_like
Running module mass_function_like
Running module mass_function_like
Model N: 1886499.056739996
Done mass_function_like status = 0 

Pipeline ran okay.
Likelihood hmf_counts = -10.475139509886503
Posterior = -6.784372782159894 for parameter set #434: [0.3214231734706556, 0.7937476114982882, -0.9964195468034367]
Running module mass_function_like
Model N: 1887772.2929317679
Done mass_function_like status = 0 

Pipeline ran okay.
Likelihood hmf_counts = -8.903513047844172
Posterior = -5.229817064733814 for parameter set #438: [0.2784952837586874, 0.8208899409809307, -0.9979533855124925]
Proposed outside bounds: prior -infinity
Model N: 1892332.4082068943
Done mass_function_like status = 0 

Pipeline ran okay.
Likelihood hmf_counts = -10.318398021161556
Posterior = -6.434104733281363 for parameter set #438: [0.2794998412748947, 0.6896369009451228, -1.0034458412543457]
Model N: 1887272.3375565293
Done mass_function_like status = 0 

Pipeline ran okay.
Likelihood hmf_counts = -9.418082438409328
Posterior = -5.115276146973318 for parameter set #425: [0.281653271734915, 0.8035531371377072, -0.9973503353045998]
Proposed outside bounds: prior -infinity
Model N: 1890271.0567516575
Done mass_function_like status = 0 

Pipeline ran okay.
Likelihood hmf_counts = -8.316726084798574
Posterior = -2.765789443026928 for parameter set #435: [0.29067062173513436, 0.9505531608990077, -1.000963140009256]
Proposed outside bounds: prior -infinity
Proposed outside bounds: prior -infinity
Running module mass_function_like
Running module mass_function_like
Running module mass_function_like
Model N: 1888192.0339881438
Done mass_function_like status = 0 

Pipeline ran okay.
Likelihood hmf_counts = -8.573843277990818
Posterior = -2.7561841602632438 for parameter set #436: [0.2941966964207418, 0.9189894421498507, -0.9984589752920487]
Running module mass_function_like
Model N: 1887132.5439400189
Done mass_function_like status = 0 

Pipeline ran okay.
Likelihood hmf_counts = -9.5856804959476
Posterior = -6.078726963383129 for parameter set #439: [0.2777342457687205, 0.7876260597658191, -0.9971824558669375]
Running module mass_function_like
Model N: 1890484.3450712555
Done mass_function_like status = 0 

Pipeline ran okay.
Likelihood hmf_counts = -8.41970445215702
Posterior = -3.0000101191207635 for parameter set #439: [0.3106433146335014, 0.6674180031058804, -1.0012202686218072]
Running module mass_function_like
Model N: 1889602.2030988878
Done mass_function_like status = 0 

Pipeline ran okay.
Likelihood hmf_counts = -8.14982196688652
Posterior = -2.667369049581806 for parameter set #437: [0.2899629152870553, 0.9438540752485877, -1.0001582890647782]
Model N: 1886457.0237988117
Done mass_function_like status = 0 

Pipeline ran okay.
Likelihood hmf_counts = -10.541692472994328
Posterior = -4.582657890243105 for parameter set #440: [0.29769888566501107, 0.6468590397273131, -0.9963687492910149]
Model N: 1886189.6649598412
Done mass_function_like status = 0 

Pipeline ran okay.
Likelihood hmf_counts = -10.986976813524961
Posterior = -5.350585221447664 for parameter set #440: [0.3083545962623506, 0.8030519622884102, -0.9960464392288949]
Running module mass_function_like
Proposed outside bounds: prior -infinity
Running module mass_function_like
Running module mass_function_like
Running module mass_function_like
Model N: 1890596.1988999918
Done mass_function_like status = 0 

Pipeline ran okay.
Likelihood hmf_counts = -8.483322896063328
Posterior = -2.9009441851844615 for parameter set #438: [0.2910144658883363, 0.9538079587589794, -1.0013541824989902]
Running module mass_function_like
Model N: 1887778.0450577452
Done mass_function_like status = 0 

Pipeline ran okay.
Likelihood hmf_counts = -8.898364063352346
Posterior = -5.609461901313796 for parameter set #441: [0.2767747582163489, 0.8171804767816452, -0.9979600187920472]
Running module mass_function_like
Model N: 1888289.0061063273
Done mass_function_like status = 0 

Pipeline ran okay.
Likelihood hmf_counts = -8.510959099978209
Posterior = -3.6629739322849755 for parameter set #441: [0.31508696786590706, 0.9593623198147001, -0.9985762505665742]
Running module mass_function_like
Model N: 1889325.1754067726
Done mass_function_like status = 0 

Pipeline ran okay.
Likelihood hmf_counts = -8.150014638900757
Posterior = -2.3088526475828814 for parameter set #426: [0.29461472434693187, 0.898453711227432, -0.9998235270707806]
Model N: 1890722.8664039092
Done mass_function_like status = 0 

Pipeline ran okay.
Likelihood hmf_counts = -8.563352312892675
Posterior = -3.130567074975188 for parameter set #439: [0.310519226124618, 0.7686762099463649, -1.0015079027059786]
Model N: 1889702.1276674992
Done mass_function_like status = 0 

Pipeline ran okay.
Likelihood hmf_counts = -8.159719217568636
Posterior = -2.284013146782928 for parameter set #442: [0.30470020353545035, 0.92876395692826, -1.000278588989224]
Model N: 1888220.5204934068
Done mass_function_like status = 0 

Pipeline ran okay.
Likelihood hmf_counts = -8.55485350266099
Posterior = -3.3189546721531933 for parameter set #442: [0.31224873176179574, 0.8991550381499637, -0.9984930933649515]
Running module mass_function_like
Running module mass_function_like
Running module mass_function_like
Running module mass_function_like
Model N: 1887513.7693711286
Done mass_function_like status = 0 

Pipeline ran okay.
Likelihood hmf_counts = -9.153042554855347
Posterior = -8.021176560780518 for parameter set #440: [0.26884225410462353, 0.7605796100435771, -0.9976425553190639]
Running module mass_function_like
Model N: 1888398.435194897
Done mass_function_like status = 0 

Pipeline ran okay.
Likelihood hmf_counts = -8.445981189608574
Posterior = -2.481864513746408 for parameter set #443: [0.2979038433573668, 0.9501899706487869, -0.9987078813072134]
Running module mass_function_like
Model N: 1886567.4482732709
Done mass_function_like status = 0 

Pipeline ran okay.
Likelihood hmf_counts = -10.368856344372034
Posterior = -5.094430026448219 for parameter set #427: [0.2880741335382759, 0.8881693293263375, -0.9965021563440892]
Running module mass_function_like
Model N: 1888276.5057286015
Done mass_function_like status = 0 

Pipeline ran okay.
Likelihood hmf_counts = -8.518785525113344
Posterior = -3.652944826580967 for parameter set #443: [0.31496813486568376, 0.9572266212411966, -0.9985611641414848]
Running module mass_function_like
Model N: 1890058.4518392198
Done mass_function_like status = 0 

Pipeline ran okay.
Likelihood hmf_counts = -8.238018244504929
Posterior = -2.9022383066245325 for parameter set #441: [0.28859504874628145, 0.9518874380017459, -1.0007073099939656]
Model N: 1890571.4157594568
Done mass_function_like status = 0 

Pipeline ran okay.
Likelihood hmf_counts = -8.46865675598383
Posterior = -2.8518601300653668 for parameter set #444: [0.2914059900642402, 0.6087606604055309, -1.001325578757369]
Model N: 1887432.3342021396
Done mass_function_like status = 0 

Pipeline ran okay.
Likelihood hmf_counts = -9.238985326141119
Posterior = -3.418083564322478 for parameter set #428: [0.30574397082199656, 0.7863617381459205, -0.9975433685181787]
Model N: 1890351.0774776458
Done mass_function_like status = 0 

Pipeline ran okay.
Likelihood hmf_counts = -8.35254181548953
Posterior = -2.658143087857934 for parameter set #444: [0.2923617451094629, 0.9128209523638927, -1.0010592568582652]
Proposed outside bounds: prior -infinity
Proposed outside bounds: prior -infinity
Running module mass_function_like
Running module mass_function_like
Running module mass_function_like
Running module mass_function_like
Model N: 1886245.3406437177
Done mass_function_like status = 0 

Pipeline ran okay.
Likelihood hmf_counts = -10.891120083630085
Posterior = -5.23328213259429 for parameter set #442: [0.30809415401078677, 0.8047771260360094, -0.9961143315561377]
Running module mass_function_like
Model N: 1889546.6640077692
Done mass_function_like status = 0 

Pipeline ran okay.
Likelihood hmf_counts = -8.14660545438528
Posterior = -2.1628833810132395 for parameter set #445: [0.2993004232879449, 0.9446808790345693, -1.000090166286845]
Running module mass_function_like
Model N: 1889534.365008605
Done mass_function_like status = 0 

Pipeline ran okay.
Likelihood hmf_counts = -8.146113932132721
Posterior = -2.4715547363892396 for parameter set #429: [0.3078944287886455, 0.9328913402717129, -1.00007648683549]
Model N: 1888862.6543722765
Done mass_function_like status = 0 

Pipeline ran okay.
Likelihood hmf_counts = -8.240872494876385
Posterior = -2.267394833145363 for parameter set #445: [0.29840846248337555, 0.8647785465700338, -0.9992665467279093]
Model N: 1889838.3235394256
Done mass_function_like status = 0 

Pipeline ran okay.
Likelihood hmf_counts = -8.181716792285442
Posterior = -2.622027991808565 for parameter set #443: [0.30923548530647016, 0.7734306435842503, -1.0004421095620963]
Model N: 1886488.0856209756
Done mass_function_like status = 0 

Pipeline ran okay.
Likelihood hmf_counts = -10.492420192807913
Posterior = -4.635153788108532 for parameter set #446: [0.29493526603879333, 0.7161480815190178, -0.996407055352854]
Running module mass_function_like
Running module mass_function_like
Running module mass_function_like
Running module mass_function_like
Model N: 1890664.5356841283
Done mass_function_like status = 0 

Pipeline ran okay.
Likelihood hmf_counts = -8.52544505521655
Posterior = -2.5415679954639385 for parameter set #444: [0.30066168548406624, 0.9393111053573122, -1.0014374950331921]
Running module mass_function_like
Model N: 1887262.7307371935
Done mass_function_like status = 0 

Pipeline ran okay.
Likelihood hmf_counts = -9.429268270730972
Posterior = -3.4694148567974565 for parameter set #447: [0.30227868839075744, 0.8063275166315719, -0.9973391734146172]
Running module mass_function_like
Model N: 1886511.3162242833
Done mass_function_like status = 0 

Pipeline ran okay.
Likelihood hmf_counts = -10.455905113369226
Posterior = -10.324174792253228 for parameter set #446: [0.33421638039189916, 0.9950358966948749, -0.996434159233653]
Running module mass_function_like
Model N: 1887192.5726416248
Done mass_function_like status = 0 

Pipeline ran okay.
Likelihood hmf_counts = -9.5124421864748
Posterior = -4.9535783371015984 for parameter set #430: [0.2831066353357026, 0.8532788937974078, -0.9972547496565897]
Running module mass_function_like
Model N: 1890018.612337415
Done mass_function_like status = 0 

Pipeline ran okay.
Likelihood hmf_counts = -8.225928951054811
Posterior = -2.9151771974546152 for parameter set #445: [0.2883776420833279, 0.9784258958523581, -1.0006594912267075]
Model N: 1885406.9901734905
Done mass_function_like status = 0 

Pipeline ran okay.
Likelihood hmf_counts = -12.508790276944637
Posterior = -6.618174809344267 for parameter set #448: [0.29565590804535297, 0.6610753868825798, -0.9951043374345461]
Model N: 1889531.187220956
Done mass_function_like status = 0 

Pipeline ran okay.
Likelihood hmf_counts = -8.145999945700169
Posterior = -2.470074153159084 for parameter set #431: [0.30787709931026336, 0.9349519325430405, -1.0000717621642683]
Model N: 1889338.1336797413
Done mass_function_like status = 0 

Pipeline ran okay.
Likelihood hmf_counts = -8.149100065231323
Posterior = -2.2249814487807935 for parameter set #447: [0.2964772281635011, 0.8801225980844508, -0.9998391124880136]
Proposed outside bounds: prior -infinity
Proposed outside bounds: prior -infinity
Running module mass_function_like
Running module mass_function_like
Running module mass_function_like
Running module mass_function_like
Model N: 1888284.1747591805
Done mass_function_like status = 0 

Pipeline ran okay.
Likelihood hmf_counts = -8.513974163681269
Posterior = -2.68803312205661 for parameter set #446: [0.29434091629872733, 0.9264537128371646, -0.9985693747133071]
Running module mass_function_like
Model N: 1890117.2169906953
Done mass_function_like status = 0 

Pipeline ran okay.
Likelihood hmf_counts = -8.257382929325104
Posterior = -2.323649032073112 for parameter set #432: [0.29676255319187167, 0.6113022522852376, -1.000778605432313]
Running module mass_function_like
Model N: 1889606.1877360295
Done mass_function_like status = 0 

Pipeline ran okay.
Likelihood hmf_counts = -8.150115486234426
Posterior = -2.4650106185939844 for parameter set #449: [0.2922403179906623, 0.6341472623679287, -1.0001628299491896]
Model N: 1890522.6601980426
Done mass_function_like status = 0 

Pipeline ran okay.
Likelihood hmf_counts = -8.440751947462559
Posterior = -2.8096644229270638 for parameter set #448: [0.2915738286049621, 0.9202665973686108, -1.001266264758942]
Model N: 1890140.598219925
Done mass_function_like status = 0 

Pipeline ran okay.
Likelihood hmf_counts = -8.265595581382513
Posterior = -2.6095252733852368 for parameter set #447: [0.30812485921320454, 0.7378225697756935, -1.0008065182081443]
Model N: 1884672.2030747018
Done mass_function_like status = 0 

Pipeline ran okay.
Likelihood hmf_counts = -14.23381870239973
Posterior = -8.8261435832259 for parameter set #433: [0.3107407940435726, 0.756870698425633, -0.9942187974534656]
Running module mass_function_like
Running module mass_function_like
Running module mass_function_like
Running module mass_function_like
Model N: 1887106.584404581
Done mass_function_like status = 0 

Pipeline ran okay.
Likelihood hmf_counts = -9.617944706231356
Posterior = -3.7503355839051 for parameter set #448: [0.30486116318936557, 0.8257457732298085, -0.9971509382043047]
Running module mass_function_like
Model N: 1890741.517093202
Done mass_function_like status = 0 

Pipeline ran okay.
Likelihood hmf_counts = -8.57585223019123
Posterior = -2.7446234187211527 for parameter set #450: [0.30556459667105196, 0.9495856434041359, -1.0015298739998]
Running module mass_function_like
Model N: 1890654.024312707
Done mass_function_like status = 0 

Pipeline ran okay.
Likelihood hmf_counts = -8.518805298954248
Posterior = -3.986826480750471 for parameter set #449: [0.3170533825294949, 0.6933319829914636, -1.001424226527411]
Running module mass_function_like
Model N: 1887852.528796352
Done mass_function_like status = 0 

Pipeline ran okay.
Likelihood hmf_counts = -8.833274636417627
Posterior = -4.966355088421322 for parameter set #434: [0.2794133063472055, 0.8239139141383843, -0.9980496565230313]
Running module mass_function_like
Model N: 1889967.8000929863
Done mass_function_like status = 0 

Pipeline ran okay.
Likelihood hmf_counts = -8.211728196591139
Posterior = -2.831769475941922 for parameter set #449: [0.2889891603985798, 0.9710040021358521, -1.0005975526758744]
Model N: 1886449.3495840556
Done mass_function_like status = 0 

Pipeline ran okay.
Likelihood hmf_counts = -10.55394472181797
Posterior = -4.719780124658303 for parameter set #451: [0.29449831904896656, 0.7108897960905202, -0.9963600710013323]
Model N: 1889527.9503746375
Done mass_function_like status = 0 

Pipeline ran okay.
Likelihood hmf_counts = -8.145889338105917
Posterior = -2.3659106764227698 for parameter set #450: [0.29357830830414394, 0.6531669973048715, -1.0000685396199456]
Model N: 1891569.9846458496
Done mass_function_like status = 0 

Pipeline ran okay.
Likelihood hmf_counts = -9.316514231264591
Posterior = -5.642818461919833 for parameter set #435: [0.3215042050584788, 0.96714466006432, -1.0025281314046695]
Running module mass_function_like
Running module mass_function_like
Running module mass_function_like
Running module mass_function_like
Model N: 1888398.2029247931
Done mass_function_like status = 0 

Pipeline ran okay.
Likelihood hmf_counts = -8.446112386882305
Posterior = -2.56380691250937 for parameter set #450: [0.29544411182071495, 0.9151304665709623, -0.9987080412810526]
Running module mass_function_like
Model N: 1887039.5200903595
Done mass_function_like status = 0 

Pipeline ran okay.
Likelihood hmf_counts = -9.702951669692993
Posterior = -4.858704226694373 for parameter set #452: [0.2848904458960326, 0.8645492793278782, -0.9970710116147667]
Running module mass_function_like
Model N: 1888560.3076831507
Done mass_function_like status = 0 

Pipeline ran okay.
Likelihood hmf_counts = -8.361497163772583
Posterior = -2.888660193368011 for parameter set #451: [0.3101318533888229, 0.8884781476210966, -0.9989019846752175]
Running module mass_function_like
Model N: 1890419.0839208453
Done mass_function_like status = 0 

Pipeline ran okay.
Likelihood hmf_counts = -8.385641634464264
Posterior = -2.404652273108221 for parameter set #436: [0.3010114379164061, 0.7745969618022439, -1.0011412545771359]
Running module mass_function_like
Model N: 1890270.8182643938
Done mass_function_like status = 0 

Pipeline ran okay.
Likelihood hmf_counts = -8.316624402999878
Posterior = -2.9580941672511507 for parameter set #451: [0.3112035078611222, 0.755739171818014, -1.0009627048393914]
Model N: 1889431.8128406366
Done mass_function_like status = 0 

Pipeline ran okay.
Likelihood hmf_counts = -8.145132176578045
Posterior = -2.282138152672898 for parameter set #453: [0.295036626470196, 0.7673383064688024, -0.9999531249929418]
Model N: 1890635.3462152404
Done mass_function_like status = 0 

Pipeline ran okay.
Likelihood hmf_counts = -8.507150929421186
Posterior = -2.833410126968902 for parameter set #452: [0.29209645006133605, 0.9100074637952518, -1.0014014787418761]
Model N: 1887850.347190693
Done mass_function_like status = 0 

Pipeline ran okay.
Likelihood hmf_counts = -8.835139274597168
Posterior = -2.9040442763280794 for parameter set #437: [0.303313125118124, 0.7597478268133683, -0.998047928077945]
Running module mass_function_like
Running module mass_function_like
Running module mass_function_like
Running module mass_function_like
Model N: 1887849.9980510492
Done mass_function_like status = 0 

Pipeline ran okay.
Likelihood hmf_counts = -8.835437916219234
Posterior = -3.10141041640021 for parameter set #452: [0.3070986116282912, 0.7495845757733803, -0.9980476543099461]
Running module mass_function_like
Model N: 1890628.8312242245
Done mass_function_like status = 0 

Pipeline ran okay.
Likelihood hmf_counts = -8.503129217773676
Posterior = -3.8129342417544603 for parameter set #454: [0.28390107221766897, 0.9811595349446547, -1.0013940088055047]
Running module mass_function_like
Model N: 1887115.714583667
Done mass_function_like status = 0 

Pipeline ran okay.
Likelihood hmf_counts = -9.606556363403797
Posterior = -4.718632982215166 for parameter set #453: [0.28518214958021637, 0.8583268717168195, -0.9971621090711058]
Running module mass_function_like
Model N: 1888454.9082792506
Done mass_function_like status = 0 

Pipeline ran okay.
Likelihood hmf_counts = -8.414930146187544
Posterior = -2.4303340907360678 for parameter set #438: [0.30054744560691293, 0.9058699768526035, -0.9987754279430158]
Running module mass_function_like
Model N: 1890738.9049903273
Done mass_function_like status = 0 

Pipeline ran okay.
Likelihood hmf_counts = -8.574090495705605
Posterior = -3.3252283867244437 for parameter set #453: [0.31214241182009117, 0.7453755793894601, -1.0015269887075144]
Model N: 1886860.658118013
Done mass_function_like status = 0 

Pipeline ran okay.
Likelihood hmf_counts = -9.941337507218122
Posterior = -4.0543854049261805 for parameter set #455: [0.2955565174943161, 0.7337147769164637, -0.9968544267081532]
Model N: 1889508.5698232742
Done mass_function_like status = 0 

Pipeline ran okay.
Likelihood hmf_counts = -8.14534305408597
Posterior = -2.3722953040555614 for parameter set #454: [0.2934712686079558, 0.6545742978567755, -1.0000446704668153]
Model N: 1890024.118668549
Done mass_function_like status = 0 

Pipeline ran okay.
Likelihood hmf_counts = -8.227549850940704
Posterior = -3.4539952330388246 for parameter set #439: [0.284426993139358, 0.8727488083237671, -1.0006661297225043]
Proposed outside bounds: prior -infinity
Running module mass_function_like
Running module mass_function_like
Running module mass_function_like
Running module mass_function_like
Model N: 1888808.0995154646
Done mass_function_like status = 0 

Pipeline ran okay.
Likelihood hmf_counts = -8.25905778259039
Posterior = -2.7481351492840016 for parameter set #454: [0.29025100032086687, 0.7979072627218045, -0.9992011167146767]
Running module mass_function_like
Model N: 1889235.3909650762
Done mass_function_like status = 0 

Pipeline ran okay.
Likelihood hmf_counts = -8.158792965114117
Posterior = -2.3847756346044253 for parameter set #456: [0.3065138029991338, 0.912684650362193, -0.9997157577462537]
Model N: 1889573.2899343437
Done mass_function_like status = 0 

Pipeline ran okay.
Likelihood hmf_counts = -8.147943779826164
Posterior = -5.9832094312969515 for parameter set #455: [0.3276457389440625, 0.9096433686426706, -1.0001233211064842]
Proposed outside bounds: prior -infinity
Model N: 1890660.6708257534
Done mass_function_like status = 0 

Pipeline ran okay.
Likelihood hmf_counts = -8.522996939718723
Posterior = -5.8746266093704715 for parameter set #440: [0.32583678239609026, 0.6170747189380948, -1.0014322324350555]
Running module mass_function_like
Model N: 1890280.6791247467
Done mass_function_like status = 0 

Pipeline ran okay.
Likelihood hmf_counts = -8.320853773504496
Posterior = -3.0159750892335975 for parameter set #455: [0.2883274396053415, 0.9949130437868716, -1.0009747065672259]
Model N: 1887471.4625314588
Done mass_function_like status = 0 

Pipeline ran okay.
Likelihood hmf_counts = -9.197252180427313
Posterior = -3.367739803223351 for parameter set #441: [0.3055922592002023, 0.8176759584100124, -0.997590328922624]
Running module mass_function_like
Running module mass_function_like
Running module mass_function_like
Running module mass_function_like
Model N: 1887356.3654127123
Done mass_function_like status = 0 

Pipeline ran okay.
Likelihood hmf_counts = -9.32233028486371
Posterior = -3.353847718963305 for parameter set #456: [0.29813654657653865, 0.8848632228693365, -0.9974518299004962]
Proposed outside bounds: prior -infinity
Model N: 1888298.796565379
Done mass_function_like status = 0 

Pipeline ran okay.
Likelihood hmf_counts = -8.50488717108965
Posterior = -3.662676499026479 for parameter set #457: [0.2848747945646936, 0.8641967210749977, -0.9985882749136146]
Running module mass_function_like
Model N: 1890609.7253658362
Done mass_function_like status = 0 

Pipeline ran okay.
Likelihood hmf_counts = -8.491464532911777
Posterior = -3.438078256420715 for parameter set #442: [0.3136578859756187, 0.7289798103003493, -1.001371091858177]
Running module mass_function_like
Model N: 1887922.8079170198
Done mass_function_like status = 0 

Pipeline ran okay.
Likelihood hmf_counts = -8.774556372314692
Posterior = -5.060043029901517 for parameter set #456: [0.32131423081545135, 0.8953208772444914, -0.9981345291993804]
Running module mass_function_like
Model N: 1887764.5399587196
Done mass_function_like status = 0 

Pipeline ran okay.
Likelihood hmf_counts = -8.910480830818415
Posterior = -3.225920231440078 for parameter set #443: [0.30776398790569626, 0.7408884888913929, -0.9979438999395563]
Model N: 1888105.0801423753
Done mass_function_like status = 0 

Pipeline ran okay.
Likelihood hmf_counts = -8.634468700736761
Posterior = -2.6624885533148808 for parameter set #458: [0.2983234662338653, 0.8083094157225894, -0.9983535311516735]
Model N: 1890625.2332699557
Done mass_function_like status = 0 

Pipeline ran okay.
Likelihood hmf_counts = -8.500917814671993
Posterior = -3.803677052318765 for parameter set #457: [0.2839448938329174, 0.9812956964784844, -1.0013898576585822]
Proposed outside bounds: prior -infinity
Running module mass_function_like
Running module mass_function_like
Proposed outside bounds: prior -infinity
Running module mass_function_like
Running module mass_function_like
Model N: 1889815.4232485672
Done mass_function_like status = 0 

Pipeline ran okay.
Likelihood hmf_counts = -8.177331730723381
Posterior = -2.5176036284729495 for parameter set #457: [0.2919199897939132, 0.9479604702903244, -1.0004145080816975]
Model N: 1889117.5242804864
Done mass_function_like status = 0 

Pipeline ran okay.
Likelihood hmf_counts = -8.176795311272144
Posterior = -3.0755568551704613 for parameter set #444: [0.28669645158558527, 0.7933268829231598, -0.9995743340467146]
Running module mass_function_like
Model N: 1890722.0817405109
Done mass_function_like status = 0 

Pipeline ran okay.
Likelihood hmf_counts = -8.562830448150635
Posterior = -2.806174909551964 for parameter set #459: [0.30677348586377184, 0.9166338981428298, -1.0015061568178507]
Running module mass_function_like
Model N: 1892594.3525470202
Done mass_function_like status = 0 

Pipeline ran okay.
Likelihood hmf_counts = -10.733416873961687
Posterior = -8.888826768671313 for parameter set #458: [0.27122198155182886, 0.8610802309931205, -1.003762136210965]
Model N: 1886185.1482192762
Done mass_function_like status = 0 

Pipeline ran okay.
Likelihood hmf_counts = -10.994825467467308
Posterior = -5.305789407263427 for parameter set #445: [0.29230129567725516, 0.7345662797543707, -0.9960421816587304]
Model N: 1890523.0117569242
Done mass_function_like status = 0 

Pipeline ran okay.
Likelihood hmf_counts = -8.440948657691479
Posterior = -2.9286694880710638 for parameter set #460: [0.30973457776891244, 0.7558679369823751, -1.0012674891306594]
Proposed outside bounds: prior -infinity
Running module mass_function_like
Running module mass_function_like
Running module mass_function_like
Running module mass_function_like
Model N: 1889958.9674523657
Done mass_function_like status = 0 

Pipeline ran okay.
Likelihood hmf_counts = -8.209399025887251
Posterior = -3.32418287875156 for parameter set #458: [0.28516129300065934, 0.8981990912378914, -1.0005872572376568]
Running module mass_function_like
Model N: 1889328.5218332766
Done mass_function_like status = 0 

Pipeline ran okay.
Likelihood hmf_counts = -8.149769943207502
Posterior = -2.62995729386705 for parameter set #446: [0.29034230483354134, 0.7186574769072949, -0.999827444582275]
Model N: 1887945.9250351402
Done mass_function_like status = 0 

Pipeline ran okay.
Likelihood hmf_counts = -8.755814276635647
Posterior = -3.2855655775028385 for parameter set #461: [0.2898437015285789, 0.8719400361809745, -0.9981624722342466]
Running module mass_function_like
Model N: 1887858.8403101498
Done mass_function_like status = 0 

Pipeline ran okay.
Likelihood hmf_counts = -8.82789434120059
Posterior = -2.9266015270286285 for parameter set #459: [0.3041155292079277, 0.8245958044472392, -0.9980568053532317]
Running module mass_function_like
Model N: 1890730.249475487
Done mass_function_like status = 0 

Pipeline ran okay.
Likelihood hmf_counts = -8.568278551101685
Posterior = -4.625938876571384 for parameter set #459: [0.32021739272096517, 0.7074539708279107, -1.0015165820207017]
Model N: 1889746.4228220624
Done mass_function_like status = 0 

Pipeline ran okay.
Likelihood hmf_counts = -8.165796633809805
Posterior = -2.3976312859453994 for parameter set #462: [0.3066030098962879, 0.9140413056851943, -1.000330800044356]
Model N: 1888385.1365801098
Done mass_function_like status = 0 

Pipeline ran okay.
Likelihood hmf_counts = -8.453539077192545
Posterior = -3.7706603065248947 for parameter set #460: [0.31614438094419905, 0.7458132213600358, -0.9986918201536881]
Proposed outside bounds: prior -infinity
Running module mass_function_like
Running module mass_function_like
Running module mass_function_like
Running module mass_function_like
Model N: 1889614.565099672
Done mass_function_like status = 0 

Pipeline ran okay.
Likelihood hmf_counts = -8.150759994983673
Posterior = -2.21704214014514 for parameter set #460: [0.29676116741669745, 0.8926590537971834, -1.0001720696608982]
Running module mass_function_like
Model N: 1887342.4944095055
Done mass_function_like status = 0 

Pipeline ran okay.
Likelihood hmf_counts = -9.337878588587046
Posterior = -3.365966948874858 for parameter set #447: [0.29833093073712835, 0.8851661421668795, -0.9974351724551048]
Running module mass_function_like
Model N: 1887772.4774205945
Done mass_function_like status = 0 

Pipeline ran okay.
Likelihood hmf_counts = -8.903347633779049
Posterior = -3.082693416508828 for parameter set #461: [0.30574988642508705, 0.8339269021738572, -0.9979538769683569]
Model N: 1889216.1261407388
Done mass_function_like status = 0 

Pipeline ran okay.
Likelihood hmf_counts = -8.161232560873032
Posterior = -3.6640141428993838 for parameter set #463: [0.28274342802752117, 0.799705009588761, -0.9996928007194293]
Running module mass_function_like
Model N: 1887536.154908834
Done mass_function_like status = 0 

Pipeline ran okay.
Likelihood hmf_counts = -9.130034230649471
Posterior = -3.3165568758801456 for parameter set #464: [0.2941276833983874, 0.7295886729300316, -0.9976691133315636]
Model N: 1889904.8635499806
Done mass_function_like status = 0 

Pipeline ran okay.
Likelihood hmf_counts = -8.19603243470192
Posterior = -2.6706333287462254 for parameter set #461: [0.29040045044895213, 0.9606406939673429, -1.0005225682624244]
Model N: 1889678.503154703
Done mass_function_like status = 0 

Pipeline ran okay.
Likelihood hmf_counts = -8.156902376562357
Posterior = -2.564681862030402 for parameter set #448: [0.2911236731004169, 0.8459481459616691, -1.0002492820486741]
Proposed outside bounds: prior -infinity
Running module mass_function_like
Running module mass_function_like
Running module mass_function_like
Running module mass_function_like
Model N: 1889653.3273074196
Done mass_function_like status = 0 

Pipeline ran okay.
Likelihood hmf_counts = -8.15422559902072
Posterior = -2.5071246041043267 for parameter set #462: [0.2917651214722305, 0.7850526278133453, -1.0002191345826834]
Running module mass_function_like
Model N: 1889975.7694147287
Done mass_function_like status = 0 

Pipeline ran okay.
Likelihood hmf_counts = -8.213865123689175
Posterior = -3.2596237222753652 for parameter set #449: [0.31436599894416284, 0.7337736895668752, -1.0006080792383345]
Running module mass_function_like
Model N: 1888023.1192799131
Done mass_function_like status = 0 

Pipeline ran okay.
Likelihood hmf_counts = -8.69528179615736
Posterior = -2.887723803775568 for parameter set #462: [0.3059742705804354, 0.805132985509229, -0.9982565521104342]
Running module mass_function_like
Model N: 1888635.556279077
Done mass_function_like status = 0 

Pipeline ran okay.
Likelihood hmf_counts = -8.326950017362833
Posterior = -2.3800548743084757 for parameter set #465: [0.2971991523562175, 0.7699559151718065, -0.9989936493902307]
Model N: 1889322.1347265483
Done mass_function_like status = 0 

Pipeline ran okay.
Likelihood hmf_counts = -8.150242116302252
Posterior = -2.555331555893134 for parameter set #463: [0.2911540138935112, 0.8794913882737649, -0.9998207593699622]
Model N: 1889617.6036331407
Done mass_function_like status = 0 

Pipeline ran okay.
Likelihood hmf_counts = -8.151002943515778
Posterior = -2.518368573834948 for parameter set #463: [0.29159127118929823, 0.8455638284013833, -1.000175898254459]
Model N: 1889810.9622725332
Done mass_function_like status = 0 

Pipeline ran okay.
Likelihood hmf_counts = -8.17650980874896
Posterior = -2.200977309847582 for parameter set #450: [0.2985420123342801, 0.8969233488182088, -1.0004093575923227]
Running module mass_function_like
Running module mass_function_like
Running module mass_function_like
Running module mass_function_like
Model N: 1886401.2704363938
Done mass_function_like status = 0 

Pipeline ran okay.
Likelihood hmf_counts = -10.631417024880648
Posterior = -5.918419682413811 for parameter set #464: [0.3159529816035513, 0.8695849110685164, -0.9963011756808753]
Running module mass_function_like
Model N: 1887926.7244467642
Done mass_function_like status = 0 

Pipeline ran okay.
Likelihood hmf_counts = -8.771361127495766
Posterior = -2.86620036351146 for parameter set #451: [0.2959791625702892, 0.8361477273372986, -0.9981394324245908]
Running module mass_function_like
Model N: 1887387.3845151924
Done mass_function_like status = 0 

Pipeline ran okay.
Likelihood hmf_counts = -9.287929616868496
Posterior = -9.794589378449844 for parameter set #466: [0.336034744810214, 0.6650057028943859, -0.9974895751539878]
Running module mass_function_like
Model N: 1888493.3735540814
Done mass_function_like status = 0 

Pipeline ran okay.
Likelihood hmf_counts = -8.394747890532017
Posterior = -3.3690964736601163 for parameter set #464: [0.2861403560467432, 0.8372737738011529, -0.9988214557868437]
Running module mass_function_like
Model N: 1889691.3003257958
Done mass_function_like status = 0 

Pipeline ran okay.
Likelihood hmf_counts = -8.158391576260328
Posterior = -2.63505970801641 for parameter set #465: [0.2903788341580271, 0.8706806929942844, -1.0002641481632855]
Model N: 1886925.2071220404
Done mass_function_like status = 0 

Pipeline ran okay.
Likelihood hmf_counts = -9.853349257260561
Posterior = -4.116737506329467 for parameter set #452: [0.29294184952812174, 0.6846370779719195, -0.9969329936394429]
Model N: 1892097.2261591773
Done mass_function_like status = 0 

Pipeline ran okay.
Likelihood hmf_counts = -9.976625479757786
Posterior = -4.723225250400792 for parameter set #467: [0.3121018103572078, 0.7248540270831806, -1.0031629694407318]
Model N: 1890193.7650439888
Done mass_function_like status = 0 

Pipeline ran okay.
Likelihood hmf_counts = -8.285346619784832
Posterior = -2.540072754806501 for parameter set #465: [0.30694057358709065, 0.9977581059216786, -1.0008699906070908]
Proposed outside bounds: prior -infinity
Running module mass_function_like
Running module mass_function_like
Running module mass_function_like
Running module mass_function_like
Model N: 1893061.966847346
Done mass_function_like status = 0 

Pipeline ran okay.
Likelihood hmf_counts = -11.564267296344042
Posterior = -7.39415706224769 for parameter set #466: [0.3190532087027522, 0.6947526917728996, -1.0043254463370523]
Model N: 1889059.8613094534
Done mass_function_like status = 0 

Pipeline ran okay.
Likelihood hmf_counts = -8.188281804323196
Posterior = -2.6374388485567284 for parameter set #453: [0.29066925192452775, 0.9544050713360674, -0.9995047476573965]
Running module mass_function_like
Model N: 1887891.0052970883
Done mass_function_like status = 0 

Pipeline ran okay.
Likelihood hmf_counts = -8.800803136080503
Posterior = -3.158389100056044 for parameter set #468: [0.30828944262639396, 0.72510277282243, -0.9980963905631244]
Running module mass_function_like
Model N: 1886870.6045915987
Done mass_function_like status = 0 

Pipeline ran okay.
Likelihood hmf_counts = -9.927635125815868
Posterior = -5.227854598009146 for parameter set #466: [0.31603682083322837, 0.8193533731531457, -0.9968667021903672]
Running module mass_function_like
Model N: 1889586.360805171
Done mass_function_like status = 0 

Pipeline ran okay.
Likelihood hmf_counts = -8.148738071322441
Posterior = -2.5286605564854554 for parameter set #454: [0.29144323617573714, 0.8970896369796555, -1.0001390821485139]
Model N: 1890007.34404685
Done mass_function_like status = 0 

Pipeline ran okay.
Likelihood hmf_counts = -8.222661897540092
Posterior = -2.2511382863788443 for parameter set #469: [0.3017102667712613, 0.9244479400370745, -1.0006456693364745]
Model N: 1889434.3840807795
Done mass_function_like status = 0 

Pipeline ran okay.
Likelihood hmf_counts = -8.145088762044907
Posterior = -2.581620717840046 for parameter set #467: [0.290805421466852, 0.7402686233611994, -0.9999549368742247]
Proposed outside bounds: prior -infinity
Running module mass_function_like
Running module mass_function_like
Running module mass_function_like
Running module mass_function_like
Model N: 1888754.1648366093
Done mass_function_like status = 0 

Pipeline ran okay.
Likelihood hmf_counts = -8.278585821390152
Posterior = -2.334371719274732 for parameter set #467: [0.2971045515873967, 0.8628352912684704, -0.9991361934869495]
Running module mass_function_like
Model N: 1887176.604038912
Done mass_function_like status = 0 

Pipeline ran okay.
Likelihood hmf_counts = -9.531738121062517
Posterior = -4.225279972684249 for parameter set #455: [0.3116561511159027, 0.8781137028302353, -0.9972356729998632]
Model N: 1888827.254863092
Done mass_function_like status = 0 

Pipeline ran okay.
Likelihood hmf_counts = -8.252492986619473
Posterior = -3.007801156443528 for parameter set #470: [0.28782258160283136, 0.7897864349191779, -0.9992241975018616]
Running module mass_function_like
Model N: 1889984.7802542783
Done mass_function_like status = 0 

Pipeline ran okay.
Likelihood hmf_counts = -8.216321788728237
Posterior = -2.8078387233682713 for parameter set #468: [0.31074864926643275, 0.7882735343065312, -1.0006188235024778]
Running module mass_function_like
Model N: 1889740.8640129748
Done mass_function_like status = 0 

Pipeline ran okay.
Likelihood hmf_counts = -8.164976987987757
Posterior = -2.3704238771546535 for parameter set #468: [0.2938095053508375, 0.8817094763203516, -1.000325174125768]
Model N: 1886068.3974523642
Done mass_function_like status = 0 

Pipeline ran okay.
Likelihood hmf_counts = -11.201460916548967
Posterior = -5.739771646064362 for parameter set #471: [0.2897663307294982, 0.6779716323029374, -0.9959004547189075]
Model N: 1889669.613862806
Done mass_function_like status = 0 

Pipeline ran okay.
Likelihood hmf_counts = -8.155918933451176
Posterior = -2.502199366433021 for parameter set #469: [0.2918458956426876, 0.7569379653093685, -1.0002392230086958]
Running module mass_function_like
Running module mass_function_like
Running module mass_function_like
Running module mass_function_like
Model N: 1889046.2055887766
Done mass_function_like status = 0 

Pipeline ran okay.
Likelihood hmf_counts = -8.191259857267141
Posterior = -2.818162306948188 for parameter set #469: [0.28892697971634795, 0.7586105160375669, -0.9994886015163474]
Running module mass_function_like
Model N: 1890274.4588541915
Done mass_function_like status = 0 

Pipeline ran okay.
Likelihood hmf_counts = -8.31817987933755
Posterior = -6.28365376149789 for parameter set #456: [0.32811261850102513, 0.8170582218100325, -1.0009675225029866]
Proposed outside bounds: prior -infinity
Model N: 1890122.7441139887
Done mass_function_like status = 0 

Pipeline ran okay.
Likelihood hmf_counts = -8.259298235177994
Posterior = -2.3238349243211314 for parameter set #472: [0.29681643490457604, 0.609706228651262, -1.0007845165311633]
Running module mass_function_like
Model N: 1887951.0367024597
Done mass_function_like status = 0 

Pipeline ran okay.
Likelihood hmf_counts = -8.751708261668682
Posterior = -2.909698467152092 for parameter set #470: [0.30536641308134355, 0.8003639659514074, -0.9981681897719012]
Proposed outside bounds: prior -infinity
Model N: 1889055.8844423648
Done mass_function_like status = 0 

Pipeline ran okay.
Likelihood hmf_counts = -8.189138896763325
Posterior = -2.6761870982304234 for parameter set #470: [0.2902716369203925, 0.8369537324401325, -0.9995004367106898]
Model N: 1884560.3448893528
Done mass_function_like status = 0 

Pipeline ran okay.
Likelihood hmf_counts = -14.521606601774693
Posterior = -9.189179406369547 for parameter set #473: [0.31141921739386674, 0.9595938608685575, -0.9940844393280717]
Running module mass_function_like
Running module mass_function_like
Running module mass_function_like
Running module mass_function_like
Model N: 1889331.702454398
Done mass_function_like status = 0 

Pipeline ran okay.
Likelihood hmf_counts = -8.149542860686779
Posterior = -2.6193445830101343 for parameter set #471: [0.2904504468922059, 0.7190264025513768, -0.9998316384419786]
Running module mass_function_like
Model N: 1889698.3155792798
Done mass_function_like status = 0 

Pipeline ran okay.
Likelihood hmf_counts = -8.15924470871687
Posterior = -2.523743698110888 for parameter set #457: [0.2916254578513936, 0.7562299501235819, -1.0002729890235311]
Running module mass_function_like
Model N: 1887955.8621517583
Done mass_function_like status = 0 

Pipeline ran okay.
Likelihood hmf_counts = -8.747844867408276
Posterior = -2.9969910488120384 for parameter set #474: [0.3068578308329445, 0.7296272523405445, -0.9981752781713595]
Running module mass_function_like
Model N: 1889370.5104919525
Done mass_function_like status = 0 

Pipeline ran okay.
Likelihood hmf_counts = -8.14720344170928
Posterior = -2.2067952356020033 for parameter set #471: [0.2969747536689876, 0.7487994600389514, -0.9998787707577623]
Running module mass_function_like
Model N: 1892436.6501008142
Done mass_function_like status = 0 

Pipeline ran okay.
Likelihood hmf_counts = -10.4792200922966
Posterior = -5.544741053670874 for parameter set #472: [0.314498637825718, 0.6991830718391443, -1.00357207255755]
Model N: 1889221.9700632414
Done mass_function_like status = 0 

Pipeline ran okay.
Likelihood hmf_counts = -8.160471763461828
Posterior = -2.274307022139886 for parameter set #458: [0.3044721412936952, 0.9115813768614303, -0.9996987468027579]
Model N: 1886497.7718723253
Done mass_function_like status = 0 

Pipeline ran okay.
Likelihood hmf_counts = -10.477160010486841
Posterior = -4.713999708952242 for parameter set #475: [0.2933311482729349, 0.7059398396708049, -0.9964186610666979]
Model N: 1889480.3119505807
Done mass_function_like status = 0 

Pipeline ran okay.
Likelihood hmf_counts = -8.144902758300304
Posterior = -2.569325762960357 for parameter set #472: [0.2909380739809685, 0.8821184432446316, -1.000011435302686]
Proposed outside bounds: prior -infinity
Running module mass_function_like
Running module mass_function_like
Running module mass_function_like
Running module mass_function_like
Model N: 1889025.4976395885
Done mass_function_like status = 0 

Pipeline ran okay.
Likelihood hmf_counts = -8.195964261889458
Posterior = -2.7122592125268703 for parameter set #473: [0.2899755298530384, 0.8113043902183142, -0.999462231442926]
Proposed outside bounds: prior -infinity
Model N: 1887992.963420713
Done mass_function_like status = 0 

Pipeline ran okay.
Likelihood hmf_counts = -8.71855279803276
Posterior = -3.4642382241156664 for parameter set #476: [0.31209707625485755, 0.8503580714457177, -0.9982185721795845]
Model N: 1887713.872272187
Done mass_function_like status = 0 

Pipeline ran okay.
Likelihood hmf_counts = -8.95680184289813
Posterior = -3.2323443118879442 for parameter set #473: [0.3072317050553188, 0.8063550214584881, -0.9978824698139221]
Running module mass_function_like
Model N: 1889920.2982259998
Done mass_function_like status = 0 

Pipeline ran okay.
Likelihood hmf_counts = -8.199687771499157
Posterior = -2.4210806334576205 for parameter set #459: [0.3064427905157639, 0.7810584652125494, -1.0005409539468615]
Proposed outside bounds: prior -infinity
Model N: 1889197.7399698955
Done mass_function_like status = 0 

Pipeline ran okay.
Likelihood hmf_counts = -8.163744125515223
Posterior = -2.2038339046766344 for parameter set #474: [0.2977085423937902, 0.8771583768988038, -0.9996711502962696]
Running module mass_function_like
Running module mass_function_like
Running module mass_function_like
Running module mass_function_like
Model N: 1889833.6143701267
Done mass_function_like status = 0 

Pipeline ran okay.
Likelihood hmf_counts = -8.180792395025492
Posterior = -3.755936335411647 for parameter set #474: [0.2823290978312831, 0.6697535893121603, -1.000436826157619]
Running module mass_function_like
Model N: 1888302.0512770966
Done mass_function_like status = 0 

Pipeline ran okay.
Likelihood hmf_counts = -8.50287988036871
Posterior = -2.526463698090301 for parameter set #460: [0.3013895488922082, 0.7560829836155429, -0.9985921303138403]
Proposed outside bounds: prior -infinity
Model N: 1890089.4126759754
Done mass_function_like status = 0 

Pipeline ran okay.
Likelihood hmf_counts = -8.247993014752865
Posterior = -3.1258254260059415 for parameter set #475: [0.2868548550439336, 0.6613929495435591, -1.0007449754807143]
Running module mass_function_like
Model N: 1890483.8018428092
Done mass_function_like status = 0 

Pipeline ran okay.
Likelihood hmf_counts = -8.41941162198782
Posterior = -2.5892847210157584 for parameter set #477: [0.3055851295920794, 0.8454991353527448, -1.0012186383925314]
Running module mass_function_like
Model N: 1888667.5303616286
Done mass_function_like status = 0 

Pipeline ran okay.
Likelihood hmf_counts = -8.313178531825542
Posterior = -2.861490307203633 for parameter set #475: [0.28966138798144736, 0.7955969135045433, -0.9990325210334033]
Model N: 1889431.328387592
Done mass_function_like status = 0 

Pipeline ran okay.
Likelihood hmf_counts = -8.145140748471022
Posterior = -2.209110972330226 for parameter set #476: [0.30316668998164453, 0.9220633081552857, -0.9999521648205808]
Model N: 1893493.7687498804
Done mass_function_like status = 0 

Pipeline ran okay.
Likelihood hmf_counts = -12.433870255947113
Posterior = -9.076746165647945 for parameter set #478: [0.32292540705334666, 0.6337536462718053, -1.004845584882966]
Running module mass_function_like
Running module mass_function_like
Running module mass_function_like
Running module mass_function_like
Model N: 1890071.0122170574
Done mass_function_like status = 0 

Pipeline ran okay.
Likelihood hmf_counts = -8.242003746330738
Posterior = -4.055984973822481 for parameter set #476: [0.2810256768617148, 0.6916382630330581, -1.0007218374010318]
Running module mass_function_like
Model N: 1889273.9717524603
Done mass_function_like status = 0 

Pipeline ran okay.
Likelihood hmf_counts = -8.154498014599085
Posterior = -2.527099366639134 for parameter set #461: [0.2915292497298113, 0.7655170172920956, -0.9997625514457439]
Running module mass_function_like
Model N: 1887736.6997490344
Done mass_function_like status = 0 

Pipeline ran okay.
Likelihood hmf_counts = -8.935764204710722
Posterior = -3.43720671538132 for parameter set #479: [0.290126869257832, 0.9575242446632527, -0.9979096643277282]
Running module mass_function_like
Model N: 1890622.9000506594
Done mass_function_like status = 0 

Pipeline ran okay.
Likelihood hmf_counts = -8.499487411230803
Posterior = -2.7050957141243 for parameter set #477: [0.30619163290104173, 0.7730050926241832, -1.0013873048507027]
Proposed outside bounds: prior -infinity
Model N: 1889860.8948398815
Done mass_function_like status = 0 

Pipeline ran okay.
Likelihood hmf_counts = -8.186310350894928
Posterior = -2.2617497981008476 for parameter set #480: [0.29649007220641227, 0.8682378150944586, -1.000469028254507]
Model N: 1886329.9182902023
Done mass_function_like status = 0 

Pipeline ran okay.
Likelihood hmf_counts = -10.748652655631304
Posterior = -5.133006344170282 for parameter set #477: [0.2913999185428627, 0.6919889751511377, -0.9962152914451758]
Model N: 1887679.7181885322
Done mass_function_like status = 0 

Pipeline ran okay.
Likelihood hmf_counts = -8.988793957978487
Posterior = -4.473361660838595 for parameter set #462: [0.31714936961347495, 0.8810107013501147, -0.997842084744614]
Running module mass_function_like
Running module mass_function_like
Running module mass_function_like
Running module mass_function_like
Model N: 1890428.9591674067
Done mass_function_like status = 0 

Pipeline ran okay.
Likelihood hmf_counts = -8.390651397407055
Posterior = -2.5273047169256753 for parameter set #478: [0.3049549233302204, 0.8419130751322191, -1.0011533536063304]
Running module mass_function_like
Model N: 1886717.4683454717
Done mass_function_like status = 0 

Pipeline ran okay.
Likelihood hmf_counts = -10.144416328519583
Posterior = -5.646592712112523 for parameter set #478: [0.3172499030041218, 0.8324097499128573, -0.9966829739671228]
Running module mass_function_like
Model N: 1887438.965690781
Done mass_function_like status = 0 

Pipeline ran okay.
Likelihood hmf_counts = -9.231855221092701
Posterior = -3.2905407073707185 for parameter set #481: [0.2970148639105089, 0.728014768232127, -0.9975512588362139]
Running module mass_function_like
Model N: 1890062.448636963
Done mass_function_like status = 0 

Pipeline ran okay.
Likelihood hmf_counts = -8.23927740752697
Posterior = -2.3062153148872913 for parameter set #463: [0.29674171648194786, 0.668895199839691, -1.0007122877301329]
Running module mass_function_like
Model N: 1887876.6467645953
Done mass_function_like status = 0 

Pipeline ran okay.
Likelihood hmf_counts = -8.812828946858644
Posterior = -3.302164140825842 for parameter set #479: [0.29024992137871297, 0.7605231947583061, -0.9980788226991693]
Model N: 1891983.4961043957
Done mass_function_like status = 0 

Pipeline ran okay.
Likelihood hmf_counts = -9.821821231395006
Posterior = -4.163195071082401 for parameter set #482: [0.3080880833286132, 0.6977381322034286, -1.003026211442363]
Model N: 1889418.888482636
Done mass_function_like status = 0 

Pipeline ran okay.
Likelihood hmf_counts = -8.145403392612934
Posterior = -2.2084078783270025 for parameter set #464: [0.30313604237628394, 0.9235735109878938, -0.9999376245114072]
Model N: 1889530.4835834084
Done mass_function_like status = 0 

Pipeline ran okay.
Likelihood hmf_counts = -8.145975429564714
Posterior = -2.8896019510784416 for parameter set #479: [0.28791864420846597, 0.7116690490126921, -1.0000707751112343]
Proposed outside bounds: prior -infinity
Running module mass_function_like
Running module mass_function_like
Running module mass_function_like
Running module mass_function_like
Model N: 1884692.6485386014
Done mass_function_like status = 0 

Pipeline ran okay.
Likelihood hmf_counts = -14.181936249136925
Posterior = -8.429953958548897 for parameter set #480: [0.2931804651725212, 0.6819233250989725, -0.9942433501995591]
Model N: 1889558.0577846922
Done mass_function_like status = 0 

Pipeline ran okay.
Likelihood hmf_counts = -8.147132229059935
Posterior = -2.345011411814788 for parameter set #465: [0.29393290595533855, 0.8152880958367057, -1.0001048590746873]
Running module mass_function_like
Model N: 1888083.9189041597
Done mass_function_like status = 0 

Pipeline ran okay.
Likelihood hmf_counts = -8.649828888475895
Posterior = -3.1685144965332714 for parameter set #483: [0.28995295520840386, 0.8970246299555951, -0.9983291883054233]
Running module mass_function_like
Model N: 1890972.1384595563
Done mass_function_like status = 0 

Pipeline ran okay.
Likelihood hmf_counts = -8.745608437806368
Posterior = -3.4832270014303495 for parameter set #480: [0.3120301674604124, 0.792603014802412, -1.001807958773914]
Running module mass_function_like
Model N: 1886345.342667938
Done mass_function_like status = 0 

Pipeline ran okay.
Likelihood hmf_counts = -10.72308049350977
Posterior = -11.480839933985479 for parameter set #466: [0.3367238887217546, 0.9761574571477678, -0.9962345146743699]
Model N: 1889322.1502522912
Done mass_function_like status = 0 

Pipeline ran okay.
Likelihood hmf_counts = -8.150240942835808
Posterior = -2.270054250489313 for parameter set #484: [0.3046039376616405, 0.9357955049237268, -0.9998202533783478]
Model N: 1890402.6974355439
Done mass_function_like status = 0 

Pipeline ran okay.
Likelihood hmf_counts = -8.377442453056574
Posterior = -2.486490186637809 for parameter set #481: [0.3043624387487633, 0.8294319060443059, -1.0011215359818773]
Running module mass_function_like
Running module mass_function_like
Running module mass_function_like
Running module mass_function_like
Model N: 1888179.408859925
Done mass_function_like status = 0 

Pipeline ran okay.
Likelihood hmf_counts = -8.582397021353245
Posterior = -2.7556152066544275 for parameter set #481: [0.3056438745695356, 0.7935404575312551, -0.9984437078154694]
Running module mass_function_like
Model N: 1889960.787915558
Done mass_function_like status = 0 

Pipeline ran okay.
Likelihood hmf_counts = -8.209875702857971
Posterior = -4.810178665798068 for parameter set #485: [0.2772559674259465, 0.6793623710549803, -1.000589780337404]
Running module mass_function_like
Model N: 1887570.7882495339
Done mass_function_like status = 0 

Pipeline ran okay.
Likelihood hmf_counts = -9.094960987567902
Posterior = -3.221422289897382 for parameter set #482: [0.3047406477095547, 0.7838255748014467, -0.9977103862806058]
Running module mass_function_like
Model N: 1890225.8262310673
Done mass_function_like status = 0 

Pipeline ran okay.
Likelihood hmf_counts = -8.2979796230793
Posterior = -2.312626225725399 for parameter set #467: [0.3003936649424787, 0.7458264612813483, -1.000908404773978]
Running module mass_function_like
Model N: 1888013.4291900767
Done mass_function_like status = 0 

Pipeline ran okay.
Likelihood hmf_counts = -8.70270699262619
Posterior = -3.6253124001113664 for parameter set #482: [0.28651949030975427, 0.7811131444321762, -0.9982437671487723]
Model N: 1892269.780282117
Done mass_function_like status = 0 

Pipeline ran okay.
Likelihood hmf_counts = -10.224534161388874
Posterior = -4.715042452354532 for parameter set #486: [0.30975817262951166, 0.6838690769872364, -1.0033708852818177]
Model N: 1891075.9788942756
Done mass_function_like status = 0 

Pipeline ran okay.
Likelihood hmf_counts = -8.831219870597124
Posterior = -3.7787471175110445 for parameter set #468: [0.28633610666733716, 0.8798704321100798, -1.0019331819999044]
Model N: 1889590.2506362228
Done mass_function_like status = 0 

Pipeline ran okay.
Likelihood hmf_counts = -8.148991901427507
Posterior = -2.7606921908280047 for parameter set #483: [0.28906502148347885, 0.7204332158053662, -1.0001436222028044]
Proposed outside bounds: prior -infinity
Running module mass_function_like
Running module mass_function_like
Running module mass_function_like
Running module mass_function_like
Model N: 1888268.8590846476
Done mass_function_like status = 0 

Pipeline ran okay.
Likelihood hmf_counts = -8.52361386269331
Posterior = -2.538128691690739 for parameter set #483: [0.2996595726527418, 0.7589949817924629, -0.9985516018925882]
Proposed outside bounds: prior -infinity
Model N: 1889512.5335092251
Done mass_function_like status = 0 

Pipeline ran okay.
Likelihood hmf_counts = -8.145438611507416
Posterior = -3.2568597106569968 for parameter set #487: [0.28518385683946085, 0.7182714370534568, -1.0000502258661634]
Running module mass_function_like
Model N: 1892359.959476677
Done mass_function_like status = 0 

Pipeline ran okay.
Likelihood hmf_counts = -10.360346090048552
Posterior = -8.812528350796468 for parameter set #484: [0.32979176544950917, 0.7703386910223615, -1.0034794698025042]
Running module mass_function_like
Model N: 1892479.1537590497
Done mass_function_like status = 0 

Pipeline ran okay.
Likelihood hmf_counts = -10.546439174562693
Posterior = -5.952026102527776 for parameter set #469: [0.28332007211780835, 0.8279914772863972, -1.0036234650260993]
Model N: 1890272.519098031
Done mass_function_like status = 0 

Pipeline ran okay.
Likelihood hmf_counts = -8.31735022738576
Posterior = -2.334061179575148 for parameter set #488: [0.29924715453589407, 0.9968740231265502, -1.0009652820884969]
Model N: 1890158.7140150797
Done mass_function_like status = 0 

Pipeline ran okay.
Likelihood hmf_counts = -8.272157542407513
Posterior = -2.327913361120114 for parameter set #485: [0.30289451354684144, 0.8351178579054764, -1.000828167840632]
Running module mass_function_like
Running module mass_function_like
Running module mass_function_like
Running module mass_function_like
Model N: 1889190.4985807433
Done mass_function_like status = 0 

Pipeline ran okay.
Likelihood hmf_counts = -8.164782427251339
Posterior = -2.774064097480828 for parameter set #484: [0.2890872049581544, 0.8863015903684845, -0.9996620694422488]
Running module mass_function_like
Model N: 1890064.7500099207
Done mass_function_like status = 0 

Pipeline ran okay.
Likelihood hmf_counts = -8.240006271749735
Posterior = -2.306155360711972 for parameter set #470: [0.2967660221428958, 0.6720769756031619, -1.0007147420694396]
Running module mass_function_like
Model N: 1889556.349047109
Done mass_function_like status = 0 

Pipeline ran okay.
Likelihood hmf_counts = -8.147048849612474
Posterior = -2.3771791047743633 for parameter set #489: [0.29342277785024456, 0.8096313754717653, -1.0001016735930686]
Running module mass_function_like
Model N: 1887484.3975448597
Done mass_function_like status = 0 

Pipeline ran okay.
Likelihood hmf_counts = -9.183634653687477
Posterior = -3.959314879248515 for parameter set #486: [0.31234150200193345, 0.6934821851872472, -0.9976067386575869]
Running module mass_function_like
Model N: 1885429.104826829
Done mass_function_like status = 0 

Pipeline ran okay.
Likelihood hmf_counts = -12.46132231876254
Posterior = -7.152520667223051 for parameter set #485: [0.2883708781348264, 0.7539863452771092, -0.9951307301666977]
Model N: 1890412.69063623
Done mass_function_like status = 0 

Pipeline ran okay.
Likelihood hmf_counts = -8.382425785064697
Posterior = -4.163358815245207 for parameter set #471: [0.28120086015860196, 0.6976854449614263, -1.0011336141192821]
Model N: 1884385.6061807054
Done mass_function_like status = 0 

Pipeline ran okay.
Likelihood hmf_counts = -14.984494715929031
Posterior = -10.042063080778167 for parameter set #490: [0.2855648950595516, 0.6193321837006728, -0.9938736480829015]
Model N: 1887999.905124861
Done mass_function_like status = 0 

Pipeline ran okay.
Likelihood hmf_counts = -8.71315324306488
Posterior = -3.5388598610771425 for parameter set #487: [0.3127414212026965, 0.8472150886644769, -0.998227631867266]
Proposed outside bounds: prior -infinity
Running module mass_function_like
Running module mass_function_like
Running module mass_function_like
Running module mass_function_like
Model N: 1890209.8712345792
Done mass_function_like status = 0 

Pipeline ran okay.
Likelihood hmf_counts = -8.291624963283539
Posterior = -2.351953009415678 for parameter set #486: [0.3030482116853416, 0.837031682867324, -1.0008898481795103]
Running module mass_function_like
Model N: 1890206.675408573
Done mass_function_like status = 0 

Pipeline ran okay.
Likelihood hmf_counts = -8.290368288755417
Posterior = -2.3307000880156155 for parameter set #488: [0.29769947506844036, 0.633671000526465, -1.0008859142940016]
Running module mass_function_like
Model N: 1892191.2207409062
Done mass_function_like status = 0 

Pipeline ran okay.
Likelihood hmf_counts = -10.109719172120094
Posterior = -4.555100719899134 for parameter set #491: [0.30928455086975687, 0.68751537766891, -1.0032760990942808]
Model N: 1889277.376547332
Done mass_function_like status = 0 

Pipeline ran okay.
Likelihood hmf_counts = -8.154156818985939
Posterior = -2.848896556667004 for parameter set #472: [0.2883303252497405, 0.7256128598334394, -0.9997671246212662]
Proposed outside bounds: prior -infinity
Model N: 1888008.8283805444
Done mass_function_like status = 0 

Pipeline ran okay.
Likelihood hmf_counts = -8.706249862909317
Posterior = -2.785239197918872 for parameter set #487: [0.296394349820803, 0.8060063308022477, -0.9982376907984571]
Model N: 1891056.153958577
Done mass_function_like status = 0 

Pipeline ran okay.
Likelihood hmf_counts = -8.81443514302373
Posterior = -3.8997655817020584 for parameter set #489: [0.28536225629674655, 0.8668540675398481, -1.0019092030688554]
Proposed outside bounds: prior -infinity
Proposed outside bounds: prior -infinity
Running module mass_function_like
Running module mass_function_like
Running module mass_function_like
Running module mass_function_like
Model N: 1886122.4835471234
Done mass_function_like status = 0 

Pipeline ran okay.
Likelihood hmf_counts = -11.10483467578888
Posterior = -5.544703255596937 for parameter set #488: [0.290778022700169, 0.6842452262740786, -0.9959657194809439]
Model N: 1891894.29563904
Done mass_function_like status = 0 

Pipeline ran okay.
Likelihood hmf_counts = -9.705182880163193
Posterior = -6.8264702686467915 for parameter set #473: [0.32492802034073853, 0.8290601842442825, -1.0029186150567706]
Running module mass_function_like
Model N: 1889703.0679617918
Done mass_function_like status = 0 

Pipeline ran okay.
Likelihood hmf_counts = -8.159837450832129
Posterior = -2.409007433050272 for parameter set #492: [0.29313945196262886, 0.8099770070125167, -1.0002793958845075]
Proposed outside bounds: prior -infinity
Model N: 1887408.8476682466
Done mass_function_like status = 0 

Pipeline ran okay.
Likelihood hmf_counts = -9.26442538201809
Posterior = -3.280439432975607 for parameter set #490: [0.30061236150917453, 0.7181534490579936, -0.997515505612085]
Model N: 1887084.4367211796
Done mass_function_like status = 0 

Pipeline ran okay.
Likelihood hmf_counts = -9.64575395360589
Posterior = -5.462242376971545 for parameter set #474: [0.3189854913852601, 0.9358594875676669, -0.9971241508489548]
Running module mass_function_like
Running module mass_function_like
Running module mass_function_like
Running module mass_function_like
Model N: 1888083.7750774815
Done mass_function_like status = 0 

Pipeline ran okay.
Likelihood hmf_counts = -8.649934098124504
Posterior = -3.483938235007206 for parameter set #489: [0.3128065138972031, 0.8722373654207953, -0.9983286913111281]
Running module mass_function_like
Model N: 1886014.3775570055
Done mass_function_like status = 0 

Pipeline ran okay.
Likelihood hmf_counts = -11.29951984807849
Posterior = -5.447122964309724 for parameter set #493: [0.3051556828808833, 0.6623272771121598, -0.9958351371203293]
Running module mass_function_like
Model N: 1890207.461316702
Done mass_function_like status = 0 

Pipeline ran okay.
Likelihood hmf_counts = -8.290676821023226
Posterior = -2.308024594876483 for parameter set #491: [0.2991659791626977, 0.689427956724584, -1.0008869928775286]
Running module mass_function_like
Model N: 1889176.833200323
Done mass_function_like status = 0 

Pipeline ran okay.
Likelihood hmf_counts = -8.16681745275855
Posterior = -2.7399148133191913 for parameter set #475: [0.28942398414187454, 0.8325938264700372, -0.9996444397578541]
Running module mass_function_like
Model N: 1888458.399435533
Done mass_function_like status = 0 

Pipeline ran okay.
Likelihood hmf_counts = -8.413066036999226
Posterior = -2.5639463997394634 for parameter set #490: [0.294765968777232, 0.8149876996450377, -0.9987796206660129]
Model N: 1892019.5662710601
Done mass_function_like status = 0 

Pipeline ran okay.
Likelihood hmf_counts = -9.870179064571857
Posterior = -4.351980365938055 for parameter set #494: [0.3096695346365658, 0.7022505138588644, -1.0030702399831934]
Model N: 1890342.4654053652
Done mass_function_like status = 0 

Pipeline ran okay.
Likelihood hmf_counts = -8.348524630069733
Posterior = -2.8436773354099563 for parameter set #492: [0.2901891170441716, 0.8467012895195372, -1.0010497735532837]
Model N: 1887935.4607665588
Done mass_function_like status = 0 

Pipeline ran okay.
Likelihood hmf_counts = -8.764263037592173
Posterior = -3.3454515359545702 for parameter set #476: [0.28934930298034806, 0.7513796904935724, -0.9981491564596707]
Running module mass_function_like
Running module mass_function_like
Running module mass_function_like
Running module mass_function_like
Model N: 1888057.7121020735
Done mass_function_like status = 0 

Pipeline ran okay.
Likelihood hmf_counts = -8.669180449098349
Posterior = -3.061342428041373 for parameter set #491: [0.2913030292814447, 0.9226398213437974, -0.9982970713682766]
Proposed outside bounds: prior -infinity
Model N: 1889910.7202458964
Done mass_function_like status = 0 

Pipeline ran okay.
Likelihood hmf_counts = -8.197404619306326
Posterior = -2.5169876335624934 for parameter set #495: [0.29218030057841654, 0.8219160401644654, -1.0005298450124185]
Running module mass_function_like
Model N: 1887660.2403119442
Done mass_function_like status = 0 

Pipeline ran okay.
Likelihood hmf_counts = -9.007315836846828
Posterior = -3.682029821306301 for parameter set #493: [0.31149474095839036, 0.6932216290965558, -0.9978175531747985]
Running module mass_function_like
Model N: 1890832.2537198714
Done mass_function_like status = 0 

Pipeline ran okay.
Likelihood hmf_counts = -8.639287929981947
Posterior = -2.9104343511243735 for parameter set #477: [0.30717191148809153, 0.8046364683784953, -1.0016393103890582]
Running module mass_function_like
Model N: 1890739.1562966148
Done mass_function_like status = 0 

Pipeline ran okay.
Likelihood hmf_counts = -8.574259832501411
Posterior = -2.7827195066047867 for parameter set #478: [0.30623718646207215, 0.8569706465569679, -1.0015278549692173]
Model N: 1890654.2028702172
Done mass_function_like status = 0 

Pipeline ran okay.
Likelihood hmf_counts = -8.518917601555586
Posterior = -3.5301898835200483 for parameter set #496: [0.28587668309722825, 0.8519550410082921, -1.0014240648449213]
Model N: 1888788.741101894
Done mass_function_like status = 0 

Pipeline ran okay.
Likelihood hmf_counts = -8.26588959991932
Posterior = -2.745269887314679 for parameter set #494: [0.2903509999182592, 0.9054537576799817, -0.9991779019712368]
Running module mass_function_like
Running module mass_function_like
Running module mass_function_like
Running module mass_function_like
Model N: 1888483.2876684088
Done mass_function_like status = 0 

Pipeline ran okay.
Likelihood hmf_counts = -8.3999640122056
Posterior = -2.504776342665272 for parameter set #492: [0.3042640583822501, 0.8577541948021422, -0.9988093802140242]
Running module mass_function_like
Model N: 1888749.711303134
Done mass_function_like status = 0 

Pipeline ran okay.
Likelihood hmf_counts = -8.280267171561718
Posterior = -2.335489311205598 for parameter set #497: [0.3028758937842644, 0.7740160242505928, -0.9991301482622756]
Running module mass_function_like
Model N: 1890875.0232293226
Done mass_function_like status = 0 

Pipeline ran okay.
Likelihood hmf_counts = -8.670697756111622
Posterior = -3.0606963770898874 for parameter set #495: [0.3086720827859369, 0.8009206819375082, -1.0016913869918205]
Running module mass_function_like
Model N: 1889313.5888798833
Done mass_function_like status = 0 

Pipeline ran okay.
Likelihood hmf_counts = -8.150907658040524
Posterior = -2.6089623166033498 for parameter set #479: [0.29057426523813285, 0.9330976725914352, -0.9998104052887185]
Proposed outside bounds: prior -infinity
Model N: 1891228.9299694423
Done mass_function_like status = 0 

Pipeline ran okay.
Likelihood hmf_counts = -8.967696342617273
Posterior = -3.1110251003889813 for parameter set #493: [0.3050847642265913, 0.6966535061907737, -1.002117259180396]
Model N: 1890654.2884237026
Done mass_function_like status = 0 

Pipeline ran okay.
Likelihood hmf_counts = -8.518971417099237
Posterior = -3.521382080121321 for parameter set #496: [0.2859395680216947, 0.8519705320779593, -1.0014243854084166]
Model N: 1887858.35842697
Done mass_function_like status = 0 

Pipeline ran okay.
Likelihood hmf_counts = -8.828304383903742
Posterior = -3.49761420453014 for parameter set #498: [0.28855193947134555, 0.742016235689539, -0.9980563486013461]
Running module mass_function_like
Proposed outside bounds: prior -infinity
Running module mass_function_like
Running module mass_function_like
Running module mass_function_like
Model N: 1888766.3805032969
Done mass_function_like status = 0 

Pipeline ran okay.
Likelihood hmf_counts = -8.274027958512306
Posterior = -2.477443865931619 for parameter set #494: [0.2938429014561949, 0.9463737602588725, -0.9991501437894172]
Running module mass_function_like
Model N: 1890748.2915443676
Done mass_function_like status = 0 

Pipeline ran okay.
Likelihood hmf_counts = -8.580438066273928
Posterior = -2.796978118024507 for parameter set #480: [0.3063653950485279, 0.8544045904445209, -1.0015381734734212]
Model N: 1890306.5855019873
Done mass_function_like status = 0 

Pipeline ran okay.
Likelihood hmf_counts = -8.332210134714842
Posterior = -3.193309434360458 for parameter set #499: [0.2869829480508149, 0.8327156968852888, -1.0010060830677239]
Running module mass_function_like
Model N: 1887718.0377761307
Done mass_function_like status = 0 

Pipeline ran okay.
Likelihood hmf_counts = -8.952942337840796
Posterior = -3.0784803584523965 for parameter set #497: [0.30472195978243594, 0.7076259377075887, -0.9978880462735048]
Running module mass_function_like
Model N: 1888541.4684251214
Done mass_function_like status = 0 

Pipeline ran okay.
Likelihood hmf_counts = -8.370615895837545
Posterior = -2.4270806561952085 for parameter set #495: [0.2970820717085078, 0.803286652175663, -0.9988797273861728]
Model N: 1889627.9166518725
Done mass_function_like status = 0 

Pipeline ran okay.
Likelihood hmf_counts = -8.15186395123601
Posterior = -2.2506378474868995 for parameter set #500: [0.2958783103231765, 0.8141066808870734, -1.0001889466050724]
Model N: 1888436.0782725038
Done mass_function_like status = 0 

Pipeline ran okay.
Likelihood hmf_counts = -8.425095818936825
Posterior = -2.8289038742021804 for parameter set #498: [0.2911693737161326, 0.8228877813867107, -0.998752841718445]
Running module mass_function_like
Running module mass_function_like
Running module mass_function_like
Running module mass_function_like
Model N: 1888476.6327385162
Done mass_function_like status = 0 

Pipeline ran okay.
Likelihood hmf_counts = -8.403435248881578
Posterior = -2.4462790083019526 for parameter set #496: [0.3024058861131726, 0.852806553512361, -0.9988013572438421]
Running module mass_function_like
Model N: 1887679.4601684473
Done mass_function_like status = 0 

Pipeline ran okay.
Likelihood hmf_counts = -8.98903800174594
Posterior = -3.605604314677393 for parameter set #499: [0.31097727512075474, 0.6965228144236438, -0.9978413647922665]
Running module mass_function_like
Model N: 1888885.1390642847
Done mass_function_like status = 0 

Pipeline ran okay.
Likelihood hmf_counts = -8.233836151659489
Posterior = -2.5628957947273507 for parameter set #481: [0.29206017424431474, 0.9591074728233048, -0.9992929545290115]
Running module mass_function_like
Model N: 1890765.9399614388
Done mass_function_like status = 0 

Pipeline ran okay.
Likelihood hmf_counts = -8.592498738318682
Posterior = -2.8245450796724008 for parameter set #501: [0.3066044562361017, 0.8598827445898649, -1.0015597963396436]
Running module mass_function_like
Model N: 1887621.679998168
Done mass_function_like status = 0 

Pipeline ran okay.
Likelihood hmf_counts = -9.044576924294233
Posterior = -3.086117008915469 for parameter set #497: [0.30234356084856173, 0.7879545694732287, -0.9977719285606925]
Model N: 1889145.1964157831
Done mass_function_like status = 0 

Pipeline ran okay.
Likelihood hmf_counts = -8.171908136457205
Posterior = -2.5982850122807193 for parameter set #500: [0.290916623508988, 0.819220481160636, -0.9996062694722931]
Model N: 1886937.2978828496
Done mass_function_like status = 0 

Pipeline ran okay.
Likelihood hmf_counts = -9.837113939225674
Posterior = -5.056498166628292 for parameter set #482: [0.28447525926805145, 0.6448724484511044, -0.9969475544828365]
Model N: 1891643.0942467635
Done mass_function_like status = 0 

Pipeline ran okay.
Likelihood hmf_counts = -9.399283599108458
Posterior = -4.2873434388774 for parameter set #502: [0.31322034048046343, 0.6355024969817965, -1.0026166597879562]
Proposed outside bounds: prior -infinity
Running module mass_function_like
Running module mass_function_like
Running module mass_function_like
Running module mass_function_like
Model N: 1888708.7765912563
Done mass_function_like status = 0 

Pipeline ran okay.
Likelihood hmf_counts = -8.296213321387768
Posterior = -2.450448176264848 for parameter set #498: [0.2947016573008553, 0.9402398155835126, -0.9990813505626748]
Running module mass_function_like
Model N: 1890288.6648704107
Done mass_function_like status = 0 

Pipeline ran okay.
Likelihood hmf_counts = -8.324316579848528
Posterior = -3.166225429835622 for parameter set #503: [0.2871312015532524, 0.8329088209093813, -1.000984890067792]
Running module mass_function_like
Model N: 1892813.0112032606
Done mass_function_like status = 0 

Pipeline ran okay.
Likelihood hmf_counts = -11.107572309672832
Posterior = -5.3868128456568325 for parameter set #501: [0.30727461161689734, 0.864209548448233, -1.0040253766302443]
Running module mass_function_like
Model N: 1888721.6262969289
Done mass_function_like status = 0 

Pipeline ran okay.
Likelihood hmf_counts = -8.291112136095762
Posterior = -2.433689234417579 for parameter set #483: [0.3050735756953558, 0.736406679174338, -0.9990970671171797]
Model N: 1888955.7343655808
Done mass_function_like status = 0 

Pipeline ran okay.
Likelihood hmf_counts = -8.213483985513449
Posterior = -2.2304220240465824 for parameter set #499: [0.3007859050945773, 0.8930520780821716, -0.9993783538792114]
Model N: 1891544.269284073
Done mass_function_like status = 0 

Pipeline ran okay.
Likelihood hmf_counts = -9.288072161376476
Posterior = -4.746791032558311 for parameter set #504: [0.28300249098242103, 0.8712971043514429, -1.0024972982148659]
Model N: 1888404.2685402494
Done mass_function_like status = 0 

Pipeline ran okay.
Likelihood hmf_counts = -8.442695535719395
Posterior = -4.015703102556375 for parameter set #502: [0.2823416054627301, 0.7993826245000264, -0.9987147263495686]
Proposed outside bounds: prior -infinity
Running module mass_function_like
Running module mass_function_like
Running module mass_function_like
Running module mass_function_like
Model N: 1888060.5208052858
Done mass_function_like status = 0 

Pipeline ran okay.
Likelihood hmf_counts = -8.66708903759718
Posterior = -2.7627864531230237 for parameter set #500: [0.2959571707390368, 0.7504752835812141, -0.9982994641456364]
Running module mass_function_like
Model N: 1888580.9320862165
Done mass_function_like status = 0 

Pipeline ran okay.
Likelihood hmf_counts = -8.351729959249496
Posterior = -2.422578549996153 for parameter set #505: [0.2966247793112303, 0.926503287222215, -0.9989272930743494]
Running module mass_function_like
Model N: 1891058.5803063803
Done mass_function_like status = 0 

Pipeline ran okay.
Likelihood hmf_counts = -8.816478248685598
Posterior = -4.017572125981756 for parameter set #503: [0.3154083129923649, 0.7909174018645093, -1.0019123215891093]
Running module mass_function_like
Model N: 1890255.1700049746
Done mass_function_like status = 0 

Pipeline ran okay.
Likelihood hmf_counts = -8.310018327087164
Posterior = -4.766789171672088 for parameter set #484: [0.3221038267830521, 0.8523869538961935, -1.000944140448435]
Model N: 1885632.4864962534
Done mass_function_like status = 0 

Pipeline ran okay.
Likelihood hmf_counts = -12.036961484700441
Posterior = -9.418603016582107 for parameter set #501: [0.2740510431114671, 0.8046285098022088, -0.9953756479000162]
Model N: 1888907.1558500484
Done mass_function_like status = 0 

Pipeline ran okay.
Likelihood hmf_counts = -8.227205660194159
Posterior = -2.5075093073810706 for parameter set #506: [0.2926999993955112, 0.814340882076778, -0.9993199880959105]
Model N: 1887524.9610395485
Done mass_function_like status = 0 

Pipeline ran okay.
Likelihood hmf_counts = -9.141506299376488
Posterior = -4.197431340409999 for parameter set #504: [0.31443481611994895, 0.6791941897347757, -0.9976548914734079]
Running module mass_function_like
Running module mass_function_like
Running module mass_function_like
Running module mass_function_like
Model N: 1888589.5174288615
Done mass_function_like status = 0 

Pipeline ran okay.
Likelihood hmf_counts = -8.347730576992035
Posterior = -2.361725657472503 for parameter set #502: [0.2998529067523093, 0.8426887695186432, -0.998937774853047]
Running module mass_function_like
Model N: 1888608.9814108477
Done mass_function_like status = 0 

Pipeline ran okay.
Likelihood hmf_counts = -8.338808111846447
Posterior = -2.5729835954758897 for parameter set #507: [0.29336236453266207, 0.889392549795879, -0.9989609774460068]
Proposed outside bounds: prior -infinity
Model N: 1888014.8310275767
Done mass_function_like status = 0 

Pipeline ran okay.
Likelihood hmf_counts = -8.701629728078842
Posterior = -3.1583570778875236 for parameter set #505: [0.30941002606286955, 0.6955813928316215, -0.99824549129661]
Running module mass_function_like
Model N: 1889591.579793942
Done mass_function_like status = 0 

Pipeline ran okay.
Likelihood hmf_counts = -8.149080470204353
Posterior = -2.567000298693106 for parameter set #485: [0.29101013563228845, 0.8711501219494404, -1.0001441866678458]
Running module mass_function_like
Model N: 1891165.4538678373
Done mass_function_like status = 0 

Pipeline ran okay.
Likelihood hmf_counts = -8.909557096660137
Posterior = -3.0758848370760266 for parameter set #506: [0.2944811431883585, 0.8657458095991482, -1.002041350676073]
Model N: 1886537.5620638516
Done mass_function_like status = 0 

Pipeline ran okay.
Likelihood hmf_counts = -10.414995230734348
Posterior = -4.9786040073014135 for parameter set #503: [0.3104800168540147, 0.7656919362448175, -0.9964658013209331]
Model N: 1889414.8472832784
Done mass_function_like status = 0 

Pipeline ran okay.
Likelihood hmf_counts = -8.145506337285042
Posterior = -2.1799137118062113 for parameter set #486: [0.29797137199498974, 0.9013260723089627, -0.999931537183133]
Running module mass_function_like
Running module mass_function_like
Running module mass_function_like
Running module mass_function_like
Model N: 1889567.3947986136
Done mass_function_like status = 0 

Pipeline ran okay.
Likelihood hmf_counts = -8.147615130990744
Posterior = -2.94091962554357 for parameter set #504: [0.3124857785963069, 0.8207478727245392, -1.0001163205144754]
Proposed outside bounds: prior -infinity
Model N: 1888555.3591002347
Done mass_function_like status = 0 

Pipeline ran okay.
Likelihood hmf_counts = -8.363874208182096
Posterior = -2.590287378211478 for parameter set #508: [0.2934804623833693, 0.9027740521613903, -0.9988969668516131]
Running module mass_function_like
Model N: 1890945.795323631
Done mass_function_like status = 0 

Pipeline ran okay.
Likelihood hmf_counts = -8.7247958406806
Posterior = -2.830547939930115 for parameter set #507: [0.29571598781608255, 0.6873556017726683, -1.0017765980975208]
Running module mass_function_like
Model N: 1888611.1232908969
Done mass_function_like status = 0 

Pipeline ran okay.
Likelihood hmf_counts = -8.337838515639305
Posterior = -2.433968391100647 for parameter set #487: [0.2959442464249885, 0.938794793701424, -0.9989635840072241]
Running module mass_function_like
Model N: 1890342.4818445095
Done mass_function_like status = 0 

Pipeline ran okay.
Likelihood hmf_counts = -8.348532263189554
Posterior = -2.607010479944684 for parameter set #488: [0.29300582197214303, 0.8349590675382582, -1.001049791203991]
Model N: 1889161.4353031623
Done mass_function_like status = 0 

Pipeline ran okay.
Likelihood hmf_counts = -8.169228941202164
Posterior = -2.1873607365504117 for parameter set #509: [0.29907324993880835, 0.8893781543176591, -0.9996262428887711]
Model N: 1888618.4332419573
Done mass_function_like status = 0 

Pipeline ran okay.
Likelihood hmf_counts = -8.334547702223063
Posterior = -2.3515687267097025 for parameter set #508: [0.29920782221788733, 0.8401322169365799, -0.9989722447321498]
Running module mass_function_like
Running module mass_function_like
Running module mass_function_like
Running module mass_function_like
Model N: 1888266.8295580358
Done mass_function_like status = 0 

Pipeline ran okay.
Likelihood hmf_counts = -8.524900581687689
Posterior = -2.5985437227980457 for parameter set #505: [0.2965443536609382, 0.776649648310292, -0.998549477630264]
Running module mass_function_like
Model N: 1890146.1170781015
Done mass_function_like status = 0 

Pipeline ran okay.
Likelihood hmf_counts = -8.26757625862956
Posterior = -2.9266294836324978 for parameter set #510: [0.28864051339167185, 0.8400457735216197, -1.0008131756176972]
Running module mass_function_like
Model N: 1888462.2260764632
Done mass_function_like status = 0 

Pipeline ran okay.
Likelihood hmf_counts = -8.4110302105546
Posterior = -2.9550465869609246 for parameter set #509: [0.31029671851972224, 0.7316649763986711, -0.9987848227732185]
Running module mass_function_like
Model N: 1892441.6081597246
Done mass_function_like status = 0 

Pipeline ran okay.
Likelihood hmf_counts = -10.487012103199959
Posterior = -8.231501406202554 for parameter set #489: [0.32731306859262393, 0.7191606421673282, -1.0035783823885842]
Running module mass_function_like
Model N: 1885935.284831884
Done mass_function_like status = 0 

Pipeline ran okay.
Likelihood hmf_counts = -11.445888172835112
Posterior = -6.304161650288391 for parameter set #506: [0.3129887310120383, 0.7386245427724281, -0.9957401204521531]
Model N: 1889240.1794034748
Done mass_function_like status = 0 

Pipeline ran okay.
Likelihood hmf_counts = -8.158217072486877
Posterior = -2.5116256462982944 for parameter set #511: [0.2917589537080457, 0.7175471893175612, -0.9997217328260455]
Model N: 1888479.7479629908
Done mass_function_like status = 0 

Pipeline ran okay.
Likelihood hmf_counts = -8.40180741250515
Posterior = -2.766855735638412 for parameter set #510: [0.30838029227019964, 0.6521057040509839, -0.9988054439010539]
Model N: 1889219.0396942091
Done mass_function_like status = 0 

Pipeline ran okay.
Likelihood hmf_counts = -8.160850994288921
Posterior = -2.1953566723927453 for parameter set #490: [0.3020332517701883, 0.8173631568161699, -0.9996956301851695]
Running module mass_function_like
Running module mass_function_like
Running module mass_function_like
Running module mass_function_like
Model N: 1888448.6427279478
Done mass_function_like status = 0 

Pipeline ran okay.
Likelihood hmf_counts = -8.418291848152876
Posterior = -2.5029484893378973 for parameter set #507: [0.303761653461823, 0.8347646858066421, -0.9987673191730916]
Running module mass_function_like
Model N: 1890790.827705426
Done mass_function_like status = 0 

Pipeline ran okay.
Likelihood hmf_counts = -8.609786409884691
Posterior = -2.9086942996061182 for parameter set #491: [0.3075491862443743, 0.8053416767595449, -1.0015896081934348]
Running module mass_function_like
Model N: 1889647.4243695147
Done mass_function_like status = 0 

Pipeline ran okay.
Likelihood hmf_counts = -8.153646517544985
Posterior = -2.985037021778668 for parameter set #512: [0.3127871635874309, 0.8331279452595781, -1.0002125523625731]
Proposed outside bounds: prior -infinity
Model N: 1887845.8806431964
Done mass_function_like status = 0 

Pipeline ran okay.
Likelihood hmf_counts = -8.838964737951756
Posterior = -4.513873612021655 for parameter set #511: [0.3182257331195547, 0.6919833739365546, -0.9980421793034883]
Running module mass_function_like
Model N: 1888426.3904716084
Done mass_function_like status = 0 

Pipeline ran okay.
Likelihood hmf_counts = -8.430399119853973
Posterior = -2.484804305712599 for parameter set #512: [0.30284589044924026, 0.9232151693514797, -0.998741100770552]
Model N: 1883623.829831469
Done mass_function_like status = 0 

Pipeline ran okay.
Likelihood hmf_counts = -17.19230940937996
Posterior = -13.256451073003841 for parameter set #508: [0.32023773785275894, 0.8174653440239312, -0.9929558330667504]
Model N: 1889408.9457742535
Done mass_function_like status = 0 

Pipeline ran okay.
Likelihood hmf_counts = -8.14567220583558
Posterior = -2.8701622797271256 for parameter set #492: [0.28807809320829847, 0.7320394624435664, -0.9999246485959004]
Running module mass_function_like
Proposed outside bounds: prior -infinity
Running module mass_function_like
Running module mass_function_like
Running module mass_function_like
Model N: 1888584.082987987
Done mass_function_like status = 0 

Pipeline ran okay.
Likelihood hmf_counts = -8.350257612764835
Posterior = -2.364530826963481 for parameter set #509: [0.30027773084963977, 0.7896310712562853, -0.9989317320121602]
Running module mass_function_like
Model N: 1887641.9073444908
Done mass_function_like status = 0 

Pipeline ran okay.
Likelihood hmf_counts = -9.024932783097029
Posterior = -4.447124584446726 for parameter set #513: [0.2832183517016344, 0.8969751109422988, -0.9977967249387851]
Model N: 1890842.0288647537
Done mass_function_like status = 0 

Pipeline ran okay.
Likelihood hmf_counts = -8.646381549537182
Posterior = -4.201115020114578 for parameter set #493: [0.28244570340051606, 0.8422093230151855, -1.0016513195595373]
Proposed outside bounds: prior -infinity
Model N: 1890765.7228909708
Done mass_function_like status = 0 

Pipeline ran okay.
Likelihood hmf_counts = -8.592349395155907
Posterior = -2.6246317311700835 for parameter set #513: [0.29808530691070007, 0.7075874359191101, -1.001559523217952]
Running module mass_function_like
Model N: 1890720.150546521
Done mass_function_like status = 0 

Pipeline ran okay.
Likelihood hmf_counts = -8.561547443270683
Posterior = -2.9745080792762053 for parameter set #510: [0.29106672578573256, 0.8175672098645244, -1.0015047446248442]
Model N: 1888100.0428232676
Done mass_function_like status = 0 

Pipeline ran okay.
Likelihood hmf_counts = -8.63810358569026
Posterior = -3.096502716931898 for parameter set #514: [0.2905720379172841, 0.9421531773185714, -0.9983489165602601]
Running module mass_function_like
Running module mass_function_like
Running module mass_function_like
Running module mass_function_like
Model N: 1888538.4727062143
Done mass_function_like status = 0 

Pipeline ran okay.
Likelihood hmf_counts = -8.372083235532045
Posterior = -2.4418350645737625 for parameter set #511: [0.2966575988823171, 0.9575446730332481, -0.9988764286001149]
Running module mass_function_like
Model N: 1892444.5649866727
Done mass_function_like status = 0 

Pipeline ran okay.
Likelihood hmf_counts = -10.491665184497833
Posterior = -9.56832170580075 for parameter set #514: [0.26818118556001774, 0.8471912337426867, -1.0035812769316526]
Running module mass_function_like
Model N: 1885525.156184946
Done mass_function_like status = 0 

Pipeline ran okay.
Likelihood hmf_counts = -12.258169326931238
Posterior = -6.561723925202988 for parameter set #515: [0.3075972953792413, 0.820453207459203, -0.9952468313204821]
Running module mass_function_like
Model N: 1891109.6925237528
Done mass_function_like status = 0 

Pipeline ran okay.
Likelihood hmf_counts = -8.860240258276463
Posterior = -2.954842664736928 for parameter set #494: [0.3040144030428476, 0.6793484147983925, -1.0019736527485852]
Proposed outside bounds: prior -infinity
Model N: 1888738.0422832835
Done mass_function_like status = 0 

Pipeline ran okay.
Likelihood hmf_counts = -8.284722402691841
Posterior = -2.311133944514296 for parameter set #512: [0.3015837991000153, 0.9492572728306055, -0.9991172585127744]
Model N: 1891486.9813797355
Done mass_function_like status = 0 

Pipeline ran okay.
Likelihood hmf_counts = -9.225965339690447
Posterior = -6.228749944375799 for parameter set #515: [0.27555144414607896, 0.8064519094097836, -1.0024277797434158]
Model N: 1888532.8031094566
Done mass_function_like status = 0 

Pipeline ran okay.
Likelihood hmf_counts = -8.374873284250498
Posterior = -2.419818918812809 for parameter set #516: [0.2975079615682755, 0.9847646798896755, -0.9988697382019447]
Running module mass_function_like
Running module mass_function_like
Running module mass_function_like
Running module mass_function_like
Model N: 1888638.5178757058
Done mass_function_like status = 0 

Pipeline ran okay.
Likelihood hmf_counts = -8.325651675462723
Posterior = -2.3938360352965944 for parameter set #513: [0.30329555871429015, 0.8243219392892496, -0.9989965919328903]
Running module mass_function_like
Model N: 1888608.9965091422
Done mass_function_like status = 0 

Pipeline ran okay.
Likelihood hmf_counts = -8.338801272213459
Posterior = -8.07253586849459 for parameter set #516: [0.3338226260053173, 0.8481979575487288, -0.998961110655097]
Running module mass_function_like
Model N: 1890955.331269302
Done mass_function_like status = 0 

Pipeline ran okay.
Likelihood hmf_counts = -8.732287440449
Posterior = -3.0685597489989496 for parameter set #517: [0.3080284735122379, 0.793778820707681, -1.0017882483981644]
Running module mass_function_like
Model N: 1888682.8802425996
Done mass_function_like status = 0 

Pipeline ran okay.
Likelihood hmf_counts = -8.306759614497423
Posterior = -2.589717338045996 for parameter set #495: [0.29266403170195365, 0.9188589433732821, -0.9990504006200221]
Running module mass_function_like
Model N: 1885890.0467489255
Done mass_function_like status = 0 

Pipeline ran okay.
Likelihood hmf_counts = -11.531099326908588
Posterior = -6.625015811187261 for parameter set #514: [0.3146911892909637, 0.6945734373329127, -0.9956854012601494]
Model N: 1892677.6162452998
Done mass_function_like status = 0 

Pipeline ran okay.
Likelihood hmf_counts = -10.872919589281082
Posterior = -5.9830235715432085 for parameter set #517: [0.3148022136170236, 0.6300760701979067, -1.0038622796180103]
Model N: 1888204.8777070625
Done mass_function_like status = 0 

Pipeline ran okay.
Likelihood hmf_counts = -8.56522811576724
Posterior = -4.010182109014449 for parameter set #518: [0.28308251118313066, 0.8873466512439913, -0.9984744073088191]
Model N: 1889170.8773782058
Done mass_function_like status = 0 

Pipeline ran okay.
Likelihood hmf_counts = -8.167735315859318
Posterior = -3.117327645465811 for parameter set #496: [0.2863196836833509, 0.7363360306616065, -0.9996373779136704]
Running module mass_function_like
Running module mass_function_like
Proposed outside bounds: prior -infinity
Running module mass_function_like
Running module mass_function_like
Model N: 1888557.4036301384
Done mass_function_like status = 0 

Pipeline ran okay.
Likelihood hmf_counts = -8.362890545278788
Posterior = -2.551425675109508 for parameter set #515: [0.30591005856358866, 0.7357707268950598, -0.998898306251854]
Running module mass_function_like
Model N: 1889327.7293590058
Done mass_function_like status = 0 

Pipeline ran okay.
Likelihood hmf_counts = -8.149827349931002
Posterior = -2.1668216573270094 for parameter set #518: [0.29920472432379125, 0.9983473102078944, -0.9998263255679858]
Model N: 1890355.5281563324
Done mass_function_like status = 0 

Pipeline ran okay.
Likelihood hmf_counts = -8.354633253067732
Posterior = -2.889935599398396 for parameter set #519: [0.3102119060314818, 0.8118334022821925, -1.0010652708748984]
Running module mass_function_like
Model N: 1890760.6551537355
Done mass_function_like status = 0 

Pipeline ran okay.
Likelihood hmf_counts = -8.588869914412498
Posterior = -2.605587249836388 for parameter set #497: [0.2992561832280068, 0.697508818562264, -1.001552650782707]
Running module mass_function_like
Model N: 1888135.1632714714
Done mass_function_like status = 0 

Pipeline ran okay.
Likelihood hmf_counts = -8.613040961325169
Posterior = -4.303785430330019 for parameter set #520: [0.2816872477915784, 0.8827578234576786, -0.9983905310201526]
Model N: 1892407.427789946
Done mass_function_like status = 0 

Pipeline ran okay.
Likelihood hmf_counts = -10.433558233082294
Posterior = -5.417120376077536 for parameter set #516: [0.3139219711786879, 0.6124247706265213, -1.0035362501167453]
Model N: 1890741.9432893659
Done mass_function_like status = 0 

Pipeline ran okay.
Likelihood hmf_counts = -8.576140020042658
Posterior = -3.1336549393189665 for parameter set #498: [0.28957342461249624, 0.821835624309429, -1.0015301337854523]
Proposed outside bounds: prior -infinity
Running module mass_function_like
Running module mass_function_like
Running module mass_function_like
Running module mass_function_like
Model N: 1885565.7969915513
Done mass_function_like status = 0 

Pipeline ran okay.
Likelihood hmf_counts = -12.173688419163227
Posterior = -6.853316577366393 for parameter set #517: [0.31152988536370474, 0.8224853886975061, -0.9952959731026362]
Model N: 1889589.5969822577
Done mass_function_like status = 0 

Pipeline ran okay.
Likelihood hmf_counts = -8.148948688060045
Posterior = -2.2621290107727203 for parameter set #519: [0.29554244869584534, 0.8222079549459045, -1.0001429907042723]
Running module mass_function_like
Model N: 1891017.7502791034
Done mass_function_like status = 0 

Pipeline ran okay.
Likelihood hmf_counts = -8.7825115211308
Posterior = -3.378630624330831 for parameter set #499: [0.28921005107884373, 0.7967746088659642, -1.0018635039279813]
Running module mass_function_like
Model N: 1888468.7854593801
Done mass_function_like status = 0 

Pipeline ran okay.
Likelihood hmf_counts = -8.40755857527256
Posterior = -2.8764889949962047 for parameter set #521: [0.30953967600336724, 0.7002368159085547, -0.9987929687013545]
Running module mass_function_like
Model N: 1889036.223038075
Done mass_function_like status = 0 

Pipeline ran okay.
Likelihood hmf_counts = -8.193499330431223
Posterior = -4.28991859073029 for parameter set #500: [0.3204086995142763, 0.7780424537189582, -0.9994765741846333]
Model N: 1888884.9680880425
Done mass_function_like status = 0 

Pipeline ran okay.
Likelihood hmf_counts = -8.233888644725084
Posterior = -2.6538643788669383 for parameter set #520: [0.29098756065180575, 0.8362183286952575, -0.9992937866086012]
Model N: 1890207.1680170312
Done mass_function_like status = 0 

Pipeline ran okay.
Likelihood hmf_counts = -8.290561638772488
Posterior = -2.8823131635056845 for parameter set #522: [0.31075064383473383, 0.8162881704192244, -1.0008868841744842]
Proposed outside bounds: prior -infinity
Running module mass_function_like
Running module mass_function_like
Running module mass_function_like
Running module mass_function_like
Model N: 1888852.3198329024
Done mass_function_like status = 0 

Pipeline ran okay.
Likelihood hmf_counts = -8.244196396321058
Posterior = -2.259335088220938 for parameter set #518: [0.29949396348715707, 0.7817463062334657, -0.9992537441660824]
Running module mass_function_like
Model N: 1889132.8118219676
Done mass_function_like status = 0 

Pipeline ran okay.
Likelihood hmf_counts = -8.174045260995626
Posterior = -3.0777517741745903 for parameter set #521: [0.2866593273031717, 0.7367487131343591, -0.9995927921976172]
Model N: 1888493.477511483
Done mass_function_like status = 0 

Pipeline ran okay.
Likelihood hmf_counts = -8.394694410264492
Posterior = -2.521879788353588 for parameter set #523: [0.3047599477478733, 0.8233603449802727, -0.9988220099581964]
Running module mass_function_like
Model N: 1891025.1775802155
Done mass_function_like status = 0 

Pipeline ran okay.
Likelihood hmf_counts = -8.788624789565802
Posterior = -3.1050154059148847 for parameter set #501: [0.30777669578415273, 0.7916968962651832, -1.0018716169642456]
Running module mass_function_like
Model N: 1886154.6209888074
Done mass_function_like status = 0 

Pipeline ran okay.
Likelihood hmf_counts = -11.048156164586544
Posterior = -15.685660763250592 for parameter set #524: [0.2539068858325861, 0.946293103985632, -0.9960043819926326]
Model N: 1889679.5481678643
Done mass_function_like status = 0 

Pipeline ran okay.
Likelihood hmf_counts = -8.15702073648572
Posterior = -2.9110054544334494 for parameter set #519: [0.3121667667408696, 0.6855565026678782, -1.0002518358327608]
Model N: 1890414.7039660818
Done mass_function_like status = 0 

Pipeline ran okay.
Likelihood hmf_counts = -8.383436165750027
Posterior = -2.836817727714264 for parameter set #502: [0.29062464384638514, 0.841973463498251, -1.0011363509921942]
Proposed outside bounds: prior -infinity
Running module mass_function_like
Running module mass_function_like
Running module mass_function_like
Running module mass_function_like
Model N: 1888792.7304604175
Done mass_function_like status = 0 

Pipeline ran okay.
Likelihood hmf_counts = -8.2644654661417
Posterior = -2.6232738442547525 for parameter set #520: [0.30830595601151894, 0.6692971344417477, -0.999183060138481]
Running module mass_function_like
Model N: 1889955.6641618907
Done mass_function_like status = 0 

Pipeline ran okay.
Likelihood hmf_counts = -8.208538550883532
Posterior = -2.4426120189429525 for parameter set #503: [0.2933633444808509, 0.8309661518073872, -1.000583153674679]
Running module mass_function_like
Model N: 1889254.904921573
Done mass_function_like status = 0 

Pipeline ran okay.
Likelihood hmf_counts = -8.156522121280432
Posterior = -2.1715325294648213 for parameter set #522: [0.30048508703476323, 0.9287902040386894, -0.9997400469978172]
Running module mass_function_like
Model N: 1890342.8289662981
Done mass_function_like status = 0 

Pipeline ran okay.
Likelihood hmf_counts = -8.348693422973156
Posterior = -3.1630399585510878 for parameter set #525: [0.31265275385620356, 0.8119379357467064, -1.0010502628224898]
Model N: 1889277.2418908763
Done mass_function_like status = 0 

Pipeline ran okay.
Likelihood hmf_counts = -8.1541701965034
Posterior = -2.1709284898205743 for parameter set #523: [0.29923513712667765, 0.9755722352069416, -0.9997661200096863]
Model N: 1884770.420090682
Done mass_function_like status = 0 

Pipeline ran okay.
Likelihood hmf_counts = -13.986614540219307
Posterior = -9.153697014701205 for parameter set #521: [0.315176617774563, 0.7942230873598604, -0.9943372147202285]
Model N: 1887298.7761202252
Done mass_function_like status = 0 

Pipeline ran okay.
Likelihood hmf_counts = -9.387551106512547
Posterior = -4.2274612733091494 for parameter set #504: [0.3128509706858477, 0.8110105416907889, -0.9973829531747835]
Running module mass_function_like
Running module mass_function_like
Running module mass_function_like
Running module mass_function_like
Model N: 1889923.3995979417
Done mass_function_like status = 0 

Pipeline ran okay.
Likelihood hmf_counts = -8.20043746381998
Posterior = -2.740496827592569 for parameter set #522: [0.31025879213080865, 0.786714745615981, -1.0005440883592727]
Proposed outside bounds: prior -infinity
Model N: 1889431.3841912176
Done mass_function_like status = 0 

Pipeline ran okay.
Likelihood hmf_counts = -8.145139753818512
Posterior = -2.1691119179178155 for parameter set #524: [0.3014241886371371, 0.9217350893439669, -0.999951941950543]
Running module mass_function_like
Model N: 1888603.4904489957
Done mass_function_like status = 0 

Pipeline ran okay.
Likelihood hmf_counts = -8.341304898262024
Posterior = -2.8013090712948028 for parameter set #526: [0.3094458360481945, 0.7050080028573847, -0.9989550355395393]
Running module mass_function_like
Model N: 1894000.545490846
Done mass_function_like status = 0 

Pipeline ran okay.
Likelihood hmf_counts = -13.579795099794865
Posterior = -8.03278106891166 for parameter set #505: [0.29064406938842535, 0.6451915096118653, -1.0054558204223654]
Running module mass_function_like
Model N: 1890216.330805064
Done mass_function_like status = 0 

Pipeline ran okay.
Likelihood hmf_counts = -8.294181503355503
Posterior = -2.657549758659134 for parameter set #506: [0.29163940810323463, 0.8380748831348939, -1.0008976495150468]
Model N: 1889148.5775741655
Done mass_function_like status = 0 

Pipeline ran okay.
Likelihood hmf_counts = -8.17133878171444
Posterior = -2.9045487319085304 for parameter set #525: [0.2880052351819125, 0.7623084555682271, -0.9996113423563062]
Model N: 1888480.8129069346
Done mass_function_like status = 0 

Pipeline ran okay.
Likelihood hmf_counts = -8.40125211328268
Posterior = -2.5074518592685155 for parameter set #527: [0.30429646574403596, 0.7870382530589812, -0.998806900777666]
Running module mass_function_like
Running module mass_function_like
Running module mass_function_like
Running module mass_function_like
Model N: 1889424.9396970277
Done mass_function_like status = 0 

Pipeline ran okay.
Likelihood hmf_counts = -8.145265400409698
Posterior = -2.42397211576265 for parameter set #523: [0.29272159253131297, 0.7997901381015784, -0.9999440175005875]
Running module mass_function_like
Model N: 1889383.1709671172
Done mass_function_like status = 0 

Pipeline ran okay.
Likelihood hmf_counts = -8.14661269634962
Posterior = -2.1881673876529923 for parameter set #526: [0.29764527525379514, 0.8587096016898444, -0.9998936137528525]
Proposed outside bounds: prior -infinity
Model N: 1890835.1667564174
Done mass_function_like status = 0 

Pipeline ran okay.
Likelihood hmf_counts = -8.641396578401327
Posterior = -2.7346184644394365 for parameter set #528: [0.30398136924472513, 0.8026045288173361, -1.001642549689647]
Running module mass_function_like
Model N: 1888681.1141696605
Done mass_function_like status = 0 

Pipeline ran okay.
Likelihood hmf_counts = -8.307491783052683
Posterior = -2.369798541563874 for parameter set #507: [0.2968877337238778, 0.8015282537598096, -0.9990484812770356]
Running module mass_function_like
Model N: 1888543.9280897416
Done mass_function_like status = 0 

Pipeline ran okay.
Likelihood hmf_counts = -8.369414675980806
Posterior = -4.92540699062775 for parameter set #529: [0.32254816800784725, 0.6040439365548047, -0.99888259365792]
Model N: 1885636.5434483974
Done mass_function_like status = 0 

Pipeline ran okay.
Likelihood hmf_counts = -12.028720173984766
Posterior = -6.54330026875418 for parameter set #524: [0.3099968292013426, 0.788647593362485, -0.9953812510014327]
Model N: 1888008.038323855
Done mass_function_like status = 0 

Pipeline ran okay.
Likelihood hmf_counts = -8.70685938000679
Posterior = -4.5460724348483375 for parameter set #508: [0.28089383762611025, 0.8978838037744343, -0.9982372220525366]
Proposed outside bounds: prior -infinity
Proposed outside bounds: prior -infinity
Running module mass_function_like
Running module mass_function_like
Running module mass_function_like
Running module mass_function_like
Model N: 1891880.5209785446
Done mass_function_like status = 0 

Pipeline ran okay.
Likelihood hmf_counts = -9.687545541673899
Posterior = -4.592597388283684 for parameter set #525: [0.3133476601469612, 0.6294536946328646, -1.0029024381687057]
Model N: 1888740.933477099
Done mass_function_like status = 0 

Pipeline ran okay.
Likelihood hmf_counts = -8.283611826598644
Posterior = -4.0940596012721455 for parameter set #527: [0.2810443749613187, 0.7069893324359436, -0.9991203479284768]
Model N: 1888531.5245224398
Done mass_function_like status = 0 

Pipeline ran okay.
Likelihood hmf_counts = -8.375504840165377
Posterior = -2.575599263002534 for parameter set #530: [0.30610245507029266, 0.7535178605024694, -0.9988672938359072]
Running module mass_function_like
Model N: 1890670.9122058174
Done mass_function_like status = 0 

Pipeline ran okay.
Likelihood hmf_counts = -8.529501400887966
Posterior = -2.70889459591068 for parameter set #509: [0.3057525357171408, 0.806184824889472, -1.0014448313954605]
Proposed outside bounds: prior -infinity
Model N: 1889788.9791804543
Done mass_function_like status = 0 

Pipeline ran okay.
Likelihood hmf_counts = -8.172613266855478
Posterior = -2.324058199177455 for parameter set #531: [0.294753913674731, 0.8255163665165113, -1.0003831817156603]
Running module mass_function_like
Proposed outside bounds: prior -infinity
Proposed outside bounds: prior -infinity
Running module mass_function_like
Running module mass_function_like
Running module mass_function_like
Model N: 1884324.1156093017
Done mass_function_like status = 0 

Pipeline ran okay.
Likelihood hmf_counts = -15.15124960616231
Posterior = -10.68202198127792 for parameter set #526: [0.31740700654755355, 0.6463313115312672, -0.9937991804848036]
Model N: 1889508.4814447362
Done mass_function_like status = 0 

Pipeline ran okay.
Likelihood hmf_counts = -8.145341016352177
Posterior = -2.2446388038294574 for parameter set #528: [0.2958655784943995, 0.8208522176156414, -1.000044564038308]
Running module mass_function_like
Model N: 1887871.8632256086
Done mass_function_like status = 0 

Pipeline ran okay.
Likelihood hmf_counts = -8.816859614104033
Posterior = -3.0191674740588166 for parameter set #510: [0.3061366403025027, 0.7007423693358372, -0.9980733101259617]
Model N: 1888542.5775578828
Done mass_function_like status = 0 

Pipeline ran okay.
Likelihood hmf_counts = -8.370073836296797
Posterior = -2.4374277504775614 for parameter set #532: [0.29673010960004353, 0.8084509144735633, -0.9988818247688113]
Running module mass_function_like
Model N: 1888554.3034692006
Done mass_function_like status = 0 

Pipeline ran okay.
Likelihood hmf_counts = -8.364382956176996
Posterior = -3.573931827143441 for parameter set #529: [0.2845361238896157, 0.8581381703999587, -0.9988948581075014]
Model N: 1889816.4931698295
Done mass_function_like status = 0 

Pipeline ran okay.
Likelihood hmf_counts = -8.17753042653203
Posterior = -3.3130315211884866 for parameter set #533: [0.31497773014077196, 0.8248329462682422, -1.0004150074159606]
Proposed outside bounds: prior -infinity
Running module mass_function_like
Proposed outside bounds: prior -infinity
Running module mass_function_like
Running module mass_function_like
Running module mass_function_like
Model N: 1889727.827071818
Done mass_function_like status = 0 

Pipeline ran okay.
Likelihood hmf_counts = -8.163118816912174
Posterior = -3.116132478223763 for parameter set #527: [0.31370531565273185, 0.6510516952280458, -1.0003096241837546]
Model N: 1888872.901306189
Done mass_function_like status = 0 

Pipeline ran okay.
Likelihood hmf_counts = -8.237632624804974
Posterior = -6.591979696186388 for parameter set #530: [0.27053649484929343, 0.6390201767296101, -0.9992801346916367]
Model N: 1888423.7239856892
Done mass_function_like status = 0 

Pipeline ran okay.
Likelihood hmf_counts = -8.43186753988266
Posterior = -3.8479718620990644 for parameter set #534: [0.31674630882954363, 0.6951608031693525, -0.9987387078498421]
Running module mass_function_like
Model N: 1890119.3009568157
Done mass_function_like status = 0 

Pipeline ran okay.
Likelihood hmf_counts = -8.258103184401989
Posterior = -2.2828394345743295 for parameter set #511: [0.2985251870516071, 0.7296132857540285, -1.0007797661041393]
Running module mass_function_like
Model N: 1890133.8992640716
Done mass_function_like status = 0 

Pipeline ran okay.
Likelihood hmf_counts = -8.263213019818068
Posterior = -3.132952541352277 for parameter set #535: [0.3130834029402203, 0.8800802957646343, -1.0007984585604421]
Model N: 1889936.0155769435
Done mass_function_like status = 0 

Pipeline ran okay.
Likelihood hmf_counts = -8.203539557754993
Posterior = -2.579176994999324 for parameter set #512: [0.2914936339170913, 0.8514951919106183, -1.0005592014358]
Running module mass_function_like
Running module mass_function_like
Running module mass_function_like
Running module mass_function_like
Model N: 1888769.3979759302
Done mass_function_like status = 0 

Pipeline ran okay.
Likelihood hmf_counts = -8.27291426435113
Posterior = -3.8207176953077377 for parameter set #528: [0.3175153486361885, 0.644146855756762, -0.9991543112782368]
Running module mass_function_like
Model N: 1889038.7615384522
Done mass_function_like status = 0 

Pipeline ran okay.
Likelihood hmf_counts = -8.192924845963717
Posterior = -2.277098337122685 for parameter set #531: [0.2962495494163354, 0.8871206229863443, -0.9994782528069415]
Proposed outside bounds: prior -infinity
Model N: 1890321.610075195
Done mass_function_like status = 0 

Pipeline ran okay.
Likelihood hmf_counts = -8.33895892649889
Posterior = -2.7134281952881736 for parameter set #536: [0.30849218858732064, 0.7323010301661274, -1.001024221913872]
Running module mass_function_like
Model N: 1888719.0338099059
Done mass_function_like status = 0 

Pipeline ran okay.
Likelihood hmf_counts = -8.292134277522564
Posterior = -2.3087635232770767 for parameter set #513: [0.2992573349068351, 0.7850177208550677, -0.9990943918977915]
Running module mass_function_like
Model N: 1888095.702258523
Done mass_function_like status = 0 

Pipeline ran okay.
Likelihood hmf_counts = -8.641246486455202
Posterior = -2.6991973995978267 for parameter set #537: [0.3029659054226214, 0.7866426186831281, -0.9983419528764039]
Model N: 1884863.0686849118
Done mass_function_like status = 0 

Pipeline ran okay.
Likelihood hmf_counts = -13.758128460496664
Posterior = -10.203094426199431 for parameter set #529: [0.3220435699007317, 0.6051918483764446, -0.9944491196899942]
Model N: 1888695.5515215078
Done mass_function_like status = 0 

Pipeline ran okay.
Likelihood hmf_counts = -8.30155485123396
Posterior = -3.128079254921486 for parameter set #514: [0.2872512730649686, 0.8683628541992763, -0.9990648089199612]
Running module mass_function_like
Running module mass_function_like
Running module mass_function_like
Running module mass_function_like
Model N: 1889903.9045663686
Done mass_function_like status = 0 

Pipeline ran okay.
Likelihood hmf_counts = -8.195809483528137
Posterior = -3.166205456058476 for parameter set #530: [0.3138314997144713, 0.8402555647061314, -1.00052093230841]
Running module mass_function_like
Model N: 1889138.6636979529
Done mass_function_like status = 0 

Pipeline ran okay.
Likelihood hmf_counts = -8.173025324940681
Posterior = -2.5527795919595597 for parameter set #532: [0.3085547147710408, 0.798726545884427, -0.9995984853722468]
Running module mass_function_like
Model N: 1888391.1810083417
Done mass_function_like status = 0 

Pipeline ran okay.
Likelihood hmf_counts = -8.450092282146215
Posterior = -2.4718005355192103 for parameter set #515: [0.29875154949595073, 0.9008162215397639, -0.9986990171565704]
Running module mass_function_like
Model N: 1890338.9089257494
Done mass_function_like status = 0 

Pipeline ran okay.
Likelihood hmf_counts = -8.346877112984657
Posterior = -2.361118070146972 for parameter set #538: [0.3002667978666432, 0.708179048339034, -1.001044695212418]
Proposed outside bounds: prior -infinity
Model N: 1889483.5355569304
Done mass_function_like status = 0 

Pipeline ran okay.
Likelihood hmf_counts = -8.144931633025408
Posterior = -2.8904777595207722 for parameter set #533: [0.31209723632080494, 0.6713545756407591, -1.0000149924029045]
Model N: 1887449.062760661
Done mass_function_like status = 0 

Pipeline ran okay.
Likelihood hmf_counts = -9.22104375809431
Posterior = -4.126799221032 for parameter set #531: [0.31335386297546913, 0.7160422723828338, -0.9975640244257575]
Model N: 1888724.3893850246
Done mass_function_like status = 0 

Pipeline ran okay.
Likelihood hmf_counts = -8.290026646107435
Posterior = -3.696124731760996 for parameter set #516: [0.28331331604240056, 0.7659796697692364, -0.9991000455590937]
Proposed outside bounds: prior -infinity
Running module mass_function_like
Running module mass_function_like
Running module mass_function_like
Running module mass_function_like
Model N: 1890483.960270155
Done mass_function_like status = 0 

Pipeline ran okay.
Likelihood hmf_counts = -8.41949700936675
Posterior = -2.5021573126398726 for parameter set #532: [0.296291754770092, 0.9178498090811675, -1.0012198983375729]
Model N: 1891767.2499341043
Done mass_function_like status = 0 

Pipeline ran okay.
Likelihood hmf_counts = -9.546309690922499
Posterior = -3.573634807168877 for parameter set #517: [0.2983806068068784, 0.8931801630446512, -1.0027657274883444]
Running module mass_function_like
Model N: 1888717.4376391298
Done mass_function_like status = 0 

Pipeline ran okay.
Likelihood hmf_counts = -8.292765375226736
Posterior = -2.3158523982988264 for parameter set #534: [0.301357590734327, 0.7940156859292407, -0.9990913987377082]
Running module mass_function_like
Model N: 1888738.1465340722
Done mass_function_like status = 0 

Pipeline ran okay.
Likelihood hmf_counts = -8.284682281315327
Posterior = -3.0152468372288865 for parameter set #539: [0.3119724271878559, 0.765754089977241, -0.9991167127165104]
Proposed outside bounds: prior -infinity
Model N: 1889464.522450819
Done mass_function_like status = 0 

Pipeline ran okay.
Likelihood hmf_counts = -8.144840780645609
Posterior = -2.225064516923905 for parameter set #518: [0.29635601177028076, 0.8050721807312273, -0.9999923359417288]
Model N: 1888708.972826563
Done mass_function_like status = 0 

Pipeline ran okay.
Likelihood hmf_counts = -8.296134762465954
Posterior = -3.3934218543130594 for parameter set #535: [0.2852798470482247, 0.8171076291407646, -0.9990824491396818]
Running module mass_function_like
Running module mass_function_like
Running module mass_function_like
Running module mass_function_like
Model N: 1888779.6615231824
Done mass_function_like status = 0 

Pipeline ran okay.
Likelihood hmf_counts = -8.269162267446518
Posterior = -7.209487109903449 for parameter set #533: [0.3313893602516097, 0.6202407966764264, -0.9991672313585525]
Running module mass_function_like
Model N: 1889714.1323815724
Done mass_function_like status = 0 

Pipeline ran okay.
Likelihood hmf_counts = -8.1612637527287
Posterior = -2.1982069905109665 for parameter set #536: [0.3021498134358572, 0.9274145875620233, -1.0002921125659574]
Running module mass_function_like
Model N: 1887900.4124636867
Done mass_function_like status = 0 

Pipeline ran okay.
Likelihood hmf_counts = -8.792983539402485
Posterior = -4.44565698820691 for parameter set #540: [0.318103390714668, 0.7959097074713687, -0.9981069087975258]
Running module mass_function_like
Model N: 1894480.3190195842
Done mass_function_like status = 0 

Pipeline ran okay.
Likelihood hmf_counts = -14.789314810186625
Posterior = -9.30559072710375 for parameter set #519: [0.31000624615396416, 0.9606870755961431, -1.0060342757622867]
Running module mass_function_like
Model N: 1886382.3534439742
Done mass_function_like status = 0 

Pipeline ran okay.
Likelihood hmf_counts = -10.662235371768475
Posterior = -5.270373125532818 for parameter set #534: [0.31089600927733957, 0.7680344812976476, -0.996279299379829]
Model N: 1889511.5792177885
Done mass_function_like status = 0 

Pipeline ran okay.
Likelihood hmf_counts = -8.145414844155312
Posterior = -3.1131357066505227 for parameter set #537: [0.31381224286056736, 0.6307908023567337, -1.0000481765492475]
Model N: 1889260.9485296349
Done mass_function_like status = 0 

Pipeline ran okay.
Likelihood hmf_counts = -8.15585970878601
Posterior = -2.237948644436165 for parameter set #520: [0.29630526697715925, 0.8441801947275617, -0.9997473005714285]
Model N: 1889592.298982969
Done mass_function_like status = 0 

Pipeline ran okay.
Likelihood hmf_counts = -8.149128783494234
Posterior = -2.3798790842006134 for parameter set #541: [0.30658663417106624, 0.907419632306058, -1.000146283242119]
Running module mass_function_like
Running module mass_function_like
Running module mass_function_like
Running module mass_function_like
Model N: 1888824.4756195657
Done mass_function_like status = 0 

Pipeline ran okay.
Likelihood hmf_counts = -8.253433421254158
Posterior = -2.3396382893026306 for parameter set #535: [0.2961962118830687, 0.9282268108178472, -0.999220697668553]
Running module mass_function_like
Model N: 1888483.196890352
Done mass_function_like status = 0 

Pipeline ran okay.
Likelihood hmf_counts = -8.400011200457811
Posterior = -2.531575618387029 for parameter set #538: [0.2951489580318305, 0.9203459039013506, -0.9988092456612392]
Running module mass_function_like
Model N: 1889492.3797600577
Done mass_function_like status = 0 

Pipeline ran okay.
Likelihood hmf_counts = -8.145039092749357
Posterior = -2.3675548689732313 for parameter set #542: [0.3064604220262777, 0.7386428669938878, -1.0000245707374043]
Running module mass_function_like
Model N: 1889480.3031226438
Done mass_function_like status = 0 

Pipeline ran okay.
Likelihood hmf_counts = -8.144902687519789
Posterior = -3.179971548062123 for parameter set #521: [0.2857084754362715, 0.792245704111438, -1.0000114142999255]
Running module mass_function_like
Model N: 1887744.559668815
Done mass_function_like status = 0 

Pipeline ran okay.
Likelihood hmf_counts = -8.92858450487256
Posterior = -3.1441902417757452 for parameter set #536: [0.29365084176539685, 0.7327689475326644, -0.997920561550346]
Model N: 1889450.6938970636
Done mass_function_like status = 0 

Pipeline ran okay.
Likelihood hmf_counts = -8.144894875586033
Posterior = -2.159507873021327 for parameter set #539: [0.300395597086059, 0.9563985720272882, -0.9999755406230707]
Model N: 1890487.5498592285
Done mass_function_like status = 0 

Pipeline ran okay.
Likelihood hmf_counts = -8.421435184776783
Posterior = -2.505346817569005 for parameter set #522: [0.29625817805857163, 0.9180375229979467, -1.0012246904564226]
Model N: 1888615.7052395418
Done mass_function_like status = 0 

Pipeline ran okay.
Likelihood hmf_counts = -8.33577249199152
Posterior = -3.792420538423305 for parameter set #543: [0.2830131554169172, 0.8074999177293181, -0.9989692746923476]
Running module mass_function_like
Running module mass_function_like
Running module mass_function_like
Running module mass_function_like
Model N: 1888856.7300765081
Done mass_function_like status = 0 

Pipeline ran okay.
Likelihood hmf_counts = -8.2427710108459
Posterior = -2.2936285780710133 for parameter set #537: [0.2972797152041583, 0.9224973050573053, -0.9992605661228814]
Running module mass_function_like
Model N: 1889758.6226587067
Done mass_function_like status = 0 

Pipeline ran okay.
Likelihood hmf_counts = -8.167652819305658
Posterior = -2.251081656196809 for parameter set #540: [0.3037307473847103, 0.7866410372863293, -1.0003456703282607]
Running module mass_function_like
Model N: 1892063.931310619
Done mass_function_like status = 0 

Pipeline ran okay.
Likelihood hmf_counts = -9.93059927597642
Posterior = -3.9683442238481845 for parameter set #523: [0.29783543762648973, 0.888228576413204, -1.0031235053319538]
Proposed outside bounds: prior -infinity
Model N: 1886913.0679268532
Done mass_function_like status = 0 

Pipeline ran okay.
Likelihood hmf_counts = -9.869727663695812
Posterior = -7.46968793819215 for parameter set #544: [0.3267793017996684, 0.7243944211521358, -0.9969185462587553]
Running module mass_function_like
Model N: 1889502.4084762507
Done mass_function_like status = 0 

Pipeline ran okay.
Likelihood hmf_counts = -8.145211029797792
Posterior = -3.181591597778386 for parameter set #538: [0.31430069937928584, 0.6183673341226206, -1.0000379597982454]
Model N: 1888795.7767180034
Done mass_function_like status = 0 

Pipeline ran okay.
Likelihood hmf_counts = -8.26338368281722
Posterior = -3.0663739122419518 for parameter set #541: [0.28743714471042586, 0.8533358794730561, -0.9991865869304922]
Model N: 1889592.3696415636
Done mass_function_like status = 0 

Pipeline ran okay.
Likelihood hmf_counts = -8.149133544415236
Posterior = -2.2342245088168857 for parameter set #545: [0.29622483347035933, 0.9235204756535499, -1.0001463228833132]
Running module mass_function_like
Running module mass_function_like
Running module mass_function_like
Running module mass_function_like
Model N: 1889984.1992351813
Done mass_function_like status = 0 

Pipeline ran okay.
Likelihood hmf_counts = -8.216162089258432
Posterior = -4.115577012848081 for parameter set #539: [0.2805806004263938, 0.9250505719827605, -1.0006171279126062]
Running module mass_function_like
Model N: 1889588.4089325715
Done mass_function_like status = 0 

Pipeline ran okay.
Likelihood hmf_counts = -8.148870721459389
Posterior = -2.379231547515344 for parameter set #542: [0.3065807196517591, 0.8995104612931522, -1.000140579583725]
Running module mass_function_like
Model N: 1890023.3203248614
Done mass_function_like status = 0 

Pipeline ran okay.
Likelihood hmf_counts = -8.227313850075006
Posterior = -9.67367739441762 for parameter set #546: [0.261444816342693, 0.9052219135628848, -1.0006652495699193]
Running module mass_function_like
Model N: 1889565.5040754846
Done mass_function_like status = 0 

Pipeline ran okay.
Likelihood hmf_counts = -8.1475136205554
Posterior = -2.1616248485963983 for parameter set #524: [0.29976331044275734, 0.9153984766933198, -1.0001127881831944]
Proposed outside bounds: prior -infinity
Model N: 1886753.0619234925
Done mass_function_like status = 0 

Pipeline ran okay.
Likelihood hmf_counts = -10.092919424176216
Posterior = -4.6446550932822195 for parameter set #540: [0.31036695941122683, 0.7645288283294824, -0.9967260125652829]
Model N: 1889901.5501034854
Done mass_function_like status = 0 

Pipeline ran okay.
Likelihood hmf_counts = -8.195264153182507
Posterior = -2.2998257074217445 for parameter set #543: [0.29574047847218987, 0.8103998963068558, -1.000518724591732]
Model N: 1890464.3612341674
Done mass_function_like status = 0 

Pipeline ran okay.
Likelihood hmf_counts = -8.40903477743268
Posterior = -2.477312713356116 for parameter set #547: [0.2967022433456051, 0.9106619945962973, -1.0011954824604343]
Running module mass_function_like
Running module mass_function_like
Running module mass_function_like
Running module mass_function_like
Model N: 1888968.813620462
Done mass_function_like status = 0 

Pipeline ran okay.
Likelihood hmf_counts = -8.210003089159727
Posterior = -3.932323047364248 for parameter set #541: [0.28151502675089984, 0.8644257456572307, -0.9993950891795403]
Running module mass_function_like
Model N: 1889466.539879859
Done mass_function_like status = 0 

Pipeline ran okay.
Likelihood hmf_counts = -8.144841346889734
Posterior = -7.659734239998595 for parameter set #525: [0.2668305489674878, 0.9070483542901354, -0.9999938877176505]
Proposed outside bounds: prior -infinity
Model N: 1889601.6232898727
Done mass_function_like status = 0 

Pipeline ran okay.
Likelihood hmf_counts = -8.149779949337244
Posterior = -2.721174611491593 for parameter set #544: [0.31055995218337634, 0.8902368346404196, -1.0001568010604915]
Running module mass_function_like
Model N: 1887705.1206766323
Done mass_function_like status = 0 

Pipeline ran okay.
Likelihood hmf_counts = -8.964940521866083
Posterior = -3.7540442123105286 for parameter set #548: [0.312450276148247, 0.6347590178619389, -0.9978724316384243]
Running module mass_function_like
Model N: 1886746.229840269
Done mass_function_like status = 0 

Pipeline ran okay.
Likelihood hmf_counts = -10.102751955389977
Posterior = -4.657274829443354 for parameter set #542: [0.3103937830792274, 0.7641471788264569, -0.9967174451612659]
Model N: 1890120.5186336045
Done mass_function_like status = 0 

Pipeline ran okay.
Likelihood hmf_counts = -8.258525099605322
Posterior = -2.3542938297778244 for parameter set #545: [0.2959525900592854, 0.8182799377029033, -1.0007824548776951]
Model N: 1892009.803194993
Done mass_function_like status = 0 

Pipeline ran okay.
Likelihood hmf_counts = -9.857022311538458
Posterior = -5.18360746800132 for parameter set #549: [0.2837994615395836, 0.9798463096697612, -1.0030575878596029]
Running module mass_function_like
Running module mass_function_like
Running module mass_function_like
Running module mass_function_like
Model N: 1890129.1770307203
Done mass_function_like status = 0 

Pipeline ran okay.
Likelihood hmf_counts = -8.261547766625881
Posterior = -2.669245565078022 for parameter set #543: [0.30887508786794293, 0.9743412228100035, -1.0007923747075151]
Proposed outside bounds: prior -infinity
Model N: 1889159.324862722
Done mass_function_like status = 0 

Pipeline ran okay.
Likelihood hmf_counts = -8.169569242745638
Posterior = -2.2191333511527054 for parameter set #546: [0.3026730723074502, 0.9093957137565833, -0.9996245441960545]
Running module mass_function_like
Model N: 1893802.2666290107
Done mass_function_like status = 0 

Pipeline ran okay.
Likelihood hmf_counts = -13.11533311381936
Posterior = -7.309982684091578 for parameter set #526: [0.3059909687636526, 0.952778237854615, -1.0052164248047188]
Running module mass_function_like
Model N: 1888051.288362947
Done mass_function_like status = 0 

Pipeline ran okay.
Likelihood hmf_counts = -8.67397940158844
Posterior = -4.132208061836192 for parameter set #550: [0.316995598635904, 0.7904609465964851, -0.9982893683371502]
Running module mass_function_like
Model N: 1889097.5890790673
Done mass_function_like status = 0 

Pipeline ran okay.
Likelihood hmf_counts = -8.180567305535078
Posterior = -2.2337960831349353 for parameter set #527: [0.3028067133916361, 0.7126330576822278, -0.9995506663563919]
Model N: 1889480.3304377883
Done mass_function_like status = 0 

Pipeline ran okay.
Likelihood hmf_counts = -8.144902907311916
Posterior = -2.2342898658432526 for parameter set #547: [0.29611267522014006, 0.7906619380640448, -1.0000114551524877]
Model N: 1889585.5229069137
Done mass_function_like status = 0 

Pipeline ran okay.
Likelihood hmf_counts = -8.148684438318014
Posterior = -2.211644606198263 for parameter set #551: [0.3031346051026846, 0.9449387939129057, -1.000137104458068]
Proposed outside bounds: prior -infinity
Running module mass_function_like
Running module mass_function_like
Running module mass_function_like
Running module mass_function_like
Model N: 1889130.8826475784
Done mass_function_like status = 0 

Pipeline ran okay.
Likelihood hmf_counts = -8.174385473132133
Posterior = -2.2116148812863266 for parameter set #544: [0.3021628927656791, 0.9106350464612906, -0.999590114032609]
Running module mass_function_like
Model N: 1888887.6013904854
Done mass_function_like status = 0 

Pipeline ran okay.
Likelihood hmf_counts = -8.233081858605146
Posterior = -8.551373567971092 for parameter set #548: [0.2644910251973623, 0.6254711004394233, -0.9992961613195657]
Running module mass_function_like
Model N: 1887754.1153297236
Done mass_function_like status = 0 

Pipeline ran okay.
Likelihood hmf_counts = -8.919899936765432
Posterior = -5.141999862112846 for parameter set #552: [0.32101454560421067, 0.8125053956717234, -0.9979321105425246]
Running module mass_function_like
Model N: 1889284.050350369
Done mass_function_like status = 0 

Pipeline ran okay.
Likelihood hmf_counts = -8.153505831956863
Posterior = -2.1686014162480935 for parameter set #528: [0.2994974913673062, 0.9735953283786821, -0.9997751706502398]
Model N: 1885441.95720866
Done mass_function_like status = 0 

Pipeline ran okay.
Likelihood hmf_counts = -12.433854777365923
Posterior = -7.391396844422346 for parameter set #545: [0.3137297740845145, 0.6810635013482852, -0.9951459238826663]
Model N: 1888965.7479984898
Done mass_function_like status = 0 

Pipeline ran okay.
Likelihood hmf_counts = -8.210810840129852
Posterior = -2.358112477885781 for parameter set #549: [0.29483371256700347, 0.7767131328101808, -0.9993912914573574]
Model N: 1889441.4350367163
Done mass_function_like status = 0 

Pipeline ran okay.
Likelihood hmf_counts = -8.144987665116787
Posterior = -2.427447351922998 for parameter set #553: [0.29267020951786804, 0.9092402375296162, -0.9999647873017602]
Running module mass_function_like
Running module mass_function_like
Running module mass_function_like
Running module mass_function_like
Model N: 1888795.1816896326
Done mass_function_like status = 0 

Pipeline ran okay.
Likelihood hmf_counts = -8.26359460502863
Posterior = -3.615636339435591 for parameter set #546: [0.31635957259874653, 0.6495283687091741, -0.9991854560917449]
Proposed outside bounds: prior -infinity
Model N: 1889585.8546084326
Done mass_function_like status = 0 

Pipeline ran okay.
Likelihood hmf_counts = -8.148705624043941
Posterior = -2.211916729643259 for parameter set #550: [0.30314259995954207, 0.9448758030614355, -1.0001379000364294]
Running module mass_function_like
Model N: 1894184.182143662
Done mass_function_like status = 0 

Pipeline ran okay.
Likelihood hmf_counts = -14.028428621590137
Posterior = -8.34701427952494 for parameter set #554: [0.3077864452886977, 0.9669891334870949, -1.0056771903537627]
Running module mass_function_like
Model N: 1890326.5340075102
Done mass_function_like status = 0 

Pipeline ran okay.
Likelihood hmf_counts = -8.34119664132595
Posterior = -3.2730713634907938 for parameter set #529: [0.3135498419174776, 0.9931214375079298, -1.00103111562817]
Running module mass_function_like
Model N: 1889485.414655016
Done mass_function_like status = 0 

Pipeline ran okay.
Likelihood hmf_counts = -8.14495099708438
Posterior = -2.1589540185414116 for parameter set #530: [0.30018575543053877, 0.770186190743526, -1.0000166177091652]
Model N: 1890010.151644559
Done mass_function_like status = 0 

Pipeline ran okay.
Likelihood hmf_counts = -8.223469629883766
Posterior = -2.2452662028431716 for parameter set #551: [0.3012605603512343, 0.8303070697375624, -1.000648516987282]
Model N: 1889646.6545940202
Done mass_function_like status = 0 

Pipeline ran okay.
Likelihood hmf_counts = -8.153572361916304
Posterior = -2.812912332172144 for parameter set #555: [0.31136228201609273, 0.8882878078366482, -1.0002109473854925]
Running module mass_function_like
Running module mass_function_like
Running module mass_function_like
Running module mass_function_like
Model N: 1889480.4477585598
Done mass_function_like status = 0 

Pipeline ran okay.
Likelihood hmf_counts = -8.144903864711523
Posterior = -4.06468603420123 for parameter set #547: [0.28047590370465725, 0.7930422256720802, -1.0000113937539954]
Running module mass_function_like
Model N: 1891563.667395376
Done mass_function_like status = 0 

Pipeline ran okay.
Likelihood hmf_counts = -9.309494778513908
Posterior = -3.3291675819608857 for parameter set #531: [0.30105114955889495, 0.8355239167511639, -1.0025208896104612]
Running module mass_function_like
Model N: 1889500.1153269717
Done mass_function_like status = 0 

Pipeline ran okay.
Likelihood hmf_counts = -8.145167015492916
Posterior = -3.2420110225230436 for parameter set #552: [0.3147174281951916, 0.6971341406233614, -1.0000350363457724]
Running module mass_function_like
Model N: 1887564.369103602
Done mass_function_like status = 0 

Pipeline ran okay.
Likelihood hmf_counts = -9.101413644850254
Posterior = -5.506619878011295 for parameter set #556: [0.32186829561594466, 0.8423963614234735, -0.9977022394399215]
Proposed outside bounds: prior -infinity
Model N: 1890254.9410034858
Done mass_function_like status = 0 

Pipeline ran okay.
Likelihood hmf_counts = -8.309922613203526
Posterior = -2.4516767540732713 for parameter set #553: [0.2949427463763698, 0.9329897037659842, -1.000944325700138]
Model N: 1884313.6615336032
Done mass_function_like status = 0 

Pipeline ran okay.
Likelihood hmf_counts = -15.179799884557724
Posterior = -9.436805563700112 for parameter set #548: [0.3069461543857435, 0.8927894984802066, -0.9937872821732817]
Model N: 1889460.1455743487
Done mass_function_like status = 0 

Pipeline ran okay.
Likelihood hmf_counts = -8.144846953451633
Posterior = -2.3249135542064963 for parameter set #532: [0.29423395961363535, 0.8553756988000563, -0.9999859863092031]
Running module mass_function_like
Running module mass_function_like
Running module mass_function_like
Running module mass_function_like
Model N: 1889084.1622397043
Done mass_function_like status = 0 

Pipeline ran okay.
Likelihood hmf_counts = -8.18322642147541
Posterior = -3.332479857183271 for parameter set #554: [0.31506925375104505, 0.6043525257160396, -0.9995328727970498]
Running module mass_function_like
Model N: 1888223.9327913614
Done mass_function_like status = 0 

Pipeline ran okay.
Likelihood hmf_counts = -8.552607625722885
Posterior = -2.8858903589647875 for parameter set #557: [0.3079917367171904, 0.8925880704039205, -0.9984968552450821]
Running module mass_function_like
Model N: 1889702.6175280442
Done mass_function_like status = 0 

Pipeline ran okay.
Likelihood hmf_counts = -8.159780751913786
Posterior = -2.6575906461640946 for parameter set #549: [0.3098384502813287, 0.8924364128347362, -1.0002790093072158]
Proposed outside bounds: prior -infinity
Model N: 1889575.2990348148
Done mass_function_like status = 0 

Pipeline ran okay.
Likelihood hmf_counts = -8.148059990257025
Posterior = -2.2066031494613165 for parameter set #533: [0.30299038117160765, 0.9441701509752963, -1.000124835653446]
Running module mass_function_like
Model N: 1889289.2752625302
Done mass_function_like status = 0 

Pipeline ran okay.
Likelihood hmf_counts = -8.15301263332367
Posterior = -2.1688096170782423 for parameter set #534: [0.29937324889566597, 0.9708048257917077, -0.9997801468258869]
Model N: 1888329.5564364798
Done mass_function_like status = 0 

Pipeline ran okay.
Likelihood hmf_counts = -8.486140716820955
Posterior = -2.502541437279854 for parameter set #555: [0.299296348280371, 0.7731092111585247, -0.9986244310524756]
Model N: 1889477.4214819085
Done mass_function_like status = 0 

Pipeline ran okay.
Likelihood hmf_counts = -8.144881546497345
Posterior = -2.2451634290522318 for parameter set #558: [0.2958418418193646, 0.7999909966168229, -1.0000077835944208]
Running module mass_function_like
Running module mass_function_like
Running module mass_function_like
Running module mass_function_like
Model N: 1890266.6319232844
Done mass_function_like status = 0 

Pipeline ran okay.
Likelihood hmf_counts = -8.314844407141209
Posterior = -2.80233344305005 for parameter set #550: [0.30973254999853467, 0.9169007812500667, -1.0009581888040373]
Running module mass_function_like
Model N: 1890283.526456863
Done mass_function_like status = 0 

Pipeline ran okay.
Likelihood hmf_counts = -8.322084572166204
Posterior = -3.1260725009051473 for parameter set #556: [0.312570677062243, 0.9861388009304515, -1.0009781357082155]
Running module mass_function_like
Model N: 1888603.4022358956
Done mass_function_like status = 0 

Pipeline ran okay.
Likelihood hmf_counts = -8.341345138847828
Posterior = -2.572008660429473 for parameter set #535: [0.30658450347093424, 0.9071017393541743, -0.9989549206903446]
Running module mass_function_like
Model N: 1889373.4475855918
Done mass_function_like status = 0 

Pipeline ran okay.
Likelihood hmf_counts = -8.147058833390474
Posterior = -2.936151972463694 for parameter set #559: [0.31245200352684066, 0.8392877246188257, -0.9998818762333929]
Running module mass_function_like
Model N: 1889495.6723824623
Done mass_function_like status = 0 

Pipeline ran okay.
Likelihood hmf_counts = -8.14508967101574
Posterior = -2.74236559975869 for parameter set #551: [0.31080227202709027, 0.6596872772409342, -1.0000288987610377]
Model N: 1888734.6698010818
Done mass_function_like status = 0 

Pipeline ran okay.
Likelihood hmf_counts = -8.286023456603289
Posterior = -3.2481055813517914 for parameter set #557: [0.28622892685308815, 0.8111513730214909, -0.9991127073676017]
Model N: 1890044.0622693289
Done mass_function_like status = 0 

Pipeline ran okay.
Likelihood hmf_counts = -8.233554881066084
Posterior = -2.2801910293594627 for parameter set #536: [0.2974394588410687, 0.9364583454996916, -1.000690085657401]
Model N: 1889492.390544782
Done mass_function_like status = 0 

Pipeline ran okay.
Likelihood hmf_counts = -8.14503924921155
Posterior = -2.20695770753371 for parameter set #560: [0.2968987762223045, 0.8213083456470737, -1.0000250901156587]
Running module mass_function_like
Running module mass_function_like
Running module mass_function_like
Running module mass_function_like
Model N: 1889682.2683480287
Done mass_function_like status = 0 

Pipeline ran okay.
Likelihood hmf_counts = -8.15733153373003
Posterior = -2.192019235378744 for parameter set #552: [0.297957746738044, 0.9999570858729192, -1.0002540657048486]
Running module mass_function_like
Model N: 1889270.390010035
Done mass_function_like status = 0 

Pipeline ran okay.
Likelihood hmf_counts = -8.154863569885492
Posterior = -5.915367060472676 for parameter set #558: [0.27262603403014435, 0.7598096565801102, -0.9997573585622428]
Running module mass_function_like
Model N: 1891275.8975876796
Done mass_function_like status = 0 

Pipeline ran okay.
Likelihood hmf_counts = -9.01208521425724
Posterior = -3.0924462262425303 for parameter set #561: [0.30364126940215347, 0.8693890731205958, -1.0021740075448287]
Proposed outside bounds: prior -infinity
Model N: 1889055.5709632502
Done mass_function_like status = 0 

Pipeline ran okay.
Likelihood hmf_counts = -8.189206808805466
Posterior = -2.7732792544379503 for parameter set #537: [0.3106792265627287, 0.8013883331440608, -0.9994987317627498]
Running module mass_function_like
Model N: 1889432.376115206
Done mass_function_like status = 0 

Pipeline ran okay.
Likelihood hmf_counts = -8.145122364163399
Posterior = -2.16723725840556 for parameter set #559: [0.29871280889159024, 0.965167853634256, -0.9999536870275021]
Model N: 1887416.75615436
Done mass_function_like status = 0 

Pipeline ran okay.
Likelihood hmf_counts = -9.25582642480731
Posterior = -3.797117569702608 for parameter set #553: [0.3102679525133888, 0.7932157066846013, -0.9975244452762438]
Model N: 1889473.329984292
Done mass_function_like status = 0 

Pipeline ran okay.
Likelihood hmf_counts = -8.144859079271555
Posterior = -2.2660725228695995 for parameter set #538: [0.29536571556738467, 0.8409071872957601, -1.0000025938181876]
Proposed outside bounds: prior -infinity
Running module mass_function_like
Proposed outside bounds: prior -infinity
Running module mass_function_like
Running module mass_function_like
Running module mass_function_like
Model N: 1889775.9577669161
Done mass_function_like status = 0 

Pipeline ran okay.
Likelihood hmf_counts = -8.170425772666931
Posterior = -2.2251939464573987 for parameter set #554: [0.29713884823017767, 0.9517338212156352, -1.000367268047474]
Model N: 1889522.4409906908
Done mass_function_like status = 0 

Pipeline ran okay.
Likelihood hmf_counts = -8.145713821053505
Posterior = -2.2879965689920017 for parameter set #560: [0.2949314287411702, 0.8592289125018929, -1.000062074080448]
Model N: 1889466.8463255814
Done mass_function_like status = 0 

Pipeline ran okay.
Likelihood hmf_counts = -8.144841618835926
Posterior = -13.664360760314423 for parameter set #539: [0.25202982456157624, 0.9181289283349834, -0.9999949740887578]
Running module mass_function_like
Model N: 1889364.2269113415
Done mass_function_like status = 0 

Pipeline ran okay.
Likelihood hmf_counts = -8.147528138011694
Posterior = -2.928242890545487 for parameter set #562: [0.31238453423456386, 0.8400675053665116, -0.9998712173439398]
Proposed outside bounds: prior -infinity
Model N: 1890010.417247809
Done mass_function_like status = 0 

Pipeline ran okay.
Likelihood hmf_counts = -8.223546262830496
Posterior = -2.4446729731542796 for parameter set #540: [0.29356144197795186, 0.8283210833043829, -1.0006493236117124]
Running module mass_function_like
Proposed outside bounds: prior -infinity
Running module mass_function_like
Running module mass_function_like
Running module mass_function_like
Model N: 1887925.1058824826
Done mass_function_like status = 0 

Pipeline ran okay.
Likelihood hmf_counts = -8.772680625319481
Posterior = -3.068341592062513 for parameter set #555: [0.30750542398182545, 0.8396104598743779, -0.9981369983441594]
Model N: 1888496.0341044967
Done mass_function_like status = 0 

Pipeline ran okay.
Likelihood hmf_counts = -8.393380917608738
Posterior = -2.59944523424788 for parameter set #561: [0.3061994318536881, 0.9020175351193104, -0.9988247736661923]
Running module mass_function_like
Model N: 1889479.6370836832
Done mass_function_like status = 0 

Pipeline ran okay.
Likelihood hmf_counts = -8.144897412508726
Posterior = -2.6284767827266435 for parameter set #541: [0.30969276929941925, 0.7812834699450554, -1.0000094966832564]
Running module mass_function_like
Model N: 1890944.37649314
Done mass_function_like status = 0 

Pipeline ran okay.
Likelihood hmf_counts = -8.723685286939144
Posterior = -2.7575187713564997 for parameter set #563: [0.30199226602210527, 0.867465485783674, -1.0017741626387329]
Running module mass_function_like
Model N: 1888927.577614994
Done mass_function_like status = 0 

Pipeline ran okay.
Likelihood hmf_counts = -8.221285000443459
Posterior = -2.7845116054979986 for parameter set #542: [0.289517875100217, 0.8329997540030528, -0.9993456188948272]
Model N: 1889422.0753869254
Done mass_function_like status = 0 

Pipeline ran okay.
Likelihood hmf_counts = -8.145328305661678
Posterior = -2.827169506560213 for parameter set #562: [0.3115586378474298, 0.6498786308866629, -0.9999409731242686]
Model N: 1890092.5799118362
Done mass_function_like status = 0 

Pipeline ran okay.
Likelihood hmf_counts = -8.249042000621557
Posterior = -2.390906638654041 for parameter set #564: [0.2949402343341093, 0.91661788919929, -1.000748502693481]
Proposed outside bounds: prior -infinity
Running module mass_function_like
Proposed outside bounds: prior -infinity
Running module mass_function_like
Running module mass_function_like
Running module mass_function_like
Model N: 1889563.2016599872
Done mass_function_like status = 0 

Pipeline ran okay.
Likelihood hmf_counts = -8.147392559796572
Posterior = -2.1911270941386967 for parameter set #563: [0.2975544552394395, 0.9343960296011125, -1.000110110204379]
Model N: 1886526.3194168438
Done mass_function_like status = 0 

Pipeline ran okay.
Likelihood hmf_counts = -10.432474579662085
Posterior = -9.501711477024998 for parameter set #556: [0.3317955254795282, 0.8814590433395488, -0.9964525713071689]
Model N: 1889386.375335249
Done mass_function_like status = 0 

Pipeline ran okay.
Likelihood hmf_counts = -8.14647663384676
Posterior = -2.8658229805274456 for parameter set #565: [0.31187868120690543, 0.8290204477621574, -0.9998972036481458]
Running module mass_function_like
Model N: 1888063.8016023077
Done mass_function_like status = 0 

Pipeline ran okay.
Likelihood hmf_counts = -8.66465139389038
Posterior = -5.294245962384145 for parameter set #543: [0.32287190547988287, 0.9709977359725582, -0.998304212038397]
Running module mass_function_like
Model N: 1890583.389250021
Done mass_function_like status = 0 

Pipeline ran okay.
Likelihood hmf_counts = -8.475701875984669
Posterior = -3.1266390129536754 for parameter set #544: [0.2887126886707899, 0.9970667967936595, -1.0013391751692138]
Model N: 1889553.9494961652
Done mass_function_like status = 0 

Pipeline ran okay.
Likelihood hmf_counts = -8.146934371441603
Posterior = -2.3307084509180624 for parameter set #566: [0.30582997588990607, 0.9091294678405137, -1.0001002838255775]
Running module mass_function_like
Running module mass_function_like
Proposed outside bounds: prior -infinity
Proposed outside bounds: prior -infinity
Running module mass_function_like
Model N: 1889503.6597792192
Done mass_function_like status = 0 

Pipeline ran okay.
Likelihood hmf_counts = -8.1452362164855
Posterior = -2.501571676267046 for parameter set #545: [0.3082765318996953, 0.8076740245085587, -1.0000390124164713]
Running module mass_function_like
Model N: 1889382.9000537368
Done mass_function_like status = 0 

Pipeline ran okay.
Likelihood hmf_counts = -8.146624445915222
Posterior = -2.7616934903814894 for parameter set #564: [0.28903425342390904, 0.7463606398043041, -0.999893008292858]
Running module mass_function_like
Model N: 1891082.3710358774
Done mass_function_like status = 0 

Pipeline ran okay.
Likelihood hmf_counts = -8.83667603507638
Posterior = -2.866085589479762 for parameter set #567: [0.30175446419885865, 0.8655124987473084, -1.0019408710840878]
Running module mass_function_like
Model N: 1889827.2032845784
Done mass_function_like status = 0 

Pipeline ran okay.
Likelihood hmf_counts = -8.179552778601646
Posterior = -2.2048668077119515 for parameter set #546: [0.2984851174520224, 0.8607515484190555, -1.0004289799464725]
Model N: 1888717.7895688615
Done mass_function_like status = 0 

Pipeline ran okay.
Likelihood hmf_counts = -8.292626112699509
Posterior = -2.333973427484393 for parameter set #565: [0.2976558341976109, 0.8666695060542285, -0.9990915288701764]
Model N: 1890105.48758336
Done mass_function_like status = 0 

Pipeline ran okay.
Likelihood hmf_counts = -8.253371879458427
Posterior = -2.81426936595241 for parameter set #568: [0.31045980710074433, 0.8743083966693344, -1.000763954453201]
Proposed outside bounds: prior -infinity
Running module mass_function_like
Running module mass_function_like
Proposed outside bounds: prior -infinity
Running module mass_function_like
Running module mass_function_like
Model N: 1889567.6932397229
Done mass_function_like status = 0 

Pipeline ran okay.
Likelihood hmf_counts = -8.147631324827671
Posterior = -2.3968888810131537 for parameter set #557: [0.3068618714317194, 0.7256364074528692, -1.0001162934652206]
Model N: 1889348.6361373845
Done mass_function_like status = 0 

Pipeline ran okay.
Likelihood hmf_counts = -8.148424033075571
Posterior = -2.478909946412414 for parameter set #566: [0.30795806946878174, 0.8221388375000038, -0.9998528444825451]
Running module mass_function_like
Model N: 1890535.2810569522
Done mass_function_like status = 0 

Pipeline ran okay.
Likelihood hmf_counts = -8.447854835540056
Posterior = -2.4996112755789657 for parameter set #547: [0.3027511389646362, 0.8610235248192869, -1.001281637822999]
Running module mass_function_like
Model N: 1890964.933836179
Done mass_function_like status = 0 

Pipeline ran okay.
Likelihood hmf_counts = -8.739879939705133
Posterior = -2.8497833824622845 for parameter set #569: [0.3043797493660964, 0.9693034056352263, -1.001799655290856]
Model N: 1889521.7843226572
Done mass_function_like status = 0 

Pipeline ran okay.
Likelihood hmf_counts = -8.145693972706795
Posterior = -2.254728476361482 for parameter set #548: [0.2956364272916571, 0.8920663828848768, -1.000061237238359]
Model N: 1889570.7380078365
Done mass_function_like status = 0 

Pipeline ran okay.
Likelihood hmf_counts = -8.147799257189035
Posterior = -4.58376981170007 for parameter set #567: [0.27799027782966745, 0.8287631815016927, -1.0001201819580166]
Proposed outside bounds: prior -infinity
Proposed outside bounds: prior -infinity
Running module mass_function_like
Proposed outside bounds: prior -infinity
Running module mass_function_like
Running module mass_function_like
Model N: 1889382.6543399626
Done mass_function_like status = 0 

Pipeline ran okay.
Likelihood hmf_counts = -8.146635141223669
Posterior = -2.9771259459763293 for parameter set #570: [0.2872198611386964, 0.7397954800515386, -0.9998926750816111]
Running module mass_function_like
Model N: 1885676.5374742388
Done mass_function_like status = 0 

Pipeline ran okay.
Likelihood hmf_counts = -11.94794426113367
Posterior = -6.444696497606096 for parameter set #558: [0.309817094088667, 0.7436928284373501, -0.9954281896496501]
Model N: 1888185.0831663178
Done mass_function_like status = 0 

Pipeline ran okay.
Likelihood hmf_counts = -8.5785421282053
Posterior = -2.6813145771422917 for parameter set #549: [0.30421477977075456, 0.9275268608173239, -0.9984500057584794]
Running module mass_function_like
Model N: 1889908.0301716016
Done mass_function_like status = 0 

Pipeline ran okay.
Likelihood hmf_counts = -8.19677210226655
Posterior = -2.359192661787551 for parameter set #571: [0.30545116898238645, 0.880308602277634, -1.0005265149303653]
Model N: 1889897.992139407
Done mass_function_like status = 0 

Pipeline ran okay.
Likelihood hmf_counts = -8.19444564729929
Posterior = -2.216222591168992 for parameter set #550: [0.29874037543547527, 0.7933732814161483, -1.0005136419411769]
Running module mass_function_like
Running module mass_function_like
Running module mass_function_like
Running module mass_function_like
Model N: 1889849.678203579
Done mass_function_like status = 0 

Pipeline ran okay.
Likelihood hmf_counts = -8.183993928134441
Posterior = -2.2559934827735066 for parameter set #559: [0.3034105335427477, 0.8645809287937979, -1.0004555690569528]
Running module mass_function_like
Model N: 1890074.6590411633
Done mass_function_like status = 0 

Pipeline ran okay.
Likelihood hmf_counts = -8.24317654594779
Posterior = -6.518222450811001 for parameter set #568: [0.3291931122900679, 0.978525002967871, -1.000726590818652]
Running module mass_function_like
Model N: 1889348.3499177455
Done mass_function_like status = 0 

Pipeline ran okay.
Likelihood hmf_counts = -8.148441687226295
Posterior = -3.4923802089988314 for parameter set #572: [0.3163101621755402, 0.8118192105998802, -0.999852449284802]
Running module mass_function_like
Model N: 1889743.2846266027
Done mass_function_like status = 0 

Pipeline ran okay.
Likelihood hmf_counts = -8.165331896394491
Posterior = -2.1956073942791896 for parameter set #551: [0.30181326532757136, 0.8779910993993005, -1.0003274108761393]
Running module mass_function_like
Model N: 1889833.5474715119
Done mass_function_like status = 0 

Pipeline ran okay.
Likelihood hmf_counts = -8.180779352784157
Posterior = -2.2169860011799507 for parameter set #560: [0.3021150250841745, 0.796627942952126, -1.0004361332963878]
Model N: 1889051.4031387086
Done mass_function_like status = 0 

Pipeline ran okay.
Likelihood hmf_counts = -8.190114729106426
Posterior = -2.6187143707964307 for parameter set #569: [0.2908922413846774, 0.8601874338294829, -0.9994935522663874]
Model N: 1889906.642410789
Done mass_function_like status = 0 

Pipeline ran okay.
Likelihood hmf_counts = -8.196447290480137
Posterior = -2.217845868346126 for parameter set #573: [0.29877082300641955, 0.7853362964924179, -1.0005237405561356]
Model N: 1891006.4898683694
Done mass_function_like status = 0 

Pipeline ran okay.
Likelihood hmf_counts = -8.773298881947994
Posterior = -2.8924394480294877 for parameter set #552: [0.3045856102493435, 0.9683207847840699, -1.0018492000288046]
Proposed outside bounds: prior -infinity
Proposed outside bounds: prior -infinity
Proposed outside bounds: prior -infinity
Running module mass_function_like
Running module mass_function_like
Running module mass_function_like
Model N: 1888414.2754115947
Done mass_function_like status = 0 

Pipeline ran okay.
Likelihood hmf_counts = -8.437101125717163
Posterior = -2.817145317139733 for parameter set #561: [0.30855725048836946, 0.8700378424031093, -0.9987269754964956]
Model N: 1887545.8751790214
Done mass_function_like status = 0 

Pipeline ran okay.
Likelihood hmf_counts = -9.120126284658909
Posterior = -3.23651573814399 for parameter set #570: [0.3045230552069905, 0.9516546515088905, -0.9976812537529302]
Running module mass_function_like
Model N: 1890802.6855285284
Done mass_function_like status = 0 

Pipeline ran okay.
Likelihood hmf_counts = -8.618138305842876
Posterior = -2.663196650733326 for parameter set #574: [0.3024939627380808, 0.8596360706895944, -1.0016038201022883]
Running module mass_function_like
Model N: 1889656.796698895
Done mass_function_like status = 0 

Pipeline ran okay.
Likelihood hmf_counts = -8.154574550688267
Posterior = -2.175069217910494 for parameter set #571: [0.2988457317809045, 0.880719844986565, -1.0002240251955583]
Model N: 1889225.1771367954
Done mass_function_like status = 0 

Pipeline ran okay.
Likelihood hmf_counts = -8.160061921924353
Posterior = -2.9772963712690954 for parameter set #575: [0.312675958004365, 0.639719246432597, -0.9997029999032735]
Running module mass_function_like
Proposed outside bounds: prior -infinity
Running module mass_function_like
Running module mass_function_like
Running module mass_function_like
Model N: 1886552.587161039
Done mass_function_like status = 0 

Pipeline ran okay.
Likelihood hmf_counts = -10.391739934682846
Posterior = -5.9726745818459825 for parameter set #562: [0.31770020405788735, 0.7945538630331425, -0.9964841886878537]
Model N: 1890120.2950977564
Done mass_function_like status = 0 

Pipeline ran okay.
Likelihood hmf_counts = -8.258447587490082
Posterior = -2.5914595198301225 for parameter set #572: [0.3079893788969893, 0.941620620238807, -1.000781975600702]
Running module mass_function_like
Model N: 1891335.6226627284
Done mass_function_like status = 0 

Pipeline ran okay.
Likelihood hmf_counts = -9.070214115083218
Posterior = -3.088763115991666 for parameter set #576: [0.29905487273548653, 0.9339155937030186, -1.0022458447322553]
Running module mass_function_like
Model N: 1887622.0084547342
Done mass_function_like status = 0 

Pipeline ran okay.
Likelihood hmf_counts = -9.044256202876568
Posterior = -3.184362745242055 for parameter set #553: [0.30502051906694977, 0.9457530271001776, -0.9977728870360498]
Running module mass_function_like
Model N: 1890036.1022782717
Done mass_function_like status = 0 

Pipeline ran okay.
Likelihood hmf_counts = -8.23113289475441
Posterior = -2.2583228124441845 for parameter set #554: [0.2983668242556882, 0.8531013948239322, -1.0006800056027343]
Model N: 1888638.7194286862
Done mass_function_like status = 0 

Pipeline ran okay.
Likelihood hmf_counts = -8.325563486665487
Posterior = -3.0583702853712795 for parameter set #573: [0.2880089527509867, 0.8374187736983187, -0.9989975448568533]
Model N: 1889841.0991506197
Done mass_function_like status = 0 

Pipeline ran okay.
Likelihood hmf_counts = -8.182267133146524
Posterior = -2.279761195547634 for parameter set #577: [0.304090321577445, 0.8761914705357171, -1.0004455808973276]
Running module mass_function_like
Proposed outside bounds: prior -infinity
Running module mass_function_like
Running module mass_function_like
Running module mass_function_like
Model N: 1890977.484524228
Done mass_function_like status = 0 

Pipeline ran okay.
Likelihood hmf_counts = -8.749876897782087
Posterior = -2.7799754075870062 for parameter set #563: [0.3017946265999662, 0.6934154346656378, -1.0018144111366658]
Model N: 1889335.4068564936
Done mass_function_like status = 0 

Pipeline ran okay.
Likelihood hmf_counts = -8.14928513765335
Posterior = -3.083730787541789 for parameter set #574: [0.28643081551260413, 0.7317750411639945, -0.9998369433367886]
Running module mass_function_like
Model N: 1888926.7130637218
Done mass_function_like status = 0 

Pipeline ran okay.
Likelihood hmf_counts = -8.221531171351671
Posterior = -5.97745086038741 for parameter set #578: [0.3273571475906131, 0.7864034440874019, -0.9993429564237086]
Running module mass_function_like
Model N: 1889698.0812184017
Done mass_function_like status = 0 

Pipeline ran okay.
Likelihood hmf_counts = -8.159215789288282
Posterior = -2.2005749756421906 for parameter set #555: [0.30234627282791465, 0.8818404033459808, -1.0002728805273138]
Running module mass_function_like
Model N: 1891156.5209561423
Done mass_function_like status = 0 

Pipeline ran okay.
Likelihood hmf_counts = -8.901546090841293
Posterior = -2.9368252735989095 for parameter set #556: [0.30206119413713356, 0.9526170891212288, -1.0020302421190692]
Model N: 1889370.558167332
Done mass_function_like status = 0 

Pipeline ran okay.
Likelihood hmf_counts = -8.147201057523489
Posterior = -2.5112753154933527 for parameter set #575: [0.2916304952949029, 0.8995888118596603, -0.9998791135319153]
Model N: 1890954.3809853788
Done mass_function_like status = 0 

Pipeline ran okay.
Likelihood hmf_counts = -8.731538727879524
Posterior = -3.0400278977901127 for parameter set #579: [0.30767462208048707, 0.7422460248840105, -1.001786433706265]
Running module mass_function_like
Running module mass_function_like
Running module mass_function_like
Running module mass_function_like
Model N: 1890434.1531211738
Done mass_function_like status = 0 

Pipeline ran okay.
Likelihood hmf_counts = -8.393307004123926
Posterior = -2.556761539964307 for parameter set #564: [0.30546912752809857, 0.8000265168615772, -1.0011599482540743]
Running module mass_function_like
Model N: 1890156.5655652212
Done mass_function_like status = 0 

Pipeline ran okay.
Likelihood hmf_counts = -8.271370254456997
Posterior = -2.630534788275523 for parameter set #576: [0.30831023434199667, 0.8863658157712442, -1.0008255601041147]
Running module mass_function_like
Model N: 1890395.4212408622
Done mass_function_like status = 0 

Pipeline ran okay.
Likelihood hmf_counts = -8.373847234994173
Posterior = -3.4077429264568826 for parameter set #580: [0.3142828796259869, 0.9050223296338185, -1.0011131680987677]
Running module mass_function_like
Model N: 1889001.3177899027
Done mass_function_like status = 0 

Pipeline ran okay.
Likelihood hmf_counts = -8.201744750142097
Posterior = -3.21163976274989 for parameter set #557: [0.31411416693492866, 0.608655949666496, -0.9994345086582744]
Running module mass_function_like
Model N: 1883834.141708823
Done mass_function_like status = 0 

Pipeline ran okay.
Likelihood hmf_counts = -16.551902882754803
Posterior = -12.382834491908886 for parameter set #565: [0.31905148717156984, 0.7777699280200496, -0.9932098458605333]
Model N: 1889845.627514948
Done mass_function_like status = 0 

Pipeline ran okay.
Likelihood hmf_counts = -8.18317374959588
Posterior = -2.2031508043722505 for parameter set #558: [0.2988921709278516, 0.8604167629115167, -1.0004504722219716]
Model N: 1891003.1154646317
Done mass_function_like status = 0 

Pipeline ran okay.
Likelihood hmf_counts = -8.770551182329655
Posterior = -2.803636372211769 for parameter set #577: [0.3019536919977738, 0.6901888873812317, -1.00184469792401]
Model N: 1890642.4016324228
Done mass_function_like status = 0 

Pipeline ran okay.
Likelihood hmf_counts = -8.511531546711922
Posterior = -2.604009818680887 for parameter set #581: [0.30396353882056404, 0.944297172295935, -1.0014113100908606]
Proposed outside bounds: prior -infinity
Proposed outside bounds: prior -infinity
Running module mass_function_like
Running module mass_function_like
Running module mass_function_like
Model N: 1889684.6253663858
Done mass_function_like status = 0 

Pipeline ran okay.
Likelihood hmf_counts = -8.15760400146246
Posterior = -2.576396074854788 for parameter set #566: [0.2910004632679595, 0.7340274014977999, -1.0002562883474155]
Running module mass_function_like
Model N: 1889779.3982946062
Done mass_function_like status = 0 

Pipeline ran okay.
Likelihood hmf_counts = -8.170995030552149
Posterior = -2.189452008843352 for parameter set #578: [0.30096120688255024, 0.9139938608935735, -1.0003715558140556]
Running module mass_function_like
Model N: 1888151.3681311212
Done mass_function_like status = 0 

Pipeline ran okay.
Likelihood hmf_counts = -8.601697266101837
Posterior = -6.180282759612413 for parameter set #582: [0.3267006692609712, 0.8998492569523497, -0.9984105576954829]
Running module mass_function_like
Model N: 1889113.4161844635
Done mass_function_like status = 0 

Pipeline ran okay.
Likelihood hmf_counts = -8.177555404603481
Posterior = -2.3115130956896195 for parameter set #567: [0.295098614570497, 0.8556606738017665, -0.999568417014412]
Model N: 1889534.5562567764
Done mass_function_like status = 0 

Pipeline ran okay.
Likelihood hmf_counts = -8.146120961755514
Posterior = -2.428663977034427 for parameter set #579: [0.29266907594331043, 0.8785218191827882, -1.0000768640903128]
Model N: 1887666.5419757431
Done mass_function_like status = 0 

Pipeline ran okay.
Likelihood hmf_counts = -9.0013014562428
Posterior = -3.1353812415675844 for parameter set #583: [0.30489924406288027, 0.944064292134106, -0.9978258742598414]
Running module mass_function_like
Running module mass_function_like
Running module mass_function_like
Running module mass_function_like
Model N: 1887233.9712090844
Done mass_function_like status = 0 

Pipeline ran okay.
Likelihood hmf_counts = -9.463047489523888
Posterior = -3.9644782759227937 for parameter set #568: [0.3098715457516346, 0.8859896665282866, -0.9973047207340141]
Running module mass_function_like
Model N: 1889589.1641471158
Done mass_function_like status = 0 

Pipeline ran okay.
Likelihood hmf_counts = -8.148920197039843
Posterior = -2.940252316755272 for parameter set #580: [0.28753003105809033, 0.7034851061991686, -1.0001421551776488]
Running module mass_function_like
Model N: 1887657.2150330702
Done mass_function_like status = 0 

Pipeline ran okay.
Likelihood hmf_counts = -9.010210681706667
Posterior = -7.831397449092362 for parameter set #584: [0.331006829389293, 0.7078273351402639, -0.9978139476111945]
Running module mass_function_like
Model N: 1889940.827272999
Done mass_function_like status = 0 

Pipeline ran okay.
Likelihood hmf_counts = -8.20474486798048
Posterior = -2.3026963736965316 for parameter set #559: [0.30410134200929745, 0.9021887893448929, -1.000565545403396]
Running module mass_function_like
Model N: 1890244.0276884402
Done mass_function_like status = 0 

Pipeline ran okay.
Likelihood hmf_counts = -8.305393405258656
Posterior = -2.3193129967679598 for parameter set #569: [0.3000956983635822, 0.9302759126692297, -1.0009307886505197]
Model N: 1891544.505270916
Done mass_function_like status = 0 

Pipeline ran okay.
Likelihood hmf_counts = -9.28833158314228
Posterior = -3.5028254529443554 for parameter set #581: [0.30633011074735683, 0.7352311222717148, -1.0024975074907452]
Model N: 1890241.7962147244
Done mass_function_like status = 0 

Pipeline ran okay.
Likelihood hmf_counts = -8.30447506532073
Posterior = -2.332315351316052 for parameter set #585: [0.29832866547287146, 0.9776296350797752, -1.0009274506748738]
Model N: 1889149.6894295586
Done mass_function_like status = 0 

Pipeline ran okay.
Likelihood hmf_counts = -8.171152878552675
Posterior = -3.0785920509584095 for parameter set #560: [0.31336862901899826, 0.6443288716885717, -0.9996131946749154]
Running module mass_function_like
Running module mass_function_like
Running module mass_function_like
Running module mass_function_like
Model N: 1889780.5019518202
Done mass_function_like status = 0 

Pipeline ran okay.
Likelihood hmf_counts = -8.171178966760635
Posterior = -2.18933946231619 for parameter set #570: [0.29907015401973996, 0.8628951488983699, -1.0003727082178113]
Running module mass_function_like
Model N: 1889752.6519821114
Done mass_function_like status = 0 

Pipeline ran okay.
Likelihood hmf_counts = -8.166734550148249
Posterior = -2.8917547757915827 for parameter set #582: [0.3119263072420984, 0.8381719619891826, -1.0003382670229999]
Running module mass_function_like
Model N: 1890948.432232905
Done mass_function_like status = 0 

Pipeline ran okay.
Likelihood hmf_counts = -8.726862631738186
Posterior = -6.187361368958467 for parameter set #561: [0.3262545611327823, 0.896959955115351, -1.0017796269020343]
Running module mass_function_like
Model N: 1891287.6679028897
Done mass_function_like status = 0 

Pipeline ran okay.
Likelihood hmf_counts = -9.023391887545586
Posterior = -3.045419254163508 for parameter set #586: [0.29873845347954814, 0.9275890301421075, -1.0021880870725646]
Running module mass_function_like
Model N: 1885459.7836978307
Done mass_function_like status = 0 

Pipeline ran okay.
Likelihood hmf_counts = -12.395902138203382
Posterior = -10.48991192351584 for parameter set #571: [0.32856225312374965, 0.8273409904090565, -0.9951672253580875]
Model N: 1891064.6612498753
Done mass_function_like status = 0 

Pipeline ran okay.
Likelihood hmf_counts = -8.821612380445004
Posterior = -2.8657950862582586 for parameter set #583: [0.3024563373518825, 0.69536212865494, -1.001919675140454]
Model N: 1888940.0630648204
Done mass_function_like status = 0 

Pipeline ran okay.
Likelihood hmf_counts = -8.217774018645287
Posterior = -2.254824063694427 for parameter set #562: [0.29784597620403225, 0.9108997175815557, -0.999360152652291]
Model N: 1889428.0866576352
Done mass_function_like status = 0 

Pipeline ran okay.
Likelihood hmf_counts = -8.145201299339533
Posterior = -2.604299274925131 for parameter set #587: [0.290563185326113, 0.8485449719722088, -0.9999475806503888]
Proposed outside bounds: prior -infinity
Running module mass_function_like
Running module mass_function_like
Running module mass_function_like
Running module mass_function_like
Model N: 1888930.7895614344
Done mass_function_like status = 0 

Pipeline ran okay.
Likelihood hmf_counts = -8.220373898744583
Posterior = -2.256266669739855 for parameter set #572: [0.30209957838163515, 0.7978534644870379, -0.9993497409381271]
Running module mass_function_like
Model N: 1889370.3087257904
Done mass_function_like status = 0 

Pipeline ran okay.
Likelihood hmf_counts = -8.14721354097128
Posterior = -2.781336839598551 for parameter set #584: [0.2888618486746753, 0.8378361469410796, -0.9998782093299573]
Model N: 1891587.9379126194
Done mass_function_like status = 0 

Pipeline ran okay.
Likelihood hmf_counts = -9.336578164249659
Posterior = -6.633279571541825 for parameter set #588: [0.27437756501027416, 0.9547059279987031, -1.0025497099003216]
Running module mass_function_like
Model N: 1890149.3392246482
Done mass_function_like status = 0 

Pipeline ran okay.
Likelihood hmf_counts = -8.268740106374025
Posterior = -2.343685657421606 for parameter set #563: [0.30349518738900566, 0.7832499530052959, -1.0008172438621814]
Running module mass_function_like
Model N: 1890982.1540142698
Done mass_function_like status = 0 

Pipeline ran okay.
Likelihood hmf_counts = -8.753617513924837
Posterior = -2.8854049100785435 for parameter set #589: [0.3048536855776509, 0.8656604470229275, -1.0018198652174204]
Model N: 1891113.1622136508
Done mass_function_like status = 0 

Pipeline ran okay.
Likelihood hmf_counts = -8.863261017948389
Posterior = -2.91367847455375 for parameter set #573: [0.3026978289196977, 0.6788479229070365, -1.0019777257435156]
Model N: 1888743.2044236406
Done mass_function_like status = 0 

Pipeline ran okay.
Likelihood hmf_counts = -8.282742600888014
Posterior = -2.3152754267349644 for parameter set #564: [0.301932036530235, 0.9027464035022653, -0.9991223004341768]
Running module mass_function_like
Running module mass_function_like
Running module mass_function_like
Running module mass_function_like
Model N: 1891544.287074118
Done mass_function_like status = 0 

Pipeline ran okay.
Likelihood hmf_counts = -9.288091719150543
Posterior = -12.645190185132307 for parameter set #574: [0.3432272047535882, 0.9817583930540393, -1.002497317315928]
Running module mass_function_like
Model N: 1888198.7551680552
Done mass_function_like status = 0 

Pipeline ran okay.
Likelihood hmf_counts = -8.569324020296335
Posterior = -2.642118638649988 for parameter set #585: [0.3034306475467975, 0.9236143213689935, -0.9984675304102928]
Running module mass_function_like
Model N: 1887932.6091507354
Done mass_function_like status = 0 

Pipeline ran okay.
Likelihood hmf_counts = -8.76657547056675
Posterior = -7.028252466721069 for parameter set #590: [0.32914678261966335, 0.7272461472706908, -0.9981462011165008]
Running module mass_function_like
Model N: 1889943.5569172408
Done mass_function_like status = 0 

Pipeline ran okay.
Likelihood hmf_counts = -8.205434076488018
Posterior = -2.387995124289386 for parameter set #565: [0.3058088615950522, 0.9445067438574729, -1.0005692169930576]
Running module mass_function_like
Model N: 1886221.606220182
Done mass_function_like status = 0 

Pipeline ran okay.
Likelihood hmf_counts = -10.93178229406476
Posterior = -6.756523995125292 for parameter set #575: [0.31902705904578604, 0.7852446816727404, -0.9960850564457671]
Model N: 1888568.0373412361
Done mass_function_like status = 0 

Pipeline ran okay.
Likelihood hmf_counts = -8.35781018808484
Posterior = -2.4326052084649303 for parameter set #586: [0.29650986048880756, 0.90360549488381, -0.9989121664427724]
Model N: 1891343.9888175577
Done mass_function_like status = 0 

Pipeline ran okay.
Likelihood hmf_counts = -9.078507136553526
Posterior = -3.2003639601529503 for parameter set #566: [0.30464266856442734, 0.7090372877812345, -1.0022560334840993]
Model N: 1890287.3698452364
Done mass_function_like status = 0 

Pipeline ran okay.
Likelihood hmf_counts = -8.323752738535404
Posterior = -2.3428977022695863 for parameter set #591: [0.2989737268749939, 0.9738138465335529, -1.0009828412780066]
Running module mass_function_like
Running module mass_function_like
Running module mass_function_like
Running module mass_function_like
Model N: 1890304.7040969217
Done mass_function_like status = 0 

Pipeline ran okay.
Likelihood hmf_counts = -8.331373445689678
Posterior = -4.687046100626511 for parameter set #576: [0.32164158850097446, 0.8065217731118085, -1.0010040762872925]
Running module mass_function_like
Model N: 1889521.2214763835
Done mass_function_like status = 0 

Pipeline ran okay.
Likelihood hmf_counts = -8.145677141845226
Posterior = -2.5165840313759453 for parameter set #587: [0.2915492458557768, 0.6942833061061403, -1.0000598749438996]
Proposed outside bounds: prior -infinity
Model N: 1889278.152936517
Done mass_function_like status = 0 

Pipeline ran okay.
Likelihood hmf_counts = -8.154079873114824
Posterior = -3.334041898765931 for parameter set #592: [0.3152717310865097, 0.7526911417385956, -0.9997679867233151]
Running module mass_function_like
Model N: 1889831.740158639
Done mass_function_like status = 0 

Pipeline ran okay.
Likelihood hmf_counts = -8.180427759885788
Posterior = -2.430634525132847 for parameter set #567: [0.30687556326868265, 0.9021509119022286, -1.0004343199056736]
Proposed outside bounds: prior -infinity
Model N: 1886845.403550632
Done mass_function_like status = 0 

Pipeline ran okay.
Likelihood hmf_counts = -9.96245438978076
Posterior = -5.192421087972014 for parameter set #577: [0.31559253621976985, 0.8090155268549591, -0.9968368145254048]
Model N: 1891725.1214503744
Done mass_function_like status = 0 

Pipeline ran okay.
Likelihood hmf_counts = -9.495508540421724
Posterior = -3.558634841250777 for parameter set #593: [0.30312817296926725, 0.7202682132079926, -1.0027147300088046]
Proposed outside bounds: prior -infinity
Proposed outside bounds: prior -infinity
Running module mass_function_like
Running module mass_function_like
Running module mass_function_like
Running module mass_function_like
Model N: 1889370.8553697467
Done mass_function_like status = 0 

Pipeline ran okay.
Likelihood hmf_counts = -8.14718622341752
Posterior = -2.7792800981569235 for parameter set #578: [0.28888008394115944, 0.8368620727232494, -0.9998794420174456]
Model N: 1887807.5889906064
Done mass_function_like status = 0 

Pipeline ran okay.
Likelihood hmf_counts = -8.872194424271584
Posterior = -2.8900145097326613 for parameter set #568: [0.2991295250390934, 0.9856999854495735, -0.9979951562479564]
Running module mass_function_like
Model N: 1889897.9382472916
Done mass_function_like status = 0 

Pipeline ran okay.
Likelihood hmf_counts = -8.19443330168724
Posterior = -2.3465767247787657 for parameter set #588: [0.3052592720937913, 0.8885348920153406, -1.0005143162280266]
Running module mass_function_like
Model N: 1888625.2085464494
Done mass_function_like status = 0 

Pipeline ran okay.
Likelihood hmf_counts = -8.331522852182388
Posterior = -2.799731722480418 for parameter set #594: [0.29046767175355565, 0.8377348667974337, -0.9989804014664481]
Model N: 1890867.7795194583
Done mass_function_like status = 0 

Pipeline ran okay.
Likelihood hmf_counts = -8.665309995412827
Posterior = -2.7013690687632437 for parameter set #569: [0.30210176866258315, 0.9758430092777752, -1.0016818653072608]
Model N: 1888776.3931129212
Done mass_function_like status = 0 

Pipeline ran okay.
Likelihood hmf_counts = -8.270351026207209
Posterior = -2.3226744095507055 for parameter set #589: [0.3027733688767505, 0.8932824427680788, -0.9991630237624706]
Running module mass_function_like
Running module mass_function_like
Running module mass_function_like
Running module mass_function_like
Model N: 1893951.9586223555
Done mass_function_like status = 0 

Pipeline ran okay.
Likelihood hmf_counts = -13.464066293090582
Posterior = -7.793554232562791 for parameter set #579: [0.2920728207376929, 0.6907507610885826, -1.0053974103766663]
Running module mass_function_like
Model N: 1890996.8695242084
Done mass_function_like status = 0 

Pipeline ran okay.
Likelihood hmf_counts = -8.765481129288673
Posterior = -7.391366840324411 for parameter set #570: [0.33037066482887145, 0.7639052720087416, -1.001837487674737]
Running module mass_function_like
Model N: 1889190.2117455099
Done mass_function_like status = 0 

Pipeline ran okay.
Likelihood hmf_counts = -8.16482412815094
Posterior = -2.222556735424776 for parameter set #590: [0.2970370160053883, 0.8834563019708952, -0.9996607578309018]
Proposed outside bounds: prior -infinity
Model N: 1890043.8588364592
Done mass_function_like status = 0 

Pipeline ran okay.
Likelihood hmf_counts = -8.233492568135262
Posterior = -2.447193887336481 for parameter set #595: [0.29367786378720884, 0.763361676585609, -1.0006900070441311]
Running module mass_function_like
Model N: 1892894.8971872062
Done mass_function_like status = 0 

Pipeline ran okay.
Likelihood hmf_counts = -11.25418046489358
Posterior = -5.3517243607566805 for parameter set #596: [0.3040709430047788, 0.9693125538279794, -1.0041243881305408]
Model N: 1886195.9334823883
Done mass_function_like status = 0 

Pipeline ran okay.
Likelihood hmf_counts = -10.976102069020271
Posterior = -6.744865181049793 for parameter set #580: [0.3187304782160663, 0.7778985221700773, -0.9960539671387569]
Model N: 1889818.7370168066
Done mass_function_like status = 0 

Pipeline ran okay.
Likelihood hmf_counts = -8.177949100732803
Posterior = -4.276498631082059 for parameter set #571: [0.2795808409836398, 0.789920866430448, -1.0004188895436303]
Proposed outside bounds: prior -infinity
Running module mass_function_like
Proposed outside bounds: prior -infinity
Running module mass_function_like
Proposed outside bounds: prior -infinity
Running module mass_function_like
Model N: 1889334.9552562258
Done mass_function_like status = 0 

Pipeline ran okay.
Likelihood hmf_counts = -8.149316165596247
Posterior = -5.7261105065783955 for parameter set #597: [0.3266944282579073, 0.6707764631018409, -0.9998351576750197]
Running module mass_function_like
Model N: 1891087.6191433358
Done mass_function_like status = 0 

Pipeline ran okay.
Likelihood hmf_counts = -8.841171819716692
Posterior = -3.230344558397629 for parameter set #581: [0.3086620161444795, 0.6971799058144343, -1.0019475009374645]
Model N: 1890938.057138062
Done mass_function_like status = 0 

Pipeline ran okay.
Likelihood hmf_counts = -8.718751907348633
Posterior = -2.7795646725468277 for parameter set #572: [0.2969397322608492, 0.9110353289664902, -1.001766860334115]
Running module mass_function_like
Model N: 1889720.7020476295
Done mass_function_like status = 0 

Pipeline ran okay.
Likelihood hmf_counts = -8.162141289561987
Posterior = -2.198753051552657 for parameter set #598: [0.2978656718998652, 0.9747923570871424, -1.0002999181821604]
Model N: 1889164.623886191
Done mass_function_like status = 0 

Pipeline ran okay.
Likelihood hmf_counts = -8.16871926933527
Posterior = -2.47128420547571 for parameter set #573: [0.3075990474245571, 0.728807068626814, -0.9996299976391495]
Running module mass_function_like
Running module mass_function_like
Running module mass_function_like
Running module mass_function_like
Model N: 1889437.8901486648
Done mass_function_like status = 0 

Pipeline ran okay.
Likelihood hmf_counts = -8.145035203546286
Posterior = -2.4088249794708148 for parameter set #582: [0.29292950904641163, 0.7418633824824655, -0.9999594905172919]
Running module mass_function_like
Model N: 1892867.7856504244
Done mass_function_like status = 0 

Pipeline ran okay.
Likelihood hmf_counts = -11.205248568207026
Posterior = -5.2302704593680645 for parameter set #574: [0.2985609403202205, 0.9012116088840378, -1.0040913203283501]
Running module mass_function_like
Model N: 1889049.2611632054
Done mass_function_like status = 0 

Pipeline ran okay.
Likelihood hmf_counts = -8.190584920346737
Posterior = -6.8669200537336526 for parameter set #599: [0.3305368359597546, 0.6694840366674315, -0.9994920832280079]
Running module mass_function_like
Model N: 1890285.9446578035
Done mass_function_like status = 0 

Pipeline ran okay.
Likelihood hmf_counts = -8.323133245110512
Posterior = -2.8159702518819003 for parameter set #591: [0.3097873222300822, 0.9721961026490977, -1.0009812476174256]
Running module mass_function_like
Model N: 1888792.5284345862
Done mass_function_like status = 0 

Pipeline ran okay.
Likelihood hmf_counts = -8.264537386596203
Posterior = -2.2807515776441836 for parameter set #583: [0.3006856079480428, 0.8377833486299805, -0.9991824731669532]
Model N: 1891607.8022767669
Done mass_function_like status = 0 

Pipeline ran okay.
Likelihood hmf_counts = -9.35897621512413
Posterior = -3.419530351144192 for parameter set #575: [0.3030460582398092, 0.712364732410382, -1.0025741008867934]
Model N: 1885038.207044993
Done mass_function_like status = 0 

Pipeline ran okay.
Likelihood hmf_counts = -13.338680755347013
Posterior = -7.35393959746358 for parameter set #592: [0.3000242291806715, 0.8433724232301129, -0.9946606655829758]
Model N: 1891193.4729234274
Done mass_function_like status = 0 

Pipeline ran okay.
Likelihood hmf_counts = -8.9349579885602
Posterior = -9.209524897969741 for parameter set #600: [0.3353850853502236, 0.7550879435730393, -1.0020741308866563]
Proposed outside bounds: prior -infinity
Proposed outside bounds: prior -infinity
Running module mass_function_like
Running module mass_function_like
Running module mass_function_like
Running module mass_function_like
Model N: 1885654.9741506185
Done mass_function_like status = 0 

Pipeline ran okay.
Likelihood hmf_counts = -11.991390101611614
Posterior = -7.555354219736189 for parameter set #584: [0.317601572658515, 0.7525428932107547, -0.9954025319796448]
Model N: 1889296.991472001
Done mass_function_like status = 0 

Pipeline ran okay.
Likelihood hmf_counts = -8.152310699224472
Posterior = -2.8373834491913534 for parameter set #576: [0.28841345541614966, 0.8409630268159992, -0.9997906797009893]
Model N: 1889187.0025701453
Done mass_function_like status = 0 

Pipeline ran okay.
Likelihood hmf_counts = -8.165293633937836
Posterior = -2.4907469176820882 for parameter set #593: [0.3078945158279245, 0.719738164663717, -0.9996564681163278]
Running module mass_function_like
Model N: 1888131.98143844
Done mass_function_like status = 0 

Pipeline ran okay.
Likelihood hmf_counts = -8.615284647792578
Posterior = -2.754419974931034 for parameter set #601: [0.30500349472399757, 0.91859105317256, -0.9983872531298846]
Proposed outside bounds: prior -infinity
Model N: 1891647.7059740815
Done mass_function_like status = 0 

Pipeline ran okay.
Likelihood hmf_counts = -9.40459929406643
Posterior = -3.459977180070971 for parameter set #594: [0.3028706658031264, 0.6283147547494823, -1.0026221860673845]
Proposed outside bounds: prior -infinity
Running module mass_function_like
Running module mass_function_like
Running module mass_function_like
Running module mass_function_like
Model N: 1890264.5079501155
Done mass_function_like status = 0 

Pipeline ran okay.
Likelihood hmf_counts = -8.313944853842258
Posterior = -2.3282507376985278 for parameter set #585: [0.29970681531983095, 0.8074408343972019, -1.0009551473508824]
Running module mass_function_like
Model N: 1888311.0636181715
Done mass_function_like status = 0 

Pipeline ran okay.
Likelihood hmf_counts = -8.497350968420506
Posterior = -2.8497907903740023 for parameter set #577: [0.3082281430455477, 0.8817500891505226, -0.9986025035686883]
Running module mass_function_like
Model N: 1890974.4653388227
Done mass_function_like status = 0 

Pipeline ran okay.
Likelihood hmf_counts = -8.747464433312416
Posterior = -16.49988486059091 for parameter set #595: [0.3524183670037162, 0.7775906764595468, -1.0018107918009889]
Running module mass_function_like
Model N: 1886114.1751780068
Done mass_function_like status = 0 

Pipeline ran okay.
Likelihood hmf_counts = -11.119576785713434
Posterior = -5.135896271551187 for parameter set #602: [0.30057816037675533, 0.8606116376172136, -0.9959560997001473]
Model N: 1891124.034998548
Done mass_function_like status = 0 

Pipeline ran okay.
Likelihood hmf_counts = -8.872768208384514
Posterior = -2.9644217135002666 for parameter set #596: [0.30394017394299816, 0.6477775334143444, -1.001990825761332]
Model N: 1886168.3615328562
Done mass_function_like status = 0 

Pipeline ran okay.
Likelihood hmf_counts = -11.024090349674225
Posterior = -6.463743860018923 for parameter set #586: [0.31688212935085663, 0.7910737421502992, -0.9960211283014506]
Model N: 1889364.2126448771
Done mass_function_like status = 0 

Pipeline ran okay.
Likelihood hmf_counts = -8.147528901696205
Posterior = -4.895699093743597 for parameter set #578: [0.2766147957454078, 0.9143825872472615, -0.999871964640198]
Running module mass_function_like
Running module mass_function_like
Running module mass_function_like
Running module mass_function_like
Model N: 1889692.4684246678
Done mass_function_like status = 0 

Pipeline ran okay.
Likelihood hmf_counts = -8.158531822264194
Posterior = -2.197749135594595 for parameter set #587: [0.29774685682755886, 0.9811886492678067, -1.0002668446388714]
Running module mass_function_like
Model N: 1893835.607208723
Done mass_function_like status = 0 

Pipeline ran okay.
Likelihood hmf_counts = -13.191983934491873
Posterior = -9.789534375660923 for parameter set #579: [0.27727407669749693, 0.9856810387375589, -1.0052573932001452]
Running module mass_function_like
Model N: 1889764.0336310824
Done mass_function_like status = 0 

Pipeline ran okay.
Likelihood hmf_counts = -8.168501298874617
Posterior = -2.8206473308155093 for parameter set #597: [0.2887012449367312, 0.6663006135981346, -1.0003526979568444]
Proposed outside bounds: prior -infinity
Model N: 1889802.8604559014
Done mass_function_like status = 0 

Pipeline ran okay.
Likelihood hmf_counts = -8.175043996423483
Posterior = -3.876668879935509 for parameter set #603: [0.31837273213574496, 0.8191355401334671, -1.0003992644011308]
Running module mass_function_like
Model N: 1889730.3689266748
Done mass_function_like status = 0 

Pipeline ran okay.
Likelihood hmf_counts = -8.163474053144455
Posterior = -2.472765465430352 for parameter set #604: [0.30768708097761494, 0.6190062173612769, -1.000311777295623]
Model N: 1888445.1229610217
Done mass_function_like status = 0 

Pipeline ran okay.
Likelihood hmf_counts = -8.420189458876848
Posterior = -2.4570991218169196 for parameter set #588: [0.3021448871333543, 0.8930957812770479, -0.9987632573737307]
Model N: 1890717.6223318018
Done mass_function_like status = 0 

Pipeline ran okay.
Likelihood hmf_counts = -8.559870783239603
Posterior = -2.607413896889952 for parameter set #580: [0.29740770774676345, 0.761917246437098, -1.0015015709750297]
Proposed outside bounds: prior -infinity
Running module mass_function_like
Running module mass_function_like
Running module mass_function_like
Running module mass_function_like
Model N: 1884567.5025243543
Done mass_function_like status = 0 

Pipeline ran okay.
Likelihood hmf_counts = -14.502992153167725
Posterior = -15.207638152634972 for parameter set #589: [0.33657614271104047, 0.9203777351140278, -0.9940933272894074]
Model N: 1892885.1080022154
Done mass_function_like status = 0 

Pipeline ran okay.
Likelihood hmf_counts = -11.236467871814966
Posterior = -23.519425850962655 for parameter set #598: [0.36044548268472976, 0.6593480768516551, -1.0041124492656186]
Running module mass_function_like
Model N: 1890258.306539436
Done mass_function_like status = 0 

Pipeline ran okay.
Likelihood hmf_counts = -8.311332069337368
Posterior = -2.823307635043597 for parameter set #581: [0.3099809835817115, 0.9829410565183917, -1.0009478097331228]
Running module mass_function_like
Model N: 1890708.780664653
Done mass_function_like status = 0 

Pipeline ran okay.
Likelihood hmf_counts = -8.554033737629652
Posterior = -8.491187902029834 for parameter set #605: [0.3344186361537106, 0.757140171537148, -1.0014906960982324]
Running module mass_function_like
Model N: 1892535.2004756478
Done mass_function_like status = 0 

Pipeline ran okay.
Likelihood hmf_counts = -10.636533431708813
Posterior = -4.677589321557203 for parameter set #582: [0.30230409654553114, 0.9344793663876954, -1.003690807887177]
Model N: 1889360.5910860086
Done mass_function_like status = 0 

Pipeline ran okay.
Likelihood hmf_counts = -8.147725559771061
Posterior = -2.828328959756605 for parameter set #599: [0.2884520822530395, 0.8175200031349612, -0.9998661132590082]
Model N: 1890300.2578431633
Done mass_function_like status = 0 

Pipeline ran okay.
Likelihood hmf_counts = -8.329403575509787
Posterior = -2.3444196129605688 for parameter set #606: [0.29952341181778236, 0.8038093447028943, -1.000998736440599]
Running module mass_function_like
Proposed outside bounds: prior -infinity
Running module mass_function_like
Proposed outside bounds: prior -infinity
Running module mass_function_like
Model N: 1889762.5050650828
Done mass_function_like status = 0 

Pipeline ran okay.
Likelihood hmf_counts = -8.168260041624308
Posterior = -2.6767412933991244 for parameter set #583: [0.2900536976507006, 0.6629316055434804, -1.0003497829806902]
Running module mass_function_like
Model N: 1886419.1597282505
Done mass_function_like status = 0 

Pipeline ran okay.
Likelihood hmf_counts = -10.602447748184204
Posterior = -5.979449557681657 for parameter set #600: [0.3165075464028309, 0.9558825171789187, -0.9963233546822473]
Running module mass_function_like
Model N: 1892703.188504184
Done mass_function_like status = 0 

Pipeline ran okay.
Likelihood hmf_counts = -10.916498206555843
Posterior = -4.931942656069326 for parameter set #607: [0.30041380403978574, 0.9176791611846918, -1.0038930665214514]
Running module mass_function_like
Model N: 1889746.2998867456
Done mass_function_like status = 0 

Pipeline ran okay.
Likelihood hmf_counts = -8.165778331458569
Posterior = -2.319722683062783 for parameter set #584: [0.2947064494872592, 0.952324429432633, -1.0003311857417896]
Model N: 1888211.7802067427
Done mass_function_like status = 0 

Pipeline ran okay.
Likelihood hmf_counts = -8.56063425168395
Posterior = -2.659050198793798 for parameter set #601: [0.2958897598172892, 0.9241406220432955, -0.9984828114009711]
Model N: 1890518.9540914656
Done mass_function_like status = 0 

Pipeline ran okay.
Likelihood hmf_counts = -8.438682179898024
Posterior = -2.472161313507362 for parameter set #608: [0.30197833835257026, 0.7743915312043562, -1.0012612547192425]
Running module mass_function_like
Proposed outside bounds: prior -infinity
Running module mass_function_like
Running module mass_function_like
Running module mass_function_like
Model N: 1890000.0410915618
Done mass_function_like status = 0 

Pipeline ran okay.
Likelihood hmf_counts = -8.220580395311117
Posterior = -5.0424757944551 for parameter set #590: [0.2763017103486809, 0.789228385531556, -1.0006364731754012]
Running module mass_function_like
Model N: 1890269.2827612152
Done mass_function_like status = 0 

Pipeline ran okay.
Likelihood hmf_counts = -8.315970443189144
Posterior = -3.931813645573162 for parameter set #602: [0.31789953345381844, 0.6691805238969386, -1.0009615696796725]
Proposed outside bounds: prior -infinity
Model N: 1893406.8266875476
Done mass_function_like status = 0 

Pipeline ran okay.
Likelihood hmf_counts = -12.250876288861036
Posterior = -6.27120938141453 for parameter set #609: [0.30103719846878785, 0.9028339250741758, -1.004740689792569]
Running module mass_function_like
Model N: 1888666.8310084655
Done mass_function_like status = 0 

Pipeline ran okay.
Likelihood hmf_counts = -8.313473954796791
Posterior = -6.619966582789421 for parameter set #585: [0.2706994362174253, 0.8411352457475456, -0.9990309194125189]
Model N: 1884081.2508997843
Done mass_function_like status = 0 

Pipeline ran okay.
Likelihood hmf_counts = -15.829537387937307
Posterior = -11.873043494356754 for parameter set #591: [0.32013736756672284, 0.6681521597560304, -0.9935072939644652]
Model N: 1891731.619512708
Done mass_function_like status = 0 

Pipeline ran okay.
Likelihood hmf_counts = -9.503283184021711
Posterior = -3.5175506434487325 for parameter set #610: [0.3001151326218955, 0.9396207211940947, -1.0027228645730302]
Running module mass_function_like
Proposed outside bounds: prior -infinity
Running module mass_function_like
Running module mass_function_like
Running module mass_function_like
Model N: 1891225.5718617893
Done mass_function_like status = 0 

Pipeline ran okay.
Likelihood hmf_counts = -8.964567247778177
Posterior = -8.976280383830213 for parameter set #592: [0.3346342586947233, 0.7585787456128446, -1.0021131830834322]
Proposed outside bounds: prior -infinity
Model N: 1889113.0793767073
Done mass_function_like status = 0 

Pipeline ran okay.
Likelihood hmf_counts = -8.177618119865656
Posterior = -2.196138834531162 for parameter set #586: [0.29903243524404527, 0.6911207188498459, -0.9995681520885522]
Model N: 1887717.1963627378
Done mass_function_like status = 0 

Pipeline ran okay.
Likelihood hmf_counts = -8.953721199184656
Posterior = -3.398878496587338 for parameter set #603: [0.3092855102048172, 0.8768884852702779, -0.9978866314371907]
Running module mass_function_like
Model N: 1889402.8401454608
Done mass_function_like status = 0 

Pipeline ran okay.
Likelihood hmf_counts = -8.145863208919764
Posterior = -4.744358419243305 for parameter set #611: [0.3227361579540811, 0.8709425684309599, -0.9999180842916989]
Proposed outside bounds: prior -infinity
Model N: 1890078.294153221
Done mass_function_like status = 0 

Pipeline ran okay.
Likelihood hmf_counts = -8.244352575391531
Posterior = -2.553601870507343 for parameter set #604: [0.2923137517820621, 0.9687418122924953, -1.000731498835268]
Proposed outside bounds: prior -infinity
Running module mass_function_like
Proposed outside bounds: prior -infinity
Running module mass_function_like
Running module mass_function_like
Running module mass_function_like
Model N: 1887615.6103343074
Done mass_function_like status = 0 

Pipeline ran okay.
Likelihood hmf_counts = -9.05051390454173
Posterior = -3.165286570657953 for parameter set #593: [0.304487589979184, 0.8739027268562667, -0.9977645369154855]
Model N: 1889772.2071184881
Done mass_function_like status = 0 

Pipeline ran okay.
Likelihood hmf_counts = -8.169812332838774
Posterior = -2.6617395444163083 for parameter set #587: [0.2902215527315125, 0.6645005513337011, -1.0003626131502659]
Running module mass_function_like
Model N: 1889450.3900304565
Done mass_function_like status = 0 

Pipeline ran okay.
Likelihood hmf_counts = -8.144897200167179
Posterior = -2.1622028106408795 for parameter set #605: [0.29916632206282323, 0.9683578230018354, -0.9999740349164681]
Running module mass_function_like
Model N: 1890617.4389777023
Done mass_function_like status = 0 

Pipeline ran okay.
Likelihood hmf_counts = -8.496150691062212
Posterior = -3.108419310399217 for parameter set #612: [0.31093931268531205, 0.9067581660705081, -1.0013807747978043]
Model N: 1890587.3508036647
Done mass_function_like status = 0 

Pipeline ran okay.
Likelihood hmf_counts = -8.478049512952566
Posterior = -3.1064470678204525 for parameter set #588: [0.31108581711854255, 0.8755199889535789, -1.0013443711487886]
Model N: 1889422.265276189
Done mass_function_like status = 0 

Pipeline ran okay.
Likelihood hmf_counts = -8.145323999226093
Posterior = -2.9207533912017745 for parameter set #606: [0.2876582113219928, 0.8152577296244914, -0.9999415426641216]
Running module mass_function_like
Running module mass_function_like
Running module mass_function_like
Running module mass_function_like
Model N: 1891436.2236288465
Done mass_function_like status = 0 

Pipeline ran okay.
Likelihood hmf_counts = -9.17238611355424
Posterior = -5.23334515111619 for parameter set #594: [0.3202328855704508, 0.8341094249237946, -1.0023675420900924]
Running module mass_function_like
Model N: 1894178.397609259
Done mass_function_like status = 0 

Pipeline ran okay.
Likelihood hmf_counts = -14.014025807380676
Posterior = -8.173123828495264 for parameter set #589: [0.2946397807194204, 0.8782920352363711, -1.0056705999424298]
Running module mass_function_like
Model N: 1887348.3521094471
Done mass_function_like status = 0 

Pipeline ran okay.
Likelihood hmf_counts = -9.331300117075443
Posterior = -4.057492999486005 for parameter set #607: [0.31193344401445716, 0.8625575288607202, -0.9974427752155978]
Running module mass_function_like
Model N: 1889357.758905853
Done mass_function_like status = 0 

Pipeline ran okay.
Likelihood hmf_counts = -8.14788419380784
Posterior = -4.900810291610256 for parameter set #613: [0.32340553221515816, 0.8650650395931204, -0.9998640456963538]
Proposed outside bounds: prior -infinity
Model N: 1891360.0023328126
Done mass_function_like status = 0 

Pipeline ran okay.
Likelihood hmf_counts = -9.094483766704798
Posterior = -3.3009162379061436 for parameter set #608: [0.3062023073804022, 0.6245086830448443, -1.0022755427776286]
Model N: 1885281.7287371387
Done mass_function_like status = 0 

Pipeline ran okay.
Likelihood hmf_counts = -12.782563839107752
Posterior = -11.045515179216533 for parameter set #595: [0.3291473748356437, 0.886224877910438, -0.9949531023163696]
Model N: 1889670.9968127247
Done mass_function_like status = 0 

Pipeline ran okay.
Likelihood hmf_counts = -8.156069185584784
Posterior = -2.170235485723045 for parameter set #590: [0.2997419609530047, 0.8293954176479822, -1.0002407130924982]
Proposed outside bounds: prior -infinity
Running module mass_function_like
Running module mass_function_like
Running module mass_function_like
Running module mass_function_like
Model N: 1889236.4987658367
Done mass_function_like status = 0 

Pipeline ran okay.
Likelihood hmf_counts = -8.158658657222986
Posterior = -2.2069481501811854 for parameter set #596: [0.2973749276808485, 0.6861129198094191, -0.999717606495257]
Running module mass_function_like
Model N: 1889730.3127862539
Done mass_function_like status = 0 

Pipeline ran okay.
Likelihood hmf_counts = -8.163466174155474
Posterior = -2.4743516915201953 for parameter set #609: [0.30770779056202263, 0.6189522728864121, -1.0003117170174907]
Running module mass_function_like
Model N: 1890180.8767897682
Done mass_function_like status = 0 

Pipeline ran okay.
Likelihood hmf_counts = -8.28042146936059
Posterior = -2.7358472734663772 for parameter set #591: [0.2906025654086215, 0.8388995130558472, -1.0008536669122963]
Model N: 1886828.3013519149
Done mass_function_like status = 0 

Pipeline ran okay.
Likelihood hmf_counts = -9.986275795847178
Posterior = -4.59103650051815 for parameter set #614: [0.31086667723737965, 0.8696185339450152, -0.996816129668783]
Running module mass_function_like
Model N: 1888218.7088649059
Done mass_function_like status = 0 

Pipeline ran okay.
Likelihood hmf_counts = -8.55604837089777
Posterior = -3.201885962290052 for parameter set #597: [0.31124182648481746, 0.845728744731158, -0.9984913875990267]
Model N: 1891321.2641288657
Done mass_function_like status = 0 

Pipeline ran okay.
Likelihood hmf_counts = -9.056067280471325
Posterior = -3.273057238296496 for parameter set #610: [0.30637041835655504, 0.6159943620953416, -1.0022285663003732]
Model N: 1889946.0003570411
Done mass_function_like status = 0 

Pipeline ran okay.
Likelihood hmf_counts = -8.206054367125034
Posterior = -2.322975478461495 for parameter set #615: [0.30454035824555753, 0.9013527718365938, -1.000572085600303]
Running module mass_function_like
Running module mass_function_like
Running module mass_function_like
Running module mass_function_like
Model N: 1889052.193837103
Done mass_function_like status = 0 

Pipeline ran okay.
Likelihood hmf_counts = -8.18994177877903
Posterior = -2.25164091607172 for parameter set #598: [0.29690626845414525, 0.7389737011648108, -0.9994944180806157]
Running module mass_function_like
Model N: 1890259.7628673734
Done mass_function_like status = 0 

Pipeline ran okay.
Likelihood hmf_counts = -8.31194382533431
Posterior = -2.863285572732245 for parameter set #611: [0.31036789438266843, 0.9858169996657823, -1.000949689395017]
Running module mass_function_like
Model N: 1891283.3993461959
Done mass_function_like status = 0 

Pipeline ran okay.
Likelihood hmf_counts = -9.019283015280962
Posterior = -3.0368044618729675 for parameter set #592: [0.2991690058621203, 0.822823957739171, -1.0021826958391313]
Running module mass_function_like
Model N: 1889322.0275730542
Done mass_function_like status = 0 

Pipeline ran okay.
Likelihood hmf_counts = -8.150250222533941
Posterior = -7.6386443834791065 for parameter set #616: [0.3330894607407108, 0.8237980211775462, -0.9998201033508948]
Running module mass_function_like
Model N: 1888492.8657764206
Done mass_function_like status = 0 

Pipeline ran okay.
Likelihood hmf_counts = -8.395009208470583
Posterior = -2.458973070685693 for parameter set #599: [0.296835703402225, 0.8963285359298464, -0.9988208887082849]
Model N: 1890095.4672844156
Done mass_function_like status = 0 

Pipeline ran okay.
Likelihood hmf_counts = -8.250002920627594
Posterior = -2.6196183098195567 for parameter set #612: [0.2915648753683724, 0.9857580833023872, -1.000751920032507]
Model N: 1891222.532477455
Done mass_function_like status = 0 

Pipeline ran okay.
Likelihood hmf_counts = -8.961740273982286
Posterior = -3.021005195581534 for parameter set #593: [0.2969929426652095, 0.9065622694192992, -1.002109361400589]
Model N: 1890105.2758696724
Done mass_function_like status = 0 

Pipeline ran okay.
Likelihood hmf_counts = -8.25330014526844
Posterior = -3.6304458339479204 for parameter set #617: [0.31651233511437316, 0.8389175643428398, -1.0007635677170839]
Proposed outside bounds: prior -infinity
Running module mass_function_like
Running module mass_function_like
Running module mass_function_like
Running module mass_function_like
Model N: 1889491.9255021599
Done mass_function_like status = 0 

Pipeline ran okay.
Likelihood hmf_counts = -8.145032562315464
Posterior = -2.2032699200493333 for parameter set #600: [0.3029801626389918, 0.7308685084794379, -1.0000239624332705]
Running module mass_function_like
Model N: 1891562.1723742383
Done mass_function_like status = 0 

Pipeline ran okay.
Likelihood hmf_counts = -9.307836659252644
Posterior = -3.593987627561283 for parameter set #613: [0.3073756792593903, 0.6029317708750169, -1.0025189814286435]
Model N: 1889193.5007412445
Done mass_function_like status = 0 

Pipeline ran okay.
Likelihood hmf_counts = -8.164348594844341
Posterior = -8.610497614863359 for parameter set #618: [0.3358672913653118, 0.8838494501426926, -0.9996656843282211]
Running module mass_function_like
Model N: 1891033.8753608703
Done mass_function_like status = 0 

Pipeline ran okay.
Likelihood hmf_counts = -8.795820821076632
Posterior = -2.850126633804849 for parameter set #594: [0.30283894906195324, 0.8262294528005214, -1.0018824005771634]
Running module mass_function_like
Model N: 1890103.88920004
Done mass_function_like status = 0 

Pipeline ran okay.
Likelihood hmf_counts = -8.252830918878317
Posterior = -6.245829895395466 for parameter set #619: [0.2717895783746098, 0.6990608706385348, -1.000762271027878]
Model N: 1887420.1965651356
Done mass_function_like status = 0 

Pipeline ran okay.
Likelihood hmf_counts = -9.252095997333527
Posterior = -5.191525928031336 for parameter set #601: [0.31962291540523474, 0.7860854427232646, -0.9975285492395487]
Model N: 1888057.903924475
Done mass_function_like status = 0 

Pipeline ran okay.
Likelihood hmf_counts = -8.669037487357855
Posterior = -2.7727069869470444 for parameter set #595: [0.2957645753710414, 0.9209973541448722, -0.9982975993333013]
Running module mass_function_like
Running module mass_function_like
Running module mass_function_like
Running module mass_function_like
Model N: 1890919.7997911097
Done mass_function_like status = 0 

Pipeline ran okay.
Likelihood hmf_counts = -8.704617340117693
Posterior = -8.66357357584861 for parameter set #602: [0.3344818021018882, 0.9823966654185785, -1.001745694774321]
Proposed outside bounds: prior -infinity
Model N: 1887237.8175285207
Done mass_function_like status = 0 

Pipeline ran okay.
Likelihood hmf_counts = -9.458504416048527
Posterior = -4.039267482912946 for parameter set #614: [0.3106449105652248, 0.8841533799138619, -0.9973093498685283]
Running module mass_function_like
Model N: 1889324.8644017882
Done mass_function_like status = 0 

Pipeline ran okay.
Likelihood hmf_counts = -8.150037679821253
Posterior = -2.2505375581506675 for parameter set #620: [0.304163359886306, 0.9582769776778861, -0.9998228918319237]
Running module mass_function_like
Model N: 1887007.4788449125
Done mass_function_like status = 0 

Pipeline ran okay.
Likelihood hmf_counts = -9.744407810270786
Posterior = -4.4336645636556975 for parameter set #596: [0.28838117313299233, 0.8497507491733867, -0.9970315582954323]
Running module mass_function_like
Model N: 1888545.5846130317
Done mass_function_like status = 0 

Pipeline ran okay.
Likelihood hmf_counts = -8.368607494980097
Posterior = -2.4976271631013933 for parameter set #597: [0.2952015191045211, 0.9640932120515381, -0.9988856270806321]
Model N: 1891200.4342574796
Done mass_function_like status = 0 

Pipeline ran okay.
Likelihood hmf_counts = -8.941333163529634
Posterior = -3.026506749691234 for parameter set #615: [0.2962283681108248, 0.9359842928369324, -1.0020835948485194]
Model N: 1889273.343691164
Done mass_function_like status = 0 

Pipeline ran okay.
Likelihood hmf_counts = -8.154561623930931
Posterior = -2.5536227169583707 for parameter set #621: [0.3087775594265451, 0.6875985498585815, -0.9997606949629364]
Running module mass_function_like
Running module mass_function_like
Running module mass_function_like
Running module mass_function_like
Model N: 1887388.4816560752
Done mass_function_like status = 0 

Pipeline ran okay.
Likelihood hmf_counts = -9.286722209304571
Posterior = -3.62111451235595 for parameter set #603: [0.30800308521542846, 0.8973146455689751, -0.9974901953279818]
Proposed outside bounds: prior -infinity
Model N: 1888599.2680648076
Done mass_function_like status = 0 

Pipeline ran okay.
Likelihood hmf_counts = -8.343235712498426
Posterior = -3.0202156215031657 for parameter set #616: [0.2884839744700591, 0.6960402249006401, -0.998949221966914]
Running module mass_function_like
Model N: 1891400.6621012269
Done mass_function_like status = 0 

Pipeline ran okay.
Likelihood hmf_counts = -9.13565843552351
Posterior = -3.182504747065825 for parameter set #622: [0.2974408690198488, 0.8212203466854737, -1.0023241016532023]
Running module mass_function_like
Model N: 1890082.9498786095
Done mass_function_like status = 0 

Pipeline ran okay.
Likelihood hmf_counts = -8.245869003236294
Posterior = -2.6826308426703953 for parameter set #598: [0.30919678420235536, 0.9806188014552673, -1.0007370055751328]
Running module mass_function_like
Model N: 1889914.1349503393
Done mass_function_like status = 0 

Pipeline ran okay.
Likelihood hmf_counts = -8.198213033378124
Posterior = -2.5370383378745123 for parameter set #599: [0.29193798324047204, 0.9800046395239679, -1.0005338743690195]
Model N: 1890429.4861472123
Done mass_function_like status = 0 

Pipeline ran okay.
Likelihood hmf_counts = -8.39092018455267
Posterior = -3.1279532124086638 for parameter set #617: [0.28797389590685446, 0.8380297245028987, -1.0011545328959437]
Model N: 1889419.8747353137
Done mass_function_like status = 0 

Pipeline ran okay.
Likelihood hmf_counts = -8.145379580557346
Posterior = -2.1650670602573276 for parameter set #623: [0.29891770539959556, 0.9291867801813467, -0.9999384467851891]
Running module mass_function_like
Running module mass_function_like
Running module mass_function_like
Running module mass_function_like
Model N: 1889229.906774294
Done mass_function_like status = 0 

Pipeline ran okay.
Likelihood hmf_counts = -8.159467451274395
Posterior = -2.2092355274031013 for parameter set #604: [0.29731920242710597, 0.677333072665653, -0.9997096297264435]
Running module mass_function_like
Model N: 1889627.3525904955
Done mass_function_like status = 0 

Pipeline ran okay.
Likelihood hmf_counts = -8.15181540325284
Posterior = -2.4636944360809805 for parameter set #618: [0.3077207095291166, 0.6311304626755614, -1.000188277106062]
Running module mass_function_like
Model N: 1889864.9898926094
Done mass_function_like status = 0 

Pipeline ran okay.
Likelihood hmf_counts = -8.187172632664442
Posterior = -4.2125341801902865 for parameter set #600: [0.3200575165763649, 0.8422072877262844, -1.0004734811577332]
Running module mass_function_like
Model N: 1889556.1922525617
Done mass_function_like status = 0 

Pipeline ran okay.
Likelihood hmf_counts = -8.147041276097298
Posterior = -3.5862245942623696 for parameter set #624: [0.31688402985119635, 0.8600889535400467, -1.0001015711453496]
Proposed outside bounds: prior -infinity
Model N: 1888573.4796269778
Done mass_function_like status = 0 

Pipeline ran okay.
Likelihood hmf_counts = -8.355233252048492
Posterior = -3.298738109369033 for parameter set #619: [0.2863646356095242, 0.9391871531345831, -0.9989177360255712]
Model N: 1887846.7353530847
Done mass_function_like status = 0 

Pipeline ran okay.
Likelihood hmf_counts = -8.838231887668371
Posterior = -3.5308526064176746 for parameter set #605: [0.3116498824431536, 0.8188135597305298, -0.9980433099220245]
Model N: 1891271.4517078903
Done mass_function_like status = 0 

Pipeline ran okay.
Likelihood hmf_counts = -9.007833503186703
Posterior = -3.101481447538376 for parameter set #601: [0.2960104556668037, 0.9366999446246346, -1.0021686040174866]
Proposed outside bounds: prior -infinity
Running module mass_function_like
Running module mass_function_like
Running module mass_function_like
Running module mass_function_like
Model N: 1889402.0346015827
Done mass_function_like status = 0 

Pipeline ran okay.
Likelihood hmf_counts = -8.14588988572359
Posterior = -2.1673888441928897 for parameter set #606: [0.29876160391850315, 0.904592057845244, -0.9999161017020806]
Running module mass_function_like
Model N: 1890704.7859924354
Done mass_function_like status = 0 

Pipeline ran okay.
Likelihood hmf_counts = -8.551410108804703
Posterior = -10.982194126181273 for parameter set #620: [0.34102887553793865, 0.9392924336549475, -1.0014859043611077]
Running module mass_function_like
Model N: 1889441.1707859011
Done mass_function_like status = 0 

Pipeline ran okay.
Likelihood hmf_counts = -8.144990980625153
Posterior = -2.199345216455649 for parameter set #625: [0.30284688211108796, 0.6527795895901278, -0.9999639976146889]
Model N: 1888750.4885301674
Done mass_function_like status = 0 

Pipeline ran okay.
Likelihood hmf_counts = -8.279972985386848
Posterior = -2.3658640712605976 for parameter set #602: [0.30379533670585307, 0.9111334192356423, -0.99913166745973]
Running module mass_function_like
Model N: 1888015.404169579
Done mass_function_like status = 0 

Pipeline ran okay.
Likelihood hmf_counts = -8.70118959248066
Posterior = -7.506675067356286 for parameter set #621: [0.2690435753288739, 0.9840787611533668, -0.9982458590115761]
Model N: 1886663.0839124734
Done mass_function_like status = 0 

Pipeline ran okay.
Likelihood hmf_counts = -10.224398612976074
Posterior = -6.770229133593686 for parameter set #607: [0.32250079084163996, 0.8100066260301955, -0.9966174096561368]
Model N: 1889530.5411703894
Done mass_function_like status = 0 

Pipeline ran okay.
Likelihood hmf_counts = -8.145977426320314
Posterior = -2.57124222895866 for parameter set #603: [0.2909287920401661, 0.8970360058329697, -1.0000708711266864]
Proposed outside bounds: prior -infinity
Proposed outside bounds: prior -infinity
Proposed outside bounds: prior -infinity
Running module mass_function_like
Running module mass_function_like
Running module mass_function_like
Model N: 1891880.6749160867
Done mass_function_like status = 0 

Pipeline ran okay.
Likelihood hmf_counts = -9.687742091715336
Posterior = -3.7708421375697467 for parameter set #604: [0.29628925101145215, 0.8049254312565847, -1.0029026654117248]
Running module mass_function_like
Model N: 1890309.5726871188
Done mass_function_like status = 0 

Pipeline ran okay.
Likelihood hmf_counts = -8.333542425185442
Posterior = -2.481194798335814 for parameter set #622: [0.2948275541172448, 0.8389221297205115, -1.0010090475754005]
Model N: 1889601.6341196825
Done mass_function_like status = 0 

Pipeline ran okay.
Likelihood hmf_counts = -8.149780735373497
Posterior = -4.694247901705853 for parameter set #626: [0.32249726853706717, 0.9429887678906488, -1.0001565846764995]
Proposed outside bounds: prior -infinity
Model N: 1891360.0046530801
Done mass_function_like status = 0 

Pipeline ran okay.
Likelihood hmf_counts = -9.094486091285944
Posterior = -3.1760019683100085 for parameter set #605: [0.29632776663430055, 0.9366181248795044, -1.002275545268888]
Running module mass_function_like
Running module mass_function_like
Running module mass_function_like
Running module mass_function_like
Model N: 1889936.325440005
Done mass_function_like status = 0 

Pipeline ran okay.
Likelihood hmf_counts = -8.203616809099913
Posterior = -2.361534381070105 for parameter set #608: [0.2946321059852838, 0.8992257542524162, -1.0005596240580295]
Running module mass_function_like
Model N: 1889886.234518865
Done mass_function_like status = 0 

Pipeline ran okay.
Likelihood hmf_counts = -8.19178843870759
Posterior = -2.5000851469223067 for parameter set #623: [0.30767403051970144, 0.9028914948305906, -1.0005000775624795]
Running module mass_function_like
Model N: 1889071.6193197796
Done mass_function_like status = 0 

Pipeline ran okay.
Likelihood hmf_counts = -8.185796711593866
Posterior = -2.3206111675148575 for parameter set #606: [0.29508121176041463, 0.7866813509259092, -0.9995186489466268]
Running module mass_function_like
Model N: 1890622.7244987453
Done mass_function_like status = 0 

Pipeline ran okay.
Likelihood hmf_counts = -8.49937990307808
Posterior = -2.5157097769854673 for parameter set #627: [0.29930671182711294, 0.8476212457043248, -1.0013867170174013]
Running module mass_function_like
Model N: 1887437.1193751162
Done mass_function_like status = 0 

Pipeline ran okay.
Likelihood hmf_counts = -9.233838018029928
Posterior = -7.991657860942587 for parameter set #609: [0.2691984116704864, 0.9080369987658597, -0.9975499283325602]
Model N: 1889244.5748087016
Done mass_function_like status = 0 

Pipeline ran okay.
Likelihood hmf_counts = -8.157699134200811
Posterior = -2.211419399596001 for parameter set #607: [0.2971756049039671, 0.6759153976151847, -0.9997263267287074]
Model N: 1892056.2561612641
Done mass_function_like status = 0 

Pipeline ran okay.
Likelihood hmf_counts = -9.92007226869464
Posterior = -5.398284693688545 for parameter set #624: [0.2828892012443398, 0.8531926397033762, -1.0031137516299478]
Model N: 1889411.8793457109
Done mass_function_like status = 0 

Pipeline ran okay.
Likelihood hmf_counts = -8.145587451756
Posterior = -2.202913816903962 for parameter set #628: [0.3029494277776498, 0.6483148102959371, -0.9999276369771403]
Proposed outside bounds: prior -infinity
Proposed outside bounds: prior -infinity
Running module mass_function_like
Running module mass_function_like
Running module mass_function_like
Model N: 1888395.03940125
Done mass_function_like status = 0 

Pipeline ran okay.
Likelihood hmf_counts = -8.44790218025446
Posterior = -2.653982698374924 for parameter set #610: [0.29380054692882, 0.9709676818417453, -0.998704284275737]
Running module mass_function_like
Model N: 1888150.0912965175
Done mass_function_like status = 0 

Pipeline ran okay.
Likelihood hmf_counts = -8.602586023509502
Posterior = -2.6317556911116666 for parameter set #625: [0.3017442746325467, 0.9154917675275088, -0.9984080490981936]
Running module mass_function_like
Model N: 1889746.4585727586
Done mass_function_like status = 0 

Pipeline ran okay.
Likelihood hmf_counts = -8.165801960974932
Posterior = -4.022923049706606 for parameter set #629: [0.31920044329221486, 0.9294310918669452, -1.0003314632448201]
Running module mass_function_like
Model N: 1887903.9091096767
Done mass_function_like status = 0 

Pipeline ran okay.
Likelihood hmf_counts = -8.790088951587677
Posterior = -3.3958452346701646 for parameter set #611: [0.31087885625462025, 0.8173182813851406, -0.9981119650994201]
Model N: 1890327.6060073662
Done mass_function_like status = 0 

Pipeline ran okay.
Likelihood hmf_counts = -8.341685522347689
Posterior = -2.3637682962176125 for parameter set #626: [0.30128055368846585, 0.6940277670300468, -1.0010315316278335]
Model N: 1891848.0051215994
Done mass_function_like status = 0 

Pipeline ran okay.
Likelihood hmf_counts = -9.646308921277523
Posterior = -3.7083472774325186 for parameter set #630: [0.2969081371862691, 0.9494163406031754, -1.0028628503649035]
Running module mass_function_like
Running module mass_function_like
Running module mass_function_like
Running module mass_function_like
Model N: 1889598.6337393206
Done mass_function_like status = 0 

Pipeline ran okay.
Likelihood hmf_counts = -8.149566166102886
Posterior = -2.2284389568361824 for parameter set #612: [0.29639330823416865, 0.7302241137646893, -1.0001536889699005]
Proposed outside bounds: prior -infinity
Model N: 1888494.9090429447
Done mass_function_like status = 0 

Pipeline ran okay.
Likelihood hmf_counts = -8.393958508968353
Posterior = -2.5144756205703924 for parameter set #627: [0.3046177374147236, 0.6026173147491389, -0.9988241156893443]
Running module mass_function_like
Model N: 1891397.6296878937
Done mass_function_like status = 0 

Pipeline ran okay.
Likelihood hmf_counts = -9.132557488977909
Posterior = -3.226462476119325 for parameter set #631: [0.29600487467072145, 0.8562674784025665, -1.0023210898666592]
Proposed outside bounds: prior -infinity
Model N: 1889766.1784421608
Done mass_function_like status = 0 

Pipeline ran okay.
Likelihood hmf_counts = -8.168841905891895
Posterior = -2.676632071743451 for parameter set #608: [0.2900606502685188, 0.6896237919990915, -1.0003554765346223]
Running module mass_function_like
Model N: 1889778.856090837
Done mass_function_like status = 0 

Pipeline ran okay.
Likelihood hmf_counts = -8.170904900878668
Posterior = -2.414868887837067 for parameter set #628: [0.2932158030423137, 0.9690292293744983, -1.0003704836097527]
Model N: 1891845.0626970467
Done mass_function_like status = 0 

Pipeline ran okay.
Likelihood hmf_counts = -9.642604872584343
Posterior = -3.7041923084575465 for parameter set #609: [0.29692272607240267, 0.9493532946806184, -1.0028596485661947]
Proposed outside bounds: prior -infinity
Running module mass_function_like
Running module mass_function_like
Running module mass_function_like
Running module mass_function_like
Model N: 1889933.2115497908
Done mass_function_like status = 0 

Pipeline ran okay.
Likelihood hmf_counts = -8.202842812985182
Posterior = -3.18777836053998 for parameter set #613: [0.3139362089318571, 0.8742457777717407, -1.000556207572495]
Running module mass_function_like
Model N: 1888345.970130284
Done mass_function_like status = 0 

Pipeline ran okay.
Likelihood hmf_counts = -8.476342622190714
Posterior = -2.635297587908159 for parameter set #629: [0.2946142299908402, 0.9264770160712479, -0.9986443414155917]
Proposed outside bounds: prior -infinity
Model N: 1890201.0448533604
Done mass_function_like status = 0 

Pipeline ran okay.
Likelihood hmf_counts = -8.288167364895344
Posterior = -3.3347843941647977 for parameter set #632: [0.3143718327048196, 0.9337491536540293, -1.0008794378101329]
Running module mass_function_like
Model N: 1890822.5160692942
Done mass_function_like status = 0 

Pipeline ran okay.
Likelihood hmf_counts = -8.632271729409695
Posterior = -2.648420576673664 for parameter set #610: [0.2993388016391892, 0.9802133697895083, -1.0016275666040386]
Model N: 1886454.3390787442
Done mass_function_like status = 0 

Pipeline ran okay.
Likelihood hmf_counts = -10.54597520083189
Posterior = -6.013964814918784 for parameter set #614: [0.317049919085067, 0.8011586579087896, -0.9963656422837498]
Model N: 1890054.763664301
Done mass_function_like status = 0 

Pipeline ran okay.
Likelihood hmf_counts = -8.236863806843758
Posterior = -2.387272270873643 for parameter set #633: [0.29477403919356776, 0.9023317964443837, -1.000702139990467]
Running module mass_function_like
Running module mass_function_like
Running module mass_function_like
Running module mass_function_like
Model N: 1889824.7795327099
Done mass_function_like status = 0 

Pipeline ran okay.
Likelihood hmf_counts = -8.179089795798063
Posterior = -2.242237146365879 for parameter set #615: [0.3031403118454674, 0.8066032505155807, -1.0004260489210153]
Running module mass_function_like
Model N: 1889669.2090001493
Done mass_function_like status = 0 

Pipeline ran okay.
Likelihood hmf_counts = -8.155875138938427
Posterior = -2.8759813075908998 for parameter set #611: [0.2881149434285279, 0.6888600738082874, -1.0002382380014694]
Proposed outside bounds: prior -infinity
Model N: 1889522.7177139642
Done mass_function_like status = 0 

Pipeline ran okay.
Likelihood hmf_counts = -8.14572225138545
Posterior = -2.167344545841039 for parameter set #630: [0.29875167172051226, 0.8813348163826038, -1.000062408172462]
Proposed outside bounds: prior -infinity
Model N: 1889492.121221001
Done mass_function_like status = 0 

Pipeline ran okay.
Likelihood hmf_counts = -8.145035363733768
Posterior = -2.4394204380782583 for parameter set #634: [0.3074907217618714, 0.8397829094398563, -1.000024300565055]
Running module mass_function_like
Model N: 1890690.1531859967
Done mass_function_like status = 0 

Pipeline ran okay.
Likelihood hmf_counts = -8.541871570050716
Posterior = -2.5559085908855597 for parameter set #616: [0.29985941374194147, 0.9034828271409024, -1.001467760915979]
Model N: 1889159.4954094668
Done mass_function_like status = 0 

Pipeline ran okay.
Likelihood hmf_counts = -8.169541653245687
Posterior = -2.214752747544706 for parameter set #635: [0.30250493785071275, 0.9552192924405669, -0.9996246636280383]
Running module mass_function_like
Running module mass_function_like
Running module mass_function_like
Running module mass_function_like
Model N: 1890043.3563231835
Done mass_function_like status = 0 

Pipeline ran okay.
Likelihood hmf_counts = -8.233338728547096
Posterior = -6.396282806509531 for parameter set #617: [0.32880656114675216, 0.8062228192935114, -1.0006894955377716]
Running module mass_function_like
Model N: 1891683.0964346454
Done mass_function_like status = 0 

Pipeline ran okay.
Likelihood hmf_counts = -9.445765774697065
Posterior = -3.599780262615659 for parameter set #612: [0.29471172956668845, 0.8652680556012468, -1.0026645254349065]
Running module mass_function_like
Model N: 1887900.478470088
Done mass_function_like status = 0 

Pipeline ran okay.
Likelihood hmf_counts = -8.792928833514452
Posterior = -2.809217273478964 for parameter set #631: [0.30067510717421897, 0.9295779403492163, -0.9981073339895442]
Running module mass_function_like
Model N: 1890423.8372971849
Done mass_function_like status = 0 

Pipeline ran okay.
Likelihood hmf_counts = -8.388046611100435
Posterior = -5.658319744457743 for parameter set #636: [0.3255200971705624, 0.9151581599384045, -1.0011476335026757]
Proposed outside bounds: prior -infinity
Model N: 1890564.2909344826
Done mass_function_like status = 0 

Pipeline ran okay.
Likelihood hmf_counts = -8.464500531554222
Posterior = -2.4790431837056364 for parameter set #632: [0.30035371541342115, 0.8306300538683787, -1.0013160314069984]
Model N: 1884110.1406423321
Done mass_function_like status = 0 

Pipeline ran okay.
Likelihood hmf_counts = -15.747207276523113
Posterior = -12.718519501348947 for parameter set #618: [0.3243121227085378, 0.6902299344231269, -0.9935421526789754]
Model N: 1889167.8672509184
Done mass_function_like status = 0 

Pipeline ran okay.
Likelihood hmf_counts = -8.168206360191107
Posterior = -2.3427952459065224 for parameter set #613: [0.2943298729844221, 0.8762351599274176, -0.999633896142091]
Running module mass_function_like
Running module mass_function_like
Running module mass_function_like
Running module mass_function_like
Model N: 1891734.3772723356
Done mass_function_like status = 0 

Pipeline ran okay.
Likelihood hmf_counts = -9.506589461117983
Posterior = -3.57539238019109 for parameter set #619: [0.2966954332782256, 0.9263019213958623, -1.0027262821940113]
Running module mass_function_like
Model N: 1889929.414042601
Done mass_function_like status = 0 

Pipeline ran okay.
Likelihood hmf_counts = -8.201905827969313
Posterior = -3.1279421404609957 for parameter set #614: [0.31350696596872757, 0.8715563228241192, -1.0005510324874798]
Proposed outside bounds: prior -infinity
Model N: 1888917.5749095147
Done mass_function_like status = 0 

Pipeline ran okay.
Likelihood hmf_counts = -8.224157381802797
Posterior = -2.485511588661283 for parameter set #633: [0.3070356452483594, 0.6847004032819435, -0.99933360214695]
Proposed outside bounds: prior -infinity
Model N: 1889942.1650118434
Done mass_function_like status = 0 

Pipeline ran okay.
Likelihood hmf_counts = -8.205082137137651
Posterior = -3.078696056371732 for parameter set #637: [0.3131131033375939, 0.7859069833569365, -1.000566414552292]
Proposed outside bounds: prior -infinity
Model N: 1888689.499100527
Done mass_function_like status = 0 

Pipeline ran okay.
Likelihood hmf_counts = -8.304030291736126
Posterior = -2.442667366012338 for parameter set #620: [0.3049952426658794, 0.8483764840665499, -0.9990582402497932]
Running module mass_function_like
Running module mass_function_like
Running module mass_function_like
Running module mass_function_like
Model N: 1888249.3338041413
Done mass_function_like status = 0 

Pipeline ran okay.
Likelihood hmf_counts = -8.536083340644836
Posterior = -2.5505109749702886 for parameter set #621: [0.30031266967746156, 0.9292795862277947, -0.9985279915782388]
Running module mass_function_like
Model N: 1891372.8917996194
Done mass_function_like status = 0 

Pipeline ran okay.
Likelihood hmf_counts = -9.107441931962967
Posterior = -3.2033999053431 for parameter set #615: [0.2959536423666467, 0.8510716473171982, -1.0022910287881381]
Running module mass_function_like
Model N: 1889673.9279173955
Done mass_function_like status = 0 

Pipeline ran okay.
Likelihood hmf_counts = -8.156390983611345
Posterior = -2.822616001783005 for parameter set #634: [0.2885772897120746, 0.6906549770380743, -1.000244307696566]
Proposed outside bounds: prior -infinity
Model N: 1890313.3291735973
Done mass_function_like status = 0 

Pipeline ran okay.
Likelihood hmf_counts = -8.335224516689777
Posterior = -3.476014244840348 for parameter set #638: [0.3150127131951697, 0.9555057521879158, -1.001014480149727]
Running module mass_function_like
Model N: 1890138.9013733128
Done mass_function_like status = 0 

Pipeline ran okay.
Likelihood hmf_counts = -8.264989834278822
Posterior = -3.87309822880247 for parameter set #639: [0.28214365328677615, 0.9230816831520847, -1.0008040218853276]
Model N: 1890338.8253695066
Done mass_function_like status = 0 

Pipeline ran okay.
Likelihood hmf_counts = -8.346838489174843
Posterior = -2.368371891828698 for parameter set #622: [0.3012367961016385, 0.7004769897133154, -1.0010449633387635]
Model N: 1889837.739333864
Done mass_function_like status = 0 

Pipeline ran okay.
Likelihood hmf_counts = -8.181601479649544
Posterior = -2.3703298707777734 for parameter set #616: [0.30591418902749523, 0.7612055663115914, -1.0004415792965815]
Proposed outside bounds: prior -infinity
Proposed outside bounds: prior -infinity
Proposed outside bounds: prior -infinity
Running module mass_function_like
Running module mass_function_like
Running module mass_function_like
Model N: 1888885.0010821135
Done mass_function_like status = 0 

Pipeline ran okay.
Likelihood hmf_counts = -8.233878515660763
Posterior = -2.380415048102872 for parameter set #623: [0.30515133133289757, 0.8335699698634804, -0.9992932088582631]
Model N: 1888936.417747835
Done mass_function_like status = 0 

Pipeline ran okay.
Likelihood hmf_counts = -8.21879057213664
Posterior = -5.502579004871232 for parameter set #635: [0.32557317792620133, 0.885637555652145, -0.9993549533491407]
Running module mass_function_like
Model N: 1890484.3599675777
Done mass_function_like status = 0 

Pipeline ran okay.
Likelihood hmf_counts = -8.419712483882904
Posterior = -3.916367858665886 for parameter set #640: [0.3172206295394539, 0.7399002043245119, -1.0012205233113158]
Proposed outside bounds: prior -infinity
Model N: 1887186.6194815612
Done mass_function_like status = 0 

Pipeline ran okay.
Likelihood hmf_counts = -9.519619971513748
Posterior = -10.17391401279096 for parameter set #636: [0.26355803235548386, 0.9261959912264767, -0.9972485276390085]
Running module mass_function_like
Running module mass_function_like
Running module mass_function_like
Running module mass_function_like
Model N: 1890929.425569124
Done mass_function_like status = 0 

Pipeline ran okay.
Likelihood hmf_counts = -8.712047521024942
Posterior = -4.723676790026264 for parameter set #624: [0.2800117810520597, 0.9149473670954389, -1.0017567196565267]
Running module mass_function_like
Model N: 1887865.6940805272
Done mass_function_like status = 0 

Pipeline ran okay.
Likelihood hmf_counts = -8.822075717151165
Posterior = -2.8962920930737646 for parameter set #637: [0.30346983931653787, 0.9934767723003624, -0.9980662509992527]
Running module mass_function_like
Model N: 1890307.0744987633
Done mass_function_like status = 0 

Pipeline ran okay.
Likelihood hmf_counts = -8.332427904009819
Posterior = -3.4333674254052617 for parameter set #641: [0.3147448863623359, 0.9528224532300862, -1.001006677254154]
Running module mass_function_like
Model N: 1891498.97155784
Done mass_function_like status = 0 

Pipeline ran okay.
Likelihood hmf_counts = -9.238820686936378
Posterior = -3.3262871442476607 for parameter set #617: [0.2961701806684459, 0.8417422705798496, -1.0024429265228811]
Running module mass_function_like
Model N: 1890993.9296960824
Done mass_function_like status = 0 

Pipeline ran okay.
Likelihood hmf_counts = -8.763101898133755
Posterior = -2.777106760138233 for parameter set #625: [0.30003502341172905, 0.7352617061353969, -1.0018343748683847]
Model N: 1890824.3308668698
Done mass_function_like status = 0 

Pipeline ran okay.
Likelihood hmf_counts = -8.633575532585382
Posterior = -2.650524613925139 for parameter set #638: [0.299227246892664, 0.9817125495383368, -1.001630105920019]
Model N: 1890461.7389968552
Done mass_function_like status = 0 

Pipeline ran okay.
Likelihood hmf_counts = -8.407650396227837
Posterior = -3.0435794070737954 for parameter set #642: [0.3111537201370084, 0.670476855576631, -1.0011930140206693]
Model N: 1893261.4607049767
Done mass_function_like status = 0 

Pipeline ran okay.
Likelihood hmf_counts = -11.95381211489439
Posterior = -5.970410061760706 for parameter set #618: [0.29941261603338165, 0.8929369094426984, -1.0045658843510752]
Proposed outside bounds: prior -infinity
Running module mass_function_like
Running module mass_function_like
Running module mass_function_like
Running module mass_function_like
Model N: 1888569.73644139
Done mass_function_like status = 0 

Pipeline ran okay.
Likelihood hmf_counts = -8.357003975659609
Posterior = -2.6083578021601195 for parameter set #626: [0.30689150636805057, 0.9519139626104527, -0.9989133156267196]
Running module mass_function_like
Model N: 1890313.278001383
Done mass_function_like status = 0 

Pipeline ran okay.
Likelihood hmf_counts = -8.335201554000378
Posterior = -4.98993341189048 for parameter set #619: [0.32298194896553706, 0.7414552189993616, -1.001014735114252]
Proposed outside bounds: prior -infinity
Model N: 1890048.9531220002
Done mass_function_like status = 0 

Pipeline ran okay.
Likelihood hmf_counts = -8.235059641301632
Posterior = -3.7140352839328497 for parameter set #639: [0.31711794950045713, 0.6023042973337273, -1.0006954837233004]
Model N: 1889480.6621253449
Done mass_function_like status = 0 

Pipeline ran okay.
Likelihood hmf_counts = -8.144905630499125
Posterior = -2.1662456677719053 for parameter set #643: [0.3012255242404769, 0.9463270715917452, -1.0000115784734396]
Running module mass_function_like
Model N: 1886567.104522625
Done mass_function_like status = 0 

Pipeline ran okay.
Likelihood hmf_counts = -10.369384340941906
Posterior = -4.912888933771065 for parameter set #627: [0.28971348584706047, 0.9628752995681753, -0.9965007329730694]
Model N: 1890538.7552984965
Done mass_function_like status = 0 

Pipeline ran okay.
Likelihood hmf_counts = -8.449824884533882
Posterior = -6.40987872365077 for parameter set #644: [0.271906795464555, 0.9094312787887587, -1.001285702262615]
Running module mass_function_like
Running module mass_function_like
Running module mass_function_like
Running module mass_function_like
Model N: 1889797.7841994031
Done mass_function_like status = 0 

Pipeline ran okay.
Likelihood hmf_counts = -8.17414327710867
Posterior = -2.377949136244456 for parameter set #628: [0.29383611038291535, 0.9631083194191468, -1.000392449436781]
Running module mass_function_like
Model N: 1892217.853088131
Done mass_function_like status = 0 

Pipeline ran okay.
Likelihood hmf_counts = -10.148277524858713
Posterior = -4.254058294181097 for parameter set #640: [0.295724416151233, 0.9220095652438925, -1.0033081742198782]
Running module mass_function_like
Model N: 1891977.5441897234
Done mass_function_like status = 0 

Pipeline ran okay.
Likelihood hmf_counts = -9.813907742500305
Posterior = -4.7728505166784565 for parameter set #645: [0.2862547705760687, 0.8897130220714007, -1.0030187161041475]
Running module mass_function_like
Model N: 1890540.0582270958
Done mass_function_like status = 0 

Pipeline ran okay.
Likelihood hmf_counts = -8.450565349310637
Posterior = -3.822786704021599 for parameter set #620: [0.31648215993617285, 0.8354167982012234, -1.0012875686646516]
Proposed outside bounds: prior -infinity
Model N: 1888907.6217783098
Done mass_function_like status = 0 

Pipeline ran okay.
Likelihood hmf_counts = -8.227068118751049
Posterior = -2.3671089529171114 for parameter set #629: [0.30502368997620904, 0.8248894707843551, -0.9993210739215421]
Model N: 1891809.4904061528
Done mass_function_like status = 0 

Pipeline ran okay.
Likelihood hmf_counts = -9.598186660557985
Posterior = -4.693455473167166 for parameter set #641: [0.2852959763672765, 0.8499765678082676, -1.0028170033758617]
Model N: 1890820.7914529506
Done mass_function_like status = 0 

Pipeline ran okay.
Likelihood hmf_counts = -8.631034329533577
Posterior = -2.645099728581548 for parameter set #646: [0.2998566614298746, 0.9838994846226936, -1.0016259586083156]
Running module mass_function_like
Running module mass_function_like
Running module mass_function_like
Running module mass_function_like
Model N: 1890508.345552705
Done mass_function_like status = 0 

Pipeline ran okay.
Likelihood hmf_counts = -8.432797726243734
Posterior = -4.977629452702376 for parameter set #630: [0.27750145244292224, 0.9250941882622972, -1.0012492663322965]
Running module mass_function_like
Model N: 1890587.6132725326
Done mass_function_like status = 0 

Pipeline ran okay.
Likelihood hmf_counts = -8.478205345571041
Posterior = -3.7470520626136956 for parameter set #642: [0.3158425105153816, 0.918151596868273, -1.0013456421740248]
Proposed outside bounds: prior -infinity
Model N: 1889627.5521155973
Done mass_function_like status = 0 

Pipeline ran okay.
Likelihood hmf_counts = -8.151832558214664
Posterior = -2.229007650978147 for parameter set #647: [0.303559293297305, 0.9162083179904761, -1.000187969813247]
Running module mass_function_like
Model N: 1890026.6890777212
Done mass_function_like status = 0 

Pipeline ran okay.
Likelihood hmf_counts = -8.228311993181705
Posterior = -2.247584441889207 for parameter set #621: [0.30104111305155806, 0.7120834772377672, -1.000669096811132]
Running module mass_function_like
Model N: 1890832.2070766895
Done mass_function_like status = 0 

Pipeline ran okay.
Likelihood hmf_counts = -8.639254204928875
Posterior = -2.6557610570018655 for parameter set #648: [0.2992869767037033, 0.991904720655463, -1.0016392603084048]
Model N: 1888720.9954556508
Done mass_function_like status = 0 

Pipeline ran okay.
Likelihood hmf_counts = -8.291360531002283
Posterior = -2.309493989947347 for parameter set #631: [0.30092326499131566, 0.878259791722, -0.9990957270945968]
Model N: 1886429.2092921373
Done mass_function_like status = 0 

Pipeline ran okay.
Likelihood hmf_counts = -10.586248382925987
Posterior = -6.730838204402668 for parameter set #622: [0.2793598069171452, 0.9479240235956895, -0.9963353397448111]
Proposed outside bounds: prior -infinity
Running module mass_function_like
Running module mass_function_like
Running module mass_function_like
Running module mass_function_like
Model N: 1889615.174320242
Done mass_function_like status = 0 

Pipeline ran okay.
Likelihood hmf_counts = -8.150808315724134
Posterior = -2.792905444539861 for parameter set #632: [0.2887904939049681, 0.9734159744073219, -1.0001739018800364]
Model N: 1888035.860087451
Done mass_function_like status = 0 

Pipeline ran okay.
Likelihood hmf_counts = -8.6855946816504
Posterior = -2.80205721389191 for parameter set #643: [0.30452730727981275, 0.9608315044851499, -0.9982708732693277]
Running module mass_function_like
Model N: 1890468.4153297693
Done mass_function_like status = 0 

Pipeline ran okay.
Likelihood hmf_counts = -8.41118225082755
Posterior = -11.951820221804661 for parameter set #623: [0.34365028137583886, 0.6166697429840593, -1.0012013973350802]
Running module mass_function_like
Model N: 1891898.353466943
Done mass_function_like status = 0 

Pipeline ran okay.
Likelihood hmf_counts = -9.710397694259882
Posterior = -4.658494072155124 for parameter set #649: [0.2863337036288534, 0.8829478424299269, -1.0029244251586449]
Proposed outside bounds: prior -infinity
Model N: 1893003.2520619256
Done mass_function_like status = 0 

Pipeline ran okay.
Likelihood hmf_counts = -11.45361341163516
Posterior = -5.639720078255921 for parameter set #644: [0.294145578982399, 0.9150303562822626, -1.0042543086732756]
Model N: 1887432.3068660002
Done mass_function_like status = 0 

Pipeline ran okay.
Likelihood hmf_counts = -9.239014767110348
Posterior = -4.071504213470917 for parameter set #624: [0.28720658609651034, 0.9928504717888101, -0.9975433047367931]
Running module mass_function_like
Running module mass_function_like
Running module mass_function_like
Running module mass_function_like
Model N: 1889454.289376997
Done mass_function_like status = 0 

Pipeline ran okay.
Likelihood hmf_counts = -8.144871074706316
Posterior = -2.520619901745582 for parameter set #633: [0.2914921409925958, 0.6289571190400565, -0.9999798306285984]
Running module mass_function_like
Model N: 1890293.557455112
Done mass_function_like status = 0 

Pipeline ran okay.
Likelihood hmf_counts = -8.326454777270555
Posterior = -2.526615810801463 for parameter set #625: [0.2938962054884768, 0.9153216013853631, -1.0009900917801688]
Proposed outside bounds: prior -infinity
Model N: 1890209.7330624498
Done mass_function_like status = 0 

Pipeline ran okay.
Likelihood hmf_counts = -8.291570514440536
Posterior = -4.666488811532689 for parameter set #645: [0.32173038535431364, 0.6989443851078013, -1.0008896809266397]
Running module mass_function_like
Model N: 1889381.0233753396
Done mass_function_like status = 0 

Pipeline ran okay.
Likelihood hmf_counts = -8.14670692756772
Posterior = -2.1699014509626435 for parameter set #650: [0.3013684628748859, 0.9429664075929747, -0.9998915614945785]
Running module mass_function_like
Model N: 1890767.1869089208
Done mass_function_like status = 0 

Pipeline ran okay.
Likelihood hmf_counts = -8.593357108533382
Posterior = -2.6122611780136236 for parameter set #634: [0.29900482671494377, 0.7458581618985414, -1.001560371071554]
Model N: 1887436.4245009194
Done mass_function_like status = 0 

Pipeline ran okay.
Likelihood hmf_counts = -9.234584726393223
Posterior = -4.0666735583253395 for parameter set #646: [0.28720970794300255, 0.992812166833715, -0.9975484895843076]
Model N: 1890571.9065939467
Done mass_function_like status = 0 

Pipeline ran okay.
Likelihood hmf_counts = -8.468944072723389
Posterior = -2.8107609500387456 for parameter set #651: [0.30809812889484106, 0.9195539075997399, -1.001326175541259]
Running module mass_function_like
Running module mass_function_like
Running module mass_function_like
Running module mass_function_like
Model N: 1892611.6437975229
Done mass_function_like status = 0 

Pipeline ran okay.
Likelihood hmf_counts = -10.76208633929491
Posterior = -5.486043045459564 for parameter set #635: [0.28808857159523615, 0.9313953855495051, -1.0037830958376301]
Running module mass_function_like
Model N: 1888529.105303747
Done mass_function_like status = 0 

Pipeline ran okay.
Likelihood hmf_counts = -8.376702174544334
Posterior = -2.5073828039493673 for parameter set #647: [0.30483292333109424, 0.6049613278615993, -0.9988650327395759]
Running module mass_function_like
Model N: 1888207.7516737867
Done mass_function_like status = 0 

Pipeline ran okay.
Likelihood hmf_counts = -8.563312318176031
Posterior = -2.620845452142616 for parameter set #652: [0.3029525150689525, 0.9207374093530071, -0.998477334213421]
Running module mass_function_like
Model N: 1890366.6280370394
Done mass_function_like status = 0 

Pipeline ran okay.
Likelihood hmf_counts = -8.359894871711731
Posterior = -4.499224702858959 for parameter set #626: [0.2793823319487744, 0.8852821273729694, -1.001078605996988]
Running module mass_function_like
Model N: 1888339.2444194003
Done mass_function_like status = 0 

Pipeline ran okay.
Likelihood hmf_counts = -8.480340246111155
Posterior = -2.5439424280162832 for parameter set #636: [0.29684790024658175, 0.9123022148009371, -0.9986359224517206]
Model N: 1885699.5574401917
Done mass_function_like status = 0 

Pipeline ran okay.
Likelihood hmf_counts = -11.90183625370264
Posterior = -9.218482489835756 for parameter set #648: [0.27430259216377334, 0.9529164434482104, -0.9954570794051489]
Model N: 1890757.5161723462
Done mass_function_like status = 0 

Pipeline ran okay.
Likelihood hmf_counts = -8.586721505969763
Posterior = -2.6500590455579163 for parameter set #627: [0.30314283476547477, 0.9377220254289526, -1.0015492289890313]
Model N: 1889509.905181785
Done mass_function_like status = 0 

Pipeline ran okay.
Likelihood hmf_counts = -8.145374316722155
Posterior = -2.312625977996669 for parameter set #653: [0.29446066664041814, 0.9596892508027474, -1.0000466222882702]
Proposed outside bounds: prior -infinity
Proposed outside bounds: prior -infinity
Proposed outside bounds: prior -infinity
Running module mass_function_like
Running module mass_function_like
Running module mass_function_like
Model N: 1889584.951197271
Done mass_function_like status = 0 

Pipeline ran okay.
Likelihood hmf_counts = -8.14864805713296
Posterior = -2.7473086056894944 for parameter set #649: [0.28918492587285183, 0.9771109370243334, -1.0001359726621017]
Model N: 1890237.3286343224
Done mass_function_like status = 0 

Pipeline ran okay.
Likelihood hmf_counts = -8.30264438688755
Posterior = -2.4833248252351225 for parameter set #637: [0.3057759392229425, 0.921846344520987, -1.000922892867008]
Running module mass_function_like
Model N: 1890201.9439122195
Done mass_function_like status = 0 

Pipeline ran okay.
Likelihood hmf_counts = -8.28851767256856
Posterior = -2.3352285759542175 for parameter set #628: [0.30256287685274136, 0.7984992772677585, -1.0008801400380074]
Running module mass_function_like
Model N: 1887872.3255018552
Done mass_function_like status = 0 

Pipeline ran okay.
Likelihood hmf_counts = -8.816469565033913
Posterior = -2.8342141890811323 for parameter set #638: [0.3008635654451446, 0.9185146450463495, -0.9980743032054082]
Model N: 1891516.7160577683
Done mass_function_like status = 0 

Pipeline ran okay.
Likelihood hmf_counts = -9.257984895259142
Posterior = -3.3437461399634927 for parameter set #629: [0.29621510437536047, 0.9296698023002175, -1.0024640941845981]
Proposed outside bounds: prior -infinity
Proposed outside bounds: prior -infinity
Running module mass_function_like
Running module mass_function_like
Running module mass_function_like
Running module mass_function_like
Model N: 1892929.566911931
Done mass_function_like status = 0 

Pipeline ran okay.
Likelihood hmf_counts = -11.31731840595603
Posterior = -5.360440924290871 for parameter set #639: [0.29761570167194157, 0.616823650118937, -1.0041656776139882]
Model N: 1888071.0189157447
Done mass_function_like status = 0 

Pipeline ran okay.
Likelihood hmf_counts = -8.659308977425098
Posterior = -2.69543558736431 for parameter set #630: [0.30210494492064677, 0.9198355452527095, -0.9983138084647194]
Proposed outside bounds: prior -infinity
Model N: 1889906.7144654144
Done mass_function_like status = 0 

Pipeline ran okay.
Likelihood hmf_counts = -8.196464132517576
Posterior = -5.952223958660885 for parameter set #650: [0.2726434080388244, 0.8675117235266088, -1.000523932100269]
Running module mass_function_like
Model N: 1888377.8253927247
Done mass_function_like status = 0 

Pipeline ran okay.
Likelihood hmf_counts = -8.45773410052061
Posterior = -2.648041029517226 for parameter set #654: [0.2940604778618571, 0.9686940978628364, -0.9986821942523961]
Model N: 1884257.4169245358
Done mass_function_like status = 0 

Pipeline ran okay.
Likelihood hmf_counts = -15.334403187036514
Posterior = -13.10515422642515 for parameter set #651: [0.27259581088325546, 0.9278306112346958, -0.9937188354465204]
Proposed outside bounds: prior -infinity
Running module mass_function_like
Proposed outside bounds: prior -infinity
Running module mass_function_like
Running module mass_function_like
Running module mass_function_like
Model N: 1888168.7233665898
Done mass_function_like status = 0 

Pipeline ran okay.
Likelihood hmf_counts = -8.589702632278204
Posterior = -2.6094806505268924 for parameter set #640: [0.3010792933073614, 0.9032786744006542, -0.9984305046520177]
Model N: 1890402.02918814
Done mass_function_like status = 0 

Pipeline ran okay.
Likelihood hmf_counts = -8.377111099660397
Posterior = -2.5131755996428025 for parameter set #631: [0.3049430999516392, 0.9268677520391486, -1.0011210002067974]
Running module mass_function_like
Model N: 1888763.8408624777
Done mass_function_like status = 0 

Pipeline ran okay.
Likelihood hmf_counts = -8.274969033896923
Posterior = -2.364000828934058 for parameter set #652: [0.3038772421882107, 0.6982009780123921, -0.9991482035784942]
Running module mass_function_like
Model N: 1889075.3097844177
Done mass_function_like status = 0 

Pipeline ran okay.
Likelihood hmf_counts = -8.185031812638044
Posterior = -2.5827734697867912 for parameter set #655: [0.29123758204412553, 0.9735673635199537, -0.9995239174053685]
Model N: 1888199.42166372
Done mass_function_like status = 0 

Pipeline ran okay.
Likelihood hmf_counts = -8.568877175450325
Posterior = -3.1780872987233026 for parameter set #632: [0.28908888343590716, 0.9437506264386314, -0.9984682190291841]
Model N: 1890597.348811724
Done mass_function_like status = 0 

Pipeline ran okay.
Likelihood hmf_counts = -8.484011270105839
Posterior = -2.9279646422939454 for parameter set #653: [0.29072604936263496, 0.8046814655351825, -1.0013571132373194]
Proposed outside bounds: prior -infinity
Running module mass_function_like
Running module mass_function_like
Proposed outside bounds: prior -infinity
Running module mass_function_like
Running module mass_function_like
Model N: 1891605.0658058713
Done mass_function_like status = 0 

Pipeline ran okay.
Likelihood hmf_counts = -9.355878330767155
Posterior = -3.674258900970231 for parameter set #641: [0.30780025352816176, 0.9357241730956973, -1.002570262380888]
Model N: 1890639.3380695158
Done mass_function_like status = 0 

Pipeline ran okay.
Likelihood hmf_counts = -8.509626187384129
Posterior = -2.9330790619826805 for parameter set #633: [0.3090501194551979, 0.8978477872188133, -1.0014077043869263]
Running module mass_function_like
Model N: 1890420.0170608733
Done mass_function_like status = 0 

Pipeline ran okay.
Likelihood hmf_counts = -8.386112816631794
Posterior = -3.5591949688178373 for parameter set #654: [0.31522620310665533, 0.756775092184153, -1.0011433696750731]
Running module mass_function_like
Model N: 1890219.7096830346
Done mass_function_like status = 0 

Pipeline ran okay.
Likelihood hmf_counts = -8.295527573674917
Posterior = -4.072185308473684 for parameter set #656: [0.28122349014179504, 0.9025297422955529, -1.0009015572381614]
Model N: 1888387.7050048057
Done mass_function_like status = 0 

Pipeline ran okay.
Likelihood hmf_counts = -8.452072083950043
Posterior = -2.6636764741527132 for parameter set #634: [0.2937120954865672, 0.9719410247528927, -0.998694686990166]
Model N: 1892197.392743554
Done mass_function_like status = 0 

Pipeline ran okay.
Likelihood hmf_counts = -10.118621684610844
Posterior = -4.294316527831426 for parameter set #655: [0.2943197707520465, 0.9869267527933163, -1.003284324662108]
Proposed outside bounds: prior -infinity
Proposed outside bounds: prior -infinity
Running module mass_function_like
Running module mass_function_like
Running module mass_function_like
Model N: 1891717.1725919447
Done mass_function_like status = 0 

Pipeline ran okay.
Likelihood hmf_counts = -9.486028388142586
Posterior = -7.691347925535288 for parameter set #656: [0.3289521088578698, 0.6195001764189696, -1.002705618425576]
Running module mass_function_like
Model N: 1888134.9487538266
Done mass_function_like status = 0 

Pipeline ran okay.
Likelihood hmf_counts = -8.613192059099674
Posterior = -2.848725184269701 for parameter set #642: [0.3066569222619028, 0.9002103067142941, -0.9983901992968295]
Running module mass_function_like
Model N: 1890232.778993264
Done mass_function_like status = 0 

Pipeline ran okay.
Likelihood hmf_counts = -8.300790932029486
Posterior = -2.3244020951096385 for parameter set #635: [0.30139560555123635, 0.9283896935809705, -1.0009176770368566]
Running module mass_function_like
Model N: 1892311.853239091
Done mass_function_like status = 0 

Pipeline ran okay.
Likelihood hmf_counts = -10.287363015115261
Posterior = -6.582985393049306 for parameter set #657: [0.3213598057774152, 0.9526600810644487, -1.0034216412430337]
Model N: 1889970.15430094
Done mass_function_like status = 0 

Pipeline ran okay.
Likelihood hmf_counts = -8.212355963885784
Posterior = -2.9944107008224634 for parameter set #636: [0.31239521037772283, 0.6656742355232346, -1.0006008851286923]
Model N: 1885429.6910295272
Done mass_function_like status = 0 

Pipeline ran okay.
Likelihood hmf_counts = -12.460067596286535
Posterior = -7.8964499055726 for parameter set #643: [0.28313959020358614, 0.9555059386109473, -0.9951322807778608]
Proposed outside bounds: prior -infinity
Proposed outside bounds: prior -infinity
Running module mass_function_like
Running module mass_function_like
Running module mass_function_like
Running module mass_function_like
Model N: 1891053.1903655108
Done mass_function_like status = 0 

Pipeline ran okay.
Likelihood hmf_counts = -8.811943862587214
Posterior = -2.851953559755813 for parameter set #658: [0.29771975413123053, 0.6477452526375489, -1.0019058269000765]
Model N: 1890190.5922658532
Done mass_function_like status = 0 

Pipeline ran okay.
Likelihood hmf_counts = -8.28412601351738
Posterior = -2.340839891105399 for parameter set #657: [0.2970726846814132, 0.7339310664367158, -1.0008662616938138]
Running module mass_function_like
Model N: 1888153.649882059
Done mass_function_like status = 0 

Pipeline ran okay.
Likelihood hmf_counts = -8.600111179053783
Posterior = -2.8385516665269295 for parameter set #644: [0.3067005081719151, 0.8843050495761186, -0.9984128238037557]
Model N: 1890222.8921297044
Done mass_function_like status = 0 

Pipeline ran okay.
Likelihood hmf_counts = -8.296800907701254
Posterior = -3.3622910098712193 for parameter set #637: [0.2854974576632372, 0.9080088202036747, -1.0009049726209647]
Running module mass_function_like
Model N: 1889853.2013578382
Done mass_function_like status = 0 

Pipeline ran okay.
Likelihood hmf_counts = -8.1847143471241
Posterior = -2.228225826974878 for parameter set #638: [0.29756400277702183, 0.9062153748717741, -1.0004601140999019]
Model N: 1892741.4789418273
Done mass_function_like status = 0 

Pipeline ran okay.
Likelihood hmf_counts = -10.982395209372044
Posterior = -5.377812244104364 for parameter set #658: [0.2912729086341153, 0.9308910254301443, -1.0039393754329349]
Running module mass_function_like
Running module mass_function_like
Running module mass_function_like
Running module mass_function_like
Model N: 1889263.9915603902
Done mass_function_like status = 0 

Pipeline ran okay.
Likelihood hmf_counts = -8.155533492565155
Posterior = -2.215391672473313 for parameter set #645: [0.30303395978248937, 0.776421169857741, -0.9997494865433715]
Running module mass_function_like
Model N: 1890566.2406516138
Done mass_function_like status = 0 

Pipeline ran okay.
Likelihood hmf_counts = -8.46563521772623
Posterior = -9.386390440089402 for parameter set #639: [0.3371667531829894, 0.6451608570944702, -1.0013193126025564]
Proposed outside bounds: prior -infinity
Model N: 1890129.094120693
Done mass_function_like status = 0 

Pipeline ran okay.
Likelihood hmf_counts = -8.261518638581038
Posterior = -2.367589286557826 for parameter set #659: [0.3042943871904069, 0.9248569139079964, -1.0007919472379863]
Running module mass_function_like
Model N: 1887653.8483349937
Done mass_function_like status = 0 

Pipeline ran okay.
Likelihood hmf_counts = -9.013437930494547
Posterior = -3.1807930404833558 for parameter set #659: [0.3055368759780467, 0.9537216740342656, -0.9978107089836625]
Proposed outside bounds: prior -infinity
Model N: 1888912.9866311913
Done mass_function_like status = 0 

Pipeline ran okay.
Likelihood hmf_counts = -8.225492682307959
Posterior = -2.352862079444101 for parameter set #646: [0.30476479289367603, 0.9003911731183833, -0.9993268241200216]
Model N: 1888230.6576374194
Done mass_function_like status = 0 

Pipeline ran okay.
Likelihood hmf_counts = -8.548199590295553
Posterior = -4.425951281069732 for parameter set #660: [0.280692957073571, 0.9645589432814416, -0.9985055053725346]
Running module mass_function_like
Running module mass_function_like
Running module mass_function_like
Running module mass_function_like
Model N: 1891383.5650813587
Done mass_function_like status = 0 

Pipeline ran okay.
Likelihood hmf_counts = -9.118238516151905
Posterior = -5.072608578051154 for parameter set #647: [0.28030089167420275, 0.8675654157700774, -1.0023031955715176]
Proposed outside bounds: prior -infinity
Model N: 1891596.9457017977
Done mass_function_like status = 0 

Pipeline ran okay.
Likelihood hmf_counts = -9.346709068864584
Posterior = -3.825239955349252 for parameter set #640: [0.2903628570482271, 0.7691637372468622, -1.0025604018059482]
Running module mass_function_like
Model N: 1888100.0487013417
Done mass_function_like status = 0 

Pipeline ran okay.
Likelihood hmf_counts = -8.63809933885932
Posterior = -2.8664581365532786 for parameter set #661: [0.30654815866418905, 0.904655706872237, -0.9983482979249159]
Running module mass_function_like
Model N: 1890246.049646271
Done mass_function_like status = 0 

Pipeline ran okay.
Likelihood hmf_counts = -8.306227799504995
Posterior = -2.3254006884368863 for parameter set #660: [0.3010294493783949, 0.9288359324652896, -1.0009335584476344]
Running module mass_function_like
Model N: 1889781.8476340713
Done mass_function_like status = 0 

Pipeline ran okay.
Likelihood hmf_counts = -8.171404108405113
Posterior = -2.272987368039834 for parameter set #641: [0.2958108283468962, 0.9013595051964108, -1.0003736760397517]
Model N: 1894166.6940655862
Done mass_function_like status = 0 

Pipeline ran okay.
Likelihood hmf_counts = -13.984939243644476
Posterior = -8.42980006872029 for parameter set #662: [0.309267481169821, 0.9240573476221862, -1.0056556284551463]
Model N: 1890135.3100952134
Done mass_function_like status = 0 

Pipeline ran okay.
Likelihood hmf_counts = -8.263712827116251
Posterior = -2.278946973136808 for parameter set #661: [0.30052377789346907, 0.9110284688322496, -1.00079934175891]
Running module mass_function_like
Running module mass_function_like
Running module mass_function_like
Running module mass_function_like
Model N: 1888012.7098327691
Done mass_function_like status = 0 

Pipeline ran okay.
Likelihood hmf_counts = -8.703260194510221
Posterior = -5.115120845671139 for parameter set #663: [0.3218992045125531, 0.8702815478733766, -0.9982428574443839]
Running module mass_function_like
Model N: 1890671.0490448556
Done mass_function_like status = 0 

Pipeline ran okay.
Likelihood hmf_counts = -8.52958868443966
Posterior = -2.711571260767804 for parameter set #662: [0.3057973732012559, 0.9539394054616365, -1.001445087576581]
Running module mass_function_like
Model N: 1893924.1657469284
Done mass_function_like status = 0 

Pipeline ran okay.
Likelihood hmf_counts = -13.398425675928593
Model N: 1890818.581768022
Done mass_function_like status = 0 

Posterior = -15.603627771722554 for parameter set #648: [0.2595279534057445, 0.854393581258026, -1.0053643935468772]
Pipeline ran okay.
Likelihood hmf_counts = -8.629451185464859
Posterior = -6.373551661744447 for parameter set #642: [0.3273135071352684, 0.6667621112603994, -1.0016225528530514]
Running module mass_function_like
Running module mass_function_like
Model N: 1890139.0666490733
Done mass_function_like status = 0 

Pipeline ran okay.
Likelihood hmf_counts = -8.265048764646053
Posterior = -2.2952543088726074 for parameter set #664: [0.29819208694585897, 0.9024771558577583, -1.000803914425061]
Model N: 1889607.742308114
Done mass_function_like status = 0 

Pipeline ran okay.
Likelihood hmf_counts = -8.150232281535864
Posterior = -2.7976488486988877 for parameter set #663: [0.31125686233630784, 0.709377654942822, -1.0001635004799925]
Model N: 1891790.8005012546
Done mass_function_like status = 0 

Pipeline ran okay.
Likelihood hmf_counts = -9.575116757303476
Posterior = -3.6802146854201805 for parameter set #649: [0.295736734900674, 0.63149598462694, -1.0027939195811706]
Model N: 1888475.2849988423
Done mass_function_like status = 0 

Pipeline ran okay.
Likelihood hmf_counts = -8.40414109453559
Posterior = -2.5922744393774817 for parameter set #643: [0.29409693420231026, 0.9709517082901682, -0.9988005540205988]
Running module mass_function_like
Running module mass_function_like
Running module mass_function_like
Running module mass_function_like
Model N: 1889248.676632922
Done mass_function_like status = 0 

Pipeline ran okay.
Likelihood hmf_counts = -8.157225009053946
Posterior = -2.2663587011232345 for parameter set #650: [0.3043657676127659, 0.763266706858978, -0.9997325836143856]
Running module mass_function_like
Model N: 1890947.5782405734
Done mass_function_like status = 0 

Pipeline ran okay.
Likelihood hmf_counts = -8.726192872971296
Posterior = -2.797473737286947 for parameter set #665: [0.3033850357090878, 0.9330076948350325, -1.001777910610278]
Running module mass_function_like
Model N: 1892648.6038297028
Done mass_function_like status = 0 

Pipeline ran okay.
Likelihood hmf_counts = -10.823896132409573
Posterior = -9.917089668280282 for parameter set #644: [0.26812954173505954, 0.7802419184110084, -1.0038275410759643]
Running module mass_function_like
Model N: 1888299.6278332286
Done mass_function_like status = 0 

Pipeline ran okay.
Likelihood hmf_counts = -8.504373960196972
Posterior = -2.7957190031541588 for parameter set #664: [0.30744869039532113, 0.8734261950284065, -0.9985884924322291]
Running module mass_function_like
Model N: 1887996.4273943827
Done mass_function_like status = 0 

Pipeline ran okay.
Likelihood hmf_counts = -8.715855173766613
Posterior = -2.916348811621658 for parameter set #651: [0.3061074585377196, 0.8931760677346604, -0.9982228862980704]
Model N: 1891324.3416151162
Done mass_function_like status = 0 

Pipeline ran okay.
Likelihood hmf_counts = -9.059090226888657
Posterior = -3.3323401355386872 for parameter set #645: [0.3071995854343341, 0.9411869602412374, -1.0022328200505368]
Model N: 1888388.6637670735
Done mass_function_like status = 0 

Pipeline ran okay.
Likelihood hmf_counts = -8.451525367796421
Posterior = -2.9679361277683416 for parameter set #666: [0.28997507900702046, 0.9397326599290109, -0.9986955986448363]
Model N: 1889810.5818124167
Done mass_function_like status = 0 

Pipeline ran okay.
Likelihood hmf_counts = -8.176440197974443
Posterior = -2.2032761329581962 for parameter set #665: [0.29838772896200266, 0.8647384532172997, -1.0004089800528866]
Proposed outside bounds: prior -infinity
Running module mass_function_like
Running module mass_function_like
Running module mass_function_like
Running module mass_function_like
Model N: 1889292.077818834
Done mass_function_like status = 0 

Pipeline ran okay.
Likelihood hmf_counts = -8.152754042297602
Posterior = -3.8968486381652507 for parameter set #652: [0.3186024824941124, 0.6784097168743239, -0.9997837178179197]
Running module mass_function_like
Model N: 1892332.2482342813
Done mass_function_like status = 0 

Pipeline ran okay.
Likelihood hmf_counts = -10.318155623972416
Posterior = -9.888182988737451 for parameter set #667: [0.2666665236700516, 0.8409601775624987, -1.003445754835004]
Running module mass_function_like
Model N: 1891326.1607504971
Done mass_function_like status = 0 

Pipeline ran okay.
Likelihood hmf_counts = -9.060879472643137
Posterior = -3.0749731639698163 for parameter set #646: [0.29994792414858684, 0.797509705053747, -1.0022345004158968]
Running module mass_function_like
Model N: 1888292.080564605
Done mass_function_like status = 0 

Pipeline ran okay.
Likelihood hmf_counts = -8.509046882390976
Posterior = -2.5231392151519625 for parameter set #666: [0.30017943084876253, 0.9385657202668733, -0.9985796242482899]
Model N: 1890412.8980258848
Done mass_function_like status = 0 

Pipeline ran okay.
Likelihood hmf_counts = -8.382529765367508
Posterior = -2.4135219002297914 for parameter set #668: [0.30184918078005407, 0.940735214631452, -1.001134061955369]
Model N: 1886165.8369240956
Done mass_function_like status = 0 

Pipeline ran okay.
Likelihood hmf_counts = -11.02850454300642
Posterior = -6.038421462559664 for parameter set #653: [0.31410881886981556, 0.9561987706286053, -0.9960185736295188]
Model N: 1889261.3370080325
Done mass_function_like status = 0 

Pipeline ran okay.
Likelihood hmf_counts = -8.155817791819572
Posterior = -2.1747076441018773 for parameter set #647: [0.30100560355904227, 0.8775439509840224, -0.9997479110170314]
Running module mass_function_like
Running module mass_function_like
Running module mass_function_like
Running module mass_function_like
Model N: 1887991.096185717
Done mass_function_like status = 0 

Pipeline ran okay.
Likelihood hmf_counts = -8.720009576529264
Posterior = -2.9325626623153873 for parameter set #654: [0.3063018046526552, 0.9166084457115236, -0.9982173383089264]
Proposed outside bounds: prior -infinity
Model N: 1889752.753315007
Done mass_function_like status = 0 

Pipeline ran okay.
Likelihood hmf_counts = -8.166749976575375
Posterior = -9.967987868906414 for parameter set #648: [0.33946492539779904, 0.6798848433702258, -1.0003384320336617]
Running module mass_function_like
Model N: 1891880.317182883
Done mass_function_like status = 0 

Pipeline ran okay.
Likelihood hmf_counts = -9.687285352498293
Posterior = -4.8751944435209 for parameter set #669: [0.28467904998422433, 0.6976505544080498, -1.0029019367442482]
Running module mass_function_like
Model N: 1891605.6382774902
Done mass_function_like status = 0 

Pipeline ran okay.
Likelihood hmf_counts = -9.356526087969542
Posterior = -3.4536379132943065 for parameter set #667: [0.30407310392188924, 0.9534706838813448, -1.0025708569873548]
Running module mass_function_like
Model N: 1890403.3394698966
Done mass_function_like status = 0 

Pipeline ran okay.
Likelihood hmf_counts = -8.377761028707027
Posterior = -2.5491846283342205 for parameter set #649: [0.29438697790192203, 0.8950521081775922, -1.0011227823465811]
Model N: 1887407.5193207248
Done mass_function_like status = 0 

Pipeline ran okay.
Likelihood hmf_counts = -9.265872959047556
Posterior = -4.525239126402105 for parameter set #670: [0.284218830524126, 0.9392466480945788, -0.9975134965372289]
Model N: 1888442.2098649123
Done mass_function_like status = 0 

Pipeline ran okay.
Likelihood hmf_counts = -8.421764954924583
Posterior = -2.566276957308334 for parameter set #668: [0.2948891355619925, 0.7102813218085469, -0.9987602934576558]
Running module mass_function_like
Running module mass_function_like
Running module mass_function_like
Running module mass_function_like
Model N: 1890967.154877481
Done mass_function_like status = 0 

Pipeline ran okay.
Likelihood hmf_counts = -8.741642992943525
Posterior = -2.8246166844517964 for parameter set #671: [0.3037143201200019, 0.9343966815765313, -1.0018018850644332]
Running module mass_function_like
Model N: 1891087.0886471083
Done mass_function_like status = 0 

Pipeline ran okay.
Likelihood hmf_counts = -8.84071670845151
Posterior = -3.2555860684809224 for parameter set #669: [0.3089537645366912, 0.8673955569952758, -1.001946180295454]
Running module mass_function_like
Model N: 1887929.9679743238
Done mass_function_like status = 0 

Pipeline ran okay.
Likelihood hmf_counts = -8.768721103668213
Posterior = -3.320693518835675 for parameter set #655: [0.28962725067753775, 0.6982518162260218, -0.9981437113127919]
Running module mass_function_like
Model N: 1888281.5974088244
Done mass_function_like status = 0 

Pipeline ran okay.
Likelihood hmf_counts = -8.515587650239468
Posterior = -2.7715731269271124 for parameter set #650: [0.3069577608784426, 0.8847824023358721, -0.9985660388431704]
Running module mass_function_like
Model N: 1891456.853403398
Done mass_function_like status = 0 

Pipeline ran okay.
Likelihood hmf_counts = -9.193998511880636
Posterior = -3.2093042623779127 for parameter set #656: [0.3004877067917189, 0.6620354284049309, -1.0023915629788376]
Model N: 1887531.7190226435
Done mass_function_like status = 0 

Pipeline ran okay.
Likelihood hmf_counts = -9.13457241281867
Posterior = -4.391884997930262 for parameter set #672: [0.28423161974059413, 0.9325328408615043, -0.9976632379849686]
Model N: 1889947.8018152278
Done mass_function_like status = 0 

Pipeline ran okay.
Likelihood hmf_counts = -8.206513699144125
Posterior = -2.231361010028971 for parameter set #651: [0.3014832625812804, 0.9402597796844224, -1.0005742684035699]
Model N: 1889627.1099362306
Done mass_function_like status = 0 

Pipeline ran okay.
Likelihood hmf_counts = -8.151794571429491
Posterior = -2.319914258964615 for parameter set #670: [0.3055549518700594, 0.798674843516328, -1.0001872907898006]
Running module mass_function_like
Running module mass_function_like
Running module mass_function_like
Running module mass_function_like
Model N: 1891385.9111066898
Done mass_function_like status = 0 

Pipeline ran okay.
Likelihood hmf_counts = -9.120619710534811
Posterior = -5.01402675301687 for parameter set #657: [0.2806128366429365, 0.8686926863789642, -1.0023067078921684]
Running module mass_function_like
Model N: 1890850.9778448704
Done mass_function_like status = 0 

Pipeline ran okay.
Likelihood hmf_counts = -8.652919914573431
Posterior = -4.635502987810787 for parameter set #652: [0.31984245211728385, 0.7305982107639455, -1.0016616910308263]
Running module mass_function_like
Model N: 1891784.4277349394
Done mass_function_like status = 0 

Pipeline ran okay.
Likelihood hmf_counts = -9.5672926902771
Posterior = -3.946787172321063 for parameter set #673: [0.2914527685644684, 0.7870002885989168, -1.0027863012454494]
Running module mass_function_like
Model N: 1887238.834602581
Done mass_function_like status = 0 

Pipeline ran okay.
Likelihood hmf_counts = -9.457304414361715
Posterior = -3.6376744714435816 for parameter set #671: [0.30576503353062273, 0.9561408827313516, -0.9973110716406043]
Running module mass_function_like
Model N: 1885150.616607246
Done mass_function_like status = 0 

Pipeline ran okay.
Likelihood hmf_counts = -13.07805934175849
Posterior = -8.624289654817177 for parameter set #658: [0.31749883088952274, 0.9604784530162913, -0.994795351484751]
Model N: 1887929.043207937
Done mass_function_like status = 0 

Pipeline ran okay.
Likelihood hmf_counts = -8.769473232328892
Posterior = -2.7835800542729423 for parameter set #653: [0.3001440462331711, 0.9703064976466715, -0.9981420812297039]
Model N: 1890774.3615196035
Done mass_function_like status = 0 

Pipeline ran okay.
Likelihood hmf_counts = -8.598311927169561
Posterior = -2.9172912781566573 for parameter set #674: [0.29218942172683676, 0.8968474025145426, -1.0015697383941498]
Model N: 1888619.4510288108
Done mass_function_like status = 0 

Pipeline ran okay.
Likelihood hmf_counts = -8.334091760218143
Posterior = -2.4979039220823562 for parameter set #672: [0.30547592976946975, 0.7754617056326558, -0.9989738868128506]
Proposed outside bounds: prior -infinity
Proposed outside bounds: prior -infinity
Running module mass_function_like
Running module mass_function_like
Running module mass_function_like
Model N: 1894827.1214934755
Done mass_function_like status = 0 

Pipeline ran okay.
Likelihood hmf_counts = -15.739071048796177
Posterior = -12.181745489659328 for parameter set #673: [0.2779692826007627, 0.7980948142334895, -1.0064519965717957]
Running module mass_function_like
Model N: 1890077.6462127138
Done mass_function_like status = 0 

Pipeline ran okay.
Likelihood hmf_counts = -8.244142442941666
Posterior = -2.3258120780368827 for parameter set #659: [0.2963172701870791, 0.8934751551752111, -1.000730184505303]
Running module mass_function_like
Model N: 1890501.8840656967
Done mass_function_like status = 0 

Pipeline ran okay.
Likelihood hmf_counts = -8.429242752492428
Posterior = -2.502757484204018 for parameter set #654: [0.3034527442303221, 0.9204905378309385, -1.0012412563130266]
Running module mass_function_like
Model N: 1889743.6872493916
Done mass_function_like status = 0 

Pipeline ran okay.
Likelihood hmf_counts = -8.165391229093075
Posterior = -2.3268125134399753 for parameter set #674: [0.3054329626142769, 0.791186869775877, -1.0003282759967842]
Model N: 1885558.8805199557
Done mass_function_like status = 0 

Pipeline ran okay.
Likelihood hmf_counts = -12.188003849238157
Posterior = -7.7533733484528415 for parameter set #660: [0.31760924913499833, 0.9572103153855044, -0.9952867389787103]
Model N: 1887084.4058340716
Done mass_function_like status = 0 

Pipeline ran okay.
Likelihood hmf_counts = -9.645792916417122
Posterior = -5.270026266403187 for parameter set #655: [0.28205569951852916, 0.93023668823416, -0.9971250429925018]
Proposed outside bounds: prior -infinity
Running module mass_function_like
Running module mass_function_like
Running module mass_function_like
Running module mass_function_like
Model N: 1888660.2110165206
Done mass_function_like status = 0 

Pipeline ran okay.
Likelihood hmf_counts = -8.316283237189054
Posterior = -2.469604632015063 for parameter set #661: [0.30528096830989, 0.8742077230112186, -0.9990224405291684]
Proposed outside bounds: prior -infinity
Model N: 1888679.9073944807
Done mass_function_like status = 0 

Pipeline ran okay.
Likelihood hmf_counts = -8.307993035763502
Posterior = -2.8236367454107345 for parameter set #656: [0.2899823376615046, 0.7155145489618492, -0.9990467554674312]
Model N: 1890420.0594314935
Done mass_function_like status = 0 

Pipeline ran okay.
Likelihood hmf_counts = -8.386134222149849
Posterior = -3.565805372114159 for parameter set #675: [0.315269416125553, 0.7561741949694191, -1.001143010394323]
Running module mass_function_like
Model N: 1887149.456924294
Done mass_function_like status = 0 

Pipeline ran okay.
Likelihood hmf_counts = -9.5648522824049
Posterior = -3.733749641902202 for parameter set #675: [0.3055619394411844, 0.9929243802824286, -0.9972034824851547]
Running module mass_function_like
Model N: 1889116.4068220144
Done mass_function_like status = 0 

Pipeline ran okay.
Likelihood hmf_counts = -8.177001181989908
Posterior = -2.218588240199921 for parameter set #676: [0.30235573455473774, 0.8156668248669902, -0.9995722267343573]
Model N: 1892889.9784187535
Done mass_function_like status = 0 

Pipeline ran okay.
Likelihood hmf_counts = -11.245274104177952
Posterior = -9.445019385214401 for parameter set #676: [0.2710688159847382, 0.8458576593331818, -1.004117659922837]
Running module mass_function_like
Running module mass_function_like
Running module mass_function_like
Running module mass_function_like
Model N: 1888114.8265807908
Done mass_function_like status = 0 

Pipeline ran okay.
Likelihood hmf_counts = -8.627473942935467
Posterior = -2.6480363779032023 for parameter set #677: [0.2988512212362816, 0.9649093879352859, -0.9983660509301786]
Proposed outside bounds: prior -infinity
Model N: 1888825.2786817856
Done mass_function_like status = 0 

Pipeline ran okay.
Likelihood hmf_counts = -8.253161262720823
Posterior = -2.267387398253881 for parameter set #662: [0.30027033341895426, 0.9360001027319057, -0.9992221504477906]
Running module mass_function_like
Model N: 1889926.7046805425
Done mass_function_like status = 0 

Pipeline ran okay.
Likelihood hmf_counts = -8.201241999864578
Posterior = -2.2196614560420125 for parameter set #657: [0.2990435560964352, 0.8069583061037471, -1.000548620531102]
Running module mass_function_like
Model N: 1891211.5307393805
Done mass_function_like status = 0 

Pipeline ran okay.
Likelihood hmf_counts = -8.951548222452402
Posterior = -10.199422686857567 for parameter set #677: [0.2619636380062392, 0.8013003716775136, -1.0020967286584597]
Running module mass_function_like
Model N: 1890180.841875079
Done mass_function_like status = 0 

Pipeline ran okay.
Likelihood hmf_counts = -8.28040824830532
Posterior = -2.30081910709849 for parameter set #678: [0.3011440154189086, 0.9358793600228518, -1.0008546361789694]
Model N: 1887590.0486567707
Done mass_function_like status = 0 

Pipeline ran okay.
Likelihood hmf_counts = -9.075731176882982
Posterior = -4.000671796704099 for parameter set #658: [0.2865029373960982, 0.9037841639594401, -0.9977344188244364]
Model N: 1885828.8807119324
Done mass_function_like status = 0 

Pipeline ran okay.
Likelihood hmf_counts = -11.648041430860758
Posterior = -6.820848136201917 for parameter set #663: [0.3152184989295825, 0.9362946873834421, -0.9956121195483553]
Proposed outside bounds: prior -infinity
Running module mass_function_like
Running module mass_function_like
Running module mass_function_like
Running module mass_function_like
Model N: 1892024.3204787693
Done mass_function_like status = 0 

Pipeline ran okay.
Likelihood hmf_counts = -9.876604065299034
Posterior = -4.342523200964219 for parameter set #664: [0.29049614974223376, 0.7809908864161366, -1.0030750766013983]
Running module mass_function_like
Model N: 1890774.7527930327
Done mass_function_like status = 0 

Pipeline ran okay.
Likelihood hmf_counts = -8.598582923412323
Posterior = -2.773553744853656 for parameter set #659: [0.3056748033516133, 0.9510023295720859, -1.0015708201308817]
Running module mass_function_like
Model N: 1890018.5461114415
Done mass_function_like status = 0 

Pipeline ran okay.
Likelihood hmf_counts = -8.225909557193518
Posterior = -2.283332721531222 for parameter set #679: [0.30295198028250764, 0.7711157610961438, -1.000659456539732]
Model N: 1890836.6199004008
Done mass_function_like status = 0 

Pipeline ran okay.
Likelihood hmf_counts = -8.642450135201216
Posterior = -2.656934914219617 for parameter set #678: [0.300322183375604, 0.8047029333757931, -1.00164490808909]
Running module mass_function_like
Model N: 1889020.1160635552
Done mass_function_like status = 0 

Pipeline ran okay.
Likelihood hmf_counts = -8.197224006056786
Posterior = -2.837625482419975 for parameter set #679: [0.28880574965169725, 0.7347501047819972, -0.9994561284882448]
Model N: 1889848.6253351003
Done mass_function_like status = 0 

Pipeline ran okay.
Likelihood hmf_counts = -8.183779910206795
Posterior = -2.231060123039228 for parameter set #665: [0.3025860948995993, 0.8231319161471495, -1.0004537936539775]
Model N: 1890674.5679580306
Done mass_function_like status = 0 

Pipeline ran okay.
Likelihood hmf_counts = -8.531836651265621
Posterior = -2.6561022438372888 for parameter set #660: [0.3046974467453493, 0.9121939784468787, -1.0014496944157791]
Running module mass_function_like
Running module mass_function_like
Running module mass_function_like
Running module mass_function_like
Model N: 1889386.3429802274
Done mass_function_like status = 0 

Pipeline ran okay.
Likelihood hmf_counts = -8.146477978676558
Posterior = -2.182628025870801 for parameter set #666: [0.30211277274961157, 0.9582620601118912, -0.9998978739023007]
Proposed outside bounds: prior -infinity
Model N: 1890351.7929880938
Done mass_function_like status = 0 

Pipeline ran okay.
Likelihood hmf_counts = -8.352877341210842
Posterior = -2.5125185623774193 for parameter set #661: [0.3053991577414359, 0.9138013968094273, -1.0010603521329713]
Running module mass_function_like
Model N: 1892200.984124772
Done mass_function_like status = 0 

Pipeline ran okay.
Likelihood hmf_counts = -10.123811155557632
Posterior = -7.129577762689166 for parameter set #680: [0.2755402552255337, 0.8587834220731951, -1.003288016793258]
Running module mass_function_like
Model N: 1893474.8290008288
Done mass_function_like status = 0 

Pipeline ran okay.
Likelihood hmf_counts = -12.393666848540306
Posterior = -7.669441134023277 for parameter set #680: [0.2841205737213455, 0.740793502497013, -1.0048226725725804]
Running module mass_function_like
Model N: 1890069.0121030281
Done mass_function_like status = 0 

Pipeline ran okay.
Likelihood hmf_counts = -8.241363510489464
Posterior = -2.2665174749493104 for parameter set #662: [0.30150316335080696, 0.9358899582066149, -1.0007208594045394]
Model N: 1888022.5071338832
Done mass_function_like status = 0 

Pipeline ran okay.
Likelihood hmf_counts = -8.695749390870333
Posterior = -3.252682752250764 for parameter set #681: [0.28957934210071196, 0.8883569100415828, -0.9982545839423486]
Model N: 1890171.0421151456
Done mass_function_like status = 0 

Pipeline ran okay.
Likelihood hmf_counts = -8.276722311973572
Posterior = -2.3016342534627476 for parameter set #681: [0.30148633410413955, 0.8560272882433326, -1.0008427798501198]
Proposed outside bounds: prior -infinity
Running module mass_function_like
Running module mass_function_like
Running module mass_function_like
Running module mass_function_like
Model N: 1890803.3936769105
Done mass_function_like status = 0 

Pipeline ran okay.
Likelihood hmf_counts = -8.618639431893826
Posterior = -2.6439874830918937 for parameter set #682: [0.30150922229746063, 0.8008490092226979, -1.0016050497348081]
Running module mass_function_like
Model N: 1888075.5930421448
Done mass_function_like status = 0 

Pipeline ran okay.
Likelihood hmf_counts = -8.655937399715185
Posterior = -2.904314733840259 for parameter set #667: [0.30684697688721035, 0.8486386662625274, -0.9983183971612548]
Running module mass_function_like
Model N: 1891017.668991019
Done mass_function_like status = 0 

Pipeline ran okay.
Likelihood hmf_counts = -8.782444775104523
Posterior = -3.066878727429309 for parameter set #663: [0.3073543181536183, 0.9890859296436121, -1.0018627536167806]
Running module mass_function_like
Model N: 1888547.4451404768
Done mass_function_like status = 0 

Pipeline ran okay.
Likelihood hmf_counts = -8.367702633142471
Posterior = -3.841361069269409 for parameter set #682: [0.2829133622058539, 0.6711682547124567, -0.9988864620753302]
Model N: 1891022.6725608911
Done mass_function_like status = 0 

Pipeline ran okay.
Likelihood hmf_counts = -8.786559700965881
Posterior = -3.4004918554625014 for parameter set #683: [0.31095378551067293, 0.7811704383319893, -1.0018686207626586]
Model N: 1887070.9497340166
Done mass_function_like status = 0 

Pipeline ran okay.
Likelihood hmf_counts = -9.66281608864665
Posterior = -4.461047327117872 for parameter set #668: [0.31252184231398283, 0.9301174215495343, -0.9971083515420419]
Model N: 1889075.207261995
Done mass_function_like status = 0 

Pipeline ran okay.
Likelihood hmf_counts = -8.18505296856165
Posterior = -2.2274028631409966 for parameter set #664: [0.3023878054829886, 0.818304420298146, -0.9995238234224785]
Running module mass_function_like
Running module mass_function_like
Running module mass_function_like
Running module mass_function_like
Model N: 1891345.7877335818
Done mass_function_like status = 0 

Pipeline ran okay.
Likelihood hmf_counts = -9.080295152962208
Posterior = -3.2374177009936878 for parameter set #684: [0.30534858905244033, 0.8892215727270554, -1.0022585018145278]
Running module mass_function_like
Model N: 1893439.927416727
Done mass_function_like status = 0 

Pipeline ran okay.
Likelihood hmf_counts = -12.320076432079077
Posterior = -11.089536907605885 for parameter set #669: [0.2691633746237221, 0.8082909844384774, -1.0047805235958638]
Proposed outside bounds: prior -infinity
Model N: 1888127.013999125
Done mass_function_like status = 0 

Pipeline ran okay.
Likelihood hmf_counts = -8.618798188865185
Posterior = -2.872066899272638 for parameter set #665: [0.3069181939592117, 0.8406423186728925, -0.9983801859900618]
Running module mass_function_like
Model N: 1889642.9461113438
Done mass_function_like status = 0 

Pipeline ran okay.
Likelihood hmf_counts = -8.153219498693943
Posterior = -2.167704879890734 for parameter set #683: [0.30036132319251824, 0.8717010358193902, -1.0002062377166163]
Running module mass_function_like
Model N: 1891317.408986266
Done mass_function_like status = 0 

Pipeline ran okay.
Likelihood hmf_counts = -9.05228752270341
Posterior = -3.0666327710900356 for parameter set #666: [0.299768713133268, 0.9115172498891672, -1.0022239517228018]
Model N: 1892632.5526525148
Done mass_function_like status = 0 

Pipeline ran okay.
Likelihood hmf_counts = -10.796964567154646
Posterior = -5.099444560695202 for parameter set #685: [0.3075884722560616, 0.6583453870881993, -1.0038077693883034]
Model N: 1892389.6653912682
Done mass_function_like status = 0 

Pipeline ran okay.
Likelihood hmf_counts = -10.406023427844048
Posterior = -5.860501773638108 for parameter set #684: [0.3169707387524567, 0.7550866239348633, -1.00351566358925]
Proposed outside bounds: prior -infinity
Running module mass_function_like
Running module mass_function_like
Running module mass_function_like
Running module mass_function_like
Model N: 1887894.510517149
Done mass_function_like status = 0 

Pipeline ran okay.
Likelihood hmf_counts = -8.797883979976177
Posterior = -5.301451631562198 for parameter set #670: [0.2776860724198025, 0.6203629791577874, -0.9981007945620307]
Running module mass_function_like
Model N: 1891124.167637631
Done mass_function_like status = 0 

Pipeline ran okay.
Likelihood hmf_counts = -8.872884575277567
Posterior = -2.887668278682188 for parameter set #667: [0.2996114237292014, 0.954226523232679, -1.0019912988913655]
Running module mass_function_like
Model N: 1891722.0949653194
Done mass_function_like status = 0 

Pipeline ran okay.
Likelihood hmf_counts = -9.491895090788603
Posterior = -4.512013835262795 for parameter set #686: [0.28581606031817797, 0.8225207117239952, -1.0027112275323955]
Running module mass_function_like
Model N: 1889518.6081134987
Done mass_function_like status = 0 

Pipeline ran okay.
Likelihood hmf_counts = -8.145601186901331
Posterior = -2.1595408775118594 for parameter set #685: [0.3001476763551813, 0.7935881532124839, -1.000057763549893]
Model N: 1889721.9909005743
Done mass_function_like status = 0 

Pipeline ran okay.
Likelihood hmf_counts = -8.162316121160984
Posterior = -2.212023002016876 for parameter set #687: [0.30267850067778396, 0.8526506461819052, -1.0003022979226117]
Model N: 1888644.3902494328
Done mass_function_like status = 0 

Pipeline ran okay.
Likelihood hmf_counts = -8.323091015219688
Posterior = -2.5342211354278126 for parameter set #671: [0.29371907603625885, 0.8819618990360255, -0.9990039200143543]
Model N: 1888010.322056071
Done mass_function_like status = 0 

Pipeline ran okay.
Likelihood hmf_counts = -8.705098420381546
Posterior = -2.731612623820796 for parameter set #668: [0.29841703376453255, 0.9715011438790153, -0.9982403939284301]
Proposed outside bounds: prior -infinity
Running module mass_function_like
Running module mass_function_like
Running module mass_function_like
Running module mass_function_like
Model N: 1891359.3844705583
Done mass_function_like status = 0 

Pipeline ran okay.
Likelihood hmf_counts = -9.093864817172289
Posterior = -3.8194487289328807 for parameter set #672: [0.28807108751882476, 0.8853662297937337, -1.0022744871648643]
Running module mass_function_like
Model N: 1889793.0550467141
Done mass_function_like status = 0 

Pipeline ran okay.
Likelihood hmf_counts = -8.173316411674023
Posterior = -2.299368930336886 for parameter set #669: [0.3047373942786379, 0.8357237057262008, -1.0003876507903477]
Model N: 1892899.7603196192
Done mass_function_like status = 0 

Pipeline ran okay.
Likelihood hmf_counts = -11.26299862191081
Posterior = -5.7550214096532395 for parameter set #688: [0.3097707683913773, 0.9705357874632703, -1.0041297232425292]
Proposed outside bounds: prior -infinity
Model N: 1888394.0436825864
Done mass_function_like status = 0 

Pipeline ran okay.
Likelihood hmf_counts = -8.44846661761403
Posterior = -2.5063732332380386 for parameter set #686: [0.3029662070557019, 0.9324193658661237, -0.9987022181401805]
Running module mass_function_like
Model N: 1887357.180070307
Done mass_function_like status = 0 

Pipeline ran okay.
Likelihood hmf_counts = -9.321420293301344
Posterior = -3.9485981546226387 for parameter set #673: [0.31107269806137383, 0.9141284162959865, -0.9974537585354493]
Model N: 1887889.3755984127
Done mass_function_like status = 0 

Pipeline ran okay.
Likelihood hmf_counts = -8.802162572741508
Posterior = -2.8185094855915143 for parameter set #687: [0.2993166517545297, 0.9886471294605228, -0.998094185332598]
Running module mass_function_like
Running module mass_function_like
Running module mass_function_like
Running module mass_function_like
Model N: 1889078.8500177332
Done mass_function_like status = 0 

Pipeline ran okay.
Likelihood hmf_counts = -8.18430483341217
Posterior = -3.1280235187007417 for parameter set #674: [0.28636271980142813, 0.7296402628042427, -0.9995278354730408]
Running module mass_function_like
Model N: 1892478.5869398257
Done mass_function_like status = 0 

Pipeline ran okay.
Likelihood hmf_counts = -10.545536484569311
Posterior = -5.329144210997788 for parameter set #670: [0.28759740940423784, 0.7698502708090693, -1.0036220898616475]
Running module mass_function_like
Model N: 1889700.028087738
Done mass_function_like status = 0 

Pipeline ran okay.
Likelihood hmf_counts = -8.159456923604012
Posterior = -2.2485515798462874 for parameter set #689: [0.303879700394694, 0.7562481083242361, -1.0002756167479157]
Running module mass_function_like
Model N: 1889521.3818299784
Done mass_function_like status = 0 

Pipeline ran okay.
Likelihood hmf_counts = -8.145681917667389
Posterior = -2.2092523866850646 for parameter set #688: [0.2968459612012689, 0.9006021519729617, -1.0000605059376848]
Running module mass_function_like
Model N: 1887763.2903828132
Done mass_function_like status = 0 

Pipeline ran okay.
Likelihood hmf_counts = -8.911606840789318
Posterior = -3.0245857108444483 for parameter set #675: [0.2955517022405335, 0.8808572817487672, -0.9979427055582054]
Model N: 1893495.38827335
Done mass_function_like status = 0 

Pipeline ran okay.
Likelihood hmf_counts = -12.437316790223122
Posterior = -8.48005617291794 for parameter set #671: [0.32013819243967423, 0.6174230414610694, -1.0048475287689893]
Model N: 1893472.664095867
Done mass_function_like status = 0 

Pipeline ran okay.
Likelihood hmf_counts = -12.389083448797464
Posterior = -6.437584870589675 for parameter set #690: [0.2974112136875969, 0.89610620360592, -1.0048205117695872]
Model N: 1889640.8877031382
Done mass_function_like status = 0 

Pipeline ran okay.
Likelihood hmf_counts = -8.153026781976223
Posterior = -2.190869954416466 for parameter set #689: [0.30219137381611383, 0.8123501606219546, -1.0002046548680426]
Running module mass_function_like
Running module mass_function_like
Running module mass_function_like
Running module mass_function_like
Model N: 1888828.0737377414
Done mass_function_like status = 0 

Pipeline ran okay.
Likelihood hmf_counts = -8.252216681838036
Posterior = -2.7333106646229046 for parameter set #691: [0.29033321633871984, 0.9557366831651444, -0.9992258066758435]
Running module mass_function_like
Model N: 1888984.1710189085
Done mass_function_like status = 0 

Pipeline ran okay.
Likelihood hmf_counts = -8.206031516194344
Posterior = -2.333104232038867 for parameter set #690: [0.30475867612478597, 0.8984780373564364, -0.9994127812718048]
Running module mass_function_like
Model N: 1889901.595926922
Done mass_function_like status = 0 

Pipeline ran okay.
Likelihood hmf_counts = -8.195274740457535
Posterior = -2.237093854625834 for parameter set #676: [0.2976346179454408, 0.8126865650494393, -1.0005190490998244]
Running module mass_function_like
Model N: 1891019.267069132
Done mass_function_like status = 0 

Pipeline ran okay.
Likelihood hmf_counts = -8.783757589757442
Posterior = -2.800055818658705 for parameter set #672: [0.30067733543571634, 0.9744841582233906, -1.0018645653066114]
Running module mass_function_like
Model N: 1891464.9858396696
Done mass_function_like status = 0 

Pipeline ran okay.
Likelihood hmf_counts = -9.202580075711012
Posterior = -3.2181524068594323 for parameter set #677: [0.3005391420674195, 0.6617892495377636, -1.0024019910672948]
Model N: 1887065.3691456807
Done mass_function_like status = 0 

Pipeline ran okay.
Likelihood hmf_counts = -9.669904217123985
Posterior = -3.9841740474881107 for parameter set #692: [0.2922537821916792, 0.9022023968052851, -0.9971020819726955]
Model N: 1891518.5842418121
Done mass_function_like status = 0 

Pipeline ran okay.
Likelihood hmf_counts = -9.260012220591307
Posterior = -3.2788854588452203 for parameter set #673: [0.3009735128127041, 0.9278625762154367, -1.002466252305312]
Model N: 1889794.2842755108
Done mass_function_like status = 0 

Pipeline ran okay.
Likelihood hmf_counts = -8.17353019490838
Posterior = -2.3005459180064154 for parameter set #691: [0.304757682005882, 0.8358408338939833, -1.0003886001240985]
Running module mass_function_like
Running module mass_function_like
Running module mass_function_like
Running module mass_function_like
Model N: 1890964.7114157977
Done mass_function_like status = 0 

Pipeline ran okay.
Likelihood hmf_counts = -8.73970352485776
Posterior = -3.4237743608614943 for parameter set #678: [0.288423485557811, 0.8963286513643175, -1.0017995588511548]
Running module mass_function_like
Model N: 1890319.5039791237
Done mass_function_like status = 0 

Pipeline ran okay.
Likelihood hmf_counts = -8.3380057066679
Posterior = -2.3841573629243396 for parameter set #693: [0.30254043334049874, 0.8868240527864887, -1.0010214325147133]
Running module mass_function_like
Model N: 1889401.853942011
Done mass_function_like status = 0 

Pipeline ran okay.
Likelihood hmf_counts = -8.145895913243294
Posterior = -2.2498968240150194 for parameter set #674: [0.30424664740072066, 0.8156249999026747, -0.9999154078322277]
Running module mass_function_like
Model N: 1894943.9623411468
Done mass_function_like status = 0 

Pipeline ran okay.
Likelihood hmf_counts = -16.073307935148478
Posterior = -12.781167243263654 for parameter set #692: [0.27679717403248305, 0.6681459679374666, -1.0065926648193881]
Running module mass_function_like
Model N: 1884589.669931654
Done mass_function_like status = 0 

Pipeline ran okay.
Likelihood hmf_counts = -14.44551557675004
Posterior = -10.252920176342833 for parameter set #679: [0.3189306373820946, 0.8685050191330977, -0.9941195937533887]
Model N: 1891472.868582619
Done mass_function_like status = 0 

Pipeline ran okay.
Likelihood hmf_counts = -9.210931491106749
Posterior = -3.9841946033323232 for parameter set #694: [0.31232186670942397, 0.755265113550869, -1.0024109498201956]
Model N: 1887856.7270620961
Done mass_function_like status = 0 

Pipeline ran okay.
Likelihood hmf_counts = -8.8296934440732
Posterior = -2.857220772696917 for parameter set #675: [0.2983563575922854, 0.9611540751388113, -0.9980555486543353]
Model N: 1890103.0308743152
Done mass_function_like status = 0 

Pipeline ran okay.
Likelihood hmf_counts = -8.252540986984968
Posterior = -2.548354423438047 for parameter set #693: [0.2924906184487308, 0.8127764926639243, -1.0007602340511186]
Proposed outside bounds: prior -infinity
Running module mass_function_like
Running module mass_function_like
Running module mass_function_like
Running module mass_function_like
Model N: 1890546.9085769765
Done mass_function_like status = 0 

Pipeline ran okay.
Likelihood hmf_counts = -8.454473216086626
Posterior = -2.677561605691115 for parameter set #695: [0.2935320181930515, 0.8500297332116769, -1.001295870978621]
Running module mass_function_like
Model N: 1890586.5584348347
Done mass_function_like status = 0 

Pipeline ran okay.
Likelihood hmf_counts = -8.477579288184643
Posterior = -3.312484397747337 for parameter set #680: [0.2871860664566216, 0.7757202355424071, -1.0013428554826052]
Running module mass_function_like
Model N: 1890477.7155988072
Done mass_function_like status = 0 

Pipeline ran okay.
Likelihood hmf_counts = -8.416141472756863
Posterior = -2.4541868525116968 for parameter set #676: [0.3021973342871267, 0.9202755461222056, -1.0012124987272186]
Proposed outside bounds: prior -infinity
Model N: 1889691.0240865785
Done mass_function_like status = 0 

Pipeline ran okay.
Likelihood hmf_counts = -8.15835851430893
Posterior = -2.24459813209104 for parameter set #694: [0.29619459197861575, 0.8408997624243634, -1.0002639881167088]
Model N: 1887910.0252715384
Done mass_function_like status = 0 

Pipeline ran okay.
Likelihood hmf_counts = -8.785041470080614
Posterior = -3.2387433871696416 for parameter set #681: [0.30937757413012423, 0.8769218578181915, -0.9981187663122073]
Model N: 1889829.758818426
Done mass_function_like status = 0 

Pipeline ran okay.
Likelihood hmf_counts = -8.180044300854206
Posterior = -2.2077402843954452 for parameter set #696: [0.2983352963887245, 0.758590845724614, -1.000431525770391]
Running module mass_function_like
Running module mass_function_like
Running module mass_function_like
Running module mass_function_like
Model N: 1889183.342265168
Done mass_function_like status = 0 

Pipeline ran okay.
Likelihood hmf_counts = -8.165835801512003
Posterior = -2.329212072955941 for parameter set #682: [0.3054688159749236, 0.791127871788022, -0.9996521967138176]
Running module mass_function_like
Model N: 1888676.4363906202
Done mass_function_like status = 0 

Pipeline ran okay.
Likelihood hmf_counts = -8.309439063072205
Posterior = -2.8960277611664242 for parameter set #677: [0.2892975482925122, 0.9760276415754161, -0.9990423665739754]
Proposed outside bounds: prior -infinity
Model N: 1891514.049490675
Done mass_function_like status = 0 

Pipeline ran okay.
Likelihood hmf_counts = -9.255094364285469
Posterior = -3.839230788119547 for parameter set #697: [0.28932289278019035, 0.7791227074917625, -1.002461091903111]
Running module mass_function_like
Model N: 1889276.866153041
Done mass_function_like status = 0 

Pipeline ran okay.
Likelihood hmf_counts = -8.154207572340965
Posterior = -2.2001472584207207 for parameter set #695: [0.302534026711913, 0.8500300284390936, -0.9997656094469668]
Running module mass_function_like
Model N: 1887746.5524703497
Done mass_function_like status = 0 

Pipeline ran okay.
Likelihood hmf_counts = -8.926769372075796
Posterior = -3.1268161076137577 for parameter set #683: [0.29390081508409627, 0.8813271935831893, -0.9979216829102411]
Model N: 1891699.3429742802
Done mass_function_like status = 0 

Pipeline ran okay.
Likelihood hmf_counts = -9.464885368943214
Posterior = -3.4792396915361063 for parameter set #698: [0.2998190294340935, 0.902932375344085, -1.0026836117995117]
Model N: 1889717.3328412815
Done mass_function_like status = 0 

Pipeline ran okay.
Likelihood hmf_counts = -8.161688394844532
Posterior = -2.384416272239455 for parameter set #696: [0.3064636369895579, 0.8416776924396261, -1.0002959554449578]
Running module mass_function_like
Proposed outside bounds: prior -infinity
Proposed outside bounds: prior -infinity
Running module mass_function_like
Running module mass_function_like
Model N: 1890823.813985824
Done mass_function_like status = 0 

Pipeline ran okay.
Likelihood hmf_counts = -8.633204013109207
Posterior = -2.8177707224593895 for parameter set #684: [0.29415870763235086, 0.8313824029908855, -1.001629383187936]
Running module mass_function_like
Model N: 1890089.5695076683
Done mass_function_like status = 0 

Pipeline ran okay.
Likelihood hmf_counts = -8.248044833540916
Posterior = -2.308019269002168 for parameter set #699: [0.3030369790364369, 0.8384118089306469, -1.0007449143939948]
Running module mass_function_like
Model N: 1889102.6714300546
Done mass_function_like status = 0 

Pipeline ran okay.
Likelihood hmf_counts = -8.179585680365562
Posterior = -2.7660837705299937 for parameter set #697: [0.31070194107793064, 0.8686679323055735, -0.9995551688592836]
Running module mass_function_like
Model N: 1889891.5192109793
Done mass_function_like status = 0 

Pipeline ran okay.
Likelihood hmf_counts = -8.192973725497723
Posterior = -2.224619795540412 for parameter set #685: [0.29811305738341126, 0.7592258845862085, -1.0005064701659576]
Model N: 1893438.3045484556
Done mass_function_like status = 0 

Pipeline ran okay.
Likelihood hmf_counts = -12.316670212894678
Posterior = -6.504018495177343 for parameter set #700: [0.3058715622055315, 0.860883970908545, -1.0047782556771025]
Model N: 1890003.123856629
Done mass_function_like status = 0 

Pipeline ran okay.
Likelihood hmf_counts = -8.221455611288548
Posterior = -2.8890096470238573 for parameter set #698: [0.2885658137006682, 0.7974203642281947, -1.0006398725877856]
Proposed outside bounds: prior -infinity
Running module mass_function_like
Running module mass_function_like
Running module mass_function_like
Running module mass_function_like
Model N: 1890297.6395070918
Done mass_function_like status = 0 

Pipeline ran okay.
Likelihood hmf_counts = -8.32824843749404
Posterior = -2.3598826552122087 for parameter set #686: [0.2981156345871183, 0.8325590738779698, -1.0009956949542858]
Running module mass_function_like
Model N: 1889775.8399894559
Done mass_function_like status = 0 

Pipeline ran okay.
Likelihood hmf_counts = -8.170406397432089
Posterior = -2.1970230555366665 for parameter set #701: [0.301598714731167, 0.7574259625714056, -1.000366930417914]
Running module mass_function_like
Model N: 1889866.3281919707
Done mass_function_like status = 0 

Pipeline ran okay.
Likelihood hmf_counts = -8.187456354498863
Posterior = -2.3487781701427632 for parameter set #699: [0.305431021702227, 0.8351018230085572, -1.0004764397936659]
Model N: 1891044.6865150284
Done mass_function_like status = 0 

Pipeline ran okay.
Likelihood hmf_counts = -8.80482105910778
Posterior = -2.8561402026377998 for parameter set #678: [0.2972683687549873, 0.8103769246706997, -1.0018953363111889]
Running module mass_function_like
Model N: 1887298.9359674018
Done mass_function_like status = 0 

Pipeline ran okay.
Likelihood hmf_counts = -9.387367635965347
Posterior = -3.5898321006521465 for parameter set #702: [0.29386336235903865, 0.8885804799723249, -0.9973832281156515]
Model N: 1886679.5863338418
Done mass_function_like status = 0 

Pipeline ran okay.
Likelihood hmf_counts = -10.199962858110666
Posterior = -6.548641691766683 for parameter set #687: [0.3216068645260378, 0.9236380813359705, -0.9966373279270445]
Model N: 1891382.8256175374
Done mass_function_like status = 0 

Pipeline ran okay.
Likelihood hmf_counts = -9.11748856678605
Posterior = -3.8832016600436967 for parameter set #679: [0.3122606477356395, 0.759550744973362, -1.0023030263597716]
Running module mass_function_like
Running module mass_function_like
Running module mass_function_like
Running module mass_function_like
Model N: 1891261.7179377223
Done mass_function_like status = 0 

Pipeline ran okay.
Likelihood hmf_counts = -8.998561300337315
Posterior = -3.0126245361218897 for parameter set #688: [0.30000566786824157, 0.9335086448582297, -1.0021568166875177]
Running module mass_function_like
Model N: 1893643.462742422
Done mass_function_like status = 0 

Pipeline ran okay.
Likelihood hmf_counts = -12.758277021348476
Posterior = -7.588627717284947 for parameter set #680: [0.2872308396497095, 0.7552166823109355, -1.0050258002936339]
Running module mass_function_like
Model N: 1890858.4624940413
Done mass_function_like status = 0 

Pipeline ran okay.
Likelihood hmf_counts = -8.658420905470848
Posterior = -2.6729076884866663 for parameter set #703: [0.300321433431821, 0.6781471120530392, -1.0016715472509718]
Running module mass_function_like
Model N: 1889604.2695791228
Done mass_function_like status = 0 

Pipeline ran okay.
Likelihood hmf_counts = -8.149973139166832
Posterior = -3.3476436116157666 for parameter set #700: [0.31538725913240695, 0.8631272853987787, -1.000159509246277]
Running module mass_function_like
Model N: 1890530.7348868581
Done mass_function_like status = 0 

Pipeline ran okay.
Likelihood hmf_counts = -8.445286594331264
Posterior = -2.474733097720348 for parameter set #689: [0.298237353290029, 0.8991208710666379, -1.0012759625267267]
Model N: 1889984.542914998
Done mass_function_like status = 0 

Pipeline ran okay.
Likelihood hmf_counts = -8.216256532818079
Posterior = -2.9534821052707096 for parameter set #681: [0.2879718994862388, 0.7952350479394548, -1.000617743590416]
Model N: 1890659.6765415226
Done mass_function_like status = 0 

Pipeline ran okay.
Likelihood hmf_counts = -8.522368401288986
Posterior = -2.6097170411622628 for parameter set #704: [0.30383185745229535, 0.8181561201906429, -1.001431781756922]
Model N: 1890815.752568081
Done mass_function_like status = 0 

Pipeline ran okay.
Likelihood hmf_counts = -8.627427957952023
Posterior = -2.8286930232150613 for parameter set #701: [0.29387948572610656, 0.8252527164850388, -1.001619309288724]
Proposed outside bounds: prior -infinity
Proposed outside bounds: prior -infinity
Running module mass_function_like
Running module mass_function_like
Running module mass_function_like
Running module mass_function_like
Model N: 1890554.6539291856
Done mass_function_like status = 0 

Pipeline ran okay.
Likelihood hmf_counts = -8.458921525627375
Posterior = -2.552296075745627 for parameter set #705: [0.2960135505199425, 0.8289334747858019, -1.001305148139123]
Running module mass_function_like
Model N: 1888247.3640884678
Done mass_function_like status = 0 

Pipeline ran okay.
Likelihood hmf_counts = -8.537352483719587
Posterior = -2.5513412718661286 for parameter set #690: [0.29990037731727404, 0.9666060604615722, -0.9985256696284223]
Running module mass_function_like
Model N: 1891252.335805391
Done mass_function_like status = 0 

Pipeline ran okay.
Likelihood hmf_counts = -8.989671427756548
Posterior = -3.5802835413683605 for parameter set #702: [0.3107382627789005, 0.7701358869232261, -1.0021456645519167]
Model N: 1885033.6691648592
Done mass_function_like status = 0 

Pipeline ran okay.
Likelihood hmf_counts = -13.349342912435532
Posterior = -7.3713997221123195 for parameter set #682: [0.2988340262595629, 0.9673366020598982, -0.9946542472745216]
Model N: 1887973.3230051545
Done mass_function_like status = 0 

Pipeline ran okay.
Likelihood hmf_counts = -8.73396834358573
Posterior = -3.1757477218643277 for parameter set #691: [0.30924971374572996, 0.8755669725547033, -0.9981951502050158]
Model N: 1889933.9667499627
Done mass_function_like status = 0 

Pipeline ran okay.
Likelihood hmf_counts = -8.203030053526163
Posterior = -2.315402912316376 for parameter set #706: [0.29556092749892116, 0.7438752551384797, -1.0005577309619547]
Proposed outside bounds: prior -infinity
Running module mass_function_like
Running module mass_function_like
Running module mass_function_like
Running module mass_function_like
Model N: 1891251.113534551
Done mass_function_like status = 0 

Pipeline ran okay.
Likelihood hmf_counts = -8.988516706973314
Posterior = -3.0374182562177507 for parameter set #707: [0.30263974395116694, 0.8055237710643987, -1.0021439512871255]
Model N: 1889888.2887232867
Done mass_function_like status = 0 

Pipeline ran okay.
Likelihood hmf_counts = -8.192247413098812
Posterior = -2.551250552112916 for parameter set #703: [0.3083085503631118, 0.8505990216916427, -1.0005022167367346]
Running module mass_function_like
Model N: 1890923.7607339872
Done mass_function_like status = 0 

Pipeline ran okay.
Likelihood hmf_counts = -8.707668885588646
Posterior = -2.721856412482099 for parameter set #683: [0.3002019599030039, 0.9598013201368816, -1.0017498893199293]
Running module mass_function_like
Model N: 1889684.815838385
Done mass_function_like status = 0 

Pipeline ran okay.
Likelihood hmf_counts = -8.157626148313284
Posterior = -2.1819956405889878 for parameter set #692: [0.29854839957890195, 0.886356202349081, -1.00025655850398]
Running module mass_function_like
Model N: 1891515.3266634753
Done mass_function_like status = 0 

Pipeline ran okay.
Likelihood hmf_counts = -9.25647833570838
Posterior = -3.2742641563159713 for parameter set #704: [0.30085465812889717, 0.9697305358101629, -1.0024622581968412]
Model N: 1891519.6879577423
Done mass_function_like status = 0 

Pipeline ran okay.
Likelihood hmf_counts = -9.261210821568966
Posterior = -4.455555614707958 for parameter set #693: [0.3153636577243162, 0.7224108398598451, -1.0024674583665918]
Model N: 1890709.3371835328
Done mass_function_like status = 0 

Pipeline ran okay.
Likelihood hmf_counts = -8.55439991876483
Posterior = -2.706166842007913 for parameter set #684: [0.2947497569969978, 0.8267537291129126, -1.0014911944237408]
Proposed outside bounds: prior -infinity
Running module mass_function_like
Running module mass_function_like
Running module mass_function_like
Running module mass_function_like
Model N: 1890891.7506772236
Done mass_function_like status = 0 

Pipeline ran okay.
Likelihood hmf_counts = -8.683245327323675
Posterior = -2.7063121794949705 for parameter set #708: [0.3013483219480882, 0.7799638723799218, -1.0017117800271564]
Running module mass_function_like
Model N: 1890763.9000759614
Done mass_function_like status = 0 

Pipeline ran okay.
Likelihood hmf_counts = -8.591096296906471
Posterior = -2.6228492390689064 for parameter set #705: [0.30188686397860526, 0.6103475041908448, -1.0015568014895873]
Running module mass_function_like
Model N: 1889078.1884253926
Done mass_function_like status = 0 

Pipeline ran okay.
Likelihood hmf_counts = -8.184440184384584
Model N: 1888169.9689755535
Done mass_function_like status = 0 

Pipeline ran okay.
Likelihood hmf_counts = -8.588847901672125
Posterior = -6.169662319950092 for parameter set #685: [0.2718170957519415, 0.8381844920169919, -0.9995268395705342]
Posterior = -2.6697435954024913 for parameter set #694: [0.3036590262523859, 0.9037165088636304, -0.9984325440843521]
Running module mass_function_like
Model N: 1887602.863967481
Done mass_function_like status = 0 

Pipeline ran okay.
Likelihood hmf_counts = -9.063045222312212
Posterior = -3.2328311959844553 for parameter set #686: [0.294419638757802, 0.8955934499738631, -0.9977490737223452]
Model N: 1889017.2173638975
Done mass_function_like status = 0 

Pipeline ran okay.
Likelihood hmf_counts = -8.197908908128738
Posterior = -2.4936628566224623 for parameter set #709: [0.29249122480626566, 0.6129073968000831, -0.9994533430000773]
Model N: 1891440.6787932308
Done mass_function_like status = 0 

Pipeline ran okay.
Likelihood hmf_counts = -9.177034452557564
Posterior = -4.921255212355212 for parameter set #706: [0.281398339233301, 0.9344619685970651, -1.0023721768532636]
Proposed outside bounds: prior -infinity
Proposed outside bounds: prior -infinity
Proposed outside bounds: prior -infinity
Running module mass_function_like
Running module mass_function_like
Running module mass_function_like
Running module mass_function_like
Model N: 1890329.8307421682
Done mass_function_like status = 0 

Pipeline ran okay.
Likelihood hmf_counts = -8.34270203486085
Posterior = -2.4932438730306536 for parameter set #710: [0.29477204040929134, 0.9348761357033276, -1.0010348768974788]
Model N: 1887939.4859743891
Done mass_function_like status = 0 

Pipeline ran okay.
Likelihood hmf_counts = -8.761006254702806
Posterior = -3.056696112338921 for parameter set #707: [0.30750585346848236, 0.959847900889191, -0.9981550396496092]
Model N: 1891229.6925278693
Done mass_function_like status = 0 

Pipeline ran okay.
Likelihood hmf_counts = -8.968407724052668
Posterior = -3.0043566131981922 for parameter set #687: [0.30209255720941414, 0.8060181661144682, -1.0021186246596483]
Model N: 1890147.7243603843
Done mass_function_like status = 0 

Pipeline ran okay.
Likelihood hmf_counts = -8.268156126141548
Posterior = -2.7444830834942158 for parameter set #695: [0.2903826898718066, 0.792482772185587, -1.0008149183230979]
Running module mass_function_like
Model N: 1886318.623078131
Done mass_function_like status = 0 

Pipeline ran okay.
Likelihood hmf_counts = -10.76745918020606
Posterior = -5.125179051993732 for parameter set #696: [0.2917154561942175, 0.9407222975451521, -0.9962024766273734]
Running module mass_function_like
Running module mass_function_like
Running module mass_function_like
Running module mass_function_like
Model N: 1891362.205908186
Done mass_function_like status = 0 

Pipeline ran okay.
Likelihood hmf_counts = -9.096692867577076
Posterior = -3.244988038740395 for parameter set #697: [0.29481916556488597, 0.8122799258767706, -1.0022779889958353]
Running module mass_function_like
Model N: 1889408.9070925212
Done mass_function_like status = 0 

Pipeline ran okay.
Likelihood hmf_counts = -8.145673356950283
Posterior = -2.502095550039476 for parameter set #688: [0.29172242270872345, 0.9577999719306008, -0.9999249301441542]
Running module mass_function_like
Model N: 1891028.9183282875
Done mass_function_like status = 0 

Pipeline ran okay.
Likelihood hmf_counts = -8.791714768856764
Posterior = -2.855229235067437 for parameter set #711: [0.2968533194766192, 0.8107519306660986, -1.0018761256877293]
Proposed outside bounds: prior -infinity
Model N: 1889752.396721808
Done mass_function_like status = 0 

Pipeline ran okay.
Likelihood hmf_counts = -8.166695710271597
Posterior = -2.548283539946836 for parameter set #708: [0.3085761487149164, 0.8438840992886667, -1.000338039159923]
Running module mass_function_like
Model N: 1891287.4254023326
Done mass_function_like status = 0 

Pipeline ran okay.
Likelihood hmf_counts = -9.023158200085163
Posterior = -3.293949672543917 for parameter set #709: [0.307165496770024, 0.7733227022001042, -1.0021875575552839]
Model N: 1886244.7615718176
Done mass_function_like status = 0 

Pipeline ran okay.
Likelihood hmf_counts = -10.892108600586653
Posterior = -5.5770279705424475 for parameter set #698: [0.3115787186484439, 0.8759484146972484, -0.9961134591036839]
Model N: 1891476.2820944646
Done mass_function_like status = 0 

Pipeline ran okay.
Likelihood hmf_counts = -9.214558135718107
Posterior = -4.291037269542678 for parameter set #689: [0.314576398379849, 0.7246191123268693, -1.0024153796161195]
Proposed outside bounds: prior -infinity
Proposed outside bounds: prior -infinity
Running module mass_function_like
Running module mass_function_like
Running module mass_function_like
Model N: 1891209.8841638982
Done mass_function_like status = 0 

Pipeline ran okay.
Likelihood hmf_counts = -8.950028322637081
Posterior = -3.1862136916259036 for parameter set #699: [0.306665366719121, 0.7678554112126206, -1.002094369772745]
Running module mass_function_like
Model N: 1891460.3969931935
Done mass_function_like status = 0 

Pipeline ran okay.
Likelihood hmf_counts = -9.197733510285616
Posterior = -3.2202988063839104 for parameter set #712: [0.2987001801637451, 0.9135256998164958, -1.002396479980894]
Running module mass_function_like
Model N: 1889139.0753094442
Done mass_function_like status = 0 

Pipeline ran okay.
Likelihood hmf_counts = -8.172954261302948
Posterior = -2.9839632931003557 for parameter set #710: [0.31262672206987513, 0.9852978896713851, -0.9996000400444469]
Running module mass_function_like
Model N: 1881634.6910386398
Done mass_function_like status = 0 

Pipeline ran okay.
Likelihood hmf_counts = -24.414965864270926
Posterior = -21.99119335993067 for parameter set #700: [0.326675613571608, 0.9333005696650554, -0.9905604912191275]
Model N: 1888180.1397335895
Done mass_function_like status = 0 

Pipeline ran okay.
Likelihood hmf_counts = -8.581899538636208
Posterior = -2.7294914349409964 for parameter set #713: [0.2948300768295753, 0.8812850037911943, -0.998445097336981]
Model N: 1891642.7098726563
Done mass_function_like status = 0 

Pipeline ran okay.
Likelihood hmf_counts = -9.398841056972742
Posterior = -5.653041781734961 for parameter set #711: [0.3211661432490348, 0.692593452405217, -1.0026158834804424]
Proposed outside bounds: prior -infinity
Running module mass_function_like
Running module mass_function_like
Running module mass_function_like
Running module mass_function_like
Model N: 1891096.8153428761
Done mass_function_like status = 0 

Pipeline ran okay.
Likelihood hmf_counts = -8.849084820598364
Posterior = -7.403351328633117 for parameter set #701: [0.2698661507831885, 0.92563404100557, -1.001957971794237]
Proposed outside bounds: prior -infinity
Model N: 1895397.6854241795
Done mass_function_like status = 0 

Pipeline ran okay.
Likelihood hmf_counts = -17.4393377751112
Posterior = -12.832732626854876 for parameter set #690: [0.2834047234806547, 0.7512084735508621, -1.007139125613501]
Proposed outside bounds: prior -infinity
Model N: 1892014.9912088579
Done mass_function_like status = 0 

Pipeline ran okay.
Likelihood hmf_counts = -9.86400743201375
Posterior = -4.298709661820764 for parameter set #714: [0.3091695388322824, 0.6981678693093492, -1.0030644267770503]
Model N: 1888852.7420985454
Done mass_function_like status = 0 

Pipeline ran okay.
Likelihood hmf_counts = -8.244059469550848
Posterior = -2.2751005965845996 for parameter set #712: [0.2981462033144778, 0.9795438067063414, -0.9992538897167235]
Running module mass_function_like
Model N: 1890382.449809496
Done mass_function_like status = 0 

Pipeline ran okay.
Likelihood hmf_counts = -8.367507390677929
Posterior = -2.496025963344449 for parameter set #713: [0.2952119341986264, 0.7768123428498036, -1.0010974500021246]
Running module mass_function_like
Running module mass_function_like
Running module mass_function_like
Running module mass_function_like
Model N: 1890368.313281775
Done mass_function_like status = 0 

Pipeline ran okay.
Likelihood hmf_counts = -8.36069941520691
Posterior = -2.494816920344097 for parameter set #702: [0.29509635658301997, 0.8183419955401355, -1.001081009555791]
Running module mass_function_like
Model N: 1890014.3698910128
Done mass_function_like status = 0 

Pipeline ran okay.
Likelihood hmf_counts = -8.224691044539213
Posterior = -2.273145929681532 for parameter set #715: [0.29736929731138384, 0.7415686476353899, -1.0006545183437119]
Running module mass_function_like
Model N: 1893261.7287728605
Done mass_function_like status = 0 

Pipeline ran okay.
Likelihood hmf_counts = -11.954349681735039
Posterior = -6.557568671233605 for parameter set #691: [0.28915245630568376, 0.7029684054595218, -1.0045661499062608]
Proposed outside bounds: prior -infinity
Model N: 1890933.3599507827
Done mass_function_like status = 0 

Pipeline ran okay.
Likelihood hmf_counts = -8.715098582208157
Posterior = -2.7290995631527384 for parameter set #714: [0.2999446222417939, 0.9695697008498363, -1.0017616197905117]
Running module mass_function_like
Model N: 1886445.7327696541
Done mass_function_like status = 0 

Pipeline ran okay.
Likelihood hmf_counts = -10.559729982167482
Posterior = -5.094137092128682 for parameter set #703: [0.3101971799868501, 0.8569097007196753, -0.9963551974254485]
Model N: 1892599.377017947
Done mass_function_like status = 0 

Pipeline ran okay.
Likelihood hmf_counts = -10.741731353104115
Posterior = -8.801104610543828 for parameter set #716: [0.3284423374887455, 0.6404612790802644, -1.0037681986982419]
Model N: 1891114.564374963
Done mass_function_like status = 0 

Pipeline ran okay.
Likelihood hmf_counts = -8.864483568817377
Posterior = -3.8687999125487993 for parameter set #715: [0.3140733075828769, 0.7400748448311837, -1.0019795447475413]
Proposed outside bounds: prior -infinity
Running module mass_function_like
Running module mass_function_like
Running module mass_function_like
Running module mass_function_like
Model N: 1889419.7663746318
Done mass_function_like status = 0 

Pipeline ran okay.
Likelihood hmf_counts = -8.145382169634104
Posterior = -2.491638482103437 for parameter set #692: [0.29184615869349295, 0.9067238713113207, -0.9999383621729068]
Proposed outside bounds: prior -infinity
Model N: 1891383.6993285809
Done mass_function_like status = 0 

Pipeline ran okay.
Likelihood hmf_counts = -9.118374697864056
Posterior = -3.266982444098934 for parameter set #704: [0.2948132486236254, 0.8121505244612518, -1.0023035398130462]
Proposed outside bounds: prior -infinity
Model N: 1889431.0995452204
Done mass_function_like status = 0 

Pipeline ran okay.
Likelihood hmf_counts = -8.14514483883977
Posterior = -2.253123331333401 for parameter set #717: [0.3043393061762447, 0.8131536735716475, -0.9999510535174674]
Model N: 1889142.4284373538
Done mass_function_like status = 0 

Pipeline ran okay.
Likelihood hmf_counts = -8.172378737479448
Posterior = -2.9836776008035883 for parameter set #716: [0.31262901843406815, 0.9849086133967301, -0.999603817359613]
Running module mass_function_like
Model N: 1888385.4040337477
Done mass_function_like status = 0 

Pipeline ran okay.
Likelihood hmf_counts = -8.453386154025793
Posterior = -2.603953055965902 for parameter set #717: [0.3052278274237636, 0.9338714942030913, -0.9986921634116654]
Running module mass_function_like
Running module mass_function_like
Running module mass_function_like
Running module mass_function_like
Model N: 1889258.0938327692
Done mass_function_like status = 0 

Pipeline ran okay.
Likelihood hmf_counts = -8.156170189380646
Posterior = -2.551556410580883 for parameter set #693: [0.29126441230557387, 0.9629533426263945, -0.9997439876781664]
Running module mass_function_like
Model N: 1891057.5296088462
Done mass_function_like status = 0 

Pipeline ran okay.
Likelihood hmf_counts = -8.815593123435974
Posterior = -2.8684637355088167 for parameter set #718: [0.29721225610073815, 0.807470847263308, -1.0019107568329795]
Running module mass_function_like
Model N: 1889830.158023568
Done mass_function_like status = 0 

Pipeline ran okay.
Likelihood hmf_counts = -8.180121395736933
Posterior = -2.2001585062591023 for parameter set #705: [0.29888669105509114, 0.6286327371485425, -1.0004323017083891]
Proposed outside bounds: prior -infinity
Model N: 1890920.9293598526
Done mass_function_like status = 0 

Pipeline ran okay.
Likelihood hmf_counts = -8.705486726015806
Posterior = -2.7195974160120997 for parameter set #718: [0.2998402406277065, 0.968869591997873, -1.001746954271694]
Running module mass_function_like
Model N: 1890648.1533126107
Done mass_function_like status = 0 

Pipeline ran okay.
Likelihood hmf_counts = -8.515122164040804
Posterior = -2.924524513120584 for parameter set #694: [0.29110650295615736, 0.7804369455246049, -1.0014171696147462]
Model N: 1887359.5286170684
Done mass_function_like status = 0 

Pipeline ran okay.
Likelihood hmf_counts = -9.318798873573542
Posterior = -3.984154617985652 for parameter set #719: [0.2885877101826722, 0.9260100522537809, -0.9974565071694655]
Model N: 1889393.8151771205
Done mass_function_like status = 0 

Pipeline ran okay.
Likelihood hmf_counts = -8.146181680262089
Posterior = -2.16511925879316 for parameter set #719: [0.3010106103454136, 0.8301815985146516, -0.9999072713592547]
Running module mass_function_like
Proposed outside bounds: prior -infinity
Running module mass_function_like
Running module mass_function_like
Running module mass_function_like
Model N: 1884956.2569720007
Done mass_function_like status = 0 

Pipeline ran okay.
Likelihood hmf_counts = -13.53291654959321
Posterior = -8.6489113183411 for parameter set #706: [0.3148370161285068, 0.8704091917646668, -0.9945611609505524]
Model N: 1890245.7399813307
Done mass_function_like status = 0 

Pipeline ran okay.
Likelihood hmf_counts = -8.306099873036146
Posterior = -2.416190407601219 for parameter set #695: [0.29561328129264614, 0.7640676594884732, -1.0009332441061782]
Running module mass_function_like
Model N: 1891116.4486855657
Done mass_function_like status = 0 

Pipeline ran okay.
Likelihood hmf_counts = -8.866128131747246
Posterior = -3.886260355461104 for parameter set #720: [0.3141852407005029, 0.7398781324091477, -1.0019822855903755]
Running module mass_function_like
Model N: 1889100.4827446793
Done mass_function_like status = 0 

Pipeline ran okay.
Likelihood hmf_counts = -8.180006735026836
Posterior = -2.3583051157196167 for parameter set #720: [0.3057351177299179, 0.8575590389379002, -0.9995523045021305]
Running module mass_function_like
Model N: 1893152.817926205
Done mass_function_like status = 0 

Pipeline ran okay.
Likelihood hmf_counts = -11.73906733468175
Posterior = -13.642009350467497 for parameter set #696: [0.339719336350992, 0.7458566785728227, -1.0044342591711082]
Model N: 1890355.2225802257
Done mass_function_like status = 0 

Pipeline ran okay.
Likelihood hmf_counts = -8.35448932275176
Posterior = -2.520268442304709 for parameter set #721: [0.2944883399414158, 0.9229230534958162, -1.001064465088608]
Model N: 1892558.0083519479
Done mass_function_like status = 0 

Pipeline ran okay.
Likelihood hmf_counts = -10.673671141266823
Posterior = -6.023381006982838 for parameter set #721: [0.31634128537532546, 0.6655037608509276, -1.003718453649403]
Proposed outside bounds: prior -infinity
Proposed outside bounds: prior -infinity
Proposed outside bounds: prior -infinity
Running module mass_function_like
Running module mass_function_like
Running module mass_function_like
Model N: 1889032.98608669
Done mass_function_like status = 0 

Pipeline ran okay.
Likelihood hmf_counts = -8.19423683360219
Posterior = -2.3698096126644606 for parameter set #722: [0.3056873248364741, 0.8647485968669159, -0.9994712687894735]
Running module mass_function_like
Model N: 1891778.381140728
Done mass_function_like status = 0 

Pipeline ran okay.
Likelihood hmf_counts = -9.559888895601034
Posterior = -3.583988108455033 for parameter set #697: [0.3014058913952864, 0.9962393314473312, -1.0027787678116427]
Running module mass_function_like
Model N: 1888696.0483636344
Done mass_function_like status = 0 

Pipeline ran okay.
Likelihood hmf_counts = -8.301352504640818
Posterior = -2.533721951198366 for parameter set #707: [0.2933894726711675, 0.7159791645154684, -0.9990661211899128]
Model N: 1890380.8603430202
Done mass_function_like status = 0 

Pipeline ran okay.
Likelihood hmf_counts = -8.36673665419221
Posterior = -2.5546811930143436 for parameter set #723: [0.29409993179887917, 0.7695643688641126, -1.0010957434280292]
Model N: 1889020.533487534
Done mass_function_like status = 0 

Pipeline ran okay.
Likelihood hmf_counts = -8.197125747799873
Posterior = -2.2439947587619162 for parameter set #698: [0.3025699742785302, 0.8685221156284726, -0.9994579713888924]
Running module mass_function_like
Running module mass_function_like
Running module mass_function_like
Running module mass_function_like
Model N: 1890626.967517933
Done mass_function_like status = 0 

Pipeline ran okay.
Likelihood hmf_counts = -8.501982878893614
Posterior = -2.847621256341653 for parameter set #722: [0.30814507152120585, 0.7986636172181317, -1.0013924422465632]
Running module mass_function_like
Model N: 1892222.115992222
Done mass_function_like status = 0 

Pipeline ran okay.
Likelihood hmf_counts = -10.154484119266272
Posterior = -4.692185111211692 for parameter set #699: [0.2897694420705871, 0.9422002677104144, -1.00331340296465]
Running module mass_function_like
Model N: 1887801.9551854217
Done mass_function_like status = 0 

Pipeline ran okay.
Likelihood hmf_counts = -8.877149064093828
Posterior = -3.244704145825259 for parameter set #708: [0.3084085968310449, 0.9371141503648843, -0.9979895465864898]
Running module mass_function_like
Model N: 1890718.837752961
Done mass_function_like status = 0 

Pipeline ran okay.
Likelihood hmf_counts = -8.560676403343678
Posterior = -2.601653867329583 for parameter set #724: [0.2976747421108252, 0.758075005529673, -1.0015024012800289]
Proposed outside bounds: prior -infinity
Model N: 1889145.7193891483
Done mass_function_like status = 0 

Pipeline ran okay.
Likelihood hmf_counts = -8.171819675713778
Posterior = -2.3363744055773887 for parameter set #723: [0.29450970729907955, 0.8322647600676264, -0.9996081351007111]
Model N: 1885072.1287059432
Done mass_function_like status = 0 

Pipeline ran okay.
Likelihood hmf_counts = -13.259325608611107
Posterior = -8.056626923957282 for parameter set #709: [0.3125065311922844, 0.8565736341408949, -0.9947005268591722]
Model N: 1891864.115495936
Done mass_function_like status = 0 

Pipeline ran okay.
Likelihood hmf_counts = -9.666670337319374
Posterior = -6.461013594273994 for parameter set #700: [0.3235800655035812, 0.6993016124784938, -1.0028821135958548]
Proposed outside bounds: prior -infinity
Running module mass_function_like
Running module mass_function_like
Running module mass_function_like
Running module mass_function_like
Model N: 1893694.8547762027
Done mass_function_like status = 0 

Pipeline ran okay.
Likelihood hmf_counts = -12.87237312272191
Posterior = -6.8893232136164055 for parameter set #724: [0.2993957584861844, 0.7398128885154482, -1.005087375766853]
Running module mass_function_like
Model N: 1890395.344925156
Done mass_function_like status = 0 

Pipeline ran okay.
Likelihood hmf_counts = -8.373809676617384
Posterior = -2.574691024251365 for parameter set #725: [0.29388462727499515, 0.6845537448270655, -1.001113081808046]
Model N: 1889652.8655403885
Done mass_function_like status = 0 

Pipeline ran okay.
Likelihood hmf_counts = -8.154179636389017
Posterior = -2.243176548281844 for parameter set #701: [0.2961227833647576, 0.9156696176812448, -1.0002184243613061]
Running module mass_function_like
Model N: 1890529.0113597047
Done mass_function_like status = 0 

Pipeline ran okay.
Likelihood hmf_counts = -8.444315791130066
Posterior = -2.554398954377338 for parameter set #710: [0.3043856931574659, 0.6421538279138355, -1.0012740379924534]
Proposed outside bounds: prior -infinity
Model N: 1889174.6655034658
Done mass_function_like status = 0 

Pipeline ran okay.
Likelihood hmf_counts = -8.167149346321821
Posterior = -2.1813155921589216 for parameter set #702: [0.2997433260280591, 0.8357800932611477, -0.9996434625406625]
Model N: 1889907.2476552192
Done mass_function_like status = 0 

Pipeline ran okay.
Likelihood hmf_counts = -8.196588825434446
Posterior = -2.5519485688058845 for parameter set #725: [0.2917354314270588, 0.7043464997055483, -1.0005252168591927]
Running module mass_function_like
Running module mass_function_like
Proposed outside bounds: prior -infinity
Running module mass_function_like
Running module mass_function_like
Model N: 1885537.3317188036
Done mass_function_like status = 0 

Pipeline ran okay.
Likelihood hmf_counts = -12.232767686247826
Posterior = -7.317816927654178 for parameter set #726: [0.31462939598263573, 0.914059060254144, -0.9952615929410529]
Proposed outside bounds: prior -infinity
Model N: 1890590.284028879
Done mass_function_like status = 0 

Pipeline ran okay.
Likelihood hmf_counts = -8.479793105274439
Posterior = -2.7202940113692593 for parameter set #703: [0.30673170971488944, 0.7398227831454327, -1.001347927426752]
Running module mass_function_like
Model N: 1883907.4951707902
Done mass_function_like status = 0 

Pipeline ran okay.
Likelihood hmf_counts = -16.334078710526228
Posterior = -12.333155452596383 for parameter set #711: [0.31991482241991753, 0.8765512578757687, -0.9932985080225984]
Model N: 1889100.4853231001
Done mass_function_like status = 0 

Pipeline ran okay.
Likelihood hmf_counts = -8.180006239563227
Posterior = -2.3582941840672156 for parameter set #726: [0.3057349357592783, 0.8575583775115904, -0.999552307270599]
Running module mass_function_like
Model N: 1889525.7512894413
Done mass_function_like status = 0 

Pipeline ran okay.
Likelihood hmf_counts = -8.14581735432148
Posterior = -2.196380625166811 for parameter set #704: [0.2972895546127867, 0.9242800749156953, -1.0000659712447957]
Model N: 1890058.45447695
Done mass_function_like status = 0 

Pipeline ran okay.
Likelihood hmf_counts = -8.238019075244665
Posterior = -2.368120777701267 for parameter set #727: [0.29517825335676917, 0.9198613123523721, -1.000707343612658]
Proposed outside bounds: prior -infinity
Running module mass_function_like
Proposed outside bounds: prior -infinity
Proposed outside bounds: prior -infinity
Proposed outside bounds: prior -infinity
Running module mass_function_like
Running module mass_function_like
Model N: 1889306.2651868921
Done mass_function_like status = 0 

Pipeline ran okay.
Likelihood hmf_counts = -8.151508778333664
Posterior = -2.178728315184938 for parameter set #728: [0.30163628153915956, 0.8899392922264253, -0.9998015951332834]
Running module mass_function_like
Model N: 1887344.5277003143
Done mass_function_like status = 0 

Pipeline ran okay.
Likelihood hmf_counts = -9.335593044757843
Posterior = -3.7473243818391015 for parameter set #712: [0.30891709405745627, 0.809605804297943, -0.9974386617407969]
Model N: 1889810.9881952268
Done mass_function_like status = 0 

Pipeline ran okay.
Likelihood hmf_counts = -8.1765145547688
Posterior = -2.738996981624469 for parameter set #705: [0.28952485231641784, 0.9727022766561133, -1.0004086475655207]
Model N: 1892132.5444749824
Done mass_function_like status = 0 

Pipeline ran okay.
Likelihood hmf_counts = -10.026088379323483
Posterior = -4.750866385540121 for parameter set #729: [0.31192001476523173, 0.6692543248885577, -1.0032055076046669]
Running module mass_function_like
Running module mass_function_like
Running module mass_function_like
Running module mass_function_like
Model N: 1890937.1267544054
Done mass_function_like status = 0 

Pipeline ran okay.
Likelihood hmf_counts = -8.718027357012033
Posterior = -2.9307060895989077 for parameter set #727: [0.3063038457067768, 0.6490533060707112, -1.0017657681777916]
Running module mass_function_like
Model N: 1889721.245146942
Done mass_function_like status = 0 

Pipeline ran okay.
Likelihood hmf_counts = -8.16221484914422
Posterior = -2.4042105469576693 for parameter set #730: [0.2932448438427845, 0.940546589281045, -1.0003013974741493]
Running module mass_function_like
Model N: 1890596.6597152846
Done mass_function_like status = 0 

Pipeline ran okay.
Likelihood hmf_counts = -8.483598671853542
Posterior = -2.7597060768309998 for parameter set #713: [0.29275865910401067, 0.6649740440579972, -1.0013552333236388]
Running module mass_function_like
Model N: 1891125.878749949
Done mass_function_like status = 0 

Pipeline ran okay.
Likelihood hmf_counts = -8.874386582523584
Posterior = -2.972751470908329 for parameter set #706: [0.29589303501674313, 0.7264503447454368, -1.001992984026573]
Running module mass_function_like
Model N: 1888754.0217873089
Done mass_function_like status = 0 

Pipeline ran okay.
Likelihood hmf_counts = -8.278639663010836
Posterior = -2.3181375816317873 for parameter set #714: [0.30226407589640947, 0.9300218807497245, -0.9991370046617188]
Model N: 1892632.3778890294
Done mass_function_like status = 0 

Pipeline ran okay.
Likelihood hmf_counts = -10.796672087162733
Posterior = -8.501692524525703 for parameter set #728: [0.3271678675475734, 0.6284329516748145, -1.0038074130345132]
Model N: 1891306.3958097417
Done mass_function_like status = 0 

Pipeline ran okay.
Likelihood hmf_counts = -9.041532941162586
Posterior = -5.846342863749693 for parameter set #707: [0.32362513541034066, 0.8876378419151494, -1.0022105408962443]
Model N: 1889547.2763301728
Done mass_function_like status = 0 

Pipeline ran okay.
Likelihood hmf_counts = -8.146632015705109
Posterior = -2.160741443628204 for parameter set #731: [0.2997639811191314, 0.864145022045586, -1.000091772840992]
Done 200 iterations of emcee. Acceptance fraction 0.636
Running module mass_function_like
Running module mass_function_like
Running module mass_function_like
Running module mass_function_like
Model N: 1889666.3161396773
Done mass_function_like status = 0 

Pipeline ran okay.
Likelihood hmf_counts = -8.155564732849598
Posterior = -2.2878746219051154 for parameter set #715: [0.2951322152292046, 0.9132519137252654, -1.0002351140928436]
Running module mass_function_like
Model N: 1890577.750059103
Done mass_function_like status = 0 

Pipeline ran okay.
Likelihood hmf_counts = -8.472374375909567
Posterior = -2.568652734001164 for parameter set #729: [0.2959414527111559, 0.65872721982721, -1.0013330068486979]
Running module mass_function_like
Model N: 1890008.8275745725
Done mass_function_like status = 0 

Pipeline ran okay.
Likelihood hmf_counts = -8.223088182508945
Posterior = -2.275970228084968 for parameter set #732: [0.3027939440138739, 0.9130939659802352, -1.0006472644431468]
Running module mass_function_like
Model N: 1889627.9121417184
Done mass_function_like status = 0 

Pipeline ran okay.
Likelihood hmf_counts = -8.151863563805819
Posterior = -2.2323347463075 for parameter set #708: [0.2963492763071216, 0.9173410745305837, -1.0001888302527873]
Running module mass_function_like
Model N: 1886200.610369071
Done mass_function_like status = 0 

Pipeline ran okay.
Likelihood hmf_counts = -10.968002114444971
Posterior = -10.944801063459298 for parameter set #716: [0.2654682974625853, 0.6008085917202473, -0.9960602890914964]
Model N: 1890493.2204232118
Done mass_function_like status = 0 

Pipeline ran okay.
Likelihood hmf_counts = -8.424510844051838
Posterior = -3.1511684725172193 for parameter set #709: [0.3119394425612389, 0.720898683792411, -1.0012304702354833]
Model N: 1888404.4174244914
Done mass_function_like status = 0 

Pipeline ran okay.
Likelihood hmf_counts = -8.442611914128065
Posterior = -2.6846456637415823 for parameter set #730: [0.30675456423596786, 0.9432442101202857, -0.9987148753002866]
Model N: 1889862.464994299
Done mass_function_like status = 0 

Pipeline ran okay.
Likelihood hmf_counts = -8.186639923602343
Posterior = -2.6317964608124482 for parameter set #733: [0.29071221285062854, 0.8285612879239048, -1.0004712600176788]
Running module mass_function_like
Running module mass_function_like
Running module mass_function_like
Running module mass_function_like
Model N: 1890541.6752307257
Done mass_function_like status = 0 

Pipeline ran okay.
Likelihood hmf_counts = -8.451485551893711
Posterior = -2.4904678853571944 for parameter set #731: [0.3022391414223886, 0.6463668348022544, -1.0012890280559756]
Proposed outside bounds: prior -infinity
Model N: 1893153.041080589
Done mass_function_like status = 0 

Pipeline ran okay.
Likelihood hmf_counts = -11.739502049982548
Posterior = -5.952114492378944 for parameter set #734: [0.29371035008878177, 0.9915877629755913, -1.0044350425436828]
Running module mass_function_like
Model N: 1890384.4241508897
Done mass_function_like status = 0 

Pipeline ran okay.
Model N: 1892976.0059116806
Done mass_function_like status = 0 

Pipeline ran okay.
Likelihood hmf_counts = -11.402882773429155
Likelihood hmf_counts = -8.36846662312746
Posterior = -2.3889630152675494 for parameter set #710: [0.29885062012172653, 0.7854831286327681, -1.0011003578276563]
Posterior = -6.347981847084096 for parameter set #717: [0.3136409481993732, 0.616860695052723, -1.004221972324109]
Running module mass_function_like
Running module mass_function_like
Model N: 1892148.8891598245
Done mass_function_like status = 0 

Pipeline ran okay.
Likelihood hmf_counts = -10.049201749265194
Posterior = -6.029115191323357 for parameter set #735: [0.31982706582267634, 0.6355546214877783, -1.0032257220113174]
Model N: 1887772.2370456483
Done mass_function_like status = 0 

Pipeline ran okay.
Likelihood hmf_counts = -8.903563160449266
Posterior = -3.352609720009249 for parameter set #718: [0.30932745053417926, 0.7975616798743922, -0.9979534909116686]
Model N: 1889170.8304381534
Done mass_function_like status = 0 

Pipeline ran okay.
Likelihood hmf_counts = -8.167742628604174
Posterior = -2.216137349905093 for parameter set #711: [0.29737102063589066, 0.9592874877446357, -0.9996373275138603]
Proposed outside bounds: prior -infinity
Running module mass_function_like
Proposed outside bounds: prior -infinity
Running module mass_function_like
Running module mass_function_like
Running module mass_function_like
Model N: 1889370.4391203134
Done mass_function_like status = 0 

Pipeline ran okay.
Likelihood hmf_counts = -8.147207014262676
Posterior = -2.3873259376572626 for parameter set #719: [0.29327262741246096, 0.6232846037892381, -0.9998790465392555]
Model N: 1889798.5147237978
Done mass_function_like status = 0 

Pipeline ran okay.
Likelihood hmf_counts = -8.174272060394287
Posterior = -2.230862979337707 for parameter set #712: [0.3029241289680744, 0.9574403010263967, -1.0003946031934445]
Running module mass_function_like
Model N: 1893782.9883774654
Done mass_function_like status = 0 

Pipeline ran okay.
Likelihood hmf_counts = -13.071279142051935
Posterior = -9.006414870407085 for parameter set #732: [0.31959569546422856, 0.6027752893949267, -1.0051939242802774]
Model N: 1889097.5889448335
Done mass_function_like status = 0 

Pipeline ran okay.
Likelihood hmf_counts = -8.1805673353374
Posterior = -2.3682441512639727 for parameter set #736: [0.30589637581289025, 0.855594805097519, -0.9995506662122635]
Running module mass_function_like
Model N: 1889836.6736819951
Done mass_function_like status = 0 

Pipeline ran okay.
Likelihood hmf_counts = -8.181391600519419
Posterior = -2.4569563249717197 for parameter set #713: [0.29276502165203316, 0.745116473940527, -1.0004400846466663]
Model N: 1889469.0843636845
Done mass_function_like status = 0 

Pipeline ran okay.
Likelihood hmf_counts = -8.144845131784678
Posterior = -2.205009022836901 for parameter set #737: [0.29695587752495306, 0.9179580036961209, -0.9999965734875919]
Running module mass_function_like
Running module mass_function_like
Running module mass_function_like
Running module mass_function_like
Model N: 1890989.785794588
Done mass_function_like status = 0 

Pipeline ran okay.
Likelihood hmf_counts = -8.759755961596966
Posterior = -2.800062262972925 for parameter set #714: [0.2977061585809948, 0.6107325928426472, -1.0018290809085169]
Running module mass_function_like
Model N: 1888148.169309278
Done mass_function_like status = 0 

Pipeline ran okay.
Likelihood hmf_counts = -8.603925473988056
Posterior = -2.8206836045732215 for parameter set #720: [0.3063686835642179, 0.9615332121148963, -0.9984062834020948]
Running module mass_function_like
Model N: 1891245.864508951
Done mass_function_like status = 0 

Pipeline ran okay.
Likelihood hmf_counts = -8.983566761016846
Posterior = -4.1536996665318595 for parameter set #733: [0.3152057474856717, 0.6480948206808378, -1.0021384119117231]
Running module mass_function_like
Model N: 1890196.7999045597
Done mass_function_like status = 0 

Pipeline ran okay.
Likelihood hmf_counts = -8.286519147455692
Posterior = -2.3527759990560906 for parameter set #738: [0.2967630821029082, 0.771636187073574, -1.0008738648418]
Running module mass_function_like
Model N: 1889261.1579425668
Done mass_function_like status = 0 

Pipeline ran okay.
Likelihood hmf_counts = -8.15583710372448
Posterior = -2.2698815541964406 for parameter set #715: [0.29552315400393947, 0.8077918933367937, -0.9997463127910128]
Model N: 1886474.8722887367
Done mass_function_like status = 0 

Pipeline ran okay.
Likelihood hmf_counts = -10.513317432254553
Posterior = -7.0269425934234295 for parameter set #721: [0.3223568484377514, 0.9389973937760202, -0.9963907935049714]
Model N: 1889672.4206369983
Done mass_function_like status = 0 

Pipeline ran okay.
Likelihood hmf_counts = -8.156224936246872
Posterior = -2.3295337697026204 for parameter set #734: [0.2943524265864064, 0.9477193245866462, -1.0002418220982057]
Model N: 1892392.9299921559
Done mass_function_like status = 0 

Pipeline ran okay.
Likelihood hmf_counts = -10.411071639508009
Posterior = -6.998004901208611 for parameter set #739: [0.32268251918590674, 0.6239941954499207, -1.003519648720308]
Running module mass_function_like
Running module mass_function_like
Running module mass_function_like
Running module mass_function_like
Model N: 1888923.8588977947
Done mass_function_like status = 0 

Pipeline ran okay.
Likelihood hmf_counts = -8.222346682101488
Posterior = -2.818701331424558 for parameter set #716: [0.28920646071943873, 0.9974002372393609, -0.9993409693750642]
Running module mass_function_like
Model N: 1889765.915467953
Done mass_function_like status = 0 

Pipeline ran okay.
Likelihood hmf_counts = -8.168800015002489
Posterior = -2.4666628798412384 for parameter set #722: [0.29246307656865755, 0.7533284609317406, -1.0003552052761646]
Running module mass_function_like
Model N: 1890386.7372723112
Done mass_function_like status = 0 

Pipeline ran okay.
Likelihood hmf_counts = -8.369593065232038
Posterior = -2.3889994355245996 for parameter set #735: [0.3010502532545342, 0.6433063152615864, -1.0011020757643418]
Running module mass_function_like
Model N: 1890851.6582200292
Done mass_function_like status = 0 

Pipeline ran okay.
Likelihood hmf_counts = -8.653418749570847
Posterior = -2.719563020457443 for parameter set #740: [0.2967696572736475, 0.9632812925979829, -1.0016626363905496]
Running module mass_function_like
Model N: 1889884.8481637703
Done mass_function_like status = 0 

Pipeline ran okay.
Likelihood hmf_counts = -8.191479943692684
Posterior = -2.3143937985582523 for parameter set #723: [0.2953294331525645, 0.8763551747268464, -1.0004979806021301]
Model N: 1891266.6838768318
Done mass_function_like status = 0 

Pipeline ran okay.
Likelihood hmf_counts = -9.003285504877567
Posterior = -3.0967276664156973 for parameter set #717: [0.3039844133513426, 0.6199062430497178, -1.0021630095542966]
Model N: 1888651.4848153628
Done mass_function_like status = 0 

Pipeline ran okay.
Likelihood hmf_counts = -8.320021782070398
Posterior = -2.345991098113494 for parameter set #741: [0.30155500067480306, 0.9683182486713047, -0.9990131028406178]
Model N: 1889122.1087382536
Done mass_function_like status = 0 

Pipeline ran okay.
Likelihood hmf_counts = -8.175957635045052
Posterior = -2.222595034199733 for parameter set #736: [0.2974388268250262, 0.9660379184718599, -0.9995786511205894]
Running module mass_function_like
Running module mass_function_like
Running module mass_function_like
Running module mass_function_like
Model N: 1889785.1542387716
Done mass_function_like status = 0 

Pipeline ran okay.
Likelihood hmf_counts = -8.171961396932602
Posterior = -2.2465207529389577 for parameter set #724: [0.2965151261049248, 0.8740790898866715, -1.0003779797277292]
Running module mass_function_like
Model N: 1890778.9578719474
Done mass_function_like status = 0 

Pipeline ran okay.
Likelihood hmf_counts = -8.601500481367111
Posterior = -2.680354798090198 for parameter set #718: [0.29639722920330375, 0.6663857355461669, -1.0015751025725619]
Proposed outside bounds: prior -infinity
Model N: 1890474.3771234148
Done mass_function_like status = 0 

Pipeline ran okay.
Likelihood hmf_counts = -8.414356023073196
Posterior = -2.529611358785515 for parameter set #737: [0.2954977370780266, 0.670794934149032, -1.0012082745523454]
Running module mass_function_like
Model N: 1889177.3053160447
Done mass_function_like status = 0 

Pipeline ran okay.
Likelihood hmf_counts = -8.166745498776436
Posterior = -3.0923117210377313 for parameter set #742: [0.3135035512579392, 0.7909606355811486, -0.9996462449268294]
Running module mass_function_like
Model N: 1885989.9630049148
Done mass_function_like status = 0 

Pipeline ran okay.
Likelihood hmf_counts = -11.344346642494202
Posterior = -8.898294405376214 for parameter set #725: [0.326605405581509, 0.9376741876891549, -0.9958065530901022]
Model N: 1889433.844667586
Done mass_function_like status = 0 

Pipeline ran okay.
Likelihood hmf_counts = -8.145097579807043
Posterior = -2.3703315362662067 for parameter set #738: [0.2934976408689127, 0.6908917845327078, -0.9999546433580022]
Model N: 1890962.265832591
Done mass_function_like status = 0 

Pipeline ran okay.
Likelihood hmf_counts = -8.737765531986952
Posterior = -3.339407045950411 for parameter set #743: [0.31084112278953063, 0.6682905728323716, -1.001796190553982]
Running module mass_function_like
Proposed outside bounds: prior -infinity
Running module mass_function_like
Running module mass_function_like
Running module mass_function_like
Model N: 1889947.765867367
Done mass_function_like status = 0 

Pipeline ran okay.
Likelihood hmf_counts = -8.20650452002883
Posterior = -2.408914324379934 for parameter set #719: [0.29385894414440256, 0.7371636919176632, -1.0005742298062807]
Model N: 1890270.5341466924
Done mass_function_like status = 0 

Pipeline ran okay.
Likelihood hmf_counts = -8.316503304988146
Posterior = -2.454408166539718 for parameter set #726: [0.3049805233924993, 0.6679171189847977, -1.0009624238739911]
Running module mass_function_like
Model N: 1891953.2990387313
Done mass_function_like status = 0 

Pipeline ran okay.
Likelihood hmf_counts = -9.78186534717679
Posterior = -3.8018806983258884 for parameter set #739: [0.2989287479421045, 0.644990449364473, -1.0029898630123337]
Running module mass_function_like
Model N: 1888876.7274313965
Done mass_function_like status = 0 

Pipeline ran okay.
Likelihood hmf_counts = -8.236437138170004
Posterior = -5.410614331812052 for parameter set #744: [0.32514088742570924, 0.6957049473401571, -0.9992843376302069]
Running module mass_function_like
Model N: 1893010.8558832451
Done mass_function_like status = 0 

Pipeline ran okay.
Likelihood hmf_counts = -11.467841114848852
Posterior = -9.454249236231371 for parameter set #727: [0.3281839265383927, 0.6179908135131853, -1.004263950105699]
Model N: 1888836.96251623
Done mass_function_like status = 0 

Pipeline ran okay.
Likelihood hmf_counts = -8.24924024567008
Posterior = -2.263120304745849 for parameter set #740: [0.299936194925842, 0.9674214421293286, -0.9992355212418675]
Model N: 1889824.082531759
Done mass_function_like status = 0 

Pipeline ran okay.
Likelihood hmf_counts = -8.178957231342793
Posterior = -2.2304157366404436 for parameter set #745: [0.29725704520584106, 0.8488166360635454, -1.000424688919281]
Proposed outside bounds: prior -infinity
Proposed outside bounds: prior -infinity
Proposed outside bounds: prior -infinity
Running module mass_function_like
Running module mass_function_like
Running module mass_function_like
Model N: 1890798.1710143134
Done mass_function_like status = 0 

Pipeline ran okay.
Likelihood hmf_counts = -8.614949811249971
Posterior = -2.956533208399433 for parameter set #741: [0.30809475315155394, 0.6794287811318622, -1.001598574219446]
Running module mass_function_like
Model N: 1887276.6702808654
Done mass_function_like status = 0 

Pipeline ran okay.
Likelihood hmf_counts = -9.413053590804338
Posterior = -5.699257947005384 for parameter set #728: [0.3213167748964298, 0.8784525100217786, -0.9973564643902479]
Model N: 1890764.3736906056
Done mass_function_like status = 0 

Pipeline ran okay.
Likelihood hmf_counts = -8.591421715915203
Posterior = -2.6053742526512824 for parameter set #720: [0.2999873864505332, 0.6286655585547201, -1.001557298803588]
Running module mass_function_like
Model N: 1888766.6123172543
Done mass_function_like status = 0 

Pipeline ran okay.
Likelihood hmf_counts = -8.273942228406668
Posterior = -3.513414080434262 for parameter set #742: [0.2843436571867419, 0.7092068472442623, -0.9991512556738016]
Model N: 1889634.0514538337
Done mass_function_like status = 0 

Pipeline ran okay.
Likelihood hmf_counts = -8.152402825653553
Posterior = -2.369887275021256 for parameter set #721: [0.29361796185379857, 0.9727279560793606, -1.0001955822132358]
Running module mass_function_like
Running module mass_function_like
Running module mass_function_like
Running module mass_function_like
Model N: 1890751.1726205982
Done mass_function_like status = 0 

Pipeline ran okay.
Likelihood hmf_counts = -8.58239571377635
Posterior = -2.64554687268787 for parameter set #743: [0.29686306257279776, 0.609103010780904, -1.0015413925578136]
Running module mass_function_like
Model N: 1891687.1417701342
Done mass_function_like status = 0 

Pipeline ran okay.
Likelihood hmf_counts = -9.45051346346736
Posterior = -3.470124195030598 for parameter set #722: [0.3010415398946767, 0.6529285891053429, -1.0026691667331862]
Running module mass_function_like
Model N: 1892058.4059853468
Done mass_function_like status = 0 

Pipeline ran okay.
Likelihood hmf_counts = -9.923017766326666
Posterior = -3.9486527670743623 for parameter set #746: [0.3015045936206742, 0.9419211401879873, -1.0031161151489718]
Proposed outside bounds: prior -infinity
Model N: 1891394.0307790064
Done mass_function_like status = 0 

Pipeline ran okay.
Likelihood hmf_counts = -9.128883548080921
Posterior = -3.217382678309325 for parameter set #729: [0.3038574720525828, 0.6137878799231721, -1.0023160086198952]
Running module mass_function_like
Model N: 1887608.8912271198
Done mass_function_like status = 0 

Pipeline ran okay.
Likelihood hmf_counts = -9.057108912616968
Posterior = -8.050846611624698 for parameter set #744: [0.2684416243832527, 0.7410232386809614, -0.9977556340786964]
Model N: 1889796.1462074544
Done mass_function_like status = 0 

Pipeline ran okay.
Likelihood hmf_counts = -8.173855546861887
Posterior = -2.2827271384266865 for parameter set #723: [0.2956403338958579, 0.931754784664997, -1.0003915767364857]
Model N: 1887506.8820093141
Done mass_function_like status = 0 

Pipeline ran okay.
Likelihood hmf_counts = -9.160174991935492
Posterior = -5.249090871594493 for parameter set #730: [0.32037059371768123, 0.8678572463099682, -0.9976337567534801]
Proposed outside bounds: prior -infinity
Proposed outside bounds: prior -infinity
Running module mass_function_like
Running module mass_function_like
Running module mass_function_like
Model N: 1890313.217958283
Done mass_function_like status = 0 

Pipeline ran okay.
Likelihood hmf_counts = -8.335174608975649
Posterior = -2.639827235960734 for parameter set #731: [0.29237411375858463, 0.8447941470675532, -1.0010142968037028]
Running module mass_function_like
Model N: 1890254.4033802312
Done mass_function_like status = 0 

Pipeline ran okay.
Likelihood hmf_counts = -8.309698011726141
Posterior = -2.442322093570265 for parameter set #745: [0.3048733799218618, 0.6721524653475826, -1.0009427648736526]
Running module mass_function_like
Model N: 1889582.0554562137
Done mass_function_like status = 0 

Pipeline ran okay.
Likelihood hmf_counts = -8.14846645668149
Posterior = -2.863689046393656 for parameter set #747: [0.31184391175219744, 0.7723761206649572, -1.0001326267858188]
Running module mass_function_like
Model N: 1891790.8205318758
Done mass_function_like status = 0 

Pipeline ran okay.
Likelihood hmf_counts = -9.57514138519764
Posterior = -4.3393504924989 for parameter set #732: [0.31224735334438736, 0.6252233854510854, -1.0027939410879014]
Model N: 1889534.2075720923
Done mass_function_like status = 0 

Pipeline ran okay.
Likelihood hmf_counts = -8.146108157932758
Posterior = -2.166942278119306 for parameter set #746: [0.2988165008083534, 0.8368683146757945, -1.0000756642137747]
Model N: 1888769.460597417
Done mass_function_like status = 0 

Pipeline ran okay.
Likelihood hmf_counts = -8.272891204804182
Posterior = -2.509014793664548 for parameter set #748: [0.3066671926615566, 0.8003040679859267, -0.9991536350781343]
Running module mass_function_like
Proposed outside bounds: prior -infinity
Running module mass_function_like
Running module mass_function_like
Running module mass_function_like
Model N: 1890074.6749222602
Done mass_function_like status = 0 

Pipeline ran okay.
Likelihood hmf_counts = -8.24318167194724
Posterior = -2.430180837091985 for parameter set #733: [0.30588459459147166, 0.6849224734296377, -1.0007268475095985]
Proposed outside bounds: prior -infinity
Model N: 1890016.821899674
Done mass_function_like status = 0 

Pipeline ran okay.
Likelihood hmf_counts = -8.225405357778072
Posterior = -2.4765453333856247 for parameter set #724: [0.2931110537951307, 0.7334768429431443, -1.0006571801867314]
Model N: 1891665.3350506385
Done mass_function_like status = 0 

Pipeline ran okay.
Likelihood hmf_counts = -9.425022918730974
Posterior = -3.4475582877140827 for parameter set #747: [0.2987072844124335, 0.6586997920444999, -1.0026431752937566]
Running module mass_function_like
Model N: 1892994.5475480305
Done mass_function_like status = 0 

Pipeline ran okay.
Likelihood hmf_counts = -11.437363594770432
Posterior = -5.491327861519821 for parameter set #749: [0.3028011823132301, 0.9342302066948964, -1.0042442260540128]
Running module mass_function_like
Model N: 1891358.7828551012
Done mass_function_like status = 0 

Pipeline ran okay.
Likelihood hmf_counts = -9.0932623334229
Posterior = -3.1875542261921943 for parameter set #748: [0.3040050673078854, 0.6160587669036568, -1.0022741583765777]
Model N: 1889965.6217825788
Done mass_function_like status = 0 

Pipeline ran okay.
Likelihood hmf_counts = -8.21114993840456
Posterior = -2.2381698633085536 for parameter set #750: [0.30162306583862775, 0.810392616237668, -1.000595467407091]
Proposed outside bounds: prior -infinity
Running module mass_function_like
Proposed outside bounds: prior -infinity
Running module mass_function_like
Running module mass_function_like
Running module mass_function_like
Model N: 1889017.3192968233
Done mass_function_like status = 0 

Pipeline ran okay.
Likelihood hmf_counts = -8.197884745895863
Posterior = -3.2407947839830555 for parameter set #749: [0.28565381829487124, 0.7269735476276878, -0.9994539550459229]
Model N: 1889683.8719143441
Done mass_function_like status = 0 

Pipeline ran okay.
Likelihood hmf_counts = -8.157516583800316
Posterior = -2.2561787520284486 for parameter set #751: [0.3041189417848541, 0.8483590550360791, -1.0002560798040152]
Running module mass_function_like
Model N: 1889466.7305329533
Done mass_function_like status = 0 

Pipeline ran okay.
Likelihood hmf_counts = -8.144841507077217
Posterior = -2.171821569723284 for parameter set #734: [0.29837829849315595, 0.841002091098899, -0.9999945048747602]
Running module mass_function_like
Model N: 1889480.2273486578
Done mass_function_like status = 0 

Pipeline ran okay.
Likelihood hmf_counts = -8.14490207657218
Posterior = -2.1617863731946727 for parameter set #725: [0.2992184875969315, 0.8998381058375637, -1.0000111283408053]
Model N: 1891781.1421249562
Done mass_function_like status = 0 

Pipeline ran okay.
Likelihood hmf_counts = -9.563267204910517
Posterior = -4.375285813531786 for parameter set #752: [0.3126317143329545, 0.6138923806424259, -1.0027824141484754]
Model N: 1888250.0724154857
Done mass_function_like status = 0 

Pipeline ran okay.
Likelihood hmf_counts = -8.53560796380043
Posterior = -3.3057633713274415 for parameter set #735: [0.31229810349165504, 0.8280625727450357, -0.9985290967402665]
Running module mass_function_like
Running module mass_function_like
Running module mass_function_like
Running module mass_function_like
Model N: 1892906.9493986564
Done mass_function_like status = 0 

Pipeline ran okay.
Likelihood hmf_counts = -11.276057187467813
Posterior = -5.301351543146355 for parameter set #726: [0.3014565336282609, 0.9952776145781813, -1.0041386528666243]
Running module mass_function_like
Model N: 1889277.5405047627
Done mass_function_like status = 0 

Pipeline ran okay.
Likelihood hmf_counts = -8.154140539467335
Posterior = -2.4107888294595075 for parameter set #736: [0.293031282734638, 0.7930856018309441, -0.9997673578001436]
Running module mass_function_like
Model N: 1890505.8357124107
Done mass_function_like status = 0 

Pipeline ran okay.
Likelihood hmf_counts = -8.431414242833853
Posterior = -2.458948180979622 for parameter set #750: [0.2983491927913112, 0.6719480444155153, -1.0012460633589804]
Running module mass_function_like
Model N: 1889424.8655616024
Done mass_function_like status = 0 

Pipeline ran okay.
Likelihood hmf_counts = -8.145266972482204
Posterior = -2.202563514594317 for parameter set #753: [0.30294842001761146, 0.9567076927847141, -0.9999439890891052]
Running module mass_function_like
Model N: 1891872.4763659236
Done mass_function_like status = 0 

Pipeline ran okay.
Likelihood hmf_counts = -9.67729139700532
Posterior = -4.543738956032312 for parameter set #727: [0.3130552566008512, 0.6077743129351522, -1.002892930026465]
Model N: 1891258.2782595644
Done mass_function_like status = 0 

Pipeline ran okay.
Likelihood hmf_counts = -8.995296694338322
Posterior = -3.1746887350732402 for parameter set #754: [0.30575030217326044, 0.602011644694285, -1.0021525940915772]
Model N: 1887643.986311341
Done mass_function_like status = 0 

Pipeline ran okay.
Likelihood hmf_counts = -9.022926058620214
Posterior = -8.60191965958308 for parameter set #737: [0.33336141684640697, 0.9079772635332168, -0.997797961333296]
Model N: 1889376.2202180459
Done mass_function_like status = 0 

Pipeline ran okay.
Likelihood hmf_counts = -8.146926518529654
Posterior = -2.213191821141871 for parameter set #751: [0.2967616622774151, 0.953129709371615, -0.9998847320609157]
Proposed outside bounds: prior -infinity
Proposed outside bounds: prior -infinity
Proposed outside bounds: prior -infinity
Running module mass_function_like
Running module mass_function_like
Running module mass_function_like
Running module mass_function_like
Model N: 1890835.6196469276
Done mass_function_like status = 0 

Pipeline ran okay.
Likelihood hmf_counts = -8.641724817454815
Posterior = -4.081420828001045 for parameter set #728: [0.3168862695772434, 0.7344757182651844, -1.0016433327100724]
Model N: 1890340.7022088321
Done mass_function_like status = 0 

Pipeline ran okay.
Likelihood hmf_counts = -8.347707003355026
Posterior = -2.5303947621248817 for parameter set #752: [0.29418962248629466, 0.904101112769717, -1.0010473037882748]
Model N: 1889763.2287992581
Done mass_function_like status = 0 

Pipeline ran okay.
Likelihood hmf_counts = -8.168374113738537
Posterior = -2.2181504154045166 for parameter set #755: [0.29731896959346565, 0.8289634395056942, -1.0003521139709313]
Model N: 1889226.718453114
Done mass_function_like status = 0 

Pipeline ran okay.
Likelihood hmf_counts = -8.159866891801357
Posterior = -2.1875607140805178 for parameter set #738: [0.30166487338892306, 0.7639776383186916, -0.9997059583807059]
Running module mass_function_like
Model N: 1890356.598545352
Done mass_function_like status = 0 

Pipeline ran okay.
Likelihood hmf_counts = -8.355137802660465
Posterior = -2.3802451966065084 for parameter set #739: [0.2985019982409488, 0.6710825684877278, -1.0010664459263896]
Proposed outside bounds: prior -infinity
Proposed outside bounds: prior -infinity
Running module mass_function_like
Running module mass_function_like
Running module mass_function_like
Running module mass_function_like
Model N: 1890580.1604703062
Done mass_function_like status = 0 

Pipeline ran okay.
Likelihood hmf_counts = -8.473794624209404
Posterior = -2.493252683034129 for parameter set #740: [0.2989475359653115, 0.6116234132564529, -1.0013354688571119]
Model N: 1889642.9079857904
Done mass_function_like status = 0 

Pipeline ran okay.
Likelihood hmf_counts = -8.153215911239386
Posterior = -2.167331837058544 for parameter set #753: [0.3002380410526724, 0.8787034597523604, -1.0002061967810858]
Model N: 1891189.5021026945
Done mass_function_like status = 0 

Pipeline ran okay.
Likelihood hmf_counts = -8.931332986801863
Posterior = -2.9460492083582066 for parameter set #729: [0.29963350712190207, 0.9820101603685351, -1.002069561103788]
Proposed outside bounds: prior -infinity
Model N: 1889942.8038868536
Done mass_function_like status = 0 

Pipeline ran okay.
Likelihood hmf_counts = -8.205243550240993
Posterior = -2.348475424824284 for parameter set #756: [0.30508694924819474, 0.8828760614736915, -1.0005679624107147]
Running module mass_function_like
