Setting up pipeline from parameter file mf_xt/fit_mass_function_hmf_m_n.ini
---------------------------------------------------------------------------

Setting up module mass_function_like
-------------------------------------
Observed N: 3033260.750231831, sigma_obs: 1741.6258927312233
Setup all pipeline modules


Parameter Priors
----------------
cosmological_parameters--omega_m       ~ N(0.3, 0.01 ** 2)   [0.1 < x < 0.5]
cosmological_parameters--sigma8_input  ~ U(0.6, 1.0)
cosmological_parameters--w             ~ N(-1.0, 0.1 ** 2)   [-1.0 < x < -0.5]
cosmological_parameters--h0            ~ delta(0.7)
cosmological_parameters--omega_b       ~ delta(0.04)
cosmological_parameters--omega_k       ~ delta(0.0)
cosmological_parameters--yhe           ~ delta(0.245341)
cosmological_parameters--tau           ~ delta(0.08)
cosmological_parameters--n_s           ~ delta(0.96)
cosmological_parameters--a_s           ~ delta(2.1e-09)
cosmological_parameters--k_s           ~ delta(0.05)
cosmological_parameters--n_run         ~ delta(0.0)
cosmological_parameters--wa            ~ delta(0.0)

****************************************************
* Running sampler 1/1: emcee
* Using MPI with 4 processes.
* Saving output -> mf_xt/output/mf_w_highz1.txt
****************************************************
Generating starting positions in small ball around starting point
Begun sampling
Running module mass_function_like
Running module mass_function_like
Running module mass_function_like
Running module mass_function_like
Model N: 2834618.9268617
Done mass_function_like status = 0 

Pipeline ran okay.
Likelihood mass_function_like_m_n = -6811.404249064624
Posterior = -6804.728047433211 for parameter set #1: [0.2992122732837787, 0.7991149497256127, -0.9995]
Running module mass_function_like
Model N: 2856127.539084914
Done mass_function_like status = 0 

Pipeline ran okay.
Likelihood mass_function_like_m_n = -5391.022648625076
Posterior = -5384.345141084587 for parameter set #1: [0.30059944271140426, 0.7998500604055127, -0.9995]
Running module mass_function_like
Model N: 2858483.528524483
Done mass_function_like status = 0 

Pipeline ran okay.
Likelihood mass_function_like_m_n = -5245.93854047358
Posterior = -5239.261920118575 for parameter set #1: [0.3007326449760988, 0.7999516673170197, -0.9995]
Running module mass_function_like
Model N: 2853288.5475476612
Done mass_function_like status = 0 

Pipeline ran okay.
Likelihood mass_function_like_m_n = -5568.592836201191
Posterior = -5561.913945489976 for parameter set #1: [0.300287571589385, 0.7998815546680693, -0.9995]
Running module mass_function_like
Model N: 2860188.004419796
Done mass_function_like status = 0 

Pipeline ran okay.
Likelihood mass_function_like_m_n = -5142.260083153844
Posterior = -5135.580985530175 for parameter set #2: [0.30020326073980674, 0.8006615670521746, -0.9995]
Running module mass_function_like
Model N: 2858754.7219391097
Done mass_function_like status = 0 

Pipeline ran okay.
Likelihood mass_function_like_m_n = -5229.37049664557
Posterior = -5222.691296402686 for parameter set #2: [0.2998558088583649, 0.8008715068615668, -0.9995]
Running module mass_function_like
Model N: 2852805.995197562
Done mass_function_like status = 0 

Pipeline ran okay.
Likelihood mass_function_like_m_n = -5599.073425367475
Posterior = -5592.394242681106 for parameter set #2: [0.2998441077669528, 0.8002842019284413, -0.9995]
Running module mass_function_like
Model N: 2855970.2231110297
Done mass_function_like status = 0 

Pipeline ran okay.
Likelihood mass_function_like_m_n = -5400.783790096641
Posterior = -5394.106672812636 for parameter set #2: [0.30066134927324173, 0.7997713633898467, -0.9995]
Running module mass_function_like
Model N: 2851408.970750688
Done mass_function_like status = 0 

Pipeline ran okay.
Likelihood mass_function_like_m_n = -5687.806398496032
Posterior = -5681.127534730573 for parameter set #3: [0.30029679381770424, 0.7996830168446172, -0.9995]
Running module mass_function_like
Model N: 2849033.958833728
Done mass_function_like status = 0 

Pipeline ran okay.
Likelihood mass_function_like_m_n = -5840.328404098749
Posterior = -5833.649637247447 for parameter set #3: [0.30032782526069113, 0.7994129342537823, -0.9995]
Running module mass_function_like
Model N: 2846146.0866106884
Done mass_function_like status = 0 

Pipeline ran okay.
Likelihood mass_function_like_m_n = -6028.626159183681
Posterior = -6021.947110523811 for parameter set #3: [0.2997739299048129, 0.7996852373620037, -0.9995]
Running module mass_function_like
Model N: 2848323.3978180485
Done mass_function_like status = 0 

Pipeline ran okay.
Likelihood mass_function_like_m_n = -5886.369754485786
Posterior = -5879.690588146682 for parameter set #3: [0.3001660477076855, 0.7995056781633517, -0.9995]
Running module mass_function_like
Model N: 2850969.0542098745
Done mass_function_like status = 0 

Pipeline ran okay.
Likelihood mass_function_like_m_n = -5715.898707084358
Posterior = -5709.219502058655 for parameter set #4: [0.29985916491348846, 0.8000839010456107, -0.9995]
Running module mass_function_like
Model N: 2853776.3121236376
Done mass_function_like status = 0 

Pipeline ran okay.
Likelihood mass_function_like_m_n = -5537.8711830973625
Posterior = -5531.191939790191 for parameter set #4: [0.2998896449919938, 0.8003355192005304, -0.9995]
Running module mass_function_like
Model N: 2850922.1816409305
Done mass_function_like status = 0 

Pipeline ran okay.
Likelihood mass_function_like_m_n = -5718.896165281534
Posterior = -5712.216867343609 for parameter set #4: [0.29996461529926055, 0.7999719805113636, -0.9995]
Running module mass_function_like
Model N: 2854723.380707445
Done mass_function_like status = 0 

Pipeline ran okay.
Likelihood mass_function_like_m_n = -5478.473486609757
Posterior = -5471.794831741246 for parameter set #4: [0.30036036919919396, 0.799951966077707, -0.9995]
Running module mass_function_like
Model N: 2844941.5812201872
Done mass_function_like status = 0 

Pipeline ran okay.
Likelihood mass_function_like_m_n = -6108.085976429284
Posterior = -6101.413023664882 for parameter set #5: [0.2988729300014734, 0.8005018851386093, -0.9995]
Running module mass_function_like
Model N: 2856725.9344971175
Done mass_function_like status = 0 

Pipeline ran okay.
Likelihood mass_function_like_m_n = -5353.977477088571
Posterior = -5347.298288935359 for parameter set #5: [0.3001523450675719, 0.8003650996514746, -0.9995]
Running module mass_function_like
Model N: 2846385.328308651
Done mass_function_like status = 0 

Pipeline ran okay.
Likelihood mass_function_like_m_n = -6012.90834633261
Posterior = -6006.229076422824 for parameter set #5: [0.2999171887399271, 0.7995636200847586, -0.9995]
Running module mass_function_like
Model N: 2853324.718146668
Done mass_function_like status = 0 

Pipeline ran okay.
Likelihood mass_function_like_m_n = -5566.311603195965
Posterior = -5559.634159993047 for parameter set #5: [0.3006100812064707, 0.7995575775020931, -0.9995]
Running module mass_function_like
Model N: 2857469.0433198195
Done mass_function_like status = 0 

Pipeline ran okay.
Likelihood mass_function_like_m_n = -5308.158714316785
Posterior = -5301.479577871016 for parameter set #6: [0.30018316797790334, 0.8004083842072716, -0.9995]
Running module mass_function_like
Model N: 2850862.9548328333
Done mass_function_like status = 0 

Pipeline ran okay.
Likelihood mass_function_like_m_n = -5722.684838429093
Posterior = -5716.006094023939 for parameter set #6: [0.2996653978014844, 0.8002901522059213, -0.9995]
Running module mass_function_like
Model N: 2848062.176946219
Done mass_function_like status = 0 

Pipeline ran okay.
Likelihood mass_function_like_m_n = -5903.343212395906
Posterior = -5896.664211888481 for parameter set #6: [0.29975354883451333, 0.7998988006887828, -0.9995]
Running module mass_function_like
Model N: 2854029.14894461
Done mass_function_like status = 0 

Pipeline ran okay.
Likelihood mass_function_like_m_n = -5521.981231883168
Posterior = -5515.302334660297 for parameter set #6: [0.3002852982434454, 0.7999582897967212, -0.9995]
Running module mass_function_like
Model N: 2865525.8448165474
Done mass_function_like status = 0 

Pipeline ran okay.
Likelihood mass_function_like_m_n = -4824.53744738549
Posterior = -4817.862672597544 for parameter set #7: [0.3009517783737557, 0.8004366726417326, -0.9995]
Running module mass_function_like
Model N: 2851863.1595832463
Done mass_function_like status = 0 

Pipeline ran okay.
Likelihood mass_function_like_m_n = -5658.878436394036
Posterior = -5652.199455671528 for parameter set #7: [0.29974564756648825, 0.800309310580443, -0.9995]
Running module mass_function_like
Model N: 2850754.739935639
Done mass_function_like status = 0 

Pipeline ran okay.
Likelihood mass_function_like_m_n = -5729.610606528819
Posterior = -5722.931508142478 for parameter set #7: [0.30020288517443516, 0.7997126648383667, -0.9995]
Running module mass_function_like
Model N: 2857963.1075097565
Done mass_function_like status = 0 

Pipeline ran okay.
Likelihood mass_function_like_m_n = -5277.809140600264
Posterior = -5271.1301048661235 for parameter set #7: [0.30023171714215247, 0.8004086577008642, -0.9995]
Running module mass_function_like
Model N: 2857766.9997573164
Done mass_function_like status = 0 

Pipeline ran okay.
Likelihood mass_function_like_m_n = -5289.8448751196265
Posterior = -5283.166647403218 for parameter set #8: [0.30046400040981713, 0.8001525361126811, -0.9995]
Model N: 2854127.688545419
Done mass_function_like status = 0 

Pipeline ran okay.
Likelihood mass_function_like_m_n = -5515.794793576002
Posterior = -5509.115876963832 for parameter set #8: [0.3002784191590976, 0.7999750696283304, -0.9995]
Model N: 2858420.9193015057
Done mass_function_like status = 0 

Pipeline ran okay.
Likelihood mass_function_like_m_n = -5249.767410360277
Posterior = -5243.088151242136 for parameter set #8: [0.30009495279783677, 0.8005940621237153, -0.9995]
Model N: 2853091.0011684014
Done mass_function_like status = 0 

Pipeline ran okay.
Likelihood mass_function_like_m_n = -5581.060432702303
Posterior = -5574.381183497153 for parameter set #8: [0.2998951256370521, 0.8002608818749879, -0.9995]
Running module mass_function_like
Running module mass_function_like
Running module mass_function_like
Running module mass_function_like
Model N: 2826842.3502969258
Done mass_function_like status = 0 

Pipeline ran okay.
Likelihood mass_function_like_m_n = -7367.800423294306
Posterior = -7361.130888438747 for parameter set #9: [0.29860219151871714, 0.798951985622936, -0.9995]
Running module mass_function_like
Model N: 2860835.745732551
Done mass_function_like status = 0 

Pipeline ran okay.
Likelihood mass_function_like_m_n = -5103.142345413566
Posterior = -5096.464110561255 for parameter set #9: [0.29953754005574657, 0.8014259256003883, -0.9995]
Running module mass_function_like
Model N: 2855638.736335311
Done mass_function_like status = 0 

Pipeline ran okay.
Likelihood mass_function_like_m_n = -5421.382010772824
Posterior = -5414.70372568664 for parameter set #9: [0.3004514669701709, 0.7999512668803527, -0.9995]
Running module mass_function_like
Model N: 2857008.328630074
Done mass_function_like status = 0 

Pipeline ran okay.
Likelihood mass_function_like_m_n = -5336.541386447847
Posterior = -5329.862103557617 for parameter set #9: [0.3000652810543687, 0.800482144408621, -0.9995]
Running module mass_function_like
Model N: 2853026.54884262
Done mass_function_like status = 0 

Pipeline ran okay.
Likelihood mass_function_like_m_n = -5585.131310120225
Posterior = -5578.452016425394 for parameter set #10: [0.3000458333480584, 0.8001010432388922, -0.9995]
Running module mass_function_like
Model N: 2854573.8661407735
Done mass_function_like status = 0 

Pipeline ran okay.
Likelihood mass_function_like_m_n = -5487.82845659554
Posterior = -5481.149657348828 for parameter set #10: [0.30031778974131695, 0.7999802382952038, -0.9995]
Running module mass_function_like
Model N: 2851755.3939990387
Done mass_function_like status = 0 

Pipeline ran okay.
Likelihood mass_function_like_m_n = -5665.735224172473
Posterior = -5659.058027279824 for parameter set #10: [0.300649200379193, 0.7993601994496363, -0.9995]
Running module mass_function_like
Model N: 2839957.8964643897
Done mass_function_like status = 0 

Pipeline ran okay.
Likelihood mass_function_like_m_n = -6442.6379064098
Posterior = -6435.962868792419 for parameter set #10: [0.29907624885070394, 0.7997917562007034, -0.9995]
Running module mass_function_like
Model N: 2849251.24466765
Done mass_function_like status = 0 

Pipeline ran okay.
Likelihood mass_function_like_m_n = -5826.286874555051
Posterior = -5819.610624731088 for parameter set #11: [0.2992184151553002, 0.8005836972125498, -0.9995]
Running module mass_function_like
Model N: 2850924.475077408
Done mass_function_like status = 0 

Pipeline ran okay.
Likelihood mass_function_like_m_n = -5718.749483026564
Posterior = -5712.070187746832 for parameter set #11: [0.2999577659423066, 0.799979250126206, -0.9995]
Running module mass_function_like
Model N: 2852783.200364236
Done mass_function_like status = 0 

Pipeline ran okay.
Likelihood mass_function_like_m_n = -5600.515415459871
Posterior = -5593.836649024877 for parameter set #11: [0.29967204777294987, 0.8004768171895124, -0.9995]
Running module mass_function_like
Model N: 2838995.0123542976
Done mass_function_like status = 0 

Pipeline ran okay.
Likelihood mass_function_like_m_n = -6508.3514598459005
Posterior = -6501.672482172391 for parameter set #11: [0.2997444516482494, 0.7990149979487345, -0.9995]
Running module mass_function_like
Model N: 2852019.0759330173
Done mass_function_like status = 0 

Pipeline ran okay.
Likelihood mass_function_like_m_n = -5648.9656320512295
Posterior = -5642.286697631487 for parameter set #12: [0.29972805200220554, 0.8003429460730819, -0.9995]
Model N: 2859216.7823594906
Done mass_function_like status = 0 

Pipeline ran okay.
Likelihood mass_function_like_m_n = -5201.204669907689
Posterior = -5194.525388810007 for parameter set #12: [0.30006797150604453, 0.8007017021125417, -0.9995]
Model N: 2850807.4340540348
Done mass_function_like status = 0 

Pipeline ran okay.
Likelihood mass_function_like_m_n = -5726.237629838288
Posterior = -5719.558534162045 for parameter set #12: [0.3002042165847982, 0.7997166329907349, -0.9995]
Model N: 2861952.4669109983
Done mass_function_like status = 0 

Pipeline ran okay.
Likelihood mass_function_like_m_n = -5036.0675434321165
Posterior = -5029.388771062471 for parameter set #12: [0.3003261375981186, 0.8007140244724031, -0.9995]
Running module mass_function_like
Running module mass_function_like
Running module mass_function_like
Running module mass_function_like
Model N: 2856728.1370328004
Done mass_function_like status = 0 

Pipeline ran okay.
Likelihood mass_function_like_m_n = -5353.841369450092
Posterior = -5347.162075385886 for parameter set #13: [0.2999549797730812, 0.8005663860523379, -0.9995]
Running module mass_function_like
Model N: 2848664.8896082756
Done mass_function_like status = 0 

Pipeline ran okay.
Likelihood mass_function_like_m_n = -5864.21897495538
Posterior = -5857.540239309321 for parameter set #13: [0.300337209801606, 0.799366390786605, -0.9995]
Running module mass_function_like
Model N: 2857602.2683309936
Done mass_function_like status = 0 

Pipeline ran okay.
Likelihood mass_function_like_m_n = -5299.965986795723
Posterior = -5293.288429728013 for parameter set #13: [0.3005911227621597, 0.8000067887813981, -0.9995]
Running module mass_function_like
Model N: 2857271.9001669087
Done mass_function_like status = 0 

Pipeline ran okay.
Likelihood mass_function_like_m_n = -5320.294212281704
Posterior = -5313.619273450026 for parameter set #13: [0.3009343839288934, 0.7996251218055487, -0.9995]
Running module mass_function_like
Model N: 2847774.798026664
Done mass_function_like status = 0 

Pipeline ran okay.
Likelihood mass_function_like_m_n = -5922.045830450952
Posterior = -5915.3666883742635 for parameter set #14: [0.3001800675550747, 0.7994362444656984, -0.9995]
Running module mass_function_like
Model N: 2858130.2037598956
Done mass_function_like status = 0 

Pipeline ran okay.
Likelihood mass_function_like_m_n = -5267.565200045705
Posterior = -5260.885993907876 for parameter set #14: [0.3001400431940923, 0.8005188903104472, -0.9995]
Running module mass_function_like
Model N: 2854969.829334028
Done mass_function_like status = 0 

Pipeline ran okay.
Likelihood mass_function_like_m_n = -5463.07161423564
Posterior = -5456.392314333228 for parameter set #14: [0.3000293117660747, 0.8003134937420111, -0.9995]
Running module mass_function_like
Model N: 2853979.5431437427
Done mass_function_like status = 0 

Pipeline ran okay.
Likelihood mass_function_like_m_n = -5525.096913851798
Posterior = -5518.417726293065 for parameter set #14: [0.29984726521179195, 0.800399141355006, -0.9995]
Running module mass_function_like
Model N: 2852264.4172993065
Done mass_function_like status = 0 

Pipeline ran okay.
Likelihood mass_function_like_m_n = -5633.385745249689
Posterior = -5626.709627782876 for parameter set #15: [0.3007983397143333, 0.7992602469669186, -0.9995]
Running module mass_function_like
Model N: 2856139.5055871964
Done mass_function_like status = 0 

Pipeline ran okay.
Likelihood mass_function_like_m_n = -5390.280527733266
Posterior = -5383.601314842411 for parameter set #15: [0.3001351350838445, 0.8003235073639577, -0.9995]
Running module mass_function_like
Model N: 2849312.2241939167
Done mass_function_like status = 0 

Pipeline ran okay.
Likelihood mass_function_like_m_n = -5822.349402055144
Posterior = -5815.67022162122 for parameter set #15: [0.29984266952890315, 0.7999339089605819, -0.9995]
Running module mass_function_like
Model N: 2854890.5277811196
Done mass_function_like status = 0 

Pipeline ran okay.
Likelihood mass_function_like_m_n = -5468.025119297206
Posterior = -5461.346189991929 for parameter set #15: [0.30027382221725274, 0.8000566695358201, -0.9995]
Running module mass_function_like
Model N: 2876285.712502129
Done mass_function_like status = 0 

Pipeline ran okay.
Likelihood mass_function_like_m_n = -4216.0330105647445
Posterior = -4209.360764817068 for parameter set #16: [0.30118814566735536, 0.801277589891568, -0.9995]
Model N: 2869543.042302838
Done mass_function_like status = 0 

Pipeline ran okay.
Likelihood mass_function_like_m_n = -4592.3664615005255
Posterior = -4585.689469375305 for parameter set #16: [0.3006800107483357, 0.8011170756864306, -0.9995]
Model N: 2854499.7323438227
Done mass_function_like status = 0 

Pipeline ran okay.
Likelihood mass_function_like_m_n = -5492.470016524196
Posterior = -5485.790733523313 for parameter set #16: [0.29993488866855494, 0.8003622921608983, -0.9995]
Model N: 2850610.9019784965
Done mass_function_like status = 0 

Pipeline ran okay.
Likelihood mass_function_like_m_n = -5738.823021247983
Posterior = -5732.144613571779 for parameter set #16: [0.30042344352773653, 0.7994743302961188, -0.9995]
Running module mass_function_like
Running module mass_function_like
Running module mass_function_like
Running module mass_function_like
Model N: 2851880.2247406086
Done mass_function_like status = 0 

Pipeline ran okay.
Likelihood mass_function_like_m_n = -5657.793030939996
Posterior = -5651.115371644305 for parameter set #17: [0.29942643176179784, 0.8006365163863776, -0.9995]
Running module mass_function_like
Model N: 2851808.9814863363
Done mass_function_like status = 0 

Pipeline ran okay.
Likelihood mass_function_like_m_n = -5662.325078196824
Posterior = -5655.645775815676 for parameter set #17: [0.3000190639039836, 0.8000057300236657, -0.9995]
Running module mass_function_like
Model N: 2863290.7531162645
Done mass_function_like status = 0 

Pipeline ran okay.
Likelihood mass_function_like_m_n = -4956.292970776558
Posterior = -4949.618637208987 for parameter set #17: [0.30099705874847654, 0.8001660121382071, -0.9995]
Running module mass_function_like
Model N: 2859130.66791545
Done mass_function_like status = 0 

Pipeline ran okay.
Likelihood mass_function_like_m_n = -5206.447943083942
Posterior = -5199.779194355789 for parameter set #17: [0.3014529604369625, 0.7992863336028938, -0.9995]
Running module mass_function_like
Model N: 2854618.253998857
Done mass_function_like status = 0 

Pipeline ran okay.
Likelihood mass_function_like_m_n = -5485.05028629303
Posterior = -5478.370991826593 for parameter set #18: [0.30004411773664014, 0.8002631208682036, -0.9995]
Running module mass_function_like
Model N: 2851154.0579347205
Done mass_function_like status = 0 

Pipeline ran okay.
Likelihood mass_function_like_m_n = -5704.075891152024
Posterior = -5697.396944350496 for parameter set #18: [0.29973264376509834, 0.8002510855002235, -0.9995]
Running module mass_function_like
Model N: 2852120.676735899
Done mass_function_like status = 0 

Pipeline ran okay.
Likelihood mass_function_like_m_n = -5642.510964222252
Posterior = -5635.8334499555685 for parameter set #18: [0.30059831958453775, 0.7994486032398834, -0.9995]
Running module mass_function_like
Model N: 2851588.070729609
Done mass_function_like status = 0 

Pipeline ran okay.
Likelihood mass_function_like_m_n = -5676.390065595508
Posterior = -5669.710762792253 for parameter set #18: [0.29998329637057375, 0.8000200814663959, -0.9995]
Running module mass_function_like
Model N: 2856094.4927677712
Done mass_function_like status = 0 

Pipeline ran okay.
Likelihood mass_function_like_m_n = -5393.072342962027
Posterior = -5386.394033779015 for parameter set #19: [0.3004460975900199, 0.8000025801845561, -0.9995]
Running module mass_function_like
Model N: 2853100.8933748263
Done mass_function_like status = 0 

Pipeline ran okay.
Likelihood mass_function_like_m_n = -5580.435767456889
Posterior = -5573.756958267494 for parameter set #19: [0.29968535451226463, 0.80049532118097, -0.9995]
Running module mass_function_like
Model N: 2858264.7929072985
Done mass_function_like status = 0 

Pipeline ran okay.
Likelihood mass_function_like_m_n = -5259.321666307747
Posterior = -5252.642448349638 for parameter set #19: [0.3001313317941064, 0.8005412130395273, -0.9995]
Running module mass_function_like
Model N: 2882062.071017117
Done mass_function_like status = 0 

Pipeline ran okay.
Likelihood mass_function_like_m_n = -3906.8928578048944
Posterior = -3900.226728045234 for parameter set #19: [0.3016232337262222, 0.8014150294008789, -0.9995]
Running module mass_function_like
Model N: 2859463.6989527517
Done mass_function_like status = 0 

Pipeline ran okay.
Likelihood mass_function_like_m_n = -5186.185847990215
Posterior = -5179.507272769448 for parameter set #20: [0.3003818317806211, 0.8004070387922437, -0.9995]
Model N: 2859357.848467755
Done mass_function_like status = 0 

Pipeline ran okay.
Likelihood mass_function_like_m_n = -5192.621485352516
Posterior = -5185.942219561908 for parameter set #20: [0.3000876443975536, 0.8006958659298214, -0.9995]
Model N: 2852228.878714046
Done mass_function_like status = 0 

Pipeline ran okay.
Likelihood mass_function_like_m_n = -5635.641158185899
Posterior = -5628.963361572827 for parameter set #20: [0.3005491056798786, 0.7995093678190196, -0.9995]
Model N: 2873096.104857347
Done mass_function_like status = 0 

Pipeline ran okay.
Likelihood mass_function_like_m_n = -4391.974488846958
Posterior = -4385.29708622946 for parameter set #20: [0.3006166977886331, 0.8015391968686516, -0.9995]
Running module mass_function_like
Running module mass_function_like
Running module mass_function_like
Running module mass_function_like
Model N: 2835521.415521075
Done mass_function_like status = 0 

Pipeline ran okay.
Likelihood mass_function_like_m_n = -6748.3141004145145
Posterior = -6741.6376497233405 for parameter set #21: [0.2992445521677978, 0.7991732452416476, -0.9995]
Running module mass_function_like
Model N: 2856488.4556548437
Done mass_function_like status = 0 

Pipeline ran okay.
Likelihood mass_function_like_m_n = -5368.663269922137
Posterior = -5361.984705404184 for parameter set #21: [0.300384624584956, 0.80010471891687, -0.9995]
Running module mass_function_like
Model N: 2853839.8477614955
Done mass_function_like status = 0 

Pipeline ran okay.
Likelihood mass_function_like_m_n = -5533.875940449536
Posterior = -5527.196767406578 for parameter set #21: [0.29983803991092167, 0.8003944693746996, -0.9995]
Running module mass_function_like
Model N: 2858663.3442582074
Done mass_function_like status = 0 

Pipeline ran okay.
Likelihood mass_function_like_m_n = -5234.949992060661
Posterior = -5228.278722198658 for parameter set #21: [0.3012676226809783, 0.7994271589127576, -0.9995]
Running module mass_function_like
Model N: 2842323.7433591094
Done mass_function_like status = 0 

Pipeline ran okay.
Likelihood mass_function_like_m_n = -6282.657329954207
Posterior = -6275.97913235748 for parameter set #22: [0.30047044693283553, 0.798593990958288, -0.9995]
Running module mass_function_like
Model N: 2831364.004069062
Done mass_function_like status = 0 

Pipeline ran okay.
Likelihood mass_function_like_m_n = -7041.5012919306755
Posterior = -7034.834360871481 for parameter set #22: [0.2984269050177637, 0.7995866680874774, -0.9995]
Running module mass_function_like
Model N: 2847363.3944734773
Done mass_function_like status = 0 

Pipeline ran okay.
Likelihood mass_function_like_m_n = -5948.873734734952
Posterior = -5942.194446719935 for parameter set #22: [0.30005689163728194, 0.7995200905614234, -0.9995]
Running module mass_function_like
Model N: 2856788.3865997223
Done mass_function_like status = 0 

Pipeline ran okay.
Likelihood mass_function_like_m_n = -5350.118893630803
Posterior = -5343.440109236443 for parameter set #22: [0.30032242951182186, 0.8001982900267667, -0.9995]
Running module mass_function_like
Model N: 2855692.731122289
Done mass_function_like status = 0 

Pipeline ran okay.
Likelihood mass_function_like_m_n = -5418.0240482240915
Posterior = -5411.346201759774 for parameter set #23: [0.3005399507371904, 0.7998668517551611, -0.9995]
Running module mass_function_like
Model N: 2854737.9106786284
Done mass_function_like status = 0 

Pipeline ran okay.
Likelihood mass_function_like_m_n = -5477.56480512023
Posterior = -5470.886239177534 for parameter set #23: [0.29961574601788027, 0.800731214063222, -0.9995]
Running module mass_function_like
Model N: 2839700.169261095
Done mass_function_like status = 0 

Pipeline ran okay.
Likelihood mass_function_like_m_n = -6460.1927239224315
Posterior = -6453.514373459149 for parameter set #23: [0.29956325407208045, 0.7992698772270005, -0.9995]
Running module mass_function_like
Model N: 2857556.096848058
Done mass_function_like status = 0 

Pipeline ran okay.
Likelihood mass_function_like_m_n = -5302.804574817419
Posterior = -5296.125448409511 for parameter set #23: [0.30018856850329645, 0.8004117149689036, -0.9995]
Running module mass_function_like
Model N: 2854829.967079199
Done mass_function_like status = 0 

Pipeline ran okay.
Likelihood mass_function_like_m_n = -5471.809568926692
Posterior = -5465.130587880316 for parameter set #24: [0.30025422507123467, 0.8000703518963731, -0.9995]
Model N: 2837374.0266822106
Done mass_function_like status = 0 

Pipeline ran okay.
Likelihood mass_function_like_m_n = -6619.766454637051
Posterior = -6613.088607521167 for parameter set #24: [0.2994601699476708, 0.7991406279080163, -0.9995]
Model N: 2864404.1326723523
Done mass_function_like status = 0 

Pipeline ran okay.
Likelihood mass_function_like_m_n = -4890.429953530431
Posterior = -4883.751575140828 for parameter set #24: [0.3004303042429227, 0.8008545848206673, -0.9995]
Model N: 2873483.168632117
Done mass_function_like status = 0 

Pipeline ran okay.
Likelihood mass_function_like_m_n = -4370.424582883716
Posterior = -4363.749077259007 for parameter set #24: [0.30087161615423735, 0.8013181739705055, -0.9995]
Running module mass_function_like
Running module mass_function_like
Running module mass_function_like
Running module mass_function_like
Model N: 2853432.8187031206
Done mass_function_like status = 0 

Pipeline ran okay.
Likelihood mass_function_like_m_n = -5559.496745817363
Posterior = -5552.817975684766 for parameter set #25: [0.2996731772001723, 0.8005411189560843, -0.9995]
Running module mass_function_like
Model N: 2845748.118521861
Done mass_function_like status = 0 

Pipeline ran okay.
Likelihood mass_function_like_m_n = -6054.8195327967405
Posterior = -6048.140356228518 for parameter set #25: [0.30015976863735677, 0.7992530641384845, -0.9995]
Running module mass_function_like
Model N: 2861902.040365363
Done mass_function_like status = 0 

Pipeline ran okay.
Likelihood mass_function_like_m_n = -5039.086407378316
Posterior = -5032.407147518348 for parameter set #25: [0.3000941682990646, 0.8009454223902, -0.9995]
Running module mass_function_like
Model N: 2850624.49122701
Done mass_function_like status = 0 

Pipeline ran okay.
Likelihood mass_function_like_m_n = -5737.9523379430175
Posterior = -5731.273524090784 for parameter set #25: [0.30031316004762204, 0.7995877487544119, -0.9995]
Running module mass_function_like
Model N: 2846707.248058671
Done mass_function_like status = 0 

Pipeline ran okay.
Likelihood mass_function_like_m_n = -5991.792527966201
Posterior = -5985.115028443593 for parameter set #26: [0.2993992212218953, 0.8001428516011827, -0.9995]
Running module mass_function_like
Model N: 2851821.7199663282
Done mass_function_like status = 0 

Pipeline ran okay.
Likelihood mass_function_like_m_n = -5661.514597326517
Posterior = -5654.837296281694 for parameter set #26: [0.29936704605431924, 0.8006911735328452, -0.9995]
Running module mass_function_like
Model N: 2861392.201929296
Done mass_function_like status = 0 

Pipeline ran okay.
Likelihood mass_function_like_m_n = -5069.661580339074
Posterior = -5062.982340212836 for parameter set #26: [0.3001132007702997, 0.8008745395553719, -0.9995]
Running module mass_function_like
Model N: 2851686.823211529
Done mass_function_like status = 0 

Pipeline ran okay.
Likelihood mass_function_like_m_n = -5670.100424289703
Posterior = -5663.421143940045 for parameter set #26: [0.3000690632345407, 0.799942666147842, -0.9995]
Running module mass_function_like
Model N: 2851212.67660148
Done mass_function_like status = 0 

Pipeline ran okay.
Likelihood mass_function_like_m_n = -5700.332481227815
Posterior = -5693.670905613044 for parameter set #27: [0.2981169926426508, 0.8019099112496951, -0.9995]
Running module mass_function_like
Model N: 2865631.773530376
Done mass_function_like status = 0 

Pipeline ran okay.
Likelihood mass_function_like_m_n = -4818.338923446834
Posterior = -4811.659619396275 for parameter set #27: [0.29999456399322894, 0.8014227173714047, -0.9995]
Running module mass_function_like
Model N: 2867662.22468615
Done mass_function_like status = 0 

Pipeline ran okay.
Likelihood mass_function_like_m_n = -4700.32584117353
Posterior = -4693.65289328295 for parameter set #27: [0.301127502348541, 0.8004729017937554, -0.9995]
Running module mass_function_like
Model N: 2844234.6395419315
Done mass_function_like status = 0 

Pipeline ran okay.
Likelihood mass_function_like_m_n = -6154.975274659693
Posterior = -6148.300526636497 for parameter set #27: [0.29904541369025245, 0.8002545238459416, -0.9995]
Running module mass_function_like
Model N: 2863762.1944489637
Done mass_function_like status = 0 

Pipeline ran okay.
Likelihood mass_function_like_m_n = -4928.34845019877
Posterior = -4921.669544761648 for parameter set #28: [0.300282404386646, 0.8009406132824122, -0.9995]
Model N: 2858892.331134024
Done mass_function_like status = 0 

Pipeline ran okay.
Likelihood mass_function_like_m_n = -5220.973965644836
Posterior = -5214.294717894484 for parameter set #28: [0.30010625248994865, 0.8006299934929443, -0.9995]
Model N: 2871546.913733411
Done mass_function_like status = 0 

Pipeline ran okay.
Likelihood mass_function_like_m_n = -4478.777495957911
Posterior = -4472.099604132319 for parameter set #28: [0.30053148334266566, 0.8014701443287672, -0.9995]
Model N: 2867911.683652911
Done mass_function_like status = 0 

Pipeline ran okay.
Likelihood mass_function_like_m_n = -4685.931820400059
Posterior = -4679.256137178443 for parameter set #28: [0.300850996673806, 0.800778973770214, -0.9995]
Running module mass_function_like
Running module mass_function_like
Running module mass_function_like
Running module mass_function_like
Model N: 2837059.0011603995
Done mass_function_like status = 0 

Pipeline ran okay.
Likelihood mass_function_like_m_n = -6641.53392187506
Posterior = -6634.857091519966 for parameter set #29: [0.299296602073295, 0.7992751877394508, -0.9995]
Running module mass_function_like
Model N: 2862343.4998484603
Done mass_function_like status = 0 

Pipeline ran okay.
Likelihood mass_function_like_m_n = -5012.689707025886
Posterior = -5006.0134271766665 for parameter set #29: [0.3007777337707979, 0.8002937978619543, -0.9995]
Running module mass_function_like
Model N: 2858511.158589814
Done mass_function_like status = 0 

Pipeline ran okay.
Likelihood mass_function_like_m_n = -5244.2492853701115
Posterior = -5237.578838529386 for parameter set #29: [0.3013309663846289, 0.7993477404179704, -0.9995]
Running module mass_function_like
Model N: 2855906.2272522375
Done mass_function_like status = 0 

Pipeline ran okay.
Likelihood mass_function_like_m_n = -5404.757238537073
Posterior = -5398.077964151323 for parameter set #29: [0.29992278269694644, 0.8005163947587869, -0.9995]
Running module mass_function_like
Model N: 2859727.63726216
Done mass_function_like status = 0 

Pipeline ran okay.
Likelihood mass_function_like_m_n = -5170.156681641936
Posterior = -5163.477563798801 for parameter set #30: [0.3001930570772907, 0.800625590777724, -0.9995]
Running module mass_function_like
Model N: 2857218.198069794
Done mass_function_like status = 0 

Pipeline ran okay.
Likelihood mass_function_like_m_n = -5323.602442957461
Posterior = -5316.929622216952 for parameter set #30: [0.3011387236540617, 0.7994127033141474, -0.9995]
Running module mass_function_like
Model N: 2860162.4948048485
Done mass_function_like status = 0 

Pipeline ran okay.
Likelihood mass_function_like_m_n = -5143.803817532957
Posterior = -5137.128554316983 for parameter set #30: [0.30089899747903526, 0.7999513737460043, -0.9995]
Running module mass_function_like
Model N: 2852044.4600523785
Done mass_function_like status = 0 

Pipeline ran okay.
Likelihood mass_function_like_m_n = -5647.352626010776
Posterior = -5640.674586007563 for parameter set #30: [0.30050283100509606, 0.7995377422086196, -0.9995]
Running module mass_function_like
Model N: 2861085.078630529
Done mass_function_like status = 0 

Pipeline ran okay.
Likelihood mass_function_like_m_n = -5088.1263370886445
Posterior = -5081.447064092962 for parameter set #31: [0.3000789969968123, 0.8008785245282454, -0.9995]
Running module mass_function_like
Model N: 2854496.4030208704
Done mass_function_like status = 0 

Pipeline ran okay.
Likelihood mass_function_like_m_n = -5492.67851536721
Posterior = -5485.999333598572 for parameter set #31: [0.30015647982106125, 0.800136356542626, -0.9995]
Running module mass_function_like
Model N: 2858667.6009311746
Done mass_function_like status = 0 

Pipeline ran okay.
Likelihood mass_function_like_m_n = -5234.6900119856
Posterior = -5228.010849895084 for parameter set #31: [0.3001685869475685, 0.8005438597859693, -0.9995]
Running module mass_function_like
Model N: 2845073.356065024
Done mass_function_like status = 0 

Pipeline ran okay.
Likelihood mass_function_like_m_n = -6099.366463311017
Posterior = -6092.687370314446 for parameter set #31: [0.29979447543260146, 0.7995561425004059, -0.9995]
Running module mass_function_like
Model N: 2885414.06332801
Done mass_function_like status = 0 

Pipeline ran okay.
Likelihood mass_function_like_m_n = -3733.0903645679355
Posterior = -3726.428506304126 for parameter set #32: [0.3018679365353659, 0.8015026164849823, -0.9995]
Model N: 2854847.4423365956
Done mass_function_like status = 0 

Pipeline ran okay.
Likelihood mass_function_like_m_n = -5470.717396706343
Posterior = -5464.038413232872 for parameter set #32: [0.3002532685685767, 0.8000731715399201, -0.9995]
Model N: 2851777.750474861
Done mass_function_like status = 0 

Pipeline ran okay.
Likelihood mass_function_like_m_n = -5664.312395311892
Posterior = -5657.6347173445065 for parameter set #32: [0.30057030359018927, 0.7994424545309827, -0.9995]
Model N: 2868730.8611080265
Done mass_function_like status = 0 

Pipeline ran okay.
Likelihood mass_function_like_m_n = -4638.825896628201
Posterior = -4632.148295342756 for parameter set #32: [0.3005835945278865, 0.8011336127492059, -0.9995]
Running module mass_function_like
Running module mass_function_like
Running module mass_function_like
Running module mass_function_like
Model N: 2859682.8863428193
Done mass_function_like status = 0 

Pipeline ran okay.
Likelihood mass_function_like_m_n = -5172.872618466616
Posterior = -5166.193458667019 for parameter set #33: [0.3001699404090814, 0.8006447325157848, -0.9995]
Running module mass_function_like
Model N: 2857108.570548462
Done mass_function_like status = 0 

Pipeline ran okay.
Likelihood mass_function_like_m_n = -5330.35919521004
Posterior = -5323.680421626825 for parameter set #33: [0.30032576528204075, 0.8002271571934397, -0.9995]
Running module mass_function_like
Model N: 2870587.9644889343
Done mass_function_like status = 0 

Pipeline ran okay.
Likelihood mass_function_like_m_n = -4532.950873285532
Posterior = -4526.271755805628 for parameter set #33: [0.3001932451326519, 0.8017189840248539, -0.9995]
Running module mass_function_like
Model N: 2862065.6949611125
Done mass_function_like status = 0 

Pipeline ran okay.
Likelihood mass_function_like_m_n = -5029.29240039736
Posterior = -5022.613241999167 for parameter set #33: [0.3001707630620875, 0.8008836153140347, -0.9995]
Running module mass_function_like
Model N: 2863248.7525770133
Done mass_function_like status = 0 

Pipeline ran okay.
Likelihood mass_function_like_m_n = -4958.786526978016
Posterior = -4952.10722336453 for parameter set #34: [0.3000108150298801, 0.8011661448362831, -0.9995]
Running module mass_function_like
Model N: 2852624.932963501
Done mass_function_like status = 0 

Pipeline ran okay.
Likelihood mass_function_like_m_n = -5610.532674871385
Posterior = -5603.85347943941 for parameter set #34: [0.2998525101124305, 0.8002575349438262, -0.9995]
Running module mass_function_like
Model N: 2852847.8797961157
Done mass_function_like status = 0 

Pipeline ran okay.
Likelihood mass_function_like_m_n = -5596.4243308231235
Posterior = -5589.745197771591 for parameter set #34: [0.2998149882286838, 0.8003181452222633, -0.9995]
Running module mass_function_like
Model N: 2854075.971281342
Done mass_function_like status = 0 

Pipeline ran okay.
Likelihood mass_function_like_m_n = -5519.041216678917
Posterior = -5512.362050698693 for parameter set #34: [0.2998337363025737, 0.8004227030174018, -0.9995]
Running module mass_function_like
Model N: 2854867.1918826415
Done mass_function_like status = 0 

Pipeline ran okay.
Likelihood mass_function_like_m_n = -5469.483222320676
Posterior = -5462.804838669262 for parameter set #35: [0.299570920311405, 0.8007898946804916, -0.9995]
Running module mass_function_like
Model N: 2876785.0078925285
Done mass_function_like status = 0 

Pipeline ran okay.
Likelihood mass_function_like_m_n = -4188.829314626753
Posterior = -4182.150439652864 for parameter set #35: [0.30029299297656614, 0.8022413400543518, -0.9995]
Running module mass_function_like
Model N: 2857590.095107715
Done mass_function_like status = 0 

Pipeline ran okay.
Likelihood mass_function_like_m_n = -5300.714310526848
Posterior = -5294.035147990306 for parameter set #35: [0.3001683221720038, 0.8004356048994561, -0.9995]
Running module mass_function_like
Model N: 2849687.795325042
Done mass_function_like status = 0 

Pipeline ran okay.
Likelihood mass_function_like_m_n = -5798.129249617457
Posterior = -5791.449947986906 for parameter set #35: [0.29997733831624596, 0.7998348273142223, -0.9995]
Running module mass_function_like
Model N: 2885734.9362378186
Done mass_function_like status = 0 

Pipeline ran okay.
Likelihood mass_function_like_m_n = -3716.667777635157
Posterior = -3709.9907829003487 for parameter set #36: [0.30067962688321753, 0.8027474461624926, -0.9995]
Model N: 2863134.683348988
Done mass_function_like status = 0 

Pipeline ran okay.
Likelihood mass_function_like_m_n = -4965.562067590654
Posterior = -4958.883413997388 for parameter set #36: [0.30036072289755733, 0.8007978235074905, -0.9995]
Model N: 2877254.7440921236
Done mass_function_like status = 0 

Pipeline ran okay.
Likelihood mass_function_like_m_n = -4163.319544747472
Posterior = -4156.646380206817 for parameter set #36: [0.30110812072050264, 0.8014565171095737, -0.9995]
Model N: 2858176.3450581115
Done mass_function_like status = 0 

Pipeline ran okay.
Likelihood mass_function_like_m_n = -5264.738305538893
Posterior = -5258.0599433747975 for parameter set #36: [0.30043405857085775, 0.8002243781429018, -0.9995]
Running module mass_function_like
Running module mass_function_like
Running module mass_function_like
Running module mass_function_like
Model N: 2821865.2081844765
Done mass_function_like status = 0 

Pipeline ran okay.
Likelihood mass_function_like_m_n = -7735.9429841041565
Posterior = -7729.269964895239 for parameter set #37: [0.29887884083258326, 0.7981691190583639, -0.9995]
Running module mass_function_like
Model N: 2859123.491230933
Done mass_function_like status = 0 

Pipeline ran okay.
Likelihood mass_function_like_m_n = -5206.88503601402
Posterior = -5200.21263382025 for parameter set #37: [0.3011749046378233, 0.7995672905363049, -0.9995]
Running module mass_function_like
Model N: 2865350.9943064367
Done mass_function_like status = 0 

Pipeline ran okay.
Likelihood mass_function_like_m_n = -4834.778066679835
Posterior = -4828.104397574742 for parameter set #37: [0.3010616113428535, 0.8003073060980807, -0.9995]
Running module mass_function_like
Model N: 2858329.5574478116
Done mass_function_like status = 0 

Pipeline ran okay.
Likelihood mass_function_like_m_n = -5255.3572598695755
Posterior = -5248.6955660951635 for parameter set #37: [0.3018767218173151, 0.7987776022427883, -0.9995]
Running module mass_function_like
Model N: 2856594.2457817458
Done mass_function_like status = 0 

Pipeline ran okay.
Likelihood mass_function_like_m_n = -5362.118574127555
Posterior = -5355.439531694237 for parameter set #38: [0.3002288077765371, 0.8002738036924724, -0.9995]
Running module mass_function_like
Model N: 2847477.557267195
Done mass_function_like status = 0 

Pipeline ran okay.
Likelihood mass_function_like_m_n = -5941.422754585743
Posterior = -5934.743964063245 for parameter set #38: [0.3003205232632875, 0.799263859331467, -0.9995]
Running module mass_function_like
Model N: 2842253.921194984
Done mass_function_like status = 0 

Pipeline ran okay.
Likelihood mass_function_like_m_n = -6287.348651222885
Posterior = -6280.674558012569 for parameter set #38: [0.30102088079562195, 0.7980303569773803, -0.9995]
Running module mass_function_like
Model N: 2849046.053633311
Done mass_function_like status = 0 

Pipeline ran okay.
Likelihood mass_function_like_m_n = -5839.5463455840945
Posterior = -5832.8670938641 for parameter set #38: [0.30010244834390304, 0.7996429182802738, -0.9995]
Running module mass_function_like
Model N: 2861418.4000415057
Done mass_function_like status = 0 

Pipeline ran okay.
Likelihood mass_function_like_m_n = -5068.0881245061755
Posterior = -5061.40888697929 for parameter set #39: [0.300115474174826, 0.8008748979995927, -0.9995]
Running module mass_function_like
Model N: 2870103.8215445736
Done mass_function_like status = 0 

Pipeline ran okay.
Likelihood mass_function_like_m_n = -4560.429862231016
Posterior = -4553.754653188051 for parameter set #39: [0.30090500335299813, 0.8009444072673622, -0.9995]
Running module mass_function_like
Model N: 2853551.502986719
Done mass_function_like status = 0 

Pipeline ran okay.
Likelihood mass_function_like_m_n = -5552.01968447119
Posterior = -5545.343628817494 for parameter set #39: [0.3008060452363036, 0.7993817529978566, -0.9995]
Running module mass_function_like
Model N: 2847167.7653876105
Done mass_function_like status = 0 

Pipeline ran okay.
Likelihood mass_function_like_m_n = -5961.653053432703
Posterior = -5954.973771262651 for parameter set #39: [0.2999336249169151, 0.7996255903319569, -0.9995]
Running module mass_function_like
Model N: 2856673.244033216
Done mass_function_like status = 0 

Pipeline ran okay.
Likelihood mass_function_like_m_n = -5357.234068252146
Posterior = -5350.555192113228 for parameter set #40: [0.3002925950759679, 0.8002167785101982, -0.9995]
Model N: 2895689.285160986
Done mass_function_like status = 0 

Pipeline ran okay.
Likelihood mass_function_like_m_n = -3225.781392008066
Posterior = -3219.13931262661 for parameter set #40: [0.3027285460177137, 0.8016585409576441, -0.9995]
Model N: 2853442.360773696
Done mass_function_like status = 0 

Pipeline ran okay.
Likelihood mass_function_like_m_n = -5558.89540528506
Posterior = -5552.21791724516 for parameter set #40: [0.30060268705144594, 0.7995770552694423, -0.9995]
Model N: 2871974.722974724
Done mass_function_like status = 0 

Pipeline ran okay.
Likelihood mass_function_like_m_n = -4454.718642547727
Posterior = -4448.040838458724 for parameter set #40: [0.3005477425137755, 0.8014967399657994, -0.9995]
Running module mass_function_like
Running module mass_function_like
Running module mass_function_like
Running module mass_function_like
Model N: 2839879.2137303106
Done mass_function_like status = 0 

Pipeline ran okay.
Likelihood mass_function_like_m_n = -6447.9946488291025
Posterior = -6441.316851274686 for parameter set #41: [0.29945106577925285, 0.7994021737837741, -0.9995]
Running module mass_function_like
Model N: 2870943.7770292526
Done mass_function_like status = 0 

Pipeline ran okay.
Likelihood mass_function_like_m_n = -4512.810670740902
Posterior = -4506.143494429235 for parameter set #41: [0.3015574265082101, 0.8003656728100581, -0.9995]
Running module mass_function_like
Model N: 2857183.370357457
Done mass_function_like status = 0 

Pipeline ran okay.
Likelihood mass_function_like_m_n = -5325.74852053076
Posterior = -5319.06932167 for parameter set #41: [0.30014514651213997, 0.800418380612352, -0.9995]
Model N: 2867680.301942863
Done mass_function_like status = 0 

Pipeline ran okay.
Likelihood mass_function_like_m_n = -4699.281994819641
Running module mass_function_like
Posterior = -4692.604015170402 for parameter set #41: [0.30051469390334457, 0.8010982306808339, -0.9995]
Running module mass_function_like
Model N: 2843613.970699404
Done mass_function_like status = 0 

Pipeline ran okay.
Likelihood mass_function_like_m_n = -6196.296836748719
Posterior = -6189.618031638889 for parameter set #42: [0.299684060613356, 0.7995410955215718, -0.9995]
Running module mass_function_like
Model N: 2846081.707170246
Done mass_function_like status = 0 

Pipeline ran okay.
Likelihood mass_function_like_m_n = -6032.859449289739
Posterior = -6026.180498214485 for parameter set #42: [0.30026575291397195, 0.7991790018153463, -0.9995]
Running module mass_function_like
Model N: 2856791.9309362606
Done mass_function_like status = 0 

Pipeline ran okay.
Likelihood mass_function_like_m_n = -5349.899951390922
Posterior = -5343.223407888274 for parameter set #42: [0.30074306065192014, 0.7997710277062694, -0.9995]
Running module mass_function_like
Model N: 2867698.891587901
Done mass_function_like status = 0 

Pipeline ran okay.
Likelihood mass_function_like_m_n = -4698.208687014878
Posterior = -4691.529946171128 for parameter set #42: [0.30033566488081537, 0.801282876438104, -0.9995]
Running module mass_function_like
Model N: 2852704.076297968
Done mass_function_like status = 0 

Pipeline ran okay.
Likelihood mass_function_like_m_n = -5605.522268339992
Posterior = -5598.843093421632 for parameter set #43: [0.29983920202040426, 0.8002790319232589, -0.9995]
Running module mass_function_like
Model N: 2848175.8121582177
Done mass_function_like status = 0 

Pipeline ran okay.
Likelihood mass_function_like_m_n = -5895.956354215741
Posterior = -5889.277061962626 for parameter set #43: [0.2999511222031899, 0.7997093422120214, -0.9995]
Running module mass_function_like
Model N: 2897630.337469433
Done mass_function_like status = 0 

Pipeline ran okay.
Likelihood mass_function_like_m_n = -3134.244832582772
Posterior = -3127.605983477943 for parameter set #43: [0.30284447160229594, 0.8017353854176649, -0.9995]
Running module mass_function_like
Model N: 2858498.8344270773
Done mass_function_like status = 0 

Pipeline ran okay.
Likelihood mass_function_like_m_n = -5245.002728655934
Posterior = -5238.323584813857 for parameter set #43: [0.3001790844681762, 0.800516171742636, -0.9995]
Running module mass_function_like
Model N: 2871986.709233336
Done mass_function_like status = 0 

Pipeline ran okay.
Likelihood mass_function_like_m_n = -4454.045536637306
Posterior = -4447.366853593141 for parameter set #44: [0.3003524639401045, 0.8016973758372502, -0.9995]
Model N: 2853998.9791157492
Done mass_function_like status = 0 

Pipeline ran okay.
Likelihood mass_function_like_m_n = -5523.876054137945
Posterior = -5517.198577182927 for parameter set #44: [0.3006045234970225, 0.7996310671638526, -0.9995]
Model N: 2892839.437013485
Done mass_function_like status = 0 

Pipeline ran okay.
Likelihood mass_function_like_m_n = -3362.6451898142695
Posterior = -3355.97127990548 for parameter set #44: [0.3010386808480733, 0.8030952460748781, -0.9995]
Model N: 2866923.1708722264
Done mass_function_like status = 0 

Pipeline ran okay.
Likelihood mass_function_like_m_n = -4743.104703351855
Posterior = -4736.425785178398 for parameter set #44: [0.30027785782415767, 0.8012635512034033, -0.9995]
Running module mass_function_like
Running module mass_function_like
Running module mass_function_like
Running module mass_function_like
Model N: 2859318.278302689
Done mass_function_like status = 0 

Pipeline ran okay.
Likelihood mass_function_like_m_n = -5195.028391838074
Posterior = -5188.362530812322 for parameter set #45: [0.3016397056173724, 0.7991162298541394, -0.9995]
Running module mass_function_like
Model N: 2856989.7165066847
Done mass_function_like status = 0 

Pipeline ran okay.
Likelihood mass_function_like_m_n = -5337.689657635987
Posterior = -5331.01111076636 for parameter set #45: [0.30038918599222636, 0.8001505203299505, -0.9995]
Running module mass_function_like
Model N: 2861403.7370770304
Done mass_function_like status = 0 

Pipeline ran okay.
Likelihood mass_function_like_m_n = -5068.9687492623925
Posterior = -5062.289522365857 for parameter set #45: [0.30012433967571517, 0.8008642475807564, -0.9995]
Running module mass_function_like
Model N: 2858010.087620082
Done mass_function_like status = 0 

Pipeline ran okay.
Likelihood mass_function_like_m_n = -5274.927947677672
Posterior = -5268.254834198985 for parameter set #45: [0.3011127191580228, 0.7995186381409451, -0.9995]
Running module mass_function_like
Model N: 2835674.7492138986
Done mass_function_like status = 0 

Pipeline ran okay.
Likelihood mass_function_like_m_n = -6737.625566877425
Posterior = -6730.947759639999 for parameter set #46: [0.299452832587754, 0.7989769359301937, -0.9995]
Running module mass_function_like
Model N: 2849996.057358248
Done mass_function_like status = 0 

Pipeline ran okay.
Likelihood mass_function_like_m_n = -5778.289153598249
Posterior = -5771.622366630538 for parameter set #46: [0.3015822282135882, 0.7982401705521213, -0.9995]
Running module mass_function_like
Model N: 2848861.5148092266
Done mass_function_like status = 0 

Pipeline ran okay.
Likelihood mass_function_like_m_n = -5851.484705999494
Posterior = -5844.80542652208 for parameter set #46: [0.3000703148583157, 0.7996570231298616, -0.9995]
Running module mass_function_like
Model N: 2853820.69282352
Done mass_function_like status = 0 

Pipeline ran okay.
Likelihood mass_function_like_m_n = -5535.080281339586
Posterior = -5528.401148029473 for parameter set #46: [0.2998151280456174, 0.8004159701162854, -0.9995]
Running module mass_function_like
Model N: 2855896.8452109573
Done mass_function_like status = 0 

Pipeline ran okay.
Likelihood mass_function_like_m_n = -5405.339889504015
Posterior = -5398.6607932289135 for parameter set #47: [0.3002039231266571, 0.8002289536668743, -0.9995]
Running module mass_function_like
Model N: 2869490.031082088
Done mass_function_like status = 0 

Pipeline ran okay.
Likelihood mass_function_like_m_n = -4595.391463719308
Posterior = -4588.713121615423 for parameter set #47: [0.30043865577048157, 0.8013580826756102, -0.9995]
Running module mass_function_like
Model N: 2854910.080870499
Done mass_function_like status = 0 

Pipeline ran okay.
Likelihood mass_function_like_m_n = -5466.803534567356
Posterior = -5460.125135044863 for parameter set #47: [0.2995746352584868, 0.800790475111269, -0.9995]
Running module mass_function_like
Model N: 2863131.3071717625
Done mass_function_like status = 0 

Pipeline ran okay.
Likelihood mass_function_like_m_n = -4965.762680798769
Posterior = -4959.083380177401 for parameter set #47: [0.3000267467443032, 0.8011380033230526, -0.9995]
Running module mass_function_like
Model N: 2867029.111761817
Done mass_function_like status = 0 

Pipeline ran okay.
Likelihood mass_function_like_m_n = -4736.960122786462
Posterior = -4730.281783157228 for parameter set #48: [0.3004392195524046, 0.8011096437312412, -0.9995]
Model N: 2877376.231014334
Done mass_function_like status = 0 

Pipeline ran okay.
Likelihood mass_function_like_m_n = -4156.735164098442
Posterior = -4150.064643866386 for parameter set #48: [0.30132544077607876, 0.8012472765736633, -0.9995]
Model N: 2876114.845589729
Done mass_function_like status = 0 

Pipeline ran okay.
Likelihood mass_function_like_m_n = -4225.363543212414
Posterior = -4218.685356966117 for parameter set #48: [0.3004728534686004, 0.8019900909472043, -0.9995]
Model N: 2862690.512096296
Done mass_function_like status = 0 

Pipeline ran okay.
Likelihood mass_function_like_m_n = -4991.991049736738
Posterior = -4985.314602355858 for parameter set #48: [0.30075588589490837, 0.8003509089755604, -0.9995]
Running module mass_function_like
Running module mass_function_like
Running module mass_function_like
Running module mass_function_like
Model N: 2856965.4044019124
Done mass_function_like status = 0 

Pipeline ran okay.
Likelihood mass_function_like_m_n = -5339.1897819414735
Posterior = -5332.530499894531 for parameter set #49: [0.302001107261899, 0.7985157657608014, -0.9995]
Running module mass_function_like
Model N: 2873107.03724511
Done mass_function_like status = 0 

Pipeline ran okay.
Likelihood mass_function_like_m_n = -4391.365069046617
Posterior = -4384.699908454428 for parameter set #49: [0.30168188026452275, 0.800456548202571, -0.9995]
Running module mass_function_like
Model N: 2869842.566135056
Done mass_function_like status = 0 

Pipeline ran okay.
Likelihood mass_function_like_m_n = -4575.294050969183
Posterior = -4568.6157419911215 for parameter set #49: [0.30044614353040444, 0.801385756507835, -0.9995]
Running module mass_function_like
Model N: 2859818.3011880433
Done mass_function_like status = 0 

Pipeline ran okay.
Likelihood mass_function_like_m_n = -5164.656557627022
Posterior = -5157.977498727134 for parameter set #49: [0.3002214942084571, 0.8006058835349492, -0.9995]
Running module mass_function_like
Model N: 2850287.278187382
Done mass_function_like status = 0 

Pipeline ran okay.
Likelihood mass_function_like_m_n = -5759.578446984291
Posterior = -5752.900060799136 for parameter set #50: [0.2995715112243368, 0.8003278238717545, -0.9995]
Running module mass_function_like
Model N: 2855003.3273830866
Done mass_function_like status = 0 

Pipeline ran okay.
Likelihood mass_function_like_m_n = -5460.979889750481
Posterior = -5454.300779096831 for parameter set #50: [0.3001967458566681, 0.8001464408762241, -0.9995]
Running module mass_function_like
Model N: 2854168.768809329
Done mass_function_like status = 0 

Pipeline ran okay.
Likelihood mass_function_like_m_n = -5513.216791540384
Posterior = -5506.537748211642 for parameter set #50: [0.30022841609753287, 0.8000301556436739, -0.9995]
Running module mass_function_like
Model N: 2860496.155534417
Done mass_function_like status = 0 

Pipeline ran okay.
Likelihood mass_function_like_m_n = -5123.631136916578
Posterior = -5116.951838097645 for parameter set #50: [0.30003280054004866, 0.8008663660217041, -0.9995]
Running module mass_function_like
Model N: 2856339.4018887314
Done mass_function_like status = 0 

Pipeline ran okay.
Likelihood mass_function_like_m_n = -5377.891527011991
Posterior = -5371.212937171913 for parameter set #51: [0.2996220163409625, 0.8008861705423881, -0.9995]
Running module mass_function_like
Model N: 2898957.8431330156
Done mass_function_like status = 0 

Pipeline ran okay.
Likelihood mass_function_like_m_n = -3072.425913646817
Posterior = -3065.7918252926256 for parameter set #51: [0.3030071861970448, 0.8017031193415004, -0.9995]
Running module mass_function_like
Model N: 2860113.451177272
Done mass_function_like status = 0 

Pipeline ran okay.
Likelihood mass_function_like_m_n = -5146.772409021854
Posterior = -5140.093533082062 for parameter set #51: [0.30029266312317077, 0.8005630100833723, -0.9995]
Running module mass_function_like
Model N: 2888947.8254299117
Done mass_function_like status = 0 

Pipeline ran okay.
Likelihood mass_function_like_m_n = -3554.2953695580363
Posterior = -3547.6292255142316 for parameter set #51: [0.30162235350681543, 0.8021077210770062, -0.9995]
Running module mass_function_like
Model N: 2913238.3059144164
Done mass_function_like status = 0 

Pipeline ran okay.
Likelihood mass_function_like_m_n = -2447.5218182876706
Posterior = -2440.847100327176 for parameter set #52: [0.3009577304230056, 0.805234059752378, -0.9995]
Model N: 2932732.947906728
Done mass_function_like status = 0 

Pipeline ran okay.
Likelihood mass_function_like_m_n = -1711.9731755703688
Posterior = -1705.318714628512 for parameter set #52: [0.3022290471710289, 0.8058900652971842, -0.9995]
Model N: 2856144.507781607
Done mass_function_like status = 0 

Pipeline ran okay.
Likelihood mass_function_like_m_n = -5389.970324799418
Posterior = -5383.291838299422 for parameter set #52: [0.30040440037429134, 0.8000500981218504, -0.9995]
Model N: 2866855.8029618436
Done mass_function_like status = 0 

Pipeline ran okay.
Likelihood mass_function_like_m_n = -4747.0142022147775
Posterior = -4740.335286172643 for parameter set #52: [0.30027862382372345, 0.8012558929334387, -0.9995]
Running module mass_function_like
Running module mass_function_like
Running module mass_function_like
Running module mass_function_like
Model N: 2834570.2415324342
Done mass_function_like status = 0 

Pipeline ran okay.
Likelihood mass_function_like_m_n = -6814.816426560283
Posterior = -6808.13969049086 for parameter set #53: [0.29928332310109523, 0.7990379057263631, -0.9995]
Running module mass_function_like
Model N: 2868936.3878164873
Done mass_function_like status = 0 

Pipeline ran okay.
Likelihood mass_function_like_m_n = -4627.046120613813
Posterior = -4620.367084230348 for parameter set #53: [0.3002314367493298, 0.8015134153869837, -0.9995]
Running module mass_function_like
Model N: 2859138.416887035
Done mass_function_like status = 0 

Pipeline ran okay.
Likelihood mass_function_like_m_n = -5205.97601673007
Posterior = -5199.297507364749 for parameter set #53: [0.3003987061549248, 0.8003569837720275, -0.9995]
Running module mass_function_like
Model N: 2853484.609539004
Done mass_function_like status = 0 

Pipeline ran okay.
Likelihood mass_function_like_m_n = -5556.2332990169525
Posterior = -5549.5735728722975 for parameter set #53: [0.3019787902190382, 0.7981898690109713, -0.9995]
Running module mass_function_like
Model N: 2855141.5476687206
Done mass_function_like status = 0 

Pipeline ran okay.
Likelihood mass_function_like_m_n = -5452.353392653167
Posterior = -5445.676046170605 for parameter set #54: [0.3006257340885756, 0.7997243125078151, -0.9995]
Running module mass_function_like
Model N: 2858283.9916890995
Done mass_function_like status = 0 

Pipeline ran okay.
Likelihood mass_function_like_m_n = -5258.146296404302
Posterior = -5251.468468686842 for parameter set #54: [0.30054341160288983, 0.800123788185898, -0.9995]
Running module mass_function_like
Model N: 2866935.76140774
Done mass_function_like status = 0 

Pipeline ran okay.
Likelihood mass_function_like_m_n = -4742.374234363437
Posterior = -4735.695037398057 for parameter set #54: [0.3001464465296456, 0.8013990216464748, -0.9995]
Running module mass_function_like
Model N: 2850396.163404558
Done mass_function_like status = 0 

Pipeline ran okay.
Likelihood mass_function_like_m_n = -5752.590791672468
Posterior = -5745.911488746595 for parameter set #54: [0.3000159526580467, 0.7998667500742547, -0.9995]
Running module mass_function_like
Model N: 2847712.227287431
Done mass_function_like status = 0 

Pipeline ran okay.
Likelihood mass_function_like_m_n = -5926.122028425336
Posterior = -5919.447261309897 for parameter set #55: [0.2990474158440028, 0.8006032580068734, -0.9995]
Running module mass_function_like
Model N: 2853944.8193020835
Done mass_function_like status = 0 

Pipeline ran okay.
Likelihood mass_function_like_m_n = -5527.27842271328
Posterior = -5520.599131654899 for parameter set #55: [0.3000512638853667, 0.8001879903612282, -0.9995]
Running module mass_function_like
Model N: 2846948.229937
Done mass_function_like status = 0 

Pipeline ran okay.
Likelihood mass_function_like_m_n = -5976.0110891237855
Posterior = -5969.331855522795 for parameter set #55: [0.29988117464963093, 0.7996567585144756, -0.9995]
Running module mass_function_like
Model N: 2853070.4125402663
Done mass_function_like status = 0 

Pipeline ran okay.
Likelihood mass_function_like_m_n = -5582.360664077103
Posterior = -5575.681378918238 for parameter set #55: [0.29993829190461485, 0.8002150376482222, -0.9995]
Running module mass_function_like
Model N: 2878249.29376058
Done mass_function_like status = 0 

Pipeline ran okay.
Likelihood mass_function_like_m_n = -4109.575707688928
Posterior = -4102.896881044428 for parameter set #56: [0.3003090481548666, 0.8023724342285435, -0.9995]
Model N: 2804894.936753721
Done mass_function_like status = 0 

Pipeline ran okay.
Likelihood mass_function_like_m_n = -9062.317311100662
Posterior = -9055.64584461243 for parameter set #56: [0.29874798481812453, 0.7965925523014873, -0.9995]
Model N: 2896404.3678959785
Done mass_function_like status = 0 

Pipeline ran okay.
Likelihood mass_function_like_m_n = -3191.900897882879
Posterior = -3185.263056415528 for parameter set #56: [0.3028796781403171, 0.8015767566930568, -0.9995]
Model N: 2820957.303196058
Done mass_function_like status = 0 

Pipeline ran okay.
Likelihood mass_function_like_m_n = -7804.1143515482545
Posterior = -7797.436785883789 for parameter set #56: [0.3005896666591023, 0.7963296278534016, -0.9995]
Running module mass_function_like
Running module mass_function_like
Running module mass_function_like
Running module mass_function_like
Model N: 2815645.338761324
Done mass_function_like status = 0 

Pipeline ran okay.
Likelihood mass_function_like_m_n = -8209.274343267083
Posterior = -8202.60792624819 for parameter set #57: [0.29839456053260327, 0.798033724108289, -0.9995]
Running module mass_function_like
Model N: 2868222.246254614
Done mass_function_like status = 0 

Pipeline ran okay.
Likelihood mass_function_like_m_n = -4668.044131286442
Posterior = -4661.366160393764 for parameter set #57: [0.30051639241510275, 0.8011510553713227, -0.9995]
Running module mass_function_like
Model N: 2860027.3091056836
Done mass_function_like status = 0 

Pipeline ran okay.
Likelihood mass_function_like_m_n = -5151.988713808358
Posterior = -5145.320000198028 for parameter set #57: [0.3014553754141109, 0.7993737355961247, -0.9995]
Running module mass_function_like
Model N: 2873413.1241088393
Done mass_function_like status = 0 

Pipeline ran okay.
Likelihood mass_function_like_m_n = -4374.320256151259
Posterior = -4367.655142587529 for parameter set #57: [0.30168467412751215, 0.8004842920264982, -0.9995]
Running module mass_function_like
Model N: 2852886.542472001
Done mass_function_like status = 0 

Pipeline ran okay.
Likelihood mass_function_like_m_n = -5593.979595020413
Posterior = -5587.300356286137 for parameter set #58: [0.30011442380338976, 0.8000172380758086, -0.9995]
Running module mass_function_like
Model N: 2855444.5977631155
Done mass_function_like status = 0 

Pipeline ran okay.
Likelihood mass_function_like_m_n = -5433.464544244111
Posterior = -5426.785583707604 for parameter set #58: [0.30026216857308025, 0.8001241995348298, -0.9995]
Running module mass_function_like
Model N: 2860502.423272713
Done mass_function_like status = 0 

Pipeline ran okay.
Likelihood mass_function_like_m_n = -5123.252592794597
Posterior = -5116.574073119208 for parameter set #58: [0.3003961118328877, 0.8004968027979317, -0.9995]
Running module mass_function_like
Model N: 2859281.0885082358
Done mass_function_like status = 0 

Pipeline ran okay.
Likelihood mass_function_like_m_n = -5197.291038751602
Posterior = -5190.6199357290325 for parameter set #58: [0.30128071665411243, 0.7994758536369915, -0.9995]
Running module mass_function_like
Model N: 2859341.7966041323
Done mass_function_like status = 0 

Pipeline ran okay.
Likelihood mass_function_like_m_n = -5193.597790703177
Posterior = -5186.918935957762 for parameter set #59: [0.3002998175762019, 0.8004780451503803, -0.9995]
Running module mass_function_like
Model N: 2865916.758129892
Done mass_function_like status = 0 

Pipeline ran okay.
Likelihood mass_function_like_m_n = -4801.6833406463265
Posterior = -4795.004036998129 for parameter set #59: [0.2999895108386818, 0.8014566336688828, -0.9995]
Running module mass_function_like
Model N: 2834323.025669063
Done mass_function_like status = 0 

Pipeline ran okay.
Likelihood mass_function_like_m_n = -6832.156695075333
Posterior = -6825.477951787357 for parameter set #59: [0.29966506408557964, 0.7986251500548641, -0.9995]
Running module mass_function_like
Model N: 2868590.4133395413
Done mass_function_like status = 0 

Pipeline ran okay.
Likelihood mass_function_like_m_n = -4646.8846239075065
Posterior = -4640.206015554055 for parameter set #59: [0.3003730535776521, 0.8013342947782384, -0.9995]
Running module mass_function_like
Model N: 2901541.0921888575
Done mass_function_like status = 0 

Pipeline ran okay.
Likelihood mass_function_like_m_n = -2953.952507406473
Posterior = -2947.3080678123306 for parameter set #60: [0.3026406288708396, 0.8023346489858071, -0.9995]
Model N: 2864474.460240091
Done mass_function_like status = 0 

Pipeline ran okay.
Likelihood mass_function_like_m_n = -4886.285051651299
Posterior = -4879.606048666005 for parameter set #60: [0.3002454436867533, 0.8010500617794908, -0.9995]
Model N: 2919226.2240063096
Done mass_function_like status = 0 

Pipeline ran okay.
Likelihood mass_function_like_m_n = -2207.2237907275558
Posterior = -2200.658442734845 for parameter set #60: [0.3047740172936226, 0.8019393403390022, -0.9995]
Model N: 2852204.0491412263
Done mass_function_like status = 0 

Pipeline ran okay.
Likelihood mass_function_like_m_n = -5637.217216156423
Posterior = -5630.544360200118 for parameter set #60: [0.2988643731241853, 0.8012438283469365, -0.9995]
Running module mass_function_like
Running module mass_function_like
Running module mass_function_like
Running module mass_function_like
Model N: 2831073.943001218
Done mass_function_like status = 0 

Pipeline ran okay.
Likelihood mass_function_like_m_n = -7062.200689353049
Posterior = -7055.531010956872 for parameter set #61: [0.2986124984948975, 0.7993684047651743, -0.9995]
Running module mass_function_like
Model N: 2851817.788812572
Done mass_function_like status = 0 

Pipeline ran okay.
Likelihood mass_function_like_m_n = -5661.76470901072
Posterior = -5655.096065970064 for parameter set #61: [0.3014602162616231, 0.7985457587397358, -0.9995]
Running module mass_function_like
Model N: 2861822.0308985678
Done mass_function_like status = 0 

Pipeline ran okay.
Likelihood mass_function_like_m_n = -5043.878231585026
Posterior = -5037.198927428639 for parameter set #61: [0.29999710436755017, 0.8010362738496085, -0.9995]
Running module mass_function_like
Model N: 2852938.8397307596
Done mass_function_like status = 0 

Pipeline ran okay.
Likelihood mass_function_like_m_n = -5590.673597544432
Posterior = -5583.994309159296 for parameter set #61: [0.300056237308493, 0.8000815974790093, -0.9995]
Running module mass_function_like
Model N: 2848146.4966067537
Done mass_function_like status = 0 

Pipeline ran okay.
Likelihood mass_function_like_m_n = -5897.861549794674
Posterior = -5891.182910315814 for parameter set #62: [0.29963538528528316, 0.8000471682032242, -0.9995]
Running module mass_function_like
Model N: 2860462.159979642
Done mass_function_like status = 0 

Pipeline ran okay.
Likelihood mass_function_like_m_n = -5125.684574209154
Posterior = -5119.005278227172 for parameter set #62: [0.3000405372145762, 0.8008551146340138, -0.9995]
Running module mass_function_like
Model N: 2875924.1527937064
Done mass_function_like status = 0 

Pipeline ran okay.
Likelihood mass_function_like_m_n = -4235.789349317551
Posterior = -4229.1208838528655 for parameter set #62: [0.3014723269762471, 0.8009519618612858, -0.9995]
Running module mass_function_like
Model N: 2845843.4938289686
Done mass_function_like status = 0 

Pipeline ran okay.
Likelihood mass_function_like_m_n = -6048.536738216877
Posterior = -6041.85744316364 for parameter set #62: [0.29995723302068056, 0.7994684894759453, -0.9995]
Running module mass_function_like
Model N: 2840294.677330109
Done mass_function_like status = 0 

Pipeline ran okay.
Likelihood mass_function_like_m_n = -6419.736080743372
Posterior = -6413.060664278058 for parameter set #63: [0.2991182139720898, 0.7997829517436819, -0.9995]
Running module mass_function_like
Model N: 2860448.0080927154
Done mass_function_like status = 0 

Pipeline ran okay.
Likelihood mass_function_like_m_n = -5126.539518512785
Posterior = -5119.861811795791 for parameter set #63: [0.30056524000489715, 0.8003192266118996, -0.9995]
Running module mass_function_like
Model N: 2860098.21991608
Done mass_function_like status = 0 

Pipeline ran okay.
Likelihood mass_function_like_m_n = -5147.694532781839
Posterior = -5141.015710613592 for parameter set #63: [0.3003104931765355, 0.8005433916549696, -0.9995]
Running module mass_function_like
Model N: 2879244.0498796934
Done mass_function_like status = 0 

Pipeline ran okay.
Likelihood mass_function_like_m_n = -4056.1829916909337
Posterior = -4049.504212766577 for parameter set #63: [0.30032412156772703, 0.8024574900804167, -0.9995]
Running module mass_function_like
Model N: 2858472.171705448
Done mass_function_like status = 0 

Pipeline ran okay.
Likelihood mass_function_like_m_n = -5246.632959224284
Posterior = -5239.956527012365 for parameter set #64: [0.30075789001721537, 0.7999250104693524, -0.9995]
Model N: 2956371.7636571247
Done mass_function_like status = 0 

Pipeline ran okay.
Likelihood mass_function_like_m_n = -999.690919816494
Posterior = -993.0516072991427 for parameter set #64: [0.30282813298693195, 0.8076528263709168, -0.9995]
Model N: 2960266.371414816
Done mass_function_like status = 0 

Pipeline ran okay.
Likelihood mass_function_like_m_n = -901.029777765274
Posterior = -894.3517984707158 for parameter set #64: [0.300514762809845, 0.8104504968716933, -0.9995]
Model N: 2866949.139333236
Done mass_function_like status = 0 

Pipeline ran okay.
Likelihood mass_function_like_m_n = -4741.59814722091
Posterior = -4734.919669376179 for parameter set #64: [0.30040653501176184, 0.8011348627371742, -0.9995]
Running module mass_function_like
Running module mass_function_like
Running module mass_function_like
Running module mass_function_like
Model N: 2855349.195502287
Done mass_function_like status = 0 

Pipeline ran okay.
Likelihood mass_function_like_m_n = -5439.407198883593
Posterior = -5432.727974496607 for parameter set #65: [0.30012634185693243, 0.800253076712133, -0.9995]
Running module mass_function_like
Model N: 2859534.8547664694
Done mass_function_like status = 0 

Pipeline ran okay.
Likelihood mass_function_like_m_n = -5181.86195923388
Posterior = -5175.186238058771 for parameter set #65: [0.3008465250381824, 0.7999415702568269, -0.9995]
Running module mass_function_like
Model N: 2855540.390727126
Done mass_function_like status = 0 

Pipeline ran okay.
Likelihood mass_function_like_m_n = -5427.500959284604
Posterior = -5420.821719714231 for parameter set #65: [0.30011369075418143, 0.8002850634575901, -0.9995]
Running module mass_function_like
Model N: 2857642.4463243946
Done mass_function_like status = 0 

Pipeline ran okay.
Likelihood mass_function_like_m_n = -5297.496518351138
Posterior = -5290.831641306886 for parameter set #65: [0.30169865558950254, 0.7988887283265417, -0.9995]
Running module mass_function_like
Model N: 2854792.3573977416
Done mass_function_like status = 0 

Pipeline ran okay.
Likelihood mass_function_like_m_n = -5474.160492040217
Posterior = -5467.481189098874 for parameter set #66: [0.29998414460610445, 0.8003417023238527, -0.9995]
Running module mass_function_like
Model N: 2858651.498883609
Done mass_function_like status = 0 

Pipeline ran okay.
Likelihood mass_function_like_m_n = -5235.67349421978
Posterior = -5228.994438808634 for parameter set #66: [0.30022306374185226, 0.8004866516554666, -0.9995]
Running module mass_function_like
Model N: 2859330.0078168083
Done mass_function_like status = 0 

Pipeline ran okay.
Likelihood mass_function_like_m_n = -5194.31486838311
Posterior = -5187.636010612091 for parameter set #66: [0.3002988067239149, 0.8004778482413271, -0.9995]
Running module mass_function_like
Model N: 2863726.2035506316
Done mass_function_like status = 0 

Pipeline ran okay.
Likelihood mass_function_like_m_n = -4930.478899545968
Posterior = -4923.800121123393 for parameter set #66: [0.30032427634375874, 0.8008944896907623, -0.9995]
Running module mass_function_like
Model N: 2925330.2345897085
Done mass_function_like status = 0 

Pipeline ran okay.
Likelihood mass_function_like_m_n = -1975.4023536220193
Posterior = -1968.854572814544 for parameter set #67: [0.30512880864987074, 0.8021895403298704, -0.9995]
Running module mass_function_like
Model N: 2892889.907073187
Done mass_function_like status = 0 

Pipeline ran okay.
Likelihood mass_function_like_m_n = -3360.1957800239325
Posterior = -3353.5420777654426 for parameter set #67: [0.30226282742692295, 0.8018511167587639, -0.9995]
Running module mass_function_like
Model N: 2877924.3697740966
Done mass_function_like status = 0 

Pipeline ran okay.
Likelihood mass_function_like_m_n = -4127.094223752618
Posterior = -4120.415562529286 for parameter set #67: [0.30035860144414583, 0.8022892625275854, -0.9995]
Running module mass_function_like
Model N: 2857289.4016860514
Done mass_function_like status = 0 

Pipeline ran okay.
Likelihood mass_function_like_m_n = -5319.216291062534
Posterior = -5312.537005632824 for parameter set #67: [0.3000612676097018, 0.8005144823957491, -0.9995]
Running module mass_function_like
Model N: 2868609.5184144853
Done mass_function_like status = 0 

Pipeline ran okay.
Likelihood mass_function_like_m_n = -4645.787969991565
Posterior = -4639.111456357878 for parameter set #68: [0.30074706955810976, 0.8009550700280161, -0.9995]
Model N: 2867351.118550595
Done mass_function_like status = 0 

Pipeline ran okay.
Likelihood mass_function_like_m_n = -4718.309126093984
Posterior = -4711.6301864135485 for parameter set #68: [0.30027000662022385, 0.8013144577068018, -0.9995]
Model N: 2980363.552521524
Done mass_function_like status = 0 

Pipeline ran okay.
Likelihood mass_function_like_m_n = -475.0579529479146
Posterior = -468.43504152893945 for parameter set #68: [0.30335835612569684, 0.8095211583740214, -0.9995]
Model N: 2945772.3820626647
Done mass_function_like status = 0 

Pipeline ran okay.
Likelihood mass_function_like_m_n = -1294.9010478928685
Posterior = -1288.2226968691068 for parameter set #68: [0.30043661757831036, 0.8090629986933383, -0.9995]
Running module mass_function_like
Running module mass_function_like
Running module mass_function_like
Running module mass_function_like
Model N: 2834709.113727496
Done mass_function_like status = 0 

Pipeline ran okay.
Likelihood mass_function_like_m_n = -6805.085743911564
Posterior = -6798.409242179666 for parameter set #69: [0.29925133900706935, 0.7990843779191575, -0.9995]
Running module mass_function_like
Model N: 2847720.8815648886
Done mass_function_like status = 0 

Pipeline ran okay.
Likelihood mass_function_like_m_n = -5925.55815449357
Posterior = -5918.87919861246 for parameter set #69: [0.29973606167392663, 0.799901782719139, -0.9995]
Running module mass_function_like
Model N: 2880177.86782858
Done mass_function_like status = 0 

Pipeline ran okay.
Likelihood mass_function_like_m_n = -4006.3905606642365
Posterior = -3999.7388842547966 for parameter set #69: [0.30235065050018667, 0.8004873885771951, -0.9995]
Running module mass_function_like
Model N: 2867526.9749588994
Done mass_function_like status = 0 

Pipeline ran okay.
Likelihood mass_function_like_m_n = -4708.139475464821
Posterior = -4701.46102699271 for parameter set #69: [0.30041369703872656, 0.801185817071686, -0.9995]
Running module mass_function_like
Model N: 2870477.1927683945
Done mass_function_like status = 0 

Pipeline ran okay.
Likelihood mass_function_like_m_n = -4539.230442240834
Posterior = -4532.551326771093 for parameter set #70: [0.30019428256179886, 0.8017067864971187, -0.9995]
Running module mass_function_like
Model N: 2861121.6266564885
Done mass_function_like status = 0 

Pipeline ran okay.
Likelihood mass_function_like_m_n = -5085.927177742124
Posterior = -5079.253944422452 for parameter set #70: [0.30110189642333185, 0.7998419882549886, -0.9995]
Running module mass_function_like
Model N: 2903301.3058314887
Done mass_function_like status = 0 

Pipeline ran okay.
Likelihood mass_function_like_m_n = -2874.602836728096
Posterior = -2867.9241832778976 for parameter set #70: [0.30036076255673727, 0.8048463285066149, -0.9995]
Running module mass_function_like
Model N: 2858023.160725388
Done mass_function_like status = 0 

Pipeline ran okay.
Likelihood mass_function_like_m_n = -5274.126346953213
Posterior = -5267.447855513605 for parameter set #70: [0.3004031770583658, 0.8002401888600392, -0.9995]
Running module mass_function_like
Model N: 2842979.8455658006
Done mass_function_like status = 0 

Pipeline ran okay.
Likelihood mass_function_like_m_n = -6238.6635036841035
Posterior = -6231.9846250646715 for parameter set #71: [0.2997082539191533, 0.7994526102865438, -0.9995]
Running module mass_function_like
Model N: 2857303.670744368
Done mass_function_like status = 0 

Pipeline ran okay.
Likelihood mass_function_like_m_n = -5318.337541811168
Posterior = -5311.6582390206195 for parameter set #71: [0.2999832204804852, 0.8005955718870257, -0.9995]
Running module mass_function_like
Model N: 2878786.1079394035
Done mass_function_like status = 0 

Pipeline ran okay.
Likelihood mass_function_like_m_n = -4080.7176597565413
Posterior = -4074.045378703788 for parameter set #71: [0.30118517049887, 0.8015319999599286, -0.9995]
Running module mass_function_like
Model N: 2863909.614098813
Done mass_function_like status = 0 

Pipeline ran okay.
Likelihood mass_function_like_m_n = -4919.627074666321
Posterior = -4912.94780564639 for parameter set #71: [0.30008387893595123, 0.8011580001504838, -0.9995]
Running module mass_function_like
Model N: 2851727.6353138667
Done mass_function_like status = 0 

Pipeline ran okay.
Likelihood mass_function_like_m_n = -5667.502124227583
Posterior = -5660.822824386631 for parameter set #72: [0.30002952069647854, 0.7999869831083174, -0.9995]
Model N: 2878282.9419351923
Done mass_function_like status = 0 

Pipeline ran okay.
Likelihood mass_function_like_m_n = -4107.76375053823
Posterior = -4101.0976417831735 for parameter set #72: [0.3016245272083597, 0.8010341830726339, -0.9995]
Model N: 2861564.0370325996
Done mass_function_like status = 0 

Pipeline ran okay.
Likelihood mass_function_like_m_n = -5059.345817670226
Posterior = -5052.666970454551 for parameter set #72: [0.3003023185853739, 0.8006990766602301, -0.9995]
Model N: 2819880.0270417244
Done mass_function_like status = 0 

Pipeline ran okay.
Likelihood mass_function_like_m_n = -7885.41079685092
Posterior = -7878.731677645387 for parameter set #72: [0.29980764991432773, 0.7970096371609413, -0.9995]
Running module mass_function_like
Running module mass_function_like
Running module mass_function_like
Running module mass_function_like
Model N: 2861123.068085187
Done mass_function_like status = 0 

Pipeline ran okay.
Likelihood mass_function_like_m_n = -5085.8404545784
Posterior = -5079.162713523026 for parameter set #73: [0.3005591319944224, 0.8003933652403494, -0.9995]
Running module mass_function_like
Model N: 2861328.796177166
Done mass_function_like status = 0 

Pipeline ran okay.
Likelihood mass_function_like_m_n = -5073.47077549994
Posterior = -5066.792409117823 for parameter set #73: [0.30043308571750726, 0.8005423314697954, -0.9995]
Running module mass_function_like
Model N: 2859641.5884551955
Done mass_function_like status = 0 

Pipeline ran okay.
Likelihood mass_function_like_m_n = -5175.379649579525
Posterior = -5168.725124761297 for parameter set #73: [0.3022261796909577, 0.7985565027395588, -0.9995]
Running module mass_function_like
Model N: 2873437.459846028
Done mass_function_like status = 0 

Pipeline ran okay.
Likelihood mass_function_like_m_n = -4372.966568700969
Posterior = -4366.301314613715 for parameter set #73: [0.30167631208643364, 0.8004953690695374, -0.9995]
Running module mass_function_like
Model N: 2856635.8275376875
Done mass_function_like status = 0 

Pipeline ran okay.
Likelihood mass_function_like_m_n = -5359.547261849046
Posterior = -5352.874415793351 for parameter set #74: [0.3011364983603573, 0.7993565347756318, -0.9995]
Running module mass_function_like
Model N: 2815114.9261785015
Done mass_function_like status = 0 

Pipeline ran okay.
Likelihood mass_function_like_m_n = -8250.322710812092
Posterior = -8243.649236669853 for parameter set #74: [0.29892018000842796, 0.7974472138762266, -0.9995]
Running module mass_function_like
Model N: 2852110.0288902246
Done mass_function_like status = 0 

Pipeline ran okay.
Likelihood mass_function_like_m_n = -5643.187238022685
Posterior = -5636.508018386729 for parameter set #74: [0.29986995204383665, 0.800187753808705, -0.9995]
Running module mass_function_like
Model N: 2891885.0526736267
Done mass_function_like status = 0 

Pipeline ran okay.
Likelihood mass_function_like_m_n = -3409.137150466442
Posterior = -3402.458531520572 for parameter set #74: [0.3003702033062192, 0.8036846984238325, -0.9995]
Running module mass_function_like
Model N: 2890008.1456066286
Done mass_function_like status = 0 

Pipeline ran okay.
Likelihood mass_function_like_m_n = -3501.532874688506
Posterior = -3494.8674810801613 for parameter set #75: [0.3016679682230481, 0.8021676453005393, -0.9995]
Running module mass_function_like
Model N: 2864153.449114542
Done mass_function_like status = 0 

Pipeline ran okay.
Likelihood mass_function_like_m_n = -4905.219387426972
Posterior = -4898.5400834894235 for parameter set #75: [0.29999277834341814, 0.801275752325801, -0.9995]
Running module mass_function_like
Model N: 2854049.2795442515
Done mass_function_like status = 0 

Pipeline ran okay.
Likelihood mass_function_like_m_n = -5520.717113994062
Posterior = -5514.037889926946 for parameter set #75: [0.30012659478238196, 0.8001219844093026, -0.9995]
Running module mass_function_like
Model N: 2863742.574517377
Done mass_function_like status = 0 

Pipeline ran okay.
Likelihood mass_function_like_m_n = -4929.509775273502
Posterior = -4922.830506728702 for parameter set #75: [0.30008444348467667, 0.8011408015985664, -0.9995]
Running module mass_function_like
Model N: 2932566.7589821834
Done mass_function_like status = 0 

Pipeline ran okay.
Likelihood mass_function_like_m_n = -1717.6746603101492
Posterior = -1711.1091833768958 for parameter set #76: [0.3047713156478429, 0.8032746140175261, -0.9995]
Model N: 2864807.8613381716
Done mass_function_like status = 0 

Pipeline ran okay.
Likelihood mass_function_like_m_n = -4866.660240881145
Posterior = -4859.982369929012 for parameter set #76: [0.300535396334942, 0.8007881625215066, -0.9995]
Model N: 2871084.519953218
Done mass_function_like status = 0 

Pipeline ran okay.
Likelihood mass_function_like_m_n = -4504.857001699507
Posterior = -4498.187572785802 for parameter set #76: [0.3014053671836853, 0.8005342480264466, -0.9995]
Model N: 2861287.8901384887
Done mass_function_like status = 0 

Pipeline ran okay.
Likelihood mass_function_like_m_n = -5075.929057240486
Posterior = -5069.250286196563 for parameter set #76: [0.3003265438370151, 0.8006468326517912, -0.9995]
Running module mass_function_like
Running module mass_function_like
Running module mass_function_like
Running module mass_function_like
Model N: 2824954.6314939843
Done mass_function_like status = 0 

Pipeline ran okay.
Likelihood mass_function_like_m_n = -7506.320020392537
Posterior = -7499.653935064221 for parameter set #77: [0.29837403136602647, 0.798993655026188, -0.9995]
Running module mass_function_like
Model N: 2862006.5342383874
Done mass_function_like status = 0 

Pipeline ran okay.
Likelihood mass_function_like_m_n = -5032.831764534116
Posterior = -5026.153053873683 for parameter set #77: [0.29965546034258284, 0.8014233373392691, -0.9995]
Running module mass_function_like
Model N: 2857196.9993993994
Done mass_function_like status = 0 

Pipeline ran okay.
Likelihood mass_function_like_m_n = -5324.908647663891
Posterior = -5318.234595701579 for parameter set #77: [0.3010249132643768, 0.799525709602524, -0.9995]
Running module mass_function_like
Model N: 2873237.191010458
Done mass_function_like status = 0 

Pipeline ran okay.
Likelihood mass_function_like_m_n = -4384.113094396889
Posterior = -4377.434266911598 for parameter set #77: [0.30030877597675015, 0.8018677540600021, -0.9995]
Running module mass_function_like
Model N: 2856339.3410444753
Done mass_function_like status = 0 

Pipeline ran okay.
Likelihood mass_function_like_m_n = -5377.895295716822
Posterior = -5371.2160877034175 for parameter set #78: [0.3001386974445849, 0.8003399498437396, -0.9995]
Running module mass_function_like
Model N: 2862260.7232098654
Done mass_function_like status = 0 

Pipeline ran okay.
Likelihood mass_function_like_m_n = -5017.633770078421
Posterior = -5010.955726349868 for parameter set #78: [0.3005020895851951, 0.8005658033210437, -0.9995]
Running module mass_function_like
Model N: 2825432.688462385
Done mass_function_like status = 0 

Pipeline ran okay.
Likelihood mass_function_like_m_n = -7471.11250641942
Posterior = -7464.434105277264 for parameter set #78: [0.30042498380075094, 0.7969442727278115, -0.9995]
Running module mass_function_like
Model N: 2862237.6196122398
Done mass_function_like status = 0 

Pipeline ran okay.
Likelihood mass_function_like_m_n = -5019.014149025083
Posterior = -5012.335035159613 for parameter set #78: [0.3001951065555956, 0.8008761852309766, -0.9995]
Running module mass_function_like
Model N: 2934629.77812094
Done mass_function_like status = 0 

Pipeline ran okay.
Likelihood mass_function_like_m_n = -1647.5879062786698
Posterior = -1641.1665187742474 for parameter set #79: [0.30718215418781514, 0.8010454020305705, -0.9995]
Running module mass_function_like
Model N: 2854124.4183697663
Done mass_function_like status = 0 

Pipeline ran okay.
Likelihood mass_function_like_m_n = -5516.000041246414
Posterior = -5509.320743451822 for parameter set #79: [0.299964212522518, 0.8002947711060557, -0.9995]
Running module mass_function_like
Model N: 2860757.830244817
Done mass_function_like status = 0 

Pipeline ran okay.
Likelihood mass_function_like_m_n = -5107.8395099416375
Posterior = -5101.160381712131 for parameter set #79: [0.3001876000021845, 0.8007348749322966, -0.9995]
Running module mass_function_like
Model N: 2896934.2206079103
Done mass_function_like status = 0 

Pipeline ran okay.
Likelihood mass_function_like_m_n = -3166.915826126933
Posterior = -3160.238232441327 for parameter set #79: [0.3005848953246956, 0.8039731142054511, -0.9995]
Running module mass_function_like
Model N: 2870857.4282621983
Done mass_function_like status = 0 

Pipeline ran okay.
Likelihood mass_function_like_m_n = -4517.694023422897
Posterior = -4511.016291684963 for parameter set #80: [0.30056079593021223, 0.8013709368446632, -0.9995]
Model N: 2862637.1579863285
Done mass_function_like status = 0 

Pipeline ran okay.
Likelihood mass_function_like_m_n = -4995.170626670122
Posterior = -4988.491562692203 for parameter set #80: [0.3002191895940845, 0.8008919127646174, -0.9995]
Model N: 2933077.565901777
Done mass_function_like status = 0 

Pipeline ran okay.
Likelihood mass_function_like_m_n = -1700.1813196763396
Posterior = -1693.5243496175776 for parameter set #80: [0.30211348714442426, 0.8060435587476158, -0.9995]
Model N: 2913606.8345906697
Done mass_function_like status = 0 

Pipeline ran okay.
Likelihood mass_function_like_m_n = -2432.363049417734
Posterior = -2425.6882984658414 for parameter set #80: [0.30095427945776354, 0.8052746987125441, -0.9995]
Running module mass_function_like
Running module mass_function_like
Running module mass_function_like
Running module mass_function_like
Model N: 2860273.1618684526
Done mass_function_like status = 0 

Pipeline ran okay.
Likelihood mass_function_like_m_n = -5137.108460433781
Posterior = -5130.4299202636985 for parameter set #81: [0.2996090963730419, 0.8012961441743517, -0.9995]
Running module mass_function_like
Model N: 2868866.730700148
Done mass_function_like status = 0 

Pipeline ran okay.
Likelihood mass_function_like_m_n = -4631.036778524518
Posterior = -4624.358186168994 for parameter set #81: [0.30037731758120767, 0.8013578963185499, -0.9995]
Running module mass_function_like
Model N: 2856319.274555258
Done mass_function_like status = 0 

Pipeline ran okay.
Likelihood mass_function_like_m_n = -5379.138288907707
Posterior = -5372.486769370637 for parameter set #81: [0.30235731462648185, 0.798092138729209, -0.9995]
Running module mass_function_like
Model N: 2858102.765953699
Done mass_function_like status = 0 

Pipeline ran okay.
Likelihood mass_function_like_m_n = -5269.246580518782
Posterior = -5262.570129198723 for parameter set #81: [0.3007553645810508, 0.7998903279475527, -0.9995]
Running module mass_function_like
Model N: 2902303.9061355945
Done mass_function_like status = 0 

Pipeline ran okay.
Likelihood mass_function_like_m_n = -2919.428203769028
Posterior = -2912.749596059695 for parameter set #82: [0.3003732261986491, 0.8047329784418322, -0.9995]
Running module mass_function_like
Model N: 2856277.6911614947
Done mass_function_like status = 0 

Pipeline ran okay.
Likelihood mass_function_like_m_n = -5381.714595988393
Posterior = -5375.03595931478 for parameter set #82: [0.3003653832774809, 0.8001030666333402, -0.9995]
Running module mass_function_like
Model N: 2859474.2198838107
Done mass_function_like status = 0 

Pipeline ran okay.
Likelihood mass_function_like_m_n = -5185.546409651637
Posterior = -5178.8679667303495 for parameter set #82: [0.30041503663036917, 0.8003740961053756, -0.9995]
Running module mass_function_like
Model N: 2878865.8918231
Done mass_function_like status = 0 

Pipeline ran okay.
Likelihood mass_function_like_m_n = -4076.437642790377
Posterior = -4069.7593146411696 for parameter set #82: [0.3004418255543547, 0.8022989030078814, -0.9995]
Running module mass_function_like
Model N: 2841932.244421088
Done mass_function_like status = 0 

Pipeline ran okay.
Likelihood mass_function_like_m_n = -6308.985620215535
Posterior = -6302.308231622305 for parameter set #83: [0.2993810322979869, 0.7996801574409858, -0.9995]
Running module mass_function_like
Model N: 2855659.6079444927
Done mass_function_like status = 0 

Pipeline ran okay.
Likelihood mass_function_like_m_n = -5420.083866491914
Posterior = -5413.404562891703 for parameter set #83: [0.3000109370825669, 0.8004017259976405, -0.9995]
Running module mass_function_like
Model N: 2863379.5600707703
Done mass_function_like status = 0 

Pipeline ran okay.
Likelihood mass_function_like_m_n = -4951.022684261203
Posterior = -4944.345188032297 for parameter set #83: [0.3006013267671378, 0.8005773566107707, -0.9995]
Running module mass_function_like
Model N: 2879276.26544046
Done mass_function_like status = 0 

Pipeline ran okay.
Likelihood mass_function_like_m_n = -4054.459901995957
Posterior = -4047.7821334359596 for parameter set #83: [0.30055419099830893, 0.8022252947241882, -0.9995]
Running module mass_function_like
Model N: 2981033.228483108
Done mass_function_like status = 0 

Pipeline ran okay.
Likelihood mass_function_like_m_n = -463.2486653253436
Posterior = -456.5693664797556 for parameter set #84: [0.300032719175478, 0.8130664809305972, -0.9995]
Model N: 2907203.124787851
Done mass_function_like status = 0 

Pipeline ran okay.
Likelihood mass_function_like_m_n = -2702.6835523992777
Posterior = -2696.055069545163 for parameter set #84: [0.3031881450467519, 0.8023453052609717, -0.9995]
Model N: 2922383.813516026
Done mass_function_like status = 0 

Pipeline ran okay.
Likelihood mass_function_like_m_n = -2085.6508828625083
Posterior = -2079.306090530774 for parameter set #84: [0.308179387098992, 0.798834954973614, -0.9995]
Model N: 2832216.639139687
Done mass_function_like status = 0 

Pipeline ran okay.
Likelihood mass_function_like_m_n = -6980.8396729156375
Posterior = -6974.160391932374 for parameter set #84: [0.30006813963201473, 0.7979857935802476, -0.9995]
Running module mass_function_like
Running module mass_function_like
Running module mass_function_like
Running module mass_function_like
Model N: 2850488.550539932
Done mass_function_like status = 0 

Pipeline ran okay.
Likelihood mass_function_like_m_n = -5746.665363743901
Posterior = -5739.994351705097 for parameter set #85: [0.3012878011885066, 0.7985867080130966, -0.9995]
Running module mass_function_like
Model N: 2789478.346754112
Done mass_function_like status = 0 

Pipeline ran okay.
Likelihood mass_function_like_m_n = -10363.474662974477
Posterior = -10356.923618046452 for parameter set #85: [0.2949352340570333, 0.7989129584766519, -0.9995]
Running module mass_function_like
Model N: 2874075.8714322033
Done mass_function_like status = 0 

Pipeline ran okay.
Likelihood mass_function_like_m_n = -4337.532314889133
Posterior = -4330.867101388923 for parameter set #85: [0.3016787315509387, 0.8005568290976951, -0.9995]
Running module mass_function_like
Model N: 2858405.6222961275
Done mass_function_like status = 0 

Pipeline ran okay.
Likelihood mass_function_like_m_n = -5250.70312063396
Posterior = -5244.023821393571 for parameter set #85: [0.29996851056940343, 0.8007214982217737, -0.9995]
Running module mass_function_like
Model N: 2866846.999306939
Done mass_function_like status = 0 

Pipeline ran okay.
Likelihood mass_function_like_m_n = -4747.525220222771
Posterior = -4740.8461960568175 for parameter set #86: [0.29976334313602665, 0.8017816727255357, -0.9995]
Running module mass_function_like
Model N: 2853662.7142519522
Done mass_function_like status = 0 

Pipeline ran okay.
Likelihood mass_function_like_m_n = -5545.018182210624
Posterior = -5538.338920824936 for parameter set #86: [0.30009253391026836, 0.8001175265899153, -0.9995]
Running module mass_function_like
Model N: 2904193.3198497235
Done mass_function_like status = 0 

Pipeline ran okay.
Likelihood mass_function_like_m_n = -2834.8169898986816
Posterior = -2828.16525129527 for parameter set #86: [0.3023480031898912, 0.8028989295180055, -0.9995]
Running module mass_function_like
Model N: 2871431.9012200497
Done mass_function_like status = 0 

Pipeline ran okay.
Likelihood mass_function_like_m_n = -4485.256975725293
Posterior = -4478.577790679401 for parameter set #86: [0.3001543712524607, 0.8018438955538273, -0.9995]
Running module mass_function_like
Model N: 2872509.365855619
Done mass_function_like status = 0 

Pipeline ran okay.
Likelihood mass_function_like_m_n = -4424.746362477541
Posterior = -4418.092366659085 for parameter set #87: [0.2977501831250496, 0.8044460831983682, -0.9995]
Running module mass_function_like
Model N: 2854306.2883512215
Done mass_function_like status = 0 

Pipeline ran okay.
Likelihood mass_function_like_m_n = -5504.59129153192
Posterior = -5497.911996099519 for parameter set #87: [0.3000418710129957, 0.8002339331816901, -0.9995]
Running module mass_function_like
Model N: 2857387.2159170797
Done mass_function_like status = 0 

Pipeline ran okay.
Likelihood mass_function_like_m_n = -5313.193993061781
Posterior = -5306.516307556554 for parameter set #87: [0.3005689803306901, 0.8000077325806888, -0.9995]
Running module mass_function_like
Model N: 2860757.620933553
Done mass_function_like status = 0 

Pipeline ran okay.
Likelihood mass_function_like_m_n = -5107.852131381631
Posterior = -5101.173004185541 for parameter set #87: [0.3001881500571476, 0.8007342468971455, -0.9995]
Running module mass_function_like
Model N: 2869979.6595674166
Done mass_function_like status = 0 

Pipeline ran okay.
Likelihood mass_function_like_m_n = -4567.490953274071
Posterior = -4560.813656577585 for parameter set #88: [0.30063364056438435, 0.8012083069197248, -0.9995]
Model N: 2868434.6990192053
Done mass_function_like status = 0 

Pipeline ran okay.
Likelihood mass_function_like_m_n = -4655.827827602625
Posterior = -4649.1489610494455 for parameter set #88: [0.30029585304835477, 0.8013972978814359, -0.9995]
Model N: 3055216.0069115176
Done mass_function_like status = 0 

Pipeline ran okay.
Likelihood mass_function_like_m_n = -87.45630014687777
Posterior = -80.92084620410795 for parameter set #88: [0.3053637720969552, 0.8149779691025848, -0.9995]
Model N: 2890415.815021068
Done mass_function_like status = 0 

Pipeline ran okay.
Likelihood mass_function_like_m_n = -3481.355561554432
Posterior = -3474.6913432910396 for parameter set #88: [0.3017370051766119, 0.8021383023601453, -0.9995]
Running module mass_function_like
Running module mass_function_like
Running module mass_function_like
Running module mass_function_like
Model N: 2900840.1563343597
Done mass_function_like status = 0 

Pipeline ran okay.
Likelihood mass_function_like_m_n = -2985.8610870316625
Posterior = -2979.2882900144987 for parameter set #89: [0.3046153478990483, 0.8002648208362013, -0.9995]
Running module mass_function_like
Model N: 2853064.792108111
Done mass_function_like status = 0 

Pipeline ran okay.
Likelihood mass_function_like_m_n = -5582.715638071299
Posterior = -5576.061407872542 for parameter set #89: [0.30223937489285296, 0.7978851899201508, -0.9995]
Running module mass_function_like
Model N: 2867181.9184608646
Done mass_function_like status = 0 

Pipeline ran okay.
Likelihood mass_function_like_m_n = -4728.104616373777
Posterior = -4721.426111946766 for parameter set #89: [0.30039994282052507, 0.8011651751864761, -0.9995]
Running module mass_function_like
Model N: 2856239.074157422
Done mass_function_like status = 0 

Pipeline ran okay.
Likelihood mass_function_like_m_n = -5384.107695601881
Posterior = -5377.432819299221 for parameter set #89: [0.3009410521399658, 0.7995146627825522, -0.9995]
Running module mass_function_like
Model N: 2888144.3180597317
Done mass_function_like status = 0 

Pipeline ran okay.
Likelihood mass_function_like_m_n = -3594.5507521256804
Posterior = -3587.8734254320793 for parameter set #90: [0.3006288886561094, 0.8030420645880372, -0.9995]
Running module mass_function_like
Model N: 2862774.2474852735
Done mass_function_like status = 0 

Pipeline ran okay.
Likelihood mass_function_like_m_n = -4987.003059782088
Posterior = -4980.323862752296 for parameter set #90: [0.2998535974603117, 0.8012786468591285, -0.9995]
Running module mass_function_like
Model N: 2863280.999052877
Done mass_function_like status = 0 

Pipeline ran okay.
Likelihood mass_function_like_m_n = -4956.872007660568
Posterior = -4950.194566900076 for parameter set #90: [0.3006104814196374, 0.8005581049498964, -0.9995]
Running module mass_function_like
Model N: 2896329.734882676
Done mass_function_like status = 0 

Pipeline ran okay.
Likelihood mass_function_like_m_n = -3195.4283540844917
Posterior = -3188.752169014307 for parameter set #90: [0.300789826325896, 0.8037019363843574, -0.9995]
Running module mass_function_like
Model N: 2857704.463509176
Done mass_function_like status = 0 

Pipeline ran okay.
Likelihood mass_function_like_m_n = -5293.68592017889
Posterior = -5287.006639516226 for parameter set #91: [0.3000686085203579, 0.8005489036250798, -0.9995]
Running module mass_function_like
Model N: 2930494.100198118
Done mass_function_like status = 0 

Pipeline ran okay.
Likelihood mass_function_like_m_n = -1789.6005800142884
Posterior = -1783.028894232207 for parameter set #91: [0.30463936237491374, 0.8032014746667122, -0.9995]
Running module mass_function_like
Model N: 2917628.83955707
Done mass_function_like status = 0 

Pipeline ran okay.
Likelihood mass_function_like_m_n = -2270.0772675946355
Posterior = -2263.4465630363725 for parameter set #91: [0.303117679908115, 0.8034621294937883, -0.9995]
Running module mass_function_like
Model N: 2867153.2257021246
Done mass_function_like status = 0 

Pipeline ran okay.
Likelihood mass_function_like_m_n = -4729.766771972179
Posterior = -4723.09017921636 for parameter set #91: [0.3007364024024045, 0.8008193719780816, -0.9995]
Running module mass_function_like
Model N: 2918363.8212865945
Done mass_function_like status = 0 

Pipeline ran okay.
Likelihood mass_function_like_m_n = -2241.044524438679
Posterior = -2234.5272996102776 for parameter set #92: [0.3056934940047153, 0.8009250553260564, -0.9995]
Model N: 2869302.7108600885
Done mass_function_like status = 0 

Pipeline ran okay.
Likelihood mass_function_like_m_n = -4606.088890962303
Posterior = -4599.411023552304 for parameter set #92: [0.3005360575176778, 0.8012396267241976, -0.9995]
Model N: 3184196.784568741
Done mass_function_like status = 0 

Pipeline ran okay.
Likelihood mass_function_like_m_n = -3643.5767592415214
Posterior = -3637.2891580361393 for parameter set #92: [0.30885102245989565, 0.8243228698775893, -0.9995]
Model N: 2881285.750273515
Done mass_function_like status = 0 

Pipeline ran okay.
Likelihood mass_function_like_m_n = -3947.730308480561
Posterior = -3941.0515639377886 for parameter set #92: [0.30033456106702655, 0.8026525252932336, -0.9995]
Running module mass_function_like
Running module mass_function_like
Running module mass_function_like
Running module mass_function_like
Model N: 2836549.835020322
Done mass_function_like status = 0 

Pipeline ran okay.
Likelihood mass_function_like_m_n = -6676.7950921580195
Posterior = -6670.160305183044 for parameter set #93: [0.2970161359503155, 0.8015558648340042, -0.9995]
Running module mass_function_like
Model N: 2831133.4097412736
Done mass_function_like status = 0 

Pipeline ran okay.
Likelihood mass_function_like_m_n = -7057.954417094588
Posterior = -7051.33288118261 for parameter set #93: [0.29660093288291756, 0.8014333042455649, -0.9995]
Running module mass_function_like
Model N: 2860361.612755492
Done mass_function_like status = 0 

Pipeline ran okay.
Likelihood mass_function_like_m_n = -5131.760446950793
Posterior = -5125.081888225835 for parameter set #93: [0.3003861277903674, 0.8004928837230578, -0.9995]
Running module mass_function_like
Model N: 2862609.1953165582
Done mass_function_like status = 0 

Pipeline ran okay.
Likelihood mass_function_like_m_n = -4996.837450705469
Posterior = -4990.1585341544815 for parameter set #93: [0.30027844113325997, 0.8008284972572697, -0.9995]
Running module mass_function_like
Model N: 2908658.9650134165
Done mass_function_like status = 0 

Pipeline ran okay.
Likelihood mass_function_like_m_n = -2639.9377446323633
Posterior = -2633.2590426926754 for parameter set #94: [0.3003470615572056, 0.8054016430374553, -0.9995]
Running module mass_function_like
Model N: 2862208.492291279
Done mass_function_like status = 0 

Pipeline ran okay.
Likelihood mass_function_like_m_n = -5020.754711158574
Posterior = -5014.075863770523 for parameter set #94: [0.3003022615620245, 0.8007640373684549, -0.9995]
Running module mass_function_like
Model N: 2848475.5306290877
Done mass_function_like status = 0 

Pipeline ran okay.
Likelihood mass_function_like_m_n = -5876.496313080192
Posterior = -5869.817088007148 for parameter set #94: [0.29987420233181794, 0.7998174956881664, -0.9995]
Running module mass_function_like
Model N: 2854234.9704310573
Done mass_function_like status = 0 

Pipeline ran okay.
Likelihood mass_function_like_m_n = -5509.063614808023
Posterior = -5502.384949630398 for parameter set #94: [0.30035749704499953, 0.7999057021283671, -0.9995]
Running module mass_function_like
Model N: 2839016.8310262454
Done mass_function_like status = 0 

Pipeline ran okay.
Likelihood mass_function_like_m_n = -6506.858547203243
Posterior = -6500.187643356369 for parameter set #95: [0.2987038247466515, 0.8000767105029593, -0.9995]
Running module mass_function_like
Model N: 2847274.1014315654
Done mass_function_like status = 0 

Pipeline ran okay.
Likelihood mass_function_like_m_n = -5954.7049572989345
Posterior = -5948.026544895487 for parameter set #95: [0.299577674328866, 0.8000179762366625, -0.9995]
Running module mass_function_like
Model N: 2876758.1737120044
Done mass_function_like status = 0 

Pipeline ran okay.
Likelihood mass_function_like_m_n = -4190.289029076695
Posterior = -4183.609762439099 for parameter set #95: [0.29991332738249427, 0.8026274242115617, -0.9995]
Running module mass_function_like
Model N: 2854382.935174694
Done mass_function_like status = 0 

Pipeline ran okay.
Likelihood mass_function_like_m_n = -5499.786905691028
Posterior = -5493.107671444504 for parameter set #95: [0.30011828084139397, 0.8001638629826506, -0.9995]
Running module mass_function_like
Model N: 2871078.5289943386
Done mass_function_like status = 0 

Pipeline ran okay.
Likelihood mass_function_like_m_n = -4505.195414431393
Posterior = -4498.518955019082 for parameter set #96: [0.30075429251604585, 0.8011960516946207, -0.9995]
Model N: 2860895.3639586447
Done mass_function_like status = 0 

Pipeline ran okay.
Likelihood mass_function_like_m_n = -5099.549757629633
Posterior = -5092.870855919165 for parameter set #96: [0.30028372093395694, 0.8006507357833195, -0.9995]
Model N: 2909080.6295633027
Done mass_function_like status = 0 

Pipeline ran okay.
Likelihood mass_function_like_m_n = -2621.906218163669
Posterior = -2615.3592313752947 for parameter set #96: [0.29485573309526103, 0.8112102345558871, -0.9995]
Model N: 2868624.5915624825
Done mass_function_like status = 0 

Pipeline ran okay.
Likelihood mass_function_like_m_n = -4644.922848396003
Posterior = -4638.243808649582 for parameter set #96: [0.3002299790814427, 0.8014837133340639, -0.9995]
Running module mass_function_like
Running module mass_function_like
Running module mass_function_like
Running module mass_function_like
Model N: 2874319.467118895
Done mass_function_like status = 0 

Pipeline ran okay.
Likelihood mass_function_like_m_n = -4324.051286041737
Posterior = -4317.373186394758 for parameter set #97: [0.3004908261058534, 0.8017907364517591, -0.9995]
Running module mass_function_like
Model N: 2894222.9095983705
Done mass_function_like status = 0 

Pipeline ran okay.
Likelihood mass_function_like_m_n = -3295.8366942852736
Posterior = -3289.159981234721 for parameter set #97: [0.3007198816232419, 0.8035614385776344, -0.9995]
Running module mass_function_like
Model N: 2911445.752669136
Done mass_function_like status = 0 

Pipeline ran okay.
Likelihood mass_function_like_m_n = -2521.9477829635143
Posterior = -2515.4360504852975 for parameter set #97: [0.305789157453265, 0.8001403590852221, -0.9995]
Running module mass_function_like
Model N: 2856616.812710944
Done mass_function_like status = 0 

Pipeline ran okay.
Likelihood mass_function_like_m_n = -5360.7230116426945
Posterior = -5354.058760913981 for parameter set #97: [0.3017351351300201, 0.7987491555962909, -0.9995]
Running module mass_function_like
Model N: 2912899.5520103164
Done mass_function_like status = 0 

Pipeline ran okay.
Likelihood mass_function_like_m_n = -2461.498670682311
Posterior = -2454.82001863939 for parameter set #98: [0.30036115243018763, 0.8058155066416999, -0.9995]
Running module mass_function_like
Model N: 2865207.7328669354
Done mass_function_like status = 0 

Pipeline ran okay.
Likelihood mass_function_like_m_n = -4843.177000284195
Posterior = -4836.4991971479885 for parameter set #98: [0.3005479164359172, 0.8008155736272835, -0.9995]
Running module mass_function_like
Model N: 2857811.844114988
Done mass_function_like status = 0 

Pipeline ran okay.
Likelihood mass_function_like_m_n = -5287.091379649937
Posterior = -5280.41208216761 for parameter set #98: [0.2999633503536619, 0.8006669471460621, -0.9995]
Running module mass_function_like
Model N: 2860772.362484588
Done mass_function_like status = 0 

Pipeline ran okay.
Likelihood mass_function_like_m_n = -5106.963257700205
Posterior = -5100.283955506755 for parameter set #98: [0.29997997571414725, 0.8009481434366159, -0.9995]
Running module mass_function_like
Model N: 2851476.8035477814
Done mass_function_like status = 0 

Pipeline ran okay.
Likelihood mass_function_like_m_n = -5683.48113874346
Posterior = -5676.801974647513 for parameter set #99: [0.30016739316780744, 0.7998216095601084, -0.9995]
Running module mass_function_like
Model N: 2867334.5913088936
Done mass_function_like status = 0 

Pipeline ran okay.
Likelihood mass_function_like_m_n = -4719.265471182764
Posterior = -4712.595874673045 for parameter set #99: [0.301393390727044, 0.8001696475700066, -0.9995]
Running module mass_function_like
Model N: 2863065.885128646
Done mass_function_like status = 0 

Pipeline ran okay.
Likelihood mass_function_like_m_n = -4969.650906011462
Posterior = -4962.971950067977 for parameter set #99: [0.3002639146924829, 0.8008894564227277, -0.9995]
Running module mass_function_like
Model N: 2916757.617801353
Done mass_function_like status = 0 

Pipeline ran okay.
Likelihood mass_function_like_m_n = -2304.7409937232733
Posterior = -2298.1089207380483 for parameter set #99: [0.30307347403064944, 0.8034197657967381, -0.9995]
Running module mass_function_like
Model N: 3147484.022675559
Done mass_function_like status = 0 

Pipeline ran okay.
Likelihood mass_function_like_m_n = -2106.5099874958396
Posterior = -2100.1371676535655 for parameter set #100: [0.3078292318401759, 0.8216962280482215, -0.9995]
Model N: 2908045.6156966654
Done mass_function_like status = 0 

Pipeline ran okay.
Likelihood mass_function_like_m_n = -2666.2800412252545
Posterior = -2659.605292392598 for parameter set #100: [0.30095450150903963, 0.8047137322616392, -0.9995]
Model N: 2925984.2002167273
Done mass_function_like status = 0 

Pipeline ran okay.
Likelihood mass_function_like_m_n = -1951.3499174714088
Posterior = -1944.7653215103157 for parameter set #100: [0.30435220029909016, 0.8030423058387032, -0.9995]
Model N: 2868954.203139386
Done mass_function_like status = 0 

Pipeline ran okay.
Likelihood mass_function_like_m_n = -4626.025767475367
Posterior = -4619.346851762863 for parameter set #100: [0.3002787421051836, 0.8014670898680871, -0.9995]
Running module mass_function_like
Running module mass_function_like
Running module mass_function_like
Running module mass_function_like
Model N: 2853737.8220283575
Done mass_function_like status = 0 

Pipeline ran okay.
Likelihood mass_function_like_m_n = -5540.2922453433275
Posterior = -5533.6153729843 for parameter set #101: [0.2993025992138544, 0.8009503532984144, -0.9995]
Running module mass_function_like
Model N: 2880811.2245228584
Done mass_function_like status = 0 

Pipeline ran okay.
Likelihood mass_function_like_m_n = -3972.800612002611
Posterior = -3966.1406614044954 for parameter set #101: [0.3019674145569455, 0.8009397485790393, -0.9995]
Running module mass_function_like
Model N: 2889387.786205918
Done mass_function_like status = 0 

Pipeline ran okay.
Likelihood mass_function_like_m_n = -3532.352941721678
Posterior = -3525.674655618119 for parameter set #101: [0.29954875843476414, 0.8042972611606933, -0.9995]
Running module mass_function_like
Model N: 2858580.948014121
Done mass_function_like status = 0 

Pipeline ran okay.
Likelihood mass_function_like_m_n = -5239.98374080658
Posterior = -5233.307877984007 for parameter set #101: [0.3008296234974184, 0.7998629688761476, -0.9995]
Running module mass_function_like
Model N: 2831224.0164980376
Done mass_function_like status = 0 

Pipeline ran okay.
Likelihood mass_function_like_m_n = -7051.487138792872
Posterior = -7044.817395444209 for parameter set #102: [0.29861718767386536, 0.7993787042262207, -0.9995]
Running module mass_function_like
Model N: 2859971.449243873
Done mass_function_like status = 0 

Pipeline ran okay.
Likelihood mass_function_like_m_n = -5155.3727600649
Posterior = -5148.696837381616 for parameter set #102: [0.3008223764376731, 0.8000099727387192, -0.9995]
Running module mass_function_like
Model N: 2878942.588664202
Done mass_function_like status = 0 

Pipeline ran okay.
Likelihood mass_function_like_m_n = -4072.325426861644
Posterior = -4065.646384708104 for parameter set #102: [0.2997710699798974, 0.8029939079773941, -0.9995]
Running module mass_function_like
Model N: 2864100.1446949695
Done mass_function_like status = 0 

Pipeline ran okay.
Likelihood mass_function_like_m_n = -4908.367153286934
Posterior = -4901.68843742257 for parameter set #102: [0.30034302593087414, 0.8009130290201556, -0.9995]
Running module mass_function_like
Model N: 2870901.3330736673
Done mass_function_like status = 0 

Pipeline ran okay.
Likelihood mass_function_like_m_n = -4515.210695691407
Posterior = -4508.531844014626 for parameter set #103: [0.3003008393356057, 0.8016406850952942, -0.9995]
Running module mass_function_like
Model N: 2867693.487707613
Done mass_function_like status = 0 

Pipeline ran okay.
Likelihood mass_function_like_m_n = -4698.520676985383
Posterior = -4691.842621929438 for parameter set #103: [0.2995001715564932, 0.8021561931327242, -0.9995]
Running module mass_function_like
Model N: 2868844.4866498117
Done mass_function_like status = 0 

Pipeline ran okay.
Likelihood mass_function_like_m_n = -4632.31151740253
Posterior = -4625.634046063427 for parameter set #103: [0.3006054517665319, 0.8011228246309422, -0.9995]
Running module mass_function_like
Model N: 2858211.927422728
Done mass_function_like status = 0 

Pipeline ran okay.
Likelihood mass_function_like_m_n = -5262.558854907751
Posterior = -5255.880043453462 for parameter set #103: [0.29968607516131257, 0.8010096075724724, -0.9995]
Running module mass_function_like
Model N: 2766896.4626643476
Done mass_function_like status = 0 

Pipeline ran okay.
Likelihood mass_function_like_m_n = -12436.919918239117
Posterior = -12430.263827955154 for parameter set #104: [0.29784528821663053, 0.7936777899764376, -0.9995]
Model N: 2876941.095538345
Done mass_function_like status = 0 

Pipeline ran okay.
Likelihood mass_function_like_m_n = -4180.343756839633
Posterior = -4173.667382379608 for parameter set #104: [0.30076547217917476, 0.8017744752959787, -0.9995]
Model N: 2948658.9427090418
Done mass_function_like status = 0 

Pipeline ran okay.
Likelihood mass_function_like_m_n = -1210.6263243108988
Posterior = -1204.3220543546647 for parameter set #104: [0.3086606494222574, 0.8009550896675349, -0.9995]
Model N: 2941160.2689059284
Done mass_function_like status = 0 

Pipeline ran okay.
Likelihood mass_function_like_m_n = -1435.601166807115
Posterior = -1428.9220717836054 for parameter set #104: [0.3002045359628259, 0.808837419847146, -0.9995]
Running module mass_function_like
Running module mass_function_like
Running module mass_function_like
Running module mass_function_like
Model N: 2820525.068675267
Done mass_function_like status = 0 

Pipeline ran okay.
Likelihood mass_function_like_m_n = -7836.679693952203
Posterior = -7830.025443748831 for parameter set #105: [0.2977615185978753, 0.7991706749711486, -0.9995]
Running module mass_function_like
Model N: 2881633.654690407
Done mass_function_like status = 0 

Pipeline ran okay.
Likelihood mass_function_like_m_n = -3929.401978865266
Posterior = -3922.743554140791 for parameter set #105: [0.30204350061585455, 0.8009447603065794, -0.9995]
Running module mass_function_like
Model N: 2872848.4871955123
Done mass_function_like status = 0 

Pipeline ran okay.
Likelihood mass_function_like_m_n = -4405.789559260011
Posterior = -4399.110631938813 for parameter set #105: [0.299725454152387, 0.8024455296180623, -0.9995]
Running module mass_function_like
Model N: 2889872.8628640496
Done mass_function_like status = 0 

Pipeline ran okay.
Likelihood mass_function_like_m_n = -3508.241936609149
Posterior = -3501.563594287032 for parameter set #105: [0.3004386060175598, 0.8034115268982489, -0.9995]
Running module mass_function_like
Model N: 2870047.777880636
Done mass_function_like status = 0 

Pipeline ran okay.
Likelihood mass_function_like_m_n = -4563.61636223644
Posterior = -4556.942464004433 for parameter set #106: [0.2989601955662117, 0.8029483867448737, -0.9995]
Running module mass_function_like
Model N: 2868375.60828627
Done mass_function_like status = 0 

Pipeline ran okay.
Likelihood mass_function_like_m_n = -4659.223949231207
Posterior = -4652.544645343405 for parameter set #106: [0.2999921195476819, 0.8017017833172139, -0.9995]
Running module mass_function_like
Model N: 2828245.9628143734
Done mass_function_like status = 0 

Pipeline ran okay.
Likelihood mass_function_like_m_n = -7265.6811254397035
Posterior = -7259.005054090062 for parameter set #106: [0.29919590440011734, 0.7984897718684518, -0.9995]
Running module mass_function_like
Model N: 2865163.565825527
Done mass_function_like status = 0 

Pipeline ran okay.
Likelihood mass_function_like_m_n = -4845.767893821001
Posterior = -4839.090058634761 for parameter set #106: [0.3005420354361348, 0.800817103564032, -0.9995]
Running module mass_function_like
Model N: 2867783.9923600364
Done mass_function_like status = 0 

Pipeline ran okay.
Likelihood mass_function_like_m_n = -4693.29686267674
Posterior = -4686.62006510483 for parameter set #107: [0.3007080432755711, 0.8009116978032125, -0.9995]
Running module mass_function_like
Model N: 2773939.215392337
Done mass_function_like status = 0 

Pipeline ran okay.
Likelihood mass_function_like_m_n = -11768.735189080238
Posterior = -11762.086971273242 for parameter set #107: [0.30249344706436343, 0.7897429996009638, -0.9995]
Running module mass_function_like
Model N: 2874181.8566202074
Done mass_function_like status = 0 

Pipeline ran okay.
Likelihood mass_function_like_m_n = -4331.664224006236
Posterior = -4324.985269987873 for parameter set #107: [0.29973535686371183, 0.8025697826518731, -0.9995]
Running module mass_function_like
Model N: 2868875.500850701
Done mass_function_like status = 0 

Pipeline ran okay.
Likelihood mass_function_like_m_n = -4630.534237980843
Posterior = -4623.855358020392 for parameter set #107: [0.3002912860652062, 0.8014463246348018, -0.9995]
Running module mass_function_like
Model N: 2892275.9566958416
Done mass_function_like status = 0 

Pipeline ran okay.
Likelihood mass_function_like_m_n = -3390.0546853765845
Posterior = -3383.39246935164 for parameter set #108: [0.30184868457913955, 0.8022111626293122, -0.9995]
Model N: 3049791.2998795053
Done mass_function_like status = 0 

Pipeline ran okay.
Likelihood mass_function_like_m_n = -53.26095152646303
Posterior = -46.70538120432045 for parameter set #108: [0.30497461307375, 0.8148384332771418, -0.9995]
Model N: 2973690.1020766855
Done mass_function_like status = 0 

Pipeline ran okay.
Likelihood mass_function_like_m_n = -601.1181005612016
Posterior = -595.3596786466554 for parameter set #108: [0.313571162689792, 0.7985600066073445, -0.9995]
Model N: 2867558.559743702
Done mass_function_like status = 0 

Pipeline ran okay.
Likelihood mass_function_like_m_n = -4706.3141584172845
Posterior = -4699.6352040120255 for parameter set #108: [0.30026449690018703, 0.8013411507279855, -0.9995]
Running module mass_function_like
Running module mass_function_like
Running module mass_function_like
Running module mass_function_like
Model N: 2920540.470793833
Done mass_function_like status = 0 

Pipeline ran okay.
Likelihood mass_function_like_m_n = -2156.192203067243
Posterior = -2149.8083546820008 for parameter set #109: [0.3076870776380603, 0.7991429610645729, -0.9995]
Running module mass_function_like
Model N: 2726965.2690535537
Done mass_function_like status = 0 

Pipeline ran okay.
Likelihood mass_function_like_m_n = -16599.979546010494
Posterior = -16593.32080625555 for parameter set #109: [0.29797197419319754, 0.7895385459462936, -0.9995]
Running module mass_function_like
Model N: 2902772.6396449427
Done mass_function_like status = 0 

Pipeline ran okay.
Likelihood mass_function_like_m_n = -2898.317672237754
Posterior = -2891.6579986245238 for parameter set #109: [0.3019814431649811, 0.803130332660439, -0.9995]
Running module mass_function_like
Model N: 2921042.4717299147
Done mass_function_like status = 0 

Pipeline ran okay.
Likelihood mass_function_like_m_n = -2136.8618903681636
Posterior = -2130.216051428622 for parameter set #109: [0.3025870933020949, 0.8043468794103639, -0.9995]
Running module mass_function_like
Model N: 2849617.329561934
Done mass_function_like status = 0 

Pipeline ran okay.
Likelihood mass_function_like_m_n = -5802.669490367174
Posterior = -5795.9913143929025 for parameter set #110: [0.2995249791503116, 0.8003078916584586, -0.9995]
Running module mass_function_like
Model N: 2897318.5159564693
Done mass_function_like status = 0 

Pipeline ran okay.
Likelihood mass_function_like_m_n = -3148.857964359224
Posterior = -3142.180014733748 for parameter set #110: [0.3005204945406787, 0.8040781971437279, -0.9995]
Running module mass_function_like
Model N: 2864477.0927561047
Done mass_function_like status = 0 

Pipeline ran okay.
Likelihood mass_function_like_m_n = -4886.129934333265
Posterior = -4879.450895289256 for parameter set #110: [0.30023028430306936, 0.8010657674769792, -0.9995]
Running module mass_function_like
Model N: 2862502.0717568737
Done mass_function_like status = 0 

Pipeline ran okay.
Likelihood mass_function_like_m_n = -5003.225646749139
Posterior = -4996.5469653869595 for parameter set #110: [0.3003529408253596, 0.8007420118247449, -0.9995]
Running module mass_function_like
Model N: 2937877.2866881504
Done mass_function_like status = 0 

Pipeline ran okay.
Likelihood mass_function_like_m_n = -1540.2969033792615
Posterior = -1533.7098633846135 for parameter set #111: [0.30429567698185594, 0.8042899570138722, -0.9995]
Running module mass_function_like
Model N: 2865230.55037847
Done mass_function_like status = 0 

Pipeline ran okay.
Likelihood mass_function_like_m_n = -4841.838779069483
Posterior = -4835.15985054345 for parameter set #111: [0.3002741066499371, 0.8010968109161395, -0.9995]
Running module mass_function_like
Model N: 2846597.113086427
Done mass_function_like status = 0 

Pipeline ran okay.
Likelihood mass_function_like_m_n = -5999.012292049825
Posterior = -5992.333699926422 for parameter set #111: [0.29962262090487907, 0.7999040728114192, -0.9995]
Running module mass_function_like
Model N: 2855165.45611615
Done mass_function_like status = 0 

Pipeline ran okay.
Likelihood mass_function_like_m_n = -5450.861958391964
Posterior = -5444.182749379078 for parameter set #111: [0.3001379749424572, 0.8002225942337622, -0.9995]
Running module mass_function_like
Model N: 2908313.2161120186
Done mass_function_like status = 0 

Pipeline ran okay.
Likelihood mass_function_like_m_n = -2654.77047470212
Posterior = -2648.095799173627 for parameter set #112: [0.30096215069685506, 0.8047330400741, -0.9995]
Model N: 2873543.796074977
Done mass_function_like status = 0 

Pipeline ran okay.
Likelihood mass_function_like_m_n = -4367.054115481675
Posterior = -4360.375166936191 for parameter set #112: [0.3002667031406161, 0.801941657810378, -0.9995]
Model N: 2922833.139598869
Done mass_function_like status = 0 

Pipeline ran okay.
Likelihood mass_function_like_m_n = -2068.6390018612146
Posterior = -2062.050793109444 for parameter set #112: [0.3042683825165871, 0.8028123211796125, -0.9995]
Model N: 3092918.7846829738
Done mass_function_like status = 0 

Pipeline ran okay.
Likelihood mass_function_like_m_n = -587.4716422185302
Posterior = -580.7923718888742 for parameter set #112: [0.30008230267823727, 0.8244587863540505, -0.9995]
Running module mass_function_like
Running module mass_function_like
Running module mass_function_like
Running module mass_function_like
Model N: 2878892.479443798
Done mass_function_like status = 0 

Pipeline ran okay.
Likelihood mass_function_like_m_n = -4075.011863924563
Posterior = -4068.697613097017 for parameter set #113: [0.3085446283800312, 0.7941808081876025, -0.9995]
Running module mass_function_like
Model N: 2940692.113154084
Done mass_function_like status = 0 

Pipeline ran okay.
Likelihood mass_function_like_m_n = -1450.299623042345
Posterior = -1443.6636436077772 for parameter set #113: [0.3029436291798547, 0.8059561093705693, -0.9995]
Running module mass_function_like
Model N: 2880326.4354117187
Done mass_function_like status = 0 

Pipeline ran okay.
Likelihood mass_function_like_m_n = -3998.4981423318386
Posterior = -3991.836990148211 for parameter set #113: [0.30190536162881354, 0.800953979177944, -0.9995]
Running module mass_function_like
Model N: 2859494.782904741
Done mass_function_like status = 0 

Pipeline ran okay.
Likelihood mass_function_like_m_n = -5184.296754427254
Posterior = -5177.618588933914 for parameter set #113: [0.3004772221641062, 0.8003130576888473, -0.9995]
Running module mass_function_like
Model N: 2884591.392530155
Done mass_function_like status = 0 

Pipeline ran okay.
Likelihood mass_function_like_m_n = -3775.366847254336
Posterior = -3768.689168756266 for parameter set #114: [0.3005702105296037, 0.8027443310889946, -0.9995]
Running module mass_function_like
Model N: 2948153.3868303145
Done mass_function_like status = 0 

Pipeline ran okay.
Likelihood mass_function_like_m_n = -1225.1761733293533
Posterior = -1218.5291046379753 for parameter set #114: [0.3025391142917238, 0.807123276718667, -0.9995]
Running module mass_function_like
Model N: 2866529.0219658213
Done mass_function_like status = 0 

Pipeline ran okay.
Likelihood mass_function_like_m_n = -4766.001746818423
Posterior = -4759.322460415123 for parameter set #114: [0.2999403426289099, 0.8015686552144318, -0.9995]
Running module mass_function_like
Model N: 2942920.9929617555
Done mass_function_like status = 0 

Pipeline ran okay.
Likelihood mass_function_like_m_n = -1381.0084273591638
Posterior = -1374.3318122431106 for parameter set #114: [0.3007333597012298, 0.8084652634324181, -0.9995]
Running module mass_function_like
Model N: 2708081.3143028817
Done mass_function_like status = 0 

Pipeline ran okay.
Likelihood mass_function_like_m_n = -18794.11238439381
Posterior = -18787.51199139506 for parameter set #115: [0.2960273132628809, 0.7895731516381065, -0.9995]
Running module mass_function_like
Model N: 2840441.046335933
Done mass_function_like status = 0 

Pipeline ran okay.
Likelihood mass_function_like_m_n = -6409.795967936516
Posterior = -6403.130691656743 for parameter set #115: [0.3016749876738337, 0.7971897818196201, -0.9995]
Running module mass_function_like
Model N: 2793003.964889962
Done mass_function_like status = 0 

Pipeline ran okay.
Likelihood mass_function_like_m_n = -10057.778764262795
Posterior = -10051.169247846414 for parameter set #115: [0.2962640186850393, 0.797912781872796, -0.9995]
Running module mass_function_like
Model N: 2846242.3782024966
Done mass_function_like status = 0 

Pipeline ran okay.
Likelihood mass_function_like_m_n = -6022.2973722592
Posterior = -6015.61853412176 for parameter set #115: [0.2996946933115206, 0.7997949352966448, -0.9995]
Running module mass_function_like
Model N: 3011384.277819292
Done mass_function_like status = 0 

Pipeline ran okay.
Likelihood mass_function_like_m_n = -87.65340010076761
Posterior = -80.99864866707094 for parameter set #116: [0.3022159767423652, 0.8138493039633032, -0.9995]
Model N: 2871314.2318696203
Done mass_function_like status = 0 

Pipeline ran okay.
Likelihood mass_function_like_m_n = -4491.891170442104
Posterior = -4485.21277973988 for parameter set #116: [0.3004274332897069, 0.8015531361487612, -0.9995]
Model N: 2868969.29018518
Done mass_function_like status = 0 

Pipeline ran okay.
Likelihood mass_function_like_m_n = -4625.1617648899555
Posterior = -4618.4827334227575 for parameter set #116: [0.30023355132734764, 0.8015147089491521, -0.9995]
Model N: 2879147.8573201033
Done mass_function_like status = 0 

Pipeline ran okay.
Likelihood mass_function_like_m_n = -4061.330231204629
Posterior = -4054.6839118055104 for parameter set #116: [0.302568454756919, 0.8001636693376906, -0.9995]
Running module mass_function_like
Running module mass_function_like
Running module mass_function_like
Running module mass_function_like
Model N: 2901877.8933574026
Done mass_function_like status = 0 

Pipeline ran okay.
Likelihood mass_function_like_m_n = -2938.6833350136876
Posterior = -2932.0176733549324 for parameter set #117: [0.301651819575793, 0.803377412893161, -0.9995]
Running module mass_function_like
Model N: 2865578.7849218557
Done mass_function_like status = 0 

Pipeline ran okay.
Likelihood mass_function_like_m_n = -4821.439086414874
Posterior = -4814.762069219702 for parameter set #117: [0.3006763140008369, 0.8007221221466537, -0.9995]
Running module mass_function_like
Model N: 2898855.9779427457
Done mass_function_like status = 0 

Pipeline ran okay.
Likelihood mass_function_like_m_n = -3077.1470051929355
Posterior = -3070.4680016369357 for parameter set #117: [0.29975478894374213, 0.805022176500373, -0.9995]
Running module mass_function_like
Model N: 2894056.6291295043
Done mass_function_like status = 0 

Pipeline ran okay.
Likelihood mass_function_like_m_n = -3303.829792559147
Posterior = -3297.1522264028413 for parameter set #117: [0.300589583243386, 0.8036783145599499, -0.9995]
Running module mass_function_like
Model N: 2878972.875947212
Done mass_function_like status = 0 

Pipeline ran okay.
Likelihood mass_function_like_m_n = -4070.7021217793226
Posterior = -4064.023440065842 for parameter set #118: [0.2996471587241698, 0.8031439551810238, -0.9995]
Running module mass_function_like
Model N: 2872970.186017454
Done mass_function_like status = 0 

Pipeline ran okay.
Likelihood mass_function_like_m_n = -4398.9969298020005
Posterior = -4392.318631168693 for parameter set #118: [0.300448456241531, 0.8016982481533481, -0.9995]
Running module mass_function_like
Model N: 2862083.436911386
Done mass_function_like status = 0 

Pipeline ran okay.
Likelihood mass_function_like_m_n = -5028.231218680739
Posterior = -5021.556482398109 for parameter set #118: [0.300955815429864, 0.8000865725642688, -0.9995]
Running module mass_function_like
Model N: 2867601.0756630655
Done mass_function_like status = 0 

Pipeline ran okay.
Likelihood mass_function_like_m_n = -4703.857700973749
Posterior = -4697.179139190578 for parameter set #118: [0.30038533495545994, 0.8012221168261074, -0.9995]
Running module mass_function_like
Model N: 2937067.427940236
Done mass_function_like status = 0 

Pipeline ran okay.
Likelihood mass_function_like_m_n = -1566.7057598307729
Posterior = -1560.116610594346 for parameter set #119: [0.30424629160287814, 0.8042591000210934, -0.9995]
Running module mass_function_like
Model N: 2868725.4827960692
Done mass_function_like status = 0 

Pipeline ran okay.
Likelihood mass_function_like_m_n = -4639.134363949299
Posterior = -4632.457297816356 for parameter set #119: [0.3006690389177796, 0.8010459026649308, -0.9995]
Running module mass_function_like
Model N: 2873152.0110876616
Done mass_function_like status = 0 

Pipeline ran okay.
Likelihood mass_function_like_m_n = -4388.858489476144
Posterior = -4382.180908423546 for parameter set #119: [0.29941294877373065, 0.8027967703990775, -0.9995]
Running module mass_function_like
Model N: 2887659.3047913928
Done mass_function_like status = 0 

Pipeline ran okay.
Likelihood mass_function_like_m_n = -3618.9633337035775
Posterior = -3612.284670919455 for parameter set #119: [0.30035816593577375, 0.8032709784788901, -0.9995]
Running module mass_function_like
Model N: 2906879.07115477
Done mass_function_like status = 0 

Pipeline ran okay.
Likelihood mass_function_like_m_n = -2716.7535354048014
Posterior = -2710.0790068845517 for parameter set #120: [0.30097731039700537, 0.8045726197578322, -0.9995]
Model N: 3016095.8941126387
Done mass_function_like status = 0 

Pipeline ran okay.
Likelihood mass_function_like_m_n = -57.13385797291994
Posterior = -50.539339320837925 for parameter set #120: [0.3041179010728327, 0.8123338919091939, -0.9995]
Model N: 2940709.34395665
Done mass_function_like status = 0 

Pipeline ran okay.
Likelihood mass_function_like_m_n = -1449.7572734728456
Posterior = -1443.5079739008406 for parameter set #120: [0.3092736683820938, 0.7995576611416355, -0.9995]
Model N: 2925522.98583725
Done mass_function_like status = 0 

Pipeline ran okay.
Likelihood mass_function_like_m_n = -1968.2973340302706
Posterior = -1961.7076845969614 for parameter set #120: [0.30423449560162863, 0.8031157640361848, -0.9995]
Running module mass_function_like
Running module mass_function_like
Running module mass_function_like
Running module mass_function_like
Model N: 2902431.6939546326
Done mass_function_like status = 0 

Pipeline ran okay.
Likelihood mass_function_like_m_n = -2913.6651310771704
Posterior = -2906.9873671806376 for parameter set #121: [0.2994449681491517, 0.8057240184497272, -0.9995]
Running module mass_function_like
Model N: 2844922.8125959155
Done mass_function_like status = 0 

Pipeline ran okay.
Likelihood mass_function_like_m_n = -6109.3284216970205
Posterior = -6102.691080244629 for parameter set #121: [0.30289698967615125, 0.7964119952439298, -0.9995]
Running module mass_function_like
Model N: 2867680.7965337
Done mass_function_like status = 0 

Pipeline ran okay.
Likelihood mass_function_like_m_n = -4699.253437042236
Posterior = -4692.590893912324 for parameter set #121: [0.30183090515304517, 0.7997611626337937, -0.9995]
Running module mass_function_like
Model N: 2902991.238380235
Done mass_function_like status = 0 

Pipeline ran okay.
Likelihood mass_function_like_m_n = -2888.4996022209525
Posterior = -2881.8226604905394 for parameter set #121: [0.3006873816839517, 0.804478586389689, -0.9995]
Running module mass_function_like
Model N: 2863585.4672465483
Done mass_function_like status = 0 

Pipeline ran okay.
Likelihood mass_function_like_m_n = -4938.814260169864
Posterior = -4932.140336628136 for parameter set #122: [0.30103736749342497, 0.8001547133962379, -0.9995]
Running module mass_function_like
Model N: 2828795.017869442
Done mass_function_like status = 0 

Pipeline ran okay.
Likelihood mass_function_like_m_n = -7225.938151180744
Posterior = -7219.377794308242 for parameter set #122: [0.29512255546810273, 0.8027206821369474, -0.9995]
Running module mass_function_like
Model N: 2872727.9909303263
Done mass_function_like status = 0 

Pipeline ran okay.
Likelihood mass_function_like_m_n = -4412.520430736244
Posterior = -4405.842173824434 for parameter set #122: [0.30045766505227406, 0.8016644958134969, -0.9995]
Running module mass_function_like
Model N: 2868614.3030299274
Done mass_function_like status = 0 

Pipeline ran okay.
Likelihood mass_function_like_m_n = -4645.513348467648
Posterior = -4638.837052659097 for parameter set #122: [0.3007756790262606, 0.800926282703497, -0.9995]
Running module mass_function_like
Model N: 2954225.242493705
Done mass_function_like status = 0 

Pipeline ran okay.
Likelihood mass_function_like_m_n = -1056.3174960017204
Posterior = -1049.9937934245227 for parameter set #123: [0.30843328667972947, 0.8017339400982191, -0.9995]
Running module mass_function_like
Model N: 2952347.954580621
Done mass_function_like status = 0 

Pipeline ran okay.
Likelihood mass_function_like_m_n = -1107.1541364565492
Posterior = -1100.4896046956346 for parameter set #123: [0.301718862262989, 0.8083948223115224, -0.9995]
Running module mass_function_like
Model N: 2856495.8428767864
Done mass_function_like status = 0 

Pipeline ran okay.
Likelihood mass_function_like_m_n = -5368.206125050783
Posterior = -5361.529870056628 for parameter set #123: [0.2992190769365766, 0.8013139550634718, -0.9995]
Running module mass_function_like
Model N: 2862465.069743345
Done mass_function_like status = 0 

Pipeline ran okay.
Likelihood mass_function_like_m_n = -5005.433208316565
Posterior = -4998.814437782537 for parameter set #123: [0.2965205269283164, 0.8046998956766306, -0.9995]
Running module mass_function_like
Model N: 3003500.32777359
Done mass_function_like status = 0 

Pipeline ran okay.
Likelihood mass_function_like_m_n = -155.34115389734507
Posterior = -148.7111655901509 for parameter set #124: [0.30314056972907893, 0.8120824862229273, -0.9995]
Model N: 2864351.2084097913
Done mass_function_like status = 0 

Pipeline ran okay.
Likelihood mass_function_like_m_n = -4893.550361067057
Posterior = -4886.871208032392 for parameter set #124: [0.2998261243862728, 0.8014657230215415, -0.9995]
Model N: 2912907.9932555
Done mass_function_like status = 0 

Pipeline ran okay.
Likelihood mass_function_like_m_n = -2461.149889908731
Posterior = -2454.47279557443 for parameter set #124: [0.30066481035028686, 0.8055028078307087, -0.9995]
Model N: 2866762.1598844794
Done mass_function_like status = 0 

Pipeline ran okay.
Likelihood mass_function_like_m_n = -4752.451285533607
Posterior = -4745.777884580736 for parameter set #124: [0.30108657677499007, 0.8004237981080558, -0.9995]
Running module mass_function_like
Running module mass_function_like
Running module mass_function_like
Running module mass_function_like
Model N: 2903826.6693594283
Done mass_function_like status = 0 

Pipeline ran okay.
Likelihood mass_function_like_m_n = -2851.1357856690884
Posterior = -2844.5879648575105 for parameter set #125: [0.30512802860234506, 0.8000463243712436, -0.9995]
Running module mass_function_like
Model N: 2989061.2308482514
Done mass_function_like status = 0 

Pipeline ran okay.
Likelihood mass_function_like_m_n = -333.57737040519714
Posterior = -326.9005650148863 for parameter set #125: [0.30070693818674005, 0.8131721269852197, -0.9995]
Running module mass_function_like
Model N: 3015338.074810398
Done mass_function_like status = 0 

Pipeline ran okay.
Likelihood mass_function_like_m_n = -61.542496383190155
Posterior = -54.97770809003682 for parameter set #125: [0.304785726802835, 0.8115622325017008, -0.9995]
Running module mass_function_like
Model N: 2858815.4158734917
Done mass_function_like status = 0 

Pipeline ran okay.
Likelihood mass_function_like_m_n = -5225.666254997253
Posterior = -5218.988230030985 for parameter set #125: [0.3005058126217603, 0.800215551099617, -0.9995]
Running module mass_function_like
Model N: 2848190.7708701743
Done mass_function_like status = 0 

Pipeline ran okay.
Likelihood mass_function_like_m_n = -5894.984322622418
Posterior = -5888.305512801928 for parameter set #126: [0.29968555514960005, 0.8000003725755886, -0.9995]
Running module mass_function_like
Model N: 2875681.5661606607
Done mass_function_like status = 0 

Pipeline ran okay.
Likelihood mass_function_like_m_n = -4249.071636900306
Posterior = -4242.393781986505 for parameter set #126: [0.2994616163989009, 0.8030022375739936, -0.9995]
Running module mass_function_like
Model N: 2862473.885377097
Done mass_function_like status = 0 

Pipeline ran okay.
Likelihood mass_function_like_m_n = -5004.907216504216
Posterior = -4998.235010114754 for parameter set #126: [0.30119145363720334, 0.7998868913298932, -0.9995]
Running module mass_function_like
Model N: 2879904.723865147
Done mass_function_like status = 0 

Pipeline ran okay.
Likelihood mass_function_like_m_n = -4020.9219626784325
Posterior = -4014.244069296611 for parameter set #126: [0.3005311904534089, 0.8023120176830828, -0.9995]
Running module mass_function_like
Model N: 3069543.4848624603
Done mass_function_like status = 0 

Pipeline ran okay.
Likelihood mass_function_like_m_n = -223.66374404728413
Posterior = -220.29294984559266 for parameter set #127: [0.32572356894608023, 0.7961065356892321, -0.9995]
Running module mass_function_like
Model N: 2989416.9534268184
Done mass_function_like status = 0 

Pipeline ran okay.
Likelihood mass_function_like_m_n = -328.3387168943882
Posterior = -322.02875525138734 for parameter set #127: [0.30859467922972494, 0.8050638245872884, -0.9995]
Running module mass_function_like
Model N: 2901864.527584039
Done mass_function_like status = 0 

Pipeline ran okay.
Likelihood mass_function_like_m_n = -2939.2885052636266
Posterior = -2932.6166996508146 for parameter set #127: [0.3012246293723431, 0.8038135017837776, -0.9995]
Running module mass_function_like
Model N: 2859789.1663966537
Done mass_function_like status = 0 

Pipeline ran okay.
Likelihood mass_function_like_m_n = -5166.423686333001
Posterior = -5159.744690840974 for parameter set #127: [0.3002484778796215, 0.80057539579942, -0.9995]
Running module mass_function_like
Model N: 2873720.282900836
Done mass_function_like status = 0 

Pipeline ran okay.
Likelihood mass_function_like_m_n = -4357.250352039933
Posterior = -4350.571269606392 for parameter set #128: [0.30021060140964384, 0.8020167910709716, -0.9995]
Model N: 3060562.5239094454
Done mass_function_like status = 0 

Pipeline ran okay.
Likelihood mass_function_like_m_n = -130.51584115624428
Posterior = -123.85678353605893 for parameter set #128: [0.3020122911382224, 0.8190646656472351, -0.9995]
Model N: 2909058.806867425
Done mass_function_like status = 0 

Pipeline ran okay.
Likelihood mass_function_like_m_n = -2622.8378522768617
Posterior = -2616.2421172694467 for parameter set #128: [0.30408825612933255, 0.8016177697586461, -0.9995]
Model N: 2890251.050972113
Done mass_function_like status = 0 

Pipeline ran okay.
Likelihood mass_function_like_m_n = -3489.5031768083572
Posterior = -3482.8388158171124 for parameter set #128: [0.30172876875640064, 0.8021301141639978, -0.9995]
Running module mass_function_like
Running module mass_function_like
Running module mass_function_like
Running module mass_function_like
Model N: 2881929.455282678
Done mass_function_like status = 0 

Pipeline ran okay.
Likelihood mass_function_like_m_n = -3913.853364415467
Posterior = -3907.1952153072966 for parameter set #129: [0.30205694385631016, 0.8009607884074855, -0.9995]
Running module mass_function_like
Model N: 3041492.831373943
Done mass_function_like status = 0 

Pipeline ran okay.
Likelihood mass_function_like_m_n = -19.53134436160326
Posterior = -12.930842139198168 for parameter set #129: [0.3039699364202744, 0.8150542342526823, -0.9995]
Running module mass_function_like
Model N: 2940942.9606655906
Done mass_function_like status = 0 

Pipeline ran okay.
Likelihood mass_function_like_m_n = -1442.414328277111
Posterior = -1435.8134952188852 for parameter set #129: [0.30396159412571166, 0.8049382167866446, -0.9995]
Running module mass_function_like
Model N: 2900024.4950437886
Done mass_function_like status = 0 

Pipeline ran okay.
Likelihood mass_function_like_m_n = -3023.2152508422732
Posterior = -3016.5382294507804 for parameter set #129: [0.3006756932466061, 0.8041915317492715, -0.9995]
Running module mass_function_like
Model N: 2905786.4638859504
Done mass_function_like status = 0 

Pipeline ran okay.
Likelihood mass_function_like_m_n = -2764.470971621573
Posterior = -2757.892208440601 for parameter set #130: [0.304484217152147, 0.8008907080551368, -0.9995]
Running module mass_function_like
Model N: 2867467.775526233
Done mass_function_like status = 0 

Pipeline ran okay.
Likelihood mass_function_like_m_n = -4711.561662577093
Posterior = -4704.882604330874 for parameter set #130: [0.3002217891300484, 0.8013755619222344, -0.9995]
Running module mass_function_like
Model N: 2988815.995423341
Done mass_function_like status = 0 

Pipeline ran okay.
Likelihood mass_function_like_m_n = -337.2139187529683
Posterior = -330.59180943819837 for parameter set #130: [0.3033821556303707, 0.8103484446556186, -0.9995]
Running module mass_function_like
Model N: 2860557.0411698525
Done mass_function_like status = 0 

Pipeline ran okay.
Likelihood mass_function_like_m_n = -5119.954525820911
Posterior = -5113.27896742206 for parameter set #130: [0.300865540231261, 0.8000250002596244, -0.9995]
Running module mass_function_like
Model N: 2723758.255946359
Done mass_function_like status = 0 

Pipeline ran okay.
Likelihood mass_function_like_m_n = -16962.294019795954
Posterior = -16955.657015994322 for parameter set #131: [0.2970913784474694, 0.7900914959595362, -0.9995]
Running module mass_function_like
Model N: 2984246.913449101
Done mass_function_like status = 0 

Pipeline ran okay.
Likelihood mass_function_like_m_n = -408.70616010576487
Posterior = -402.36478361852755 for parameter set #131: [0.3082210426476561, 0.8049280334826593, -0.9995]
Running module mass_function_like
Model N: 2839925.993767094
Done mass_function_like status = 0 

Pipeline ran okay.
Likelihood mass_function_like_m_n = -6444.8095702677965
Posterior = -6438.21904967805 for parameter set #131: [0.2957861274683759, 0.803167376201214, -0.9995]
Running module mass_function_like
Model N: 2875786.437471039
Done mass_function_like status = 0 

Pipeline ran okay.
Likelihood mass_function_like_m_n = -4243.326994746923
Posterior = -4236.647691083568 for parameter set #131: [0.3000103436474115, 0.8024302549427262, -0.9995]
Running module mass_function_like
Model N: 2893252.5880621145
Done mass_function_like status = 0 

Pipeline ran okay.
Likelihood mass_function_like_m_n = -3342.621321901679
Posterior = -3335.9594369211623 for parameter set #132: [0.3018665057081716, 0.8022910716883194, -0.9995]
Model N: 3009590.5652803904
Done mass_function_like status = 0 

Pipeline ran okay.
Likelihood mass_function_like_m_n = -101.2224367633462
Posterior = -94.56507426670915 for parameter set #132: [0.3020948365890041, 0.8137949426465086, -0.9995]
Model N: 2917487.908770149
Done mass_function_like status = 0 

Pipeline ran okay.
Likelihood mass_function_like_m_n = -2275.666208796203
Posterior = -2268.9936485050234 for parameter set #132: [0.301161370494749, 0.8054530601534761, -0.9995]
Model N: 2772737.804093766
Done mass_function_like status = 0 

Pipeline ran okay.
Likelihood mass_function_like_m_n = -11881.333731390536
Posterior = -11875.577909931959 for parameter set #132: [0.2864096891887462, 0.8061210889963488, -0.9995]
Running module mass_function_like
Running module mass_function_like
Running module mass_function_like
Running module mass_function_like
Model N: 2944377.8737068474
Done mass_function_like status = 0 

Pipeline ran okay.
Likelihood mass_function_like_m_n = -1336.6575427874923
Posterior = -1330.6155789596664 for parameter set #133: [0.3112901759993749, 0.7979245404025809, -0.9995]
Running module mass_function_like
Model N: 2868451.9922263445
Done mass_function_like status = 0 

Pipeline ran okay.
Likelihood mass_function_like_m_n = -4654.834178611636
Posterior = -4648.15887265531 for parameter set #133: [0.3008942306172401, 0.8007894047543956, -0.9995]
Running module mass_function_like
Model N: 2905061.7051440035
Done mass_function_like status = 0 

Pipeline ran okay.
Likelihood mass_function_like_m_n = -2796.3599250912666
Posterior = -2789.686913034046 for parameter set #133: [0.3011217968701517, 0.8042411305112313, -0.9995]
Running module mass_function_like
Model N: 2835775.478421429
Done mass_function_like status = 0 

Pipeline ran okay.
Likelihood mass_function_like_m_n = -6730.608796022832
Posterior = -6723.929507728079 for parameter set #133: [0.29994360220320576, 0.7984696134712709, -0.9995]
Running module mass_function_like
Model N: 3000960.892164218
Done mass_function_like status = 0 

Pipeline ran okay.
Likelihood mass_function_like_m_n = -181.58835036307573
Posterior = -174.90916664770097 for parameter set #134: [0.30015523075431616, 0.814965944748348, -0.9995]
Running module mass_function_like
Model N: 2850100.2246220997
Done mass_function_like status = 0 

Pipeline ran okay.
Likelihood mass_function_like_m_n = -5771.5928518772125
Posterior = -5764.9143177531505 for parameter set #134: [0.29960755274296946, 0.8002723432513923, -0.9995]
Running module mass_function_like
Model N: 2834293.4030001145
Done mass_function_like status = 0 

Pipeline ran okay.
Likelihood mass_function_like_m_n = -6834.236042864621
Posterior = -6827.558207192401 for parameter set #134: [0.29945805422961996, 0.7988325283069198, -0.9995]
Running module mass_function_like
Model N: 2868685.511275694
Done mass_function_like status = 0 

Pipeline ran okay.
Likelihood mass_function_like_m_n = -4641.427221700549
Posterior = -4634.74871405083 for parameter set #134: [0.30039913621520997, 0.801317313543914, -0.9995]
Running module mass_function_like
Model N: 2995690.065970224
Done mass_function_like status = 0 

Pipeline ran okay.
Likelihood mass_function_like_m_n = -243.0036894828081
Posterior = -237.02217533552434 for parameter set #135: [0.31181346732357973, 0.8024556991380114, -0.9995]
Running module mass_function_like
Model N: 2865047.0142388213
Done mass_function_like status = 0 

Pipeline ran okay.
Likelihood mass_function_like_m_n = -4852.60841549933
Posterior = -4845.929442571292 for parameter set #135: [0.3002573986298346, 0.8010954991790772, -0.9995]
Running module mass_function_like
Model N: 2872244.7627017936
Done mass_function_like status = 0 

Pipeline ran okay.
Likelihood mass_function_like_m_n = -4439.566978439689
Posterior = -4432.893829256918 for parameter set #135: [0.2988904942055336, 0.8032423405464207, -0.9995]
Running module mass_function_like
Model N: 2906683.9247273225
Done mass_function_like status = 0 

Pipeline ran okay.
Likelihood mass_function_like_m_n = -2725.24472168833
Posterior = -2718.566392008379 for parameter set #135: [0.3004414789595806, 0.8051045578111414, -0.9995]
Running module mass_function_like
Model N: 3140471.905836514
Done mass_function_like status = 0 

Pipeline ran okay.
Likelihood mass_function_like_m_n = -1859.577126853168
Posterior = -1859.0671792614073 for parameter set #136: [0.3351265045415837, 0.7940262873127651, -0.9995]
Model N: 2797720.356998901
Done mass_function_like status = 0 

Pipeline ran okay.
Likelihood mass_function_like_m_n = -9656.389771908522
Posterior = -9649.714450080137 for parameter set #136: [0.2991075460880677, 0.795508325498199, -0.9995]
Model N: 2979675.5538945333
Done mass_function_like status = 0 

Pipeline ran okay.
Likelihood mass_function_like_m_n = -487.34983590245247
Posterior = -480.72116139867 for parameter set #136: [0.30318212804669337, 0.8096345514939282, -0.9995]
Model N: 2856046.469749642
Done mass_function_like status = 0 

Pipeline ran okay.
Likelihood mass_function_like_m_n = -5396.051689431071
Posterior = -5389.379434638288 for parameter set #136: [0.3011873841440114, 0.7992459242655046, -0.9995]
Running module mass_function_like
Running module mass_function_like
Running module mass_function_like
Running module mass_function_like
Model N: 2916910.352252623
Done mass_function_like status = 0 

Pipeline ran okay.
Likelihood mass_function_like_m_n = -2298.6445150002837
Posterior = -2293.204032996478 for parameter set #137: [0.3157405348988164, 0.790932799071839, -0.9995]
Running module mass_function_like
Model N: 2906176.535572743
Done mass_function_like status = 0 

Pipeline ran okay.
Likelihood mass_function_like_m_n = -2747.3861652836204
Posterior = -2740.7852186633527 for parameter set #137: [0.30395872651347905, 0.8014608982608371, -0.9995]
Running module mass_function_like
Model N: 2917556.045961759
Done mass_function_like status = 0 

Pipeline ran okay.
Likelihood mass_function_like_m_n = -2272.9631847813725
Posterior = -2266.2904408908976 for parameter set #137: [0.3011454525599388, 0.8054763736517218, -0.9995]
Running module mass_function_like
Model N: 2849709.1098040044
Done mass_function_like status = 0 

Pipeline ran okay.
Likelihood mass_function_like_m_n = -5796.756283275783
Posterior = -5790.077309522048 for parameter set #137: [0.30025707764413656, 0.7995525461411076, -0.9995]
Running module mass_function_like
Model N: 2925477.234738795
Done mass_function_like status = 0 

Pipeline ran okay.
Likelihood mass_function_like_m_n = -1969.9825772047043
Posterior = -1963.3252171025624 for parameter set #138: [0.30209495089050925, 0.8052973703689424, -0.9995]
Running module mass_function_like
Model N: 2899342.1875517624
Done mass_function_like status = 0 

Pipeline ran okay.
Likelihood mass_function_like_m_n = -3054.646630100906
Posterior = -3047.970870085787 for parameter set #138: [0.30084192436609225, 0.8039521224864454, -0.9995]
Running module mass_function_like
Model N: 2865686.7541442807
Done mass_function_like status = 0 

Pipeline ran okay.
Likelihood mass_function_like_m_n = -4815.12331213057
Posterior = -4808.551413587692 for parameter set #138: [0.3046347741138497, 0.7967443005793325, -0.9995]
Running module mass_function_like
Model N: 2900871.4955808613
Done mass_function_like status = 0 

Pipeline ran okay.
Likelihood mass_function_like_m_n = -2984.4306545481086
Posterior = -2977.758121431265 for parameter set #138: [0.30116370799313313, 0.8037760935095402, -0.9995]
Running module mass_function_like
Model N: 2937895.2054000455
Done mass_function_like status = 0 

Pipeline ran okay.
Likelihood mass_function_like_m_n = -1539.7151951119304
Posterior = -1533.0454795878165 for parameter set #139: [0.3013848230353592, 0.8072814700998425, -0.9995]
Running module mass_function_like
Model N: 2942145.1684983172
Done mass_function_like status = 0 

Pipeline ran okay.
Likelihood mass_function_like_m_n = -1404.9296377450228
Posterior = -1398.4142353509772 for parameter set #139: [0.30572541359666844, 0.8032630939015882, -0.9995]
Running module mass_function_like
Model N: 2805065.385452721
Done mass_function_like status = 0 

Pipeline ran okay.
Likelihood mass_function_like_m_n = -9048.445493862033
Posterior = -9041.78847751493 for parameter set #139: [0.297888704132123, 0.7974801866898228, -0.9995]
Running module mass_function_like
Model N: 2864808.505392982
Done mass_function_like status = 0 

Pipeline ran okay.
Likelihood mass_function_like_m_n = -4866.622369997203
Posterior = -4859.943417608317 for parameter set #139: [0.30026525814745936, 0.8010633942539417, -0.9995]
Running module mass_function_like
Model N: 3131544.489840293
Done mass_function_like status = 0 

Pipeline ran okay.
Likelihood mass_function_like_m_n = -1567.0878754630685
Posterior = -1571.4396681534897 for parameter set #140: [0.3469704095973868, 0.7825623804425066, -0.9995]
Model N: 2874684.2016671733
Done mass_function_like status = 0 

Pipeline ran okay.
Likelihood mass_function_like_m_n = -4303.906941950321
Posterior = -4297.227712917616 for parameter set #140: [0.29987739037129363, 0.8024551999146744, -0.9995]
Model N: 2903180.788152185
Done mass_function_like status = 0 

Pipeline ran okay.
Likelihood mass_function_like_m_n = -2880.000150553882
Posterior = -2873.3236438963936 for parameter set #140: [0.3007480027836419, 0.804435655641269, -0.9995]
Model N: 2920438.6530930544
Done mass_function_like status = 0 

Pipeline ran okay.
Likelihood mass_function_like_m_n = -2160.123779721558
Posterior = -2153.5806378958123 for parameter set #140: [0.3052184743472485, 0.8016109315012374, -0.9995]
Running module mass_function_like
Running module mass_function_like
Running module mass_function_like
Running module mass_function_like
Model N: 2809574.3894526167
Done mass_function_like status = 0 

Pipeline ran okay.
Likelihood mass_function_like_m_n = -8685.546942457557
Posterior = -8678.895495991846 for parameter set #141: [0.29763958763771814, 0.7981884870907845, -0.9995]
Running module mass_function_like
Model N: 3121275.3948048567
Done mass_function_like status = 0 

Pipeline ran okay.
Likelihood mass_function_like_m_n = -1261.1371671706438
Posterior = -1254.6388616755037 for parameter set #141: [0.3060166220285143, 0.8209689154424649, -0.9995]
Running module mass_function_like
Model N: 2989230.846569262
Done mass_function_like status = 0 

Pipeline ran okay.
Likelihood mass_function_like_m_n = -331.07411663234234
Posterior = -324.39725716052953 for parameter set #141: [0.3006992462366532, 0.8131971365389942, -0.9995]
Running module mass_function_like
Model N: 2867073.644731059
Done mass_function_like status = 0 

Pipeline ran okay.
Likelihood mass_function_like_m_n = -4734.378443211317
Posterior = -4727.699385316377 for parameter set #141: [0.3002219474578328, 0.80133581738695, -0.9995]
Running module mass_function_like
Model N: 2783176.02591839
Done mass_function_like status = 0 

Pipeline ran okay.
Likelihood mass_function_like_m_n = -10922.010744698346
Posterior = -10915.508840276167 for parameter set #142: [0.2940434947136636, 0.7991871344601059, -0.9995]
Running module mass_function_like
Model N: 2844883.4962780736
Done mass_function_like status = 0 

Pipeline ran okay.
Likelihood mass_function_like_m_n = -6111.931510984898
Posterior = -6105.32077877131 for parameter set #142: [0.2962967045831395, 0.8031433599771616, -0.9995]
Running module mass_function_like
Model N: 2775431.344791895
Done mass_function_like status = 0 

Pipeline ran okay.
Likelihood mass_function_like_m_n = -11629.682106010616
Posterior = -11623.190721270354 for parameter set #142: [0.29386942974841224, 0.7985773441427845, -0.9995]
Running module mass_function_like
Model N: 2976496.4799336023
Done mass_function_like status = 0 

Pipeline ran okay.
Likelihood mass_function_like_m_n = -546.2488289922476
Posterior = -539.6146628467618 for parameter set #142: [0.3030045982368488, 0.8094981301008555, -0.9995]
Running module mass_function_like
Model N: 2864985.224792217
Done mass_function_like status = 0 

Pipeline ran okay.
Likelihood mass_function_like_m_n = -4856.236931934953
Posterior = -4849.598432699247 for parameter set #143: [0.2971432549079902, 0.8043103487984073, -0.9995]
Running module mass_function_like
Model N: 2881427.077134327
Done mass_function_like status = 0 

Pipeline ran okay.
Likelihood mass_function_like_m_n = -3940.279582031071
Posterior = -3933.600746127962 for parameter set #143: [0.2996939623549778, 0.8033436339198767, -0.9995]
Running module mass_function_like
Model N: 2962941.53664098
Done mass_function_like status = 0 

Pipeline ran okay.
Likelihood mass_function_like_m_n = -836.3030309453607
Posterior = -829.9491140944102 for parameter set #143: [0.3080670607703146, 0.8029666765147354, -0.9995]
Running module mass_function_like
Model N: 2873073.1069156528
Done mass_function_like status = 0 

Pipeline ran okay.
Likelihood mass_function_like_m_n = -4393.256639525294
Posterior = -4386.577819184933 for parameter set #143: [0.30031108132344564, 0.8018490574525803, -0.9995]
Running module mass_function_like
Model N: 2888477.6713206805
Done mass_function_like status = 0 

Pipeline ran okay.
Likelihood mass_function_like_m_n = -3577.821404710412
Posterior = -3571.1558183732786 for parameter set #144: [0.30165637321741573, 0.8020255691977103, -0.9995]
Model N: 2882188.8691577916
Done mass_function_like status = 0 

Pipeline ran okay.
Likelihood mass_function_like_m_n = -3900.24370098114
Posterior = -3893.574079411809 for parameter set #144: [0.30139159110224784, 0.8016634702519757, -0.9995]
Model N: 3076195.493018766
Done mass_function_like status = 0 

Pipeline ran okay.
Likelihood mass_function_like_m_n = -309.4038358181715
Posterior = -302.78054240310126 for parameter set #144: [0.30334696230154945, 0.819233283729181, -0.9995]
Model N: 3108397.869826141
Done mass_function_like status = 0 

Pipeline ran okay.
Likelihood mass_function_like_m_n = -923.9006662741303
Posterior = -917.2829220985221 for parameter set #144: [0.30350884661112326, 0.8223397349537763, -0.9995]
Running module mass_function_like
Running module mass_function_like
Running module mass_function_like
Running module mass_function_like
Model N: 2915017.743049897
Done mass_function_like status = 0 

Pipeline ran okay.
Likelihood mass_function_like_m_n = -2374.776281155646
Posterior = -2368.1001984664686 for parameter set #145: [0.3008026841387351, 0.8055734293698638, -0.9995]
Running module mass_function_like
Model N: 2925681.8039810793
Done mass_function_like status = 0 

Pipeline ran okay.
Likelihood mass_function_like_m_n = -1962.4530197232962
Posterior = -1955.7830038738944 for parameter set #145: [0.30136296360247655, 0.8060716024110385, -0.9995]
Running module mass_function_like
Model N: 2853337.008272932
Done mass_function_like status = 0 

Pipeline ran okay.
Likelihood mass_function_like_m_n = -5565.536591738462
Posterior = -5558.858489804942 for parameter set #145: [0.30049036002891644, 0.7996804186691371, -0.9995]
Running module mass_function_like
Model N: 2857188.0943073835
Done mass_function_like status = 0 

Pipeline ran okay.
Likelihood mass_function_like_m_n = -5325.457405142486
Posterior = -5319.033365251941 for parameter set #145: [0.29285487148099537, 0.8079991477451873, -0.9995]
Running module mass_function_like
Model N: 2914238.2392745772
Done mass_function_like status = 0 

Pipeline ran okay.
Likelihood mass_function_like_m_n = -2406.504135489464
Posterior = -2399.8326549487524 for parameter set #146: [0.30125089228942703, 0.8050332908601728, -0.9995]
Running module mass_function_like
Model N: 2878589.496358603
Done mass_function_like status = 0 

Pipeline ran okay.
Likelihood mass_function_like_m_n = -4091.2748591154814
Posterior = -4084.597170542651 for parameter set #146: [0.29943155906557656, 0.8033269327783594, -0.9995]
Running module mass_function_like
Model N: 2856786.5075256997
Done mass_function_like status = 0 

Pipeline ran okay.
Likelihood mass_function_like_m_n = -5350.234970472753
Posterior = -5343.576974080165 for parameter set #146: [0.3020643548978805, 0.7984339606169608, -0.9995]
Running module mass_function_like
Model N: 2867617.659804289
Done mass_function_like status = 0 

Pipeline ran okay.
Likelihood mass_function_like_m_n = -4702.899693898857
Posterior = -4696.220640984719 for parameter set #146: [0.3002241803612893, 0.8013882420598981, -0.9995]
Running module mass_function_like
Model N: 3218427.5882205213
Done mass_function_like status = 0 

Pipeline ran okay.
Likelihood mass_function_like_m_n = -5440.195621363819
Posterior = -5443.608301419094 for parameter set #147: [0.34492657176679564, 0.7923411017424028, -0.9995]
Running module mass_function_like
Model N: 2906076.678169947
Done mass_function_like status = 0 

Pipeline ran okay.
Likelihood mass_function_like_m_n = -2751.7546295821667
Posterior = -2745.0772705238655 for parameter set #147: [0.30062372109296664, 0.8048554777783776, -0.9995]
Running module mass_function_like
Model N: 2893155.359076582
Done mass_function_like status = 0 

Pipeline ran okay.
Likelihood mass_function_like_m_n = -3347.328077018261
Posterior = -3340.6518250435774 for parameter set #147: [0.300781309621959, 0.8033909179640442, -0.9995]
Running module mass_function_like
Model N: 2796720.2755464492
Done mass_function_like status = 0 

Pipeline ran okay.
Likelihood mass_function_like_m_n = -9740.780672676861
Posterior = -9734.369723529215 for parameter set #147: [0.29267394989557255, 0.801986916243344, -0.9995]
Running module mass_function_like
Model N: 2877020.8050351595
Done mass_function_like status = 0 

Pipeline ran okay.
Likelihood mass_function_like_m_n = -4176.01386924088
Posterior = -4169.334568628086 for parameter set #148: [0.2999732212166924, 0.8025927331395882, -0.9995]
Model N: 2896353.2976547475
Done mass_function_like status = 0 

Pipeline ran okay.
Likelihood mass_function_like_m_n = -3194.3144652098417
Posterior = -3187.679428473866 for parameter set #148: [0.3029754818881921, 0.8014742772873026, -0.9995]
Model N: 3023312.7133662496
Done mass_function_like status = 0 

Pipeline ran okay.
Likelihood mass_function_like_m_n = -24.731133721768856
Posterior = -18.269666596304674 for parameter set #148: [0.3066005616858873, 0.8104839329785782, -0.9995]
Model N: 3116198.7445785585
Done mass_function_like status = 0 

Pipeline ran okay.
Likelihood mass_function_like_m_n = -1122.0011327266693
Posterior = -1115.3762519984782 for parameter set #148: [0.30329919596626265, 0.8233612301594695, -0.9995]
Running module mass_function_like
Running module mass_function_like
Running module mass_function_like
Running module mass_function_like
Model N: 2945273.0034603206
Done mass_function_like status = 0 

Pipeline ran okay.
Likelihood mass_function_like_m_n = -1309.776043407619
Posterior = -1303.7523406671858 for parameter set #149: [0.31145077689833245, 0.7978545474446227, -0.9995]
Running module mass_function_like
Model N: 3001489.654901584
Done mass_function_like status = 0 

Pipeline ran okay.
Likelihood mass_function_like_m_n = -175.94422137737274
Posterior = -169.47878011788436 for parameter set #149: [0.3065400755167171, 0.8083608957645269, -0.9995]
Running module mass_function_like
Model N: 3007886.193752048
Done mass_function_like status = 0 

Pipeline ran okay.
Likelihood mass_function_like_m_n = -115.11390525847673
Posterior = -108.4843510206549 for parameter set #149: [0.30315436080651403, 0.8125113219106723, -0.9995]
Running module mass_function_like
Model N: 2894584.045487174
Done mass_function_like status = 0 

Pipeline ran okay.
Likelihood mass_function_like_m_n = -3278.511384740472
Posterior = -3271.83815233179 for parameter set #149: [0.30110197909493297, 0.8032062940249942, -0.9995]
Running module mass_function_like
Model N: 2832442.3860483263
Done mass_function_like status = 0 

Pipeline ran okay.
Likelihood mass_function_like_m_n = -6964.824706330895
Posterior = -6958.1492370196975 for parameter set #150: [0.2991242275281379, 0.798985449094592, -0.9995]
Running module mass_function_like
Model N: 2864525.7224773946
Done mass_function_like status = 0 

Pipeline ran okay.
Likelihood mass_function_like_m_n = -4883.264956876636
Posterior = -4876.588075420486 for parameter set #150: [0.30069609513153533, 0.8005959654616455, -0.9995]
Running module mass_function_like
Model N: 2973711.1258159573
Done mass_function_like status = 0 

Pipeline ran okay.
Likelihood mass_function_like_m_n = -600.6970151215792
Posterior = -594.0177232153163 for parameter set #150: [0.3000495823505035, 0.8123039835357353, -0.9995]
Running module mass_function_like
Model N: 2883250.0250203647
Done mass_function_like status = 0 

Pipeline ran okay.
Likelihood mass_function_like_m_n = -3844.827941417694
Posterior = -3838.151610753408 for parameter set #150: [0.3007711723574132, 0.8024036830253792, -0.9995]
Running module mass_function_like
Model N: 3014629.2135738977
Done mass_function_like status = 0 

Pipeline ran okay.
Likelihood mass_function_like_m_n = -65.83973989635706
Posterior = -60.1837673764751 for parameter set #151: [0.31430616425481156, 0.8018474047632945, -0.9995]
Running module mass_function_like
Model N: 3035360.882203232
Done mass_function_like status = 0 

Pipeline ran okay.
Likelihood mass_function_like_m_n = -9.108036547899246
Posterior = -2.539640536790781 for parameter set #151: [0.30470973857452266, 0.8136593013615075, -0.9995]
Running module mass_function_like
Model N: 2889270.9026730345
Done mass_function_like status = 0 

Pipeline ran okay.
Likelihood mass_function_like_m_n = -3538.175483368337
Posterior = -3531.4984976436035 for parameter set #151: [0.30068095133108896, 0.8031022375892629, -0.9995]
Running module mass_function_like
Model N: 2945714.6437339974
Done mass_function_like status = 0 

Pipeline ran okay.
Likelihood mass_function_like_m_n = -1296.6164428070188
Posterior = -1289.946922197336 for parameter set #151: [0.30139882726793443, 0.8080565711095647, -0.9995]
Running module mass_function_like
Model N: 2870480.188413687
Done mass_function_like status = 0 

Pipeline ran okay.
Likelihood mass_function_like_m_n = -4539.060561850667
Posterior = -4532.38135060321 for parameter set #152: [0.29986365422373523, 0.8020452596567791, -0.9995]
Model N: 2896528.00727231
Done mass_function_like status = 0 

Pipeline ran okay.
Likelihood mass_function_like_m_n = -3186.061635747552
Posterior = -3179.3979893747774 for parameter set #152: [0.30176962287144593, 0.8027190582948525, -0.9995]
Model N: 2871432.045658023
Done mass_function_like status = 0 

Pipeline ran okay.
Likelihood mass_function_like_m_n = -4485.24883544445
Posterior = -4478.569531345394 for parameter set #152: [0.2999955445749368, 0.8020063868646573, -0.9995]
Model N: 3041787.75862724
Done mass_function_like status = 0 

Pipeline ran okay.
Likelihood mass_function_like_m_n = -20.343827605247498
Posterior = -14.729293753033959 for parameter set #152: [0.31459294587187014, 0.804227934403759, -0.9995]
Running module mass_function_like
Running module mass_function_like
Running module mass_function_like
Running module mass_function_like
Model N: 2923628.8406843944
Done mass_function_like status = 0 

Pipeline ran okay.
Likelihood mass_function_like_m_n = -2038.688918031752
Posterior = -2032.0123158941074 for parameter set #153: [0.2992648727096161, 0.8080592782210888, -0.9995]
Running module mass_function_like
Model N: 2950407.723895007
Done mass_function_like status = 0 

Pipeline ran okay.
Likelihood mass_function_like_m_n = -1160.98405649513
Posterior = -1155.0386750709158 for parameter set #153: [0.31211546758565994, 0.7977056304433762, -0.9995]
Running module mass_function_like
Model N: 2947670.0348777114
Done mass_function_like status = 0 

Pipeline ran okay.
Likelihood mass_function_like_m_n = -1239.1704014092684
Posterior = -1232.509465559131 for parameter set #153: [0.30191668193359683, 0.8077177579220061, -0.9995]
Running module mass_function_like
Model N: 2998005.552849024
Done mass_function_like status = 0 

Pipeline ran okay.
Likelihood mass_function_like_m_n = -214.86925630271435
Posterior = -208.3928600589163 for parameter set #153: [0.3063703681920618, 0.8081862382455383, -0.9995]
Running module mass_function_like
Model N: 2882760.8043270465
Done mass_function_like status = 0 

Pipeline ran okay.
Likelihood mass_function_like_m_n = -3870.324995569885
Posterior = -3863.6513076406227 for parameter set #154: [0.30105983669007513, 0.8020592817189369, -0.9995]
Running module mass_function_like
Model N: 3102665.4358924776
Done mass_function_like status = 0 

Pipeline ran okay.
Likelihood mass_function_like_m_n = -790.4994158521295
Posterior = -783.8201430942465 for parameter set #154: [0.2999207025507605, 0.8256386371695833, -0.9995]
Running module mass_function_like
Model N: 2868683.0522827324
Done mass_function_like status = 0 

Pipeline ran okay.
Likelihood mass_function_like_m_n = -4641.568294391036
Posterior = -4634.88913648669 for parameter set #154: [0.30017105201795746, 0.801549896534342, -0.9995]
Running module mass_function_like
Model N: 3037564.717443164
Done mass_function_like status = 0 

Pipeline ran okay.
Likelihood mass_function_like_m_n = -11.431775160133839
Posterior = -4.813163931643439 for parameter set #154: [0.3034840485019529, 0.815167959364079, -0.9995]
Running module mass_function_like
Model N: 3155532.6341693783
Done mass_function_like status = 0 

Pipeline ran okay.
Likelihood mass_function_like_m_n = -2408.496667511761
Posterior = -2404.852288906193 for parameter set #155: [0.32463706797791414, 0.8054097915464238, -0.9995]
Running module mass_function_like
Model N: 2944562.9396498413
Done mass_function_like status = 0 

Pipeline ran okay.
Likelihood mass_function_like_m_n = -1331.0768736749887
Posterior = -1324.404651786509 for parameter set #155: [0.30119015207686994, 0.8081569557958077, -0.9995]
Running module mass_function_like
Model N: 2875856.765969324
Done mass_function_like status = 0 

Pipeline ran okay.
Likelihood mass_function_like_m_n = -4239.476798869669
Posterior = -4232.797495058171 for parameter set #155: [0.3000087955919316, 0.802438959145262, -0.9995]
Running module mass_function_like
Model N: 2845886.27516778
Done mass_function_like status = 0 

Pipeline ran okay.
Likelihood mass_function_like_m_n = -6045.7196484953165
Posterior = -6039.119527893653 for parameter set #155: [0.2960204624226835, 0.8035314517600849, -0.9995]
Running module mass_function_like
Model N: 3147137.0282230354
Done mass_function_like status = 0 

Pipeline ran okay.
Likelihood mass_function_like_m_n = -2093.9359020218253
Posterior = -2094.979579725711 for parameter set #156: [0.3393013534173978, 0.7908251784765873, -0.9995]
Model N: 2814869.457272999
Done mass_function_like status = 0 

Pipeline ran okay.
Likelihood mass_function_like_m_n = -8269.355874069035
Posterior = -8262.87436831496 for parameter set #156: [0.3062896493421348, 0.7900773373308677, -0.9995]
Model N: 3143207.5653379844
Done mass_function_like status = 0 

Pipeline ran okay.
Likelihood mass_function_like_m_n = -1954.1185262948275
Posterior = -1947.536899003826 for parameter set #156: [0.30441988477923915, 0.8249108961083427, -0.9995]
Model N: 2926427.0164187667
Done mass_function_like status = 0 

Pipeline ran okay.
Likelihood mass_function_like_m_n = -1935.1494617164135
Posterior = -1928.4816203903986 for parameter set #156: [0.3015141249813224, 0.8059909949092533, -0.9995]
Running module mass_function_like
Running module mass_function_like
Running module mass_function_like
Running module mass_function_like
Model N: 2857486.2877571806
Done mass_function_like status = 0 

Pipeline ran okay.
Likelihood mass_function_like_m_n = -5307.097888991237
Posterior = -5300.419579759407 for parameter set #157: [0.3004460866463414, 0.8001425638756777, -0.9995]
Running module mass_function_like
Model N: 2896468.9881509165
Done mass_function_like status = 0 

Pipeline ran okay.
Likelihood mass_function_like_m_n = -3188.8483117073774
Model N: 2926047.692640792
Done mass_function_like status = 0 

Pipeline ran okay.
Likelihood mass_function_like_m_n = -1949.0227775797248
Posterior = -3182.173033519042 for parameter set #157: [0.30089733048253814, 0.8036057428279627, -0.9995]
Posterior = -1942.3657939709014 for parameter set #157: [0.30211284592372245, 0.8053364876607152, -0.9995]
Running module mass_function_like
Running module mass_function_like
Model N: 3007412.4365916615
Done mass_function_like status = 0 

Pipeline ran okay.
Likelihood mass_function_like_m_n = -119.14819276332855
Posterior = -113.18024065318838 for parameter set #157: [0.2880722836370911, 0.8289012978382614, -0.9995]
Running module mass_function_like
Model N: 2941868.7110749534
Done mass_function_like status = 0 

Pipeline ran okay.
Likelihood mass_function_like_m_n = -1413.5046899169683
Posterior = -1406.8517007419541 for parameter set #158: [0.302294123941552, 0.8067429857547767, -0.9995]
Running module mass_function_like
Model N: 2830694.6139108525
Done mass_function_like status = 0 

Pipeline ran okay.
Likelihood mass_function_like_m_n = -7089.318498440087
Posterior = -7082.941528232766 for parameter set #158: [0.307776040007483, 0.7901876977929211, -0.9995]
Running module mass_function_like
Model N: 2864347.2037426764
Done mass_function_like status = 0 

Pipeline ran okay.
Likelihood mass_function_like_m_n = -4893.786517851055
Posterior = -4887.1072194496965 for parameter set #158: [0.29996595017875605, 0.8013225910338843, -0.9995]
Running module mass_function_like
Model N: 2910385.882099781
Done mass_function_like status = 0 

Pipeline ran okay.
Likelihood mass_function_like_m_n = -2566.4939333945513
Posterior = -2559.8214465210367 for parameter set #158: [0.30116767502291814, 0.8047305263649457, -0.9995]
Running module mass_function_like
Model N: 2827759.0542328986
Done mass_function_like status = 0 

Pipeline ran okay.
Likelihood mass_function_like_m_n = -7301.021307863295
Posterior = -7294.39506173592 for parameter set #159: [0.2967424527344906, 0.8009455130676523, -0.9995]
Running module mass_function_like
Model N: 3012995.416464921
Done mass_function_like status = 0 

Pipeline ran okay.
Likelihood mass_function_like_m_n = -76.38297329843044
Posterior = -70.58041766025882 for parameter set #159: [0.31324196783064034, 0.8027399562220979, -0.9995]
Running module mass_function_like
Model N: 2852503.0500104753
Done mass_function_like status = 0 

Pipeline ran okay.
Likelihood mass_function_like_m_n = -5618.253407903016
Posterior = -5611.574107530369 for parameter set #159: [0.29997233896808806, 0.8001231029990696, -0.9995]
Running module mass_function_like
Model N: 2886654.925131764
Done mass_function_like status = 0 

Pipeline ran okay.
Likelihood mass_function_like_m_n = -3669.789733245969
Posterior = -3663.110458775628 for parameter set #159: [0.3000771076774585, 0.8034580954151358, -0.9995]
Running module mass_function_like
Model N: 2876896.593412637
Done mass_function_like status = 0 

Pipeline ran okay.
Likelihood mass_function_like_m_n = -4182.762162998319
Posterior = -4176.1012639384735 for parameter set #160: [0.3019186004516139, 0.8005964826316848, -0.9995]
Model N: 2924799.613549007
Done mass_function_like status = 0 

Pipeline ran okay.
Likelihood mass_function_like_m_n = -1995.0296509042382
Posterior = -1988.3816150093753 for parameter set #160: [0.3025007320307207, 0.8048128362126153, -0.9995]
Model N: 2761364.76715177
Done mass_function_like status = 0 

Pipeline ran okay.
Likelihood mass_function_like_m_n = -12975.517094321549
Posterior = -12969.353720589354 for parameter set #160: [0.28984194441720806, 0.8013155695849663, -0.9995]
Model N: 2976349.572664338
Done mass_function_like status = 0 

Pipeline ran okay.
Likelihood mass_function_like_m_n = -549.054180085659
Posterior = -542.4242404347458 for parameter set #160: [0.3031421186291083, 0.809340818754645, -0.9995]
Running module mass_function_like
Running module mass_function_like
Running module mass_function_like
Running module mass_function_like
Model N: 2821111.56493889
Done mass_function_like status = 0 

Pipeline ran okay.
Likelihood mass_function_like_m_n = -7792.509232640266
Posterior = -7785.837041316402 for parameter set #161: [0.29880728256103206, 0.7981656440639062, -0.9995]
Running module mass_function_like
Model N: 2997132.2952217287
Done mass_function_like status = 0 

Pipeline ran okay.
Likelihood mass_function_like_m_n = -225.26714776456356
Posterior = -218.80091810197098 for parameter set #161: [0.30652800943194203, 0.8079373816396161, -0.9995]
Running module mass_function_like
Model N: 2858363.707668241
Done mass_function_like status = 0 

Pipeline ran okay.
Likelihood mass_function_like_m_n = -5253.267462864518
Posterior = -5246.588715424147 for parameter set #161: [0.30033369385346925, 0.8003452137067087, -0.9995]
Running module mass_function_like
Model N: 2885851.494373826
Done mass_function_like status = 0 

Pipeline ran okay.
Likelihood mass_function_like_m_n = -3710.711505346
Posterior = -3704.032218205437 for parameter set #161: [0.29994159152979316, 0.8035162371725908, -0.9995]
Running module mass_function_like
Model N: 2845976.768909093
Done mass_function_like status = 0 

Pipeline ran okay.
Likelihood mass_function_like_m_n = -6039.763024032116
Posterior = -6033.1028172113965 for parameter set #162: [0.2980456521501412, 0.8014534127573033, -0.9995]
Running module mass_function_like
Model N: 2990546.8365301136
Done mass_function_like status = 0 

Pipeline ran okay.
Likelihood mass_function_like_m_n = -311.98397897928953
Posterior = -305.3452942608492 for parameter set #162: [0.3028502448971927, 0.8110766579542531, -0.9995]
Running module mass_function_like
Model N: 2981387.586345397
Done mass_function_like status = 0 

Pipeline ran okay.
Likelihood mass_function_like_m_n = -457.06173603981733
Posterior = -450.47864720432204 for parameter set #162: [0.30438669266794266, 0.8085607733630853, -0.9995]
Running module mass_function_like
Model N: 2892051.088292959
Done mass_function_like status = 0 

Pipeline ran okay.
Likelihood mass_function_like_m_n = -3401.025145560503
Posterior = -3394.354930294313 for parameter set #162: [0.30134825310088587, 0.8026992783727716, -0.9995]
Running module mass_function_like
Model N: 3159416.59984112
Done mass_function_like status = 0 

Pipeline ran okay.
Likelihood mass_function_like_m_n = -2561.289642095566
Posterior = -2558.6498766631657 for parameter set #163: [0.32842371814492277, 0.8021213370088974, -0.9995]
Running module mass_function_like
Model N: 2873809.129328033
Done mass_function_like status = 0 

Pipeline ran okay.
Likelihood mass_function_like_m_n = -4352.319302596152
Posterior = -4345.6404412537195 for parameter set #163: [0.3002976090987055, 0.801936826268099, -0.9995]
Running module mass_function_like
Model N: 2877770.8767463616
Done mass_function_like status = 0 

Pipeline ran okay.
Likelihood mass_function_like_m_n = -4135.383359588683
Posterior = -4128.704239574805 for parameter set #163: [0.2998080706209649, 0.8028376659530378, -0.9995]
Running module mass_function_like
Model N: 2896740.106955902
Done mass_function_like status = 0 

Pipeline ran okay.
Likelihood mass_function_like_m_n = -3176.057427048683
Posterior = -3169.3789385642676 for parameter set #163: [0.3004039093696475, 0.8041397922808792, -0.9995]
Running module mass_function_like
Model N: 3109225.0487911627
Done mass_function_like status = 0 

Pipeline ran okay.
Likelihood mass_function_like_m_n = -944.0027975067496
Posterior = -942.6417445173677 for parameter set #164: [0.33261365115692576, 0.7934130507067749, -0.9995]
Model N: 2881159.2730819904
Done mass_function_like status = 0 

Pipeline ran okay.
Likelihood mass_function_like_m_n = -3954.404350824654
Posterior = -3947.7599811533373 for parameter set #164: [0.3026432755056386, 0.8002893398392719, -0.9995]
Model N: 2971001.9107434517
Done mass_function_like status = 0 

Pipeline ran okay.
Likelihood mass_function_like_m_n = -656.2098406404257
Posterior = -649.8609269212538 for parameter set #164: [0.3081288434495733, 0.8037048879430932, -0.9995]
Model N: 2918241.7999802916
Done mass_function_like status = 0 

Pipeline ran okay.
Likelihood mass_function_like_m_n = -2245.8512046933174
Posterior = -2239.242703926505 for parameter set #164: [0.3037630687343571, 0.8028663361652713, -0.9995]
Running module mass_function_like
Running module mass_function_like
Running module mass_function_like
Running module mass_function_like
Model N: 2963450.447099974
Done mass_function_like status = 0 

Pipeline ran okay.
Likelihood mass_function_like_m_n = -824.2698008343577
Posterior = -818.5438619593255 for parameter set #165: [0.3138084417895566, 0.7973263372677103, -0.9995]
Running module mass_function_like
Model N: 2908671.9602188356
Done mass_function_like status = 0 

Pipeline ran okay.
Likelihood mass_function_like_m_n = -2639.381082266569
Posterior = -2632.7027984914093 for parameter set #165: [0.2995482427310462, 0.8062487056422883, -0.9995]
Running module mass_function_like
Model N: 3080003.8177353037
Done mass_function_like status = 0 

Pipeline ran okay.
Likelihood mass_function_like_m_n = -364.8791956529021
Posterior = -358.3107687279385 for parameter set #165: [0.30470908214722575, 0.8181738360489504, -0.9995]
Running module mass_function_like
Model N: 2940073.640868097
Done mass_function_like status = 0 

Pipeline ran okay.
Likelihood mass_function_like_m_n = -1469.835361868143
Posterior = -1463.1855376433339 for parameter set #165: [0.30242816694240693, 0.806424082906605, -0.9995]
Running module mass_function_like
Model N: 2922472.0711725224
Done mass_function_like status = 0 

Pipeline ran okay.
Likelihood mass_function_like_m_n = -2082.3037118911743
Posterior = -2075.910616623938 for parameter set #166: [0.3075658301735366, 0.7994552001349967, -0.9995]
Running module mass_function_like
Model N: 2930316.8326104735
Done mass_function_like status = 0 

Pipeline ran okay.
Likelihood mass_function_like_m_n = -1795.8225696608424
Posterior = -1789.1860512882583 for parameter set #166: [0.302925263260839, 0.8049322220506432, -0.9995]
Running module mass_function_like
Model N: 3013870.1975091132
Done mass_function_like status = 0 

Pipeline ran okay.
Likelihood mass_function_like_m_n = -70.6269644126296
Posterior = -64.02871002292679 for parameter set #166: [0.30402615967411567, 0.8122051547926258, -0.9995]
Running module mass_function_like
Model N: 2863510.804019873
Done mass_function_like status = 0 

Pipeline ran okay.
Likelihood mass_function_like_m_n = -4943.239298440516
Posterior = -4936.5600830666845 for parameter set #166: [0.2998667149830241, 0.8013395731152219, -0.9995]
Running module mass_function_like
Model N: 2956465.8859786396
Done mass_function_like status = 0 

Pipeline ran okay.
Likelihood mass_function_like_m_n = -997.2445262596011
Posterior = -990.5786595697459 for parameter set #167: [0.3016393601468243, 0.8088934238015095, -0.9995]
Running module mass_function_like
Model N: 2851951.800077664
Done mass_function_like status = 0 

Pipeline ran okay.
Likelihood mass_function_like_m_n = -5653.2417648509145
Posterior = -5646.563472481081 for parameter set #167: [0.2995501492522224, 0.8005172959939687, -0.9995]
Running module mass_function_like
Model N: 2814800.2002137266
Done mass_function_like status = 0 

Pipeline ran okay.
Likelihood mass_function_like_m_n = -8274.730098560452
Posterior = -8268.050821582601 for parameter set #167: [0.2999262159106611, 0.7963799209978389, -0.9995]
Running module mass_function_like
Model N: 2888780.701370062
Done mass_function_like status = 0 

Pipeline ran okay.
Likelihood mass_function_like_m_n = -3562.6488838866353
Posterior = -3555.9711668688124 for parameter set #167: [0.30056341467630066, 0.8031732136910301, -0.9995]
Running module mass_function_like
Model N: 3093606.8516518315
Done mass_function_like status = 0 

Pipeline ran okay.
Likelihood mass_function_like_m_n = -600.8184746652842
Posterior = -594.6757358829105 for parameter set #168: [0.3103592028258602, 0.8136380849714098, -0.9995]
Model N: 2932545.5472430624
Done mass_function_like status = 0 

Pipeline ran okay.
Likelihood mass_function_like_m_n = -1718.4030777215958
Posterior = -1711.7695048127273 for parameter set #168: [0.30302427807721627, 0.8050547899052326, -0.9995]
Model N: 2922044.3305501393
Done mass_function_like status = 0 

Pipeline ran okay.
Likelihood mass_function_like_m_n = -2098.5515604540706
Posterior = -2091.8824957940305 for parameter set #168: [0.30143105124089875, 0.8056346511385541, -0.9995]
Model N: 3097440.813358981
Done mass_function_like status = 0 

Pipeline ran okay.
Likelihood mass_function_like_m_n = -677.9336389750242
Posterior = -671.2948101739863 for parameter set #168: [0.3028451853110913, 0.8219344722216173, -0.9995]
Running module mass_function_like
Running module mass_function_like
Running module mass_function_like
Running module mass_function_like
Model N: 3080403.768204096
Done mass_function_like status = 0 

Pipeline ran okay.
Likelihood mass_function_like_m_n = -370.97450349479914
Posterior = -364.84489953687796 for parameter set #169: [0.3104852299964189, 0.812191501727833, -0.9995]
Running module mass_function_like
Model N: 2959394.768768719
Done mass_function_like status = 0 

Pipeline ran okay.
Likelihood mass_function_like_m_n = -922.6533722952008
Posterior = -916.8163597147283 for parameter set #169: [0.3129791495702735, 0.7977399803559424, -0.9995]
Running module mass_function_like
Model N: 3047776.0923709273
Done mass_function_like status = 0 

Pipeline ran okay.
Likelihood mass_function_like_m_n = -43.00071847438812
Posterior = -36.32193923671839 for parameter set #169: [0.2996759751119226, 0.8202836645116953, -0.9995]
Running module mass_function_like
Model N: 3028107.7650119765
Done mass_function_like status = 0 

Pipeline ran okay.
Likelihood mass_function_like_m_n = -12.763916358351707
Posterior = -6.154662747096413 for parameter set #169: [0.30374300913851154, 0.8139389859997899, -0.9995]
Running module mass_function_like
Model N: 3208448.5924035297
Done mass_function_like status = 0 

Pipeline ran okay.
Likelihood mass_function_like_m_n = -4880.682086274028
Posterior = -4874.395792325444 for parameter set #170: [0.308865779714455, 0.8267643982798867, -0.9995]
Running module mass_function_like
Model N: 2895982.829056424
Done mass_function_like status = 0 

Pipeline ran okay.
Likelihood mass_function_like_m_n = -3211.8509577438235
Posterior = -3205.249330529117 for parameter set #170: [0.30394149676147053, 0.8004597084781642, -0.9995]
Running module mass_function_like
Model N: 2881052.6607302306
Done mass_function_like status = 0 

Pipeline ran okay.
Likelihood mass_function_like_m_n = -3960.034690745175
Posterior = -3953.3556553629387 for parameter set #170: [0.29976813103952477, 0.8032099478244159, -0.9995]
Running module mass_function_like
Model N: 2879400.06864692
Done mass_function_like status = 0 

Pipeline ran okay.
Likelihood mass_function_like_m_n = -4047.8416657224298
Posterior = -4041.1631939884055 for parameter set #170: [0.3004080353626575, 0.8023872334797045, -0.9995]
Running module mass_function_like
Model N: 2918823.195305025
Done mass_function_like status = 0 

Pipeline ran okay.
Likelihood mass_function_like_m_n = -2222.9963552877307
Posterior = -2216.318156391271 for parameter set #171: [0.3004701705755328, 0.8063012336560333, -0.9995]
Running module mass_function_like
Model N: 2883186.4001064696
Done mass_function_like status = 0 

Pipeline ran okay.
Likelihood mass_function_like_m_n = -3848.1389843970537
Posterior = -3841.4597162129558 for parameter set #171: [0.2999151304386728, 0.8032742669831988, -0.9995]
Running module mass_function_like
Model N: 2956150.8219353515
Done mass_function_like status = 0 

Pipeline ran okay.
Likelihood mass_function_like_m_n = -1005.4456371739507
Posterior = -998.7800274037296 for parameter set #171: [0.3016549578900444, 0.8088453752299807, -0.9995]
Running module mass_function_like
Model N: 2777730.5046501462
Done mass_function_like status = 0 

Pipeline ran okay.
Likelihood mass_function_like_m_n = -11417.136914648116
Posterior = -11410.906221270458 for parameter set #171: [0.29052782157418333, 0.8022806914198038, -0.9995]
Running module mass_function_like
Model N: 2897959.494748773
Done mass_function_like status = 0 

Pipeline ran okay.
Likelihood mass_function_like_m_n = -3118.8573914393783
Posterior = -3112.1911985986208 for parameter set #172: [0.2983806570744459, 0.8063749486778548, -0.9995]
Model N: 2998945.808831777
Done mass_function_like status = 0 

Pipeline ran okay.
Likelihood mass_function_like_m_n = -203.96133798360825
Posterior = -197.30741633025042 for parameter set #172: [0.3022531109583133, 0.8125498577017524, -0.9995]
Model N: 3013021.3081443827
Done mass_function_like status = 0 

Pipeline ran okay.
Likelihood mass_function_like_m_n = -76.20893634110689
Posterior = -69.85350596378869 for parameter set #172: [0.308048277095031, 0.8079687531597574, -0.9995]
Model N: 2818799.8739345744
Done mass_function_like status = 0 

Pipeline ran okay.
Likelihood mass_function_like_m_n = -7967.368819095194
Posterior = -7961.241463278764 for parameter set #172: [0.28949335084929284, 0.8076114278439199, -0.9995]
Running module mass_function_like
Running module mass_function_like
Running module mass_function_like
Running module mass_function_like
Model N: 2886619.620393425
Done mass_function_like status = 0 

Pipeline ran okay.
Likelihood mass_function_like_m_n = -3671.583000585437
Posterior = -3664.9389184226584 for parameter set #173: [0.2973458698023027, 0.806299180936908, -0.9995]
Running module mass_function_like
Model N: 2907466.989563479
Done mass_function_like status = 0 

Pipeline ran okay.
Likelihood mass_function_like_m_n = -2691.254728220403
Posterior = -2684.57544341526 for parameter set #173: [0.29993772132498225, 0.8057039443611872, -0.9995]
Running module mass_function_like
Model N: 2934909.246630091
Done mass_function_like status = 0 

Pipeline ran okay.
Likelihood mass_function_like_m_n = -1638.2088835835457
Posterior = -1631.535899788956 for parameter set #173: [0.3011243134545629, 0.8072498061302792, -0.9995]
Running module mass_function_like
Model N: 2882244.7467961474
Done mass_function_like status = 0 

Pipeline ran okay.
Likelihood mass_function_like_m_n = -3897.3154019266367
Posterior = -3890.6413574567196 for parameter set #173: [0.30102564403113163, 0.8020423768840955, -0.9995]
Running module mass_function_like
Model N: 2935452.805021843
Done mass_function_like status = 0 

Pipeline ran okay.
Likelihood mass_function_like_m_n = -1620.0457116141915
Posterior = -1613.4193444772739 for parameter set #174: [0.3032538304010036, 0.8051114615241345, -0.9995]
Running module mass_function_like
Model N: 2935300.6153249918
Done mass_function_like status = 0 

Pipeline ran okay.
Likelihood mass_function_like_m_n = -1625.1206924319267
Posterior = -1618.465884451758 for parameter set #174: [0.30221342350856817, 0.8061646073094437, -0.9995]
Running module mass_function_like
Model N: 2887432.869816605
Done mass_function_like status = 0 

Pipeline ran okay.
Likelihood mass_function_like_m_n = -3630.389974847436
Posterior = -3623.715721308439 for parameter set #174: [0.3010050531640782, 0.8025853751956378, -0.9995]
Running module mass_function_like
Model N: 3133797.568305784
Done mass_function_like status = 0 

Pipeline ran okay.
Likelihood mass_function_like_m_n = -1638.5854247063398
Posterior = -1632.020130653745 for parameter set #174: [0.304775147028423, 0.8235685763755677, -0.9995]
Running module mass_function_like
Model N: 2992749.5610390543
Done mass_function_like status = 0 

Pipeline ran okay.
Likelihood mass_function_like_m_n = -281.34473502635956
Posterior = -276.9935785279192 for parameter set #175: [0.3215784508242361, 0.7926832194715491, -0.9995]
Running module mass_function_like
Model N: 2848808.898352939
Done mass_function_like status = 0 

Pipeline ran okay.
Likelihood mass_function_like_m_n = -5854.890951350331
Posterior = -5848.219847205181 for parameter set #175: [0.30128062899863367, 0.7984255724094085, -0.9995]
Running module mass_function_like
Model N: 2872292.899662996
Done mass_function_like status = 0 

Pipeline ran okay.
Likelihood mass_function_like_m_n = -4436.868876606226
Posterior = -4430.189575475816 for parameter set #175: [0.29997522945267957, 0.802113902400165, -0.9995]
Running module mass_function_like
Model N: 2914876.4341750927
Done mass_function_like status = 0 

Pipeline ran okay.
Likelihood mass_function_like_m_n = -2380.5118246376514
Posterior = -2373.8410861997795 for parameter set #175: [0.301308874358991, 0.8050379484075618, -0.9995]
Running module mass_function_like
Model N: 3108739.007066871
Done mass_function_like status = 0 

Pipeline ran okay.
Likelihood mass_function_like_m_n = -932.164975464344
Posterior = -931.5986228576186 for parameter set #176: [0.3349655590305226, 0.791199739948938, -0.9995]
Model N: 2923925.9635138405
Done mass_function_like status = 0 

Pipeline ran okay.
Likelihood mass_function_like_m_n = -2027.5628736540675
Posterior = -2020.9971684272675 for parameter set #176: [0.3047665285378411, 0.8024161772005273, -0.9995]
Model N: 3086709.7631693836
Done mass_function_like status = 0 

Pipeline ran okay.
Likelihood mass_function_like_m_n = -473.82916224747896
Posterior = -469.4863853135223 for parameter set #176: [0.3216172489662932, 0.8016979930956737, -0.9995]
Model N: 2922431.449393199
Done mass_function_like status = 0 

Pipeline ran okay.
Likelihood mass_function_like_m_n = -2083.843948945403
Posterior = -2077.3025079191984 for parameter set #176: [0.30525096509425664, 0.801776875196097, -0.9995]
Running module mass_function_like
Running module mass_function_like
Running module mass_function_like
Running module mass_function_like
Model N: 2962604.5982960756
Done mass_function_like status = 0 

Pipeline ran okay.
Likelihood mass_function_like_m_n = -844.319199539721
Posterior = -838.2681454566016 for parameter set #177: [0.311209372107221, 0.799796832971953, -0.9995]
Running module mass_function_like
Model N: 2941238.54261736
Done mass_function_like status = 0 

Pipeline ran okay.
Likelihood mass_function_like_m_n = -1433.1511449962854
Posterior = -1426.5104914267229 for parameter set #177: [0.3027803103692793, 0.8061789818169393, -0.9995]
Running module mass_function_like
Model N: 3003720.9054894396
Done mass_function_like status = 0 

Pipeline ran okay.
Likelihood mass_function_like_m_n = -153.1637031584978
Posterior = -146.7057429307002 for parameter set #177: [0.30665347984911073, 0.8084675363586589, -0.9995]
Running module mass_function_like
Model N: 2881784.028556682
Done mass_function_like status = 0 

Pipeline ran okay.
Likelihood mass_function_like_m_n = -3921.4936559423804
Posterior = -3914.826188347798 for parameter set #177: [0.3015386100043783, 0.8014733449443601, -0.9995]
Running module mass_function_like
Model N: 2940771.1668584403
Done mass_function_like status = 0 

Pipeline ran okay.
Likelihood mass_function_like_m_n = -1447.8122186884284
Posterior = -1441.1594252595823 for parameter set #178: [0.30230264063475415, 0.8066236418355756, -0.9995]
Running module mass_function_like
Model N: 2940086.391366912
Done mass_function_like status = 0 

Pipeline ran okay.
Likelihood mass_function_like_m_n = -1469.4312558546662
Posterior = -1462.773674647967 for parameter set #178: [0.3020843700060705, 0.8067798558812339, -0.9995]
Running module mass_function_like
Model N: 3127700.7423751135
Done mass_function_like status = 0 

Pipeline ran okay.
Likelihood mass_function_like_m_n = -1448.7387012913823
Posterior = -1442.2235275586236 for parameter set #178: [0.2942705940002224, 0.8345533547719493, -0.9995]
Running module mass_function_like
Model N: 2892278.972807534
Done mass_function_like status = 0 

Pipeline ran okay.
Likelihood mass_function_like_m_n = -3389.90766556561
Posterior = -3383.280228644379 for parameter set #178: [0.296779215093211, 0.8074663301740924, -0.9995]
Running module mass_function_like
Model N: 2917069.4968284606
Done mass_function_like status = 0 

Pipeline ran okay.
Likelihood mass_function_like_m_n = -2292.3010199591517
Posterior = -2285.621979836691 for parameter set #179: [0.30022981551283534, 0.806372661539301, -0.9995]
Running module mass_function_like
Model N: 2863813.011378183
Done mass_function_like status = 0 

Pipeline ran okay.
Likelihood mass_function_like_m_n = -4925.341202870011
Posterior = -4918.669181864273 for parameter set #179: [0.2987930871968589, 0.8024898479617502, -0.9995]
Running module mass_function_like
Model N: 3004991.6193284555
Done mass_function_like status = 0 

Pipeline ran okay.
Likelihood mass_function_like_m_n = -140.9382197856903
Posterior = -135.08886652472955 for parameter set #179: [0.3128837179210774, 0.802308162777369, -0.9995]
Running module mass_function_like
Model N: 2887131.5583470124
Done mass_function_like status = 0 

Pipeline ran okay.
Likelihood mass_function_like_m_n = -3645.624053157866
Posterior = -3638.948764731241 for parameter set #179: [0.3008961887842692, 0.8026664660071411, -0.9995]
Running module mass_function_like
Model N: 3013289.149542369
Done mass_function_like status = 0 

Pipeline ran okay.
Likelihood mass_function_like_m_n = -74.42172063142061
Posterior = -69.32617857856617 for parameter set #180: [0.3177975399730174, 0.7983018243561649, -0.9995]
Model N: 2926204.6700723325
Done mass_function_like status = 0 

Pipeline ran okay.
Likelihood mass_function_like_m_n = -1943.275332763791
Posterior = -1936.5976541297696 for parameter set #180: [0.3005701866867393, 0.8069439502926029, -0.9995]
Model N: 3031798.8464314
Done mass_function_like status = 0 

Pipeline ran okay.
Likelihood mass_function_like_m_n = -8.73403462767601
Posterior = -2.9688219400790157 for parameter set #180: [0.3135210318445983, 0.8043114563606734, -0.9995]
Model N: 2953142.8890814115
Done mass_function_like status = 0 

Pipeline ran okay.
Likelihood mass_function_like_m_n = -1085.4778263270855
Posterior = -1078.85096504052 for parameter set #180: [0.3032386080881922, 0.8069047088599058, -0.9995]
Running module mass_function_like
Running module mass_function_like
Running module mass_function_like
Running module mass_function_like
Model N: 2786487.3768917914
Done mass_function_like status = 0 

Pipeline ran okay.
Likelihood mass_function_like_m_n = -10626.6112838462
Posterior = -10619.974010204309 for parameter set #181: [0.29710067054579903, 0.796403768014636, -0.9995]
Running module mass_function_like
Model N: 3078605.0228570905
Done mass_function_like status = 0 

Pipeline ran okay.
Likelihood mass_function_like_m_n = -343.9636839777231
Posterior = -337.3987077120377 for parameter set #181: [0.3047817974157176, 0.817955091898685, -0.9995]
Running module mass_function_like
Model N: 2909400.059544626
Done mass_function_like status = 0 

Pipeline ran okay.
Likelihood mass_function_like_m_n = -2608.2889463230968
Posterior = -2601.636427028172 for parameter set #181: [0.2976854847857362, 0.8082626838926783, -0.9995]
Running module mass_function_like
Model N: 3136237.5503138956
Done mass_function_like status = 0 

Pipeline ran okay.
Likelihood mass_function_like_m_n = -1717.782365590334
Posterior = -1711.2857799294397 for parameter set #181: [0.30604513916160775, 0.8224563138596314, -0.9995]
Running module mass_function_like
Model N: 3127787.006311309
Done mass_function_like status = 0 

Pipeline ran okay.
Likelihood mass_function_like_m_n = -1451.3445619270205
Posterior = -1445.0012891680801 for parameter set #182: [0.30819794412483714, 0.8193180116533133, -0.9995]
Running module mass_function_like
Model N: 2937438.45544938
Done mass_function_like status = 0 

Pipeline ran okay.
Likelihood mass_function_like_m_n = -1554.5782267451286
Posterior = -1547.9545971195496 for parameter set #182: [0.303336901938361, 0.8052258835414196, -0.9995]
Running module mass_function_like
Model N: 2924802.5370732113
Done mass_function_like status = 0 

Pipeline ran okay.
Likelihood mass_function_like_m_n = -1994.9212383255363
Posterior = -1988.555347469442 for parameter set #182: [0.30791723868802834, 0.7993353623837853, -0.9995]
Running module mass_function_like
Model N: 2815160.8635752383
Done mass_function_like status = 0 

Pipeline ran okay.
Likelihood mass_function_like_m_n = -8246.76337979734
Posterior = -8240.148288610912 for parameter set #182: [0.29641634231873526, 0.8000027578608702, -0.9995]
Running module mass_function_like
Model N: 2841581.738781083
Done mass_function_like status = 0 

Pipeline ran okay.
Likelihood mass_function_like_m_n = -6332.605949670076
Posterior = -6325.990797412304 for parameter set #183: [0.2964180468864561, 0.8026825697647407, -0.9995]
Running module mass_function_like
Model N: 2919510.507594087
Done mass_function_like status = 0 

Pipeline ran okay.
Likelihood mass_function_like_m_n = -2196.133101478219
Posterior = -2189.5074113025044 for parameter set #183: [0.3032745693639235, 0.8034907883395137, -0.9995]
Running module mass_function_like
Model N: 2996381.081834938
Done mass_function_like status = 0 

Pipeline ran okay.
Likelihood mass_function_like_m_n = -234.41788712143898
Posterior = -227.75799183226107 for parameter set #183: [0.3019702238011095, 0.8125869269714837, -0.9995]
Running module mass_function_like
Model N: 2815326.357025991
Done mass_function_like status = 0 

Pipeline ran okay.
Likelihood mass_function_like_m_n = -8233.94727743417
Posterior = -8227.903028151928 for parameter set #183: [0.28873008503963826, 0.80806274844869, -0.9995]
Running module mass_function_like
Model N: 2951915.0231288597
Done mass_function_like status = 0 

Pipeline ran okay.
Likelihood mass_function_like_m_n = -1119.051817677915
Posterior = -1112.7219759606676 for parameter set #184: [0.30836017321665793, 0.8015782511952846, -0.9995]
Model N: 3022125.522972206
Done mass_function_like status = 0 

Pipeline ran okay.
Likelihood mass_function_like_m_n = -28.871534019708633
Posterior = -22.49349201497958 for parameter set #184: [0.3077622444380623, 0.8091700294647208, -0.9995]
Model N: 2921510.893345755
Done mass_function_like status = 0 

Pipeline ran okay.
Likelihood mass_function_like_m_n = -2118.9053995385766
Posterior = -2112.236231728447 for parameter set #184: [0.3014238250019199, 0.8055882383526887, -0.9995]
Model N: 2924667.611141065
Done mass_function_like status = 0 

Pipeline ran okay.
Likelihood mass_function_like_m_n = -1999.9278325662017
Posterior = -1993.2828877371262 for parameter set #184: [0.30262142591864594, 0.8046759649288802, -0.9995]
Running module mass_function_like
Running module mass_function_like
Running module mass_function_like
Running module mass_function_like
Model N: 3009291.360438022
Done mass_function_like status = 0 

Pipeline ran okay.
Likelihood mass_function_like_m_n = -103.59067434817553
Posterior = -99.11486765168777 for parameter set #185: [0.32099284402753686, 0.7948398726046624, -0.9995]
Running module mass_function_like
Model N: 2865159.10162619
Done mass_function_like status = 0 

Pipeline ran okay.
Likelihood mass_function_like_m_n = -4846.02980940789
Posterior = -4839.419684343005 for parameter set #185: [0.30371965410827034, 0.7976066716738606, -0.9995]
Running module mass_function_like
Model N: 2994555.3215946425
Done mass_function_like status = 0 

Pipeline ran okay.
Likelihood mass_function_like_m_n = -257.45293716341257
Posterior = -250.96557413114127 for parameter set #185: [0.30619582385222344, 0.8080202193073007, -0.9995]
Running module mass_function_like
Model N: 2886353.6199050737
Done mass_function_like status = 0 

Pipeline ran okay.
Likelihood mass_function_like_m_n = -3685.108806319535
Posterior = -3678.440153808003 for parameter set #185: [0.30145956752349956, 0.8020128298820233, -0.9995]
Running module mass_function_like
Model N: 2944917.4214158095
Done mass_function_like status = 0 

Pipeline ran okay.
Likelihood mass_function_like_m_n = -1320.420919060707
Posterior = -1313.771464241253 for parameter set #186: [0.30244333292271, 0.8068962561308661, -0.9995]
Running module mass_function_like
Model N: 2873381.0294471416
Done mass_function_like status = 0 

Pipeline ran okay.
Likelihood mass_function_like_m_n = -4376.105870321393
Posterior = -4369.428214156707 for parameter set #186: [0.3005741138606193, 0.8016112910611677, -0.9995]
Running module mass_function_like
Model N: 3031195.267654755
Done mass_function_like status = 0 

Pipeline ran okay.
Likelihood mass_function_like_m_n = -9.085242159664631
Posterior = -2.50568241582128 for parameter set #186: [0.2955335818720848, 0.8230728477187115, -0.9995]
Running module mass_function_like
Model N: 2971791.914809907
Done mass_function_like status = 0 

Pipeline ran okay.
Likelihood mass_function_like_m_n = -639.7620566412807
Posterior = -633.0837682504459 for parameter set #186: [0.30045073439528824, 0.8116870985278, -0.9995]
Running module mass_function_like
Model N: 2957610.3605511924
Done mass_function_like status = 0 

Pipeline ran okay.
Likelihood mass_function_like_m_n = -967.7436595335603
Posterior = -961.4772921118226 for parameter set #187: [0.3090877585418253, 0.8014137732380966, -0.9995]
Running module mass_function_like
Model N: 2924069.5994077176
Done mass_function_like status = 0 

Pipeline ran okay.
Likelihood mass_function_like_m_n = -2022.1955234259367
Posterior = -2015.5243553997868 for parameter set #187: [0.30127563099368704, 0.8059990944447315, -0.9995]
Running module mass_function_like
Model N: 3015609.9028865634
Done mass_function_like status = 0 

Pipeline ran okay.
Likelihood mass_function_like_m_n = -59.939096845686436
Posterior = -54.29309629798478 for parameter set #187: [0.31437569929157216, 0.8018747450347341, -0.9995]
Running module mass_function_like
Model N: 3027300.669708774
Done mass_function_like status = 0 

Pipeline ran okay.
Likelihood mass_function_like_m_n = -14.245193049311638
Posterior = -7.855220654819245 for parameter set #187: [0.30760699420031073, 0.8098465529980333, -0.9995]
Running module mass_function_like
Model N: 2981457.8494022177
Done mass_function_like status = 0 

Pipeline ran okay.
Likelihood mass_function_like_m_n = -455.8400655388832
Posterior = -449.4279779085185 for parameter set #188: [0.3073104933888971, 0.8055738608292132, -0.9995]
Model N: 3052970.79115467
Done mass_function_like status = 0 

Pipeline ran okay.
Likelihood mass_function_like_m_n = -72.14146928489208
Posterior = -65.63385397428405 for parameter set #188: [0.3058598444979737, 0.8142328238284157, -0.9995]
Model N: 2968869.231571723
Done mass_function_like status = 0 

Pipeline ran okay.
Likelihood mass_function_like_m_n = -701.6832517236471
Posterior = -695.0513760290638 for parameter set #188: [0.3030798864825484, 0.8086512591455983, -0.9995]
Model N: 2883379.401145993
Done mass_function_like status = 0 

Pipeline ran okay.
Likelihood mass_function_like_m_n = -3838.0997581779957
Posterior = -3831.4214051443973 for parameter set #188: [0.30043615701568493, 0.8027594129675434, -0.9995]
Running module mass_function_like
Running module mass_function_like
Running module mass_function_like
Running module mass_function_like
Model N: 3048024.1730163707
Done mass_function_like status = 0 

Pipeline ran okay.
Likelihood mass_function_like_m_n = -44.19225523620844
Posterior = -38.26311751212437 for parameter set #189: [0.31224880789486165, 0.8071853058061064, -0.9995]
Running module mass_function_like
Model N: 2958900.1426062905
Done mass_function_like status = 0 

Pipeline ran okay.
Likelihood mass_function_like_m_n = -935.0415692403913
Posterior = -928.6341097236303 for parameter set #189: [0.30737352943371515, 0.8032643141340965, -0.9995]
Running module mass_function_like
Model N: 2923478.9868190526
Done mass_function_like status = 0 

Pipeline ran okay.
Likelihood mass_function_like_m_n = -2044.312221556902
Posterior = -2037.644177356317 for parameter set #189: [0.29849933363299713, 0.8088436346493637, -0.9995]
Running module mass_function_like
Model N: 3005636.2800646215
Done mass_function_like status = 0 

Pipeline ran okay.
Likelihood mass_function_like_m_n = -134.94338069856167
Posterior = -128.35312154323 for parameter set #189: [0.30422007210787994, 0.8111731046598855, -0.9995]
Running module mass_function_like
Model N: 2863335.519779234
Done mass_function_like status = 0 

Pipeline ran okay.
Likelihood mass_function_like_m_n = -4953.635909408331
Posterior = -4946.957325409304 for parameter set #190: [0.29962047416875215, 0.801593186818218, -0.9995]
Running module mass_function_like
Model N: 2918696.5044110827
Done mass_function_like status = 0 

Pipeline ran okay.
Likelihood mass_function_like_m_n = -2227.966361001134
Posterior = -2221.294602940335 for parameter set #190: [0.3012285062076731, 0.8055057221469756, -0.9995]
Running module mass_function_like
Model N: 2930505.166431986
Done mass_function_like status = 0 

Pipeline ran okay.
Likelihood mass_function_like_m_n = -1789.2125296890736
Posterior = -1782.5768897693636 for parameter set #190: [0.3029551405584268, 0.8049206346384591, -0.9995]
Running module mass_function_like
Model N: 2887273.018196193
Done mass_function_like status = 0 

Pipeline ran okay.
Likelihood mass_function_like_m_n = -3638.4678370952606
Posterior = -3631.9494785243496 for parameter set #190: [0.3056735461115479, 0.7978529274271714, -0.9995]
Running module mass_function_like
Model N: 3116078.243220818
Done mass_function_like status = 0 

Pipeline ran okay.
Likelihood mass_function_like_m_n = -1118.7962525486946
Posterior = -1117.2969241762746 for parameter set #191: [0.3321868787734699, 0.794455064542427, -0.9995]
Running module mass_function_like
Model N: 2790783.9445959735
Done mass_function_like status = 0 

Pipeline ran okay.
Likelihood mass_function_like_m_n = -10249.705858282745
Posterior = -10243.061675292824 for parameter set #191: [0.2973496714019529, 0.7965853659246981, -0.9995]
Running module mass_function_like
Model N: 2734332.0286675654
Done mass_function_like status = 0 

Pipeline ran okay.
Likelihood mass_function_like_m_n = -15783.585243239999
Posterior = -15776.922429198488 for parameter set #191: [0.2981839517187666, 0.7900671501287643, -0.9995]
Running module mass_function_like
Model N: 2964675.9441926884
Done mass_function_like status = 0 

Pipeline ran okay.
Likelihood mass_function_like_m_n = -795.6598301827908
Posterior = -789.2389604189487 for parameter set #191: [0.29281064071744645, 0.8191492263648026, -0.9995]
Running module mass_function_like
Model N: 2899234.133745518
Done mass_function_like status = 0 

Pipeline ran okay.
Likelihood mass_function_like_m_n = -3059.6396747604012
Posterior = -3052.9664107528893 for parameter set #192: [0.29890089210736265, 0.8059640321432969, -0.9995]
Model N: 2975514.559629614
Done mass_function_like status = 0 

Pipeline ran okay.
Likelihood mass_function_like_m_n = -565.140039101243
Posterior = -558.5704270428382 for parameter set #192: [0.3046838475616822, 0.807665176964345, -0.9995]
Model N: 2921067.9900484807
Done mass_function_like status = 0 

Pipeline ran okay.
Likelihood mass_function_like_m_n = -2135.88166154176
Posterior = -2129.332940178739 for parameter set #192: [0.3051104370711194, 0.8017829094715538, -0.9995]
Model N: 2922768.4046758437
Done mass_function_like status = 0 

Pipeline ran okay.
Likelihood mass_function_like_m_n = -2071.0855026319623
Posterior = -2064.410116478218 for parameter set #192: [0.30088521687348374, 0.806270820909454, -0.9995]
Running module mass_function_like
Running module mass_function_like
Running module mass_function_like
Running module mass_function_like
Model N: 2923618.9833819843
Done mass_function_like status = 0 

Pipeline ran okay.
Likelihood mass_function_like_m_n = -2039.0585708990693
Posterior = -2032.382397186029 for parameter set #193: [0.2992087370512875, 0.808116793723315, -0.9995]
Running module mass_function_like
Model N: 2950321.6117083775
Done mass_function_like status = 0 

Pipeline ran okay.
Likelihood mass_function_like_m_n = -1163.403548747301
Posterior = -1156.7415055508386 for parameter set #193: [0.3018580097872577, 0.8080459191619571, -0.9995]
Running module mass_function_like
Model N: 2983195.392078495
Done mass_function_like status = 0 

Pipeline ran okay.
Likelihood mass_function_like_m_n = -426.1649769321084
Posterior = -420.3928012201415 for parameter set #193: [0.31346943567001456, 0.7995906192735714, -0.9995]
Running module mass_function_like
Model N: 3017327.4798228443
Done mass_function_like status = 0 

Pipeline ran okay.
Likelihood mass_function_like_m_n = -50.37751151621342
Posterior = -43.98470921951929 for parameter set #193: [0.30756970146856627, 0.8088880836646006, -0.9995]
Running module mass_function_like
Model N: 3083056.1977716377
Done mass_function_like status = 0 

Pipeline ran okay.
Likelihood mass_function_like_m_n = -412.69135332107544
Posterior = -406.029411865485 for parameter set #194: [0.30186347754050036, 0.8215200823359393, -0.9995]
Running module mass_function_like
Model N: 3053394.936040243
Done mass_function_like status = 0 

Pipeline ran okay.
Likelihood mass_function_like_m_n = -74.90899251401424
Posterior = -68.23082773588126 for parameter set #194: [0.29952262799051216, 0.8210254986649602, -0.9995]
Running module mass_function_like
Model N: 2975911.9839552315
Done mass_function_like status = 0 

Pipeline ran okay.
Likelihood mass_function_like_m_n = -557.4541948139668
Posterior = -550.7775350109546 for parameter set #194: [0.30072724071641355, 0.8118151393859706, -0.9995]
Running module mass_function_like
Model N: 3070072.3285735995
Done mass_function_like status = 0 

Pipeline ran okay.
Likelihood mass_function_like_m_n = -229.95977246016264
Posterior = -223.98674242566955 for parameter set #194: [0.2881149323618491, 0.8355049018543336, -0.9995]
Running module mass_function_like
Model N: 2854902.358095943
Done mass_function_like status = 0 

Pipeline ran okay.
Likelihood mass_function_like_m_n = -5467.2860000655055
Posterior = -5460.726772427376 for parameter set #195: [0.29509945798546644, 0.8054073419087922, -0.9995]
Running module mass_function_like
Model N: 2985427.61169935
Done mass_function_like status = 0 

Pipeline ran okay.
Likelihood mass_function_like_m_n = -389.5513909384608
Posterior = -382.8935369757284 for parameter set #195: [0.3020712428914914, 0.8113718449412806, -0.9995]
Running module mass_function_like
Model N: 2950855.4199614804
Done mass_function_like status = 0 

Pipeline ran okay.
Likelihood mass_function_like_m_n = -1148.4467838406563
Posterior = -1141.9446438517296 for parameter set #195: [0.3059525491914563, 0.8039015941456529, -0.9995]
Running module mass_function_like
Model N: 2952749.609048782
Done mass_function_like status = 0 

Pipeline ran okay.
Likelihood mass_function_like_m_n = -1096.174326352775
Posterior = -1089.7935092851747 for parameter set #195: [0.30772641094829656, 0.8022976511029419, -0.9995]
Running module mass_function_like
Model N: 3054370.939048861
Done mass_function_like status = 0 

Pipeline ran okay.
Likelihood mass_function_like_m_n = -81.49963410198689
Posterior = -75.10050454488604 for parameter set #196: [0.3074856481510869, 0.8126819154217718, -0.9995]
Model N: 2824829.98461727
Done mass_function_like status = 0 

Pipeline ran okay.
Likelihood mass_function_like_m_n = -7515.514178574085
Posterior = -7508.8373671892905 for parameter set #196: [0.30070608972741686, 0.7966008314163111, -0.9995]
Model N: 2799181.757542156
Done mass_function_like status = 0 

Pipeline ran okay.
Likelihood mass_function_like_m_n = -9533.767838716507
Posterior = -9527.143627000061 for parameter set #196: [0.29668058794772295, 0.7981138241342045, -0.9995]
Model N: 2969228.581517979
Done mass_function_like status = 0 

Pipeline ran okay.
Likelihood mass_function_like_m_n = -693.911532767117
Posterior = -687.7250337496849 for parameter set #196: [0.30992779110253765, 0.8017234400825365, -0.9995]
Running module mass_function_like
Running module mass_function_like
Running module mass_function_like
Running module mass_function_like
Model N: 2942505.737259974
Done mass_function_like status = 0 

Pipeline ran okay.
Likelihood mass_function_like_m_n = -1393.7858946472406
Posterior = -1387.1092246487271 for parameter set #197: [0.29927416258063283, 0.8099665210734125, -0.9995]
Running module mass_function_like
Model N: 2904532.775010574
Done mass_function_like status = 0 

Pipeline ran okay.
Likelihood mass_function_like_m_n = -2819.751698240638
Posterior = -2813.080995862666 for parameter set #197: [0.30131162649702026, 0.8039930437917828, -0.9995]
Running module mass_function_like
Model N: 2999042.6701379674
Done mass_function_like status = 0 

Pipeline ran okay.
Likelihood mass_function_like_m_n = -202.85459253191948
Posterior = -196.23143606047742 for parameter set #197: [0.3033510513833167, 0.811412475083331, -0.9995]
Running module mass_function_like
Model N: 2955777.2421213053
Done mass_function_like status = 0 

Pipeline ran okay.
Likelihood mass_function_like_m_n = -1015.2145613282919
Posterior = -1008.6296800809555 for parameter set #197: [0.30434564036647843, 0.8060324509805094, -0.9995]
Running module mass_function_like
Model N: 2981109.6298952424
Done mass_function_like status = 0 

Pipeline ran okay.
Likelihood mass_function_like_m_n = -461.91110699623823
Posterior = -458.52127015539924 for parameter set #198: [0.32564943413594627, 0.7877562980204689, -0.9995]
Running module mass_function_like
Model N: 2954945.8833420593
Done mass_function_like status = 0 

Pipeline ran okay.
Likelihood mass_function_like_m_n = -1037.128089107573
Posterior = -1030.8394619540504 for parameter set #198: [0.3088394235647751, 0.8013984811075998, -0.9995]
Running module mass_function_like
Model N: 2936167.417205652
Done mass_function_like status = 0 

Pipeline ran okay.
Likelihood mass_function_like_m_n = -1596.3249665424228
Posterior = -1589.6692273123563 for parameter set #198: [0.30217094303212677, 0.8062956412521539, -0.9995]
Running module mass_function_like
Model N: 3035694.765733243
Done mass_function_like status = 0 

Pipeline ran okay.
Likelihood mass_function_like_m_n = -9.357368536293507
Posterior = -2.7864312381097616 for parameter set #198: [0.3046554677557997, 0.8137498402601959, -0.9995]
Running module mass_function_like
Model N: 3081994.528138591
Done mass_function_like status = 0 

Pipeline ran okay.
Likelihood mass_function_like_m_n = -395.72395154833794
Posterior = -390.5913839748915 for parameter set #199: [0.31758827237032566, 0.8051993782889495, -0.9995]
Running module mass_function_like
Model N: 3025516.294579155
Done mass_function_like status = 0 

Pipeline ran okay.
Likelihood mass_function_like_m_n = -18.28550000488758
Posterior = -11.720575097696079 for parameter set #199: [0.3047828713367327, 0.8125904651138098, -0.9995]
Running module mass_function_like
Model N: 2912875.221736914
Done mass_function_like status = 0 

Pipeline ran okay.
Likelihood mass_function_like_m_n = -2462.5041070580482
Posterior = -2455.9522130840514 for parameter set #199: [0.3050479743326111, 0.8010288747682239, -0.9995]
Running module mass_function_like
Model N: 2912619.3192660687
Done mass_function_like status = 0 

Pipeline ran okay.
Likelihood mass_function_like_m_n = -2473.0919675156474
Posterior = -2466.418494562598 for parameter set #199: [0.30107993011446316, 0.8050457787871484, -0.9995]
Running module mass_function_like
Model N: 3014043.2990978714
Done mass_function_like status = 0 

Pipeline ran okay.
Likelihood mass_function_like_m_n = -69.51825680583715
Posterior = -63.241082068398825 for parameter set #200: [0.30896804840388215, 0.8071334464193082, -0.9995]
Model N: 2979998.8120507277
Done mass_function_like status = 0 

Pipeline ran okay.
Likelihood mass_function_like_m_n = -481.55432277172804
Posterior = -474.87517525433736 for parameter set #200: [0.3001770202923616, 0.8128091476231389, -0.9995]
Model N: 2960835.9691843875
Done mass_function_like status = 0 

Pipeline ran okay.
Likelihood mass_function_like_m_n = -887.040706217289
Posterior = -880.6150469530207 for parameter set #200: [0.30712242843476856, 0.8037106516434551, -0.9995]
Model N: 2940722.111198199
Done mass_function_like status = 0 

Pipeline ran okay.
Likelihood mass_function_like_m_n = -1449.3554842621088
Posterior = -1442.7071688985711 for parameter set #200: [0.30248953147289215, 0.8064262549676882, -0.9995]
Running module mass_function_like
Running module mass_function_like
Running module mass_function_like
Running module mass_function_like
Model N: 2913048.248354398
Done mass_function_like status = 0 

Pipeline ran okay.
Likelihood mass_function_like_m_n = -2455.3584673404694
Posterior = -2448.6962203408007 for parameter set #201: [0.2981529916815934, 0.8081450375084741, -0.9995]
Running module mass_function_like
Model N: 2983156.1237375163
Done mass_function_like status = 0 

Pipeline ran okay.
Likelihood mass_function_like_m_n = -426.8242623806
Posterior = -420.27735947878045 for parameter set #201: [0.3051458973268161, 0.8079565207740051, -0.9995]
Running module mass_function_like
Model N: 2868461.7948887716
Done mass_function_like status = 0 

Pipeline ran okay.
Likelihood mass_function_like_m_n = -4654.270977176726
Posterior = -4647.595558968052 for parameter set #201: [0.3008815882980128, 0.8008031745989788, -0.9995]
Running module mass_function_like
Model N: 2937384.0132762454
Done mass_function_like status = 0 

Pipeline ran okay.
Likelihood mass_function_like_m_n = -1556.3547126054764
Posterior = -1550.8110172728814 for parameter set #201: [0.2849294401848166, 0.8250479987518972, -0.9995]
Running module mass_function_like
Model N: 2976921.912769314
Done mass_function_like status = 0 

Pipeline ran okay.
Likelihood mass_function_like_m_n = -538.1664149016142
Posterior = -531.9598117904582 for parameter set #202: [0.30972317938900834, 0.8026889796402106, -0.9995]
Running module mass_function_like
Model N: 2944400.327815306
Done mass_function_like status = 0 

Pipeline ran okay.
Likelihood mass_function_like_m_n = -1335.9797997400165
Posterior = -1329.410398701191 for parameter set #202: [0.304688350658488, 0.8045426294402584, -0.9995]
Running module mass_function_like
Model N: 2999255.704335824
Done mass_function_like status = 0 

Pipeline ran okay.
Likelihood mass_function_like_m_n = -200.43157771229744
Posterior = -193.7685581949347 for parameter set #202: [0.3018046983652377, 0.8130518348227351, -0.9995]
Running module mass_function_like
Model N: 2880134.9874633187
Done mass_function_like status = 0 

Pipeline ran okay.
Likelihood mass_function_like_m_n = -4008.67001324147
Posterior = -4001.9936795107415 for parameter set #202: [0.30077077462096535, 0.8020904272832412, -0.9995]
Running module mass_function_like
Model N: 3001114.728222755
Done mass_function_like status = 0 

Pipeline ran okay.
Likelihood mass_function_like_m_n = -179.93655890971422
Posterior = -173.27714062661852 for parameter set #203: [0.30199428760285496, 0.8130412046114966, -0.9995]
Running module mass_function_like
Model N: 2960074.44318613
Done mass_function_like status = 0 

Pipeline ran okay.
Likelihood mass_function_like_m_n = -905.7687441930175
Posterior = -899.4388150015186 for parameter set #203: [0.3083591268301332, 0.802388336833724, -0.9995]
Running module mass_function_like
Model N: 2924609.6042836867
Done mass_function_like status = 0 

Pipeline ran okay.
Likelihood mass_function_like_m_n = -2002.082233324647
Posterior = -1995.5284642335669 for parameter set #203: [0.3050106907154619, 0.8022372203990776, -0.9995]
Running module mass_function_like
Model N: 3023035.108070983
Done mass_function_like status = 0 

Pipeline ran okay.
Likelihood mass_function_like_m_n = -25.657388739287853
Posterior = -20.192566157458995 for parameter set #203: [0.31558513148152006, 0.8014108470630769, -0.9995]
Running module mass_function_like
Model N: 2940930.1365002096
Done mass_function_like status = 0 

Pipeline ran okay.
Likelihood mass_function_like_m_n = -1442.8169156834483
Posterior = -1436.171994333138 for parameter set #204: [0.3026223214143165, 0.8063103637775272, -0.9995]
Model N: 3051213.7612638734
Done mass_function_like status = 0 

Pipeline ran okay.
Likelihood mass_function_like_m_n = -61.30071972310543
Posterior = -55.48852000831952 for parameter set #204: [0.3131689368099652, 0.8065760926199245, -0.9995]
Model N: 3039763.7931031133
Done mass_function_like status = 0 

Pipeline ran okay.
Likelihood mass_function_like_m_n = -15.342005126178265
Posterior = -8.856566089165707 for parameter set #204: [0.30622679951977966, 0.8125219084376781, -0.9995]
Model N: 2968767.075377126
Done mass_function_like status = 0 

Pipeline ran okay.
Likelihood mass_function_like_m_n = -703.9007118940353
Posterior = -697.5284461678557 for parameter set #204: [0.3078363061723048, 0.8037780792290075, -0.9995]
Running module mass_function_like
Running module mass_function_like
Running module mass_function_like
Running module mass_function_like
Model N: 3001897.0041377707
Done mass_function_like status = 0 

Pipeline ran okay.
Likelihood mass_function_like_m_n = -171.66028329730034
Posterior = -172.19562685645667 for parameter set #205: [0.3379859125399576, 0.7785598734881174, -0.9995]
Running module mass_function_like
Model N: 3035918.1459152186
Done mass_function_like status = 0 

Pipeline ran okay.
Likelihood mass_function_like_m_n = -9.544667720794678
Posterior = -2.994709372936496 for parameter set #205: [0.3050861744062118, 0.8133222618309938, -0.9995]
Running module mass_function_like
Model N: 3010396.0622117724
Done mass_function_like status = 0 

Pipeline ran okay.
Likelihood mass_function_like_m_n = -94.99582344293594
Posterior = -88.42424976432689 for parameter set #205: [0.3046417781011405, 0.8112143931179336, -0.9995]
Running module mass_function_like
Model N: 2949150.0948140016
Done mass_function_like status = 0 

Pipeline ran okay.
Likelihood mass_function_like_m_n = -1196.5764062777162
Posterior = -1189.9161838361758 for parameter set #205: [0.3019535484007276, 0.8078289755107572, -0.9995]
Running module mass_function_like
Model N: 3007179.454797555
Done mass_function_like status = 0 

Pipeline ran okay.
Likelihood mass_function_like_m_n = -121.15976242721081
Posterior = -114.4837381341709 for parameter set #206: [0.30080992657325123, 0.8149058021829461, -0.9995]
Running module mass_function_like
Model N: 2974867.9257900026
Done mass_function_like status = 0 

Pipeline ran okay.
Likelihood mass_function_like_m_n = -577.761035464704
Posterior = -571.3596390942984 for parameter set #206: [0.30745530452636877, 0.8047706779771003, -0.9995]
Running module mass_function_like
Model N: 3024119.9144503465
Done mass_function_like status = 0 

Pipeline ran okay.
Likelihood mass_function_like_m_n = -22.183111794292927
Posterior = -15.57468856656431 for parameter set #206: [0.3037651286985064, 0.8135127552230446, -0.9995]
Running module mass_function_like
Model N: 2967017.243489837
Done mass_function_like status = 0 

Pipeline ran okay.
Likelihood mass_function_like_m_n = -742.4414098858833
Posterior = -735.8420881629036 for parameter set #206: [0.30399956185926497, 0.8075159391431094, -0.9995]
Running module mass_function_like
Model N: 2911759.0390942465
Done mass_function_like status = 0 

Pipeline ran okay.
Likelihood mass_function_like_m_n = -2508.857400111854
Posterior = -2502.7451775270265 for parameter set #207: [0.31064970998180313, 0.795349244652836, -0.9995]
Running module mass_function_like
Model N: 3002607.3250444788
Done mass_function_like status = 0 

Pipeline ran okay.
Likelihood mass_function_like_m_n = -164.32371296733618
Posterior = -159.30167549188798 for parameter set #207: [0.3182058601711757, 0.7968703456818468, -0.9995]
Running module mass_function_like
Model N: 2895021.093735725
Done mass_function_like status = 0 

Pipeline ran okay.
Likelihood mass_function_like_m_n = -3257.60736259073
Posterior = -3250.9329748364767 for parameter set #207: [0.3009916092029255, 0.8033631584519256, -0.9995]
Running module mass_function_like
Model N: 2932692.4333603443
Done mass_function_like status = 0 

Pipeline ran okay.
Likelihood mass_function_like_m_n = -1713.3622203171253
Posterior = -1706.7264266756126 for parameter set #207: [0.30294993412799615, 0.80514563127839, -0.9995]
Running module mass_function_like
Model N: 2984243.058331547
Done mass_function_like status = 0 

Pipeline ran okay.
Likelihood mass_function_like_m_n = -408.7694801390171
Posterior = -407.58803713761637 for parameter set #208: [0.33315979854254085, 0.7812096764010713, -0.9995]
Model N: 2959511.3816666165
Done mass_function_like status = 0 

Pipeline ran okay.
Likelihood mass_function_like_m_n = -919.7450794950128
Posterior = -913.1367634155017 for parameter set #208: [0.3037679734287591, 0.807000117273117, -0.9995]
Model N: 2966850.6645341795
Done mass_function_like status = 0 

Pipeline ran okay.
Likelihood mass_function_like_m_n = -746.1653519645333
Posterior = -739.4868751347893 for parameter set #208: [0.30040678460299863, 0.8112316083597008, -0.9995]
Model N: 3024470.920440556
Done mass_function_like status = 0 

Pipeline ran okay.
Likelihood mass_function_like_m_n = -21.14254730939865
Posterior = -14.6125853275121 for parameter set #208: [0.30546520295000373, 0.8117754266440567, -0.9995]
Running module mass_function_like
Running module mass_function_like
Running module mass_function_like
Running module mass_function_like
Model N: 2929801.638087398
Done mass_function_like status = 0 

Pipeline ran okay.
Likelihood mass_function_like_m_n = -1813.9686150699854
Posterior = -1807.3311244377114 for parameter set #209: [0.29710816438793186, 0.8109495771333342, -0.9995]
Running module mass_function_like
Model N: 3021907.8517632596
Done mass_function_like status = 0 

Pipeline ran okay.
Likelihood mass_function_like_m_n = -29.68144464492798
Posterior = -23.289809812652592 for parameter set #209: [0.3075851086483295, 0.8093297695968958, -0.9995]
Running module mass_function_like
Model N: 2857418.6168657127
Done mass_function_like status = 0 

Pipeline ran okay.
Likelihood mass_function_like_m_n = -5311.261430233717
Posterior = -5304.65803854759 for parameter set #209: [0.29610352692341013, 0.8046191337604128, -0.9995]
Running module mass_function_like
Model N: 2842559.4578195615
Done mass_function_like status = 0 

Pipeline ran okay.
Likelihood mass_function_like_m_n = -6266.833296075463
Posterior = -6261.0727538566925 for parameter set #209: [0.2864444699141715, 0.8133699997168202, -0.9995]
Running module mass_function_like
Model N: 2920115.6248761397
Done mass_function_like status = 0 

Pipeline ran okay.
Likelihood mass_function_like_m_n = -2172.621557980776
Posterior = -2168.2396784880234 for parameter set #210: [0.3214355998542503, 0.7858636656481343, -0.9995]
Running module mass_function_like
Model N: 3094389.9462664737
Done mass_function_like status = 0 

Pipeline ran okay.
Likelihood mass_function_like_m_n = -616.1911773085594
Posterior = -609.5159698782975 for parameter set #210: [0.29909481846590863, 0.8257096877357656, -0.9995]
Running module mass_function_like
Model N: 2943217.8079347936
Done mass_function_like status = 0 

Pipeline ran okay.
Likelihood mass_function_like_m_n = -1371.912407413125
Posterior = -1365.4283286607222 for parameter set #210: [0.29375139302072434, 0.8159065419590427, -0.9995]
Running module mass_function_like
Model N: 3066906.49819464
Done mass_function_like status = 0 

Pipeline ran okay.
Likelihood mass_function_like_m_n = -193.61409403383732
Posterior = -187.0066321010248 for parameter set #210: [0.303790574244034, 0.8178185716731053, -0.9995]
Running module mass_function_like
Model N: 3005951.2587470803
Done mass_function_like status = 0 

Pipeline ran okay.
Likelihood mass_function_like_m_n = -132.06507512181997
Posterior = -125.52056782356424 for parameter set #211: [0.3051922422912352, 0.8101966237088042, -0.9995]
Running module mass_function_like
Model N: 2993638.0858641705
Done mass_function_like status = 0 

Pipeline ran okay.
Likelihood mass_function_like_m_n = -269.45085079967976
Posterior = -262.80655399729255 for parameter set #211: [0.29735396916408696, 0.8172261820254233, -0.9995]
Running module mass_function_like
Model N: 2953189.3877965785
Done mass_function_like status = 0 

Pipeline ran okay.
Likelihood mass_function_like_m_n = -1084.2167025059462
Posterior = -1077.879413853704 for parameter set #211: [0.3082706172208373, 0.8017944786472353, -0.9995]
Running module mass_function_like
Model N: 2932183.1098683407
Done mass_function_like status = 0 

Pipeline ran okay.
Likelihood mass_function_like_m_n = -1730.873808503151
Posterior = -1724.2375565819643 for parameter set #211: [0.3029343577533661, 0.8051104561375382, -0.9995]
Running module mass_function_like
Model N: 2985623.1336235036
Done mass_function_like status = 0 

Pipeline ran okay.
Likelihood mass_function_like_m_n = -386.425186753273
Posterior = -379.759515194898 for parameter set #212: [0.29834877984900965, 0.8153407768151069, -0.9995]
Model N: 3011954.882292194
Done mass_function_like status = 0 

Pipeline ran okay.
Likelihood mass_function_like_m_n = -83.56259079277515
Posterior = -77.01569641844185 for parameter set #212: [0.30514606303841874, 0.8108479332263028, -0.9995]
Model N: 2939862.731981201
Done mass_function_like status = 0 

Pipeline ran okay.
Likelihood mass_function_like_m_n = -1476.5280478075147
Posterior = -1469.879877037886 for parameter set #212: [0.3024953327906901, 0.8063336544689578, -0.9995]
Model N: 3026813.884554818
Done mass_function_like status = 0 

Pipeline ran okay.
Likelihood mass_function_like_m_n = -15.242823116481304
Posterior = -9.107882526094986 for parameter set #212: [0.31043420919786335, 0.8069157465401249, -0.9995]
Running module mass_function_like
Running module mass_function_like
Running module mass_function_like
Running module mass_function_like
Model N: 3011842.2082703565
Done mass_function_like status = 0 

Pipeline ran okay.
Likelihood mass_function_like_m_n = -84.36175241321325
Posterior = -80.01093471528134 for parameter set #213: [0.3215800208543842, 0.7945156378800498, -0.9995]
Running module mass_function_like
Model N: 3014632.4223004607
Done mass_function_like status = 0 

Pipeline ran okay.
Likelihood mass_function_like_m_n = -65.81991022080183
Posterior = -59.31302946917203 for parameter set #213: [0.3058723665873377, 0.8103652670523681, -0.9995]
Running module mass_function_like
Model N: 2976152.4263631576
Done mass_function_like status = 0 

Pipeline ran okay.
Likelihood mass_function_like_m_n = -552.8305117711425
Posterior = -546.2874470707421 for parameter set #213: [0.3052199520670186, 0.8071784884194034, -0.9995]
Running module mass_function_like
Model N: 3031045.770054481
Done mass_function_like status = 0 

Pipeline ran okay.
Likelihood mass_function_like_m_n = -9.190812647342682
Posterior = -2.59710469272353 for parameter set #213: [0.29586245861190374, 0.8226978098656911, -0.9995]
Running module mass_function_like
Model N: 2971418.607340098
Done mass_function_like status = 0 

Pipeline ran okay.
Likelihood mass_function_like_m_n = -647.5075501948595
Posterior = -641.1312111786694 for parameter set #214: [0.3077841529034327, 0.8040944490206168, -0.9995]
Running module mass_function_like
Model N: 2843392.3625841457
Done mass_function_like status = 0 

Pipeline ran okay.
Likelihood mass_function_like_m_n = -6211.085593312979
Posterior = -6204.494742408854 for parameter set #214: [0.30420602649029027, 0.7949541956156558, -0.9995]
Running module mass_function_like
Model N: 2910835.9811876845
Done mass_function_like status = 0 

Pipeline ran okay.
Likelihood mass_function_like_m_n = -2547.52723261714
Posterior = -2540.896417296371 for parameter set #214: [0.3031141251593854, 0.8027846011757337, -0.9995]
Running module mass_function_like
Model N: 3045546.900463512
Done mass_function_like status = 0 

Pipeline ran okay.
Likelihood mass_function_like_m_n = -33.19589554518461
Posterior = -26.632689719513643 for parameter set #214: [0.304818679749459, 0.8145732248472181, -0.9995]
Running module mass_function_like
Model N: 2905491.599269797
Done mass_function_like status = 0 

Pipeline ran okay.
Likelihood mass_function_like_m_n = -2777.422065369785
Posterior = -2771.3099458681177 for parameter set #215: [0.31065067788117945, 0.7947329712572413, -0.9995]
Running module mass_function_like
Model N: 3060323.9998977543
Done mass_function_like status = 0 

Pipeline ran okay.
Likelihood mass_function_like_m_n = -128.3973174020648
Posterior = -123.42141766668973 for parameter set #215: [0.3184575429726447, 0.8022305763316993, -0.9995]
Running module mass_function_like
Model N: 2922667.490799412
Done mass_function_like status = 0 

Pipeline ran okay.
Likelihood mass_function_like_m_n = -2074.9022677615285
Posterior = -2068.32668536982 for parameter set #215: [0.30455459782202315, 0.8025052645272498, -0.9995]
Running module mass_function_like
Model N: 2856419.4448342463
Done mass_function_like status = 0 

Pipeline ran okay.
Likelihood mass_function_like_m_n = -5372.934859745204
Posterior = -5366.264952584664 for parameter set #215: [0.301370914860213, 0.7990974161296555, -0.9995]
Running module mass_function_like
Model N: 3045487.5632532593
Done mass_function_like status = 0 

Pipeline ran okay.
Likelihood mass_function_like_m_n = -32.95710175484419
Posterior = -29.86893045210325 for parameter set #216: [0.32679974960916336, 0.7927986267628889, -0.9995]
Model N: 2967159.0810996606
Done mass_function_like status = 0 

Pipeline ran okay.
Likelihood mass_function_like_m_n = -739.2781074494123
Posterior = -732.7011538145986 for parameter set #216: [0.30452439086499894, 0.8069905437303031, -0.9995]
Model N: 3040727.572953114
Done mass_function_like status = 0 

Pipeline ran okay.
Likelihood mass_function_like_m_n = -17.556192062795162
Posterior = -11.132292682540028 for parameter set #216: [0.3071470947671773, 0.8116646837043947, -0.9995]
Model N: 2965826.1020966796
Done mass_function_like status = 0 

Pipeline ran okay.
Likelihood mass_function_like_m_n = -769.2801896184683
Posterior = -762.8849218128489 for parameter set #216: [0.307537060337967, 0.8037879382953743, -0.9995]
Running module mass_function_like
Running module mass_function_like
Running module mass_function_like
Running module mass_function_like
Model N: 3084530.346590156
Done mass_function_like status = 0 

Pipeline ran okay.
Likelihood mass_function_like_m_n = -436.8473189175129
Posterior = -430.551117018714 for parameter set #217: [0.308753311367835, 0.8143904960676591, -0.9995]
Running module mass_function_like
Model N: 2990382.7029106794
Done mass_function_like status = 0 

Pipeline ran okay.
Likelihood mass_function_like_m_n = -314.3328781723976
Posterior = -307.872939471187 for parameter set #217: [0.30662367718264716, 0.8071646910712852, -0.9995]
Running module mass_function_like
Model N: 2975182.990489434
Done mass_function_like status = 0 

Pipeline ran okay.
Likelihood mass_function_like_m_n = -571.5937052518129
Posterior = -565.1560615618039 for parameter set #217: [0.3069521292896655, 0.8053126733050294, -0.9995]
Running module mass_function_like
Model N: 2872306.3650908233
Done mass_function_like status = 0 

Pipeline ran okay.
Likelihood mass_function_like_m_n = -4436.114284835756
Posterior = -4429.981478420483 for parameter set #217: [0.28954535717456287, 0.8131052684041932, -0.9995]
Running module mass_function_like
Model N: 2928720.638321711
Done mass_function_like status = 0 

Pipeline ran okay.
Likelihood mass_function_like_m_n = -1852.348212569952
Posterior = -1846.2227024161707 for parameter set #218: [0.31052420110534595, 0.7971390012222346, -0.9995]
Running module mass_function_like
Model N: 2980822.669885384
Done mass_function_like status = 0 

Pipeline ran okay.
Likelihood mass_function_like_m_n = -466.94522365927696
Posterior = -460.66534801620935 for parameter set #218: [0.30893788067992145, 0.8038641782636354, -0.9995]
Running module mass_function_like
Model N: 2939950.3486945117
Done mass_function_like status = 0 

Pipeline ran okay.
Likelihood mass_function_like_m_n = -1473.7458468005061
Posterior = -1467.7027581469392 for parameter set #218: [0.3112802087280624, 0.7974993053726747, -0.9995]
Running module mass_function_like
Model N: 2885306.177571528
Done mass_function_like status = 0 

Pipeline ran okay.
Likelihood mass_function_like_m_n = -3738.6204882338643
Posterior = -3731.9756711245836 for parameter set #218: [0.29737370645091993, 0.8061365045541914, -0.9995]
Running module mass_function_like
Model N: 3073048.3316976945
Done mass_function_like status = 0 

Pipeline ran okay.
Likelihood mass_function_like_m_n = -267.06736850738525
Posterior = -275.29306467184426 for parameter set #219: [0.3545985354433051, 0.7707732122752491, -0.9995]
Running module mass_function_like
Model N: 3041090.7451960547
Done mass_function_like status = 0 

Pipeline ran okay.
Likelihood mass_function_like_m_n = -18.46960236877203
Posterior = -12.02425628993814 for parameter set #219: [0.30684044032904767, 0.8120184524617796, -0.9995]
Running module mass_function_like
Model N: 2974675.943004437
Done mass_function_like status = 0 

Pipeline ran okay.
Likelihood mass_function_like_m_n = -581.5357429683208
Posterior = -575.1097487721872 for parameter set #219: [0.3071177243860182, 0.8050937160239588, -0.9995]
Running module mass_function_like
Model N: 3026275.040146859
Done mass_function_like status = 0 

Pipeline ran okay.
Likelihood mass_function_like_m_n = -16.438633427023888
Posterior = -11.198521853372783 for parameter set #219: [0.3169658045766129, 0.8003743482419642, -0.9995]
Running module mass_function_like
Model N: 3110655.929008192
Done mass_function_like status = 0 

Pipeline ran okay.
Likelihood mass_function_like_m_n = -979.2829218506813
Posterior = -972.7982685120683 for parameter set #220: [0.3062394047744508, 0.8196569728853651, -0.9995]
Model N: 3013993.693865302
Done mass_function_like status = 0 

Pipeline ran okay.
Likelihood mass_function_like_m_n = -69.8349532186985
Posterior = -64.16721590826927 for parameter set #220: [0.31422369071571066, 0.8018664529076318, -0.9995]
Model N: 2986453.139422553
Done mass_function_like status = 0 

Pipeline ran okay.
Likelihood mass_function_like_m_n = -373.2990092039108
Posterior = -367.0331708123039 for parameter set #220: [0.30909357802741355, 0.8042657136957179, -0.9995]
Model N: 2908190.5619659694
Done mass_function_like status = 0 

Pipeline ran okay.
Likelihood mass_function_like_m_n = -2660.0426747724414
Posterior = -2653.379065448723 for parameter set #220: [0.30177171524752994, 0.8038896171888399, -0.9995]
Running module mass_function_like
Running module mass_function_like
Running module mass_function_like
Running module mass_function_like
Model N: 3010780.4483797685
Done mass_function_like status = 0 

Pipeline ran okay.
Likelihood mass_function_like_m_n = -92.10101010650396
Posterior = -88.12612636809541 for parameter set #221: [0.32325691492826014, 0.7928235870632737, -0.9995]
Running module mass_function_like
Model N: 2848613.117684774
Done mass_function_like status = 0 

Pipeline ran okay.
Likelihood mass_function_like_m_n = -5867.57434425503
Posterior = -5860.944609149111 for parameter set #221: [0.29685137832087316, 0.8029495419363591, -0.9995]
Running module mass_function_like
Model N: 2954735.0667674253
Done mass_function_like status = 0 

Pipeline ran okay.
Likelihood mass_function_like_m_n = -1042.7230939418077
Posterior = -1036.1520072557707 for parameter set #221: [0.3046522577803293, 0.8056142311978668, -0.9995]
Running module mass_function_like
Model N: 2918567.5145318196
Done mass_function_like status = 0 

Pipeline ran okay.
Likelihood mass_function_like_m_n = -2233.0324260890484
Posterior = -2226.9958073310922 for parameter set #221: [0.2886625801845919, 0.8188911802194939, -0.9995]
Running module mass_function_like
Model N: 3037779.780139715
Done mass_function_like status = 0 

Pipeline ran okay.
Likelihood mass_function_like_m_n = -11.74408495426178
Posterior = -5.214003995588898 for parameter set #222: [0.2945369744712784, 0.8248519747949529, -0.9995]
Running module mass_function_like
Model N: 3127480.357243196
Done mass_function_like status = 0 

Pipeline ran okay.
Likelihood mass_function_like_m_n = -1442.091785825789
Posterior = -1435.4458168308315 for parameter set #222: [0.2974179386780027, 0.8309925964978084, -0.9995]
Running module mass_function_like
Model N: 3078287.416487917
Done mass_function_like status = 0 

Pipeline ran okay.
Likelihood mass_function_like_m_n = -339.3018800467253
Posterior = -332.63386585349355 for parameter set #222: [0.3015026646384645, 0.8214208293257005, -0.9995]
Running module mass_function_like
Model N: 2975910.2135524205
Done mass_function_like status = 0 

Pipeline ran okay.
Likelihood mass_function_like_m_n = -557.4883129149675
Posterior = -551.1702824201697 for parameter set #222: [0.30850027886027587, 0.8038176705566813, -0.9995]
Running module mass_function_like
Model N: 3075508.5354800867
Done mass_function_like status = 0 

Pipeline ran okay.
Likelihood mass_function_like_m_n = -299.8916065171361
Posterior = -293.22230817706964 for parameter set #223: [0.3014146277421099, 0.8212311012987578, -0.9995]
Running module mass_function_like
Model N: 2896812.4824679517
Done mass_function_like status = 0 

Pipeline ran okay.
Likelihood mass_function_like_m_n = -3172.6473775804043
Posterior = -3165.9689136252546 for parameter set #223: [0.2995900626485453, 0.80500539830161, -0.9995]
Running module mass_function_like
Model N: 3009614.5399510222
Done mass_function_like status = 0 

Pipeline ran okay.
Likelihood mass_function_like_m_n = -101.03397217392921
Posterior = -95.48533099782688 for parameter set #223: [0.3150377060897456, 0.8006363536125877, -0.9995]
Running module mass_function_like
Model N: 2997316.741628852
Done mass_function_like status = 0 

Pipeline ran okay.
Likelihood mass_function_like_m_n = -223.04949617385864
Posterior = -216.40788796468416 for parameter set #223: [0.3027457599726025, 0.8118697719392939, -0.9995]
Running module mass_function_like
Model N: 2909167.569130712
Done mass_function_like status = 0 

Pipeline ran okay.
Likelihood mass_function_like_m_n = -2618.196370087564
Posterior = -2611.612088668032 for parameter set #224: [0.30435942149322925, 0.8013542977814072, -0.9995]
Model N: 3044990.196716307
Done mass_function_like status = 0 

Pipeline ran okay.
Likelihood mass_function_like_m_n = -31.000804215669632
Posterior = -24.3346476259875 for parameter set #224: [0.29837841999099207, 0.8213997013300552, -0.9995]
Model N: 2839164.0696987975
Done mass_function_like status = 0 

Pipeline ran okay.
Likelihood mass_function_like_m_n = -6496.788627073169
Posterior = -6490.109503894993 for parameter set #224: [0.299809726441523, 0.7989459867894229, -0.9995]
Model N: 2979416.5151437977
Done mass_function_like status = 0 

Pipeline ran okay.
Likelihood mass_function_like_m_n = -492.0197614207864
Posterior = -485.40205838916347 for parameter set #224: [0.29648998100611185, 0.816692012485633, -0.9995]
Running module mass_function_like
Running module mass_function_like
Running module mass_function_like
Running module mass_function_like
Model N: 2995467.9997998243
Done mass_function_like status = 0 

Pipeline ran okay.
Likelihood mass_function_like_m_n = -245.7971028238535
Posterior = -243.36080646292564 for parameter set #225: [0.32913076668192015, 0.785906121732689, -0.9995]
Running module mass_function_like
Model N: 2996472.5682815257
Done mass_function_like status = 0 

Pipeline ran okay.
Likelihood mass_function_like_m_n = -233.29327170550823
Posterior = -227.28559737854772 for parameter set #225: [0.31158990829428507, 0.8027553317538911, -0.9995]
Running module mass_function_like
Model N: 3046455.115235188
Done mass_function_like status = 0 

Pipeline ran okay.
Likelihood mass_function_like_m_n = -36.99452951550484
Posterior = -30.317200420565076 for parameter set #225: [0.2993714932982952, 0.820476416622704, -0.9995]
Running module mass_function_like
Model N: 2940072.4981368417
Done mass_function_like status = 0 

Pipeline ran okay.
Likelihood mass_function_like_m_n = -1469.8715816363692
Posterior = -1463.1974936292659 for parameter set #225: [0.3010213903472132, 0.807877900309549, -0.9995]
Running module mass_function_like
Model N: 2940644.386768901
Done mass_function_like status = 0 

Pipeline ran okay.
Likelihood mass_function_like_m_n = -1451.8023825734854
Posterior = -1445.150139403502 for parameter set #226: [0.3023264147664056, 0.8065864127475311, -0.9995]
Running module mass_function_like
Model N: 2974962.323157774
Done mass_function_like status = 0 

Pipeline ran okay.
Likelihood mass_function_like_m_n = -575.9096558913589
Posterior = -569.6153049034326 for parameter set #226: [0.3087744311540291, 0.8034473765748007, -0.9995]
Running module mass_function_like
Model N: 3032401.7857150063
Done mass_function_like status = 0 

Pipeline ran okay.
Likelihood mass_function_like_m_n = -8.503228299319744
Posterior = -2.3697772113676567 for parameter set #226: [0.31044847462894093, 0.8074555919125587, -0.9995]
Running module mass_function_like
Model N: 3059093.619344931
Done mass_function_like status = 0 

Pipeline ran okay.
Likelihood mass_function_like_m_n = -117.76205033063889
Posterior = -113.74188748987095 for parameter set #226: [0.3230614022016974, 0.7976431573652312, -0.9995]
Running module mass_function_like
Model N: 3033232.0550793763
Done mass_function_like status = 0 

Pipeline ran okay.
Likelihood mass_function_like_m_n = -8.38165108859539
Posterior = -2.1399603883451217 for parameter set #227: [0.30935535673355036, 0.8086488155668505, -0.9995]
Running module mass_function_like
Model N: 3011299.4488231395
Done mass_function_like status = 0 

Pipeline ran okay.
Likelihood mass_function_like_m_n = -88.27085851877928
Posterior = -81.70196534572544 for parameter set #227: [0.3046991706769675, 0.8112455832403228, -0.9995]
Running module mass_function_like
Model N: 2964534.3745662333
Done mass_function_like status = 0 

Pipeline ran okay.
Likelihood mass_function_like_m_n = -798.9383719339967
Posterior = -792.536583036253 for parameter set #227: [0.3074500375914019, 0.8037477218520397, -0.9995]
Running module mass_function_like
Model N: 2975436.3523403304
Done mass_function_like status = 0 

Pipeline ran okay.
Likelihood mass_function_like_m_n = -566.6588722616434
Posterior = -561.070925108218 for parameter set #227: [0.31477401126901455, 0.7975555906690045, -0.9995]
Running module mass_function_like
Model N: 2983238.210104862
Done mass_function_like status = 0 

Pipeline ran okay.
Likelihood mass_function_like_m_n = -425.44669395685196
Posterior = -419.20429461149035 for parameter set #228: [0.3093477789121116, 0.8036912313710233, -0.9995]
Model N: 3019724.907227067
Done mass_function_like status = 0 

Pipeline ran okay.
Likelihood mass_function_like_m_n = -38.67444556206465
Posterior = -32.13183993714968 for parameter set #228: [0.305228739301117, 0.8115436558933045, -0.9995]
Model N: 2947387.4842580208
Done mass_function_like status = 0 

Pipeline ran okay.
Likelihood mass_function_like_m_n = -1247.3887091130018
Posterior = -1240.7279945179005 for parameter set #228: [0.30192819102833673, 0.8076772670842964, -0.9995]
Model N: 2991004.8305906486
Done mass_function_like status = 0 

Pipeline ran okay.
Likelihood mass_function_like_m_n = -305.4779893383384
Posterior = -299.1746581313392 for parameter set #228: [0.29132851810460286, 0.8235236260561324, -0.9995]
Running module mass_function_like
Running module mass_function_like
Running module mass_function_like
Running module mass_function_like
Model N: 3006126.7061616094
Done mass_function_like status = 0 

Pipeline ran okay.
Likelihood mass_function_like_m_n = -130.47626248002052
Posterior = -123.99671813366461 for parameter set #229: [0.30632075710582674, 0.8090500998900687, -0.9995]
Running module mass_function_like
Model N: 2971745.8540514694
Done mass_function_like status = 0 

Pipeline ran okay.
Likelihood mass_function_like_m_n = -640.715150102973
Posterior = -634.0399277499957 for parameter set #229: [0.30090353144195325, 0.8112077299844237, -0.9995]
Running module mass_function_like
Model N: 2879398.3987732595
Done mass_function_like status = 0 

Pipeline ran okay.
Likelihood mass_function_like_m_n = -4047.930896036327
Posterior = -4041.2516582651747 for parameter set #229: [0.30011526244669623, 0.8026868220026667, -0.9995]
Running module mass_function_like
Model N: 2905411.531328435
Done mass_function_like status = 0 

Pipeline ran okay.
Likelihood mass_function_like_m_n = -2780.9442160874605
Posterior = -2774.3289836286604 for parameter set #229: [0.29642028661733727, 0.8091826321127151, -0.9995]
Running module mass_function_like
Model N: 2972490.902510786
Done mass_function_like status = 0 

Pipeline ran okay.
Likelihood mass_function_like_m_n = -625.3879584670067
Posterior = -619.0861413652838 for parameter set #230: [0.30868892509562906, 0.8032882561593342, -0.9995]
Running module mass_function_like
Model N: 3015136.022411189
Done mass_function_like status = 0 

Pipeline ran okay.
Likelihood mass_function_like_m_n = -62.75028959661722
Posterior = -56.23615316552829 for parameter set #230: [0.30574748235701976, 0.8105449784015586, -0.9995]
Running module mass_function_like
Model N: 3035857.052989332
Done mass_function_like status = 0 

Pipeline ran okay.
Likelihood mass_function_like_m_n = -9.491811141371727
Posterior = -2.9478971164769643 for parameter set #230: [0.30520365589591464, 0.8131936556045409, -0.9995]
Running module mass_function_like
Model N: 3033365.255188445
Done mass_function_like status = 0 

Pipeline ran okay.
Likelihood mass_function_like_m_n = -8.383304595947266
Posterior = -2.772502359842841 for parameter set #230: [0.2853815051239481, 0.8347563294301733, -0.9995]
Running module mass_function_like
Model N: 3068952.219613786
Done mass_function_like status = 0 

Pipeline ran okay.
Likelihood mass_function_like_m_n = -216.73117599636316
Posterior = -213.0702752548154 for parameter set #231: [0.32456991435378824, 0.7971476276575933, -0.9995]
Running module mass_function_like
Model N: 2966536.924785933
Done mass_function_like status = 0 

Pipeline ran okay.
Likelihood mass_function_like_m_n = -753.2051007822156
Posterior = -746.5636590746884 for parameter set #231: [0.3027518172462229, 0.8087559669342956, -0.9995]
Running module mass_function_like
Model N: 2936184.938152336
Done mass_function_like status = 0 

Pipeline ran okay.
Likelihood mass_function_like_m_n = -1595.7456355020404
Posterior = -1589.5092442017515 for parameter set #231: [0.309411831894177, 0.798973652346747, -0.9995]
Running module mass_function_like
Model N: 2959693.292111679
Done mass_function_like status = 0 

Pipeline ran okay.
Likelihood mass_function_like_m_n = -915.2176873609424
Posterior = -908.7553269931811 for parameter set #231: [0.3065870149620138, 0.8041394115350443, -0.9995]
Running module mass_function_like
Model N: 3085183.2482014853
Done mass_function_like status = 0 

Pipeline ran okay.
Likelihood mass_function_like_m_n = -447.7674277201295
Posterior = -441.17156698566964 for parameter set #232: [0.304085179649669, 0.8193610865646128, -0.9995]
Model N: 3037919.96072036
Done mass_function_like status = 0 

Pipeline ran okay.
Likelihood mass_function_like_m_n = -11.955836839973927
Posterior = -5.860041006997665 for parameter set #232: [0.31080285485724896, 0.8076444503975715, -0.9995]
Model N: 2892669.530996061
Done mass_function_like status = 0 

Pipeline ran okay.
Likelihood mass_function_like_m_n = -3370.8978441134095
Posterior = -3364.28562474065 for parameter set #232: [0.3036629175680176, 0.8004100506899242, -0.9995]
Model N: 3059342.7653120966
Done mass_function_like status = 0 

Pipeline ran okay.
Likelihood mass_function_like_m_n = -119.87603141367435
Posterior = -117.80807421585033 for parameter set #232: [0.3303688886872278, 0.7907878453931265, -0.9995]
Running module mass_function_like
Running module mass_function_like
Running module mass_function_like
Running module mass_function_like
Model N: 3095896.068442523
Done mass_function_like status = 0 

Pipeline ran okay.
Likelihood mass_function_like_m_n = -646.3034445643425
Posterior = -640.28646200436 for parameter set #233: [0.31150931482172406, 0.8126846539287788, -0.9995]
Running module mass_function_like
Model N: 2936516.6694186265
Done mass_function_like status = 0 

Pipeline ran okay.
Likelihood mass_function_like_m_n = -1584.7973036020994
Posterior = -1578.1812698580677 for parameter set #233: [0.30355725889635665, 0.8049077041759163, -0.9995]
Running module mass_function_like
Model N: 3017706.2937698695
Done mass_function_like status = 0 

Pipeline ran okay.
Likelihood mass_function_like_m_n = -48.401021771132946
Posterior = -42.07856691900693 for parameter set #233: [0.3084480689649669, 0.8080277855930246, -0.9995]
Running module mass_function_like
Model N: 3053062.4036670425
Done mass_function_like status = 0 

Pipeline ran okay.
Likelihood mass_function_like_m_n = -72.7342796549201
Posterior = -70.69528403606135 for parameter set #233: [0.26953589463170974, 0.8563854071444816, -0.9995]
Running module mass_function_like
Model N: 3009870.559856106
Done mass_function_like status = 0 

Pipeline ran okay.
Likelihood mass_function_like_m_n = -99.03340511769056
Posterior = -93.48924576780303 for parameter set #234: [0.3150674805353958, 0.8006323076238994, -0.9995]
Running module mass_function_like
Model N: 3026661.2297483687
Done mass_function_like status = 0 

Pipeline ran okay.
Likelihood mass_function_like_m_n = -15.571835786104202
Posterior = -10.423802399219433 for parameter set #234: [0.31750011892202695, 0.7998906482409702, -0.9995]
Running module mass_function_like
Model N: 2937960.237595112
Done mass_function_like status = 0 

Pipeline ran okay.
Likelihood mass_function_like_m_n = -1537.60495518893
Posterior = -1530.942319758242 for parameter set #234: [0.3018258569288036, 0.8068321226194113, -0.9995]
Running module mass_function_like
Model N: 2972244.719589644
Done mass_function_like status = 0 

Pipeline ran okay.
Likelihood mass_function_like_m_n = -630.4313664585352
Posterior = -624.0706624560651 for parameter set #234: [0.3079824832707631, 0.8039760337185919, -0.9995]
Running module mass_function_like
Model N: 3026703.383642972
Done mass_function_like status = 0 

Pipeline ran okay.
Likelihood mass_function_like_m_n = -15.480211518704891
Posterior = -8.94499209847518 for parameter set #235: [0.3053681426598124, 0.8121008381367743, -0.9995]
Running module mass_function_like
Model N: 2923815.350825773
Done mass_function_like status = 0 

Pipeline ran okay.
Likelihood mass_function_like_m_n = -2031.7012098878622
Posterior = -2025.3312684446125 for parameter set #235: [0.3078659106918471, 0.799288882446756, -0.9995]
Running module mass_function_like
Model N: 2922238.9407990635
Done mass_function_like status = 0 

Pipeline ran okay.
Likelihood mass_function_like_m_n = -2091.151177421212
Posterior = -2084.597786072769 for parameter set #235: [0.3050182237867008, 0.8019930768740012, -0.9995]
Running module mass_function_like
Model N: 3002577.3228477635
Done mass_function_like status = 0 

Pipeline ran okay.
Likelihood mass_function_like_m_n = -164.63015738129616
Posterior = -158.61745487516177 for parameter set #235: [0.31154644267448467, 0.8034009127701464, -0.9995]
Running module mass_function_like
Model N: 2986164.609007574
Done mass_function_like status = 0 

Pipeline ran okay.
Likelihood mass_function_like_m_n = -377.8354177251458
Posterior = -371.5456093608002 for parameter set #236: [0.3088260504639913, 0.8045071191501089, -0.9995]
Model N: 2957870.5732413284
Done mass_function_like status = 0 

Pipeline ran okay.
Likelihood mass_function_like_m_n = -961.0996007248759
Posterior = -954.4456623421739 for parameter set #236: [0.30225236833613883, 0.8083990825142348, -0.9995]
Model N: 3025757.5627533337
Done mass_function_like status = 0 

Pipeline ran okay.
Likelihood mass_function_like_m_n = -17.677546627819538
Posterior = -11.179392183906108 for parameter set #236: [0.3060191320702701, 0.8113302203566505, -0.9995]
Model N: 2993146.4206957463
Done mass_function_like status = 0 

Pipeline ran okay.
Likelihood mass_function_like_m_n = -275.9993000999093
Posterior = -269.6453558718367 for parameter set #236: [0.291933278606055, 0.8230770373471157, -0.9995]
Running module mass_function_like
Running module mass_function_like
Running module mass_function_like
Running module mass_function_like
Model N: 2999137.9316472616
Done mass_function_like status = 0 

Pipeline ran okay.
Likelihood mass_function_like_m_n = -201.7692126184702
Posterior = -196.75179395739033 for parameter set #237: [0.3182312124513448, 0.7965097662924177, -0.9995]
Running module mass_function_like
Model N: 2950041.805634513
Done mass_function_like status = 0 

Pipeline ran okay.
Likelihood mass_function_like_m_n = -1171.283094227314
Posterior = -1164.6168676284576 for parameter set #237: [0.2983827430968598, 0.8116708096739151, -0.9995]
Running module mass_function_like
Model N: 2926325.580806847
Done mass_function_like status = 0 

Pipeline ran okay.
Likelihood mass_function_like_m_n = -1938.8543560951948
Posterior = -1932.1756210627793 for parameter set #237: [0.299662608270813, 0.8079184062969873, -0.9995]
Running module mass_function_like
Model N: 2911559.6149573633
Done mass_function_like status = 0 

Pipeline ran okay.
Likelihood mass_function_like_m_n = -2517.186090454459
Posterior = -2510.5076052692257 for parameter set #237: [0.2995952746420814, 0.8064924066066423, -0.9995]
Running module mass_function_like
Model N: 3046564.253974898
Done mass_function_like status = 0 

Pipeline ran okay.
Likelihood mass_function_like_m_n = -37.46915289014578
Posterior = -30.79079834005325 for parameter set #238: [0.29956419081751956, 0.820279725693559, -0.9995]
Running module mass_function_like
Model N: 3058253.838799015
Done mass_function_like status = 0 

Pipeline ran okay.
Likelihood mass_function_like_m_n = -110.78481072187424
Posterior = -104.24110617172684 for parameter set #238: [0.30520767987039904, 0.8154482693953685, -0.9995]
Running module mass_function_like
Model N: 3043119.045460336
Done mass_function_like status = 0 

Pipeline ran okay.
Likelihood mass_function_like_m_n = -24.36612728983164
Posterior = -17.7932082502328 for parameter set #238: [0.30461270330091506, 0.814544034597802, -0.9995]
Running module mass_function_like
Model N: 2945724.7607180113
Done mass_function_like status = 0 

Pipeline ran okay.
Likelihood mass_function_like_m_n = -1296.3157849013805
Posterior = -1289.6373224060171 for parameter set #238: [0.30041029329675195, 0.8090855456978199, -0.9995]
Running module mass_function_like
Model N: 3026706.042775263
Done mass_function_like status = 0 

Pipeline ran okay.
Likelihood mass_function_like_m_n = -15.474451452493668
Posterior = -11.97496725581416 for parameter set #239: [0.32521832667577566, 0.7924959548686048, -0.9995]
Running module mass_function_like
Model N: 2881785.034107841
Done mass_function_like status = 0 

Pipeline ran okay.
Likelihood mass_function_like_m_n = -3921.4408007264137
Posterior = -3922.5851237118886 for parameter set #239: [0.3395566105317051, 0.7661893983326347, -0.9995]
Running module mass_function_like
Model N: 2927114.322960804
Done mass_function_like status = 0 

Pipeline ran okay.
Likelihood mass_function_like_m_n = -1910.1418616846204
Posterior = -1903.463053314827 for parameter set #239: [0.3003149058642828, 0.8073006432429786, -0.9995]
Running module mass_function_like
Model N: 2963384.885596367
Done mass_function_like status = 0 

Pipeline ran okay.
Likelihood mass_function_like_m_n = -825.8149876669049
Posterior = -819.3489784915186 for parameter set #239: [0.30653138611511793, 0.8045638552033173, -0.9995]
Running module mass_function_like
Model N: 3061214.809760856
Done mass_function_like status = 0 

Pipeline ran okay.
Likelihood mass_function_like_m_n = -136.4033890813589
Posterior = -129.9448171844077 for parameter set #240: [0.3066442802674028, 0.8142437959343112, -0.9995]
Model N: 3021474.942022511
Done mass_function_like status = 0 

Pipeline ran okay.
Likelihood mass_function_like_m_n = -31.338991843163967
Posterior = -25.15610734924143 for parameter set #240: [0.3099641327207907, 0.8068614678394739, -0.9995]
Model N: 3061451.5357391974
Done mass_function_like status = 0 

Pipeline ran okay.
Likelihood mass_function_like_m_n = -138.57414666563272
Posterior = -132.1605731645371 for parameter set #240: [0.30729013987814485, 0.8135952474291541, -0.9995]
Model N: 3042614.411266173
Done mass_function_like status = 0 

Pipeline ran okay.
Likelihood mass_function_like_m_n = -22.77309811115265
Posterior = -19.420712533111953 for parameter set #240: [0.32579503293376266, 0.7934694799236319, -0.9995]
Running module mass_function_like
Running module mass_function_like
Running module mass_function_like
Running module mass_function_like
Model N: 3051336.752134806
Done mass_function_like status = 0 

Pipeline ran okay.
Likelihood mass_function_like_m_n = -62.02683877199888
Posterior = -55.39697650427541 for parameter set #241: [0.2968554195641795, 0.8237125688022111, -0.9995]
Running module mass_function_like
Model N: 3010920.549024894
Done mass_function_like status = 0 

Pipeline ran okay.
Likelihood mass_function_like_m_n = -91.05820649117231
Posterior = -84.3898772563389 for parameter set #241: [0.30148155077380334, 0.8145760405515609, -0.9995]
Running module mass_function_like
Model N: 3016478.7980907145
Done mass_function_like status = 0 

Pipeline ran okay.
Likelihood mass_function_like_m_n = -54.97912918776274
Posterior = -48.39019581380859 for parameter set #241: [0.30425137211629505, 0.8122333526246794, -0.9995]
Running module mass_function_like
Model N: 3003237.045080817
Done mass_function_like status = 0 

Pipeline ran okay.
Likelihood mass_function_like_m_n = -157.9615878611803
Posterior = -151.34049150265523 for parameter set #241: [0.3034119742022796, 0.8117724334903453, -0.9995]
Running module mass_function_like
Model N: 2983434.7357446025
Done mass_function_like status = 0 

Pipeline ran okay.
Likelihood mass_function_like_m_n = -422.1579432860017
Posterior = -415.9699876231504 for parameter set #242: [0.3099131078422355, 0.8031430226377487, -0.9995]
Running module mass_function_like
Model N: 2952231.017378759
Done mass_function_like status = 0 

Pipeline ran okay.
Likelihood mass_function_like_m_n = -1110.3613362833858
Posterior = -1103.6822168686965 for parameter set #242: [0.30019224131755373, 0.8099726719701976, -0.9995]
Running module mass_function_like
Model N: 2959699.1957851606
Done mass_function_like status = 0 

Pipeline ran okay.
Likelihood mass_function_like_m_n = -915.070948548615
Posterior = -909.0171753018807 for parameter set #242: [0.31118508785460247, 0.7995347331109728, -0.9995]
Running module mass_function_like
Model N: 3034658.937849056
Done mass_function_like status = 0 

Pipeline ran okay.
Likelihood mass_function_like_m_n = -8.703547582030296
Posterior = -2.2648651103216046 for parameter set #242: [0.306937171276558, 0.8112733932510473, -0.9995]
Running module mass_function_like
Model N: 3067594.411988216
Done mass_function_like status = 0 

Pipeline ran okay.
Likelihood mass_function_like_m_n = -201.23714489489794
Posterior = -194.72464185821735 for parameter set #243: [0.30577583174321415, 0.8157948941408906, -0.9995]
Running module mass_function_like
Model N: 2932781.455490655
Done mass_function_like status = 0 

Pipeline ran okay.
Likelihood mass_function_like_m_n = -1710.3108502998948
Posterior = -1703.9505737785787 for parameter set #243: [0.30798783671583224, 0.8000550863897969, -0.9995]
Running module mass_function_like
Model N: 2968591.7546995366
Done mass_function_like status = 0 

Pipeline ran okay.
Likelihood mass_function_like_m_n = -707.7146930545568
Posterior = -701.9481187985883 for parameter set #243: [0.31351095808846774, 0.7981197423926599, -0.9995]
Running module mass_function_like
Model N: 2967902.3954671603
Done mass_function_like status = 0 

Pipeline ran okay.
Likelihood mass_function_like_m_n = -722.8138265311718
Posterior = -716.2817937808153 for parameter set #243: [0.30542718063000784, 0.8061401617397115, -0.9995]
Running module mass_function_like
Model N: 2986138.953155127
Done mass_function_like status = 0 

Pipeline ran okay.
Likelihood mass_function_like_m_n = -378.24016178399324
Posterior = -371.6297486942014 for parameter set #244: [0.3037119027066545, 0.809736441680869, -0.9995]
Model N: 2961927.4539792077
Done mass_function_like status = 0 

Pipeline ran okay.
Likelihood mass_function_like_m_n = -860.5479418560863
Posterior = -853.9201049516314 for parameter set #244: [0.3032083420595484, 0.8078197014994335, -0.9995]
Model N: 2992016.692628494
Done mass_function_like status = 0 

Pipeline ran okay.
Likelihood mass_function_like_m_n = -291.3561913743615
Posterior = -284.7273188615711 for parameter set #244: [0.29682410058346304, 0.8176287368027756, -0.9995]
Model N: 3033475.2518499573
Done mass_function_like status = 0 

Pipeline ran okay.
Likelihood mass_function_like_m_n = -8.389079377055168
Posterior = -2.3706633322731996 for parameter set #244: [0.3114968530783709, 0.8065033386146269, -0.9995]
Running module mass_function_like
Running module mass_function_like
Running module mass_function_like
Running module mass_function_like
Model N: 3035767.1880055857
Done mass_function_like status = 0 

Pipeline ran okay.
Likelihood mass_function_like_m_n = -9.41629382967949
Posterior = -7.952223268824904 for parameter set #245: [0.3322962339521363, 0.7868036272918407, -0.9995]
Running module mass_function_like
Model N: 2876222.9979295153
Done mass_function_like status = 0 

Pipeline ran okay.
Likelihood mass_function_like_m_n = -4219.456422902644
Posterior = -4212.8004365550805 for parameter set #245: [0.29784046992394936, 0.8047293854413563, -0.9995]
Running module mass_function_like
Model N: 2892987.1659192885
Done mass_function_like status = 0 

Pipeline ran okay.
Likelihood mass_function_like_m_n = -3355.47822355479
Posterior = -3348.799400789756 for parameter set #245: [0.29968969908929466, 0.8045157754753188, -0.9995]
Running module mass_function_like
Model N: 2903246.5157414568
Done mass_function_like status = 0 

Pipeline ran okay.
Likelihood mass_function_like_m_n = -2877.0559308975935
Posterior = -2870.3773318962235 for parameter set #245: [0.2996244478890616, 0.8056207215798405, -0.9995]
Running module mass_function_like
Model N: 3048774.5388222057
Done mass_function_like status = 0 

Pipeline ran okay.
Likelihood mass_function_like_m_n = -47.91856922954321
Posterior = -44.510004780226055 for parameter set #246: [0.3255763161889786, 0.7942632833335275, -0.9995]
Running module mass_function_like
Model N: 2997213.9004834825
Done mass_function_like status = 0 

Pipeline ran okay.
Likelihood mass_function_like_m_n = -224.28456763923168
Posterior = -222.64973608036073 for parameter set #246: [0.331763100098823, 0.7836768774104867, -0.9995]
Running module mass_function_like
Model N: 3035161.4909350495
Done mass_function_like status = 0 

Pipeline ran okay.
Likelihood mass_function_like_m_n = -8.976641103625298
Posterior = -2.435674910188565 for parameter set #246: [0.3052600000926515, 0.8130649041271646, -0.9995]
Running module mass_function_like
Model N: 3033582.164191414
Done mass_function_like status = 0 

Pipeline ran okay.
Likelihood mass_function_like_m_n = -8.398514352738857
Posterior = -2.385291070012986 for parameter set #246: [0.28845806848413724, 0.8312331885907677, -0.9995]
Running module mass_function_like
Model N: 3028723.7312463564
Done mass_function_like status = 0 

Pipeline ran okay.
Likelihood mass_function_like_m_n = -11.778411656618118
Posterior = -5.519449690633843 for parameter set #247: [0.30916888469036363, 0.8083899564790408, -0.9995]
Running module mass_function_like
Model N: 2998892.192660575
Done mass_function_like status = 0 

Pipeline ran okay.
Likelihood mass_function_like_m_n = -204.57532139867544
Posterior = -198.53108964856918 for parameter set #247: [0.31127007052510264, 0.803313112313076, -0.9995]
Running module mass_function_like
Model N: 3025484.1820827443
Done mass_function_like status = 0 

Pipeline ran okay.
Likelihood mass_function_like_m_n = -18.367872305214405
Posterior = -13.710238218986644 for parameter set #247: [0.3201080586436505, 0.7972495556304849, -0.9995]
Running module mass_function_like
Model N: 2906430.896060551
Done mass_function_like status = 0 

Pipeline ran okay.
Likelihood mass_function_like_m_n = -2736.274829238653
Posterior = -2729.915888649827 for parameter set #247: [0.30800454382815456, 0.7974309427251157, -0.9995]
Running module mass_function_like
Model N: 2944135.6466562785
Done mass_function_like status = 0 

Pipeline ran okay.
Likelihood mass_function_like_m_n = -1343.980013847351
Posterior = -1338.1115480076116 for parameter set #248: [0.3127345071249003, 0.7964851426284066, -0.9995]
Model N: 3040726.8157924623
Done mass_function_like status = 0 

Pipeline ran okay.
Likelihood mass_function_like_m_n = -17.554332934319973
Posterior = -11.093068536360331 for parameter set #248: [0.30660363233910787, 0.8122274289259483, -0.9995]
Model N: 3050585.2675294303
Done mass_function_like status = 0 

Pipeline ran okay.
Likelihood mass_function_like_m_n = -57.66713920980692
Posterior = -56.835764793306225 for parameter set #248: [0.3341992098792048, 0.7864611217794173, -0.9995]
Model N: 2969154.2750595207
Done mass_function_like status = 0 

Pipeline ran okay.
Likelihood mass_function_like_m_n = -695.5149265155196
Posterior = -689.8945154861788 for parameter set #248: [0.2854473839536025, 0.8278321323230174, -0.9995]
Running module mass_function_like
Running module mass_function_like
Running module mass_function_like
Running module mass_function_like
Model N: 3052728.972771623
Done mass_function_like status = 0 

Pipeline ran okay.
Likelihood mass_function_like_m_n = -70.58982031792402
Posterior = -72.26788006308789 for parameter set #249: [0.34088364940529176, 0.7806879990851102, -0.9995]
Running module mass_function_like
Model N: 3054898.2199002407
Done mass_function_like status = 0 

Pipeline ran okay.
Likelihood mass_function_like_m_n = -85.18906892836094
Posterior = -81.29967105098754 for parameter set #249: [0.32362162704360903, 0.7967047958137428, -0.9995]
Running module mass_function_like
Model N: 3015581.0635465505
Done mass_function_like status = 0 

Pipeline ran okay.
Likelihood mass_function_like_m_n = -60.10803922265768
Posterior = -53.56965134101175 for parameter set #249: [0.30530879113667636, 0.8110439427399737, -0.9995]
Running module mass_function_like
Model N: 3013512.131800018
Done mass_function_like status = 0 

Pipeline ran okay.
Likelihood mass_function_like_m_n = -72.95211581885815
Posterior = -66.29831140060696 for parameter set #249: [0.30225830821895583, 0.814020410836676, -0.9995]
Running module mass_function_like
Model N: 3007470.387718036
Done mass_function_like status = 0 

Pipeline ran okay.
Likelihood mass_function_like_m_n = -118.650668784976
Posterior = -113.01327834462252 for parameter set #250: [0.3144354685269077, 0.8010187088283083, -0.9995]
Running module mass_function_like
Model N: 3011148.6923798276
Done mass_function_like status = 0 

Pipeline ran okay.
Likelihood mass_function_like_m_n = -89.37413384020329
Posterior = -82.76418437559856 for parameter set #250: [0.3037243719928459, 0.8122453763224029, -0.9995]
Running module mass_function_like
Model N: 2942912.673898548
Done mass_function_like status = 0 

Pipeline ran okay.
Likelihood mass_function_like_m_n = -1381.2638130411506
Posterior = -1374.5879839335357 for parameter set #250: [0.2991663225209429, 0.8101208933017587, -0.9995]
Running module mass_function_like
Model N: 2990537.9686026294
Done mass_function_like status = 0 

Pipeline ran okay.
Likelihood mass_function_like_m_n = -312.11065346747637
Posterior = -305.89105482453 for parameter set #250: [0.30958859275768663, 0.8041723217653273, -0.9995]
Running module mass_function_like
Model N: 3047494.8624848407
Done mass_function_like status = 0 

Pipeline ran okay.
Likelihood mass_function_like_m_n = -41.674269802868366
Posterior = -35.21760989885327 for parameter set #251: [0.3066729947444173, 0.8128348275154257, -0.9995]
Running module mass_function_like
Model N: 2966844.940764207
Done mass_function_like status = 0 

Pipeline ran okay.
Likelihood mass_function_like_m_n = -746.2934791520238
Posterior = -740.223206807423 for parameter set #251: [0.31103659235189374, 0.8003852508725083, -0.9995]
Running module mass_function_like
Model N: 3011159.7855518917
Done mass_function_like status = 0 

Pipeline ran okay.
Likelihood mass_function_like_m_n = -89.29269194602966
Posterior = -82.63787345276374 for parameter set #251: [0.29778705151238094, 0.8185603748135253, -0.9995]
Running module mass_function_like
Model N: 2938509.1434716564
Done mass_function_like status = 0 

Pipeline ran okay.
Likelihood mass_function_like_m_n = -1519.852627672255
Posterior = -1513.459215946258 for parameter set #251: [0.30756164627991966, 0.8010495429945682, -0.9995]
Running module mass_function_like
Model N: 2954442.0098634264
Done mass_function_like status = 0 

Pipeline ran okay.
Likelihood mass_function_like_m_n = -1050.526383124292
Posterior = -1043.9659191284532 for parameter set #252: [0.295124752263289, 0.8155868019583654, -0.9995]
Model N: 2985952.611823859
Done mass_function_like status = 0 

Pipeline ran okay.
Likelihood mass_function_like_m_n = -381.1865823343396
Posterior = -374.64666680102107 for parameter set #252: [0.305279936836585, 0.8080991197963985, -0.9995]
Model N: 3042998.998529819
Done mass_function_like status = 0 

Pipeline ran okay.
Likelihood mass_function_like_m_n = -23.979600973427296
Posterior = -21.61660012055612 for parameter set #252: [0.32938129794763676, 0.7901581543422665, -0.9995]
Model N: 3032003.691472257
Done mass_function_like status = 0 

Pipeline ran okay.
Likelihood mass_function_like_m_n = -8.64216673374176
Posterior = -1.9715054286424838 for parameter set #252: [0.3013147542136022, 0.8168975987592316, -0.9995]
Running module mass_function_like
Running module mass_function_like
Running module mass_function_like
Running module mass_function_like
Model N: 3027823.556324667
Done mass_function_like status = 0 

Pipeline ran okay.
Likelihood mass_function_like_m_n = -13.260943822562695
Posterior = -13.013820602006582 for parameter set #253: [0.3358669234190893, 0.7828398711576248, -0.9995]
Running module mass_function_like
Model N: 2884835.693773271
Done mass_function_like status = 0 

Pipeline ran okay.
Likelihood mass_function_like_m_n = -3762.786628007889
Posterior = -3756.1247604265063 for parameter set #253: [0.2981325623476143, 0.8053006311139576, -0.9995]
Running module mass_function_like
Model N: 3030165.589644576
Done mass_function_like status = 0 

Pipeline ran okay.
Likelihood mass_function_like_m_n = -9.962004877626896
Posterior = -3.52487193921322 for parameter set #253: [0.3069594721049304, 0.8108000672400614, -0.9995]
Running module mass_function_like
Model N: 2844686.2154851146
Done mass_function_like status = 0 

Pipeline ran okay.
Likelihood mass_function_like_m_n = -6125.001997962594
Posterior = -6119.352282980213 for parameter set #253: [0.28565016225924816, 0.8144629505896952, -0.9995]
Running module mass_function_like
Model N: 2999467.9183905073
Done mass_function_like status = 0 

Pipeline ran okay.
Likelihood mass_function_like_m_n = -198.03310596942902
Posterior = -191.50190855854217 for parameter set #254: [0.3054425506414428, 0.8092872961937727, -0.9995]
Running module mass_function_like
Model N: 3029371.820625652
Done mass_function_like status = 0 

Pipeline ran okay.
Likelihood mass_function_like_m_n = -10.876955658197403
Posterior = -4.2399327232018145 for parameter set #254: [0.2970920363374137, 0.8211859589648844, -0.9995]
Running module mass_function_like
Model N: 2917728.133321201
Done mass_function_like status = 0 

Pipeline ran okay.
Likelihood mass_function_like_m_n = -2266.14379003644
Posterior = -2259.560118245291 for parameter set #254: [0.304373383293544, 0.8021953437068456, -0.9995]
Running module mass_function_like
Model N: 3042546.9992575417
Done mass_function_like status = 0 

Pipeline ran okay.
Likelihood mass_function_like_m_n = -22.566608913242817
Posterior = -15.914188359982806 for parameter set #254: [0.29768122251821405, 0.8219046181761879, -0.9995]
Running module mass_function_like
Model N: 2971644.493435569
Done mass_function_like status = 0 

Pipeline ran okay.
Likelihood mass_function_like_m_n = -642.815079510212
Posterior = -636.5766703997904 for parameter set #255: [0.3093903683408969, 0.8025001828115927, -0.9995]
Running module mass_function_like
Model N: 3025891.714381977
Done mass_function_like status = 0 

Pipeline ran okay.
Likelihood mass_function_like_m_n = -17.347851365804672
Posterior = -15.68123872657031 for parameter set #255: [0.33166288539939415, 0.7864543386242167, -0.9995]
Running module mass_function_like
Model N: 2905204.3171616215
Done mass_function_like status = 0 

Pipeline ran okay.
Likelihood mass_function_like_m_n = -2790.0701645091176
Posterior = -2783.430590221736 for parameter set #255: [0.30281886186000323, 0.8025205977767681, -0.9995]
Running module mass_function_like
Model N: 3021472.0200367393
Done mass_function_like status = 0 

Pipeline ran okay.
Likelihood mass_function_like_m_n = -31.350391246378422
Posterior = -24.705993805754318 for parameter set #255: [0.3026422247325348, 0.8144234809446013, -0.9995]
Running module mass_function_like
Model N: 3007268.1246749135
Done mass_function_like status = 0 

Pipeline ran okay.
Likelihood mass_function_like_m_n = -120.39203895628452
Posterior = -114.41270985378775 for parameter set #256: [0.3118319490855347, 0.8035786647090981, -0.9995]
Model N: 2973990.198690361
Done mass_function_like status = 0 

Pipeline ran okay.
Likelihood mass_function_like_m_n = -595.1218144074082
Posterior = -590.3679715972846 for parameter set #256: [0.3196237681814, 0.7927460607957869, -0.9995]
Model N: 3031158.816509846
Done mass_function_like status = 0 

Pipeline ran okay.
Likelihood mass_function_like_m_n = -9.110302604734898
Posterior = -2.584697661385377 for parameter set #256: [0.3055443530724635, 0.812365892061265, -0.9995]
Model N: 2993132.9633140485
Done mass_function_like status = 0 

Pipeline ran okay.
Likelihood mass_function_like_m_n = -276.1796885281801
Posterior = -269.85494672081524 for parameter set #256: [0.3084209547076954, 0.8056090335844626, -0.9995]
Running module mass_function_like
Running module mass_function_like
Running module mass_function_like
Running module mass_function_like
Model N: 3039360.4108936302
Done mass_function_like status = 0 

Pipeline ran okay.
Likelihood mass_function_like_m_n = -14.50578248500824
Posterior = -14.004100781124965 for parameter set #257: [0.3351500284336355, 0.7845558309770508, -0.9995]
Running module mass_function_like
Model N: 2983006.9555419986
Done mass_function_like status = 0 

Pipeline ran okay.
Likelihood mass_function_like_m_n = -429.33347292244434
Posterior = -422.7472354583548 for parameter set #257: [0.3043143188157722, 0.8087981560573908, -0.9995]
Running module mass_function_like
Model N: 3020180.9785791934
Done mass_function_like status = 0 

Pipeline ran okay.
Likelihood mass_function_like_m_n = -36.66467046737671
Posterior = -30.01647823979823 for parameter set #257: [0.30249447271910196, 0.8144481411179822, -0.9995]
Running module mass_function_like
Model N: 2982931.5625196816
Done mass_function_like status = 0 

Pipeline ran okay.
Likelihood mass_function_like_m_n = -430.60457096248865
Posterior = -423.96044462515613 for parameter set #257: [0.30265246530524714, 0.8105133901827007, -0.9995]
Running module mass_function_like
Model N: 3100584.9612808013
Done mass_function_like status = 0 

Pipeline ran okay.
Likelihood mass_function_like_m_n = -744.6428942531347
Posterior = -738.3344622905049 for parameter set #258: [0.3086124588321849, 0.8161473078926921, -0.9995]
Running module mass_function_like
Model N: 3040391.090209223
Done mass_function_like status = 0 

Pipeline ran okay.
Likelihood mass_function_like_m_n = -16.748524352908134
Posterior = -12.961643692430213 for parameter set #258: [0.3240517090362921, 0.7949052209386035, -0.9995]
Running module mass_function_like
Model N: 3011677.7156388788
Done mass_function_like status = 0 

Pipeline ran okay.
Likelihood mass_function_like_m_n = -85.5360699146986
Posterior = -78.88440860328853 for parameter set #258: [0.3023512927040304, 0.8137368723895668, -0.9995]
Running module mass_function_like
Model N: 3035337.4299982567
Done mass_function_like status = 0 

Pipeline ran okay.
Likelihood mass_function_like_m_n = -9.091902703046799
Posterior = -3.1833281197181655 for parameter set #258: [0.28758444834103963, 0.8324199444624426, -0.9995]
Running module mass_function_like
Model N: 2933706.153619723
Done mass_function_like status = 0 

Pipeline ran okay.
Likelihood mass_function_like_m_n = -1678.7806595265865
Posterior = -1676.0872148588296 for parameter set #259: [0.32823423287625614, 0.7809117030370747, -0.9995]
Running module mass_function_like
Model N: 2995123.878320452
Done mass_function_like status = 0 

Pipeline ran okay.
Likelihood mass_function_like_m_n = -250.1588067561388
Posterior = -244.15004716216808 for parameter set #259: [0.31158054061207396, 0.8026316840391963, -0.9995]
Running module mass_function_like
Model N: 3004329.197450077
Done mass_function_like status = 0 

Pipeline ran okay.
Likelihood mass_function_like_m_n = -147.24364642053843
Posterior = -144.19207413177043 for parameter set #259: [0.3269359681821248, 0.7887647846985287, -0.9995]
Running module mass_function_like
Model N: 3013876.931832935
Done mass_function_like status = 0 

Pipeline ran okay.
Likelihood mass_function_like_m_n = -70.58364432305098
Posterior = -71.91326882633265 for parameter set #259: [0.34002231552919415, 0.7778749078727104, -0.9995]
Running module mass_function_like
Model N: 3076200.002812621
Done mass_function_like status = 0 

Pipeline ran okay.
Likelihood mass_function_like_m_n = -309.4667823165655
Posterior = -303.64086688561497 for parameter set #260: [0.31306436961632395, 0.8091490900773939, -0.9995]
Model N: 3042765.789784489
Done mass_function_like status = 0 

Pipeline ran okay.
Likelihood mass_function_like_m_n = -23.24221035838127
Posterior = -19.896931130869575 for parameter set #260: [0.325822567536163, 0.7934578646295126, -0.9995]
Model N: 3017721.837007064
Done mass_function_like status = 0 

Pipeline ran okay.
Likelihood mass_function_like_m_n = -48.32094469666481
Posterior = -41.85979498855802 for parameter set #260: [0.3066053688799856, 0.809918714959708, -0.9995]
Model N: 3115147.6457420047
Done mass_function_like status = 0 

Pipeline ran okay.
Likelihood mass_function_like_m_n = -1094.1986878663301
Posterior = -1087.7661935721883 for parameter set #260: [0.3070258081978978, 0.8192791615431598, -0.9995]
Running module mass_function_like
Running module mass_function_like
Running module mass_function_like
Running module mass_function_like
Model N: 3033422.4429714154
Done mass_function_like status = 0 

Pipeline ran okay.
Likelihood mass_function_like_m_n = -8.385809168219566
Posterior = -2.2544944804594493 for parameter set #261: [0.31046890166684243, 0.8075361579169855, -0.9995]
Running module mass_function_like
Model N: 3007890.761609077
Done mass_function_like status = 0 

Pipeline ran okay.
Likelihood mass_function_like_m_n = -115.07537388801575
Posterior = -108.48947166240278 for parameter set #261: [0.30432208219952434, 0.8112941150180693, -0.9995]
Running module mass_function_like
Model N: 3032517.365066938
Done mass_function_like status = 0 

Pipeline ran okay.
Likelihood mass_function_like_m_n = -8.472682736814022
Posterior = -1.7943595067000047 for parameter set #261: [0.299557062488339, 0.8188479551550286, -0.9995]
Running module mass_function_like
Model N: 2980233.867280183
Done mass_function_like status = 0 

Pipeline ran okay.
Likelihood mass_function_like_m_n = -477.36256336420774
Posterior = -470.8671657945692 for parameter set #261: [0.2939352390208409, 0.8195368446254886, -0.9995]
Running module mass_function_like
Model N: 2965581.0849517714
Done mass_function_like status = 0 

Pipeline ran okay.
Likelihood mass_function_like_m_n = -774.8615711554885
Posterior = -768.7886204987776 for parameter set #262: [0.3110122980489938, 0.8002849186685265, -0.9995]
Running module mass_function_like
Model N: 3052247.935996292
Done mass_function_like status = 0 

Pipeline ran okay.
Likelihood mass_function_like_m_n = -67.55979751050472
Posterior = -61.08830659725725 for parameter set #262: [0.306446910656473, 0.8135476377238539, -0.9995]
Running module mass_function_like
Model N: 2975368.840643082
Done mass_function_like status = 0 

Pipeline ran okay.
Likelihood mass_function_like_m_n = -567.9716757833958
Posterior = -561.4350255638466 for parameter set #262: [0.30534142263373637, 0.8069754628852649, -0.9995]
Running module mass_function_like
Model N: 2866023.0941251637
Done mass_function_like status = 0 

Pipeline ran okay.
Likelihood mass_function_like_m_n = -4795.476344995201
Posterior = -4791.528174512042 for parameter set #262: [0.27662850575957426, 0.8269783213343117, -0.9995]
Running module mass_function_like
Model N: 2985002.3458528183
Done mass_function_like status = 0 

Pipeline ran okay.
Likelihood mass_function_like_m_n = -396.39590103924274
Posterior = -389.92114226215404 for parameter set #263: [0.30639602096965773, 0.8068596661087931, -0.9995]
Running module mass_function_like
Model N: 2933491.3333899695
Done mass_function_like status = 0 

Pipeline ran okay.
Likelihood mass_function_like_m_n = -1686.0786818489432
Posterior = -1679.6116765940303 for parameter set #263: [0.3065161176078591, 0.8016021657912068, -0.9995]
Running module mass_function_like
Model N: 3026964.159343034
Done mass_function_like status = 0 

Pipeline ran okay.
Likelihood mass_function_like_m_n = -14.926475957036018
Posterior = -8.420413732433328 for parameter set #263: [0.30588628870694445, 0.8115890951342046, -0.9995]
Running module mass_function_like
Model N: 2989767.775334452
Done mass_function_like status = 0 

Pipeline ran okay.
Likelihood mass_function_like_m_n = -323.2143007963896
Posterior = -317.7626663106182 for parameter set #263: [0.2843304772724959, 0.8313464301434066, -0.9995]
Running module mass_function_like
Model N: 3018789.615447273
Done mass_function_like status = 0 

Pipeline ran okay.
Likelihood mass_function_like_m_n = -43.01246754080057
Posterior = -36.48454066261174 for parameter set #264: [0.29449768557566236, 0.8229213307851113, -0.9995]
Model N: 3034747.3890795615
Done mass_function_like status = 0 

Pipeline ran okay.
Likelihood mass_function_like_m_n = -8.745581723749638
Posterior = -2.1766459158033573 for parameter set #264: [0.2953017366960989, 0.8236954179405701, -0.9995]
Model N: 2979789.012333207
Done mass_function_like status = 0 

Pipeline ran okay.
Likelihood mass_function_like_m_n = -485.31163780391216
Posterior = -479.65078520246584 for parameter set #264: [0.28572798825067813, 0.8286421074549924, -0.9995]
Model N: 2993607.1488343365
Done mass_function_like status = 0 

Pipeline ran okay.
Likelihood mass_function_like_m_n = -269.86048620939255
Posterior = -263.53418107823427 for parameter set #264: [0.30840236951284505, 0.8056750462566501, -0.9995]
Running module mass_function_like
Running module mass_function_like
Running module mass_function_like
Running module mass_function_like
Model N: 2980736.1848253207
Done mass_function_like status = 0 

Pipeline ran okay.
Likelihood mass_function_like_m_n = -468.46793679893017
Posterior = -461.8299138906651 for parameter set #265: [0.30287337049630364, 0.8100619486139962, -0.9995]
Running module mass_function_like
Model N: 2983566.0738327284
Done mass_function_like status = 0 

Pipeline ran okay.
Likelihood mass_function_like_m_n = -419.96740847080946
Posterior = -413.3246415321419 for parameter set #265: [0.30270322990671106, 0.8105245474369586, -0.9995]
Running module mass_function_like
Model N: 3011269.114147358
Done mass_function_like status = 0 

Pipeline ran okay.
Likelihood mass_function_like_m_n = -88.49224466830492
Posterior = -82.00776192423254 for parameter set #265: [0.3062421383233282, 0.8096464857224905, -0.9995]
Running module mass_function_like
Model N: 2951537.993202613
Done mass_function_like status = 0 

Pipeline ran okay.
Likelihood mass_function_like_m_n = -1129.466381803155
Posterior = -1123.7035370410067 for parameter set #265: [0.28646146657749133, 0.8248140190969758, -0.9995]
Running module mass_function_like
Model N: 3036824.305066543
Done mass_function_like status = 0 

Pipeline ran okay.
Likelihood mass_function_like_m_n = -10.472860842943192
Posterior = -4.08409749505773 for parameter set #266: [0.30762287151176954, 0.8107826055086073, -0.9995]
Running module mass_function_like
Model N: 3017646.478691922
Done mass_function_like status = 0 

Pipeline ran okay.
Likelihood mass_function_like_m_n = -48.70993325859308
Posterior = -42.151633649998104 for parameter set #266: [0.30491944284884426, 0.8116555965717606, -0.9995]
Running module mass_function_like
Model N: 3033824.8931011027
Done mass_function_like status = 0 

Pipeline ran okay.
Likelihood mass_function_like_m_n = -8.43392127007246
Posterior = -2.0806578823137762 for parameter set #266: [0.3080751570950851, 0.8100176418164851, -0.9995]
Running module mass_function_like
Model N: 3035036.3314154157
Done mass_function_like status = 0 

Pipeline ran okay.
Likelihood mass_function_like_m_n = -8.900850482285023
Posterior = -3.1104424351220814 for parameter set #266: [0.28666661219984013, 0.8334448014617731, -0.9995]
Running module mass_function_like
Model N: 2935326.0833929195
Done mass_function_like status = 0 

Pipeline ran okay.
Likelihood mass_function_like_m_n = -1624.270855590701
Posterior = -1617.8030502242987 for parameter set #267: [0.30650382705655443, 0.8017970518424621, -0.9995]
Running module mass_function_like
Model N: 2987041.071591956
Done mass_function_like status = 0 

Pipeline ran okay.
Likelihood mass_function_like_m_n = -364.14288728684187
Posterior = -357.8645157727713 for parameter set #267: [0.30895469356527205, 0.804464181983665, -0.9995]
Running module mass_function_like
Model N: 3003398.525513149
Done mass_function_like status = 0 

Pipeline ran okay.
Likelihood mass_function_like_m_n = -156.35162057727575
Posterior = -149.97181380621097 for parameter set #267: [0.30773947578645244, 0.8073242121875726, -0.9995]
Running module mass_function_like
Model N: 3022362.0385615584
Done mass_function_like status = 0 

Pipeline ran okay.
Likelihood mass_function_like_m_n = -28.009345315396786
Posterior = -25.63299868677229 for parameter set #267: [0.32933584009257516, 0.7882524666087624, -0.9995]
Running module mass_function_like
Model N: 2967802.806684904
Done mass_function_like status = 0 

Pipeline ran okay.
Likelihood mass_function_like_m_n = -725.0086602121592
Posterior = -718.8614162528833 for parameter set #268: [0.31031562154244074, 0.8011959697424218, -0.9995]
Model N: 3029869.8571073394
Done mass_function_like status = 0 

Pipeline ran okay.
Likelihood mass_function_like_m_n = -10.278551913797855
Posterior = -3.601815756877574 for parameter set #268: [0.2992833353099365, 0.8188708247975347, -0.9995]
Model N: 2996924.831147413
Done mass_function_like status = 0 

Pipeline ran okay.
Likelihood mass_function_like_m_n = -227.7752750813961
Posterior = -221.1724864616403 for parameter set #268: [0.2960880803036259, 0.8189274948673497, -0.9995]
Model N: 3028578.7173499437
Done mass_function_like status = 0 

Pipeline ran okay.
Likelihood mass_function_like_m_n = -11.99913089722395
Posterior = -5.563487946840729 for parameter set #268: [0.3069808487725631, 0.8106191991344414, -0.9995]
Running module mass_function_like
Running module mass_function_like
Running module mass_function_like
Running module mass_function_like
Model N: 2956558.934562204
Done mass_function_like status = 0 

Pipeline ran okay.
Likelihood mass_function_like_m_n = -994.8290628492832
Posterior = -1012.5967364851384 for parameter set #269: [0.36992421302262235, 0.7483414823497605, -0.9995]
Running module mass_function_like
Model N: 3070659.608332142
Done mass_function_like status = 0 

Pipeline ran okay.
Likelihood mass_function_like_m_n = -237.0569692477584
Posterior = -230.42153540258408 for parameter set #269: [0.2970378942241744, 0.8255125924056154, -0.9995]
Running module mass_function_like
Model N: 3020017.3649440417
Done mass_function_like status = 0 

Pipeline ran okay.
Likelihood mass_function_like_m_n = -37.37771151214838
Posterior = -30.904348240624238 for parameter set #269: [0.3064178022217276, 0.8103421201282277, -0.9995]
Running module mass_function_like
Model N: 3003842.7465229603
Done mass_function_like status = 0 

Pipeline ran okay.
Likelihood mass_function_like_m_n = -151.96795284748077
Posterior = -145.31750206405405 for parameter set #269: [0.3024022245891453, 0.8128896231384993, -0.9995]
Running module mass_function_like
Model N: 3040982.6802491443
Done mass_function_like status = 0 

Pipeline ran okay.
Likelihood mass_function_like_m_n = -18.193288065493107
Posterior = -17.352265346373212 for parameter set #270: [0.3341709861701131, 0.7855902773574434, -0.9995]
Running module mass_function_like
Model N: 2924890.8036366636
Done mass_function_like status = 0 

Pipeline ran okay.
Likelihood mass_function_like_m_n = -1991.6494906395674
Posterior = -1987.252322583228 for parameter set #270: [0.3213641575634094, 0.7863862771159923, -0.9995]
Running module mass_function_like
Model N: 2994051.619147737
Done mass_function_like status = 0 

Pipeline ran okay.
Likelihood mass_function_like_m_n = -264.0063833370805
Posterior = -257.7511378883801 for parameter set #270: [0.30920932950447305, 0.8049028722927066, -0.9995]
Running module mass_function_like
Model N: 2959131.934364465
Done mass_function_like status = 0 

Pipeline ran okay.
Likelihood mass_function_like_m_n = -929.2256594002247
Posterior = -922.5859894056983 for parameter set #270: [0.2971845354278976, 0.8138686597340705, -0.9995]
Running module mass_function_like
Model N: 2953264.405740331
Done mass_function_like status = 0 

Pipeline ran okay.
Likelihood mass_function_like_m_n = -1082.1836742013693
Posterior = -1076.5659542659678 for parameter set #271: [0.3145710964783628, 0.7955904534517512, -0.9995]
Running module mass_function_like
Model N: 3033743.6839789003
Done mass_function_like status = 0 

Pipeline ran okay.
Likelihood mass_function_like_m_n = -8.419913746416569
Posterior = -2.218711473289254 for parameter set #271: [0.3097785676372655, 0.8082688168165506, -0.9995]
Running module mass_function_like
Model N: 3026734.650391529
Done mass_function_like status = 0 

Pipeline ran okay.
Likelihood mass_function_like_m_n = -15.41263123601675
Posterior = -8.905170812303613 for parameter set #271: [0.30586248709332586, 0.811590732252995, -0.9995]
Running module mass_function_like
Model N: 3013920.6404425055
Done mass_function_like status = 0 

Pipeline ran okay.
Likelihood mass_function_like_m_n = -70.30284675955772
Posterior = -63.62420152812737 for parameter set #271: [0.3003630335741637, 0.8160665990162772, -0.9995]
Running module mass_function_like
Model N: 3040087.4448817633
Done mass_function_like status = 0 

Pipeline ran okay.
Likelihood mass_function_like_m_n = -16.0515668541193
Posterior = -12.34544051554577 for parameter set #272: [0.32438515064434364, 0.794560094407676, -0.9995]
Model N: 2997128.8731457656
Done mass_function_like status = 0 

Pipeline ran okay.
Likelihood mass_function_like_m_n = -225.30840089917183
Posterior = -218.70004490129966 for parameter set #272: [0.2962330861321754, 0.8187917487729186, -0.9995]
Model N: 3031499.1835561963
Done mass_function_like status = 0 

Pipeline ran okay.
Likelihood mass_function_like_m_n = -8.893371284008026
Posterior = -2.3079176980959346 for parameter set #272: [0.3043324499396556, 0.8136643578797731, -0.9995]
Model N: 2971802.1505176504
Done mass_function_like status = 0 

Pipeline ran okay.
Likelihood mass_function_like_m_n = -639.5503573939204
Posterior = -632.9253248578958 for parameter set #272: [0.3032945913945632, 0.8087246269831229, -0.9995]
Running module mass_function_like
Running module mass_function_like
Running module mass_function_like
Running module mass_function_like
Model N: 3027666.9629224143
Done mass_function_like status = 0 

Pipeline ran okay.
Likelihood mass_function_like_m_n = -13.546215064823627
Posterior = -19.431143334100007 for parameter set #273: [0.35012830032543807, 0.7704626640343605, -0.9995]
Running module mass_function_like
Model N: 2945704.2905426873
Done mass_function_like status = 0 

Pipeline ran okay.
Likelihood mass_function_like_m_n = -1296.9241573885083
Posterior = -1290.2478497477105 for parameter set #273: [0.29922584788158524, 0.8103421425847703, -0.9995]
Running module mass_function_like
Model N: 3033467.676122061
Done mass_function_like status = 0 

Pipeline ran okay.
Likelihood mass_function_like_m_n = -8.388553768396378
Posterior = -1.7092496769077314 for parameter set #273: [0.29999537784565394, 0.8184549297798801, -0.9995]
Running module mass_function_like
Model N: 2979852.422328372
Done mass_function_like status = 0 

Pipeline ran okay.
Likelihood mass_function_like_m_n = -484.1744391694665
Posterior = -477.57415965291733 for parameter set #273: [0.3039755422714658, 0.8088309744235809, -0.9995]
Running module mass_function_like
Model N: 3015225.0097350245
Done mass_function_like status = 0 

Pipeline ran okay.
Likelihood mass_function_like_m_n = -62.21667846292257
Posterior = -55.83610614117933 for parameter set #274: [0.30772957795182837, 0.8085144646911182, -0.9995]
Running module mass_function_like
Model N: 3039330.274012537
Done mass_function_like status = 0 

Pipeline ran okay.
Likelihood mass_function_like_m_n = -14.445452682673931
Posterior = -8.600775967588316 for parameter set #274: [0.31291996504039066, 0.8056533967807127, -0.9995]
Running module mass_function_like
Model N: 3024553.013869252
Done mass_function_like status = 0 

Pipeline ran okay.
Likelihood mass_function_like_m_n = -20.905074909329414
Posterior = -14.241171820493308 for parameter set #274: [0.3017550560944935, 0.8156724107034046, -0.9995]
Running module mass_function_like
Model N: 3054891.356397878
Done mass_function_like status = 0 

Pipeline ran okay.
Likelihood mass_function_like_m_n = -85.1404637992382
Posterior = -82.43535090691931 for parameter set #274: [0.2718071239282286, 0.8536789007853907, -0.9995]
Running module mass_function_like
Model N: 3019696.1459306437
Done mass_function_like status = 0 

Pipeline ran okay.
Likelihood mass_function_like_m_n = -38.80350732803345
Posterior = -33.47070338105064 for parameter set #275: [0.3164103641113011, 0.8002760048478302, -0.9995]
Running module mass_function_like
Model N: 3031471.475124058
Done mass_function_like status = 0 

Pipeline ran okay.
Likelihood mass_function_like_m_n = -8.909601300954819
Posterior = -2.517822670361644 for parameter set #275: [0.3075832126136226, 0.8102880709055831, -0.9995]
Running module mass_function_like
Model N: 3004320.0144924386
Done mass_function_like status = 0 

Pipeline ran okay.
Likelihood mass_function_like_m_n = -147.33209281414747
Posterior = -141.0543857144935 for parameter set #275: [0.30896211022757714, 0.8061728779680645, -0.9995]
Running module mass_function_like
Model N: 2958975.6433660802
Done mass_function_like status = 0 

Pipeline ran okay.
Likelihood mass_function_like_m_n = -933.1451282799244
Posterior = -926.7719342312569 for parameter set #275: [0.3078244507748811, 0.802817215121112, -0.9995]
Running module mass_function_like
Model N: 3010572.7516758344
Done mass_function_like status = 0 

Pipeline ran okay.
Likelihood mass_function_like_m_n = -93.65903386473656
Posterior = -87.11530941068709 for parameter set #276: [0.3052072976534999, 0.810645639207768, -0.9995]
Model N: 2932940.479165597
Done mass_function_like status = 0 

Pipeline ran okay.
Likelihood mass_function_like_m_n = -1704.8670251592994
Posterior = -1698.402963987552 for parameter set #276: [0.3065611435979257, 0.8015019169253653, -0.9995]
Model N: 2965768.6755283945
Done mass_function_like status = 0 

Pipeline ran okay.
Likelihood mass_function_like_m_n = -770.5864837393165
Posterior = -764.7386026381593 for parameter set #276: [0.28710486062771734, 0.8255927226868749, -0.9995]
Model N: 3028772.4983253507
Done mass_function_like status = 0 

Pipeline ran okay.
Likelihood mass_function_like_m_n = -11.7057478800416
Posterior = -5.041389272290816 for parameter set #276: [0.2982710933767599, 0.8198480774194632, -0.9995]
Running module mass_function_like
Running module mass_function_like
Running module mass_function_like
Running module mass_function_like
Model N: 2975055.7078873864
Done mass_function_like status = 0 

Pipeline ran okay.
Likelihood mass_function_like_m_n = -574.0811418220401
Posterior = -567.4031556692095 for parameter set #277: [0.2994865712357955, 0.8130546399825767, -0.9995]
Running module mass_function_like
Model N: 2986771.681695215
Done mass_function_like status = 0 

Pipeline ran okay.
Likelihood mass_function_like_m_n = -368.3236235231161
Posterior = -362.13333857272175 for parameter set #277: [0.3098895828821629, 0.8034970007775115, -0.9995]
Running module mass_function_like
Model N: 3032132.5857752287
Done mass_function_like status = 0 

Pipeline ran okay.
Likelihood mass_function_like_m_n = -8.59145774692297
Posterior = -2.1437106854361456 for parameter set #277: [0.30680524998546527, 0.8111564046774765, -0.9995]
Running module mass_function_like
Model N: 2976237.836353718
Done mass_function_like status = 0 

Pipeline ran okay.
Likelihood mass_function_like_m_n = -551.192851908505
Posterior = -544.5306934287851 for parameter set #277: [0.3018517947289193, 0.8106711919540914, -0.9995]
Running module mass_function_like
Model N: 3022548.826522895
Done mass_function_like status = 0 

Pipeline ran okay.
Likelihood mass_function_like_m_n = -27.341560415923595
Posterior = -22.96828694622681 for parameter set #278: [0.32147571059878305, 0.795644748589391, -0.9995]
Running module mass_function_like
Model N: 3006232.681095024
Done mass_function_like status = 0 

Pipeline ran okay.
Likelihood mass_function_like_m_n = -129.52158246934414
Posterior = -123.55550017435687 for parameter set #278: [0.31194338229584007, 0.8033654643745971, -0.9995]
Running module mass_function_like
Model N: 2952995.023743583
Done mass_function_like status = 0 

Pipeline ran okay.
Likelihood mass_function_like_m_n = -1089.4931825175881
Posterior = -1084.294964289014 for parameter set #278: [0.31721096144749633, 0.7930220694160277, -0.9995]
Running module mass_function_like
Model N: 3037441.703688713
Done mass_function_like status = 0 

Pipeline ran okay.
Likelihood mass_function_like_m_n = -11.259972803294659
Posterior = -4.952973424879049 for parameter set #278: [0.30862907665853756, 0.8098107114826043, -0.9995]
Running module mass_function_like
Model N: 3016231.9227860817
Done mass_function_like status = 0 

Pipeline ran okay.
Likelihood mass_function_like_m_n = -56.362780928611755
Posterior = -49.70809485359243 for parameter set #279: [0.297781075788096, 0.819087725608865, -0.9995]
Running module mass_function_like
Model N: 3017261.498158528
Done mass_function_like status = 0 

Pipeline ran okay.
Likelihood mass_function_like_m_n = -50.7266643717885
Posterior = -44.152137773576655 for parameter set #279: [0.2954222800413665, 0.8217512136780227, -0.9995]
Running module mass_function_like
Model N: 3034270.743522479
Done mass_function_like status = 0 

Pipeline ran okay.
Likelihood mass_function_like_m_n = -8.549542665481567
Posterior = -2.227682005903663 for parameter set #279: [0.308455099511328, 0.8096723991626811, -0.9995]
Running module mass_function_like
Model N: 3035982.363865621
Done mass_function_like status = 0 

Pipeline ran okay.
Likelihood mass_function_like_m_n = -9.601552195847034
Posterior = -3.110935458510161 for parameter set #279: [0.30614308490863223, 0.8122289688513643, -0.9995]
Running module mass_function_like
Model N: 3044726.924303839
Done mass_function_like status = 0 

Pipeline ran okay.
Likelihood mass_function_like_m_n = -29.998026192188263
Posterior = -28.852820139512993 for parameter set #280: [0.33326889882648636, 0.786758059266261, -0.9995]
Model N: 2950930.0066970503
Done mass_function_like status = 0 

Pipeline ran okay.
Likelihood mass_function_like_m_n = -1146.3648438230157
Posterior = -1140.0875978067231 for parameter set #280: [0.3089672535596765, 0.8008733226392885, -0.9995]
Model N: 3027801.033471704
Done mass_function_like status = 0 

Pipeline ran okay.
Likelihood mass_function_like_m_n = -13.30147486180067
Posterior = -6.715961243926108 for parameter set #280: [0.30433106408254684, 0.8132924084942065, -0.9995]
Model N: 2984634.823210163
Done mass_function_like status = 0 

Pipeline ran okay.
Likelihood mass_function_like_m_n = -402.3606474623084
Posterior = -397.3050122218352 for parameter set #280: [0.3180203715712913, 0.7953082507884888, -0.9995]
Running module mass_function_like
Running module mass_function_like
Running module mass_function_like
Running module mass_function_like
Model N: 3028050.261850236
Done mass_function_like status = 0 

Pipeline ran okay.
Likelihood mass_function_like_m_n = -12.862322188913822
Posterior = -14.323578368145313 for parameter set #281: [0.3403498708239362, 0.7788896123570909, -0.9995]
Running module mass_function_like
Model N: 2996546.901623824
Done mass_function_like status = 0 

Pipeline ran okay.
Likelihood mass_function_like_m_n = -232.3815962523222
Posterior = -227.8964217439368 for parameter set #281: [0.32094817266457776, 0.7936559894614228, -0.9995]
Running module mass_function_like
Model N: 3046495.275228117
Done mass_function_like status = 0 

Pipeline ran okay.
Likelihood mass_function_like_m_n = -37.16872492432594
Posterior = -30.50621086240144 for parameter set #281: [0.29816750790529956, 0.8217834169913437, -0.9995]
Running module mass_function_like
Model N: 3062589.040239472
Done mass_function_like status = 0 

Pipeline ran okay.
Likelihood mass_function_like_m_n = -149.25787073373795
Posterior = -142.7974006113917 for parameter set #281: [0.3066156492646448, 0.8144118505451817, -0.9995]
Running module mass_function_like
Model N: 3019106.251764788
Done mass_function_like status = 0 

Pipeline ran okay.
Likelihood mass_function_like_m_n = -41.51126989722252
Posterior = -35.5859309607645 for parameter set #282: [0.3122797822607095, 0.804298910114423, -0.9995]
Running module mass_function_like
Model N: 2927920.088570141
Done mass_function_like status = 0 

Pipeline ran okay.
Likelihood mass_function_like_m_n = -1881.037087149918
Posterior = -1874.6237076500208 for parameter set #282: [0.29270719946230606, 0.8154518844161374, -0.9995]
Running module mass_function_like
Model N: 2955666.27850276
Done mass_function_like status = 0 

Pipeline ran okay.
Likelihood mass_function_like_m_n = -1018.1255371794105
Posterior = -1012.2371923622478 for parameter set #282: [0.3125774352007677, 0.7977681600716273, -0.9995]
Running module mass_function_like
Model N: 2971473.798389514
Done mass_function_like status = 0 

Pipeline ran okay.
Likelihood mass_function_like_m_n = -646.3594144806266
Posterior = -640.8540152666714 for parameter set #282: [0.31532256495731015, 0.7966360550363999, -0.9995]
Running module mass_function_like
Model N: 3033711.3900716924
Done mass_function_like status = 0 

Pipeline ran okay.
Likelihood mass_function_like_m_n = -8.414947479963303
Posterior = -2.284012833888978 for parameter set #283: [0.3104725312340033, 0.8075613271481622, -0.9995]
Running module mass_function_like
Model N: 3027378.3534860834
Done mass_function_like status = 0 

Pipeline ran okay.
Likelihood mass_function_like_m_n = -14.09324325621128
Posterior = -7.839207157429199 for parameter set #283: [0.3092224519465066, 0.8082015100662322, -0.9995]
Running module mass_function_like
Model N: 3033672.9207149637
Done mass_function_like status = 0 

Pipeline ran okay.
Likelihood mass_function_like_m_n = -8.409480132162571
Posterior = -1.9496360161140558 for parameter set #283: [0.3066251050144384, 0.8114972786475196, -0.9995]
Running module mass_function_like
Model N: 3026603.1821864517
Done mass_function_like status = 0 

Pipeline ran okay.
Likelihood mass_function_like_m_n = -15.698968954384327
Posterior = -9.021361151545186 for parameter set #283: [0.30058247668984406, 0.8171263540821597, -0.9995]
Running module mass_function_like
Model N: 2976689.159449852
Done mass_function_like status = 0 

Pipeline ran okay.
Likelihood mass_function_like_m_n = -542.5806088447571
Posterior = -536.0462935621605 for parameter set #284: [0.3053849589731695, 0.8070630171085218, -0.9995]
Model N: 3039589.8749385066
Done mass_function_like status = 0 

Pipeline ran okay.
Likelihood mass_function_like_m_n = -14.974916785955429
Posterior = -11.276385458375326 for parameter set #284: [0.32441627682809193, 0.7944829813077412, -0.9995]
Model N: 3031265.1354740644
Done mass_function_like status = 0 

Pipeline ran okay.
Likelihood mass_function_like_m_n = -9.038433611392975
Posterior = -2.4393646576517174 for parameter set #284: [0.3040058767971305, 0.8139825552367203, -0.9995]
Model N: 2969073.139676458
Done mass_function_like status = 0 

Pipeline ran okay.
Likelihood mass_function_like_m_n = -697.2678452953696
Posterior = -691.2954388454024 for parameter set #284: [0.2881096867295853, 0.8248105925572021, -0.9995]
Running module mass_function_like
Running module mass_function_like
Running module mass_function_like
Running module mass_function_like
Model N: 3003935.4120619693
Done mass_function_like status = 0 

Pipeline ran okay.
Likelihood mass_function_like_m_n = -151.0618724822998
Posterior = -144.52142100439923 for parameter set #285: [0.3052697764736205, 0.8099141820011577, -0.9995]
Running module mass_function_like
Model N: 2970426.428567021
Done mass_function_like status = 0 

Pipeline ran okay.
Likelihood mass_function_like_m_n = -668.3263181820512
Posterior = -661.6584107482876 for parameter set #285: [0.29849024740128693, 0.8136370925213359, -0.9995]
Running module mass_function_like
Model N: 3032322.91890013
Done mass_function_like status = 0 

Pipeline ran okay.
Likelihood mass_function_like_m_n = -8.526600666344166
Posterior = -2.1436595954626245 for parameter set #285: [0.3076988717021218, 0.810254235032927, -0.9995]
Running module mass_function_like
Model N: 2972868.397811195
Done mass_function_like status = 0 

Pipeline ran okay.
Likelihood mass_function_like_m_n = -617.6948401108384
Posterior = -612.4520713761348 for parameter set #285: [0.2830498645220365, 0.8310190077020886, -0.9995]
Running module mass_function_like
Model N: 3032713.0713244155
Done mass_function_like status = 0 

Pipeline ran okay.
Likelihood mass_function_like_m_n = -8.431007899343967
Posterior = -2.0725213774096876 for parameter set #286: [0.3080102144337829, 0.8099730678959246, -0.9995]
Running module mass_function_like
Model N: 3013215.372087201
Done mass_function_like status = 0 

Pipeline ran okay.
Likelihood mass_function_like_m_n = -74.91162115335464
Posterior = -68.29541476636003 for parameter set #286: [0.30355240232281155, 0.8126336236063992, -0.9995]
Running module mass_function_like
Model N: 3046152.242177146
Done mass_function_like status = 0 

Pipeline ran okay.
Likelihood mass_function_like_m_n = -35.69778577238321
Posterior = -29.033122455121077 for parameter set #286: [0.30171119145907543, 0.8179171352649, -0.9995]
Running module mass_function_like
Model N: 2997282.002801586
Done mass_function_like status = 0 

Pipeline ran okay.
Likelihood mass_function_like_m_n = -223.4662929624319
Posterior = -217.08669764561293 for parameter set #286: [0.2922577925435799, 0.8231495274430699, -0.9995]
Running module mass_function_like
Model N: 3005859.6214704686
Done mass_function_like status = 0 

Pipeline ran okay.
Likelihood mass_function_like_m_n = -132.8990298435092
Posterior = -134.483483037604 for parameter set #287: [0.3406540462743993, 0.7765879812280738, -0.9995]
Running module mass_function_like
Model N: 3023885.608839903
Done mass_function_like status = 0 

Pipeline ran okay.
Likelihood mass_function_like_m_n = -22.900458201766014
Posterior = -18.839039709048464 for parameter set #287: [0.32288180808237255, 0.794434313908114, -0.9995]
Running module mass_function_like
Model N: 3004423.1117530535
Done mass_function_like status = 0 

Pipeline ran okay.
Likelihood mass_function_like_m_n = -146.34073013812304
Posterior = -140.83728544689998 for parameter set #287: [0.31533531549781196, 0.7998373269263089, -0.9995]
Running module mass_function_like
Model N: 3036987.917312846
Done mass_function_like status = 0 

Pipeline ran okay.
Likelihood mass_function_like_m_n = -10.66923988610506
Posterior = -4.382486878769033 for parameter set #287: [0.3088606003292573, 0.8095282061662811, -0.9995]
Running module mass_function_like
Model N: 2955720.1351522272
Done mass_function_like status = 0 

Pipeline ran okay.
Likelihood mass_function_like_m_n = -1016.7121491357684
Posterior = -1010.2403914094592 for parameter set #288: [0.30644277070833725, 0.8038895075993586, -0.9995]
Model N: 2879255.415622714
Done mass_function_like status = 0 

Pipeline ran okay.
Likelihood mass_function_like_m_n = -4055.5750373080373
Posterior = -4049.424654163512 for parameter set #288: [0.3102851451500221, 0.7925157686533387, -0.9995]
Model N: 3018819.904718283
Done mass_function_like status = 0 

Pipeline ran okay.
Likelihood mass_function_like_m_n = -42.86742040514946
Posterior = -36.720091934115565 for parameter set #288: [0.31031480224993485, 0.806243539679084, -0.9995]
Model N: 3034924.9095329465
Done mass_function_like status = 0 

Pipeline ran okay.
Likelihood mass_function_like_m_n = -8.837718844413757
Posterior = -3.561180656904546 for parameter set #288: [0.3167497224502437, 0.8014290836674322, -0.9995]
Running module mass_function_like
Running module mass_function_like
Running module mass_function_like
Running module mass_function_like
Model N: 3055697.0826550815
Done mass_function_like status = 0 

Pipeline ran okay.
Likelihood mass_function_like_m_n = -90.95094490796328
Posterior = -92.04374604889439 for parameter set #289: [0.33942614700738916, 0.7822487153558735, -0.9995]
Running module mass_function_like
Model N: 2980237.3113144226
Done mass_function_like status = 0 

Pipeline ran okay.
Likelihood mass_function_like_m_n = -477.30128587782383
Posterior = -471.0830966415874 for parameter set #289: [0.309603280294501, 0.8031372734780066, -0.9995]
Running module mass_function_like
Model N: 3027142.7740346743
Done mass_function_like status = 0 

Pipeline ran okay.
Likelihood mass_function_like_m_n = -14.560193426907063
Posterior = -8.137738565491023 for parameter set #289: [0.3071672775430307, 0.8102829994041526, -0.9995]
Running module mass_function_like
Model N: 2978195.4074102053
Done mass_function_like status = 0 

Pipeline ran okay.
Likelihood mass_function_like_m_n = -514.3426389917731
Posterior = -507.89976130697363 for parameter set #289: [0.29312356904330855, 0.8202110600475088, -0.9995]
Running module mass_function_like
Model N: 3032833.8807056188
Done mass_function_like status = 0 

Pipeline ran okay.
Likelihood mass_function_like_m_n = -8.411587543785572
Posterior = -3.645106816729868 for parameter set #290: [0.3195592610865262, 0.7984900767131213, -0.9995]
Running module mass_function_like
Model N: 3007222.86667945
Done mass_function_like status = 0 

Pipeline ran okay.
Likelihood mass_function_like_m_n = -120.78356322646141
Posterior = -114.10453324933336 for parameter set #290: [0.2997658115365153, 0.8160183957942255, -0.9995]
Running module mass_function_like
Model N: 3026211.7807701053
Done mass_function_like status = 0 

Pipeline ran okay.
Likelihood mass_function_like_m_n = -16.585326306521893
Posterior = -10.263998157151036 for parameter set #290: [0.308461395262477, 0.8088618891289816, -0.9995]
Running module mass_function_like
Model N: 3032327.0971355108
Done mass_function_like status = 0 

Pipeline ran okay.
Likelihood mass_function_like_m_n = -8.525310963392258
Posterior = -4.687719666881613 for parameter set #290: [0.2761600633314618, 0.8457134495778995, -0.9995]
Running module mass_function_like
Model N: 3033003.0881018373
Done mass_function_like status = 0 

Pipeline ran okay.
Likelihood mass_function_like_m_n = -8.392478458583355
Posterior = -2.5521029260746477 for parameter set #291: [0.3129532132368883, 0.8049962943839016, -0.9995]
Running module mass_function_like
Model N: 2984707.2572337063
Done mass_function_like status = 0 

Pipeline ran okay.
Likelihood mass_function_like_m_n = -401.18143332004547
Posterior = -396.0241450136052 for parameter set #291: [0.31744715387603334, 0.7958672334216771, -0.9995]
Running module mass_function_like
Model N: 3076343.6613297984
Done mass_function_like status = 0 

Pipeline ran okay.
Likelihood mass_function_like_m_n = -311.47534092515707
Posterior = -305.67602279466894 for parameter set #291: [0.3132663941432634, 0.8089595985083767, -0.9995]
Running module mass_function_like
Model N: 2926868.289698386
Done mass_function_like status = 0 

Pipeline ran okay.
Likelihood mass_function_like_m_n = -1919.0745427682996
Posterior = -1912.6511939576644 for parameter set #291: [0.3071547940246398, 0.8003022048165515, -0.9995]
Running module mass_function_like
Model N: 3039832.655000299
Done mass_function_like status = 0 

Pipeline ran okay.
Likelihood mass_function_like_m_n = -15.490095756947994
Posterior = -11.666013984392668 for parameter set #292: [0.32389653709538213, 0.7949989605376686, -0.9995]
Model N: 3027783.58068972
Done mass_function_like status = 0 

Pipeline ran okay.
Likelihood mass_function_like_m_n = -13.33299746364355
Posterior = -8.786239021758691 for parameter set #292: [0.32065209798749433, 0.7969478765846008, -0.9995]
Model N: 2965711.591130878
Done mass_function_like status = 0 

Pipeline ran okay.
Likelihood mass_function_like_m_n = -771.8861215412617
Posterior = -766.9943316677974 for parameter set #292: [0.28109225383687453, 0.8325277122533016, -0.9995]
Model N: 2983347.3051643632
Done mass_function_like status = 0 

Pipeline ran okay.
Likelihood mass_function_like_m_n = -423.6194215863943
Posterior = -417.0121461100592 for parameter set #292: [0.3037954900072345, 0.8093688836495812, -0.9995]
Running module mass_function_like
Running module mass_function_like
Running module mass_function_like
Running module mass_function_like
Model N: 3024298.723439244
Done mass_function_like status = 0 

Pipeline ran okay.
Likelihood mass_function_like_m_n = -21.64792327582836
Posterior = -15.369783543833764 for parameter set #293: [0.30895728157775115, 0.8081651456899506, -0.9995]
Running module mass_function_like
Model N: 3004258.7081629983
Done mass_function_like status = 0 

Pipeline ran okay.
Likelihood mass_function_like_m_n = -147.9232958033681
Posterior = -141.36024818762388 for parameter set #293: [0.30482196189462296, 0.8104099036012702, -0.9995]
Running module mass_function_like
Model N: 3034320.227126142
Done mass_function_like status = 0 

Pipeline ran okay.
Likelihood mass_function_like_m_n = -8.566413156688213
Posterior = -2.2099226743419536 for parameter set #293: [0.3080350944731713, 0.8101081059376164, -0.9995]
Running module mass_function_like
Model N: 3026164.942273369
Done mass_function_like status = 0 

Pipeline ran okay.
Likelihood mass_function_like_m_n = -16.69479462504387
Posterior = -10.374098933775027 for parameter set #293: [0.2915311334047423, 0.8269794849814491, -0.9995]
Running module mass_function_like
Model N: 2982758.2671228345
Done mass_function_like status = 0 

Pipeline ran okay.
Likelihood mass_function_like_m_n = -433.5336121544242
Posterior = -429.3675429616099 for parameter set #294: [0.3224197903892785, 0.7909314071452439, -0.9995]
Running module mass_function_like
Model N: 2999039.927314213
Done mass_function_like status = 0 

Pipeline ran okay.
Likelihood mass_function_like_m_n = -202.88588874042034
Posterior = -197.8201154978577 for parameter set #294: [0.3179640249150771, 0.796758023062389, -0.9995]
Running module mass_function_like
Model N: 2993012.9790375745
Done mass_function_like status = 0 

Pipeline ran okay.
Likelihood mass_function_like_m_n = -277.7907189503312
Posterior = -271.118576531528 for parameter set #294: [0.3011968107207916, 0.8130576804886241, -0.9995]
Running module mass_function_like
Model N: 3033328.2940285197
Done mass_function_like status = 0 

Pipeline ran okay.
Likelihood mass_function_like_m_n = -8.38225944340229
Posterior = -2.6899392339312325 for parameter set #294: [0.3140497970721227, 0.8039362450602328, -0.9995]
Running module mass_function_like
Model N: 2864431.272124614
Done mass_function_like status = 0 

Pipeline ran okay.
Likelihood mass_function_like_m_n = -4888.8302166461945
Posterior = -4887.842801106021 for parameter set #295: [0.3337398537582396, 0.7695867186487902, -0.9995]
Running module mass_function_like
Model N: 3028990.5642487803
Done mass_function_like status = 0 

Pipeline ran okay.
Likelihood mass_function_like_m_n = -11.390445627272129
Posterior = -5.236114693432317 for parameter set #295: [0.3102466898505848, 0.8073215547067047, -0.9995]
Running module mass_function_like
Model N: 3023495.619755689
Done mass_function_like status = 0 

Pipeline ran okay.
Likelihood mass_function_like_m_n = -24.13482642173767
Posterior = -19.227885721941615 for parameter set #295: [0.318827445384407, 0.7982938469734495, -0.9995]
Running module mass_function_like
Model N: 3009025.3587561417
Done mass_function_like status = 0 

Pipeline ran okay.
Likelihood mass_function_like_m_n = -105.7212845236063
Posterior = -100.33184763080078 for parameter set #295: [0.31606155226312005, 0.7995764027196006, -0.9995]
Running module mass_function_like
Model N: 3033659.075905323
Done mass_function_like status = 0 

Pipeline ran okay.
Likelihood mass_function_like_m_n = -8.407631829380989
Posterior = -1.9355056538064783 for parameter set #296: [0.3064370493665295, 0.8116904717416901, -0.9995]
Model N: 3039488.645773734
Done mass_function_like status = 0 

Pipeline ran okay.
Likelihood mass_function_like_m_n = -14.765824884176254
Posterior = -8.263835876961007 for parameter set #296: [0.3059550850723554, 0.8127765379590157, -0.9995]
Model N: 3029661.10760067
Done mass_function_like status = 0 

Pipeline ran okay.
Likelihood mass_function_like_m_n = -10.519391618669033
Posterior = -3.904887253364425 for parameter set #296: [0.29640000463873656, 0.8219679894872918, -0.9995]
Model N: 2987455.7165764305
Done mass_function_like status = 0 

Pipeline ran okay.
Likelihood mass_function_like_m_n = -357.7561072856188
Posterior = -351.2814274063686 for parameter set #296: [0.30639725439637977, 0.8071035660699339, -0.9995]
Running module mass_function_like
Running module mass_function_like
Running module mass_function_like
Running module mass_function_like
Model N: 3029722.1842255746
Done mass_function_like status = 0 

Pipeline ran okay.
Likelihood mass_function_like_m_n = -10.44743575155735
Posterior = -11.954401988322108 for parameter set #297: [0.3404629965155201, 0.7789439459897896, -0.9995]
Running module mass_function_like
Model N: 3031405.058035589
Done mass_function_like status = 0 

Pipeline ran okay.
Likelihood mass_function_like_m_n = -8.949536353349686
Posterior = -2.5548790903958576 for parameter set #297: [0.3075451565306012, 0.8103205112644648, -0.9995]
Running module mass_function_like
Model N: 3005126.786623932
Done mass_function_like status = 0 

Pipeline ran okay.
Likelihood mass_function_like_m_n = -139.66970544308424
Posterior = -133.10561105770617 for parameter set #297: [0.30480020443173256, 0.8105196842645241, -0.9995]
Running module mass_function_like
Model N: 2991416.7222279604
Done mass_function_like status = 0 

Pipeline ran okay.
Likelihood mass_function_like_m_n = -299.6876459866762
Posterior = -293.0618094872424 for parameter set #297: [0.29672990217649786, 0.8176680206007034, -0.9995]
Running module mass_function_like
Model N: 3045142.2865040237
Done mass_function_like status = 0 

Pipeline ran okay.
Likelihood mass_function_like_m_n = -31.590432301163673
Posterior = -25.51179182825008 for parameter set #298: [0.31096050843160666, 0.8082011131752757, -0.9995]
Running module mass_function_like
Model N: 2992424.6409478537
Done mass_function_like status = 0 

Pipeline ran okay.
Likelihood mass_function_like_m_n = -285.76090321689844
Posterior = -283.3195183778995 for parameter set #298: [0.3291132937309102, 0.7856354207239584, -0.9995]
Running module mass_function_like
Model N: 3035147.59809158
Done mass_function_like status = 0 

Pipeline ran okay.
Likelihood mass_function_like_m_n = -8.96797376126051
Posterior = -2.2886695630549934 for parameter set #298: [0.29999985530439366, 0.8186220577050046, -0.9995]
Running module mass_function_like
Model N: 3011355.8109482895
Done mass_function_like status = 0 

Pipeline ran okay.
Likelihood mass_function_like_m_n = -87.86033814400434
Posterior = -85.79114152945793 for parameter set #298: [0.26963519279243225, 0.8515439390385513, -0.9995]
Running module mass_function_like
Model N: 2999403.018062442
Done mass_function_like status = 0 

Pipeline ran okay.
Likelihood mass_function_like_m_n = -198.76500640809536
Posterior = -192.670578059178 for parameter set #299: [0.3108155059927205, 0.8038181991580972, -0.9995]
Running module mass_function_like
Model N: 2944507.290493821
Done mass_function_like status = 0 

Pipeline ran okay.
Likelihood mass_function_like_m_n = -1332.7537158355117
Posterior = -1326.3800013899013 for parameter set #299: [0.3078177970388044, 0.8013877952464195, -0.9995]
Running module mass_function_like
Model N: 3021981.2492845273
Done mass_function_like status = 0 

Pipeline ran okay.
Likelihood mass_function_like_m_n = -29.406588725745678
Posterior = -23.249136385725166 for parameter set #299: [0.3102161818532139, 0.8066568636558444, -0.9995]
Running module mass_function_like
Model N: 3005362.3252202496
Done mass_function_like status = 0 

Pipeline ran okay.
Likelihood mass_function_like_m_n = -137.47389270365238
Posterior = -132.2522479655954 for parameter set #299: [0.3170743050239429, 0.7982334248150564, -0.9995]
Running module mass_function_like
Model N: 2992161.5685722674
Done mass_function_like status = 0 

Pipeline ran okay.
Likelihood mass_function_like_m_n = -289.36266335844994
Posterior = -283.048603947547 for parameter set #300: [0.3085468682850183, 0.8053848775865111, -0.9995]
Model N: 3032412.0784794292
Done mass_function_like status = 0 

Pipeline ran okay.
Likelihood mass_function_like_m_n = -8.500329375267029
Posterior = -1.8434482305326032 for parameter set #300: [0.30211768994783345, 0.816087488772022, -0.9995]
Model N: 3003250.212081917
Done mass_function_like status = 0 

Pipeline ran okay.
Likelihood mass_function_like_m_n = -157.8299838975072
Posterior = -151.92483765173546 for parameter set #300: [0.2875568657281336, 0.8290463234011607, -0.9995]
Model N: 3021108.4804236707
Done mass_function_like status = 0 

Pipeline ran okay.
Likelihood mass_function_like_m_n = -32.79078349471092
Posterior = -26.203623769833747 for parameter set #300: [0.3042928888509493, 0.8126571727296604, -0.9995]
Running module mass_function_like
Running module mass_function_like
Running module mass_function_like
Running module mass_function_like
Model N: 3033153.9972706363
Done mass_function_like status = 0 

Pipeline ran okay.
Likelihood mass_function_like_m_n = -8.383400365710258
Posterior = -2.295948108311121 for parameter set #301: [0.3108798156318116, 0.8070939058338481, -0.9995]
Running module mass_function_like
Model N: 3032966.815934337
Done mass_function_like status = 0 

Pipeline ran okay.
Likelihood mass_function_like_m_n = -8.39577978104353
Posterior = -1.719439929177856 for parameter set #301: [0.29923001994252757, 0.8192455700698933, -0.9995]
Running module mass_function_like
Model N: 3038660.712278917
Done mass_function_like status = 0 

Pipeline ran okay.
Likelihood mass_function_like_m_n = -13.182012520730495
Posterior = -6.627230959055941 for parameter set #301: [0.30499044360023525, 0.8136988156444512, -0.9995]
Running module mass_function_like
Model N: 3055721.7914875583
Done mass_function_like status = 0 

Pipeline ran okay.
Likelihood mass_function_like_m_n = -91.13246566057205
Posterior = -84.66524379882425 for parameter set #301: [0.29348720741060497, 0.827887511130172, -0.9995]
Running module mass_function_like
Model N: 3015894.919919204
Done mass_function_like status = 0 

Pipeline ran okay.
Likelihood mass_function_like_m_n = -58.284369960427284
Posterior = -57.9647730054888 for parameter set #302: [0.33566428814198235, 0.7819135967236123, -0.9995]
Running module mass_function_like
Model N: 2949990.0072359093
Done mass_function_like status = 0 

Pipeline ran okay.
Likelihood mass_function_like_m_n = -1172.7447685599327
Posterior = -1166.631031097344 for parameter set #302: [0.3106354758776612, 0.7991225047825246, -0.9995]
Running module mass_function_like
Model N: 3001773.03503211
Done mass_function_like status = 0 

Pipeline ran okay.
Likelihood mass_function_like_m_n = -172.95810636132956
Posterior = -166.4403444233769 for parameter set #302: [0.30568405243391633, 0.8092695625622291, -0.9995]
Running module mass_function_like
Model N: 2992316.9693385316
Done mass_function_like status = 0 

Pipeline ran okay.
Likelihood mass_function_like_m_n = -287.2322158962488
Posterior = -281.24813451442947 for parameter set #302: [0.3117917158759094, 0.8021449342371069, -0.9995]
Running module mass_function_like
Model N: 3022613.3184763934
Done mass_function_like status = 0 

Pipeline ran okay.
Likelihood mass_function_like_m_n = -27.113685831427574
Posterior = -23.03165038156147 for parameter set #303: [0.32279152802443967, 0.7943978984152289, -0.9995]
Running module mass_function_like
Model N: 3033239.204724817
Done mass_function_like status = 0 

Pipeline ran okay.
Likelihood mass_function_like_m_n = -8.38159129023552
Posterior = -1.88168289743831 for parameter set #303: [0.305989921627417, 0.8121120189917248, -0.9995]
Running module mass_function_like
Model N: 3014919.954893021
Done mass_function_like status = 0 

Pipeline ran okay.
Likelihood mass_function_like_m_n = -64.0569314584136
Posterior = -57.421957409306465 for parameter set #303: [0.302977587923238, 0.813407612125848, -0.9995]
Running module mass_function_like
Model N: 3027742.839348866
Done mass_function_like status = 0 

Pipeline ran okay.
Likelihood mass_function_like_m_n = -13.406975291669369
Posterior = -7.279728691893663 for parameter set #303: [0.31050768859963496, 0.8069335219476034, -0.9995]
Running module mass_function_like
Model N: 3038843.1307696137
Done mass_function_like status = 0 

Pipeline ran okay.
Likelihood mass_function_like_m_n = -13.511636480689049
Posterior = -8.059674030048944 for parameter set #304: [0.31566742957648186, 0.8028762705354733, -0.9995]
Model N: 2977668.068524827
Done mass_function_like status = 0 

Pipeline ran okay.
Likelihood mass_function_like_m_n = -524.1404712200165
Posterior = -517.579573503306 for parameter set #304: [0.3048663432184695, 0.807693528525514, -0.9995]
Model N: 3023564.664510043
Done mass_function_like status = 0 

Pipeline ran okay.
Likelihood mass_function_like_m_n = -23.912614412605762
Posterior = -20.510996223844295 for parameter set #304: [0.32560346074087926, 0.7918348369506268, -0.9995]
Model N: 3039183.9539206196
Done mass_function_like status = 0 

Pipeline ran okay.
Likelihood mass_function_like_m_n = -14.156779550015926
Posterior = -8.036502709346697 for parameter set #304: [0.31057381064367023, 0.8080017501196765, -0.9995]
Running module mass_function_like
Running module mass_function_like
Running module mass_function_like
Running module mass_function_like
Model N: 3028251.725554321
Done mass_function_like status = 0 

Pipeline ran okay.
Likelihood mass_function_like_m_n = -12.522352010011673
Posterior = -10.36664090012299 for parameter set #305: [0.3300785408170726, 0.7881249211827864, -0.9995]
Running module mass_function_like
Model N: 3040170.696507349
Done mass_function_like status = 0 

Pipeline ran okay.
Likelihood mass_function_like_m_n = -16.23964374512434
Posterior = -9.77553414410645 for parameter set #305: [0.30656040543400037, 0.8122163774913034, -0.9995]
Running module mass_function_like
Model N: 3016033.302008421
Done mass_function_like status = 0 

Pipeline ran okay.
Likelihood mass_function_like_m_n = -57.49073328822851
Posterior = -50.91131307957136 for parameter set #305: [0.3044695411319966, 0.8119612107736702, -0.9995]
Running module mass_function_like
Model N: 2982551.2521521877
Done mass_function_like status = 0 

Pipeline ran okay.
Likelihood mass_function_like_m_n = -437.0460031107068
Posterior = -430.56301152566857 for parameter set #305: [0.2937340186200092, 0.8199963614291212, -0.9995]
Running module mass_function_like
Model N: 3019493.626988967
Done mass_function_like status = 0 

Pipeline ran okay.
Likelihood mass_function_like_m_n = -39.72006971389055
Posterior = -33.042649857614535 for parameter set #306: [0.3006138960879787, 0.8163678814303317, -0.9995]
Running module mass_function_like
Model N: 3034917.3048372073
Done mass_function_like status = 0 

Pipeline ran okay.
Likelihood mass_function_like_m_n = -8.833559051156044
Posterior = -2.1545730291409573 for parameter set #306: [0.2997477396998685, 0.8188891935116243, -0.9995]
Running module mass_function_like
Model N: 3020157.5013212226
Done mass_function_like status = 0 

Pipeline ran okay.
Likelihood mass_function_like_m_n = -36.76643913984299
Posterior = -30.377479252510444 for parameter set #306: [0.3076202927893573, 0.8091188773808974, -0.9995]
Running module mass_function_like
Model N: 3039739.7058876827
Done mass_function_like status = 0 

Pipeline ran okay.
Likelihood mass_function_like_m_n = -15.290571950376034
Posterior = -10.415223619983312 for parameter set #306: [0.28100549622697407, 0.8406412921249504, -0.9995]
Running module mass_function_like
Model N: 2990116.396649093
Done mass_function_like status = 0 

Pipeline ran okay.
Likelihood mass_function_like_m_n = -318.1634009703994
Posterior = -314.09271625426425 for parameter set #307: [0.32284127615600794, 0.7912385366908232, -0.9995]
Running module mass_function_like
Model N: 3033109.879395379
Done mass_function_like status = 0 

Pipeline ran okay.
Likelihood mass_function_like_m_n = -8.38527761399746
Posterior = -1.7077098943167464 for parameter set #307: [0.29941068198237514, 0.8190659529095689, -0.9995]
Running module mass_function_like
Model N: 2897418.861904263
Done mass_function_like status = 0 

Pipeline ran okay.
Likelihood mass_function_like_m_n = -3144.151541315019
Posterior = -3139.0935143229713 for parameter set #307: [0.3180070941923595, 0.7869043989794319, -0.9995]
Running module mass_function_like
Model N: 3006636.969940579
Done mass_function_like status = 0 

Pipeline ran okay.
Likelihood mass_function_like_m_n = -125.91414522379637
Posterior = -119.77319130271556 for parameter set #307: [0.3103764182378062, 0.804974434799066, -0.9995]
Running module mass_function_like
Model N: 3034449.4553238316
Done mass_function_like status = 0 

Pipeline ran okay.
Likelihood mass_function_like_m_n = -8.614275217056274
Posterior = -3.196327158258633 for parameter set #308: [0.31588304844488335, 0.8022338805792252, -0.9995]
Model N: 2993507.4910846786
Done mass_function_like status = 0 

Pipeline ran okay.
Likelihood mass_function_like_m_n = -271.182251252234
Posterior = -264.71395441833715 for parameter set #308: [0.30649626607234287, 0.807607275496026, -0.9995]
Model N: 3032246.0753479414
Done mass_function_like status = 0 

Pipeline ran okay.
Likelihood mass_function_like_m_n = -8.551347017288208
Posterior = -1.8733859257480763 for parameter set #308: [0.300518286941774, 0.8177709273898605, -0.9995]
Model N: 3035696.9916290916
Done mass_function_like status = 0 

Pipeline ran okay.
Likelihood mass_function_like_m_n = -9.359153889119625
Posterior = -2.6919744915512833 for parameter set #308: [0.3015572283546004, 0.8170160602387523, -0.9995]
Running module mass_function_like
Running module mass_function_like
Running module mass_function_like
Running module mass_function_like
Model N: 3042718.7575107296
Done mass_function_like status = 0 

Pipeline ran okay.
Likelihood mass_function_like_m_n = -23.095656417310238
Posterior = -19.681686978449083 for parameter set #309: [0.3255551746597398, 0.7937054947576276, -0.9995]
Running module mass_function_like
Model N: 3033999.808325098
Done mass_function_like status = 0 

Pipeline ran okay.
Likelihood mass_function_like_m_n = -8.471473775804043
Posterior = -2.046200316167054 for parameter set #309: [0.30712784313341995, 0.8110103996816429, -0.9995]
Running module mass_function_like
Model N: 3001006.249023186
Done mass_function_like status = 0 

Pipeline ran okay.
Likelihood mass_function_like_m_n = -181.1005093678832
Posterior = -174.5673893094514 for parameter set #309: [0.3054071090219898, 0.8094782717550776, -0.9995]
Running module mass_function_like
Model N: 3025503.396201829
Done mass_function_like status = 0 

Pipeline ran okay.
Likelihood mass_function_like_m_n = -18.318544782698154
Posterior = -11.95310989261209 for parameter set #309: [0.3079229957493884, 0.8093424333066778, -0.9995]
Running module mass_function_like
Model N: 2979928.932715194
Done mass_function_like status = 0 

Pipeline ran okay.
Likelihood mass_function_like_m_n = -482.8041257932782
Posterior = -476.79368862068054 for parameter set #310: [0.3115660453545068, 0.801148985992235, -0.9995]
Running module mass_function_like
Model N: 3029545.9935125164
Done mass_function_like status = 0 

Pipeline ran okay.
Likelihood mass_function_like_m_n = -10.658361621201038
Posterior = -6.435960483442127 for parameter set #310: [0.32216710653446357, 0.7956577030221992, -0.9995]
Running module mass_function_like
Model N: 3046766.3253833964
Done mass_function_like status = 0 

Pipeline ran okay.
Likelihood mass_function_like_m_n = -38.35819819569588
Posterior = -33.24917717945957 for parameter set #310: [0.3177216431635099, 0.8016311622866032, -0.9995]
Running module mass_function_like
Model N: 3034812.536419015
Done mass_function_like status = 0 

Pipeline ran okay.
Likelihood mass_function_like_m_n = -8.778189145028591
Posterior = -2.6657269137563606 for parameter set #310: [0.31064745948137834, 0.8074934240929031, -0.9995]
Running module mass_function_like
Model N: 2896243.5641765604
Done mass_function_like status = 0 

Pipeline ran okay.
Likelihood mass_function_like_m_n = -3199.5036332011223
Posterior = -3194.3235187807577 for parameter set #311: [0.3173158296246285, 0.7874419459359957, -0.9995]
Running module mass_function_like
Model N: 3033131.816801063
Done mass_function_like status = 0 

Pipeline ran okay.
Likelihood mass_function_like_m_n = -8.384263947606087
Posterior = -2.6984200622665195 for parameter set #311: [0.31409581720206836, 0.8038714039381085, -0.9995]
Running module mass_function_like
Model N: 3030952.9401278724
Done mass_function_like status = 0 

Pipeline ran okay.
Likelihood mass_function_like_m_n = -9.260079689323902
Posterior = -4.049279596434932 for parameter set #311: [0.31713770174452355, 0.8006621749713538, -0.9995]
Running module mass_function_like
Model N: 3017817.178260519
Done mass_function_like status = 0 

Pipeline ran okay.
Likelihood mass_function_like_m_n = -47.831517554819584
Posterior = -41.21096209925156 for parameter set #311: [0.296572209377976, 0.8205580393246172, -0.9995]
Running module mass_function_like
Model N: 3032244.2876474108
Done mass_function_like status = 0 

Pipeline ran okay.
Likelihood mass_function_like_m_n = -8.55194590240717
Posterior = -1.8916951707752432 for parameter set #312: [0.3019520997248231, 0.8162458264202288, -0.9995]
Model N: 3027237.835736615
Done mass_function_like status = 0 

Pipeline ran okay.
Likelihood mass_function_like_m_n = -14.369557701051235
Posterior = -9.982501733200774 for parameter set #312: [0.3214114372729144, 0.7961574997312396, -0.9995]
Model N: 2997990.274969486
Done mass_function_like status = 0 

Pipeline ran okay.
Likelihood mass_function_like_m_n = -215.04895795881748
Posterior = -208.5949741376608 for parameter set #312: [0.3067129781342342, 0.8078334244697524, -0.9995]
Model N: 3005241.2343425807
Done mass_function_like status = 0 

Pipeline ran okay.
Likelihood mass_function_like_m_n = -138.60043733567
Posterior = -133.10476096441332 for parameter set #312: [0.2846141114845224, 0.8326384645773186, -0.9995]
Running module mass_function_like
Running module mass_function_like
Running module mass_function_like
Running module mass_function_like
Model N: 3024535.6150568654
Done mass_function_like status = 0 

Pipeline ran okay.
Likelihood mass_function_like_m_n = -20.955217994749546
Posterior = -14.70578258329367 for parameter set #313: [0.30927220347980267, 0.8078680708484177, -0.9995]
Running module mass_function_like
Model N: 3003443.617379956
Done mass_function_like status = 0 

Pipeline ran okay.
Likelihood mass_function_like_m_n = -155.90361876040697
Posterior = -149.23399400934827 for parameter set #313: [0.3013913624439019, 0.8139116857686333, -0.9995]
Running module mass_function_like
Model N: 3026564.32527588
Done mass_function_like status = 0 

Pipeline ran okay.
Likelihood mass_function_like_m_n = -15.784695036709309
Posterior = -9.351519941957998 for parameter set #313: [0.2929838884906397, 0.8254010852659772, -0.9995]
Running module mass_function_like
Model N: 3066035.7608456374
Done mass_function_like status = 0 

Pipeline ran okay.
Likelihood mass_function_like_m_n = -184.1839441433549
Posterior = -177.7367335257613 for parameter set #313: [0.2931868717799146, 0.8293031141721655, -0.9995]
Running module mass_function_like
Model N: 3028088.0013630157
Done mass_function_like status = 0 

Pipeline ran okay.
Likelihood mass_function_like_m_n = -12.797614753246307
Posterior = -6.419211389779111 for parameter set #314: [0.30775758770292677, 0.8097706100449319, -0.9995]
Running module mass_function_like
Model N: 3077487.831361222
Done mass_function_like status = 0 

Pipeline ran okay.
Likelihood mass_function_like_m_n = -327.7086136639118
Posterior = -321.7471679650034 for parameter set #314: [0.311982140872163, 0.8103732973519295, -0.9995]
Running module mass_function_like
Model N: 3035355.8809364964
Done mass_function_like status = 0 

Pipeline ran okay.
Likelihood mass_function_like_m_n = -9.104580760002136
Posterior = -2.6830786474643435 for parameter set #314: [0.29281944172403834, 0.8265027016925753, -0.9995]
Running module mass_function_like
Model N: 3016650.596892235
Done mass_function_like status = 0 

Pipeline ran okay.
Likelihood mass_function_like_m_n = -54.028244599699974
Posterior = -47.38580905535869 for parameter set #314: [0.30271546143293987, 0.8138581180354838, -0.9995]
Running module mass_function_like
Model N: 3009988.644844759
Done mass_function_like status = 0 

Pipeline ran okay.
Likelihood mass_function_like_m_n = -98.11807211488485
Posterior = -92.63136187504004 for parameter set #315: [0.31544405360302397, 0.8002745202175073, -0.9995]
Running module mass_function_like
Model N: 3023090.619684352
Done mass_function_like status = 0 

Pipeline ran okay.
Likelihood mass_function_like_m_n = -25.47012337297201
Posterior = -19.72012338571067 for parameter set #315: [0.31363307897027565, 0.8033440885610638, -0.9995]
Running module mass_function_like
Model N: 3043199.60227111
Done mass_function_like status = 0 

Pipeline ran okay.
Likelihood mass_function_like_m_n = -24.628150172531605
Posterior = -19.18777140963143 for parameter set #315: [0.3157411907771301, 0.803229893006602, -0.9995]
Running module mass_function_like
Model N: 3018234.601024562
Done mass_function_like status = 0 

Pipeline ran okay.
Likelihood mass_function_like_m_n = -45.72435078024864
Posterior = -39.2340930014515 for parameter set #315: [0.30614892542665884, 0.8104410240386336, -0.9995]
Running module mass_function_like
Model N: 2950151.317168578
Done mass_function_like status = 0 

Pipeline ran okay.
Likelihood mass_function_like_m_n = -1168.1959189102054
Posterior = -1161.6926268129187 for parameter set #316: [0.2940668372511208, 0.8162822825061339, -0.9995]
Model N: 3035340.252572284
Done mass_function_like status = 0 

Pipeline ran okay.
Likelihood mass_function_like_m_n = -9.093834891915321
Posterior = -3.680184074666778 for parameter set #316: [0.31591008096184087, 0.802294250942817, -0.9995]
Model N: 3108997.244328239
Done mass_function_like status = 0 

Pipeline ran okay.
Likelihood mass_function_like_m_n = -938.4452600702643
Posterior = -931.8280556575735 for parameter set #316: [0.2964758040457612, 0.8301174886559457, -0.9995]
Model N: 3006211.315343384
Done mass_function_like status = 0 

Pipeline ran okay.
Likelihood mass_function_like_m_n = -129.71375343948603
Posterior = -124.65604892533695 for parameter set #316: [0.28199111505860996, 0.8358402859617889, -0.9995]
Running module mass_function_like
Running module mass_function_like
Running module mass_function_like
Running module mass_function_like
Model N: 3019450.202582775
Done mass_function_like status = 0 

Pipeline ran okay.
Likelihood mass_function_like_m_n = -39.9183768555522
Posterior = -41.03269206073922 for parameter set #317: [0.3394806773080129, 0.7788617578018725, -0.9995]
Running module mass_function_like
Model N: 3032463.8597179744
Done mass_function_like status = 0 

Pipeline ran okay.
Likelihood mass_function_like_m_n = -8.486275471746922
Posterior = -1.8236752053183611 for parameter set #317: [0.29817221818142103, 0.8203343816785679, -0.9995]
Running module mass_function_like
Model N: 3018541.20002449
Done mass_function_like status = 0 

Pipeline ran okay.
Likelihood mass_function_like_m_n = -44.2135846465826
Posterior = -37.792707936352144 for parameter set #317: [0.30718926266149377, 0.8093998965636372, -0.9995]
Running module mass_function_like
Model N: 3036700.587851275
Done mass_function_like status = 0 

Pipeline ran okay.
Likelihood mass_function_like_m_n = -10.330212503671646
Posterior = -3.689897640778346 for parameter set #317: [0.3027924661293165, 0.8158094325930896, -0.9995]
Running module mass_function_like
Model N: 3060478.700314152
Done mass_function_like status = 0 

Pipeline ran okay.
Likelihood mass_function_like_m_n = -129.76923658698797
Posterior = -123.37427000659636 for parameter set #318: [0.30754105586663555, 0.8132369122212414, -0.9995]
Running module mass_function_like
Model N: 3032653.270837386
Done mass_function_like status = 0 

Pipeline ran okay.
Likelihood mass_function_like_m_n = -8.442401923239231
Posterior = -3.615802135649954 for parameter set #318: [0.31924943848906207, 0.7987725204023743, -0.9995]
Running module mass_function_like
Model N: 3012319.8346792976
Done mass_function_like status = 0 

Pipeline ran okay.
Likelihood mass_function_like_m_n = -81.00323713570833
Posterior = -76.17116809787915 for parameter set #318: [0.3192210049710259, 0.7968316749663555, -0.9995]
Running module mass_function_like
Model N: 3042597.089541014
Done mass_function_like status = 0 

Pipeline ran okay.
Likelihood mass_function_like_m_n = -22.71989791840315
Posterior = -16.712915445935288 for parameter set #318: [0.3115958762139162, 0.8073063963617699, -0.9995]
Running module mass_function_like
Model N: 2997005.8165694424
Done mass_function_like status = 0 

Pipeline ran okay.
Likelihood mass_function_like_m_n = -226.79447605460882
Posterior = -220.78744868967746 for parameter set #319: [0.31159548906582923, 0.8028023935323517, -0.9995]
Running module mass_function_like
Model N: 2942669.4152466333
Done mass_function_like status = 0 

Pipeline ran okay.
Likelihood mass_function_like_m_n = -1388.742291636765
Posterior = -1383.172863701475 for parameter set #319: [0.3148988339343744, 0.7942418148960507, -0.9995]
Running module mass_function_like
Model N: 2916730.926082863
Done mass_function_like status = 0 

Pipeline ran okay.
Likelihood mass_function_like_m_n = -2305.807261943817
Posterior = -2299.5840947990478 for parameter set #319: [0.3095513041365111, 0.7969173488751382, -0.9995]
Running module mass_function_like
Model N: 3034930.332213519
Done mass_function_like status = 0 

Pipeline ran okay.
Likelihood mass_function_like_m_n = -8.840696685016155
Posterior = -3.0664610002803503 for parameter set #319: [0.3134541332948235, 0.8046862967574588, -0.9995]
Running module mass_function_like
Model N: 3070969.355169739
Done mass_function_like status = 0 

Pipeline ran okay.
Likelihood mass_function_like_m_n = -240.84491263329983
Posterior = -237.2357507783692 for parameter set #320: [0.32477959783119803, 0.7971411159499593, -0.9995]
Model N: 2994270.5507066273
Done mass_function_like status = 0 

Pipeline ran okay.
Likelihood mass_function_like_m_n = -261.14741702377796
Posterior = -254.66761040100522 for parameter set #320: [0.30631660629669855, 0.8078676771608301, -0.9995]
Model N: 3059822.6975795752
Done mass_function_like status = 0 

Pipeline ran okay.
Likelihood mass_function_like_m_n = -124.00490988045931
Posterior = -117.41086591632134 for parameter set #320: [0.2958705875921086, 0.825672861683282, -0.9995]
Model N: 3031306.4528638683
Done mass_function_like status = 0 

Pipeline ran okay.
Likelihood mass_function_like_m_n = -9.01151093840599
Posterior = -3.401952806764214 for parameter set #320: [0.31462700288280837, 0.8031656615343616, -0.9995]
Running module mass_function_like
Running module mass_function_like
Running module mass_function_like
Running module mass_function_like
Model N: 3027391.9114262173
Done mass_function_like status = 0 

Pipeline ran okay.
Likelihood mass_function_like_m_n = -14.066928580403328
Posterior = -11.031640445706355 for parameter set #321: [0.3269963555451962, 0.7908954824761263, -0.9995]
Running module mass_function_like
Model N: 3035021.095527307
Done mass_function_like status = 0 

Pipeline ran okay.
Likelihood mass_function_like_m_n = -8.891976535320282
Posterior = -2.214999451099697 for parameter set #321: [0.2993177809604512, 0.8193616807336662, -0.9995]
Running module mass_function_like
Model N: 3036172.3269153666
Done mass_function_like status = 0 

Pipeline ran okay.
Likelihood mass_function_like_m_n = -9.7777668684721
Posterior = -3.2163343878278035 for parameter set #321: [0.30485534175245993, 0.8135890405494518, -0.9995]
Running module mass_function_like
Model N: 3070829.0461543365
Done mass_function_like status = 0 

Pipeline ran okay.
Likelihood mass_function_like_m_n = -239.12522779405117
Posterior = -233.05263978035447 for parameter set #321: [0.288984409370229, 0.8345821637600495, -0.9995]
Running module mass_function_like
Model N: 3038576.507488654
Done mass_function_like status = 0 

Pipeline ran okay.
Likelihood mass_function_like_m_n = -13.033544920384884
Posterior = -6.484672985874123 for parameter set #322: [0.3051074898687993, 0.8135681386598013, -0.9995]
Running module mass_function_like
Model N: 3012446.9653217564
Done mass_function_like status = 0 

Pipeline ran okay.
Likelihood mass_function_like_m_n = -80.12214651703835
Posterior = -73.44751203816334 for parameter set #322: [0.3009664077229811, 0.8152760260037782, -0.9995]
Running module mass_function_like
Model N: 3032114.432218834
Done mass_function_like status = 0 

Pipeline ran okay.
Likelihood mass_function_like_m_n = -8.598267994821072
Posterior = -3.8332539658684714 for parameter set #322: [0.28043324161053956, 0.8404974477916689, -0.9995]
Running module mass_function_like
Model N: 3033333.625425709
Done mass_function_like status = 0 

Pipeline ran okay.
Likelihood mass_function_like_m_n = -8.382382407784462
Posterior = -1.9622211544520738 for parameter set #322: [0.30719920752552404, 0.8108699032993872, -0.9995]
Running module mass_function_like
Model N: 2996442.7235120833
Done mass_function_like status = 0 

Pipeline ran okay.
Likelihood mass_function_like_m_n = -233.65983374416828
Posterior = -227.7230783664139 for parameter set #323: [0.3121864582267023, 0.802159001956177, -0.9995]
Running module mass_function_like
Model N: 3031074.5229246938
Done mass_function_like status = 0 

Pipeline ran okay.
Likelihood mass_function_like_m_n = -9.169935181736946
Posterior = -3.8478261232778728 for parameter set #323: [0.316475406761905, 0.8013225674282175, -0.9995]
Running module mass_function_like
Model N: 3034940.1179542416
Done mass_function_like status = 0 

Pipeline ran okay.
Likelihood mass_function_like_m_n = -8.846095003187656
Posterior = -2.727828811731115 for parameter set #323: [0.3105928089462017, 0.8075613855093776, -0.9995]
Running module mass_function_like
Model N: 3021242.655206428
Done mass_function_like status = 0 

Pipeline ran okay.
Likelihood mass_function_like_m_n = -32.25405192375183
Posterior = -25.99507614516068 for parameter set #323: [0.3091687340425933, 0.8076457165159988, -0.9995]
Running module mass_function_like
Model N: 3025760.7332800417
Done mass_function_like status = 0 

Pipeline ran okay.
Likelihood mass_function_like_m_n = -17.66968584805727
Posterior = -12.974412375510424 for parameter set #324: [0.31991999360322865, 0.7974574295934073, -0.9995]
Model N: 3032230.42560366
Done mass_function_like status = 0 

Pipeline ran okay.
Likelihood mass_function_like_m_n = -8.556625545024872
Posterior = -1.9024369341377039 for parameter set #324: [0.30224123124300156, 0.8159382864373677, -0.9995]
Model N: 2949669.1524799517
Done mass_function_like status = 0 

Pipeline ran okay.
Likelihood mass_function_like_m_n = -1181.8196551576257
Posterior = -1175.4752299316197 for parameter set #324: [0.308183874049669, 0.8015326167064286, -0.9995]
Model N: 3034037.6966960225
Done mass_function_like status = 0 

Pipeline ran okay.
Likelihood mass_function_like_m_n = -8.480936467647552
Posterior = -1.813923058634014 for parameter set #324: [0.2984321486488406, 0.8202154213056206, -0.9995]
Running module mass_function_like
Running module mass_function_like
Running module mass_function_like
Running module mass_function_like
Model N: 3017234.941984816
Done mass_function_like status = 0 

Pipeline ran okay.
Likelihood mass_function_like_m_n = -50.86760012805462
Posterior = -45.58455890364619 for parameter set #325: [0.31671085260483, 0.7997426465865946, -0.9995]
Running module mass_function_like
Model N: 3030526.889452913
Done mass_function_like status = 0 

Pipeline ran okay.
Likelihood mass_function_like_m_n = -9.614485614001751
Posterior = -3.124258623783984 for parameter set #325: [0.30614942612106905, 0.8116741815295724, -0.9995]
Running module mass_function_like
Model N: 3029636.5086803106
Done mass_function_like status = 0 

Pipeline ran okay.
Likelihood mass_function_like_m_n = -10.548720441758633
Posterior = -4.00416106681377 for parameter set #325: [0.3051912392232556, 0.8125800479650422, -0.9995]
Running module mass_function_like
Model N: 3018016.7014311543
Done mass_function_like status = 0 

Pipeline ran okay.
Likelihood mass_function_like_m_n = -46.81707752496004
Posterior = -40.35568391654879 for parameter set #325: [0.29339832460811727, 0.8240510013796503, -0.9995]
Running module mass_function_like
Model N: 2949040.311690858
Done mass_function_like status = 0 

Pipeline ran okay.
Likelihood mass_function_like_m_n = -1199.7095652371645
Posterior = -1203.3373230658378 for parameter set #326: [0.34540277971002104, 0.7673572395035175, -0.9995]
Running module mass_function_like
Model N: 2952615.2112164735
Done mass_function_like status = 0 

Pipeline ran okay.
Likelihood mass_function_like_m_n = -1099.8420380726457
Posterior = -1093.913376577387 for parameter set #326: [0.3122526952386122, 0.7977875295079636, -0.9995]
Running module mass_function_like
Model N: 3044483.2438332937
Done mass_function_like status = 0 

Pipeline ran okay.
Likelihood mass_function_like_m_n = -29.090082049369812
Posterior = -24.79521520891275 for parameter set #326: [0.3218377533544691, 0.797409749373817, -0.9995]
Running module mass_function_like
Model N: 3043713.802632788
Done mass_function_like status = 0 

Pipeline ran okay.
Likelihood mass_function_like_m_n = -26.350740864872932
Posterior = -20.531029581127484 for parameter set #326: [0.3131117726838498, 0.8058934760361763, -0.9995]
Running module mass_function_like
Model N: 3028261.765331226
Done mass_function_like status = 0 

Pipeline ran okay.
Likelihood mass_function_like_m_n = -12.505761079490185
Posterior = -6.4010270516159835 for parameter set #327: [0.3107197963640733, 0.8067706911897876, -0.9995]
Running module mass_function_like
Model N: 3036651.5225544604
Done mass_function_like status = 0 

Pipeline ran okay.
Likelihood mass_function_like_m_n = -10.275033511221409
Posterior = -5.090296314981568 for parameter set #327: [0.3172891121927666, 0.8010691607791386, -0.9995]
Running module mass_function_like
Model N: 3033666.1992076673
Done mass_function_like status = 0 

Pipeline ran okay.
Likelihood mass_function_like_m_n = -8.408574908971786
Posterior = -2.8102381422026905 for parameter set #327: [0.31470351952112896, 0.8033214022533416, -0.9995]
Running module mass_function_like
Model N: 3032865.2899568006
Done mass_function_like status = 0 

Pipeline ran okay.
Likelihood mass_function_like_m_n = -8.40732679516077
Posterior = -1.7283937917811745 for parameter set #327: [0.3002724683213162, 0.8180966540405783, -0.9995]
Running module mass_function_like
Model N: 2997109.203817646
Done mass_function_like status = 0 

Pipeline ran okay.
Likelihood mass_function_like_m_n = -225.54559136927128
Posterior = -219.10102583674222 for parameter set #328: [0.30685184158866996, 0.8076032922945316, -0.9995]
Model N: 3031362.5062975986
Done mass_function_like status = 0 

Pipeline ran okay.
Likelihood mass_function_like_m_n = -8.9758869856596
Posterior = -3.1890684857950067 for parameter set #328: [0.31336028217101425, 0.8044287434313654, -0.9995]
Model N: 3003676.9226057124
Done mass_function_like status = 0 

Pipeline ran okay.
Likelihood mass_function_like_m_n = -153.59657803922892
Posterior = -147.06815982727392 for parameter set #328: [0.30549337758314854, 0.809657044940528, -0.9995]
Model N: 2980295.635092383
Done mass_function_like status = 0 

Pipeline ran okay.
Likelihood mass_function_like_m_n = -476.2641836479306
Posterior = -474.1227716263852 for parameter set #328: [0.2698739575225528, 0.8477491392900393, -0.9995]
Running module mass_function_like
Running module mass_function_like
Running module mass_function_like
Running module mass_function_like
Model N: 3031956.128683777
Done mass_function_like status = 0 

Pipeline ran okay.
Likelihood mass_function_like_m_n = -8.662263236939907
Posterior = -2.115767198592252 for parameter set #329: [0.30515379782223834, 0.8128527009397711, -0.9995]
Running module mass_function_like
Model N: 3029931.8809574917
Done mass_function_like status = 0 

Pipeline ran okay.
Likelihood mass_function_like_m_n = -10.209768056869507
Posterior = -3.6370919139384927 for parameter set #329: [0.30461796611895725, 0.8132076225951258, -0.9995]
Running module mass_function_like
Model N: 3034858.884721166
Done mass_function_like status = 0 

Pipeline ran okay.
Likelihood mass_function_like_m_n = -8.802238278090954
Posterior = -2.1240349935532823 for parameter set #329: [0.300469236352498, 0.8180901544036019, -0.9995]
Running module mass_function_like
Model N: 3046001.982443115
Done mass_function_like status = 0 

Pipeline ran okay.
Likelihood mass_function_like_m_n = -35.065580658614635
Posterior = -28.626475649968377 for parameter set #329: [0.2930689223108677, 0.8273377506851047, -0.9995]
Running module mass_function_like
Model N: 3057832.3837336795
Done mass_function_like status = 0 

Pipeline ran okay.
Likelihood mass_function_like_m_n = -107.36937676370144
Posterior = -101.06042825249394 for parameter set #330: [0.30860645905239426, 0.8118704700821493, -0.9995]
Running module mass_function_like
Model N: 3023616.8435087455
Done mass_function_like status = 0 

Pipeline ran okay.
Likelihood mass_function_like_m_n = -23.745732121169567
Posterior = -18.122537818787222 for parameter set #330: [0.31453347787646063, 0.8025040384117749, -0.9995]
Running module mass_function_like
Model N: 3016784.0445528952
Done mass_function_like status = 0 

Pipeline ran okay.
Likelihood mass_function_like_m_n = -53.29641754180193
Posterior = -46.6459412587644 for parameter set #330: [0.30240116285464647, 0.8142019585096568, -0.9995]
Running module mass_function_like
Model N: 3067018.4985966343
Done mass_function_like status = 0 

Pipeline ran okay.
Likelihood mass_function_like_m_n = -194.84481704235077
Posterior = -188.20039951724956 for parameter set #330: [0.30264146448808227, 0.8190511499532142, -0.9995]
Running module mass_function_like
Model N: 3104209.769464273
Done mass_function_like status = 0 

Pipeline ran okay.
Likelihood mass_function_like_m_n = -825.4206872582436
Posterior = -819.4676836532274 for parameter set #331: [0.31205239057858664, 0.81295576790701, -0.9995]
Running module mass_function_like
Model N: 3031579.872782332
Done mass_function_like status = 0 

Pipeline ran okay.
Likelihood mass_function_like_m_n = -8.847551584243774
Posterior = -4.249207908914689 for parameter set #331: [0.3204007868621831, 0.797556394006731, -0.9995]
Running module mass_function_like
Model N: 2951670.731449999
Done mass_function_like status = 0 

Pipeline ran okay.
Likelihood mass_function_like_m_n = -1125.7941555455327
Posterior = -1119.4773094531695 for parameter set #331: [0.3085142011480452, 0.8013997588541831, -0.9995]
Running module mass_function_like
Model N: 3035237.071739724
Done mass_function_like status = 0 

Pipeline ran okay.
Likelihood mass_function_like_m_n = -9.024907074868679
Posterior = -2.5704789273669277 for parameter set #331: [0.3067063559525043, 0.8115700587833261, -0.9995]
Running module mass_function_like
Model N: 3025069.9819523627
Done mass_function_like status = 0 

Pipeline ran okay.
Likelihood mass_function_like_m_n = -19.46097608655691
Posterior = -16.04804688750232 for parameter set #332: [0.325559244899862, 0.7920196765256413, -0.9995]
Model N: 3015580.0214934503
Done mass_function_like status = 0 

Pipeline ran okay.
Likelihood mass_function_like_m_n = -60.11414881050587
Posterior = -54.22235725965733 for parameter set #332: [0.31255000117499326, 0.80368202676969, -0.9995]
Model N: 3033157.5670114346
Done mass_function_like status = 0 

Pipeline ran okay.
Likelihood mass_function_like_m_n = -8.383276537060738
Posterior = -1.7906505282631304 for parameter set #332: [0.29583639124045996, 0.8229449977347987, -0.9995]
Model N: 2980722.327100188
Done mass_function_like status = 0 

Pipeline ran okay.
Likelihood mass_function_like_m_n = -468.7121624201536
Posterior = -466.9402560821748 for parameter set #332: [0.26867142562984586, 0.8493180356039018, -0.9995]
Running module mass_function_like
Running module mass_function_like
Running module mass_function_like
Running module mass_function_like
Model N: 3025269.322513413
Done mass_function_like status = 0 

Pipeline ran okay.
Likelihood mass_function_like_m_n = -18.927804671227932
Posterior = -16.60513076315615 for parameter set #333: [0.32951823263760355, 0.7883588690250076, -0.9995]
Running module mass_function_like
Model N: 3028357.7036776496
Done mass_function_like status = 0 

Pipeline ran okay.
Likelihood mass_function_like_m_n = -12.34890253841877
Posterior = -5.957333386933136 for parameter set #333: [0.3075859745164951, 0.8099737475727556, -0.9995]
Running module mass_function_like
Model N: 3021616.982321784
Done mass_function_like status = 0 

Pipeline ran okay.
Likelihood mass_function_like_m_n = -30.78827788680792
Posterior = -24.163370681383483 for parameter set #333: [0.2967016066673071, 0.8208098465406294, -0.9995]
Running module mass_function_like
Model N: 3031843.287541431
Done mass_function_like status = 0 

Pipeline ran okay.
Likelihood mass_function_like_m_n = -8.712927773594856
Posterior = -2.1748960077712134 for parameter set #333: [0.2946845050562237, 0.8240719249644285, -0.9995]
Running module mass_function_like
Model N: 2911159.7971200566
Done mass_function_like status = 0 

Pipeline ran okay.
Likelihood mass_function_like_m_n = -2533.9268296808004
Posterior = -2527.6052909268565 for parameter set #334: [0.3084589058910241, 0.7974478369857181, -0.9995]
Running module mass_function_like
Model N: 3016310.2593312273
Done mass_function_like status = 0 

Pipeline ran okay.
Likelihood mass_function_like_m_n = -55.92153054475784
Posterior = -51.09053319127047 for parameter set #334: [0.31922657975211827, 0.797212204327026, -0.9995]
Running module mass_function_like
Model N: 3009968.463793434
Done mass_function_like status = 0 

Pipeline ran okay.
Likelihood mass_function_like_m_n = -98.27417431026697
Posterior = -91.92151221120123 for parameter set #334: [0.3080825998199151, 0.8076291948051985, -0.9995]
Running module mass_function_like
Model N: 3023595.827576957
Done mass_function_like status = 0 

Pipeline ran okay.
Likelihood mass_function_like_m_n = -23.81283801048994
Posterior = -20.641532477644027 for parameter set #334: [0.27351227202848727, 0.8480277015220221, -0.9995]
Running module mass_function_like
Model N: 3022889.07794971
Done mass_function_like status = 0 

Pipeline ran okay.
Likelihood mass_function_like_m_n = -26.154897697269917
Posterior = -19.84354316749603 for parameter set #335: [0.3085784575366008, 0.8084112481219156, -0.9995]
Running module mass_function_like
Model N: 3032377.5354361185
Done mass_function_like status = 0 

Pipeline ran okay.
Likelihood mass_function_like_m_n = -8.510196469724178
Posterior = -3.0631108143227177 for parameter set #335: [0.3156985256817877, 0.8022129933984677, -0.9995]
Running module mass_function_like
Model N: 3030043.804546004
Done mass_function_like status = 0 

Pipeline ran okay.
Likelihood mass_function_like_m_n = -10.088862113654613
Posterior = -3.741731556148588 for parameter set #335: [0.30815075015939236, 0.8095625617662918, -0.9995]
Running module mass_function_like
Model N: 3034839.41931774
Done mass_function_like status = 0 

Pipeline ran okay.
Likelihood mass_function_like_m_n = -8.792051933705807
Posterior = -2.835906044243435 for parameter set #335: [0.3120262904409284, 0.8061059733708698, -0.9995]
Running module mass_function_like
Model N: 3045966.160626362
Done mass_function_like status = 0 

Pipeline ran okay.
Likelihood mass_function_like_m_n = -34.91595297306776
Posterior = -28.258670905100665 for parameter set #336: [0.30209867245386723, 0.8174860030167777, -0.9995]
Model N: 3027306.3673024937
Done mass_function_like status = 0 

Pipeline ran okay.
Likelihood mass_function_like_m_n = -14.233980655670166
Posterior = -7.764329382267389 for parameter set #336: [0.293524617001174, 0.8248793323286002, -0.9995]
Model N: 3006396.8361153477
Done mass_function_like status = 0 

Pipeline ran okay.
Likelihood mass_function_like_m_n = -128.05022590607405
Posterior = -121.38444878934749 for parameter set #336: [0.30164481497948226, 0.8139446254290872, -0.9995]
Model N: 2987632.982885194
Done mass_function_like status = 0 

Pipeline ran okay.
Likelihood mass_function_like_m_n = -355.04350420832634
Posterior = -348.59275893201277 for parameter set #336: [0.30676104906056234, 0.8067494841342929, -0.9995]
Running module mass_function_like
Running module mass_function_like
Running module mass_function_like
Running module mass_function_like
Model N: 3017306.6052592136
Done mass_function_like status = 0 

Pipeline ran okay.
Likelihood mass_function_like_m_n = -50.48781584203243
Posterior = -49.37532001486613 for parameter set #337: [0.33336707470289806, 0.7841067766678391, -0.9995]
Running module mass_function_like
Model N: 3054683.739676753
Done mass_function_like status = 0 

Pipeline ran okay.
Likelihood mass_function_like_m_n = -83.6774255335331
Posterior = -77.04935701967422 for parameter set #337: [0.2967988850551307, 0.824120680579528, -0.9995]
Running module mass_function_like
Model N: 3017163.1642401926
Done mass_function_like status = 0 

Pipeline ran okay.
Likelihood mass_function_like_m_n = -51.24970628321171
Posterior = -44.57987933518743 for parameter set #337: [0.2986232465517803, 0.8182773635189868, -0.9995]
Running module mass_function_like
Model N: 3036381.664655385
Done mass_function_like status = 0 

Pipeline ran okay.
Likelihood mass_function_like_m_n = -9.985706225037575
Posterior = -3.409915728118465 for parameter set #337: [0.30455002640412315, 0.8139295247431235, -0.9995]
Running module mass_function_like
Model N: 3033250.98344967
Done mass_function_like status = 0 

Pipeline ran okay.
Likelihood mass_function_like_m_n = -8.38152951747179
Posterior = -1.9860744898271623 for parameter set #338: [0.30753457590930733, 0.8105161161694624, -0.9995]
Running module mass_function_like
Model N: 3020342.4205887425
Done mass_function_like status = 0 

Pipeline ran okay.
Likelihood mass_function_like_m_n = -35.969818986952305
Posterior = -29.368346661422244 for parameter set #338: [0.3039454245089759, 0.8129426140161397, -0.9995]
Running module mass_function_like
Model N: 3029978.915651836
Done mass_function_like status = 0 

Pipeline ran okay.
Likelihood mass_function_like_m_n = -10.158454440534115
Posterior = -4.025092690489545 for parameter set #338: [0.3104493296269725, 0.8072143758717597, -0.9995]
Running module mass_function_like
Model N: 3030784.9254345954
Done mass_function_like status = 0 

Pipeline ran okay.
Likelihood mass_function_like_m_n = -9.392682775855064
Posterior = -4.565580017022658 for parameter set #338: [0.3192468253978561, 0.7985941532325244, -0.9995]
Running module mass_function_like
Model N: 2953839.7552449773
Done mass_function_like status = 0 

Pipeline ran okay.
Likelihood mass_function_like_m_n = -1066.6564406827092
Posterior = -1060.5216097613275 for parameter set #339: [0.3104352601973162, 0.7997000001842482, -0.9995]
Running module mass_function_like
Model N: 3032569.792214619
Done mass_function_like status = 0 

Pipeline ran okay.
Likelihood mass_function_like_m_n = -8.460279829800129
Posterior = -1.815893275556295 for parameter set #339: [0.30264263671609876, 0.8155484174610468, -0.9995]
Running module mass_function_like
Model N: 3026333.5269312086
Done mass_function_like status = 0 

Pipeline ran okay.
Likelihood mass_function_like_m_n = -16.304186947643757
Posterior = -10.007509430504562 for parameter set #339: [0.30874787609847104, 0.808581377703195, -0.9995]
Running module mass_function_like
Model N: 3033453.526910216
Done mass_function_like status = 0 

Pipeline ran okay.
Likelihood mass_function_like_m_n = -8.387622751295567
Posterior = -1.9488114972898476 for parameter set #339: [0.3069353146187391, 0.8111545499473033, -0.9995]
Running module mass_function_like
Model N: 3034825.935584676
Done mass_function_like status = 0 

Pipeline ran okay.
Likelihood mass_function_like_m_n = -8.785068988800049
Posterior = -2.55991557430853 for parameter set #340: [0.3095304856520398, 0.8086290318762422, -0.9995]
Model N: 3033078.486024102
Done mass_function_like status = 0 

Pipeline ran okay.
Likelihood mass_function_like_m_n = -8.387004218995571
Posterior = -1.763964552520509 for parameter set #340: [0.2966454648061128, 0.822054004032694, -0.9995]
Model N: 3024757.364260358
Done mass_function_like status = 0 

Pipeline ran okay.
Likelihood mass_function_like_m_n = -20.323652915656567
Posterior = -14.140924290538738 for parameter set #340: [0.30996569689677916, 0.8071859935156107, -0.9995]
Model N: 2951945.700074488
Done mass_function_like status = 0 

Pipeline ran okay.
Likelihood mass_function_like_m_n = -1118.2066163122654
Posterior = -1111.8889208178668 for parameter set #340: [0.30850421899896346, 0.8014370098780581, -0.9995]
Running module mass_function_like
Running module mass_function_like
Running module mass_function_like
Running module mass_function_like
Model N: 3030920.778640286
Done mass_function_like status = 0 

Pipeline ran okay.
Likelihood mass_function_like_m_n = -9.284741312265396
Posterior = -2.8259724250850287 for parameter set #341: [0.30664131479648166, 0.8112046195165044, -0.9995]
Running module mass_function_like
Model N: 3025503.242541554
Done mass_function_like status = 0 

Pipeline ran okay.
Likelihood mass_function_like_m_n = -18.3189387768507
Posterior = -11.63965253179972 for parameter set #341: [0.2999400779519388, 0.8176998836723162, -0.9995]
Running module mass_function_like
Model N: 3000487.2314870306
Done mass_function_like status = 0 

Pipeline ran okay.
Likelihood mass_function_like_m_n = -186.72426783293486
Posterior = -184.30765403546576 for parameter set #341: [0.270801745254755, 0.8488448085554938, -0.9995]
Running module mass_function_like
Model N: 3039044.8010568894
Done mass_function_like status = 0 

Pipeline ran okay.
Likelihood mass_function_like_m_n = -13.888769187033176
Posterior = -13.304999530349003 for parameter set #341: [0.26508428851755694, 0.8606155137568022, -0.9995]
Running module mass_function_like
Model N: 3044134.237870278
Done mass_function_like status = 0 

Pipeline ran okay.
Likelihood mass_function_like_m_n = -27.823546163737774
Posterior = -21.80667675531052 for parameter set #342: [0.3115102979099843, 0.807545073796471, -0.9995]
Running module mass_function_like
Model N: 3038707.4914064608
Done mass_function_like status = 0 

Pipeline ran okay.
Likelihood mass_function_like_m_n = -13.265498645603657
Posterior = -6.665407303705601 for parameter set #342: [0.30398027276482764, 0.8147618957818077, -0.9995]
Running module mass_function_like
Model N: 3021339.2519603386
Done mass_function_like status = 0 

Pipeline ran okay.
Likelihood mass_function_like_m_n = -31.871345438063145
Posterior = -26.704486400184265 for parameter set #342: [0.3173922118227172, 0.7994780083802288, -0.9995]
Running module mass_function_like
Model N: 3011343.514510005
Done mass_function_like status = 0 

Pipeline ran okay.
Likelihood mass_function_like_m_n = -87.94981011748314
Posterior = -81.6036688576993 for parameter set #342: [0.3081628786408517, 0.8076846313178097, -0.9995]
Running module mass_function_like
Model N: 3026874.246278936
Done mass_function_like status = 0 

Pipeline ran okay.
Likelihood mass_function_like_m_n = -15.114855758845806
Posterior = -8.907226072136096 for parameter set #343: [0.309712615627116, 0.8076529323675536, -0.9995]
Running module mass_function_like
Model N: 3032576.9433125644
Done mass_function_like status = 0 

Pipeline ran okay.
Likelihood mass_function_like_m_n = -8.458658322691917
Posterior = -1.9138085817198878 for parameter set #343: [0.2948143571789378, 0.8240052216387712, -0.9995]
Running module mass_function_like
Model N: 3022087.687645763
Done mass_function_like status = 0 

Pipeline ran okay.
Likelihood mass_function_like_m_n = -29.011181704699993
Posterior = -26.96577846450496 for parameter set #343: [0.3304430647541116, 0.7872106997281321, -0.9995]
Running module mass_function_like
Model N: 3033204.5316105396
Done mass_function_like status = 0 

Pipeline ran okay.
Likelihood mass_function_like_m_n = -8.382038608193398
Posterior = -2.653887192482288 for parameter set #343: [0.3137924093805186, 0.8041800084583867, -0.9995]
Running module mass_function_like
Model N: 3009151.9761332595
Done mass_function_like status = 0 

Pipeline ran okay.
Likelihood mass_function_like_m_n = -104.70415350794792
Posterior = -98.95082702989805 for parameter set #344: [0.3136086569525455, 0.8019992064217555, -0.9995]
Model N: 3033513.176241047
Done mass_function_like status = 0 

Pipeline ran okay.
Likelihood mass_function_like_m_n = -8.39199499040842
Posterior = -2.0211811800795 for parameter set #344: [0.3078548123845357, 0.8102129528684038, -0.9995]
Model N: 3000651.7834245255
Done mass_function_like status = 0 

Pipeline ran okay.
Likelihood mass_function_like_m_n = -184.93145865947008
Posterior = -178.30073215170995 for parameter set #344: [0.3031169757955451, 0.81181919388179, -0.9995]
Model N: 3009172.8501115874
Done mass_function_like status = 0 

Pipeline ran okay.
Likelihood mass_function_like_m_n = -104.5369862690568
Posterior = -99.19129834628004 for parameter set #344: [0.2836683358133138, 0.8341607995131846, -0.9995]
Running module mass_function_like
Running module mass_function_like
Running module mass_function_like
Running module mass_function_like
Model N: 3011607.2483673217
Done mass_function_like status = 0 

Pipeline ran okay.
Likelihood mass_function_like_m_n = -86.04190619289875
Posterior = -87.59163667528213 for parameter set #345: [0.3405685461427781, 0.7771893180723909, -0.9995]
Running module mass_function_like
Model N: 3028549.555496967
Done mass_function_like status = 0 

Pipeline ran okay.
Likelihood mass_function_like_m_n = -12.04435670375824
Posterior = -5.393962974953654 for parameter set #345: [0.2975954015093736, 0.8205556656802176, -0.9995]
Running module mass_function_like
Model N: 3038828.206891485
Done mass_function_like status = 0 

Pipeline ran okay.
Likelihood mass_function_like_m_n = -13.484258994460106
Posterior = -6.8206935859803846 for parameter set #345: [0.3017741922010018, 0.8171042270730858, -0.9995]
Running module mass_function_like
Model N: 3031002.1552404393
Done mass_function_like status = 0 

Pipeline ran okay.
Likelihood mass_function_like_m_n = -9.223002418875694
Posterior = -2.7004262843101525 for parameter set #345: [0.3055987152766444, 0.8122935399211132, -0.9995]
Running module mass_function_like
Model N: 3029743.6368845548
Done mass_function_like status = 0 

Pipeline ran okay.
Likelihood mass_function_like_m_n = -10.422454379498959
Posterior = -4.11879522985152 for parameter set #346: [0.30866769921793275, 0.8090033409169755, -0.9995]
Running module mass_function_like
Model N: 3026148.648658482
Done mass_function_like status = 0 

Pipeline ran okay.
Likelihood mass_function_like_m_n = -16.733045510947704
Posterior = -13.19075495951953 for parameter set #346: [0.3250480084912235, 0.7926027850985523, -0.9995]
Running module mass_function_like
Model N: 3019426.2531061834
Done mass_function_like status = 0 

Pipeline ran okay.
Likelihood mass_function_like_m_n = -40.02801584452391
Posterior = -35.09080670025125 for parameter set #346: [0.3186659853961024, 0.7980556677196535, -0.9995]
Running module mass_function_like
Model N: 3031182.302411562
Done mass_function_like status = 0 

Pipeline ran okay.
Likelihood mass_function_like_m_n = -9.09410560131073
Posterior = -2.6781904517337622 for parameter set #346: [0.2927420519603233, 0.8261523772923727, -0.9995]
Running module mass_function_like
Model N: 2997768.0487567796
Done mass_function_like status = 0 

Pipeline ran okay.
Likelihood mass_function_like_m_n = -217.6717361882329
Posterior = -211.41146814777937 for parameter set #347: [0.30915462896961604, 0.8053269855781878, -0.9995]
Running module mass_function_like
Model N: 3021191.828450162
Done mass_function_like status = 0 

Pipeline ran okay.
Likelihood mass_function_like_m_n = -32.456667333841324
Posterior = -26.105333174443885 for parameter set #347: [0.30809901276592105, 0.8087318123589415, -0.9995]
Running module mass_function_like
Model N: 3034790.2845537593
Done mass_function_like status = 0 

Pipeline ran okay.
Likelihood mass_function_like_m_n = -8.76689449697733
Posterior = -3.4063286235343746 for parameter set #347: [0.316240309879231, 0.8019157638590352, -0.9995]
Running module mass_function_like
Model N: 3042400.6141770324
Done mass_function_like status = 0 

Pipeline ran okay.
Likelihood mass_function_like_m_n = -22.123345486819744
Posterior = -16.090580690154113 for parameter set #347: [0.3113713622899331, 0.8075135639793855, -0.9995]
Running module mass_function_like
Model N: 3014342.920126587
Done mass_function_like status = 0 

Pipeline ran okay.
Likelihood mass_function_like_m_n = -67.6228435114026
Posterior = -61.67190429145578 for parameter set #348: [0.3120695068529197, 0.8040393924194305, -0.9995]
Model N: 3022163.8555201516
Done mass_function_like status = 0 

Pipeline ran okay.
Likelihood mass_function_like_m_n = -28.730535976588726
Posterior = -22.229000727510524 for parameter set #348: [0.29403730012105256, 0.8237778281648575, -0.9995]
Model N: 3009167.9614135944
Done mass_function_like status = 0 

Pipeline ran okay.
Likelihood mass_function_like_m_n = -104.57612384110689
Posterior = -97.91887419008704 for parameter set #348: [0.302100216526473, 0.8137462790596973, -0.9995]
Model N: 3033779.641125955
Done mass_function_like status = 0 

Pipeline ran okay.
Likelihood mass_function_like_m_n = -8.42584776878357
Posterior = -2.2289485686385344 for parameter set #348: [0.3098224742113702, 0.8082277902450902, -0.9995]
Running module mass_function_like
Running module mass_function_like
Running module mass_function_like
Running module mass_function_like
Model N: 3035188.7072184216
Done mass_function_like status = 0 

Pipeline ran okay.
Likelihood mass_function_like_m_n = -8.99380474537611
Posterior = -2.6434556966775524 for parameter set #349: [0.30811116698893126, 0.8101168817386135, -0.9995]
Running module mass_function_like
Model N: 3036465.9177142
Done mass_function_like status = 0 

Pipeline ran okay.
Likelihood mass_function_like_m_n = -10.073465652763844
Posterior = -3.6358613197115606 for parameter set #349: [0.3069526953803243, 0.8114385743432145, -0.9995]
Running module mass_function_like
Model N: 3045983.75153809
Done mass_function_like status = 0 

Pipeline ran okay.
Likelihood mass_function_like_m_n = -34.98937776684761
Posterior = -28.310597825603296 for parameter set #349: [0.29967619232069426, 0.8200995999534553, -0.9995]
Running module mass_function_like
Model N: 2984704.216002665
Done mass_function_like status = 0 

Pipeline ran okay.
Likelihood mass_function_like_m_n = -401.23090813308954
Posterior = -405.76275354414497 for parameter set #349: [0.2526478097457665, 0.8713355050306724, -0.9995]
Running module mass_function_like
Model N: 3047150.2779260976
Done mass_function_like status = 0 

Pipeline ran okay.
Likelihood mass_function_like_m_n = -40.08421862125397
Posterior = -33.984998735028164 for parameter set #350: [0.31077111240387356, 0.8085923309831786, -0.9995]
Running module mass_function_like
Model N: 3024159.962774982
Done mass_function_like status = 0 

Pipeline ran okay.
Likelihood mass_function_like_m_n = -22.062322661280632
Posterior = -15.517255787527008 for parameter set #350: [0.30518145393797097, 0.8120389617347911, -0.9995]
Running module mass_function_like
Model N: 2997952.1215974237
Done mass_function_like status = 0 

Pipeline ran okay.
Likelihood mass_function_like_m_n = -215.498069986701
Posterior = -209.04880326379086 for parameter set #350: [0.3067828825052488, 0.807758208836592, -0.9995]
Running module mass_function_like
Model N: 3032929.456321824
Done mass_function_like status = 0 

Pipeline ran okay.
Likelihood mass_function_like_m_n = -8.39963360875845
Posterior = -1.9785465424906068 for parameter set #350: [0.3071863360906982, 0.8108428410706855, -0.9995]
Running module mass_function_like
Model N: 3034927.6371786054
Done mass_function_like status = 0 

Pipeline ran okay.
Likelihood mass_function_like_m_n = -8.839215509593487
Posterior = -3.058063100517347 for parameter set #351: [0.3134026250356716, 0.8047374153006481, -0.9995]
Running module mass_function_like
Model N: 3020626.307893139
Done mass_function_like status = 0 

Pipeline ran okay.
Likelihood mass_function_like_m_n = -34.76897671818733
Posterior = -28.22104327004842 for parameter set #351: [0.29487416835681685, 0.8226993474010211, -0.9995]
Running module mass_function_like
Model N: 3025913.1694751806
Done mass_function_like status = 0 

Pipeline ran okay.
Likelihood mass_function_like_m_n = -17.295675680041313
Posterior = -10.672252903158878 for parameter set #351: [0.3033430950159325, 0.8141366707234043, -0.9995]
Running module mass_function_like
Model N: 2993086.3559280774
Done mass_function_like status = 0 

Pipeline ran okay.
Likelihood mass_function_like_m_n = -276.8049075305462
Posterior = -270.60671108251273 for parameter set #351: [0.30980925838457446, 0.8042028787678359, -0.9995]
Running module mass_function_like
Model N: 3034584.575763282
Done mass_function_like status = 0 

Pipeline ran okay.
Likelihood mass_function_like_m_n = -8.67020283639431
Posterior = -2.039422899049013 for parameter set #352: [0.3031152611757252, 0.8152545720257357, -0.9995]
Model N: 3031937.4213310056
Done mass_function_like status = 0 

Pipeline ran okay.
Likelihood mass_function_like_m_n = -8.670372113585472
Posterior = -2.9461782809828243 for parameter set #352: [0.3138210735162472, 0.8040266781198501, -0.9995]
Model N: 3026697.9670263873
Done mass_function_like status = 0 

Pipeline ran okay.
Likelihood mass_function_like_m_n = -15.491951949894428
Posterior = -8.982474520465647 for parameter set #352: [0.2941720197515534, 0.824101270352751, -0.9995]
Model N: 3033737.453637039
Done mass_function_like status = 0 

Pipeline ran okay.
Likelihood mass_function_like_m_n = -8.418928869068623
Posterior = -1.7656912107466365 for parameter set #352: [0.29771673304284346, 0.8209585600431306, -0.9995]
Running module mass_function_like
Running module mass_function_like
Running module mass_function_like
Running module mass_function_like
Model N: 3036956.0423252666
Done mass_function_like status = 0 

Pipeline ran okay.
Likelihood mass_function_like_m_n = -10.630290754139423
Posterior = -4.252441571297846 for parameter set #353: [0.30776472814036165, 0.8106499040052604, -0.9995]
Running module mass_function_like
Model N: 3033315.292610865
Done mass_function_like status = 0 

Pipeline ran okay.
Likelihood mass_function_like_m_n = -8.381998866796494
Posterior = -1.832526497263233 for parameter set #353: [0.3050957203372426, 0.8130501147560816, -0.9995]
Running module mass_function_like
Model N: 3032062.0700806337
Done mass_function_like status = 0 

Pipeline ran okay.
Likelihood mass_function_like_m_n = -8.618520580232143
Posterior = -2.0587883418700645 for parameter set #353: [0.3048902343491518, 0.8131382645210331, -0.9995]
Running module mass_function_like
Model N: 3037015.0409494936
Done mass_function_like status = 0 

Pipeline ran okay.
Likelihood mass_function_like_m_n = -10.70264632254839
Posterior = -4.142112977692886 for parameter set #353: [0.30487382505748195, 0.8136547013626224, -0.9995]
Running module mass_function_like
Model N: 3035211.053549222
Done mass_function_like status = 0 

Pipeline ran okay.
Likelihood mass_function_like_m_n = -9.008079543709755
Posterior = -2.5865802463683707 for parameter set #354: [0.3071805974816698, 0.8110772799782546, -0.9995]
Running module mass_function_like
Model N: 3038695.5324080084
Done mass_function_like status = 0 

Pipeline ran okay.
Likelihood mass_function_like_m_n = -13.244087174534798
Posterior = -6.566846726463263 for parameter set #354: [0.3006424562613385, 0.8182967447554005, -0.9995]
Running module mass_function_like
Model N: 3009969.431698725
Done mass_function_like status = 0 

Pipeline ran okay.
Likelihood mass_function_like_m_n = -98.26668436080217
Posterior = -94.54625498438688 for parameter set #354: [0.2756735747718868, 0.8438440835637305, -0.9995]
Running module mass_function_like
Model N: 3008654.5023104497
Done mass_function_like status = 0 

Pipeline ran okay.
Likelihood mass_function_like_m_n = -108.73131916671991
Posterior = -108.01259285273674 for parameter set #354: [0.2654729732402947, 0.8566169564170887, -0.9995]
Running module mass_function_like
Model N: 3034644.443791958
Done mass_function_like status = 0 

Pipeline ran okay.
Likelihood mass_function_like_m_n = -8.696905389428139
Posterior = -2.252924243706852 for parameter set #355: [0.3068603651883688, 0.811351355158669, -0.9995]
Running module mass_function_like
Model N: 3024158.7938247467
Done mass_function_like status = 0 

Pipeline ran okay.
Likelihood mass_function_like_m_n = -22.065840773284435
Posterior = -16.135789154269872 for parameter set #355: [0.2877586554717577, 0.8310330757900201, -0.9995]
Running module mass_function_like
Model N: 2971172.521154834
Done mass_function_like status = 0 

Pipeline ran okay.
Likelihood mass_function_like_m_n = -652.6396004408598
Posterior = -646.5100138820036 for parameter set #355: [0.3104853959339077, 0.8013595984473468, -0.9995]
Running module mass_function_like
Model N: 3024737.1137473937
Done mass_function_like status = 0 

Pipeline ran okay.
Likelihood mass_function_like_m_n = -20.38065207004547
Posterior = -13.829822387681528 for parameter set #355: [0.3050690140253555, 0.8122139516712218, -0.9995]
Running module mass_function_like
Model N: 3018475.4012088487
Done mass_function_like status = 0 

Pipeline ran okay.
Likelihood mass_function_like_m_n = -44.5351706892252
Posterior = -38.48060278001151 for parameter set #356: [0.31117798093661386, 0.80534031510749, -0.9995]
Model N: 3021734.2712530205
Done mass_function_like status = 0 

Pipeline ran okay.
Likelihood mass_function_like_m_n = -30.338581673800945
Posterior = -23.779008338812243 for parameter set #356: [0.2951065173276796, 0.82255967466025, -0.9995]
Model N: 3030829.657334632
Done mass_function_like status = 0 

Pipeline ran okay.
Likelihood mass_function_like_m_n = -9.356468312442303
Posterior = -3.8995591283070503 for parameter set #356: [0.3156358243413959, 0.8021234288303716, -0.9995]
Model N: 3031370.5696590682
Done mass_function_like status = 0 

Pipeline ran okay.
Likelihood mass_function_like_m_n = -8.970847763121128
Posterior = -2.2915488339867522 for parameter set #356: [0.3000324628274319, 0.8182008102642826, -0.9995]
Running module mass_function_like
Running module mass_function_like
Running module mass_function_like
Running module mass_function_like
Model N: 3010265.1807596935
Done mass_function_like status = 0 

Pipeline ran okay.
Likelihood mass_function_like_m_n = -95.99277748912573
Posterior = -97.83201743661326 for parameter set #357: [0.3412760079120976, 0.7764502189360349, -0.9995]
Running module mass_function_like
Model N: 3018698.5875525605
Done mass_function_like status = 0 

Pipeline ran okay.
Likelihood mass_function_like_m_n = -43.45021339505911
Posterior = -43.197327809257125 for parameter set #357: [0.33585085386014735, 0.7820071508685287, -0.9995]
Running module mass_function_like
Model N: 3031709.621197126
Done mass_function_like status = 0 

Pipeline ran okay.
Likelihood mass_function_like_m_n = -8.778379119932652
Posterior = -2.3562954798618154 for parameter set #357: [0.30717245506419333, 0.8107348657858053, -0.9995]
Running module mass_function_like
Model N: 3044917.5961521734
Done mass_function_like status = 0 

Pipeline ran okay.
Likelihood mass_function_like_m_n = -30.722011528909206
Posterior = -24.27824605174014 for parameter set #357: [0.3068635081575115, 0.8123786222887682, -0.9995]
Running module mass_function_like
Model N: 3013181.737520806
Done mass_function_like status = 0 

Pipeline ran okay.
Likelihood mass_function_like_m_n = -75.13556645065546
Posterior = -71.0418009210248 for parameter set #358: [0.32274000294054306, 0.7935426862518428, -0.9995]
Running module mass_function_like
Model N: 3013922.7331963014
Done mass_function_like status = 0 

Pipeline ran okay.
Likelihood mass_function_like_m_n = -70.28941827267408
Posterior = -63.879186499043925 for parameter set #358: [0.3073358356671894, 0.8087877128068062, -0.9995]
Running module mass_function_like
Model N: 3075248.875856167
Done mass_function_like status = 0 

Pipeline ran okay.
Likelihood mass_function_like_m_n = -296.33553482592106
Posterior = -290.42636434633755 for parameter set #358: [0.3124107511354203, 0.8097164195436021, -0.9995]
Running module mass_function_like
Model N: 3013966.260122943
Done mass_function_like status = 0 

Pipeline ran okay.
Likelihood mass_function_like_m_n = -70.01045227050781
Posterior = -63.72406505782102 for parameter set #358: [0.30886472769602547, 0.8072308945603462, -0.9995]
Running module mass_function_like
Model N: 3034825.4937983807
Done mass_function_like status = 0 

Pipeline ran okay.
Likelihood mass_function_like_m_n = -8.78484120965004
Posterior = -3.194902366158524 for parameter set #359: [0.3147605240748334, 0.803378569013955, -0.9995]
Running module mass_function_like
Model N: 3028186.2925741775
Done mass_function_like status = 0 

Pipeline ran okay.
Likelihood mass_function_like_m_n = -12.631298065185547
Posterior = -6.3227085579325575 for parameter set #359: [0.3086106293737126, 0.8089064128121853, -0.9995]
Running module mass_function_like
Model N: 3032873.0258411695
Done mass_function_like status = 0 

Pipeline ran okay.
Likelihood mass_function_like_m_n = -8.406327329576015
Posterior = -1.7891913633601355 for parameter set #359: [0.30352613760634267, 0.8146486304970352, -0.9995]
Running module mass_function_like
Model N: 3035182.4922557473
Done mass_function_like status = 0 

Pipeline ran okay.
Likelihood mass_function_like_m_n = -8.989863857626915
Posterior = -3.3050849031169536 for parameter set #359: [0.31410337012065015, 0.8040653810325298, -0.9995]
Running module mass_function_like
Model N: 3034703.152472052
Done mass_function_like status = 0 

Pipeline ran okay.
Likelihood mass_function_like_m_n = -8.724237322807312
Posterior = -2.1590939602828954 for parameter set #360: [0.3047783017021905, 0.8135213203425781, -0.9995]
Model N: 3030882.833204955
Done mass_function_like status = 0 

Pipeline ran okay.
Likelihood mass_function_like_m_n = -9.314277283847332
Posterior = -2.7625927355309727 for parameter set #360: [0.3050521213365049, 0.812850706606367, -0.9995]
Model N: 2987914.3285225146
Done mass_function_like status = 0 

Pipeline ran okay.
Likelihood mass_function_like_m_n = -350.7601588219404
Posterior = -344.0818901920397 for parameter set #360: [0.2995449025578104, 0.8143031457689955, -0.9995]
Model N: 3033148.0473052645
Done mass_function_like status = 0 

Pipeline ran okay.
Likelihood mass_function_like_m_n = -8.383616097271442
Posterior = -1.756037470429904 for parameter set #360: [0.29678361782529933, 0.8219108101563937, -0.9995]
Running module mass_function_like
Running module mass_function_like
Running module mass_function_like
Running module mass_function_like
Model N: 3027554.528183265
Done mass_function_like status = 0 

Pipeline ran okay.
Likelihood mass_function_like_m_n = -13.756045512855053
Posterior = -12.171689780722849 for parameter set #361: [0.33192161796080516, 0.7863748550207948, -0.9995]
Running module mass_function_like
Model N: 3029627.233428562
Done mass_function_like status = 0 

Pipeline ran okay.
Likelihood mass_function_like_m_n = -10.55983105301857
Posterior = -4.137400500299192 for parameter set #361: [0.3071676166972128, 0.810531397279407, -0.9995]
Running module mass_function_like
Model N: 3042608.453811312
Done mass_function_like status = 0 

Pipeline ran okay.
Likelihood mass_function_like_m_n = -22.754789896309376
Posterior = -16.083248078845298 for parameter set #361: [0.29875401598355983, 0.8207482913787876, -0.9995]
Running module mass_function_like
Model N: 3030503.4011423904
Done mass_function_like status = 0 

Pipeline ran okay.
Likelihood mass_function_like_m_n = -9.635767631232738
Posterior = -3.13704097719628 for parameter set #361: [0.2939903819709778, 0.8246975346633658, -0.9995]
Running module mass_function_like
Model N: 3032238.6528948154
Done mass_function_like status = 0 

Pipeline ran okay.
Likelihood mass_function_like_m_n = -8.553840473294258
Posterior = -3.1819916357623743 for parameter set #362: [0.31617068558087946, 0.8017351490535487, -0.9995]
Running module mass_function_like
Model N: 3014280.93583688
Done mass_function_like status = 0 

Pipeline ran okay.
Likelihood mass_function_like_m_n = -68.01249953359365
Posterior = -62.16817550710326 for parameter set #362: [0.3129226945473442, 0.8031834332774247, -0.9995]
Running module mass_function_like
Model N: 3038804.7783709117
Done mass_function_like status = 0 

Pipeline ran okay.
Likelihood mass_function_like_m_n = -13.441427528858185
Posterior = -6.764345958190374 for parameter set #362: [0.29933327252308173, 0.819732991042334, -0.9995]
Running module mass_function_like
Model N: 3022648.3763624947
Done mass_function_like status = 0 

Pipeline ran okay.
Likelihood mass_function_like_m_n = -26.990392357110977
Posterior = -21.67310957335163 for parameter set #362: [0.3165046745775302, 0.8004718300090036, -0.9995]
Running module mass_function_like
Model N: 3046534.7888617134
Done mass_function_like status = 0 

Pipeline ran okay.
Likelihood mass_function_like_m_n = -37.34063117206097
Posterior = -31.376779683702114 for parameter set #363: [0.31196204589484045, 0.8073270656873589, -0.9995]
Running module mass_function_like
Model N: 3022092.304696145
Done mass_function_like status = 0 

Pipeline ran okay.
Likelihood mass_function_like_m_n = -28.994115002453327
Posterior = -23.275639571137027 for parameter set #363: [0.3138623862808241, 0.8030184136282035, -0.9995]
Running module mass_function_like
Model N: 3034706.0537497764
Done mass_function_like status = 0 

Pipeline ran okay.
Likelihood mass_function_like_m_n = -8.725617460906506
Posterior = -2.206088935143928 for parameter set #363: [0.30565288727196327, 0.8126098110397374, -0.9995]
Running module mass_function_like
Model N: 3018434.801722316
Done mass_function_like status = 0 

Pipeline ran okay.
Likelihood mass_function_like_m_n = -44.73431623727083
Posterior = -38.383902761594314 for parameter set #363: [0.30811037265030017, 0.8084451138768641, -0.9995]
Running module mass_function_like
Model N: 3031272.9593877564
Done mass_function_like status = 0 

Pipeline ran okay.
Likelihood mass_function_like_m_n = -9.0332922488451
Posterior = -3.27981839190494 for parameter set #364: [0.31360757393049943, 0.804173967430994, -0.9995]
Model N: 3028562.1366896196
Done mass_function_like status = 0 

Pipeline ran okay.
Likelihood mass_function_like_m_n = -12.02481060475111
Posterior = -5.432208108152141 for parameter set #364: [0.29583582657154556, 0.8224699187326677, -0.9995]
Model N: 3034655.3585974043
Done mass_function_like status = 0 

Pipeline ran okay.
Likelihood mass_function_like_m_n = -8.701900891959667
Posterior = -2.65726545430688 for parameter set #364: [0.3112664880123081, 0.8068522689773272, -0.9995]
Model N: 3027978.82623767
Done mass_function_like status = 0 

Pipeline ran okay.
Likelihood mass_function_like_m_n = -12.986094318330288
Posterior = -6.410587548058057 for parameter set #364: [0.3045562578513067, 0.8130750964250838, -0.9995]
Running module mass_function_like
Running module mass_function_like
Running module mass_function_like
Running module mass_function_like
Model N: 3034893.0388906593
Done mass_function_like status = 0 

Pipeline ran okay.
Likelihood mass_function_like_m_n = -8.820412889122963
Posterior = -2.3820430626116504 for parameter set #365: [0.30694167662454663, 0.8112922730448505, -0.9995]
Running module mass_function_like
Model N: 3037094.2023345036
Done mass_function_like status = 0 

Pipeline ran okay.
Likelihood mass_function_like_m_n = -10.801527760922909
Posterior = -4.148565711383071 for parameter set #365: [0.3022953060262354, 0.8163753503791549, -0.9995]
Running module mass_function_like
Model N: 3037490.0560297063
Done mass_function_like status = 0 

Pipeline ran okay.
Likelihood mass_function_like_m_n = -11.32690879702568
Posterior = -4.7298537469515605 for parameter set #365: [0.3040558389572585, 0.8145594593711794, -0.9995]
Running module mass_function_like
Model N: 3032560.0811550156
Done mass_function_like status = 0 

Pipeline ran okay.
Likelihood mass_function_like_m_n = -8.46250880509615
Posterior = -1.8194999575780955 for parameter set #365: [0.3026942661632491, 0.8154930399288921, -0.9995]
Running module mass_function_like
Model N: 3034058.9875825527
Done mass_function_like status = 0 

Pipeline ran okay.
Likelihood mass_function_like_m_n = -8.486461505293846
Posterior = -3.932136056807357 for parameter set #366: [0.3206154250493348, 0.7975892707944153, -0.9995]
Running module mass_function_like
Model N: 3034137.4009183273
Done mass_function_like status = 0 

Pipeline ran okay.
Likelihood mass_function_like_m_n = -8.508097976446152
Posterior = -2.358359539060954 for parameter set #366: [0.3102914115739776, 0.8077870648321077, -0.9995]
Running module mass_function_like
Model N: 3012870.659308069
Done mass_function_like status = 0 

Pipeline ran okay.
Likelihood mass_function_like_m_n = -77.22469755262136
Posterior = -70.84435013920307 for parameter set #366: [0.30773248711465995, 0.8082764806934237, -0.9995]
Running module mass_function_like
Model N: 3039775.138721857
Done mass_function_like status = 0 

Pipeline ran okay.
Likelihood mass_function_like_m_n = -15.366297289729118
Posterior = -8.742673883055227 for parameter set #366: [0.29666291169921116, 0.8227271398005296, -0.9995]
Running module mass_function_like
Model N: 2972222.831905437
Done mass_function_like status = 0 

Pipeline ran okay.
Likelihood mass_function_like_m_n = -630.8807741105556
Posterior = -624.9598809246464 for parameter set #367: [0.3123159328708867, 0.7996495154722705, -0.9995]
Running module mass_function_like
Model N: 3033352.830772268
Done mass_function_like status = 0 

Pipeline ran okay.
Likelihood mass_function_like_m_n = -8.382903024554253
Posterior = -3.0846732143636286 for parameter set #367: [0.31661971352412294, 0.8014032416806932, -0.9995]
Running module mass_function_like
Model N: 3033083.7761993883
Done mass_function_like status = 0 

Pipeline ran okay.
Likelihood mass_function_like_m_n = -8.386690489947796
Posterior = -1.7916448810724575 for parameter set #367: [0.30410508439462236, 0.8140623150544343, -0.9995]
Running module mass_function_like
Model N: 3031525.038975006
Done mass_function_like status = 0 

Pipeline ran okay.
Likelihood mass_function_like_m_n = -8.878455214202404
Posterior = -2.37226405946684 for parameter set #367: [0.29411590204747345, 0.8246655485437103, -0.9995]
Running module mass_function_like
Model N: 3026457.9725338756
Done mass_function_like status = 0 

Pipeline ran okay.
Likelihood mass_function_like_m_n = -16.021887354552746
Posterior = -9.756313268587336 for parameter set #368: [0.30909648407182455, 0.8082382017537804, -0.9995]
Model N: 3034782.353631182
Done mass_function_like status = 0 

Pipeline ran okay.
Likelihood mass_function_like_m_n = -8.762908332049847
Posterior = -2.184263376173668 for parameter set #368: [0.30448685284880217, 0.8138342330617924, -0.9995]
Model N: 3019803.2389415074
Done mass_function_like status = 0 

Pipeline ran okay.
Likelihood mass_function_like_m_n = -38.3243395909667
Posterior = -31.745075001839375 for parameter set #368: [0.3044730215555678, 0.8123375329000214, -0.9995]
Model N: 3001317.3456506124
Done mass_function_like status = 0 

Pipeline ran okay.
Likelihood mass_function_like_m_n = -177.77314642816782
Posterior = -172.83757946719447 for parameter set #368: [0.2813252189445935, 0.8360967497926026, -0.9995]
Running module mass_function_like
Running module mass_function_like
Running module mass_function_like
Running module mass_function_like
Model N: 3033705.9594523422
Done mass_function_like status = 0 

Pipeline ran okay.
Likelihood mass_function_like_m_n = -8.414146095514297
Posterior = -1.7470477801339523 for parameter set #369: [0.2984375734942178, 0.8201753842220461, -0.9995]
Running module mass_function_like
Model N: 3034552.2809197432
Done mass_function_like status = 0 

Pipeline ran okay.
Likelihood mass_function_like_m_n = -8.656288772821426
Posterior = -2.178821691174967 for parameter set #369: [0.30635353628562456, 0.8118666148304474, -0.9995]
Running module mass_function_like
Model N: 3032514.9518596265
Done mass_function_like status = 0 

Pipeline ran okay.
Likelihood mass_function_like_m_n = -8.47327546030283
Posterior = -1.8342521752879062 for parameter set #369: [0.3028383415331942, 0.8153366031783222, -0.9995]
Running module mass_function_like
Model N: 3037235.640316131
Done mass_function_like status = 0 

Pipeline ran okay.
Likelihood mass_function_like_m_n = -10.983329765498638
Posterior = -4.31244538689328 for parameter set #369: [0.30129767636218296, 0.8174489032043332, -0.9995]
Running module mass_function_like
Model N: 3040982.124702899
Done mass_function_like status = 0 

Pipeline ran okay.
Likelihood mass_function_like_m_n = -18.191877469420433
Posterior = -12.086332214522159 for parameter set #370: [0.31071222613103294, 0.8080398946773307, -0.9995]
Running module mass_function_like
Model N: 3038172.118109429
Done mass_function_like status = 0 

Pipeline ran okay.
Likelihood mass_function_like_m_n = -12.352994285523891
Posterior = -7.723000106026597 for parameter set #370: [0.3202450488703431, 0.7983433658082617, -0.9995]
Running module mass_function_like
Model N: 3035117.0632045707
Done mass_function_like status = 0 

Pipeline ran okay.
Likelihood mass_function_like_m_n = -8.949147276580334
Posterior = -2.4895286371709453 for parameter set #370: [0.30662850750773973, 0.8116385896519722, -0.9995]
Running module mass_function_like
Model N: 3029862.4640770983
Done mass_function_like status = 0 

Pipeline ran okay.
Likelihood mass_function_like_m_n = -10.286835499107838
Posterior = -6.081877683775268 for parameter set #370: [0.27775434252274106, 0.8434890633419052, -0.9995]
Running module mass_function_like
Model N: 3030371.085649292
Done mass_function_like status = 0 

Pipeline ran okay.
Likelihood mass_function_like_m_n = -9.759059019386768
Posterior = -5.156493814027094 for parameter set #371: [0.3203800833803521, 0.7974597410661037, -0.9995]
Running module mass_function_like
Model N: 3035246.1743353223
Done mass_function_like status = 0 

Pipeline ran okay.
Likelihood mass_function_like_m_n = -9.030846908688545
Posterior = -2.8931423060991523 for parameter set #371: [0.3104076855805775, 0.8077792609889825, -0.9995]
Running module mass_function_like
Model N: 3011734.3153671375
Done mass_function_like status = 0 

Pipeline ran okay.
Likelihood mass_function_like_m_n = -85.13098181784153
Posterior = -78.69396667100908 for parameter set #371: [0.3069611644353189, 0.8089534401586537, -0.9995]
Running module mass_function_like
Model N: 3010069.705563158
Done mass_function_like status = 0 

Pipeline ran okay.
Likelihood mass_function_like_m_n = -97.49243418872356
Posterior = -93.36328245313034 for parameter set #371: [0.2774161453125602, 0.8417287708390101, -0.9995]
Running module mass_function_like
Model N: 3021022.4125288837
Done mass_function_like status = 0 

Pipeline ran okay.
Likelihood mass_function_like_m_n = -33.138225704431534
Posterior = -26.69977006216546 for parameter set #372: [0.3069404402748547, 0.8099041467828062, -0.9995]
Model N: 3023006.3907638392
Done mass_function_like status = 0 

Pipeline ran okay.
Likelihood mass_function_like_m_n = -25.754666417837143
Posterior = -19.240909507649892 for parameter set #372: [0.2942459181771033, 0.8236360041992853, -0.9995]
Model N: 3030709.697155524
Done mass_function_like status = 0 

Pipeline ran okay.
Likelihood mass_function_like_m_n = -9.455076783895493
Posterior = -3.7894739667126736 for parameter set #372: [0.3142386894138989, 0.8034915825064555, -0.9995]
Model N: 3030343.4993508053
Done mass_function_like status = 0 

Pipeline ran okay.
Likelihood mass_function_like_m_n = -9.78549239039421
Posterior = -3.1125881817403673 for parameter set #372: [0.29886863006435943, 0.8193653956587258, -0.9995]
Running module mass_function_like
Running module mass_function_like
Running module mass_function_like
Running module mass_function_like
Model N: 2970857.8363750726
Done mass_function_like status = 0 

Pipeline ran okay.
Likelihood mass_function_like_m_n = -659.2325702682137
Posterior = -669.4415773016698 for parameter set #373: [0.35811765864479783, 0.7588385887283025, -0.9995]
Running module mass_function_like
Model N: 3028477.8760964875
Done mass_function_like status = 0 

Pipeline ran okay.
Likelihood mass_function_like_m_n = -12.156716272234917
Posterior = -6.650680223945475 for parameter set #373: [0.31531840820725676, 0.8022058817304776, -0.9995]
Running module mass_function_like
Model N: 3030669.099555354
Done mass_function_like status = 0 

Pipeline ran okay.
Likelihood mass_function_like_m_n = -9.48952467739582
Posterior = -2.9091327632897173 for parameter set #373: [0.3044477473895017, 0.8134600234937522, -0.9995]
Running module mass_function_like
Model N: 3033547.764450922
Done mass_function_like status = 0 

Pipeline ran okay.
Likelihood mass_function_like_m_n = -8.395067483186722
Posterior = -1.8131472818697407 for parameter set #373: [0.29558674729948037, 0.8232585227927129, -0.9995]
Running module mass_function_like
Model N: 3034778.5781583725
Done mass_function_like status = 0 

Pipeline ran okay.
Likelihood mass_function_like_m_n = -8.761018007993698
Posterior = -2.326495526408733 for parameter set #374: [0.29300311902737747, 0.8262379033023515, -0.9995]
Running module mass_function_like
Model N: 3032204.234141447
Done mass_function_like status = 0 

Pipeline ran okay.
Likelihood mass_function_like_m_n = -8.565640479326248
Posterior = -1.9380484612222464 for parameter set #374: [0.3032159658022497, 0.8149071643125115, -0.9995]
Running module mass_function_like
Model N: 3012010.4890425107
Done mass_function_like status = 0 

Pipeline ran okay.
Likelihood mass_function_like_m_n = -83.16975389420986
Posterior = -78.40611060116348 for parameter set #374: [0.31957376256759956, 0.7964619442765415, -0.9995]
Running module mass_function_like
Model N: 3027483.0638496703
Done mass_function_like status = 0 

Pipeline ran okay.
Likelihood mass_function_like_m_n = -13.891589775681496
Posterior = -7.546159304024913 for parameter set #374: [0.30817158156850455, 0.8092854563784133, -0.9995]
Running module mass_function_like
Model N: 3020569.831277767
Done mass_function_like status = 0 

Pipeline ran okay.
Likelihood mass_function_like_m_n = -35.00573759526014
Posterior = -28.67556512355503 for parameter set #375: [0.30835621596902674, 0.8084068256206027, -0.9995]
Running module mass_function_like
Model N: 3025343.1091424976
Done mass_function_like status = 0 

Pipeline ran okay.
Likelihood mass_function_like_m_n = -18.733789019286633
Posterior = -12.707091449434088 for parameter set #375: [0.3114245930208271, 0.8057717247241585, -0.9995]
Running module mass_function_like
Model N: 3044768.7690200573
Done mass_function_like status = 0 

Pipeline ran okay.
Likelihood mass_function_like_m_n = -30.155892744660378
Posterior = -23.478484893264024 for parameter set #375: [0.3006158485063465, 0.8189456356490972, -0.9995]
Running module mass_function_like
Model N: 3032656.606416051
Done mass_function_like status = 0 

Pipeline ran okay.
Likelihood mass_function_like_m_n = -8.441735319793224
Posterior = -1.8067480259563347 for parameter set #375: [0.3029771430759475, 0.8152046077877586, -0.9995]
Running module mass_function_like
Model N: 2972033.6100898613
Done mass_function_like status = 0 

Pipeline ran okay.
Likelihood mass_function_like_m_n = -634.7728187218308
Posterior = -628.5364833873062 for parameter set #376: [0.3094124265073953, 0.8025166056621762, -0.9995]
Model N: 3024856.5018021245
Done mass_function_like status = 0 

Pipeline ran okay.
Likelihood mass_function_like_m_n = -20.046572268009186
Posterior = -13.724511924015973 for parameter set #376: [0.30845273747749197, 0.8087356157860407, -0.9995]
Model N: 3028796.9117984376
Done mass_function_like status = 0 

Pipeline ran okay.
Likelihood mass_function_like_m_n = -11.669666782021523
Posterior = -5.131647835309595 for parameter set #376: [0.30531573610327434, 0.8123659981164232, -0.9995]
Model N: 3028425.7095040926
Done mass_function_like status = 0 

Pipeline ran okay.
Likelihood mass_function_like_m_n = -12.239557258784771
Posterior = -6.227966986262388 for parameter set #376: [0.28844392864518553, 0.8307030201717702, -0.9995]
Running module mass_function_like
Running module mass_function_like
Running module mass_function_like
Running module mass_function_like
Model N: 3029399.1587439086
Done mass_function_like status = 0 

Pipeline ran okay.
Likelihood mass_function_like_m_n = -10.8419818431139
Posterior = -6.0088981012011855 for parameter set #377: [0.31921572510418217, 0.7984898214742288, -0.9995]
Running module mass_function_like
Model N: 3030819.842179145
Done mass_function_like status = 0 

Pipeline ran okay.
Likelihood mass_function_like_m_n = -9.364357970654964
Posterior = -2.8072690478836417 for parameter set #377: [0.3049439918191453, 0.8129569404305658, -0.9995]
Running module mass_function_like
Model N: 3028924.1309499117
Done mass_function_like status = 0 

Pipeline ran okay.
Likelihood mass_function_like_m_n = -11.484836474061012
Posterior = -5.046429701832711 for parameter set #377: [0.3069411443736879, 0.8106946820883428, -0.9995]
Running module mass_function_like
Model N: 3033111.69441433
Done mass_function_like status = 0 

Pipeline ran okay.
Likelihood mass_function_like_m_n = -8.385187722742558
Posterior = -1.9251330712614418 for parameter set #377: [0.2933780735910298, 0.8256471801977531, -0.9995]
Running module mass_function_like
Model N: 3032690.6642200416
Done mass_function_like status = 0 

Pipeline ran okay.
Likelihood mass_function_like_m_n = -8.435139045119286
Posterior = -2.4106259613580203 for parameter set #378: [0.31144369795607113, 0.8064792156096967, -0.9995]
Running module mass_function_like
Model N: 3040984.5395034766
Done mass_function_like status = 0 

Pipeline ran okay.
Likelihood mass_function_like_m_n = -18.19800966233015
Posterior = -11.923993103917756 for parameter set #378: [0.30900319543159877, 0.8097807390400013, -0.9995]
Running module mass_function_like
Model N: 3031226.3223985676
Done mass_function_like status = 0 

Pipeline ran okay.
Likelihood mass_function_like_m_n = -9.06423781067133
Posterior = -2.537945817440063 for parameter set #378: [0.3055319473077558, 0.8123854857118404, -0.9995]
Running module mass_function_like
Model N: 3034420.2455888744
Done mass_function_like status = 0 

Pipeline ran okay.
Likelihood mass_function_like_m_n = -8.602975629270077
Posterior = -2.5914899028825644 for parameter set #378: [0.31155697600519, 0.8065365270648918, -0.9995]
Running module mass_function_like
Model N: 3035290.2081213994
Done mass_function_like status = 0 

Pipeline ran okay.
Likelihood mass_function_like_m_n = -9.05996598303318
Posterior = -2.6941412434657277 for parameter set #379: [0.3079180737397772, 0.8103252761951345, -0.9995]
Running module mass_function_like
Model N: 3034811.2978094597
Done mass_function_like status = 0 

Pipeline ran okay.
Likelihood mass_function_like_m_n = -8.777556166052818
Posterior = -4.2807575689490935 for parameter set #379: [0.3208926092253049, 0.7973949024409819, -0.9995]
Running module mass_function_like
Model N: 3037131.4550799453
Done mass_function_like status = 0 

Pipeline ran okay.
Likelihood mass_function_like_m_n = -10.848773680627346
Posterior = -6.429430666062615 for parameter set #379: [0.321260109048382, 0.7972654083775358, -0.9995]
Running module mass_function_like
Model N: 3029744.9313424043
Done mass_function_like status = 0 

Pipeline ran okay.
Likelihood mass_function_like_m_n = -10.42095185816288
Posterior = -4.45730046116558 for parameter set #379: [0.3119637184964617, 0.8056654382363264, -0.9995]
Running module mass_function_like
Model N: 3030503.896097673
Done mass_function_like status = 0 

Pipeline ran okay.
Likelihood mass_function_like_m_n = -9.635317295789719
Posterior = -3.0325639619615536 for parameter set #380: [0.29608717839706344, 0.8223965543965419, -0.9995]
Model N: 3034942.62396408
Done mass_function_like status = 0 

Pipeline ran okay.
Likelihood mass_function_like_m_n = -8.847482517361641
Posterior = -3.056866437389923 for parameter set #380: [0.31333182746916927, 0.8048097108634918, -0.9995]
Model N: 3031266.9306780263
Done mass_function_like status = 0 

Pipeline ran okay.
Likelihood mass_function_like_m_n = -9.037252135574818
Posterior = -2.528712047904934 for parameter set #380: [0.30584404159191764, 0.8120653869153586, -0.9995]
Model N: 3019700.723031472
Done mass_function_like status = 0 

Pipeline ran okay.
Likelihood mass_function_like_m_n = -38.78294990211725
Posterior = -32.438316193561796 for parameter set #380: [0.2918186738268818, 0.8259804736700633, -0.9995]
Running module mass_function_like
Running module mass_function_like
Running module mass_function_like
Running module mass_function_like
Model N: 3027553.1412186185
Done mass_function_like status = 0 

Pipeline ran okay.
Likelihood mass_function_like_m_n = -13.758660040795803
Posterior = -12.17450657112861 for parameter set #381: [0.33192225157673877, 0.7863742308090154, -0.9995]
Running module mass_function_like
Model N: 3037109.2718183245
Done mass_function_like status = 0 

Pipeline ran okay.
Likelihood mass_function_like_m_n = -10.82058472186327
Posterior = -4.225262552226479 for parameter set #381: [0.2959016581725432, 0.82328297651549, -0.9995]
Running module mass_function_like
Model N: 3031686.8709277455
Done mass_function_like status = 0 

Pipeline ran okay.
Likelihood mass_function_like_m_n = -8.790106236934662
Posterior = -2.124747803222725 for parameter set #381: [0.3016700757227301, 0.8164880696113519, -0.9995]
Running module mass_function_like
Model N: 3033438.2532279044
Done mass_function_like status = 0 

Pipeline ran okay.
Likelihood mass_function_like_m_n = -8.386691816151142
Posterior = -1.7074704272484293 for parameter set #381: [0.2998713070262319, 0.818584751035558, -0.9995]
Running module mass_function_like
Model N: 3006972.140643282
Done mass_function_like status = 0 

Pipeline ran okay.
Likelihood mass_function_like_m_n = -122.96502563357353
Posterior = -120.23995077511141 for parameter set #382: [0.3281219819353049, 0.7879179544462477, -0.9995]
Running module mass_function_like
Model N: 3022039.973628893
Done mass_function_like status = 0 

Pipeline ran okay.
Likelihood mass_function_like_m_n = -29.1879688128829
Posterior = -22.819458760588603 for parameter set #382: [0.30788408708749343, 0.809036397571833, -0.9995]
Running module mass_function_like
Model N: 3034002.300233029
Done mass_function_like status = 0 

Pipeline ran okay.
Likelihood mass_function_like_m_n = -8.47208160161972
Posterior = -2.3864911375642226 for parameter set #382: [0.2891030854435331, 0.8305423673779696, -0.9995]
Running module mass_function_like
Model N: 3024239.504684576
Done mass_function_like status = 0 

Pipeline ran okay.
Likelihood mass_function_like_m_n = -21.823995001614094
Posterior = -19.018143482148073 for parameter set #382: [0.2721667368824847, 0.8497857695433898, -0.9995]
Running module mass_function_like
Model N: 3030882.328490041
Done mass_function_like status = 0 

Pipeline ran okay.
Likelihood mass_function_like_m_n = -9.314673356711864
Posterior = -3.639695808367714 for parameter set #383: [0.3141726966380153, 0.8035741009026973, -0.9995]
Running module mass_function_like
Model N: 3034293.59864158
Done mass_function_like status = 0 

Pipeline ran okay.
Likelihood mass_function_like_m_n = -8.557234428822994
Posterior = -1.8794841454857032 for parameter set #383: [0.30055747914273245, 0.817938030975031, -0.9995]
Running module mass_function_like
Model N: 2990954.664849347
Done mass_function_like status = 0 

Pipeline ran okay.
Likelihood mass_function_like_m_n = -306.1871450468898
Posterior = -299.98014100256825 for parameter set #383: [0.30971905503625385, 0.804082434316333, -0.9995]
Running module mass_function_like
Model N: 3003510.546376199
Done mass_function_like status = 0 

Pipeline ran okay.
Likelihood mass_function_like_m_n = -155.23991876095533
Posterior = -149.36723574399343 for parameter set #383: [0.31270134781311254, 0.8023434504566325, -0.9995]
Running module mass_function_like
Model N: 3028744.5008238694
Done mass_function_like status = 0 

Pipeline ran okay.
Likelihood mass_function_like_m_n = -11.74736849218607
Posterior = -5.092053218646752 for parameter set #384: [0.29780961534104705, 0.8203437472048007, -0.9995]
Model N: 3013697.334409062
Done mass_function_like status = 0 

Pipeline ran okay.
Likelihood mass_function_like_m_n = -71.74412989616394
Posterior = -65.06628381890324 for parameter set #384: [0.3005400224161102, 0.8158556544314104, -0.9995]
Model N: 3011503.3625389505
Done mass_function_like status = 0 

Pipeline ran okay.
Likelihood mass_function_like_m_n = -86.79066018760204
Posterior = -82.32852499059604 for parameter set #384: [0.32105786789446733, 0.7949903308330597, -0.9995]
Model N: 2997627.2103122463
Done mass_function_like status = 0 

Pipeline ran okay.
Likelihood mass_function_like_m_n = -219.34258177131414
Posterior = -216.4028504513563 for parameter set #384: [0.2726519730936495, 0.8462089856822754, -0.9995]
Running module mass_function_like
Running module mass_function_like
Running module mass_function_like
Running module mass_function_like
Model N: 3013537.9290318047
Done mass_function_like status = 0 

Pipeline ran okay.
Likelihood mass_function_like_m_n = -72.7831663787365
Posterior = -78.74477190682856 for parameter set #385: [0.3502810296760165, 0.7690663497919961, -0.9995]
Running module mass_function_like
Model N: 3036092.414959199
Done mass_function_like status = 0 

Pipeline ran okay.
Likelihood mass_function_like_m_n = -9.702191486954689
Posterior = -3.789103161874179 for parameter set #385: [0.3123791427266163, 0.805875683077071, -0.9995]
Running module mass_function_like
Model N: 3037910.830722883
Done mass_function_like status = 0 

Pipeline ran okay.
Likelihood mass_function_like_m_n = -11.941848754882812
Posterior = -5.371903538997556 for parameter set #385: [0.30467672925076794, 0.8139511984787174, -0.9995]
Running module mass_function_like
Model N: 3029148.38677589
Done mass_function_like status = 0 

Pipeline ran okay.
Likelihood mass_function_like_m_n = -11.172056086361408
Posterior = -4.5447934600941835 for parameter set #385: [0.30322619193610595, 0.8145869342098517, -0.9995]
Running module mass_function_like
Model N: 2949590.7241130355
Done mass_function_like status = 0 

Pipeline ran okay.
Likelihood mass_function_like_m_n = -1184.0433400720358
Posterior = -1189.3982796794542 for parameter set #386: [0.34905964493497377, 0.7643481528142146, -0.9995]
Running module mass_function_like
Model N: 3030076.20756807
Done mass_function_like status = 0 

Pipeline ran okay.
Likelihood mass_function_like_m_n = -10.054631151258945
Posterior = -3.613805722306772 for parameter set #386: [0.3069062112530392, 0.8108462327964294, -0.9995]
Running module mass_function_like
Model N: 3029633.050721873
Done mass_function_like status = 0 

Pipeline ran okay.
Likelihood mass_function_like_m_n = -10.552859336137772
Posterior = -4.063364575826917 for parameter set #386: [0.3061613219036071, 0.811572189474471, -0.9995]
Running module mass_function_like
Model N: 3032552.226619305
Done mass_function_like status = 0 

Pipeline ran okay.
Likelihood mass_function_like_m_n = -8.464334405958652
Posterior = -2.1486129556094635 for parameter set #386: [0.29147260006847325, 0.8277151486899182, -0.9995]
Running module mass_function_like
Model N: 3030885.3100192132
Done mass_function_like status = 0 

Pipeline ran okay.
Likelihood mass_function_like_m_n = -9.312334880232811
Posterior = -2.773950485488058 for parameter set #387: [0.30530885681791187, 0.812583327678464, -0.9995]
Running module mass_function_like
Model N: 3029226.4739633137
Done mass_function_like status = 0 

Pipeline ran okay.
Likelihood mass_function_like_m_n = -11.067046537995338
Posterior = -4.920482656431172 for parameter set #387: [0.31032221213448, 0.8072684457803073, -0.9995]
Running module mass_function_like
Model N: 3034083.1028530602
Done mass_function_like status = 0 

Pipeline ran okay.
Likelihood mass_function_like_m_n = -8.492899864912033
Posterior = -3.4162423990669506 for parameter set #387: [0.31790333339054555, 0.8002193935094088, -0.9995]
Running module mass_function_like
Model N: 3032906.104871847
Done mass_function_like status = 0 

Pipeline ran okay.
Likelihood mass_function_like_m_n = -8.402276180684566
Posterior = -1.9172238255171692 for parameter set #387: [0.306233006387656, 0.8118266239899568, -0.9995]
Running module mass_function_like
Model N: 3007593.945358934
Done mass_function_like status = 0 

Pipeline ran okay.
Likelihood mass_function_like_m_n = -117.59365797042847
Posterior = -111.02547536688087 for parameter set #388: [0.3047142675944967, 0.8108570556474876, -0.9995]
Model N: 3030152.59052921
Done mass_function_like status = 0 

Pipeline ran okay.
Likelihood mass_function_like_m_n = -9.975311800837517
Posterior = -3.4455350361702397 for parameter set #388: [0.2945314090728429, 0.82406486380282, -0.9995]
Model N: 3031697.9003317826
Done mass_function_like status = 0 

Pipeline ran okay.
Likelihood mass_function_like_m_n = -8.784399554133415
Posterior = -2.2828511769313913 for parameter set #388: [0.2940375202959142, 0.8247698302473474, -0.9995]
Model N: 3038877.400316607
Done mass_function_like status = 0 

Pipeline ran okay.
Likelihood mass_function_like_m_n = -13.574779987335205
Posterior = -8.368317224005219 for parameter set #388: [0.3171629917845358, 0.8014095333757788, -0.9995]
Running module mass_function_like
Running module mass_function_like
Running module mass_function_like
Running module mass_function_like
Model N: 3034849.4484837307
Done mass_function_like status = 0 

Pipeline ran okay.
Likelihood mass_function_like_m_n = -8.79728465527296
Posterior = -2.434063841739011 for parameter set #389: [0.30795089158241074, 0.8102476066711567, -0.9995]
Running module mass_function_like
Model N: 3035594.1203420623
Done mass_function_like status = 0 

Pipeline ran okay.
Likelihood mass_function_like_m_n = -9.278346583247185
Posterior = -3.764254894769431 for parameter set #389: [0.3152657296571926, 0.8029545858391258, -0.9995]
Running module mass_function_like
Model N: 3033241.651537015
Done mass_function_like status = 0 

Pipeline ran okay.
Likelihood mass_function_like_m_n = -8.38157469034195
Posterior = -1.7677117213733364 for parameter set #389: [0.29638223192170676, 0.8223577162430205, -0.9995]
Running module mass_function_like
Model N: 3032134.249745189
Done mass_function_like status = 0 

Pipeline ran okay.
Likelihood mass_function_like_m_n = -8.590838953852654
Posterior = -3.8203410259682693 for parameter set #389: [0.28046128832074224, 0.8404659342467052, -0.9995]
Running module mass_function_like
Model N: 3022540.8668522425
Done mass_function_like status = 0 

Pipeline ran okay.
Likelihood mass_function_like_m_n = -27.36978068947792
Posterior = -21.17627821665659 for parameter set #390: [0.30985699472951944, 0.807076144416127, -0.9995]
Running module mass_function_like
Model N: 3010045.5837550857
Done mass_function_like status = 0 

Pipeline ran okay.
Likelihood mass_function_like_m_n = -97.67837975919247
Posterior = -95.51570873260391 for parameter set #390: [0.33005539276642926, 0.78643249412276, -0.9995]
Running module mass_function_like
Model N: 3039230.018773872
Done mass_function_like status = 0 

Pipeline ran okay.
Likelihood mass_function_like_m_n = -14.24690207093954
Posterior = -8.375495483656266 for parameter set #390: [0.312711393401409, 0.8058522345311232, -0.9995]
Running module mass_function_like
Model N: 3013335.7388958316
Done mass_function_like status = 0 

Pipeline ran okay.
Likelihood mass_function_like_m_n = -74.1132925003767
Posterior = -69.22787930290863 for parameter set #390: [0.31894144134347824, 0.7971995429663165, -0.9995]
Running module mass_function_like
Model N: 3013186.9129056977
Done mass_function_like status = 0 

Pipeline ran okay.
Likelihood mass_function_like_m_n = -75.10108315944672
Posterior = -75.85188019515586 for parameter set #391: [0.33854893314741497, 0.7791047533140408, -0.9995]
Running module mass_function_like
Model N: 2969811.234429538
Done mass_function_like status = 0 

Pipeline ran okay.
Likelihood mass_function_like_m_n = -681.4048179909587
Posterior = -675.0071881267729 for parameter set #391: [0.30750565565589605, 0.804216105509003, -0.9995]
Running module mass_function_like
Model N: 2994528.405453567
Done mass_function_like status = 0 

Pipeline ran okay.
Likelihood mass_function_like_m_n = -257.8009602651
Posterior = -251.13040489397557 for parameter set #391: [0.3013227869961382, 0.8130788975340343, -0.9995]
Running module mass_function_like
Model N: 3035919.324291539
Done mass_function_like status = 0 

Pipeline ran okay.
Likelihood mass_function_like_m_n = -9.545699313282967
Posterior = -2.875125279453016 for parameter set #391: [0.29867862461955363, 0.8201424834946518, -0.9995]
Running module mass_function_like
Model N: 3025744.9725100086
Done mass_function_like status = 0 

Pipeline ran okay.
Likelihood mass_function_like_m_n = -17.708794854581356
Posterior = -11.494346791934978 for parameter set #392: [0.3096421588419173, 0.807612209429027, -0.9995]
Model N: 3030842.3326787357
Done mass_function_like status = 0 

Pipeline ran okay.
Likelihood mass_function_like_m_n = -9.346326634287834
Posterior = -3.7246273386655773 for parameter set #392: [0.3145437608801021, 0.8032024776238059, -0.9995]
Model N: 3032831.668905598
Done mass_function_like status = 0 

Pipeline ran okay.
Likelihood mass_function_like_m_n = -8.411899849772453
Posterior = -1.7330076066269449 for parameter set #392: [0.3002870383823431, 0.818077710124012, -0.9995]
Model N: 3027352.9966500844
Done mass_function_like status = 0 

Pipeline ran okay.
Likelihood mass_function_like_m_n = -14.142621763050556
Posterior = -7.704205268403506 for parameter set #392: [0.30694100430288224, 0.8105374159320324, -0.9995]
Running module mass_function_like
Running module mass_function_like
Running module mass_function_like
Running module mass_function_like
Model N: 3035212.239204005
Done mass_function_like status = 0 

Pipeline ran okay.
Likelihood mass_function_like_m_n = -9.008841529488564
Posterior = -2.5894711398392314 for parameter set #393: [0.30721018458377963, 0.8110467559322928, -0.9995]
Running module mass_function_like
Model N: 3030276.415733231
Done mass_function_like status = 0 

Pipeline ran okay.
Likelihood mass_function_like_m_n = -9.85082121938467
Posterior = -3.291624475773954 for parameter set #393: [0.295098827595371, 0.8234541515912385, -0.9995]
Running module mass_function_like
Model N: 3033502.5887144143
Done mass_function_like status = 0 

Pipeline ran okay.
Likelihood mass_function_like_m_n = -8.391133323311806
Posterior = -1.7157261480450874 for parameter set #393: [0.30088283894833445, 0.8175101857579683, -0.9995]
Running module mass_function_like
Model N: 3037517.6948098307
Done mass_function_like status = 0 

Pipeline ran okay.
Likelihood mass_function_like_m_n = -11.36551546305418
Posterior = -4.931459307693613 for parameter set #393: [0.29299645742570757, 0.8265315519903984, -0.9995]
Running module mass_function_like
Model N: 3005082.160004779
Done mass_function_like status = 0 

Pipeline ran okay.
Likelihood mass_function_like_m_n = -140.08783753216267
Posterior = -137.6604973511554 for parameter set #394: [0.32916149521990584, 0.7867836064302496, -0.9995]
Running module mass_function_like
Model N: 3033103.4171879864
Done mass_function_like status = 0 

Pipeline ran okay.
Likelihood mass_function_like_m_n = -8.385606467723846
Posterior = -1.9754323647477037 for parameter set #394: [0.3073366217748233, 0.8107052989203072, -0.9995]
Running module mass_function_like
Model N: 3033913.531602473
Done mass_function_like status = 0 

Pipeline ran okay.
Likelihood mass_function_like_m_n = -8.45169099420309
Posterior = -3.479260260153608 for parameter set #394: [0.3184763279049746, 0.799645148810397, -0.9995]
Running module mass_function_like
Model N: 3033807.4744583596
Done mass_function_like status = 0 

Pipeline ran okay.
Likelihood mass_function_like_m_n = -8.430733680725098
Posterior = -2.642586686708899 for parameter set #394: [0.3133503348594258, 0.804679395268064, -0.9995]
Running module mass_function_like
Model N: 3033470.1868384564
Done mass_function_like status = 0 

Pipeline ran okay.
Likelihood mass_function_like_m_n = -8.388725869357586
Posterior = -2.2193750316340246 for parameter set #395: [0.31009904312879827, 0.8079159849330959, -0.9995]
Running module mass_function_like
Model N: 3003630.4345949846
Done mass_function_like status = 0 

Pipeline ran okay.
Likelihood mass_function_like_m_n = -154.05481510609388
Posterior = -147.74020054162128 for parameter set #395: [0.3085403704116109, 0.8065321638695371, -0.9995]
Running module mass_function_like
Model N: 3015769.153819579
Done mass_function_like status = 0 

Pipeline ran okay.
Likelihood mass_function_like_m_n = -59.011191852390766
Posterior = -52.72071445780831 for parameter set #395: [0.3088184670292262, 0.8074573520422932, -0.9995]
Running module mass_function_like
Model N: 3033026.5075130216
Done mass_function_like status = 0 

Pipeline ran okay.
Likelihood mass_function_like_m_n = -8.390577413141727
Posterior = -1.718471697087086 for parameter set #395: [0.3011998735146305, 0.8171241600942462, -0.9995]
Running module mass_function_like
Model N: 3028352.217757179
Done mass_function_like status = 0 

Pipeline ran okay.
Likelihood mass_function_like_m_n = -12.357789918780327
Posterior = -5.8515084553569086 for parameter set #396: [0.30588256295991434, 0.8117323510893011, -0.9995]
Model N: 3031041.3087442485
Done mass_function_like status = 0 

Pipeline ran okay.
Likelihood mass_function_like_m_n = -9.194076471030712
Posterior = -3.456433446116071 for parameter set #396: [0.31372341920510743, 0.8040357837626557, -0.9995]
Model N: 3030542.684772203
Done mass_function_like status = 0 

Pipeline ran okay.
Likelihood mass_function_like_m_n = -9.600276432931423
Posterior = -3.077341602990556 for parameter set #396: [0.29440769513761395, 0.8242414504699623, -0.9995]
Model N: 3031831.9294815087
Done mass_function_like status = 0 

Pipeline ran okay.
Likelihood mass_function_like_m_n = -8.718260169029236
Posterior = -2.635868256298311 for parameter set #396: [0.28907377205455353, 0.8303461691412254, -0.9995]
Running module mass_function_like
Running module mass_function_like
Running module mass_function_like
Running module mass_function_like
Model N: 3022787.7177260346
Done mass_function_like status = 0 

Pipeline ran okay.
Likelihood mass_function_like_m_n = -26.50438290834427
Posterior = -27.049273626585702 for parameter set #397: [0.33801103765106033, 0.7804652023901015, -0.9995]
Running module mass_function_like
Model N: 3031445.2412479087
Done mass_function_like status = 0 

Pipeline ran okay.
Likelihood mass_function_like_m_n = -8.925201140344143
Posterior = -2.619424718317843 for parameter set #397: [0.30864323754485434, 0.8091979765230888, -0.9995]
Running module mass_function_like
Model N: 3027206.5095203067
Done mass_function_like status = 0 

Pipeline ran okay.
Likelihood mass_function_like_m_n = -14.43204852938652
Posterior = -7.801349666230152 for parameter set #397: [0.2968821374259332, 0.8211906259694081, -0.9995]
Running module mass_function_like
Model N: 3034800.595268839
Done mass_function_like status = 0 

Pipeline ran okay.
Likelihood mass_function_like_m_n = -8.772107757627964
Posterior = -2.2250576907926423 for parameter set #397: [0.30514303668030623, 0.8131504940567568, -0.9995]
Running module mass_function_like
Model N: 3029204.76490861
Done mass_function_like status = 0 

Pipeline ran okay.
Likelihood mass_function_like_m_n = -11.09603800624609
Posterior = -4.942974335507715 for parameter set #398: [0.3102590499323458, 0.8073302526105364, -0.9995]
Running module mass_function_like
Model N: 3020056.293368965
Done mass_function_like status = 0 

Pipeline ran okay.
Likelihood mass_function_like_m_n = -37.20725129544735
Posterior = -31.700186892913827 for parameter set #398: [0.3153116935430192, 0.8013884423406306, -0.9995]
Running module mass_function_like
Model N: 3036404.5139081976
Done mass_function_like status = 0 

Pipeline ran okay.
Likelihood mass_function_like_m_n = -10.009275607764721
Posterior = -3.4430884621496958 for parameter set #398: [0.2952435926857517, 0.8239314144058235, -0.9995]
Running module mass_function_like
Model N: 3036534.6136851343
Done mass_function_like status = 0 

Pipeline ran okay.
Likelihood mass_function_like_m_n = -10.14674886316061
Posterior = -3.815443489242293 for parameter set #398: [0.2916573526456899, 0.8279257569728418, -0.9995]
Running module mass_function_like
Model N: 3028534.8950144993
Done mass_function_like status = 0 

Pipeline ran okay.
Likelihood mass_function_like_m_n = -12.06719921529293
Posterior = -5.960488220420968 for parameter set #399: [0.3107013382662005, 0.8068164000134385, -0.9995]
Running module mass_function_like
Model N: 3029268.1720185285
Done mass_function_like status = 0 

Pipeline ran okay.
Likelihood mass_function_like_m_n = -11.011797659099102
Posterior = -5.019889139678363 for parameter set #399: [0.31172514971238713, 0.8058578432178156, -0.9995]
Running module mass_function_like
Model N: 3034377.812246315
Done mass_function_like status = 0 

Pipeline ran okay.
Likelihood mass_function_like_m_n = -8.587061323225498
Posterior = -2.6028855152600947 for parameter set #399: [0.311790915064954, 0.8062967907247766, -0.9995]
Running module mass_function_like
Model N: 3028627.0899121407
Done mass_function_like status = 0 

Pipeline ran okay.
Likelihood mass_function_like_m_n = -11.924732215702534
Posterior = -10.7364303108727 for parameter set #399: [0.333139107693118, 0.7853702712080685, -0.9995]
Running module mass_function_like
Model N: 3018097.8189657372
Done mass_function_like status = 0 

Pipeline ran okay.
Likelihood mass_function_like_m_n = -46.40844051539898
Posterior = -40.857657098849536 for parameter set #400: [0.3150234535427827, 0.801480255768684, -0.9995]
Model N: 2993573.827458799
Done mass_function_like status = 0 

Pipeline ran okay.
Likelihood mass_function_like_m_n = -270.30205496400595
Posterior = -264.1009478438773 for parameter set #400: [0.3097795406659164, 0.8042811314192387, -0.9995]
Model N: 2998616.5401793895
Done mass_function_like status = 0 

Pipeline ran okay.
Likelihood mass_function_like_m_n = -207.74725165963173
Posterior = -203.43905627503116 for parameter set #400: [0.27822336658842955, 0.8395001485716654, -0.9995]
Model N: 3032383.490575028
Done mass_function_like status = 0 

Pipeline ran okay.
Likelihood mass_function_like_m_n = -8.508467331528664
Posterior = -2.5540938985073964 for parameter set #400: [0.28795898039791534, 0.8316766902430507, -0.9995]
Running module mass_function_like
Running module mass_function_like
Running module mass_function_like
Running module mass_function_like
Model N: 3031316.0366530796
Done mass_function_like status = 0 

Pipeline ran okay.
Likelihood mass_function_like_m_n = -9.005346588790417
Posterior = -2.3270957027412997 for parameter set #401: [0.300458979794998, 0.8177392504728581, -0.9995]
Running module mass_function_like
Model N: 3030629.4183692085
Done mass_function_like status = 0 

Pipeline ran okay.
Likelihood mass_function_like_m_n = -9.523720979690552
Posterior = -2.935494667742079 for parameter set #401: [0.3042679710955377, 0.8136438743866117, -0.9995]
Running module mass_function_like
Model N: 3032165.679055822
Done mass_function_like status = 0 

Pipeline ran okay.
Likelihood mass_function_like_m_n = -8.579322680830956
Posterior = -1.9537132810220328 for parameter set #401: [0.2967229648002721, 0.8218753947594334, -0.9995]
Running module mass_function_like
Model N: 3022824.5065718214
Done mass_function_like status = 0 

Pipeline ran okay.
Likelihood mass_function_like_m_n = -26.377142444252968
Posterior = -24.419390794815623 for parameter set #401: [0.26927036430781237, 0.8533046976896179, -0.9995]
Running module mass_function_like
Model N: 3030429.5052308864
Done mass_function_like status = 0 

Pipeline ran okay.
Likelihood mass_function_like_m_n = -9.703910812735558
Posterior = -3.1599393666358626 for parameter set #402: [0.30520255230075594, 0.812648068803722, -0.9995]
Running module mass_function_like
Model N: 3027459.519002611
Done mass_function_like status = 0 

Pipeline ran okay.
Likelihood mass_function_like_m_n = -13.936616718769073
Posterior = -8.03390994406613 for parameter set #402: [0.3124627238082793, 0.8049399959794779, -0.9995]
Running module mass_function_like
Model N: 3035521.7450956036
Done mass_function_like status = 0 

Pipeline ran okay.
Likelihood mass_function_like_m_n = -9.22358200699091
Posterior = -6.610470668277932 for parameter set #402: [0.32851733809315736, 0.7902515719724033, -0.9995]
Running module mass_function_like
Model N: 3044461.6554168803
Done mass_function_like status = 0 

Pipeline ran okay.
Likelihood mass_function_like_m_n = -29.01058143377304
Posterior = -26.08075218560571 for parameter set #402: [0.2726157894028589, 0.851482938041014, -0.9995]
Running module mass_function_like
Model N: 3028341.6277824827
Done mass_function_like status = 0 

Pipeline ran okay.
Likelihood mass_function_like_m_n = -12.374974191188812
Posterior = -6.377160263030133 for parameter set #403: [0.3116746757569666, 0.8058169393778706, -0.9995]
Running module mass_function_like
Model N: 3027118.490830242
Done mass_function_like status = 0 

Pipeline ran okay.
Likelihood mass_function_like_m_n = -14.609370350837708
Posterior = -8.138225676819575 for parameter set #403: [0.30645227904374983, 0.81101859447731, -0.9995]
Running module mass_function_like
Model N: 3031934.4037471926
Done mass_function_like status = 0 

Pipeline ran okay.
Likelihood mass_function_like_m_n = -8.671690925955772
Posterior = -2.7828256631425905 for parameter set #403: [0.2874267034116186, 0.8322391933148756, -0.9995]
Running module mass_function_like
Model N: 3026986.5618205196
Done mass_function_like status = 0 

Pipeline ran okay.
Likelihood mass_function_like_m_n = -14.879956290125847
Posterior = -8.491850590655089 for parameter set #403: [0.30763149394076206, 0.8097899231063544, -0.9995]
Running module mass_function_like
Model N: 3033335.4799233004
Done mass_function_like status = 0 

Pipeline ran okay.
Likelihood mass_function_like_m_n = -8.382427372038364
Posterior = -1.7041499169292091 for parameter set #404: [0.30045315410205475, 0.8179516828837762, -0.9995]
Model N: 3032088.4198911116
Done mass_function_like status = 0 

Pipeline ran okay.
Likelihood mass_function_like_m_n = -8.60821595788002
Posterior = -2.4924455537712085 for parameter set #404: [0.2893836560511503, 0.830025605745502, -0.9995]
Model N: 3029145.8616630845
Done mass_function_like status = 0 

Pipeline ran okay.
Likelihood mass_function_like_m_n = -11.175485447049141
Posterior = -4.6588131759624805 for parameter set #404: [0.30570319081258096, 0.8119984132541506, -0.9995]
Model N: 3016335.657236375
Done mass_function_like status = 0 

Pipeline ran okay.
Likelihood mass_function_like_m_n = -55.778909616172314
Posterior = -50.39659209724881 for parameter set #404: [0.31610581683359584, 0.8002461423332415, -0.9995]
Running module mass_function_like
Running module mass_function_like
Running module mass_function_like
Running module mass_function_like
Model N: 3019297.9829428415
Done mass_function_like status = 0 

Pipeline ran okay.
Likelihood mass_function_like_m_n = -40.6184756308794
Posterior = -41.60777756436998 for parameter set #405: [0.33916275304878546, 0.7791272361979554, -0.9995]
Running module mass_function_like
Model N: 3033381.9343053424
Done mass_function_like status = 0 

Pipeline ran okay.
Likelihood mass_function_like_m_n = -8.383923709392548
Posterior = -1.7424171667671224 for parameter set #405: [0.2972505398462689, 0.821427549413799, -0.9995]
Running module mass_function_like
Model N: 3036686.820476937
Done mass_function_like status = 0 

Pipeline ran okay.
Likelihood mass_function_like_m_n = -10.314649730920792
Posterior = -4.604544063607273 for parameter set #405: [0.3139226328759806, 0.804392680851645, -0.9995]
Running module mass_function_like
Model N: 3038940.2285953085
Done mass_function_like status = 0 

Pipeline ran okay.
Likelihood mass_function_like_m_n = -13.691546395421028
Posterior = -7.288354813493882 for parameter set #405: [0.2925688141406226, 0.8271571819276752, -0.9995]
Running module mass_function_like
Model N: 3032790.6183724357
Done mass_function_like status = 0 

Pipeline ran okay.
Likelihood mass_function_like_m_n = -8.417988859117031
Posterior = -1.881402037302518 for parameter set #406: [0.30534260940918734, 0.8127400286215846, -0.9995]
Running module mass_function_like
Model N: 3035862.9569945303
Done mass_function_like status = 0 

Pipeline ran okay.
Likelihood mass_function_like_m_n = -9.496865577995777
Posterior = -2.9622506121274608 for parameter set #406: [0.305379390903102, 0.8130111019177872, -0.9995]
Running module mass_function_like
Model N: 3027913.4962820364
Done mass_function_like status = 0 

Pipeline ran okay.
Likelihood mass_function_like_m_n = -13.100765503942966
Posterior = -6.796750048869875 for parameter set #406: [0.30866358751600176, 0.808825174436064, -0.9995]
Running module mass_function_like
Model N: 3034944.07463779
Done mass_function_like status = 0 

Pipeline ran okay.
Likelihood mass_function_like_m_n = -8.848286658525467
Posterior = -2.683328373518904 for parameter set #406: [0.3101424446096948, 0.8080184104448584, -0.9995]
Running module mass_function_like
Model N: 3030824.806506847
Done mass_function_like status = 0 

Pipeline ran okay.
Likelihood mass_function_like_m_n = -9.36036355048418
Posterior = -2.836616354828223 for parameter set #407: [0.3055777594543731, 0.8122974562581675, -0.9995]
Running module mass_function_like
Model N: 3027090.539050215
Done mass_function_like status = 0 

Pipeline ran okay.
Likelihood mass_function_like_m_n = -14.666218310594559
Posterior = -8.763441683673605 for parameter set #407: [0.31246216330649895, 0.8049043552776606, -0.9995]
Running module mass_function_like
Model N: 3003022.728785887
Done mass_function_like status = 0 

Pipeline ran okay.
Likelihood mass_function_like_m_n = -160.11187407374382
Posterior = -153.60143853117577 for parameter set #407: [0.3058115171124611, 0.8092634636108568, -0.9995]
Running module mass_function_like
Model N: 3034316.6023613894
Done mass_function_like status = 0 

Pipeline ran okay.
Likelihood mass_function_like_m_n = -8.56514997780323
Posterior = -3.8742693931090244 for parameter set #407: [0.3199420340668448, 0.7982634028617474, -0.9995]
Running module mass_function_like
Model N: 3024207.870711128
Done mass_function_like status = 0 

Pipeline ran okay.
Likelihood mass_function_like_m_n = -21.91852706670761
Posterior = -15.340398258424303 for parameter set #408: [0.29550165830495523, 0.8223840133676065, -0.9995]
Model N: 3028994.6693779025
Done mass_function_like status = 0 

Pipeline ran okay.
Likelihood mass_function_like_m_n = -11.38466078042984
Posterior = -6.567642759265148 for parameter set #408: [0.3192991511582531, 0.7983700408724281, -0.9995]
Model N: 2952128.845463324
Done mass_function_like status = 0 

Pipeline ran okay.
Likelihood mass_function_like_m_n = -1113.1674688011408
Posterior = -1108.039677183141 for parameter set #408: [0.3176154056456864, 0.7925515110442117, -0.9995]
Model N: 3035114.6684824103
Done mass_function_like status = 0 

Pipeline ran okay.
Likelihood mass_function_like_m_n = -8.947683773934841
Posterior = -3.3334033657243847 for parameter set #408: [0.3145946825254936, 0.8035712933112067, -0.9995]
Running module mass_function_like
Running module mass_function_like
Running module mass_function_like
Running module mass_function_like
Model N: 3011757.4686025083
Done mass_function_like status = 0 

Pipeline ran okay.
Likelihood mass_function_like_m_n = -84.96558129042387
Posterior = -88.86293282526793 for parameter set #409: [0.34599272928008135, 0.7725287497882841, -0.9995]
Running module mass_function_like
Model N: 3031993.7438448165
Done mass_function_like status = 0 

Pipeline ran okay.
Likelihood mass_function_like_m_n = -8.6463081240654
Posterior = -1.967575555008752 for parameter set #409: [0.30033812105925306, 0.8179376518885737, -0.9995]
Running module mass_function_like
Model N: 3038110.1807476594
Done mass_function_like status = 0 

Pipeline ran okay.
Likelihood mass_function_like_m_n = -12.253504641354084
Posterior = -5.834211319046878 for parameter set #409: [0.3072112533723756, 0.8113359795270927, -0.9995]
Running module mass_function_like
Model N: 3031432.656330904
Done mass_function_like status = 0 

Pipeline ran okay.
Likelihood mass_function_like_m_n = -8.932765327394009
Posterior = -2.270886689035894 for parameter set #409: [0.3018668454650605, 0.8162535124178887, -0.9995]
Running module mass_function_like
Model N: 3035866.032952939
Done mass_function_like status = 0 

Pipeline ran okay.
Likelihood mass_function_like_m_n = -9.499503448605537
Posterior = -3.4669533050259727 for parameter set #410: [0.3113732497970513, 0.8068646240160581, -0.9995]
Running module mass_function_like
Model N: 3015856.1495421953
Done mass_function_like status = 0 

Pipeline ran okay.
Likelihood mass_function_like_m_n = -58.507867589592934
Posterior = -54.76795851293912 for parameter set #410: [0.3242462167014006, 0.7923755890583434, -0.9995]
Running module mass_function_like
Model N: 3036090.4909331026
Done mass_function_like status = 0 

Pipeline ran okay.
Likelihood mass_function_like_m_n = -9.700397782027721
Posterior = -3.729434697480251 for parameter set #410: [0.31190244608274054, 0.8063538637664582, -0.9995]
Running module mass_function_like
Model N: 3034204.38413217
Done mass_function_like status = 0 

Pipeline ran okay.
Likelihood mass_function_like_m_n = -8.52818501740694
Posterior = -1.9250830515953812 for parameter set #410: [0.2960960985540452, 0.8227697457350989, -0.9995]
Running module mass_function_like
Model N: 3027681.6221217467
Done mass_function_like status = 0 

Pipeline ran okay.
Likelihood mass_function_like_m_n = -13.519165702164173
Posterior = -7.413606536319863 for parameter set #411: [0.3107120962697867, 0.8067209286000695, -0.9995]
Running module mass_function_like
Model N: 3030399.6168863806
Done mass_function_like status = 0 

Pipeline ran okay.
Likelihood mass_function_like_m_n = -9.73198463767767
Posterior = -6.1405043228069385 for parameter set #411: [0.3248508506230248, 0.7931941031760155, -0.9995]
Running module mass_function_like
Model N: 3034228.2550620954
Done mass_function_like status = 0 

Pipeline ran okay.
Likelihood mass_function_like_m_n = -8.535700753331184
Posterior = -1.8563975780147928 for parameter set #411: [0.30001430380235433, 0.8185124565788511, -0.9995]
Running module mass_function_like
Model N: 3026600.611829218
Done mass_function_like status = 0 

Pipeline ran okay.
Likelihood mass_function_like_m_n = -15.704624235630035
Posterior = -11.218402821945686 for parameter set #411: [0.2790568255289421, 0.8415516685358779, -0.9995]
Running module mass_function_like
Model N: 3027933.079637427
Done mass_function_like status = 0 

Pipeline ran okay.
Likelihood mass_function_like_m_n = -13.066243395209312
Posterior = -6.554779534927231 for parameter set #412: [0.305793795613035, 0.8117824008303575, -0.9995]
Model N: 3019150.406053382
Done mass_function_like status = 0 

Pipeline ran okay.
Likelihood mass_function_like_m_n = -41.30458174645901
Posterior = -35.28220192285404 for parameter set #412: [0.28853767584906764, 0.8296145337357739, -0.9995]
Model N: 3033300.2930648485
Done mass_function_like status = 0 

Pipeline ran okay.
Likelihood mass_function_like_m_n = -8.381767481565475
Posterior = -1.704487748284512 for parameter set #412: [0.30063631203496965, 0.8177524637542435, -0.9995]
Model N: 3029176.5146254995
Done mass_function_like status = 0 

Pipeline ran okay.
Likelihood mass_function_like_m_n = -11.13399824500084
Posterior = -5.701123266219228 for parameter set #412: [0.28421121144907824, 0.8357076928983309, -0.9995]
Running module mass_function_like
Running module mass_function_like
Running module mass_function_like
Running module mass_function_like
Model N: 3034301.0341777382
Done mass_function_like status = 0 

Pipeline ran okay.
Likelihood mass_function_like_m_n = -8.559773914515972
Posterior = -2.01681699408123 for parameter set #413: [0.3052220164280756, 0.8130176344560617, -0.9995]
Running module mass_function_like
Model N: 3030365.255537245
Done mass_function_like status = 0 

Pipeline ran okay.
Likelihood mass_function_like_m_n = -9.764624521136284
Posterior = -3.2016914466822435 for parameter set #413: [0.3048243367182683, 0.8130359860011291, -0.9995]
Running module mass_function_like
Model N: 3037093.4313783534
Done mass_function_like status = 0 

Pipeline ran okay.
Likelihood mass_function_like_m_n = -10.800554811954498
Posterior = -4.2065066573442635 for parameter set #413: [0.29587068907201297, 0.8233151648172841, -0.9995]
Running module mass_function_like
Model N: 3015869.9273816347
Done mass_function_like status = 0 

Pipeline ran okay.
Likelihood mass_function_like_m_n = -58.42838575690985
Posterior = -54.391246715887206 for parameter set #413: [0.27701232870738074, 0.842856769991921, -0.9995]
Running module mass_function_like
Model N: 3033237.37494933
Done mass_function_like status = 0 

Pipeline ran okay.
Likelihood mass_function_like_m_n = -8.381604984402657
Posterior = -2.485491805545041 for parameter set #414: [0.31251551852263887, 0.8054571312190606, -0.9995]
Running module mass_function_like
Model N: 3036562.877577736
Done mass_function_like status = 0 

Pipeline ran okay.
Likelihood mass_function_like_m_n = -10.177350871264935
Posterior = -4.06806579154604 for parameter set #414: [0.31067725731254336, 0.8076369099717771, -0.9995]
Running module mass_function_like
Model N: 3009131.5952240042
Done mass_function_like status = 0 

Pipeline ran okay.
Likelihood mass_function_like_m_n = -104.86751288175583
Posterior = -100.99581220926552 for parameter set #414: [0.32369642810982235, 0.7922512169884537, -0.9995]
Running module mass_function_like
Model N: 3033562.8500588005
Done mass_function_like status = 0 

Pipeline ran okay.
Likelihood mass_function_like_m_n = -8.39653104543686
Posterior = -3.0543473894535547 for parameter set #414: [0.28364689300269275, 0.8368078338967998, -0.9995]
Running module mass_function_like
Model N: 3023828.4063903387
Done mass_function_like status = 0 

Pipeline ran okay.
Likelihood mass_function_like_m_n = -23.078353986144066
Posterior = -17.00226833836416 for parameter set #415: [0.31098379306551516, 0.8060652287689981, -0.9995]
Running module mass_function_like
Model N: 3014119.030673903
Done mass_function_like status = 0 

Pipeline ran okay.
Likelihood mass_function_like_m_n = -69.03634571284056
Posterior = -63.09918856182454 for parameter set #415: [0.2878168391023168, 0.8299019562099543, -0.9995]
Running module mass_function_like
Model N: 3016692.4316377784
Done mass_function_like status = 0 

Pipeline ran okay.
Likelihood mass_function_like_m_n = -53.79818411171436
Posterior = -47.241709903538926 for parameter set #415: [0.3049564097920725, 0.81152143804769, -0.9995]
Running module mass_function_like
Model N: 3036391.5899725924
Done mass_function_like status = 0 

Pipeline ran okay.
Likelihood mass_function_like_m_n = -9.99592325091362
Posterior = -3.82493765516311 for parameter set #415: [0.3100828428784712, 0.8082226379834798, -0.9995]
Running module mass_function_like
Model N: 3034719.8650268437
Done mass_function_like status = 0 

Pipeline ran okay.
Likelihood mass_function_like_m_n = -8.732225470244884
Posterior = -2.068397557796345 for parameter set #416: [0.29824066570193947, 0.8204923771421523, -0.9995]
Model N: 3025860.8713467284
Done mass_function_like status = 0 

Pipeline ran okay.
Likelihood mass_function_like_m_n = -17.423124358057976
Posterior = -11.218818750544242 for parameter set #416: [0.30974677988667504, 0.8075175891763138, -0.9995]
Model N: 3029119.775613166
Done mass_function_like status = 0 

Pipeline ran okay.
Likelihood mass_function_like_m_n = -11.211036190390587
Posterior = -5.936613968994763 for parameter set #416: [0.3167623505327527, 0.8008506605726481, -0.9995]
Model N: 3011420.0469527273
Done mass_function_like status = 0 

Pipeline ran okay.
Likelihood mass_function_like_m_n = -87.39376301318407
Posterior = -81.71335505948704 for parameter set #416: [0.31413432873972563, 0.8017024401945841, -0.9995]
Running module mass_function_like
Running module mass_function_like
Running module mass_function_like
Running module mass_function_like
Model N: 3037187.909311227
Done mass_function_like status = 0 

Pipeline ran okay.
Likelihood mass_function_like_m_n = -10.921241752803326
Posterior = -5.3820430184946115 for parameter set #417: [0.31510036730680074, 0.8032738430061651, -0.9995]
Running module mass_function_like
Model N: 3024802.460283432
Done mass_function_like status = 0 

Pipeline ran okay.
Likelihood mass_function_like_m_n = -20.197209551930428
Posterior = -13.549652937356106 for parameter set #417: [0.3025198247453296, 0.814890079424759, -0.9995]
Running module mass_function_like
Model N: 3037450.1773766773
Done mass_function_like status = 0 

Pipeline ran okay.
Likelihood mass_function_like_m_n = -11.271647714078426
Posterior = -4.656650955712172 for parameter set #417: [0.2964137083235201, 0.8227587495902737, -0.9995]
Running module mass_function_like
Model N: 3022900.970053675
Done mass_function_like status = 0 

Pipeline ran okay.
Likelihood mass_function_like_m_n = -26.114117823541164
Posterior = -20.19946471534537 for parameter set #417: [0.28763350421409195, 0.8310428086488133, -0.9995]
Running module mass_function_like
Model N: 3035234.7239484065
Done mass_function_like status = 0 

Pipeline ran okay.
Likelihood mass_function_like_m_n = -9.02337946742773
Posterior = -4.946756462545716 for parameter set #418: [0.3228152632832855, 0.7955863019674703, -0.9995]
Running module mass_function_like
Model N: 3034817.4601765876
Done mass_function_like status = 0 

Pipeline ran okay.
Likelihood mass_function_like_m_n = -8.780710391700268
Posterior = -3.2665025081067682 for parameter set #418: [0.3152649684881214, 0.8028792761295659, -0.9995]
Running module mass_function_like
Model N: 3030542.317422899
Done mass_function_like status = 0 

Pipeline ran okay.
Likelihood mass_function_like_m_n = -9.600605957210064
Posterior = -3.0347748522824496 for parameter set #418: [0.3047638869294429, 0.8131168708787191, -0.9995]
Running module mass_function_like
Model N: 3028532.6611709893
Done mass_function_like status = 0 

Pipeline ran okay.
Likelihood mass_function_like_m_n = -12.070686005055904
Posterior = -8.043690381715207 for parameter set #418: [0.27696824550769306, 0.8443028556338654, -0.9995]
Running module mass_function_like
Model N: 3002414.921345101
Done mass_function_like status = 0 

Pipeline ran okay.
Likelihood mass_function_like_m_n = -166.2941936776042
Posterior = -161.4700698091158 for parameter set #419: [0.31926229648729254, 0.7958343055672313, -0.9995]
Running module mass_function_like
Model N: 3031895.672963655
Done mass_function_like status = 0 

Pipeline ran okay.
Likelihood mass_function_like_m_n = -8.688884735107422
Posterior = -2.315992307164768 for parameter set #419: [0.3078283046742899, 0.8100785177409948, -0.9995]
Running module mass_function_like
Model N: 3031383.8842523335
Done mass_function_like status = 0 

Pipeline ran okay.
Likelihood mass_function_like_m_n = -8.962573744356632
Posterior = -3.1552597066005443 for parameter set #419: [0.28679401529189047, 0.8329086643500901, -0.9995]
Running module mass_function_like
Model N: 3034239.1072668857
Done mass_function_like status = 0 

Pipeline ran okay.
Likelihood mass_function_like_m_n = -8.539179630577564
Posterior = -2.1572779560944007 for parameter set #419: [0.30771236051837614, 0.8104319973489132, -0.9995]
Running module mass_function_like
Model N: 3024411.630266305
Done mass_function_like status = 0 

Pipeline ran okay.
Likelihood mass_function_like_m_n = -21.315446361899376
Posterior = -15.269799148534878 for parameter set #420: [0.31125750403016317, 0.8058475973815037, -0.9995]
Model N: 3031309.283091839
Done mass_function_like status = 0 

Pipeline ran okay.
Likelihood mass_function_like_m_n = -9.00968735665083
Posterior = -2.949679250289778 for parameter set #420: [0.31112920564954344, 0.8066594752144874, -0.9995]
Model N: 3033862.1783276834
Done mass_function_like status = 0 

Pipeline ran okay.
Likelihood mass_function_like_m_n = -8.441080495715141
Posterior = -1.775235430093156 for parameter set #420: [0.30164067868202243, 0.8167406342347391, -0.9995]
Model N: 3010456.796035778
Done mass_function_like status = 0 

Pipeline ran okay.
Likelihood mass_function_like_m_n = -94.53514757752419
Posterior = -97.88300524502402 for parameter set #420: [0.3447820541418324, 0.7734466520387636, -0.9995]
Running module mass_function_like
Running module mass_function_like
Running module mass_function_like
Running module mass_function_like
Model N: 3007826.7293564603
Done mass_function_like status = 0 

Pipeline ran okay.
Likelihood mass_function_like_m_n = -115.61614515632391
Posterior = -120.74410554300987 for parameter set #421: [0.348594782816669, 0.7699713365055698, -0.9995]
Running module mass_function_like
Model N: 3029863.4633535077
Done mass_function_like status = 0 

Pipeline ran okay.
Likelihood mass_function_like_m_n = -10.285714790225029
Posterior = -3.741111893197658 for parameter set #421: [0.3051904007799558, 0.8126038117682125, -0.9995]
Running module mass_function_like
Model N: 3033073.3270131825
Done mass_function_like status = 0 

Pipeline ran okay.
Likelihood mass_function_like_m_n = -8.387319035828114
Posterior = -1.8440587604278988 for parameter set #421: [0.29478379596047116, 0.8240904909863624, -0.9995]
Running module mass_function_like
Model N: 3031917.9190027164
Done mass_function_like status = 0 

Pipeline ran okay.
Likelihood mass_function_like_m_n = -8.678948521614075
Posterior = -2.0002631524941865 for parameter set #421: [0.30035180369250797, 0.8179151905100747, -0.9995]
Running module mass_function_like
Model N: 3018297.161894104
Done mass_function_like status = 0 

Pipeline ran okay.
Likelihood mass_function_like_m_n = -45.41354063153267
Posterior = -41.051867368146134 for parameter set #422: [0.32152965831091457, 0.7951843096671428, -0.9995]
Running module mass_function_like
Model N: 3033821.7632081266
Done mass_function_like status = 0 

Pipeline ran okay.
Likelihood mass_function_like_m_n = -8.43334113061428
Posterior = -2.7337647982881084 for parameter set #422: [0.3139980560506381, 0.8040363314674135, -0.9995]
Running module mass_function_like
Model N: 3034872.486961864
Done mass_function_like status = 0 

Pipeline ran okay.
Likelihood mass_function_like_m_n = -8.809430465102196
Posterior = -2.5899597567216315 for parameter set #422: [0.30958992690201165, 0.8085730607019517, -0.9995]
Running module mass_function_like
Model N: 3034038.733954273
Done mass_function_like status = 0 

Pipeline ran okay.
Likelihood mass_function_like_m_n = -8.48120217770338
Posterior = -2.3509261268929453 for parameter set #422: [0.28952118186530784, 0.830075312459199, -0.9995]
Running module mass_function_like
Model N: 3002592.4852515203
Done mass_function_like status = 0 

Pipeline ran okay.
Likelihood mass_function_like_m_n = -164.4752497524023
Posterior = -161.94386700676776 for parameter set #423: [0.3288025049350769, 0.786878347194152, -0.9995]
Running module mass_function_like
Model N: 3026121.49912787
Done mass_function_like status = 0 

Pipeline ran okay.
Likelihood mass_function_like_m_n = -16.79697708040476
Posterior = -10.613911955792783 for parameter set #423: [0.3099623197469086, 0.8073247423065265, -0.9995]
Running module mass_function_like
Model N: 3017985.2857932635
Done mass_function_like status = 0 

Pipeline ran okay.
Likelihood mass_function_like_m_n = -46.97592532634735
Posterior = -40.30233038332075 for parameter set #423: [0.30106857431034084, 0.8157313879558791, -0.9995]
Running module mass_function_like
Model N: 3036678.7886141986
Done mass_function_like status = 0 

Pipeline ran okay.
Likelihood mass_function_like_m_n = -10.305599249899387
Posterior = -4.204167631889851 for parameter set #423: [0.31075055887199043, 0.8075740891110023, -0.9995]
Running module mass_function_like
Model N: 3025524.8483190406
Done mass_function_like status = 0 

Pipeline ran okay.
Likelihood mass_function_like_m_n = -18.263616293668747
Posterior = -11.649503697544105 for parameter set #424: [0.2963891385463976, 0.8215524886614615, -0.9995]
Model N: 3028826.117912319
Done mass_function_like status = 0 

Pipeline ran okay.
Likelihood mass_function_like_m_n = -11.626761451363564
Posterior = -5.606301466554854 for parameter set #424: [0.31147906105482054, 0.8060615203604095, -0.9995]
Model N: 3032418.3488341724
Done mass_function_like status = 0 

Pipeline ran okay.
Likelihood mass_function_like_m_n = -8.49858047068119
Posterior = -1.819769847748887 for parameter set #424: [0.2996858104464193, 0.8186996499164793, -0.9995]
Model N: 3032720.9051125287
Done mass_function_like status = 0 

Pipeline ran okay.
Likelihood mass_function_like_m_n = -8.429602660238743
Posterior = -2.0315323373560794 for parameter set #424: [0.2925002149973811, 0.826582933582621, -0.9995]
Running module mass_function_like
Running module mass_function_like
Running module mass_function_like
Running module mass_function_like
Model N: 3020776.5157362795
Done mass_function_like status = 0 

Pipeline ran okay.
Likelihood mass_function_like_m_n = -34.14443675428629
Posterior = -34.65460264862203 for parameter set #425: [0.33791957302672576, 0.7803603557472711, -0.9995]
Running module mass_function_like
Model N: 3031402.629992355
Done mass_function_like status = 0 

Pipeline ran okay.
Likelihood mass_function_like_m_n = -8.951023869216442
Posterior = -2.2871881905761278 for parameter set #425: [0.3017588928148063, 0.8163648293738162, -0.9995]
Running module mass_function_like
Model N: 3032952.553506078
Done mass_function_like status = 0 

Pipeline ran okay.
Likelihood mass_function_like_m_n = -8.39719671010971
Posterior = -1.8247905347322018 for parameter set #425: [0.29537619154954076, 0.8234275262305021, -0.9995]
Running module mass_function_like
Model N: 3031878.9060632056
Done mass_function_like status = 0 

Pipeline ran okay.
Likelihood mass_function_like_m_n = -8.696481607854366
Posterior = -2.8109340544077543 for parameter set #425: [0.2874003440930826, 0.8322637340552984, -0.9995]
Running module mass_function_like
Model N: 3038596.2296254975
Done mass_function_like status = 0 

Pipeline ran okay.
Likelihood mass_function_like_m_n = -13.068109571933746
Posterior = -6.408547158870379 for parameter set #426: [0.2980129526806424, 0.8211376873380278, -0.9995]
Running module mass_function_like
Model N: 3036627.1565911532
Done mass_function_like status = 0 

Pipeline ran okay.
Likelihood mass_function_like_m_n = -10.247925750911236
Posterior = -3.8601529228384646 for parameter set #426: [0.30763585450669967, 0.8107495687338646, -0.9995]
Running module mass_function_like
Model N: 3037519.1946371356
Done mass_function_like status = 0 

Pipeline ran okay.
Likelihood mass_function_like_m_n = -11.367617651820183
Posterior = -5.067959181617672 for parameter set #426: [0.3087137331621721, 0.8097314238518623, -0.9995]
Running module mass_function_like
Model N: 3032426.2283442295
Done mass_function_like status = 0 

Pipeline ran okay.
Likelihood mass_function_like_m_n = -8.496401146054268
Posterior = -3.7646814717857877 for parameter set #426: [0.31973618263009196, 0.7982795512115922, -0.9995]
Running module mass_function_like
Model N: 3022239.8438290837
Done mass_function_like status = 0 

Pipeline ran okay.
Likelihood mass_function_like_m_n = -28.452471762895584
Posterior = -22.496553131016825 for parameter set #427: [0.3120281799656593, 0.8048597907420816, -0.9995]
Running module mass_function_like
Model N: 3008346.5801861985
Done mass_function_like status = 0 

Pipeline ran okay.
Likelihood mass_function_like_m_n = -111.265569627285
Posterior = -105.64802389957701 for parameter set #427: [0.31457229199956, 0.8009698167361008, -0.9995]
Running module mass_function_like
Model N: 3022072.4052091236
Done mass_function_like status = 0 

Pipeline ran okay.
Likelihood mass_function_like_m_n = -29.067722961306572
Posterior = -22.437660598297974 for parameter set #427: [0.29686178919441025, 0.8206830114721458, -0.9995]
Running module mass_function_like
Model N: 3032783.3606085647
Done mass_function_like status = 0 

Pipeline ran okay.
Likelihood mass_function_like_m_n = -8.419123217463493
Posterior = -2.0796966007752964 for parameter set #427: [0.29175527342330865, 0.8274223779085574, -0.9995]
Running module mass_function_like
Model N: 3023930.8126390474
Done mass_function_like status = 0 

Pipeline ran okay.
Likelihood mass_function_like_m_n = -22.760645233094692
Posterior = -20.936191237010576 for parameter set #428: [0.33116039217412413, 0.786728465979437, -0.9995]
Model N: 3034736.9765918064
Done mass_function_like status = 0 

Pipeline ran okay.
Likelihood mass_function_like_m_n = -8.740499638020992
Posterior = -2.117619578489455 for parameter set #428: [0.30335928976953946, 0.8150127878955329, -0.9995]
Model N: 3028927.725268715
Done mass_function_like status = 0 

Pipeline ran okay.
Likelihood mass_function_like_m_n = -11.479692198336124
Posterior = -5.438179843496783 for parameter set #428: [0.31129417410411986, 0.8062574408677716, -0.9995]
Model N: 3014631.4591097324
Done mass_function_like status = 0 

Pipeline ran okay.
Likelihood mass_function_like_m_n = -65.8258623033762
Posterior = -59.941814651801536 for parameter set #428: [0.28738844540323805, 0.830445286174773, -0.9995]
Running module mass_function_like
Running module mass_function_like
Running module mass_function_like
Running module mass_function_like
Model N: 3034819.9735020786
Done mass_function_like status = 0 

Pipeline ran okay.
Likelihood mass_function_like_m_n = -8.782000437378883
Posterior = -2.734244180402695 for parameter set #429: [0.31123875385738126, 0.8068966645271993, -0.9995]
Running module mass_function_like
Model N: 3030849.3555388935
Done mass_function_like status = 0 

Pipeline ran okay.
Likelihood mass_function_like_m_n = -9.340730398893356
Posterior = -2.9215136939142106 for parameter set #429: [0.3072123157630688, 0.8106076834530582, -0.9995]
Running module mass_function_like
Model N: 3030512.344508859
Done mass_function_like status = 0 

Pipeline ran okay.
Likelihood mass_function_like_m_n = -9.627642847597599
Posterior = -2.9668714618978704 for parameter set #429: [0.3019252434968321, 0.8160983180029858, -0.9995]
Running module mass_function_like
Model N: 3032181.810778343
Done mass_function_like status = 0 

Pipeline ran okay.
Likelihood mass_function_like_m_n = -8.573538281023502
Posterior = -1.9479032631885769 for parameter set #429: [0.29672374663753626, 0.8218761510211632, -0.9995]
Running module mass_function_like
Model N: 3023313.437167069
Done mass_function_like status = 0 

Pipeline ran okay.
Likelihood mass_function_like_m_n = -24.728752128779888
Posterior = -18.97726271150455 for parameter set #430: [0.31362214947087913, 0.8033767584643425, -0.9995]
Running module mass_function_like
Model N: 3024072.938865361
Done mass_function_like status = 0 

Pipeline ran okay.
Likelihood mass_function_like_m_n = -22.325472064316273
Posterior = -17.00153058578463 for parameter set #430: [0.3164642808514587, 0.8006502998447288, -0.9995]
Running module mass_function_like
Model N: 3035950.4125786885
Done mass_function_like status = 0 

Pipeline ran okay.
Likelihood mass_function_like_m_n = -9.573079995810986
Posterior = -3.8229959858892926 for parameter set #430: [0.313632462641713, 0.8046092789724919, -0.9995]
Running module mass_function_like
Model N: 3033308.8574616574
Done mass_function_like status = 0 

Pipeline ran okay.
Likelihood mass_function_like_m_n = -8.381890520453453
Posterior = -3.086901540014196 for parameter set #430: [0.28336079798865976, 0.8371503542315566, -0.9995]
Running module mass_function_like
Model N: 3032606.6515819463
Done mass_function_like status = 0 

Pipeline ran okay.
Likelihood mass_function_like_m_n = -8.452102594077587
Posterior = -4.814037557867309 for parameter set #431: [0.32466268096578277, 0.7935824408142022, -0.9995]
Running module mass_function_like
Model N: 3011125.0097618345
Done mass_function_like status = 0 

Pipeline ran okay.
Likelihood mass_function_like_m_n = -89.54814046621323
Posterior = -86.2464818412379 for parameter set #431: [0.32599094293531833, 0.7902889016722349, -0.9995]
Running module mass_function_like
Model N: 3030203.5135060847
Done mass_function_like status = 0 

Pipeline ran okay.
Likelihood mass_function_like_m_n = -9.923502005636692
Posterior = -3.4806026081057873 for parameter set #431: [0.3068761151936147, 0.810890026255898, -0.9995]
Running module mass_function_like
Model N: 3026735.2081405264
Done mass_function_like status = 0 

Pipeline ran okay.
Likelihood mass_function_like_m_n = -15.411428652703762
Posterior = -9.16080873693123 for parameter set #431: [0.3092594198796433, 0.8080998523160577, -0.9995]
Running module mass_function_like
Model N: 3031346.8508159206
Done mass_function_like status = 0 

Pipeline ran okay.
Likelihood mass_function_like_m_n = -8.985732220113277
Posterior = -2.9143523779205793 for parameter set #432: [0.3110265530073319, 0.8067667614307372, -0.9995]
Model N: 3026620.6690122415
Done mass_function_like status = 0 

Pipeline ran okay.
Likelihood mass_function_like_m_n = -15.66055266559124
Posterior = -9.066172948400299 for parameter set #432: [0.3041212736167175, 0.8133925454976423, -0.9995]
Model N: 3030364.0882040504
Done mass_function_like status = 0 

Pipeline ran okay.
Likelihood mass_function_like_m_n = -9.765740223228931
Posterior = -3.8723110036630892 for parameter set #432: [0.2874630547680517, 0.8320305757192932, -0.9995]
Model N: 3032050.9906782503
Done mass_function_like status = 0 

Pipeline ran okay.
Likelihood mass_function_like_m_n = -8.622921824455261
Posterior = -1.9544755509500327 for parameter set #432: [0.30147362985888393, 0.8167335499912595, -0.9995]
Running module mass_function_like
Running module mass_function_like
Running module mass_function_like
Running module mass_function_like
Model N: 3025676.0811168575
Done mass_function_like status = 0 

Pipeline ran okay.
Likelihood mass_function_like_m_n = -17.880709059536457
Posterior = -16.915219384298872 for parameter set #433: [0.3338047763580019, 0.7844929403827737, -0.9995]
Running module mass_function_like
Model N: 3034622.814598349
Done mass_function_like status = 0 

Pipeline ran okay.
Likelihood mass_function_like_m_n = -8.68712204694748
Posterior = -2.826938396749892 for parameter set #433: [0.3127993792670786, 0.8053099446725063, -0.9995]
Running module mass_function_like
Model N: 3032604.4766829456
Done mass_function_like status = 0 

Pipeline ran okay.
Likelihood mass_function_like_m_n = -8.452572658658028
Posterior = -1.8677596432426231 for parameter set #433: [0.304347210206438, 0.8137604950457046, -0.9995]
Running module mass_function_like
Model N: 3028662.4538465217
Done mass_function_like status = 0 

Pipeline ran okay.
Likelihood mass_function_like_m_n = -11.87083088606596
Posterior = -5.200052464796929 for parameter set #433: [0.30130581599325246, 0.8165668890087274, -0.9995]
Running module mass_function_like
Model N: 3032303.3536183406
Done mass_function_like status = 0 

Pipeline ran okay.
Likelihood mass_function_like_m_n = -8.532716527581215
Posterior = -2.97556019443077 for parameter set #434: [0.3149809737010633, 0.8029133856577237, -0.9995]
Running module mass_function_like
Model N: 3034940.2550538993
Done mass_function_like status = 0 

Pipeline ran okay.
Likelihood mass_function_like_m_n = -8.846170857548714
Posterior = -3.432096647243534 for parameter set #434: [0.3159074195770717, 0.8022579764040055, -0.9995]
Running module mass_function_like
Model N: 3027311.459138267
Done mass_function_like status = 0 

Pipeline ran okay.
Likelihood mass_function_like_m_n = -14.22396943718195
Posterior = -7.640180320208939 for parameter set #434: [0.304370699745743, 0.8132016018992034, -0.9995]
Running module mass_function_like
Model N: 3037192.630654814
Done mass_function_like status = 0 

Pipeline ran okay.
Likelihood mass_function_like_m_n = -10.927349843084812
Posterior = -4.415719337508964 for parameter set #434: [0.2942090813727984, 0.8251526967573318, -0.9995]
Running module mass_function_like
Model N: 3034854.7432104466
Done mass_function_like status = 0 

Pipeline ran okay.
Likelihood mass_function_like_m_n = -8.80006055533886
Posterior = -3.2729231232206226 for parameter set #435: [0.31518003139780654, 0.8029666544653773, -0.9995]
Running module mass_function_like
Model N: 3027062.2042975193
Done mass_function_like status = 0 

Pipeline ran okay.
Likelihood mass_function_like_m_n = -14.724109128117561
Posterior = -8.748558772128453 for parameter set #435: [0.31186384290456587, 0.8055005012137241, -0.9995]
Running module mass_function_like
Model N: 3031473.6380835623
Done mass_function_like status = 0 

Pipeline ran okay.
Likelihood mass_function_like_m_n = -8.908325240015984
Posterior = -2.3190760855663157 for parameter set #435: [0.30424393788504334, 0.813754450469539, -0.9995]
Running module mass_function_like
Model N: 3028579.6974242614
Done mass_function_like status = 0 

Pipeline ran okay.
Likelihood mass_function_like_m_n = -11.997615829110146
Posterior = -5.555829412096196 for parameter set #435: [0.3068922823693788, 0.8107104770610094, -0.9995]
Running module mass_function_like
Model N: 3000855.1895994823
Done mass_function_like status = 0 

Pipeline ran okay.
Likelihood mass_function_like_m_n = -182.72793569415808
Posterior = -188.4605405379112 for parameter set #436: [0.3498235065848708, 0.7683121072351243, -0.9995]
Model N: 3021485.062469727
Done mass_function_like status = 0 

Pipeline ran okay.
Likelihood mass_function_like_m_n = -31.299531400203705
Posterior = -25.5876553941688 for parameter set #436: [0.313909911518592, 0.8029117487378837, -0.9995]
Model N: 3028816.573936453
Done mass_function_like status = 0 

Pipeline ran okay.
Likelihood mass_function_like_m_n = -11.640751034021378
Posterior = -5.68402568827508 for parameter set #436: [0.31202147122912915, 0.805515830480579, -0.9995]
Model N: 3025072.411825529
Done mass_function_like status = 0 

Pipeline ran okay.
Likelihood mass_function_like_m_n = -19.454397670924664
Posterior = -13.98335281562223 for parameter set #436: [0.3155451557921287, 0.8016494331008538, -0.9995]
Running module mass_function_like
Running module mass_function_like
Running module mass_function_like
Running module mass_function_like
Model N: 3031657.650748867
Done mass_function_like status = 0 

Pipeline ran okay.
Likelihood mass_function_like_m_n = -8.805418975651264
Posterior = -2.126229567366993 for parameter set #437: [0.299848481007178, 0.8184269708879524, -0.9995]
Running module mass_function_like
Model N: 3033083.2623164877
Done mass_function_like status = 0 

Pipeline ran okay.
Likelihood mass_function_like_m_n = -8.386720567941666
Posterior = -1.9423801631064013 for parameter set #437: [0.29314487354638974, 0.8259032627031074, -0.9995]
Running module mass_function_like
Model N: 3031395.725925695
Done mass_function_like status = 0 

Pipeline ran okay.
Likelihood mass_function_like_m_n = -8.955264195799828
Posterior = -2.3006400151315134 for parameter set #437: [0.3022217118463872, 0.8158740520930629, -0.9995]
Running module mass_function_like
Model N: 3033192.3984492486
Done mass_function_like status = 0 

Pipeline ran okay.
Likelihood mass_function_like_m_n = -8.382288753986359
Posterior = -1.827840198112888 for parameter set #437: [0.2950028879853113, 0.8238620960546259, -0.9995]
Running module mass_function_like
Model N: 3030511.708737016
Done mass_function_like status = 0 

Pipeline ran okay.
Likelihood mass_function_like_m_n = -9.628219559788704
Posterior = -6.072322865368067 for parameter set #438: [0.32499362920381736, 0.7930701901160425, -0.9995]
Running module mass_function_like
Model N: 3028162.1809083363
Done mass_function_like status = 0 

Pipeline ran okay.
Likelihood mass_function_like_m_n = -12.671801127493382
Posterior = -6.801008821393344 for parameter set #438: [0.3127162250075261, 0.8047559003539859, -0.9995]
Running module mass_function_like
Model N: 3037924.0153037426
Done mass_function_like status = 0 

Pipeline ran okay.
Likelihood mass_function_like_m_n = -11.962057664990425
Posterior = -5.364298298926075 for parameter set #438: [0.30403843613904813, 0.8146215490670891, -0.9995]
Running module mass_function_like
Model N: 3033680.261891663
Done mass_function_like status = 0 

Pipeline ran okay.
Likelihood mass_function_like_m_n = -8.410485811531544
Posterior = -1.786698160827667 for parameter set #438: [0.2966678371106345, 0.822091794037973, -0.9995]
Running module mass_function_like
Model N: 3006758.2863957672
Done mass_function_like status = 0 

Pipeline ran okay.
Likelihood mass_function_like_m_n = -124.84234666824341
Posterior = -119.199890041578 for parameter set #439: [0.31440033035485504, 0.8009836099786276, -0.9995]
Running module mass_function_like
Model N: 3032192.673579459
Done mass_function_like status = 0 

Pipeline ran okay.
Likelihood mass_function_like_m_n = -8.569691553711891
Posterior = -1.918552270424133 for parameter set #439: [0.3023733906135502, 0.8157948085131318, -0.9995]
Running module mass_function_like
Model N: 3032671.1785940207
Done mass_function_like status = 0 

Pipeline ran okay.
Likelihood mass_function_like_m_n = -8.438866175711155
Posterior = -2.104912295000192 for parameter set #439: [0.30831084012118193, 0.8096604727254971, -0.9995]
Running module mass_function_like
Model N: 3025673.033848188
Done mass_function_like status = 0 

Pipeline ran okay.
Likelihood mass_function_like_m_n = -17.888349652290344
Posterior = -12.371099260818418 for parameter set #439: [0.2847549758488989, 0.8346622609642456, -0.9995]
Running module mass_function_like
Model N: 3027933.071644898
Done mass_function_like status = 0 

Pipeline ran okay.
Likelihood mass_function_like_m_n = -13.066257454454899
Posterior = -7.458363646453769 for parameter set #440: [0.31463837689301016, 0.8028235232786195, -0.9995]
Model N: 2958188.2430711645
Done mass_function_like status = 0 

Pipeline ran okay.
Likelihood mass_function_like_m_n = -953.0203004181385
Posterior = -956.4051848581322 for parameter set #440: [0.255135339880249, 0.8646934242654983, -0.9995]
Model N: 3003899.1200305335
Done mass_function_like status = 0 

Pipeline ran okay.
Likelihood mass_function_like_m_n = -151.41639080643654
Posterior = -146.56917709038453 for parameter set #440: [0.28085794952332327, 0.8369285738286197, -0.9995]
Model N: 3033291.826356922
Done mass_function_like status = 0 

Pipeline ran okay.
Likelihood mass_function_like_m_n = -8.381669625639915
Posterior = -1.7815816491132477 for parameter set #440: [0.30398035731520506, 0.8142140637916302, -0.9995]
Running module mass_function_like
Running module mass_function_like
Running module mass_function_like
Running module mass_function_like
Model N: 2983152.6603857377
Done mass_function_like status = 0 

Pipeline ran okay.
Likelihood mass_function_like_m_n = -426.88243462890387
Posterior = -436.36994053010375 for parameter set #441: [0.3568626592756795, 0.7609361376196757, -0.9995]
Running module mass_function_like
Model N: 3030088.591759658
Done mass_function_like status = 0 

Pipeline ran okay.
Likelihood mass_function_like_m_n = -10.0416399538517
Posterior = -3.4035183223507435 for parameter set #441: [0.30286993264064654, 0.8150572547687851, -0.9995]
Running module mass_function_like
Model N: 3033508.5537298354
Done mass_function_like status = 0 

Pipeline ran okay.
Likelihood mass_function_like_m_n = -8.391614235937595
Posterior = -1.9088524521869044 for parameter set #441: [0.306269647750225, 0.8118488579938274, -0.9995]
Running module mass_function_like
Model N: 3008709.6790813575
Done mass_function_like status = 0 

Pipeline ran okay.
Likelihood mass_function_like_m_n = -108.28056205809116
Posterior = -108.00474534232399 for parameter set #441: [0.26421316587753807, 0.8582802490509975, -0.9995]
Running module mass_function_like
Model N: 3037530.4311079867
Done mass_function_like status = 0 

Pipeline ran okay.
Likelihood mass_function_like_m_n = -11.383390426635742
Posterior = -5.066673483243704 for parameter set #442: [0.30851571787834897, 0.8099356483269025, -0.9995]
Running module mass_function_like
Model N: 3029764.2259678124
Done mass_function_like status = 0 

Pipeline ran okay.
Likelihood mass_function_like_m_n = -10.398621633648872
Posterior = -4.923248836459242 for parameter set #442: [0.31551728971902354, 0.8021357428117061, -0.9995]
Running module mass_function_like
Model N: 3016562.162319745
Done mass_function_like status = 0 

Pipeline ran okay.
Likelihood mass_function_like_m_n = -54.5164900124073
Posterior = -48.784934644968764 for parameter set #442: [0.3137677073681253, 0.8025691904159331, -0.9995]
Running module mass_function_like
Model N: 3034888.605272937
Done mass_function_like status = 0 

Pipeline ran okay.
Likelihood mass_function_like_m_n = -8.818031899631023
Posterior = -3.380653525005904 for parameter set #442: [0.3157602399961744, 0.8023979035276283, -0.9995]
Running module mass_function_like
Model N: 3030472.232173845
Done mass_function_like status = 0 

Pipeline ran okay.
Likelihood mass_function_like_m_n = -9.664290197193623
Posterior = -3.029623957985887 for parameter set #443: [0.30298790759905536, 0.814971808464653, -0.9995]
Running module mass_function_like
Model N: 3030948.5891329506
Done mass_function_like status = 0 

Pipeline ran okay.
Likelihood mass_function_like_m_n = -9.263396084308624
Posterior = -2.86980422339364 for parameter set #443: [0.30755926368630193, 0.8102601618737605, -0.9995]
Running module mass_function_like
Model N: 3020112.3726067464
Done mass_function_like status = 0 

Pipeline ran okay.
Likelihood mass_function_like_m_n = -36.96257685124874
Posterior = -36.81133476028234 for parameter set #443: [0.3361332592145901, 0.7818863617262113, -0.9995]
Running module mass_function_like
Model N: 3032888.3891275297
Done mass_function_like status = 0 

Pipeline ran okay.
Likelihood mass_function_like_m_n = -8.404400929808617
Posterior = -1.7733793240299462 for parameter set #443: [0.3031074939269942, 0.8150907897328374, -0.9995]
Running module mass_function_like
Model N: 3031035.90656295
Done mass_function_like status = 0 

Pipeline ran okay.
Likelihood mass_function_like_m_n = -9.198037408292294
Posterior = -3.1863363995637553 for parameter set #444: [0.3115551130637624, 0.8062035574878417, -0.9995]
Model N: 3029364.779213536
Done mass_function_like status = 0 

Pipeline ran okay.
Likelihood mass_function_like_m_n = -10.886003784835339
Posterior = -4.751448404760755 for parameter set #444: [0.31043790034667523, 0.8071650722906244, -0.9995]
Model N: 3029608.5071200137
Done mass_function_like status = 0 

Pipeline ran okay.
Likelihood mass_function_like_m_n = -10.5823495388031
Posterior = -4.008306796760827 for parameter set #444: [0.3045882775911648, 0.8132060049504034, -0.9995]
Model N: 3022832.210742157
Done mass_function_like status = 0 

Pipeline ran okay.
Likelihood mass_function_like_m_n = -26.350553154945374
Posterior = -19.70322451991814 for parameter set #444: [0.29747114400240077, 0.8201014477474527, -0.9995]
Running module mass_function_like
Running module mass_function_like
Running module mass_function_like
Running module mass_function_like
Model N: 3034598.1046209624
Done mass_function_like status = 0 

Pipeline ran okay.
Likelihood mass_function_like_m_n = -8.676133774220943
Posterior = -2.427046589451683 for parameter set #445: [0.30927595831751026, 0.808865706341242, -0.9995]
Running module mass_function_like
Model N: 3029297.330461336
Done mass_function_like status = 0 

Pipeline ran okay.
Likelihood mass_function_like_m_n = -10.973504923284054
Posterior = -4.294551770894122 for parameter set #445: [0.2997350298430885, 0.8183276782119189, -0.9995]
Running module mass_function_like
Model N: 3026514.6869084747
Done mass_function_like status = 0 

Pipeline ran okay.
Likelihood mass_function_like_m_n = -15.894934467971325
Posterior = -9.283200353836424 for parameter set #445: [0.3036761415689633, 0.8138480556232195, -0.9995]
Running module mass_function_like
Model N: 3002940.904645142
Done mass_function_like status = 0 

Pipeline ran okay.
Likelihood mass_function_like_m_n = -160.93691010028124
Posterior = -156.36060705549423 for parameter set #445: [0.2794914595666918, 0.8384506916450737, -0.9995]
Running module mass_function_like
Model N: 3026838.119602049
Done mass_function_like status = 0 

Pipeline ran okay.
Likelihood mass_function_like_m_n = -15.191299684345722
Posterior = -9.598513804325089 for parameter set #446: [0.3147412232754922, 0.8026146036886093, -0.9995]
Running module mass_function_like
Model N: 3028621.894720955
Done mass_function_like status = 0 

Pipeline ran okay.
Likelihood mass_function_like_m_n = -11.932685516774654
Posterior = -6.592900149525509 for parameter set #446: [0.3163677660727483, 0.8011884350013248, -0.9995]
Running module mass_function_like
Model N: 3032664.685065599
Done mass_function_like status = 0 

Pipeline ran okay.
Likelihood mass_function_like_m_n = -8.440136045217514
Posterior = -1.8091575439302687 for parameter set #446: [0.2968911192681946, 0.8217441358132712, -0.9995]
Running module mass_function_like
Model N: 3034476.8362839734
Done mass_function_like status = 0 

Pipeline ran okay.
Likelihood mass_function_like_m_n = -8.62512257695198
Posterior = -2.3763881995404343 for parameter set #446: [0.2907202390020146, 0.8287642893999083, -0.9995]
Running module mass_function_like
Model N: 3026594.2767367964
Done mass_function_like status = 0 

Pipeline ran okay.
Likelihood mass_function_like_m_n = -15.718571983277798
Posterior = -10.361754541502362 for parameter set #447: [0.3162633745362687, 0.801093147548079, -0.9995]
Running module mass_function_like
Model N: 3032623.5575227435
Done mass_function_like status = 0 

Pipeline ran okay.
Likelihood mass_function_like_m_n = -8.448501914739609
Posterior = -2.1340163802861767 for parameter set #447: [0.3085418811026233, 0.8094192275796372, -0.9995]
Running module mass_function_like
Model N: 3020620.4437728557
Done mass_function_like status = 0 

Pipeline ran okay.
Likelihood mass_function_like_m_n = -34.793510898947716
Posterior = -28.15266675752926 for parameter set #447: [0.2972265524381469, 0.8201382074321353, -0.9995]
Running module mass_function_like
Model N: 3032223.2556405636
Done mass_function_like status = 0 

Pipeline ran okay.
Likelihood mass_function_like_m_n = -8.559070907533169
Posterior = -3.218804582932412 for parameter set #447: [0.31636482736669985, 0.801542857857569, -0.9995]
Running module mass_function_like
Model N: 3036048.8768898523
Done mass_function_like status = 0 

Pipeline ran okay.
Likelihood mass_function_like_m_n = -9.661900416016579
Posterior = -2.98441479613043 for parameter set #448: [0.3006030884552123, 0.8180684559293954, -0.9995]
Model N: 3004360.013288108
Done mass_function_like status = 0 

Pipeline ran okay.
Likelihood mass_function_like_m_n = -146.94704830646515
Posterior = -141.02496747121515 for parameter set #448: [0.3123062858983546, 0.8028194253613924, -0.9995]
Model N: 3032716.2093813866
Done mass_function_like status = 0 

Pipeline ran okay.
Likelihood mass_function_like_m_n = -8.430442556738853
Posterior = -2.0355629260779615 for parameter set #448: [0.2924577912035093, 0.8266298807305638, -0.9995]
Model N: 3034430.6069806074
Done mass_function_like status = 0 

Pipeline ran okay.
Likelihood mass_function_like_m_n = -8.60695169866085
Posterior = -1.9455735913971512 for parameter set #448: [0.2981065327546271, 0.8206076533154019, -0.9995]
Running module mass_function_like
Running module mass_function_like
Running module mass_function_like
Running module mass_function_like
Model N: 3030985.7665444915
Done mass_function_like status = 0 

Pipeline ran okay.
Likelihood mass_function_like_m_n = -9.235260382294655
Posterior = -2.5604359876995932 for parameter set #449: [0.29905344797130445, 0.8192323423873913, -0.9995]
Running module mass_function_like
Model N: 3031713.028981765
Done mass_function_like status = 0 

Pipeline ran okay.
Likelihood mass_function_like_m_n = -8.776637218892574
Posterior = -2.1086956678804167 for parameter set #449: [0.3015074911142718, 0.8166633866201175, -0.9995]
Running module mass_function_like
Model N: 3027900.625588835
Done mass_function_like status = 0 

Pipeline ran okay.
Likelihood mass_function_like_m_n = -13.123523436486721
Posterior = -6.445539143736928 for parameter set #449: [0.30051379092253705, 0.8173321864775371, -0.9995]
Running module mass_function_like
Model N: 3032930.382646284
Done mass_function_like status = 0 

Pipeline ran okay.
Likelihood mass_function_like_m_n = -8.399532496929169
Posterior = -2.115801938875558 for parameter set #449: [0.2911053539670587, 0.828167561778678, -0.9995]
Running module mass_function_like
Model N: 3031179.8577966616
Done mass_function_like status = 0 

Pipeline ran okay.
Likelihood mass_function_like_m_n = -9.095783032476902
Posterior = -4.056909333868232 for parameter set #450: [0.3181131471572531, 0.7997328626763389, -0.9995]
Running module mass_function_like
Model N: 3027471.908331582
Done mass_function_like status = 0 

Pipeline ran okay.
Likelihood mass_function_like_m_n = -13.912900611758232
Posterior = -8.959209799053344 for parameter set #450: [0.31857747768457984, 0.7989215225500785, -0.9995]
Running module mass_function_like
Model N: 3031611.7469276935
Done mass_function_like status = 0 

Pipeline ran okay.
Likelihood mass_function_like_m_n = -8.83004379272461
Posterior = -2.3776201673190496 for parameter set #450: [0.30673617952410176, 0.8111754733036413, -0.9995]
Running module mass_function_like
Model N: 2947427.6943957647
Done mass_function_like status = 0 

Pipeline ran okay.
Likelihood mass_function_like_m_n = -1246.2174501866102
Posterior = -1252.0820295935835 for parameter set #450: [0.24991230968534617, 0.8707489014760619, -0.9995]
Running module mass_function_like
Model N: 3029868.622722038
Done mass_function_like status = 0 

Pipeline ran okay.
Likelihood mass_function_like_m_n = -10.279933735728264
Posterior = -3.7664179230600574 for parameter set #451: [0.3057582703243594, 0.8120138960574461, -0.9995]
Running module mass_function_like
Model N: 3030066.5026414124
Done mass_function_like status = 0 

Pipeline ran okay.
Likelihood mass_function_like_m_n = -10.06484717130661
Posterior = -4.219892478555828 for parameter set #451: [0.2870821866745225, 0.832436470001423, -0.9995]
Running module mass_function_like
Model N: 3002558.3448094465
Done mass_function_like status = 0 

Pipeline ran okay.
Likelihood mass_function_like_m_n = -164.8241567015648
Posterior = -159.01414196952302 for parameter set #451: [0.31318551831570096, 0.8017703233947884, -0.9995]
Running module mass_function_like
Model N: 3026738.976211557
Done mass_function_like status = 0 

Pipeline ran okay.
Likelihood mass_function_like_m_n = -15.403306849300861
Posterior = -8.802233292558899 for parameter set #451: [0.3039555187161291, 0.8135780827879551, -0.9995]
Running module mass_function_like
Model N: 3018188.1230326165
Done mass_function_like status = 0 

Pipeline ran okay.
Likelihood mass_function_like_m_n = -45.956102922558784
Posterior = -41.71702768205553 for parameter set #452: [0.32209175845335514, 0.7946382677347923, -0.9995]
Model N: 3035232.71247142
Done mass_function_like status = 0 

Pipeline ran okay.
Likelihood mass_function_like_m_n = -9.02207212895155
Posterior = -2.4014913367040958 for parameter set #452: [0.3034270513874976, 0.8149917965612598, -0.9995]
Model N: 3019506.9582169405
Done mass_function_like status = 0 

Pipeline ran okay.
Likelihood mass_function_like_m_n = -39.65931557863951
Posterior = -34.15772136911737 for parameter set #452: [0.315347377553107, 0.8012997369921444, -0.9995]
Model N: 3026272.4163463446
Done mass_function_like status = 0 

Pipeline ran okay.
Likelihood mass_function_like_m_n = -16.444691441953182
Posterior = -14.787237968956628 for parameter set #452: [0.3316917993345712, 0.786463812572673, -0.9995]
Running module mass_function_like
Running module mass_function_like
Running module mass_function_like
Running module mass_function_like
Model N: 3019956.0717576304
Done mass_function_like status = 0 

Pipeline ran okay.
Likelihood mass_function_like_m_n = -37.64712429791689
Posterior = -38.467272397171335 for parameter set #453: [0.33872841927464803, 0.7795702771171302, -0.9995]
Running module mass_function_like
Model N: 3036202.186972186
Done mass_function_like status = 0 

Pipeline ran okay.
Likelihood mass_function_like_m_n = -9.806545794010162
Posterior = -3.60484088129558 for parameter set #453: [0.3097734260686375, 0.8085185809850663, -0.9995]
Running module mass_function_like
Model N: 3044228.4956425778
Done mass_function_like status = 0 

Pipeline ran okay.
Likelihood mass_function_like_m_n = -28.161676287651062
Posterior = -21.73601536304684 for parameter set #453: [0.30712240512335515, 0.812040942758, -0.9995]
Running module mass_function_like
Model N: 3028602.6086175437
Done mass_function_like status = 0 

Pipeline ran okay.
Likelihood mass_function_like_m_n = -11.962288588285446
Posterior = -6.105711392157412 for parameter set #453: [0.2871724748904384, 0.8321770910019395, -0.9995]
Running module mass_function_like
Model N: 3027607.48892307
Done mass_function_like status = 0 

Pipeline ran okay.
Likelihood mass_function_like_m_n = -13.656686805188656
Posterior = -11.319710957818296 for parameter set #454: [0.3294697416036851, 0.7886239213491668, -0.9995]
Running module mass_function_like
Model N: 3031663.487260129
Done mass_function_like status = 0 

Pipeline ran okay.
Likelihood mass_function_like_m_n = -8.802337855100632
Posterior = -2.7460549366424534 for parameter set #454: [0.31116262764632074, 0.8066609076151535, -0.9995]
Running module mass_function_like
Model N: 3031418.2101550982
Done mass_function_like status = 0 

Pipeline ran okay.
Likelihood mass_function_like_m_n = -8.941512674093246
Posterior = -4.135601720913691 for parameter set #454: [0.28064338229374436, 0.8401699647991983, -0.9995]
Running module mass_function_like
Model N: 3041463.1462162863
Done mass_function_like status = 0 

Pipeline ran okay.
Likelihood mass_function_like_m_n = -19.45114565640688
Posterior = -12.951550941824278 for parameter set #454: [0.3059951561068516, 0.8129333481572156, -0.9995]
Running module mass_function_like
Model N: 3030925.462993148
Done mass_function_like status = 0 

Pipeline ran okay.
Likelihood mass_function_like_m_n = -9.281128071248531
Posterior = -2.7159174235330568 for parameter set #455: [0.3047768933543617, 0.8131418782433308, -0.9995]
Running module mass_function_like
Model N: 3026182.050987738
Done mass_function_like status = 0 

Pipeline ran okay.
Likelihood mass_function_like_m_n = -16.65472485125065
Posterior = -11.030577890735398 for parameter set #455: [0.3145269214756255, 0.8027621544315435, -0.9995]
Running module mass_function_like
Model N: 3034990.438359174
Done mass_function_like status = 0 

Pipeline ran okay.
Likelihood mass_function_like_m_n = -8.874352313578129
Posterior = -3.5070688413698434 for parameter set #455: [0.3161988933331997, 0.8019761778725405, -0.9995]
Running module mass_function_like
Model N: 3025027.953590433
Done mass_function_like status = 0 

Pipeline ran okay.
Likelihood mass_function_like_m_n = -19.575069539248943
Posterior = -14.217145261556368 for parameter set #455: [0.3162565674151564, 0.8009467378266074, -0.9995]
Running module mass_function_like
Model N: 3030114.9414159004
Done mass_function_like status = 0 

Pipeline ran okay.
Likelihood mass_function_like_m_n = -10.014167368412018
Posterior = -3.7713723215806354 for parameter set #456: [0.3093435448463505, 0.8083506842309791, -0.9995]
Model N: 3023710.874000317
Done mass_function_like status = 0 

Pipeline ran okay.
Likelihood mass_function_like_m_n = -23.4472783356905
Posterior = -16.799080833071965 for parameter set #456: [0.2975057387590043, 0.8201545527808095, -0.9995]
Model N: 3032866.042433629
Done mass_function_like status = 0 

Pipeline ran okay.
Likelihood mass_function_like_m_n = -8.407228708267212
Posterior = -1.8196665108481795 for parameter set #456: [0.304283503259977, 0.8138535810122157, -0.9995]
Model N: 3023030.646003116
Done mass_function_like status = 0 

Pipeline ran okay.
Likelihood mass_function_like_m_n = -25.672485694289207
Posterior = -20.349353251794078 for parameter set #456: [0.28353080599534347, 0.8358442216110411, -0.9995]
Running module mass_function_like
Running module mass_function_like
Running module mass_function_like
Running module mass_function_like
Model N: 3019536.5763168796
Done mass_function_like status = 0 

Pipeline ran okay.
Likelihood mass_function_like_m_n = -39.52454921603203
Posterior = -33.42409473621609 for parameter set #457: [0.31075964421804236, 0.8058661000235363, -0.9995]
Running module mass_function_like
Model N: 3036998.9222656568
Done mass_function_like status = 0 

Pipeline ran okay.
Likelihood mass_function_like_m_n = -10.682764805853367
Posterior = -4.006045267471027 for parameter set #457: [0.3007189798227851, 0.8180419470686127, -0.9995]
Running module mass_function_like
Model N: 3026718.9534646873
Done mass_function_like status = 0 

Pipeline ran okay.
Likelihood mass_function_like_m_n = -15.446518279612064
Posterior = -8.769581754638493 for parameter set #457: [0.30068813855241927, 0.8170255363963144, -0.9995]
Running module mass_function_like
Model N: 3034802.0368751767
Done mass_function_like status = 0 

Pipeline ran okay.
Likelihood mass_function_like_m_n = -8.772839441895485
Posterior = -2.1912134776014547 for parameter set #457: [0.2955800852040753, 0.8233959043947078, -0.9995]
Running module mass_function_like
Model N: 3025580.901063348
Done mass_function_like status = 0 

Pipeline ran okay.
Likelihood mass_function_like_m_n = -18.120812118053436
Posterior = -11.5664530140983 for parameter set #458: [0.3049989017664896, 0.8123719899873205, -0.9995]
Running module mass_function_like
Model N: 3029102.9965462387
Done mass_function_like status = 0 

Pipeline ran okay.
Likelihood mass_function_like_m_n = -11.23402202874422
Posterior = -4.715598267004754 for parameter set #458: [0.30567239696373116, 0.8120260594995111, -0.9995]
Running module mass_function_like
Model N: 3021825.571458902
Done mass_function_like status = 0 

Pipeline ran okay.
Likelihood mass_function_like_m_n = -29.991691797971725
Posterior = -23.763138750886064 for parameter set #458: [0.29050525249177694, 0.8276756551291151, -0.9995]
Running module mass_function_like
Model N: 3021970.755836327
Done mass_function_like status = 0 

Pipeline ran okay.
Likelihood mass_function_like_m_n = -29.445774525403976
Posterior = -23.360759866419592 for parameter set #458: [0.28909780261299756, 0.8292767603239903, -0.9995]
Running module mass_function_like
Model N: 3032474.2167597017
Done mass_function_like status = 0 

Pipeline ran okay.
Likelihood mass_function_like_m_n = -8.483570627868176
Posterior = -2.06628321110691 for parameter set #459: [0.29276098374709747, 0.8262665289899852, -0.9995]
Running module mass_function_like
Model N: 3025044.881254496
Done mass_function_like status = 0 

Pipeline ran okay.
Likelihood mass_function_like_m_n = -19.529045969247818
Posterior = -14.262610344123246 for parameter set #459: [0.3168099290491401, 0.8004068743345005, -0.9995]
Running module mass_function_like
Model N: 3031242.2338528107
Done mass_function_like status = 0 

Pipeline ran okay.
Likelihood mass_function_like_m_n = -9.05359921604395
Posterior = -2.440972180190453 for parameter set #459: [0.3036517711444367, 0.8143517535697791, -0.9995]
Running module mass_function_like
Model N: 3031346.4567377297
Done mass_function_like status = 0 

Pipeline ran okay.
Likelihood mass_function_like_m_n = -8.985981076955795
Posterior = -2.6999025848725164 for parameter set #459: [0.308868209585107, 0.8089581480084868, -0.9995]
Running module mass_function_like
Model N: 3019130.2130985497
Done mass_function_like status = 0 

Pipeline ran okay.
Likelihood mass_function_like_m_n = -41.39902534335852
Posterior = -37.00073746553781 for parameter set #460: [0.3213589153305569, 0.7954273158628261, -0.9995]
Model N: 3030849.8347025802
Done mass_function_like status = 0 

Pipeline ran okay.
Likelihood mass_function_like_m_n = -9.340349175035954
Posterior = -3.329605257172357 for parameter set #460: [0.31156339293154567, 0.8061767836945505, -0.9995]
Model N: 3033473.5998312538
Done mass_function_like status = 0 

Pipeline ran okay.
Likelihood mass_function_like_m_n = -8.388963140547276
Posterior = -1.7258262649972789 for parameter set #460: [0.29820181631860354, 0.8204061550344338, -0.9995]
Model N: 3000076.461428478
Done mass_function_like status = 0 

Pipeline ran okay.
Likelihood mass_function_like_m_n = -191.23946056514978
Posterior = -186.93241401406297 for parameter set #460: [0.2782180916941449, 0.8396658581858918, -0.9995]
Running module mass_function_like
Running module mass_function_like
Running module mass_function_like
Running module mass_function_like
Model N: 3025386.170668404
Done mass_function_like status = 0 

Pipeline ran okay.
Likelihood mass_function_like_m_n = -18.62139618396759
Posterior = -18.012944307439803 for parameter set #461: [0.33484494890735933, 0.783529492068225, -0.9995]
Running module mass_function_like
Model N: 3034081.175605914
Done mass_function_like status = 0 

Pipeline ran okay.
Likelihood mass_function_like_m_n = -8.492378287017345
Posterior = -2.102488489259672 for parameter set #461: [0.2923919200772793, 0.8268461966397539, -0.9995]
Running module mass_function_like
Model N: 3025990.766398635
Done mass_function_like status = 0 

Pipeline ran okay.
Likelihood mass_function_like_m_n = -17.10824427753687
Posterior = -11.19347936519596 for parameter set #461: [0.2876344083362801, 0.8313697674750901, -0.9995]
Running module mass_function_like
Model N: 3033448.3171630595
Done mass_function_like status = 0 

Pipeline ran okay.
Likelihood mass_function_like_m_n = -8.387296572327614
Posterior = -3.057670592728547 for parameter set #461: [0.2835702816901133, 0.8369189916297954, -0.9995]
Running module mass_function_like
Model N: 3032163.334058833
Done mass_function_like status = 0 

Pipeline ran okay.
Likelihood mass_function_like_m_n = -8.580170683562756
Posterior = -2.7675122041618607 for parameter set #462: [0.3131654526614872, 0.8047020462718767, -0.9995]
Running module mass_function_like
Model N: 3029740.8299246537
Done mass_function_like status = 0 

Pipeline ran okay.
Likelihood mass_function_like_m_n = -10.425714395940304
Posterior = -5.873669651291229 for parameter set #462: [0.3206264851763994, 0.7971615322878987, -0.9995]
Running module mass_function_like
Model N: 3033443.517314825
Done mass_function_like status = 0 

Pipeline ran okay.
Likelihood mass_function_like_m_n = -8.387003973126411
Posterior = -1.7079695877550272 for parameter set #462: [0.3002322984885077, 0.818198661561727, -0.9995]
Running module mass_function_like
Model N: 3034335.126836307
Done mass_function_like status = 0 

Pipeline ran okay.
Likelihood mass_function_like_m_n = -8.571650952100754
Posterior = -1.8994207666343108 for parameter set #462: [0.3011894547358984, 0.8172684987780352, -0.9995]
Running module mass_function_like
Model N: 3020709.618128522
Done mass_function_like status = 0 

Pipeline ran okay.
Likelihood mass_function_like_m_n = -34.421659864485264
Posterior = -32.082791607701914 for parameter set #463: [0.3294633193701146, 0.787979303388752, -0.9995]
Running module mass_function_like
Model N: 3033489.483504546
Done mass_function_like status = 0 

Pipeline ran okay.
Likelihood mass_function_like_m_n = -8.390117935836315
Posterior = -2.6494991381691815 for parameter set #463: [0.31370171814513104, 0.8042981982840506, -0.9995]
Running module mass_function_like
Model N: 3019974.8900194196
Done mass_function_like status = 0 

Pipeline ran okay.
Likelihood mass_function_like_m_n = -37.5642761439085
Posterior = -31.732653775328146 for parameter set #463: [0.31302061311712964, 0.8036460406058858, -0.9995]
Running module mass_function_like
Model N: 3026352.258474456
Done mass_function_like status = 0 

Pipeline ran okay.
Likelihood mass_function_like_m_n = -16.261367328464985
Posterior = -10.649733990249693 for parameter set #463: [0.3146128084918328, 0.8026939282569975, -0.9995]
Running module mass_function_like
Model N: 3021118.75524459
Done mass_function_like status = 0 

Pipeline ran okay.
Likelihood mass_function_like_m_n = -32.74947019666433
Posterior = -32.131695273459776 for parameter set #464: [0.33481818282192694, 0.7831564833173061, -0.9995]
Model N: 3030396.4235342727
Done mass_function_like status = 0 

Pipeline ran okay.
Likelihood mass_function_like_m_n = -9.73500157147646
Posterior = -3.1033168877256507 for parameter set #464: [0.30308608212980115, 0.8148606986057846, -0.9995]
Model N: 3032715.881978739
Done mass_function_like status = 0 

Pipeline ran okay.
Likelihood mass_function_like_m_n = -8.430501401424408
Posterior = -1.8497398372778164 for parameter set #464: [0.2955605713393814, 0.8232009137794697, -0.9995]
Model N: 3037280.146869104
Done mass_function_like status = 0 

Pipeline ran okay.
Likelihood mass_function_like_m_n = -11.041898369789124
Posterior = -4.431279368857096 for parameter set #464: [0.3037063512347907, 0.814905274476433, -0.9995]
Running module mass_function_like
Running module mass_function_like
Running module mass_function_like
Running module mass_function_like
Model N: 3034533.346489424
Done mass_function_like status = 0 

Pipeline ran okay.
Likelihood mass_function_like_m_n = -8.64829072356224
Posterior = -2.701082574819109 for parameter set #465: [0.3121003805689496, 0.8060012021426447, -0.9995]
Running module mass_function_like
Model N: 3029265.6668087095
Done mass_function_like status = 0 

Pipeline ran okay.
Likelihood mass_function_like_m_n = -11.01510076969862
Posterior = -4.411765096361853 for parameter set #465: [0.2961020896630776, 0.8222521185405215, -0.9995]
Running module mass_function_like
Model N: 3024490.4182005622
Done mass_function_like status = 0 

Pipeline ran okay.
Likelihood mass_function_like_m_n = -21.08594361692667
Posterior = -14.521838139551397 for parameter set #465: [0.304799973352737, 0.8124691862330679, -0.9995]
Running module mass_function_like
Model N: 3023902.6736855307
Done mass_function_like status = 0 

Pipeline ran okay.
Likelihood mass_function_like_m_n = -22.847597889602184
Posterior = -17.871382510034678 for parameter set #465: [0.28154416721606584, 0.8382810611259692, -0.9995]
Running module mass_function_like
Model N: 3033655.4372591167
Done mass_function_like status = 0 

Pipeline ran okay.
Likelihood mass_function_like_m_n = -8.40715654939413
Posterior = -1.8872985023986324 for parameter set #466: [0.30564705500796124, 0.8125101820609059, -0.9995]
Running module mass_function_like
Model N: 3029309.836609956
Done mass_function_like status = 0 

Pipeline ran okay.
Likelihood mass_function_like_m_n = -10.957167148590088
Posterior = -4.464391957076273 for parameter set #466: [0.30610784752259557, 0.8115950661094073, -0.9995]
Running module mass_function_like
Model N: 3023224.5397346593
Done mass_function_like status = 0 

Pipeline ran okay.
Likelihood mass_function_like_m_n = -25.022561319172382
Posterior = -19.05548472781441 for parameter set #466: [0.3119350543103266, 0.8050502261507406, -0.9995]
Running module mass_function_like
Model N: 3021935.026672025
Done mass_function_like status = 0 

Pipeline ran okay.
Likelihood mass_function_like_m_n = -29.579472601413727
Posterior = -22.90771375940952 for parameter set #466: [0.2987715573838397, 0.8186075001168415, -0.9995]
Running module mass_function_like
Model N: 3013116.2080498734
Done mass_function_like status = 0 

Pipeline ran okay.
Likelihood mass_function_like_m_n = -75.57295952737331
Posterior = -69.036537456063 for parameter set #467: [0.29465430777167484, 0.8221607257856018, -0.9995]
Running module mass_function_like
Model N: 3033785.1738379556
Done mass_function_like status = 0 

Pipeline ran okay.
Likelihood mass_function_like_m_n = -8.426798656582832
Posterior = -2.723482828027265 for parameter set #467: [0.3139713161137713, 0.8040588990411062, -0.9995]
Running module mass_function_like
Model N: 3031937.8283776217
Done mass_function_like status = 0 

Pipeline ran okay.
Likelihood mass_function_like_m_n = -8.670194447040558
Posterior = -2.2906943049989614 for parameter set #467: [0.3077434366565318, 0.8101699525994757, -0.9995]
Running module mass_function_like
Model N: 3001416.6512318836
Done mass_function_like status = 0 

Pipeline ran okay.
Likelihood mass_function_like_m_n = -176.71787648648024
Posterior = -172.8989780341202 for parameter set #467: [0.323918217935081, 0.7913054617052981, -0.9995]
Running module mass_function_like
Model N: 3021039.4762182967
Done mass_function_like status = 0 

Pipeline ran okay.
Likelihood mass_function_like_m_n = -33.069146670401096
Posterior = -27.528961285155567 for parameter set #468: [0.3150938319393365, 0.8016988992744493, -0.9995]
Model N: 3030110.712542601
Done mass_function_like status = 0 

Pipeline ran okay.
Likelihood mass_function_like_m_n = -10.018561013042927
Posterior = -3.3487395960136244 for parameter set #468: [0.3013771551314864, 0.8166385980242021, -0.9995]
Model N: 3028994.8914733464
Done mass_function_like status = 0 

Pipeline ran okay.
Likelihood mass_function_like_m_n = -11.384347967803478
Posterior = -4.7163790831967916 for parameter set #468: [0.3015056768380707, 0.8163886887272009, -0.9995]
Model N: 3031285.0054576485
Done mass_function_like status = 0 

Pipeline ran okay.
Likelihood mass_function_like_m_n = -9.025415860116482
Posterior = -3.272769446300754 for parameter set #468: [0.2863863466733248, 0.833368563237682, -0.9995]
Running module mass_function_like
Running module mass_function_like
Running module mass_function_like
Running module mass_function_like
Model N: 3020706.2909398116
Done mass_function_like status = 0 

Pipeline ran okay.
Likelihood mass_function_like_m_n = -34.435486540198326
Posterior = -34.50864965247383 for parameter set #469: [0.3367490606970728, 0.7813928282684963, -0.9995]
Running module mass_function_like
Model N: 3029663.8714576806
Done mass_function_like status = 0 

Pipeline ran okay.
Likelihood mass_function_like_m_n = -10.516108825802803
Posterior = -3.8901467371802205 for parameter set #469: [0.2967337449674706, 0.8216052066742767, -0.9995]
Running module mass_function_like
Model N: 3034635.695037216
Done mass_function_like status = 0 

Pipeline ran okay.
Likelihood mass_function_like_m_n = -8.692929580807686
Posterior = -2.1786479744926233 for parameter set #469: [0.2942550440907673, 0.8248355399659979, -0.9995]
Running module mass_function_like
Model N: 3035115.929141028
Done mass_function_like status = 0 

Pipeline ran okay.
Likelihood mass_function_like_m_n = -8.948453977704048
Posterior = -2.636162990317363 for parameter set #469: [0.2914324658048711, 0.8280294376999368, -0.9995]
Running module mass_function_like
Model N: 3026348.493227565
Done mass_function_like status = 0 

Pipeline ran okay.
Likelihood mass_function_like_m_n = -16.269965209066868
Posterior = -13.217044071287349 for parameter set #470: [0.32693096010368244, 0.7908577540953539, -0.9995]
Running module mass_function_like
Model N: 3033473.629086714
Done mass_function_like status = 0 

Pipeline ran okay.
Likelihood mass_function_like_m_n = -8.38896518945694
Posterior = -1.9146952023197823 for parameter set #470: [0.30640365850390294, 0.8117065104676866, -0.9995]
Running module mass_function_like
Model N: 3027430.1660304894
Done mass_function_like status = 0 

Pipeline ran okay.
Likelihood mass_function_like_m_n = -13.993008010089397
Posterior = -10.255593028153076 for parameter set #470: [0.3242565010517753, 0.7934715125360854, -0.9995]
Running module mass_function_like
Model N: 3019382.9793462656
Done mass_function_like status = 0 

Pipeline ran okay.
Likelihood mass_function_like_m_n = -40.22660394757986
Posterior = -39.074851780892814 for parameter set #470: [0.26675078337276753, 0.8561719488284615, -0.9995]
Running module mass_function_like
Model N: 3016220.6368754213
Done mass_function_like status = 0 

Pipeline ran okay.
Likelihood mass_function_like_m_n = -56.42652028799057
Posterior = -54.3261949627468 for parameter set #471: [0.3302621178144109, 0.7868242240530862, -0.9995]
Running module mass_function_like
Model N: 3031038.1299099233
Done mass_function_like status = 0 

Pipeline ran okay.
Likelihood mass_function_like_m_n = -9.196406066417694
Posterior = -2.6349728893804425 for parameter set #471: [0.3048553274096182, 0.8130714031743888, -0.9995]
Running module mass_function_like
Model N: 3031874.201856939
Done mass_function_like status = 0 

Pipeline ran okay.
Likelihood mass_function_like_m_n = -8.698629692196846
Posterior = -2.4111935388363825 for parameter set #471: [0.29114711295734846, 0.8280097447049812, -0.9995]
Running module mass_function_like
Model N: 3032840.095168674
Done mass_function_like status = 0 

Pipeline ran okay.
Likelihood mass_function_like_m_n = -8.410718724131584
Posterior = -1.8471894815936132 for parameter set #471: [0.3048119633367728, 0.8132983731467205, -0.9995]
Running module mass_function_like
Model N: 3034107.39714668
Done mass_function_like status = 0 

Pipeline ran okay.
Likelihood mass_function_like_m_n = -8.499579787254333
Posterior = -3.1781197059525326 for parameter set #472: [0.31647934535719424, 0.8016145560563417, -0.9995]
Model N: 3025880.799263107
Done mass_function_like status = 0 

Pipeline ran okay.
Likelihood mass_function_like_m_n = -17.374453887343407
Posterior = -11.706478024477747 for parameter set #472: [0.31422201346817347, 0.803034315186338, -0.9995]
Model N: 3037719.5632653725
Done mass_function_like status = 0 

Pipeline ran okay.
Likelihood mass_function_like_m_n = -11.655106663703918
Posterior = -5.028596753044942 for parameter set #472: [0.2967505604282823, 0.8224188868715006, -0.9995]
Model N: 3032219.9259161423
Done mass_function_like status = 0 

Pipeline ran okay.
Likelihood mass_function_like_m_n = -8.560212299227715
Posterior = -2.5303372045522625 for parameter set #472: [0.31139674605872, 0.8064799316087502, -0.9995]
Running module mass_function_like
Running module mass_function_like
Running module mass_function_like
Running module mass_function_like
Model N: 3035122.9123650766
Done mass_function_like status = 0 

Pipeline ran okay.
Likelihood mass_function_like_m_n = -8.952729843556881
Posterior = -2.554107620590271 for parameter set #473: [0.30749242251002423, 0.8107467376795794, -0.9995]
Running module mass_function_like
Model N: 3030601.377055851
Done mass_function_like status = 0 

Pipeline ran okay.
Likelihood mass_function_like_m_n = -9.548199884593487
Posterior = -2.8731368195416565 for parameter set #473: [0.2990790077895693, 0.8191656107248949, -0.9995]
Running module mass_function_like
Model N: 3030135.3102613348
Done mass_function_like status = 0 

Pipeline ran okay.
Likelihood mass_function_like_m_n = -9.99308767169714
Posterior = -3.3137869444260435 for parameter set #473: [0.3000263478238329, 0.8180810122434032, -0.9995]
Running module mass_function_like
Model N: 3034246.386453774
Done mass_function_like status = 0 

Pipeline ran okay.
Likelihood mass_function_like_m_n = -8.5415348559618
Posterior = -2.7255540024573843 for parameter set #473: [0.286859807118571, 0.8331378057243705, -0.9995]
Running module mass_function_like
Model N: 3024180.90840589
Done mass_function_like status = 0 

Pipeline ran okay.
Likelihood mass_function_like_m_n = -21.999360732734203
Posterior = -15.937203237830325 for parameter set #474: [0.3111098758175447, 0.8059732304121365, -0.9995]
Running module mass_function_like
Model N: 3036611.4921604223
Done mass_function_like status = 0 

Pipeline ran okay.
Likelihood mass_function_like_m_n = -10.2306018024683
Posterior = -3.8721496120944376 for parameter set #474: [0.3080106430195876, 0.8103623708345756, -0.9995]
Running module mass_function_like
Model N: 3032186.194543817
Done mass_function_like status = 0 

Pipeline ran okay.
Likelihood mass_function_like_m_n = -8.571981213986874
Posterior = -2.670449506210314 for parameter set #474: [0.3124721488969114, 0.805396947557479, -0.9995]
Running module mass_function_like
Model N: 3034579.309231908
Done mass_function_like status = 0 

Pipeline ran okay.
Likelihood mass_function_like_m_n = -8.66791032999754
Posterior = -3.12774272941102 for parameter set #474: [0.28490605023379445, 0.8354407479450812, -0.9995]
Running module mass_function_like
Model N: 3021115.6890099617
Done mass_function_like status = 0 

Pipeline ran okay.
Likelihood mass_function_like_m_n = -32.761795334517956
Posterior = -26.940443333689473 for parameter set #475: [0.3130992533946154, 0.8036801914416597, -0.9995]
Running module mass_function_like
Model N: 3032932.5004645186
Done mass_function_like status = 0 

Pipeline ran okay.
Likelihood mass_function_like_m_n = -8.399302378296852
Posterior = -1.8275028731181617 for parameter set #475: [0.3046369104613203, 0.8134905405246375, -0.9995]
Running module mass_function_like
Model N: 3031134.0626356937
Done mass_function_like status = 0 

Pipeline ran okay.
Likelihood mass_function_like_m_n = -9.127571180462837
Posterior = -2.5919198172896643 for parameter set #475: [0.30536009020702126, 0.8125549628093093, -0.9995]
Running module mass_function_like
Model N: 3022123.7885884014
Done mass_function_like status = 0 

Pipeline ran okay.
Likelihood mass_function_like_m_n = -28.877925127744675
Posterior = -24.832080793800586 for parameter set #475: [0.3229497706496867, 0.7942007479654899, -0.9995]
Running module mass_function_like
Model N: 3030015.7220238545
Done mass_function_like status = 0 

Pipeline ran okay.
Likelihood mass_function_like_m_n = -10.118809431791306
Posterior = -3.863626168944874 for parameter set #476: [0.3092100047281613, 0.8084767448392054, -0.9995]
Model N: 3031790.1121535683
Done mass_function_like status = 0 

Pipeline ran okay.
Likelihood mass_function_like_m_n = -8.73825952410698
Posterior = -2.3560329141220144 for parameter set #476: [0.29229185381138584, 0.8267180313077066, -0.9995]
Model N: 3030269.1702163727
Done mass_function_like status = 0 

Pipeline ran okay.
Likelihood mass_function_like_m_n = -9.857966154813766
Posterior = -3.193578096477676 for parameter set #476: [0.2982727976392959, 0.8200002810754448, -0.9995]
Model N: 3031422.5491000637
Done mass_function_like status = 0 

Pipeline ran okay.
Likelihood mass_function_like_m_n = -8.938878148794174
Posterior = -3.140766376611282 for parameter set #476: [0.2867245156312298, 0.8329928339830464, -0.9995]
Running module mass_function_like
Running module mass_function_like
Running module mass_function_like
Running module mass_function_like
Model N: 3008455.2472277205
Done mass_function_like status = 0 

Pipeline ran okay.
Likelihood mass_function_like_m_n = -110.36759354919195
Posterior = -115.66057997959356 for parameter set #477: [0.34893320064886785, 0.7697370710393002, -0.9995]
Running module mass_function_like
Model N: 3034572.121282524
Done mass_function_like status = 0 

Pipeline ran okay.
Likelihood mass_function_like_m_n = -8.664796188473701
Posterior = -2.3821855191640005 for parameter set #477: [0.3089072277280925, 0.809239669660997, -0.9995]
Running module mass_function_like
Model N: 3031245.278966579
Done mass_function_like status = 0 

Pipeline ran okay.
Likelihood mass_function_like_m_n = -9.051572740077972
Posterior = -2.3998460050382757 for parameter set #477: [0.2976514913979079, 0.8207725104750221, -0.9995]
Running module mass_function_like
Model N: 3034220.509246235
Done mass_function_like status = 0 

Pipeline ran okay.
Likelihood mass_function_like_m_n = -8.533241413533688
Posterior = -1.9837798526289951 for parameter set #477: [0.29490406755528475, 0.824077661555722, -0.9995]
Running module mass_function_like
Model N: 3032646.568737743
Done mass_function_like status = 0 

Pipeline ran okay.
Likelihood mass_function_like_m_n = -8.443752393126488
Posterior = -1.7701192558683552 for parameter set #478: [0.2989350060045176, 0.8195302262588211, -0.9995]
Running module mass_function_like
Model N: 3034023.3015305796
Done mass_function_like status = 0 

Pipeline ran okay.
Likelihood mass_function_like_m_n = -8.477285534143448
Posterior = -2.5726469539239485 for parameter set #478: [0.312447213488092, 0.8056032004105008, -0.9995]
Running module mass_function_like
Model N: 3022037.6932947906
Done mass_function_like status = 0 

Pipeline ran okay.
Likelihood mass_function_like_m_n = -29.19643670320511
Posterior = -22.523880289194615 for parameter set #478: [0.2988382957089083, 0.818546158420695, -0.9995]
Running module mass_function_like
Model N: 3034007.8894450185
Done mass_function_like status = 0 

Pipeline ran okay.
Likelihood mass_function_like_m_n = -8.473452366888523
Posterior = -2.535848906763193 for parameter set #478: [0.287820502980953, 0.8320077976648714, -0.9995]
Running module mass_function_like
Model N: 3031200.5684659486
Done mass_function_like status = 0 

Pipeline ran okay.
Likelihood mass_function_like_m_n = -9.08163433521986
Posterior = -2.489633826831298 for parameter set #479: [0.3041786047892003, 0.8137952587764264, -0.9995]
Running module mass_function_like
Model N: 3024786.5118246134
Done mass_function_like status = 0 

Pipeline ran okay.
Likelihood mass_function_like_m_n = -20.24184989184141
Posterior = -17.22578962421953 for parameter set #479: [0.3270674857742211, 0.7905821306729629, -0.9995]
Running module mass_function_like
Model N: 3028129.4137432617
Done mass_function_like status = 0 

Pipeline ran okay.
Likelihood mass_function_like_m_n = -12.727152064442635
Posterior = -6.724209135562482 for parameter set #479: [0.31163066007954876, 0.8058401203774034, -0.9995]
Running module mass_function_like
Model N: 3027591.5688461442
Done mass_function_like status = 0 

Pipeline ran okay.
Likelihood mass_function_like_m_n = -13.686456605792046
Posterior = -8.994344533446156 for parameter set #479: [0.31993585777419326, 0.7976189667197655, -0.9995]
Running module mass_function_like
Model N: 3030576.4698545616
Done mass_function_like status = 0 

Pipeline ran okay.
Likelihood mass_function_like_m_n = -9.570160619914532
Posterior = -2.891880966239471 for parameter set #480: [0.3004526686724614, 0.8176705187339326, -0.9995]
Model N: 3029554.940229455
Done mass_function_like status = 0 

Pipeline ran okay.
Likelihood mass_function_like_m_n = -10.647403858602047
Posterior = -3.969468067592029 for parameter set #480: [0.3005231457349882, 0.8174909698040288, -0.9995]
Model N: 3035219.98037056
Done mass_function_like status = 0 

Pipeline ran okay.
Likelihood mass_function_like_m_n = -9.013827934861183
Posterior = -2.399090232881578 for parameter set #480: [0.30359350793322054, 0.8148153361748556, -0.9995]
Model N: 3027493.425117067
Done mass_function_like status = 0 

Pipeline ran okay.
Likelihood mass_function_like_m_n = -13.871833108365536
Posterior = -9.282192170507855 for parameter set #480: [0.3204434011869479, 0.7971208855806282, -0.9995]
Running module mass_function_like
Running module mass_function_like
Running module mass_function_like
Running module mass_function_like
Model N: 3010499.3361474513
Done mass_function_like status = 0 

Pipeline ran okay.
Likelihood mass_function_like_m_n = -94.21320915222168
Posterior = -98.3629834966324 for parameter set #481: [0.3465383251583486, 0.77194989175937, -0.9995]
Running module mass_function_like
Model N: 3033182.8423822094
Done mass_function_like status = 0 

Pipeline ran okay.
Likelihood mass_function_like_m_n = -8.38251993060112
Posterior = -1.7032977448984017 for parameter set #481: [0.300128072329159, 0.8182837397468058, -0.9995]
Running module mass_function_like
Model N: 3025075.7054298315
Done mass_function_like status = 0 

Pipeline ran okay.
Likelihood mass_function_like_m_n = -19.4454839900136
Posterior = -16.660681516342542 for parameter set #481: [0.2720912138399423, 0.849974312358746, -0.9995]
Running module mass_function_like
Model N: 3020553.5328193544
Done mass_function_like status = 0 

Pipeline ran okay.
Likelihood mass_function_like_m_n = -35.07426103949547
Posterior = -32.48163262231584 for parameter set #481: [0.2714109259291925, 0.8503257532392351, -0.9995]
Running module mass_function_like
Model N: 3033067.588398755
Done mass_function_like status = 0 

Pipeline ran okay.
Likelihood mass_function_like_m_n = -8.387679554522038
Posterior = -2.2131367078371245 for parameter set #482: [0.3100475007004258, 0.8079283701025489, -0.9995]
Running module mass_function_like
Model N: 3028444.918309873
Done mass_function_like status = 0 

Pipeline ran okay.
Likelihood mass_function_like_m_n = -12.208948828279972
Posterior = -6.915206750700973 for parameter set #482: [0.3166466940906067, 0.8008980144325197, -0.9995]
Running module mass_function_like
Model N: 3035234.6975134695
Done mass_function_like status = 0 

Pipeline ran okay.
Likelihood mass_function_like_m_n = -9.023362278938293
Posterior = -2.8320746446975296 for parameter set #482: [0.29012056110834794, 0.8295219358381222, -0.9995]
Running module mass_function_like
Model N: 3034844.503305874
Done mass_function_like status = 0 

Pipeline ran okay.
Likelihood mass_function_like_m_n = -8.794700369238853
Posterior = -2.6869410044260214 for parameter set #482: [0.3106915371532569, 0.8074520805575238, -0.9995]
Running module mass_function_like
Model N: 3031613.160536294
Done mass_function_like status = 0 

Pipeline ran okay.
Likelihood mass_function_like_m_n = -8.829275101423264
Posterior = -2.66936722710615 for parameter set #483: [0.31019211777790157, 0.8076371971517752, -0.9995]
Running module mass_function_like
Model N: 3026025.326962482
Done mass_function_like status = 0 

Pipeline ran okay.
Likelihood mass_function_like_m_n = -17.025407031178474
Posterior = -10.702463827907525 for parameter set #483: [0.3084422863613982, 0.8088629282451851, -0.9995]
Running module mass_function_like
Model N: 3031995.3719699695
Done mass_function_like status = 0 

Pipeline ran okay.
Likelihood mass_function_like_m_n = -8.645628072321415
Posterior = -2.275987267814534 for parameter set #483: [0.3078697318099579, 0.8100460265581885, -0.9995]
Running module mass_function_like
Model N: 3029445.6542121363
Done mass_function_like status = 0 

Pipeline ran okay.
Likelihood mass_function_like_m_n = -10.783067248761654
Posterior = -4.113534144699525 for parameter set #483: [0.30139793377869417, 0.816548794366752, -0.9995]
Running module mass_function_like
Model N: 3029950.0168663613
Done mass_function_like status = 0 

Pipeline ran okay.
Likelihood mass_function_like_m_n = -10.189895682036877
Posterior = -3.5142380709937235 for parameter set #484: [0.29914599914905826, 0.8190265942067961, -0.9995]
Model N: 3029817.5755746695
Done mass_function_like status = 0 

Pipeline ran okay.
Likelihood mass_function_like_m_n = -10.33751893043518
Posterior = -3.661997691023279 for parameter set #484: [0.30086982284383634, 0.8171482353613535, -0.9995]
Model N: 3030000.679419747
Done mass_function_like status = 0 

Pipeline ran okay.
Likelihood mass_function_like_m_n = -10.13495809584856
Posterior = -3.882244613917063 for parameter set #484: [0.3092367820844567, 0.808447873278155, -0.9995]
Model N: 3017065.4082900095
Done mass_function_like status = 0 

Pipeline ran okay.
Likelihood mass_function_like_m_n = -51.77286756038666
Posterior = -47.679603359244545 for parameter set #484: [0.27725779255583094, 0.8426889058259374, -0.9995]
Running module mass_function_like
Running module mass_function_like
Running module mass_function_like
Running module mass_function_like
Model N: 3034873.7407278116
Done mass_function_like status = 0 

Pipeline ran okay.
Likelihood mass_function_like_m_n = -8.810096457600594
Posterior = -2.763428991560666 for parameter set #485: [0.31124843751167486, 0.8068922967547809, -0.9995]
Running module mass_function_like
Model N: 3030602.009992749
Done mass_function_like status = 0 

Pipeline ran okay.
Likelihood mass_function_like_m_n = -9.54764449596405
Posterior = -2.881223151163093 for parameter set #485: [0.2983948300084263, 0.8199025346282025, -0.9995]
Running module mass_function_like
Model N: 3032896.9135805946
Done mass_function_like status = 0 

Pipeline ran okay.
Likelihood mass_function_like_m_n = -8.40336562693119
Posterior = -2.0605278628997397 for parameter set #485: [0.291796751444961, 0.8273877375922223, -0.9995]
Running module mass_function_like
Model N: 3034157.628469533
Done mass_function_like status = 0 

Pipeline ran okay.
Likelihood mass_function_like_m_n = -8.514008052647114
Posterior = -2.188616409333589 for parameter set #485: [0.29158676572302095, 0.8277554551447215, -0.9995]
Running module mass_function_like
Model N: 3036163.960062922
Done mass_function_like status = 0 

Pipeline ran okay.
Likelihood mass_function_like_m_n = -9.769755572080612
Posterior = -3.491178765821452 for parameter set #486: [0.308952400706526, 0.8093521343552634, -0.9995]
Running module mass_function_like
Model N: 3023942.944222023
Done mass_function_like status = 0 

Pipeline ran okay.
Likelihood mass_function_like_m_n = -22.72323825210333
Posterior = -18.0849618115666 for parameter set #486: [0.32020409739519917, 0.7970081860426719, -0.9995]
Running module mass_function_like
Model N: 3031194.007918538
Done mass_function_like status = 0 

Pipeline ran okay.
Likelihood mass_function_like_m_n = -9.086100913584232
Posterior = -2.9015842785112316 for parameter set #486: [0.30994773907214296, 0.8078434678877564, -0.9995]
Running module mass_function_like
Model N: 3032834.369831536
Done mass_function_like status = 0 

Pipeline ran okay.
Likelihood mass_function_like_m_n = -8.411518707871437
Posterior = -1.7322620071614558 for parameter set #486: [0.2999025345187071, 0.8184893870452813, -0.9995]
Running module mass_function_like
Model N: 3031065.469063242
Done mass_function_like status = 0 

Pipeline ran okay.
Likelihood mass_function_like_m_n = -9.176479749381542
Posterior = -2.7326864396411263 for parameter set #487: [0.3068631026302946, 0.8109896586805898, -0.9995]
Running module mass_function_like
Model N: 3028599.792512599
Done mass_function_like status = 0 

Pipeline ran okay.
Likelihood mass_function_like_m_n = -11.966621436178684
Posterior = -5.442880677835202 for parameter set #487: [0.3055778748635429, 0.812073507408396, -0.9995]
Running module mass_function_like
Model N: 3019926.9750879905
Done mass_function_like status = 0 

Pipeline ran okay.
Likelihood mass_function_like_m_n = -37.77545540034771
Posterior = -35.04746577676302 for parameter set #487: [0.328111615303022, 0.789152271275759, -0.9995]
Running module mass_function_like
Model N: 3038928.78492449
Done mass_function_like status = 0 

Pipeline ran okay.
Likelihood mass_function_like_m_n = -13.670181758701801
Posterior = -7.053594900012703 for parameter set #487: [0.30354167586379954, 0.8152453857697732, -0.9995]
Running module mass_function_like
Model N: 3023258.5672480226
Done mass_function_like status = 0 

Pipeline ran okay.
Likelihood mass_function_like_m_n = -24.909789361059666
Posterior = -18.256620917745828 for parameter set #488: [0.2977137036501643, 0.8198831170482023, -0.9995]
Model N: 3025999.957025623
Done mass_function_like status = 0 

Pipeline ran okay.
Likelihood mass_function_like_m_n = -17.08617690205574
Posterior = -10.575304423200322 for parameter set #488: [0.294196006212016, 0.8240023121846534, -0.9995]
Model N: 3031621.1271304474
Done mass_function_like status = 0 

Pipeline ran okay.
Likelihood mass_function_like_m_n = -8.824955314397812
Posterior = -2.7784614228518993 for parameter set #488: [0.28875001949544543, 0.8306925306100738, -0.9995]
Model N: 3038187.6536496044
Done mass_function_like status = 0 

Pipeline ran okay.
Likelihood mass_function_like_m_n = -12.378146700561047
Posterior = -5.922306428764504 for parameter set #488: [0.30668526628510273, 0.8118878113909702, -0.9995]
Running module mass_function_like
Running module mass_function_like
Running module mass_function_like
Running module mass_function_like
Model N: 3008167.876672394
Done mass_function_like status = 0 

Pipeline ran okay.
Likelihood mass_function_like_m_n = -112.75090205669403
Posterior = -118.43707038891529 for parameter set #489: [0.3497302172336527, 0.7690465459159533, -0.9995]
Running module mass_function_like
Model N: 3015692.957785156
Done mass_function_like status = 0 

Pipeline ran okay.
Likelihood mass_function_like_m_n = -59.45410677045584
Posterior = -56.714081830610716 for parameter set #489: [0.32806877004239793, 0.7887913135838933, -0.9995]
Running module mass_function_like
Model N: 3030581.701814056
Done mass_function_like status = 0 

Pipeline ran okay.
Likelihood mass_function_like_m_n = -9.565530590713024
Posterior = -2.9211274196721977 for parameter set #489: [0.2973579921548423, 0.8210222630746863, -0.9995]
Running module mass_function_like
Model N: 3029388.990105669
Done mass_function_like status = 0 

Pipeline ran okay.
Likelihood mass_function_like_m_n = -10.854961790144444
Posterior = -5.612095373443717 for parameter set #489: [0.28305044082219555, 0.8370934516931218, -0.9995]
Running module mass_function_like
Model N: 3031167.810441221
Done mass_function_like status = 0 

Pipeline ran okay.
Likelihood mass_function_like_m_n = -9.104078441858292
Posterior = -2.9644017703672123 for parameter set #490: [0.3103887201022948, 0.8073936870195623, -0.9995]
Running module mass_function_like
Model N: 3033719.774371419
Done mass_function_like status = 0 

Pipeline ran okay.
Likelihood mass_function_like_m_n = -8.416203811764717
Posterior = -2.611716893310563 for parameter set #490: [0.31322737524874866, 0.804793319406517, -0.9995]
Running module mass_function_like
Model N: 3029115.0877877465
Done mass_function_like status = 0 

Pipeline ran okay.
Likelihood mass_function_like_m_n = -11.217448726296425
Posterior = -4.655218872227316 for parameter set #490: [0.3048388912829509, 0.812894700595012, -0.9995]
Running module mass_function_like
Model N: 3034533.7329352954
Done mass_function_like status = 0 

Pipeline ran okay.
Likelihood mass_function_like_m_n = -8.648452781140804
Posterior = -2.387307481100976 for parameter set #490: [0.30914504126038117, 0.8089929267655049, -0.9995]
Running module mass_function_like
Model N: 3029730.5889205066
Done mass_function_like status = 0 

Pipeline ran okay.
Likelihood mass_function_like_m_n = -10.437630459666252
Posterior = -6.099216157378773 for parameter set #491: [0.3216374208075857, 0.796181473793135, -0.9995]
Running module mass_function_like
Model N: 3030723.581420822
Done mass_function_like status = 0 

Pipeline ran okay.
Likelihood mass_function_like_m_n = -9.443420611321926
Posterior = -2.8075767060769916 for parameter set #491: [0.30294822974224417, 0.8150391820598464, -0.9995]
Running module mass_function_like
Model N: 3019480.911424426
Done mass_function_like status = 0 

Pipeline ran okay.
Likelihood mass_function_like_m_n = -39.77807319909334
Posterior = -34.3380071579472 for parameter set #491: [0.3157431772978904, 0.8009084804852145, -0.9995]
Running module mass_function_like
Model N: 3031978.2323893704
Done mass_function_like status = 0 

Pipeline ran okay.
Likelihood mass_function_like_m_n = -8.652831010520458
Posterior = -2.489232327854454 for parameter set #491: [0.31015584083810094, 0.8077102373749021, -0.9995]
Running module mass_function_like
Model N: 2999964.6454676283
Done mass_function_like status = 0 

Pipeline ran okay.
Likelihood mass_function_like_m_n = -192.47838958352804
Posterior = -193.39568636479382 for parameter set #492: [0.33897845810079197, 0.7775100303165725, -0.9995]
Model N: 3029706.8444626913
Done mass_function_like status = 0 

Pipeline ran okay.
Likelihood mass_function_like_m_n = -10.465391986072063
Posterior = -3.7870641681810984 for parameter set #492: [0.3004419005361467, 0.8175932093254076, -0.9995]
Model N: 3023142.2572456934
Done mass_function_like status = 0 

Pipeline ran okay.
Likelihood mass_function_like_m_n = -25.296845093369484
Posterior = -20.689557814786596 for parameter set #492: [0.2796430998443903, 0.8404683487689256, -0.9995]
Model N: 3032232.0689140162
Done mass_function_like status = 0 

Pipeline ran okay.
Likelihood mass_function_like_m_n = -8.55606747418642
Posterior = -2.469181438911251 for parameter set #492: [0.31088501872331903, 0.8069973290836551, -0.9995]
Running module mass_function_like
Running module mass_function_like
Running module mass_function_like
Running module mass_function_like
Model N: 3030269.772667664
Done mass_function_like status = 0 

Pipeline ran okay.
Likelihood mass_function_like_m_n = -9.857371404767036
Posterior = -3.1900187193508636 for parameter set #493: [0.30154606034125625, 0.8164756120351275, -0.9995]
Running module mass_function_like
Model N: 3035368.7776491814
Done mass_function_like status = 0 

Pipeline ran okay.
Likelihood mass_function_like_m_n = -9.113508932292461
Posterior = -2.6852624930968503 for parameter set #493: [0.3070860109951169, 0.8111905209172398, -0.9995]
Running module mass_function_like
Model N: 3021900.8233028264
Done mass_function_like status = 0 

Pipeline ran okay.
Likelihood mass_function_like_m_n = -29.70785840600729
Posterior = -24.769240425101337 for parameter set #493: [0.2813415637450281, 0.8383048823437115, -0.9995]
Running module mass_function_like
Model N: 3033501.5346698533
Done mass_function_like status = 0 

Pipeline ran okay.
Likelihood mass_function_like_m_n = -8.391049563884735
Posterior = -3.128344095784902 for parameter set #493: [0.28316789537692705, 0.8373984959303648, -0.9995]
Running module mass_function_like
Model N: 3033966.246857565
Done mass_function_like status = 0 

Pipeline ran okay.
Likelihood mass_function_like_m_n = -8.463486820459366
Posterior = -1.9458850757153883 for parameter set #494: [0.3056868700278136, 0.8125000353673691, -0.9995]
Running module mass_function_like
Model N: 3032043.0892338217
Done mass_function_like status = 0 

Pipeline ran okay.
Likelihood mass_function_like_m_n = -8.626085378229618
Posterior = -2.514882414239535 for parameter set #494: [0.31065927984734537, 0.8072067049082898, -0.9995]
Running module mass_function_like
Model N: 3009756.313696011
Done mass_function_like status = 0 

Pipeline ran okay.
Likelihood mass_function_like_m_n = -99.92342509329319
Posterior = -98.79040530184191 for parameter set #494: [0.2666944917262657, 0.8551480687586611, -0.9995]
Running module mass_function_like
Model N: 3035506.4057574878
Done mass_function_like status = 0 

Pipeline ran okay.
Likelihood mass_function_like_m_n = -9.212196558713913
Posterior = -2.949889943512579 for parameter set #494: [0.2908676664197056, 0.8287062656912516, -0.9995]
Running module mass_function_like
Model N: 3037509.9586910806
Done mass_function_like status = 0 

Pipeline ran okay.
Likelihood mass_function_like_m_n = -11.354684114456177
Posterior = -4.787109719338808 for parameter set #495: [0.3047271514296208, 0.8138579224893188, -0.9995]
Running module mass_function_like
Model N: 3029076.749828548
Done mass_function_like status = 0 

Pipeline ran okay.
Likelihood mass_function_like_m_n = -11.270164355635643
Posterior = -4.591902817922286 for parameter set #495: [0.30045665317185866, 0.8175131448848912, -0.9995]
Running module mass_function_like
Model N: 3028880.757000165
Done mass_function_like status = 0 

Pipeline ran okay.
Likelihood mass_function_like_m_n = -11.547251090407372
Posterior = -4.930815098621151 for parameter set #495: [0.30354593306547034, 0.814224016369853, -0.9995]
Running module mass_function_like
Model N: 3033308.9679549485
Done mass_function_like status = 0 

Pipeline ran okay.
Likelihood mass_function_like_m_n = -8.381892256438732
Posterior = -2.3350180662224638 for parameter set #495: [0.3112465995580347, 0.8067390301813666, -0.9995]
Running module mass_function_like
Model N: 3031666.239236503
Done mass_function_like status = 0 

Pipeline ran okay.
Likelihood mass_function_like_m_n = -8.80088897049427
Posterior = -2.7425878906805163 for parameter set #496: [0.31114453335493636, 0.8066793631935323, -0.9995]
Model N: 3024753.413954946
Done mass_function_like status = 0 

Pipeline ran okay.
Likelihood mass_function_like_m_n = -20.334761165082455
Posterior = -13.789977857076744 for parameter set #496: [0.2948130762430032, 0.8231942034274333, -0.9995]
Model N: 3034310.4658330856
Done mass_function_like status = 0 

Pipeline ran okay.
Likelihood mass_function_like_m_n = -8.56302135437727
Posterior = -1.883725591346165 for parameter set #496: [0.3000410737850588, 0.8184921924417408, -0.9995]
Model N: 3035290.0002639624
Done mass_function_like status = 0 

Pipeline ran okay.
Likelihood mass_function_like_m_n = -9.059827029705048
Posterior = -2.6543927275346206 for parameter set #496: [0.29259905551784404, 0.8267413165041056, -0.9995]
Running module mass_function_like
Running module mass_function_like
Running module mass_function_like
Running module mass_function_like
Model N: 3034538.926310198
Done mass_function_like status = 0 

Pipeline ran okay.
Likelihood mass_function_like_m_n = -8.650635406374931
Posterior = -2.001870367035254 for parameter set #497: [0.302471402798838, 0.8159293749040477, -0.9995]
Running module mass_function_like
Model N: 3039789.808305277
Done mass_function_like status = 0 

Pipeline ran okay.
Likelihood mass_function_like_m_n = -15.397769048810005
Posterior = -8.883981729529598 for parameter set #497: [0.2942464466800108, 0.8253817171169641, -0.9995]
Running module mass_function_like
Model N: 3032407.9789580954
Done mass_function_like status = 0 

Pipeline ran okay.
Likelihood mass_function_like_m_n = -8.501479797065258
Posterior = -2.152000760477879 for parameter set #497: [0.2918781139909154, 0.8272452591608935, -0.9995]
Running module mass_function_like
Model N: 3026852.3243685593
Done mass_function_like status = 0 

Pipeline ran okay.
Likelihood mass_function_like_m_n = -15.161190897226334
Posterior = -10.6112860767037 for parameter set #497: [0.2793631427887502, 0.8412098845545465, -0.9995]
Running module mass_function_like
Model N: 3033414.263988648
Done mass_function_like status = 0 

Pipeline ran okay.
Likelihood mass_function_like_m_n = -8.385384894907475
Posterior = -2.304964137610673 for parameter set #498: [0.3109442536612909, 0.8070546266174252, -0.9995]
Running module mass_function_like
Model N: 3030017.8246782045
Done mass_function_like status = 0 

Pipeline ran okay.
Likelihood mass_function_like_m_n = -10.116558134555817
Posterior = -3.4668806714292213 for parameter set #498: [0.3024342035733933, 0.815509767654795, -0.9995]
Running module mass_function_like
Model N: 3034512.7615612
Done mass_function_like status = 0 

Pipeline ran okay.
Likelihood mass_function_like_m_n = -8.639729477465153
Posterior = -2.3976750736004924 for parameter set #498: [0.3093514682745068, 0.8087802305926381, -0.9995]
Running module mass_function_like
Model N: 2995781.712533323
Done mass_function_like status = 0 

Pipeline ran okay.
Likelihood mass_function_like_m_n = -241.8557086288929
Posterior = -237.43579774630558 for parameter set #498: [0.27874256216886484, 0.8385671516635337, -0.9995]
Running module mass_function_like
Model N: 3034350.029738408
Done mass_function_like status = 0 

Pipeline ran okay.
Likelihood mass_function_like_m_n = -8.576963029801846
Posterior = -2.147031612787872 for parameter set #499: [0.307062192029338, 0.8111135972632779, -0.9995]
Running module mass_function_like
Model N: 3031912.6017781547
Done mass_function_like status = 0 

Pipeline ran okay.
Likelihood mass_function_like_m_n = -8.68130861222744
Posterior = -2.49730580690993 for parameter set #499: [0.3099529030236679, 0.8079094932992609, -0.9995]
Running module mass_function_like
Model N: 3030821.2454621308
Done mass_function_like status = 0 

Pipeline ran okay.
Likelihood mass_function_like_m_n = -9.363228023052216
Posterior = -2.734477782465861 for parameter set #499: [0.3031797470881768, 0.8148051153678781, -0.9995]
Running module mass_function_like
Model N: 3034547.0816930635
Done mass_function_like status = 0 

Pipeline ran okay.
Likelihood mass_function_like_m_n = -8.65408080816269
Posterior = -3.173093246999831 for parameter set #499: [0.31548106351093064, 0.8026395201431951, -0.9995]
Running module mass_function_like
Model N: 3028693.6049103816
Done mass_function_like status = 0 

Pipeline ran okay.
Likelihood mass_function_like_m_n = -11.823693349957466
Posterior = -5.1815601738068136 for parameter set #500: [0.2972734262467504, 0.8209193669381977, -0.9995]
Model N: 3032044.555951085
Done mass_function_like status = 0 

Pipeline ran okay.
Likelihood mass_function_like_m_n = -8.625496581196785
Posterior = -2.5290979053682836 for parameter set #500: [0.3107972730120313, 0.8070674052586381, -0.9995]
Model N: 3033939.061356057
Done mass_function_like status = 0 

Pipeline ran okay.
Likelihood mass_function_like_m_n = -8.457289300858974
Posterior = -2.0962463806065124 for parameter set #500: [0.29202176362774657, 0.827245195345798, -0.9995]
Model N: 3031007.7353381626
Done mass_function_like status = 0 

Pipeline ran okay.
Likelihood mass_function_like_m_n = -9.218849018216133
Posterior = -2.616616369460342 for parameter set #500: [0.30392610620219085, 0.8140402438845812, -0.9995]
Running module mass_function_like
Running module mass_function_like
Running module mass_function_like
Running module mass_function_like
Model N: 2999137.9406771413
Done mass_function_like status = 0 

Pipeline ran okay.
Likelihood mass_function_like_m_n = -201.76910988241434
Posterior = -209.71936658735555 for parameter set #501: [0.35409170158767683, 0.7646161430372999, -0.9995]
Running module mass_function_like
Model N: 3035156.2167212917
Done mass_function_like status = 0 

Pipeline ran okay.
Likelihood mass_function_like_m_n = -8.973343186080456
Posterior = -2.9844238779672496 for parameter set #501: [0.31175061607063215, 0.8064142921763103, -0.9995]
Running module mass_function_like
Model N: 3033448.0447593024
Done mass_function_like status = 0 

Pipeline ran okay.
Likelihood mass_function_like_m_n = -8.387279763817787
Posterior = -1.8233691157953924 for parameter set #501: [0.30480403060539385, 0.8133679907944816, -0.9995]
Running module mass_function_like
Model N: 3032226.864513041
Done mass_function_like status = 0 

Pipeline ran okay.
Likelihood mass_function_like_m_n = -8.557837955653667
Posterior = -1.9567995793749198 for parameter set #501: [0.30395640801817636, 0.8141316561403172, -0.9995]
Running module mass_function_like
Model N: 3033020.689079794
Done mass_function_like status = 0 

Pipeline ran okay.
Likelihood mass_function_like_m_n = -8.391032829880714
Posterior = -3.109042746682464 for parameter set #502: [0.283282858407539, 0.8372110238216547, -0.9995]
Running module mass_function_like
Model N: 3030356.9714593054
Done mass_function_like status = 0 

Pipeline ran okay.
Likelihood mass_function_like_m_n = -9.77255192399025
Posterior = -3.2631033208168922 for parameter set #502: [0.29417152515426476, 0.8244825966380454, -0.9995]
Running module mass_function_like
Model N: 3037690.497709687
Done mass_function_like status = 0 

Pipeline ran okay.
Likelihood mass_function_like_m_n = -11.612585008144379
Posterior = -4.958078229743789 for parameter set #502: [0.3022269898926403, 0.8165081502126734, -0.9995]
Running module mass_function_like
Model N: 3032711.672235372
Done mass_function_like status = 0 

Pipeline ran okay.
Likelihood mass_function_like_m_n = -8.431260995566845
Posterior = -1.8781031597224853 for parameter set #502: [0.2949771250768939, 0.8238405111733372, -0.9995]
Running module mass_function_like
Model N: 3033873.1841401644
Done mass_function_like status = 0 

Pipeline ran okay.
Likelihood mass_function_like_m_n = -8.443281322717667
Posterior = -1.832133270825011 for parameter set #503: [0.3036920494692662, 0.8145754853560617, -0.9995]
Running module mass_function_like
Model N: 3024130.802803097
Done mass_function_like status = 0 

Pipeline ran okay.
Likelihood mass_function_like_m_n = -22.150218941271305
Posterior = -16.025721566924403 for parameter set #503: [0.3105338200474785, 0.806549030613994, -0.9995]
Running module mass_function_like
Model N: 3033504.125746021
Done mass_function_like status = 0 

Pipeline ran okay.
Likelihood mass_function_like_m_n = -8.391256116330624
Posterior = -2.303724716749917 for parameter set #503: [0.31087908818540866, 0.807129453123449, -0.9995]
Running module mass_function_like
Model N: 3032002.6939298785
Done mass_function_like status = 0 

Pipeline ran okay.
Likelihood mass_function_like_m_n = -8.642580561339855
Posterior = -2.307341809889447 for parameter set #503: [0.30829536553576503, 0.809609489894604, -0.9995]
Running module mass_function_like
Model N: 3031279.406141096
Done mass_function_like status = 0 

Pipeline ran okay.
Likelihood mass_function_like_m_n = -9.029071047902107
Posterior = -3.010059625684793 for parameter set #504: [0.31149167329933186, 0.8062914556663524, -0.9995]
Model N: 3029612.026244731
Done mass_function_like status = 0 

Pipeline ran okay.
Likelihood mass_function_like_m_n = -10.578108929097652
Posterior = -3.8988228696476686 for parameter set #504: [0.30006023098906154, 0.8179912765585547, -0.9995]
Model N: 3031293.650148646
Done mass_function_like status = 0 

Pipeline ran okay.
Likelihood mass_function_like_m_n = -9.019793011248112
Posterior = -2.615621558637814 for parameter set #504: [0.30741798821379357, 0.8104403585369477, -0.9995]
Model N: 3030715.1154415915
Done mass_function_like status = 0 

Pipeline ran okay.
Likelihood mass_function_like_m_n = -9.450520426034927
Posterior = -3.354665380886349 for parameter set #504: [0.28919769327262346, 0.8300873567268316, -0.9995]
Running module mass_function_like
Running module mass_function_like
Running module mass_function_like
Running module mass_function_like
Model N: 3037449.1612717356
Done mass_function_like status = 0 

Pipeline ran okay.
Likelihood mass_function_like_m_n = -11.270246490836143
Posterior = -6.849664767947646 for parameter set #505: [0.3212542818058936, 0.7973016714644044, -0.9995]
Running module mass_function_like
Model N: 3031140.3733250173
Done mass_function_like status = 0 

Pipeline ran okay.
Likelihood mass_function_like_m_n = -9.123149558901787
Posterior = -2.4541327581035723 for parameter set #505: [0.3014343916837451, 0.8166826436132234, -0.9995]
Running module mass_function_like
Model N: 3033790.201907155
Done mass_function_like status = 0 

Pipeline ran okay.
Likelihood mass_function_like_m_n = -8.427671574056149
Posterior = -3.3434500311924715 for parameter set #505: [0.2821389661248486, 0.8386460742277903, -0.9995]
Running module mass_function_like
Model N: 3016283.925452625
Done mass_function_like status = 0 

Pipeline ran okay.
Likelihood mass_function_like_m_n = -56.0696344897151
Posterior = -52.10678295244929 for parameter set #505: [0.2766914064729577, 0.8432938657206633, -0.9995]
Running module mass_function_like
Model N: 3030987.280384267
Done mass_function_like status = 0 

Pipeline ran okay.
Likelihood mass_function_like_m_n = -9.234124384820461
Posterior = -3.30201006980338 for parameter set #506: [0.31222448267447844, 0.8055265611824748, -0.9995]
Running module mass_function_like
Model N: 3030977.872648393
Done mass_function_like status = 0 

Pipeline ran okay.
Likelihood mass_function_like_m_n = -9.241196289658546
Posterior = -3.8604367310344454 for parameter set #506: [0.2838845127924341, 0.8362501962305875, -0.9995]
Running module mass_function_like
Model N: 3036732.9126574295
Done mass_function_like status = 0 

Pipeline ran okay.
Likelihood mass_function_like_m_n = -10.3669977709651
Posterior = -4.015600862132059 for parameter set #506: [0.30809823795003777, 0.8102844946039246, -0.9995]
Running module mass_function_like
Model N: 3013352.9975381494
Done mass_function_like status = 0 

Pipeline ran okay.
Likelihood mass_function_like_m_n = -73.99922189116478
Posterior = -69.44727366055692 for parameter set #506: [0.27937304691573506, 0.8397259652625113, -0.9995]
Running module mass_function_like
Model N: 3031279.014986868
Done mass_function_like status = 0 

Pipeline ran okay.
Likelihood mass_function_like_m_n = -9.029326774179935
Posterior = -3.376583408169589 for parameter set #507: [0.314328718242047, 0.803458201426316, -0.9995]
Running module mass_function_like
Model N: 3020982.588315734
Done mass_function_like status = 0 

Pipeline ran okay.
Likelihood mass_function_like_m_n = -33.29982274770737
Posterior = -27.551274409728087 for parameter set #507: [0.3136437228081702, 0.8031263810832325, -0.9995]
Running module mass_function_like
Model N: 3034823.5732612214
Done mass_function_like status = 0 

Pipeline ran okay.
Likelihood mass_function_like_m_n = -8.783851750195026
Posterior = -4.095540983787699 for parameter set #507: [0.31995491634611817, 0.7982999808192098, -0.9995]
Running module mass_function_like
Model N: 3030805.872377584
Done mass_function_like status = 0 

Pipeline ran okay.
Likelihood mass_function_like_m_n = -9.375642098486423
Posterior = -2.7070679555248223 for parameter set #507: [0.3014649269844329, 0.8166160955082883, -0.9995]
Running module mass_function_like
Model N: 3031354.739893297
Done mass_function_like status = 0 

Pipeline ran okay.
Likelihood mass_function_like_m_n = -8.980760917067528
Posterior = -2.8725504283270453 for parameter set #508: [0.310687316871598, 0.8071100820544773, -0.9995]
Model N: 3030880.597627808
Done mass_function_like status = 0 

Pipeline ran okay.
Likelihood mass_function_like_m_n = -9.316032253205776
Posterior = -3.3087725504451244 for parameter set #508: [0.31159348520117697, 0.8061495172327228, -0.9995]
Model N: 3031408.54963464
Done mass_function_like status = 0 

Pipeline ran okay.
Likelihood mass_function_like_m_n = -8.94740068167448
Posterior = -2.82664300660738 for parameter set #508: [0.310569262256592, 0.8072349436729309, -0.9995]
Model N: 3030778.147583905
Done mass_function_like status = 0 

Pipeline ran okay.
Likelihood mass_function_like_m_n = -9.39822769165039
Posterior = -2.740359172250832 for parameter set #508: [0.3020705399735644, 0.8159712471724425, -0.9995]
Running module mass_function_like
Running module mass_function_like
Running module mass_function_like
Running module mass_function_like
Model N: 3033677.05837121
Done mass_function_like status = 0 

Pipeline ran okay.
Likelihood mass_function_like_m_n = -8.410044774413109
Posterior = -2.0168273529288143 for parameter set #509: [0.3075642154494158, 0.8105282097958255, -0.9995]
Running module mass_function_like
Model N: 3032578.438447427
Done mass_function_like status = 0 

Pipeline ran okay.
Likelihood mass_function_like_m_n = -8.458321437239647
Posterior = -1.7847224192699134 for parameter set #509: [0.30106819289835374, 0.8172184918909247, -0.9995]
Running module mass_function_like
Model N: 3034761.8053324725
Done mass_function_like status = 0 

Pipeline ran okay.
Likelihood mass_function_like_m_n = -8.752676881849766
Posterior = -2.3900907720583096 for parameter set #509: [0.29204112962137535, 0.8273096571329887, -0.9995]
Running module mass_function_like
Model N: 3032815.6120175817
Done mass_function_like status = 0 

Pipeline ran okay.
Likelihood mass_function_like_m_n = -8.414215385913849
Posterior = -2.058855531947682 for parameter set #509: [0.29195084669863924, 0.827206704449176, -0.9995]
Running module mass_function_like
Model N: 3033338.811984851
Done mass_function_like status = 0 

Pipeline ran okay.
Likelihood mass_function_like_m_n = -8.382511012256145
Posterior = -2.143063499961853 for parameter set #510: [0.3093793036630222, 0.8086348982372055, -0.9995]
Running module mass_function_like
Model N: 3032174.263990207
Done mass_function_like status = 0 

Pipeline ran okay.
Likelihood mass_function_like_m_n = -8.57623366266489
Posterior = -2.316593974738179 for parameter set #510: [0.3091614901668177, 0.8087410635665951, -0.9995]
Running module mass_function_like
Model N: 3034581.239212689
Done mass_function_like status = 0 

Pipeline ran okay.
Likelihood mass_function_like_m_n = -8.668749392032623
Posterior = -2.096514604548611 for parameter set #510: [0.304627513605084, 0.813666761774845, -0.9995]
Running module mass_function_like
Model N: 3039139.181426736
Done mass_function_like status = 0 

Pipeline ran okay.
Likelihood mass_function_like_m_n = -14.069853231310844
Posterior = -7.3906114267128515 for parameter set #510: [0.29988829170826964, 0.8191498221605322, -0.9995]
Running module mass_function_like
Model N: 3026088.528810222
Done mass_function_like status = 0 

Pipeline ran okay.
Likelihood mass_function_like_m_n = -16.874943681061268
Posterior = -10.199594339947756 for parameter set #511: [0.29911063424883927, 0.8186689771568766, -0.9995]
Running module mass_function_like
Model N: 3030583.4241843843
Done mass_function_like status = 0 

Pipeline ran okay.
Likelihood mass_function_like_m_n = -9.564008355140686
Posterior = -2.9683403824965584 for parameter set #511: [0.3040898954917228, 0.8138256299336171, -0.9995]
Running module mass_function_like
Model N: 3031252.872043026
Done mass_function_like status = 0 

Pipeline ran okay.
Likelihood mass_function_like_m_n = -9.04653300344944
Posterior = -2.509854459462833 for parameter set #511: [0.30534089232850825, 0.812587074305114, -0.9995]
Running module mass_function_like
Model N: 3035356.111337603
Done mass_function_like status = 0 

Pipeline ran okay.
Likelihood mass_function_like_m_n = -9.104739785194397
Posterior = -3.069608013962906 for parameter set #511: [0.3113505279796026, 0.8068369936831833, -0.9995]
Running module mass_function_like
Model N: 3031746.7535309484
Done mass_function_like status = 0 

Pipeline ran okay.
Likelihood mass_function_like_m_n = -8.75960536301136
Posterior = -2.507339082081824 for parameter set #512: [0.30924162234005115, 0.8086167961763365, -0.9995]
Model N: 3030685.1576698823
Done mass_function_like status = 0 

Pipeline ran okay.
Likelihood mass_function_like_m_n = -9.475833974778652
Posterior = -3.3656337698047416 for parameter set #512: [0.28933131691972913, 0.829936782983682, -0.9995]
Model N: 3031238.2981146993
Done mass_function_like status = 0 

Pipeline ran okay.
Likelihood mass_function_like_m_n = -9.056222923099995
Posterior = -2.4517486101712365 for parameter set #512: [0.30386858851214343, 0.8141237862945077, -0.9995]
Model N: 3028473.106549865
Done mass_function_like status = 0 

Pipeline ran okay.
Likelihood mass_function_like_m_n = -12.16425297409296
Posterior = -7.684105010335093 for parameter set #512: [0.2790278459162997, 0.8417914841533823, -0.9995]
Running module mass_function_like
Running module mass_function_like
Running module mass_function_like
Running module mass_function_like
Model N: 3031028.601898173
Done mass_function_like status = 0 

Pipeline ran okay.
Likelihood mass_function_like_m_n = -9.203408598899841
Posterior = -3.252472727873946 for parameter set #513: [0.3120695345998452, 0.8056861819012018, -0.9995]
Running module mass_function_like
Model N: 3016285.8699570023
Done mass_function_like status = 0 

Pipeline ran okay.
Likelihood mass_function_like_m_n = -56.05869051814079
Posterior = -50.77520997180012 for parameter set #513: [0.3167082234361977, 0.7996528106248684, -0.9995]
Running module mass_function_like
Model N: 3036080.689794479
Done mass_function_like status = 0 

Pipeline ran okay.
Likelihood mass_function_like_m_n = -9.691279388964176
Posterior = -3.70402108055392 for parameter set #513: [0.28823525699473257, 0.8317528513756692, -0.9995]
Running module mass_function_like
Model N: 3031850.0189206894
Done mass_function_like status = 0 

Pipeline ran okay.
Likelihood mass_function_like_m_n = -8.709787607192993
Posterior = -2.359354590973423 for parameter set #513: [0.29188986828601865, 0.8271736077851509, -0.9995]
Running module mass_function_like
Model N: 3021452.938735115
Done mass_function_like status = 0 

Pipeline ran okay.
Likelihood mass_function_like_m_n = -31.424901887774467
Posterior = -28.320391530761878 for parameter set #514: [0.32673871291329337, 0.7905721254304927, -0.9995]
Running module mass_function_like
Model N: 3032132.4378237645
Done mass_function_like status = 0 

Pipeline ran okay.
Likelihood mass_function_like_m_n = -8.591512814164162
Posterior = -2.1922751511556093 for parameter set #514: [0.30748420383610237, 0.8104558848065209, -0.9995]
Running module mass_function_like
Model N: 3038442.595139304
Done mass_function_like status = 0 

Pipeline ran okay.
Likelihood mass_function_like_m_n = -12.802232250571251
Posterior = -6.125802607762999 for parameter set #514: [0.299241771076528, 0.8197942728151925, -0.9995]
Running module mass_function_like
Model N: 3030881.4476118386
Done mass_function_like status = 0 

Pipeline ran okay.
Likelihood mass_function_like_m_n = -9.315364800393581
Posterior = -2.8100435188815336 for parameter set #514: [0.30589886288700036, 0.8119696074461547, -0.9995]
Running module mass_function_like
Model N: 3032847.660857736
Done mass_function_like status = 0 

Pipeline ran okay.
Likelihood mass_function_like_m_n = -8.409678176045418
Posterior = -1.9360461665378548 for parameter set #515: [0.2935863865285997, 0.8253886840132033, -0.9995]
Running module mass_function_like
Model N: 3025716.489167697
Done mass_function_like status = 0 

Pipeline ran okay.
Likelihood mass_function_like_m_n = -17.779682606458664
Posterior = -11.967962640460243 for parameter set #515: [0.31317257933976317, 0.8040599847946952, -0.9995]
Running module mass_function_like
Model N: 3022417.1610578136
Done mass_function_like status = 0 

Pipeline ran okay.
Likelihood mass_function_like_m_n = -27.811072163283825
Posterior = -22.828526661332514 for parameter set #515: [0.3184215020905402, 0.7985825605795467, -0.9995]
Running module mass_function_like
Model N: 3023730.3865027586
Done mass_function_like status = 0 

Pipeline ran okay.
Likelihood mass_function_like_m_n = -23.38571295887232
Posterior = -17.24728556873786 for parameter set #515: [0.31040073851393, 0.8066438118629988, -0.9995]
Running module mass_function_like
Model N: 3030138.263319942
Done mass_function_like status = 0 

Pipeline ran okay.
Likelihood mass_function_like_m_n = -9.990042924880981
Posterior = -4.651598063888333 for parameter set #516: [0.3163759539405651, 0.8013284894636862, -0.9995]
Model N: 3036111.0567449965
Done mass_function_like status = 0 

Pipeline ran okay.
Likelihood mass_function_like_m_n = -9.719633713364601
Posterior = -5.159796409356005 for parameter set #516: [0.3205886711290535, 0.7978130636676901, -0.9995]
Model N: 3017672.726332725
Done mass_function_like status = 0 

Pipeline ran okay.
Likelihood mass_function_like_m_n = -48.57423210144043
Posterior = -45.46739423028431 for parameter set #516: [0.3267300068355924, 0.7902213982210331, -0.9995]
Model N: 3031493.685104016
Done mass_function_like status = 0 

Pipeline ran okay.
Likelihood mass_function_like_m_n = -8.896571815013885
Posterior = -2.360700531409533 for parameter set #516: [0.30535598571144185, 0.8125955137942417, -0.9995]
Running module mass_function_like
Running module mass_function_like
Running module mass_function_like
Running module mass_function_like
Model N: 3036013.4795782203
Done mass_function_like status = 0 

Pipeline ran okay.
Likelihood mass_function_like_m_n = -9.629602700471878
Posterior = -5.755266261600408 for parameter set #517: [0.3236853024445065, 0.7948338253742414, -0.9995]
Running module mass_function_like
Model N: 3033058.208383414
Done mass_function_like status = 0 

Pipeline ran okay.
Likelihood mass_function_like_m_n = -8.388292200863361
Posterior = -1.8003444196633591 for parameter set #517: [0.29572550781705714, 0.8230562419682763, -0.9995]
Running module mass_function_like
Model N: 3033593.015211772
Done mass_function_like status = 0 

Pipeline ran okay.
Likelihood mass_function_like_m_n = -8.39968255162239
Posterior = -2.0204358393645414 for parameter set #517: [0.30774670879861055, 0.8103320776555974, -0.9995]
Running module mass_function_like
Model N: 3029912.9494159673
Done mass_function_like status = 0 

Pipeline ran okay.
Likelihood mass_function_like_m_n = -10.230628184974194
Posterior = -3.6085808840195153 for parameter set #517: [0.29661601130747983, 0.8217591675127269, -0.9995]
Running module mass_function_like
Model N: 3031955.5739993034
Done mass_function_like status = 0 

Pipeline ran okay.
Likelihood mass_function_like_m_n = -8.662502013146877
Posterior = -2.1240508006238645 for parameter set #518: [0.30530759805914476, 0.812692404999204, -0.9995]
Running module mass_function_like
Model N: 3032931.615317566
Done mass_function_like status = 0 

Pipeline ran okay.
Likelihood mass_function_like_m_n = -8.399398371577263
Posterior = -2.5051034373599137 for parameter set #518: [0.28746996197856645, 0.8322956476328778, -0.9995]
Running module mass_function_like
Model N: 3022961.3843110637
Done mass_function_like status = 0 

Pipeline ran okay.
Likelihood mass_function_like_m_n = -25.907672978937626
Posterior = -20.583755386185402 for parameter set #518: [0.28353557407282004, 0.8358310837338077, -0.9995]
Running module mass_function_like
Model N: 3031631.803030016
Done mass_function_like status = 0 

Pipeline ran okay.
Likelihood mass_function_like_m_n = -8.819199286401272
Posterior = -3.481677972341595 for parameter set #518: [0.28361840737748295, 0.836633449489478, -0.9995]
Running module mass_function_like
Model N: 3035082.253222367
Done mass_function_like status = 0 

Pipeline ran okay.
Likelihood mass_function_like_m_n = -8.928059451282024
Posterior = -2.328256453759341 for parameter set #519: [0.30398751052130313, 0.8143877251683593, -0.9995]
Running module mass_function_like
Model N: 3031499.287744284
Done mass_function_like status = 0 

Pipeline ran okay.
Likelihood mass_function_like_m_n = -8.893310733139515
Posterior = -3.3705302143308877 for parameter set #519: [0.31520870592457867, 0.802609653094069, -0.9995]
Running module mass_function_like
Model N: 3027189.68475142
Done mass_function_like status = 0 

Pipeline ran okay.
Likelihood mass_function_like_m_n = -14.465745337307453
Posterior = -7.7875937083039695 for parameter set #519: [0.2995198814090838, 0.8183426016755675, -0.9995]
Running module mass_function_like
Model N: 3033895.995080352
Done mass_function_like status = 0 

Pipeline ran okay.
Likelihood mass_function_like_m_n = -8.447969920933247
Posterior = -1.834315250474564 for parameter set #519: [0.30362352115632063, 0.8146499309741353, -0.9995]
Running module mass_function_like
Model N: 3031670.539687609
Done mass_function_like status = 0 

Pipeline ran okay.
Likelihood mass_function_like_m_n = -8.798629842698574
Posterior = -2.129747122534326 for parameter set #520: [0.29855629101644743, 0.8198381712132814, -0.9995]
Model N: 3027496.253540878
Done mass_function_like status = 0 

Pipeline ran okay.
Likelihood mass_function_like_m_n = -13.86644610017538
Posterior = -8.19859525350394 for parameter set #520: [0.3142228924740276, 0.803191883989212, -0.9995]
Model N: 3030788.220735328
Done mass_function_like status = 0 

Pipeline ran okay.
Likelihood mass_function_like_m_n = -9.389992386102676
Posterior = -2.7214407867166237 for parameter set #520: [0.3014664650643058, 0.8166127434436786, -0.9995]
Model N: 3030837.5040148725
Done mass_function_like status = 0 

Pipeline ran okay.
Likelihood mass_function_like_m_n = -9.350183844566345
Posterior = -3.68122327114646 for parameter set #520: [0.28578491206576395, 0.8340172466035882, -0.9995]
Running module mass_function_like
Running module mass_function_like
Running module mass_function_like
Running module mass_function_like
Model N: 3029247.4216081523
Done mass_function_like status = 0 

Pipeline ran okay.
Likelihood mass_function_like_m_n = -11.039219595491886
Posterior = -9.411670400081533 for parameter set #521: [0.331786018948273, 0.7866570201106211, -0.9995]
Running module mass_function_like
Model N: 3033815.152766609
Done mass_function_like status = 0 

Pipeline ran okay.
Likelihood mass_function_like_m_n = -8.432126477360725
Posterior = -1.9655142464897413 for parameter set #521: [0.3065221463865696, 0.8116181492344469, -0.9995]
Running module mass_function_like
Model N: 3031720.2574436297
Done mass_function_like status = 0 

Pipeline ran okay.
Likelihood mass_function_like_m_n = -8.772955030202866
Posterior = -2.0936724167390626 for parameter set #521: [0.3000657036473821, 0.8182009725521046, -0.9995]
Running module mass_function_like
Model N: 3032950.9689603755
Done mass_function_like status = 0 

Pipeline ran okay.
Likelihood mass_function_like_m_n = -8.397358268499374
Posterior = -1.7188158901887096 for parameter set #521: [0.30039033831467976, 0.8179796081684104, -0.9995]
Running module mass_function_like
Model N: 3039151.9280056274
Done mass_function_like status = 0 

Pipeline ran okay.
Likelihood mass_function_like_m_n = -14.0945338383317
Posterior = -7.438587038015822 for parameter set #522: [0.2978386394102639, 0.8213839719136301, -0.9995]
Running module mass_function_like
Model N: 3024599.56809399
Done mass_function_like status = 0 

Pipeline ran okay.
Likelihood mass_function_like_m_n = -20.771400026977062
Posterior = -17.405373135758907 for parameter set #522: [0.3257420951248807, 0.7918032882313482, -0.9995]
Running module mass_function_like
Model N: 3032966.258411617
Done mass_function_like status = 0 

Pipeline ran okay.
Likelihood mass_function_like_m_n = -8.395833909511566
Posterior = -1.7998099571870139 for parameter set #522: [0.3040811823283369, 0.8140755160791627, -0.9995]
Running module mass_function_like
Model N: 3029497.007980759
Done mass_function_like status = 0 

Pipeline ran okay.
Likelihood mass_function_like_m_n = -10.718827061355114
Posterior = -4.055034115494923 for parameter set #522: [0.30176132066643235, 0.816168560081945, -0.9995]
Running module mass_function_like
Model N: 3030767.550704933
Done mass_function_like status = 0 

Pipeline ran okay.
Likelihood mass_function_like_m_n = -9.406927332282066
Posterior = -2.787229683721785 for parameter set #523: [0.30345272500352743, 0.8145127192313467, -0.9995]
Running module mass_function_like
Model N: 3022465.323703429
Done mass_function_like status = 0 

Pipeline ran okay.
Likelihood mass_function_like_m_n = -27.6386591643095
Posterior = -21.58032703794356 for parameter set #523: [0.31114425477045693, 0.8057689028218431, -0.9995]
Running module mass_function_like
Model N: 3017769.9230612316
Done mass_function_like status = 0 

Pipeline ran okay.
Likelihood mass_function_like_m_n = -48.07372014224529
Posterior = -42.20176907837751 for parameter set #523: [0.3127071093049711, 0.803741171744798, -0.9995]
Running module mass_function_like
Model N: 3027417.333296205
Done mass_function_like status = 0 

Pipeline ran okay.
Likelihood mass_function_like_m_n = -14.01775112003088
Posterior = -7.5597851566450665 for parameter set #523: [0.30665339364421473, 0.8108408142219982, -0.9995]
Running module mass_function_like
Model N: 3033856.754729246
Done mass_function_like status = 0 

Pipeline ran okay.
Likelihood mass_function_like_m_n = -8.440010629594326
Posterior = -1.7621719673870402 for parameter set #524: [0.2994586062241003, 0.8190910416395006, -0.9995]
Model N: 3032191.508938827
Done mass_function_like status = 0 

Pipeline ran okay.
Likelihood mass_function_like_m_n = -8.570102103054523
Posterior = -1.9009928168396346 for parameter set #524: [0.3014279294166947, 0.8167964784944374, -0.9995]
Model N: 3031693.7300643134
Done mass_function_like status = 0 

Pipeline ran okay.
Likelihood mass_function_like_m_n = -8.786552548408508
Posterior = -2.5697212782061563 for parameter set #524: [0.30961741054658526, 0.8082287200972205, -0.9995]
Model N: 3032823.63241077
Done mass_function_like status = 0 

Pipeline ran okay.
Likelihood mass_function_like_m_n = -8.413048148155212
Posterior = -1.9422110942984219 for parameter set #524: [0.29354295509612316, 0.8254342892628055, -0.9995]
Running module mass_function_like
Running module mass_function_like
Running module mass_function_like
Running module mass_function_like
Model N: 3033748.8362171226
Done mass_function_like status = 0 

Pipeline ran okay.
Likelihood mass_function_like_m_n = -8.420737870037556
Posterior = -1.7995287018370565 for parameter set #525: [0.2965913336886782, 0.8221822835300125, -0.9995]
Running module mass_function_like
Model N: 3032011.6987521006
Done mass_function_like status = 0 

Pipeline ran okay.
Likelihood mass_function_like_m_n = -8.63885685801506
Posterior = -2.24807046615015 for parameter set #525: [0.29240371398056536, 0.8266163842307657, -0.9995]
Running module mass_function_like
Model N: 3033817.174461242
Done mass_function_like status = 0 

Pipeline ran okay.
Likelihood mass_function_like_m_n = -8.432496428489685
Posterior = -2.0891130101309354 for parameter set #525: [0.29180340582984066, 0.8274768759518377, -0.9995]
Running module mass_function_like
Model N: 3034956.1184999077
Done mass_function_like status = 0 

Pipeline ran okay.
Likelihood mass_function_like_m_n = -8.854989647865295
Posterior = -3.1535059022402745 for parameter set #525: [0.28601557686076984, 0.8341895801225294, -0.9995]
Running module mass_function_like
Model N: 3033116.665263331
Done mass_function_like status = 0 

Pipeline ran okay.
Likelihood mass_function_like_m_n = -8.38494710624218
Posterior = -2.2280138919835597 for parameter set #526: [0.31022126199695105, 0.8077568530425212, -0.9995]
Running module mass_function_like
Model N: 3032123.323044767
Done mass_function_like status = 0 

Pipeline ran okay.
Likelihood mass_function_like_m_n = -8.594919048249722
Posterior = -1.9964074648155794 for parameter set #526: [0.3040197665324259, 0.8140547263009004, -0.9995]
Running module mass_function_like
Model N: 3022543.463175508
Done mass_function_like status = 0 

Pipeline ran okay.
Likelihood mass_function_like_m_n = -27.36057335138321
Posterior = -22.073209586410066 for parameter set #526: [0.2833150341124888, 0.8360449017919594, -0.9995]
Running module mass_function_like
Model N: 3011385.472288072
Done mass_function_like status = 0 

Pipeline ran okay.
Likelihood mass_function_like_m_n = -87.64472291618586
Posterior = -85.74330201374889 for parameter set #526: [0.2690875970009666, 0.8522461852848241, -0.9995]
Running module mass_function_like
Model N: 3034975.8755803388
Done mass_function_like status = 0 

Pipeline ran okay.
Likelihood mass_function_like_m_n = -8.866088882088661
Posterior = -2.488454871855252 for parameter set #527: [0.30776749880047355, 0.8104488850047785, -0.9995]
Running module mass_function_like
Model N: 3034950.3915370563
Done mass_function_like status = 0 

Pipeline ran okay.
Likelihood mass_function_like_m_n = -8.851796358823776
Posterior = -2.264443545465534 for parameter set #527: [0.3042883886239929, 0.8140589581199363, -0.9995]
Running module mass_function_like
Model N: 3030188.1372086634
Done mass_function_like status = 0 

Pipeline ran okay.
Likelihood mass_function_like_m_n = -9.939055792987347
Posterior = -3.3321695480927307 for parameter set #527: [0.3038057312941295, 0.814083533829515, -0.9995]
Running module mass_function_like
Model N: 3033659.552419242
Done mass_function_like status = 0 

Pipeline ran okay.
Likelihood mass_function_like_m_n = -8.407694399356842
Posterior = -1.762317266416213 for parameter set #527: [0.3026048825451283, 0.8156989708580578, -0.9995]
Running module mass_function_like
Model N: 3034964.2863803217
Done mass_function_like status = 0 

Pipeline ran okay.
Likelihood mass_function_like_m_n = -8.859562657773495
Posterior = -3.1171979516549886 for parameter set #528: [0.313688969955345, 0.8044560208037838, -0.9995]
Model N: 3030011.0152057423
Done mass_function_like status = 0 

Pipeline ran okay.
Likelihood mass_function_like_m_n = -10.12385430186987
Posterior = -4.050027331989769 for parameter set #528: [0.3110043375850625, 0.8066568161087413, -0.9995]
Model N: 3031446.406338015
Done mass_function_like status = 0 

Pipeline ran okay.
Likelihood mass_function_like_m_n = -8.92450350522995
Posterior = -2.716716016243325 for parameter set #528: [0.30971099077667746, 0.8081090862801206, -0.9995]
Model N: 3030446.921149765
Done mass_function_like status = 0 

Pipeline ran okay.
Likelihood mass_function_like_m_n = -9.687688268721104
Posterior = -3.653426178589376 for parameter set #528: [0.2886418125726111, 0.830691475815935, -0.9995]
Running module mass_function_like
Running module mass_function_like
Running module mass_function_like
Running module mass_function_like
Model N: 3027566.255274991
Done mass_function_like status = 0 

Pipeline ran okay.
Likelihood mass_function_like_m_n = -13.733964510262012
Posterior = -7.062116514189718 for parameter set #529: [0.29877883643700726, 0.819177159708154, -0.9995]
Running module mass_function_like
Model N: 3033086.1413955754
Done mass_function_like status = 0 

Pipeline ran okay.
Likelihood mass_function_like_m_n = -8.386553220450878
Posterior = -2.0328160915962634 for parameter set #529: [0.30806928831379304, 0.809949802834468, -0.9995]
Running module mass_function_like
Model N: 3033856.2493889634
Done mass_function_like status = 0 

Pipeline ran okay.
Likelihood mass_function_like_m_n = -8.439911432564259
Posterior = -1.8470771473174334 for parameter set #529: [0.2958413965550109, 0.8230119067141599, -0.9995]
Running module mass_function_like
Model N: 3032073.6807710063
Done mass_function_like status = 0 

Pipeline ran okay.
Likelihood mass_function_like_m_n = -8.61395175755024
Posterior = -3.4346797365067463 for parameter set #529: [0.28267930614977155, 0.8378207563597623, -0.9995]
Running module mass_function_like
Model N: 3026979.126684487
Done mass_function_like status = 0 

Pipeline ran okay.
Likelihood mass_function_like_m_n = -14.895377241075039
Posterior = -10.854326493351454 for parameter set #530: [0.3229706484479068, 0.7946465265116844, -0.9995]
Running module mass_function_like
Model N: 3034260.195304074
Done mass_function_like status = 0 

Pipeline ran okay.
Likelihood mass_function_like_m_n = -8.546050757169724
Posterior = -2.285830728382722 for parameter set #530: [0.3091551534069419, 0.8089553165455464, -0.9995]
Running module mass_function_like
Model N: 3029977.6641216185
Done mass_function_like status = 0 

Pipeline ran okay.
Likelihood mass_function_like_m_n = -10.159810364246368
Posterior = -3.4904009628643546 for parameter set #530: [0.30140675491313773, 0.8165935521941917, -0.9995]
Running module mass_function_like
Model N: 3034286.7921998487
Done mass_function_like status = 0 

Pipeline ran okay.
Likelihood mass_function_like_m_n = -8.55492576956749
Posterior = -1.9029121082882074 for parameter set #530: [0.3023362592763183, 0.8160468409746404, -0.9995]
Running module mass_function_like
Model N: 3028462.3881628937
Done mass_function_like status = 0 

Pipeline ran okay.
Likelihood mass_function_like_m_n = -12.181217305362225
Posterior = -5.516384532495637 for parameter set #531: [0.29829874014662, 0.8197864209973235, -0.9995]
Running module mass_function_like
Model N: 3028205.6947989822
Done mass_function_like status = 0 

Pipeline ran okay.
Likelihood mass_function_like_m_n = -12.598845608532429
Posterior = -6.323307566817618 for parameter set #531: [0.30898628017141005, 0.8085247009802177, -0.9995]
Running module mass_function_like
Model N: 3013805.4203517656
Done mass_function_like status = 0 

Pipeline ran okay.
Likelihood mass_function_like_m_n = -71.04443183541298
Posterior = -67.92899985872728 for parameter set #531: [0.27330216405165203, 0.8472001148493367, -0.9995]
Running module mass_function_like
Model N: 3029515.2016012287
Done mass_function_like status = 0 

Pipeline ran okay.
Likelihood mass_function_like_m_n = -10.696277141571045
Posterior = -4.2316653544583644 for parameter set #531: [0.3065527461601609, 0.8111551781807461, -0.9995]
Running module mass_function_like
Model N: 3032926.33562261
Done mass_function_like status = 0 

Pipeline ran okay.
Likelihood mass_function_like_m_n = -8.39997635781765
Posterior = -1.8546193209491122 for parameter set #532: [0.29482414912421806, 0.824030770224909, -0.9995]
Model N: 3035310.3681139783
Done mass_function_like status = 0 

Pipeline ran okay.
Likelihood mass_function_like_m_n = -9.073510624468327
Posterior = -2.4202398537160814 for parameter set #532: [0.2977181837252769, 0.821118900417408, -0.9995]
Model N: 3033281.014388394
Done mass_function_like status = 0 

Pipeline ran okay.
Likelihood mass_function_like_m_n = -8.381579019129276
Posterior = -1.969532262828146 for parameter set #532: [0.3073110524824962, 0.8107494361691914, -0.9995]
Model N: 3026107.3721631947
Done mass_function_like status = 0 

Pipeline ran okay.
Likelihood mass_function_like_m_n = -16.83033974468708
Posterior = -12.866627926898445 for parameter set #532: [0.32330490240495147, 0.7942457195121438, -0.9995]
Running module mass_function_like
Running module mass_function_like
Running module mass_function_like
Running module mass_function_like
Model N: 3036127.6673381114
Done mass_function_like status = 0 

Pipeline ran okay.
Likelihood mass_function_like_m_n = -9.73527180403471
Posterior = -5.243361602753353 for parameter set #533: [0.32091599386607694, 0.7974994858427431, -0.9995]
Running module mass_function_like
Model N: 3031339.011018867
Done mass_function_like status = 0 

Pipeline ran okay.
Likelihood mass_function_like_m_n = -8.990692809224129
Posterior = -2.3118196273918628 for parameter set #533: [0.29970639602252924, 0.818567313385074, -0.9995]
Running module mass_function_like
Model N: 3032869.2848020084
Done mass_function_like status = 0 

Pipeline ran okay.
Likelihood mass_function_like_m_n = -8.406808197498322
Posterior = -1.7275838255433413 for parameter set #533: [0.30012635375358043, 0.8182534795820204, -0.9995]
Running module mass_function_like
Model N: 3031919.9538340196
Done mass_function_like status = 0 

Pipeline ran okay.
Likelihood mass_function_like_m_n = -8.678047813475132
Posterior = -2.396526707562929 for parameter set #533: [0.2910805483083544, 0.8280894273268101, -0.9995]
Running module mass_function_like
Model N: 3034785.0445730933
Done mass_function_like status = 0 

Pipeline ran okay.
Likelihood mass_function_like_m_n = -8.764258496463299
Posterior = -2.2143223831249674 for parameter set #534: [0.2949133884565092, 0.8241260210072805, -0.9995]
Running module mass_function_like
Model N: 3036203.1161745726
Done mass_function_like status = 0 

Pipeline ran okay.
Likelihood mass_function_like_m_n = -9.80744605511427
Posterior = -3.3928279090310536 for parameter set #534: [0.2927242037930274, 0.8266973410558482, -0.9995]
Running module mass_function_like
Model N: 3027322.940912036
Done mass_function_like status = 0 

Pipeline ran okay.
Likelihood mass_function_like_m_n = -14.20142626017332
Posterior = -7.657341431669279 for parameter set #534: [0.29479962751706845, 0.8234757711292134, -0.9995]
Running module mass_function_like
Model N: 3019002.7663156427
Done mass_function_like status = 0 

Pipeline ran okay.
Likelihood mass_function_like_m_n = -41.99823199212551
Posterior = -38.613106495545594 for parameter set #534: [0.3256677957827714, 0.7913402884412482, -0.9995]
Running module mass_function_like
Model N: 3029663.948083123
Done mass_function_like status = 0 

Pipeline ran okay.
Likelihood mass_function_like_m_n = -10.516017854213715
Posterior = -4.067639157674947 for parameter set #535: [0.293204037937548, 0.8254805701208734, -0.9995]
Running module mass_function_like
Model N: 3024508.67506745
Done mass_function_like status = 0 

Pipeline ran okay.
Likelihood mass_function_like_m_n = -21.033056624233723
Posterior = -14.970156705662282 for parameter set #535: [0.3111031912506158, 0.8060124542646702, -0.9995]
Running module mass_function_like
Model N: 3040839.0708460473
Done mass_function_like status = 0 

Pipeline ran okay.
Likelihood mass_function_like_m_n = -17.832016721367836
Posterior = -11.193079539516482 for parameter set #535: [0.29715862651315084, 0.8222966412723954, -0.9995]
Running module mass_function_like
Model N: 3035233.4823446088
Done mass_function_like status = 0 

Pipeline ran okay.
Likelihood mass_function_like_m_n = -9.022572338581085
Posterior = -2.488198449150076 for parameter set #535: [0.30538387051997334, 0.8129431097355231, -0.9995]
Running module mass_function_like
Model N: 3032770.2567636725
Done mass_function_like status = 0 

Pipeline ran okay.
Likelihood mass_function_like_m_n = -8.421215288341045
Posterior = -2.2427462795105253 for parameter set #536: [0.3100083484099993, 0.8079385544806735, -0.9995]
Model N: 3028298.60057054
Done mass_function_like status = 0 

Pipeline ran okay.
Likelihood mass_function_like_m_n = -12.445175670087337
Posterior = -7.448355282257825 for parameter set #536: [0.31834384807220495, 0.7992286482360834, -0.9995]
Model N: 3030533.0918281223
Done mass_function_like status = 0 

Pipeline ran okay.
Likelihood mass_function_like_m_n = -9.608896248042583
Posterior = -2.9400698033890507 for parameter set #536: [0.3014476017170939, 0.8166066806353384, -0.9995]
Model N: 3033025.323058855
Done mass_function_like status = 0 

Pipeline ran okay.
Likelihood mass_function_like_m_n = -8.390669211745262
Posterior = -1.7167090532621962 for parameter set #536: [0.29896616830894646, 0.8195353685785283, -0.9995]
Running module mass_function_like
Running module mass_function_like
Running module mass_function_like
Running module mass_function_like
Model N: 3011759.880902036
Done mass_function_like status = 0 

Pipeline ran okay.
Likelihood mass_function_like_m_n = -84.94835878163576
Posterior = -81.44843661254579 for parameter set #537: [0.3252165898932438, 0.7910734845146882, -0.9995]
Running module mass_function_like
Model N: 3036711.915300936
Done mass_function_like status = 0 

Pipeline ran okay.
Likelihood mass_function_like_m_n = -10.34306389093399
Posterior = -4.933185591677585 for parameter set #537: [0.3159337748136077, 0.8024051192365627, -0.9995]
Running module mass_function_like
Model N: 3032267.946864369
Done mass_function_like status = 0 

Pipeline ran okay.
Likelihood mass_function_like_m_n = -8.544105283915997
Posterior = -2.2457478929717443 for parameter set #537: [0.29127134824424816, 0.8279114728598675, -0.9995]
Running module mass_function_like
Model N: 3031550.5666485378
Done mass_function_like status = 0 

Pipeline ran okay.
Likelihood mass_function_like_m_n = -8.863944679498672
Posterior = -2.656203893292771 for parameter set #537: [0.2902885283081883, 0.8289434383132724, -0.9995]
Running module mass_function_like
Model N: 3032640.4960642415
Done mass_function_like status = 0 

Pipeline ran okay.
Likelihood mass_function_like_m_n = -8.444988831877708
Posterior = -2.3919679238496396 for parameter set #538: [0.3111918120988706, 0.8067281612438099, -0.9995]
Running module mass_function_like
Model N: 3043240.455425345
Done mass_function_like status = 0 

Pipeline ran okay.
Likelihood mass_function_like_m_n = -24.761843346059322
Posterior = -18.28446822401957 for parameter set #538: [0.2936450165024534, 0.8264078355828532, -0.9995]
Running module mass_function_like
Model N: 3034825.8353496827
Done mass_function_like status = 0 

Pipeline ran okay.
Likelihood mass_function_like_m_n = -8.785017296671867
Posterior = -2.10572537560936 for parameter set #538: [0.3000495524927559, 0.8185357318949777, -0.9995]
Running module mass_function_like
Model N: 3027030.7720829644
Done mass_function_like status = 0 

Pipeline ran okay.
Likelihood mass_function_like_m_n = -14.788639307022095
Posterior = -8.313112940047708 for parameter set #538: [0.29361599136379324, 0.8247496132314652, -0.9995]
Running module mass_function_like
Model N: 3009084.5993465446
Done mass_function_like status = 0 

Pipeline ran okay.
Likelihood mass_function_like_m_n = -105.24472992122173
Posterior = -102.78792706767001 for parameter set #539: [0.3290602868009195, 0.7872536340876908, -0.9995]
Running module mass_function_like
Model N: 3031463.7101431517
Done mass_function_like status = 0 

Pipeline ran okay.
Likelihood mass_function_like_m_n = -8.914195030927658
Posterior = -2.2351330481724823 for parameter set #539: [0.2997799020422523, 0.8184807425438013, -0.9995]
Running module mass_function_like
Model N: 3030198.3388705943
Done mass_function_like status = 0 

Pipeline ran okay.
Likelihood mass_function_like_m_n = -9.928727649152279
Posterior = -3.338097241497305 for parameter set #539: [0.3042112656210509, 0.8136596819564327, -0.9995]
Running module mass_function_like
Model N: 3035463.3768285993
Done mass_function_like status = 0 

Pipeline ran okay.
Likelihood mass_function_like_m_n = -9.180672220885754
Posterior = -2.6159722729099872 for parameter set #539: [0.3047875724607453, 0.8135884164397031, -0.9995]
Running module mass_function_like
Model N: 3025958.7741662418
Done mass_function_like status = 0 

Pipeline ran okay.
Likelihood mass_function_like_m_n = -17.185278214514256
Posterior = -13.750531620802896 for parameter set #540: [0.32547374179267285, 0.7921844073328637, -0.9995]
Model N: 3031203.8446046263
Done mass_function_like status = 0 

Pipeline ran okay.
Likelihood mass_function_like_m_n = -9.079409182071686
Posterior = -2.8740305050637236 for parameter set #540: [0.2902642358152815, 0.8289343578027585, -0.9995]
Model N: 3036945.3217870835
Done mass_function_like status = 0 

Pipeline ran okay.
Likelihood mass_function_like_m_n = -10.617266051471233
Posterior = -4.0582680796002855 for parameter set #540: [0.2950947736761847, 0.8241507701805555, -0.9995]
Model N: 3027671.455841803
Done mass_function_like status = 0 

Pipeline ran okay.
Likelihood mass_function_like_m_n = -13.537917107343674
Posterior = -6.974274972773941 for parameter set #540: [0.30480961669450835, 0.812779730701994, -0.9995]
Running module mass_function_like
Running module mass_function_like
Running module mass_function_like
Running module mass_function_like
Model N: 3030795.142841016
Done mass_function_like status = 0 

Pipeline ran okay.
Likelihood mass_function_like_m_n = -9.384352646768093
Posterior = -2.7089839468961276 for parameter set #541: [0.29911281361166503, 0.8191489475180772, -0.9995]
Running module mass_function_like
Model N: 3033739.9779304625
Done mass_function_like status = 0 

Pipeline ran okay.
Likelihood mass_function_like_m_n = -8.419326364994049
Posterior = -1.7804149800437923 for parameter set #541: [0.30284228124435086, 0.8154565256596877, -0.9995]
Running module mass_function_like
Model N: 3030684.8030340606
Done mass_function_like status = 0 

Pipeline ran okay.
Likelihood mass_function_like_m_n = -9.476135402917862
Posterior = -3.403546445624783 for parameter set #541: [0.2889844179362403, 0.8303266320525446, -0.9995]
Running module mass_function_like
Model N: 2972020.548934299
Done mass_function_like status = 0 

Pipeline ran okay.
Likelihood mass_function_like_m_n = -635.0419231876731
Posterior = -639.5571590505759 for parameter set #541: [0.2526828993677486, 0.8697665940254019, -0.9995]
Running module mass_function_like
Model N: 3034044.766380202
Done mass_function_like status = 0 

Pipeline ran okay.
Likelihood mass_function_like_m_n = -8.48275451362133
Posterior = -1.8791250612403214 for parameter set #542: [0.2961096337979776, 0.8227383462491101, -0.9995]
Running module mass_function_like
Model N: 3028828.77554624
Done mass_function_like status = 0 

Pipeline ran okay.
Likelihood mass_function_like_m_n = -11.622871235013008
Posterior = -4.949734755355923 for parameter set #542: [0.2988893498612872, 0.8191875407527572, -0.9995]
Running module mass_function_like
Model N: 3020530.9551280704
Done mass_function_like status = 0 

Pipeline ran okay.
Likelihood mass_function_like_m_n = -35.16933012008667
Posterior = -28.619293710340855 for parameter set #542: [0.2949153606113238, 0.8226443074243728, -0.9995]
Running module mass_function_like
Model N: 3028730.927147639
Done mass_function_like status = 0 

Pipeline ran okay.
Likelihood mass_function_like_m_n = -11.767640180885792
Posterior = -5.390149643529101 for parameter set #542: [0.3077693456732663, 0.8098227415923535, -0.9995]
Running module mass_function_like
Model N: 3019369.0324203037
Done mass_function_like status = 0 

Pipeline ran okay.
Likelihood mass_function_like_m_n = -40.29074069857597
Posterior = -34.797060197098766 for parameter set #543: [0.31539885513168425, 0.8012357297688046, -0.9995]
Running module mass_function_like
Model N: 3035720.6658619386
Done mass_function_like status = 0 

Pipeline ran okay.
Likelihood mass_function_like_m_n = -9.378243491053581
Posterior = -3.1747939569948933 for parameter set #543: [0.30975555907420493, 0.8084887139450835, -0.9995]
Running module mass_function_like
Model N: 3033207.404791521
Done mass_function_like status = 0 

Pipeline ran okay.
Likelihood mass_function_like_m_n = -8.38198647648096
Posterior = -2.1386252984624328 for parameter set #543: [0.3093374838183707, 0.8086645562039316, -0.9995]
Running module mass_function_like
Model N: 3027578.3027198715
Done mass_function_like status = 0 

Pipeline ran okay.
Likelihood mass_function_like_m_n = -13.711327709257603
Posterior = -7.400469753000415 for parameter set #543: [0.308584244195653, 0.8088725350666514, -0.9995]
Running module mass_function_like
Model N: 3031852.3144141417
Done mass_function_like status = 0 

Pipeline ran okay.
Likelihood mass_function_like_m_n = -8.708720184862614
Posterior = -2.5484278519659824 for parameter set #544: [0.3101883449628835, 0.8076647374053345, -0.9995]
Model N: 3022508.6789973024
Done mass_function_like status = 0 

Pipeline ran okay.
Likelihood mass_function_like_m_n = -27.484114281833172
Posterior = -22.13495928366376 for parameter set #544: [0.28368957879059653, 0.8355685800630361, -0.9995]
Model N: 3031631.645424009
Done mass_function_like status = 0 

Pipeline ran okay.
Likelihood mass_function_like_m_n = -8.819283984601498
Posterior = -2.1503954335806075 for parameter set #544: [0.30144330504671113, 0.8167231686544154, -0.9995]
Model N: 3030267.7769977655
Done mass_function_like status = 0 

Pipeline ran okay.
Likelihood mass_function_like_m_n = -9.859342023730278
Posterior = -4.351087471939227 for parameter set #544: [0.3153039187564437, 0.8023954587083456, -0.9995]
Running module mass_function_like
Running module mass_function_like
Running module mass_function_like
Running module mass_function_like
Model N: 3027188.6174259707
Done mass_function_like status = 0 

Pipeline ran okay.
Likelihood mass_function_like_m_n = -14.46788614988327
Posterior = -11.395550846111476 for parameter set #545: [0.32685877470972347, 0.7910048014988061, -0.9995]
Running module mass_function_like
Model N: 3031747.4142376822
Done mass_function_like status = 0 

Pipeline ran okay.
Likelihood mass_function_like_m_n = -8.759275443851948
Posterior = -2.0907734154449873 for parameter set #545: [0.2985301585185307, 0.8198742607295048, -0.9995]
Running module mass_function_like
Model N: 3026600.2831764887
Done mass_function_like status = 0 

Pipeline ran okay.
Likelihood mass_function_like_m_n = -15.705347493290901
Posterior = -9.896135360170124 for parameter set #545: [0.31319160388420925, 0.8041281083512495, -0.9995]
Running module mass_function_like
Model N: 3019941.7050631903
Done mass_function_like status = 0 

Pipeline ran okay.
Likelihood mass_function_like_m_n = -37.710453525185585
Posterior = -35.51601582657045 for parameter set #545: [0.2700504874841173, 0.851982425137114, -0.9995]
Running module mass_function_like
Model N: 3032330.24127422
Done mass_function_like status = 0 

Pipeline ran okay.
Likelihood mass_function_like_m_n = -8.524344258010387
Posterior = -2.600004572227867 for parameter set #546: [0.3122879169310968, 0.805595565201124, -0.9995]
Running module mass_function_like
Model N: 3033140.2052106317
Done mass_function_like status = 0 

Pipeline ran okay.
Likelihood mass_function_like_m_n = -8.383918277919292
Posterior = -1.7292547781237868 for parameter set #546: [0.29778005862623835, 0.8208281947984615, -0.9995]
Running module mass_function_like
Model N: 3031872.972666734
Done mass_function_like status = 0 

Pipeline ran okay.
Likelihood mass_function_like_m_n = -8.69919217377901
Posterior = -2.843418579191818 for parameter set #546: [0.28716621175394413, 0.8325321328214165, -0.9995]
Running module mass_function_like
Model N: 3031953.4417174044
Done mass_function_like status = 0 

Pipeline ran okay.
Likelihood mass_function_like_m_n = -8.66342082619667
Posterior = -2.5174993039046445 for parameter set #546: [0.2896715666626717, 0.8296844294168414, -0.9995]
Running module mass_function_like
Model N: 3028846.643474728
Done mass_function_like status = 0 

Pipeline ran okay.
Likelihood mass_function_like_m_n = -11.596777059137821
Posterior = -5.193312457576059 for parameter set #547: [0.30742751097943904, 0.8101858097008382, -0.9995]
Running module mass_function_like
Model N: 3035100.715312946
Done mass_function_like status = 0 

Pipeline ran okay.
Likelihood mass_function_like_m_n = -8.939194060862064
Posterior = -2.3661962254511373 for parameter set #547: [0.30461099474949327, 0.8137364317912461, -0.9995]
Running module mass_function_like
Model N: 3029667.4033701303
Done mass_function_like status = 0 

Pipeline ran okay.
Likelihood mass_function_like_m_n = -10.511917434632778
Posterior = -4.059053910792754 for parameter set #547: [0.2932703540290714, 0.8254073778060236, -0.9995]
Running module mass_function_like
Model N: 3028274.787446779
Done mass_function_like status = 0 

Pipeline ran okay.
Likelihood mass_function_like_m_n = -12.484291449189186
Posterior = -5.981216212145334 for parameter set #547: [0.3059368166767443, 0.8116683126836756, -0.9995]
Running module mass_function_like
Model N: 3033572.038104768
Done mass_function_like status = 0 

Pipeline ran okay.
Likelihood mass_function_like_m_n = -8.397459201514721
Posterior = -2.3362660363860446 for parameter set #548: [0.3111185523624393, 0.8068943171071015, -0.9995]
Model N: 3031752.987236151
Done mass_function_like status = 0 

Pipeline ran okay.
Likelihood mass_function_like_m_n = -8.756498269736767
Posterior = -2.6127494321938265 for parameter set #548: [0.31034944791539393, 0.8074914529142376, -0.9995]
Model N: 3034771.070833854
Done mass_function_like status = 0 

Pipeline ran okay.
Likelihood mass_function_like_m_n = -8.75727315992117
Posterior = -3.280042832369194 for parameter set #548: [0.3155053143841602, 0.8026374630535758, -0.9995]
Model N: 3031803.7369294073
Done mass_function_like status = 0 

Pipeline ran okay.
Likelihood mass_function_like_m_n = -8.731680020689964
Posterior = -2.5219298131620462 for parameter set #548: [0.2903092416108719, 0.8289466409386856, -0.9995]
Running module mass_function_like
Running module mass_function_like
Running module mass_function_like
Running module mass_function_like
Model N: 3041500.8770228303
Done mass_function_like status = 0 

Pipeline ran okay.
Likelihood mass_function_like_m_n = -19.553130611777306
Posterior = -12.884658729355191 for parameter set #549: [0.30147189102097166, 0.8176979701636065, -0.9995]
Running module mass_function_like
Model N: 3030363.332570266
Done mass_function_like status = 0 

Pipeline ran okay.
Likelihood mass_function_like_m_n = -9.766462668776512
Posterior = -3.2394839803453035 for parameter set #549: [0.3055195200856413, 0.8123116348151928, -0.9995]
Running module mass_function_like
Model N: 3033435.138555216
Done mass_function_like status = 0 

Pipeline ran okay.
Likelihood mass_function_like_m_n = -8.386511407792568
Posterior = -1.7742159681734666 for parameter set #549: [0.3036608403049327, 0.8145641133509743, -0.9995]
Running module mass_function_like
Model N: 3031340.5514809764
Done mass_function_like status = 0 

Pipeline ran okay.
Likelihood mass_function_like_m_n = -8.989716492593288
Posterior = -2.7836428685677888 for parameter set #549: [0.2902713765178757, 0.8289407863576488, -0.9995]
Running module mass_function_like
Model N: 3028594.448303235
Done mass_function_like status = 0 

Pipeline ran okay.
Likelihood mass_function_like_m_n = -11.974851243197918
Posterior = -7.399796215787777 for parameter set #550: [0.3205146248851889, 0.7971585909528601, -0.9995]
Running module mass_function_like
Model N: 3032090.8348721373
Done mass_function_like status = 0 

Pipeline ran okay.
Likelihood mass_function_like_m_n = -8.607282981276512
Posterior = -1.9307579043161507 for parameter set #550: [0.30074553622981565, 0.8175127009168571, -0.9995]
Running module mass_function_like
Model N: 3031133.5291139707
Done mass_function_like status = 0 

Pipeline ran okay.
Likelihood mass_function_like_m_n = -9.127945594489574
Posterior = -2.6196613813364813 for parameter set #550: [0.2941515816641231, 0.824585466247474, -0.9995]
Running module mass_function_like
Model N: 3034852.7143380227
Done mass_function_like status = 0 

Pipeline ran okay.
Likelihood mass_function_like_m_n = -8.798995770514011
Posterior = -2.1206151568498868 for parameter set #550: [0.3004297870742765, 0.8181316201260148, -0.9995]
Running module mass_function_like
Model N: 3014573.6242572237
Done mass_function_like status = 0 

Pipeline ran okay.
Likelihood mass_function_like_m_n = -66.1838229894638
Posterior = -61.33987904570322 for parameter set #551: [0.31915912448182127, 0.7971092659773433, -0.9995]
Running module mass_function_like
Model N: 3028750.1608516737
Done mass_function_like status = 0 

Pipeline ran okay.
Likelihood mass_function_like_m_n = -11.738933488726616
Posterior = -5.073478628133781 for parameter set #551: [0.30166429190452665, 0.8161955320998283, -0.9995]
Running module mass_function_like
Model N: 3030740.207074598
Done mass_function_like status = 0 

Pipeline ran okay.
Likelihood mass_function_like_m_n = -9.429546721279621
Posterior = -3.227545722050639 for parameter set #551: [0.2902296039068908, 0.8289249059436679, -0.9995]
Running module mass_function_like
Model N: 3034220.675416205
Done mass_function_like status = 0 

Pipeline ran okay.
Likelihood mass_function_like_m_n = -8.533293962478638
Posterior = -1.8557245703258811 for parameter set #551: [0.3005890341513773, 0.8178969534677905, -0.9995]
Running module mass_function_like
Model N: 3038895.9360423144
Done mass_function_like status = 0 

Pipeline ran okay.
Likelihood mass_function_like_m_n = -13.609093822538853
Posterior = -7.131251032135653 for parameter set #552: [0.2936523798489985, 0.8259463218049513, -0.9995]
Model N: 3030155.0094044316
Done mass_function_like status = 0 

Pipeline ran okay.
Likelihood mass_function_like_m_n = -9.972831413149834
Posterior = -3.3184839964255417 for parameter set #552: [0.3022341343552216, 0.8157349041151122, -0.9995]
Model N: 3029473.3980660858
Done mass_function_like status = 0 

Pipeline ran okay.
Likelihood mass_function_like_m_n = -10.748253270983696
Posterior = -4.155584656389681 for parameter set #552: [0.2958374146563419, 0.8225624953533571, -0.9995]
Model N: 3031750.486225827
Done mass_function_like status = 0 

Pipeline ran okay.
Likelihood mass_function_like_m_n = -8.757743321359158
Posterior = -3.0655365321100403 for parameter set #552: [0.3140506043219577, 0.8037805830682723, -0.9995]
Running module mass_function_like
Running module mass_function_like
Running module mass_function_like
Running module mass_function_like
Model N: 3032932.9547994235
Done mass_function_like status = 0 

Pipeline ran okay.
Likelihood mass_function_like_m_n = -8.399253197014332
Posterior = -1.7199765273110827 for parameter set #553: [0.30007420054844935, 0.8183157471479571, -0.9995]
Running module mass_function_like
Model N: 3030214.0767087294
Done mass_function_like status = 0 

Pipeline ran okay.
Likelihood mass_function_like_m_n = -9.912862122058868
Posterior = -3.2903096837206185 for parameter set #553: [0.29663097165426144, 0.8217741199195704, -0.9995]
Running module mass_function_like
Model N: 3014095.862713827
Done mass_function_like status = 0 

Pipeline ran okay.
Likelihood mass_function_like_m_n = -69.18356964737177
Posterior = -64.74744464270319 for parameter set #553: [0.2788189745590936, 0.8404730314101789, -0.9995]
Running module mass_function_like
Model N: 3032017.3414624357
Done mass_function_like status = 0 

Pipeline ran okay.
Likelihood mass_function_like_m_n = -8.636537104845047
Posterior = -3.1640640852943296 for parameter set #553: [0.2844640341223374, 0.8357171341314545, -0.9995]
Running module mass_function_like
Model N: 3032078.066275181
Done mass_function_like status = 0 

Pipeline ran okay.
Likelihood mass_function_like_m_n = -8.612237624824047
Posterior = -2.794342911861648 for parameter set #554: [0.31312561987372634, 0.8047330096048266, -0.9995]
Running module mass_function_like
Model N: 3028149.794085356
Done mass_function_like status = 0 

Pipeline ran okay.
Likelihood mass_function_like_m_n = -12.692683435976505
Posterior = -6.380964151980825 for parameter set #554: [0.2914257954967878, 0.8273056605911058, -0.9995]
Running module mass_function_like
Model N: 3031101.6810487583
Done mass_function_like status = 0 

Pipeline ran okay.
Likelihood mass_function_like_m_n = -9.150466322898865
Posterior = -2.6708580669463196 for parameter set #554: [0.3063197459182732, 0.8115552673673305, -0.9995]
Running module mass_function_like
Model N: 3032932.3444721326
Done mass_function_like status = 0 

Pipeline ran okay.
Likelihood mass_function_like_m_n = -8.399319268763065
Posterior = -1.9168618463079454 for parameter set #554: [0.30627450039214404, 0.811785905165893, -0.9995]
Running module mass_function_like
Model N: 3027772.5289247474
Done mass_function_like status = 0 

Pipeline ran okay.
Likelihood mass_function_like_m_n = -13.353010900318623
Posterior = -6.677860905183804 for parameter set #555: [0.30091150459959143, 0.8168952716945076, -0.9995]
Running module mass_function_like
Model N: 3033155.8708815286
Done mass_function_like status = 0 

Pipeline ran okay.
Likelihood mass_function_like_m_n = -8.38333484530449
Posterior = -3.7604575317920332 for parameter set #555: [0.32028017201503844, 0.7978247869997893, -0.9995]
Running module mass_function_like
Model N: 3029030.3787839785
Done mass_function_like status = 0 

Pipeline ran okay.
Likelihood mass_function_like_m_n = -11.334574975073338
Posterior = -4.921748083235192 for parameter set #555: [0.3073003740516778, 0.8103350436730087, -0.9995]
Running module mass_function_like
Model N: 3031291.33440201
Done mass_function_like status = 0 

Pipeline ran okay.
Likelihood mass_function_like_m_n = -9.021296843886375
Posterior = -2.6962528518267295 for parameter set #555: [0.2915826345422032, 0.8274594963266134, -0.9995]
Running module mass_function_like
Model N: 3035221.319053369
Done mass_function_like status = 0 

Pipeline ran okay.
Likelihood mass_function_like_m_n = -9.01469223946333
Posterior = -2.914510817033923 for parameter set #556: [0.31076218171079445, 0.8074176993142846, -0.9995]
Model N: 3030671.5085435295
Done mass_function_like status = 0 

Pipeline ran okay.
Likelihood mass_function_like_m_n = -9.487465411424637
Posterior = -2.82879302848556 for parameter set #556: [0.30203134513911956, 0.8160019278282276, -0.9995]
Model N: 3033000.5180095276
Done mass_function_like status = 0 

Pipeline ran okay.
Likelihood mass_function_like_m_n = -8.392698101699352
Posterior = -2.2121429967367447 for parameter set #556: [0.3099874830998364, 0.8079826367558786, -0.9995]
Model N: 3035298.307274448
Done mass_function_like status = 0 

Pipeline ran okay.
Likelihood mass_function_like_m_n = -9.06539137661457
Posterior = -2.407502322385076 for parameter set #556: [0.297930452026132, 0.8208875246334254, -0.9995]
Running module mass_function_like
Running module mass_function_like
Running module mass_function_like
Running module mass_function_like
Model N: 3035289.406859702
Done mass_function_like status = 0 

Pipeline ran okay.
Likelihood mass_function_like_m_n = -9.059430420398712
Posterior = -2.8200369509105627 for parameter set #557: [0.3093798798374185, 0.8088285199370746, -0.9995]
Running module mass_function_like
Model N: 3039003.2653755355
Done mass_function_like status = 0 

Pipeline ran okay.
Likelihood mass_function_like_m_n = -13.810003265738487
Posterior = -8.64478030871582 for parameter set #557: [0.31740161625417324, 0.8011883153119987, -0.9995]
Running module mass_function_like
Model N: 3032493.6580490423
Done mass_function_like status = 0 

Pipeline ran okay.
Likelihood mass_function_like_m_n = -8.478588864207268
Posterior = -2.0999940885841237 for parameter set #557: [0.2922448801081214, 0.8268441782029854, -0.9995]
Running module mass_function_like
Model N: 3031613.6568620214
Done mass_function_like status = 0 

Pipeline ran okay.
Likelihood mass_function_like_m_n = -8.829005360603333
Posterior = -3.3312635008999054 for parameter set #557: [0.28462754191024237, 0.835448010651694, -0.9995]
Running module mass_function_like
Model N: 3032348.323778699
Done mass_function_like status = 0 

Pipeline ran okay.
Likelihood mass_function_like_m_n = -8.518847845494747
Posterior = -1.884889347775358 for parameter set #558: [0.3030115013063524, 0.8151370693390566, -0.9995]
Running module mass_function_like
Model N: 3028420.367433969
Done mass_function_like status = 0 

Pipeline ran okay.
Likelihood mass_function_like_m_n = -12.248091325163841
Posterior = -7.072351458285789 for parameter set #558: [0.2826589254575609, 0.8374503581654837, -0.9995]
Running module mass_function_like
Model N: 3032241.897925911
Done mass_function_like status = 0 

Pipeline ran okay.
Likelihood mass_function_like_m_n = -8.552748121321201
Posterior = -1.875278217511692 for parameter set #558: [0.3006056887815851, 0.8176770159715837, -0.9995]
Running module mass_function_like
Model N: 3041093.5682580485
Done mass_function_like status = 0 

Pipeline ran okay.
Likelihood mass_function_like_m_n = -18.476872079074383
Posterior = -11.804104776371288 for parameter set #558: [0.3011434068048691, 0.8180068175631069, -0.9995]
Running module mass_function_like
Model N: 3037620.829330129
Done mass_function_like status = 0 

Pipeline ran okay.
Likelihood mass_function_like_m_n = -11.511793777346611
Posterior = -5.022142593876886 for parameter set #559: [0.3061587825881496, 0.8123771358618831, -0.9995]
Running module mass_function_like
Model N: 3029043.9941987894
Done mass_function_like status = 0 

Pipeline ran okay.
Likelihood mass_function_like_m_n = -11.31558908522129
Posterior = -5.160763077068545 for parameter set #559: [0.31024185715734653, 0.8073317284955378, -0.9995]
Running module mass_function_like
Model N: 3030619.4210482184
Done mass_function_like status = 0 

Pipeline ran okay.
Likelihood mass_function_like_m_n = -9.532418437302113
Posterior = -2.8679667586233375 for parameter set #559: [0.3017235149916044, 0.8163227314686075, -0.9995]
Running module mass_function_like
Model N: 3034881.70368127
Done mass_function_like status = 0 

Pipeline ran okay.
Likelihood mass_function_like_m_n = -8.814338430762291
Posterior = -2.2208605050207915 for parameter set #559: [0.3041430972126828, 0.8142042821428511, -0.9995]
Running module mass_function_like
Model N: 3030201.621551061
Done mass_function_like status = 0 

Pipeline ran okay.
Likelihood mass_function_like_m_n = -9.925411581993103
Posterior = -3.8166392204189084 for parameter set #560: [0.31068205819808153, 0.807001091255922, -0.9995]
Model N: 3027314.95017499
Done mass_function_like status = 0 

Pipeline ran okay.
Likelihood mass_function_like_m_n = -14.217110559344292
Posterior = -9.312176699642642 for parameter set #560: [0.3188381014893144, 0.7986536920716989, -0.9995]
Model N: 3030043.73166037
Done mass_function_like status = 0 

Pipeline ran okay.
Likelihood mass_function_like_m_n = -10.088939502835274
Posterior = -3.46598307250658 for parameter set #560: [0.3033570155787993, 0.8145400005779402, -0.9995]
Model N: 3018079.596065655
Done mass_function_like status = 0 

Pipeline ran okay.
Likelihood mass_function_like_m_n = -46.50004920363426
Posterior = -42.68399963421488 for parameter set #560: [0.27606987409606537, 0.8442522508784333, -0.9995]
Running module mass_function_like
Running module mass_function_like
Running module mass_function_like
Running module mass_function_like
Model N: 3034586.5620756755
Done mass_function_like status = 0 

Pipeline ran okay.
Likelihood mass_function_like_m_n = -8.671069845557213
Posterior = -2.0033093085019047 for parameter set #561: [0.29848054870068885, 0.8202195367857745, -0.9995]
Running module mass_function_like
Model N: 3034008.776104102
Done mass_function_like status = 0 

Pipeline ran okay.
Likelihood mass_function_like_m_n = -8.47367075830698
Posterior = -2.185617627369984 for parameter set #561: [0.30884591507276893, 0.8092461728612624, -0.9995]
Running module mass_function_like
Model N: 3029282.791219676
Done mass_function_like status = 0 

Pipeline ran okay.
Likelihood mass_function_like_m_n = -10.992563657462597
Posterior = -6.817504068006576 for parameter set #561: [0.27762034580761275, 0.8435884957596417, -0.9995]
Running module mass_function_like
Model N: 2990319.8053494035
Done mass_function_like status = 0 

Pipeline ran okay.
Likelihood mass_function_like_m_n = -315.23542043566704
Posterior = -317.4952488589084 for parameter set #561: [0.2577173023056675, 0.8649252045824283, -0.9995]
Running module mass_function_like
Model N: 3029796.8257649173
Done mass_function_like status = 0 

Pipeline ran okay.
Likelihood mass_function_like_m_n = -10.36117247492075
Posterior = -4.112618103571615 for parameter set #562: [0.30928170056574833, 0.8083819806298529, -0.9995]
Running module mass_function_like
Model N: 3037560.3297840008
Done mass_function_like status = 0 

Pipeline ran okay.
Likelihood mass_function_like_m_n = -11.425561748445034
Posterior = -4.919263700035783 for parameter set #562: [0.30588228101846465, 0.8126582690365678, -0.9995]
Running module mass_function_like
Model N: 3033972.417815886
Done mass_function_like status = 0 

Pipeline ran okay.
Likelihood mass_function_like_m_n = -8.464927531778812
Posterior = -2.2150332965092154 for parameter set #562: [0.3092672537792013, 0.8088122887530553, -0.9995]
Running module mass_function_like
Model N: 3032734.1966372873
Done mass_function_like status = 0 

Pipeline ran okay.
Likelihood mass_function_like_m_n = -8.427264720201492
Posterior = -2.343836570014508 for parameter set #562: [0.3109167398807814, 0.8070150690419831, -0.9995]
Running module mass_function_like
Model N: 3033808.5399097675
Done mass_function_like status = 0 

Pipeline ran okay.
Likelihood mass_function_like_m_n = -8.430925786495209
Posterior = -2.675651462334585 for parameter set #563: [0.313594336130533, 0.8044365532982988, -0.9995]
Running module mass_function_like
Model N: 3030760.1319740308
Done mass_function_like status = 0 

Pipeline ran okay.
Likelihood mass_function_like_m_n = -9.413039907813072
Posterior = -2.7673775822384545 for parameter set #563: [0.3025939110522754, 0.815416284571011, -0.9995]
Running module mass_function_like
Model N: 3022305.5105926357
Done mass_function_like status = 0 

Pipeline ran okay.
Likelihood mass_function_like_m_n = -28.21372176706791
Posterior = -22.849172568220986 for parameter set #563: [0.3162157639318243, 0.8007211174948783, -0.9995]
Running module mass_function_like
Model N: 3034925.0145139145
Done mass_function_like status = 0 

Pipeline ran okay.
Likelihood mass_function_like_m_n = -8.837776400148869
Posterior = -3.825321557970378 for parameter set #563: [0.31825841918749653, 0.7999553561175242, -0.9995]
Running module mass_function_like
Model N: 3030744.5258382526
Done mass_function_like status = 0 

Pipeline ran okay.
Likelihood mass_function_like_m_n = -9.425957702100277
Posterior = -2.8290388240221986 for parameter set #564: [0.30405919499980283, 0.8138741240120294, -0.9995]
Model N: 3035899.858039904
Done mass_function_like status = 0 

Pipeline ran okay.
Likelihood mass_function_like_m_n = -9.528716541826725
Posterior = -2.8494132084204473 for parameter set #564: [0.2999868477840507, 0.8187129707660336, -0.9995]
Model N: 3028220.638128693
Done mass_function_like status = 0 

Pipeline ran okay.
Likelihood mass_function_like_m_n = -12.573936052620411
Posterior = -6.519526986613805 for parameter set #564: [0.3111794018829595, 0.8063031376256118, -0.9995]
Model N: 3029992.1761248363
Done mass_function_like status = 0 

Pipeline ran okay.
Likelihood mass_function_like_m_n = -10.144119694828987
Posterior = -4.515800863883774 for parameter set #564: [0.3144981748324745, 0.8031642424175284, -0.9995]
Running module mass_function_like
Running module mass_function_like
Running module mass_function_like
Running module mass_function_like
Model N: 3036492.542804635
Done mass_function_like status = 0 

Pipeline ran okay.
Likelihood mass_function_like_m_n = -10.101684406399727
Posterior = -4.003861072822856 for parameter set #565: [0.3107840703329803, 0.807521824556361, -0.9995]
Running module mass_function_like
Model N: 3038078.8792393757
Done mass_function_like status = 0 

Pipeline ran okay.
Likelihood mass_function_like_m_n = -12.203704752027988
Posterior = -5.867489598603338 for parameter set #565: [0.30828358672177153, 0.8102284529323246, -0.9995]
Running module mass_function_like
Model N: 3031753.766738773
Done mass_function_like status = 0 

Pipeline ran okay.
Likelihood mass_function_like_m_n = -8.756110645830631
Posterior = -2.087610169821163 for parameter set #565: [0.29853005290566414, 0.8198749957774376, -0.9995]
Running module mass_function_like
Model N: 3029571.9825639925
Done mass_function_like status = 0 

Pipeline ran okay.
Likelihood mass_function_like_m_n = -10.626603938639164
Posterior = -4.013448640009521 for parameter set #565: [0.2963627235551705, 0.8219995844231038, -0.9995]
Running module mass_function_like
Model N: 3037326.173008895
Done mass_function_like status = 0 

Pipeline ran okay.
Likelihood mass_function_like_m_n = -11.103151731193066
Posterior = -4.424872690421347 for parameter set #566: [0.29954719594999996, 0.8193510210825656, -0.9995]
Running module mass_function_like
Model N: 3033682.4168013367
Done mass_function_like status = 0 

Pipeline ran okay.
Likelihood mass_function_like_m_n = -8.410784393548965
Posterior = -1.9416663661400317 for parameter set #566: [0.29351638725861473, 0.8255533261895601, -0.9995]
Running module mass_function_like
Model N: 3034063.3073146134
Done mass_function_like status = 0 

Pipeline ran okay.
Likelihood mass_function_like_m_n = -8.487600713968277
Posterior = -1.9279319301176177 for parameter set #566: [0.29510846824686704, 0.8238366186076993, -0.9995]
Running module mass_function_like
Model N: 3019862.8929060916
Done mass_function_like status = 0 

Pipeline ran okay.
Likelihood mass_function_like_m_n = -38.05908337235451
Posterior = -32.748039955793196 for parameter set #566: [0.2834575649812436, 0.8355891294897502, -0.9995]
Running module mass_function_like
Model N: 3029174.855940116
Done mass_function_like status = 0 

Pipeline ran okay.
Likelihood mass_function_like_m_n = -11.136235252022743
Posterior = -5.160650290380177 for parameter set #567: [0.31186355121089493, 0.8057095151999001, -0.9995]
Running module mass_function_like
Model N: 3031922.7317482983
Done mass_function_like status = 0 

Pipeline ran okay.
Likelihood mass_function_like_m_n = -8.676820389926434
Posterior = -2.092661672400725 for parameter set #567: [0.29563776477515274, 0.823034636762618, -0.9995]
Running module mass_function_like
Model N: 3031948.4055022667
Done mass_function_like status = 0 

Pipeline ran okay.
Likelihood mass_function_like_m_n = -8.665596932172775
Posterior = -2.023769588100384 for parameter set #567: [0.302737767493335, 0.8153852124274298, -0.9995]
Running module mass_function_like
Model N: 3028804.1007136656
Done mass_function_like status = 0 

Pipeline ran okay.
Likelihood mass_function_like_m_n = -11.65907970815897
Posterior = -5.235651304378836 for parameter set #567: [0.3071536814931903, 0.8104634644341662, -0.9995]
Running module mass_function_like
Model N: 3025492.8280398836
Done mass_function_like status = 0 

Pipeline ran okay.
Likelihood mass_function_like_m_n = -18.34566079825163
Posterior = -11.669112975614762 for parameter set #568: [0.300742479046618, 0.8168429722569497, -0.9995]
Model N: 3022724.889693968
Done mass_function_like status = 0 

Pipeline ran okay.
Likelihood mass_function_like_m_n = -26.72272317111492
Posterior = -21.9079470340179 for parameter set #568: [0.2806892358451915, 0.8391706229752133, -0.9995]
Model N: 3034669.7669866798
Done mass_function_like status = 0 

Pipeline ran okay.
Likelihood mass_function_like_m_n = -8.708555422723293
Posterior = -2.453331085775533 for parameter set #568: [0.29079044125527787, 0.8287051340505905, -0.9995]
Model N: 3031594.9137460133
Done mass_function_like status = 0 

Pipeline ran okay.
Likelihood mass_function_like_m_n = -8.83924812078476
Posterior = -2.474522314923721 for parameter set #568: [0.29206805960121784, 0.8269476491833108, -0.9995]
Running module mass_function_like
Running module mass_function_like
Running module mass_function_like
Running module mass_function_like
Model N: 3035973.4393198746
Done mass_function_like status = 0 

Pipeline ran okay.
Likelihood mass_function_like_m_n = -9.593565598130226
Posterior = -4.056168772110741 for parameter set #569: [0.3151122954728308, 0.8031432150506397, -0.9995]
Running module mass_function_like
Model N: 3031779.7770325285
Done mass_function_like status = 0 

Pipeline ran okay.
Likelihood mass_function_like_m_n = -8.743291281163692
Posterior = -3.945401437103114 for parameter set #569: [0.31939801203345136, 0.7985439983509462, -0.9995]
Running module mass_function_like
Model N: 3024750.7452735533
Done mass_function_like status = 0 

Pipeline ran okay.
Likelihood mass_function_like_m_n = -20.34226842969656
Posterior = -13.69365482143501 for parameter set #569: [0.30247752255483773, 0.8149294729541903, -0.9995]
Running module mass_function_like
Model N: 3031840.281370654
Done mass_function_like status = 0 

Pipeline ran okay.
Likelihood mass_function_like_m_n = -8.714334972202778
Posterior = -2.5888118453258446 for parameter set #569: [0.2894759221645479, 0.8298946414663846, -0.9995]
Running module mass_function_like
Model N: 3011843.815769081
Done mass_function_like status = 0 

Pipeline ran okay.
Likelihood mass_function_like_m_n = -84.35032107681036
Posterior = -81.39541707090896 for parameter set #570: [0.32729249051445763, 0.7891460661763591, -0.9995]
Running module mass_function_like
Model N: 3030987.8183987355
Done mass_function_like status = 0 

Pipeline ran okay.
Likelihood mass_function_like_m_n = -9.23372083902359
Posterior = -3.5596187584627916 for parameter set #570: [0.3141788724357715, 0.8035783722902377, -0.9995]
Running module mass_function_like
Model N: 3036112.9556122986
Done mass_function_like status = 0 

Pipeline ran okay.
Likelihood mass_function_like_m_n = -9.72141682356596
Posterior = -3.1467912587206435 for parameter set #570: [0.3045755575281026, 0.8138756595208568, -0.9995]
Running module mass_function_like
Model N: 3031882.438921726
Done mass_function_like status = 0 

Pipeline ran okay.
Likelihood mass_function_like_m_n = -8.694873198866844
Posterior = -2.1562643023572825 for parameter set #570: [0.2946953736832716, 0.8240641391439903, -0.9995]
Running module mass_function_like
Model N: 3035005.030692161
Done mass_function_like status = 0 

Pipeline ran okay.
Likelihood mass_function_like_m_n = -8.882702566683292
Posterior = -2.248707185596789 for parameter set #571: [0.30301027630704214, 0.8154076636587573, -0.9995]
Running module mass_function_like
Model N: 3033795.4682236714
Done mass_function_like status = 0 

Pipeline ran okay.
Likelihood mass_function_like_m_n = -8.428594775497913
Posterior = -1.75442178744572 for parameter set #571: [0.29898696394358276, 0.8195921663088221, -0.9995]
Running module mass_function_like
Model N: 3033481.2346923836
Done mass_function_like status = 0 

Pipeline ran okay.
Likelihood mass_function_like_m_n = -8.389507845044136
Posterior = -2.3703252926589506 for parameter set #571: [0.3114901840361677, 0.8065106360284703, -0.9995]
Running module mass_function_like
Model N: 3031441.040483891
Done mass_function_like status = 0 

Pipeline ran okay.
Likelihood mass_function_like_m_n = -8.927720203995705
Posterior = -2.505393109066672 for parameter set #571: [0.29283094004236027, 0.8260805943086443, -0.9995]
Running module mass_function_like
Model N: 3034998.827011947
Done mass_function_like status = 0 

Pipeline ran okay.
Likelihood mass_function_like_m_n = -8.87914403527975
Posterior = -2.590768732609291 for parameter set #572: [0.30884227228307, 0.8093487238706654, -0.9995]
Model N: 3032975.551582069
Done mass_function_like status = 0 

Pipeline ran okay.
Likelihood mass_function_like_m_n = -8.394945040345192
Posterior = -2.224238136123125 for parameter set #572: [0.3100856065170929, 0.8078804297809713, -0.9995]
Model N: 3030124.363969927
Done mass_function_like status = 0 

Pipeline ran okay.
Likelihood mass_function_like_m_n = -10.004398941993713
Posterior = -3.32757491599134 for parameter set #572: [0.2992957028598912, 0.8188835551178303, -0.9995]
Model N: 3034625.269352251
Done mass_function_like status = 0 

Pipeline ran okay.
Likelihood mass_function_like_m_n = -8.688224628567696
Posterior = -2.35686943017091 for parameter set #572: [0.2916579498933006, 0.8277247732858014, -0.9995]
Running module mass_function_like
Running module mass_function_like
Running module mass_function_like
Running module mass_function_like
Model N: 3030312.0436699768
Done mass_function_like status = 0 

Pipeline ran okay.
Likelihood mass_function_like_m_n = -9.815940149128437
Posterior = -3.152686148752611 for parameter set #573: [0.29820834166569776, 0.8200741361165763, -0.9995]
Running module mass_function_like
Model N: 3028006.2190061472
Done mass_function_like status = 0 

Pipeline ran okay.
Likelihood mass_function_like_m_n = -12.938432976603508
Posterior = -7.258105757314956 for parameter set #573: [0.2858651000780221, 0.8336216758217465, -0.9995]
Running module mass_function_like
Model N: 3030214.2719663554
Done mass_function_like status = 0 

Pipeline ran okay.
Likelihood mass_function_like_m_n = -9.91266579926014
Posterior = -5.122197644894515 for parameter set #573: [0.2805637655707461, 0.8401342493479516, -0.9995]
Running module mass_function_like
Model N: 3035870.4068281273
Done mass_function_like status = 0 

Pipeline ran okay.
Likelihood mass_function_like_m_n = -9.503259755671024
Posterior = -3.9544446380750005 for parameter set #573: [0.2849634506570545, 0.8355119220090544, -0.9995]
Running module mass_function_like
Model N: 3034705.586559505
Done mass_function_like status = 0 

Pipeline ran okay.
Likelihood mass_function_like_m_n = -8.725395023822784
Posterior = -2.074827151349938 for parameter set #574: [0.30239734544183156, 0.8160246997521169, -0.9995]
Running module mass_function_like
Model N: 3032998.705937959
Done mass_function_like status = 0 

Pipeline ran okay.
Likelihood mass_function_like_m_n = -8.392854265868664
Posterior = -2.122499425252819 for parameter set #574: [0.30904377529236937, 0.8089434347972122, -0.9995]
Running module mass_function_like
Model N: 3036216.965296635
Done mass_function_like status = 0 

Pipeline ran okay.
Likelihood mass_function_like_m_n = -9.820897564291954
Posterior = -3.1909741698609846 for parameter set #574: [0.29685736404019714, 0.8221475431591471, -0.9995]
Running module mass_function_like
Model N: 3014984.274780598
Done mass_function_like status = 0 

Pipeline ran okay.
Likelihood mass_function_like_m_n = -63.66633638739586
Posterior = -59.009863035991486 for parameter set #574: [0.279886169698907, 0.8392888177037496, -0.9995]
Running module mass_function_like
Model N: 3031689.093838074
Done mass_function_like status = 0 

Pipeline ran okay.
Likelihood mass_function_like_m_n = -8.788952849805355
Posterior = -2.1243555863841994 for parameter set #575: [0.3017150472232008, 0.816440625763405, -0.9995]
Running module mass_function_like
Model N: 3033026.860508236
Done mass_function_like status = 0 

Pipeline ran okay.
Likelihood mass_function_like_m_n = -8.390550136566162
Posterior = -3.8105782770813743 for parameter set #575: [0.3204906434199876, 0.7976096750852002, -0.9995]
Running module mass_function_like
Model N: 3030232.4694480244
Done mass_function_like status = 0 

Pipeline ran okay.
Likelihood mass_function_like_m_n = -9.894423842430115
Posterior = -3.5157534085543904 for parameter set #575: [0.3077541442394951, 0.8099884046464858, -0.9995]
Running module mass_function_like
Model N: 3029036.215232411
Done mass_function_like status = 0 

Pipeline ran okay.
Likelihood mass_function_like_m_n = -11.32642888277769
Posterior = -4.807281786811183 for parameter set #575: [0.30565963077141417, 0.8120326421076147, -0.9995]
Running module mass_function_like
Model N: 3016790.867417006
Done mass_function_like status = 0 

Pipeline ran okay.
Likelihood mass_function_like_m_n = -53.259160436689854
Posterior = -51.59364067232831 for parameter set #576: [0.33166633680724267, 0.7855980587608611, -0.9995]
Model N: 3028767.876845236
Done mass_function_like status = 0 

Pipeline ran okay.
Likelihood mass_function_like_m_n = -11.712600238621235
Posterior = -5.636973166512865 for parameter set #576: [0.31098796729337896, 0.8065500947020819, -0.9995]
Model N: 3035335.7904408495
Done mass_function_like status = 0 

Pipeline ran okay.
Likelihood mass_function_like_m_n = -9.090781547129154
Posterior = -2.44577275538499 for parameter set #576: [0.30261898478674604, 0.8158542253811993, -0.9995]
Model N: 3033036.375330704
Done mass_function_like status = 0 

Pipeline ran okay.
Likelihood mass_function_like_m_n = -8.38983055204153
Posterior = -1.9275344402058021 for parameter set #576: [0.29341200961636293, 0.8256018963758976, -0.9995]
Running module mass_function_like
Running module mass_function_like
Running module mass_function_like
Running module mass_function_like
Model N: 3030673.885672346
Done mass_function_like status = 0 

Pipeline ran okay.
Likelihood mass_function_like_m_n = -9.485435254871845
Posterior = -2.812649013885066 for parameter set #577: [0.29885825069972255, 0.8194104449663293, -0.9995]
Running module mass_function_like
Model N: 3021743.397958862
Done mass_function_like status = 0 

Pipeline ran okay.
Likelihood mass_function_like_m_n = -30.30378071218729
Posterior = -25.47354546023295 for parameter set #577: [0.280769456864894, 0.8389684867282736, -0.9995]
Running module mass_function_like
Model N: 3024838.34188074
Done mass_function_like status = 0 

Pipeline ran okay.
Likelihood mass_function_like_m_n = -20.097083881497383
Posterior = -16.887108786280862 for parameter set #577: [0.2736586670682986, 0.8479834665864331, -0.9995]
Running module mass_function_like
Model N: 3028848.6503216065
Done mass_function_like status = 0 

Pipeline ran okay.
Likelihood mass_function_like_m_n = -11.593852862715721
Posterior = -7.022250496583488 for parameter set #577: [0.27946855176964874, 0.8413007192330803, -0.9995]
Running module mass_function_like
Model N: 3033930.66288048
Done mass_function_like status = 0 

Pipeline ran okay.
Likelihood mass_function_like_m_n = -8.455423928797245
Posterior = -2.7664566068571332 for parameter set #578: [0.3140736411519556, 0.8039718318055256, -0.9995]
Running module mass_function_like
Model N: 3032267.055628165
Done mass_function_like status = 0 

Pipeline ran okay.
Likelihood mass_function_like_m_n = -8.544397301971912
Posterior = -2.232524161011767 for parameter set #578: [0.30857240989862306, 0.8093523798105472, -0.9995]
Running module mass_function_like
Model N: 3038216.9178131754
Done mass_function_like status = 0 

Pipeline ran okay.
Likelihood mass_function_like_m_n = -12.425741486251354
Posterior = -5.917869734617735 for parameter set #578: [0.29414453338022356, 0.8253307759714396, -0.9995]
Running module mass_function_like
Model N: 3029570.066019507
Done mass_function_like status = 0 

Pipeline ran okay.
Likelihood mass_function_like_m_n = -10.628938257694244
Posterior = -4.18559341164452 for parameter set #578: [0.2931303660612741, 0.8255525666732304, -0.9995]
Running module mass_function_like
Model N: 3031076.0482516265
Done mass_function_like status = 0 

Pipeline ran okay.
Likelihood mass_function_like_m_n = -9.168835267424583
Posterior = -3.466249484492854 for parameter set #579: [0.3139765404544792, 0.8037875757703852, -0.9995]
Running module mass_function_like
Model N: 3033518.3603701205
Done mass_function_like status = 0 

Pipeline ran okay.
Likelihood mass_function_like_m_n = -8.392430379986763
Posterior = -1.7247861442628754 for parameter set #579: [0.29847291371649715, 0.8201179822530392, -0.9995]
Running module mass_function_like
Model N: 3028380.6275996077
Done mass_function_like status = 0 

Pipeline ran okay.
Likelihood mass_function_like_m_n = -12.311872690916061
Posterior = -6.191029540182589 for parameter set #579: [0.28943154649367536, 0.82957968675414, -0.9995]
Running module mass_function_like
Model N: 3029081.1945029376
Done mass_function_like status = 0 

Pipeline ran okay.
Likelihood mass_function_like_m_n = -11.264027923345566
Posterior = -4.983058507359829 for parameter set #579: [0.29107436520661456, 0.8277981355613662, -0.9995]
Running module mass_function_like
Model N: 3033336.025835419
Done mass_function_like status = 0 

Pipeline ran okay.
Likelihood mass_function_like_m_n = -8.382440820336342
Posterior = -2.069442163378346 for parameter set #580: [0.3085592703117988, 0.8094726570209209, -0.9995]
Model N: 3035439.003363976
Done mass_function_like status = 0 

Pipeline ran okay.
Likelihood mass_function_like_m_n = -9.163085862994194
Posterior = -2.484936496083309 for parameter set #580: [0.30048058951285167, 0.8181371991140646, -0.9995]
Model N: 3033253.2951188264
Done mass_function_like status = 0 

Pipeline ran okay.
Likelihood mass_function_like_m_n = -8.381522759795189
Posterior = -2.172760110580823 for parameter set #580: [0.30970094375920026, 0.808298963556361, -0.9995]
Model N: 3034364.768981062
Done mass_function_like status = 0 

Pipeline ran okay.
Likelihood mass_function_like_m_n = -8.582288734614849
Posterior = -2.3696507052313596 for parameter set #580: [0.30966091267869356, 0.8084502362090561, -0.9995]
Running module mass_function_like
Running module mass_function_like
Running module mass_function_like
Running module mass_function_like
Model N: 2992598.791217768
Done mass_function_like status = 0 

Pipeline ran okay.
Likelihood mass_function_like_m_n = -283.3894842788577
Posterior = -285.82660064768504 for parameter set #581: [0.34269993107052404, 0.7736051948376745, -0.9995]
Running module mass_function_like
Model N: 3029799.068223971
Done mass_function_like status = 0 

Pipeline ran okay.
Likelihood mass_function_like_m_n = -10.358609341084957
Posterior = -6.4163636060331966 for parameter set #581: [0.3233968308249576, 0.7945120058210247, -0.9995]
Running module mass_function_like
Model N: 3026961.1989885196
Done mass_function_like status = 0 

Pipeline ran okay.
Likelihood mass_function_like_m_n = -14.932635687291622
Posterior = -8.52297296020272 for parameter set #581: [0.29265641135109954, 0.8258065974686988, -0.9995]
Running module mass_function_like
Model N: 3033530.508548221
Done mass_function_like status = 0 

Pipeline ran okay.
Likelihood mass_function_like_m_n = -8.393485337495804
Posterior = -1.992027757699974 for parameter set #581: [0.29254551653681665, 0.8266170196815226, -0.9995]
Running module mass_function_like
Model N: 3024914.0259660026
Done mass_function_like status = 0 

Pipeline ran okay.
Likelihood mass_function_like_m_n = -19.887291118502617
Posterior = -14.770317181556987 for parameter set #582: [0.3176767093168642, 0.7995486250498539, -0.9995]
Running module mass_function_like
Model N: 3025719.0791981006
Done mass_function_like status = 0 

Pipeline ran okay.
Likelihood mass_function_like_m_n = -17.7732255756855
Posterior = -11.514079876711428 for parameter set #582: [0.309166880596322, 0.8080930968590747, -0.9995]
Running module mass_function_like
Model N: 3034085.9253426422
Done mass_function_like status = 0 

Pipeline ran okay.
Likelihood mass_function_like_m_n = -8.49366595596075
Posterior = -1.994625838974729 for parameter set #582: [0.3060043997422586, 0.8121821645612582, -0.9995]
Running module mass_function_like
Model N: 3027892.260162159
Done mass_function_like status = 0 

Pipeline ran okay.
Likelihood mass_function_like_m_n = -13.138344556093216
Posterior = -7.056865558347296 for parameter set #582: [0.31093458001538493, 0.8065172624380571, -0.9995]
Running module mass_function_like
Model N: 3033526.4600891112
Done mass_function_like status = 0 

Pipeline ran okay.
Likelihood mass_function_like_m_n = -8.393128357827663
Posterior = -2.4909830710372063 for parameter set #583: [0.31246722833287127, 0.8055340901535222, -0.9995]
Running module mass_function_like
Model N: 3034283.9849676793
Done mass_function_like status = 0 

Pipeline ran okay.
Likelihood mass_function_like_m_n = -8.553978025913239
Posterior = -1.9204627248994566 for parameter set #583: [0.2969738176758028, 0.821821279997761, -0.9995]
Running module mass_function_like
Model N: 3041232.2105046418
Done mass_function_like status = 0 

Pipeline ran okay.
Likelihood mass_function_like_m_n = -18.837107837200165
Posterior = -12.646991033387971 for parameter set #583: [0.30989128297540824, 0.8088986441867937, -0.9995]
Running module mass_function_like
Model N: 3031564.0403880863
Done mass_function_like status = 0 

Pipeline ran okay.
Likelihood mass_function_like_m_n = -8.856372609734535
Posterior = -2.346311131442791 for parameter set #583: [0.305817950154796, 0.812122545439191, -0.9995]
Running module mass_function_like
Model N: 3026864.6694922275
Done mass_function_like status = 0 

Pipeline ran okay.
Likelihood mass_function_like_m_n = -15.135078117251396
Posterior = -9.128416597202238 for parameter set #584: [0.31159864369882134, 0.805747248371139, -0.9995]
Model N: 3035157.5096902237
Done mass_function_like status = 0 

Pipeline ran okay.
Likelihood mass_function_like_m_n = -8.974150821566582
Posterior = -2.306583403444165 for parameter set #584: [0.30153210836351624, 0.8169878580628455, -0.9995]
Model N: 3031860.8021251787
Done mass_function_like status = 0 

Pipeline ran okay.
Likelihood mass_function_like_m_n = -8.704788438975811
Posterior = -2.107852007764267 for parameter set #584: [0.3040587625478378, 0.813987474613235, -0.9995]
Model N: 3030644.6016583815
Done mass_function_like status = 0 

Pipeline ran okay.
Likelihood mass_function_like_m_n = -9.510574966669083
Posterior = -2.844572388920156 for parameter set #584: [0.29836894999700975, 0.8199349221714343, -0.9995]
Running module mass_function_like
Running module mass_function_like
Running module mass_function_like
Running module mass_function_like
Model N: 3036030.4977365998
Done mass_function_like status = 0 

Pipeline ran okay.
Likelihood mass_function_like_m_n = -9.645079180598259
Posterior = -4.157053706507725 for parameter set #585: [0.3154355351330601, 0.8028297066868959, -0.9995]
Running module mass_function_like
Model N: 3034877.393492299
Done mass_function_like status = 0 

Pipeline ran okay.
Likelihood mass_function_like_m_n = -8.812039740383625
Posterior = -2.138167555724282 for parameter set #585: [0.30104230644734226, 0.8174804436728422, -0.9995]
Running module mass_function_like
Model N: 3037146.6483975537
Done mass_function_like status = 0 

Pipeline ran okay.
Likelihood mass_function_like_m_n = -10.86817367374897
Posterior = -4.576942443407182 for parameter set #585: [0.29119008549453046, 0.828515477336269, -0.9995]
Running module mass_function_like
Model N: 3023092.054678026
Done mass_function_like status = 0 

Pipeline ran okay.
Likelihood mass_function_like_m_n = -25.465296052396297
Posterior = -19.474540098985997 for parameter set #585: [0.28826502454284714, 0.8303419378011957, -0.9995]
Running module mass_function_like
Model N: 3027824.5392815685
Done mass_function_like status = 0 

Pipeline ran okay.
Likelihood mass_function_like_m_n = -13.259178757667542
Posterior = -6.608384045601271 for parameter set #586: [0.30238786457923933, 0.8153360843385015, -0.9995]
Running module mass_function_like
Model N: 3035255.4831234105
Done mass_function_like status = 0 

Pipeline ran okay.
Likelihood mass_function_like_m_n = -9.036949500441551
Posterior = -2.3699055197672365 for parameter set #586: [0.3015659002289983, 0.8169619094176371, -0.9995]
Running module mass_function_like
Model N: 3037936.1778122424
Done mass_function_like status = 0 

Pipeline ran okay.
Likelihood mass_function_like_m_n = -11.980750620365143
Posterior = -6.466611538286887 for parameter set #586: [0.3152654191965497, 0.8031842145674156, -0.9995]
Running module mass_function_like
Model N: 3031932.6295953565
Done mass_function_like status = 0 

Pipeline ran okay.
Likelihood mass_function_like_m_n = -8.672467708587646
Posterior = -2.0432582565868174 for parameter set #586: [0.3031652723835199, 0.8149330257315919, -0.9995]
Running module mass_function_like
Model N: 3033410.9498053966
Done mass_function_like status = 0 

Pipeline ran okay.
Likelihood mass_function_like_m_n = -8.385219253599644
Posterior = -1.7227179426661579 for parameter set #587: [0.29816681220947144, 0.82043774711606, -0.9995]
Running module mass_function_like
Model N: 3034706.309173726
Done mass_function_like status = 0 

Pipeline ran okay.
Likelihood mass_function_like_m_n = -8.72573909163475
Posterior = -2.5508269513537734 for parameter set #587: [0.3100438245507299, 0.808094860382159, -0.9995]
Running module mass_function_like
Model N: 3030786.2797178975
Done mass_function_like status = 0 

Pipeline ran okay.
Likelihood mass_function_like_m_n = -9.391576662659645
Posterior = -2.859799950522115 for parameter set #587: [0.2945681037165154, 0.8240904457964597, -0.9995]
Running module mass_function_like
Model N: 3030314.86623969
Done mass_function_like status = 0 

Pipeline ran okay.
Likelihood mass_function_like_m_n = -9.813194677233696
Posterior = -3.200732989668065 for parameter set #587: [0.3036562962337472, 0.8142531131988137, -0.9995]
Running module mass_function_like
Model N: 3036132.629635365
Done mass_function_like status = 0 

Pipeline ran okay.
Likelihood mass_function_like_m_n = -9.739961184561253
Posterior = -3.261418944042177 for parameter set #588: [0.29366340852206607, 0.8256459287460518, -0.9995]
Model N: 3026030.9457814256
Done mass_function_like status = 0 

Pipeline ran okay.
Likelihood mass_function_like_m_n = -17.011976830661297
Posterior = -10.64767710575695 for parameter set #588: [0.29206268970739013, 0.8263709899159337, -0.9995]
Model N: 3031692.67991112
Done mass_function_like status = 0 

Pipeline ran okay.
Likelihood mass_function_like_m_n = -8.787095628678799
Posterior = -3.763396767692047 for parameter set #588: [0.31819673232931367, 0.7997013775873777, -0.9995]
Model N: 3028547.4412703426
Done mass_function_like status = 0 

Pipeline ran okay.
Likelihood mass_function_like_m_n = -12.04764649271965
Posterior = -5.984316674556501 for parameter set #588: [0.31109931871915614, 0.8064161004312472, -0.9995]
Running module mass_function_like
Running module mass_function_like
Running module mass_function_like
Running module mass_function_like
Model N: 3019174.465812054
Done mass_function_like status = 0 

Pipeline ran okay.
Likelihood mass_function_like_m_n = -41.19223004579544
Posterior = -39.69713662842112 for parameter set #589: [0.3322000334811499, 0.7853369452078875, -0.9995]
Running module mass_function_like
Model N: 3030799.7217489565
Done mass_function_like status = 0 

Pipeline ran okay.
Likelihood mass_function_like_m_n = -9.3806307092309
Posterior = -2.704926877636325 for parameter set #589: [0.3008485713541741, 0.8172710855405059, -0.9995]
Running module mass_function_like
Model N: 3035335.5125577613
Done mass_function_like status = 0 

Pipeline ran okay.
Likelihood mass_function_like_m_n = -9.090591616928577
Posterior = -2.728678348490419 for parameter set #589: [0.29203268012601424, 0.8273791913204755, -0.9995]
Running module mass_function_like
Model N: 3018883.813966985
Done mass_function_like status = 0 

Pipeline ran okay.
Likelihood mass_function_like_m_n = -42.5623781606555
Posterior = -40.18968040536503 for parameter set #589: [0.27065172426523243, 0.8510991642279655, -0.9995]
Running module mass_function_like
Model N: 3029523.317038482
Done mass_function_like status = 0 

Pipeline ran okay.
Likelihood mass_function_like_m_n = -10.686253815889359
Posterior = -5.221269734014012 for parameter set #590: [0.28441590479729506, 0.8355056706922257, -0.9995]
Running module mass_function_like
Model N: 3033831.5358396457
Done mass_function_like status = 0 

Pipeline ran okay.
Likelihood mass_function_like_m_n = -8.435163222253323
Posterior = -3.1006228666175506 for parameter set #590: [0.31639977952702064, 0.8016655747282835, -0.9995]
Running module mass_function_like
Model N: 3032985.8254155233
Done mass_function_like status = 0 

Pipeline ran okay.
Likelihood mass_function_like_m_n = -8.393995523452759
Posterior = -1.8863006618903597 for parameter set #590: [0.30585848677984, 0.8122232129200392, -0.9995]
Running module mass_function_like
Model N: 2987714.038739399
Done mass_function_like status = 0 

Pipeline ran okay.
Likelihood mass_function_like_m_n = -353.8067114725709
Posterior = -356.2298331773338 for parameter set #590: [0.2573328559590097, 0.8651465551800098, -0.9995]
Running module mass_function_like
Model N: 3031527.633265134
Done mass_function_like status = 0 

Pipeline ran okay.
Likelihood mass_function_like_m_n = -8.876970738172531
Posterior = -3.0833144619599073 for parameter set #591: [0.31330900388532196, 0.8044961894538084, -0.9995]
Running module mass_function_like
Model N: 3034552.053617627
Done mass_function_like status = 0 

Pipeline ran okay.
Likelihood mass_function_like_m_n = -8.656192056834698
Posterior = -2.1595472595535536 for parameter set #591: [0.30604416083553465, 0.8121878240938177, -0.9995]
Running module mass_function_like
Model N: 3030720.600399765
Done mass_function_like status = 0 

Pipeline ran okay.
Likelihood mass_function_like_m_n = -9.445917874574661
Posterior = -3.016757138294114 for parameter set #591: [0.29292690361963514, 0.8258985793029809, -0.9995]
Running module mass_function_like
Model N: 3028852.303828034
Done mass_function_like status = 0 

Pipeline ran okay.
Likelihood mass_function_like_m_n = -11.588532738387585
Posterior = -5.154263680581055 for parameter set #591: [0.2929994980108042, 0.8256227094827617, -0.9995]
Running module mass_function_like
Model N: 3034116.137586897
Done mass_function_like status = 0 

Pipeline ran okay.
Likelihood mass_function_like_m_n = -8.502030618488789
Posterior = -2.7774067495036032 for parameter set #592: [0.31381796171166365, 0.8042441086789609, -0.9995]
Model N: 3031902.009651646
Done mass_function_like status = 0 

Pipeline ran okay.
Likelihood mass_function_like_m_n = -8.686037816107273
Posterior = -2.086847142094463 for parameter set #592: [0.3040028371012918, 0.8140501953490364, -0.9995]
Model N: 3030600.106916076
Done mass_function_like status = 0 

Pipeline ran okay.
Likelihood mass_function_like_m_n = -9.549314819276333
Posterior = -3.7423272999792276 for parameter set #592: [0.31320845698038263, 0.8045050694915581, -0.9995]
Model N: 3019782.255494584
Done mass_function_like status = 0 

Pipeline ran okay.
Likelihood mass_function_like_m_n = -38.417925611138344
Posterior = -35.03432567687073 for parameter set #592: [0.3256737385826162, 0.7914089174393679, -0.9995]
Running module mass_function_like
Running module mass_function_like
Running module mass_function_like
Running module mass_function_like
Model N: 3033083.6005488746
Done mass_function_like status = 0 

Pipeline ran okay.
Likelihood mass_function_like_m_n = -8.386700764298439
Posterior = -2.9209671606831424 for parameter set #593: [0.3155792849302842, 0.8023994919030334, -0.9995]
Running module mass_function_like
Model N: 3033106.511654429
Done mass_function_like status = 0 

Pipeline ran okay.
Likelihood mass_function_like_m_n = -8.385447271168232
Posterior = -2.659782507849842 for parameter set #593: [0.313810426749321, 0.8041523337130081, -0.9995]
Running module mass_function_like
Model N: 3035551.150454303
Done mass_function_like status = 0 

Pipeline ran okay.
Likelihood mass_function_like_m_n = -9.245624363422394
Posterior = -2.854659582033973 for parameter set #593: [0.29240606272185793, 0.8269842060995838, -0.9995]
Running module mass_function_like
Model N: 3031913.6234595277
Done mass_function_like status = 0 

Pipeline ran okay.
Likelihood mass_function_like_m_n = -8.68085440248251
Posterior = -2.6240140956306472 for parameter set #593: [0.28884236681497066, 0.8306183392033413, -0.9995]
Running module mass_function_like
Model N: 3029638.642193833
Done mass_function_like status = 0 

Pipeline ran okay.
Likelihood mass_function_like_m_n = -10.546168774366379
Posterior = -4.307456923782322 for parameter set #594: [0.3093871438438552, 0.8082588214353357, -0.9995]
Running module mass_function_like
Model N: 3030920.251066876
Done mass_function_like status = 0 

Pipeline ran okay.
Likelihood mass_function_like_m_n = -9.285148710012436
Posterior = -2.6637591065287456 for parameter set #594: [0.2965966312328368, 0.8218843565552761, -0.9995]
Running module mass_function_like
Model N: 3024877.5083014355
Done mass_function_like status = 0 

Pipeline ran okay.
Likelihood mass_function_like_m_n = -19.988279312849045
Posterior = -14.574932136451535 for parameter set #594: [0.31591198932825615, 0.8012698713291168, -0.9995]
Running module mass_function_like
Model N: 3035925.9028523853
Done mass_function_like status = 0 

Pipeline ran okay.
Likelihood mass_function_like_m_n = -9.551466777920723
Posterior = -3.2221790757896827 for parameter set #594: [0.29163320256992964, 0.8278889982715453, -0.9995]
Running module mass_function_like
Model N: 3034491.8791635814
Done mass_function_like status = 0 

Pipeline ran okay.
Likelihood mass_function_like_m_n = -8.63118713349104
Posterior = -3.179821757902321 for parameter set #595: [0.31567124004488145, 0.8024467779431315, -0.9995]
Running module mass_function_like
Model N: 3030434.9799065837
Done mass_function_like status = 0 

Pipeline ran okay.
Likelihood mass_function_like_m_n = -9.698800466954708
Posterior = -3.0986419424102003 for parameter set #595: [0.3039785845162744, 0.8139273453096335, -0.9995]
Running module mass_function_like
Model N: 3036342.554624965
Done mass_function_like status = 0 

Pipeline ran okay.
Likelihood mass_function_like_m_n = -9.94576220959425
Posterior = -3.2994720588151356 for parameter set #595: [0.30256959325696053, 0.8160086490135001, -0.9995]
Running module mass_function_like
Model N: 3030729.0791338068
Done mass_function_like status = 0 

Pipeline ran okay.
Likelihood mass_function_like_m_n = -9.438822738826275
Posterior = -3.0036356699697837 for parameter set #595: [0.29301262381929083, 0.825804140138934, -0.9995]
Running module mass_function_like
Model N: 3025771.0662717745
Done mass_function_like status = 0 

Pipeline ran okay.
Likelihood mass_function_like_m_n = -17.644090086221695
Posterior = -11.532840693387113 for parameter set #596: [0.3106588442663885, 0.8065854419553953, -0.9995]
Model N: 3024723.961210276
Done mass_function_like status = 0 

Pipeline ran okay.
Likelihood mass_function_like_m_n = -20.417745359241962
Posterior = -13.772590089833356 for parameter set #596: [0.3026133858843115, 0.8147835487562816, -0.9995]
Model N: 3016659.5597948898
Done mass_function_like status = 0 

Pipeline ran okay.
Likelihood mass_function_like_m_n = -53.97890608757734
Posterior = -50.13906764089797 for parameter set #596: [0.32383050881383285, 0.7928443748235251, -0.9995]
Model N: 3033086.4686205518
Done mass_function_like status = 0 

Pipeline ran okay.
Likelihood mass_function_like_m_n = -8.386534370481968
Posterior = -1.7080027917178953 for parameter set #596: [0.3003930952928051, 0.8179904803681609, -0.9995]
Running module mass_function_like
Running module mass_function_like
Running module mass_function_like
Running module mass_function_like
Model N: 3035350.831697843
Done mass_function_like status = 0 

Pipeline ran okay.
Likelihood mass_function_like_m_n = -9.1011001765728
Posterior = -3.484166793588094 for parameter set #597: [0.31457649351061834, 0.8036123676843129, -0.9995]
Running module mass_function_like
Model N: 3029550.4716506787
Done mass_function_like status = 0 

Pipeline ran okay.
Likelihood mass_function_like_m_n = -10.652873575687408
Posterior = -4.029752054188959 for parameter set #597: [0.3033520941756386, 0.8144952723208451, -0.9995]
Running module mass_function_like
Model N: 3040069.1984735127
Done mass_function_like status = 0 

Pipeline ran okay.
Likelihood mass_function_like_m_n = -16.010649606585503
Posterior = -9.416740654750068 for parameter set #597: [0.2958673193572509, 0.823627214885469, -0.9995]
Running module mass_function_like
Model N: 3027043.1018618597
Done mass_function_like status = 0 

Pipeline ran okay.
Likelihood mass_function_like_m_n = -14.763287350535393
Posterior = -10.96922224572651 for parameter set #597: [0.27597818036242333, 0.8453539299844234, -0.9995]
Running module mass_function_like
Model N: 3035295.0943245376
Done mass_function_like status = 0 

Pipeline ran okay.
Likelihood mass_function_like_m_n = -9.063236527144909
Posterior = -2.3914401111629875 for parameter set #598: [0.29877461986891596, 0.8199748826294159, -0.9995]
Running module mass_function_like
Model N: 3031930.2469686614
Done mass_function_like status = 0 

Pipeline ran okay.
Likelihood mass_function_like_m_n = -8.673512548208237
Posterior = -2.025473464185213 for parameter set #598: [0.3025006044984034, 0.8156336151795939, -0.9995]
Running module mass_function_like
Model N: 3031313.981114523
Done mass_function_like status = 0 

Pipeline ran okay.
Likelihood mass_function_like_m_n = -9.006666161119938
Posterior = -3.2565135370853877 for parameter set #598: [0.28636804068172406, 0.8333927098136316, -0.9995]
Running module mass_function_like
Model N: 3026846.7413298683
Done mass_function_like status = 0 

Pipeline ran okay.
Likelihood mass_function_like_m_n = -15.173016883432865
Posterior = -10.03961065158387 for parameter set #598: [0.3175835034419265, 0.7998272689171212, -0.9995]
Running module mass_function_like
Model N: 3022861.799961047
Done mass_function_like status = 0 

Pipeline ran okay.
Likelihood mass_function_like_m_n = -26.248615488409996
Posterior = -22.070657851693113 for parameter set #599: [0.32236670097083303, 0.7948256115573329, -0.9995]
Running module mass_function_like
Model N: 3027075.3534017773
Done mass_function_like status = 0 

Pipeline ran okay.
Likelihood mass_function_like_m_n = -14.697211109101772
Posterior = -9.895352955606118 for parameter set #599: [0.3193775439352594, 0.7981082477811059, -0.9995]
Running module mass_function_like
Model N: 3034731.49840549
Done mass_function_like status = 0 

Pipeline ran okay.
Likelihood mass_function_like_m_n = -8.737840205430984
Posterior = -2.152084265817777 for parameter set #599: [0.29567453450604464, 0.8232852332711132, -0.9995]
Running module mass_function_like
Model N: 3030356.3294384615
Done mass_function_like status = 0 

Pipeline ran okay.
Likelihood mass_function_like_m_n = -9.773167252540588
Posterior = -3.280233693033477 for parameter set #599: [0.29389474588893977, 0.8247881517759085, -0.9995]
Running module mass_function_like
Model N: 3029000.3799013463
Done mass_function_like status = 0 

Pipeline ran okay.
Likelihood mass_function_like_m_n = -11.376622922718525
Posterior = -7.711038471608009 for parameter set #600: [0.32455084416959906, 0.7933437710177931, -0.9995]
Model N: 3035519.304213658
Done mass_function_like status = 0 

Pipeline ran okay.
Likelihood mass_function_like_m_n = -9.221765108406544
Posterior = -3.806017730302539 for parameter set #600: [0.31589689793768705, 0.8023247751275889, -0.9995]
Model N: 3027652.3357684514
Done mass_function_like status = 0 

Pipeline ran okay.
Likelihood mass_function_like_m_n = -13.573276177048683
Posterior = -7.426091763022496 for parameter set #600: [0.31031619876004735, 0.8071182232058695, -0.9995]
Model N: 3033716.15857252
Done mass_function_like status = 0 

Pipeline ran okay.
Likelihood mass_function_like_m_n = -8.415659166872501
Posterior = -1.9559754028943281 for parameter set #600: [0.29337247505727776, 0.8257166571889668, -0.9995]
Running module mass_function_like
Running module mass_function_like
Running module mass_function_like
Running module mass_function_like
Model N: 3023616.2240799917
Done mass_function_like status = 0 

Pipeline ran okay.
Likelihood mass_function_like_m_n = -23.747707918286324
Posterior = -20.807209901929717 for parameter set #601: [0.32734522328288285, 0.7902125753912927, -0.9995]
Running module mass_function_like
Model N: 3018376.216111708
Done mass_function_like status = 0 

Pipeline ran okay.
Likelihood mass_function_like_m_n = -45.02265323698521
Posterior = -39.47349672848257 for parameter set #601: [0.3150342787642611, 0.8014969999636725, -0.9995]
Running module mass_function_like
Model N: 3035167.0960077005
Done mass_function_like status = 0 

Pipeline ran okay.
Likelihood mass_function_like_m_n = -8.980155929923058
Posterior = -2.5737622616018108 for parameter set #601: [0.29261202964287275, 0.8267140593549832, -0.9995]
Running module mass_function_like
Model N: 3031971.176134912
Done mass_function_like status = 0 

Pipeline ran okay.
Likelihood mass_function_like_m_n = -8.655824586749077
Posterior = -3.439955516353189 for parameter set #601: [0.28289190175434853, 0.8375588146523676, -0.9995]
Running module mass_function_like
Model N: 3032291.2896118914
Done mass_function_like status = 0 

Pipeline ran okay.
Likelihood mass_function_like_m_n = -8.536550529301167
Posterior = -2.9987767722341907 for parameter set #602: [0.31510980106581965, 0.80278497020222, -0.9995]
Running module mass_function_like
Model N: 3030330.164433711
Done mass_function_like status = 0 

Pipeline ran okay.
Likelihood mass_function_like_m_n = -9.798360109329224
Posterior = -4.602788552210898 for parameter set #602: [0.3172263324082166, 0.80051494171996, -0.9995]
Running module mass_function_like
Model N: 3026987.6171759986
Done mass_function_like status = 0 

Pipeline ran okay.
Likelihood mass_function_like_m_n = -14.877768896520138
Posterior = -11.447422003532242 for parameter set #602: [0.2745089925451256, 0.8471640116355714, -0.9995]
Running module mass_function_like
Model N: 3034540.2781239813
Done mass_function_like status = 0 

Pipeline ran okay.
Likelihood mass_function_like_m_n = -8.651204995810986
Posterior = -2.1505580036421232 for parameter set #602: [0.3059775782076245, 0.8122556204975078, -0.9995]
Running module mass_function_like
Model N: 3032981.9815065046
Done mass_function_like status = 0 

Pipeline ran okay.
Likelihood mass_function_like_m_n = -8.394346706569195
Posterior = -1.716887196371152 for parameter set #603: [0.3006074023562939, 0.8177508169511476, -0.9995]
Running module mass_function_like
Model N: 3031930.612244326
Done mass_function_like status = 0 

Pipeline ran okay.
Likelihood mass_function_like_m_n = -8.673352234065533
Posterior = -2.047719488436581 for parameter set #603: [0.30327632271552263, 0.8148159737533929, -0.9995]
Running module mass_function_like
Model N: 3031139.7926915525
Done mass_function_like status = 0 

Pipeline ran okay.
Likelihood mass_function_like_m_n = -9.123555831611156
Posterior = -2.6025331929709736 for parameter set #603: [0.3056263942213467, 0.8122786293175772, -0.9995]
Running module mass_function_like
Model N: 3024409.617838545
Done mass_function_like status = 0 

Pipeline ran okay.
Likelihood mass_function_like_m_n = -21.32133536040783
Posterior = -15.572733900547805 for parameter set #603: [0.28635666654772246, 0.832669648485497, -0.9995]
Running module mass_function_like
Model N: 3016607.663323605
Done mass_function_like status = 0 

Pipeline ran okay.
Likelihood mass_function_like_m_n = -54.26495434343815
Posterior = -49.57474091924603 for parameter set #604: [0.3199453792850278, 0.7965486647400464, -0.9995]
Model N: 3026710.0976347895
Done mass_function_like status = 0 

Pipeline ran okay.
Likelihood mass_function_like_m_n = -15.46567253768444
Posterior = -9.000362999612232 for parameter set #604: [0.2934579107276346, 0.8248911505687194, -0.9995]
Model N: 3035136.661416218
Done mass_function_like status = 0 

Pipeline ran okay.
Likelihood mass_function_like_m_n = -8.961195394396782
Posterior = -3.4665619794135996 for parameter set #604: [0.3153926656776987, 0.8027844142379919, -0.9995]
Model N: 3029934.667187399
Done mass_function_like status = 0 

Pipeline ran okay.
Likelihood mass_function_like_m_n = -10.206707991659641
Posterior = -4.5963589570913275 for parameter set #604: [0.31462159474025925, 0.8030364119665556, -0.9995]
Running module mass_function_like
Running module mass_function_like
Running module mass_function_like
Running module mass_function_like
Model N: 3032623.4951728685
Done mass_function_like status = 0 

Pipeline ran okay.
Likelihood mass_function_like_m_n = -8.448515020310879
Posterior = -3.0141901184227144 for parameter set #605: [0.31577960263391974, 0.8021572077285417, -0.9995]
Running module mass_function_like
Model N: 3037163.034992456
Done mass_function_like status = 0 

Pipeline ran okay.
Likelihood mass_function_like_m_n = -10.889182418584824
Posterior = -4.246191087925865 for parameter set #605: [0.2973050837619235, 0.8217581519704569, -0.9995]
Running module mass_function_like
Model N: 3034788.6203070083
Done mass_function_like status = 0 

Pipeline ran okay.
Likelihood mass_function_like_m_n = -8.766056314110756
Posterior = -2.292901896653923 for parameter set #605: [0.2935789443102654, 0.8255993903417986, -0.9995]
Running module mass_function_like
Model N: 3031012.7878763466
Done mass_function_like status = 0 

Pipeline ran okay.
Likelihood mass_function_like_m_n = -9.215097144246101
Posterior = -3.563034911851908 for parameter set #605: [0.2856665289206277, 0.8341732522595514, -0.9995]
Running module mass_function_like
Model N: 3034952.326376237
Done mass_function_like status = 0 

Pipeline ran okay.
Likelihood mass_function_like_m_n = -8.852873995900154
Posterior = -2.177904340013736 for parameter set #606: [0.30093107920434103, 0.8176066592904011, -0.9995]
Running module mass_function_like
Model N: 3030985.294798035
Done mass_function_like status = 0 

Pipeline ran okay.
Likelihood mass_function_like_m_n = -9.235614538192749
Posterior = -2.611152868922197 for parameter set #606: [0.29668812654107535, 0.821791374683221, -0.9995]
Running module mass_function_like
Model N: 3036517.0792011707
Done mass_function_like status = 0 

Pipeline ran okay.
Likelihood mass_function_like_m_n = -10.127895936369896
Posterior = -3.471650217126431 for parameter set #606: [0.3021474859285562, 0.8164730660418189, -0.9995]
Running module mass_function_like
Model N: 3023707.079572901
Done mass_function_like status = 0 

Pipeline ran okay.
Likelihood mass_function_like_m_n = -23.45926509052515
Posterior = -17.47874067298718 for parameter set #606: [0.31182184233334403, 0.8052112021555502, -0.9995]
Running module mass_function_like
Model N: 3031390.491890553
Done mass_function_like status = 0 

Pipeline ran okay.
Likelihood mass_function_like_m_n = -8.958489321172237
Posterior = -2.617643174844023 for parameter set #607: [0.30822749113620895, 0.8096182024676626, -0.9995]
Running module mass_function_like
Model N: 3031581.4836246925
Done mass_function_like status = 0 

Pipeline ran okay.
Likelihood mass_function_like_m_n = -8.84665872901678
Posterior = -2.915974020249486 for parameter set #607: [0.31223617170149964, 0.805573565690135, -0.9995]
Running module mass_function_like
Model N: 3031392.916000032
Done mass_function_like status = 0 

Pipeline ran okay.
Likelihood mass_function_like_m_n = -8.956994503736496
Posterior = -5.443868142950946 for parameter set #607: [0.32516417229922195, 0.7929938123545892, -0.9995]
Running module mass_function_like
Model N: 3030642.894961551
Done mass_function_like status = 0 

Pipeline ran okay.
Likelihood mass_function_like_m_n = -9.512048855423927
Posterior = -3.1312681108397307 for parameter set #607: [0.2922731189510126, 0.8266188631779535, -0.9995]
Running module mass_function_like
Model N: 3033326.5730235185
Done mass_function_like status = 0 

Pipeline ran okay.
Likelihood mass_function_like_m_n = -8.38222175091505
Posterior = -2.098609305444837 for parameter set #608: [0.30889597384033907, 0.8091269680254936, -0.9995]
Model N: 3035700.565036077
Done mass_function_like status = 0 

Pipeline ran okay.
Likelihood mass_function_like_m_n = -9.362023457884789
Posterior = -2.6981208441336815 for parameter set #608: [0.30175508316378985, 0.8168061992729213, -0.9995]
Model N: 3030671.1900582025
Done mass_function_like status = 0 

Pipeline ran okay.
Likelihood mass_function_like_m_n = -9.48773755133152
Posterior = -5.025645147451474 for parameter set #608: [0.32105807111029, 0.7968366018201157, -0.9995]
Model N: 3033765.4610373056
Done mass_function_like status = 0 

Pipeline ran okay.
Likelihood mass_function_like_m_n = -8.423456743359566
Posterior = -1.8014385046543744 for parameter set #608: [0.2966151526000421, 0.8221579285534579, -0.9995]
Running module mass_function_like
Running module mass_function_like
Running module mass_function_like
Running module mass_function_like
Model N: 3035180.5175976697
Done mass_function_like status = 0 

Pipeline ran okay.
Likelihood mass_function_like_m_n = -8.98861439526081
Posterior = -2.314446487007501 for parameter set #609: [0.2989864626245777, 0.8197348195210704, -0.9995]
Running module mass_function_like
Model N: 3035465.820056381
Done mass_function_like status = 0 

Pipeline ran okay.
Likelihood mass_function_like_m_n = -9.182445883750916
Posterior = -2.5905815957816394 for parameter set #609: [0.29581813653161837, 0.823204127376592, -0.9995]
Running module mass_function_like
Model N: 3034997.020954347
Done mass_function_like status = 0 

Pipeline ran okay.
Likelihood mass_function_like_m_n = -8.8781104311347
Posterior = -2.503141891061464 for parameter set #609: [0.2921982609856909, 0.8271583153344484, -0.9995]
Running module mass_function_like
Model N: 3027158.249084052
Done mass_function_like status = 0 

Pipeline ran okay.
Likelihood mass_function_like_m_n = -14.528956100344658
Posterior = -10.524897715913227 for parameter set #609: [0.27686887026590024, 0.8442733149425486, -0.9995]
Running module mass_function_like
Model N: 3029655.455891815
Done mass_function_like status = 0 

Pipeline ran okay.
Likelihood mass_function_like_m_n = -10.526112355291843
Posterior = -4.655844121235596 for parameter set #610: [0.31272034562623163, 0.8048989936337164, -0.9995]
Running module mass_function_like
Model N: 3031111.2061985875
Done mass_function_like status = 0 

Pipeline ran okay.
Likelihood mass_function_like_m_n = -9.143695704638958
Posterior = -3.060982357081393 for parameter set #610: [0.3109232856847437, 0.8068476019551907, -0.9995]
Running module mass_function_like
Model N: 3028449.623266029
Done mass_function_like status = 0 

Pipeline ran okay.
Likelihood mass_function_like_m_n = -12.201470278203487
Posterior = -5.921596346611095 for parameter set #610: [0.2910621001715413, 0.827745414656079, -0.9995]
Running module mass_function_like
Model N: 3027007.1832128437
Done mass_function_like status = 0 

Pipeline ran okay.
Likelihood mass_function_like_m_n = -14.837281972169876
Posterior = -8.901233057345145 for parameter set #610: [0.287807746037049, 0.8312792258170227, -0.9995]
Running module mass_function_like
Model N: 3031232.67606296
Done mass_function_like status = 0 

Pipeline ran okay.
Likelihood mass_function_like_m_n = -9.059979647397995
Posterior = -2.7882459648734184 for parameter set #611: [0.309028516110476, 0.8087830818989409, -0.9995]
Running module mass_function_like
Model N: 3035560.133540022
Done mass_function_like status = 0 

Pipeline ran okay.
Likelihood mass_function_like_m_n = -9.252414867281914
Posterior = -2.5900760350607683 for parameter set #611: [0.3018420296462899, 0.8166995929211582, -0.9995]
Running module mass_function_like
Model N: 3012149.6155710467
Done mass_function_like status = 0 

Pipeline ran okay.
Likelihood mass_function_like_m_n = -82.19141608476639
Posterior = -83.31803096165463 for parameter set #611: [0.3395118186754253, 0.77816312009278, -0.9995]
Running module mass_function_like
Model N: 3033503.954101718
Done mass_function_like status = 0 

Pipeline ran okay.
Likelihood mass_function_like_m_n = -8.391242370009422
Posterior = -2.25701986830785 for parameter set #611: [0.3104410889911793, 0.8075724974475188, -0.9995]
Running module mass_function_like
Model N: 3011389.0323532224
Done mass_function_like status = 0 

Pipeline ran okay.
Likelihood mass_function_like_m_n = -87.61886375397444
Posterior = -87.98244648189323 for parameter set #612: [0.3375310189742538, 0.7798373365827499, -0.9995]
Model N: 3020073.6969098765
Done mass_function_like status = 0 

Pipeline ran okay.
Likelihood mass_function_like_m_n = -37.13120749592781
Posterior = -35.136677809017534 for parameter set #612: [0.3306097190820168, 0.786868894646356, -0.9995]
Model N: 3022935.2666777624
Done mass_function_like status = 0 

Pipeline ran okay.
Likelihood mass_function_like_m_n = -25.996772296726704
Posterior = -20.712972342167923 for parameter set #612: [0.28329368835588525, 0.8361120284357617, -0.9995]
Model N: 3030845.200035092
Done mass_function_like status = 0 

Pipeline ran okay.
Likelihood mass_function_like_m_n = -9.344039790332317
Posterior = -2.6673248008396193 for parameter set #612: [0.3007196122313442, 0.8174131926230888, -0.9995]
Running module mass_function_like
Running module mass_function_like
Running module mass_function_like
Running module mass_function_like
Model N: 3030431.5587398
Done mass_function_like status = 0 

Pipeline ran okay.
Likelihood mass_function_like_m_n = -9.70199279487133
Posterior = -5.191856112708251 for parameter set #613: [0.3208286702223023, 0.7970339470968637, -0.9995]
Running module mass_function_like
Model N: 3030613.6148400027
Done mass_function_like status = 0 

Pipeline ran okay.
Likelihood mass_function_like_m_n = -9.537484869360924
Posterior = -2.8585973619951037 for parameter set #613: [0.30028868354451854, 0.8178492738359061, -0.9995]
Running module mass_function_like
Model N: 3034351.25448487
Done mass_function_like status = 0 

Pipeline ran okay.
Likelihood mass_function_like_m_n = -8.577402830123901
Posterior = -2.040186209243773 for parameter set #613: [0.29466919185432316, 0.824349509790478, -0.9995]
Running module mass_function_like
Model N: 2964662.737544306
Done mass_function_like status = 0 

Pipeline ran okay.
Likelihood mass_function_like_m_n = -795.9653839617968
Posterior = -801.7181341720022 for parameter set #613: [0.2501360763507008, 0.8725083449849361, -0.9995]
Running module mass_function_like
Model N: 3033095.4118294013
Done mass_function_like status = 0 

Pipeline ran okay.
Likelihood mass_function_like_m_n = -8.386032946407795
Posterior = -2.1742051442581793 for parameter set #614: [0.3096692956947296, 0.8083154690417883, -0.9995]
Running module mass_function_like
Model N: 3022593.1031940323
Done mass_function_like status = 0 

Pipeline ran okay.
Likelihood mass_function_like_m_n = -27.184965521097183
Posterior = -24.09391152509825 for parameter set #614: [0.32678899103106074, 0.7906335287018403, -0.9995]
Running module mass_function_like
Model N: 3036928.790409409
Done mass_function_like status = 0 

Pipeline ran okay.
Likelihood mass_function_like_m_n = -10.597255662083626
Posterior = -4.005385836431227 for parameter set #614: [0.3041817310448617, 0.8143707107995245, -0.9995]
Running module mass_function_like
Model N: 3035003.121015889
Done mass_function_like status = 0 

Pipeline ran okay.
Likelihood mass_function_like_m_n = -8.881605803966522
Posterior = -2.2028534259931902 for parameter set #614: [0.30033221087786777, 0.8182514877047663, -0.9995]
Running module mass_function_like
Model N: 3034424.56869169
Done mass_function_like status = 0 

Pipeline ran okay.
Likelihood mass_function_like_m_n = -8.604630276560783
Posterior = -2.0923970305212833 for parameter set #615: [0.30578050088263464, 0.8124489348937091, -0.9995]
Running module mass_function_like
Model N: 3031701.714670015
Done mass_function_like status = 0 

Pipeline ran okay.
Likelihood mass_function_like_m_n = -8.782435342669487
Posterior = -2.2230913608836698 for parameter set #615: [0.304898167341453, 0.8130936287072634, -0.9995]
Running module mass_function_like
Model N: 3035156.53992599
Done mass_function_like status = 0 

Pipeline ran okay.
Likelihood mass_function_like_m_n = -8.973545022308826
Posterior = -3.212366000837477 for parameter set #615: [0.3135508315378714, 0.8046122129064498, -0.9995]
Running module mass_function_like
Model N: 3035616.0935858362
Done mass_function_like status = 0 

Pipeline ran okay.
Likelihood mass_function_like_m_n = -9.29531441628933
Posterior = -2.74092453923822 for parameter set #615: [0.29500171386855273, 0.8241151438211616, -0.9995]
Running module mass_function_like
Model N: 3025871.4568925183
Done mass_function_like status = 0 

Pipeline ran okay.
Likelihood mass_function_like_m_n = -17.39725462347269
Posterior = -10.80565292194594 for parameter set #616: [0.2958118620657039, 0.8222176791519279, -0.9995]
Model N: 3014278.8338154126
Done mass_function_like status = 0 

Pipeline ran okay.
Likelihood mass_function_like_m_n = -68.02573609352112
Posterior = -64.09825304266045 for parameter set #616: [0.32345984291272867, 0.79296664853574, -0.9995]
Model N: 3036034.131971106
Done mass_function_like status = 0 

Pipeline ran okay.
Likelihood mass_function_like_m_n = -9.648396544158459
Posterior = -3.0743420881387618 for parameter set #616: [0.304588022281779, 0.8138547524922, -0.9995]
Model N: 3029077.2183202407
Done mass_function_like status = 0 

Pipeline ran okay.
Likelihood mass_function_like_m_n = -11.269517242908478
Posterior = -5.94928947333055 for parameter set #616: [0.31648682157804997, 0.801116434899621, -0.9995]
Running module mass_function_like
Running module mass_function_like
Running module mass_function_like
Running module mass_function_like
Model N: 3033984.6903984253
Done mass_function_like status = 0 

Pipeline ran okay.
Likelihood mass_function_like_m_n = -8.467830069363117
Posterior = -3.1991646893188808 for parameter set #617: [0.3167966593003845, 0.8012914321805988, -0.9995]
Running module mass_function_like
Model N: 3032617.491009714
Done mass_function_like status = 0 

Pipeline ran okay.
Likelihood mass_function_like_m_n = -8.449783138930798
Posterior = -1.9002598057310163 for parameter set #617: [0.30509472011224203, 0.8129808316795768, -0.9995]
Running module mass_function_like
Model N: 3028973.786931835
Done mass_function_like status = 0 

Pipeline ran okay.
Likelihood mass_function_like_m_n = -11.414145737886429
Posterior = -6.973562498361595 for parameter set #617: [0.27884003327608775, 0.8420731525992536, -0.9995]
Running module mass_function_like
Model N: 3029280.1542929476
Done mass_function_like status = 0 

Pipeline ran okay.
Likelihood mass_function_like_m_n = -10.996027752757072
Posterior = -5.682434198538193 for parameter set #617: [0.28347298790409275, 0.8365844666577146, -0.9995]
Running module mass_function_like
Model N: 3034805.6819841056
Done mass_function_like status = 0 

Pipeline ran okay.
Likelihood mass_function_like_m_n = -8.774692580103874
Posterior = -2.1028895879147633 for parameter set #618: [0.2987751566531929, 0.8199238964752043, -0.9995]
Running module mass_function_like
Model N: 3034970.2124720723
Done mass_function_like status = 0 

Pipeline ran okay.
Likelihood mass_function_like_m_n = -8.862894289195538
Posterior = -2.5526810586145032 for parameter set #618: [0.2914082485169883, 0.8280412088417415, -0.9995]
Running module mass_function_like
Model N: 3038152.7728342786
Done mass_function_like status = 0 

Pipeline ran okay.
Likelihood mass_function_like_m_n = -12.32178469747305
Posterior = -5.648220140496241 for parameter set #618: [0.29892858585659965, 0.8201021946524871, -0.9995]
Running module mass_function_like
Model N: 3035750.912197807
Done mass_function_like status = 0 

Pipeline ran okay.
Likelihood mass_function_like_m_n = -9.402900867164135
Posterior = -2.767314664027289 for parameter set #618: [0.30295695773298686, 0.8155394818459918, -0.9995]
Running module mass_function_like
Model N: 3030337.200155115
Done mass_function_like status = 0 

Pipeline ran okay.
Likelihood mass_function_like_m_n = -9.79156357049942
Posterior = -3.211687813414679 for parameter set #619: [0.304459337197958, 0.8134142683129317, -0.9995]
Running module mass_function_like
Model N: 3034290.779011998
Done mass_function_like status = 0 

Pipeline ran okay.
Likelihood mass_function_like_m_n = -8.556276187300682
Posterior = -4.1378611475799065 for parameter set #619: [0.32126447346439324, 0.7969874475638976, -0.9995]
Running module mass_function_like
Model N: 3031265.370692526
Done mass_function_like status = 0 

Pipeline ran okay.
Likelihood mass_function_like_m_n = -9.038278751075268
Posterior = -2.586519022548792 for parameter set #619: [0.3067460280133383, 0.8111306424648772, -0.9995]
Running module mass_function_like
Model N: 3033457.48734563
Done mass_function_like status = 0 

Pipeline ran okay.
Likelihood mass_function_like_m_n = -8.387876696884632
Posterior = -1.7320364282832408 for parameter set #619: [0.3021662839014685, 0.8161421187783764, -0.9995]
Running module mass_function_like
Model N: 3030792.9681234076
Done mass_function_like status = 0 

Pipeline ran okay.
Likelihood mass_function_like_m_n = -9.386122778058052
Posterior = -5.594578494672778 for parameter set #620: [0.32403231122853116, 0.7940050799787507, -0.9995]
Model N: 3027479.2498465776
Done mass_function_like status = 0 

Pipeline ran okay.
Likelihood mass_function_like_m_n = -13.898871183395386
Posterior = -9.024706317386741 for parameter set #620: [0.3190007333137516, 0.7985119513518345, -0.9995]
Model N: 3027433.1055913805
Done mass_function_like status = 0 

Pipeline ran okay.
Likelihood mass_function_like_m_n = -13.987347841262817
Posterior = -7.7852972727010705 for parameter set #620: [0.2902301112621642, 0.8285760421047926, -0.9995]
Model N: 3029032.799263823
Done mass_function_like status = 0 

Pipeline ran okay.
Likelihood mass_function_like_m_n = -11.331195272505283
Posterior = -4.705392794566391 for parameter set #620: [0.29672886196037807, 0.8215454920359815, -0.9995]
Running module mass_function_like
Running module mass_function_like
Running module mass_function_like
Running module mass_function_like
Model N: 3033491.8129063374
Done mass_function_like status = 0 

Pipeline ran okay.
Likelihood mass_function_like_m_n = -8.390294276177883
Posterior = -2.4093860467746264 for parameter set #621: [0.3118185952541488, 0.8061813519169423, -0.9995]
Running module mass_function_like
Model N: 3033855.9196345806
Done mass_function_like status = 0 

Pipeline ran okay.
Likelihood mass_function_like_m_n = -8.439846754074097
Posterior = -2.9218739248546495 for parameter set #621: [0.31524028457142944, 0.8028095126880507, -0.9995]
Running module mass_function_like
Model N: 3026768.0456502223
Done mass_function_like status = 0 

Pipeline ran okay.
Likelihood mass_function_like_m_n = -15.340807855129242
Posterior = -12.161805275909572 for parameter set #621: [0.2735413469009077, 0.8483445754829527, -0.9995]
Running module mass_function_like
Model N: 3031513.3810545886
Done mass_function_like status = 0 

Pipeline ran okay.
Likelihood mass_function_like_m_n = -8.885153383016586
Posterior = -2.707577281525074 for parameter set #621: [0.28998273393765855, 0.8292854780466946, -0.9995]
Running module mass_function_like
Model N: 3031295.9970974023
Done mass_function_like status = 0 

Pipeline ran okay.
Likelihood mass_function_like_m_n = -9.018270716071129
Posterior = -2.8905511767943484 for parameter set #622: [0.3105031867453018, 0.8072905991914947, -0.9995]
Running module mass_function_like
Model N: 3026831.415814816
Done mass_function_like status = 0 

Pipeline ran okay.
Likelihood mass_function_like_m_n = -15.205532401800156
Posterior = -9.817468767223286 for parameter set #622: [0.316070099960693, 0.8013057959489575, -0.9995]
Running module mass_function_like
Model N: 3030343.8860781305
Done mass_function_like status = 0 

Pipeline ran okay.
Likelihood mass_function_like_m_n = -9.785120084881783
Posterior = -3.679977918170586 for parameter set #622: [0.310715988350115, 0.8069809611588628, -0.9995]
Running module mass_function_like
Model N: 3031114.66002506
Done mass_function_like status = 0 

Pipeline ran okay.
Likelihood mass_function_like_m_n = -9.141248069703579
Posterior = -2.4987635366332945 for parameter set #622: [0.297286343233203, 0.8211547095855479, -0.9995]
Running module mass_function_like
Model N: 3036147.1225544456
Done mass_function_like status = 0 

Pipeline ran okay.
Likelihood mass_function_like_m_n = -9.753703407943249
Posterior = -3.0793190883537775 for parameter set #623: [0.3009919555152051, 0.8176635173079285, -0.9995]
Running module mass_function_like
Model N: 3036361.8610150805
Done mass_function_like status = 0 

Pipeline ran okay.
Likelihood mass_function_like_m_n = -9.96541740000248
Posterior = -3.291767413382871 for parameter set #623: [0.30106341070998854, 0.8176091897399044, -0.9995]
Running module mass_function_like
Model N: 3031707.475098357
Done mass_function_like status = 0 

Pipeline ran okay.
Likelihood mass_function_like_m_n = -8.779478073120117
Posterior = -4.900043803350682 for parameter set #623: [0.32366376947377895, 0.7944416534932776, -0.9995]
Running module mass_function_like
Model N: 3020144.989320002
Done mass_function_like status = 0 

Pipeline ran okay.
Likelihood mass_function_like_m_n = -36.82075075060129
Posterior = -31.619422268087664 for parameter set #623: [0.2828071194048433, 0.83638328135242, -0.9995]
Running module mass_function_like
Model N: 3023139.640183741
Done mass_function_like status = 0 

Pipeline ran okay.
Likelihood mass_function_like_m_n = -25.30560577660799
Posterior = -22.76233140837308 for parameter set #624: [0.32876118853620373, 0.7888554132679075, -0.9995]
Model N: 3035340.7865547463
Done mass_function_like status = 0 

Pipeline ran okay.
Likelihood mass_function_like_m_n = -9.094200730323792
Posterior = -2.6069549307902253 for parameter set #624: [0.2938022843115123, 0.8254095909974493, -0.9995]
Model N: 3024443.5029674
Done mass_function_like status = 0 

Pipeline ran okay.
Likelihood mass_function_like_m_n = -21.222355894744396
Posterior = -14.703738531045142 for parameter set #624: [0.30566898288250977, 0.8115611444453616, -0.9995]
Model N: 3032621.0622095577
Done mass_function_like status = 0 

Pipeline ran okay.
Likelihood mass_function_like_m_n = -8.449027448892593
Posterior = -1.8148051658562103 for parameter set #624: [0.30300272926764354, 0.8151738934340877, -0.9995]
Running module mass_function_like
Running module mass_function_like
Running module mass_function_like
Running module mass_function_like
Model N: 3021141.460972422
Done mass_function_like status = 0 

Pipeline ran okay.
Likelihood mass_function_like_m_n = -32.65829876810312
Posterior = -29.239197172312796 for parameter set #625: [0.32553508410998433, 0.7916681855256884, -0.9995]
Running module mass_function_like
Model N: 3038117.2657971513
Done mass_function_like status = 0 

Pipeline ran okay.
Likelihood mass_function_like_m_n = -12.264821469783783
Posterior = -5.859945450256879 for parameter set #625: [0.30740848403903653, 0.8111333617046036, -0.9995]
Running module mass_function_like
Model N: 3032404.7739705965
Done mass_function_like status = 0 

Pipeline ran okay.
Likelihood mass_function_like_m_n = -8.502383060753345
Posterior = -2.8691844510748847 for parameter set #625: [0.28553552221038214, 0.8344743301623964, -0.9995]
Running module mass_function_like
Model N: 3035878.368144304
Done mass_function_like status = 0 

Pipeline ran okay.
Likelihood mass_function_like_m_n = -9.510113134980202
Posterior = -3.9682736044595277 for parameter set #625: [0.28491713112309514, 0.8355670033797213, -0.9995]
Running module mass_function_like
Model N: 3031124.154220294
Done mass_function_like status = 0 

Pipeline ran okay.
Likelihood mass_function_like_m_n = -9.13454008102417
Posterior = -2.4915966013458437 for parameter set #626: [0.2973033087447068, 0.8211373541312378, -0.9995]
Running module mass_function_like
Model N: 3035539.6948483926
Done mass_function_like status = 0 

Pipeline ran okay.
Likelihood mass_function_like_m_n = -9.237003356218338
Posterior = -2.6061715843414532 for parameter set #626: [0.2968864031592605, 0.8220460563192319, -0.9995]
Running module mass_function_like
Model N: 3034509.1966867694
Done mass_function_like status = 0 

Pipeline ran okay.
Likelihood mass_function_like_m_n = -8.638261027634144
Posterior = -2.358326461561754 for parameter set #626: [0.29106277859468827, 0.82838140397923, -0.9995]
Running module mass_function_like
Model N: 3016623.3147278274
Done mass_function_like status = 0 

Pipeline ran okay.
Likelihood mass_function_like_m_n = -54.178590796887875
Posterior = -49.1252232341587 for parameter set #626: [0.2819670488517213, 0.8369931187583517, -0.9995]
Running module mass_function_like
Model N: 3023000.668624635
Done mass_function_like status = 0 

Pipeline ran okay.
Likelihood mass_function_like_m_n = -25.77408242225647
Posterior = -19.278736568469704 for parameter set #627: [0.29393438635382313, 0.8239784794563653, -0.9995]
Running module mass_function_like
Model N: 3022437.9660044927
Done mass_function_like status = 0 

Pipeline ran okay.
Likelihood mass_function_like_m_n = -27.736499957740307
Posterior = -22.569923102567174 for parameter set #627: [0.3173938342129449, 0.7995833074962213, -0.9995]
Running module mass_function_like
Model N: 3031311.863850607
Done mass_function_like status = 0 

Pipeline ran okay.
Likelihood mass_function_like_m_n = -9.008026830852032
Posterior = -2.8877036978159083 for parameter set #627: [0.3105733728324889, 0.8072210839655966, -0.9995]
Running module mass_function_like
Model N: 3033971.4671770385
Done mass_function_like status = 0 

Pipeline ran okay.
Likelihood mass_function_like_m_n = -8.464704774320126
Posterior = -4.130867210926935 for parameter set #627: [0.3216585624403699, 0.7965692960001, -0.9995]
Running module mass_function_like
Model N: 3031088.287054729
Done mass_function_like status = 0 

Pipeline ran okay.
Likelihood mass_function_like_m_n = -9.160037651658058
Posterior = -2.4878898081783234 for parameter set #628: [0.30119635737390343, 0.8169302087499105, -0.9995]
Model N: 3033441.3811867535
Done mass_function_like status = 0 

Pipeline ran okay.
Likelihood mass_function_like_m_n = -8.386876203119755
Posterior = -1.8425965393315487 for parameter set #628: [0.2948033754316481, 0.8241071002441578, -0.9995]
Model N: 3034351.725195649
Done mass_function_like status = 0 

Pipeline ran okay.
Likelihood mass_function_like_m_n = -8.577571995556355
Posterior = -2.4970156998394977 for parameter set #628: [0.3109430151475116, 0.8071488297437143, -0.9995]
Model N: 3025546.1786121293
Done mass_function_like status = 0 

Pipeline ran okay.
Likelihood mass_function_like_m_n = -18.209150925278664
Posterior = -18.317580133924682 for parameter set #628: [0.3368449003444336, 0.7817557406289091, -0.9995]
Running module mass_function_like
Running module mass_function_like
Running module mass_function_like
Running module mass_function_like
Model N: 3033646.296735349
Done mass_function_like status = 0 

Pipeline ran okay.
Likelihood mass_function_like_m_n = -8.405981861054897
Posterior = -1.7824683062450024 for parameter set #629: [0.30334037852646384, 0.8149223567442598, -0.9995]
Running module mass_function_like
Model N: 3033615.2542738966
Done mass_function_like status = 0 

Pipeline ran okay.
Likelihood mass_function_like_m_n = -8.402198031544685
Posterior = -3.513394813657417 for parameter set #629: [0.31892353550699726, 0.799181727117935, -0.9995]
Running module mass_function_like
Model N: 3032308.389229791
Done mass_function_like status = 0 

Pipeline ran okay.
Likelihood mass_function_like_m_n = -8.531130388379097
Posterior = -2.6077641450333573 for parameter set #629: [0.2877041636724909, 0.8319607951928472, -0.9995]
Running module mass_function_like
Model N: 3006930.7313168645
Done mass_function_like status = 0 

Pipeline ran okay.
Likelihood mass_function_like_m_n = -123.32733987271786
Posterior = -120.87633278196665 for parameter set #629: [0.2709197761096686, 0.8494183182900016, -0.9995]
Running module mass_function_like
Model N: 3025412.7790458924
Done mass_function_like status = 0 

Pipeline ran okay.
Likelihood mass_function_like_m_n = -18.55225410312414
Posterior = -12.198316403610825 for parameter set #630: [0.3080668023255424, 0.8091861204644945, -0.9995]
Running module mass_function_like
Model N: 3029938.301813595
Done mass_function_like status = 0 

Pipeline ran okay.
Likelihood mass_function_like_m_n = -10.202719993889332
Posterior = -4.421288027958411 for parameter set #630: [0.31340053903676474, 0.8042485273287423, -0.9995]
Running module mass_function_like
Model N: 3031677.751000896
Done mass_function_like status = 0 

Pipeline ran okay.
Likelihood mass_function_like_m_n = -8.794855259358883
Posterior = -2.349475622520414 for parameter set #630: [0.29316005027106584, 0.8257397138690288, -0.9995]
Running module mass_function_like
Model N: 3037304.3837848953
Done mass_function_like status = 0 

Pipeline ran okay.
Likelihood mass_function_like_m_n = -11.07406697422266
Posterior = -4.445435993934357 for parameter set #630: [0.3031834955009202, 0.8154580893495461, -0.9995]
Running module mass_function_like
Model N: 3036369.572665168
Done mass_function_like status = 0 

Pipeline ran okay.
Likelihood mass_function_like_m_n = -9.973302647471428
Posterior = -3.3055855328274646 for parameter set #631: [0.3015223063861284, 0.8171217453519937, -0.9995]
Running module mass_function_like
Model N: 3031444.5681212153
Done mass_function_like status = 0 

Pipeline ran okay.
Likelihood mass_function_like_m_n = -8.925604410469532
Posterior = -2.2802186212411772 for parameter set #631: [0.2973954497861686, 0.8210704407710497, -0.9995]
Running module mass_function_like
Model N: 3034685.6908814297
Done mass_function_like status = 0 

Pipeline ran okay.
Likelihood mass_function_like_m_n = -8.71598943322897
Posterior = -2.664983147364654 for parameter set #631: [0.3112097985035047, 0.8069124872876363, -0.9995]
Running module mass_function_like
Model N: 3039320.3252950846
Done mass_function_like status = 0 

Pipeline ran okay.
Likelihood mass_function_like_m_n = -14.425602219998837
Posterior = -8.98618465586677 for parameter set #631: [0.3157472958578807, 0.8028441307449556, -0.9995]
Running module mass_function_like
Model N: 3027450.1873572636
Done mass_function_like status = 0 

Pipeline ran okay.
Likelihood mass_function_like_m_n = -13.954513236880302
Posterior = -11.502437248159213 for parameter set #632: [0.32907654797113683, 0.7889714249005219, -0.9995]
Model N: 3035461.243577923
Done mass_function_like status = 0 

Pipeline ran okay.
Likelihood mass_function_like_m_n = -9.179125189781189
Posterior = -2.6389298670096686 for parameter set #632: [0.29472536493132123, 0.8244028808708974, -0.9995]
Model N: 3027048.6837491984
Done mass_function_like status = 0 

Pipeline ran okay.
Likelihood mass_function_like_m_n = -14.751826658844948
Posterior = -10.01009189280132 for parameter set #632: [0.3196853723981365, 0.7978084150355943, -0.9995]
Model N: 3030388.269000537
Done mass_function_like status = 0 

Pipeline ran okay.
Likelihood mass_function_like_m_n = -9.742720879614353
Posterior = -3.6222637625005607 for parameter set #632: [0.31057210557265114, 0.8071307187654964, -0.9995]
Running module mass_function_like
Running module mass_function_like
Running module mass_function_like
Running module mass_function_like
Model N: 3032394.157836888
Done mass_function_like status = 0 

Pipeline ran okay.
Likelihood mass_function_like_m_n = -8.505399212241173
Posterior = -2.685967360950638 for parameter set #633: [0.31311390366763203, 0.8047759724064116, -0.9995]
Running module mass_function_like
Model N: 3032975.544358704
Done mass_function_like status = 0 

Pipeline ran okay.
Likelihood mass_function_like_m_n = -8.394945725798607
Posterior = -4.169141467991879 for parameter set #633: [0.3221517490979989, 0.7960021265727765, -0.9995]
Running module mass_function_like
Model N: 3031881.5273815147
Done mass_function_like status = 0 

Pipeline ran okay.
Likelihood mass_function_like_m_n = -8.695287808775902
Posterior = -2.981172682299018 for parameter set #633: [0.28610619510837065, 0.8337564747150521, -0.9995]
Running module mass_function_like
Model N: 3034054.476312675
Done mass_function_like status = 0 

Pipeline ran okay.
Likelihood mass_function_like_m_n = -8.485278353095055
Posterior = -2.6100438627531233 for parameter set #633: [0.2873187563072996, 0.832588903835153, -0.9995]
Running module mass_function_like
Model N: 3031917.0946845706
Done mass_function_like status = 0 

Pipeline ran okay.
Likelihood mass_function_like_m_n = -8.67931379377842
Posterior = -2.0200305298400494 for parameter set #634: [0.2979989535551702, 0.8204654790299144, -0.9995]
Running module mass_function_like
Model N: 3034729.916239407
Done mass_function_like status = 0 

Pipeline ran okay.
Likelihood mass_function_like_m_n = -8.737073972821236
Posterior = -2.13542362453925 for parameter set #634: [0.29605909020584803, 0.822864637999178, -0.9995]
Running module mass_function_like
Model N: 3036631.908304801
Done mass_function_like status = 0 

Pipeline ran okay.
Likelihood mass_function_like_m_n = -10.253196828067303
Posterior = -3.6415389682187858 for parameter set #634: [0.2963217847137047, 0.8227741621600156, -0.9995]
Running module mass_function_like
Model N: 3035019.766992133
Done mass_function_like status = 0 

Pipeline ran okay.
Likelihood mass_function_like_m_n = -8.891206368803978
Posterior = -2.2399494363808223 for parameter set #634: [0.29763157158068715, 0.8211827549599762, -0.9995]
Running module mass_function_like
Model N: 3026598.621570495
Done mass_function_like status = 0 

Pipeline ran okay.
Likelihood mass_function_like_m_n = -15.709004692733288
Posterior = -9.161469245311416 for parameter set #635: [0.3051335903788348, 0.8123341556012373, -0.9995]
Running module mass_function_like
Model N: 3031686.9071149533
Done mass_function_like status = 0 

Pipeline ran okay.
Likelihood mass_function_like_m_n = -8.790087446570396
Posterior = -2.4506841378090254 for parameter set #635: [0.29175499072712674, 0.8273077068780988, -0.9995]
Running module mass_function_like
Model N: 3031631.023937008
Done mass_function_like status = 0 

Pipeline ran okay.
Likelihood mass_function_like_m_n = -8.819618068635464
Posterior = -2.597063597605631 for parameter set #635: [0.3095577165398474, 0.8082833282594857, -0.9995]
Running module mass_function_like
Model N: 3030710.802984844
Done mass_function_like status = 0 

Pipeline ran okay.
Likelihood mass_function_like_m_n = -9.454146079719067
Posterior = -3.186167192498642 for parameter set #635: [0.309070008942551, 0.8086887350102911, -0.9995]
Running module mass_function_like
Model N: 3030093.606002002
Done mass_function_like status = 0 

Pipeline ran okay.
Likelihood mass_function_like_m_n = -10.036394357681274
Posterior = -4.595112579259821 for parameter set #636: [0.3157354530909583, 0.8019533865720577, -0.9995]
Model N: 3028438.9549256354
Done mass_function_like status = 0 

Pipeline ran okay.
Likelihood mass_function_like_m_n = -12.218438170850277
Posterior = -5.579499208696248 for parameter set #636: [0.3028413108297464, 0.8149201156134268, -0.9995]
Model N: 3026474.9302896946
Done mass_function_like status = 0 

Pipeline ran okay.
Likelihood mass_function_like_m_n = -15.983816459774971
Posterior = -9.60846441806734 for parameter set #636: [0.3077968218730784, 0.809569149446101, -0.9995]
Model N: 3017210.650624084
Done mass_function_like status = 0 

Pipeline ran okay.
Likelihood mass_function_like_m_n = -50.9967221096158
Posterior = -45.179077225264486 for parameter set #636: [0.2868724768980673, 0.8313100243031242, -0.9995]
Running module mass_function_like
Running module mass_function_like
Running module mass_function_like
Running module mass_function_like
Model N: 3034979.638001849
Done mass_function_like status = 0 

Pipeline ran okay.
Likelihood mass_function_like_m_n = -8.86821711808443
Posterior = -3.022527573464801 for parameter set #637: [0.31291212340159874, 0.805232297997677, -0.9995]
Running module mass_function_like
Model N: 3033252.4796545818
Done mass_function_like status = 0 

Pipeline ran okay.
Likelihood mass_function_like_m_n = -8.381524942815304
Posterior = -1.7537595442728566 for parameter set #637: [0.30321057003560903, 0.815019059453501, -0.9995]
Running module mass_function_like
Model N: 3026823.952514589
Done mass_function_like status = 0 

Pipeline ran okay.
Likelihood mass_function_like_m_n = -15.221395142376423
Posterior = -11.215374147449934 for parameter set #637: [0.2768773565378709, 0.8442258750732688, -0.9995]
Running module mass_function_like
Model N: 3002071.0731661427
Done mass_function_like status = 0 

Pipeline ran okay.
Likelihood mass_function_like_m_n = -169.84669922292233
Posterior = -168.22759951757337 for parameter set #637: [0.2681874097472047, 0.8523467125836076, -0.9995]
Running module mass_function_like
Model N: 3025438.905080196
Done mass_function_like status = 0 

Pipeline ran okay.
Likelihood mass_function_like_m_n = -18.48459367454052
Posterior = -13.629995771095093 for parameter set #638: [0.31910343578974615, 0.7982149920322948, -0.9995]
Running module mass_function_like
Model N: 3029752.296080812
Done mass_function_like status = 0 

Pipeline ran okay.
Likelihood mass_function_like_m_n = -10.4124139174819
Posterior = -7.084066164799584 for parameter set #638: [0.32588805301921286, 0.7921567987060089, -0.9995]
Running module mass_function_like
Model N: 3033903.4546170724
Done mass_function_like status = 0 

Pipeline ran okay.
Likelihood mass_function_like_m_n = -8.449540376663208
Posterior = -4.163156341875247 for parameter set #638: [0.32187656354879457, 0.796354062002275, -0.9995]
Running module mass_function_like
Model N: 3036879.9524759194
Done mass_function_like status = 0 

Pipeline ran okay.
Likelihood mass_function_like_m_n = -10.538664847612381
Posterior = -3.8762739016136027 for parameter set #638: [0.30183919832054196, 0.8168370123180761, -0.9995]
Running module mass_function_like
Model N: 3031046.4129957687
Done mass_function_like status = 0 

Pipeline ran okay.
Likelihood mass_function_like_m_n = -9.190342828631401
Posterior = -2.6852259730222734 for parameter set #639: [0.30590232738334755, 0.8119824587635448, -0.9995]
Running module mass_function_like
Model N: 3034135.5859291544
Done mass_function_like status = 0 

Pipeline ran okay.
Likelihood mass_function_like_m_n = -8.507574267685413
Posterior = -1.9297244121389632 for parameter set #639: [0.295495461338522, 0.8234195254973905, -0.9995]
Running module mass_function_like
Model N: 3031089.281886241
Done mass_function_like status = 0 

Pipeline ran okay.
Likelihood mass_function_like_m_n = -9.15932471305132
Posterior = -2.4803160072421306 for parameter set #639: [0.2997568981690686, 0.8184670860303168, -0.9995]
Running module mass_function_like
Model N: 3037194.880197702
Done mass_function_like status = 0 

Pipeline ran okay.
Likelihood mass_function_like_m_n = -10.930262699723244
Posterior = -4.388798830706113 for parameter set #639: [0.3052505300550148, 0.8132795150063991, -0.9995]
Running module mass_function_like
Model N: 3035221.0709255016
Done mass_function_like status = 0 

Pipeline ran okay.
Likelihood mass_function_like_m_n = -9.014531999826431
Posterior = -2.5702370504323397 for parameter set #640: [0.2931442104916194, 0.8261272851666132, -0.9995]
Model N: 3028294.0464887396
Done mass_function_like status = 0 

Pipeline ran okay.
Likelihood mass_function_like_m_n = -12.452641762793064
Posterior = -8.831316992317724 for parameter set #640: [0.3247304647260615, 0.7931068606033291, -0.9995]
Model N: 3021603.959336838
Done mass_function_like status = 0 

Pipeline ran okay.
Likelihood mass_function_like_m_n = -30.838491067290306
Posterior = -27.874911083485326 for parameter set #640: [0.3272606830967429, 0.7901004027861833, -0.9995]
Model N: 3028846.6403866103
Done mass_function_like status = 0 

Pipeline ran okay.
Likelihood mass_function_like_m_n = -11.596781559288502
Posterior = -8.707866787011051 for parameter set #640: [0.32753321421858606, 0.7905334723749428, -0.9995]
Running module mass_function_like
Running module mass_function_like
Running module mass_function_like
Running module mass_function_like
Model N: 3033165.5340435132
Done mass_function_like status = 0 

Pipeline ran okay.
Likelihood mass_function_like_m_n = -8.383015312254429
Posterior = -4.17823523482945 for parameter set #641: [0.3222464564409041, 0.7959298649616955, -0.9995]
Running module mass_function_like
Model N: 3033215.159710675
Done mass_function_like status = 0 

Pipeline ran okay.
Likelihood mass_function_like_m_n = -8.381859369575977
Posterior = -1.7519115425124134 for parameter set #641: [0.30314185840695074, 0.8150876587677686, -0.9995]
Running module mass_function_like
Model N: 3033445.8309543272
Done mass_function_like status = 0 

Pipeline ran okay.
Likelihood mass_function_like_m_n = -8.387144066393375
Posterior = -3.264224086514231 for parameter set #641: [0.3176430395251558, 0.8004112396083476, -0.9995]
Running module mass_function_like
Model N: 3036464.885108611
Done mass_function_like status = 0 

Pipeline ran okay.
Likelihood mass_function_like_m_n = -10.072375938296318
Posterior = -3.513028305509925 for parameter set #641: [0.29510190719720814, 0.8240932181128131, -0.9995]
Running module mass_function_like
Model N: 3029449.1739551844
Done mass_function_like status = 0 

Pipeline ran okay.
Likelihood mass_function_like_m_n = -10.77863646298647
Posterior = -4.154490797260609 for parameter set #642: [0.30332140128814145, 0.8145172685983532, -0.9995]
Running module mass_function_like
Model N: 3034723.3240868193
Done mass_function_like status = 0 

Pipeline ran okay.
Likelihood mass_function_like_m_n = -8.733890295028687
Posterior = -2.0880279875352734 for parameter set #642: [0.2974138101068643, 0.8213884785184722, -0.9995]
Running module mass_function_like
Model N: 3033292.361453696
Done mass_function_like status = 0 

Pipeline ran okay.
Likelihood mass_function_like_m_n = -8.381675109267235
Posterior = -2.1420271427163478 for parameter set #642: [0.2906228337781682, 0.82874966902933, -0.9995]
Running module mass_function_like
Model N: 2976895.6101037366
Done mass_function_like status = 0 

Pipeline ran okay.
Likelihood mass_function_like_m_n = -538.6643186584115
Posterior = -541.2939209353079 for parameter set #642: [0.2568516362414363, 0.8645345440482357, -0.9995]
Running module mass_function_like
Model N: 3031996.4591280357
Done mass_function_like status = 0 

Pipeline ran okay.
Likelihood mass_function_like_m_n = -8.645174466073513
Posterior = -6.436016143305483 for parameter set #643: [0.3299003206522678, 0.7886414698426955, -0.9995]
Running module mass_function_like
Model N: 3027193.884068553
Done mass_function_like status = 0 

Pipeline ran okay.
Likelihood mass_function_like_m_n = -14.457326136529446
Posterior = -8.241717938215688 for parameter set #643: [0.3096301194177065, 0.8077684320432655, -0.9995]
Running module mass_function_like
Model N: 3033161.1739361295
Done mass_function_like status = 0 

Pipeline ran okay.
Likelihood mass_function_like_m_n = -8.383155681192875
Posterior = -1.7421940571181729 for parameter set #643: [0.29723079165697136, 0.8214262242311122, -0.9995]
Running module mass_function_like
Model N: 3030074.331703919
Done mass_function_like status = 0 

Pipeline ran okay.
Likelihood mass_function_like_m_n = -10.056603372097015
Posterior = -3.5060622577528733 for parameter set #643: [0.3050747036162924, 0.8127454361228366, -0.9995]
Running module mass_function_like
Model N: 3024134.4667540723
Done mass_function_like status = 0 

Pipeline ran okay.
Likelihood mass_function_like_m_n = -22.13915927708149
Posterior = -15.98212877222051 for parameter set #644: [0.31022031010732276, 0.8068663941147775, -0.9995]
Model N: 3034592.5983267343
Done mass_function_like status = 0 

Pipeline ran okay.
Likelihood mass_function_like_m_n = -8.673712588846684
Posterior = -2.0486476015381854 for parameter set #644: [0.2967063937393276, 0.822144067071066, -0.9995]
Model N: 3029745.2980875103
Done mass_function_like status = 0 

Pipeline ran okay.
Likelihood mass_function_like_m_n = -10.420526266098022
Posterior = -3.758226019447644 for parameter set #644: [0.2981558768121505, 0.8200724953536727, -0.9995]
Model N: 3031969.3780249986
Done mass_function_like status = 0 

Pipeline ran okay.
Likelihood mass_function_like_m_n = -8.656590044498444
Posterior = -3.247635720521046 for parameter set #644: [0.31593957260614475, 0.8019358228784548, -0.9995]
Running module mass_function_like
Running module mass_function_like
Running module mass_function_like
Running module mass_function_like
Model N: 3033936.5111726434
Done mass_function_like status = 0 

Pipeline ran okay.
Likelihood mass_function_like_m_n = -8.456720426678658
Posterior = -2.3722823584371184 for parameter set #645: [0.3109074848619529, 0.8071435371917066, -0.9995]
Running module mass_function_like
Model N: 3035361.8637349107
Done mass_function_like status = 0 

Pipeline ran okay.
Likelihood mass_function_like_m_n = -9.108715735375881
Posterior = -2.4700219932602643 for parameter set #645: [0.29715007171337304, 0.8217407107122675, -0.9995]
Running module mass_function_like
Model N: 3034231.466454751
Done mass_function_like status = 0 

Pipeline ran okay.
Likelihood mass_function_like_m_n = -8.53672618418932
Posterior = -1.9596193046420325 for parameter set #645: [0.2954789974836788, 0.8234475073225463, -0.9995]
Running module mass_function_like
Model N: 3031140.3449870646
Done mass_function_like status = 0 

Pipeline ran okay.
Likelihood mass_function_like_m_n = -9.123169377446175
Posterior = -3.0038221084219305 for parameter set #645: [0.28941740174356073, 0.8298870336078589, -0.9995]
Running module mass_function_like
Model N: 3018434.752234906
Done mass_function_like status = 0 

Pipeline ran okay.
Likelihood mass_function_like_m_n = -44.734559305012226
Posterior = -40.00159564759693 for parameter set #646: [0.3197298785647297, 0.7969326793583705, -0.9995]
Running module mass_function_like
Model N: 3041083.536077892
Done mass_function_like status = 0 

Pipeline ran okay.
Likelihood mass_function_like_m_n = -18.45104993879795
Posterior = -12.593653480129076 for parameter set #646: [0.3128211367642758, 0.805925175451059, -0.9995]
Running module mass_function_like
Model N: 3031529.8277821406
Done mass_function_like status = 0 

Pipeline ran okay.
Likelihood mass_function_like_m_n = -8.875716753304005
Posterior = -2.5406536155396857 for parameter set #646: [0.2917025177246844, 0.8273499818011002, -0.9995]
Running module mass_function_like
Model N: 3034920.042394762
Done mass_function_like status = 0 

Pipeline ran okay.
Likelihood mass_function_like_m_n = -8.835054315626621
Posterior = -2.1905747280995183 for parameter set #646: [0.2973608861038941, 0.8214661959956705, -0.9995]
Running module mass_function_like
Model N: 3004494.9062416083
Done mass_function_like status = 0 

Pipeline ran okay.
Likelihood mass_function_like_m_n = -145.6524783745408
Posterior = -148.3762615491901 for parameter set #647: [0.34336608668754764, 0.7741157377407388, -0.9995]
Running module mass_function_like
Model N: 3032135.199623187
Done mass_function_like status = 0 

Pipeline ran okay.
Likelihood mass_function_like_m_n = -8.590486131608486
Posterior = -1.926130546511109 for parameter set #647: [0.2982709185552541, 0.8201940209537609, -0.9995]
Running module mass_function_like
Model N: 3035033.3614062946
Done mass_function_like status = 0 

Pipeline ran okay.
Likelihood mass_function_like_m_n = -8.89911463856697
Posterior = -2.7073344217256388 for parameter set #647: [0.309874451695855, 0.8082995254571932, -0.9995]
Running module mass_function_like
Model N: 3030972.841466425
Done mass_function_like status = 0 

Pipeline ran okay.
Likelihood mass_function_like_m_n = -9.244990281760693
Posterior = -2.646825752743773 for parameter set #647: [0.30402839097638945, 0.8139295191226837, -0.9995]
Running module mass_function_like
Model N: 3022318.1789530236
Done mass_function_like status = 0 

Pipeline ran okay.
Likelihood mass_function_like_m_n = -28.167827151715755
Posterior = -25.405984921567704 for parameter set #648: [0.3279909341329015, 0.7894901037047681, -0.9995]
Model N: 3024208.5920581007
Done mass_function_like status = 0 

Pipeline ran okay.
Likelihood mass_function_like_m_n = -21.916367754340172
Posterior = -15.463205545328009 for parameter set #648: [0.2932747938425943, 0.8248330483977517, -0.9995]
Model N: 3038671.1306687715
Done mass_function_like status = 0 

Pipeline ran okay.
Likelihood mass_function_like_m_n = -13.200543873012066
Posterior = -6.528130991832118 for parameter set #648: [0.30117399464481326, 0.8177271563157621, -0.9995]
Model N: 3035201.451343509
Done mass_function_like status = 0 

Pipeline ran okay.
Likelihood mass_function_like_m_n = -9.001925520598888
Posterior = -2.528195169979142 for parameter set #648: [0.2935879200302795, 0.8256325401482677, -0.9995]
Running module mass_function_like
Running module mass_function_like
Running module mass_function_like
Running module mass_function_like
Model N: 3034121.488240849
Done mass_function_like status = 0 

Pipeline ran okay.
Likelihood mass_function_like_m_n = -8.503543362021446
Posterior = -2.5305337947140263 for parameter set #649: [0.31188523984615185, 0.8061765867202529, -0.9995]
Running module mass_function_like
Model N: 3036976.8625350012
Done mass_function_like status = 0 

Pipeline ran okay.
Likelihood mass_function_like_m_n = -10.65569382160902
Posterior = -4.304281842051635 for parameter set #649: [0.3080980518490908, 0.8103091691208758, -0.9995]
Running module mass_function_like
Model N: 3027644.3321113978
Done mass_function_like status = 0 

Pipeline ran okay.
Likelihood mass_function_like_m_n = -13.588113375008106
Posterior = -7.748153547729336 for parameter set #649: [0.2870435778778906, 0.8322232025365218, -0.9995]
Running module mass_function_like
Model N: 3026801.272607406
Done mass_function_like status = 0 

Pipeline ran okay.
Likelihood mass_function_like_m_n = -15.269712910056114
Posterior = -11.279196006890835 for parameter set #649: [0.27681040192178863, 0.8443056690340722, -0.9995]
Running module mass_function_like
Model N: 3032935.6977799158
Done mass_function_like status = 0 

Pipeline ran okay.
Likelihood mass_function_like_m_n = -8.398957751691341
Posterior = -2.925692815329457 for parameter set #650: [0.31553086772816197, 0.8024326286008632, -0.9995]
Running module mass_function_like
Model N: 3031867.2453672336
Done mass_function_like status = 0 

Pipeline ran okay.
Likelihood mass_function_like_m_n = -8.701819621026516
Posterior = -2.03711380044874 for parameter set #650: [0.2982912941896029, 0.8201445227153545, -0.9995]
Running module mass_function_like
Model N: 3028300.3086752454
Done mass_function_like status = 0 

Pipeline ran okay.
Likelihood mass_function_like_m_n = -12.442377127707005
Posterior = -5.968379515274066 for parameter set #650: [0.30640791051556215, 0.811182851120733, -0.9995]
Running module mass_function_like
Model N: 3020882.6116690626
Done mass_function_like status = 0 

Pipeline ran okay.
Likelihood mass_function_like_m_n = -33.70782659202814
Posterior = -29.174355043601803 for parameter set #650: [0.2792836651413245, 0.840654226439374, -0.9995]
Running module mass_function_like
Model N: 3031823.4271105304
Done mass_function_like status = 0 

Pipeline ran okay.
Likelihood mass_function_like_m_n = -8.722279734909534
Posterior = -3.4047003099468682 for parameter set #651: [0.3165028771633769, 0.801368616033455, -0.9995]
Running module mass_function_like
Model N: 3037512.1155343824
Done mass_function_like status = 0 

Pipeline ran okay.
Likelihood mass_function_like_m_n = -11.357701934874058
Posterior = -7.470912867718693 for parameter set #651: [0.32363266862271306, 0.795027196178927, -0.9995]
Running module mass_function_like
Model N: 3037107.3756518275
Done mass_function_like status = 0 

Pipeline ran okay.
Likelihood mass_function_like_m_n = -10.818182706832886
Posterior = -5.174513896102091 for parameter set #651: [0.3143919101413218, 0.8039682055268702, -0.9995]
Running module mass_function_like
Model N: 3033704.9248080202
Done mass_function_like status = 0 

Pipeline ran okay.
Likelihood mass_function_like_m_n = -8.413994520902634
Posterior = -1.7390684441045696 for parameter set #651: [0.2990642520091246, 0.8194997326967918, -0.9995]
Running module mass_function_like
Model N: 3031039.173345906
Done mass_function_like status = 0 

Pipeline ran okay.
Likelihood mass_function_like_m_n = -9.19564101845026
Posterior = -5.305089735965712 for parameter set #652: [0.3236167437036762, 0.7944223763347449, -0.9995]
Model N: 3029661.1099519636
Done mass_function_like status = 0 

Pipeline ran okay.
Likelihood mass_function_like_m_n = -10.51938883215189
Posterior = -5.438722933298409 for parameter set #652: [0.3178809300622575, 0.7998112006162923, -0.9995]
Model N: 3025703.8069955017
Done mass_function_like status = 0 

Pipeline ran okay.
Likelihood mass_function_like_m_n = -17.811331771314144
Posterior = -11.355040329726247 for parameter set #652: [0.3066785141569409, 0.8106428722908744, -0.9995]
Model N: 3031969.914121457
Done mass_function_like status = 0 

Pipeline ran okay.
Likelihood mass_function_like_m_n = -8.65636171400547
Posterior = -1.9771881529220359 for parameter set #652: [0.29983836013686893, 0.8184698570717291, -0.9995]
Running module mass_function_like
Running module mass_function_like
Running module mass_function_like
Running module mass_function_like
Model N: 3031288.605442035
Done mass_function_like status = 0 

Pipeline ran okay.
Likelihood mass_function_like_m_n = -9.0230712890625
Posterior = -2.3468933065195188 for parameter set #653: [0.2992092768161717, 0.8190956639236511, -0.9995]
Running module mass_function_like
Model N: 3033381.382167106
Done mass_function_like status = 0 

Pipeline ran okay.
Likelihood mass_function_like_m_n = -8.383901745080948
Posterior = -4.115190620425605 for parameter set #653: [0.3219571996104005, 0.796227108935153, -0.9995]
Running module mass_function_like
Model N: 3035841.083945681
Done mass_function_like status = 0 

Pipeline ran okay.
Likelihood mass_function_like_m_n = -9.478197500109673
Posterior = -2.8083159885078857 for parameter set #653: [0.29862721547878673, 0.8201899797510342, -0.9995]
Running module mass_function_like
Model N: 3024820.598976244
Done mass_function_like status = 0 

Pipeline ran okay.
Likelihood mass_function_like_m_n = -20.14654116332531
Posterior = -14.981778319368741 for parameter set #653: [0.2825957398643112, 0.8371365694776307, -0.9995]
Running module mass_function_like
Model N: 3033017.489108391
Done mass_function_like status = 0 

Pipeline ran okay.
Likelihood mass_function_like_m_n = -8.391288056969643
Posterior = -1.715165480346057 for parameter set #654: [0.2992023005971402, 0.8192804881825315, -0.9995]
Running module mass_function_like
Model N: 3030903.885500768
Done mass_function_like status = 0 

Pipeline ran okay.
Likelihood mass_function_like_m_n = -9.297831885516644
Posterior = -2.8758634521380255 for parameter set #654: [0.2928259388777125, 0.8260300077125219, -0.9995]
Running module mass_function_like
Model N: 3033481.128274306
Done mass_function_like status = 0 

Pipeline ran okay.
Likelihood mass_function_like_m_n = -8.389500111341476
Posterior = -2.1298520417363047 for parameter set #654: [0.29083860132179556, 0.8285260182649622, -0.9995]
Running module mass_function_like
Model N: 3020134.2059014547
Done mass_function_like status = 0 

Pipeline ran okay.
Likelihood mass_function_like_m_n = -36.86760075390339
Posterior = -33.11843171232313 for parameter set #654: [0.275792004805313, 0.844820155495484, -0.9995]
Running module mass_function_like
Model N: 3031612.3010320654
Done mass_function_like status = 0 

Pipeline ran okay.
Likelihood mass_function_like_m_n = -8.829742409288883
Posterior = -3.5229272618266165 for parameter set #655: [0.31656797543967236, 0.801284188044445, -0.9995]
Running module mass_function_like
Model N: 3034735.0271208663
Done mass_function_like status = 0 

Pipeline ran okay.
Likelihood mass_function_like_m_n = -8.739552117884159
Posterior = -2.0641941824567365 for parameter set #655: [0.3008883988836977, 0.8176300043482843, -0.9995]
Running module mass_function_like
Model N: 3023598.605031408
Done mass_function_like status = 0 

Pipeline ran okay.
Likelihood mass_function_like_m_n = -23.80396092683077
Posterior = -18.04889518692334 for parameter set #655: [0.28640412960930584, 0.8325284669066121, -0.9995]
Running module mass_function_like
Model N: 3021144.8436375246
Done mass_function_like status = 0 

Pipeline ran okay.
Likelihood mass_function_like_m_n = -32.64473085105419
Posterior = -26.24903829669455 for parameter set #655: [0.2924685772399823, 0.8254075086324881, -0.9995]
Running module mass_function_like
Model N: 3031592.965932879
Done mass_function_like status = 0 

Pipeline ran okay.
Likelihood mass_function_like_m_n = -8.840319208800793
Posterior = -2.2356690008320186 for parameter set #656: [0.3038640390873133, 0.8141643953530939, -0.9995]
Model N: 3031773.8988443604
Done mass_function_like status = 0 

Pipeline ran okay.
Likelihood mass_function_like_m_n = -8.746168859302998
Posterior = -3.6843225413343443 for parameter set #656: [0.31798587156821456, 0.799914493799118, -0.9995]
Model N: 3031919.4807925527
Done mass_function_like status = 0 

Pipeline ran okay.
Likelihood mass_function_like_m_n = -8.678257077932358
Posterior = -3.2730617637624277 for parameter set #656: [0.3159631380633024, 0.801907776318132, -0.9995]
Model N: 3034755.635781025
Done mass_function_like status = 0 

Pipeline ran okay.
Likelihood mass_function_like_m_n = -8.749632067978382
Posterior = -2.2208918146240713 for parameter set #656: [0.29451248790514517, 0.824564254366235, -0.9995]
Running module mass_function_like
Running module mass_function_like
Running module mass_function_like
Running module mass_function_like
Model N: 3035477.5699768094
Done mass_function_like status = 0 

Pipeline ran okay.
Likelihood mass_function_like_m_n = -9.191003195941448
Posterior = -2.5630321790051234 for parameter set #657: [0.29679584078504595, 0.8221381660150994, -0.9995]
Running module mass_function_like
Model N: 3003802.8813601695
Done mass_function_like status = 0 

Pipeline ran okay.
Likelihood mass_function_like_m_n = -152.35864102840424
Posterior = -149.67038027804674 for parameter set #657: [0.27174741269209945, 0.8480274825221644, -0.9995]
Running module mass_function_like
Model N: 3025398.625391628
Done mass_function_like status = 0 

Pipeline ran okay.
Likelihood mass_function_like_m_n = -18.589003272354603
Posterior = -12.592173822299415 for parameter set #657: [0.28831689469143573, 0.8305271939787745, -0.9995]
Running module mass_function_like
Model N: 2991962.711196618
Done mass_function_like status = 0 

Pipeline ran okay.
Likelihood mass_function_like_m_n = -292.1008074954152
Posterior = -292.0494208711974 for parameter set #657: [0.26359143624339904, 0.8571759001367006, -0.9995]
Running module mass_function_like
Model N: 3002737.410298058
Done mass_function_like status = 0 

Pipeline ran okay.
Likelihood mass_function_like_m_n = -162.9985167607665
Posterior = -159.20695456155897 for parameter set #658: [0.27596776332047857, 0.8426869581652123, -0.9995]
Running module mass_function_like
Model N: 3034153.088863046
Done mass_function_like status = 0 

Pipeline ran okay.
Likelihood mass_function_like_m_n = -8.512669935822487
Posterior = -2.8887925388344655 for parameter set #658: [0.3145287769707032, 0.8035422931557641, -0.9995]
Running module mass_function_like
Model N: 3030281.218828526
Done mass_function_like status = 0 

Pipeline ran okay.
Likelihood mass_function_like_m_n = -9.846094362437725
Posterior = -3.314018360035126 for parameter set #658: [0.30542638361908925, 0.8124003076749524, -0.9995]
Running module mass_function_like
Model N: 3031882.236749859
Done mass_function_like status = 0 

Pipeline ran okay.
Likelihood mass_function_like_m_n = -8.69496513158083
Posterior = -2.0293579368910493 for parameter set #658: [0.2983448864920846, 0.820087982093749, -0.9995]
Running module mass_function_like
Model N: 3030789.099517226
Done mass_function_like status = 0 

Pipeline ran okay.
Likelihood mass_function_like_m_n = -9.389275535941124
Posterior = -5.598701792137535 for parameter set #659: [0.3240363493671839, 0.7940010250407586, -0.9995]
Running module mass_function_like
Model N: 3034076.9234382976
Done mass_function_like status = 0 

Pipeline ran okay.
Likelihood mass_function_like_m_n = -8.491231806576252
Posterior = -4.379038604870675 for parameter set #659: [0.3226588216666473, 0.7956240834890245, -0.9995]
Running module mass_function_like
Model N: 3030652.9048619606
Done mass_function_like status = 0 

Pipeline ran okay.
Likelihood mass_function_like_m_n = -9.503418073058128
Posterior = -2.9425537262666097 for parameter set #659: [0.2951329711009964, 0.823455631441124, -0.9995]
Running module mass_function_like
Model N: 3029664.0228462364
Done mass_function_like status = 0 

Pipeline ran okay.
Likelihood mass_function_like_m_n = -10.515929087996483
Posterior = -4.376056494925189 for parameter set #659: [0.28961316597572767, 0.829509040606488, -0.9995]
Running module mass_function_like
Model N: 3032987.859409804
Done mass_function_like status = 0 

Pipeline ran okay.
Likelihood mass_function_like_m_n = -8.393811665475368
Posterior = -2.020615246207715 for parameter set #660: [0.3078244204774864, 0.8101916934024925, -0.9995]
Model N: 3031880.688979666
Done mass_function_like status = 0 

Pipeline ran okay.
Likelihood mass_function_like_m_n = -8.695669375360012
Posterior = -3.3278733906565723 for parameter set #660: [0.31619572915065425, 0.8016754346611117, -0.9995]
Model N: 3021117.3853486096
Done mass_function_like status = 0 

Pipeline ran okay.
Likelihood mass_function_like_m_n = -32.75497628748417
Posterior = -27.4998345143159 for parameter set #660: [0.28312301907839005, 0.8361167720762451, -0.9995]
Model N: 3026371.9081965648
Done mass_function_like status = 0 

Pipeline ran okay.
Likelihood mass_function_like_m_n = -16.21657368540764
Posterior = -9.83811169515439 for parameter set #660: [0.30775683193136155, 0.8095999131136167, -0.9995]
Running module mass_function_like
Running module mass_function_like
Running module mass_function_like
Running module mass_function_like
Model N: 3029476.5522450972
Done mass_function_like status = 0 

Pipeline ran okay.
Likelihood mass_function_like_m_n = -10.744311392307281
Posterior = -6.820051489452419 for parameter set #661: [0.3234735778928366, 0.7944085359898877, -0.9995]
Running module mass_function_like
Model N: 3033275.6319014262
Done mass_function_like status = 0 

Pipeline ran okay.
Likelihood mass_function_like_m_n = -8.381548270583153
Posterior = -4.089151645858275 for parameter set #661: [0.32184906210154257, 0.7963200502401501, -0.9995]
Running module mass_function_like
Model N: 3033637.569091565
Done mass_function_like status = 0 

Pipeline ran okay.
Likelihood mass_function_like_m_n = -8.404885940253735
Posterior = -2.012019697802982 for parameter set #661: [0.3075688566621313, 0.8105195203886004, -0.9995]
Running module mass_function_like
Model N: 3027203.252448027
Done mass_function_like status = 0 

Pipeline ran okay.
Likelihood mass_function_like_m_n = -14.438564516603947
Posterior = -10.468437184166579 for parameter set #661: [0.2767226424786969, 0.844457503800913, -0.9995]
Running module mass_function_like
Model N: 3031779.1857567932
Done mass_function_like status = 0 

Pipeline ran okay.
Likelihood mass_function_like_m_n = -8.743580214679241
Posterior = -4.3035393108615105 for parameter set #662: [0.32116252959592717, 0.7968431070335111, -0.9995]
Running module mass_function_like
Model N: 3005081.04930059
Done mass_function_like status = 0 

Pipeline ran okay.
Likelihood mass_function_like_m_n = -140.09825287014246
Posterior = -137.19033970899605 for parameter set #662: [0.2725358741731553, 0.8471838920649245, -0.9995]
Running module mass_function_like
Model N: 3032626.2905487404
Done mass_function_like status = 0 

Pipeline ran okay.
Likelihood mass_function_like_m_n = -8.447928681969643
Posterior = -2.477275417658852 for parameter set #662: [0.28809495120548084, 0.8315469913301279, -0.9995]
Running module mass_function_like
Model N: 3032769.8977204985
Done mass_function_like status = 0 

Pipeline ran okay.
Likelihood mass_function_like_m_n = -8.421273410320282
Posterior = -1.746319198200169 for parameter set #662: [0.2990672635752704, 0.8194004701221546, -0.9995]
Running module mass_function_like
Model N: 3033809.5598700205
Done mass_function_like status = 0 

Pipeline ran okay.
Likelihood mass_function_like_m_n = -8.43111003935337
Posterior = -7.915136558882679 for parameter set #663: [0.3351093455303271, 0.7840757259871689, -0.9995]
Running module mass_function_like
Model N: 3029068.520785845
Done mass_function_like status = 0 

Pipeline ran okay.
Likelihood mass_function_like_m_n = -11.281542837619781
Posterior = -4.931155337078598 for parameter set #663: [0.30811069291452975, 0.8095060678186209, -0.9995]
Running module mass_function_like
Model N: 3031626.5568173854
Done mass_function_like status = 0 

Pipeline ran okay.
Likelihood mass_function_like_m_n = -8.822023138403893
Posterior = -3.861331571736594 for parameter set #663: [0.31853975529311485, 0.7993613070773974, -0.9995]
Running module mass_function_like
Model N: 3029177.1703766664
Done mass_function_like status = 0 

Pipeline ran okay.
Likelihood mass_function_like_m_n = -11.133114114403725
Posterior = -6.86702350383895 for parameter set #663: [0.3219691310148828, 0.7958112707131693, -0.9995]
Running module mass_function_like
Model N: 3032684.1693739323
Done mass_function_like status = 0 

Pipeline ran okay.
Likelihood mass_function_like_m_n = -8.436367437243462
Posterior = -2.9632035192223274 for parameter set #664: [0.3155315181504518, 0.8024075381521052, -0.9995]
Model N: 3029498.906178924
Done mass_function_like status = 0 

Pipeline ran okay.
Likelihood mass_function_like_m_n = -10.716469250619411
Posterior = -6.705017511095173 for parameter set #664: [0.3230991448273998, 0.7947658520405618, -0.9995]
Model N: 3028558.6135681737
Done mass_function_like status = 0 

Pipeline ran okay.
Likelihood mass_function_like_m_n = -12.030278831720352
Posterior = -6.122690424401803 for parameter set #664: [0.3124234921901344, 0.8050878271430584, -0.9995]
Model N: 3034922.115461796
Done mass_function_like status = 0 

Pipeline ran okay.
Likelihood mass_function_like_m_n = -8.83618826419115
Posterior = -2.3515438830751965 for parameter set #664: [0.29376045166387427, 0.8254124584535615, -0.9995]
Running module mass_function_like
Running module mass_function_like
Running module mass_function_like
Running module mass_function_like
Model N: 3032491.4444691865
Done mass_function_like status = 0 

Pipeline ran okay.
Likelihood mass_function_like_m_n = -8.479149796068668
Posterior = -1.8019159575915644 for parameter set #665: [0.3006434842396044, 0.8176622712569169, -0.9995]
Running module mass_function_like
Model N: 3028473.6775355297
Done mass_function_like status = 0 

Pipeline ran okay.
Likelihood mass_function_like_m_n = -12.163350313901901
Posterior = -5.4841823593556835 for parameter set #665: [0.2998349280375215, 0.8181158910155337, -0.9995]
Running module mass_function_like
Model N: 3008404.8110471508
Done mass_function_like status = 0 

Pipeline ran okay.
Likelihood mass_function_like_m_n = -110.78388354927301
Posterior = -106.75668204684672 for parameter set #665: [0.2769691394173648, 0.8420894372548405, -0.9995]
Running module mass_function_like
Model N: 3019758.903957331
Done mass_function_like status = 0 

Pipeline ran okay.
Likelihood mass_function_like_m_n = -38.52224546670914
Posterior = -32.9615041289901 for parameter set #665: [0.28504297582678184, 0.8336937693981356, -0.9995]
Running module mass_function_like
Model N: 3034513.502574419
Done mass_function_like status = 0 

Pipeline ran okay.
Likelihood mass_function_like_m_n = -8.64003524929285
Posterior = -7.183888436072106 for parameter set #666: [0.3323207592271266, 0.7866638454927631, -0.9995]
Running module mass_function_like
Model N: 3030292.149044856
Done mass_function_like status = 0 

Pipeline ran okay.
Likelihood mass_function_like_m_n = -9.835366033017635
Posterior = -3.5578207787759766 for parameter set #666: [0.29103608406924136, 0.8279681975392126, -0.9995]
Running module mass_function_like
Model N: 3033686.409086076
Done mass_function_like status = 0 

Pipeline ran okay.
Likelihood mass_function_like_m_n = -8.411341600120068
Posterior = -4.238638586568709 for parameter set #666: [0.32239018170877065, 0.795842943456306, -0.9995]
Running module mass_function_like
Model N: 3031913.5832192055
Done mass_function_like status = 0 

Pipeline ran okay.
Likelihood mass_function_like_m_n = -8.680872291326523
Posterior = -2.377910028266321 for parameter set #666: [0.30867573553365935, 0.8092114889363655, -0.9995]
Running module mass_function_like
Model N: 3033712.396060694
Done mass_function_like status = 0 

Pipeline ran okay.
Likelihood mass_function_like_m_n = -8.415096998214722
Posterior = -1.9287605767255673 for parameter set #667: [0.29378762884526294, 0.8252562041812673, -0.9995]
Running module mass_function_like
Model N: 3024742.774118631
Done mass_function_like status = 0 

Pipeline ran okay.
Likelihood mass_function_like_m_n = -20.364706121385098
Posterior = -16.51930756758195 for parameter set #667: [0.3238071654948969, 0.7936393702344131, -0.9995]
Running module mass_function_like
Model N: 3033083.3994664387
Done mass_function_like status = 0 

Pipeline ran okay.
Likelihood mass_function_like_m_n = -8.386712528765202
Posterior = -3.079792021580902 for parameter set #667: [0.3165673395035286, 0.8014282401523252, -0.9995]
Running module mass_function_like
Model N: 3028929.4767833366
Done mass_function_like status = 0 

Pipeline ran okay.
Likelihood mass_function_like_m_n = -11.477186933159828
Posterior = -5.647796855078893 for parameter set #667: [0.2869622538740067, 0.8324536022530109, -0.9995]
Running module mass_function_like
Model N: 2997739.7529042065
Done mass_function_like status = 0 

Pipeline ran okay.
Likelihood mass_function_like_m_n = -218.00688832998276
Posterior = -220.08846452652875 for parameter set #668: [0.34185900236473915, 0.7747995519204665, -0.9995]
Model N: 3025977.1986724758
Done mass_function_like status = 0 

Pipeline ran okay.
Likelihood mass_function_like_m_n = -17.14087252318859
Posterior = -10.669909675156456 for parameter set #668: [0.29354490355954205, 0.8247183314732855, -0.9995]
Model N: 3028890.493535388
Done mass_function_like status = 0 

Pipeline ran okay.
Likelihood mass_function_like_m_n = -11.533186189830303
Posterior = -4.967141929089101 for parameter set #668: [0.3047594104166167, 0.8129550345603913, -0.9995]
Model N: 3021411.0281866505
Done mass_function_like status = 0 

Pipeline ran okay.
Likelihood mass_function_like_m_n = -31.588983215391636
Posterior = -25.629346842828234 for parameter set #668: [0.3119972315618796, 0.8048088274250432, -0.9995]
Running module mass_function_like
Running module mass_function_like
Running module mass_function_like
Running module mass_function_like
Model N: 3036115.9154746225
Done mass_function_like status = 0 

Pipeline ran okay.
Likelihood mass_function_like_m_n = -9.724198587238789
Posterior = -3.9315009784293924 for parameter set #669: [0.31331620508629093, 0.8049407376401938, -0.9995]
Running module mass_function_like
Model N: 3033620.8287802027
Done mass_function_like status = 0 

Pipeline ran okay.
Likelihood mass_function_like_m_n = -8.40285412222147
Posterior = -2.385685072200312 for parameter set #669: [0.31150769436758763, 0.806506819164774, -0.9995]
Running module mass_function_like
Model N: 3027602.33050588
Done mass_function_like status = 0 

Pipeline ran okay.
Likelihood mass_function_like_m_n = -13.666323617100716
Posterior = -9.720238854025697 for parameter set #669: [0.276619583257627, 0.8446275409260587, -0.9995]
Running module mass_function_like
Model N: 3029101.8087624484
Done mass_function_like status = 0 

Pipeline ran okay.
Likelihood mass_function_like_m_n = -11.235652707517147
Posterior = -5.662702558286396 for parameter set #669: [0.2851248257214952, 0.8345986824936671, -0.9995]
Running module mass_function_like
Model N: 3033848.3452781946
Done mass_function_like status = 0 

Pipeline ran okay.
Likelihood mass_function_like_m_n = -8.438370928168297
Posterior = -1.8973365141824683 for parameter set #670: [0.29474129703587715, 0.82421777725848, -0.9995]
Running module mass_function_like
Model N: 3007236.129478582
Done mass_function_like status = 0 

Pipeline ran okay.
Likelihood mass_function_like_m_n = -120.66875635832548
Posterior = -122.53234056977837 for parameter set #670: [0.341334945045961, 0.7761216343836014, -0.9995]
Running module mass_function_like
Model N: 3027704.2061290336
Done mass_function_like status = 0 

Pipeline ran okay.
Likelihood mass_function_like_m_n = -13.477632530033588
Posterior = -8.692913155297228 for parameter set #670: [0.2805342104009427, 0.8398967647645235, -0.9995]
Running module mass_function_like
Model N: 3033444.8369911783
Done mass_function_like status = 0 

Pipeline ran okay.
Likelihood mass_function_like_m_n = -8.387083664536476
Posterior = -3.799440822544369 for parameter set #670: [0.3204531726454264, 0.7976860699207133, -0.9995]
Running module mass_function_like
Model N: 3029254.968879105
Done mass_function_like status = 0 

Pipeline ran okay.
Likelihood mass_function_like_m_n = -11.029229313135147
Posterior = -7.589192292914936 for parameter set #671: [0.32545296516357175, 0.7925180640619612, -0.9995]
Running module mass_function_like
Model N: 3020178.5447256397
Done mass_function_like status = 0 

Pipeline ran okay.
Likelihood mass_function_like_m_n = -36.675212167203426
Posterior = -31.55842175210698 for parameter set #671: [0.28232225250087695, 0.8369578509852483, -0.9995]
Running module mass_function_like
Model N: 3030816.8902952485
Done mass_function_like status = 0 

Pipeline ran okay.
Likelihood mass_function_like_m_n = -9.366736993193626
Posterior = -3.762490437723672 for parameter set #671: [0.314663271414253, 0.8030817975146111, -0.9995]
Running module mass_function_like
Model N: 3033889.822603114
Done mass_function_like status = 0 

Pipeline ran okay.
Likelihood mass_function_like_m_n = -8.446684300899506
Posterior = -2.0355289414719007 for parameter set #671: [0.292676765210884, 0.8265083320143756, -0.9995]
Running module mass_function_like
Model N: 3034463.1448821235
Done mass_function_like status = 0 

Pipeline ran okay.
Likelihood mass_function_like_m_n = -8.619667656719685
Posterior = -2.2854082012250707 for parameter set #672: [0.3083071624856576, 0.8098432424319119, -0.9995]
Model N: 3028148.0184505167
Done mass_function_like status = 0 

Pipeline ran okay.
Likelihood mass_function_like_m_n = -12.695681042969227
Posterior = -8.108187936506244 for parameter set #672: [0.3204539047218237, 0.7971738569054467, -0.9995]
Model N: 3034679.058343662
Done mass_function_like status = 0 

Pipeline ran okay.
Likelihood mass_function_like_m_n = -8.712882906198502
Posterior = -2.166828483662975 for parameter set #672: [0.294837640543808, 0.8241979219283444, -0.9995]
Model N: 3028876.9528903435
Done mass_function_like status = 0 

Pipeline ran okay.
Likelihood mass_function_like_m_n = -11.55275483429432
Posterior = -4.87399217013205 for parameter set #672: [0.29967089997024293, 0.8183532871154074, -0.9995]
Running module mass_function_like
Running module mass_function_like
Running module mass_function_like
Running module mass_function_like
Model N: 3027430.0513201873
Done mass_function_like status = 0 

Pipeline ran okay.
Likelihood mass_function_like_m_n = -13.993228942155838
Posterior = -10.951041649206708 for parameter set #673: [0.3269707875500923, 0.790923049704707, -0.9995]
Running module mass_function_like
Model N: 3024236.0774310254
Done mass_function_like status = 0 

Pipeline ran okay.
Likelihood mass_function_like_m_n = -21.83422066271305
Posterior = -18.774767075474067 for parameter set #673: [0.27309330711116203, 0.8486226282054672, -0.9995]
Running module mass_function_like
Model N: 3020195.2596967393
Done mass_function_like status = 0 

Pipeline ran okay.
Likelihood mass_function_like_m_n = -36.602854661643505
Posterior = -30.965772908206066 for parameter set #673: [0.28556239323937127, 0.8331381061448211, -0.9995]
Running module mass_function_like
Model N: 2979930.0068607987
Done mass_function_like status = 0 

Pipeline ran okay.
Likelihood mass_function_like_m_n = -482.78490190953016
Posterior = -483.97601187952415 for parameter set #673: [0.260325287226486, 0.8601694032510189, -0.9995]
Running module mass_function_like
Model N: 3029046.7856086353
Done mass_function_like status = 0 

Pipeline ran okay.
Likelihood mass_function_like_m_n = -11.311704196035862
Posterior = -4.692717878931278 for parameter set #674: [0.303473265932969, 0.8143170401311197, -0.9995]
Running module mass_function_like
Model N: 3033764.4488983545
Done mass_function_like status = 0 

Pipeline ran okay.
Likelihood mass_function_like_m_n = -8.423288606107235
Posterior = -1.7989110368871355 for parameter set #674: [0.29668558816409, 0.8220811184686726, -0.9995]
Running module mass_function_like
Model N: 3034151.2591933804
Done mass_function_like status = 0 

Pipeline ran okay.
Likelihood mass_function_like_m_n = -8.512132532894611
Posterior = -2.8772342201233823 for parameter set #674: [0.31445272213487113, 0.8036175283676975, -0.9995]
Running module mass_function_like
Model N: 3031676.806681421
Done mass_function_like status = 0 

Pipeline ran okay.
Likelihood mass_function_like_m_n = -8.795348562300205
Posterior = -2.2673980288822317 for parameter set #674: [0.2944981155066245, 0.8242599718658968, -0.9995]
Running module mass_function_like
Model N: 3023772.173357138
Done mass_function_like status = 0 

Pipeline ran okay.
Likelihood mass_function_like_m_n = -23.254292994737625
Posterior = -16.76557856295387 for parameter set #675: [0.3061739738665861, 0.8109706697283918, -0.9995]
Running module mass_function_like
Model N: 3033640.8294093735
Done mass_function_like status = 0 

Pipeline ran okay.
Likelihood mass_function_like_m_n = -8.40529239922762
Posterior = -4.264171813201445 for parameter set #675: [0.32253079498057724, 0.7957044377616658, -0.9995]
Running module mass_function_like
Model N: 3035392.336088362
Done mass_function_like status = 0 

Pipeline ran okay.
Likelihood mass_function_like_m_n = -9.129959404468536
Posterior = -2.451698419478543 for parameter set #675: [0.2995432258062879, 0.8191573079450187, -0.9995]
Running module mass_function_like
Model N: 3036079.798556651
Done mass_function_like status = 0 

Pipeline ran okay.
Likelihood mass_function_like_m_n = -9.690451800823212
Posterior = -3.2074329471276215 for parameter set #675: [0.2937344538208611, 0.8255619321603135, -0.9995]
Running module mass_function_like
Model N: 3030846.0603678674
Done mass_function_like status = 0 

Pipeline ran okay.
Likelihood mass_function_like_m_n = -9.343354165554047
Posterior = -5.003400577187699 for parameter set #676: [0.3216303056378954, 0.7962955292030229, -0.9995]
Model N: 3034567.1437612837
Done mass_function_like status = 0 

Pipeline ran okay.
Likelihood mass_function_like_m_n = -8.662649676203728
Posterior = -2.805976594017416 for parameter set #676: [0.31282677758537886, 0.8052770916351908, -0.9995]
Model N: 3034563.544106968
Done mass_function_like status = 0 

Pipeline ran okay.
Likelihood mass_function_like_m_n = -8.661102443933487
Posterior = -2.811804400369362 for parameter set #676: [0.3128841464967306, 0.8052192223727717, -0.9995]
Model N: 3035348.486389462
Done mass_function_like status = 0 

Pipeline ran okay.
Likelihood mass_function_like_m_n = -9.099486336112022
Posterior = -2.655109586415117 for parameter set #676: [0.3068545962479681, 0.8114279564025157, -0.9995]
Running module mass_function_like
Running module mass_function_like
Running module mass_function_like
Running module mass_function_like
Model N: 3021059.312321529
Done mass_function_like status = 0 

Pipeline ran okay.
Likelihood mass_function_like_m_n = -32.98896570503712
Posterior = -28.961412503335435 for parameter set #677: [0.32302933345369994, 0.7940232676099651, -0.9995]
Running module mass_function_like
Model N: 3033901.8094540536
Done mass_function_like status = 0 

Pipeline ran okay.
Likelihood mass_function_like_m_n = -8.449192441999912
Posterior = -3.190336725258815 for parameter set #677: [0.3168549605847602, 0.8012261085003959, -0.9995]
Running module mass_function_like
Model N: 3036081.262915923
Done mass_function_like status = 0 

Pipeline ran okay.
Likelihood mass_function_like_m_n = -9.691811718046665
Posterior = -3.014766281148832 for parameter set #677: [0.3006721251985109, 0.8179980140942543, -0.9995]
Running module mass_function_like
Model N: 3033719.7402166724
Done mass_function_like status = 0 

Pipeline ran okay.
Likelihood mass_function_like_m_n = -8.416198648512363
Posterior = -2.0458977711245847 for parameter set #677: [0.2921386601533527, 0.8270912990486697, -0.9995]
Running module mass_function_like
Model N: 3032703.767078906
Done mass_function_like status = 0 

Pipeline ran okay.
Likelihood mass_function_like_m_n = -8.432703197002411
Posterior = -1.7534460432619436 for parameter set #678: [0.2999030004435751, 0.8184755265567385, -0.9995]
Running module mass_function_like
Model N: 3032272.028560626
Done mass_function_like status = 0 

Pipeline ran okay.
Likelihood mass_function_like_m_n = -8.542771302163601
Posterior = -4.058687871786512 for parameter set #678: [0.320953380481121, 0.7970916489580645, -0.9995]
Running module mass_function_like
Model N: 3029251.005795035
Done mass_function_like status = 0 

Pipeline ran okay.
Likelihood mass_function_like_m_n = -11.03447287529707
Posterior = -4.520006124330514 for parameter set #678: [0.3057417322707288, 0.8119690017909437, -0.9995]
Running module mass_function_like
Model N: 3012855.495530332
Done mass_function_like status = 0 

Pipeline ran okay.
Likelihood mass_function_like_m_n = -77.3273605555296
Posterior = -73.59323340848248 for parameter set #678: [0.2757299482849208, 0.8440932410867417, -0.9995]
Running module mass_function_like
Model N: 3034865.8603972117
Done mass_function_like status = 0 

Pipeline ran okay.
Likelihood mass_function_like_m_n = -8.80591905117035
Posterior = -5.475055468413439 for parameter set #679: [0.3258783330821492, 0.7926529151928308, -0.9995]
Running module mass_function_like
Model N: 3011047.340394702
Done mass_function_like status = 0 

Pipeline ran okay.
Likelihood mass_function_like_m_n = -90.12012828886509
Posterior = -88.81992475043714 for parameter set #679: [0.33279969713238905, 0.7840342688107776, -0.9995]
Running module mass_function_like
Model N: 3034124.452631056
Done mass_function_like status = 0 

Pipeline ran okay.
Likelihood mass_function_like_m_n = -8.504385523498058
Posterior = -1.962377462679198 for parameter set #679: [0.2947598447066649, 0.8242259993740028, -0.9995]
Running module mass_function_like
Model N: 3027034.089933968
Done mass_function_like status = 0 

Pipeline ran okay.
Likelihood mass_function_like_m_n = -14.781812340021133
Posterior = -8.107280259882064 for parameter set #679: [0.2990230539246068, 0.8188598338529971, -0.9995]
Running module mass_function_like
Model N: 3020914.913445615
Done mass_function_like status = 0 

Pipeline ran okay.
Likelihood mass_function_like_m_n = -33.57564003020525
Posterior = -32.07620570810812 for parameter set #680: [0.33218654960138805, 0.7855121926439779, -0.9995]
Model N: 3029183.5679947496
Done mass_function_like status = 0 

Pipeline ran okay.
Likelihood mass_function_like_m_n = -11.124495841562748
Posterior = -4.6403041434407175 for parameter set #680: [0.30624679918339254, 0.8114385379643738, -0.9995]
Model N: 3034491.3637874173
Done mass_function_like status = 0 

Pipeline ran okay.
Likelihood mass_function_like_m_n = -8.630978137254715
Posterior = -2.1049754677975674 for parameter set #680: [0.2944628251092628, 0.8245913302162294, -0.9995]
Model N: 3029979.6246592896
Done mass_function_like status = 0 

Pipeline ran okay.
Likelihood mass_function_like_m_n = -10.157686531543732
Posterior = -3.7985588105934074 for parameter set #680: [0.3080022056629391, 0.8097084054049609, -0.9995]
Running module mass_function_like
Running module mass_function_like
Running module mass_function_like
Running module mass_function_like
Model N: 3033593.456279489
Done mass_function_like status = 0 

Pipeline ran okay.
Likelihood mass_function_like_m_n = -8.39973084628582
Posterior = -1.9971541997886089 for parameter set #681: [0.30743945632170777, 0.8106485557542976, -0.9995]
Running module mass_function_like
Model N: 3032691.9213031265
Done mass_function_like status = 0 

Pipeline ran okay.
Likelihood mass_function_like_m_n = -8.434902891516685
Posterior = -1.7556223922472984 for parameter set #681: [0.2999311537353055, 0.8184443681778051, -0.9995]
Running module mass_function_like
Model N: 3008424.8716821275
Done mass_function_like status = 0 

Pipeline ran okay.
Likelihood mass_function_like_m_n = -110.61820502579212
Posterior = -107.58483816002172 for parameter set #681: [0.27299652862115764, 0.8469820441860921, -0.9995]
Running module mass_function_like
Model N: 3029401.5411763587
Done mass_function_like status = 0 

Pipeline ran okay.
Likelihood mass_function_like_m_n = -10.83894568681717
Posterior = -6.285620368317426 for parameter set #681: [0.2793797241540737, 0.8414681425422709, -0.9995]
Running module mass_function_like
Model N: 3030219.4205764052
Done mass_function_like status = 0 

Pipeline ran okay.
Likelihood mass_function_like_m_n = -9.907493509352207
Posterior = -4.164347774208334 for parameter set #682: [0.313683263230431, 0.8039950872217348, -0.9995]
Running module mass_function_like
Model N: 3032152.770181312
Done mass_function_like status = 0 

Pipeline ran okay.
Likelihood mass_function_like_m_n = -8.584013290703297
Posterior = -2.0690892228737656 for parameter set #682: [0.2942662380502733, 0.824564818214456, -0.9995]
Running module mass_function_like
Model N: 3009397.0123412013
Done mass_function_like status = 0 

Pipeline ran okay.
Likelihood mass_function_like_m_n = -102.75100406259298
Posterior = -102.54313806904766 for parameter set #682: [0.33597620937443207, 0.7810329817356343, -0.9995]
Running module mass_function_like
Model N: 3033308.564082604
Done mass_function_like status = 0 

Pipeline ran okay.
Likelihood mass_function_like_m_n = -8.381885901093483
Posterior = -1.8559834473498977 for parameter set #682: [0.2944610155341143, 0.8244702736396929, -0.9995]
Running module mass_function_like
Model N: 3036331.18602077
Done mass_function_like status = 0 

Pipeline ran okay.
Likelihood mass_function_like_m_n = -9.934245586395264
Posterior = -3.423343305406023 for parameter set #683: [0.3058034802889466, 0.812616832612919, -0.9995]
Running module mass_function_like
Model N: 3036136.082768731
Done mass_function_like status = 0 

Pipeline ran okay.
Likelihood mass_function_like_m_n = -9.743229180574417
Posterior = -3.2620558263282486 for parameter set #683: [0.2937050680057044, 0.8256002175346657, -0.9995]
Running module mass_function_like
Model N: 3032976.8184204167
Done mass_function_like status = 0 

Pipeline ran okay.
Likelihood mass_function_like_m_n = -8.3948260769248
Posterior = -3.6472974837267556 for parameter set #683: [0.31965591821875616, 0.7984104558364459, -0.9995]
Running module mass_function_like
Model N: 3034126.6881855903
Done mass_function_like status = 0 

Pipeline ran okay.
Likelihood mass_function_like_m_n = -8.505022540688515
Posterior = -4.510460329526834 for parameter set #683: [0.32317214701812724, 0.7951404194090836, -0.9995]
Running module mass_function_like
Model N: 3016325.7860208233
Done mass_function_like status = 0 

Pipeline ran okay.
Likelihood mass_function_like_m_n = -55.83431548625231
Posterior = -51.28361006484646 for parameter set #684: [0.32063297737557206, 0.7958612964305763, -0.9995]
Model N: 3033505.421316215
Done mass_function_like status = 0 

Pipeline ran okay.
Likelihood mass_function_like_m_n = -8.391360238194466
Posterior = -2.0687321637908607 for parameter set #684: [0.3084460182797173, 0.8096052363331216, -0.9995]
Model N: 3030255.1612446727
Done mass_function_like status = 0 

Pipeline ran okay.
Likelihood mass_function_like_m_n = -9.871829837560654
Posterior = -5.587830845479182 for parameter set #684: [0.3218874631066678, 0.7959930908329943, -0.9995]
Model N: 3003754.0092497286
Done mass_function_like status = 0 

Pipeline ran okay.
Likelihood mass_function_like_m_n = -152.83832842856646
Posterior = -150.34682948117091 for parameter set #684: [0.2710593529757379, 0.8488863295083162, -0.9995]
Running module mass_function_like
Running module mass_function_like
Running module mass_function_like
Running module mass_function_like
Model N: 3025263.4464392206
Done mass_function_like status = 0 

Pipeline ran okay.
Likelihood mass_function_like_m_n = -18.943332865834236
Posterior = -15.92382068049305 for parameter set #685: [0.32705472976382877, 0.7906390896144965, -0.9995]
Running module mass_function_like
Model N: 3033318.1397100426
Done mass_function_like status = 0 

Pipeline ran okay.
Likelihood mass_function_like_m_n = -8.382051169872284
Posterior = -3.7493840142869974 for parameter set #685: [0.32023184145215117, 0.7978871715938524, -0.9995]
Running module mass_function_like
Model N: 3037021.3661895124
Done mass_function_like status = 0 

Pipeline ran okay.
Likelihood mass_function_like_m_n = -10.710471495985985
Posterior = -4.068867789173632 for parameter set #685: [0.3027459239427867, 0.8158912583081801, -0.9995]
Running module mass_function_like
Model N: 3033231.569512347
Done mass_function_like status = 0 

Pipeline ran okay.
Likelihood mass_function_like_m_n = -8.381655752658844
Posterior = -1.9622493590627137 for parameter set #685: [0.29279031478198847, 0.8263129608842212, -0.9995]
Running module mass_function_like
Model N: 3032467.785214387
Done mass_function_like status = 0 

Pipeline ran okay.
Likelihood mass_function_like_m_n = -8.485246129333973
Posterior = -3.944979360753173 for parameter set #686: [0.3206835075832384, 0.7973697844234517, -0.9995]
Running module mass_function_like
Model N: 3033263.550983307
Done mass_function_like status = 0 

Pipeline ran okay.
Likelihood mass_function_like_m_n = -8.381514057517052
Posterior = -1.7057668773222368 for parameter set #686: [0.29915655253686024, 0.819354853691103, -0.9995]
Running module mass_function_like
Model N: 3029539.5798824746
Done mass_function_like status = 0 

Pipeline ran okay.
Likelihood mass_function_like_m_n = -10.66623318940401
Posterior = -4.425209685031671 for parameter set #686: [0.29063751428371865, 0.8283378470829961, -0.9995]
Running module mass_function_like
Model N: 3030773.3532845904
Done mass_function_like status = 0 

Pipeline ran okay.
Likelihood mass_function_like_m_n = -9.402159035205841
Posterior = -3.4247497919922267 for parameter set #686: [0.2881518359641961, 0.83128532687019, -0.9995]
Running module mass_function_like
Model N: 3034892.633801311
Done mass_function_like status = 0 

Pipeline ran okay.
Likelihood mass_function_like_m_n = -8.820195071399212
Posterior = -5.478258370520781 for parameter set #687: [0.3258355085006344, 0.7926954827554153, -0.9995]
Running module mass_function_like
Model N: 3028690.444634463
Done mass_function_like status = 0 

Pipeline ran okay.
Likelihood mass_function_like_m_n = -11.828460827469826
Posterior = -7.429465107585662 for parameter set #687: [0.3213556010377888, 0.7963507471266329, -0.9995]
Running module mass_function_like
Model N: 3034858.0211999095
Done mass_function_like status = 0 

Pipeline ran okay.
Likelihood mass_function_like_m_n = -8.801783747971058
Posterior = -2.3017037522019628 for parameter set #687: [0.2940129439197364, 0.8251261732064079, -0.9995]
Running module mass_function_like
Model N: 3031837.1291352916
Done mass_function_like status = 0 

Pipeline ran okay.
Likelihood mass_function_like_m_n = -8.715813741087914
Posterior = -2.4230863824006814 for parameter set #687: [0.30879291578059254, 0.8090838730276856, -0.9995]
Running module mass_function_like
Model N: 3034176.168506688
Done mass_function_like status = 0 

Pipeline ran okay.
Likelihood mass_function_like_m_n = -8.519543468952179
Posterior = -3.0757998834697187 for parameter set #688: [0.3157198003347863, 0.802368077095922, -0.9995]
Model N: 3025477.958952976
Done mass_function_like status = 0 

Pipeline ran okay.
Likelihood mass_function_like_m_n = -18.383874893188477
Posterior = -11.949340446122163 for parameter set #688: [0.2930032900411138, 0.8252662289928033, -0.9995]
Model N: 3031801.8425973617
Done mass_function_like status = 0 

Pipeline ran okay.
Likelihood mass_function_like_m_n = -8.732591137290001
Posterior = -2.080646539680222 for parameter set #688: [0.30233921357299504, 0.8157911839472353, -0.9995]
Model N: 3034047.226815193
Done mass_function_like status = 0 

Pipeline ran okay.
Likelihood mass_function_like_m_n = -8.483391098678112
Posterior = -1.9983640041239425 for parameter set #688: [0.293766588353782, 0.8253142638396814, -0.9995]
Running module mass_function_like
Running module mass_function_like
Running module mass_function_like
Running module mass_function_like
Model N: 3034303.9358050777
Done mass_function_like status = 0 

Pipeline ran okay.
Likelihood mass_function_like_m_n = -8.560769863426685
Posterior = -2.4706403763337548 for parameter set #689: [0.31085518043348215, 0.8072327761000014, -0.9995]
Running module mass_function_like
Model N: 3034596.227782392
Done mass_function_like status = 0 

Pipeline ran okay.
Likelihood mass_function_like_m_n = -8.675307385623455
Posterior = -3.6985148173574425 for parameter set #689: [0.3184527051135826, 0.7997342344749832, -0.9995]
Running module mass_function_like
Model N: 3037366.969846253
Done mass_function_like status = 0 

Pipeline ran okay.
Likelihood mass_function_like_m_n = -11.158028051257133
Posterior = -5.152223633632026 for parameter set #689: [0.2883939689756998, 0.8317077072164571, -0.9995]
Running module mass_function_like
Model N: 3031313.5487941327
Done mass_function_like status = 0 

Pipeline ran okay.
Likelihood mass_function_like_m_n = -9.006943881511688
Posterior = -2.911130186220918 for parameter set #689: [0.28919731049210956, 0.8301510125602769, -0.9995]
Running module mass_function_like
Model N: 3019480.902904123
Done mass_function_like status = 0 

Pipeline ran okay.
Likelihood mass_function_like_m_n = -39.7781120762229
Posterior = -37.44957078288552 for parameter set #690: [0.32949834878420425, 0.7878313544006257, -0.9995]
Running module mass_function_like
Model N: 3030466.359586044
Done mass_function_like status = 0 

Pipeline ran okay.
Likelihood mass_function_like_m_n = -9.669700093567371
Posterior = -3.131187813085891 for parameter set #690: [0.29469355264176267, 0.8239189306222823, -0.9995]
Running module mass_function_like
Model N: 3033237.0674234107
Done mass_function_like status = 0 

Pipeline ran okay.
Likelihood mass_function_like_m_n = -8.38160739839077
Posterior = -1.8499581460466352 for parameter set #690: [0.3054342422832639, 0.8126896681466915, -0.9995]
Running module mass_function_like
Model N: 3034825.6346304384
Done mass_function_like status = 0 

Pipeline ran okay.
Likelihood mass_function_like_m_n = -8.784913815557957
Posterior = -2.1997516259949563 for parameter set #690: [0.29566082937078525, 0.8233102279398035, -0.9995]
Running module mass_function_like
Model N: 3036693.84484748
Done mass_function_like status = 0 

Pipeline ran okay.
Likelihood mass_function_like_m_n = -10.322582356631756
Posterior = -3.852155698730316 for parameter set #691: [0.3064633975648843, 0.8119678629225914, -0.9995]
Running module mass_function_like
Model N: 3036075.391042956
Done mass_function_like status = 0 

Pipeline ran okay.
Likelihood mass_function_like_m_n = -9.68636291474104
Posterior = -5.832983385848653 for parameter set #691: [0.3237736184432148, 0.7947558591788404, -0.9995]
Running module mass_function_like
Model N: 3032668.0655540577
Done mass_function_like status = 0 

Pipeline ran okay.
Likelihood mass_function_like_m_n = -8.43947322666645
Posterior = -3.4759423772426583 for parameter set #691: [0.31852443439830974, 0.7994774892118052, -0.9995]
Running module mass_function_like
Model N: 3035742.0705654356
Done mass_function_like status = 0 

Pipeline ran okay.
Likelihood mass_function_like_m_n = -9.395661853253841
Posterior = -2.7176273911418622 for parameter set #691: [0.29949606821925584, 0.8192439748658722, -0.9995]
Running module mass_function_like
Model N: 3025760.0295826048
Done mass_function_like status = 0 

Pipeline ran okay.
Likelihood mass_function_like_m_n = -17.67143026739359
Posterior = -11.976994995011543 for parameter set #692: [0.3140347349524539, 0.803207948886395, -0.9995]
Model N: 3033737.8978907526
Done mass_function_like status = 0 

Pipeline ran okay.
Likelihood mass_function_like_m_n = -8.418998673558235
Posterior = -1.986235524335303 for parameter set #692: [0.3070219804768636, 0.8110935364053568, -0.9995]
Model N: 3033391.313990103
Done mass_function_like status = 0 

Pipeline ran okay.
Likelihood mass_function_like_m_n = -8.384312152862549
Posterior = -2.7076351267248207 for parameter set #692: [0.31416070035113003, 0.8038323825176168, -0.9995]
Model N: 3039391.038863223
Done mass_function_like status = 0 

Pipeline ran okay.
Likelihood mass_function_like_m_n = -14.567400932312012
Posterior = -7.910067025018121 for parameter set #692: [0.3020962008976388, 0.8168196757560254, -0.9995]
Running module mass_function_like
Running module mass_function_like
Running module mass_function_like
Running module mass_function_like
Model N: 3033603.2340257266
Done mass_function_like status = 0 

Pipeline ran okay.
Likelihood mass_function_like_m_n = -8.400818161666393
Posterior = -3.036871383960122 for parameter set #693: [0.31621947854034727, 0.8018204040055131, -0.9995]
Running module mass_function_like
Model N: 3032246.612492172
Done mass_function_like status = 0 

Pipeline ran okay.
Likelihood mass_function_like_m_n = -8.551167272031307
Posterior = -4.1179090168615815 for parameter set #693: [0.32119455563648586, 0.7968573454370103, -0.9995]
Running module mass_function_like
Model N: 3034483.1222903556
Done mass_function_like status = 0 

Pipeline ran okay.
Likelihood mass_function_like_m_n = -8.62764772772789
Posterior = -1.993248666201204 for parameter set #693: [0.30299683622453794, 0.8153689918324976, -0.9995]
Running module mass_function_like
Model N: 3032249.672919978
Done mass_function_like status = 0 

Pipeline ran okay.
Likelihood mass_function_like_m_n = -8.550145000219345
Posterior = -2.3675516896471596 for parameter set #693: [0.2900329453925644, 0.8293064522312333, -0.9995]
Running module mass_function_like
Model N: 3017736.737202196
Done mass_function_like status = 0 

Pipeline ran okay.
Likelihood mass_function_like_m_n = -48.24425606429577
Posterior = -42.769330290067884 for parameter set #694: [0.3155201702573285, 0.8009567799764982, -0.9995]
Running module mass_function_like
Model N: 3032991.0228284467
Done mass_function_like status = 0 

Pipeline ran okay.
Likelihood mass_function_like_m_n = -8.393528431653976
Posterior = -1.73144832182048 for parameter set #694: [0.29814397799168746, 0.8204191876375658, -0.9995]
Running module mass_function_like
Model N: 3025377.318582989
Done mass_function_like status = 0 

Pipeline ran okay.
Likelihood mass_function_like_m_n = -18.644450418651104
Posterior = -13.34277002285706 for parameter set #694: [0.2834010614645625, 0.8362488507027332, -0.9995]
Running module mass_function_like
Model N: 3016465.7430615826
Done mass_function_like status = 0 

Pipeline ran okay.
Likelihood mass_function_like_m_n = -55.05178935080767
Posterior = -50.251926534823475 for parameter set #694: [0.2806121616350558, 0.8385829487858761, -0.9995]
Running module mass_function_like
Model N: 3030375.192375028
Done mass_function_like status = 0 

Pipeline ran okay.
Likelihood mass_function_like_m_n = -9.7551454231143
Posterior = -4.03269054237502 for parameter set #695: [0.3138336496816344, 0.8038607372203337, -0.9995]
Running module mass_function_like
Model N: 3035323.5168456384
Done mass_function_like status = 0 

Pipeline ran okay.
Likelihood mass_function_like_m_n = -9.082416787743568
Posterior = -2.5891124521617037 for parameter set #695: [0.29390082197786727, 0.825298810194863, -0.9995]
Running module mass_function_like
Model N: 3033320.203214312
Done mass_function_like status = 0 

Pipeline ran okay.
Likelihood mass_function_like_m_n = -8.382090732455254
Posterior = -2.9839343461000887 for parameter set #695: [0.3160071722171971, 0.8020012969838933, -0.9995]
Running module mass_function_like
Model N: 3033583.6050750944
Done mass_function_like status = 0 

Pipeline ran okay.
Likelihood mass_function_like_m_n = -8.398667231202126
Posterior = -1.7218917751639466 for parameter set #695: [0.30071115993588227, 0.817701575340793, -0.9995]
Running module mass_function_like
Model N: 3033010.2828357113
Done mass_function_like status = 0 

Pipeline ran okay.
Likelihood mass_function_like_m_n = -8.391875192523003
Posterior = -1.7971512707211463 for parameter set #696: [0.30411291323779976, 0.8140468310212134, -0.9995]
Model N: 3034049.5219952273
Done mass_function_like status = 0 

Pipeline ran okay.
Likelihood mass_function_like_m_n = -8.483986720442772
Posterior = -3.423932694175763 for parameter set #696: [0.3179958338069854, 0.8001260142450619, -0.9995]
Model N: 3010500.7371608303
Done mass_function_like status = 0 

Pipeline ran okay.
Likelihood mass_function_like_m_n = -94.20261675864458
Posterior = -94.32172638637975 for parameter set #696: [0.33687387646029465, 0.7803373875847743, -0.9995]
Model N: 2993066.4872319414
Done mass_function_like status = 0 

Pipeline ran okay.
Likelihood mass_function_like_m_n = -277.07166154682636
Posterior = -275.46340535182776 for parameter set #696: [0.26815334239418026, 0.8513717656896455, -0.9995]
Running module mass_function_like
Running module mass_function_like
Running module mass_function_like
Running module mass_function_like
Model N: 3017989.6996213915
Done mass_function_like status = 0 

Pipeline ran okay.
Likelihood mass_function_like_m_n = -46.95358772575855
Posterior = -44.84865112891722 for parameter set #697: [0.3302468762072015, 0.7870046085706826, -0.9995]
Running module mass_function_like
Model N: 3034480.049135534
Done mass_function_like status = 0 

Pipeline ran okay.
Likelihood mass_function_like_m_n = -8.626411586999893
Posterior = -2.5939590951082696 for parameter set #697: [0.3113741083731304, 0.8067265153011937, -0.9995]
Running module mass_function_like
Model N: 3034191.264842667
Done mass_function_like status = 0 

Pipeline ran okay.
Likelihood mass_function_like_m_n = -8.524134367704391
Posterior = -3.230277676389967 for parameter set #697: [0.3166460055688791, 0.8014593309304966, -0.9995]
Running module mass_function_like
Model N: 3012407.5339695713
Done mass_function_like status = 0 

Pipeline ran okay.
Likelihood mass_function_like_m_n = -80.39485117793083
Posterior = -78.6261002847358 for parameter set #697: [0.26866135515018186, 0.852907839425428, -0.9995]
Running module mass_function_like
Model N: 3033934.40811575
Done mass_function_like status = 0 

Pipeline ran okay.
Likelihood mass_function_like_m_n = -8.4562529027462
Posterior = -1.8312766698876235 for parameter set #698: [0.2967037000909619, 0.8220790209533033, -0.9995]
Running module mass_function_like
Model N: 3025961.9660578584
Done mass_function_like status = 0 

Pipeline ran okay.
Likelihood mass_function_like_m_n = -17.17757724970579
Posterior = -12.044560646085634 for parameter set #698: [0.28241428082397513, 0.8374739612042145, -0.9995]
Running module mass_function_like
Model N: 3019065.6649655807
Done mass_function_like status = 0 

Pipeline ran okay.
Likelihood mass_function_like_m_n = -41.70183073729277
Posterior = -36.58406077666097 for parameter set #698: [0.28232779449147105, 0.8368312466317818, -0.9995]
Running module mass_function_like
Model N: 3032795.083337195
Done mass_function_like status = 0 

Pipeline ran okay.
Likelihood mass_function_like_m_n = -8.417299643158913
Posterior = -1.942614606991075 for parameter set #698: [0.29360282621554856, 0.8253651589175708, -0.9995]
Running module mass_function_like
Model N: 3032307.9779277532
Done mass_function_like status = 0 

Pipeline ran okay.
Likelihood mass_function_like_m_n = -8.531259633600712
Posterior = -3.5932562278445976 for parameter set #699: [0.31866172978345836, 0.7993090454081454, -0.9995]
Running module mass_function_like
Model N: 3031583.3553083087
Done mass_function_like status = 0 

Pipeline ran okay.
Likelihood mass_function_like_m_n = -8.845622390508652
Posterior = -3.1413675297938024 for parameter set #699: [0.3139645933531582, 0.8038493846403667, -0.9995]
Running module mass_function_like
Model N: 3032816.2581924303
Done mass_function_like status = 0 

Pipeline ran okay.
Likelihood mass_function_like_m_n = -8.414120554924011
Posterior = -1.8278252676390796 for parameter set #699: [0.30431297834507126, 0.8138176036018687, -0.9995]
Running module mass_function_like
Model N: 3034570.8156687845
Done mass_function_like status = 0 

Pipeline ran okay.
Likelihood mass_function_like_m_n = -8.66423236578703
Posterior = -7.3590731746029245 for parameter set #699: [0.3327845848139826, 0.7862476990358191, -0.9995]
Running module mass_function_like
Model N: 3034900.6627401104
Done mass_function_like status = 0 

Pipeline ran okay.
Likelihood mass_function_like_m_n = -8.824522241950035
Posterior = -2.3141342315975244 for parameter set #700: [0.2941876650482325, 0.8249377166031079, -0.9995]
Model N: 3029072.3410012703
Done mass_function_like status = 0 

Pipeline ran okay.
Likelihood mass_function_like_m_n = -11.276257760822773
Posterior = -7.695555145670143 for parameter set #700: [0.32489418238527856, 0.79302655213298, -0.9995]
Model N: 3034497.2509120908
Done mass_function_like status = 0 

Pipeline ran okay.
Likelihood mass_function_like_m_n = -8.633370831608772
Posterior = -2.042551605630468 for parameter set #700: [0.29579322041623535, 0.8231310094962416, -0.9995]
Model N: 3034448.818600027
Done mass_function_like status = 0 

Pipeline ran okay.
Likelihood mass_function_like_m_n = -8.61402591317892
Posterior = -1.9466440226733237 for parameter set #700: [0.29845582981478064, 0.8202318419512696, -0.9995]
Running module mass_function_like
Running module mass_function_like
Running module mass_function_like
Running module mass_function_like
Model N: 2981871.038721605
Done mass_function_like status = 0 

Pipeline ran okay.
Likelihood mass_function_like_m_n = -448.6899826824665
Posterior = -455.4704908311572 for parameter set #701: [0.35188412540845393, 0.7648997822942774, -0.9995]
Running module mass_function_like
Model N: 3035117.4863742455
Done mass_function_like status = 0 

Pipeline ran okay.
Likelihood mass_function_like_m_n = -8.949406087398529
Posterior = -2.270745283816341 for parameter set #701: [0.3003587184768066, 0.8182345761349575, -0.9995]
Running module mass_function_like
Model N: 3034375.3266783385
Done mass_function_like status = 0 

Pipeline ran okay.
Likelihood mass_function_like_m_n = -8.586147516965866
Posterior = -2.061533049300156 for parameter set #701: [0.2944378110308173, 0.8246067399303162, -0.9995]
Running module mass_function_like
Model N: 3033614.4171519065
Done mass_function_like status = 0 

Pipeline ran okay.
Likelihood mass_function_like_m_n = -8.402100391685963
Posterior = -2.0170678641850586 for parameter set #701: [0.29232834215036546, 0.82686830948304, -0.9995]
Running module mass_function_like
Model N: 3034072.9471155135
Done mass_function_like status = 0 

Pipeline ran okay.
Likelihood mass_function_like_m_n = -8.49016509950161
Posterior = -2.7122593863597775 for parameter set #702: [0.3134268275118761, 0.8046291512821274, -0.9995]
Running module mass_function_like
Model N: 3035327.3756778217
Done mass_function_like status = 0 

Pipeline ran okay.
Likelihood mass_function_like_m_n = -9.085041336715221
Posterior = -2.4499934362829023 for parameter set #702: [0.29702489335055426, 0.8218733185016024, -0.9995]
Running module mass_function_like
Model N: 3032642.913704476
Done mass_function_like status = 0 

Pipeline ran okay.
Likelihood mass_function_like_m_n = -8.444495126605034
Posterior = -1.7652055157457713 for parameter set #702: [0.29994598620373014, 0.8184234429361715, -0.9995]
Running module mass_function_like
Model N: 3033127.368387391
Done mass_function_like status = 0 

Pipeline ran okay.
Likelihood mass_function_like_m_n = -8.384456664323807
Posterior = -1.9277450052117135 for parameter set #702: [0.2933277808909163, 0.8257046877541568, -0.9995]
Running module mass_function_like
Model N: 3008483.9207370696
Done mass_function_like status = 0 

Pipeline ran okay.
Likelihood mass_function_like_m_n = -110.13130833208561
Posterior = -111.27320155077349 for parameter set #703: [0.33955046754969676, 0.7777924160255578, -0.9995]
Running module mass_function_like
Model N: 3036071.338012812
Done mass_function_like status = 0 

Pipeline ran okay.
Likelihood mass_function_like_m_n = -9.682608529925346
Posterior = -3.3332375053090537 for parameter set #703: [0.29187678421197727, 0.8276309626495761, -0.9995]
Running module mass_function_like
Model N: 3034128.444100633
Done mass_function_like status = 0 

Pipeline ran okay.
Likelihood mass_function_like_m_n = -8.505524046719074
Posterior = -2.1262561343491075 for parameter set #703: [0.29225356487227533, 0.8270055908212576, -0.9995]
Running module mass_function_like
Model N: 3031806.012049108
Done mass_function_like status = 0 

Pipeline ran okay.
Likelihood mass_function_like_m_n = -8.73058731853962
Posterior = -3.3428882012597967 for parameter set #703: [0.31607236809577466, 0.8017893701570085, -0.9995]
Running module mass_function_like
Model N: 3033880.1245349087
Done mass_function_like status = 0 

Pipeline ran okay.
Likelihood mass_function_like_m_n = -8.444689705967903
Posterior = -1.7699075671847027 for parameter set #704: [0.30095100573363137, 0.817475998794506, -0.9995]
Model N: 3000354.3487470467
Done mass_function_like status = 0 

Pipeline ran okay.
Likelihood mass_function_like_m_n = -188.17869621515274
Posterior = -189.56928225245122 for parameter set #704: [0.34017434563402044, 0.7765009362828443, -0.9995]
Model N: 3033028.211025991
Done mass_function_like status = 0 

Pipeline ran okay.
Likelihood mass_function_like_m_n = -8.390446186065674
Posterior = -2.799920450989177 for parameter set #704: [0.3147565474500894, 0.803206328701858, -0.9995]
Model N: 3028646.7711091116
Done mass_function_like status = 0 

Pipeline ran okay.
Likelihood mass_function_like_m_n = -11.894683316349983
Posterior = -5.41530537189916 for parameter set #704: [0.3063233891839642, 0.8113051547355851, -0.9995]
Running module mass_function_like
Running module mass_function_like
Running module mass_function_like
Running module mass_function_like
Model N: 3029104.418220842
Done mass_function_like status = 0 

Pipeline ran okay.
Likelihood mass_function_like_m_n = -11.232070848345757
Posterior = -8.311794152699889 for parameter set #705: [0.3274190718393761, 0.7906642124197262, -0.9995]
Running module mass_function_like
Model N: 3036490.6702450593
Done mass_function_like status = 0 

Pipeline ran okay.
Likelihood mass_function_like_m_n = -10.099692143499851
Posterior = -4.522934503135856 for parameter set #705: [0.3148495559391263, 0.8034539694757359, -0.9995]
Running module mass_function_like
Model N: 3032648.783718821
Done mass_function_like status = 0 

Pipeline ran okay.
Likelihood mass_function_like_m_n = -8.443304441869259
Posterior = -2.103724017208359 for parameter set #705: [0.2917571391659291, 0.8274062381718931, -0.9995]
Running module mass_function_like
Model N: 3031764.688898166
Done mass_function_like status = 0 

Pipeline ran okay.
Likelihood mass_function_like_m_n = -8.750700384378433
Posterior = -2.5911508543461554 for parameter set #705: [0.2898043669320839, 0.8295141606410434, -0.9995]
Running module mass_function_like
Model N: 3035614.427180946
Done mass_function_like status = 0 

Pipeline ran okay.
Likelihood mass_function_like_m_n = -9.294022046029568
Posterior = -2.6167397404075814 for parameter set #706: [0.2993640923513255, 0.8193726742943257, -0.9995]
Running module mass_function_like
Model N: 3031247.4930377146
Done mass_function_like status = 0 

Pipeline ran okay.
Likelihood mass_function_like_m_n = -9.050101228058338
Posterior = -2.627119268805693 for parameter set #706: [0.2928400804605421, 0.8260501196347924, -0.9995]
Running module mass_function_like
Model N: 3031286.0290396283
Done mass_function_like status = 0 

Pipeline ran okay.
Likelihood mass_function_like_m_n = -9.024748794734478
Posterior = -3.29356117299519 for parameter set #706: [0.31377037818341175, 0.8040132926006257, -0.9995]
Running module mass_function_like
Model N: 3028175.619610267
Done mass_function_like status = 0 

Pipeline ran okay.
Likelihood mass_function_like_m_n = -12.649202905595303
Posterior = -6.544826534944004 for parameter set #706: [0.28927686773690725, 0.8297333974287545, -0.9995]
Running module mass_function_like
Model N: 3021567.9204970165
Done mass_function_like status = 0 

Pipeline ran okay.
Likelihood mass_function_like_m_n = -30.977740988135338
Posterior = -27.77662314650821 for parameter set #707: [0.3263749364233663, 0.7909226615293047, -0.9995]
Running module mass_function_like
Model N: 3030753.721564254
Done mass_function_like status = 0 

Pipeline ran okay.
Likelihood mass_function_like_m_n = -9.418336309492588
Posterior = -2.740379768692762 for parameter set #707: [0.29948083576579787, 0.8187493312847333, -0.9995]
Running module mass_function_like
Model N: 3028425.7024898212
Done mass_function_like status = 0 

Pipeline ran okay.
Likelihood mass_function_like_m_n = -12.239568464457989
Posterior = -6.729757254743549 for parameter set #707: [0.28470625625560725, 0.8350140349129432, -0.9995]
Running module mass_function_like
Model N: 3035415.3826846667
Done mass_function_like status = 0 

Pipeline ran okay.
Likelihood mass_function_like_m_n = -9.146229282021523
Posterior = -5.627180570868884 for parameter set #707: [0.32514062643275843, 0.793399618509304, -0.9995]
Running module mass_function_like
Model N: 3035481.7126701986
Done mass_function_like status = 0 

Pipeline ran okay.
Likelihood mass_function_like_m_n = -9.194031104445457
Posterior = -3.4270994834072095 for parameter set #708: [0.3135083128278253, 0.804686531128439, -0.9995]
Model N: 3023609.395473959
Done mass_function_like status = 0 

Pipeline ran okay.
Likelihood mass_function_like_m_n = -23.769497647881508
Posterior = -21.02063859398271 for parameter set #708: [0.3280372792703265, 0.7895694587164898, -0.9995]
Model N: 3031631.2861904157
Done mass_function_like status = 0 

Pipeline ran okay.
Likelihood mass_function_like_m_n = -8.819477073848248
Posterior = -2.1873024642542145 for parameter set #708: [0.3030701657517524, 0.8150025912473624, -0.9995]
Model N: 3035312.147945391
Done mass_function_like status = 0 

Pipeline ran okay.
Likelihood mass_function_like_m_n = -9.074712835252285
Posterior = -2.7203269264448764 for parameter set #708: [0.29193875580939527, 0.8274818626898367, -0.9995]
Running module mass_function_like
Running module mass_function_like
Running module mass_function_like
Running module mass_function_like
Model N: 3035051.49890995
Done mass_function_like status = 0 

Pipeline ran okay.
Likelihood mass_function_like_m_n = -8.909760519862175
Posterior = -3.4377583578041904 for parameter set #709: [0.31553899633986837, 0.8026318456335385, -0.9995]
Running module mass_function_like
Model N: 3034019.791098115
Done mass_function_like status = 0 

Pipeline ran okay.
Likelihood mass_function_like_m_n = -8.476405568420887
Posterior = -2.1978043442431083 for parameter set #709: [0.3089521279496265, 0.8091387305961038, -0.9995]
Running module mass_function_like
Model N: 3033858.4796379884
Done mass_function_like status = 0 

Pipeline ran okay.
Likelihood mass_function_like_m_n = -8.440349832177162
Posterior = -2.003597259108597 for parameter set #709: [0.2930350646055884, 0.8261060218585102, -0.9995]
Running module mass_function_like
Model N: 3033858.206433496
Done mass_function_like status = 0 

Pipeline ran okay.
Likelihood mass_function_like_m_n = -8.440296046435833
Posterior = -2.417102617375452 for parameter set #709: [0.2885447761326998, 0.831163521153746, -0.9995]
Running module mass_function_like
Model N: 3031549.450844768
Done mass_function_like status = 0 

Pipeline ran okay.
Likelihood mass_function_like_m_n = -8.864574432373047
Posterior = -2.369669333086593 for parameter set #710: [0.2939271242557789, 0.8248764598684728, -0.9995]
Running module mass_function_like
Model N: 3032634.6377028357
Done mass_function_like status = 0 

Pipeline ran okay.
Likelihood mass_function_like_m_n = -8.446193166077137
Posterior = -1.7709599833881384 for parameter set #710: [0.2990976679523366, 0.8193540097316944, -0.9995]
Running module mass_function_like
Model N: 3034645.310658129
Done mass_function_like status = 0 

Pipeline ran okay.
Likelihood mass_function_like_m_n = -8.69730070233345
Posterior = -2.2113517517747656 for parameter set #710: [0.3062186051129094, 0.8120162123066477, -0.9995]
Running module mass_function_like
Model N: 3033187.5008791685
Done mass_function_like status = 0 

Pipeline ran okay.
Likelihood mass_function_like_m_n = -8.38240347802639
Posterior = -1.751205471314993 for parameter set #710: [0.30310181210258785, 0.8151272060221882, -0.9995]
Running module mass_function_like
Model N: 3032869.524064053
Done mass_function_like status = 0 

Pipeline ran okay.
Likelihood mass_function_like_m_n = -8.406777307391167
Posterior = -3.290557272417507 for parameter set #711: [0.31768097374771276, 0.8003181179233543, -0.9995]
Running module mass_function_like
Model N: 3032011.1716083637
Done mass_function_like status = 0 

Pipeline ran okay.
Likelihood mass_function_like_m_n = -8.639074109494686
Posterior = -3.800510192585972 for parameter set #711: [0.31918718468875246, 0.7987705820493649, -0.9995]
Running module mass_function_like
Model N: 3038192.6210378637
Done mass_function_like status = 0 

Pipeline ran okay.
Likelihood mass_function_like_m_n = -12.38620574772358
Posterior = -5.715622061906714 for parameter set #711: [0.3013206447284061, 0.8175220116520434, -0.9995]
Running module mass_function_like
Model N: 3007851.035229552
Done mass_function_like status = 0 

Pipeline ran okay.
Likelihood mass_function_like_m_n = -115.41071300953627
Posterior = -111.5605373734065 for parameter set #711: [0.27621290870164894, 0.8429502794118741, -0.9995]
Running module mass_function_like
Model N: 3035476.3030627947
Done mass_function_like status = 0 

Pipeline ran okay.
Likelihood mass_function_like_m_n = -9.19007834047079
Posterior = -3.3013881538030745 for parameter set #712: [0.3125746889555367, 0.8056189101228997, -0.9995]
Model N: 3033489.622744511
Done mass_function_like status = 0 

Pipeline ran okay.
Likelihood mass_function_like_m_n = -8.390128411352634
Posterior = -2.233906548645697 for parameter set #712: [0.31022821915685483, 0.807786933872426, -0.9995]
Model N: 3033138.815719719
Done mass_function_like status = 0 

Pipeline ran okay.
Likelihood mass_function_like_m_n = -8.38397392630577
Posterior = -2.1514105515645134 for parameter set #712: [0.30945241581363137, 0.8085405530815766, -0.9995]
Model N: 3039817.9469742267
Done mass_function_like status = 0 

Pipeline ran okay.
Likelihood mass_function_like_m_n = -15.458334751427174
Posterior = -8.784012683246889 for parameter set #712: [0.30099821141347055, 0.8180313946999427, -0.9995]
Running module mass_function_like
Running module mass_function_like
Running module mass_function_like
Running module mass_function_like
Model N: 3035482.1072910246
Done mass_function_like status = 0 

Pipeline ran okay.
Likelihood mass_function_like_m_n = -9.19431983679533
Posterior = -2.520786316128248 for parameter set #713: [0.3010743069992435, 0.8175079220914929, -0.9995]
Running module mass_function_like
Model N: 3034739.027762919
Done mass_function_like status = 0 

Pipeline ran okay.
Likelihood mass_function_like_m_n = -8.741497941315174
Posterior = -2.197437107205616 for parameter set #713: [0.30520083386007746, 0.8130838417960448, -0.9995]
Running module mass_function_like
Model N: 3035429.2698858017
Done mass_function_like status = 0 

Pipeline ran okay.
Likelihood mass_function_like_m_n = -9.1561174467206
Posterior = -2.6059848266106584 for parameter set #713: [0.2949172531402743, 0.8241886089901084, -0.9995]
Running module mass_function_like
Model N: 3026588.292578536
Done mass_function_like status = 0 

Pipeline ran okay.
Likelihood mass_function_like_m_n = -15.731759309768677
Posterior = -10.706773157618688 for parameter set #713: [0.2818103433448555, 0.8382563009795109, -0.9995]
Running module mass_function_like
Model N: 3012405.0092792357
Done mass_function_like status = 0 

Pipeline ran okay.
Likelihood mass_function_like_m_n = -80.41232947260141
Posterior = -76.11317116028823 for parameter set #714: [0.278181907113604, 0.8410570576357254, -0.9995]
Running module mass_function_like
Model N: 3034764.8872948554
Done mass_function_like status = 0 

Pipeline ran okay.
Likelihood mass_function_like_m_n = -8.754202596843243
Posterior = -2.3513477284870774 for parameter set #714: [0.3074357155668306, 0.8107695758337091, -0.9995]
Running module mass_function_like
Model N: 3032597.296950256
Done mass_function_like status = 0 

Pipeline ran okay.
Likelihood mass_function_like_m_n = -8.454135484993458
Posterior = -2.1002055431210778 for parameter set #714: [0.29193310150754553, 0.8272036410433006, -0.9995]
Running module mass_function_like
Model N: 3005114.701996951
Done mass_function_like status = 0 

Pipeline ran okay.
Likelihood mass_function_like_m_n = -139.78286711871624
Posterior = -135.63107077472 for parameter set #714: [0.2775166379101614, 0.8410640407378143, -0.9995]
Running module mass_function_like
Model N: 3035513.8819832443
Done mass_function_like status = 0 

Pipeline ran okay.
Likelihood mass_function_like_m_n = -9.217736028134823
Posterior = -3.3156894583694188 for parameter set #715: [0.312468020119849, 0.8057293832651872, -0.9995]
Running module mass_function_like
Model N: 3035323.422529741
Done mass_function_like status = 0 

Pipeline ran okay.
Likelihood mass_function_like_m_n = -9.082352697849274
Posterior = -2.589799923796143 for parameter set #715: [0.2938885120591288, 0.8253124186890693, -0.9995]
Running module mass_function_like
Model N: 3036696.2306389743
Done mass_function_like status = 0 

Pipeline ran okay.
Likelihood mass_function_like_m_n = -10.32528031617403
Posterior = -3.9800634122102494 for parameter set #715: [0.29182580530759855, 0.8277536148468264, -0.9995]
Running module mass_function_like
Model N: 3023373.1256534997
Done mass_function_like status = 0 

Pipeline ran okay.
Likelihood mass_function_like_m_n = -24.53295113146305
Posterior = -18.30485997884536 for parameter set #715: [0.2905003890006747, 0.8278437969735629, -0.9995]
Running module mass_function_like
Model N: 3031593.735314277
Done mass_function_like status = 0 

Pipeline ran okay.
Likelihood mass_function_like_m_n = -8.839895986020565
Posterior = -4.127025252465394 for parameter set #716: [0.31983145715652295, 0.7981068916762867, -0.9995]
Model N: 3035430.1979130157
Done mass_function_like status = 0 

Pipeline ran okay.
Likelihood mass_function_like_m_n = -9.156780496239662
Posterior = -3.402759135210907 for parameter set #716: [0.3136035498108504, 0.8045868262872725, -0.9995]
Model N: 3032722.844058901
Done mass_function_like status = 0 

Pipeline ran okay.
Likelihood mass_function_like_m_n = -8.429257981479168
Posterior = -1.9018314555478195 for parameter set #716: [0.3055114004096754, 0.8125574016919286, -0.9995]
Model N: 3033370.477279404
Done mass_function_like status = 0 

Pipeline ran okay.
Likelihood mass_function_like_m_n = -8.383488573133945
Posterior = -2.030127918650704 for parameter set #716: [0.3080739524871894, 0.8099736043724246, -0.9995]
Running module mass_function_like
Running module mass_function_like
Running module mass_function_like
Running module mass_function_like
Model N: 3027365.4302403433
Done mass_function_like status = 0 

Pipeline ran okay.
Likelihood mass_function_like_m_n = -14.118382677435875
Posterior = -10.822456289506759 for parameter set #717: [0.32601298833421904, 0.7918125969633929, -0.9995]
Running module mass_function_like
Model N: 3035295.6735547455
Done mass_function_like status = 0 

Pipeline ran okay.
Likelihood mass_function_like_m_n = -9.063624761998653
Posterior = -3.111087618712289 for parameter set #717: [0.3120562602412509, 0.8061209948870175, -0.9995]
Running module mass_function_like
Model N: 3035807.5524794813
Done mass_function_like status = 0 

Pipeline ran okay.
Likelihood mass_function_like_m_n = -9.449884980916977
Posterior = -3.4976419654212947 for parameter set #717: [0.3120586996215555, 0.806169098642629, -0.9995]
Running module mass_function_like
Model N: 3039995.1925003724
Done mass_function_like status = 0 

Pipeline ran okay.
Likelihood mass_function_like_m_n = -15.845812901854515
Posterior = -9.268733413733466 for parameter set #717: [0.29547839165364465, 0.824045974255347, -0.9995]
Running module mass_function_like
Model N: 3032566.537765376
Done mass_function_like status = 0 

Pipeline ran okay.
Likelihood mass_function_like_m_n = -8.461023353040218
Posterior = -1.7828475597530282 for parameter set #718: [0.30047505894855475, 0.8178498241184252, -0.9995]
Running module mass_function_like
Model N: 3032375.7152289236
Done mass_function_like status = 0 

Pipeline ran okay.
Likelihood mass_function_like_m_n = -8.51072732359171
Posterior = -1.8317813651323416 for parameter set #718: [0.2997323286153388, 0.8186455614916459, -0.9995]
Running module mass_function_like
Model N: 3032371.085363632
Done mass_function_like status = 0 

Pipeline ran okay.
Likelihood mass_function_like_m_n = -8.512082524597645
Posterior = -1.9137479962907697 for parameter set #718: [0.2959758312658805, 0.822711098812543, -0.9995]
Running module mass_function_like
Model N: 3032593.439455613
Done mass_function_like status = 0 

Pipeline ran okay.
Likelihood mass_function_like_m_n = -8.454982176423073
Posterior = -2.1200689317150037 for parameter set #718: [0.2917007114328741, 0.8274636929099227, -0.9995]
Running module mass_function_like
Model N: 3037306.4911299464
Done mass_function_like status = 0 

Pipeline ran okay.
Likelihood mass_function_like_m_n = -11.07687308639288
Posterior = -4.775633429340898 for parameter set #719: [0.30869556831102163, 0.8097288142358736, -0.9995]
Running module mass_function_like
Model N: 3036332.4875056287
Done mass_function_like status = 0 

Pipeline ran okay.
Likelihood mass_function_like_m_n = -9.935561865568161
Posterior = -5.222818519633292 for parameter set #719: [0.3198320994974074, 0.7985645298698401, -0.9995]
Running module mass_function_like
Model N: 3020946.8837161055
Done mass_function_like status = 0 

Pipeline ran okay.
Likelihood mass_function_like_m_n = -33.445151552557945
Posterior = -28.53855797631517 for parameter set #719: [0.2811707109955398, 0.8384044047510142, -0.9995]
Running module mass_function_like
Model N: 3033040.795500608
Done mass_function_like status = 0 

Pipeline ran okay.
Likelihood mass_function_like_m_n = -8.389506414532661
Posterior = -3.485635727755289 for parameter set #719: [0.3188437443812679, 0.7992034587913617, -0.9995]
Running module mass_function_like
Model N: 3034474.4622142236
Done mass_function_like status = 0 

Pipeline ran okay.
Likelihood mass_function_like_m_n = -8.624172277748585
Posterior = -2.249504226943124 for parameter set #720: [0.3078055896318566, 0.810359642968404, -0.9995]
Model N: 3034777.3298977637
Done mass_function_like status = 0 

Pipeline ran okay.
Likelihood mass_function_like_m_n = -8.760394059121609
Posterior = -2.1957676191723934 for parameter set #720: [0.2952108923929194, 0.8237979334893889, -0.9995]
Model N: 2991949.509017178
Done mass_function_like status = 0 

Pipeline ran okay.
Likelihood mass_function_like_m_n = -292.28306771814823
Posterior = -296.34479127614804 for parameter set #720: [0.3463487383998961, 0.7704340552287368, -0.9995]
Model N: 3029865.050515938
Done mass_function_like status = 0 

Pipeline ran okay.
Likelihood mass_function_like_m_n = -10.283935450017452
Posterior = -5.016757262275176 for parameter set #720: [0.2831944889362571, 0.8369751062568853, -0.9995]
Running module mass_function_like
Running module mass_function_like
Running module mass_function_like
Running module mass_function_like
Model N: 3035308.99899371
Done mass_function_like status = 0 

Pipeline ran okay.
Likelihood mass_function_like_m_n = -9.07258652895689
Posterior = -2.400694041234182 for parameter set #721: [0.3012175147298896, 0.8173379574166856, -0.9995]
Running module mass_function_like
Model N: 3035142.229134881
Done mass_function_like status = 0 

Pipeline ran okay.
Likelihood mass_function_like_m_n = -8.964641250669956
Posterior = -2.4637120027532475 for parameter set #721: [0.30597285443307454, 0.812320962120013, -0.9995]
Running module mass_function_like
Model N: 3039177.23771505
Done mass_function_like status = 0 

Pipeline ran okay.
Likelihood mass_function_like_m_n = -14.143697999417782
Posterior = -7.465371034557322 for parameter set #721: [0.30044209353076895, 0.8185603736325017, -0.9995]
Running module mass_function_like
Model N: 3025356.3628977775
Done mass_function_like status = 0 

Pipeline ran okay.
Likelihood mass_function_like_m_n = -18.699130564928055
Posterior = -14.934066656316254 for parameter set #721: [0.2758577536683166, 0.8453158163048254, -0.9995]
Running module mass_function_like
Model N: 3023104.121438457
Done mass_function_like status = 0 

Pipeline ran okay.
Likelihood mass_function_like_m_n = -25.424730576574802
Posterior = -19.198789013069756 for parameter set #722: [0.29047778770657623, 0.8278409674094005, -0.9995]
Running module mass_function_like
Model N: 3029948.775321272
Done mass_function_like status = 0 

Pipeline ran okay.
Likelihood mass_function_like_m_n = -10.191252633929253
Posterior = -3.765690072586951 for parameter set #722: [0.2928762139705365, 0.8258743690522663, -0.9995]
Running module mass_function_like
Model N: 3022285.12734591
Done mass_function_like status = 0 

Pipeline ran okay.
Likelihood mass_function_like_m_n = -28.28767754137516
Posterior = -22.686784749034874 for parameter set #722: [0.2853138745343102, 0.8336493485174195, -0.9995]
Running module mass_function_like
Model N: 3029620.1728325286
Done mass_function_like status = 0 

Pipeline ran okay.
Likelihood mass_function_like_m_n = -10.568307846784592
Posterior = -5.175499026310757 for parameter set #722: [0.2839594552596468, 0.8360164785669042, -0.9995]
Running module mass_function_like
Model N: 3032568.7380540585
Done mass_function_like status = 0 

Pipeline ran okay.
Likelihood mass_function_like_m_n = -8.460520282387733
Posterior = -1.7823390539703876 for parameter set #723: [0.300473913471607, 0.8178510791935245, -0.9995]
Running module mass_function_like
Model N: 3032115.723462048
Done mass_function_like status = 0 

Pipeline ran okay.
Likelihood mass_function_like_m_n = -8.597779996693134
Posterior = -3.7525986805440237 for parameter set #723: [0.3191526649955618, 0.7988140911308486, -0.9995]
Running module mass_function_like
Model N: 3035025.406490312
Done mass_function_like status = 0 

Pipeline ran okay.
Likelihood mass_function_like_m_n = -8.894479639828205
Posterior = -2.4214513521858976 for parameter set #723: [0.30642301970521485, 0.8118422777827965, -0.9995]
Running module mass_function_like
Model N: 3032051.61437498
Done mass_function_like status = 0 

Pipeline ran okay.
Likelihood mass_function_like_m_n = -8.622672989964485
Posterior = -3.660623799317926 for parameter set #723: [0.2814675689254559, 0.8392551949241129, -0.9995]
Running module mass_function_like
Model N: 3035386.846494144
Done mass_function_like status = 0 

Pipeline ran okay.
Likelihood mass_function_like_m_n = -9.126109793782234
Posterior = -2.866887076366611 for parameter set #724: [0.3091660403762429, 0.8090563753641051, -0.9995]
Model N: 3035184.136390512
Done mass_function_like status = 0 

Pipeline ran okay.
Likelihood mass_function_like_m_n = -8.990905165672302
Posterior = -3.21126553773564 for parameter set #724: [0.3134139074871831, 0.8047515482992261, -0.9995]
Model N: 3031265.6602986082
Done mass_function_like status = 0 

Pipeline ran okay.
Likelihood mass_function_like_m_n = -9.038088105618954
Posterior = -2.466699350864289 for parameter set #724: [0.3046457602941937, 0.8133132527222057, -0.9995]
Model N: 3001261.057851735
Done mass_function_like status = 0 

Pipeline ran okay.
Likelihood mass_function_like_m_n = -178.372762799263
Posterior = -178.5501676078903 for parameter set #724: [0.26296836755708036, 0.8591052050799213, -0.9995]
Running module mass_function_like
Running module mass_function_like
Running module mass_function_like
Running module mass_function_like
Model N: 3034625.1539302696
Done mass_function_like status = 0 

Pipeline ran okay.
Likelihood mass_function_like_m_n = -8.688172742724419
Posterior = -2.017802168040461 for parameter set #725: [0.2986633157720507, 0.8200261223418697, -0.9995]
Running module mass_function_like
Model N: 3034955.587543693
Done mass_function_like status = 0 

Pipeline ran okay.
Likelihood mass_function_like_m_n = -8.85469314455986
Posterior = -4.459726550364369 for parameter set #725: [0.32137445954458127, 0.7969362024611818, -0.9995]
Running module mass_function_like
Model N: 3034960.018054457
Done mass_function_like status = 0 

Pipeline ran okay.
Likelihood mass_function_like_m_n = -8.857170179486275
Posterior = -2.8197593434381094 for parameter set #725: [0.31133043125624116, 0.8068180676508525, -0.9995]
Running module mass_function_like
Model N: 3032487.69059647
Done mass_function_like status = 0 

Pipeline ran okay.
Likelihood mass_function_like_m_n = -8.480104744434357
Posterior = -2.1104525331755006 for parameter set #725: [0.29213041313598553, 0.8269715779516907, -0.9995]
Running module mass_function_like
Model N: 3033642.4318402745
Done mass_function_like status = 0 

Pipeline ran okay.
Likelihood mass_function_like_m_n = -8.405493453145027
Posterior = -1.8914907254054913 for parameter set #726: [0.2942501918193619, 0.8247377448998375, -0.9995]
Running module mass_function_like
Model N: 3034722.5220452454
Done mass_function_like status = 0 

Pipeline ran okay.
Likelihood mass_function_like_m_n = -8.733503930270672
Posterior = -3.1248922833357513 for parameter set #726: [0.3146334722562711, 0.8034944020622989, -0.9995]
Running module mass_function_like
Model N: 3022294.677780682
Done mass_function_like status = 0 

Pipeline ran okay.
Likelihood mass_function_like_m_n = -28.253008879721165
Posterior = -22.179783695125337 for parameter set #726: [0.3110098048458124, 0.8058872337013631, -0.9995]
Running module mass_function_like
Model N: 3022197.877105073
Done mass_function_like status = 0 

Pipeline ran okay.
Likelihood mass_function_like_m_n = -28.60580362379551
Posterior = -23.56411166039837 for parameter set #726: [0.2819024187532529, 0.8376719219311755, -0.9995]
Running module mass_function_like
Model N: 3032752.5520569864
Done mass_function_like status = 0 

Pipeline ran okay.
Likelihood mass_function_like_m_n = -8.424131833016872
Posterior = -3.3978351734890584 for parameter set #727: [0.3181824505432155, 0.7998181829910042, -0.9995]
Running module mass_function_like
Model N: 3030804.370480727
Done mass_function_like status = 0 

Pipeline ran okay.
Likelihood mass_function_like_m_n = -9.376859091222286
Posterior = -6.876200277858116 for parameter set #727: [0.32890897917584094, 0.7894429459740806, -0.9995]
Running module mass_function_like
Model N: 3034678.687878184
Done mass_function_like status = 0 

Pipeline ran okay.
Likelihood mass_function_like_m_n = -8.712709821760654
Posterior = -2.274725223257688 for parameter set #727: [0.29305277609678176, 0.8261722184132548, -0.9995]
Running module mass_function_like
Model N: 3033834.246725605
Done mass_function_like status = 0 

Pipeline ran okay.
Likelihood mass_function_like_m_n = -8.435674227774143
Posterior = -1.9379265708864235 for parameter set #727: [0.2939741134855943, 0.8250624485354945, -0.9995]
Running module mass_function_like
Model N: 3034386.1717249863
Done mass_function_like status = 0 

Pipeline ran okay.
Likelihood mass_function_like_m_n = -8.590149566531181
Posterior = -3.137140927636686 for parameter set #728: [0.31566075068070304, 0.8024467236961526, -0.9995]
Model N: 3034176.9407784822
Done mass_function_like status = 0 

Pipeline ran okay.
Likelihood mass_function_like_m_n = -8.519776493310928
Posterior = -2.0134348594282745 for parameter set #728: [0.3058815400096836, 0.8123188993776894, -0.9995]
Model N: 3032707.655427491
Done mass_function_like status = 0 

Pipeline ran okay.
Likelihood mass_function_like_m_n = -8.43199124187231
Posterior = -1.9119767757613975 for parameter set #728: [0.3056442844045864, 0.8124177596396849, -0.9995]
Model N: 3010561.521647401
Done mass_function_like status = 0 

Pipeline ran okay.
Likelihood mass_function_like_m_n = -93.74368660151958
Posterior = -92.97753634298451 for parameter set #728: [0.3343893993543799, 0.7825588211045904, -0.9995]
Running module mass_function_like
Running module mass_function_like
Running module mass_function_like
Running module mass_function_like
Model N: 3030570.5314526707
Done mass_function_like status = 0 

Pipeline ran okay.
Likelihood mass_function_like_m_n = -9.575426764786243
Posterior = -6.615196748814866 for parameter set #729: [0.327272968970535, 0.7909393177853213, -0.9995]
Running module mass_function_like
Model N: 3019355.289607552
Done mass_function_like status = 0 

Pipeline ran okay.
Likelihood mass_function_like_m_n = -40.35400212556124
Posterior = -37.115527229300994 for parameter set #729: [0.32623291559110407, 0.7908450893762612, -0.9995]
Running module mass_function_like
Model N: 3008154.5436786646
Done mass_function_like status = 0 

Pipeline ran okay.
Likelihood mass_function_like_m_n = -112.86215118318796
Posterior = -111.5848824818183 for parameter set #729: [0.26713045331331586, 0.8543999649084771, -0.9995]
Running module mass_function_like
Model N: 3030952.080789433
Done mass_function_like status = 0 

Pipeline ran okay.
Likelihood mass_function_like_m_n = -9.26073419302702
Posterior = -2.958497586611008 for parameter set #729: [0.29131590428548615, 0.8277231596972571, -0.9995]
Running module mass_function_like
Model N: 3032839.4488499844
Done mass_function_like status = 0 

Pipeline ran okay.
Likelihood mass_function_like_m_n = -8.410808488726616
Posterior = -1.7332786540243728 for parameter set #730: [0.3005957119451474, 0.8177488291934635, -0.9995]
Running module mass_function_like
Model N: 2996079.615618607
Done mass_function_like status = 0 

Pipeline ran okay.
Likelihood mass_function_like_m_n = -238.14373254030943
Posterior = -236.85794864367597 for parameter set #730: [0.2671563695621914, 0.8529947102297157, -0.9995]
Running module mass_function_like
Model N: 3029683.555162886
Done mass_function_like status = 0 

Pipeline ran okay.
Likelihood mass_function_like_m_n = -10.492802321910858
Posterior = -4.115417105454837 for parameter set #730: [0.2922292988494708, 0.8265672821798012, -0.9995]
Running module mass_function_like
Model N: 3033392.1999795353
Done mass_function_like status = 0 

Pipeline ran okay.
Likelihood mass_function_like_m_n = -8.384350344538689
Posterior = -2.0487754341127733 for parameter set #730: [0.2917086878253887, 0.8275384813586595, -0.9995]
Running module mass_function_like
Model N: 3034864.638581911
Done mass_function_like status = 0 

Pipeline ran okay.
Likelihood mass_function_like_m_n = -8.805273197591305
Posterior = -2.244592855938137 for parameter set #731: [0.2951291919221338, 0.8238968447187414, -0.9995]
Running module mass_function_like
Model N: 3032983.538665141
Done mass_function_like status = 0 

Pipeline ran okay.
Likelihood mass_function_like_m_n = -8.39420385658741
Posterior = -1.7222686525087152 for parameter set #731: [0.3012140011722816, 0.8171046791118399, -0.9995]
Running module mass_function_like
Model N: 3035979.8514225255
Done mass_function_like status = 0 

Pipeline ran okay.
Likelihood mass_function_like_m_n = -9.599301151931286
Posterior = -3.4633429997027747 for parameter set #731: [0.3104244524660213, 0.8078351592361539, -0.9995]
Running module mass_function_like
Model N: 3031067.4961599004
Done mass_function_like status = 0 

Pipeline ran okay.
Likelihood mass_function_like_m_n = -9.175012119114399
Posterior = -8.135467866049334 for parameter set #731: [0.3335849964872564, 0.7851947297685459, -0.9995]
Running module mass_function_like
Model N: 3032441.858858602
Done mass_function_like status = 0 

Pipeline ran okay.
Likelihood mass_function_like_m_n = -8.492138646543026
Posterior = -1.970102511191719 for parameter set #732: [0.3056083520388594, 0.8124283454009436, -0.9995]
Model N: 3034660.8237269344
Done mass_function_like status = 0 

Pipeline ran okay.
Likelihood mass_function_like_m_n = -8.704416915774345
Posterior = -2.073318485870681 for parameter set #732: [0.2968949792784416, 0.821945963800491, -0.9995]
Model N: 3030418.2999939336
Done mass_function_like status = 0 

Pipeline ran okay.
Likelihood mass_function_like_m_n = -9.714401200413704
Posterior = -5.145423249167208 for parameter set #732: [0.32054422666864685, 0.797306109194123, -0.9995]
Model N: 3032168.200733266
Done mass_function_like status = 0 

Pipeline ran okay.
Likelihood mass_function_like_m_n = -8.578412808477879
Posterior = -3.4505024896176675 for parameter set #732: [0.2823852682140772, 0.8381788555047307, -0.9995]
Running module mass_function_like
Running module mass_function_like
Running module mass_function_like
Running module mass_function_like
Model N: 3034074.8001624276
Done mass_function_like status = 0 

Pipeline ran okay.
Likelihood mass_function_like_m_n = -8.490661568939686
Posterior = -2.0601184987197776 for parameter set #733: [0.3070535257579496, 0.8110947755613651, -0.9995]
Running module mass_function_like
Model N: 3034755.8351285364
Done mass_function_like status = 0 

Pipeline ran okay.
Likelihood mass_function_like_m_n = -8.749730259180069
Posterior = -2.0796782288830524 for parameter set #733: [0.3013603064370342, 0.8171294836600093, -0.9995]
Running module mass_function_like
Model N: 3034143.327225842
Done mass_function_like status = 0 

Pipeline ran okay.
Likelihood mass_function_like_m_n = -8.50981555879116
Posterior = -1.8736137828868102 for parameter set #733: [0.30293606615749197, 0.8153986625863657, -0.9995]
Running module mass_function_like
Model N: 3014500.224746192
Done mass_function_like status = 0 

Pipeline ran okay.
Likelihood mass_function_like_m_n = -66.63972651213408
Posterior = -62.28449738106282 for parameter set #733: [0.2784404310467999, 0.8409737875894822, -0.9995]
Running module mass_function_like
Model N: 3034634.552327857
Done mass_function_like status = 0 

Pipeline ran okay.
Likelihood mass_function_like_m_n = -8.69241214543581
Posterior = -2.047934293629428 for parameter set #734: [0.2973608203356415, 0.8214368172941661, -0.9995]
Running module mass_function_like
Model N: 3030085.2234366327
Done mass_function_like status = 0 

Pipeline ran okay.
Likelihood mass_function_like_m_n = -10.045168355107307
Posterior = -3.783629756304654 for parameter set #734: [0.2908592604291825, 0.8281456184173556, -0.9995]
Running module mass_function_like
Model N: 3032497.8584322203
Done mass_function_like status = 0 

Pipeline ran okay.
Likelihood mass_function_like_m_n = -8.477528914809227
Posterior = -2.4609846448634496 for parameter set #734: [0.28848687767489267, 0.8310854226231136, -0.9995]
Running module mass_function_like
Model N: 3030281.704045892
Done mass_function_like status = 0 

Pipeline ran okay.
Likelihood mass_function_like_m_n = -9.845617264509201
Posterior = -3.4559654908438358 for parameter set #734: [0.29238879215045555, 0.8264519088251486, -0.9995]
Running module mass_function_like
Model N: 3034086.980515156
Done mass_function_like status = 0 

Pipeline ran okay.
Likelihood mass_function_like_m_n = -8.49395301938057
Posterior = -2.3418714653171353 for parameter set #735: [0.310268618643681, 0.8078052207277433, -0.9995]
Running module mass_function_like
Model N: 3033066.2852361137
Done mass_function_like status = 0 

Pipeline ran okay.
Likelihood mass_function_like_m_n = -8.387762933969498
Posterior = -3.292995967420012 for parameter set #735: [0.31780189445963947, 0.8002192954384585, -0.9995]
Running module mass_function_like
Model N: 3031514.248958158
Done mass_function_like status = 0 

Pipeline ran okay.
Likelihood mass_function_like_m_n = -8.88465317338705
Posterior = -4.770087816100649 for parameter set #735: [0.3226483502314133, 0.7953880894679958, -0.9995]
Running module mass_function_like
Model N: 3034639.8121448574
Done mass_function_like status = 0 

Pipeline ran okay.
Likelihood mass_function_like_m_n = -8.694797433912754
Posterior = -2.8013343832389985 for parameter set #735: [0.3125366753777582, 0.8055743609466807, -0.9995]
Running module mass_function_like
Model N: 3023705.7004930372
Done mass_function_like status = 0 

Pipeline ran okay.
Likelihood mass_function_like_m_n = -23.463622845709324
Posterior = -16.84070941804334 for parameter set #736: [0.2966417036865632, 0.8210903152522113, -0.9995]
Model N: 3035340.61739659
Done mass_function_like status = 0 

Pipeline ran okay.
Likelihood mass_function_like_m_n = -9.094084836542606
Posterior = -2.8727511780278867 for parameter set #736: [0.3095704810725008, 0.8086394312798686, -0.9995]
Model N: 3029788.1145466063
Done mass_function_like status = 0 

Pipeline ran okay.
Likelihood mass_function_like_m_n = -10.371145136654377
Posterior = -6.11765080031567 for parameter set #736: [0.3220263926323467, 0.7958153090090458, -0.9995]
Model N: 3026053.3308425024
Done mass_function_like status = 0 

Pipeline ran okay.
Likelihood mass_function_like_m_n = -16.958575509488583
Posterior = -12.504713667723593 for parameter set #736: [0.2789028800233529, 0.841677928258305, -0.9995]
Running module mass_function_like
Running module mass_function_like
Running module mass_function_like
Running module mass_function_like
Model N: 3038628.357478072
Done mass_function_like status = 0 

Pipeline ran okay.
Likelihood mass_function_like_m_n = -13.124689862132072
Posterior = -6.582371775360903 for parameter set #737: [0.2947657644008121, 0.8246876350482935, -0.9995]
Running module mass_function_like
Model N: 3035358.546935822
Done mass_function_like status = 0 

Pipeline ran okay.
Likelihood mass_function_like_m_n = -9.106421895325184
Posterior = -2.9652928717339755 for parameter set #737: [0.31037473059620335, 0.8078238538904162, -0.9995]
Running module mass_function_like
Model N: 3034428.076920696
Done mass_function_like status = 0 

Pipeline ran okay.
Likelihood mass_function_like_m_n = -8.605977557599545
Posterior = -1.9918765102287939 for parameter set #737: [0.30361118127319714, 0.814716775297298, -0.9995]
Running module mass_function_like
Model N: 3031934.84713375
Done mass_function_like status = 0 

Pipeline ran okay.
Likelihood mass_function_like_m_n = -8.671496957540512
Posterior = -2.5434850935282345 for parameter set #737: [0.28949959682395077, 0.8298776350918348, -0.9995]
Running module mass_function_like
Model N: 3033852.3194943266
Done mass_function_like status = 0 

Pipeline ran okay.
Likelihood mass_function_like_m_n = -8.439142927527428
Posterior = -1.7854694632905428 for parameter set #738: [0.29773590044064685, 0.8209494407927586, -0.9995]
Running module mass_function_like
Model N: 3035241.110758552
Done mass_function_like status = 0 

Pipeline ran okay.
Likelihood mass_function_like_m_n = -9.02753934264183
Posterior = -5.01835075759651 for parameter set #738: [0.3231089403186943, 0.7953074544389352, -0.9995]
Running module mass_function_like
Model N: 3030110.5199116124
Done mass_function_like status = 0 

Pipeline ran okay.
Likelihood mass_function_like_m_n = -10.018761284649372
Posterior = -3.404357197215333 for parameter set #738: [0.2963972202155513, 0.8220175635251868, -0.9995]
Running module mass_function_like
Model N: 3012752.745611826
Done mass_function_like status = 0 

Pipeline ran okay.
Likelihood mass_function_like_m_n = -78.02503044903278
Posterior = -74.28163500133287 for parameter set #738: [0.2757681665959412, 0.8440349387571003, -0.9995]
Running module mass_function_like
Model N: 3032733.0901072714
Done mass_function_like status = 0 

Pipeline ran okay.
Likelihood mass_function_like_m_n = -8.427457131445408
Posterior = -1.7612993479585572 for parameter set #739: [0.30162150638748964, 0.8166462300275048, -0.9995]
Running module mass_function_like
Model N: 3034430.567334537
Done mass_function_like status = 0 

Pipeline ran okay.
Likelihood mass_function_like_m_n = -8.606936424970627
Posterior = -1.9710086167776897 for parameter set #739: [0.30294538249187647, 0.8154178932592785, -0.9995]
Running module mass_function_like
Model N: 3034837.8865282466
Done mass_function_like status = 0 

Pipeline ran okay.
Likelihood mass_function_like_m_n = -8.791255116462708
Posterior = -2.23466896423691 for parameter set #739: [0.2950458492940888, 0.8239858070365019, -0.9995]
Running module mass_function_like
Model N: 3033208.3149125488
Done mass_function_like status = 0 

Pipeline ran okay.
Likelihood mass_function_like_m_n = -8.381970532238483
Posterior = -3.1558597450217025 for parameter set #739: [0.31704812840808877, 0.8009694991348351, -0.9995]
Running module mass_function_like
Model N: 3030923.471405278
Done mass_function_like status = 0 

Pipeline ran okay.
Likelihood mass_function_like_m_n = -9.282663382589817
Posterior = -2.9145601519491873 for parameter set #740: [0.30788924543501556, 0.8099185206840707, -0.9995]
Model N: 3018430.5266109165
Done mass_function_like status = 0 

Pipeline ran okay.
Likelihood mass_function_like_m_n = -44.755318120121956
Posterior = -41.4887652831251 for parameter set #740: [0.32612566309709035, 0.7908573010518917, -0.9995]
Model N: 3012155.434753459
Done mass_function_like status = 0 

Pipeline ran okay.
Likelihood mass_function_like_m_n = -82.15063659846783
Posterior = -81.92862428015319 for parameter set #740: [0.3359368665300567, 0.7813236517009744, -0.9995]
Model N: 3029135.9202604904
Done mass_function_like status = 0 

Pipeline ran okay.
Likelihood mass_function_like_m_n = -11.189007312059402
Posterior = -6.277878105905094 for parameter set #740: [0.2811948145866312, 0.8392638025822139, -0.9995]
Running module mass_function_like
Running module mass_function_like
Running module mass_function_like
Running module mass_function_like
Model N: 3035129.6086148736
Done mass_function_like status = 0 

Pipeline ran okay.
Likelihood mass_function_like_m_n = -8.956845074892044
Posterior = -2.286143592388928 for parameter set #741: [0.30131169476686337, 0.8172194215261964, -0.9995]
Running module mass_function_like
Model N: 3034494.06446725
Done mass_function_like status = 0 

Pipeline ran okay.
Likelihood mass_function_like_m_n = -8.632074348628521
Posterior = -2.0093169973614273 for parameter set #741: [0.29663705941048296, 0.8222094755296875, -0.9995]
Running module mass_function_like
Model N: 3033800.826893965
Done mass_function_like status = 0 

Pipeline ran okay.
Likelihood mass_function_like_m_n = -8.429543547332287
Posterior = -2.0895334637648943 for parameter set #741: [0.30823764668752923, 0.8098486909397767, -0.9995]
Running module mass_function_like
Model N: 3034368.6122136684
Done mass_function_like status = 0 

Pipeline ran okay.
Likelihood mass_function_like_m_n = -8.583689168095589
Posterior = -1.9064961580681725 for parameter set #741: [0.29935020183398475, 0.8192599018094999, -0.9995]
Running module mass_function_like
Model N: 3036653.290136651
Done mass_function_like status = 0 

Pipeline ran okay.
Likelihood mass_function_like_m_n = -10.277007587254047
Posterior = -3.660458754342544 for parameter set #742: [0.3035427493673331, 0.8150138800108159, -0.9995]
Running module mass_function_like
Model N: 3032777.447676318
Done mass_function_like status = 0 

Pipeline ran okay.
Likelihood mass_function_like_m_n = -8.420060224831104
Posterior = -1.771030409308299 for parameter set #742: [0.30246066587684695, 0.8157618176554404, -0.9995]
Running module mass_function_like
Model N: 3031202.6721580126
Done mass_function_like status = 0 

Pipeline ran okay.
Likelihood mass_function_like_m_n = -9.080205105245113
Posterior = -2.5541931538330402 for parameter set #742: [0.2944629927415954, 0.8242489873183813, -0.9995]
Running module mass_function_like
Model N: 3032888.947298656
Done mass_function_like status = 0 

Pipeline ran okay.
Likelihood mass_function_like_m_n = -8.404332399368286
Posterior = -2.490714827418456 for parameter set #742: [0.2876251333230586, 0.8321131548273117, -0.9995]
Running module mass_function_like
Model N: 3033316.13011367
Done mass_function_like status = 0 

Pipeline ran okay.
Likelihood mass_function_like_m_n = -8.382013976573944
Posterior = -1.7880094957196544 for parameter set #743: [0.29586963155503265, 0.8229250513848819, -0.9995]
Running module mass_function_like
Model N: 3018338.4103775965
Done mass_function_like status = 0 

Pipeline ran okay.
Likelihood mass_function_like_m_n = -45.209325917065144
Posterior = -47.96288455855277 for parameter set #743: [0.34343469313762404, 0.7753175193084194, -0.9995]
Running module mass_function_like
Model N: 3034614.7106944816
Done mass_function_like status = 0 

Pipeline ran okay.
Likelihood mass_function_like_m_n = -8.683496162295341
Posterior = -2.5946066341692493 for parameter set #743: [0.31086659716916115, 0.8072520299705656, -0.9995]
Running module mass_function_like
Model N: 3013096.003249552
Done mass_function_like status = 0 

Pipeline ran okay.
Likelihood mass_function_like_m_n = -75.70811095833778
Posterior = -73.82747695041856 for parameter set #743: [0.2690204254697035, 0.8525255422385891, -0.9995]
Running module mass_function_like
Model N: 3031194.9376600804
Done mass_function_like status = 0 

Pipeline ran okay.
Likelihood mass_function_like_m_n = -9.08546707034111
Posterior = -2.5189470385293564 for parameter set #744: [0.30474940346777246, 0.8131977381812318, -0.9995]
Model N: 3036675.0132353175
Done mass_function_like status = 0 

Pipeline ran okay.
Likelihood mass_function_like_m_n = -10.301352396607399
Posterior = -4.0939844144855755 for parameter set #744: [0.3097153097345208, 0.8086245644554227, -0.9995]
Model N: 3036633.9587028087
Done mass_function_like status = 0 

Pipeline ran okay.
Likelihood mass_function_like_m_n = -10.255473621189594
Posterior = -4.097654098850414 for parameter set #744: [0.31021258709604005, 0.8081150124725616, -0.9995]
Model N: 3034757.2816554704
Done mass_function_like status = 0 

Pipeline ran okay.
Likelihood mass_function_like_m_n = -8.750443115830421
Posterior = -2.133568451425621 for parameter set #744: [0.30353354026170354, 0.8148316096889828, -0.9995]
Running module mass_function_like
Running module mass_function_like
Running module mass_function_like
Running module mass_function_like
Model N: 3035972.7436539545
Done mass_function_like status = 0 

Pipeline ran okay.
Likelihood mass_function_like_m_n = -9.592944152653217
Posterior = -3.2872671292771223 for parameter set #745: [0.3086443874847684, 0.8096484046608201, -0.9995]
Running module mass_function_like
Model N: 3038132.5749450987
Done mass_function_like status = 0 

Pipeline ran okay.
Likelihood mass_function_like_m_n = -12.289330817759037
Posterior = -5.748121879016942 for parameter set #745: [0.30525538313671047, 0.8133690858289159, -0.9995]
Running module mass_function_like
Model N: 3032809.9155198033
Done mass_function_like status = 0 

Pipeline ran okay.
Likelihood mass_function_like_m_n = -8.415057308971882
Posterior = -2.3766015629091415 for parameter set #745: [0.28867879465562557, 0.8308995451147253, -0.9995]
Running module mass_function_like
Model N: 3033910.964033445
Done mass_function_like status = 0 

Pipeline ran okay.
Likelihood mass_function_like_m_n = -8.451139844954014
Posterior = -2.1917892198677738 for parameter set #745: [0.2908353551817437, 0.828574812415363, -0.9995]
Running module mass_function_like
Model N: 2988389.7089551887
Done mass_function_like status = 0 

Pipeline ran okay.
Likelihood mass_function_like_m_n = -343.5838405042887
Posterior = -350.29100249773865 for parameter set #746: [0.3517425669864961, 0.7655986024614717, -0.9995]
Running module mass_function_like
Model N: 3037586.4233723274
Done mass_function_like status = 0 

Pipeline ran okay.
Likelihood mass_function_like_m_n = -11.462606251239777
Posterior = -4.783497805369736 for parameter set #746: [0.3001978648226238, 0.8186590347746003, -0.9995]
Running module mass_function_like
Model N: 3034506.9897042555
Done mass_function_like status = 0 

Pipeline ran okay.
Likelihood mass_function_like_m_n = -8.637354031205177
Posterior = -1.9785623337883234 for parameter set #746: [0.30202546295415866, 0.8163980941848157, -0.9995]
Running module mass_function_like
Model N: 3026555.565477338
Done mass_function_like status = 0 

Pipeline ran okay.
Likelihood mass_function_like_m_n = -15.804089955985546
Posterior = -9.784889985524611 for parameter set #746: [0.2885099675557528, 0.830429638055078, -0.9995]
Running module mass_function_like
Model N: 3033691.385195993
Done mass_function_like status = 0 

Pipeline ran okay.
Likelihood mass_function_like_m_n = -8.41204347461462
Posterior = -1.7640892622694153 for parameter set #747: [0.3025039962446056, 0.8158087009100249, -0.9995]
Running module mass_function_like
Model N: 3024645.4327712683
Done mass_function_like status = 0 

Pipeline ran okay.
Likelihood mass_function_like_m_n = -20.64040780812502
Posterior = -15.131171282901231 for parameter set #747: [0.28470249907281314, 0.8346131396903891, -0.9995]
Running module mass_function_like
Model N: 3034318.6355543206
Done mass_function_like status = 0 

Pipeline ran okay.
Likelihood mass_function_like_m_n = -8.565857984125614
Posterior = -1.9446276192131222 for parameter set #747: [0.29659195559307955, 0.8222406562123248, -0.9995]
Running module mass_function_like
Model N: 3027115.319314996
Done mass_function_like status = 0 

Pipeline ran okay.
Likelihood mass_function_like_m_n = -14.61580752581358
Posterior = -13.755222190058529 for parameter set #747: [0.33411368893143967, 0.7843485577032093, -0.9995]
Running module mass_function_like
Model N: 3025477.433242645
Done mass_function_like status = 0 

Pipeline ran okay.
Likelihood mass_function_like_m_n = -18.38522732257843
Posterior = -13.925037605106173 for parameter set #748: [0.32106710459858184, 0.7963272938154584, -0.9995]
Model N: 3039878.3871420794
Done mass_function_like status = 0 

Pipeline ran okay.
Likelihood mass_function_like_m_n = -15.589304931461811
Posterior = -8.942992991720365 for parameter set #748: [0.3025687451632559, 0.8163686040934085, -0.9995]
Model N: 3035755.4541065968
Done mass_function_like status = 0 

Pipeline ran okay.
Likelihood mass_function_like_m_n = -9.406629525125027
Posterior = -3.3697083821607112 for parameter set #748: [0.3113347523602934, 0.8068925033599171, -0.9995]
Model N: 3026056.0282341824
Done mass_function_like status = 0 

Pipeline ran okay.
Likelihood mass_function_like_m_n = -16.952151879668236
Posterior = -10.320635348463284 for parameter set #748: [0.2969084739333058, 0.8210432389666443, -0.9995]
Running module mass_function_like
Running module mass_function_like
Running module mass_function_like
Running module mass_function_like
Model N: 3043474.32773478
Done mass_function_like status = 0 

Pipeline ran okay.
Likelihood mass_function_like_m_n = -25.5377187281847
Posterior = -18.956489507121958 for parameter set #749: [0.3044288819638246, 0.8147727847732454, -0.9995]
Running module mass_function_like
Model N: 3030217.706778341
Done mass_function_like status = 0 

Pipeline ran okay.
Likelihood mass_function_like_m_n = -9.909214213490486
Posterior = -3.3248889281353 for parameter set #749: [0.29564158485329783, 0.822853715313387, -0.9995]
Running module mass_function_like
Model N: 3019478.837351366
Done mass_function_like status = 0 

Pipeline ran okay.
Likelihood mass_function_like_m_n = -39.787539415061474
Posterior = -34.95562427484408 for parameter set #749: [0.2807781943715331, 0.8387121529421512, -0.9995]
Running module mass_function_like
Model N: 3007705.018418065
Done mass_function_like status = 0 

Pipeline ran okay.
Likelihood mass_function_like_m_n = -116.64781979471445
Posterior = -114.08679811575358 for parameter set #749: [0.27130058356220693, 0.8490253731744348, -0.9995]
Running module mass_function_like
Model N: 3033550.20856393
Done mass_function_like status = 0 

Pipeline ran okay.
Likelihood mass_function_like_m_n = -8.395299509167671
Posterior = -2.0810204558147465 for parameter set #750: [0.30854429803971367, 0.809509227253438, -0.9995]
Running module mass_function_like
Model N: 3030884.0802838737
Done mass_function_like status = 0 

Pipeline ran okay.
Likelihood mass_function_like_m_n = -9.313299030065536
Posterior = -2.8245644133802337 for parameter set #750: [0.3061736469226041, 0.8116850975216078, -0.9995]
Running module mass_function_like
Model N: 3030889.637950334
Done mass_function_like status = 0 

Pipeline ran okay.
Likelihood mass_function_like_m_n = -9.308945618569851
Posterior = -3.483327614299096 for parameter set #750: [0.2869333539571974, 0.8326955491423547, -0.9995]
Running module mass_function_like
Model N: 3030198.4191398122
Done mass_function_like status = 0 

Pipeline ran okay.
Likelihood mass_function_like_m_n = -9.92864652723074
Posterior = -3.2976307719177633 for parameter set #750: [0.29689231780913095, 0.8214882390246929, -0.9995]
Running module mass_function_like
Model N: 3037997.642438079
Done mass_function_like status = 0 

Pipeline ran okay.
Likelihood mass_function_like_m_n = -12.075961336493492
Posterior = -5.506731332935196 for parameter set #751: [0.3046919973306025, 0.8139440267851681, -0.9995]
Running module mass_function_like
Model N: 3033579.7232982474
Done mass_function_like status = 0 

Pipeline ran okay.
Likelihood mass_function_like_m_n = -8.398256905376911
Posterior = -1.7800014577778214 for parameter set #751: [0.29650575471063895, 0.8222581199051927, -0.9995]
Running module mass_function_like
Model N: 3031639.1121941265
Done mass_function_like status = 0 

Pipeline ran okay.
Likelihood mass_function_like_m_n = -8.815280161798
Posterior = -4.007064307259034 for parameter set #751: [0.2806552935211142, 0.8401798040784582, -0.9995]
Running module mass_function_like
Model N: 3035360.264536963
Done mass_function_like status = 0 

Pipeline ran okay.
Likelihood mass_function_like_m_n = -9.107609309256077
Posterior = -2.7094920029976652 for parameter set #751: [0.2925008414865161, 0.8268584571743495, -0.9995]
Running module mass_function_like
Model N: 3027531.1516826544
Done mass_function_like status = 0 

Pipeline ran okay.
Likelihood mass_function_like_m_n = -13.800197012722492
Posterior = -10.231286284279173 for parameter set #752: [0.3249415054472134, 0.7928349401796847, -0.9995]
Model N: 3032089.527880696
Done mass_function_like status = 0 

Pipeline ran okay.
Likelihood mass_function_like_m_n = -8.607787668704987
Posterior = -2.3649653951648926 for parameter set #752: [0.30934325344588387, 0.8085474161550795, -0.9995]
Model N: 3031796.547260603
Done mass_function_like status = 0 

Pipeline ran okay.
Likelihood mass_function_like_m_n = -8.735144332051277
Posterior = -2.1919574481802684 for parameter set #752: [0.30521761084097293, 0.8127700810772219, -0.9995]
Model N: 3029208.3072375148
Done mass_function_like status = 0 

Pipeline ran okay.
Likelihood mass_function_like_m_n = -11.091296747326851
Posterior = -6.143451264460437 for parameter set #752: [0.2813910843118478, 0.8390380097135388, -0.9995]
Running module mass_function_like
Running module mass_function_like
Running module mass_function_like
Running module mass_function_like
Model N: 3033130.362454846
Done mass_function_like status = 0 

Pipeline ran okay.
Likelihood mass_function_like_m_n = -8.384326234459877
Posterior = -1.719732665225715 for parameter set #753: [0.2982847373917655, 0.8202814862256276, -0.9995]
Running module mass_function_like
Model N: 3033607.7765031992
Done mass_function_like status = 0 

Pipeline ran okay.
Likelihood mass_function_like_m_n = -8.401334024965763
Posterior = -1.9931013715931378 for parameter set #753: [0.3073630366688965, 0.8107286831596636, -0.9995]
Running module mass_function_like
Model N: 3036322.466097017
Done mass_function_like status = 0 

Pipeline ran okay.
Likelihood mass_function_like_m_n = -9.925440952181816
Posterior = -3.3245422566081366 for parameter set #753: [0.3039599369372888, 0.8145420798599269, -0.9995]
Running module mass_function_like
Model N: 3031777.6678496804
Done mass_function_like status = 0 

Pipeline ran okay.
Likelihood mass_function_like_m_n = -8.744322493672371
Posterior = -3.17141155433524 for parameter set #753: [0.28512456213099546, 0.834885461449301, -0.9995]
Running module mass_function_like
Model N: 3028648.0044347052
Done mass_function_like status = 0 

Pipeline ran okay.
Likelihood mass_function_like_m_n = -11.892804555594921
Posterior = -6.038110999043927 for parameter set #754: [0.3128422010711498, 0.804678177394529, -0.9995]
Running module mass_function_like
Model N: 3032086.7149283085
Done mass_function_like status = 0 

Pipeline ran okay.
Likelihood mass_function_like_m_n = -8.608875781297684
Posterior = -2.506020113785768 for parameter set #754: [0.2892626955822396, 0.8301627482742547, -0.9995]
Running module mass_function_like
Model N: 3032891.180263945
Done mass_function_like status = 0 

Pipeline ran okay.
Likelihood mass_function_like_m_n = -8.404059305787086
Posterior = -2.493460354060929 for parameter set #754: [0.2876007641639975, 0.8321412232846139, -0.9995]
Running module mass_function_like
Model N: 3029181.9350625463
Done mass_function_like status = 0 

Pipeline ran okay.
Likelihood mass_function_like_m_n = -11.126694291830063
Posterior = -4.619140284063626 for parameter set #754: [0.2941391094440561, 0.8243961703332381, -0.9995]
Running module mass_function_like
Model N: 3032248.417515836
Done mass_function_like status = 0 

Pipeline ran okay.
Likelihood mass_function_like_m_n = -8.550563968718052
Posterior = -2.053278904301914 for parameter set #755: [0.29396644161552965, 0.8249058162144707, -0.9995]
Running module mass_function_like
Model N: 3034669.641891418
Done mass_function_like status = 0 

Pipeline ran okay.
Likelihood mass_function_like_m_n = -8.70849735289812
Posterior = -3.124519466408568 for parameter set #755: [0.3148008534336412, 0.8033233773539362, -0.9995]
Running module mass_function_like
Model N: 3039410.909380888
Done mass_function_like status = 0 

Pipeline ran okay.
Likelihood mass_function_like_m_n = -14.607541888952255
Posterior = -8.50276983855465 for parameter set #755: [0.28928055833625094, 0.830916773262322, -0.9995]
Running module mass_function_like
Model N: 3035458.612213882
Done mass_function_like status = 0 

Pipeline ran okay.
Likelihood mass_function_like_m_n = -9.177218995988369
Posterior = -2.978111946236629 for parameter set #755: [0.2902000290963854, 0.829455474366204, -0.9995]
Running module mass_function_like
Model N: 3034503.8571377755
Done mass_function_like status = 0 

Pipeline ran okay.
Likelihood mass_function_like_m_n = -8.636069394648075
Posterior = -2.0019657233220833 for parameter set #756: [0.30300667680285753, 0.8153606826680562, -0.9995]
Model N: 3026652.327681101
Done mass_function_like status = 0 

Pipeline ran okay.
Likelihood mass_function_like_m_n = -15.591260261833668
Posterior = -11.303335633982183 for parameter set #756: [0.2781304797928317, 0.8426792513651641, -0.9995]
Model N: 3031928.5756648723
Done mass_function_like status = 0 

Pipeline ran okay.
Likelihood mass_function_like_m_n = -8.674246557056904
Posterior = -2.142853558904571 for parameter set #756: [0.3054389557850357, 0.8125531164321854, -0.9995]
Model N: 3036912.753352827
Done mass_function_like status = 0 

Pipeline ran okay.
Likelihood mass_function_like_m_n = -10.577929526567459
Posterior = -4.279113322797144 for parameter set #756: [0.3087233937723788, 0.8096611313985752, -0.9995]
Running module mass_function_like
Running module mass_function_like
Running module mass_function_like
Running module mass_function_like
Model N: 3038973.3738007452
Done mass_function_like status = 0 

Pipeline ran okay.
Likelihood mass_function_like_m_n = -13.753669194877148
Posterior = -8.358556750570745 for parameter set #757: [0.3160261770488398, 0.8025352074806126, -0.9995]
Running module mass_function_like
Model N: 3035737.1753864177
Done mass_function_like status = 0 

Pipeline ran okay.
Likelihood mass_function_like_m_n = -9.391665041446686
Posterior = -2.9184765798375576 for parameter set #757: [0.3064205254722814, 0.8119162018020443, -0.9995]
Running module mass_function_like
Model N: 3035203.524815849
Done mass_function_like status = 0 

Pipeline ran okay.
Likelihood mass_function_like_m_n = -9.00325183570385
Posterior = -2.436708890882569 for parameter set #757: [0.29525107899646835, 0.8237985530253695, -0.9995]
Running module mass_function_like
Model N: 3032652.0958077554
Done mass_function_like status = 0 

Pipeline ran okay.
Likelihood mass_function_like_m_n = -8.442637614905834
Posterior = -2.43676950456123 for parameter set #757: [0.28839451777851866, 0.8312073875561236, -0.9995]
Running module mass_function_like
Model N: 3033341.0859207697
Done mass_function_like status = 0 

Pipeline ran okay.
Likelihood mass_function_like_m_n = -8.382570192217827
Posterior = -1.9672492383657119 for parameter set #758: [0.2927338697443813, 0.8263873428752653, -0.9995]
Running module mass_function_like
Model N: 3033711.0941524464
Done mass_function_like status = 0 

Pipeline ran okay.
Likelihood mass_function_like_m_n = -8.414903558790684
Posterior = -1.8814830430375835 for parameter set #758: [0.29459845054531386, 0.8243609351536921, -0.9995]
Running module mass_function_like
Model N: 3031441.211890227
Done mass_function_like status = 0 

Pipeline ran okay.
Likelihood mass_function_like_m_n = -8.92761730402708
Posterior = -2.8143953245778572 for parameter set #758: [0.28935967839902405, 0.8299844228139026, -0.9995]
Running module mass_function_like
Model N: 3027728.0947906123
Done mass_function_like status = 0 

Pipeline ran okay.
Likelihood mass_function_like_m_n = -13.43388370424509
Posterior = -7.219239878148906 for parameter set #758: [0.2903598716583853, 0.8284604655665676, -0.9995]
Running module mass_function_like
Model N: 3044342.3311403943
Done mass_function_like status = 0 

Pipeline ran okay.
Likelihood mass_function_like_m_n = -28.573914095759392
Posterior = -22.99062432754074 for parameter set #759: [0.3148055018833645, 0.8042678982917942, -0.9995]
Running module mass_function_like
Model N: 3033130.253735428
Done mass_function_like status = 0 

Pipeline ran okay.
Likelihood mass_function_like_m_n = -8.384330920875072
Posterior = -1.7126876653583043 for parameter set #759: [0.30123781604396066, 0.8170942870758512, -0.9995]
Running module mass_function_like
Model N: 3032047.008701301
Done mass_function_like status = 0 

Pipeline ran okay.
Likelihood mass_function_like_m_n = -8.624513536691666
Posterior = -2.6789848484677723 for parameter set #759: [0.31211425202054427, 0.805741771654452, -0.9995]
Running module mass_function_like
Model N: 3033136.1658861055
Done mass_function_like status = 0 

Pipeline ran okay.
Likelihood mass_function_like_m_n = -8.384081833064556
Posterior = -2.219920532227979 for parameter set #759: [0.31015029947808065, 0.8078308191024682, -0.9995]
Running module mass_function_like
Model N: 3026784.1583766253
Done mass_function_like status = 0 

Pipeline ran okay.
Likelihood mass_function_like_m_n = -15.306286178529263
Posterior = -12.57002490357331 for parameter set #760: [0.3280821755686921, 0.7898283150333472, -0.9995]
Model N: 3036595.4266364872
Done mass_function_like status = 0 

Pipeline ran okay.
Likelihood mass_function_like_m_n = -10.212918102741241
Posterior = -4.460467965892383 for parameter set #760: [0.3136150950159104, 0.8046899780253554, -0.9995]
Model N: 3011636.866019847
Done mass_function_like status = 0 

Pipeline ran okay.
Likelihood mass_function_like_m_n = -85.82909903675318
Posterior = -81.62285041327662 for parameter set #760: [0.3222398542029108, 0.7938687638028954, -0.9995]
Model N: 3034006.5343512073
Done mass_function_like status = 0 

Pipeline ran okay.
Likelihood mass_function_like_m_n = -8.473119080066681
Posterior = -2.3741936881637216 for parameter set #760: [0.31077384616937925, 0.8072855394209889, -0.9995]
Running module mass_function_like
Running module mass_function_like
Running module mass_function_like
Running module mass_function_like
Model N: 3034927.282138958
Done mass_function_like status = 0 

Pipeline ran okay.
Likelihood mass_function_like_m_n = -8.839020557701588
Posterior = -3.683568849987645 for parameter set #761: [0.31745767734033514, 0.8007365393998431, -0.9995]
Running module mass_function_like
Model N: 3033807.641193143
Done mass_function_like status = 0 

Pipeline ran okay.
Likelihood mass_function_like_m_n = -8.430763721466064
Posterior = -1.974060739621569 for parameter set #761: [0.3066723491585154, 0.8114618276566242, -0.9995]
Running module mass_function_like
Model N: 3036889.4762540776
Done mass_function_like status = 0 

Pipeline ran okay.
Likelihood mass_function_like_m_n = -10.550028935074806
Posterior = -3.8722770306700784 for parameter set #761: [0.30055718828154804, 0.8182035795516645, -0.9995]
Running module mass_function_like
Model N: 3001500.3924559085
Done mass_function_like status = 0 

Pipeline ran okay.
Likelihood mass_function_like_m_n = -175.83058170229197
Posterior = -175.45850374887533 for parameter set #761: [0.2644831694970017, 0.8570966399914176, -0.9995]
Running module mass_function_like
Model N: 3035607.1859863927
Done mass_function_like status = 0 

Pipeline ran okay.
Likelihood mass_function_like_m_n = -9.288416780531406
Posterior = -2.8169334737746894 for parameter set #762: [0.29355297135800557, 0.8257136685177074, -0.9995]
Running module mass_function_like
Model N: 3018511.9126232467
Done mass_function_like status = 0 

Pipeline ran okay.
Likelihood mass_function_like_m_n = -44.35654630511999
Posterior = -41.63370413101635 for parameter set #762: [0.2718700798998413, 0.849518344451216, -0.9995]
Running module mass_function_like
Model N: 3032422.2416156633
Done mass_function_like status = 0 

Pipeline ran okay.
Likelihood mass_function_like_m_n = -8.497501239180565
Posterior = -2.3333202001589903 for parameter set #762: [0.28984989498292135, 0.8295319644562106, -0.9995]
Running module mass_function_like
Model N: 3033165.189464363
Done mass_function_like status = 0 

Pipeline ran okay.
Likelihood mass_function_like_m_n = -8.38302617520094
Posterior = -1.950266876734199 for parameter set #762: [0.29297796468474474, 0.826097150691707, -0.9995]
Running module mass_function_like
Model N: 3036960.6269541513
Done mass_function_like status = 0 

Pipeline ran okay.
Likelihood mass_function_like_m_n = -10.635872296988964
Posterior = -4.275865179277915 for parameter set #763: [0.3079912086770294, 0.8104171887729387, -0.9995]
Running module mass_function_like
Model N: 3029548.277492591
Done mass_function_like status = 0 

Pipeline ran okay.
Likelihood mass_function_like_m_n = -10.655561730265617
Posterior = -5.082330885783353 for parameter set #763: [0.31487328715400825, 0.8027497997776988, -0.9995]
Running module mass_function_like
Model N: 3034645.6962713064
Done mass_function_like status = 0 

Pipeline ran okay.
Likelihood mass_function_like_m_n = -8.697476632893085
Posterior = -5.890787480313915 for parameter set #763: [0.3278302534869197, 0.7908066321551267, -0.9995]
Running module mass_function_like
Model N: 3034970.0469490997
Done mass_function_like status = 0 

Pipeline ran okay.
Likelihood mass_function_like_m_n = -8.86280107498169
Posterior = -2.8985882405446386 for parameter set #763: [0.2880409752582148, 0.8318573848632167, -0.9995]
Running module mass_function_like
Model N: 3032442.5719821244
Done mass_function_like status = 0 

Pipeline ran okay.
Likelihood mass_function_like_m_n = -8.491946093738079
Posterior = -1.9139881924055349 for parameter set #764: [0.30450213942426607, 0.8135820532784326, -0.9995]
Model N: 3020015.5665325252
Done mass_function_like status = 0 

Pipeline ran okay.
Likelihood mass_function_like_m_n = -37.385598592460155
Posterior = -35.90589524834686 for parameter set #764: [0.33224779327084847, 0.7853722337388498, -0.9995]
Model N: 3032144.750930137
Done mass_function_like status = 0 

Pipeline ran okay.
Likelihood mass_function_like_m_n = -8.58695487678051
Posterior = -2.97084014069236 for parameter set #764: [0.2854178913580919, 0.8345833318410188, -0.9995]
Model N: 3034035.5495234523
Done mass_function_like status = 0 

Pipeline ran okay.
Likelihood mass_function_like_m_n = -8.480387568473816
Posterior = -1.8832082449205991 for parameter set #764: [0.30405277373552936, 0.8142135194670032, -0.9995]
Running module mass_function_like
Running module mass_function_like
Running module mass_function_like
Running module mass_function_like
Model N: 3033360.8467940534
Done mass_function_like status = 0 

Pipeline ran okay.
Likelihood mass_function_like_m_n = -8.383156292140484
Posterior = -1.707323013512708 for parameter set #765: [0.29916682298610386, 0.8193538334018957, -0.9995]
Running module mass_function_like
Model N: 3034622.365435292
Done mass_function_like status = 0 

Pipeline ran okay.
Likelihood mass_function_like_m_n = -8.686920516192913
Posterior = -2.181740899345801 for parameter set #765: [0.3059012639572059, 0.8123430328163891, -0.9995]
Running module mass_function_like
Model N: 3034467.6679347395
Done mass_function_like status = 0 

Pipeline ran okay.
Likelihood mass_function_like_m_n = -8.621462903916836
Posterior = -1.9672302921007105 for parameter set #765: [0.3022392671343131, 0.8161677046407853, -0.9995]
Running module mass_function_like
Model N: 3032147.7294328217
Done mass_function_like status = 0 

Pipeline ran okay.
Likelihood mass_function_like_m_n = -8.585859835147858
Posterior = -2.7630721776483433 for parameter set #765: [0.2869117110300033, 0.8328544525642512, -0.9995]
Running module mass_function_like
Model N: 3033067.8638218665
Done mass_function_like status = 0 

Pipeline ran okay.
Likelihood mass_function_like_m_n = -8.387662000954151
Posterior = -1.7125984747492833 for parameter set #766: [0.29907905786225936, 0.8194183897116587, -0.9995]
Running module mass_function_like
Model N: 3035265.2730392027
Done mass_function_like status = 0 

Pipeline ran okay.
Likelihood mass_function_like_m_n = -9.043398275971413
Posterior = -2.4926954499947165 for parameter set #766: [0.2949284840070546, 0.8241591218695631, -0.9995]
Running module mass_function_like
Model N: 3018545.6370918425
Done mass_function_like status = 0 

Pipeline ran okay.
Likelihood mass_function_like_m_n = -44.19195073097944
Posterior = -38.69394079538778 for parameter set #766: [0.28462928588048986, 0.8340450868857672, -0.9995]
Running module mass_function_like
Model N: 3029882.91702175
Done mass_function_like status = 0 

Pipeline ran okay.
Likelihood mass_function_like_m_n = -10.26396295428276
Posterior = -4.014794223842774 for parameter set #766: [0.29072492083192586, 0.8282755045628779, -0.9995]
Running module mass_function_like
Model N: 3028041.538180161
Done mass_function_like status = 0 

Pipeline ran okay.
Likelihood mass_function_like_m_n = -12.87734666466713
Posterior = -6.715775089654098 for parameter set #767: [0.31017578128005086, 0.8072991483484608, -0.9995]
Running module mass_function_like
Model N: 3022333.579925515
Done mass_function_like status = 0 

Pipeline ran okay.
Likelihood mass_function_like_m_n = -28.112104669213295
Posterior = -23.012872141705277 for parameter set #767: [0.317776792009821, 0.7992004856435982, -0.9995]
Running module mass_function_like
Model N: 3031763.6477022977
Done mass_function_like status = 0 

Pipeline ran okay.
Likelihood mass_function_like_m_n = -8.751214437186718
Posterior = -2.371433938641154 for parameter set #767: [0.292260184759768, 0.8267506287251778, -0.9995]
Running module mass_function_like
Model N: 3028934.9195611705
Done mass_function_like status = 0 

Pipeline ran okay.
Likelihood mass_function_like_m_n = -11.469408385455608
Posterior = -7.771775352008095 for parameter set #767: [0.27558004436997197, 0.8460538193105505, -0.9995]
Running module mass_function_like
Model N: 3037983.353164921
Done mass_function_like status = 0 

Pipeline ran okay.
Likelihood mass_function_like_m_n = -12.053716011345387
Posterior = -7.035674610542589 for parameter set #768: [0.3182277963424403, 0.8002822615191738, -0.9995]
Model N: 3034049.822826402
Done mass_function_like status = 0 

Pipeline ran okay.
Likelihood mass_function_like_m_n = -8.484064921736717
Posterior = -2.5701391460101153 for parameter set #768: [0.3123723758638638, 0.8056806869012662, -0.9995]
Model N: 3021484.3619566066
Done mass_function_like status = 0 

Pipeline ran okay.
Likelihood mass_function_like_m_n = -31.302261658012867
Posterior = -25.918877685405377 for parameter set #768: [0.3160991939282854, 0.800755042790031, -0.9995]
Model N: 2983684.5454955804
Done mass_function_like status = 0 

Pipeline ran okay.
Likelihood mass_function_like_m_n = -417.9965099096298
Posterior = -422.6360633092315 for parameter set #768: [0.34757910801583364, 0.7686484863499328, -0.9995]
Running module mass_function_like
Running module mass_function_like
Running module mass_function_like
Running module mass_function_like
Model N: 3033109.892263034
Done mass_function_like status = 0 

Pipeline ran okay.
Likelihood mass_function_like_m_n = -8.385276965796947
Posterior = -2.008264694691519 for parameter set #769: [0.30777549904771095, 0.8102542217767287, -0.9995]
Running module mass_function_like
Model N: 3034615.7201105873
Done mass_function_like status = 0 

Pipeline ran okay.
Likelihood mass_function_like_m_n = -8.683946616947651
Posterior = -2.127433551450128 for parameter set #769: [0.3049556257488369, 0.8133274769496674, -0.9995]
Running module mass_function_like
Model N: 3035332.717076575
Done mass_function_like status = 0 

Pipeline ran okay.
Likelihood mass_function_like_m_n = -9.08868232369423
Posterior = -2.4746404095893073 for parameter set #769: [0.3036128184068751, 0.8148064935914634, -0.9995]
Running module mass_function_like
Model N: 3027912.779955474
Done mass_function_like status = 0 

Pipeline ran okay.
Likelihood mass_function_like_m_n = -13.102030672132969
Posterior = -8.055845771744957 for parameter set #769: [0.2819272619787582, 0.8382607966076049, -0.9995]
Running module mass_function_like
Model N: 3022507.947763104
Done mass_function_like status = 0 

Pipeline ran okay.
Likelihood mass_function_like_m_n = -27.48671567440033
Posterior = -20.808016360689017 for parameter set #770: [0.2996521826344508, 0.8177217079752771, -0.9995]
Running module mass_function_like
Model N: 3033989.3402661793
Done mass_function_like status = 0 

Pipeline ran okay.
Likelihood mass_function_like_m_n = -8.468942761421204
Posterior = -2.288970908934431 for parameter set #770: [0.29000667877206554, 0.8295195055961838, -0.9995]
Running module mass_function_like
Model N: 3032969.0408755117
Done mass_function_like status = 0 

Pipeline ran okay.
Likelihood mass_function_like_m_n = -8.395564787089825
Posterior = -2.082062478185833 for parameter set #770: [0.29144661599825883, 0.8277880294207037, -0.9995]
Running module mass_function_like
Model N: 3033782.3058712226
Done mass_function_like status = 0 

Pipeline ran okay.
Likelihood mass_function_like_m_n = -8.426304496824741
Posterior = -2.3057331241201826 for parameter set #770: [0.2894289752095112, 0.8301530236424072, -0.9995]
Running module mass_function_like
Model N: 3031472.305047664
Done mass_function_like status = 0 

Pipeline ran okay.
Likelihood mass_function_like_m_n = -8.909111484885216
Posterior = -3.0088800867092083 for parameter set #771: [0.31248257024922504, 0.8053160470936276, -0.9995]
Running module mass_function_like
Model N: 3035254.92284402
Done mass_function_like status = 0 

Pipeline ran okay.
Likelihood mass_function_like_m_n = -9.036581382155418
Posterior = -2.5392500483510325 for parameter set #771: [0.3060327914683969, 0.8122701810453481, -0.9995]
Running module mass_function_like
Model N: 3033157.1726504993
Done mass_function_like status = 0 

Pipeline ran okay.
Likelihood mass_function_like_m_n = -8.383290007710457
Posterior = -1.7090730905856137 for parameter set #771: [0.30100869035738004, 0.8173408138094219, -0.9995]
Running module mass_function_like
Model N: 3027783.1591232545
Done mass_function_like status = 0 

Pipeline ran okay.
Likelihood mass_function_like_m_n = -13.333760134875774
Posterior = -7.828953386307591 for parameter set #771: [0.28467356891026474, 0.8349833754334555, -0.9995]
Running module mass_function_like
Model N: 3035702.0914735137
Done mass_function_like status = 0 

Pipeline ran okay.
Likelihood mass_function_like_m_n = -9.363250531256199
Posterior = -3.478904607331569 for parameter set #772: [0.3126091893029296, 0.8056064996889104, -0.9995]
Model N: 3032586.2019252935
Done mass_function_like status = 0 

Pipeline ran okay.
Likelihood mass_function_like_m_n = -8.456583999097347
Posterior = -2.7366274722864654 for parameter set #772: [0.28614830211490794, 0.8337827555388374, -0.9995]
Model N: 3029272.4742830247
Done mass_function_like status = 0 

Pipeline ran okay.
Likelihood mass_function_like_m_n = -11.00612998008728
Posterior = -6.075787473192302 for parameter set #772: [0.31870273611755895, 0.7989748926190036, -0.9995]
Model N: 3031222.9716817746
Done mass_function_like status = 0 

Pipeline ran okay.
Likelihood mass_function_like_m_n = -9.066488794982433
Posterior = -4.589402667176669 for parameter set #772: [0.3209867485357043, 0.7969583338995143, -0.9995]
Running module mass_function_like
Running module mass_function_like
Running module mass_function_like
Running module mass_function_like
Model N: 3034205.300684989
Done mass_function_like status = 0 

Pipeline ran okay.
Likelihood mass_function_like_m_n = -8.528470128774643
Posterior = -3.7264915446958558 for parameter set #773: [0.3193769224296915, 0.7987991755879602, -0.9995]
Running module mass_function_like
Model N: 3033574.7053829585
Done mass_function_like status = 0 

Pipeline ran okay.
Likelihood mass_function_like_m_n = -8.397733852267265
Posterior = -1.7527386398984852 for parameter set #773: [0.29738049676688805, 0.8213061507803938, -0.9995]
Running module mass_function_like
Model N: 3035451.0931863207
Done mass_function_like status = 0 

Pipeline ran okay.
Likelihood mass_function_like_m_n = -9.171784676611423
Posterior = -2.5762578777201153 for parameter set #773: [0.29590665419445433, 0.823105677617617, -0.9995]
Running module mass_function_like
Model N: 3031310.6602561735
Done mass_function_like status = 0 

Pipeline ran okay.
Likelihood mass_function_like_m_n = -9.008800983428955
Posterior = -3.5197971033250006 for parameter set #773: [0.28457080482846725, 0.8354819326822859, -0.9995]
Running module mass_function_like
Model N: 3031551.2014750773
Done mass_function_like status = 0 

Pipeline ran okay.
Likelihood mass_function_like_m_n = -8.863586567342281
Posterior = -2.2066810355756363 for parameter set #774: [0.29788346195198123, 0.8205527905617778, -0.9995]
Running module mass_function_like
Model N: 3031951.1666189814
Done mass_function_like status = 0 

Pipeline ran okay.
Likelihood mass_function_like_m_n = -8.664402842521667
Posterior = -1.9898891471421738 for parameter set #774: [0.2990211738733864, 0.8193661476316124, -0.9995]
Running module mass_function_like
Model N: 3032298.407429159
Done mass_function_like status = 0 

Pipeline ran okay.
Likelihood mass_function_like_m_n = -8.534282647073269
Posterior = -2.1554386084931565 for parameter set #774: [0.29224809494730375, 0.8268200883483684, -0.9995]
Running module mass_function_like
Model N: 3034742.3284944883
Done mass_function_like status = 0 

Pipeline ran okay.
Likelihood mass_function_like_m_n = -8.743107311427593
Posterior = -2.0908535483076403 for parameter set #774: [0.30232595938013745, 0.8161038730067564, -0.9995]
Running module mass_function_like
Model N: 3035342.827300139
Done mass_function_like status = 0 

Pipeline ran okay.
Likelihood mass_function_like_m_n = -9.095599718391895
Posterior = -2.86119153109977 for parameter set #775: [0.3094328787866491, 0.8087797869815698, -0.9995]
Running module mass_function_like
Model N: 3034276.8195639965
Done mass_function_like status = 0 

Pipeline ran okay.
Likelihood mass_function_like_m_n = -8.551570735871792
Posterior = -5.463695262430293 for parameter set #775: [0.3268008534374139, 0.7917319711627492, -0.9995]
Running module mass_function_like
Model N: 3022420.0961813196
Done mass_function_like status = 0 

Pipeline ran okay.
Likelihood mass_function_like_m_n = -27.800542943179607
Posterior = -24.1952000170358 for parameter set #775: [0.2752049953733967, 0.8457960855843404, -0.9995]
Running module mass_function_like
Model N: 3030560.6445096736
Done mass_function_like status = 0 

Pipeline ran okay.
Likelihood mass_function_like_m_n = -9.584220305085182
Posterior = -5.623441433790947 for parameter set #775: [0.27668251588607395, 0.8448764163180729, -0.9995]
Running module mass_function_like
Model N: 3034426.1320097437
Done mass_function_like status = 0 

Pipeline ran okay.
Likelihood mass_function_like_m_n = -8.605230145156384
Posterior = -2.0107033946652226 for parameter set #776: [0.2958822955953823, 0.8230261138964121, -0.9995]
Model N: 3036573.474048086
Done mass_function_like status = 0 

Pipeline ran okay.
Likelihood mass_function_like_m_n = -10.188891656696796
Posterior = -3.839143502749085 for parameter set #776: [0.30811857184931546, 0.8102476210564461, -0.9995]
Model N: 3033957.904516002
Done mass_function_like status = 0 

Pipeline ran okay.
Likelihood mass_function_like_m_n = -8.46155909448862
Posterior = -1.850501486415478 for parameter set #776: [0.3036944983485463, 0.8145815884229268, -0.9995]
Model N: 3028127.879550295
Done mass_function_like status = 0 

Pipeline ran okay.
Likelihood mass_function_like_m_n = -12.729752346873283
Posterior = -6.570239606485659 for parameter set #776: [0.31019599389880725, 0.8072872768725345, -0.9995]
Running module mass_function_like
Running module mass_function_like
Running module mass_function_like
Running module mass_function_like
Model N: 3033551.9545252826
Done mass_function_like status = 0 

Pipeline ran okay.
Likelihood mass_function_like_m_n = -8.395466469228268
Posterior = -1.7281644362042883 for parameter set #777: [0.29845066689919686, 0.8201454496832844, -0.9995]
Running module mass_function_like
Model N: 3031654.567072526
Done mass_function_like status = 0 

Pipeline ran okay.
Likelihood mass_function_like_m_n = -8.807051412761211
Posterior = -2.137479536617624 for parameter set #777: [0.2986048425059075, 0.8197841757650782, -0.9995]
Running module mass_function_like
Model N: 3037409.964781665
Done mass_function_like status = 0 

Pipeline ran okay.
Likelihood mass_function_like_m_n = -11.216453298926353
Posterior = -4.583114632026055 for parameter set #777: [0.30303201356889775, 0.8156285815790065, -0.9995]
Running module mass_function_like
Model N: 3031444.0318416553
Done mass_function_like status = 0 

Pipeline ran okay.
Likelihood mass_function_like_m_n = -8.92592579126358
Posterior = -3.4131071578837666 for parameter set #777: [0.28472593331865814, 0.835314838394964, -0.9995]
Running module mass_function_like
Model N: 3028167.667457158
Done mass_function_like status = 0 

Pipeline ran okay.
Likelihood mass_function_like_m_n = -12.662567853927612
Posterior = -10.103298053359119 for parameter set #778: [0.32870552001877584, 0.7893818827423766, -0.9995]
Running module mass_function_like
Model N: 3034351.6624539425
Done mass_function_like status = 0 

Pipeline ran okay.
Likelihood mass_function_like_m_n = -8.577549442648888
Posterior = -1.9022508340492106 for parameter set #778: [0.29910494807854254, 0.8195221199339311, -0.9995]
Running module mass_function_like
Model N: 3033452.6263318285
Done mass_function_like status = 0 

Pipeline ran okay.
Likelihood mass_function_like_m_n = -8.387565724551678
Posterior = -1.7543023966842526 for parameter set #778: [0.30303449733704857, 0.8152248049538258, -0.9995]
Running module mass_function_like
Model N: 3032614.3786204704
Done mass_function_like status = 0 

Pipeline ran okay.
Likelihood mass_function_like_m_n = -8.450445167720318
Posterior = -2.0464958103477997 for parameter set #778: [0.3074209816188653, 0.8105696068513135, -0.9995]
Running module mass_function_like
Model N: 3034988.224331952
Done mass_function_like status = 0 

Pipeline ran okay.
Likelihood mass_function_like_m_n = -8.873091489076614
Posterior = -2.662123518704444 for parameter set #779: [0.3096781840025702, 0.8084945769312338, -0.9995]
Running module mass_function_like
Model N: 3033306.129861501
Done mass_function_like status = 0 

Pipeline ran okay.
Likelihood mass_function_like_m_n = -8.381848707795143
Posterior = -2.0904523337170318 for parameter set #779: [0.29119196021543853, 0.8281098093258484, -0.9995]
Running module mass_function_like
Model N: 3036899.7514069127
Done mass_function_like status = 0 

Pipeline ran okay.
Likelihood mass_function_like_m_n = -10.562323056161404
Posterior = -3.929577685852953 for parameter set #779: [0.2969484814271662, 0.8221187824582886, -0.9995]
Running module mass_function_like
Model N: 3036754.55979512
Done mass_function_like status = 0 

Pipeline ran okay.
Likelihood mass_function_like_m_n = -10.39182411879301
Posterior = -4.906366822742681 for parameter set #779: [0.28454783573566556, 0.8360930569424392, -0.9995]
Running module mass_function_like
Model N: 3031442.4522075616
Done mass_function_like status = 0 

Pipeline ran okay.
Likelihood mass_function_like_m_n = -8.926872998476028
Posterior = -3.996650399788116 for parameter set #780: [0.31870337723312175, 0.7991845304052828, -0.9995]
Model N: 3032162.9918305604
Done mass_function_like status = 0 

Pipeline ran okay.
Likelihood mass_function_like_m_n = -8.580294579267502
Posterior = -3.346517849994944 for parameter set #780: [0.3170031024759462, 0.8009116484489789, -0.9995]
Model N: 3035938.2419720674
Done mass_function_like status = 0 

Pipeline ran okay.
Likelihood mass_function_like_m_n = -9.562322974205017
Posterior = -2.8844972797775768 for parameter set #780: [0.30054378375899976, 0.8181206442489845, -0.9995]
Model N: 3032048.9449286195
Done mass_function_like status = 0 

Pipeline ran okay.
Likelihood mass_function_like_m_n = -8.623738914728165
Posterior = -2.225510699075489 for parameter set #780: [0.2925023205902423, 0.8265101312637083, -0.9995]
Running module mass_function_like
Running module mass_function_like
Running module mass_function_like
Running module mass_function_like
Model N: 3029708.139726138
Done mass_function_like status = 0 

Pipeline ran okay.
Likelihood mass_function_like_m_n = -10.463872782886028
Posterior = -3.9353176281731272 for parameter set #781: [0.29450911585266454, 0.8240430534136943, -0.9995]
Running module mass_function_like
Model N: 3032673.7793288575
Done mass_function_like status = 0 

Pipeline ran okay.
Likelihood mass_function_like_m_n = -8.43836147338152
Posterior = -2.0956461186358126 for parameter set #781: [0.2917952593756476, 0.8273660072633721, -0.9995]
Running module mass_function_like
Model N: 3030466.734223291
Done mass_function_like status = 0 

Pipeline ran okay.
Likelihood mass_function_like_m_n = -9.669354632496834
Posterior = -3.567460426864969 for parameter set #781: [0.2892537449064492, 0.8300018122843483, -0.9995]
Running module mass_function_like
Model N: 3034028.6767019737
Done mass_function_like status = 0 

Pipeline ran okay.
Likelihood mass_function_like_m_n = -8.478640802204609
Posterior = -2.3412043933196056 for parameter set #781: [0.2895897378570451, 0.8299962368062541, -0.9995]
Running module mass_function_like
Model N: 3034242.4753874834
Done mass_function_like status = 0 

Pipeline ran okay.
Likelihood mass_function_like_m_n = -8.540267243981361
Posterior = -5.506520663130296 for parameter set #782: [0.32700206517086844, 0.7915404278346128, -0.9995]
Running module mass_function_like
Model N: 3031198.5868773195
Done mass_function_like status = 0 

Pipeline ran okay.
Likelihood mass_function_like_m_n = -9.082981951534748
Posterior = -2.6804038721675063 for parameter set #782: [0.3074394370612696, 0.810408884019129, -0.9995]
Running module mass_function_like
Model N: 3038221.1602882594
Done mass_function_like status = 0 

Pipeline ran okay.
Likelihood mass_function_like_m_n = -12.43266473710537
Posterior = -5.862332514141009 for parameter set #782: [0.3046684467512405, 0.813991314433328, -0.9995]
Running module mass_function_like
Model N: 3034314.7463587523
Done mass_function_like status = 0 

Pipeline ran okay.
Likelihood mass_function_like_m_n = -8.564504869282246
Posterior = -1.9423520743073635 for parameter set #782: [0.3033808698092449, 0.8149473168773196, -0.9995]
Running module mass_function_like
Model N: 3032269.9244015827
Done mass_function_like status = 0 

Pipeline ran okay.
Likelihood mass_function_like_m_n = -8.543458297848701
Posterior = -1.9764033184691918 for parameter set #783: [0.3047381266114508, 0.8133179096220906, -0.9995]
Running module mass_function_like
Model N: 3035537.527933265
Done mass_function_like status = 0 

Pipeline ran okay.
Likelihood mass_function_like_m_n = -9.235377483069897
Posterior = -2.903109615292795 for parameter set #783: [0.30833110233442246, 0.8099257715764897, -0.9995]
Running module mass_function_like
Model N: 3029495.4502108083
Done mass_function_like status = 0 

Pipeline ran okay.
Likelihood mass_function_like_m_n = -10.72076291590929
Posterior = -4.831114841432816 for parameter set #783: [0.3125670690603157, 0.8050364354771121, -0.9995]
Running module mass_function_like
Model N: 3034801.7958636098
Done mass_function_like status = 0 

Pipeline ran okay.
Likelihood mass_function_like_m_n = -8.772717073559761
Posterior = -2.76241194669983 for parameter set #783: [0.2884328130347066, 0.8313913586251571, -0.9995]
Running module mass_function_like
Model N: 3033755.870325531
Done mass_function_like status = 0 

Pipeline ran okay.
Likelihood mass_function_like_m_n = -8.42187713086605
Posterior = -1.824532864989303 for parameter set #784: [0.304048701827338, 0.814189531575135, -0.9995]
Model N: 3034055.156409895
Done mass_function_like status = 0 

Pipeline ran okay.
Likelihood mass_function_like_m_n = -8.48545628786087
Posterior = -1.829744091472115 for parameter set #784: [0.30217218792563827, 0.8161968050960919, -0.9995]
Model N: 2998570.336103075
Done mass_function_like status = 0 

Pipeline ran okay.
Likelihood mass_function_like_m_n = -208.28142967820168
Posterior = -210.96695114875874 for parameter set #784: [0.3432777671994923, 0.7736523076015985, -0.9995]
Model N: 3032145.9107698724
Done mass_function_like status = 0 

Pipeline ran okay.
Likelihood mass_function_like_m_n = -8.586528114974499
Posterior = -2.9467709859466282 for parameter set #784: [0.2855809357496242, 0.8343938855662156, -0.9995]
Running module mass_function_like
Running module mass_function_like
Running module mass_function_like
Running module mass_function_like
Model N: 3031288.7762918375
Done mass_function_like status = 0 

Pipeline ran okay.
Likelihood mass_function_like_m_n = -9.022960126399994
Posterior = -2.913876805736477 for parameter set #785: [0.31067914676036135, 0.8071118481521116, -0.9995]
Running module mass_function_like
Model N: 3027710.407033347
Done mass_function_like status = 0 

Pipeline ran okay.
Likelihood mass_function_like_m_n = -13.466258272528648
Posterior = -6.896613802940987 for parameter set #785: [0.304683155532812, 0.8129156039896874, -0.9995]
Running module mass_function_like
Model N: 3032106.4531039065
Done mass_function_like status = 0 

Pipeline ran okay.
Likelihood mass_function_like_m_n = -8.601295731961727
Posterior = -2.083139791340326 for parameter set #785: [0.2943228835190953, 0.8244975557924046, -0.9995]
Running module mass_function_like
Model N: 3022771.720564522
Done mass_function_like status = 0 

Pipeline ran okay.
Likelihood mass_function_like_m_n = -26.559851966798306
Posterior = -22.23033758058052 for parameter set #785: [0.2783214861575226, 0.8420226639680122, -0.9995]
Running module mass_function_like
Model N: 3034003.385256563
Done mass_function_like status = 0 

Pipeline ran okay.
Likelihood mass_function_like_m_n = -8.472346901893616
Posterior = -3.9031803083875722 for parameter set #786: [0.3205433084229593, 0.7976532772299548, -0.9995]
Running module mass_function_like
Model N: 3034498.1983541604
Done mass_function_like status = 0 

Pipeline ran okay.
Likelihood mass_function_like_m_n = -8.633756965398788
Posterior = -1.9615963797505085 for parameter set #786: [0.30119529181892285, 0.8172790119924326, -0.9995]
Running module mass_function_like
Model N: 3032040.6729411706
Done mass_function_like status = 0 

Pipeline ran okay.
Likelihood mass_function_like_m_n = -8.627056911587715
Posterior = -2.225349350239771 for parameter set #786: [0.29254887073038915, 0.8264574861160375, -0.9995]
Running module mass_function_like
Model N: 3032055.5171589637
Done mass_function_like status = 0 

Pipeline ran okay.
Likelihood mass_function_like_m_n = -8.621118806302547
Posterior = -1.9911405054451077 for parameter set #786: [0.2968591116717476, 0.8217159601007459, -0.9995]
Running module mass_function_like
Model N: 3036460.303227631
Done mass_function_like status = 0 

Pipeline ran okay.
Likelihood mass_function_like_m_n = -10.067544884979725
Posterior = -3.6214156216055287 for parameter set #787: [0.30682898140187836, 0.811565903816469, -0.9995]
Running module mass_function_like
Model N: 3033060.440883432
Done mass_function_like status = 0 

Pipeline ran okay.
Likelihood mass_function_like_m_n = -8.388143755495548
Posterior = -2.8545594739149998 for parameter set #787: [0.315137502546521, 0.8028329706399282, -0.9995]
Running module mass_function_like
Model N: 3025892.656374539
Done mass_function_like status = 0 

Pipeline ran okay.
Likelihood mass_function_like_m_n = -17.345557376742363
Posterior = -13.46136740448614 for parameter set #787: [0.2763563360451305, 0.8447620773292498, -0.9995]
Running module mass_function_like
Model N: 3031622.5088483673
Done mass_function_like status = 0 

Pipeline ran okay.
Likelihood mass_function_like_m_n = -8.824208229780197
Posterior = -4.118230509963319 for parameter set #787: [0.2801338152707002, 0.8408030411908363, -0.9995]
Running module mass_function_like
Model N: 3034465.8056734004
Done mass_function_like status = 0 

Pipeline ran okay.
Likelihood mass_function_like_m_n = -8.620722934603691
Posterior = -1.94143264809866 for parameter set #788: [0.29994725190966814, 0.8186086106303984, -0.9995]
Model N: 3033764.09796589
Done mass_function_like status = 0 

Pipeline ran okay.
Likelihood mass_function_like_m_n = -8.42323038727045
Posterior = -1.8255122372273966 for parameter set #788: [0.3040394566037314, 0.8142000220792958, -0.9995]
Model N: 3033411.539149473
Done mass_function_like status = 0 

Pipeline ran okay.
Likelihood mass_function_like_m_n = -8.385248444974422
Posterior = -2.9092447290396315 for parameter set #788: [0.2844867767219355, 0.8358056983680638, -0.9995]
Model N: 3039040.6517046946
Done mass_function_like status = 0 

Pipeline ran okay.
Likelihood mass_function_like_m_n = -13.88087511062622
Posterior = -7.725826379506877 for parameter set #788: [0.31023968229185706, 0.8083265254922185, -0.9995]
Running module mass_function_like
Running module mass_function_like
Running module mass_function_like
Running module mass_function_like
Model N: 3040098.673992064
Done mass_function_like status = 0 

Pipeline ran okay.
Likelihood mass_function_like_m_n = -16.076802253723145
Posterior = -9.704222215402414 for parameter set #789: [0.3078322941720733, 0.810894807168047, -0.9995]
Running module mass_function_like
Model N: 3035908.1465002345
Done mass_function_like status = 0 

Pipeline ran okay.
Likelihood mass_function_like_m_n = -9.535932324826717
Posterior = -3.04343814745806 for parameter set #789: [0.2938875533386124, 0.8253744229799043, -0.9995]
Running module mass_function_like
Model N: 3032806.8655155534
Done mass_function_like status = 0 

Pipeline ran okay.
Likelihood mass_function_like_m_n = -8.41551247984171
Posterior = -2.204772098619596 for parameter set #789: [0.29031946471430337, 0.8290407995295215, -0.9995]
Running module mass_function_like
Model N: 2965435.7240187633
Done mass_function_like status = 0 

Pipeline ran okay.
Likelihood mass_function_like_m_n = -778.1826140359044
Posterior = -783.0074072122043 for parameter set #789: [0.252033141911086, 0.8698971055913134, -0.9995]
Running module mass_function_like
Model N: 3029663.3864399
Done mass_function_like status = 0 

Pipeline ran okay.
Likelihood mass_function_like_m_n = -10.516684725880623
Posterior = -4.283733833569725 for parameter set #790: [0.30944831525722233, 0.8081990126338683, -0.9995]
Running module mass_function_like
Model N: 3036659.530740441
Done mass_function_like status = 0 

Pipeline ran okay.
Likelihood mass_function_like_m_n = -10.283985465765
Posterior = -3.605753875781657 for parameter set #790: [0.2995368351639302, 0.8192940622515366, -0.9995]
Running module mass_function_like
Model N: 3031947.578924464
Done mass_function_like status = 0 

Pipeline ran okay.
Likelihood mass_function_like_m_n = -8.665954887866974
Posterior = -2.21944470034782 for parameter set #790: [0.2931765989302834, 0.8257494097684923, -0.9995]
Running module mass_function_like
Model N: 3033810.5463578957
Done mass_function_like status = 0 

Pipeline ran okay.
Likelihood mass_function_like_m_n = -8.431288577616215
Posterior = -2.202268943322096 for parameter set #790: [0.2905101679254469, 0.8289312619892044, -0.9995]
Running module mass_function_like
Model N: 3032621.413792577
Done mass_function_like status = 0 

Pipeline ran okay.
Likelihood mass_function_like_m_n = -8.448953278362751
Posterior = -2.239364906185859 for parameter set #791: [0.30969242824201765, 0.808244853539959, -0.9995]
Running module mass_function_like
Model N: 3032542.832886062
Done mass_function_like status = 0 

Pipeline ran okay.
Likelihood mass_function_like_m_n = -8.466544479131699
Posterior = -1.7900090423082489 for parameter set #791: [0.29925585465307497, 0.8191741774443033, -0.9995]
Running module mass_function_like
Model N: 3020497.761013214
Done mass_function_like status = 0 

Pipeline ran okay.
Likelihood mass_function_like_m_n = -35.30941006541252
Posterior = -36.71356191251596 for parameter set #791: [0.34020809879965386, 0.7783201210095143, -0.9995]
Running module mass_function_like
Model N: 3032353.786941449
Done mass_function_like status = 0 

Pipeline ran okay.
Likelihood mass_function_like_m_n = -8.517208464443684
Posterior = -2.395577526977746 for parameter set #791: [0.31056099674125753, 0.8073368569249321, -0.9995]
Running module mass_function_like
Model N: 3034511.905375954
Done mass_function_like status = 0 

Pipeline ran okay.
Likelihood mass_function_like_m_n = -8.639376416802406
Posterior = -2.7619294575338227 for parameter set #792: [0.31266378489269, 0.805434380415428, -0.9995]
Model N: 3035051.774886379
Done mass_function_like status = 0 

Pipeline ran okay.
Likelihood mass_function_like_m_n = -8.90992333739996
Posterior = -2.3230150661241833 for parameter set #792: [0.30429874230524284, 0.8140583133298605, -0.9995]
Model N: 3032684.573848606
Done mass_function_like status = 0 

Pipeline ran okay.
Likelihood mass_function_like_m_n = -8.43629053235054
Posterior = -1.76326583753087 for parameter set #792: [0.3011206697542567, 0.8171736689427117, -0.9995]
Model N: 3032067.3581087957
Done mass_function_like status = 0 

Pipeline ran okay.
Likelihood mass_function_like_m_n = -8.61643422394991
Posterior = -2.2217609949742485 for parameter set #792: [0.2924550550786034, 0.8265649447289428, -0.9995]
Running module mass_function_like
Running module mass_function_like
Running module mass_function_like
Running module mass_function_like
Model N: 2989172.3821560605
Done mass_function_like status = 0 

Pipeline ran okay.
Likelihood mass_function_like_m_n = -331.9358537942171
Posterior = -337.42778123743597 for parameter set #793: [0.3493380819277139, 0.7676649885625623, -0.9995]
Running module mass_function_like
Model N: 3034415.5648302054
Done mass_function_like status = 0 

Pipeline ran okay.
Likelihood mass_function_like_m_n = -8.60119104385376
Posterior = -1.9234060101499306 for parameter set #793: [0.3005512104147004, 0.8179572043084403, -0.9995]
Running module mass_function_like
Model N: 3032747.4883347405
Done mass_function_like status = 0 

Pipeline ran okay.
Likelihood mass_function_like_m_n = -8.424985006451607
Posterior = -1.8093849681588026 for parameter set #793: [0.296430569792883, 0.8222541081291888, -0.9995]
Running module mass_function_like
Model N: 3032693.361845461
Done mass_function_like status = 0 

Pipeline ran okay.
Likelihood mass_function_like_m_n = -8.434632919728756
Posterior = -2.344077686266262 for parameter set #793: [0.2891487423323588, 0.8303520864413717, -0.9995]
Running module mass_function_like
Model N: 3030793.2017646227
Done mass_function_like status = 0 

Pipeline ran okay.
Likelihood mass_function_like_m_n = -9.38593252748251
Posterior = -3.006515039740991 for parameter set #794: [0.30774450399404224, 0.8100544018765843, -0.9995]
Running module mass_function_like
Model N: 3034758.0849756175
Done mass_function_like status = 0 

Pipeline ran okay.
Likelihood mass_function_like_m_n = -8.750839300453663
Posterior = -2.376664960504959 for parameter set #794: [0.30781191216491194, 0.8103814532930214, -0.9995]
Running module mass_function_like
Model N: 3035160.2763534402
Done mass_function_like status = 0 

Pipeline ran okay.
Likelihood mass_function_like_m_n = -8.975880824029446
Posterior = -2.3031081975881627 for parameter set #794: [0.3011429411068744, 0.8174023118853585, -0.9995]
Running module mass_function_like
Model N: 3015081.7778283465
Done mass_function_like status = 0 

Pipeline ran okay.
Likelihood mass_function_like_m_n = -63.07686257362366
Posterior = -58.26067063711674 for parameter set #794: [0.2806965688966791, 0.8383321646874782, -0.9995]
Running module mass_function_like
Model N: 3034972.7454937384
Done mass_function_like status = 0 

Pipeline ran okay.
Likelihood mass_function_like_m_n = -8.864321872591972
Posterior = -2.254124420790644 for parameter set #795: [0.3037177075331142, 0.8146596831229455, -0.9995]
Running module mass_function_like
Model N: 3027100.600095073
Done mass_function_like status = 0 

Pipeline ran okay.
Likelihood mass_function_like_m_n = -14.645726501941681
Posterior = -7.977650190435867 for parameter set #795: [0.29850147493818846, 0.8194280775830712, -0.9995]
Running module mass_function_like
Model N: 3031569.593554364
Done mass_function_like status = 0 

Pipeline ran okay.
Likelihood mass_function_like_m_n = -8.85326924175024
Posterior = -2.3223506148578643 for parameter set #795: [0.2945523294626451, 0.824189113146407, -0.9995]
Running module mass_function_like
Model N: 3039015.888415747
Done mass_function_like status = 0 

Pipeline ran okay.
Likelihood mass_function_like_m_n = -13.833880953490734
Posterior = -7.918013885519684 for parameter set #795: [0.2876433246353305, 0.832743589551027, -0.9995]
Running module mass_function_like
Model N: 3033347.398288717
Done mass_function_like status = 0 

Pipeline ran okay.
Likelihood mass_function_like_m_n = -8.382743433117867
Posterior = -1.763372449169637 for parameter set #796: [0.3034621731430409, 0.8147638523865979, -0.9995]
Model N: 2986653.227452404
Done mass_function_like status = 0 

Pipeline ran okay.
Likelihood mass_function_like_m_n = -370.16975797712803
Posterior = -372.1561247145169 for parameter set #796: [0.2583690717478, 0.8636030898123376, -0.9995]
Model N: 3033696.535454618
Done mass_function_like status = 0 

Pipeline ran okay.
Likelihood mass_function_like_m_n = -8.41277850419283
Posterior = -1.7709734972815188 for parameter set #796: [0.3027385832614288, 0.8155616953007244, -0.9995]
Model N: 3030961.522455416
Done mass_function_like status = 0 

Pipeline ran okay.
Likelihood mass_function_like_m_n = -9.253556437790394
Posterior = -2.9883664196814355 for parameter set #796: [0.29089929475039167, 0.8281926907581163, -0.9995]
Running module mass_function_like
Running module mass_function_like
Running module mass_function_like
Running module mass_function_like
Model N: 3032813.878440427
Done mass_function_like status = 0 

Pipeline ran okay.
Likelihood mass_function_like_m_n = -8.414470471441746
Posterior = -1.9877675619615776 for parameter set #797: [0.30710776039030624, 0.8109122924076939, -0.9995]
Running module mass_function_like
Model N: 3037802.9417242263
Done mass_function_like status = 0 

Pipeline ran okay.
Likelihood mass_function_like_m_n = -11.77862660586834
Posterior = -5.156349342002802 for parameter set #797: [0.3033771862384139, 0.8153044843105569, -0.9995]
Running module mass_function_like
Model N: 3033979.5569996373
Done mass_function_like status = 0 

Pipeline ran okay.
Likelihood mass_function_like_m_n = -8.466609947383404
Posterior = -2.4717092724634515 for parameter set #797: [0.28830039724272444, 0.8314554512758192, -0.9995]
Running module mass_function_like
Model N: 3024662.5296499566
Done mass_function_like status = 0 

Pipeline ran okay.
Likelihood mass_function_like_m_n = -20.59175657480955
Posterior = -16.467158189263316 for parameter set #797: [0.2773959923342609, 0.8433547394649996, -0.9995]
Running module mass_function_like
Model N: 3027587.1244440502
Done mass_function_like status = 0 

Pipeline ran okay.
Likelihood mass_function_like_m_n = -13.69478241354227
Posterior = -8.15109286210472 for parameter set #798: [0.31507059817573707, 0.8023628209786545, -0.9995]
Running module mass_function_like
Model N: 3028947.717679701
Done mass_function_like status = 0 

Pipeline ran okay.
Likelihood mass_function_like_m_n = -11.451156534254551
Posterior = -5.104554639343929 for parameter set #798: [0.29184276635862894, 0.8269222021897904, -0.9995]
Running module mass_function_like
Model N: 3034006.914582266
Done mass_function_like status = 0 

Pipeline ran okay.
Likelihood mass_function_like_m_n = -8.473212532699108
Posterior = -2.5697500404102467 for parameter set #798: [0.28754334149122374, 0.8323256636184272, -0.9995]
Running module mass_function_like
Model N: 3034989.254026443
Done mass_function_like status = 0 

Pipeline ran okay.
Likelihood mass_function_like_m_n = -8.873677670955658
Posterior = -2.2942287460288497 for parameter set #798: [0.30446889859771714, 0.8138737610265848, -0.9995]
Running module mass_function_like
Model N: 3023284.686582754
Done mass_function_like status = 0 

Pipeline ran okay.
Likelihood mass_function_like_m_n = -24.823486894369125
Posterior = -27.203727561631368 for parameter set #799: [0.34256652409011673, 0.7765201620295484, -0.9995]
Running module mass_function_like
Model N: 3032441.2016904973
Done mass_function_like status = 0 

Pipeline ran okay.
Likelihood mass_function_like_m_n = -8.492316231131554
Posterior = -2.702111760515148 for parameter set #799: [0.3133349145306132, 0.8045601605317425, -0.9995]
Running module mass_function_like
Model N: 3032747.8284903984
Done mass_function_like status = 0 

Pipeline ran okay.
Likelihood mass_function_like_m_n = -8.424927428364754
Posterior = -1.867712668262529 for parameter set #799: [0.2950585540940333, 0.8237547905845781, -0.9995]
Running module mass_function_like
Model N: 3033566.856157093
Done mass_function_like status = 0 

Pipeline ran okay.
Likelihood mass_function_like_m_n = -8.396932311356068
Posterior = -2.2967466773401117 for parameter set #799: [0.2892378574224809, 0.8303473332028969, -0.9995]
Running module mass_function_like
Model N: 3018574.0103391064
Done mass_function_like status = 0 

Pipeline ran okay.
Likelihood mass_function_like_m_n = -44.05376558750868
Posterior = -42.88940348855114 for parameter set #800: [0.33321126947092705, 0.7843656286222845, -0.9995]
Model N: 3032627.145254262
Done mass_function_like status = 0 

Pipeline ran okay.
Likelihood mass_function_like_m_n = -8.44774992018938
Posterior = -1.8037710924605612 for parameter set #800: [0.3026580207140419, 0.8155379866796348, -0.9995]
Model N: 3015929.7187666646
Done mass_function_like status = 0 

Pipeline ran okay.
Likelihood mass_function_like_m_n = -58.08419368416071
Posterior = -55.12216301992969 for parameter set #800: [0.32726636585274677, 0.7895575216779838, -0.9995]
Model N: 3033688.4441699516
Done mass_function_like status = 0 

Pipeline ran okay.
Likelihood mass_function_like_m_n = -8.411627665162086
Posterior = -2.248010133962252 for parameter set #800: [0.3101556552433643, 0.8078801617536134, -0.9995]
Running module mass_function_like
Running module mass_function_like
Running module mass_function_like
Running module mass_function_like
Model N: 3021248.9804502637
Done mass_function_like status = 0 

Pipeline ran okay.
Likelihood mass_function_like_m_n = -32.22889708727598
Posterior = -31.156241982213004 for parameter set #801: [0.3334862631335514, 0.7843673636503018, -0.9995]
Running module mass_function_like
Model N: 3031347.387324227
Done mass_function_like status = 0 

Pipeline ran okay.
Likelihood mass_function_like_m_n = -8.985393486917019
Posterior = -2.9066131008574025 for parameter set #801: [0.3109592318366807, 0.8068345987462755, -0.9995]
Running module mass_function_like
Model N: 3032941.246808319
Done mass_function_like status = 0 

Pipeline ran okay.
Likelihood mass_function_like_m_n = -8.398367665708065
Posterior = -1.766668126222509 for parameter set #801: [0.29691439928621205, 0.8217474053318091, -0.9995]
Running module mass_function_like
Model N: 3034216.151252504
Done mass_function_like status = 0 

Pipeline ran okay.
Likelihood mass_function_like_m_n = -8.531866416335106
Posterior = -2.817192314478545 for parameter set #801: [0.28611021888974747, 0.8340009965435271, -0.9995]
Running module mass_function_like
Model N: 3034378.6488704546
Done mass_function_like status = 0 

Pipeline ran okay.
Likelihood mass_function_like_m_n = -8.587369352579117
Posterior = -2.060047723730305 for parameter set #802: [0.30551330335572763, 0.8127220987610778, -0.9995]
Running module mass_function_like
Model N: 3031624.434235685
Done mass_function_like status = 0 

Pipeline ran okay.
Likelihood mass_function_like_m_n = -8.823168225586414
Posterior = -2.177518231860601 for parameter set #802: [0.2974056135760305, 0.8210780401203838, -0.9995]
Running module mass_function_like
Model N: 3036826.4887166084
Done mass_function_like status = 0 

Pipeline ran okay.
Likelihood mass_function_like_m_n = -10.475423850119114
Posterior = -3.8038259541485626 for parameter set #802: [0.29875852488227517, 0.820149419492919, -0.9995]
Running module mass_function_like
Model N: 3033208.479090344
Done mass_function_like status = 0 

Pipeline ran okay.
Likelihood mass_function_like_m_n = -8.381967693567276
Posterior = -1.7153695410415661 for parameter set #802: [0.29840588295382736, 0.8201584220891144, -0.9995]
Running module mass_function_like
Model N: 3028068.6676533045
Done mass_function_like status = 0 

Pipeline ran okay.
Likelihood mass_function_like_m_n = -12.830705098807812
Posterior = -6.19511612740874 for parameter set #803: [0.2970431358870882, 0.8211046004013844, -0.9995]
Running module mass_function_like
Model N: 3031713.688550582
Done mass_function_like status = 0 

Pipeline ran okay.
Likelihood mass_function_like_m_n = -8.776300512254238
Posterior = -2.7114568363032117 for parameter set #803: [0.3110856711331265, 0.8067434864808082, -0.9995]
Running module mass_function_like
Model N: 3028928.0719235237
Done mass_function_like status = 0 

Pipeline ran okay.
Likelihood mass_function_like_m_n = -11.479196287691593
Posterior = -5.349631505493894 for parameter set #803: [0.31048560361746047, 0.8070734355130714, -0.9995]
Running module mass_function_like
Model N: 3036630.0565348566
Done mass_function_like status = 0 

Pipeline ran okay.
Likelihood mass_function_like_m_n = -10.251141779124737
Posterior = -6.293996818674677 for parameter set #803: [0.3233330633987916, 0.7952275070383544, -0.9995]
Running module mass_function_like
Model N: 3034570.3714633663
Done mass_function_like status = 0 

Pipeline ran okay.
Likelihood mass_function_like_m_n = -8.66404066234827
Posterior = -1.9865815854558733 for parameter set #804: [0.3006074736896034, 0.8179128163874376, -0.9995]
Model N: 3015827.4515308887
Done mass_function_like status = 0 

Pipeline ran okay.
Likelihood mass_function_like_m_n = -58.6736244186759
Posterior = -58.1708912370503 for parameter set #804: [0.33514703690692743, 0.7823697714589262, -0.9995]
Model N: 3034298.483156978
Done mass_function_like status = 0 

Pipeline ran okay.
Likelihood mass_function_like_m_n = -8.558900609612465
Posterior = -2.5878940874958687 for parameter set #804: [0.3119020811305721, 0.8061771493736094, -0.9995]
Model N: 3034329.7607651474
Done mass_function_like status = 0 

Pipeline ran okay.
Likelihood mass_function_like_m_n = -8.569756157696247
Posterior = -2.0101714430657225 for parameter set #804: [0.29510674988009655, 0.8238660948497786, -0.9995]
Running module mass_function_like
Running module mass_function_like
Running module mass_function_like
Running module mass_function_like
Model N: 3039730.4114322634
Done mass_function_like status = 0 

Pipeline ran okay.
Likelihood mass_function_like_m_n = -15.270776525139809
Posterior = -9.271117346302956 for parameter set #805: [0.31165885945942695, 0.8069592306075979, -0.9995]
Running module mass_function_like
Model N: 3035332.9694253965
Done mass_function_like status = 0 

Pipeline ran okay.
Likelihood mass_function_like_m_n = -9.088854566216469
Posterior = -2.4810475178115343 for parameter set #805: [0.30378145871074286, 0.8146292523764976, -0.9995]
Running module mass_function_like
Model N: 3034379.3789770068
Done mass_function_like status = 0 

Pipeline ran okay.
Likelihood mass_function_like_m_n = -8.58763836324215
Posterior = -1.9095987717834415 for parameter set #805: [0.3005029128853969, 0.8180051216566605, -0.9995]
Running module mass_function_like
Model N: 3031319.8875866905
Done mass_function_like status = 0 

Pipeline ran okay.
Likelihood mass_function_like_m_n = -9.002878181636333
Posterior = -3.5132089307281973 for parameter set #805: [0.2845751178454935, 0.8354778289457174, -0.9995]
Running module mass_function_like
Model N: 3037098.4424490663
Done mass_function_like status = 0 

Pipeline ran okay.
Likelihood mass_function_like_m_n = -10.80688227713108
Posterior = -4.446839615736598 for parameter set #806: [0.3079907638798267, 0.8104314186515499, -0.9995]
Running module mass_function_like
Model N: 3025388.076968949
Done mass_function_like status = 0 

Pipeline ran okay.
Likelihood mass_function_like_m_n = -18.6164348423481
Posterior = -12.20536845612038 for parameter set #806: [0.2926755503676729, 0.8256208577165953, -0.9995]
Running module mass_function_like
Model N: 3033835.3154484765
Done mass_function_like status = 0 

Pipeline ran okay.
Likelihood mass_function_like_m_n = -8.435876354575157
Posterior = -2.4381283682151835 for parameter set #806: [0.2883247594290291, 0.8314121791767469, -0.9995]
Running module mass_function_like
Model N: 3032807.674045589
Done mass_function_like status = 0 

Pipeline ran okay.
Likelihood mass_function_like_m_n = -8.415391519665718
Posterior = -2.2901829030278655 for parameter set #806: [0.28947293410610203, 0.830000153151627, -0.9995]
Running module mass_function_like
Model N: 3029643.4213138693
Done mass_function_like status = 0 

Pipeline ran okay.
Likelihood mass_function_like_m_n = -10.54045844078064
Posterior = -4.058845475862164 for parameter set #807: [0.2937120554488494, 0.8249158138325291, -0.9995]
Running module mass_function_like
Model N: 3032144.2436370943
Done mass_function_like status = 0 

Pipeline ran okay.
Likelihood mass_function_like_m_n = -8.587141670286655
Posterior = -3.1154419145622114 for parameter set #807: [0.2844590576695893, 0.8357365857246081, -0.9995]
Running module mass_function_like
Model N: 3034052.2724792827
Done mass_function_like status = 0 

Pipeline ran okay.
Likelihood mass_function_like_m_n = -8.484702795743942
Posterior = -2.010128675431959 for parameter set #807: [0.2936010926245457, 0.8254982394159781, -0.9995]
Running module mass_function_like
Model N: 3031297.124890966
Done mass_function_like status = 0 

Pipeline ran okay.
Likelihood mass_function_like_m_n = -9.017539851367474
Posterior = -2.596534583654691 for parameter set #807: [0.29281252574825595, 0.8260861048904183, -0.9995]
Running module mass_function_like
Model N: 3032527.5773156392
Done mass_function_like status = 0 

Pipeline ran okay.
Likelihood mass_function_like_m_n = -8.470195680856705
Posterior = -1.9133228812019016 for parameter set #808: [0.30494836131775754, 0.8131244668271055, -0.9995]
Model N: 3034152.0552533357
Done mass_function_like status = 0 

Pipeline ran okay.
Likelihood mass_function_like_m_n = -8.512366212904453
Posterior = -2.3263036405291686 for parameter set #808: [0.3099321863246207, 0.8081532878334714, -0.9995]
Model N: 3029515.015480533
Done mass_function_like status = 0 

Pipeline ran okay.
Likelihood mass_function_like_m_n = -10.696507275104523
Posterior = -6.1921099630082885 for parameter set #808: [0.27914379283659674, 0.8417651173814792, -0.9995]
Model N: 3027321.6802082583
Done mass_function_like status = 0 

Pipeline ran okay.
Likelihood mass_function_like_m_n = -14.203899376094341
Posterior = -9.869166215068585 for parameter set #808: [0.3216544269713352, 0.795933246825745, -0.9995]
Done 100 iterations of emcee. Acceptance fraction 0.489
Running module mass_function_like
Running module mass_function_like
Running module mass_function_like
Running module mass_function_like
Model N: 3035192.097862317
Done mass_function_like status = 0 

Pipeline ran okay.
Likelihood mass_function_like_m_n = -8.995960101485252
Posterior = -4.043514374884426 for parameter set #809: [0.3185841786028297, 0.7996643195354851, -0.9995]
Running module mass_function_like
Model N: 3031896.5098579214
Done mass_function_like status = 0 

Pipeline ran okay.
Likelihood mass_function_like_m_n = -8.688507974147797
Posterior = -2.065160972884012 for parameter set #809: [0.2966546391212183, 0.8219218559390474, -0.9995]
Running module mass_function_like
Model N: 3034384.28414664
Done mass_function_like status = 0 

Pipeline ran okay.
Likelihood mass_function_like_m_n = -8.589450217783451
Posterior = -1.9112944365094613 for parameter set #809: [0.3004792529679009, 0.8180311061991705, -0.9995]
Running module mass_function_like
Model N: 3033088.4693613104
Done mass_function_like status = 0 

Pipeline ran okay.
Likelihood mass_function_like_m_n = -8.386419907212257
Posterior = -2.219689067401193 for parameter set #809: [0.2898750470766612, 0.8295735666404215, -0.9995]
Running module mass_function_like
Model N: 3030920.6695468007
Done mass_function_like status = 0 

Pipeline ran okay.
Likelihood mass_function_like_m_n = -9.284825541079044
Posterior = -2.974719444608473 for parameter set #810: [0.3085929983339883, 0.809197086167865, -0.9995]
Running module mass_function_like
Model N: 3035622.730126552
Done mass_function_like status = 0 

Pipeline ran okay.
Likelihood mass_function_like_m_n = -9.300470434129238
Posterior = -2.7017011810384925 for parameter set #810: [0.3040133513481741, 0.8144151393866002, -0.9995]
Running module mass_function_like
Model N: 3032454.6544885477
Done mass_function_like status = 0 

Pipeline ran okay.
Likelihood mass_function_like_m_n = -8.488709218800068
Posterior = -1.9042588460277674 for parameter set #810: [0.2956444558195812, 0.82308226228503, -0.9995]
Running module mass_function_like
Model N: 3023915.739524496
Done mass_function_like status = 0 

Pipeline ran okay.
Likelihood mass_function_like_m_n = -22.807190254330635
Posterior = -16.984027250580304 for parameter set #810: [0.28691457914654733, 0.8319748130244753, -0.9995]
Running module mass_function_like
Model N: 3018227.9823283292
Done mass_function_like status = 0 

Pipeline ran okay.
Likelihood mass_function_like_m_n = -45.7573095113039
Posterior = -40.797520148353854 for parameter set #811: [0.31854462097407304, 0.798057019501449, -0.9995]
Running module mass_function_like
Model N: 3031655.477561395
Done mass_function_like status = 0 

Pipeline ran okay.
Likelihood mass_function_like_m_n = -8.806569091975689
Posterior = -2.597240344241005 for parameter set #811: [0.29030489349645383, 0.8289359969140635, -0.9995]
Running module mass_function_like
Model N: 3032217.3985540937
Done mass_function_like status = 0 

Pipeline ran okay.
Likelihood mass_function_like_m_n = -8.56108108907938
Posterior = -3.085467599846874 for parameter set #811: [0.28448426148017636, 0.835680393694978, -0.9995]
Running module mass_function_like
Model N: 3029269.0065014814
Done mass_function_like status = 0 

Pipeline ran okay.
Likelihood mass_function_like_m_n = -11.010697856545448
Posterior = -6.3543554775656705 for parameter set #811: [0.32011448144661164, 0.7976090363128965, -0.9995]
Running module mass_function_like
Model N: 3033416.509506054
Done mass_function_like status = 0 

Pipeline ran okay.
Likelihood mass_function_like_m_n = -8.385499186813831
Posterior = -1.770802987528942 for parameter set #812: [0.30359466268307084, 0.8146318175063109, -0.9995]
Model N: 3040860.180346807
Done mass_function_like status = 0 

Pipeline ran okay.
Likelihood mass_function_like_m_n = -17.884696766734123
Posterior = -11.270362549946231 for parameter set #812: [0.2963952813834556, 0.8231313318446634, -0.9995]
Model N: 3033330.928638556
Done mass_function_like status = 0 

Pipeline ran okay.
Likelihood mass_function_like_m_n = -8.382319033145905
Posterior = -1.9907613965777244 for parameter set #812: [0.3075861263071744, 0.81047098054758, -0.9995]
Model N: 3030232.5385212842
Done mass_function_like status = 0 

Pipeline ran okay.
Likelihood mass_function_like_m_n = -9.894354805350304
Posterior = -4.4993760278806345 for parameter set #812: [0.31602701108030146, 0.8016800875547503, -0.9995]
Running module mass_function_like
Running module mass_function_like
Running module mass_function_like
Running module mass_function_like
Model N: 3032829.033308995
Done mass_function_like status = 0 

Pipeline ran okay.
Likelihood mass_function_like_m_n = -8.412274092435837
Posterior = -1.7814334266214455 for parameter set #813: [0.2968866888206988, 0.8217660152196484, -0.9995]
Running module mass_function_like
Model N: 3036338.020806925
Done mass_function_like status = 0 

Pipeline ran okay.
Likelihood mass_function_like_m_n = -9.941164262592793
Posterior = -3.2621846039476683 for parameter set #813: [0.30025477035348536, 0.8184705132077104, -0.9995]
Running module mass_function_like
Model N: 3034228.3100405843
Done mass_function_like status = 0 

Pipeline ran okay.
Likelihood mass_function_like_m_n = -8.535718277096748
Posterior = -2.8192983734084045 for parameter set #813: [0.2861227935475337, 0.8339877789123575, -0.9995]
Running module mass_function_like
Model N: 3021296.7533064187
Done mass_function_like status = 0 

Pipeline ran okay.
Likelihood mass_function_like_m_n = -32.039338782429695
Posterior = -29.122080150308143 for parameter set #813: [0.2725699232002947, 0.8489503905510505, -0.9995]
Running module mass_function_like
Model N: 3034517.931522024
Done mass_function_like status = 0 

Pipeline ran okay.
Likelihood mass_function_like_m_n = -8.641866534948349
Posterior = -1.98097386237737 for parameter set #814: [0.30191893333595626, 0.8165121879012902, -0.9995]
Running module mass_function_like
Model N: 3039057.052292873
Done mass_function_like status = 0 

Pipeline ran okay.
Likelihood mass_function_like_m_n = -13.912109941244125
Posterior = -7.297622887973654 for parameter set #814: [0.29639952378039436, 0.8229402226004829, -0.9995]
Running module mass_function_like
Model N: 3020998.263608519
Done mass_function_like status = 0 

Pipeline ran okay.
Likelihood mass_function_like_m_n = -33.23615328967571
Posterior = -28.641611535365058 for parameter set #814: [0.3204194145067852, 0.796517003298788, -0.9995]
Running module mass_function_like
Model N: 3027460.063985049
Done mass_function_like status = 0 

Pipeline ran okay.
Likelihood mass_function_like_m_n = -13.935572430491447
Posterior = -7.378469026729295 for parameter set #814: [0.2950563010903161, 0.8232085445713789, -0.9995]
Running module mass_function_like
Model N: 3035054.7473519165
Done mass_function_like status = 0 

Pipeline ran okay.
Likelihood mass_function_like_m_n = -8.91167864203453
Posterior = -5.0296681741453515 for parameter set #815: [0.3236528802915037, 0.7947726423609363, -0.9995]
Running module mass_function_like
Model N: 3030625.0411823154
Done mass_function_like status = 0 

Pipeline ran okay.
Likelihood mass_function_like_m_n = -9.52752497792244
Posterior = -3.224250668559325 for parameter set #815: [0.30867213801720295, 0.8090865457633627, -0.9995]
Running module mass_function_like
Model N: 3036021.2315891576
Done mass_function_like status = 0 

Pipeline ran okay.
Likelihood mass_function_like_m_n = -9.636640638113022
Posterior = -2.9856632439860356 for parameter set #815: [0.30238020184787817, 0.8161763964314036, -0.9995]
Running module mass_function_like
Model N: 3033119.2229274544
Done mass_function_like status = 0 

Pipeline ran okay.
Likelihood mass_function_like_m_n = -8.384826466441154
Posterior = -1.7903990798531133 for parameter set #815: [0.2958798832122825, 0.822893334406249, -0.9995]
Running module mass_function_like
Model N: 3024013.0315359854
Done mass_function_like status = 0 

Pipeline ran okay.
Likelihood mass_function_like_m_n = -22.50808410346508
Posterior = -20.432140920061578 for parameter set #816: [0.3303425806908598, 0.7874836837061501, -0.9995]
Model N: 3035440.7249368145
Done mass_function_like status = 0 

Pipeline ran okay.
Likelihood mass_function_like_m_n = -9.16432162374258
Posterior = -2.5279155788434213 for parameter set #816: [0.29707089933901065, 0.8218350248340053, -0.9995]
Model N: 3032120.4569210107
Done mass_function_like status = 0 

Pipeline ran okay.
Likelihood mass_function_like_m_n = -8.595995791256428
Posterior = -2.4506843641411695 for parameter set #816: [0.3103343385970747, 0.8075434817614191, -0.9995]
Model N: 3032963.017874937
Done mass_function_like status = 0 

Pipeline ran okay.
Likelihood mass_function_like_m_n = -8.396150551736355
Posterior = -2.2094215581319894 for parameter set #816: [0.30992547434338363, 0.8080418638391744, -0.9995]
Running module mass_function_like
Running module mass_function_like
Running module mass_function_like
Running module mass_function_like
Model N: 3031518.0703696236
Done mass_function_like status = 0 

Pipeline ran okay.
Likelihood mass_function_like_m_n = -8.882453702390194
Posterior = -2.8894368845122163 for parameter set #817: [0.31171569358110923, 0.8060897618906998, -0.9995]
Running module mass_function_like
Model N: 3033414.0883133067
Done mass_function_like status = 0 

Pipeline ran okay.
Likelihood mass_function_like_m_n = -8.385376028716564
Posterior = -1.7076060351567541 for parameter set #817: [0.29944606773872795, 0.8190591591593498, -0.9995]
Running module mass_function_like
Model N: 3033859.9810104636
Done mass_function_like status = 0 

Pipeline ran okay.
Likelihood mass_function_like_m_n = -8.440645888447762
Posterior = -1.7747221201204884 for parameter set #817: [0.3016358746885337, 0.8167455640115948, -0.9995]
Running module mass_function_like
Model N: 3031460.129201194
Done mass_function_like status = 0 

Pipeline ran okay.
Likelihood mass_function_like_m_n = -8.916320219635963
Posterior = -3.427565763129076 for parameter set #817: [0.28456918834407396, 0.835499835709124, -0.9995]
Running module mass_function_like
Model N: 3037448.9670988973
Done mass_function_like status = 0 

Pipeline ran okay.
Likelihood mass_function_like_m_n = -11.269978761672974
Posterior = -6.057095493907191 for parameter set #818: [0.3171255419216118, 0.801307164496403, -0.9995]
Running module mass_function_like
Model N: 3007650.4333826886
Done mass_function_like status = 0 

Pipeline ran okay.
Likelihood mass_function_like_m_n = -117.11211951076984
Posterior = -113.22033831643401 for parameter set #818: [0.27638846466671696, 0.8427139329445361, -0.9995]
Running module mass_function_like
Model N: 3035349.5693854867
Done mass_function_like status = 0 

Pipeline ran okay.
Likelihood mass_function_like_m_n = -9.10023133456707
Posterior = -2.4323297172929603 for parameter set #818: [0.29848986218932905, 0.8202878063047023, -0.9995]
Running module mass_function_like
Model N: 3023938.064250002
Done mass_function_like status = 0 

Pipeline ran okay.
Likelihood mass_function_like_m_n = -22.738279469311237
Posterior = -17.611018369530335 for parameter set #818: [0.2823815829398365, 0.8372939990422869, -0.9995]
Running module mass_function_like
Model N: 3033511.0050054905
Done mass_function_like status = 0 

Pipeline ran okay.
Likelihood mass_function_like_m_n = -8.391815274953842
Posterior = -1.8293229378369151 for parameter set #819: [0.30483346379304266, 0.8133437067265067, -0.9995]
Running module mass_function_like
Model N: 3030661.5480889506
Done mass_function_like status = 0 

Pipeline ran okay.
Likelihood mass_function_like_m_n = -9.495992287993431
Posterior = -3.0760396877568397 for parameter set #819: [0.29279789477897455, 0.8260358339384507, -0.9995]
Running module mass_function_like
Model N: 3033890.6232564747
Done mass_function_like status = 0 

Pipeline ran okay.
Likelihood mass_function_like_m_n = -8.44685035198927
Posterior = -1.8350781528413496 for parameter set #819: [0.2963248945821302, 0.8224873079834959, -0.9995]
Running module mass_function_like
Model N: 3031830.84853122
Done mass_function_like status = 0 

Pipeline ran okay.
Likelihood mass_function_like_m_n = -8.718769878149033
Posterior = -2.4178034450715504 for parameter set #819: [0.2913012901504566, 0.8278319845699916, -0.9995]
Running module mass_function_like
Model N: 3030093.0445878757
Done mass_function_like status = 0 

Pipeline ran okay.
Likelihood mass_function_like_m_n = -10.036981254816055
Posterior = -5.0627050551281805 for parameter set #820: [0.3184663369330375, 0.7992838026328345, -0.9995]
Model N: 3034623.1705997293
Done mass_function_like status = 0 

Pipeline ran okay.
Likelihood mass_function_like_m_n = -8.68728182464838
Posterior = -2.0686338368339925 for parameter set #820: [0.29651700673282844, 0.8223537529863814, -0.9995]
Model N: 3035039.882577869
Done mass_function_like status = 0 

Pipeline ran okay.
Likelihood mass_function_like_m_n = -8.902929790318012
Posterior = -2.8369251219471376 for parameter set #820: [0.31107519327090344, 0.8070835491742375, -0.9995]
Model N: 3027304.4335860126
Done mass_function_like status = 0 

Pipeline ran okay.
Likelihood mass_function_like_m_n = -14.23778484761715
Posterior = -8.505556120000088 for parameter set #820: [0.31376281563266134, 0.8036292421617101, -0.9995]
Running module mass_function_like
Running module mass_function_like
Running module mass_function_like
Running module mass_function_like
Model N: 3029881.010529893
Done mass_function_like status = 0 

Pipeline ran okay.
Likelihood mass_function_like_m_n = -10.266089141368866
Posterior = -4.221256811926988 for parameter set #821: [0.31126474028878004, 0.8063815151757562, -0.9995]
Running module mass_function_like
Model N: 3035390.9291220536
Done mass_function_like status = 0 

Pipeline ran okay.
Likelihood mass_function_like_m_n = -9.128971815109253
Posterior = -2.4936349533529025 for parameter set #821: [0.29703462189413055, 0.8218692768681207, -0.9995]
Running module mass_function_like
Model N: 3021739.056082305
Done mass_function_like status = 0 

Pipeline ran okay.
Likelihood mass_function_like_m_n = -30.3203332349658
Posterior = -26.943218404105046 for parameter set #821: [0.27430101415444785, 0.8468397755161466, -0.9995]
Running module mass_function_like
Model N: 3033100.019472484
Done mass_function_like status = 0 

Pipeline ran okay.
Likelihood mass_function_like_m_n = -8.385784901678562
Posterior = -3.21209487299957 for parameter set #821: [0.28264710877328386, 0.8379697348261808, -0.9995]
Running module mass_function_like
Model N: 3032080.0002373043
Done mass_function_like status = 0 

Pipeline ran okay.
Likelihood mass_function_like_m_n = -8.611483722925186
Posterior = -1.9342892239611906 for parameter set #822: [0.2993504310127163, 0.8190251843166525, -0.9995]
Running module mass_function_like
Model N: 3027903.0739153675
Done mass_function_like status = 0 

Pipeline ran okay.
Likelihood mass_function_like_m_n = -13.119190096855164
Posterior = -6.630322522382247 for parameter set #822: [0.3061714929123719, 0.8113878047477691, -0.9995]
Running module mass_function_like
Model N: 3035514.914783348
Done mass_function_like status = 0 

Pipeline ran okay.
Likelihood mass_function_like_m_n = -9.218502722680569
Posterior = -5.0459065995060985 for parameter set #822: [0.32239065910211545, 0.7960182065341737, -0.9995]
Running module mass_function_like
Model N: 3036282.135225693
Done mass_function_like status = 0 

Pipeline ran okay.
Likelihood mass_function_like_m_n = -9.885043680667877
Posterior = -3.2362583394250457 for parameter set #822: [0.30247058118941145, 0.816107285704388, -0.9995]
Running module mass_function_like
Model N: 3035832.5004739244
Done mass_function_like status = 0 

Pipeline ran okay.
Likelihood mass_function_like_m_n = -9.470914743840694
Posterior = -2.835267082403522 for parameter set #823: [0.30295487857188846, 0.8155499842924213, -0.9995]
Running module mass_function_like
Model N: 3034555.3204222783
Done mass_function_like status = 0 

Pipeline ran okay.
Likelihood mass_function_like_m_n = -8.657583676278591
Posterior = -1.9827267688309398 for parameter set #823: [0.3009431109014901, 0.8175533001464136, -0.9995]
Running module mass_function_like
Model N: 3031664.182883087
Done mass_function_like status = 0 

Pipeline ran okay.
Likelihood mass_function_like_m_n = -8.80197137594223
Posterior = -2.76771242047315 for parameter set #823: [0.31135821502562017, 0.8064638873635133, -0.9995]
Running module mass_function_like
Model N: 3031902.2400919874
Done mass_function_like status = 0 

Pipeline ran okay.
Likelihood mass_function_like_m_n = -8.685934528708458
Posterior = -3.440202985304774 for parameter set #823: [0.2830673531017356, 0.8373443752238253, -0.9995]
Running module mass_function_like
Model N: 3029919.8501409846
Done mass_function_like status = 0 

Pipeline ran okay.
Likelihood mass_function_like_m_n = -10.223010756075382
Posterior = -6.6540647986444235 for parameter set #824: [0.324941364200377, 0.7930632768265461, -0.9995]
Model N: 3035530.069032096
Done mass_function_like status = 0 

Pipeline ran okay.
Likelihood mass_function_like_m_n = -9.229792773723602
Posterior = -2.6259897849638882 for parameter set #824: [0.3038859029722958, 0.8145396138245136, -0.9995]
Model N: 3042123.742968883
Done mass_function_like status = 0 

Pipeline ran okay.
Likelihood mass_function_like_m_n = -21.304163426160812
Posterior = -14.650449991037117 for parameter set #824: [0.29773766655037304, 0.8217997680340164, -0.9995]
Model N: 3033874.829229711
Done mass_function_like status = 0 

Pipeline ran okay.
Likelihood mass_function_like_m_n = -8.443613722920418
Posterior = -1.7737300024823899 for parameter set #824: [0.3013726236098925, 0.8170266622344389, -0.9995]
Running module mass_function_like
Running module mass_function_like
Running module mass_function_like
Running module mass_function_like
Model N: 3031158.6057744497
Done mass_function_like status = 0 

Pipeline ran okay.
Likelihood mass_function_like_m_n = -9.110448755323887
Posterior = -6.890093526996617 for parameter set #825: [0.3298628497300004, 0.7885968794990084, -0.9995]
Running module mass_function_like
Model N: 3036903.8987727556
Done mass_function_like status = 0 

Pipeline ran okay.
Likelihood mass_function_like_m_n = -10.567295171320438
Posterior = -3.9590273493444332 for parameter set #825: [0.29623074605965066, 0.8229019347644179, -0.9995]
Running module mass_function_like
Model N: 3032040.881436364
Done mass_function_like status = 0 

Pipeline ran okay.
Likelihood mass_function_like_m_n = -8.626973010599613
Posterior = -2.0219665658307004 for parameter set #825: [0.29614519122286753, 0.8224921676886466, -0.9995]
Running module mass_function_like
Model N: 3032795.9750908394
Done mass_function_like status = 0 

Pipeline ran okay.
Likelihood mass_function_like_m_n = -8.417162775993347
Posterior = -2.2391111409700244 for parameter set #825: [0.2899874822018947, 0.8294151847741832, -0.9995]
Running module mass_function_like
Model N: 3033287.5884798267
Done mass_function_like status = 0 

Pipeline ran okay.
Likelihood mass_function_like_m_n = -8.381629511713982
Posterior = -1.7131028336003027 for parameter set #826: [0.29853183650797865, 0.8200305169733522, -0.9995]
Running module mass_function_like
Model N: 3034616.0317487884
Done mass_function_like status = 0 

Pipeline ran okay.
Likelihood mass_function_like_m_n = -8.684085756540298
Posterior = -2.0047815784786707 for parameter set #826: [0.29999798760979873, 0.8185696255998768, -0.9995]
Running module mass_function_like
Model N: 3032715.280357413
Done mass_function_like status = 0 

Pipeline ran okay.
Likelihood mass_function_like_m_n = -8.430609591305256
Posterior = -1.9035734045077959 for parameter set #826: [0.29448152174032116, 0.8243861422453586, -0.9995]
Running module mass_function_like
Model N: 3028109.5297142295
Done mass_function_like status = 0 

Pipeline ran okay.
Likelihood mass_function_like_m_n = -12.760913699865341
Posterior = -6.693477992667118 for parameter set #826: [0.2889377353935826, 0.8301073971499329, -0.9995]
Running module mass_function_like
Model N: 3035780.7738095606
Done mass_function_like status = 0 

Pipeline ran okay.
Likelihood mass_function_like_m_n = -9.427540004253387
Posterior = -2.7908558446521834 for parameter set #827: [0.3029195903380096, 0.8155819704732684, -0.9995]
Running module mass_function_like
Model N: 3032672.231732881
Done mass_function_like status = 0 

Pipeline ran okay.
Likelihood mass_function_like_m_n = -8.4386615306139
Posterior = -1.8051146603672326 for parameter set #827: [0.29697486105894183, 0.8216537985565211, -0.9995]
Running module mass_function_like
Model N: 3031609.087199906
Done mass_function_like status = 0 

Pipeline ran okay.
Likelihood mass_function_like_m_n = -8.831491902470589
Posterior = -2.816340153355764 for parameter set #827: [0.31152521105399267, 0.806290359172735, -0.9995]
Running module mass_function_like
Model N: 3024022.146793491
Done mass_function_like status = 0 

Pipeline ran okay.
Likelihood mass_function_like_m_n = -22.480221807956696
Posterior = -20.955839531202376 for parameter set #827: [0.33210894554966225, 0.7858733397680813, -0.9995]
Running module mass_function_like
Model N: 3018809.1276706695
Done mass_function_like status = 0 

Pipeline ran okay.
Likelihood mass_function_like_m_n = -42.91899377852678
Posterior = -41.95010693021765 for parameter set #828: [0.33379472547602973, 0.7838615410109856, -0.9995]
Model N: 3033202.9156608186
Done mass_function_like status = 0 

Pipeline ran okay.
Likelihood mass_function_like_m_n = -8.382069125771523
Posterior = -1.7942510916302616 for parameter set #828: [0.3042775264854572, 0.8138938720083752, -0.9995]
Model N: 3033794.1071558604
Done mass_function_like status = 0 

Pipeline ran okay.
Likelihood mass_function_like_m_n = -8.428355298936367
Posterior = -2.560350571606266 for parameter set #828: [0.31273812757810265, 0.805289127341547, -0.9995]
Model N: 3028183.662070202
Done mass_function_like status = 0 

Pipeline ran okay.
Likelihood mass_function_like_m_n = -12.635707467794418
Posterior = -8.140567253482335 for parameter set #828: [0.2790994546291341, 0.8416732518858276, -0.9995]
Running module mass_function_like
Running module mass_function_like
Running module mass_function_like
Running module mass_function_like
