Setting up pipeline from parameter file mf_xt/fit_mass_function_hmf_m_n_w.ini
-----------------------------------------------------------------------------

Setting up module mass_function_like
-------------------------------------
Observed N: 1889465.1356126366, sigma_obs: 1374.578166425117
Setup all pipeline modules


Parameter Priors
----------------
cosmological_parameters--omega_m       ~ N(0.3, 0.01 ** 2)   [0.1 < x < 0.5]
cosmological_parameters--sigma8_input  ~ U(0.6, 1.0)
cosmological_parameters--w             ~ N(-1.0, 0.1 ** 2)   [-1.0 < x < -0.5]
cosmological_parameters--h0            ~ delta(0.7)
cosmological_parameters--omega_b       ~ delta(0.04)
cosmological_parameters--omega_k       ~ delta(0.0)
cosmological_parameters--yhe           ~ delta(0.245341)
cosmological_parameters--tau           ~ delta(0.08)
cosmological_parameters--n_s           ~ delta(0.96)
cosmological_parameters--a_s           ~ delta(2.1e-09)
cosmological_parameters--k_s           ~ delta(0.05)
cosmological_parameters--n_run         ~ delta(0.0)
cosmological_parameters--wa            ~ delta(0.0)

****************************************************
* Running sampler 1/1: emcee
* Using MPI with 4 processes.
* Saving output -> mf_xt/output/mf_w_lowz1.txt
****************************************************
Generating starting positions in small ball around starting point
Begun sampling
Running module mass_function_like
Running module mass_function_like
Running module mass_function_like
Running module mass_function_like
Model N: 1760861.8324871873
Done mass_function_like status = 0 

Pipeline ran okay.
Likelihood mass_function_like_m_n = -4594.033047627658
Posterior = -4587.35381117281 for parameter set #1: [0.2998836011485694, 0.800324959146374, -0.9995]
Running module mass_function_like
Model N: 1758537.0901830446
Done mass_function_like status = 0 

Pipeline ran okay.
Likelihood mass_function_like_m_n = -4765.466910537332
Posterior = -4758.788886904252 for parameter set #1: [0.2994939238733383, 0.8004963036718202, -0.9995]
Running module mass_function_like
Model N: 1757121.3031283102
Done mass_function_like status = 0 

Pipeline ran okay.
Likelihood mass_function_like_m_n = -4871.48882169649
Posterior = -4864.809967986248 for parameter set #1: [0.2996998373546462, 0.7996020334604823, -0.9995]
Running module mass_function_like
Model N: 1764070.1915955197
Done mass_function_like status = 0 

Pipeline ran okay.
Likelihood mass_function_like_m_n = -4362.845591519028
Posterior = -4356.167122210183 for parameter set #1: [0.30040862928569634, 0.8001550827244285, -0.9995]
Running module mass_function_like
Model N: 1758799.9394089808
Done mass_function_like status = 0 

Pipeline ran okay.
Likelihood mass_function_like_m_n = -4745.918169241399
Posterior = -4739.239024091871 for parameter set #2: [0.2998216471011858, 0.7998244987843183, -0.9995]
Running module mass_function_like
Model N: 1759509.4632410873
Done mass_function_like status = 0 

Pipeline ran okay.
Likelihood mass_function_like_m_n = -4693.35981233418
Posterior = -4686.681334815312 for parameter set #2: [0.2995933848399296, 0.800576541240738, -0.9995]
Running module mass_function_like
Model N: 1765896.2734053668
Done mass_function_like status = 0 

Pipeline ran okay.
Likelihood mass_function_like_m_n = -4234.054453518242
Posterior = -4227.379280316409 for parameter set #2: [0.3009089550569487, 0.7996137549274716, -0.9995]
Running module mass_function_like
Model N: 1763427.170864465
Done mass_function_like status = 0 

Pipeline ran okay.
Likelihood mass_function_like_m_n = -4408.678772583604
Posterior = -4401.999859568387 for parameter set #2: [0.30027970809549664, 0.8002413637146931, -0.9995]
Running module mass_function_like
Model N: 1756261.0457140584
Done mass_function_like status = 0 

Pipeline ran okay.
Likelihood mass_function_like_m_n = -4936.508616875857
Posterior = -4929.831617174244 for parameter set #3: [0.29932110432361914, 0.8001742765050048, -0.9995]
Running module mass_function_like
Model N: 1759830.1963091362
Done mass_function_like status = 0 

Pipeline ran okay.
Likelihood mass_function_like_m_n = -4669.702189669013
Posterior = -4663.023476612862 for parameter set #3: [0.29965615638439513, 0.8005368070939398, -0.9995]
Running module mass_function_like
Model N: 1760105.6902018378
Done mass_function_like status = 0 

Pipeline ran okay.
Likelihood mass_function_like_m_n = -4649.43156516552
Posterior = -4642.752535502087 for parameter set #3: [0.3002343223750452, 0.7993160975055117, -0.9995]
Running module mass_function_like
Model N: 1756992.8601911457
Done mass_function_like status = 0 

Pipeline ran okay.
Likelihood mass_function_like_m_n = -4881.167996164411
Posterior = -4874.488831095661 for parameter set #3: [0.2998331889929802, 0.7992408991737624, -0.9995]
Running module mass_function_like
Model N: 1754752.9303346106
Done mass_function_like status = 0 

Pipeline ran okay.
Likelihood mass_function_like_m_n = -5051.5889410711825
Posterior = -5044.911393752849 for parameter set #4: [0.29940723023404353, 0.7995174044486388, -0.9995]
Running module mass_function_like
Model N: 1757559.3805619234
Done mass_function_like status = 0 

Pipeline ran okay.
Likelihood mass_function_like_m_n = -4838.552210573107
Posterior = -4831.873782372433 for parameter set #4: [0.29958143157399275, 0.7999993300059032, -0.9995]
Running module mass_function_like
Model N: 1764714.8245499826
Done mass_function_like status = 0 

Pipeline ran okay.
Likelihood mass_function_like_m_n = -4317.149487521499
Posterior = -4310.472285561009 for parameter set #4: [0.30064841928103514, 0.7998242692852285, -0.9995]
Running module mass_function_like
Model N: 1765394.4959787284
Done mass_function_like status = 0 

Pipeline ran okay.
Likelihood mass_function_like_m_n = -4269.242659967393
Posterior = -4262.565956734628 for parameter set #4: [0.3007212441397989, 0.7998734442077564, -0.9995]
Running module mass_function_like
Model N: 1759822.2335317333
Done mass_function_like status = 0 

Pipeline ran okay.
Likelihood mass_function_like_m_n = -4670.288773037493
Posterior = -4663.609490383034 for parameter set #5: [0.3000656412237055, 0.7996009992491322, -0.9995]
Running module mass_function_like
Model N: 1763025.0960972009
Done mass_function_like status = 0 

Pipeline ran okay.
Likelihood mass_function_like_m_n = -4437.465475097299
Posterior = -4430.786232812922 for parameter set #5: [0.3001112779703178, 0.8004902496330181, -0.9995]
Running module mass_function_like
Model N: 1753639.271362887
Done mass_function_like status = 0 

Pipeline ran okay.
Likelihood mass_function_like_m_n = -5137.465026270598
Posterior = -5130.790295960847 for parameter set #5: [0.29904355987545095, 0.799977808334302, -0.9995]
Running module mass_function_like
Model N: 1761291.05490369
Done mass_function_like status = 0 

Pipeline ran okay.
Likelihood mass_function_like_m_n = -4562.741248454899
Posterior = -4556.061961633713 for parameter set #5: [0.30005895273438854, 0.8000696976276626, -0.9995]
Running module mass_function_like
Model N: 1763135.9514811037
Done mass_function_like status = 0 

Pipeline ran okay.
Likelihood mass_function_like_m_n = -4429.518929541111
Posterior = -4422.840737533012 for parameter set #6: [0.30047163337685323, 0.7997272545372733, -0.9995]
Running module mass_function_like
Model N: 1760145.0557223968
Done mass_function_like status = 0 

Pipeline ran okay.
Likelihood mass_function_like_m_n = -4646.538861140609
Posterior = -4639.859597811363 for parameter set #6: [0.2999095908585572, 0.8000455154753856, -0.9995]
Running module mass_function_like
Model N: 1759227.7383794794
Done mass_function_like status = 0 

Pipeline ran okay.
Likelihood mass_function_like_m_n = -4714.191939935088
Posterior = -4707.51276443214 for parameter set #6: [0.29983956598742517, 0.7999168763864031, -0.9995]
Running module mass_function_like
Model N: 1757588.8310029532
Done mass_function_like status = 0 

Pipeline ran okay.
Likelihood mass_function_like_m_n = -4836.342207033187
Posterior = -4829.663818117672 for parameter set #6: [0.2995721489055925, 0.800029096152881, -0.9995]
Running module mass_function_like
Model N: 1759485.929133572
Done mass_function_like status = 0 

Pipeline ran okay.
Likelihood mass_function_like_m_n = -4695.098186019808
Posterior = -4688.418906365749 for parameter set #7: [0.29992993681343305, 0.7997971243810289, -0.9995]
Running module mass_function_like
Model N: 1763873.9122402119
Done mass_function_like status = 0 

Pipeline ran okay.
Likelihood mass_function_like_m_n = -4376.809347517788
Posterior = -4370.130081681453 for parameter set #7: [0.3000875922079169, 0.800805671770938, -0.9995]
Running module mass_function_like
Model N: 1762110.8444930734
Done mass_function_like status = 0 

Pipeline ran okay.
Likelihood mass_function_like_m_n = -4503.287533391267
Posterior = -4496.60824765237 for parameter set #7: [0.2999392391359415, 0.800588503474657, -0.9995]
Running module mass_function_like
Model N: 1763720.889415205
Done mass_function_like status = 0 

Pipeline ran okay.
Likelihood mass_function_like_m_n = -4387.71196661517
Posterior = -4381.0332623206905 for parameter set #7: [0.30034638239875544, 0.8001849655140171, -0.9995]
Running module mass_function_like
Model N: 1763621.6661228142
Done mass_function_like status = 0 

Pipeline ran okay.
Likelihood mass_function_like_m_n = -4394.789060562849
Posterior = -4388.110008017993 for parameter set #8: [0.30022434502641226, 0.8004241194586841, -0.9995]
Model N: 1763274.163901908
Done mass_function_like status = 0 

Pipeline ran okay.
Likelihood mass_function_like_m_n = -4419.62178664282
Posterior = -4412.942483263007 for parameter set #8: [0.2999872054905265, 0.8008424718096496, -0.9995]
Model N: 1766675.669217982
Done mass_function_like status = 0 

Pipeline ran okay.
Likelihood mass_function_like_m_n = -4179.700150411576
Posterior = -4173.022374571651 for parameter set #8: [0.30055287582423407, 0.8006415994672222, -0.9995]
Model N: 1761143.5087566944
Done mass_function_like status = 0 

Pipeline ran okay.
Likelihood mass_function_like_m_n = -4573.485213458538
Posterior = -4566.805938208214 for parameter set #8: [0.29992391059735085, 0.8003232500247006, -0.9995]
Running module mass_function_like
Running module mass_function_like
Running module mass_function_like
Running module mass_function_like
Model N: 1757273.7933412862
Done mass_function_like status = 0 

Pipeline ran okay.
Likelihood mass_function_like_m_n = -4860.010606233031
Posterior = -4853.333850262994 for parameter set #9: [0.2992861052915929, 0.8005659132107319, -0.9995]
Running module mass_function_like
Model N: 1754102.7865063467
Done mass_function_like status = 0 

Pipeline ran okay.
Likelihood mass_function_like_m_n = -5101.630085721612
Posterior = -5094.951802403333 for parameter set #9: [0.2995481416080748, 0.7990052632845093, -0.9995]
Running module mass_function_like
Model N: 1759213.6404761695
Done mass_function_like status = 0 

Pipeline ran okay.
Likelihood mass_function_like_m_n = -4715.2356814704835
Posterior = -4708.556408776126 for parameter set #9: [0.2999206224815144, 0.799733836963165, -0.9995]
Running module mass_function_like
Model N: 1755713.4742545022
Done mass_function_like status = 0 

Pipeline ran okay.
Likelihood mass_function_like_m_n = -4978.131133720279
Posterior = -4971.456632014476 for parameter set #9: [0.2990199497454376, 0.8006731145868716, -0.9995]
Running module mass_function_like
Model N: 1755706.0864516867
Done mass_function_like status = 0 

Pipeline ran okay.
Likelihood mass_function_like_m_n = -4978.693958621472
Posterior = -4972.020823372864 for parameter set #10: [0.2988892390264973, 0.8009614378917863, -0.9995]
Running module mass_function_like
Model N: 1763882.0359625223
Done mass_function_like status = 0 

Pipeline ran okay.
Likelihood mass_function_like_m_n = -4376.230943493545
Posterior = -4369.553210229574 for parameter set #10: [0.3005605237442061, 0.7997613721752111, -0.9995]
Running module mass_function_like
Model N: 1761281.6186427963
Done mass_function_like status = 0 

Pipeline ran okay.
Likelihood mass_function_like_m_n = -4563.427977968007
Posterior = -4556.748725329793 for parameter set #10: [0.29989845188751385, 0.8004220057054692, -0.9995]
Running module mass_function_like
Model N: 1760435.9002288624
Done mass_function_like status = 0 

Pipeline ran okay.
Likelihood mass_function_like_m_n = -4625.195962436497
Posterior = -4618.51700866179 for parameter set #10: [0.30026473518972413, 0.7993509090156848, -0.9995]
Running module mass_function_like
Model N: 1749155.9195495243
Done mass_function_like status = 0 

Pipeline ran okay.
Likelihood mass_function_like_m_n = -5490.9024045318365
Posterior = -5484.235914149884 for parameter set #11: [0.2983991367105382, 0.8000178961280312, -0.9995]
Running module mass_function_like
Model N: 1757340.9087112462
Done mass_function_like status = 0 

Pipeline ran okay.
Likelihood mass_function_like_m_n = -4854.963219664991
Posterior = -4848.284469104838 for parameter set #11: [0.2996672423835666, 0.7997419663375981, -0.9995]
Running module mass_function_like
Model N: 1763128.797480211
Done mass_function_like status = 0 

Pipeline ran okay.
Likelihood mass_function_like_m_n = -4430.031530708075
Posterior = -4423.352333230046 for parameter set #11: [0.3001460960513476, 0.8004450382039389, -0.9995]
Running module mass_function_like
Model N: 1759818.751665791
Done mass_function_like status = 0 

Pipeline ran okay.
Likelihood mass_function_like_m_n = -4670.545279197395
Posterior = -4663.866041495059 for parameter set #11: [0.2998846778648193, 0.7999998081960891, -0.9995]
Running module mass_function_like
Model N: 1759826.7320146672
Done mass_function_like status = 0 

Pipeline ran okay.
Likelihood mass_function_like_m_n = -4669.957384504378
Posterior = -4663.278113552934 for parameter set #12: [0.2999184563109006, 0.7999279050308397, -0.9995]
Model N: 1764160.566361937
Done mass_function_like status = 0 

Pipeline ran okay.
Likelihood mass_function_like_m_n = -4356.4239918366075
Posterior = -4349.744690470074 for parameter set #12: [0.3000237982194778, 0.80103622000096, -0.9995]
Model N: 1761200.110025906
Done mass_function_like status = 0 

Pipeline ran okay.
Likelihood mass_function_like_m_n = -4569.3620737455785
Posterior = -4562.682792762145 for parameter set #12: [0.29993186061785654, 0.800322912943625, -0.9995]
Model N: 1760276.322228951
Done mass_function_like status = 0 

Pipeline ran okay.
Likelihood mass_function_like_m_n = -4636.899809356779
Posterior = -4630.220550461985 for parameter set #12: [0.29990481227377447, 0.8000968952435491, -0.9995]
Running module mass_function_like
Running module mass_function_like
Running module mass_function_like
Running module mass_function_like
Model N: 1763394.5572802313
Done mass_function_like status = 0 

Pipeline ran okay.
Likelihood mass_function_like_m_n = -4411.010093811899
Posterior = -4404.331164674041 for parameter set #13: [0.30027388335174404, 0.8002442083264486, -0.9995]
Running module mass_function_like
Model N: 1770176.6313876056
Done mass_function_like status = 0 

Pipeline ran okay.
Likelihood mass_function_like_m_n = -3940.077707465738
Posterior = -3933.4056941707663 for parameter set #13: [0.3012075515176283, 0.8002754124719376, -0.9995]
Running module mass_function_like
Model N: 1766299.50768447
Done mass_function_like status = 0 

Pipeline ran okay.
Likelihood mass_function_like_m_n = -4205.887356422842
Posterior = -4199.212710350152 for parameter set #13: [0.300965207295863, 0.7996143002497014, -0.9995]
Running module mass_function_like
Model N: 1760653.0923851447
Done mass_function_like status = 0 

Pipeline ran okay.
Likelihood mass_function_like_m_n = -4609.291494946927
Posterior = -4602.612297362438 for parameter set #13: [0.2998539768365596, 0.8003262152179713, -0.9995]
Running module mass_function_like
Model N: 1755328.674920472
Done mass_function_like status = 0 

Pipeline ran okay.
Likelihood mass_function_like_m_n = -5007.490813277662
Posterior = -5000.813388046828 for parameter set #14: [0.29938698002053604, 0.7997400723404364, -0.9995]
Running module mass_function_like
Model N: 1752720.831954296
Done mass_function_like status = 0 

Pipeline ran okay.
Likelihood mass_function_like_m_n = -5208.860720582306
Posterior = -5202.184449059084 for parameter set #14: [0.29922119641913064, 0.7993007469435923, -0.9995]
Running module mass_function_like
Model N: 1769288.854201565
Done mass_function_like status = 0 

Pipeline ran okay.
Likelihood mass_function_like_m_n = -4000.1407887376845
Posterior = -3993.4705972611227 for parameter set #14: [0.30135001642571524, 0.7996871233368449, -0.9995]
Running module mass_function_like
Model N: 1757001.1990108436
Done mass_function_like status = 0 

Pipeline ran okay.
Likelihood mass_function_like_m_n = -4880.539294749498
Posterior = -4873.860138679351 for parameter set #14: [0.29982787901783126, 0.7992552793052095, -0.9995]
Running module mass_function_like
Model N: 1762163.032055557
Done mass_function_like status = 0 

Pipeline ran okay.
Likelihood mass_function_like_m_n = -4499.516577210277
Posterior = -4492.8373097702615 for parameter set #15: [0.3000857418155632, 0.800280157663078, -0.9995]
Running module mass_function_like
Model N: 1763144.8503796477
Done mass_function_like status = 0 

Pipeline ran okay.
Likelihood mass_function_like_m_n = -4428.881345719099
Posterior = -4422.203163415764 for parameter set #15: [0.30047368660005436, 0.7997255507692118, -0.9995]
Running module mass_function_like
Model N: 1758287.1569238736
Done mass_function_like status = 0 

Pipeline ran okay.
Likelihood mass_function_like_m_n = -4784.094212345779
Posterior = -4777.415963555586 for parameter set #15: [0.2995405637981804, 0.8003148955325944, -0.9995]
Running module mass_function_like
Model N: 1761418.569832117
Done mass_function_like status = 0 

Pipeline ran okay.
Likelihood mass_function_like_m_n = -4553.4665915854275
Posterior = -4546.787705112093 for parameter set #15: [0.3002890415112282, 0.7996003676453343, -0.9995]
Running module mass_function_like
Model N: 1767463.0189656473
Done mass_function_like status = 0 

Pipeline ran okay.
Likelihood mass_function_like_m_n = -4125.164535418153
Posterior = -4118.487176661121 for parameter set #16: [0.30062376939313706, 0.8007279948021989, -0.9995]
Model N: 1763798.9252970044
Done mass_function_like status = 0 

Pipeline ran okay.
Likelihood mass_function_like_m_n = -4382.150264177471
Posterior = -4375.471014516962 for parameter set #16: [0.3001044392653488, 0.8007447873621242, -0.9995]
Model N: 1763833.2533189012
Done mass_function_like status = 0 

Pipeline ran okay.
Likelihood mass_function_like_m_n = -4379.704839967191
Posterior = -4373.025642113483 for parameter set #16: [0.3001458386788771, 0.8006637332358013, -0.9995]
Model N: 1762410.7459975423
Done mass_function_like status = 0 

Pipeline ran okay.
Likelihood mass_function_like_m_n = -4481.639923769981
Posterior = -4474.960636581662 for parameter set #16: [0.29994167334940847, 0.8006761232432733, -0.9995]
Running module mass_function_like
Running module mass_function_like
Running module mass_function_like
Running module mass_function_like
Model N: 1762953.765996947
Done mass_function_like status = 0 

Pipeline ran okay.
Likelihood mass_function_like_m_n = -4442.582644190639
Posterior = -4435.9035519104855 for parameter set #17: [0.3002058728524336, 0.8002586736206917, -0.9995]
Running module mass_function_like
Model N: 1776108.09904823
Done mass_function_like status = 0 

Pipeline ran okay.
Likelihood mass_function_like_m_n = -3550.9524962343276
Posterior = -3544.2952693459 for parameter set #17: [0.30210130006819474, 0.800132587118514, -0.9995]
Running module mass_function_like
Model N: 1766868.0762803033
Done mass_function_like status = 0 

Pipeline ran okay.
Likelihood mass_function_like_m_n = -4166.33847938478
Posterior = -4159.6646086052115 for parameter set #17: [0.30104244124452784, 0.7996191036871257, -0.9995]
Running module mass_function_like
Model N: 1759084.7575715065
Done mass_function_like status = 0 

Pipeline ran okay.
Likelihood mass_function_like_m_n = -4724.78318265453
Posterior = -4718.105398099462 for parameter set #17: [0.29944870275849617, 0.8007663917019587, -0.9995]
Running module mass_function_like
Model N: 1769188.2048433046
Done mass_function_like status = 0 

Pipeline ran okay.
Likelihood mass_function_like_m_n = -4006.9802945181727
Posterior = -4000.309467881662 for parameter set #18: [0.30130211841239707, 0.7997617290136881, -0.9995]
Running module mass_function_like
Model N: 1761208.1033982607
Done mass_function_like status = 0 

Pipeline ran okay.
Likelihood mass_function_like_m_n = -4568.779950935394
Posterior = -4562.101049744955 for parameter set #18: [0.30028390416417905, 0.7995467271936749, -0.9995]
Running module mass_function_like
Model N: 1757512.1804125984
Done mass_function_like status = 0 

Pipeline ran okay.
Likelihood mass_function_like_m_n = -4842.0952843129635
Posterior = -4835.416093715827 for parameter set #18: [0.29984926767196596, 0.7993656450800364, -0.9995]
Running module mass_function_like
Model N: 1758648.794692619
Done mass_function_like status = 0 

Pipeline ran okay.
Likelihood mass_function_like_m_n = -4757.154015194625
Posterior = -4750.476532102973 for parameter set #18: [0.29939649247583927, 0.8007472228731874, -0.9995]
Running module mass_function_like
Model N: 1757226.283114993
Done mass_function_like status = 0 

Pipeline ran okay.
Likelihood mass_function_like_m_n = -4863.585261300206
Posterior = -4856.906209143671 for parameter set #19: [0.2997754819497697, 0.7994403622230714, -0.9995]
Running module mass_function_like
Model N: 1759870.7213234247
Done mass_function_like status = 0 

Pipeline ran okay.
Likelihood mass_function_like_m_n = -4666.717486556619
Posterior = -4660.038269976505 for parameter set #19: [0.29986762311667076, 0.8000537399375434, -0.9995]
Running module mass_function_like
Model N: 1764048.8419047296
Done mass_function_like status = 0 

Pipeline ran okay.
Likelihood mass_function_like_m_n = -4364.363322790712
Posterior = -4357.684963257643 for parameter set #19: [0.3004346642936666, 0.8000909398773196, -0.9995]
Running module mass_function_like
Model N: 1773530.4381291335
Done mass_function_like status = 0 

Pipeline ran okay.
Likelihood mass_function_like_m_n = -3717.4588457755744
Posterior = -3710.801927442513 for parameter set #19: [0.30211593313923063, 0.7993071983502996, -0.9995]
Running module mass_function_like
Model N: 1761401.738869526
Done mass_function_like status = 0 

Pipeline ran okay.
Likelihood mass_function_like_m_n = -4554.690205693245
Posterior = -4548.0110277086 for parameter set #20: [0.2998411203820406, 0.8005862226817372, -0.9995]
Model N: 1768524.8801325187
Done mass_function_like status = 0 

Pipeline ran okay.
Likelihood mass_function_like_m_n = -4052.208713531494
Posterior = -4045.5310112289726 for parameter set #20: [0.30056602045699793, 0.8011850405339076, -0.9995]
Model N: 1763832.5326810372
Done mass_function_like status = 0 

Pipeline ran okay.
Likelihood mass_function_like_m_n = -4379.756168670952
Posterior = -4373.076970817627 for parameter set #20: [0.3001458389419797, 0.8006635096717404, -0.9995]
Model N: 1759781.3336765682
Done mass_function_like status = 0 

Pipeline ran okay.
Likelihood mass_function_like_m_n = -4673.302298098803
Posterior = -4666.623027477586 for parameter set #20: [0.29991805234105984, 0.7999148862475869, -0.9995]
Running module mass_function_like
Running module mass_function_like
Running module mass_function_like
Running module mass_function_like
Model N: 1755689.4020912733
Done mass_function_like status = 0 

Pipeline ran okay.
Likelihood mass_function_like_m_n = -4979.965146165341
Posterior = -4973.288897612789 for parameter set #21: [0.2992182525014297, 0.8002253392413229, -0.9995]
Running module mass_function_like
Model N: 1748960.1752260944
Done mass_function_like status = 0 

Pipeline ran okay.
Likelihood mass_function_like_m_n = -5506.615927804261
Posterior = -5499.946906951019 for parameter set #21: [0.298565890864185, 0.799587616160086, -0.9995]
Running module mass_function_like
Model N: 1759350.5129791235
Done mass_function_like status = 0 

Pipeline ran okay.
Likelihood mass_function_like_m_n = -4705.107423517853
Posterior = -4698.428309900156 for parameter set #21: [0.29980476649195686, 0.8000321899812034, -0.9995]
Running module mass_function_like
Model N: 1761100.183571793
Done mass_function_like status = 0 

Pipeline ran okay.
Likelihood mass_function_like_m_n = -4576.642570737749
Posterior = -4569.963285452393 for parameter set #21: [0.29993849722825244, 0.8002773709499568, -0.9995]
Running module mass_function_like
Model N: 1755100.0777437035
Done mass_function_like status = 0 

Pipeline ran okay.
Likelihood mass_function_like_m_n = -5024.975466191769
Posterior = -5018.299047507999 for parameter set #22: [0.2992403271046107, 0.7999938104258478, -0.9995]
Running module mass_function_like
Model N: 1751405.0957716424
Done mass_function_like status = 0 

Pipeline ran okay.
Likelihood mass_function_like_m_n = -5312.044767662883
Posterior = -5305.371271531015 for parameter set #22: [0.2989222183484745, 0.7995550432963391, -0.9995]
Running module mass_function_like
Model N: 1756255.0376706347
Done mass_function_like status = 0 

Pipeline ran okay.
Likelihood mass_function_like_m_n = -4936.964309133589
Posterior = -4930.286998026363 for parameter set #22: [0.2993686378084752, 0.8000673008585325, -0.9995]
Running module mass_function_like
Model N: 1760938.550904921
Done mass_function_like status = 0 

Pipeline ran okay.
Likelihood mass_function_like_m_n = -4588.431771222502
Posterior = -4581.75260083196 for parameter set #22: [0.2998364104110065, 0.800453433592738, -0.9995]
Running module mass_function_like
Model N: 1757236.1351796784
Done mass_function_like status = 0 

Pipeline ran okay.
Likelihood mass_function_like_m_n = -4862.843881424516
Posterior = -4856.165876547871 for parameter set #23: [0.2994902310984571, 0.8001015550025727, -0.9995]
Running module mass_function_like
Model N: 1748993.5171965691
Done mass_function_like status = 0 

Pipeline ran okay.
Likelihood mass_function_like_m_n = -5503.937703739852
Posterior = -5497.271310081422 for parameter set #23: [0.2983931061092832, 0.7999808506073727, -0.9995]
Running module mass_function_like
Model N: 1763036.7050839087
Done mass_function_like status = 0 

Pipeline ran okay.
Likelihood mass_function_like_m_n = -4436.6329475566745
Posterior = -4429.954715903334 for parameter set #23: [0.30046315115657707, 0.7997156236879001, -0.9995]
Running module mass_function_like
Model N: 1762241.4517778323
Done mass_function_like status = 0 

Pipeline ran okay.
Likelihood mass_function_like_m_n = -4493.853260062635
Posterior = -4487.174005049826 for parameter set #23: [0.30009918215683373, 0.8002744395055958, -0.9995]
Running module mass_function_like
Model N: 1764872.3766846308
Done mass_function_like status = 0 

Pipeline ran okay.
Likelihood mass_function_like_m_n = -4306.019435092807
Posterior = -4299.340878711096 for parameter set #24: [0.30038673417195444, 0.8004517288423459, -0.9995]
Model N: 1763863.9824697103
Done mass_function_like status = 0 

Pipeline ran okay.
Likelihood mass_function_like_m_n = -4377.516395501792
Posterior = -4370.837362324776 for parameter set #24: [0.30023281808074614, 0.8004804365010799, -0.9995]
Model N: 1761677.959511001
Done mass_function_like status = 0 

Pipeline ran okay.
Likelihood mass_function_like_m_n = -4534.630728580058
Posterior = -4527.951427961655 for parameter set #24: [0.29997324216801835, 0.8003791703316228, -0.9995]
Model N: 1762715.3682963168
Done mass_function_like status = 0 

Pipeline ran okay.
Likelihood mass_function_like_m_n = -4459.707566332072
Posterior = -4453.028533427859 for parameter set #24: [0.3002329352256254, 0.800124955709688, -0.9995]
Running module mass_function_like
Running module mass_function_like
Running module mass_function_like
Running module mass_function_like
Model N: 1754891.2743273668
Done mass_function_like status = 0 

Pipeline ran okay.
Likelihood mass_function_like_m_n = -5040.974169254303
Posterior = -5034.2960963612195 for parameter set #25: [0.29950375303987453, 0.7993466792959499, -0.9995]
Running module mass_function_like
Model N: 1764566.4026867053
Done mass_function_like status = 0 

Pipeline ran okay.
Likelihood mass_function_like_m_n = -4327.648321121931
Posterior = -4320.97020040865 for parameter set #25: [0.3004865151650406, 0.8001361522090887, -0.9995]
Running module mass_function_like
Model N: 1764806.8864284998
Done mass_function_like status = 0 

Pipeline ran okay.
Likelihood mass_function_like_m_n = -4310.644074730575
Posterior = -4303.967295196277 for parameter set #25: [0.30071058623853913, 0.7997155248598715, -0.9995]
Running module mass_function_like
Model N: 1762254.4140638707
Done mass_function_like status = 0 

Pipeline ran okay.
Likelihood mass_function_like_m_n = -4492.917509775609
Posterior = -4486.238209133403 for parameter set #25: [0.300026668723611, 0.8004390239345082, -0.9995]
Running module mass_function_like
Model N: 1753865.4240368393
Done mass_function_like status = 0 

Pipeline ran okay.
Likelihood mass_function_like_m_n = -5119.964391224086
Posterior = -5113.28575475096 for parameter set #26: [0.2996345618563446, 0.7987416014189591, -0.9995]
Running module mass_function_like
Model N: 1768350.0721215378
Done mass_function_like status = 0 

Pipeline ran okay.
Likelihood mass_function_like_m_n = -4064.1721452511847
Posterior = -4057.499399902725 for parameter set #26: [0.3011453252682659, 0.7998493009013266, -0.9995]
Running module mass_function_like
Model N: 1761937.501749759
Done mass_function_like status = 0 

Pipeline ran okay.
Likelihood mass_function_like_m_n = -4515.8247863687575
Posterior = -4509.145483092215 for parameter set #26: [0.29998642231876715, 0.8004301875208282, -0.9995]
Running module mass_function_like
Model N: 1759235.6347449166
Done mass_function_like status = 0 

Pipeline ran okay.
Likelihood mass_function_like_m_n = -4713.607383709401
Posterior = -4706.929238367561 for parameter set #26: [0.29951857368781426, 0.8006579849036016, -0.9995]
Running module mass_function_like
Model N: 1763072.4751538995
Done mass_function_like status = 0 

Pipeline ran okay.
Likelihood mass_function_like_m_n = -4434.068245794624
Posterior = -4427.389766021687 for parameter set #27: [0.30040606043224904, 0.7998526906565429, -0.9995]
Running module mass_function_like
Model N: 1758945.5260705382
Done mass_function_like status = 0 

Pipeline ran okay.
Likelihood mass_function_like_m_n = -4735.108693368733
Posterior = -4728.429599756979 for parameter set #27: [0.29979477497408735, 0.7999288727363878, -0.9995]
Running module mass_function_like
Model N: 1757064.8581737336
Done mass_function_like status = 0 

Pipeline ran okay.
Likelihood mass_function_like_m_n = -4875.741144508123
Posterior = -4869.063261846041 for parameter set #27: [0.2994667953061027, 0.8001004961257248, -0.9995]
Running module mass_function_like
Model N: 1754912.9140536129
Done mass_function_like status = 0 

Pipeline ran okay.
Likelihood mass_function_like_m_n = -5039.314871877432
Posterior = -5032.637378894651 for parameter set #27: [0.29939813364782497, 0.7995867830278127, -0.9995]
Running module mass_function_like
Model N: 1763614.302747281
Done mass_function_like status = 0 

Pipeline ran okay.
Likelihood mass_function_like_m_n = -4395.314491149038
Posterior = -4388.636611608355 for parameter set #28: [0.3005337897765272, 0.7997377671501871, -0.9995]
Model N: 1763165.6308774517
Done mass_function_like status = 0 

Pipeline ran okay.
Likelihood mass_function_like_m_n = -4427.392662465572
Posterior = -4420.713379854495 for parameter set #28: [0.29993429272049354, 0.8009264301149849, -0.9995]
Model N: 1759549.651900831
Done mass_function_like status = 0 

Pipeline ran okay.
Likelihood mass_function_like_m_n = -4690.392012633383
Posterior = -4683.712903185254 for parameter set #28: [0.2998026423649295, 0.800098120840829, -0.9995]
Model N: 1761123.7794331745
Done mass_function_like status = 0 

Pipeline ran okay.
Likelihood mass_function_like_m_n = -4574.922861788422
Posterior = -4568.24388899543 for parameter set #28: [0.30025745108988783, 0.7995792773676282, -0.9995]
Running module mass_function_like
Running module mass_function_like
Running module mass_function_like
Running module mass_function_like
Model N: 1782561.834556175
Done mass_function_like status = 0 

Pipeline ran okay.
Likelihood mass_function_like_m_n = -3151.4979318529367
Posterior = -3144.8706735460983 for parameter set #29: [0.3032263258196239, 0.7996432444672823, -0.9995]
Running module mass_function_like
Model N: 1761301.4077341899
Done mass_function_like status = 0 

Pipeline ran okay.
Likelihood mass_function_like_m_n = -4561.987877435982
Posterior = -4555.30903797583 for parameter set #29: [0.30030487314001714, 0.7995292593057354, -0.9995]
Running module mass_function_like
Model N: 1757881.0597166442
Done mass_function_like status = 0 

Pipeline ran okay.
Likelihood mass_function_like_m_n = -4814.441689096391
Posterior = -4807.763986134826 for parameter set #29: [0.29943409598962334, 0.8004256645063464, -0.9995]
Running module mass_function_like
Model N: 1759727.13509047
Done mass_function_like status = 0 

Pipeline ran okay.
Likelihood mass_function_like_m_n = -4677.297253739089
Posterior = -4670.618054377105 for parameter set #29: [0.29985519922188403, 0.8000368937881321, -0.9995]
Running module mass_function_like
Model N: 1777458.8963151234
Done mass_function_like status = 0 

Pipeline ran okay.
Likelihood mass_function_like_m_n = -3465.286466307938
Posterior = -3458.6472470316307 for parameter set #30: [0.3028314279790475, 0.7989431958550499, -0.9995]
Running module mass_function_like
Model N: 1761562.23880481
Done mass_function_like status = 0 

Pipeline ran okay.
Likelihood mass_function_like_m_n = -4543.028851587325
Posterior = -4536.349588783165 for parameter set #30: [0.3000909880762399, 0.8000825447572446, -0.9995]
Running module mass_function_like
Model N: 1755575.3737619785
Done mass_function_like status = 0 

Pipeline ran okay.
Likelihood mass_function_like_m_n = -4988.657574798912
Posterior = -4981.981500351678 for parameter set #30: [0.29919628971929013, 0.8002386424049894, -0.9995]
Running module mass_function_like
Model N: 1758504.8944313268
Done mass_function_like status = 0 

Pipeline ran okay.
Likelihood mass_function_like_m_n = -4767.864289227873
Posterior = -4761.185635921942 for parameter set #30: [0.29963919745590595, 0.8001638706667603, -0.9995]
Running module mass_function_like
Model N: 1762291.274452266
Done mass_function_like status = 0 

Pipeline ran okay.
Likelihood mass_function_like_m_n = -4490.257108874619
Posterior = -4483.577871965282 for parameter set #31: [0.29988399226528917, 0.8007666623414323, -0.9995]
Running module mass_function_like
Model N: 1759258.4296292337
Done mass_function_like status = 0 

Pipeline ran okay.
Likelihood mass_function_like_m_n = -4711.920125775039
Posterior = -4705.240901384422 for parameter set #31: [0.2998736610172253, 0.7998512428213808, -0.9995]
Running module mass_function_like
Model N: 1762948.7243829065
Done mass_function_like status = 0 

Pipeline ran okay.
Likelihood mass_function_like_m_n = -4442.944442920387
Posterior = -4436.266702326848 for parameter set #31: [0.3005592145869564, 0.7994763802955441, -0.9995]
Running module mass_function_like
Model N: 1752086.922011808
Done mass_function_like status = 0 

Pipeline ran okay.
Likelihood mass_function_like_m_n = -5258.440856080502
Posterior = -5251.768829899138 for parameter set #31: [0.2987935161048994, 0.800051174819351, -0.9995]
Running module mass_function_like
Model N: 1764429.3027260185
Done mass_function_like status = 0 

Pipeline ran okay.
Likelihood mass_function_like_m_n = -4337.3581607192755
Posterior = -4330.679159022884 for parameter set #32: [0.3002459682576967, 0.8006263286786107, -0.9995]
Model N: 1770238.1658605062
Done mass_function_like status = 0 

Pipeline ran okay.
Likelihood mass_function_like_m_n = -3935.93217420578
Posterior = -3929.256688308595 for parameter set #32: [0.30087387655026576, 0.8010327910193249, -0.9995]
Model N: 1762009.9215130527
Done mass_function_like status = 0 

Pipeline ran okay.
Likelihood mass_function_like_m_n = -4510.584703110158
Posterior = -4503.905441179586 for parameter set #32: [0.29990805682458266, 0.8006260775346746, -0.9995]
Model N: 1765653.742280165
Done mass_function_like status = 0 

Pipeline ran okay.
Likelihood mass_function_like_m_n = -4251.043409395963
Posterior = -4244.36468659468 for parameter set #32: [0.3003409976621033, 0.8007948610629324, -0.9995]
Running module mass_function_like
Running module mass_function_like
Running module mass_function_like
Running module mass_function_like
Model N: 1753411.4417810016
Done mass_function_like status = 0 

Pipeline ran okay.
Likelihood mass_function_like_m_n = -5155.127201847732
Posterior = -5148.449995810527 for parameter set #33: [0.2993522097399576, 0.7992244451606786, -0.9995]
Running module mass_function_like
Model N: 1773316.3506613448
Done mass_function_like status = 0 

Pipeline ran okay.
Likelihood mass_function_like_m_n = -3731.467375308275
Posterior = -3724.8064155156076 for parameter set #33: [0.3019154323607193, 0.7996824413195465, -0.9995]
Running module mass_function_like
Model N: 1763422.2402304963
Done mass_function_like status = 0 

Pipeline ran okay.
Likelihood mass_function_like_m_n = -4409.031188286841
Posterior = -4402.353089997513 for parameter set #33: [0.300491102633248, 0.7997728450015016, -0.9995]
Running module mass_function_like
Model N: 1760384.2760353158
Done mass_function_like status = 0 

Pipeline ran okay.
Likelihood mass_function_like_m_n = -4628.980510029942
Posterior = -4622.3016522049 for parameter set #33: [0.2997012113560849, 0.8006085130370316, -0.9995]
Running module mass_function_like
Model N: 1795867.8939228132
Done mass_function_like status = 0 

Pipeline ran okay.
Likelihood mass_function_like_m_n = -2405.891488365829
Posterior = -2399.373714954018 for parameter set #34: [0.30568385056979835, 0.7983430908302334, -0.9995]
Running module mass_function_like
Model N: 1754084.8027103345
Done mass_function_like status = 0 

Pipeline ran okay.
Likelihood mass_function_like_m_n = -5103.017975099385
Posterior = -5096.342322568099 for parameter set #34: [0.29914540453732175, 0.799889972612903, -0.9995]
Running module mass_function_like
Model N: 1756925.6954211053
Done mass_function_like status = 0 

Pipeline ran okay.
Likelihood mass_function_like_m_n = -4886.233404614031
Posterior = -4879.554665191181 for parameter set #34: [0.29966391207711707, 0.7996210737359262, -0.9995]
Running module mass_function_like
Model N: 1757058.9794617735
Done mass_function_like status = 0 

Pipeline ran okay.
Likelihood mass_function_like_m_n = -4876.184133775532
Posterior = -4869.509949552629 for parameter set #34: [0.29898807357903195, 0.8011616975344824, -0.9995]
Running module mass_function_like
Model N: 1762946.390128097
Done mass_function_like status = 0 

Pipeline ran okay.
Likelihood mass_function_like_m_n = -4443.11196007207
Posterior = -4436.433399204028 for parameter set #35: [0.3003855723715165, 0.79985895609956, -0.9995]
Running module mass_function_like
Model N: 1756023.4761644807
Done mass_function_like status = 0 

Pipeline ran okay.
Likelihood mass_function_like_m_n = -4954.544412985444
Posterior = -4947.86550258547 for parameter set #35: [0.2997193584720291, 0.7992200349879703, -0.9995]
Running module mass_function_like
Model N: 1764574.8433798004
Done mass_function_like status = 0 

Pipeline ran okay.
Likelihood mass_function_like_m_n = -4327.050898104906
Posterior = -4320.3730862427565 for parameter set #35: [0.3005463215464856, 0.8000064331554582, -0.9995]
Running module mass_function_like
Model N: 1757569.5197743133
Done mass_function_like status = 0 

Pipeline ran okay.
Likelihood mass_function_like_m_n = -4837.791289582849
Posterior = -4831.112875095965 for parameter set #35: [0.2995781679416541, 0.8000097952897726, -0.9995]
Running module mass_function_like
Model N: 1764554.540617415
Done mass_function_like status = 0 

Pipeline ran okay.
Likelihood mass_function_like_m_n = -4328.487978473306
Posterior = -4321.808874923243 for parameter set #36: [0.3002003238614291, 0.8007661451076576, -0.9995]
Model N: 1758611.1274812638
Done mass_function_like status = 0 

Pipeline ran okay.
Likelihood mass_function_like_m_n = -4759.956305142492
Posterior = -4753.277165206404 for parameter set #36: [0.2998187475669792, 0.7997725139208529, -0.9995]
Model N: 1764745.4526132338
Done mass_function_like status = 0 

Pipeline ran okay.
Likelihood mass_function_like_m_n = -4314.984631180763
Posterior = -4308.305693751986 for parameter set #36: [0.30027083926341597, 0.8006689359281115, -0.9995]
Model N: 1762223.3444932823
Done mass_function_like status = 0 

Pipeline ran okay.
Likelihood mass_function_like_m_n = -4495.160600077361
Posterior = -4488.4821532694905 for parameter set #36: [0.30041409912808814, 0.7995728845959345, -0.9995]
Running module mass_function_like
Running module mass_function_like
Running module mass_function_like
Running module mass_function_like
Model N: 1731045.8895193222
Done mass_function_like status = 0 

Pipeline ran okay.
Likelihood mass_function_like_m_n = -7045.58070826903
Posterior = -7038.997143184194 for parameter set #37: [0.2956241774836119, 0.8005614431554589, -0.9995]
Running module mass_function_like
Model N: 1768554.0021901058
Done mass_function_like status = 0 

Pipeline ran okay.
Likelihood mass_function_like_m_n = -4050.2174652703106
Posterior = -4043.5454112914067 for parameter set #37: [0.3012041776784471, 0.7997822836969086, -0.9995]
Model N: 1757902.4802995692
Done mass_function_like status = 0 

Pipeline ran okay.
Likelihood mass_function_like_m_n = -4812.838419012725
Running module mass_function_like
Posterior = -4806.159406029049 for parameter set #37: [0.29975866428611697, 0.7996863730824758, -0.9995]
Running module mass_function_like
Model N: 1763883.757899809
Done mass_function_like status = 0 

Pipeline ran okay.
Likelihood mass_function_like_m_n = -4376.108347766101
Posterior = -4369.429137792772 for parameter set #37: [0.30013727707803883, 0.8006984225640515, -0.9995]
Running module mass_function_like
Model N: 1756315.1436630387
Done mass_function_like status = 0 

Pipeline ran okay.
Likelihood mass_function_like_m_n = -4932.406443968415
Posterior = -4925.728924854207 for parameter set #38: [0.2994024911544354, 0.8000107261173133, -0.9995]
Running module mass_function_like
Model N: 1771112.201665657
Done mass_function_like status = 0 

Pipeline ran okay.
Likelihood mass_function_like_m_n = -3877.2954535000026
Posterior = -3870.629865798541 for parameter set #38: [0.3016562908469567, 0.7995743929919552, -0.9995]
Running module mass_function_like
Model N: 1763140.432958313
Done mass_function_like status = 0 

Pipeline ran okay.
Likelihood mass_function_like_m_n = -4429.197836890817
Posterior = -4422.518710115148 for parameter set #38: [0.30018837337482673, 0.8003549878518769, -0.9995]
Running module mass_function_like
Model N: 1726252.4107713376
Done mass_function_like status = 0 

Pipeline ran okay.
Likelihood mass_function_like_m_n = -7491.520338147879
Posterior = -7484.960170847134 for parameter set #38: [0.29511867031301947, 0.8001947176149891, -0.9995]
Running module mass_function_like
Model N: 1762916.8736245125
Done mass_function_like status = 0 

Pipeline ran okay.
Likelihood mass_function_like_m_n = -4445.23048953712
Posterior = -4438.55179301507 for parameter set #39: [0.3003486190643354, 0.7999316323484849, -0.9995]
Running module mass_function_like
Model N: 1756766.833780737
Done mass_function_like status = 0 

Pipeline ran okay.
Likelihood mass_function_like_m_n = -4898.2253645733
Posterior = -4891.547643917573 for parameter set #39: [0.2994372313827914, 0.8000736430290367, -0.9995]
Running module mass_function_like
Model N: 1761887.7087843297
Done mass_function_like status = 0 

Pipeline ran okay.
Likelihood mass_function_like_m_n = -4519.429512262344
Posterior = -4512.750571346122 for parameter set #39: [0.3002695485442522, 0.7997881884226458, -0.9995]
Running module mass_function_like
Model N: 1763604.650156018
Done mass_function_like status = 0 

Pipeline ran okay.
Likelihood mass_function_like_m_n = -4396.003323879093
Posterior = -4389.324357655952 for parameter set #39: [0.30025999044933627, 0.8003400905617959, -0.9995]
Running module mass_function_like
Model N: 1764306.9334756688
Done mass_function_like status = 0 

Pipeline ran okay.
Likelihood mass_function_like_m_n = -4346.034361332655
Posterior = -4339.355061986151 for parameter set #40: [0.30003115062257607, 0.8010651311607934, -0.9995]
Model N: 1762774.5875799884
Done mass_function_like status = 0 

Pipeline ran okay.
Likelihood mass_function_like_m_n = -4455.450416807085
Posterior = -4448.77114441538 for parameter set #40: [0.300079757890516, 0.8004824318751969, -0.9995]
Model N: 1776244.1033258818
Done mass_function_like status = 0 

Pipeline ran okay.
Likelihood mass_function_like_m_n = -3542.2778074108064
Posterior = -3535.6099137556453 for parameter set #40: [0.30151066496280554, 0.8014809385699401, -0.9995]
Model N: 1762833.3145561616
Done mass_function_like status = 0 

Pipeline ran okay.
Likelihood mass_function_like_m_n = -4451.230764128268
Posterior = -4444.552594619857 for parameter set #40: [0.2995236199207703, 0.801763889348688, -0.9995]
Running module mass_function_like
Running module mass_function_like
Running module mass_function_like
Running module mass_function_like
Model N: 1761871.113428687
Done mass_function_like status = 0 

Pipeline ran okay.
Likelihood mass_function_like_m_n = -4520.631256379187
Posterior = -4513.952738449135 for parameter set #41: [0.30039655220530237, 0.7995028883597279, -0.9995]
Running module mass_function_like
Model N: 1766439.8432706485
Done mass_function_like status = 0 

Pipeline ran okay.
Likelihood mass_function_like_m_n = -4196.107605956495
Posterior = -4189.432764866725 for parameter set #41: [0.30094478659393403, 0.7997025202128665, -0.9995]
Running module mass_function_like
Model N: 1759355.024464969
Done mass_function_like status = 0 

Pipeline ran okay.
Likelihood mass_function_like_m_n = -4704.773778382689
Posterior = -4698.094609464301 for parameter set #41: [0.29983551296510785, 0.7999654125097527, -0.9995]
Running module mass_function_like
Model N: 1759863.0433003015
Done mass_function_like status = 0 

Pipeline ran okay.
Likelihood mass_function_like_m_n = -4667.282902818173
Posterior = -4660.604010817696 for parameter set #41: [0.2997128770879472, 0.8004212738928597, -0.9995]
Running module mass_function_like
Model N: 1785705.4890987081
Done mass_function_like status = 0 

Pipeline ran okay.
Likelihood mass_function_like_m_n = -2965.9026014357805
Posterior = -2959.305611935317 for parameter set #42: [0.3040574548142019, 0.7987864572634721, -0.9995]
Running module mass_function_like
Model N: 1772420.0018762383
Done mass_function_like status = 0 

Pipeline ran okay.
Likelihood mass_function_like_m_n = -3790.4178707674146
Posterior = -3783.7563942621086 for parameter set #42: [0.30188826338227226, 0.7994662663086506, -0.9995]
Running module mass_function_like
Model N: 1756556.709213722
Done mass_function_like status = 0 

Pipeline ran okay.
Likelihood mass_function_like_m_n = -4914.110734090209
Posterior = -4907.431844888194 for parameter set #42: [0.29971190408024356, 0.799400982012383, -0.9995]
Running module mass_function_like
Model N: 1757872.5664108861
Done mass_function_like status = 0 

Pipeline ran okay.
Likelihood mass_function_like_m_n = -4815.077466696501
Posterior = -4808.399455306839 for parameter set #42: [0.2994915103446809, 0.8002957377831907, -0.9995]
Running module mass_function_like
Model N: 1755628.5412816603
Done mass_function_like status = 0 

Pipeline ran okay.
Likelihood mass_function_like_m_n = -4984.603600077331
Posterior = -4977.926236188242 for parameter set #43: [0.2993770538994234, 0.7998548605932894, -0.9995]
Running module mass_function_like
Model N: 1756316.1149191575
Done mass_function_like status = 0 

Pipeline ran okay.
Likelihood mass_function_like_m_n = -4932.332811336964
Posterior = -4925.655288762697 for parameter set #43: [0.2994030705162705, 0.8000098896021454, -0.9995]
Running module mass_function_like
Model N: 1761651.7249239765
Done mass_function_like status = 0 

Pipeline ran okay.
Likelihood mass_function_like_m_n = -4536.533919405192
Posterior = -4529.854829161914 for parameter set #43: [0.29979314012871744, 0.8007702683514668, -0.9995]
Running module mass_function_like
Model N: 1765167.5725772472
Done mass_function_like status = 0 

Pipeline ran okay.
Likelihood mass_function_like_m_n = -4285.206264603883
Posterior = -4278.529309962362 for parameter set #43: [0.3006855008080408, 0.7998821553333807, -0.9995]
Running module mass_function_like
Model N: 1748718.8586179279
Done mass_function_like status = 0 

Pipeline ran okay.
Likelihood mass_function_like_m_n = -5526.020375721157
Posterior = -5519.35485399361 for parameter set #44: [0.2983397306987517, 0.80001430638063, -0.9995]
Model N: 1765615.6579386287
Done mass_function_like status = 0 

Pipeline ran okay.
Likelihood mass_function_like_m_n = -4253.714400984347
Posterior = -4247.0352133698325 for parameter set #44: [0.30015269826161295, 0.801200790350237, -0.9995]
Model N: 1758360.5383064875
Done mass_function_like status = 0 

Pipeline ran okay.
Likelihood mass_function_like_m_n = -4778.621205128729
Posterior = -4771.94528855537 for parameter set #44: [0.2991768809380116, 0.8011459283100383, -0.9995]
Model N: 1762610.5979611452
Done mass_function_like status = 0 

Pipeline ran okay.
Likelihood mass_function_like_m_n = -4467.244509007782
Posterior = -4460.567745397747 for parameter set #44: [0.30071282371947444, 0.799033983666149, -0.9995]
Running module mass_function_like
Running module mass_function_like
Running module mass_function_like
Running module mass_function_like
Model N: 1793902.9296342593
Done mass_function_like status = 0 

Pipeline ran okay.
Likelihood mass_function_like_m_n = -2509.4334096871316
Posterior = -2502.8697069069704 for parameter set #45: [0.3048083556055908, 0.7996530902516065, -0.9995]
Running module mass_function_like
Model N: 1766195.173728607
Done mass_function_like status = 0 

Pipeline ran okay.
Likelihood mass_function_like_m_n = -4213.165943965316
Posterior = -4206.489813975116 for parameter set #45: [0.3007967694912091, 0.7999537312373545, -0.9995]
Running module mass_function_like
Model N: 1758157.3653698065
Done mass_function_like status = 0 

Pipeline ran okay.
Likelihood mass_function_like_m_n = -4793.782520543784
Posterior = -4787.103668147971 for parameter set #45: [0.29969939976810567, 0.7999232477374255, -0.9995]
Running module mass_function_like
Model N: 1759871.3443862824
Done mass_function_like status = 0 

Pipeline ran okay.
Likelihood mass_function_like_m_n = -4666.6716052517295
Posterior = -4659.995157003107 for parameter set #45: [0.29924422891195673, 0.8014652757599964, -0.9995]
Running module mass_function_like
Model N: 1757661.469195362
Done mass_function_like status = 0 

Pipeline ran okay.
Likelihood mass_function_like_m_n = -4830.893600195646
Posterior = -4824.215154052864 for parameter set #46: [0.29958574029215895, 0.8000212435371095, -0.9995]
Running module mass_function_like
Model N: 1759139.1838839569
Done mass_function_like status = 0 

Pipeline ran okay.
Likelihood mass_function_like_m_n = -4720.750105269253
Posterior = -4714.07081540578 for parameter set #46: [0.3000535440697835, 0.7994168717475052, -0.9995]
Running module mass_function_like
Model N: 1762742.239169922
Done mass_function_like status = 0 

Pipeline ran okay.
Likelihood mass_function_like_m_n = -4457.775611564517
Posterior = -4451.096388161438 for parameter set #46: [0.3001271182373401, 0.8003677297232579, -0.9995]
Running module mass_function_like
Model N: 1761646.5871808603
Done mass_function_like status = 0 

Pipeline ran okay.
Likelihood mass_function_like_m_n = -4536.906686577946
Posterior = -4530.227389659369 for parameter set #46: [0.2999618431322658, 0.8003948600392349, -0.9995]
Running module mass_function_like
Model N: 1758911.5759384127
Done mass_function_like status = 0 

Pipeline ran okay.
Likelihood mass_function_like_m_n = -4737.628255452961
Posterior = -4730.949206082752 for parameter set #47: [0.2997742443347308, 0.7999638896292749, -0.9995]
Running module mass_function_like
Model N: 1763813.6935035018
Done mass_function_like status = 0 

Pipeline ran okay.
Likelihood mass_function_like_m_n = -4381.09813420102
Posterior = -4374.421342508589 for parameter set #47: [0.3007088731733437, 0.7994131609893121, -0.9995]
Running module mass_function_like
Model N: 1767621.2418409672
Done mass_function_like status = 0 

Pipeline ran okay.
Likelihood mass_function_like_m_n = -4114.2505170963705
Posterior = -4107.575120982666 for parameter set #47: [0.3008840910140897, 0.800201004997357, -0.9995]
Running module mass_function_like
Model N: 1761275.9465612972
Done mass_function_like status = 0 

Pipeline ran okay.
Likelihood mass_function_like_m_n = -4563.8407931774855
Posterior = -4557.161502938245 for parameter set #47: [0.3000528376186246, 0.8000785154555137, -0.9995]
Running module mass_function_like
Model N: 1778853.8319897447
Done mass_function_like status = 0 

Pipeline ran okay.
Likelihood mass_function_like_m_n = -3377.9665177688003
Posterior = -3371.3035911844427 for parameter set #48: [0.3018098405428481, 0.8016251856586095, -0.9995]
Model N: 1766316.4391147525
Done mass_function_like status = 0 

Pipeline ran okay.
Likelihood mass_function_like_m_n = -4204.706800915301
Posterior = -4198.028415437415 for parameter set #48: [0.3004286538054501, 0.8008057707058235, -0.9995]
Model N: 1762761.7013534647
Done mass_function_like status = 0 

Pipeline ran okay.
Likelihood mass_function_like_m_n = -4456.376598950475
Posterior = -4449.697311237407 for parameter set #48: [0.3000574199306106, 0.800527973135482, -0.9995]
Model N: 1765273.5757734764
Done mass_function_like status = 0 

Pipeline ran okay.
Likelihood mass_function_like_m_n = -4277.745267093182
Posterior = -4271.066390073087 for parameter set #48: [0.3002922937616304, 0.8007849190622117, -0.9995]
Running module mass_function_like
Running module mass_function_like
Running module mass_function_like
Running module mass_function_like
Model N: 1759705.7128206636
Done mass_function_like status = 0 

Pipeline ran okay.
Likelihood mass_function_like_m_n = -4678.876774713397
Posterior = -4672.197918540321 for parameter set #49: [0.2997006589790492, 0.8003995666213898, -0.9995]
Running module mass_function_like
Model N: 1771377.5834752421
Done mass_function_like status = 0 

Pipeline ran okay.
Likelihood mass_function_like_m_n = -3859.582788746804
Posterior = -3852.9245101855727 for parameter set #49: [0.3020506407329839, 0.7987893166286605, -0.9995]
Running module mass_function_like
Model N: 1784071.5292125253
Done mass_function_like status = 0 

Pipeline ran okay.
Likelihood mass_function_like_m_n = -3061.6363157890737
Posterior = -3055.014220765833 for parameter set #49: [0.30338257816080627, 0.799763568981373, -0.9995]
Running module mass_function_like
Model N: 1765308.8804367671
Done mass_function_like status = 0 

Pipeline ran okay.
Likelihood mass_function_like_m_n = -4275.2618733383715
Posterior = -4268.582876577213 for parameter set #49: [0.3002479665911548, 0.8008943763670748, -0.9995]
Running module mass_function_like
Model N: 1762237.9598564343
Done mass_function_like status = 0 

Pipeline ran okay.
Likelihood mass_function_like_m_n = -4494.10536012426
Posterior = -4487.426387448703 for parameter set #50: [0.3002574967001475, 0.7999232071909232, -0.9995]
Running module mass_function_like
Model N: 1768941.1987315877
Done mass_function_like status = 0 

Pipeline ran okay.
Likelihood mass_function_like_m_n = -4023.791217394173
Posterior = -4017.1150105552097 for parameter set #50: [0.30078706535262617, 0.8008239811513448, -0.9995]
Running module mass_function_like
Model N: 1766595.403884907
Done mass_function_like status = 0 

Pipeline ran okay.
Likelihood mass_function_like_m_n = -4185.2807852476835
Posterior = -4178.60271443886 for parameter set #50: [0.3004966667869707, 0.8007411340575378, -0.9995]
Running module mass_function_like
Model N: 1757831.7000162906
Done mass_function_like status = 0 

Pipeline ran okay.
Likelihood mass_function_like_m_n = -4818.137191262096
Posterior = -4811.461149298092 for parameter set #50: [0.2991922581716824, 0.8009473414982395, -0.9995]
Running module mass_function_like
Model N: 1756782.76490987
Done mass_function_like status = 0 

Pipeline ran okay.
Likelihood mass_function_like_m_n = -4897.022077322006
Posterior = -4890.344196120366 for parameter set #51: [0.2994665214773798, 0.8000138334296468, -0.9995]
Running module mass_function_like
Model N: 1761102.0640551595
Done mass_function_like status = 0 

Pipeline ran okay.
Likelihood mass_function_like_m_n = -4576.505505278707
Posterior = -4569.826215097065 for parameter set #51: [0.30005294651784953, 0.800024572531278, -0.9995]
Running module mass_function_like
Model N: 1766370.537284077
Done mass_function_like status = 0 

Pipeline ran okay.
Likelihood mass_function_like_m_n = -4200.935932766646
Posterior = -4194.260360333891 for parameter set #51: [0.30086391730569245, 0.7998595907569883, -0.9995]
Running module mass_function_like
Model N: 1764376.393236099
Done mass_function_like status = 0 

Pipeline ran okay.
Likelihood mass_function_like_m_n = -4341.108423694968
Posterior = -4334.429869998656 for parameter set #51: [0.30038742792825246, 0.8002967750776374, -0.9995]
Running module mass_function_like
Model N: 1766166.1239135256
Done mass_function_like status = 0 

Pipeline ran okay.
Likelihood mass_function_like_m_n = -4215.193702340126
Posterior = -4208.5146516530995 for parameter set #52: [0.29977482838391695, 0.8022135055129561, -0.9995]
Model N: 1762927.7369015864
Done mass_function_like status = 0 

Pipeline ran okay.
Likelihood mass_function_like_m_n = -4444.450722698122
Posterior = -4437.7720395633005 for parameter set #52: [0.30035243821833435, 0.7999265079754153, -0.9995]
Model N: 1767112.2698986533
Done mass_function_like status = 0 

Pipeline ran okay.
Likelihood mass_function_like_m_n = -4149.412764500827
Posterior = -4142.740198920311 for parameter set #52: [0.30116091496629854, 0.7994335154263656, -0.9995]
Model N: 1765512.2996411917
Done mass_function_like status = 0 

Pipeline ran okay.
Likelihood mass_function_like_m_n = -4260.967719931155
Posterior = -4254.291807246977 for parameter set #52: [0.30082359141956455, 0.7996838668116156, -0.9995]
Running module mass_function_like
Running module mass_function_like
Running module mass_function_like
Running module mass_function_like
Model N: 1756864.9613272466
Done mass_function_like status = 0 

Pipeline ran okay.
Likelihood mass_function_like_m_n = -4890.816204033792
Posterior = -4884.137477810156 for parameter set #53: [0.299660007448691, 0.7996107546580493, -0.9995]
Running module mass_function_like
Model N: 1759812.0740169326
Done mass_function_like status = 0 

Pipeline ran okay.
Likelihood mass_function_like_m_n = -4671.037236712873
Posterior = -4664.358192871082 for parameter set #53: [0.3002281913754275, 0.7992392674257842, -0.9995]
Running module mass_function_like
Model N: 1765704.4550239122
Done mass_function_like status = 0 

Pipeline ran okay.
Likelihood mass_function_like_m_n = -4247.48810723424
Posterior = -4240.812319706723 for parameter set #53: [0.30083865020050365, 0.7997098949423376, -0.9995]
Running module mass_function_like
Model N: 1757120.272099808
Done mass_function_like status = 0 

Pipeline ran okay.
Likelihood mass_function_like_m_n = -4871.566477514803
Posterior = -4864.88797188869 for parameter set #53: [0.29960035711028477, 0.7998216435909821, -0.9995]
Running module mass_function_like
Model N: 1810732.2663541173
Done mass_function_like status = 0 

Pipeline ran okay.
Likelihood mass_function_like_m_n = -1695.5568643212318
Posterior = -1689.206934060905 for parameter set #54: [0.3081163284554453, 0.7975865581574867, -0.9995]
Running module mass_function_like
Model N: 1751874.1622626784
Done mass_function_like status = 0 

Pipeline ran okay.
Likelihood mass_function_like_m_n = -5275.136908665299
Posterior = -5268.462964202145 for parameter set #54: [0.29896465125143584, 0.7996062255280921, -0.9995]
Running module mass_function_like
Model N: 1762769.7568577721
Done mass_function_like status = 0 

Pipeline ran okay.
Likelihood mass_function_like_m_n = -4455.797607365996
Posterior = -4449.118304189972 for parameter set #54: [0.3000142988572661, 0.8006261593701423, -0.9995]
Running module mass_function_like
Model N: 1768470.423978038
Done mass_function_like status = 0 

Pipeline ran okay.
Likelihood mass_function_like_m_n = -4055.9335794337094
Posterior = -4049.261053951192 for parameter set #54: [0.30116436384286904, 0.7998443423080593, -0.9995]
Running module mass_function_like
Model N: 1757623.9806013568
Done mass_function_like status = 0 

Pipeline ran okay.
Likelihood mass_function_like_m_n = -4833.705224927515
Posterior = -4827.0269880387095 for parameter set #55: [0.29953798062710935, 0.8001154862207726, -0.9995]
Running module mass_function_like
Model N: 1769816.3882408133
Done mass_function_like status = 0 

Pipeline ran okay.
Likelihood mass_function_like_m_n = -3964.392844222486
Posterior = -3957.720986456104 for parameter set #55: [0.3012203632187614, 0.8001361626183765, -0.9995]
Running module mass_function_like
Model N: 1772911.7657649752
Done mass_function_like status = 0 

Pipeline ran okay.
Likelihood mass_function_like_m_n = -3758.0160549134016
Posterior = -3751.3478107167607 for parameter set #55: [0.30148727950763515, 0.8005018934589622, -0.9995]
Running module mass_function_like
Model N: 1765093.6874339613
Done mass_function_like status = 0 

Pipeline ran okay.
Likelihood mass_function_like_m_n = -4290.410674184561
Posterior = -4283.73677565884 for parameter set #55: [0.3010397761864552, 0.7990784934700947, -0.9995]
Running module mass_function_like
Model N: 1763286.313219338
Done mass_function_like status = 0 

Pipeline ran okay.
Likelihood mass_function_like_m_n = -4418.752350982279
Posterior = -4412.0734227937655 for parameter set #56: [0.2997257702434037, 0.8014543823268779, -0.9995]
Model N: 1765761.114092869
Done mass_function_like status = 0 

Pipeline ran okay.
Likelihood mass_function_like_m_n = -4243.517771407962
Posterior = -4236.839072568644 for parameter set #56: [0.3003479537304004, 0.8008127702706881, -0.9995]
Model N: 1783690.755028922
Done mass_function_like status = 0 

Pipeline ran okay.
Likelihood mass_function_like_m_n = -3084.173473149538
Posterior = -3077.5176654256716 for parameter set #56: [0.30216778571097574, 0.8023297598728436, -0.9995]
Model N: 1762111.0424781335
Done mass_function_like status = 0 

Pipeline ran okay.
Likelihood mass_function_like_m_n = -4503.2732243053615
Posterior = -4496.593996118913 for parameter set #56: [0.299876702099116, 0.800727073554382, -0.9995]
Running module mass_function_like
Running module mass_function_like
Running module mass_function_like
Running module mass_function_like
Model N: 1770801.9060734876
Done mass_function_like status = 0 

Pipeline ran okay.
Likelihood mass_function_like_m_n = -3898.0596469268203
Posterior = -3891.3956034878834 for parameter set #57: [0.3017470408909542, 0.7992792340916944, -0.9995]
Running module mass_function_like
Model N: 1762683.623585065
Done mass_function_like status = 0 

Pipeline ran okay.
Likelihood mass_function_like_m_n = -4461.990504704416
Posterior = -4455.311779488558 for parameter set #57: [0.3003402888340253, 0.7998780283986694, -0.9995]
Model N: 1765855.139024586
Done mass_function_like status = 0 

Pipeline ran okay.
Running module mass_function_like
Likelihood mass_function_like_m_n = -4236.933347571641
Posterior = -4230.25483595435 for parameter set #57: [0.30039814093462613, 0.8007304824994367, -0.9995]
Running module mass_function_like
Model N: 1766037.9549879765
Done mass_function_like status = 0 

Pipeline ran okay.
Likelihood mass_function_like_m_n = -4224.146355051547
Posterior = -4217.467871109875 for parameter set #57: [0.3004050325019226, 0.8007719062457118, -0.9995]
Running module mass_function_like
Model N: 1774971.2404382485
Done mass_function_like status = 0 

Pipeline ran okay.
Likelihood mass_function_like_m_n = -3623.8976791501045
Posterior = -3617.2442990660743 for parameter set #58: [0.30227702060947736, 0.799396019110312, -0.9995]
Running module mass_function_like
Model N: 1755788.1257481694
Done mass_function_like status = 0 

Pipeline ran okay.
Likelihood mass_function_like_m_n = -4972.44583670795
Posterior = -4965.766717105597 for parameter set #58: [0.2998078563258626, 0.7989253932386386, -0.9995]
Running module mass_function_like
Model N: 1768181.0148590053
Done mass_function_like status = 0 

Pipeline ran okay.
Likelihood mass_function_like_m_n = -4075.759572636336
Posterior = -4069.0841488653145 for parameter set #58: [0.30088095712595814, 0.8003809946152203, -0.9995]
Running module mass_function_like
Model N: 1767795.6038187062
Done mass_function_like status = 0 

Pipeline ran okay.
Likelihood mass_function_like_m_n = -4102.240777492523
Posterior = -4095.563326271209 for parameter set #58: [0.3006087654713995, 0.800864202490018, -0.9995]
Running module mass_function_like
Model N: 1845255.5042249975
Done mass_function_like status = 0 

Pipeline ran okay.
Likelihood mass_function_like_m_n = -533.5612584389746
Posterior = -527.9148773284065 for parameter set #59: [0.31437305178270825, 0.7946045991921137, -0.9995]
Running module mass_function_like
Model N: 1762417.6812749577
Done mass_function_like status = 0 

Pipeline ran okay.
Likelihood mass_function_like_m_n = -4481.139966130257
Posterior = -4474.46073416245 for parameter set #59: [0.3001201919321665, 0.8002826084611687, -0.9995]
Running module mass_function_like
Model N: 1762083.048454033
Done mass_function_like status = 0 

Pipeline ran okay.
Likelihood mass_function_like_m_n = -4505.29668924585
Posterior = -4498.617537604901 for parameter set #59: [0.30017467533398723, 0.8000584048901336, -0.9995]
Running module mass_function_like
Model N: 1764605.090819094
Done mass_function_like status = 0 

Pipeline ran okay.
Likelihood mass_function_like_m_n = -4324.910372521728
Posterior = -4318.2321950178275 for parameter set #59: [0.30047469872747823, 0.8001741398839698, -0.9995]
Running module mass_function_like
Model N: 1773095.3667110442
Done mass_function_like status = 0 

Pipeline ran okay.
Likelihood mass_function_like_m_n = -3745.9560511261225
Posterior = -3739.2880448060196 for parameter set #60: [0.3015031884916631, 0.8005236920765211, -0.9995]
Model N: 1789093.6622983955
Done mass_function_like status = 0 

Pipeline ran okay.
Likelihood mass_function_like_m_n = -2772.4275347031653
Posterior = -2765.781198129172 for parameter set #60: [0.3025677859847384, 0.8031171147631302, -0.9995]
Model N: 1763689.1875675814
Done mass_function_like status = 0 

Pipeline ran okay.
Likelihood mass_function_like_m_n = -4389.972448412329
Posterior = -4383.293287218324 for parameter set #60: [0.3001691178909069, 0.8005674884310374, -0.9995]
Model N: 1759798.272758136
Done mass_function_like status = 0 

Pipeline ran okay.
Likelihood mass_function_like_m_n = -4672.054092925042
Posterior = -4665.374809101874 for parameter set #60: [0.2999361640501521, 0.7998797286434712, -0.9995]
Running module mass_function_like
Running module mass_function_like
Running module mass_function_like
Running module mass_function_like
Model N: 1754462.119312168
Done mass_function_like status = 0 

Pipeline ran okay.
Likelihood mass_function_like_m_n = -5073.940401978791
Posterior = -5067.262872539101 for parameter set #61: [0.29940422174921866, 0.7994340309340073, -0.9995]
Running module mass_function_like
Model N: 1758865.2133566171
Done mass_function_like status = 0 

Pipeline ran okay.
Likelihood mass_function_like_m_n = -4741.070127360523
Posterior = -4734.391045914598 for parameter set #61: [0.29978893016058006, 0.7999169307235122, -0.9995]
Running module mass_function_like
Model N: 1769038.4666673178
Done mass_function_like status = 0 

Pipeline ran okay.
Likelihood mass_function_like_m_n = -4017.166888266802
Posterior = -4010.4959417087 for parameter set #61: [0.3012928758802246, 0.7997359279683978, -0.9995]
Running module mass_function_like
Model N: 1799733.7322206201
Done mass_function_like status = 0 

Pipeline ran okay.
Likelihood mass_function_like_m_n = -2208.7830343469977
Posterior = -2202.269023595723 for parameter set #61: [0.30574966863454783, 0.7993790053708649, -0.9995]
Running module mass_function_like
Model N: 1748103.9705034222
Done mass_function_like status = 0 

Pipeline ran okay.
Likelihood mass_function_like_m_n = -5575.626655139029
Posterior = -5568.95706659513 for parameter set #62: [0.29860603770419286, 0.7992338844486998, -0.9995]
Running module mass_function_like
Model N: 1750039.2558089208
Done mass_function_like status = 0 

Pipeline ran okay.
Likelihood mass_function_like_m_n = -5420.286170754582
Posterior = -5413.613355026854 for parameter set #62: [0.2988608362204942, 0.7992684610181783, -0.9995]
Running module mass_function_like
Model N: 1763909.0939302102
Done mass_function_like status = 0 

Pipeline ran okay.
Likelihood mass_function_like_m_n = -4374.304721906781
Posterior = -4367.62675118402 for parameter set #62: [0.3005164253185626, 0.799867133445897, -0.9995]
Running module mass_function_like
Model N: 1762193.6162297449
Done mass_function_like status = 0 

Pipeline ran okay.
Likelihood mass_function_like_m_n = -4497.307403594255
Posterior = -4490.6283714456795 for parameter set #62: [0.30023325939829343, 0.7999627721920535, -0.9995]
Running module mass_function_like
Model N: 1767014.4410603496
Done mass_function_like status = 0 

Pipeline ran okay.
Likelihood mass_function_like_m_n = -4156.189211253077
Posterior = -4149.517572128295 for parameter set #63: [0.30123814971051266, 0.799233390731093, -0.9995]
Running module mass_function_like
Model N: 1767027.0721648915
Done mass_function_like status = 0 

Pipeline ran okay.
Likelihood mass_function_like_m_n = -4155.313949301839
Posterior = -4148.643766908339 for parameter set #63: [0.3013506890693449, 0.7989895509844334, -0.9995]
Running module mass_function_like
Model N: 1762327.977451686
Done mass_function_like status = 0 

Pipeline ran okay.
Likelihood mass_function_like_m_n = -4487.608888860792
Posterior = -4480.9300395985165 for parameter set #63: [0.30030164085757277, 0.7998533481733735, -0.9995]
Running module mass_function_like
Model N: 1764852.9984984628
Done mass_function_like status = 0 

Pipeline ran okay.
Likelihood mass_function_like_m_n = -4307.3875680454075
Posterior = -4300.711112076903 for parameter set #63: [0.30075474893913234, 0.7996324604927538, -0.9995]
Running module mass_function_like
Model N: 1765650.3654374722
Done mass_function_like status = 0 

Pipeline ran okay.
Likelihood mass_function_like_m_n = -4251.280203975737
Posterior = -4244.601077578964 for parameter set #64: [0.3001885744078062, 0.8011320458527784, -0.9995]
Model N: 1764095.181314143
Done mass_function_like status = 0 

Pipeline ran okay.
Likelihood mass_function_like_m_n = -4361.06944533065
Posterior = -4354.390659044976 for parameter set #64: [0.29967815760481087, 0.8018115949040366, -0.9995]
Model N: 1758920.2759301388
Done mass_function_like status = 0 

Pipeline ran okay.
Likelihood mass_function_like_m_n = -4736.982530523092
Posterior = -4730.3064726891 for parameter set #64: [0.2991942253021797, 0.8012809248182999, -0.9995]
Model N: 1772392.5081788402
Done mass_function_like status = 0 

Pipeline ran okay.
Likelihood mass_function_like_m_n = -3792.2336947135627
Posterior = -3785.5698051455915 for parameter set #64: [0.3017558263204996, 0.7997491184174621, -0.9995]
Running module mass_function_like
Running module mass_function_like
Running module mass_function_like
Running module mass_function_like
Model N: 1775757.3170103864
Done mass_function_like status = 0 

Pipeline ran okay.
Likelihood mass_function_like_m_n = -3573.377383571118
Posterior = -3566.7453785558846 for parameter set #65: [0.3030756847392679, 0.7978885824819353, -0.9995]
Running module mass_function_like
Model N: 1772913.9031779747
Done mass_function_like status = 0 

Pipeline ran okay.
Likelihood mass_function_like_m_n = -3757.875540331006
Posterior = -3751.2140926355537 for parameter set #65: [0.30188978849916054, 0.7996149634263386, -0.9995]
Running module mass_function_like
Model N: 1757921.9328729864
Done mass_function_like status = 0 

Pipeline ran okay.
Likelihood mass_function_like_m_n = -4811.382691949606
Posterior = -4804.704046601732 for parameter set #65: [0.29963699850238795, 0.7999885528345246, -0.9995]
Running module mass_function_like
Model N: 1780160.748593594
Done mass_function_like status = 0 

Pipeline ran okay.
Likelihood mass_function_like_m_n = -3297.2106432020664
Posterior = -3290.553226918528 for parameter set #65: [0.3020922674194072, 0.8014039552843412, -0.9995]
Running module mass_function_like
Model N: 1767639.1633944057
Done mass_function_like status = 0 

Pipeline ran okay.
Likelihood mass_function_like_m_n = -4113.0152650512755
Posterior = -4106.342520727815 for parameter set #66: [0.30114541475895124, 0.7996298516941573, -0.9995]
Running module mass_function_like
Model N: 1768923.2914930207
Done mass_function_like status = 0 

Pipeline ran okay.
Likelihood mass_function_like_m_n = -4025.011393468827
Posterior = -4018.334824821707 for parameter set #66: [0.30073966900572074, 0.800923505138064, -0.9995]
Running module mass_function_like
Model N: 1761285.0888425354
Done mass_function_like status = 0 

Pipeline ran okay.
Likelihood mass_function_like_m_n = -4563.1754258051515
Posterior = -4556.497601603484 for parameter set #66: [0.2994559417965868, 0.8014333418240162, -0.9995]
Running module mass_function_like
Model N: 1761136.3351580182
Done mass_function_like status = 0 

Pipeline ran okay.
Likelihood mass_function_like_m_n = -4574.007916167378
Posterior = -4567.328675063397 for parameter set #66: [0.3001123337251268, 0.799903565628518, -0.9995]
Running module mass_function_like
Model N: 1751619.709387881
Done mass_function_like status = 0 

Pipeline ran okay.
Likelihood mass_function_like_m_n = -5295.141372475773
Posterior = -5288.469348112438 for parameter set #67: [0.2987933654260682, 0.7999067974299937, -0.9995]
Running module mass_function_like
Model N: 1764411.4941659956
Done mass_function_like status = 0 

Pipeline ran okay.
Likelihood mass_function_like_m_n = -4338.620254654437
Posterior = -4331.941979975203 for parameter set #67: [0.3004537662562161, 0.800160763022797, -0.9995]
Running module mass_function_like
Model N: 1766576.0903462742
Done mass_function_like status = 0 

Pipeline ran okay.
Likelihood mass_function_like_m_n = -4186.624186325818
Posterior = -4179.949011967906 for parameter set #67: [0.30090882786027456, 0.7998238587598376, -0.9995]
Running module mass_function_like
Model N: 1751062.3701700876
Done mass_function_like status = 0 

Pipeline ran okay.
Likelihood mass_function_like_m_n = -5339.097350832075
Posterior = -5332.423473098942 for parameter set #67: [0.2989582260151741, 0.7993695962412001, -0.9995]
Running module mass_function_like
Model N: 1765400.3505378128
Done mass_function_like status = 0 

Pipeline ran okay.
Likelihood mass_function_like_m_n = -4268.831216659397
Posterior = -4262.152119845397 for parameter set #68: [0.300203658689958, 0.801021071541683, -0.9995]
Model N: 1779285.2706698005
Done mass_function_like status = 0 

Pipeline ran okay.
Likelihood mass_function_like_m_n = -3351.1947310119867
Posterior = -3344.545397636221 for parameter set #68: [0.30244829828837255, 0.800346831222598, -0.9995]
Model N: 1783662.8263185364
Done mass_function_like status = 0 

Pipeline ran okay.
Likelihood mass_function_like_m_n = -3085.829898953438
Posterior = -3079.1717775532798 for parameter set #68: [0.30205829046307686, 0.8025646369858518, -0.9995]
Model N: 1767717.7344159577
Done mass_function_like status = 0 

Pipeline ran okay.
Likelihood mass_function_like_m_n = -4107.602010302246
Posterior = -4100.933336442668 for parameter set #68: [0.3014581041617968, 0.7989656548866687, -0.9995]
Running module mass_function_like
Running module mass_function_like
Running module mass_function_like
Running module mass_function_like
Model N: 1767892.4431722232
Done mass_function_like status = 0 

Pipeline ran okay.
Likelihood mass_function_like_m_n = -4095.57859653607
Posterior = -4088.901105749815 for parameter set #69: [0.30060223119398416, 0.8009086566123086, -0.9995]
Running module mass_function_like
Model N: 1766329.7816758032
Done mass_function_like status = 0 

Pipeline ran okay.
Likelihood mass_function_like_m_n = -4203.776604074985
Posterior = -4197.099396567042 for parameter set #69: [0.30064756318107794, 0.8003248474428006, -0.9995]
Running module mass_function_like
Model N: 1757965.6013063395
Done mass_function_like status = 0 

Pipeline ran okay.
Likelihood mass_function_like_m_n = -4808.115621462464
Posterior = -4801.436903362526 for parameter set #69: [0.2996576264109433, 0.7999563951961782, -0.9995]
Running module mass_function_like
Model N: 1766065.2893266473
Done mass_function_like status = 0 

Pipeline ran okay.
Likelihood mass_function_like_m_n = -4222.236205302179
Posterior = -4215.557783201087 for parameter set #69: [0.3004200231465745, 0.8007469650445216, -0.9995]
Running module mass_function_like
Model N: 1826949.880208245
Done mass_function_like status = 0 

Pipeline ran okay.
Likelihood mass_function_like_m_n = -1065.7302087508142
Posterior = -1059.5991090916475 for parameter set #70: [0.3104709554401068, 0.7974183143972142, -0.9995]
Running module mass_function_like
Model N: 1760237.7055676754
Done mass_function_like status = 0 

Pipeline ran okay.
Likelihood mass_function_like_m_n = -4639.734384648502
Posterior = -4633.055394653974 for parameter set #70: [0.2997493194135483, 0.8004294944126911, -0.9995]
Running module mass_function_like
Model N: 1772550.8607055491
Done mass_function_like status = 0 

Pipeline ran okay.
Likelihood mass_function_like_m_n = -3781.7815179638565
Posterior = -3775.1161036552153 for parameter set #70: [0.30166672671239214, 0.7999944568510634, -0.9995]
Running module mass_function_like
Model N: 1762048.6533951645
Done mass_function_like status = 0 

Pipeline ran okay.
Likelihood mass_function_like_m_n = -4507.783486906439
Posterior = -4501.104753505536 for parameter set #70: [0.3003378749493809, 0.7996873356242881, -0.9995]
Running module mass_function_like
Model N: 1760843.170935409
Done mass_function_like status = 0 

Pipeline ran okay.
Likelihood mass_function_like_m_n = -4595.396085582674
Posterior = -4588.718020034077 for parameter set #71: [0.3004977247660164, 0.7989630245667758, -0.9995]
Running module mass_function_like
Model N: 1777485.969791368
Done mass_function_like status = 0 

Pipeline ran okay.
Likelihood mass_function_like_m_n = -3463.5806575119495
Posterior = -3456.932795523238 for parameter set #71: [0.3025076765979185, 0.7996621810853954, -0.9995]
Running module mass_function_like
Model N: 1762643.6043837182
Done mass_function_like status = 0 

Pipeline ran okay.
Likelihood mass_function_like_m_n = -4464.869380835444
Posterior = -4458.190759240404 for parameter set #71: [0.3003694870148448, 0.7998010808302115, -0.9995]
Running module mass_function_like
Model N: 1764922.2246880275
Done mass_function_like status = 0 

Pipeline ran okay.
Likelihood mass_function_like_m_n = -4302.501127764583
Posterior = -4295.824551205251 for parameter set #71: [0.3007385985348876, 0.7996893595085952, -0.9995]
Running module mass_function_like
Model N: 1765207.28233776
Done mass_function_like status = 0 

Pipeline ran okay.
Likelihood mass_function_like_m_n = -4282.410508994013
Posterior = -4275.731594591008 for parameter set #72: [0.3002792114987587, 0.8007933373754614, -0.9995]
Model N: 1761895.7209221632
Done mass_function_like status = 0 

Pipeline ran okay.
Likelihood mass_function_like_m_n = -4518.849377434701
Posterior = -4512.170076129942 for parameter set #72: [0.2999759436022693, 0.8004404423968798, -0.9995]
Model N: 1768379.253803711
Done mass_function_like status = 0 

Pipeline ran okay.
Likelihood mass_function_like_m_n = -4062.1737386882305
Posterior = -4055.4971115648536 for parameter set #72: [0.30073172056596104, 0.8007728006940805, -0.9995]
Model N: 1773343.896504932
Done mass_function_like status = 0 

Pipeline ran okay.
Likelihood mass_function_like_m_n = -3729.66340598464
Posterior = -3723.0022805070957 for parameter set #72: [0.3019067627417115, 0.7997099989027431, -0.9995]
Running module mass_function_like
Running module mass_function_like
Running module mass_function_like
Running module mass_function_like
Model N: 1776564.37777872
Done mass_function_like status = 0 

Pipeline ran okay.
Likelihood mass_function_like_m_n = -3521.8936664164066
Posterior = -3515.2727205413194 for parameter set #73: [0.30341638180603375, 0.7973926091379052, -0.9995]
Running module mass_function_like
Model N: 1767912.9877831838
Done mass_function_like status = 0 

Pipeline ran okay.
Likelihood mass_function_like_m_n = -4094.165934048593
Posterior = -4087.489680698764 for parameter set #73: [0.30078113359691844, 0.8005190771469805, -0.9995]
Running module mass_function_like
Model N: 1761090.9119451304
Done mass_function_like status = 0 

Pipeline ran okay.
Likelihood mass_function_like_m_n = -4577.318396437913
Posterior = -4570.639308998393 for parameter set #73: [0.30020821084991894, 0.7996779792491109, -0.9995]
Running module mass_function_like
Model N: 1766028.6012140121
Done mass_function_like status = 0 

Pipeline ran okay.
Likelihood mass_function_like_m_n = -4224.800109677017
Posterior = -4218.121603966786 for parameter set #73: [0.3003996218410224, 0.8007809084190818, -0.9995]
Running module mass_function_like
Model N: 1775185.219868498
Done mass_function_like status = 0 

Pipeline ran okay.
Likelihood mass_function_like_m_n = -3610.1087565496564
Posterior = -3603.4563046793737 for parameter set #74: [0.30231742650487936, 0.7993731732747097, -0.9995]
Running module mass_function_like
Model N: 1769120.127455928
Done mass_function_like status = 0 

Pipeline ran okay.
Likelihood mass_function_like_m_n = -4011.6098781973124
Posterior = -4004.9332055146065 for parameter set #74: [0.300725467518794, 0.8010158243589859, -0.9995]
Running module mass_function_like
Model N: 1767491.438021656
Done mass_function_like status = 0 

Pipeline ran okay.
Likelihood mass_function_like_m_n = -4123.203108560294
Posterior = -4116.526118539668 for parameter set #74: [0.3006803201722914, 0.8006115733185734, -0.9995]
Running module mass_function_like
Model N: 1767903.5974503919
Done mass_function_like status = 0 

Pipeline ran okay.
Likelihood mass_function_like_m_n = -4094.8115885443985
Posterior = -4088.133704519223 for parameter set #74: [0.30053294899094424, 0.8010659409817481, -0.9995]
Running module mass_function_like
Model N: 1891180.7730217471
Done mass_function_like status = 0 

Pipeline ran okay.
Likelihood mass_function_like_m_n = -8.923393402248621
Posterior = -4.689272181825369 for parameter set #75: [0.3221141718266226, 0.7919906160277465, -0.9995]
Running module mass_function_like
Model N: 1766762.8202907783
Done mass_function_like status = 0 

Pipeline ran okay.
Likelihood mass_function_like_m_n = -4173.645184788853
Posterior = -4166.970378503806 for parameter set #75: [0.3009484633112091, 0.7997939569351699, -0.9995]
Running module mass_function_like
Model N: 1771628.6359939363
Done mass_function_like status = 0 

Pipeline ran okay.
Likelihood mass_function_like_m_n = -3842.865555625409
Posterior = -3836.194387186018 for parameter set #75: [0.3012755985982641, 0.8005735913591665, -0.9995]
Running module mass_function_like
Model N: 1782546.8922054956
Done mass_function_like status = 0 

Pipeline ran okay.
Likelihood mass_function_like_m_n = -3152.394115589559
Posterior = -3145.762013871958 for parameter set #75: [0.30307253903829795, 0.799976361080208, -0.9995]
Running module mass_function_like
Model N: 1795286.7325458496
Done mass_function_like status = 0 

Pipeline ran okay.
Likelihood mass_function_like_m_n = -2436.2794346287847
Posterior = -2429.7048903673935 for parameter set #76: [0.30457733409134535, 0.8005845969134741, -0.9995]
Model N: 1736775.2886219383
Done mass_function_like status = 0 

Pipeline ran okay.
Likelihood mass_function_like_m_n = -6531.57314760983
Posterior = -6524.970653568073 for parameter set #76: [0.29608055727038673, 0.801330694035176, -0.9995]
Model N: 1767985.7421582758
Done mass_function_like status = 0 

Pipeline ran okay.
Likelihood mass_function_like_m_n = -4089.165341679007
Posterior = -4082.4882238182713 for parameter set #76: [0.30066126206219224, 0.8008068656873772, -0.9995]
Model N: 1777483.3620583615
Done mass_function_like status = 0 

Pipeline ran okay.
Likelihood mass_function_like_m_n = -3463.744942933321
Posterior = -3457.097070290167 for parameter set #76: [0.3025072516888378, 0.799662450396032, -0.9995]
Running module mass_function_like
Running module mass_function_like
Running module mass_function_like
Running module mass_function_like
Model N: 1757649.0266252887
Done mass_function_like status = 0 

Pipeline ran okay.
Likelihood mass_function_like_m_n = -4831.8266910761595
Posterior = -4825.1500329555 for parameter set #77: [0.29927252798672305, 0.8007122703650891, -0.9995]
Running module mass_function_like
Model N: 1771156.1025419936
Done mass_function_like status = 0 

Pipeline ran okay.
Likelihood mass_function_like_m_n = -3874.362401857972
Posterior = -3867.6945271250333 for parameter set #77: [0.3015119170196299, 0.7999059970430593, -0.9995]
Running module mass_function_like
Model N: 1754854.8239475319
Done mass_function_like status = 0 

Pipeline ran okay.
Likelihood mass_function_like_m_n = -5043.769771896303
Posterior = -5037.092444040336 for parameter set #77: [0.29937129619954544, 0.7996281720400847, -0.9995]
Running module mass_function_like
Model N: 1793929.9570768604
Done mass_function_like status = 0 

Pipeline ran okay.
Likelihood mass_function_like_m_n = -2507.9938592873514
Posterior = -2501.428971142323 for parameter set #77: [0.3047836398961861, 0.7997155794997858, -0.9995]
Running module mass_function_like
Model N: 1747832.3242364852
Done mass_function_like status = 0 

Pipeline ran okay.
Likelihood mass_function_like_m_n = -5597.616239387542
Posterior = -5590.954379502438 for parameter set #78: [0.29813215026265216, 0.8001997600861527, -0.9995]
Running module mass_function_like
Model N: 1766344.0323648565
Done mass_function_like status = 0 

Pipeline ran okay.
Likelihood mass_function_like_m_n = -4202.783214781433
Posterior = -4196.107113187778 for parameter set #78: [0.3008003255155772, 0.7999918688083748, -0.9995]
Running module mass_function_like
Model N: 1760738.9636327936
Done mass_function_like status = 0 

Pipeline ran okay.
Likelihood mass_function_like_m_n = -4603.011278409511
Posterior = -4596.332267162911 for parameter set #78: [0.3002420544198184, 0.7994944922664534, -0.9995]
Running module mass_function_like
Model N: 1765614.0002266953
Done mass_function_like status = 0 

Pipeline ran okay.
Likelihood mass_function_like_m_n = -4253.830682236701
Posterior = -4247.153736557141 for parameter set #78: [0.30068680692336414, 0.8000171161128077, -0.9995]
Running module mass_function_like
Model N: 1765432.2527847833
Done mass_function_like status = 0 

Pipeline ran okay.
Likelihood mass_function_like_m_n = -4266.589574161917
Posterior = -4259.911240222615 for parameter set #79: [0.30044051311174547, 0.8005058226370567, -0.9995]
Running module mass_function_like
Model N: 1762881.3797610796
Done mass_function_like status = 0 

Pipeline ran okay.
Likelihood mass_function_like_m_n = -4447.778741881251
Posterior = -4441.099796725318 for parameter set #79: [0.30026797103459996, 0.8000987144802295, -0.9995]
Running module mass_function_like
Model N: 1769772.747525917
Done mass_function_like status = 0 

Pipeline ran okay.
Likelihood mass_function_like_m_n = -3967.343753501773
Posterior = -3960.68532955488 for parameter set #79: [0.30204353866698497, 0.7983126633054286, -0.9995]
Running module mass_function_like
Model N: 1754349.521119658
Done mass_function_like status = 0 

Pipeline ran okay.
Likelihood mass_function_like_m_n = -5082.60853304714
Posterior = -5075.932317014421 for parameter set #79: [0.29921410362119705, 0.7998197535276339, -0.9995]
Running module mass_function_like
Model N: 1765649.4516498023
Done mass_function_like status = 0 

Pipeline ran okay.
Likelihood mass_function_like_m_n = -4251.344282764941
Posterior = -4244.665522514174 for parameter set #80: [0.30032983254626794, 0.8008183332181601, -0.9995]
Model N: 1765614.4290871643
Done mass_function_like status = 0 

Pipeline ran okay.
Likelihood mass_function_like_m_n = -4253.800599388778
Posterior = -4247.121436711077 for parameter set #80: [0.3001682382885446, 0.8011658807714033, -0.9995]
Model N: 1798498.185272603
Done mass_function_like status = 0 

Pipeline ran okay.
Likelihood mass_function_like_m_n = -2270.8304934836924
Posterior = -2264.1886835859377 for parameter set #80: [0.30273840466533175, 0.8056685913732142, -0.9995]
Model N: 1770924.6808201028
Done mass_function_like status = 0 

Pipeline ran okay.
Likelihood mass_function_like_m_n = -3889.8369373492897
Posterior = -3883.170437195484 for parameter set #80: [0.3016002527615634, 0.7996399660276828, -0.9995]
Running module mass_function_like
Running module mass_function_like
Running module mass_function_like
Running module mass_function_like
Model N: 1755602.7114719825
Done mass_function_like status = 0 

Pipeline ran okay.
Likelihood mass_function_like_m_n = -4986.572882987559
Posterior = -4979.895542270843 for parameter set #81: [0.2993733451357732, 0.7998548253347738, -0.9995]
Running module mass_function_like
Model N: 1756558.1565789538
Done mass_function_like status = 0 

Pipeline ran okay.
Likelihood mass_function_like_m_n = -4914.001221138984
Posterior = -4907.338328780509 for parameter set #81: [0.29818826934478915, 0.802792892201146, -0.9995]
Running module mass_function_like
Model N: 1769483.1882461582
Done mass_function_like status = 0 

Pipeline ran okay.
Likelihood mass_function_like_m_n = -3986.952352911234
Posterior = -3980.2790697001064 for parameter set #81: [0.30109735930150255, 0.800304678182129, -0.9995]
Running module mass_function_like
Model N: 1766163.3160589116
Done mass_function_like status = 0 

Pipeline ran okay.
Likelihood mass_function_like_m_n = -4215.389725539833
Posterior = -4208.711404179175 for parameter set #81: [0.3004433593693523, 0.8007256571791428, -0.9995]
Running module mass_function_like
Model N: 1769287.0694159777
Done mass_function_like status = 0 

Pipeline ran okay.
Likelihood mass_function_like_m_n = -4000.2620184347034
Posterior = -3993.5854402058585 for parameter set #82: [0.30073837246227925, 0.8010389211886404, -0.9995]
Running module mass_function_like
Model N: 1764762.2715005893
Done mass_function_like status = 0 

Pipeline ran okay.
Likelihood mass_function_like_m_n = -4313.796078696847
Posterior = -4307.117037425835 for parameter set #82: [0.30022931519751617, 0.8007663843751569, -0.9995]
Running module mass_function_like
Model N: 1776048.8936349975
Done mass_function_like status = 0 

Pipeline ran okay.
Likelihood mass_function_like_m_n = -3554.732224907726
Posterior = -3548.0979099472956 for parameter set #82: [0.3029996412412071, 0.7981436691820948, -0.9995]
Running module mass_function_like
Model N: 1673072.722122033
Done mass_function_like status = 0 

Pipeline ran okay.
Likelihood mass_function_like_m_n = -13434.954641282558
Posterior = -13429.329330702087 for parameter set #82: [0.28548109082720774, 0.8052861082713906, -0.9995]
Running module mass_function_like
Model N: 1772825.5156641994
Done mass_function_like status = 0 

Pipeline ran okay.
Likelihood mass_function_like_m_n = -3763.6884705349803
Posterior = -3757.04443617352 for parameter set #83: [0.30265593060337287, 0.7979084041213232, -0.9995]
Running module mass_function_like
Model N: 1743094.6649185757
Done mass_function_like status = 0 

Pipeline ran okay.
Likelihood mass_function_like_m_n = -5988.47836388275
Posterior = -5981.833503622846 for parameter set #83: [0.2973753499887924, 0.8004110086533816, -0.9995]
Running module mass_function_like
Model N: 1756097.5374445117
Done mass_function_like status = 0 

Pipeline ran okay.
Likelihood mass_function_like_m_n = -4948.918121915311
Posterior = -4942.238834601758 for parameter set #83: [0.299941888456029, 0.7987256517598945, -0.9995]
Running module mass_function_like
Model N: 1763702.7858727577
Done mass_function_like status = 0 

Pipeline ran okay.
Likelihood mass_function_like_m_n = -4389.002754408866
Posterior = -4382.3239147420245 for parameter set #83: [0.30030480533729564, 0.800271046044153, -0.9995]
Running module mass_function_like
Model N: 1766031.69687648
Done mass_function_like status = 0 

Pipeline ran okay.
Likelihood mass_function_like_m_n = -4224.583741553128
Posterior = -4217.905720700245 for parameter set #84: [0.3005066251923174, 0.8005447949257931, -0.9995]
Model N: 1781285.0948931538
Done mass_function_like status = 0 

Pipeline ran okay.
Likelihood mass_function_like_m_n = -3228.550986841321
Posterior = -3221.9094735974936 for parameter set #84: [0.3027492164150166, 0.8002998410150041, -0.9995]
Model N: 1794045.3009225794
Done mass_function_like status = 0 

Pipeline ran okay.
Likelihood mass_function_like_m_n = -2501.855173021555
Posterior = -2495.33619041254 for parameter set #84: [0.30566253634505486, 0.7978344745099055, -0.9995]
Model N: 1764410.677306347
Done mass_function_like status = 0 

Pipeline ran okay.
Likelihood mass_function_like_m_n = -4338.678150173277
Posterior = -4331.9993026980155 for parameter set #84: [0.2996977672918376, 0.8018660483833432, -0.9995]
Running module mass_function_like
Running module mass_function_like
Running module mass_function_like
Running module mass_function_like
Model N: 1777752.390151483
Done mass_function_like status = 0 

Pipeline ran okay.
Likelihood mass_function_like_m_n = -3446.8177844919264
Posterior = -3440.17663058398 for parameter set #85: [0.3027622559752396, 0.7991851866871575, -0.9995]
Running module mass_function_like
Model N: 1771848.6658072069
Done mass_function_like status = 0 

Pipeline ran okay.
Likelihood mass_function_like_m_n = -3828.245280150324
Posterior = -3821.576504023508 for parameter set #85: [0.3014510734987425, 0.8002536274098563, -0.9995]
Running module mass_function_like
Model N: 1767203.9160390887
Done mass_function_like status = 0 

Pipeline ran okay.
Likelihood mass_function_like_m_n = -4143.069836802781
Posterior = -4136.3930468260805 for parameter set #85: [0.30070911516838333, 0.800459168663273, -0.9995]
Running module mass_function_like
Model N: 1762686.0921888927
Done mass_function_like status = 0 

Pipeline ran okay.
Likelihood mass_function_like_m_n = -4461.812951728702
Posterior = -4455.134132217041 for parameter set #85: [0.3003113476031863, 0.7999427346175797, -0.9995]
Running module mass_function_like
Model N: 1942024.6516256738
Done mass_function_like status = 0 

Pipeline ran okay.
Likelihood mass_function_like_m_n = -725.8962138704956
Posterior = -723.9000427431522 for parameter set #86: [0.33060435613100475, 0.789408516699637, -0.9995]
Running module mass_function_like
Model N: 1758033.7682124716
Done mass_function_like status = 0 

Pipeline ran okay.
Likelihood mass_function_like_m_n = -4803.018018830568
Posterior = -4796.339119549279 for parameter set #86: [0.29971542416791963, 0.7998495249327179, -0.9995]
Running module mass_function_like
Model N: 1772165.1742136497
Done mass_function_like status = 0 

Pipeline ran okay.
Likelihood mass_function_like_m_n = -3807.2654121294618
Posterior = -3800.6013674671985 for parameter set #86: [0.30174697086677926, 0.7996988204217506, -0.9995]
Running module mass_function_like
Model N: 1777516.3261234052
Done mass_function_like status = 0 

Pipeline ran okay.
Likelihood mass_function_like_m_n = -3461.6685282997787
Posterior = -3455.0128156729065 for parameter set #86: [0.3021721681075823, 0.8004105329442363, -0.9995]
Running module mass_function_like
Model N: 1762107.2776042842
Done mass_function_like status = 0 

Pipeline ran okay.
Likelihood mass_function_like_m_n = -4503.545329283923
Posterior = -4496.866304447035 for parameter set #87: [0.29976362681099245, 0.8009772909653716, -0.9995]
Running module mass_function_like
Model N: 1783259.8700892767
Done mass_function_like status = 0 

Pipeline ran okay.
Likelihood mass_function_like_m_n = -3109.780423641205
Posterior = -3103.151650671165 for parameter set #87: [0.3031790321882742, 0.799961704207035, -0.9995]
Running module mass_function_like
Model N: 1761934.3701567356
Done mass_function_like status = 0 

Pipeline ran okay.
Likelihood mass_function_like_m_n = -4516.051451321691
Posterior = -4509.372433876006 for parameter set #87: [0.30023947969637466, 0.7998691629108644, -0.9995]
Running module mass_function_like
Model N: 1764554.5418154136
Done mass_function_like status = 0 

Pipeline ran okay.
Likelihood mass_function_like_m_n = -4328.487893670797
Posterior = -4321.809409211464 for parameter set #87: [0.30040490467449177, 0.8003131176777337, -0.9995]
Running module mass_function_like
Model N: 1766669.6027535892
Done mass_function_like status = 0 

Pipeline ran okay.
Likelihood mass_function_like_m_n = -4180.121799271554
Posterior = -4173.4445524921975 for parameter set #88: [0.30064147002330527, 0.8004434083436329, -0.9995]
Model N: 1767870.3445895857
Done mass_function_like status = 0 

Pipeline ran okay.
Likelihood mass_function_like_m_n = -4097.098396100104
Posterior = -4090.4195838003243 for parameter set #88: [0.3003136553939358, 0.8015429423621538, -0.9995]
Model N: 1786714.0088534874
Done mass_function_like status = 0 

Pipeline ran okay.
Likelihood mass_function_like_m_n = -2907.603170964867
Posterior = -2900.941935399718 for parameter set #88: [0.30190098043974517, 0.8038649961035055, -0.9995]
Model N: 1773474.5743849357
Done mass_function_like status = 0 

Pipeline ran okay.
Likelihood mass_function_like_m_n = -3721.1115607097745
Posterior = -3714.451075918906 for parameter set #88: [0.30194007254720184, 0.7996768591165988, -0.9995]
Running module mass_function_like
Running module mass_function_like
Running module mass_function_like
Running module mass_function_like
Model N: 1771266.0710162185
Done mass_function_like status = 0 

Pipeline ran okay.
Likelihood mass_function_like_m_n = -3867.0204184129834
Posterior = -3860.352911355314 for parameter set #89: [0.3015360430098649, 0.7998865998978023, -0.9995]
Running module mass_function_like
Model N: 1769024.3598295196
Done mass_function_like status = 0 

Pipeline ran okay.
Likelihood mass_function_like_m_n = -4018.1272652596235
Posterior = -4011.4509672412005 for parameter set #89: [0.3007753940787822, 0.8008755004597581, -0.9995]
Running module mass_function_like
Model N: 1770059.0817291348
Done mass_function_like status = 0 

Pipeline ran okay.
Likelihood mass_function_like_m_n = -3948.003290489316
Posterior = -3941.3572769314965 for parameter set #89: [0.30258033488101, 0.7972281412978178, -0.9995]
Running module mass_function_like
Model N: 1755757.9181802352
Done mass_function_like status = 0 

Pipeline ran okay.
Likelihood mass_function_like_m_n = -4974.745968591422
Posterior = -4968.0690554047 for parameter set #89: [0.29930847825945545, 0.8000466907423532, -0.9995]
Running module mass_function_like
Model N: 1883133.6824815362
Done mass_function_like status = 0 

Pipeline ran okay.
Likelihood mass_function_like_m_n = -18.776250772178173
Posterior = -14.246339629867697 for parameter set #90: [0.3207335142028539, 0.7925039108822168, -0.9995]
Running module mass_function_like
Model N: 1772430.8347612135
Done mass_function_like status = 0 

Pipeline ran okay.
Likelihood mass_function_like_m_n = -3789.702536676079
Posterior = -3783.0429238577653 for parameter set #90: [0.30198450900712087, 0.7992579980069038, -0.9995]
Running module mass_function_like
Model N: 1755240.578682377
Done mass_function_like status = 0 

Pipeline ran okay.
Likelihood mass_function_like_m_n = -5014.225211765617
Posterior = -5007.548920179486 for parameter set #90: [0.2992237768130617, 0.8000740686036388, -0.9995]
Running module mass_function_like
Model N: 1785613.3831811096
Done mass_function_like status = 0 

Pipeline ran okay.
Likelihood mass_function_like_m_n = -2971.256985679269
Posterior = -2964.6484059945333 for parameter set #90: [0.3037609709803342, 0.7994070388159076, -0.9995]
Running module mass_function_like
Model N: 1771291.1151295246
Done mass_function_like status = 0 

Pipeline ran okay.
Likelihood mass_function_like_m_n = -3865.349380452186
Posterior = -3858.6887899346293 for parameter set #91: [0.3019346152461838, 0.799017412915479, -0.9995]
Running module mass_function_like
Model N: 1772989.29323934
Done mass_function_like status = 0 

Pipeline ran okay.
Likelihood mass_function_like_m_n = -3752.921117130667
Posterior = -3746.2573827269484 for parameter set #91: [0.3017646413001804, 0.7999136100920275, -0.9995]
Running module mass_function_like
Model N: 1764958.239680828
Done mass_function_like status = 0 

Pipeline ran okay.
Likelihood mass_function_like_m_n = -4299.960101988167
Posterior = -4293.283027857134 for parameter set #91: [0.30066784238824534, 0.799856489039092, -0.9995]
Running module mass_function_like
Model N: 1757515.7283230326
Done mass_function_like status = 0 

Pipeline ran okay.
Likelihood mass_function_like_m_n = -4841.828913457692
Posterior = -4835.150213217531 for parameter set #91: [0.29965244909746214, 0.799828783504807, -0.9995]
Running module mass_function_like
Model N: 1769501.530568205
Done mass_function_like status = 0 

Pipeline ran okay.
Likelihood mass_function_like_m_n = -3985.7087325006723
Posterior = -3979.0313131466733 for parameter set #92: [0.3006139779004554, 0.8013811819974264, -0.9995]
Model N: 1767953.565034814
Done mass_function_like status = 0 

Pipeline ran okay.
Likelihood mass_function_like_m_n = -4091.376562193036
Posterior = -4084.697723283909 for parameter set #92: [0.3003050538258278, 0.8015874344703887, -0.9995]
Model N: 1805539.597505837
Done mass_function_like status = 0 

Pipeline ran okay.
Likelihood mass_function_like_m_n = -1929.1242936253548
Posterior = -1922.4968869597346 for parameter set #92: [0.3032217241561045, 0.8067873782770645, -0.9995]
Model N: 1813512.5320387224
Done mass_function_like status = 0 

Pipeline ran okay.
Likelihood mass_function_like_m_n = -1576.8926893435419
Posterior = -1570.470164509939 for parameter set #92: [0.3071663012036505, 0.8004962556890524, -0.9995]
Running module mass_function_like
Running module mass_function_like
Running module mass_function_like
Running module mass_function_like
Model N: 1746183.4563966244
Done mass_function_like status = 0 

Pipeline ran okay.
Likelihood mass_function_like_m_n = -5732.070799831301
Posterior = -5725.397886786123 for parameter set #93: [0.2988694113805396, 0.798060212889461, -0.9995]
Running module mass_function_like
Model N: 1769450.3819688065
Done mass_function_like status = 0 

Pipeline ran okay.
Likelihood mass_function_like_m_n = -3989.177144445479
Posterior = -3982.5098012466988 for parameter set #93: [0.30154667382017886, 0.7993040422607309, -0.9995]
Running module mass_function_like
Model N: 1786290.4163995234
Done mass_function_like status = 0 

Pipeline ran okay.
Likelihood mass_function_like_m_n = -2932.0163864716887
Posterior = -2925.3970131169676 for parameter set #93: [0.30346210466592005, 0.8002708244750307, -0.9995]
Running module mass_function_like
Model N: 1661749.919963007
Done mass_function_like status = 0 

Pipeline ran okay.
Likelihood mass_function_like_m_n = -14942.89215862006
Posterior = -14937.683153429032 for parameter set #93: [0.2828518280432961, 0.8078164273268779, -0.9995]
Running module mass_function_like
Model N: 1724245.0184082384
Done mass_function_like status = 0 

Pipeline ran okay.
Likelihood mass_function_like_m_n = -7682.592467259616
Posterior = -7675.94015565333 for parameter set #94: [0.29767652880264633, 0.7939465385716905, -0.9995]
Running module mass_function_like
Model N: 1769657.193501057
Done mass_function_like status = 0 

Pipeline ran okay.
Likelihood mass_function_like_m_n = -3975.1628645956516
Posterior = -3968.495625279093 for parameter set #94: [0.3015533757917359, 0.7993529980301931, -0.9995]
Running module mass_function_like
Model N: 1768194.173401268
Done mass_function_like status = 0 

Pipeline ran okay.
Likelihood mass_function_like_m_n = -4074.8570474274457
Posterior = -4068.1778777557915 for parameter set #94: [0.3001640284463641, 0.8019765687654218, -0.9995]
Running module mass_function_like
Model N: 1768926.6512762506
Done mass_function_like status = 0 

Pipeline ran okay.
Likelihood mass_function_like_m_n = -4024.782447423786
Posterior = -4018.1069191782103 for parameter set #94: [0.30086901700038654, 0.8006378091680568, -0.9995]
Running module mass_function_like
Model N: 1764621.8859053608
Done mass_function_like status = 0 

Pipeline ran okay.
Likelihood mass_function_like_m_n = -4323.722071558237
Posterior = -4317.043951215183 for parameter set #95: [0.3004865912568221, 0.8001532820835714, -0.9995]
Running module mass_function_like
Model N: 1772280.8579643716
Done mass_function_like status = 0 

Pipeline ran okay.
Likelihood mass_function_like_m_n = -3799.6123163327575
Posterior = -3792.9434989095575 for parameter set #95: [0.3014482247829863, 0.800393263904764, -0.9995]
Running module mass_function_like
Model N: 1755450.6498482907
Done mass_function_like status = 0 

Pipeline ran okay.
Likelihood mass_function_like_m_n = -4998.1744602918625
Posterior = -4991.502819809394 for parameter set #95: [0.29876195994881055, 0.8011652972174741, -0.9995]
Running module mass_function_like
Model N: 1782881.1238217258
Done mass_function_like status = 0 

Pipeline ran okay.
Likelihood mass_function_like_m_n = -3132.379935927689
Posterior = -3125.758227730124 for parameter set #95: [0.3033939947184681, 0.799373253121671, -0.9995]
Running module mass_function_like
Model N: 1761752.460992096
Done mass_function_like status = 0 

Pipeline ran okay.
Likelihood mass_function_like_m_n = -4529.228295482695
Posterior = -4522.54950638096 for parameter set #96: [0.2996790337789616, 0.8010821278933857, -0.9995]
Model N: 1763606.9245481112
Done mass_function_like status = 0 

Pipeline ran okay.
Likelihood mass_function_like_m_n = -4395.841012552381
Posterior = -4389.163440902704 for parameter set #96: [0.30058865076794167, 0.7996144258513763, -0.9995]
Model N: 1760830.5123502007
Done mass_function_like status = 0 

Pipeline ran okay.
Likelihood mass_function_like_m_n = -4596.320788241923
Posterior = -4589.642066729171 for parameter set #96: [0.29965862467622695, 0.8008412655012067, -0.9995]
Model N: 1786158.4907219107
Done mass_function_like status = 0 

Pipeline ran okay.
Likelihood mass_function_like_m_n = -2939.6414523646235
Posterior = -2933.0654295604186 for parameter set #96: [0.3045449179113604, 0.7978619556975354, -0.9995]
Running module mass_function_like
Running module mass_function_like
Running module mass_function_like
Running module mass_function_like
Model N: 1791872.0343490876
Done mass_function_like status = 0 

Pipeline ran okay.
Likelihood mass_function_like_m_n = -2618.831929259002
Posterior = -2612.2761359686247 for parameter set #97: [0.30497012893057135, 0.7986785786196734, -0.9995]
Running module mass_function_like
Model N: 1770858.0772724573
Done mass_function_like status = 0 

Pipeline ran okay.
Likelihood mass_function_like_m_n = -3894.2965128570795
Posterior = -3887.6359822783465 for parameter set #97: [0.30193771099895084, 0.7988777246668367, -0.9995]
Running module mass_function_like
Model N: 1754112.232970201
Done mass_function_like status = 0 

Pipeline ran okay.
Likelihood mass_function_like_m_n = -5100.90113973245
Posterior = -5094.2263022541965 for parameter set #97: [0.29905483122601756, 0.8000992909758694, -0.9995]
Running module mass_function_like
Model N: 1828902.1122827223
Done mass_function_like status = 0 

Pipeline ran okay.
Likelihood mass_function_like_m_n = -1000.00612154603
Posterior = -993.8310295737152 for parameter set #97: [0.3100420339174433, 0.7989317709685471, -0.9995]
Running module mass_function_like
Model N: 1773375.3636420483
Done mass_function_like status = 0 

Pipeline ran okay.
Likelihood mass_function_like_m_n = -3727.6031901463866
Posterior = -3720.949570726685 for parameter set #98: [0.3022664853235307, 0.7989290179229799, -0.9995]
Running module mass_function_like
Model N: 1772966.7566366515
Done mass_function_like status = 0 

Pipeline ran okay.
Likelihood mass_function_like_m_n = -3754.401801403612
Posterior = -3747.7442869629217 for parameter set #98: [0.30208757072312, 0.7991963994890748, -0.9995]
Running module mass_function_like
Model N: 1897607.8897703986
Done mass_function_like status = 0 

Pipeline ran okay.
Likelihood mass_function_like_m_n = -25.6410004273057
Posterior = -21.65742927005294 for parameter set #98: [0.3232195307491665, 0.7915910457028422, -0.9995]
Running module mass_function_like
Model N: 1771403.1452689879
Done mass_function_like status = 0 

Pipeline ran okay.
Likelihood mass_function_like_m_n = -3857.878929708153
Posterior = -3851.2047344885536 for parameter set #98: [0.30101083912775817, 0.8010900700016246, -0.9995]
Running module mass_function_like
Model N: 1814105.4523319092
Done mass_function_like status = 0 

Pipeline ran okay.
Likelihood mass_function_like_m_n = -1552.1613132692873
Posterior = -1545.9666880382977 for parameter set #99: [0.3098455976692172, 0.7948957950666605, -0.9995]
Running module mass_function_like
Model N: 1772101.9178094119
Done mass_function_like status = 0 

Pipeline ran okay.
Likelihood mass_function_like_m_n = -3811.4535648338497
Posterior = -3804.783043212982 for parameter set #99: [0.30132533599081457, 0.8006098677656269, -0.9995]
Running module mass_function_like
Model N: 1762687.3736718702
Done mass_function_like status = 0 

Pipeline ran okay.
Likelihood mass_function_like_m_n = -4461.720783229917
Posterior = -4455.04346935618 for parameter set #99: [0.3006309238579993, 0.799237552256805, -0.9995]
Running module mass_function_like
Model N: 1764885.7930520994
Done mass_function_like status = 0 

Pipeline ran okay.
Likelihood mass_function_like_m_n = -4305.072350140661
Posterior = -4298.39390619982 for parameter set #99: [0.30041479090378564, 0.8003936884667333, -0.9995]
Running module mass_function_like
Model N: 1769685.5035939424
Done mass_function_like status = 0 

Pipeline ran okay.
Likelihood mass_function_like_m_n = -3973.246480856091
Posterior = -3966.5676356309773 for parameter set #100: [0.30030297630163816, 0.8021303363771908, -0.9995]
Model N: 1726518.3317857953
Done mass_function_like status = 0 

Pipeline ran okay.
Likelihood mass_function_like_m_n = -7466.40062732622
Posterior = -7459.843108833103 for parameter set #100: [0.2950647045642118, 0.8003982397802795, -0.9995]
Model N: 1831144.6182149318
Done mass_function_like status = 0 

Pipeline ran okay.
Likelihood mass_function_like_m_n = -927.1662052422762
Posterior = -920.6137078779556 for parameter set #100: [0.3050360070291762, 0.8107457054275294, -0.9995]
Model N: 1782779.3522116316
Done mass_function_like status = 0 

Pipeline ran okay.
Likelihood mass_function_like_m_n = -3138.4671063423157
Posterior = -3131.8358990987967 for parameter set #100: [0.30310151430082644, 0.7999843924683704, -0.9995]
Running module mass_function_like
Running module mass_function_like
Running module mass_function_like
Running module mass_function_like
Model N: 1751407.4235359698
Done mass_function_like status = 0 

Pipeline ran okay.
Likelihood mass_function_like_m_n = -5311.861276131123
Posterior = -5305.201961273417 for parameter set #101: [0.29800053304087, 0.8016049744325483, -0.9995]
Running module mass_function_like
Model N: 1767493.2494658073
Done mass_function_like status = 0 

Pipeline ran okay.
Likelihood mass_function_like_m_n = -4123.078102838248
Posterior = -4116.403904487379 for parameter set #101: [0.3010105293109532, 0.7998822471773691, -0.9995]
Running module mass_function_like
Model N: 1755260.206243045
Done mass_function_like status = 0 

Pipeline ran okay.
Likelihood mass_function_like_m_n = -5012.724397201091
Posterior = -5006.051628288212 for parameter set #101: [0.2988567340264781, 0.8008952756903279, -0.9995]
Running module mass_function_like
Model N: 1817327.5730812915
Done mass_function_like status = 0 

Pipeline ran okay.
Likelihood mass_function_like_m_n = -1421.288389466703
Posterior = -1415.0348965406356 for parameter set #101: [0.3092283397449691, 0.7971846194240273, -0.9995]
Running module mass_function_like
Model N: 1767228.9908118858
Done mass_function_like status = 0 

Pipeline ran okay.
Likelihood mass_function_like_m_n = -4141.335270259529
Posterior = -4134.655976869456 for parameter set #102: [0.29995350647977415, 0.8021456082950272, -0.9995]
Running module mass_function_like
Model N: 1786794.4774834006
Done mass_function_like status = 0 

Pipeline ran okay.
Likelihood mass_function_like_m_n = -2902.977468278259
Posterior = -2896.3868080011307 for parameter set #102: [0.30421055628585303, 0.7987850050492947, -0.9995]
Running module mass_function_like
Model N: 1773615.6552027962
Done mass_function_like status = 0 

Pipeline ran okay.
Likelihood mass_function_like_m_n = -3711.890440698713
Posterior = -3705.2164805373754 for parameter set #102: [0.30103383141493506, 0.8017244364821698, -0.9995]
Running module mass_function_like
Model N: 1697151.142940778
Done mass_function_like status = 0 

Pipeline ran okay.
Likelihood mass_function_like_m_n = -10514.511696398258
Posterior = -10508.266138183551 for parameter set #102: [0.290686075117294, 0.8010316098688797, -0.9995]
Running module mass_function_like
Model N: 1761165.2832095413
Done mass_function_like status = 0 

Pipeline ran okay.
Likelihood mass_function_like_m_n = -4571.898814670742
Posterior = -4565.221377561003 for parameter set #103: [0.30061107913907475, 0.7988128721923146, -0.9995]
Running module mass_function_like
Model N: 1775471.628460095
Done mass_function_like status = 0 

Pipeline ran okay.
Likelihood mass_function_like_m_n = -3591.695432756096
Posterior = -3585.0759510225103 for parameter set #103: [0.3034589728164437, 0.7969668945769468, -0.9995]
Running module mass_function_like
Model N: 1767286.348826324
Done mass_function_like status = 0 

Pipeline ran okay.
Likelihood mass_function_like_m_n = -4137.368916090578
Posterior = -4130.694393213718 for parameter set #103: [0.30097788766740907, 0.7998904135778511, -0.9995]
Running module mass_function_like
Model N: 1748645.8420252546
Done mass_function_like status = 0 

Pipeline ran okay.
Likelihood mass_function_like_m_n = -5531.898784343153
Posterior = -5525.233644931137 for parameter set #103: [0.29831686089144555, 0.800042268333215, -0.9995]
Running module mass_function_like
Model N: 1798104.3673497045
Done mass_function_like status = 0 

Pipeline ran okay.
Likelihood mass_function_like_m_n = -2290.794840808958
Posterior = -2284.252649220361 for parameter set #104: [0.30523665178741927, 0.8000023789678744, -0.9995]
Model N: 1760059.6272954827
Done mass_function_like status = 0 

Pipeline ran okay.
Likelihood mass_function_like_m_n = -4652.8176144734025
Posterior = -4646.139030825635 for parameter set #104: [0.2996203816276871, 0.80068741753689, -0.9995]
Model N: 1769355.1681617207
Done mass_function_like status = 0 

Pipeline ran okay.
Likelihood mass_function_like_m_n = -3995.637845043093
Posterior = -3988.9600681751303 for parameter set #104: [0.3005526898493248, 0.801472049067367, -0.9995]
Model N: 1773279.9165742286
Done mass_function_like status = 0 

Pipeline ran okay.
Likelihood mass_function_like_m_n = -3733.8541334345937
Posterior = -3727.194766983997 for parameter set #104: [0.30199688495979676, 0.7994917987222977, -0.9995]
Running module mass_function_like
Running module mass_function_like
Running module mass_function_like
Running module mass_function_like
Model N: 1817321.6715671052
Done mass_function_like status = 0 

Pipeline ran okay.
Likelihood mass_function_like_m_n = -1421.5226555205882
Posterior = -1415.1737434181434 for parameter set #105: [0.30812886333831985, 0.7995601070434141, -0.9995]
Running module mass_function_like
Model N: 1759750.4798514796
Done mass_function_like status = 0 

Pipeline ran okay.
Likelihood mass_function_like_m_n = -4675.576301202178
Posterior = -4668.897096546807 for parameter set #105: [0.2998589022047198, 0.8000358473497604, -0.9995]
Running module mass_function_like
Model N: 1762084.6207249323
Done mass_function_like status = 0 

Pipeline ran okay.
Likelihood mass_function_like_m_n = -4505.183029666543
Posterior = -4498.504126018055 for parameter set #105: [0.30028303703740455, 0.7998193166819859, -0.9995]
Running module mass_function_like
Model N: 1817430.1559836927
Done mass_function_like status = 0 

Pipeline ran okay.
Likelihood mass_function_like_m_n = -1417.219449751079
Posterior = -1410.9676129979114 for parameter set #105: [0.30924626892473284, 0.7971772251420695, -0.9995]
Running module mass_function_like
Model N: 1773363.3737799244
Done mass_function_like status = 0 

Pipeline ran okay.
Likelihood mass_function_like_m_n = -3728.3881200291216
Posterior = -3721.713972463478 for parameter set #106: [0.30101554248228873, 0.801686872924101, -0.9995]
Running module mass_function_like
Model N: 1777460.1111185986
Done mass_function_like status = 0 

Pipeline ran okay.
Likelihood mass_function_like_m_n = -3465.209916226566
Posterior = -3458.5631945708765 for parameter set #106: [0.30255274529167103, 0.7995553196373705, -0.9995]
Running module mass_function_like
Model N: 1778944.921462301
Done mass_function_like status = 0 

Pipeline ran okay.
Likelihood mass_function_like_m_n = -3372.304947208613
Posterior = -3365.64180241813 for parameter set #106: [0.30179774346483906, 0.8016802495453192, -0.9995]
Running module mass_function_like
Model N: 1769239.047773196
Done mass_function_like status = 0 

Pipeline ran okay.
Likelihood mass_function_like_m_n = -4003.5245602428913
Posterior = -3996.8472982839394 for parameter set #106: [0.30063909926586424, 0.8012440526332277, -0.9995]
Running module mass_function_like
Model N: 1770698.6295235818
Done mass_function_like status = 0 

Pipeline ran okay.
Likelihood mass_function_like_m_n = -3904.9835188277066
Posterior = -3898.312444618639 for parameter set #107: [0.3012829644767098, 0.8002700072318144, -0.9995]
Running module mass_function_like
Model N: 1774332.9315313026
Done mass_function_like status = 0 

Pipeline ran okay.
Likelihood mass_function_like_m_n = -3665.1937276758254
Posterior = -3658.5619050868127 for parameter set #107: [0.3030816102705437, 0.7974408930032608, -0.9995]
Running module mass_function_like
Model N: 1766109.1847529896
Done mass_function_like status = 0 

Pipeline ran okay.
Likelihood mass_function_like_m_n = -4219.16969794035
Posterior = -4212.49415278745 for parameter set #107: [0.3008670692487652, 0.7997719345631242, -0.9995]
Running module mass_function_like
Model N: 1790353.2960595188
Done mass_function_like status = 0 

Pipeline ran okay.
Likelihood mass_function_like_m_n = -2702.227927491069
Posterior = -2695.648063749305 for parameter set #107: [0.304459606631673, 0.7993294068654702, -0.9995]
Running module mass_function_like
Model N: 1806359.4387731336
Done mass_function_like status = 0 

Pipeline ran okay.
Likelihood mass_function_like_m_n = -1891.2110162042081
Posterior = -1884.8508151884662 for parameter set #108: [0.30798878191676743, 0.7965390676016189, -0.9995]
Model N: 1765031.323777572
Done mass_function_like status = 0 

Pipeline ran okay.
Likelihood mass_function_like_m_n = -4294.806096103042
Posterior = -4288.127286100784 for parameter set #108: [0.30031438703907787, 0.8006611929061734, -0.9995]
Model N: 1770567.464330195
Done mass_function_like status = 0 

Pipeline ran okay.
Likelihood mass_function_like_m_n = -3913.786368317902
Posterior = -3907.1117480233106 for parameter set #108: [0.30096787434293615, 0.8009263473400033, -0.9995]
Model N: 1810925.8834268516
Done mass_function_like status = 0 

Pipeline ran okay.
Likelihood mass_function_like_m_n = -1687.1489708349109
Posterior = -1680.8951306769181 for parameter set #108: [0.3092245763080756, 0.7952662273510829, -0.9995]
Running module mass_function_like
Running module mass_function_like
Running module mass_function_like
Running module mass_function_like
Model N: 1748949.5910123563
Done mass_function_like status = 0 

Pipeline ran okay.
Likelihood mass_function_like_m_n = -5507.466257974505
Posterior = -5500.791554866581 for parameter set #109: [0.29904072002157417, 0.7985351645674267, -0.9995]
Running module mass_function_like
Model N: 1771094.4018401604
Done mass_function_like status = 0 

Pipeline ran okay.
Likelihood mass_function_like_m_n = -3878.485004425049
Posterior = -3871.8175850672105 for parameter set #109: [0.30154174190264155, 0.7998214151461923, -0.9995]
Running module mass_function_like
Model N: 1776892.0202701709
Done mass_function_like status = 0 

Pipeline ran okay.
Likelihood mass_function_like_m_n = -3501.1041229590774
Posterior = -3494.4581994270807 for parameter set #109: [0.30258382144559703, 0.7993122543893955, -0.9995]
Running module mass_function_like
Model N: 1762600.002736291
Done mass_function_like status = 0 

Pipeline ran okay.
Likelihood mass_function_like_m_n = -4468.007077373564
Posterior = -4461.3295034519315 for parameter set #109: [0.3005882646814606, 0.7993048040885348, -0.9995]
Running module mass_function_like
Model N: 1909361.7455384538
Done mass_function_like status = 0 

Pipeline ran okay.
Likelihood mass_function_like_m_n = -112.17510144412518
Posterior = -108.6822085781946 for parameter set #110: [0.3252444502114014, 0.7908590272339149, -0.9995]
Running module mass_function_like
Model N: 1740361.1722527407
Done mass_function_like status = 0 

Pipeline ran okay.
Likelihood mass_function_like_m_n = -6220.339657668024
Posterior = -6213.692333955636 for parameter set #110: [0.2974709493511572, 0.7993499849232713, -0.9995]
Running module mass_function_like
Model N: 1756056.7212670846
Done mass_function_like status = 0 

Pipeline ran okay.
Likelihood mass_function_like_m_n = -4952.018431637436
Posterior = -4945.3420315723815 for parameter set #110: [0.29923788015964, 0.800295558654361, -0.9995]
Running module mass_function_like
Model N: 1772942.4170159705
Done mass_function_like status = 0 

Pipeline ran okay.
Likelihood mass_function_like_m_n = -3756.001289218664
Posterior = -3749.353241368079 for parameter set #110: [0.3025002538961047, 0.7982841977799642, -0.9995]
Running module mass_function_like
Model N: 1772511.9967438465
Done mass_function_like status = 0 

Pipeline ran okay.
Likelihood mass_function_like_m_n = -3784.345366347581
Posterior = -3777.675541399465 for parameter set #111: [0.3013768987032037, 0.8006223875558178, -0.9995]
Running module mass_function_like
Model N: 1792396.2823691932
Done mass_function_like status = 0 

Pipeline ran okay.
Likelihood mass_function_like_m_n = -2590.3600049614906
Posterior = -2583.779845405511 for parameter set #111: [0.30445296850046205, 0.7999701312317364, -0.9995]
Running module mass_function_like
Model N: 1761017.082549596
Done mass_function_like status = 0 

Pipeline ran okay.
Likelihood mass_function_like_m_n = -4582.701824057847
Posterior = -4576.024929373953 for parameter set #111: [0.3006941922522489, 0.7985844591073048, -0.9995]
Running module mass_function_like
Model N: 1784991.2011425493
Done mass_function_like status = 0 

Pipeline ran okay.
Likelihood mass_function_like_m_n = -3007.5579404756427
Posterior = -3000.948649090085 for parameter set #111: [0.3037419998063229, 0.79925785249404, -0.9995]
Running module mass_function_like
Model N: 1770295.9024607865
Done mass_function_like status = 0 

Pipeline ran okay.
Likelihood mass_function_like_m_n = -3932.0445769168437
Posterior = -3925.374229877807 for parameter set #112: [0.3013384438182941, 0.8000233206147866, -0.9995]
Model N: 1771975.1438898474
Done mass_function_like status = 0 

Pipeline ran okay.
Likelihood mass_function_like_m_n = -3819.854405786842
Posterior = -3813.1752538661476 for parameter set #112: [0.3001745151085589, 0.8031304918204334, -0.9995]
Model N: 1865967.1530158725
Done mass_function_like status = 0 

Pipeline ran okay.
Likelihood mass_function_like_m_n = -155.48012115061283
Posterior = -149.07887524222633 for parameter set #112: [0.30745732244071133, 0.8162820620945531, -0.9995]
Model N: 1775477.8478221048
Done mass_function_like status = 0 

Pipeline ran okay.
Likelihood mass_function_like_m_n = -3591.2961329631507
Posterior = -3584.6510345160327 for parameter set #112: [0.3026155592592138, 0.7988087103296313, -0.9995]
Running module mass_function_like
Running module mass_function_like
Running module mass_function_like
Running module mass_function_like
Model N: 1830551.6940076943
Done mass_function_like status = 0 

Pipeline ran okay.
Likelihood mass_function_like_m_n = -946.1494045704603
Posterior = -939.9976451006521 for parameter set #113: [0.3102717547527377, 0.7989355775650905, -0.9995]
Running module mass_function_like
Model N: 1758647.3675728503
Done mass_function_like status = 0 

Pipeline ran okay.
Likelihood mass_function_like_m_n = -4757.260171402246
Posterior = -4750.581457779444 for parameter set #113: [0.29965632122329855, 0.800170191780346, -0.9995]
Running module mass_function_like
Model N: 1806587.9921534115
Done mass_function_like status = 0 

Pipeline ran okay.
Likelihood mass_function_like_m_n = -1880.7110354788601
Posterior = -1874.3052354591366 for parameter set #113: [0.30739600133297235, 0.7978873354847194, -0.9995]
Running module mass_function_like
Model N: 1763493.8725026718
Done mass_function_like status = 0 

Pipeline ran okay.
Likelihood mass_function_like_m_n = -4403.9127429276705
Posterior = -4397.23439861561 for parameter set #113: [0.3004381520854998, 0.7999120572377405, -0.9995]
Running module mass_function_like
Model N: 1813941.907237375
Done mass_function_like status = 0 

Pipeline ran okay.
Likelihood mass_function_like_m_n = -1558.9628000371158
Posterior = -1552.6488745785402 for parameter set #114: [0.30854843540929827, 0.7976254663486841, -0.9995]
Running module mass_function_like
Model N: 1776928.9442102353
Done mass_function_like status = 0 

Pipeline ran okay.
Likelihood mass_function_like_m_n = -3498.7652565278113
Posterior = -3492.0993276942468 for parameter set #114: [0.30163556502443284, 0.801415696468506, -0.9995]
Running module mass_function_like
Model N: 1784064.79553044
Done mass_function_like status = 0 

Pipeline ran okay.
Likelihood mass_function_like_m_n = -3062.0341194160283
Posterior = -3055.3785132402927 for parameter set #114: [0.30217706327765276, 0.8024252427923274, -0.9995]
Running module mass_function_like
Model N: 1792016.0056077118
Done mass_function_like status = 0 

Pipeline ran okay.
Likelihood mass_function_like_m_n = -2610.996741205454
Posterior = -2604.4340848124352 for parameter set #114: [0.30483006843205074, 0.799028364667057, -0.9995]
Running module mass_function_like
Model N: 1859235.3897131078
Done mass_function_like status = 0 

Pipeline ran okay.
Likelihood mass_function_like_m_n = -252.5777183510363
Posterior = -246.78234383922882 for parameter set #115: [0.3132960872929046, 0.8010997268847148, -0.9995]
Running module mass_function_like
Model N: 1767594.4107155066
Done mass_function_like status = 0 

Pipeline ran okay.
Likelihood mass_function_like_m_n = -4116.10022893548
Posterior = -4109.424462496035 for parameter set #115: [0.3008411609672995, 0.8002877648691917, -0.9995]
Running module mass_function_like
Model N: 1840599.0978487588
Done mass_function_like status = 0 

Pipeline ran okay.
Likelihood mass_function_like_m_n = -651.1476214975119
Posterior = -645.6499820437205 for parameter set #115: [0.3153731242401716, 0.7911409993039055, -0.9995]
Running module mass_function_like
Model N: 1794521.6658481932
Done mass_function_like status = 0 

Pipeline ran okay.
Likelihood mass_function_like_m_n = -2476.585397206247
Posterior = -2470.042165077601 for parameter set #115: [0.3052167436138749, 0.7989499679638313, -0.9995]
Running module mass_function_like
Model N: 1772329.3320481542
Done mass_function_like status = 0 

Pipeline ran okay.
Likelihood mass_function_like_m_n = -3796.407891165465
Posterior = -3789.732922064538 for parameter set #116: [0.30093113880630684, 0.8015538655299362, -0.9995]
Model N: 1774347.2665004828
Done mass_function_like status = 0 

Pipeline ran okay.
Likelihood mass_function_like_m_n = -3664.2636286988854
Posterior = -3657.6025509652977 for parameter set #116: [0.3019092650273122, 0.8000135722162225, -0.9995]
Model N: 1904614.3400220582
Done mass_function_like status = 0 

Pipeline ran okay.
Likelihood mass_function_like_m_n = -68.55429448187351
Posterior = -62.39209005109858 for parameter set #116: [0.31016956014324376, 0.8224445866664892, -0.9995]
Model N: 1766550.5993285652
Done mass_function_like status = 0 

Pipeline ran okay.
Likelihood mass_function_like_m_n = -4188.397623028606
Posterior = -4181.720090943538 for parameter set #116: [0.3005953340645498, 0.8005087372727757, -0.9995]
Running module mass_function_like
Running module mass_function_like
Running module mass_function_like
Running module mass_function_like
Model N: 1811390.9557985035
Done mass_function_like status = 0 

Pipeline ran okay.
Likelihood mass_function_like_m_n = -1667.0412698797882
Posterior = -1660.4287982264639 for parameter set #117: [0.30365602365927363, 0.8076450620543251, -0.9995]
Running module mass_function_like
Model N: 1778922.1462949542
Done mass_function_like status = 0 

Pipeline ran okay.
Likelihood mass_function_like_m_n = -3373.720049340278
Posterior = -3367.080346065494 for parameter set #117: [0.3028142822717785, 0.7994301745900877, -0.9995]
Running module mass_function_like
Model N: 1774981.0417397025
Done mass_function_like status = 0 

Pipeline ran okay.
Likelihood mass_function_like_m_n = -3623.265479207039
Posterior = -3616.600214256583 for parameter set #117: [0.3016756639194341, 0.8007245786636901, -0.9995]
Running module mass_function_like
Model N: 1768932.6160043522
Done mass_function_like status = 0 

Pipeline ran okay.
Likelihood mass_function_like_m_n = -4024.3760091625154
Posterior = -4017.7017596649407 for parameter set #117: [0.3010054551939827, 0.8003377244923326, -0.9995]
Running module mass_function_like
Model N: 1916171.6821563886
Done mass_function_like status = 0 

Pipeline ran okay.
Likelihood mass_function_like_m_n = -195.12803127616644
Posterior = -192.77333578035953 for parameter set #118: [0.3294095518582086, 0.7844544640213412, -0.9995]
Running module mass_function_like
Model N: 1753318.1563315613
Done mass_function_like status = 0 

Pipeline ran okay.
Likelihood mass_function_like_m_n = -5162.368232615292
Posterior = -5155.702442246184 for parameter set #118: [0.29835599092450465, 0.80140678298094, -0.9995]
Running module mass_function_like
Model N: 1757431.8181198356
Done mass_function_like status = 0 

Pipeline ran okay.
Likelihood mass_function_like_m_n = -4848.130805902183
Posterior = -4841.452494072843 for parameter set #118: [0.29955449602236567, 0.8000195731524713, -0.9995]
Running module mass_function_like
Model N: 1773235.7274791333
Done mass_function_like status = 0 

Pipeline ran okay.
Likelihood mass_function_like_m_n = -3736.7499842122197
Posterior = -3730.1306098107434 for parameter set #118: [0.30346207443113854, 0.7962799894174876, -0.9995]
Running module mass_function_like
Model N: 1769564.590226533
Done mass_function_like status = 0 

Pipeline ran okay.
Likelihood mass_function_like_m_n = -3981.434798710048
Posterior = -3974.762128800382 for parameter set #119: [0.30115189310651735, 0.8002096214243165, -0.9995]
Running module mass_function_like
Model N: 1778899.0516088
Done mass_function_like status = 0 

Pipeline ran okay.
Likelihood mass_function_like_m_n = -3375.1553205661476
Posterior = -3368.542042006229 for parameter set #119: [0.30363388602991004, 0.7976309772835812, -0.9995]
Running module mass_function_like
Model N: 1796164.5596195755
Done mass_function_like status = 0 

Pipeline ran okay.
Likelihood mass_function_like_m_n = -2390.45563300699
Posterior = -2383.925594269066 for parameter set #119: [0.30546379831960035, 0.7989128829559672, -0.9995]
Running module mass_function_like
Model N: 1772963.3582571314
Done mass_function_like status = 0 

Pipeline ran okay.
Likelihood mass_function_like_m_n = -3754.625105869025
Posterior = -3747.967475114874 for parameter set #119: [0.30208199155422455, 0.7992075942850486, -0.9995]
Running module mass_function_like
Model N: 1806490.833265001
Done mass_function_like status = 0 

Pipeline ran okay.
Likelihood mass_function_like_m_n = -1885.1709204241633
Posterior = -1878.7388686697022 for parameter set #120: [0.30703210414952953, 0.7986468174547336, -0.9995]
Model N: 1738359.3000867146
Done mass_function_like status = 0 

Pipeline ran okay.
Likelihood mass_function_like_m_n = -6393.0991355367005
Posterior = -6386.527956255426 for parameter set #120: [0.29534973297464673, 0.803470693143633, -0.9995]
Model N: 1735677.7480886295
Done mass_function_like status = 0 

Pipeline ran okay.
Likelihood mass_function_like_m_n = -6628.44156434387
Posterior = -6621.886339335128 for parameter set #120: [0.295018450249806, 0.8033748196617825, -0.9995]
Model N: 1765112.7002679086
Done mass_function_like status = 0 

Pipeline ran okay.
Likelihood mass_function_like_m_n = -4289.071109235287
Posterior = -4282.3941998626615 for parameter set #120: [0.300692073071946, 0.7998506269916779, -0.9995]
Running module mass_function_like
Running module mass_function_like
Running module mass_function_like
Running module mass_function_like
Model N: 1747472.3698537487
Done mass_function_like status = 0 

Pipeline ran okay.
Likelihood mass_function_like_m_n = -5626.8246162422
Posterior = -5620.153803260965 for parameter set #121: [0.2986968333126717, 0.7988380694442349, -0.9995]
Running module mass_function_like
Model N: 1815837.890658123
Done mass_function_like status = 0 

Pipeline ran okay.
Likelihood mass_function_like_m_n = -1481.0553296804428
Posterior = -1474.7115930546038 for parameter set #121: [0.30819228383872366, 0.7989710349708218, -0.9995]
Running module mass_function_like
Model N: 1770891.206093759
Done mass_function_like status = 0 

Pipeline ran okay.
Likelihood mass_function_like_m_n = -3892.0779714100063
Posterior = -3885.4043193110733 for parameter set #121: [0.3010632120557434, 0.8008154338420522, -0.9995]
Running module mass_function_like
Model N: 1811326.4531873127
Done mass_function_like status = 0 

Pipeline ran okay.
Likelihood mass_function_like_m_n = -1669.8226405754685
Posterior = -1663.472434717884 for parameter set #121: [0.30811293215459884, 0.7977737530869817, -0.9995]
Running module mass_function_like
Model N: 1751174.7440407989
Done mass_function_like status = 0 

Pipeline ran okay.
Likelihood mass_function_like_m_n = -5330.219296686351
Posterior = -5323.545118457024 for parameter set #122: [0.29898748145867066, 0.7993397319730895, -0.9995]
Running module mass_function_like
Model N: 1778848.30632562
Done mass_function_like status = 0 

Pipeline ran okay.
Likelihood mass_function_like_m_n = -3378.310119010508
Posterior = -3371.651134646613 for parameter set #122: [0.3020159282931404, 0.80116702345012, -0.9995]
Running module mass_function_like
Model N: 1885069.044775146
Done mass_function_like status = 0 

Pipeline ran okay.
Likelihood mass_function_like_m_n = -13.266514763236046
Posterior = -8.801711532140159 for parameter set #122: [0.32104519406997384, 0.7924258828495516, -0.9995]
Running module mass_function_like
Model N: 1744353.743938009
Done mass_function_like status = 0 

Pipeline ran okay.
Likelihood mass_function_like_m_n = -5883.244244359434
Posterior = -5876.6668565925365 for parameter set #122: [0.2954852147024989, 0.8050557948128179, -0.9995]
Running module mass_function_like
Model N: 1804367.1422478997
Done mass_function_like status = 0 

Pipeline ran okay.
Likelihood mass_function_like_m_n = -1984.0211040638387
Posterior = -1977.5546606689925 for parameter set #123: [0.30652473453044426, 0.7991033832050526, -0.9995]
Running module mass_function_like
Model N: 1767883.2460073142
Done mass_function_like status = 0 

Pipeline ran okay.
Likelihood mass_function_like_m_n = -4096.211083013564
Posterior = -4089.534704520559 for parameter set #123: [0.3007649451359373, 0.8005456219714197, -0.9995]
Running module mass_function_like
Model N: 1773842.05387724
Done mass_function_like status = 0 

Pipeline ran okay.
Likelihood mass_function_like_m_n = -3697.117883756757
Posterior = -3690.4559158141637 for parameter set #123: [0.3018620556230801, 0.7999615095368188, -0.9995]
Running module mass_function_like
Model N: 1768794.1684467066
Done mass_function_like status = 0 

Pipeline ran okay.
Likelihood mass_function_like_m_n = -4033.815402984619
Posterior = -4027.14277737588 for parameter set #123: [0.30115573263092565, 0.7999633133874936, -0.9995]
Running module mass_function_like
Model N: 1675294.3493352593
Done mass_function_like status = 0 

Pipeline ran okay.
Likelihood mass_function_like_m_n = -13149.277614064515
Posterior = -13142.688198882763 for parameter set #124: [0.2957599760246587, 0.7833150416502439, -0.9995]
Model N: 1879975.9576150903
Done mass_function_like status = 0 

Pipeline ran okay.
Likelihood mass_function_like_m_n = -32.052277624607086
Posterior = -26.683692449105106 for parameter set #124: [0.31619085558460835, 0.8011404378628993, -0.9995]
Model N: 1765996.3938790266
Done mass_function_like status = 0 

Pipeline ran okay.
Likelihood mass_function_like_m_n = -4227.051552467048
Posterior = -4220.373501093938 for parameter set #124: [0.3005005647212033, 0.8005472583362622, -0.9995]
Model N: 1775632.8929491816
Done mass_function_like status = 0 

Pipeline ran okay.
Likelihood mass_function_like_m_n = -3581.3493109829724
Posterior = -3574.7064752380134 for parameter set #124: [0.3027006833709671, 0.798669980775708, -0.9995]
Running module mass_function_like
Running module mass_function_like
Running module mass_function_like
Running module mass_function_like
Model N: 1842223.259307947
Done mass_function_like status = 0 

Pipeline ran okay.
Likelihood mass_function_like_m_n = -608.7630826309323
Posterior = -602.2332961106688 for parameter set #125: [0.30546841253101203, 0.8132776511557641, -0.9995]
Running module mass_function_like
Model N: 1820903.7527010744
Done mass_function_like status = 0 

Pipeline ran okay.
Likelihood mass_function_like_m_n = -1282.9881994649768
Posterior = -1276.6749736277727 for parameter set #125: [0.3085566156990507, 0.799721163545337, -0.9995]
Running module mass_function_like
Model N: 1767766.9897448928
Done mass_function_like status = 0 

Pipeline ran okay.
Likelihood mass_function_like_m_n = -4104.210402622819
Posterior = -4097.540069844314 for parameter set #125: [0.30133950885066013, 0.799241617269848, -0.9995]
Running module mass_function_like
Model N: 1767202.3790417158
Done mass_function_like status = 0 

Pipeline ran okay.
Likelihood mass_function_like_m_n = -4143.176172140986
Posterior = -4136.498152425841 for parameter set #125: [0.30050684971449215, 0.8009067426734798, -0.9995]
Running module mass_function_like
Model N: 1801741.1230936586
Done mass_function_like status = 0 

Pipeline ran okay.
Likelihood mass_function_like_m_n = -2109.8728273659945
Posterior = -2103.399073243338 for parameter set #126: [0.3064117092206948, 0.7985489791258997, -0.9995]
Running module mass_function_like
Model N: 1848636.098920887
Done mass_function_like status = 0 

Pipeline ran okay.
Likelihood mass_function_like_m_n = -455.73441594466567
Posterior = -450.04323173170405 for parameter set #126: [0.3140578802480928, 0.7962774848632381, -0.9995]
Running module mass_function_like
Model N: 1780850.528961342
Done mass_function_like status = 0 

Pipeline ran okay.
Likelihood mass_function_like_m_n = -3254.999013584107
Posterior = -3248.341297097834 for parameter set #126: [0.302077869680075, 0.8016494312793743, -0.9995]
Running module mass_function_like
Model N: 1773337.9981726408
Done mass_function_like status = 0 

Pipeline ran okay.
Likelihood mass_function_like_m_n = -3730.0496477000415
Posterior = -3723.426946814073 for parameter set #126: [0.30336461921594277, 0.7965224579870619, -0.9995]
Running module mass_function_like
Model N: 1778810.2159076098
Done mass_function_like status = 0 

Pipeline ran okay.
Likelihood mass_function_like_m_n = -3380.6791836693883
Posterior = -3374.0224778291195 for parameter set #127: [0.30212595192991404, 0.8009118149915079, -0.9995]
Running module mass_function_like
Model N: 1778447.5382759492
Done mass_function_like status = 0 

Pipeline ran okay.
Likelihood mass_function_like_m_n = -3403.2796178869903
Posterior = -3396.661691184977 for parameter set #127: [0.3035036408576447, 0.7977771841656242, -0.9995]
Running module mass_function_like
Model N: 1712486.2040012316
Done mass_function_like status = 0 

Pipeline ran okay.
Likelihood mass_function_like_m_n = -8853.479876250029
Posterior = -8847.043981090927 for parameter set #127: [0.2930227650289235, 0.8005831978808715, -0.9995]
Running module mass_function_like
Model N: 1796470.2571788966
Done mass_function_like status = 0 

Pipeline ran okay.
Likelihood mass_function_like_m_n = -2374.6037614680827
Posterior = -2368.076690493798 for parameter set #127: [0.3055178478417899, 0.7988880813156323, -0.9995]
Running module mass_function_like
Model N: 1991784.2504707235
Done mass_function_like status = 0 

Pipeline ran okay.
Likelihood mass_function_like_m_n = -2682.4432663097978
Posterior = -2677.123867413051 for parameter set #128: [0.31649184829886234, 0.8361851750953961, -0.9995]
Model N: 1771792.0229579594
Done mass_function_like status = 0 

Pipeline ran okay.
Likelihood mass_function_like_m_n = -3832.0062305927277
Posterior = -3825.3350201253875 for parameter set #128: [0.3012722995692785, 0.8006311757621788, -0.9995]
Model N: 1740596.9778795086
Done mass_function_like status = 0 

Pipeline ran okay.
Likelihood mass_function_like_m_n = -6200.154571507126
Posterior = -6193.5919855492075 for parameter set #128: [0.2951684735250358, 0.8045870247532513, -0.9995]
Model N: 1843835.343341436
Done mass_function_like status = 0 

Pipeline ran okay.
Likelihood mass_function_like_m_n = -568.1460167132318
Posterior = -562.6586155574141 for parameter set #128: [0.31543957928502253, 0.7919536294451406, -0.9995]
Running module mass_function_like
Running module mass_function_like
Running module mass_function_like
Running module mass_function_like
Model N: 1717349.3232770204
Done mass_function_like status = 0 

Pipeline ran okay.
Likelihood mass_function_like_m_n = -8358.499763879925
Posterior = -8351.828629143876 for parameter set #129: [0.2987217619735549, 0.7896117434985552, -0.9995]
Running module mass_function_like
Model N: 1734697.571754205
Done mass_function_like status = 0 

Pipeline ran okay.
Likelihood mass_function_like_m_n = -6715.590090364218
Posterior = -6708.9948077303625 for parameter set #129: [0.2959006936085595, 0.8010835553366449, -0.9995]
Running module mass_function_like
Model N: 1775456.1860612854
Done mass_function_like status = 0 

Pipeline ran okay.
Likelihood mass_function_like_m_n = -3592.68697662279
Posterior = -3586.0226631435576 for parameter set #129: [0.30173151489035843, 0.8007478023126826, -0.9995]
Running module mass_function_like
Model N: 1822229.316625029
Done mass_function_like status = 0 

Pipeline ran okay.
Likelihood mass_function_like_m_n = -1233.5780544318259
Posterior = -1227.2644773356592 for parameter set #129: [0.3085525095982823, 0.8001338808596857, -0.9995]
Running module mass_function_like
Model N: 1870774.9878257704
Done mass_function_like status = 0 

Pipeline ran okay.
Likelihood mass_function_like_m_n = -101.19693119823933
Posterior = -96.21849770572584 for parameter set #130: [0.3184438103752815, 0.7936287821548724, -0.9995]
Running module mass_function_like
Model N: 1804144.5677762285
Done mass_function_like status = 0 

Pipeline ran okay.
Likelihood mass_function_like_m_n = -1994.532573878765
Posterior = -1988.077980673969 for parameter set #130: [0.3067038942938277, 0.7986455390640282, -0.9995]
Running module mass_function_like
Model N: 1778203.5903771403
Done mass_function_like status = 0 

Pipeline ran okay.
Likelihood mass_function_like_m_n = -3418.525550957769
Posterior = -3411.9224167050556 for parameter set #130: [0.3039030743163967, 0.7968343535261792, -0.9995]
Running module mass_function_like
Model N: 1734680.707576428
Done mass_function_like status = 0 

Pipeline ran okay.
Likelihood mass_function_like_m_n = -6717.094779334962
Posterior = -6710.760291438895 for parameter set #130: [0.29169558789264827, 0.8107010448708193, -0.9995]
Running module mass_function_like
Model N: 1774240.7777769407
Done mass_function_like status = 0 

Pipeline ran okay.
Likelihood mass_function_like_m_n = -3671.1759049780667
Posterior = -3664.5400829783794 for parameter set #131: [0.3029489726557894, 0.7977014877120413, -0.9995]
Running module mass_function_like
Model N: 1810272.0293483257
Done mass_function_like status = 0 

Pipeline ran okay.
Likelihood mass_function_like_m_n = -1715.6295449100435
Posterior = -1709.2342704851064 for parameter set #131: [0.30753697251385714, 0.7987003154530353, -0.9995]
Running module mass_function_like
Model N: 1766501.5700607833
Done mass_function_like status = 0 

Pipeline ran okay.
Likelihood mass_function_like_m_n = -4191.809746436775
Posterior = -4185.133128565953 for parameter set #131: [0.30073298396821346, 0.8001893960877153, -0.9995]
Running module mass_function_like
Model N: 1775369.056449763
Done mass_function_like status = 0 

Pipeline ran okay.
Likelihood mass_function_like_m_n = -3598.2841766029596
Posterior = -3591.63352046712 for parameter set #131: [0.30239366089788666, 0.7992622760017399, -0.9995]
Running module mass_function_like
Model N: 1798414.9947397374
Done mass_function_like status = 0 

Pipeline ran okay.
Likelihood mass_function_like_m_n = -2275.0402354337275
Posterior = -2268.395204871827 for parameter set #132: [0.3026181534106893, 0.8059129143265141, -0.9995]
Model N: 1741291.6517141063
Done mass_function_like status = 0 

Pipeline ran okay.
Likelihood mass_function_like_m_n = -6140.891647100449
Posterior = -6134.271635194133 for parameter set #132: [0.29655638875614343, 0.80167705495609, -0.9995]
Model N: 1876438.8049055736
Done mass_function_like status = 0 

Pipeline ran okay.
Likelihood mass_function_like_m_n = -53.254351649433374
Posterior = -47.87376905976447 for parameter set #132: [0.31611658529987846, 0.8002322408689011, -0.9995]
Model N: 1713110.6831536845
Done mass_function_like status = 0 

Pipeline ran okay.
Likelihood mass_function_like_m_n = -8789.067980673164
Posterior = -8782.73808180525 for parameter set #132: [0.2916405104175449, 0.8039109511453886, -0.9995]
Running module mass_function_like
Running module mass_function_like
Running module mass_function_like
Running module mass_function_like
Model N: 1827157.2198180046
Done mass_function_like status = 0 

Pipeline ran okay.
Likelihood mass_function_like_m_n = -1058.6475668027997
Posterior = -1052.4261105057215 for parameter set #133: [0.3095691995614263, 0.7994252542107985, -0.9995]
Running module mass_function_like
Model N: 1719363.9038222344
Done mass_function_like status = 0 

Pipeline ran okay.
Likelihood mass_function_like_m_n = -8157.894103944302
Posterior = -8151.342267775783 for parameter set #133: [0.2949508806749819, 0.7984247985019178, -0.9995]
Running module mass_function_like
Model N: 1758941.1391092406
Done mass_function_like status = 0 

Pipeline ran okay.
Likelihood mass_function_like_m_n = -4735.434226024896
Posterior = -4728.754936113061 for parameter set #133: [0.30005345367274844, 0.7993560665131066, -0.9995]
Running module mass_function_like
Model N: 1740058.0919455409
Done mass_function_like status = 0 

Pipeline ran okay.
Likelihood mass_function_like_m_n = -6246.334436323494
Posterior = -6239.697230893596 for parameter set #133: [0.29709831881791016, 0.8000832426223843, -0.9995]
Running module mass_function_like
Model N: 1848923.676206668
Done mass_function_like status = 0 

Pipeline ran okay.
Likelihood mass_function_like_m_n = -449.4058554805815
Posterior = -442.8984837988262 for parameter set #134: [0.30586400062337726, 0.8145070700804005, -0.9995]
Running module mass_function_like
Model N: 1869542.0060273253
Done mass_function_like status = 0 

Pipeline ran okay.
Likelihood mass_function_like_m_n = -113.92561237886548
Posterior = -108.78166504008534 for parameter set #134: [0.31752345205449006, 0.7951882623004091, -0.9995]
Running module mass_function_like
Model N: 1835793.1229823257
Done mass_function_like status = 0 

Pipeline ran okay.
Likelihood mass_function_like_m_n = -785.193257920444
Posterior = -779.1360042168552 for parameter set #134: [0.31115392751206, 0.7986202497965974, -0.9995]
Running module mass_function_like
Model N: 1655796.4349345604
Done mass_function_like status = 0 

Pipeline ran okay.
Likelihood mass_function_like_m_n = -15770.872985489666
Posterior = -15765.673323998797 for parameter set #134: [0.2827974263120866, 0.8060057123572288, -0.9995]
Running module mass_function_like
Model N: 1798069.8779218993
Done mass_function_like status = 0 

Pipeline ran okay.
Likelihood mass_function_like_m_n = -2292.547576073557
Posterior = -2286.037079405739 for parameter set #135: [0.30581046522219846, 0.7987385570298915, -0.9995]
Running module mass_function_like
Model N: 1773153.6165783722
Done mass_function_like status = 0 

Pipeline ran okay.
Likelihood mass_function_like_m_n = -3742.134086444974
Posterior = -3735.477380063849 for parameter set #135: [0.30212592648910114, 0.7991694169342538, -0.9995]
Running module mass_function_like
Model N: 1694941.488766254
Done mass_function_like status = 0 

Pipeline ran okay.
Likelihood mass_function_like_m_n = -10766.50304203853
Posterior = -10760.273591473106 for parameter set #135: [0.2905147099898238, 0.8007230760183918, -0.9995]
Running module mass_function_like
Model N: 1763496.812147996
Done mass_function_like status = 0 

Pipeline ran okay.
Likelihood mass_function_like_m_n = -4403.70275875181
Posterior = -4397.0244269836385 for parameter set #135: [0.30044100570047977, 0.7999064412193172, -0.9995]
Running module mass_function_like
Model N: 1775878.6096098223
Done mass_function_like status = 0 

Pipeline ran okay.
Likelihood mass_function_like_m_n = -3565.615020044148
Posterior = -3558.9592035225137 for parameter set #136: [0.30216737983176917, 0.7999162996536843, -0.9995]
Model N: 1876320.3061808515
Done mass_function_like status = 0 

Pipeline ran okay.
Likelihood mass_function_like_m_n = -54.080734856426716
Posterior = -49.899854835368714 for parameter set #136: [0.32235363137055006, 0.7872081331510669, -0.9995]
Model N: 1813574.8091997246
Done mass_function_like status = 0 

Pipeline ran okay.
Likelihood mass_function_like_m_n = -1574.2855478972197
Posterior = -1567.940267070667 for parameter set #136: [0.30817341265026477, 0.7983245848431922, -0.9995]
Model N: 1905280.073856161
Done mass_function_like status = 0 

Pipeline ran okay.
Likelihood mass_function_like_m_n = -73.96495160833001
Posterior = -67.80469138046413 for parameter set #136: [0.31018866007328066, 0.8226168559250284, -0.9995]
Running module mass_function_like
Running module mass_function_like
Running module mass_function_like
Running module mass_function_like
Model N: 1843494.2791032996
Done mass_function_like status = 0 

Pipeline ran okay.
Likelihood mass_function_like_m_n = -576.6187110096216
Posterior = -570.6893676526412 for parameter set #137: [0.3122471289805386, 0.7985960504650502, -0.9995]
Running module mass_function_like
Model N: 1863963.4212887483
Done mass_function_like status = 0 

Pipeline ran okay.
Likelihood mass_function_like_m_n = -181.80297898873687
Posterior = -176.31942557197777 for parameter set #137: [0.315464480473337, 0.7978755207937194, -0.9995]
Running module mass_function_like
Model N: 1741763.492980581
Done mass_function_like status = 0 

Pipeline ran okay.
Likelihood mass_function_like_m_n = -6100.810175072402
Posterior = -6094.190496475395 for parameter set #137: [0.29654672325744774, 0.8018461403497643, -0.9995]
Running module mass_function_like
Model N: 1772223.1970174643
Done mass_function_like status = 0 

Pipeline ran okay.
Likelihood mass_function_like_m_n = -3803.4258884973824
Posterior = -3796.7660100941494 for parameter set #137: [0.3019710806719695, 0.7992239922256916, -0.9995]
Running module mass_function_like
Model N: 1952159.0980490923
Done mass_function_like status = 0 

Pipeline ran okay.
Likelihood mass_function_like_m_n = -1025.8169587515295
Posterior = -1023.9093036855851 for parameter set #138: [0.3308922292247285, 0.7917316569546924, -0.9995]
Running module mass_function_like
Model N: 1827640.0153805558
Done mass_function_like status = 0 

Pipeline ran okay.
Likelihood mass_function_like_m_n = -1042.2497327327728
Posterior = -1035.6668331118751 for parameter set #138: [0.3043910039264937, 0.8111084256272872, -0.9995]
Running module mass_function_like
Model N: 1779738.212434393
Done mass_function_like status = 0 

Pipeline ran okay.
Likelihood mass_function_like_m_n = -3323.2081623598933
Posterior = -3316.5454807797064 for parameter set #138: [0.30182332762406827, 0.8018693652148862, -0.9995]
Running module mass_function_like
Model N: 1788385.6925202433
Done mass_function_like status = 0 

Pipeline ran okay.
Likelihood mass_function_like_m_n = -2812.293873358518
Posterior = -2805.6799260025605 for parameter set #138: [0.30361543475540315, 0.8005782407061424, -0.9995]
Running module mass_function_like
Model N: 1824977.9725860215
Done mass_function_like status = 0 

Pipeline ran okay.
Likelihood mass_function_like_m_n = -1134.3069266937673
Posterior = -1128.1809500667598 for parameter set #139: [0.3105197677854852, 0.7967200085853975, -0.9995]
Running module mass_function_like
Model N: 1779066.8801539934
Done mass_function_like status = 0 

Pipeline ran okay.
Likelihood mass_function_like_m_n = -3364.732489295304
Posterior = -3358.097697148636 for parameter set #139: [0.30298369072266995, 0.7991027937567659, -0.9995]
Running module mass_function_like
Model N: 1754102.799378251
Done mass_function_like status = 0 

Pipeline ran okay.
Likelihood mass_function_like_m_n = -5101.629092410207
Posterior = -5094.971466925381 for parameter set #139: [0.29791775537054166, 0.8026317169221104, -0.9995]
Running module mass_function_like
Model N: 1768947.5210940456
Done mass_function_like status = 0 

Pipeline ran okay.
Likelihood mass_function_like_m_n = -4023.360466044396
Posterior = -4016.686530078796 for parameter set #139: [0.30103616916667664, 0.8002746286145352, -0.9995]
Running module mass_function_like
Model N: 1837671.7640926838
Done mass_function_like status = 0 

Pipeline ran okay.
Likelihood mass_function_like_m_n = -731.2573358826339
Posterior = -725.1525575044968 for parameter set #140: [0.3107193826330912, 0.800127746944399, -0.9995]
Model N: 1781041.8903213786
Done mass_function_like status = 0 

Pipeline ran okay.
Likelihood mass_function_like_m_n = -3243.3387491963804
Posterior = -3236.7042909860743 for parameter set #140: [0.302994861866733, 0.7996845068163694, -0.9995]
Model N: 1921091.6325823504
Done mass_function_like status = 0 

Pipeline ran okay.
Likelihood mass_function_like_m_n = -269.9174854308367
Posterior = -263.8771396646566 for parameter set #140: [0.3113044985039597, 0.8251502354700704, -0.9995]
Model N: 1921857.3168143828
Done mass_function_like status = 0 

Pipeline ran okay.
Likelihood mass_function_like_m_n = -282.67286221683025
Posterior = -278.25156855650454 for parameter set #140: [0.3212509319230215, 0.8029136721830624, -0.9995]
Running module mass_function_like
Running module mass_function_like
Running module mass_function_like
Running module mass_function_like
Model N: 1822260.2281777791
Done mass_function_like status = 0 

Pipeline ran okay.
Likelihood mass_function_like_m_n = -1232.4377676546574
Posterior = -1226.3049644971297 for parameter set #141: [0.31045467398614296, 0.7960425597199791, -0.9995]
Running module mass_function_like
Model N: 1729325.2698177074
Done mass_function_like status = 0 

Pipeline ran okay.
Likelihood mass_function_like_m_n = -7203.979656822979
Posterior = -7197.486879373 for parameter set #141: [0.2938921894539682, 0.8039210452209378, -0.9995]
Running module mass_function_like
Model N: 1751688.8912436175
Done mass_function_like status = 0 

Pipeline ran okay.
Likelihood mass_function_like_m_n = -5289.6985177099705
Posterior = -5283.029411890935 for parameter set #141: [0.2985718277922646, 0.8004201643677263, -0.9995]
Running module mass_function_like
Model N: 1819167.1448269277
Done mass_function_like status = 0 

Pipeline ran okay.
Likelihood mass_function_like_m_n = -1349.235345583409
Posterior = -1342.8887510652053 for parameter set #141: [0.3081573240723463, 0.8000607108198344, -0.9995]
Running module mass_function_like
Model N: 1944053.7510972433
Done mass_function_like status = 0 

Pipeline ran okay.
Likelihood mass_function_like_m_n = -781.8431217707694
Posterior = -780.2894243780688 for parameter set #142: [0.332017516473361, 0.7871690986526036, -0.9995]
Running module mass_function_like
Model N: 1781813.6323936936
Done mass_function_like status = 0 

Pipeline ran okay.
Likelihood mass_function_like_m_n = -3196.53533282876
Posterior = -3189.91540944551 for parameter set #142: [0.30344618093140907, 0.7989318782149812, -0.9995]
Running module mass_function_like
Model N: 1783170.7414281808
Done mass_function_like status = 0 

Pipeline ran okay.
Likelihood mass_function_like_m_n = -3115.090995505452
Posterior = -3108.441016294369 for parameter set #142: [0.3024217756802359, 0.8016051238847159, -0.9995]
Running module mass_function_like
Model N: 1668604.444355207
Done mass_function_like status = 0 

Pipeline ran okay.
Likelihood mass_function_like_m_n = -14019.624278850853
Posterior = -14013.724926485567 for parameter set #142: [0.28751038965359876, 0.7992073579555534, -0.9995]
Running module mass_function_like
Model N: 1835388.2132843025
Done mass_function_like status = 0 

Pipeline ran okay.
Likelihood mass_function_like_m_n = -797.0773031674325
Posterior = -791.1048174451765 for parameter set #143: [0.31188964655533735, 0.7969213651636169, -0.9995]
Running module mass_function_like
Model N: 1762563.799980237
Done mass_function_like status = 0 

Pipeline ran okay.
Likelihood mass_function_like_m_n = -4470.613207545131
Posterior = -4463.93588803189 for parameter set #143: [0.3006300293751903, 0.7992016704328464, -0.9995]
Running module mass_function_like
Model N: 1739280.112141815
Done mass_function_like status = 0 

Pipeline ran okay.
Likelihood mass_function_like_m_n = -6313.3231571391225
Posterior = -6306.67198231454 for parameter set #143: [0.29762810734946166, 0.7986678265392488, -0.9995]
Running module mass_function_like
Model N: 1767906.7013177364
Done mass_function_like status = 0 

Pipeline ran okay.
Likelihood mass_function_like_m_n = -4094.5981689207256
Posterior = -4087.9254828844378 for parameter set #143: [0.30115049224440726, 0.7997010291333357, -0.9995]
Running module mass_function_like
Model N: 1779384.323081519
Done mass_function_like status = 0 

Pipeline ran okay.
Likelihood mass_function_like_m_n = -3345.0639779418707
Posterior = -3338.4564540021797 for parameter set #144: [0.3037889380733664, 0.7974417850297996, -0.9995]
Model N: 1771783.4750563446
Done mass_function_like status = 0 

Pipeline ran okay.
Likelihood mass_function_like_m_n = -3832.573958620429
Posterior = -3825.9025832940124 for parameter set #144: [0.3012592753387335, 0.8006574035504342, -0.9995]
Model N: 1766236.1985591194
Done mass_function_like status = 0 

Pipeline ran okay.
Likelihood mass_function_like_m_n = -4210.30316663906
Posterior = -4203.625508497397 for parameter set #144: [0.3005737694044758, 0.8004593297142197, -0.9995]
Model N: 1874640.2626714497
Done mass_function_like status = 0 

Pipeline ran okay.
Likelihood mass_function_like_m_n = -66.60826878622174
Posterior = -62.15682092619282 for parameter set #144: [0.3211085591089552, 0.7892651659851802, -0.9995]
Running module mass_function_like
Running module mass_function_like
Running module mass_function_like
Running module mass_function_like
Model N: 1759392.559711745
Done mass_function_like status = 0 

Pipeline ran okay.
Likelihood mass_function_like_m_n = -4701.998355895281
Posterior = -4695.351795709314 for parameter set #145: [0.30255906281060785, 0.794034503302504, -0.9995]
Running module mass_function_like
Model N: 1720321.5101645878
Done mass_function_like status = 0 

Pipeline ran okay.
Likelihood mass_function_like_m_n = -8063.448588855565
Posterior = -8056.769791663867 for parameter set #145: [0.3003184357433225, 0.78709145575408, -0.9995]
Running module mass_function_like
Model N: 1741228.3662579714
Done mass_function_like status = 0 

Pipeline ran okay.
Likelihood mass_function_like_m_n = -6146.278103131801
Posterior = -6139.626050510057 for parameter set #145: [0.29766540896229415, 0.7991883012719646, -0.9995]
Running module mass_function_like
Model N: 1759256.6689883564
Done mass_function_like status = 0 

Pipeline ran okay.
Likelihood mass_function_like_m_n = -4712.0504356101155
Posterior = -4705.371756701337 for parameter set #145: [0.30035363527316794, 0.7987917523044608, -0.9995]
Running module mass_function_like
Model N: 1788891.0173961576
Done mass_function_like status = 0 

Pipeline ran okay.
Likelihood mass_function_like_m_n = -2783.808395512402
Posterior = -2777.687044387514 for parameter set #146: [0.3105636458992347, 0.785951575162356, -0.9995]
Running module mass_function_like
Model N: 1757503.8709752643
Done mass_function_like status = 0 

Pipeline ran okay.
Likelihood mass_function_like_m_n = -4842.719172336161
Posterior = -4836.172463657615 for parameter set #146: [0.3051496702761132, 0.787972539129915, -0.9995]
Running module mass_function_like
Model N: 1741382.3903083454
Done mass_function_like status = 0 

Pipeline ran okay.
Likelihood mass_function_like_m_n = -6133.172908883542
Posterior = -6126.495459247179 for parameter set #146: [0.29939097422922484, 0.7954467383696809, -0.9995]
Running module mass_function_like
Model N: 1779669.622676844
Done mass_function_like status = 0 

Pipeline ran okay.
Likelihood mass_function_like_m_n = -3327.438352547586
Posterior = -3320.776085593353 for parameter set #146: [0.30184592763006657, 0.8017978552919421, -0.9995]
Running module mass_function_like
Model N: 1758109.207000747
Done mass_function_like status = 0 

Pipeline ran okay.
Likelihood mass_function_like_m_n = -4797.379927631468
Posterior = -4790.701219558022 for parameter set #147: [0.299654710305899, 0.8000071293563945, -0.9995]
Running module mass_function_like
Model N: 1778748.280028309
Done mass_function_like status = 0 

Pipeline ran okay.
Likelihood mass_function_like_m_n = -3384.5331860147417
Posterior = -3377.8795629219244 for parameter set #147: [0.3022663232555448, 0.8005825299177182, -0.9995]
Running module mass_function_like
Model N: 1772136.3251022948
Done mass_function_like status = 0 

Pipeline ran okay.
Likelihood mass_function_like_m_n = -3809.1751886457205
Posterior = -3802.505013180246 for parameter set #147: [0.3013512018972374, 0.8005630920323195, -0.9995]
Running module mass_function_like
Model N: 1926092.962906597
Done mass_function_like status = 0 

Pipeline ran okay.
Likelihood mass_function_like_m_n = -358.6455209366977
Posterior = -356.05897680912113 for parameter set #147: [0.3286103480256134, 0.7888578529576025, -0.9995]
Running module mass_function_like
Model N: 1946568.7343557444
Done mass_function_like status = 0 

Pipeline ran okay.
Likelihood mass_function_like_m_n = -854.0432409793139
Posterior = -850.5837981755961 for parameter set #148: [0.32537660889320114, 0.8015125091513333, -0.9995]
Model N: 1823236.8267478796
Done mass_function_like status = 0 

Pipeline ran okay.
Likelihood mass_function_like_m_n = -1196.692158844322
Posterior = -1190.4115260742813 for parameter set #148: [0.30892940567193117, 0.7996211957573437, -0.9995]
Model N: 1780066.9712507348
Done mass_function_like status = 0 

Pipeline ran okay.
Likelihood mass_function_like_m_n = -3302.9713193140924
Posterior = -3296.3337034356873 for parameter set #148: [0.3028875013387043, 0.7996208653498694, -0.9995]
Model N: 1799878.8586340914
Done mass_function_like status = 0 

Pipeline ran okay.
Likelihood mass_function_like_m_n = -2201.5534528009593
Posterior = -2195.955150831988 for parameter set #148: [0.31470375618227336, 0.7807353477729447, -0.9995]
Running module mass_function_like
Running module mass_function_like
Running module mass_function_like
Running module mass_function_like
Model N: 1845540.6781183304
Done mass_function_like status = 0 

Pipeline ran okay.
Likelihood mass_function_like_m_n = -526.7514903508127
Posterior = -520.8898582070714 for parameter set #149: [0.31278805735496085, 0.798053723469429, -0.9995]
Running module mass_function_like
Model N: 1765849.8012133033
Done mass_function_like status = 0 

Pipeline ran okay.
Likelihood mass_function_like_m_n = -4237.3070029988885
Posterior = -4230.6352742892095 for parameter set #149: [0.3012308930604423, 0.79889104296203, -0.9995]
Running module mass_function_like
Model N: 1854912.1573716179
Done mass_function_like status = 0 

Pipeline ran okay.
Likelihood mass_function_like_m_n = -327.9858625680208
Posterior = -322.28480103110843 for parameter set #149: [0.31398744194910444, 0.7983079667999359, -0.9995]
Running module mass_function_like
Model N: 1840650.107483755
Done mass_function_like status = 0 

Pipeline ran okay.
Likelihood mass_function_like_m_n = -649.7940968088806
Posterior = -643.7742257376668 for parameter set #149: [0.3114841902378574, 0.7993777880828931, -0.9995]
Running module mass_function_like
Model N: 1869720.9109457645
Done mass_function_like status = 0 

Pipeline ran okay.
Likelihood mass_function_like_m_n = -112.02774188667536
Posterior = -106.85556890549542 for parameter set #150: [0.31736163135843093, 0.7955810548886703, -0.9995]
Running module mass_function_like
Model N: 1929076.8111461734
Done mass_function_like status = 0 

Pipeline ran okay.
Likelihood mass_function_like_m_n = -417.6534706093371
Posterior = -414.74902848422306 for parameter set #150: [0.32747676135644865, 0.7920077861911278, -0.9995]
Running module mass_function_like
Model N: 1859288.5042382411
Done mass_function_like status = 0 

Pipeline ran okay.
Likelihood mass_function_like_m_n = -251.71489166095853
Posterior = -245.24521016998224 for parameter set #150: [0.30647491632894064, 0.8164177845544343, -0.9995]
Running module mass_function_like
Model N: 1704981.472055179
Done mass_function_like status = 0 

Pipeline ran okay.
Likelihood mass_function_like_m_n = -9647.261615950614
Posterior = -9640.81565238402 for parameter set #150: [0.29316859265279627, 0.7979141605204934, -0.9995]
Running module mass_function_like
Model N: 1842683.2227182763
Done mass_function_like status = 0 

Pipeline ran okay.
Likelihood mass_function_like_m_n = -597.0267231799662
Posterior = -591.4805888337731 for parameter set #151: [0.31505436715453095, 0.7924163156483196, -0.9995]
Running module mass_function_like
Model N: 1803647.008825162
Done mass_function_like status = 0 

Pipeline ran okay.
Likelihood mass_function_like_m_n = -2018.134676311165
Posterior = -2011.6758670153954 for parameter set #151: [0.3066407063259936, 0.7986315784568878, -0.9995]
Running module mass_function_like
Model N: 1774238.3510120958
Done mass_function_like status = 0 

Pipeline ran okay.
Likelihood mass_function_like_m_n = -3671.3335077278316
Posterior = -3664.6662538154046 for parameter set #151: [0.3015524358848855, 0.8007676677974659, -0.9995]
Running module mass_function_like
Model N: 1779221.7435306152
Done mass_function_like status = 0 

Pipeline ran okay.
Likelihood mass_function_like_m_n = -3355.1297637857497
Posterior = -3348.470302079128 for parameter set #151: [0.301992109017519, 0.8013353147176893, -0.9995]
Running module mass_function_like
Model N: 1865807.2979798173
Done mass_function_like status = 0 

Pipeline ran okay.
Likelihood mass_function_like_m_n = -157.50008576363325
Posterior = -151.35576690178195 for parameter set #152: [0.3103439386740147, 0.8096355739854042, -0.9995]
Model N: 1709147.6495627202
Done mass_function_like status = 0 

Pipeline ran okay.
Likelihood mass_function_like_m_n = -9202.101818349212
Posterior = -9195.718858418313 for parameter set #152: [0.2923013732729567, 0.8011589424714763, -0.9995]
Model N: 1783538.411127373
Done mass_function_like status = 0 

Pipeline ran okay.
Likelihood mass_function_like_m_n = -3093.2144766375422
Posterior = -3086.591340352229 for parameter set #152: [0.30335165371113904, 0.7996680203713288, -0.9995]
Model N: 1776421.9155038488
Done mass_function_like status = 0 

Pipeline ran okay.
Likelihood mass_function_like_m_n = -3530.9532157853246
Posterior = -3524.313955785437 for parameter set #152: [0.3028299893435287, 0.7986286821069494, -0.9995]
Running module mass_function_like
Running module mass_function_like
Running module mass_function_like
Running module mass_function_like
Model N: 1865451.6319993979
Done mass_function_like status = 0 

Pipeline ran okay.
Likelihood mass_function_like_m_n = -162.04412364959717
Posterior = -156.59644608380947 for parameter set #153: [0.3156947547449617, 0.7978316699970337, -0.9995]
Running module mass_function_like
Model N: 1749885.3286349215
Done mass_function_like status = 0 

Pipeline ran okay.
Likelihood mass_function_like_m_n = -5432.556868165731
Posterior = -5425.899261816571 for parameter set #153: [0.29791683658106594, 0.8013177285909479, -0.9995]
Running module mass_function_like
Model N: 1772703.1857996874
Done mass_function_like status = 0 

Pipeline ran okay.
Likelihood mass_function_like_m_n = -3771.741416040808
Posterior = -3765.0755382937587 for parameter set #153: [0.30163868552571316, 0.8001031665870552, -0.9995]
Running module mass_function_like
Model N: 1685621.9460291758
Done mass_function_like status = 0 

Pipeline ran okay.
Likelihood mass_function_like_m_n = -11864.747024033219
Posterior = -11858.121394225536 for parameter set #153: [0.2967235876136403, 0.7843614913722957, -0.9995]
Running module mass_function_like
Model N: 1849515.4256728042
Done mass_function_like status = 0 

Pipeline ran okay.
Likelihood mass_function_like_m_n = -436.5273238196969
Posterior = -431.02096238761857 for parameter set #154: [0.3153162839241889, 0.7938870076574023, -0.9995]
Running module mass_function_like
Model N: 1779487.304903708
Done mass_function_like status = 0 

Pipeline ran okay.
Likelihood mass_function_like_m_n = -3338.6962258554995
Posterior = -3332.0656385153516 for parameter set #154: [0.3031214374304842, 0.7989301311917587, -0.9995]
Running module mass_function_like
Model N: 1778102.5065878236
Done mass_function_like status = 0 

Pipeline ran okay.
Likelihood mass_function_like_m_n = -3424.8533717878163
Posterior = -3418.1883417755744 for parameter set #154: [0.3016896263532767, 0.8016592604721062, -0.9995]
Running module mass_function_like
Model N: 1846437.424807966
Done mass_function_like status = 0 

Pipeline ran okay.
Likelihood mass_function_like_m_n = -505.6316758990288
Posterior = -499.785738946608 for parameter set #154: [0.31291020717021545, 0.7980620296341779, -0.9995]
Running module mass_function_like
Model N: 1915999.6861933216
Done mass_function_like status = 0 

Pipeline ran okay.
Likelihood mass_function_like_m_n = -192.73844607919455
Posterior = -190.96924246028343 for parameter set #155: [0.331337200192101, 0.7806426092284999, -0.9995]
Running module mass_function_like
Model N: 1773362.2164801187
Done mass_function_like status = 0 

Pipeline ran okay.
Likelihood mass_function_like_m_n = -3728.463888540864
Posterior = -3721.8070847328904 for parameter set #155: [0.3021213387441201, 0.7992436717125568, -0.9995]
Running module mass_function_like
Model N: 1715867.025621741
Done mass_function_like status = 0 

Pipeline ran okay.
Likelihood mass_function_like_m_n = -8507.762388315052
Posterior = -8501.221952277872 for parameter set #155: [0.2947299305292834, 0.7978293769419307, -0.9995]
Running module mass_function_like
Model N: 1954841.8181644713
Done mass_function_like status = 0 

Pipeline ran okay.
Likelihood mass_function_like_m_n = -1113.7557223252952
Posterior = -1112.0592234450644 for parameter set #155: [0.3315683554151288, 0.7911379148604831, -0.9995]
Running module mass_function_like
Model N: 1884041.8160000027
Done mass_function_like status = 0 

Pipeline ran okay.
Likelihood mass_function_like_m_n = -15.942636225372553
Posterior = -10.581927950289383 for parameter set #156: [0.31623943301489943, 0.8022670967313333, -0.9995]
Model N: 1768123.9183577106
Done mass_function_like status = 0 

Pipeline ran okay.
Likelihood mass_function_like_m_n = -4079.6769504398108
Posterior = -4072.9976672443504 for parameter set #156: [0.3000648118042204, 0.802175763690392, -0.9995]
Model N: 1791443.826899423
Done mass_function_like status = 0 

Pipeline ran okay.
Likelihood mass_function_like_m_n = -2642.2078867293894
Posterior = -2635.641011354592 for parameter set #156: [0.3047419157207348, 0.7990459688340242, -0.9995]
Model N: 1858178.226453754
Done mass_function_like status = 0 

Pipeline ran okay.
Likelihood mass_function_like_m_n = -270.0718621946871
Posterior = -264.69335341149065 for parameter set #156: [0.31612944769738716, 0.7947469773250847, -0.9995]
Running module mass_function_like
Running module mass_function_like
Running module mass_function_like
Running module mass_function_like
Model N: 1933435.910259258
Done mass_function_like status = 0 

Pipeline ran okay.
Likelihood mass_function_like_m_n = -511.9802468493581
Posterior = -505.89421313867433 for parameter set #157: [0.3108928461627476, 0.830235406857885, -0.9995]
Running module mass_function_like
Model N: 1790570.7209841565
Done mass_function_like status = 0 

Pipeline ran okay.
Likelihood mass_function_like_m_n = -2690.205489501357
Posterior = -2683.561660425531 for parameter set #157: [0.30266364871874557, 0.8033625016086839, -0.9995]
Running module mass_function_like
Model N: 1780691.5560230247
Done mass_function_like status = 0 

Pipeline ran okay.
Likelihood mass_function_like_m_n = -3264.702337361872
Posterior = -3258.0718482961147 for parameter set #157: [0.30312458421402916, 0.7992925921842254, -0.9995]
Running module mass_function_like
Model N: 1914152.385887666
Done mass_function_like status = 0 

Pipeline ran okay.
Likelihood mass_function_like_m_n = -168.03394183516502
Posterior = -163.79713276100063 for parameter set #157: [0.32210201404463307, 0.7987767571811126, -0.9995]
Running module mass_function_like
Model N: 1926521.9311481288
Done mass_function_like status = 0 

Pipeline ran okay.
Likelihood mass_function_like_m_n = -366.84994147345424
Posterior = -364.54022592902305 for parameter set #158: [0.3295620995664348, 0.7870775756688033, -0.9995]
Running module mass_function_like
Model N: 1772287.1889966612
Done mass_function_like status = 0 

Pipeline ran okay.
Likelihood mass_function_like_m_n = -3799.1937172077596
Posterior = -3792.5240826729955 for parameter set #158: [0.3013906590916723, 0.8005226111531452, -0.9995]
Running module mass_function_like
Model N: 1761084.4577091096
Done mass_function_like status = 0 

Pipeline ran okay.
Likelihood mass_function_like_m_n = -4577.788888338953
Posterior = -4571.109584225536 for parameter set #158: [0.2999958794841068, 0.8001453933144457, -0.9995]
Running module mass_function_like
Model N: 1811618.5177123172
Done mass_function_like status = 0 

Pipeline ran okay.
Likelihood mass_function_like_m_n = -1657.2478716559708
Posterior = -1650.8774214989546 for parameter set #158: [0.30785944070903326, 0.7984108323273813, -0.9995]
Running module mass_function_like
Model N: 1779094.044814149
Done mass_function_like status = 0 

Pipeline ran okay.
Likelihood mass_function_like_m_n = -3363.047035202384
Posterior = -3356.3884085343752 for parameter set #159: [0.30203359436965255, 0.8012040486315386, -0.9995]
Running module mass_function_like
Model N: 1773603.915236609
Done mass_function_like status = 0 

Pipeline ran okay.
Likelihood mass_function_like_m_n = -3712.6573153063655
Posterior = -3705.9889125995223 for parameter set #159: [0.30147658331745975, 0.8007391379480628, -0.9995]
Running module mass_function_like
Model N: 1809826.230630042
Done mass_function_like status = 0 

Pipeline ran okay.
Likelihood mass_function_like_m_n = -1735.18895727396
Posterior = -1728.8051992197206 for parameter set #159: [0.30768825265025374, 0.7982372324854609, -0.9995]
Running module mass_function_like
Model N: 1848620.0370455931
Done mass_function_like status = 0 

Pipeline ran okay.
Likelihood mass_function_like_m_n = -456.0892291851342
Posterior = -450.34596385041624 for parameter set #159: [0.31368238914511826, 0.7970700344580076, -0.9995]
Running module mass_function_like
Model N: 1892611.4366641364
Done mass_function_like status = 0 

Pipeline ran okay.
Likelihood mass_function_like_m_n = -10.76174196973443
Posterior = -5.601009914357681 for parameter set #160: [0.31742740452811863, 0.8023007580076057, -0.9995]
Model N: 2030794.117125584
Done mass_function_like status = 0 

Pipeline ran okay.
Likelihood mass_function_like_m_n = -5044.129708461463
Posterior = -5039.111051414279 for parameter set #160: [0.31822441851541816, 0.8452584023494666, -0.9995]
Model N: 1773657.442088353
Done mass_function_like status = 0 

Pipeline ran okay.
Likelihood mass_function_like_m_n = -3709.16152183339
Posterior = -3702.4976478845497 for parameter set #160: [0.30175671565542306, 0.8001370420268937, -0.9995]
Model N: 1781876.7374892388
Done mass_function_like status = 0 

Pipeline ran okay.
Likelihood mass_function_like_m_n = -3192.723913755268
Posterior = -3186.1451746165626 for parameter set #160: [0.30448475327314245, 0.7966899376764528, -0.9995]
Running module mass_function_like
Running module mass_function_like
Running module mass_function_like
Running module mass_function_like
Model N: 1759218.2102831085
Done mass_function_like status = 0 

Pipeline ran okay.
Likelihood mass_function_like_m_n = -4714.89734145999
Posterior = -4708.219351464121 for parameter set #161: [0.2994873202868095, 0.8007219255663108, -0.9995]
Running module mass_function_like
Model N: 1810357.7933743692
Done mass_function_like status = 0 

Pipeline ran okay.
Likelihood mass_function_like_m_n = -1711.8797938339412
Posterior = -1705.4380888427813 for parameter set #161: [0.30689346367438336, 0.8001282342408328, -0.9995]
Running module mass_function_like
Model N: 1791198.6324698387
Done mass_function_like status = 0 

Pipeline ran okay.
Likelihood mass_function_like_m_n = -2655.6417176425457
Posterior = -2649.0430040063475 for parameter set #161: [0.3040147369057475, 0.8005648248507764, -0.9995]
Running module mass_function_like
Model N: 1907882.336653219
Done mass_function_like status = 0 

Pipeline ran okay.
Likelihood mass_function_like_m_n = -97.32619147002697
Posterior = -92.89762499452868 for parameter set #161: [0.3212166808092685, 0.7987964260182031, -0.9995]
Running module mass_function_like
Model N: 1818600.2730603095
Done mass_function_like status = 0 

Pipeline ran okay.
Likelihood mass_function_like_m_n = -1371.2326561510563
Posterior = -1364.9469854041604 for parameter set #162: [0.3088728062236729, 0.7983359274632927, -0.9995]
Running module mass_function_like
Model N: 1766090.255321231
Done mass_function_like status = 0 

Pipeline ran okay.
Likelihood mass_function_like_m_n = -4220.491953201592
Posterior = -4213.813129774795 for parameter set #162: [0.30031008757256916, 0.8009987363236579, -0.9995]
Running module mass_function_like
Model N: 1722225.6137826138
Done mass_function_like status = 0 

Pipeline ran okay.
Likelihood mass_function_like_m_n = -7877.391997024417
Posterior = -7870.749689024646 for parameter set #162: [0.2972798456463219, 0.7941922515038599, -0.9995]
Running module mass_function_like
Model N: 1767688.9999041257
Done mass_function_like status = 0 

Pipeline ran okay.
Likelihood mass_function_like_m_n = -4109.58127964288
Posterior = -4102.912644355669 for parameter set #162: [0.29853925285559185, 0.805496022320829, -0.9995]
Running module mass_function_like
Model N: 1874958.579093618
Done mass_function_like status = 0 

Pipeline ran okay.
Likelihood mass_function_like_m_n = -64.11824448406696
Posterior = -59.737303242913896 for parameter set #163: [0.32143997647926476, 0.7886657733729578, -0.9995]
Running module mass_function_like
Model N: 1819242.9647106454
Done mass_function_like status = 0 

Pipeline ran okay.
Likelihood mass_function_like_m_n = -1346.3070880584419
Posterior = -1340.0101680305258 for parameter set #163: [0.3087451034344265, 0.7988070328598098, -0.9995]
Running module mass_function_like
Model N: 1757390.1319800431
Done mass_function_like status = 0 

Pipeline ran okay.
Likelihood mass_function_like_m_n = -4851.263153783977
Posterior = -4844.978853678929 for parameter set #163: [0.3088882404699952, 0.7802566934908537, -0.9995]
Running module mass_function_like
Model N: 1797570.001961099
Done mass_function_like status = 0 

Pipeline ran okay.
Likelihood mass_function_like_m_n = -2318.0290870517492
Posterior = -2311.512113754313 for parameter set #163: [0.3056979101585359, 0.7988313681067962, -0.9995]
Running module mass_function_like
Model N: 1877460.669371793
Done mass_function_like status = 0 

Pipeline ran okay.
Likelihood mass_function_like_m_n = -46.440663546323776
Posterior = -42.58772487654198 for parameter set #164: [0.3237754727756501, 0.7846819731023162, -0.9995]
Model N: 1884794.2800516034
Done mass_function_like status = 0 

Pipeline ran okay.
Likelihood mass_function_like_m_n = -13.927335623651743
Posterior = -8.569926502076903 for parameter set #164: [0.31625973601713975, 0.8024514017032544, -0.9995]
Model N: 1782176.6042338978
Done mass_function_like status = 0 

Pipeline ran okay.
Likelihood mass_function_like_m_n = -3174.6449568755925
Posterior = -3168.0144477043814 for parameter set #164: [0.3031239406876249, 0.799749648166306, -0.9995]
Model N: 1856893.6020386089
Done mass_function_like status = 0 

Pipeline ran okay.
Likelihood mass_function_like_m_n = -292.15325482189655
Posterior = -287.1588263081515 for parameter set #164: [0.3183568825488707, 0.7897472202741941, -0.9995]
Running module mass_function_like
Running module mass_function_like
Running module mass_function_like
Running module mass_function_like
Model N: 1831213.612395061
Done mass_function_like status = 0 

Pipeline ran okay.
Likelihood mass_function_like_m_n = -924.9701410718262
Posterior = -918.9225979554668 for parameter set #165: [0.31124065017648656, 0.7970534769985561, -0.9995]
Running module mass_function_like
Model N: 1754379.3153066006
Done mass_function_like status = 0 

Pipeline ran okay.
Likelihood mass_function_like_m_n = -5080.3141340352595
Posterior = -5073.639545562738 for parameter set #165: [0.29902884339172814, 0.8002397424561715, -0.9995]
Running module mass_function_like
Model N: 1762706.3831127766
Done mass_function_like status = 0 

Pipeline ran okay.
Likelihood mass_function_like_m_n = -4460.353678569198
Posterior = -4453.674456083864 for parameter set #165: [0.30012783816062244, 0.8003548269575814, -0.9995]
Running module mass_function_like
Model N: 1748784.8427236234
Done mass_function_like status = 0 

Pipeline ran okay.
Likelihood mass_function_like_m_n = -5520.71097099781
Posterior = -5514.0404771471285 for parameter set #165: [0.2986725703311437, 0.7992972729520252, -0.9995]
Running module mass_function_like
Model N: 1883437.9509148784
Done mass_function_like status = 0 

Pipeline ran okay.
Likelihood mass_function_like_m_n = -17.777925584465265
Posterior = -11.220527059814467 for parameter set #166: [0.30493772566389427, 0.8280093351040513, -0.9995]
Running module mass_function_like
Model N: 1899279.724597538
Done mass_function_like status = 0 

Pipeline ran okay.
Likelihood mass_function_like_m_n = -33.5479389205575
Posterior = -29.401957089428482 for parameter set #166: [0.3225092086363834, 0.7935397092591632, -0.9995]
Running module mass_function_like
Model N: 1848410.4820411731
Done mass_function_like status = 0 

Pipeline ran okay.
Likelihood mass_function_like_m_n = -460.7314540296793
Posterior = -455.1883782381426 for parameter set #166: [0.3150746701905779, 0.7940660410467436, -0.9995]
Running module mass_function_like
Model N: 1860124.5595083223
Done mass_function_like status = 0 

Pipeline ran okay.
Likelihood mass_function_like_m_n = -238.33657078817487
Posterior = -232.78458150764317 for parameter set #166: [0.3150154248543189, 0.7976808000411912, -0.9995]
Running module mass_function_like
Model N: 1941626.7274564917
Done mass_function_like status = 0 

Pipeline ran okay.
Likelihood mass_function_like_m_n = -715.1663211882114
Posterior = -712.7418921014702 for parameter set #167: [0.3291714761764603, 0.7921843989454442, -0.9995]
Running module mass_function_like
Model N: 1762600.0208790582
Done mass_function_like status = 0 

Pipeline ran okay.
Likelihood mass_function_like_m_n = -4468.005771532655
Posterior = -4461.327887501021 for parameter set #167: [0.30053294777917317, 0.7994267798477853, -0.9995]
Running module mass_function_like
Model N: 1860978.4839399331
Done mass_function_like status = 0 

Pipeline ran okay.
Likelihood mass_function_like_m_n = -225.06633691862226
Posterior = -219.7990879955126 for parameter set #167: [0.3168050901526921, 0.7941598015965136, -0.9995]
Running module mass_function_like
Model N: 1704027.1393895813
Done mass_function_like status = 0 

Pipeline ran okay.
Likelihood mass_function_like_m_n = -9750.819042537361
Posterior = -9744.680811737799 for parameter set #167: [0.28959737149805553, 0.8057054248066741, -0.9995]
Running module mass_function_like
Model N: 1764490.2840930212
Done mass_function_like status = 0 

Pipeline ran okay.
Likelihood mass_function_like_m_n = -4333.037864830345
Posterior = -4326.3606835882165 for parameter set #168: [0.2993483933423315, 0.8026712619592037, -0.9995]
Model N: 1771977.3865206682
Done mass_function_like status = 0 

Pipeline ran okay.
Likelihood mass_function_like_m_n = -3819.705710873008
Posterior = -3813.0349847967022 for parameter set #168: [0.301309818461071, 0.8006055491279964, -0.9995]
Model N: 1784024.099144482
Done mass_function_like status = 0 

Pipeline ran okay.
Likelihood mass_function_like_m_n = -3064.4389000311494
Posterior = -3057.882219153481 for parameter set #168: [0.3049522382947897, 0.7963300759762478, -0.9995]
Model N: 1962503.3724493226
Done mass_function_like status = 0 

Pipeline ran okay.
Likelihood mass_function_like_m_n = -1384.4591015465558
Posterior = -1378.7020962237582 for parameter set #168: [0.3135815969275529, 0.8334352405710942, -0.9995]
Running module mass_function_like
Running module mass_function_like
Running module mass_function_like
Running module mass_function_like
Model N: 1827532.399950891
Done mass_function_like status = 0 

Pipeline ran okay.
Likelihood mass_function_like_m_n = -1045.8933982737362
Posterior = -1039.729897669455 for parameter set #169: [0.3101568065259623, 0.7982697054418896, -0.9995]
Running module mass_function_like
Model N: 1812326.7324980453
Done mass_function_like status = 0 

Pipeline ran okay.
Likelihood mass_function_like_m_n = -1626.9597414955497
Posterior = -1620.5709519976808 for parameter set #169: [0.30762252845768745, 0.7991400533132482, -0.9995]
Running module mass_function_like
Model N: 1785068.6540120142
Done mass_function_like status = 0 

Pipeline ran okay.
Likelihood mass_function_like_m_n = -3003.0264780409634
Posterior = -2996.4141488561318 for parameter set #169: [0.3036599184001488, 0.7994613466954447, -0.9995]
Running module mass_function_like
Model N: 1764255.5204852207
Done mass_function_like status = 0 

Pipeline ran okay.
Likelihood mass_function_like_m_n = -4349.6823467202485
Posterior = -4343.009232489382 for parameter set #169: [0.3011126515576744, 0.7986607811808274, -0.9995]
Running module mass_function_like
Model N: 1869041.2039596508
Done mass_function_like status = 0 

Pipeline ran okay.
Likelihood mass_function_like_m_n = -119.33027132228017
Posterior = -117.83220721141682 for parameter set #170: [0.332190806412536, 0.7662992380280943, -0.9995]
Running module mass_function_like
Model N: 1757321.1894045412
Done mass_function_like status = 0 

Pipeline ran okay.
Likelihood mass_function_like_m_n = -4856.445916905999
Posterior = -4849.787397985629 for parameter set #170: [0.30203888586925404, 0.794528550926232, -0.9995]
Running module mass_function_like
Model N: 1769851.431979771
Done mass_function_like status = 0 

Pipeline ran okay.
Likelihood mass_function_like_m_n = -3962.024079184979
Posterior = -3955.3543887234173 for parameter set #170: [0.30138663165607366, 0.7997798540838279, -0.9995]
Running module mass_function_like
Model N: 1837061.314537823
Done mass_function_like status = 0 

Pipeline ran okay.
Likelihood mass_function_like_m_n = -748.566616345197
Posterior = -742.7439294045956 for parameter set #170: [0.3130890584665886, 0.7948745201255217, -0.9995]
Running module mass_function_like
Model N: 1819894.6717824352
Done mass_function_like status = 0 

Pipeline ran okay.
Likelihood mass_function_like_m_n = -1321.2726685591042
Posterior = -1314.9766936029205 for parameter set #171: [0.30875590363270905, 0.7989814455107657, -0.9995]
Running module mass_function_like
Model N: 1805880.0041923285
Done mass_function_like status = 0 

Pipeline ran okay.
Likelihood mass_function_like_m_n = -1913.3350279815495
Posterior = -1906.9097393825434 for parameter set #171: [0.3071276307326368, 0.798253307463794, -0.9995]
Running module mass_function_like
Model N: 1782083.9970029355
Done mass_function_like status = 0 

Pipeline ran okay.
Likelihood mass_function_like_m_n = -3180.2225340791047
Posterior = -3173.576889743013 for parameter set #171: [0.3025946044869511, 0.8008869782484029, -0.9995]
Running module mass_function_like
Model N: 1772158.009256892
Done mass_function_like status = 0 

Pipeline ran okay.
Likelihood mass_function_like_m_n = -3807.7396769225597
Posterior = -3801.069003722063 for parameter set #171: [0.30131384913998643, 0.8006525066498927, -0.9995]
Running module mass_function_like
Model N: 1773816.209869892
Done mass_function_like status = 0 

Pipeline ran okay.
Likelihood mass_function_like_m_n = -3698.802653826773
Posterior = -3692.1563282684656 for parameter set #172: [0.30256821494437464, 0.7984032784741132, -0.9995]
Model N: 1888576.7820316367
Done mass_function_like status = 0 

Pipeline ran okay.
Likelihood mass_function_like_m_n = -8.353677209466696
Posterior = -3.824172829310049 for parameter set #172: [0.3207354759682702, 0.7940945964954691, -0.9995]
Model N: 1784718.3070215646
Done mass_function_like status = 0 

Pipeline ran okay.
Likelihood mass_function_like_m_n = -3023.552251521498
Posterior = -3016.929897271183 for parameter set #172: [0.30337490586521776, 0.7999793089542905, -0.9995]
Model N: 1950405.375930297
Done mass_function_like status = 0 

Pipeline ran okay.
Likelihood mass_function_like_m_n = -970.2586029544473
Posterior = -970.79234716046 for parameter set #172: [0.33798170192164384, 0.7773867011890593, -0.9995]
Running module mass_function_like
Running module mass_function_like
Running module mass_function_like
Running module mass_function_like
Model N: 1866858.398822887
Done mass_function_like status = 0 

Pipeline ran okay.
Likelihood mass_function_like_m_n = -144.47225069254637
Posterior = -139.05288098224273 for parameter set #173: [0.31587409517425524, 0.7978714990742184, -0.9995]
Running module mass_function_like
Model N: 1977025.1309796334
Done mass_function_like status = 0 

Pipeline ran okay.
Likelihood mass_function_like_m_n = -1976.3888543993235
Posterior = -1974.639176427138 for parameter set #173: [0.3313994465751378, 0.7979098467968134, -0.9995]
Running module mass_function_like
Model N: 1795543.5805979802
Done mass_function_like status = 0 

Pipeline ran okay.
Likelihood mass_function_like_m_n = -2422.8248752057552
Posterior = -2416.2983651324575 for parameter set #173: [0.3055280037086217, 0.7985832036793443, -0.9995]
Running module mass_function_like
Model N: 1775193.988796049
Done mass_function_like status = 0 

Pipeline ran okay.
Likelihood mass_function_like_m_n = -3609.5442688651383
Posterior = -3602.8852529452233 for parameter set #173: [0.30201436235048607, 0.8000427005386122, -0.9995]
Running module mass_function_like
Model N: 1883847.5397465082
Done mass_function_like status = 0 

Pipeline ran okay.
Likelihood mass_function_like_m_n = -16.511903379112482
Posterior = -11.789082358850557 for parameter set #174: [0.3197812192649911, 0.7946906902829238, -0.9995]
Running module mass_function_like
Model N: 1838831.1446969034
Done mass_function_like status = 0 

Pipeline ran okay.
Likelihood mass_function_like_m_n = -698.9570409879088
Posterior = -692.3533033888245 for parameter set #174: [0.3038875853489256, 0.8158536341307708, -0.9995]
Running module mass_function_like
Model N: 1776029.6403349845
Done mass_function_like status = 0 

Pipeline ran okay.
Likelihood mass_function_like_m_n = -3555.9618259109557
Posterior = -3549.28296914333 for parameter set #174: [0.29970085766458004, 0.8054931008692235, -0.9995]
Running module mass_function_like
Model N: 1797599.5919628995
Done mass_function_like status = 0 

Pipeline ran okay.
Likelihood mass_function_like_m_n = -2316.5166491530836
Posterior = -2309.9611521050947 for parameter set #174: [0.30497608581761837, 0.8004190257036065, -0.9995]
Running module mass_function_like
Model N: 1820035.5633338303
Done mass_function_like status = 0 

Pipeline ran okay.
Likelihood mass_function_like_m_n = -1315.8923751153052
Posterior = -1309.893722556179 for parameter set #175: [0.3116674902115571, 0.7928098897604231, -0.9995]
Running module mass_function_like
Model N: 1860676.3963306977
Done mass_function_like status = 0 

Pipeline ran okay.
Likelihood mass_function_like_m_n = -229.71537264063954
Posterior = -224.29918620959398 for parameter set #175: [0.31589413581963266, 0.7959839756757233, -0.9995]
Running module mass_function_like
Model N: 1803881.751262005
Done mass_function_like status = 0 

Pipeline ran okay.
Likelihood mass_function_like_m_n = -2006.9815716072917
Posterior = -2000.515488931881 for parameter set #175: [0.30653026068238587, 0.7989433624030964, -0.9995]
Running module mass_function_like
Model N: 1818438.6524440944
Done mass_function_like status = 0 

Pipeline ran okay.
Likelihood mass_function_like_m_n = -1377.537929136306
Posterior = -1371.2964659556226 for parameter set #175: [0.30935778838857453, 0.797241912346798, -0.9995]
Running module mass_function_like
Model N: 1874461.7416047102
Done mass_function_like status = 0 

Pipeline ran okay.
Likelihood mass_function_like_m_n = -68.02858920767903
Posterior = -62.4680204560637 for parameter set #176: [0.3149581780086671, 0.8021285691926157, -0.9995]
Model N: 1760344.959009322
Done mass_function_like status = 0 

Pipeline ran okay.
Likelihood mass_function_like_m_n = -4631.863914437592
Posterior = -4625.187396271313 for parameter set #176: [0.2992535374046541, 0.8015918942975978, -0.9995]
Model N: 1908440.909697686
Done mass_function_like status = 0 

Pipeline ran okay.
Likelihood mass_function_like_m_n = -102.79921957477927
Posterior = -96.23621472400686 for parameter set #176: [0.3048228486921692, 0.836790642379541, -0.9995]
Model N: 1945997.9462722028
Done mass_function_like status = 0 

Pipeline ran okay.
Likelihood mass_function_like_m_n = -837.3800844997168
Posterior = -833.7277161259456 for parameter set #176: [0.32460461673970575, 0.8029848498394974, -0.9995]
Running module mass_function_like
Running module mass_function_like
Running module mass_function_like
Running module mass_function_like
Model N: 1882193.9690665922
Done mass_function_like status = 0 

Pipeline ran okay.
Likelihood mass_function_like_m_n = -22.171010602265596
Posterior = -15.651424787640858 for parameter set #177: [0.30565187373683206, 0.8258601277839175, -0.9995]
Running module mass_function_like
Model N: 1902641.8076901406
Done mass_function_like status = 0 

Pipeline ran okay.
Likelihood mass_function_like_m_n = -53.878745190799236
Posterior = -49.02243394025329 for parameter set #177: [0.3190944648930744, 0.8017464180426457, -0.9995]
Running module mass_function_like
Model N: 1778734.2026269557
Done mass_function_like status = 0 

Pipeline ran okay.
Likelihood mass_function_like_m_n = -3385.4094814285636
Posterior = -3378.7424543305156 for parameter set #177: [0.30156697799998056, 0.802127552875884, -0.9995]
Running module mass_function_like
Model N: 1761948.2487046602
Done mass_function_like status = 0 

Pipeline ran okay.
Likelihood mass_function_like_m_n = -4515.04696630314
Posterior = -4508.368865879729 for parameter set #177: [0.3004906678915605, 0.7993191072720939, -0.9995]
Running module mass_function_like
Model N: 1877647.704303816
Done mass_function_like status = 0 

Pipeline ran okay.
Likelihood mass_function_like_m_n = -45.254152689129114
Posterior = -40.852647399221375 for parameter set #178: [0.3213438464593543, 0.7896385939597721, -0.9995]
Running module mass_function_like
Model N: 1772765.6549683942
Done mass_function_like status = 0 

Pipeline ran okay.
Likelihood mass_function_like_m_n = -3767.6279615946114
Posterior = -3760.958338064605 for parameter set #178: [0.3013914502006158, 0.8006685108816484, -0.9995]
Running module mass_function_like
Model N: 1812554.687021783
Done mass_function_like status = 0 

Pipeline ran okay.
Likelihood mass_function_like_m_n = -1617.2722323425114
Posterior = -1610.8930607116413 for parameter set #178: [0.30774767794168256, 0.7989373954928438, -0.9995]
Running module mass_function_like
Model N: 1855681.4009414543
Done mass_function_like status = 0 

Pipeline ran okay.
Likelihood mass_function_like_m_n = -313.81901589781046
Posterior = -308.4986114620608 for parameter set #178: [0.31648574998330714, 0.793263432655743, -0.9995]
Running module mass_function_like
Model N: 1855903.0614331476
Done mass_function_like status = 0 

Pipeline ran okay.
Likelihood mass_function_like_m_n = -309.7970554307103
Posterior = -304.2578930962482 for parameter set #179: [0.31510060835760006, 0.7962383629368223, -0.9995]
Running module mass_function_like
Model N: 1863612.0682340474
Done mass_function_like status = 0 

Pipeline ran okay.
Likelihood mass_function_like_m_n = -186.64354307949543
Posterior = -181.9250229456077 for parameter set #179: [0.3198029496006149, 0.7887375107366337, -0.9995]
Running module mass_function_like
Model N: 1836809.7413232175
Done mass_function_like status = 0 

Pipeline ran okay.
Likelihood mass_function_like_m_n = -755.7606679014862
Posterior = -749.729167569392 for parameter set #179: [0.3113824765865433, 0.7984356784956915, -0.9995]
Running module mass_function_like
Model N: 1816641.893823652
Done mass_function_like status = 0 

Pipeline ran okay.
Likelihood mass_function_like_m_n = -1448.640424862504
Posterior = -1442.2200041718452 for parameter set #179: [0.3071956029302805, 0.801390869883973, -0.9995]
Running module mass_function_like
Model N: 1955015.5899024021
Done mass_function_like status = 0 

Pipeline ran okay.
Likelihood mass_function_like_m_n = -1119.5747280940413
Posterior = -1116.1106187410282 for parameter set #180: [0.3253582130494133, 0.8040856949930673, -0.9995]
Model N: 1786612.8261081323
Done mass_function_like status = 0 

Pipeline ran okay.
Likelihood mass_function_like_m_n = -2913.4250545352697
Posterior = -2906.8048412125027 for parameter set #180: [0.30343775727890343, 0.8004236434305673, -0.9995]
Model N: 1780243.7628200848
Done mass_function_like status = 0 

Pipeline ran okay.
Likelihood mass_function_like_m_n = -3292.115513022989
Posterior = -3285.512555787489 for parameter set #180: [0.3039076070122259, 0.7974454425228824, -0.9995]
Model N: 1872901.303050297
Done mass_function_like status = 0 

Pipeline ran okay.
Likelihood mass_function_like_m_n = -81.17346852645278
Posterior = -76.5644961782637 for parameter set #180: [0.3203486208383817, 0.7903146534945699, -0.9995]
Running module mass_function_like
Running module mass_function_like
Running module mass_function_like
Running module mass_function_like
Model N: 1868843.0908115695
Done mass_function_like status = 0 

Pipeline ran okay.
Likelihood mass_function_like_m_n = -121.50575187429786
Posterior = -116.2309682004526 for parameter set #181: [0.3167601940589298, 0.7965869116504422, -0.9995]
Running module mass_function_like
Model N: 1804129.0024159935
Done mass_function_like status = 0 

Pipeline ran okay.
Likelihood mass_function_like_m_n = -1995.2687510959804
Posterior = -1988.7559777685633 for parameter set #181: [0.305771150160809, 0.800677922849082, -0.9995]
Running module mass_function_like
Model N: 1789051.9131400369
Done mass_function_like status = 0 

Pipeline ran okay.
Likelihood mass_function_like_m_n = -2774.7702512182295
Posterior = -2768.1911629283213 for parameter set #181: [0.30447696121050427, 0.7988934272869932, -0.9995]
Running module mass_function_like
Model N: 1913766.2319553685
Done mass_function_like status = 0 

Pipeline ran okay.
Likelihood mass_function_like_m_n = -163.09205451980233
Posterior = -158.93972221786373 for parameter set #181: [0.3224809781654251, 0.7978642033913212, -0.9995]
Running module mass_function_like
Model N: 1838686.8406396625
Done mass_function_like status = 0 

Pipeline ran okay.
Likelihood mass_function_like_m_n = -702.9364003054798
Posterior = -697.0771127366692 for parameter set #182: [0.3128063783287827, 0.7959585998447791, -0.9995]
Running module mass_function_like
Model N: 1807052.0782898986
Done mass_function_like status = 0 

Pipeline ran okay.
Likelihood mass_function_like_m_n = -1859.4834718741477
Posterior = -1852.978238134564 for parameter set #182: [0.30590034674788774, 0.8012914150147681, -0.9995]
Running module mass_function_like
Model N: 1793999.3134183164
Done mass_function_like status = 0 

Pipeline ran okay.
Likelihood mass_function_like_m_n = -2504.3017263524234
Posterior = -2497.682838499301 for parameter set #182: [0.3034760996875185, 0.8026196610166819, -0.9995]
Running module mass_function_like
Model N: 1807502.9338805622
Done mass_function_like status = 0 

Pipeline ran okay.
Likelihood mass_function_like_m_n = -1838.9804249368608
Posterior = -1832.5329864399057 for parameter set #182: [0.3068097826889725, 0.7994387729967272, -0.9995]
Running module mass_function_like
Model N: 1773396.4797366627
Done mass_function_like status = 0 

Pipeline ran okay.
Likelihood mass_function_like_m_n = -3726.221011135727
Posterior = -3719.547851255782 for parameter set #183: [0.30110854123650366, 0.8014908172106974, -0.9995]
Running module mass_function_like
Model N: 1819274.3888247414
Done mass_function_like status = 0 

Pipeline ran okay.
Likelihood mass_function_like_m_n = -1345.0944119617343
Posterior = -1338.8678311477668 for parameter set #183: [0.3095154966695662, 0.7971550494481243, -0.9995]
Running module mass_function_like
Model N: 1847071.8285648043
Done mass_function_like status = 0 

Pipeline ran okay.
Likelihood mass_function_like_m_n = -490.9596492610872
Posterior = -484.9924394801025 for parameter set #183: [0.3119339383048979, 0.8003535210374979, -0.9995]
Running module mass_function_like
Model N: 1768218.9545864228
Done mass_function_like status = 0 

Pipeline ran okay.
Likelihood mass_function_like_m_n = -4073.157626211643
Posterior = -4066.48789844261 for parameter set #183: [0.30138393853021767, 0.7992831761807001, -0.9995]
Running module mass_function_like
Model N: 1965555.4524035424
Done mass_function_like status = 0 

Pipeline ran okay.
Likelihood mass_function_like_m_n = -1500.3307817280293
Posterior = -1494.6743798747907 for parameter set #184: [0.314303162902461, 0.8326989178992323, -0.9995]
Model N: 1851833.4470628067
Done mass_function_like status = 0 

Pipeline ran okay.
Likelihood mass_function_like_m_n = -387.940750695765
Posterior = -381.97670924429616 for parameter set #184: [0.31196045774075, 0.8017442954485836, -0.9995]
Model N: 1769900.9508177538
Done mass_function_like status = 0 

Pipeline ran okay.
Likelihood mass_function_like_m_n = -3958.678139578551
Posterior = -3952.0181463010995 for parameter set #184: [0.30196524404888647, 0.7985235347542794, -0.9995]
Model N: 1768840.954532419
Done mass_function_like status = 0 

Pipeline ran okay.
Likelihood mass_function_like_m_n = -4030.624219492078
Posterior = -4024.1954687393477 for parameter set #184: [0.3070788903873429, 0.7872886440495768, -0.9995]
Running module mass_function_like
Running module mass_function_like
Running module mass_function_like
Running module mass_function_like
Model N: 1804470.3341459408
Done mass_function_like status = 0 

Pipeline ran okay.
Likelihood mass_function_like_m_n = -1979.1574407406151
Posterior = -1972.7192185835763 for parameter set #185: [0.3069438035869599, 0.7982240203402726, -0.9995]
Running module mass_function_like
Model N: 1772466.8204695533
Done mass_function_like status = 0 

Pipeline ran okay.
Likelihood mass_function_like_m_n = -3787.3267784677446
Posterior = -3780.662182188097 for parameter set #185: [0.3017151045835615, 0.799861919756176, -0.9995]
Running module mass_function_like
Model N: 1807220.392684648
Done mass_function_like status = 0 

Pipeline ran okay.
Likelihood mass_function_like_m_n = -1851.815474230796
Posterior = -1845.3254453015738 for parameter set #185: [0.3061526460825866, 0.8007891462131816, -0.9995]
Running module mass_function_like
Model N: 1899024.0838996437
Done mass_function_like status = 0 

Pipeline ran okay.
Likelihood mass_function_like_m_n = -32.24400623515248
Posterior = -27.885206399770446 for parameter set #185: [0.32154300054740825, 0.7954704338223526, -0.9995]
Running module mass_function_like
Model N: 1843979.392918852
Done mass_function_like status = 0 

Pipeline ran okay.
Likelihood mass_function_like_m_n = -564.5869671218097
Posterior = -558.7523848701528 for parameter set #186: [0.3129978609521206, 0.7971362935632904, -0.9995]
Running module mass_function_like
Model N: 1808768.7158618078
Done mass_function_like status = 0 

Pipeline ran okay.
Likelihood mass_function_like_m_n = -1782.0460394322872
Posterior = -1775.6159899314496 for parameter set #186: [0.3070605197750962, 0.7992787490119596, -0.9995]
Running module mass_function_like
Model N: 1884211.6940300418
Done mass_function_like status = 0 

Pipeline ran okay.
Likelihood mass_function_like_m_n = -15.461325317621231
Posterior = -8.87691726473405 for parameter set #186: [0.2956434842953796, 0.8522687162437613, -0.9995]
Running module mass_function_like
Model N: 1819918.1021998818
Done mass_function_like status = 0 

Pipeline ran okay.
Likelihood mass_function_like_m_n = -1320.3771349452436
Posterior = -1314.0843886980722 for parameter set #186: [0.3087927009631727, 0.7989088477730097, -0.9995]
Running module mass_function_like
Model N: 1839413.3761449612
Done mass_function_like status = 0 

Pipeline ran okay.
Likelihood mass_function_like_m_n = -683.0194733887911
Posterior = -676.9281705042885 for parameter set #187: [0.3108443654845049, 0.8003860754373219, -0.9995]
Running module mass_function_like
Model N: 1823118.6289509716
Done mass_function_like status = 0 

Pipeline ran okay.
Likelihood mass_function_like_m_n = -1200.989605821669
Posterior = -1194.4270785956198 for parameter set #187: [0.3048327419186421, 0.8086726929206205, -0.9995]
Running module mass_function_like
Model N: 1818299.9564169014
Done mass_function_like status = 0 

Pipeline ran okay.
Likelihood mass_function_like_m_n = -1382.960749808699
Posterior = -1376.7024973914065 for parameter set #187: [0.3091766200860438, 0.7975895511635326, -0.9995]
Running module mass_function_like
Model N: 1822508.4268170549
Done mass_function_like status = 0 

Pipeline ran okay.
Likelihood mass_function_like_m_n = -1223.301751665771
Posterior = -1217.0810968208436 for parameter set #187: [0.30957757123056645, 0.7979982014619339, -0.9995]
Running module mass_function_like
Model N: 1885422.6833291566
Done mass_function_like status = 0 

Pipeline ran okay.
Likelihood mass_function_like_m_n = -12.475078947842121
Posterior = -7.025930012436186 for parameter set #188: [0.3156853770302423, 0.8038881031519821, -0.9995]
Model N: 1739738.3476872498
Done mass_function_like status = 0 

Pipeline ran okay.
Likelihood mass_function_like_m_n = -6273.820596344769
Posterior = -6267.27682150318 for parameter set #188: [0.2947936700695887, 0.8051671689503024, -0.9995]
Model N: 1798142.1826515344
Done mass_function_like status = 0 

Pipeline ran okay.
Likelihood mass_function_like_m_n = -2288.8738852515817
Posterior = -2282.3811332121104 for parameter set #188: [0.3061082265648736, 0.7981131059710076, -0.9995]
Model N: 1856802.0213829312
Done mass_function_like status = 0 

Pipeline ran okay.
Likelihood mass_function_like_m_n = -293.7619507610798
Posterior = -288.1299569208378 for parameter set #188: [0.31447280455245774, 0.7978399517089718, -0.9995]
Running module mass_function_like
Running module mass_function_like
Running module mass_function_like
Running module mass_function_like
Model N: 1961148.4009026706
Done mass_function_like status = 0 

Pipeline ran okay.
Likelihood mass_function_like_m_n = -1334.4817608259618
Posterior = -1331.4487380297783 for parameter set #189: [0.32700474551676684, 0.802414727028244, -0.9995]
Running module mass_function_like
Model N: 1811903.4148002027
Done mass_function_like status = 0 

Pipeline ran okay.
Likelihood mass_function_like_m_n = -1645.029011413455
Posterior = -1638.6131848328632 for parameter set #189: [0.30725916824048605, 0.7998019750796623, -0.9995]
Running module mass_function_like
Model N: 1862360.2136598297
Done mass_function_like status = 0 

Pipeline ran okay.
Likelihood mass_function_like_m_n = -204.43635919317603
Posterior = -199.36724208377566 for parameter set #189: [0.31794540102037194, 0.7921922922003769, -0.9995]
Running module mass_function_like
Model N: 1874110.4484825167
Done mass_function_like status = 0 

Pipeline ran okay.
Likelihood mass_function_like_m_n = -70.87353740632534
Posterior = -65.78175777598055 for parameter set #189: [0.31781866755941873, 0.7959225345162984, -0.9995]
Running module mass_function_like
Model N: 1905553.17822318
Done mass_function_like status = 0 

Pipeline ran okay.
Likelihood mass_function_like_m_n = -76.25130609795451
Posterior = -72.60380089709604 for parameter set #190: [0.3246243740933723, 0.7910220146585785, -0.9995]
Running module mass_function_like
Model N: 1818369.6616859874
Done mass_function_like status = 0 

Pipeline ran okay.
Likelihood mass_function_like_m_n = -1380.2339972369373
Posterior = -1373.9994362623306 for parameter set #190: [0.30943125891600515, 0.7970631226544974, -0.9995]
Running module mass_function_like
Model N: 1774409.7809623694
Done mass_function_like status = 0 

Pipeline ran okay.
Likelihood mass_function_like_m_n = -3660.208930645138
Posterior = -3653.542982693287 for parameter set #190: [0.30163439569621187, 0.8006394392702126, -0.9995]
Running module mass_function_like
Model N: 1799203.4469569225
Done mass_function_like status = 0 

Pipeline ran okay.
Likelihood mass_function_like_m_n = -2235.3040738143027
Posterior = -2228.686133698811 for parameter set #190: [0.3035032579927321, 0.804175121876142, -0.9995]
Running module mass_function_like
Model N: 1759487.3055287092
Done mass_function_like status = 0 

Pipeline ran okay.
Likelihood mass_function_like_m_n = -4694.996507715434
Posterior = -4688.332258147994 for parameter set #191: [0.298264797944311, 0.8035380623464785, -0.9995]
Running module mass_function_like
Model N: 1869093.3258599034
Done mass_function_like status = 0 

Pipeline ran okay.
Likelihood mass_function_like_m_n = -118.76144817844033
Posterior = -113.56312652587854 for parameter set #191: [0.31721036051771384, 0.7957128736631671, -0.9995]
Running module mass_function_like
Model N: 1908083.1762473206
Done mass_function_like status = 0 

Pipeline ran okay.
Likelihood mass_function_like_m_n = -99.27542205154896
Posterior = -97.16081165221621 for parameter set #191: [0.33021487646500464, 0.7806181838106652, -0.9995]
Running module mass_function_like
Model N: 1920456.5558240497
Done mass_function_like status = 0 

Pipeline ran okay.
Likelihood mass_function_like_m_n = -259.56558242440224
Posterior = -256.0910442335286 for parameter set #191: [0.3253170535704159, 0.7939302451010356, -0.9995]
Running module mass_function_like
Model N: 1891990.1020996384
Done mass_function_like status = 0 

Pipeline ran okay.
Likelihood mass_function_like_m_n = -9.830626253038645
Posterior = -4.700398051950659 for parameter set #192: [0.31760156809617945, 0.8017376735271864, -0.9995]
Model N: 1916641.0067273115
Done mass_function_like status = 0 

Pipeline ran okay.
Likelihood mass_function_like_m_n = -201.72591722756624
Posterior = -195.2143655962706 for parameter set #192: [0.30579228050105584, 0.8371707676080846, -0.9995]
Model N: 1776389.1327332503
Done mass_function_like status = 0 

Pipeline ran okay.
Likelihood mass_function_like_m_n = -3533.039677925408
Posterior = -3526.380589372965 for parameter set #192: [0.3020107533845471, 0.8004190471272773, -0.9995]
Model N: 1754300.4639712353
Done mass_function_like status = 0 

Pipeline ran okay.
Likelihood mass_function_like_m_n = -5086.387526925653
Posterior = -5080.003124692711 for parameter set #192: [0.30767986933962016, 0.7818151263592957, -0.9995]
Running module mass_function_like
Running module mass_function_like
Running module mass_function_like
Running module mass_function_like
Model N: 1873483.2052219615
Done mass_function_like status = 0 

Pipeline ran okay.
Likelihood mass_function_like_m_n = -76.11837875843048
Posterior = -70.60761217281767 for parameter set #193: [0.3152874956268016, 0.8011209639608945, -0.9995]
Running module mass_function_like
Model N: 1801641.4750207225
Done mass_function_like status = 0 

Pipeline ran okay.
Likelihood mass_function_like_m_n = -2114.727421607822
Posterior = -2108.2319633340862 for parameter set #193: [0.3060637599651386, 0.7992763280685, -0.9995]
Running module mass_function_like
Model N: 1923132.9517439755
Done mass_function_like status = 0 

Pipeline ran okay.
Likelihood mass_function_like_m_n = -304.58933099359274
Posterior = -301.08465429031 for parameter set #193: [0.32519772805245534, 0.7949585394903722, -0.9995]
Running module mass_function_like
Model N: 1912154.9314683196
Done mass_function_like status = 0 

Pipeline ran okay.
Likelihood mass_function_like_m_n = -143.30165077373385
Posterior = -136.8128596181402 for parameter set #193: [0.2938272689558585, 0.867945261079937, -0.9995]
Running module mass_function_like
Model N: 1834420.6740397573
Done mass_function_like status = 0 

Pipeline ran okay.
Likelihood mass_function_like_m_n = -825.8469331078231
Posterior = -819.8083614169717 for parameter set #194: [0.31132018115984683, 0.7978487903244073, -0.9995]
Running module mass_function_like
Model N: 1899475.263602897
Done mass_function_like status = 0 

Pipeline ran okay.
Likelihood mass_function_like_m_n = -34.56842005625367
Posterior = -30.827864050913565 for parameter set #194: [0.3242435483911497, 0.7900414769832163, -0.9995]
Running module mass_function_like
Model N: 1823236.0123706295
Done mass_function_like status = 0 

Pipeline ran okay.
Likelihood mass_function_like_m_n = -1196.721740886569
Posterior = -1190.1231005309364 for parameter set #194: [0.3040165617803704, 0.8105669696842708, -0.9995]
Running module mass_function_like
Model N: 1890165.2188374233
Done mass_function_like status = 0 

Pipeline ran okay.
Likelihood mass_function_like_m_n = -8.27455609291792
Posterior = -3.812719054051782 for parameter set #194: [0.321059283745864, 0.793888481425866, -0.9995]
Running module mass_function_like
Model N: 1840667.4908552081
Done mass_function_like status = 0 

Pipeline ran okay.
Likelihood mass_function_like_m_n = -649.3331660144031
Posterior = -643.2368556034425 for parameter set #195: [0.31079809045479406, 0.8008683972913472, -0.9995]
Running module mass_function_like
Model N: 1950979.9164786506
Done mass_function_like status = 0 

Pipeline ran okay.
Likelihood mass_function_like_m_n = -988.2920730859041
Posterior = -984.6938503288239 for parameter set #195: [0.32482370416045947, 0.8040152635556038, -0.9995]
Running module mass_function_like
Model N: 1848860.7224663603
Done mass_function_like status = 0 

Pipeline ran okay.
Likelihood mass_function_like_m_n = -450.787336550653
Posterior = -444.9460427657191 for parameter set #195: [0.31294612230265345, 0.7987148490934236, -0.9995]
Running module mass_function_like
Model N: 1904359.32481003
Done mass_function_like status = 0 

Pipeline ran okay.
Likelihood mass_function_like_m_n = -66.54283659905195
Posterior = -62.5701028426529 for parameter set #195: [0.3232661575766655, 0.7934615620823506, -0.9995]
Running module mass_function_like
Model N: 1802480.250723864
Done mass_function_like status = 0 

Pipeline ran okay.
Likelihood mass_function_like_m_n = -2074.044836074114
Posterior = -2067.564991146173 for parameter set #196: [0.3063159998475134, 0.7989823663252499, -0.9995]
Model N: 1874610.4157403435
Done mass_function_like status = 0 

Pipeline ran okay.
Likelihood mass_function_like_m_n = -66.84453910961747
Posterior = -61.194302945125216 for parameter set #196: [0.31434620530884694, 0.8035021585707728, -0.9995]
Model N: 1862909.310007738
Done mass_function_like status = 0 

Pipeline ran okay.
Likelihood mass_function_like_m_n = -196.52692165225744
Posterior = -190.13405729300874 for parameter set #196: [0.3075688815430221, 0.815043300978658, -0.9995]
Model N: 1806905.1950683275
Done mass_function_like status = 0 

Pipeline ran okay.
Likelihood mass_function_like_m_n = -1866.1885112598538
Posterior = -1859.7993913388593 for parameter set #196: [0.30761819240129284, 0.7975029968315757, -0.9995]
Running module mass_function_like
Running module mass_function_like
Running module mass_function_like
Running module mass_function_like
Model N: 1856129.0720952312
Done mass_function_like status = 0 

Pipeline ran okay.
Likelihood mass_function_like_m_n = -305.7239139266312
Posterior = -301.3557611888359 for parameter set #197: [0.32149954167192835, 0.7831596943757835, -0.9995]
Running module mass_function_like
Model N: 1801389.870505364
Done mass_function_like status = 0 

Pipeline ran okay.
Likelihood mass_function_like_m_n = -2127.0106611922383
Posterior = -2120.475218767688 for parameter set #197: [0.30536398683368626, 0.8007308111914143, -0.9995]
Running module mass_function_like
Model N: 1804689.3437076756
Done mass_function_like status = 0 

Pipeline ran okay.
Likelihood mass_function_like_m_n = -1968.855506721884
Posterior = -1962.4197728227114 for parameter set #197: [0.30697954581814, 0.7982130421919967, -0.9995]
Running module mass_function_like
Model N: 1632869.5966485066
Done mass_function_like status = 0 

Pipeline ran okay.
Likelihood mass_function_like_m_n = -19189.160596720874
Posterior = -19182.776245454847 for parameter set #197: [0.3076805329539393, 0.7483717119155808, -0.9995]
Running module mass_function_like
Model N: 1793719.155669343
Done mass_function_like status = 0 

Pipeline ran okay.
Likelihood mass_function_like_m_n = -2519.2330523990095
Posterior = -2512.603681277874 for parameter set #198: [0.303160160665999, 0.8032348397843782, -0.9995]
Running module mass_function_like
Model N: 1809245.8506971758
Done mass_function_like status = 0 

Pipeline ran okay.
Likelihood mass_function_like_m_n = -1760.8249061591923
Posterior = -1754.38479551763 for parameter set #198: [0.30691655342996604, 0.7997378507984436, -0.9995]
Running module mass_function_like
Model N: 1867783.2072110095
Done mass_function_like status = 0 

Pipeline ran okay.
Likelihood mass_function_like_m_n = -133.50510738790035
Posterior = -128.84277425895198 for parameter set #198: [0.32008467609577923, 0.7893701984937417, -0.9995]
Running module mass_function_like
Model N: 1736657.51546482
Done mass_function_like status = 0 

Pipeline ran okay.
Likelihood mass_function_like_m_n = -6541.931594554335
Posterior = -6535.4192562531625 for parameter set #198: [0.29422131680851893, 0.8054947701018207, -0.9995]
Running module mass_function_like
Model N: 1793835.4505452707
Done mass_function_like status = 0 

Pipeline ran okay.
Likelihood mass_function_like_m_n = -2513.029389936477
Posterior = -2506.454927535171 for parameter set #199: [0.3045791221212029, 0.8001348048603449, -0.9995]
Running module mass_function_like
Model N: 1754836.134056828
Done mass_function_like status = 0 

Pipeline ran okay.
Likelihood mass_function_like_m_n = -5045.203530121595
Posterior = -5038.580782492101 for parameter set #199: [0.3033632296625849, 0.7909455199385665, -0.9995]
Running module mass_function_like
Model N: 1766665.3767294341
Done mass_function_like status = 0 

Pipeline ran okay.
Likelihood mass_function_like_m_n = -4180.415541723371
Posterior = -4173.749572405613 for parameter set #199: [0.3016330879066051, 0.7982590880837108, -0.9995]
Running module mass_function_like
Model N: 1665873.7396499522
Done mass_function_like status = 0 

Pipeline ran okay.
Likelihood mass_function_like_m_n = -14383.59996111691
Posterior = -14377.125684660223 for parameter set #199: [0.30640355747413806, 0.7595391194874817, -0.9995]
Running module mass_function_like
Model N: 1889771.793519828
Done mass_function_like status = 0 

Pipeline ran okay.
Likelihood mass_function_like_m_n = -8.16974514350295
Posterior = -4.31135899535257 for parameter set #200: [0.3237525495480372, 0.7882436754443705, -0.9995]
Model N: 1785477.590178313
Done mass_function_like status = 0 

Pipeline ran okay.
Likelihood mass_function_like_m_n = -2979.1601967662573
Posterior = -2972.564216620464 for parameter set #200: [0.3040822555656599, 0.7986623501085153, -0.9995]
Model N: 1822013.01773494
Done mass_function_like status = 0 

Pipeline ran okay.
Likelihood mass_function_like_m_n = -1241.5722520910203
Posterior = -1235.6478312460047 for parameter set #200: [0.31228725643335054, 0.7920950435737618, -0.9995]
Model N: 1878759.9088925913
Done mass_function_like status = 0 

Pipeline ran okay.
Likelihood mass_function_like_m_n = -38.5856472030282
Posterior = -34.385641156919384 for parameter set #200: [0.32226790583867904, 0.7880818849247526, -0.9995]
Running module mass_function_like
Running module mass_function_like
Running module mass_function_like
Running module mass_function_like
Model N: 1809078.6151874147
Done mass_function_like status = 0 

Pipeline ran okay.
Likelihood mass_function_like_m_n = -1768.2479410655797
Posterior = -1761.831065988664 for parameter set #201: [0.30724471008936327, 0.7989723181312584, -0.9995]
Running module mass_function_like
Model N: 1793592.7842916548
Done mass_function_like status = 0 

Pipeline ran okay.
Likelihood mass_function_like_m_n = -2525.9832427464426
Posterior = -2519.383130810794 for parameter set #201: [0.30397975533573396, 0.8013792414954404, -0.9995]
Running module mass_function_like
Model N: 1899406.4776113168
Done mass_function_like status = 0 

Pipeline ran okay.
Likelihood mass_function_like_m_n = -34.2071557790041
Posterior = -29.298955317798644 for parameter set #201: [0.3188207531045107, 0.8013583448723283, -0.9995]
Running module mass_function_like
Model N: 1916261.5966571397
Done mass_function_like status = 0 

Pipeline ran okay.
Likelihood mass_function_like_m_n = -196.38329659029841
Posterior = -189.9122480604127 for parameter set #201: [0.2935462310480699, 0.8703710215425003, -0.9995]
Running module mass_function_like
Model N: 1911722.072748388
Done mass_function_like status = 0 

Pipeline ran okay.
Likelihood mass_function_like_m_n = -138.21370058879256
Posterior = -133.95504104477024 for parameter set #202: [0.3220029300516449, 0.7982632275065077, -0.9995]
Running module mass_function_like
Model N: 1806516.4953620667
Done mass_function_like status = 0 

Pipeline ran okay.
Likelihood mass_function_like_m_n = -1883.992421925068
Posterior = -1877.6328086950552 for parameter set #202: [0.30799613617064586, 0.7965709903011724, -0.9995]
Running module mass_function_like
Model N: 1751923.3227831083
Done mass_function_like status = 0 

Pipeline ran okay.
Likelihood mass_function_like_m_n = -5271.27662345022
Posterior = -5264.60908006893 for parameter set #202: [0.29846632356601593, 0.8007273858537642, -0.9995]
Running module mass_function_like
Model N: 1798034.8242253086
Done mass_function_like status = 0 

Pipeline ran okay.
Likelihood mass_function_like_m_n = -2294.3296995274723
Posterior = -2287.6897969100532 for parameter set #202: [0.30280719008587714, 0.8053689276064712, -0.9995]
Running module mass_function_like
Model N: 1914676.9404143516
Done mass_function_like status = 0 

Pipeline ran okay.
Likelihood mass_function_like_m_n = -174.8702102713287
Posterior = -173.18741609840455 for parameter set #203: [0.33161173840644026, 0.7797458761707152, -0.9995]
Running module mass_function_like
Model N: 1839842.7313963594
Done mass_function_like status = 0 

Pipeline ran okay.
Likelihood mass_function_like_m_n = -671.3879056833684
Posterior = -665.607148982154 for parameter set #203: [0.31340557717590506, 0.7950346493758523, -0.9995]
Running module mass_function_like
Model N: 1908101.2189081241
Done mass_function_like status = 0 

Pipeline ran okay.
Likelihood mass_function_like_m_n = -99.45155830308795
Posterior = -95.65648485409386 for parameter set #203: [0.3240176216529285, 0.7930045413130142, -0.9995]
Running module mass_function_like
Model N: 1728649.7712380572
Done mass_function_like status = 0 

Pipeline ran okay.
Likelihood mass_function_like_m_n = -7266.676653992385
Posterior = -7260.312203148971 for parameter set #203: [0.29206459383652217, 0.8078961650021806, -0.9995]
Running module mass_function_like
Model N: 1899528.6395783324
Done mass_function_like status = 0 

Pipeline ran okay.
Likelihood mass_function_like_m_n = -34.85045823454857
Posterior = -29.571698695654582 for parameter set #204: [0.3167364551767464, 0.8059096555587216, -0.9995]
Model N: 1792511.1087744231
Done mass_function_like status = 0 

Pipeline ran okay.
Likelihood mass_function_like_m_n = -2584.145362176001
Posterior = -2577.6036159873647 for parameter set #204: [0.30524515032528227, 0.7982745542183082, -0.9995]
Model N: 1811097.1643656758
Done mass_function_like status = 0 

Pipeline ran okay.
Likelihood mass_function_like_m_n = -1679.7290372215211
Posterior = -1673.3694498230414 for parameter set #204: [0.3079964592143084, 0.7979557706745692, -0.9995]
Model N: 1829349.7389990964
Done mass_function_like status = 0 

Pipeline ran okay.
Likelihood mass_function_like_m_n = -985.2398413382471
Posterior = -979.106313899039 for parameter set #204: [0.3104477438626932, 0.7981925005674412, -0.9995]
Running module mass_function_like
Running module mass_function_like
Running module mass_function_like
Running module mass_function_like
Model N: 1813415.7507566102
Done mass_function_like status = 0 

Pipeline ran okay.
Likelihood mass_function_like_m_n = -1580.9487169273198
Posterior = -1574.6061091173724 for parameter set #205: [0.30820605128381173, 0.7982057777813525, -0.9995]
Running module mass_function_like
Model N: 1757419.813181306
Done mass_function_like status = 0 

Pipeline ran okay.
Likelihood mass_function_like_m_n = -4849.032762773335
Posterior = -4842.353877754022 for parameter set #205: [0.2997104558765983, 0.7996709157682353, -0.9995]
Running module mass_function_like
Model N: 1830392.2713630535
Done mass_function_like status = 0 

Pipeline ran okay.
Likelihood mass_function_like_m_n = -951.2873269803822
Posterior = -944.6658428500482 for parameter set #205: [0.3034005901833714, 0.8142702075252437, -0.9995]
Running module mass_function_like
Model N: 1905929.4920476084
Done mass_function_like status = 0 

Pipeline ran okay.
Likelihood mass_function_like_m_n = -79.465282458812
Posterior = -75.35291422868337 for parameter set #205: [0.3226580492019131, 0.7951809262143186, -0.9995]
Running module mass_function_like
Model N: 1936457.5525577327
Done mass_function_like status = 0 

Pipeline ran okay.
Likelihood mass_function_like_m_n = -583.0046119950712
Posterior = -580.2597337612409 for parameter set #206: [0.3280514739879386, 0.7929711470656551, -0.9995]
Running module mass_function_like
Model N: 1836132.4919550505
Done mass_function_like status = 0 

Pipeline ran okay.
Likelihood mass_function_like_m_n = -775.3036316856742
Posterior = -769.2988712621175 for parameter set #206: [0.3116150228131804, 0.7977326328691329, -0.9995]
Running module mass_function_like
Model N: 1858434.210384303
Done mass_function_like status = 0 

Pipeline ran okay.
Likelihood mass_function_like_m_n = -265.7797019071877
Posterior = -260.7310223764944 for parameter set #206: [0.3180589294678113, 0.7908089709831024, -0.9995]
Running module mass_function_like
Model N: 1825230.968886359
Done mass_function_like status = 0 

Pipeline ran okay.
Likelihood mass_function_like_m_n = -1125.385258473456
Posterior = -1119.2238561426 for parameter set #206: [0.31017744434968164, 0.797530169852365, -0.9995]
Running module mass_function_like
Model N: 1839961.305236828
Done mass_function_like status = 0 

Pipeline ran okay.
Likelihood mass_function_like_m_n = -668.19378278777
Posterior = -661.9892030506439 for parameter set #207: [0.30974396696611933, 0.802954122527582, -0.9995]
Running module mass_function_like
Model N: 1818010.2455684897
Done mass_function_like status = 0 

Pipeline ran okay.
Likelihood mass_function_like_m_n = -1394.323505654931
Posterior = -1387.8133564335083 for parameter set #207: [0.3058164418141562, 0.8048636454965413, -0.9995]
Running module mass_function_like
Model N: 1812743.8595810337
Done mass_function_like status = 0 

Pipeline ran okay.
Likelihood mass_function_like_m_n = -1609.2555530257523
Posterior = -1603.1032422079254 for parameter set #207: [0.3102663857367951, 0.7935962874749795, -0.9995]
Running module mass_function_like
Model N: 1857353.0523663284
Done mass_function_like status = 0 

Pipeline ran okay.
Likelihood mass_function_like_m_n = -284.15195713192225
Posterior = -278.7944847476136 for parameter set #207: [0.31625934693646424, 0.7942301655153493, -0.9995]
Running module mass_function_like
Model N: 1894361.4772870855
Done mass_function_like status = 0 

Pipeline ran okay.
Likelihood mass_function_like_m_n = -14.478419031947851
Posterior = -9.163750419708897 for parameter set #208: [0.3165205059612062, 0.8047994608466407, -0.9995]
Model N: 1851822.3109600595
Done mass_function_like status = 0 

Pipeline ran okay.
Likelihood mass_function_like_m_n = -388.16708428412676
Posterior = -382.7877522869304 for parameter set #208: [0.31612434309430204, 0.7928795345716111, -0.9995]
Model N: 1959226.8893761532
Done mass_function_like status = 0 

Pipeline ran okay.
Likelihood mass_function_like_m_n = -1265.1546801105142
Posterior = -1261.8553178320503 for parameter set #208: [0.32599977661383367, 0.8039800554566422, -0.9995]
Model N: 1945675.7535730507
Done mass_function_like status = 0 

Pipeline ran okay.
Likelihood mass_function_like_m_n = -828.0460043624043
Posterior = -828.0901194526673 for parameter set #208: [0.33666993124774885, 0.7785845511687, -0.9995]
Running module mass_function_like
Running module mass_function_like
Running module mass_function_like
Running module mass_function_like
Model N: 1823690.1505113319
Done mass_function_like status = 0 

Pipeline ran okay.
Likelihood mass_function_like_m_n = -1180.2837919481099
Posterior = -1174.2702059464589 for parameter set #209: [0.3115387884689786, 0.794167407236626, -0.9995]
Running module mass_function_like
Model N: 1755117.7965129723
Done mass_function_like status = 0 

Pipeline ran okay.
Likelihood mass_function_like_m_n = -5023.619069427252
Posterior = -5016.941553306214 for parameter set #209: [0.2994019904227879, 0.7996415250168208, -0.9995]
Running module mass_function_like
Model N: 1898192.389003483
Done mass_function_like status = 0 

Pipeline ran okay.
Likelihood mass_function_like_m_n = -28.238778710365295
Posterior = -23.46401201134497 for parameter set #209: [0.31951685168919347, 0.7995072743887995, -0.9995]
Running module mass_function_like
Model N: 1892379.2214356442
Done mass_function_like status = 0 

Pipeline ran okay.
Likelihood mass_function_like_m_n = -10.389911193400621
Posterior = -5.4451433434879135 for parameter set #209: [0.31862544683167354, 0.7996630901715557, -0.9995]
Running module mass_function_like
Model N: 1824048.6370339708
Done mass_function_like status = 0 

Pipeline ran okay.
Likelihood mass_function_like_m_n = -1167.3907947652042
Posterior = -1160.7843892917626 for parameter set #210: [0.3038183432236681, 0.8112789181068083, -0.9995]
Running module mass_function_like
Model N: 1819192.6648932754
Done mass_function_like status = 0 

Pipeline ran okay.
Likelihood mass_function_like_m_n = -1348.249362681061
Posterior = -1341.87968442581 for parameter set #210: [0.3078692559122087, 0.8006972056931468, -0.9995]
Running module mass_function_like
Model N: 1853117.5836225753
Done mass_function_like status = 0 

Pipeline ran okay.
Likelihood mass_function_like_m_n = -362.29957684874535
Posterior = -356.8122264877934 for parameter set #210: [0.31543990827277313, 0.7946948497144267, -0.9995]
Running module mass_function_like
Model N: 1927936.881280134
Done mass_function_like status = 0 

Pipeline ran okay.
Likelihood mass_function_like_m_n = -394.5760810226202
Posterior = -388.36588367828773 for parameter set #210: [0.2903138567636266, 0.8848804623973393, -0.9995]
Running module mass_function_like
Model N: 1820539.36058952
Done mass_function_like status = 0 

Pipeline ran okay.
Likelihood mass_function_like_m_n = -1296.746245380491
Posterior = -1290.5369477785182 for parameter set #211: [0.3096954277506196, 0.7971501406204127, -0.9995]
Running module mass_function_like
Model N: 1834699.6742404662
Done mass_function_like status = 0 

Pipeline ran okay.
Likelihood mass_function_like_m_n = -817.496997974813
Posterior = -811.7350529367601 for parameter set #211: [0.31354517744628924, 0.7932130701628898, -0.9995]
Running module mass_function_like
Model N: 1845271.1765243956
Done mass_function_like status = 0 

Pipeline ran okay.
Likelihood mass_function_like_m_n = -533.1858422979712
Posterior = -527.197775676022 for parameter set #211: [0.3117578703544562, 0.8001876309153001, -0.9995]
Running module mass_function_like
Model N: 1712501.5386556122
Done mass_function_like status = 0 

Pipeline ran okay.
Likelihood mass_function_like_m_n = -8851.895175050944
Posterior = -8845.558348406095 for parameter set #211: [0.2917237985348252, 0.8035278820287002, -0.9995]
Running module mass_function_like
Model N: 1822673.975450882
Done mass_function_like status = 0 

Pipeline ran okay.
Likelihood mass_function_like_m_n = -1217.2275062426925
Posterior = -1211.0793680140857 for parameter set #212: [0.31030694881818466, 0.7964825078106618, -0.9995]
Model N: 1868085.610571822
Done mass_function_like status = 0 

Pipeline ran okay.
Likelihood mass_function_like_m_n = -130.0194794535637
Posterior = -125.07016104642251 for parameter set #212: [0.31860099885043286, 0.7925119872965923, -0.9995]
Model N: 1868641.6661747736
Done mass_function_like status = 0 

Pipeline ran okay.
Likelihood mass_function_like_m_n = -123.73936466500163
Posterior = -117.99494107686068 for parameter set #212: [0.3136739212383957, 0.8031438560202449, -0.9995]
Model N: 1883746.7401040539
Done mass_function_like status = 0 

Pipeline ran okay.
Likelihood mass_function_like_m_n = -16.81518354639411
Posterior = -12.767161600562073 for parameter set #212: [0.3229402800875585, 0.7881551575748963, -0.9995]
Running module mass_function_like
Running module mass_function_like
Running module mass_function_like
Running module mass_function_like
Model N: 1818216.150020275
Done mass_function_like status = 0 

Pipeline ran okay.
Likelihood mass_function_like_m_n = -1386.242790903896
Posterior = -1379.9690556858886 for parameter set #213: [0.3090063197844929, 0.7979315210875761, -0.9995]
Running module mass_function_like
Model N: 1879821.0120873046
Done mass_function_like status = 0 

Pipeline ran okay.
Likelihood mass_function_like_m_n = -32.84077174589038
Posterior = -27.901328064280623 for parameter set #213: [0.31865401038222313, 0.7958602625265551, -0.9995]
Running module mass_function_like
Model N: 1801326.2806604344
Done mass_function_like status = 0 

Pipeline ran okay.
Likelihood mass_function_like_m_n = -2130.120928801596
Posterior = -2123.593757928762 for parameter set #213: [0.3055160370824711, 0.8003778479656856, -0.9995]
Running module mass_function_like
Model N: 1813317.9354064267
Done mass_function_like status = 0 

Pipeline ran okay.
Likelihood mass_function_like_m_n = -1585.053549848497
Posterior = -1578.4509713545235 for parameter set #213: [0.29608271256258006, 0.8261687280044778, -0.9995]
Running module mass_function_like
Model N: 1939799.411045153
Done mass_function_like status = 0 

Pipeline ran okay.
Likelihood mass_function_like_m_n = -666.9128290079534
Posterior = -664.927931992286 for parameter set #214: [0.3306411722446866, 0.7887003376349508, -0.9995]
Running module mass_function_like
Model N: 1833954.1209204504
Done mass_function_like status = 0 

Pipeline ran okay.
Likelihood mass_function_like_m_n = -839.907624322921
Posterior = -833.9202821173639 for parameter set #214: [0.3117640298601543, 0.7967588345892128, -0.9995]
Running module mass_function_like
Model N: 1793372.0042291563
Done mass_function_like status = 0 

Pipeline ran okay.
Likelihood mass_function_like_m_n = -2537.7988291680813
Posterior = -2531.1981921337742 for parameter set #214: [0.3039665391464905, 0.8013403257681413, -0.9995]
Running module mass_function_like
Model N: 1871435.6922714075
Done mass_function_like status = 0 

Pipeline ran okay.
Likelihood mass_function_like_m_n = -94.71396005526185
Posterior = -90.47277217146086 for parameter set #214: [0.32208219334445387, 0.7863554327406705, -0.9995]
Running module mass_function_like
Model N: 1938874.2464692406
Done mass_function_like status = 0 

Pipeline ran okay.
Likelihood mass_function_like_m_n = -643.1213888265193
Posterior = -641.9830083250486 for parameter set #215: [0.33328940881673785, 0.7832157985226273, -0.9995]
Running module mass_function_like
Model N: 1913498.1288045512
Done mass_function_like status = 0 

Pipeline ran okay.
Likelihood mass_function_like_m_n = -159.70619152486324
Posterior = -156.1376437764116 for parameter set #215: [0.3249429607298675, 0.7926735626337319, -0.9995]
Running module mass_function_like
Model N: 1751537.8733279107
Done mass_function_like status = 0 

Pipeline ran okay.
Likelihood mass_function_like_m_n = -5301.583597127348
Posterior = -5294.949964930674 for parameter set #215: [0.29697768295390436, 0.8039422169148168, -0.9995]
Running module mass_function_like
Model N: 1763186.5027328061
Done mass_function_like status = 0 

Pipeline ran okay.
Likelihood mass_function_like_m_n = -4425.897698692977
Posterior = -4419.233427977827 for parameter set #215: [0.29826601711889555, 0.8046966310464118, -0.9995]
Running module mass_function_like
Model N: 1950016.009758276
Done mass_function_like status = 0 

Pipeline ran okay.
Likelihood mass_function_like_m_n = -958.1305208280683
Posterior = -954.2997268234769 for parameter set #216: [0.3238684318450916, 0.8057800702671298, -0.9995]
Model N: 1813341.1902118858
Done mass_function_like status = 0 

Pipeline ran okay.
Likelihood mass_function_like_m_n = -1584.077160988003
Posterior = -1577.7112565618977 for parameter set #216: [0.3079170672878892, 0.7988087384000692, -0.9995]
Model N: 1819696.5999801753
Done mass_function_like status = 0 

Pipeline ran okay.
Likelihood mass_function_like_m_n = -1328.8556831628084
Posterior = -1322.6357199476183 for parameter set #216: [0.30958478985810484, 0.7971335316513657, -0.9995]
Model N: 1894899.1612986254
Done mass_function_like status = 0 

Pipeline ran okay.
Likelihood mass_function_like_m_n = -15.944300137460232
Posterior = -10.975587645705978 for parameter set #216: [0.3184964413147824, 0.8006955696512813, -0.9995]
Running module mass_function_like
Running module mass_function_like
Running module mass_function_like
Running module mass_function_like
Model N: 1814596.9819662157
Done mass_function_like status = 0 

Pipeline ran okay.
Likelihood mass_function_like_m_n = -1531.8120801448822
Posterior = -1525.493569305518 for parameter set #217: [0.3084946260535235, 0.7979400924966205, -0.9995]
Running module mass_function_like
Model N: 1898292.5154877922
Done mass_function_like status = 0 

Pipeline ran okay.
Likelihood mass_function_like_m_n = -28.701762456446886
Posterior = -23.923129219930527 for parameter set #217: [0.3194970303471777, 0.7995794798493594, -0.9995]
Running module mass_function_like
Model N: 1951984.0057629396
Done mass_function_like status = 0 

Pipeline ran okay.
Likelihood mass_function_like_m_n = -1020.2014247961342
Posterior = -1016.9954168560769 for parameter set #217: [0.3263563891997855, 0.8010533391839836, -0.9995]
Running module mass_function_like
Model N: 1831110.5136267506
Done mass_function_like status = 0 

Pipeline ran okay.
Likelihood mass_function_like_m_n = -928.2527347691357
Posterior = -921.6410269233389 for parameter set #217: [0.303676856062273, 0.8138602516742863, -0.9995]
Running module mass_function_like
Model N: 1867302.875120237
Done mass_function_like status = 0 

Pipeline ran okay.
Likelihood mass_function_like_m_n = -139.14343812316656
Posterior = -133.81071602400934 for parameter set #218: [0.3164108628606358, 0.7968663101937844, -0.9995]
Running module mass_function_like
Model N: 1804406.736136536
Done mass_function_like status = 0 

Pipeline ran okay.
Likelihood mass_function_like_m_n = -1982.154225513339
Posterior = -1975.6703598383313 for parameter set #218: [0.3062520160476824, 0.7997104140720915, -0.9995]
Running module mass_function_like
Model N: 1829346.99462132
Done mass_function_like status = 0 

Pipeline ran okay.
Likelihood mass_function_like_m_n = -985.3300279676914
Posterior = -979.092480672469 for parameter set #218: [0.30939954151102916, 0.80045994745341, -0.9995]
Running module mass_function_like
Model N: 1703255.28817026
Done mass_function_like status = 0 

Pipeline ran okay.
Likelihood mass_function_like_m_n = -9835.008330605924
Posterior = -9829.677303019396 for parameter set #218: [0.28357881483094016, 0.8198509887600777, -0.9995]
Running module mass_function_like
Model N: 1857975.8655442582
Done mass_function_like status = 0 

Pipeline ran okay.
Likelihood mass_function_like_m_n = -273.4902862608433
Posterior = -268.1319904330201 for parameter set #219: [0.31625428171582504, 0.7944251816289012, -0.9995]
Running module mass_function_like
Model N: 1890863.9570724925
Done mass_function_like status = 0 

Pipeline ran okay.
Likelihood mass_function_like_m_n = -8.662478096783161
Posterior = -4.197873126032302 for parameter set #219: [0.3210461361183441, 0.7941208770300412, -0.9995]
Running module mass_function_like
Model N: 1833635.3680125359
Done mass_function_like status = 0 

Pipeline ran okay.
Likelihood mass_function_like_m_n = -849.5843111015856
Posterior = -845.2679286061035 for parameter set #219: [0.3217390050500389, 0.7763752098883752, -0.9995]
Running module mass_function_like
Model N: 1844812.6303915186
Done mass_function_like status = 0 

Pipeline ran okay.
Likelihood mass_function_like_m_n = -544.226265579462
Posterior = -538.1590103701171 for parameter set #219: [0.3110638961398345, 0.8015536216460311, -0.9995]
Running module mass_function_like
Model N: 1845092.122662474
Done mass_function_like status = 0 

Pipeline ran okay.
Likelihood mass_function_like_m_n = -537.4830371960998
Posterior = -531.8223848008641 for parameter set #220: [0.31427341446938706, 0.7947658573354809, -0.9995]
Model N: 1821908.868817667
Done mass_function_like status = 0 

Pipeline ran okay.
Likelihood mass_function_like_m_n = -1245.4309925884008
Posterior = -1239.4417794003618 for parameter set #220: [0.3117481148298023, 0.7931961185699941, -0.9995]
Model N: 1812000.737360986
Done mass_function_like status = 0 

Pipeline ran okay.
Likelihood mass_function_like_m_n = -1640.8656803891063
Posterior = -1634.5374004568323 for parameter set #220: [0.3083788336424129, 0.797403835475839, -0.9995]
Model N: 1770414.7348506127
Done mass_function_like status = 0 

Pipeline ran okay.
Likelihood mass_function_like_m_n = -3924.049521896988
Posterior = -3917.382078111269 for parameter set #220: [0.3015401566538015, 0.7996153376233606, -0.9995]
Running module mass_function_like
Running module mass_function_like
Running module mass_function_like
Running module mass_function_like
Model N: 1879383.1048655317
Done mass_function_like status = 0 

Pipeline ran okay.
Likelihood mass_function_like_m_n = -35.13862891495228
Posterior = -32.02862043526169 for parameter set #221: [0.326718142594947, 0.7794274996761841, -0.9995]
Running module mass_function_like
Model N: 1870238.3579321133
Done mass_function_like status = 0 

Pipeline ran okay.
Likelihood mass_function_like_m_n = -106.63589175790548
Posterior = -99.99463545739877 for parameter set #221: [0.2972414533607896, 0.8429455566357509, -0.9995]
Running module mass_function_like
Model N: 1761694.2097656196
Done mass_function_like status = 0 

Pipeline ran okay.
Likelihood mass_function_like_m_n = -4533.452062346041
Posterior = -4526.774102430059 for parameter set #221: [0.2994814862916619, 0.8015036178162751, -0.9995]
Running module mass_function_like
Model N: 1774690.7715727452
Done mass_function_like status = 0 

Pipeline ran okay.
Likelihood mass_function_like_m_n = -3642.0127939097583
Posterior = -3635.3537999651962 for parameter set #221: [0.3020154529886958, 0.799885293838986, -0.9995]
Running module mass_function_like
Model N: 1801847.393001482
Done mass_function_like status = 0 

Pipeline ran okay.
Likelihood mass_function_like_m_n = -2104.7020029611886
Posterior = -2098.247352662896 for parameter set #222: [0.3067030425929954, 0.7979487448231366, -0.9995]
Running module mass_function_like
Model N: 1841831.3641316197
Done mass_function_like status = 0 

Pipeline ran okay.
Likelihood mass_function_like_m_n = -618.855551879853
Posterior = -612.2581647628261 for parameter set #222: [0.3040476432966194, 0.816448633580568, -0.9995]
Running module mass_function_like
Model N: 1745138.644814999
Done mass_function_like status = 0 

Pipeline ran okay.
Likelihood mass_function_like_m_n = -5818.140252254903
Posterior = -5811.493452109555 for parameter set #222: [0.2974503312779318, 0.8008798662744598, -0.9995]
Running module mass_function_like
Model N: 1888315.4727813355
Done mass_function_like status = 0 

Pipeline ran okay.
Likelihood mass_function_like_m_n = -8.494661703705788
Posterior = -4.108173401631742 for parameter set #222: [0.3214140883356549, 0.7925959943281609, -0.9995]
Running module mass_function_like
Model N: 1865113.2362744503
Done mass_function_like status = 0 

Pipeline ran okay.
Likelihood mass_function_like_m_n = -166.43127623572946
Posterior = -161.50819846702012 for parameter set #223: [0.31874153904886604, 0.7913514439733845, -0.9995]
Running module mass_function_like
Model N: 1862063.113036542
Done mass_function_like status = 0 

Pipeline ran okay.
Likelihood mass_function_like_m_n = -208.7844065465033
Posterior = -203.3036304391491 for parameter set #223: [0.3154824293375167, 0.7972687238718092, -0.9995]
Running module mass_function_like
Model N: 1879385.8953949753
Done mass_function_like status = 0 

Pipeline ran okay.
Likelihood mass_function_like_m_n = -35.123661287128925
Posterior = -30.87026723319777 for parameter set #223: [0.32202684791057967, 0.7887511219100126, -0.9995]
Running module mass_function_like
Model N: 1810594.034604306
Done mass_function_like status = 0 

Pipeline ran okay.
Likelihood mass_function_like_m_n = -1701.572846736759
Posterior = -1695.7253723109404 for parameter set #223: [0.3128982926970325, 0.787476376700551, -0.9995]
Running module mass_function_like
Model N: 1856622.2136143565
Done mass_function_like status = 0 

Pipeline ran okay.
Likelihood mass_function_like_m_n = -296.93380649760365
Posterior = -291.07642916461623 for parameter set #224: [0.3128212859364635, 0.8013338214603729, -0.9995]
Model N: 1815077.7912789448
Done mass_function_like status = 0 

Pipeline ran okay.
Likelihood mass_function_like_m_n = -1512.0408008620143
Posterior = -1505.6882489081702 for parameter set #224: [0.30808396245001296, 0.7989748278305661, -0.9995]
Model N: 1899303.5247730883
Done mass_function_like status = 0 

Pipeline ran okay.
Likelihood mass_function_like_m_n = -33.67107713595033
Posterior = -28.4972084823749 for parameter set #224: [0.31735186182941055, 0.8044984886809634, -0.9995]
Model N: 1926926.185317926
Done mass_function_like status = 0 

Pipeline ran okay.
Likelihood mass_function_like_m_n = -374.66742150485516
Posterior = -369.90156144961435 for parameter set #224: [0.31956243411781576, 0.8081262984908728, -0.9995]
Running module mass_function_like
Running module mass_function_like
Running module mass_function_like
Running module mass_function_like
Model N: 1908619.2085897236
Done mass_function_like status = 0 

Pipeline ran okay.
Likelihood mass_function_like_m_n = -104.58031737059355
Posterior = -100.62614968045348 for parameter set #225: [0.32334581978929045, 0.7945427834403593, -0.9995]
Running module mass_function_like
Model N: 1844277.9907049602
Done mass_function_like status = 0 

Pipeline ran okay.
Likelihood mass_function_like_m_n = -557.246198259294
Posterior = -550.670054162314 for parameter set #225: [0.3045422483712412, 0.8160837403355509, -0.9995]
Running module mass_function_like
Model N: 1858595.0682570434
Done mass_function_like status = 0 

Pipeline ran okay.
Likelihood mass_function_like_m_n = -263.10089095681906
Posterior = -257.53183513006206 for parameter set #225: [0.31490133129323156, 0.7974654040645599, -0.9995]
Running module mass_function_like
Model N: 1800953.9551395618
Done mass_function_like status = 0 

Pipeline ran okay.
Likelihood mass_function_like_m_n = -2148.3791475370526
Posterior = -2142.017314542833 for parameter set #225: [0.3079683273538508, 0.794955357853046, -0.9995]
Running module mass_function_like
Model N: 1852245.3714504929
Done mass_function_like status = 0 

Pipeline ran okay.
Likelihood mass_function_like_m_n = -379.6166747175157
Posterior = -373.03459963976036 for parameter set #226: [0.3044097419551457, 0.8189763625021707, -0.9995]
Running module mass_function_like
Model N: 1942300.8934683488
Done mass_function_like status = 0 

Pipeline ran okay.
Likelihood mass_function_like_m_n = -733.3916355296969
Posterior = -731.6976850118041 for parameter set #226: [0.3315764269049471, 0.7875477755704643, -0.9995]
Running module mass_function_like
Model N: 1890766.3021054696
Done mass_function_like status = 0 

Pipeline ran okay.
Likelihood mass_function_like_m_n = -8.592747941613197
Posterior = -4.025523641764007 for parameter set #226: [0.32055276087760964, 0.7951197199720998, -0.9995]
Running module mass_function_like
Model N: 1819559.0277913804
Done mass_function_like status = 0 

Pipeline ran okay.
Likelihood mass_function_like_m_n = -1334.135694053024
Posterior = -1327.7857153164766 for parameter set #226: [0.3081157311656169, 0.8002710573764011, -0.9995]
Running module mass_function_like
Model N: 1790074.2795695947
Done mass_function_like status = 0 

Pipeline ran okay.
Likelihood mass_function_like_m_n = -2717.696876563132
Posterior = -2711.0950790671095 for parameter set #227: [0.30393717417160904, 0.8003898317115034, -0.9995]
Running module mass_function_like
Model N: 1838279.1866747022
Done mass_function_like status = 0 

Pipeline ran okay.
Likelihood mass_function_like_m_n = -714.2408354692161
Posterior = -708.2052837934816 for parameter set #227: [0.3113468279494813, 0.7989566392690599, -0.9995]
Running module mass_function_like
Model N: 1852088.3181685284
Done mass_function_like status = 0 

Pipeline ran okay.
Likelihood mass_function_like_m_n = -382.7793476060033
Posterior = -377.22283014294277 for parameter set #227: [0.3149852376374195, 0.7953459055446683, -0.9995]
Running module mass_function_like
Model N: 1815577.5702517945
Done mass_function_like status = 0 

Pipeline ran okay.
Likelihood mass_function_like_m_n = -1491.6300069317222
Posterior = -1485.3232332040384 for parameter set #227: [0.3086316912667959, 0.7979410586151424, -0.9995]
Running module mass_function_like
Model N: 1878599.6590546006
Done mass_function_like status = 0 

Pipeline ran okay.
Likelihood mass_function_like_m_n = -39.5056173466146
Posterior = -37.07405583256694 for parameter set #228: [0.3291470159167711, 0.7745442032642678, -0.9995]
Model N: 1913184.0469347613
Done mass_function_like status = 0 

Pipeline ran okay.
Likelihood mass_function_like_m_n = -155.7868459187448
Posterior = -150.85212714014412 for parameter set #228: [0.3186793223630276, 0.805845715669618, -0.9995]
Model N: 1892713.4432379918
Done mass_function_like status = 0 

Pipeline ran okay.
Likelihood mass_function_like_m_n = -10.93407055735588
Posterior = -4.477754412095319 for parameter set #228: [0.3066781442489607, 0.8268752038345877, -0.9995]
Model N: 1885460.3807628972
Done mass_function_like status = 0 

Pipeline ran okay.
Likelihood mass_function_like_m_n = -12.394633911550045
Posterior = -8.221436664674782 for parameter set #228: [0.32238797423365917, 0.7897703762334022, -0.9995]
Running module mass_function_like
Running module mass_function_like
Running module mass_function_like
Running module mass_function_like
Model N: 1949046.6977494636
Done mass_function_like status = 0 

Pipeline ran okay.
Likelihood mass_function_like_m_n = -928.2653944306076
Posterior = -925.1919422892641 for parameter set #229: [0.3268546162026822, 0.7991324007461942, -0.9995]
Running module mass_function_like
Model N: 1789861.5091615256
Done mass_function_like status = 0 

Pipeline ran okay.
Likelihood mass_function_like_m_n = -2729.5239268131554
Posterior = -2722.9359247259376 for parameter set #229: [0.3042732215269644, 0.7995868342011105, -0.9995]
Running module mass_function_like
Model N: 1843062.4650693624
Done mass_function_like status = 0 

Pipeline ran okay.
Likelihood mass_function_like_m_n = -587.4385839812458
Posterior = -581.0123725505756 for parameter set #229: [0.3071146717090818, 0.8097824468258681, -0.9995]
Running module mass_function_like
Model N: 1897143.3689922376
Done mass_function_like status = 0 

Pipeline ran okay.
Likelihood mass_function_like_m_n = -23.704300452023745
Posterior = -18.221264564352975 for parameter set #229: [0.31546782667758744, 0.807965337457047, -0.9995]
Running module mass_function_like
Model N: 1885398.3199099363
Done mass_function_like status = 0 

Pipeline ran okay.
Likelihood mass_function_like_m_n = -12.527471490204334
Posterior = -11.511612357450703 for parameter set #230: [0.3336554455194299, 0.7679602982654318, -0.9995]
Running module mass_function_like
Model N: 1865041.0321912456
Done mass_function_like status = 0 

Pipeline ran okay.
Likelihood mass_function_like_m_n = -167.37542137131095
Posterior = -161.55367837573593 for parameter set #230: [0.31309626819162745, 0.8033026103818561, -0.9995]
Running module mass_function_like
Model N: 1845549.80468109
Done mass_function_like status = 0 

Pipeline ran okay.
Likelihood mass_function_like_m_n = -526.5342990159988
Posterior = -520.6692315214121 for parameter set #230: [0.3127611653364688, 0.7981139995056623, -0.9995]
Running module mass_function_like
Model N: 1888475.4382980478
Done mass_function_like status = 0 

Pipeline ran okay.
Likelihood mass_function_like_m_n = -8.404060758650303
Posterior = -1.770652164811363 for parameter set #230: [0.3030297064039692, 0.8344385662288373, -0.9995]
Running module mass_function_like
Model N: 1794273.048511176
Done mass_function_like status = 0 

Pipeline ran okay.
Likelihood mass_function_like_m_n = -2489.757209379226
Posterior = -2483.619077138708 for parameter set #231: [0.3104035759024684, 0.7878527676034055, -0.9995]
Running module mass_function_like
Model N: 1874718.411127455
Done mass_function_like status = 0 

Pipeline ran okay.
Likelihood mass_function_like_m_n = -65.99190910160542
Posterior = -61.473945242912514 for parameter set #231: [0.3207910574027263, 0.7899361267782911, -0.9995]
Running module mass_function_like
Model N: 1899886.5573075048
Done mass_function_like status = 0 

Pipeline ran okay.
Likelihood mass_function_like_m_n = -36.78023183718324
Posterior = -33.14253203307306 for parameter set #231: [0.3246641618312888, 0.7893061203262353, -0.9995]
Running module mass_function_like
Model N: 1753544.258744776
Done mass_function_like status = 0 

Pipeline ran okay.
Likelihood mass_function_like_m_n = -5144.826871871948
Posterior = -5138.1565973924 for parameter set #231: [0.29865614593338324, 0.8008087150765728, -0.9995]
Running module mass_function_like
Model N: 1807312.63603557
Done mass_function_like status = 0 

Pipeline ran okay.
Likelihood mass_function_like_m_n = -1847.6200422123075
Posterior = -1841.182286091154 for parameter set #232: [0.3069505118826855, 0.7990741645337106, -0.9995]
Model N: 1899259.6518541994
Done mass_function_like status = 0 

Pipeline ran okay.
Likelihood mass_function_like_m_n = -33.44431645795703
Posterior = -28.269520579692607 for parameter set #232: [0.31734651734525277, 0.8044966627892924, -0.9995]
Model N: 1826486.992997549
Done mass_function_like status = 0 

Pipeline ran okay.
Likelihood mass_function_like_m_n = -1081.6300791427493
Posterior = -1075.4492522501082 for parameter set #232: [0.30998476144601406, 0.7983240811347881, -0.9995]
Model N: 1834394.6572926966
Done mass_function_like status = 0 

Pipeline ran okay.
Likelihood mass_function_like_m_n = -826.6277915649116
Posterior = -820.6703398823333 for parameter set #232: [0.31201542771383456, 0.7963551464718651, -0.9995]
Running module mass_function_like
Running module mass_function_like
Running module mass_function_like
Running module mass_function_like
Model N: 1900660.2953507397
Done mass_function_like status = 0 

Pipeline ran okay.
Likelihood mass_function_like_m_n = -41.18110927194357
Posterior = -36.46917800333429 for parameter set #233: [0.31983619383702894, 0.799566854354828, -0.9995]
Running module mass_function_like
Model N: 1812272.355251906
Done mass_function_like status = 0 

Pipeline ran okay.
Likelihood mass_function_like_m_n = -1629.2750568762422
Posterior = -1623.0089602121525 for parameter set #233: [0.3090907374202591, 0.7959566488077883, -0.9995]
Running module mass_function_like
Model N: 1879492.1623101938
Done mass_function_like status = 0 

Pipeline ran okay.
Likelihood mass_function_like_m_n = -34.55677453801036
Posterior = -28.381083524977683 for parameter set #233: [0.3100360668120287, 0.8146563505191441, -0.9995]
Running module mass_function_like
Model N: 1818848.7171443722
Done mass_function_like status = 0 

Pipeline ran okay.
Likelihood mass_function_like_m_n = -1361.5692570358515
Posterior = -1355.4068078154282 for parameter set #233: [0.31016715277633683, 0.7956323100723038, -0.9995]
Running module mass_function_like
Model N: 1833737.3970056
Done mass_function_like status = 0 

Pipeline ran okay.
Likelihood mass_function_like_m_n = -846.4807071909308
Posterior = -855.816070854244 for parameter set #234: [0.3565944659160652, 0.7178644711488742, -0.9995]
Running module mass_function_like
Model N: 1898423.7593468109
Done mass_function_like status = 0 

Pipeline ran okay.
Likelihood mass_function_like_m_n = -29.316593527793884
Posterior = -25.02970227354036 for parameter set #234: [0.3218742448740827, 0.7946043204307711, -0.9995]
Running module mass_function_like
Model N: 1876156.8106227152
Done mass_function_like status = 0 

Pipeline ran okay.
Likelihood mass_function_like_m_n = -55.23328799381852
Posterior = -49.83879921353312 for parameter set #234: [0.31603006810980416, 0.8003326206764174, -0.9995]
Running module mass_function_like
Model N: 1875520.0296777568
Done mass_function_like status = 0 

Pipeline ran okay.
Likelihood mass_function_like_m_n = -59.8590371273458
Posterior = -54.06130054128783 for parameter set #234: [0.31327831022571945, 0.8061212831071809, -0.9995]
Running module mass_function_like
Model N: 1860097.215316906
Done mass_function_like status = 0 

Pipeline ran okay.
Likelihood mass_function_like_m_n = -238.76808509975672
Posterior = -232.39559201409423 for parameter set #235: [0.3078334042746143, 0.8135367001289339, -0.9995]
Running module mass_function_like
Model N: 1842870.0666364508
Done mass_function_like status = 0 

Pipeline ran okay.
Likelihood mass_function_like_m_n = -592.2928692065179
Posterior = -586.3289010469548 for parameter set #235: [0.3119610705101763, 0.7990222471835056, -0.9995]
Running module mass_function_like
Model N: 1848854.3693139763
Done mass_function_like status = 0 

Pipeline ran okay.
Likelihood mass_function_like_m_n = -450.92687425762415
Posterior = -445.11876923587516 for parameter set #235: [0.31319999376182583, 0.7981694203928951, -0.9995]
Running module mass_function_like
Model N: 1887159.703433685
Done mass_function_like status = 0 

Pipeline ran okay.
Likelihood mass_function_like_m_n = -9.552307609468699
Posterior = -4.963122691269602 for parameter set #235: [0.3204456317100309, 0.7942811389344994, -0.9995]
Running module mass_function_like
Model N: 1884955.2880594612
Done mass_function_like status = 0 

Pipeline ran okay.
Likelihood mass_function_like_m_n = -13.535234402865171
Posterior = -9.282708693629978 for parameter set #236: [0.3220307897682993, 0.7903529241278833, -0.9995]
Model N: 1906482.4026783602
Done mass_function_like status = 0 

Pipeline ran okay.
Likelihood mass_function_like_m_n = -84.3211273662746
Posterior = -81.63945852220601 for parameter set #236: [0.3282759097262727, 0.7839614709486477, -0.9995]
Model N: 1910070.4026707362
Done mass_function_like status = 0 

Pipeline ran okay.
Likelihood mass_function_like_m_n = -119.68985870853066
Posterior = -114.75478959054408 for parameter set #236: [0.31867744672230985, 0.8048992567906904, -0.9995]
Model N: 1768957.7202894476
Done mass_function_like status = 0 

Pipeline ran okay.
Likelihood mass_function_like_m_n = -4022.6656315475702
Posterior = -4015.9907453713868 for parameter set #236: [0.2990599976461052, 0.804717967865341, -0.9995]
Running module mass_function_like
Running module mass_function_like
Running module mass_function_like
Running module mass_function_like
Model N: 1881805.2485903825
Done mass_function_like status = 0 

Pipeline ran okay.
Likelihood mass_function_like_m_n = -23.712962582707405
Posterior = -19.507374289900724 for parameter set #237: [0.322242823136929, 0.789010014100497, -0.9995]
Running module mass_function_like
Model N: 1853198.8021740152
Done mass_function_like status = 0 

Pipeline ran okay.
Likelihood mass_function_like_m_n = -360.70835473388433
Posterior = -354.31693224527254 for parameter set #237: [0.3075879076127537, 0.8119077918748546, -0.9995]
Running module mass_function_like
Model N: 1862247.6533012947
Done mass_function_like status = 0 

Pipeline ran okay.
Likelihood mass_function_like_m_n = -206.07801359146833
Posterior = -200.45845675181323 for parameter set #237: [0.3145584845272789, 0.7992938708636932, -0.9995]
Running module mass_function_like
Model N: 1862622.515487153
Done mass_function_like status = 0 

Pipeline ran okay.
Likelihood mass_function_like_m_n = -200.63755786046386
Posterior = -194.9839872975483 for parameter set #237: [0.314322944078608, 0.7999119818310199, -0.9995]
Running module mass_function_like
Model N: 1752580.4917296907
Done mass_function_like status = 0 

Pipeline ran okay.
Likelihood mass_function_like_m_n = -5219.815872974694
Posterior = -5213.1366213992715 for parameter set #238: [0.29989741063619557, 0.7977415437097529, -0.9995]
Running module mass_function_like
Model N: 1844781.4826300368
Done mass_function_like status = 0 

Pipeline ran okay.
Likelihood mass_function_like_m_n = -544.9804441742599
Posterior = -539.1676997126965 for parameter set #238: [0.3131647995559889, 0.7970212553240749, -0.9995]
Running module mass_function_like
Model N: 1892251.6918412065
Done mass_function_like status = 0 

Pipeline ran okay.
Likelihood mass_function_like_m_n = -10.197809249162674
Posterior = -3.5868380750654367 for parameter set #238: [0.2963031628596065, 0.8534307287248115, -0.9995]
Running module mass_function_like
Model N: 1790135.1092735454
Done mass_function_like status = 0 

Pipeline ran okay.
Likelihood mass_function_like_m_n = -2714.3205053322017
Posterior = -2707.888441609744 for parameter set #238: [0.30703193395663825, 0.79370820485371, -0.9995]
Running module mass_function_like
Model N: 1853874.0687555382
Done mass_function_like status = 0 

Pipeline ran okay.
Likelihood mass_function_like_m_n = -347.6191202290356
Posterior = -342.25703878308906 for parameter set #239: [0.31623097503148606, 0.7932618938344304, -0.9995]
Running module mass_function_like
Model N: 1866268.0672838176
Done mass_function_like status = 0 

Pipeline ran okay.
Likelihood mass_function_like_m_n = -151.71531879901886
Posterior = -146.4306971737118 for parameter set #239: [0.3167013925946498, 0.7959451193774651, -0.9995]
Running module mass_function_like
Model N: 1801870.607942574
Done mass_function_like status = 0 

Pipeline ran okay.
Likelihood mass_function_like_m_n = -2103.573297485709
Posterior = -2097.05772772577 for parameter set #239: [0.30572248963949517, 0.800092242554019, -0.9995]
Running module mass_function_like
Model N: 1820453.3817076467
Done mass_function_like status = 0 

Pipeline ran okay.
Likelihood mass_function_like_m_n = -1300.0035139583051
Posterior = -1293.7797768370315 for parameter set #239: [0.30954533474569146, 0.7974466708392433, -0.9995]
Running module mass_function_like
Model N: 1898386.8911377233
Done mass_function_like status = 0 

Pipeline ran okay.
Likelihood mass_function_like_m_n = -29.142966866493225
Posterior = -24.029886931735533 for parameter set #240: [0.3176987246068891, 0.8034666014983036, -0.9995]
Model N: 1813318.6905820982
Done mass_function_like status = 0 

Pipeline ran okay.
Likelihood mass_function_like_m_n = -1585.0218377485871
Posterior = -1578.6480126436043 for parameter set #240: [0.3078163814303978, 0.7990208134750699, -0.9995]
Model N: 1795110.9872427606
Done mass_function_like status = 0 

Pipeline ran okay.
Likelihood mass_function_like_m_n = -2445.5078449212015
Posterior = -2438.83285658001 for parameter set #240: [0.29907092980690336, 0.8130128455190552, -0.9995]
Model N: 1860333.605678101
Done mass_function_like status = 0 

Pipeline ran okay.
Likelihood mass_function_like_m_n = -235.05113834887743
Posterior = -228.64066347399086 for parameter set #240: [0.3073325210320003, 0.814765232901271, -0.9995]
Running module mass_function_like
Running module mass_function_like
Running module mass_function_like
Running module mass_function_like
Model N: 1884350.5381298608
Done mass_function_like status = 0 

Pipeline ran okay.
Likelihood mass_function_like_m_n = -15.07934844121337
Posterior = -14.680810268148868 for parameter set #241: [0.33544225169270625, 0.764427741568315, -0.9995]
Running module mass_function_like
Model N: 1830699.1352922013
Done mass_function_like status = 0 

Pipeline ran okay.
Likelihood mass_function_like_m_n = -941.4103770628572
Posterior = -934.9598907436447 for parameter set #241: [0.3067648781082551, 0.8066947265767224, -0.9995]
Running module mass_function_like
Model N: 1890522.8445515966
Done mass_function_like status = 0 

Pipeline ran okay.
Likelihood mass_function_like_m_n = -8.440855093300343
Posterior = -3.9284351831596585 for parameter set #241: [0.32081770538829635, 0.7944957642592454, -0.9995]
Running module mass_function_like
Model N: 1897526.8712442277
Done mass_function_like status = 0 

Pipeline ran okay.
Likelihood mass_function_like_m_n = -25.295061249285936
Posterior = -18.950938214043013 for parameter set #241: [0.2918124342681444, 0.8681177158151033, -0.9995]
Running module mass_function_like
Model N: 1876791.3651530137
Done mass_function_like status = 0 

Pipeline ran okay.
Likelihood mass_function_like_m_n = -50.84023316204548
Posterior = -44.45840743436357 for parameter set #242: [0.30771334519684285, 0.8191778943816631, -0.9995]
Running module mass_function_like
Model N: 1886010.0709615122
Done mass_function_like status = 0 

Pipeline ran okay.
Likelihood mass_function_like_m_n = -11.307404052466154
Posterior = -5.5138334823556345 for parameter set #242: [0.313309647840568, 0.809303148052041, -0.9995]
Running module mass_function_like
Model N: 1952994.4612952676
Done mass_function_like status = 0 

Pipeline ran okay.
Likelihood mass_function_like_m_n = -1052.8178109675646
Posterior = -1050.8871109219938 for parameter set #242: [0.3308175409555643, 0.7921228949384956, -0.9995]
Running module mass_function_like
Model N: 1925273.2477909487
Done mass_function_like status = 0 

Pipeline ran okay.
Likelihood mass_function_like_m_n = -343.22839184477925
Posterior = -340.41301602986306 for parameter set #242: [0.3277990229446791, 0.7902577579504567, -0.9995]
Running module mass_function_like
Model N: 1847105.773903402
Done mass_function_like status = 0 

Pipeline ran okay.
Likelihood mass_function_like_m_n = -490.18087002262473
Posterior = -484.57551011164367 for parameter set #243: [0.3146556766294098, 0.7945594204265868, -0.9995]
Running module mass_function_like
Model N: 1869870.2726508197
Done mass_function_like status = 0 

Pipeline ran okay.
Likelihood mass_function_like_m_n = -110.45652388036251
Posterior = -105.25801903292421 for parameter set #243: [0.31720929603947756, 0.7959458205280555, -0.9995]
Running module mass_function_like
Model N: 1686157.9124207885
Done mass_function_like status = 0 

Pipeline ran okay.
Likelihood mass_function_like_m_n = -11800.027849461883
Posterior = -11793.492681863123 for parameter set #243: [0.29463089207502, 0.7889551579722923, -0.9995]
Running module mass_function_like
Model N: 1857364.8615587591
Done mass_function_like status = 0 

Pipeline ran okay.
Likelihood mass_function_like_m_n = -283.9478251077235
Posterior = -278.55599408950724 for parameter set #243: [0.31604663939953775, 0.7946798986732246, -0.9995]
Running module mass_function_like
Model N: 1908527.3492749943
Done mass_function_like status = 0 

Pipeline ran okay.
Likelihood mass_function_like_m_n = -103.66063909605145
Posterior = -98.47144064056522 for parameter set #244: [0.3172632890424969, 0.8075187617850009, -0.9995]
Model N: 1866770.3265689001
Done mass_function_like status = 0 

Pipeline ran okay.
Likelihood mass_function_like_m_n = -145.54085866361856
Posterior = -140.67456913777121 for parameter set #244: [0.31904213576499674, 0.7912153925213881, -0.9995]
Model N: 1925428.0198987916
Done mass_function_like status = 0 

Pipeline ran okay.
Likelihood mass_function_like_m_n = -346.113110575825
Posterior = -344.5749752590606 for parameter set #244: [0.3320660845179008, 0.781849148255882, -0.9995]
Model N: 1836436.0784058687
Done mass_function_like status = 0 

Pipeline ran okay.
Likelihood mass_function_like_m_n = -766.5114496164024
Posterior = -760.4583944218975 for parameter set #244: [0.31119150574145715, 0.7987334860362371, -0.9995]
Running module mass_function_like
Running module mass_function_like
Running module mass_function_like
Running module mass_function_like
Model N: 1837143.2245336778
Done mass_function_like status = 0 

Pipeline ran okay.
Likelihood mass_function_like_m_n = -746.2319444380701
Posterior = -740.3572817097388 for parameter set #245: [0.3126857516133567, 0.795752881274784, -0.9995]
Running module mass_function_like
Model N: 1842724.2256046594
Done mass_function_like status = 0 

Pipeline ran okay.
Likelihood mass_function_like_m_n = -595.9862155504525
Posterior = -589.8599495012352 for parameter set #245: [0.3105170162032097, 0.8021081719773429, -0.9995]
Running module mass_function_like
Model N: 1873842.6800882653
Done mass_function_like status = 0 

Pipeline ran okay.
Likelihood mass_function_like_m_n = -73.0866464190185
Posterior = -66.53816061444896 for parameter set #245: [0.30511504435446357, 0.8243853245394535, -0.9995]
Running module mass_function_like
Model N: 1892405.2707712322
Done mass_function_like status = 0 

Pipeline ran okay.
Likelihood mass_function_like_m_n = -10.430205598473549
Posterior = -5.788427935316236 for parameter set #245: [0.32018676068691004, 0.7963698092284887, -0.9995]
Running module mass_function_like
Model N: 1831284.2331313782
Done mass_function_like status = 0 

Pipeline ran okay.
Likelihood mass_function_like_m_n = -922.7250818647444
Posterior = -916.7323895347314 for parameter set #246: [0.3117184629392866, 0.7960550953140075, -0.9995]
Running module mass_function_like
Model N: 1851046.0805421104
Done mass_function_like status = 0 

Pipeline ran okay.
Likelihood mass_function_like_m_n = -404.1118521988392
Posterior = -399.2988157247436 for parameter set #246: [0.31931977082790897, 0.7860966221582555, -0.9995]
Running module mass_function_like
Model N: 1874549.0285964846
Done mass_function_like status = 0 

Pipeline ran okay.
Likelihood mass_function_like_m_n = -67.33198954164982
Posterior = -62.74339351365679 for parameter set #246: [0.3204485117811403, 0.7905887341288567, -0.9995]
Running module mass_function_like
Model N: 1739585.3216003035
Done mass_function_like status = 0 

Pipeline ran okay.
Likelihood mass_function_like_m_n = -6286.99775062874
Posterior = -6281.07530749626 for parameter set #246: [0.28769665845527065, 0.8219260358427517, -0.9995]
Running module mass_function_like
Model N: 1759700.4008782266
Done mass_function_like status = 0 

Pipeline ran okay.
Likelihood mass_function_like_m_n = -4679.268481697887
Posterior = -4672.598464602236 for parameter set #247: [0.29863712783729124, 0.8027686363853711, -0.9995]
Running module mass_function_like
Model N: 1857453.4153485487
Done mass_function_like status = 0 

Pipeline ran okay.
Likelihood mass_function_like_m_n = -282.4195306710899
Posterior = -276.7620444858881 for parameter set #247: [0.3142955798281035, 0.7984134689077008, -0.9995]
Running module mass_function_like
Model N: 1843386.1955107767
Done mass_function_like status = 0 

Pipeline ran okay.
Likelihood mass_function_like_m_n = -579.3172100707889
Posterior = -573.5749052574115 for parameter set #247: [0.3136894074739038, 0.7954907911339606, -0.9995]
Running module mass_function_like
Model N: 1868066.9242117156
Done mass_function_like status = 0 

Pipeline ran okay.
Likelihood mass_function_like_m_n = -130.23343086615205
Posterior = -125.19013613787759 for parameter set #247: [0.3180887228406858, 0.7935710767364128, -0.9995]
Running module mass_function_like
Model N: 1906910.6076441372
Done mass_function_like status = 0 

Pipeline ran okay.
Likelihood mass_function_like_m_n = -88.19096856191754
Posterior = -82.4832796808733 for parameter set #248: [0.3139399807551227, 0.814445032293065, -0.9995]
Model N: 1793960.3374190668
Done mass_function_like status = 0 

Pipeline ran okay.
Likelihood mass_function_like_m_n = -2506.376236911863
Posterior = -2499.8307819905153 for parameter set #248: [0.30517395935358066, 0.7988717798525901, -0.9995]
Model N: 1837312.319221343
Done mass_function_like status = 0 

Pipeline ran okay.
Likelihood mass_function_like_m_n = -741.4241366460919
Posterior = -735.4920367118141 for parameter set #248: [0.3122246003127497, 0.79678449521498, -0.9995]
Model N: 1895044.7352193184
Done mass_function_like status = 0 

Pipeline ran okay.
Likelihood mass_function_like_m_n = -16.36735015362501
Posterior = -9.696885697515425 for parameter set #248: [0.30132964222260067, 0.8410475818876145, -0.9995]
Running module mass_function_like
Running module mass_function_like
Running module mass_function_like
Running module mass_function_like
Model N: 1890449.0919711343
Done mass_function_like status = 0 

Pipeline ran okay.
Likelihood mass_function_like_m_n = -8.40102457627654
Posterior = -3.9050640393343983 for parameter set #249: [0.3208966201160286, 0.7943099166828255, -0.9995]
Running module mass_function_like
Model N: 1857819.407896162
Done mass_function_like status = 0 

Pipeline ran okay.
Likelihood mass_function_like_m_n = -276.1486434787512
Posterior = -269.5108067780402 for parameter set #249: [0.3028798436623956, 0.8244612079349926, -0.9995]
Running module mass_function_like
Model N: 1882594.1298052135
Done mass_function_like status = 0 

Pipeline ran okay.
Likelihood mass_function_like_m_n = -20.667861111462116
Posterior = -14.18926341590135 for parameter set #249: [0.3063357162617881, 0.824345439953269, -0.9995]
Running module mass_function_like
Model N: 1844364.4771794335
Done mass_function_like status = 0 

Pipeline ran okay.
Likelihood mass_function_like_m_n = -555.1292540244758
Posterior = -549.26614797666 for parameter set #249: [0.3127765265271462, 0.7977244019297945, -0.9995]
Running module mass_function_like
Model N: 1825605.008980843
Done mass_function_like status = 0 

Pipeline ran okay.
Likelihood mass_function_like_m_n = -1112.261605322361
Posterior = -1105.934165702364 for parameter set #250: [0.30838885663619453, 0.8015227385727963, -0.9995]
Running module mass_function_like
Model N: 1889020.1039554297
Done mass_function_like status = 0 

Pipeline ran okay.
Likelihood mass_function_like_m_n = -8.197226859629154
Posterior = -1.5802704383211044 for parameter set #250: [0.2964687742354205, 0.8517908007108744, -0.9995]
Running module mass_function_like
Model N: 1890968.7354165798
Done mass_function_like status = 0 

Pipeline ran okay.
Likelihood mass_function_like_m_n = -8.74289920926094
Posterior = -4.36702470164089 for parameter set #250: [0.3214635956479344, 0.793269858488284, -0.9995]
Running module mass_function_like
Model N: 1872434.4839891572
Done mass_function_like status = 0 

Pipeline ran okay.
Likelihood mass_function_like_m_n = -85.36065733060241
Posterior = -81.53863711256594 for parameter set #250: [0.3239051625398102, 0.7830005285005578, -0.9995]
Running module mass_function_like
Model N: 1866376.6853294394
Done mass_function_like status = 0 

Pipeline ran okay.
Likelihood mass_function_like_m_n = -150.3684418387711
Posterior = -145.5298218746155 for parameter set #251: [0.3191868925788133, 0.7908024245099323, -0.9995]
Running module mass_function_like
Model N: 1785510.1891241844
Done mass_function_like status = 0 

Pipeline ran okay.
Likelihood mass_function_like_m_n = -2977.261927265674
Posterior = -2970.653790129027 for parameter set #251: [0.30377271948768186, 0.7993493800279178, -0.9995]
Running module mass_function_like
Model N: 1882230.7195730815
Done mass_function_like status = 0 

Pipeline ran okay.
Likelihood mass_function_like_m_n = -22.029401298612356
Posterior = -16.703186599720187 for parameter set #251: [0.3164504680749092, 0.8012634139322139, -0.9995]
Running module mass_function_like
Model N: 1888035.6481134316
Done mass_function_like status = 0 

Pipeline ran okay.
Likelihood mass_function_like_m_n = -8.685755148530006
Posterior = -3.920742652365857 for parameter set #251: [0.31956676622309393, 0.7963773327236163, -0.9995]
Running module mass_function_like
Model N: 1880189.124010513
Done mass_function_like status = 0 

Pipeline ran okay.
Likelihood mass_function_like_m_n = -30.988481014966965
Posterior = -25.990215068475578 for parameter set #252: [0.3183359660330118, 0.796638375218975, -0.9995]
Model N: 1897068.6615690652
Done mass_function_like status = 0 

Pipeline ran okay.
Likelihood mass_function_like_m_n = -23.403399743139744
Posterior = -16.92808235098031 for parameter set #252: [0.30638728120800657, 0.8290379364317935, -0.9995]
Model N: 1786430.9437035597
Done mass_function_like status = 0 

Pipeline ran okay.
Likelihood mass_function_like_m_n = -2923.905497994274
Posterior = -2917.3178563356246 for parameter set #252: [0.30428164780571515, 0.7985186919871649, -0.9995]
Model N: 1870277.7060936892
Done mass_function_like status = 0 

Pipeline ran okay.
Likelihood mass_function_like_m_n = -106.23179838061333
Posterior = -101.2603607110352 for parameter set #252: [0.31848170191693437, 0.7934034520820018, -0.9995]
Running module mass_function_like
Running module mass_function_like
Running module mass_function_like
Running module mass_function_like
Model N: 1875305.073193094
Done mass_function_like status = 0 

Pipeline ran okay.
Likelihood mass_function_like_m_n = -61.469704281538725
Posterior = -55.45048268441783 for parameter set #253: [0.3114898442216533, 0.8100341672275744, -0.9995]
Running module mass_function_like
Model N: 1850933.8546119302
Done mass_function_like status = 0 

Pipeline ran okay.
Likelihood mass_function_like_m_n = -406.44460193812847
Posterior = -401.6514796747129 for parameter set #253: [0.31942257415943937, 0.7858567179791843, -0.9995]
Running module mass_function_like
Model N: 1789486.7215657595
Done mass_function_like status = 0 

Pipeline ran okay.
Likelihood mass_function_like_m_n = -2750.42180313915
Posterior = -2743.83922599676 for parameter set #253: [0.30439834186756626, 0.799197920181736, -0.9995]
Running module mass_function_like
Model N: 1903831.8461558449
Done mass_function_like status = 0 

Pipeline ran okay.
Likelihood mass_function_like_m_n = -62.48982831835747
Posterior = -57.863462766257506 for parameter set #253: [0.3202629644731971, 0.799608626331467, -0.9995]
Running module mass_function_like
Model N: 1842625.4548006319
Done mass_function_like status = 0 

Pipeline ran okay.
Likelihood mass_function_like_m_n = -598.4942553043365
Posterior = -592.5634347346704 for parameter set #254: [0.31223506132918055, 0.7983600021289181, -0.9995]
Running module mass_function_like
Model N: 1890511.7173876069
Done mass_function_like status = 0 

Pipeline ran okay.
Likelihood mass_function_like_m_n = -8.434661600738764
Posterior = -2.1034869094903996 for parameter set #254: [0.30834421364853315, 0.822157098745632, -0.9995]
Running module mass_function_like
Model N: 1868354.927862227
Done mass_function_like status = 0 

Pipeline ran okay.
Likelihood mass_function_like_m_n = -126.95689935609698
Posterior = -123.13061603137227 for parameter set #254: [0.3238873224685626, 0.781885321261101, -0.9995]
Running module mass_function_like
Model N: 1890785.957748588
Done mass_function_like status = 0 

Pipeline ran okay.
Likelihood mass_function_like_m_n = -8.606377854943275
Posterior = -4.059868728398692 for parameter set #254: [0.32065330516777213, 0.7949155193685998, -0.9995]
Running module mass_function_like
Model N: 1864840.6014613854
Done mass_function_like status = 0 

Pipeline ran okay.
Likelihood mass_function_like_m_n = -170.01110838726163
Posterior = -164.74503681760783 for parameter set #255: [0.31681209462652643, 0.7952882881205176, -0.9995]
Running module mass_function_like
Model N: 1825827.9624172305
Done mass_function_like status = 0 

Pipeline ran okay.
Likelihood mass_function_like_m_n = -1104.4767433442175
Posterior = -1097.8713470880691 for parameter set #255: [0.303844683138094, 0.8117846217516343, -0.9995]
Running module mass_function_like
Model N: 1889171.107822593
Done mass_function_like status = 0 

Pipeline ran okay.
Likelihood mass_function_like_m_n = -8.167699456214905
Posterior = -1.8124826692379497 for parameter set #255: [0.30805093052178745, 0.8224142095177541, -0.9995]
Running module mass_function_like
Model N: 1844443.8636275316
Done mass_function_like status = 0 

Pipeline ran okay.
Likelihood mass_function_like_m_n = -553.18975546211
Posterior = -547.4536830129023 for parameter set #255: [0.31373485892976244, 0.7957099366606444, -0.9995]
Running module mass_function_like
Model N: 1890447.5672503272
Done mass_function_like status = 0 

Pipeline ran okay.
Likelihood mass_function_like_m_n = -8.40023148059845
Posterior = -2.5234725684290265 for parameter set #256: [0.3126692169145593, 0.8121301769997825, -0.9995]
Model N: 1839529.2219205308
Done mass_function_like status = 0 

Pipeline ran okay.
Likelihood mass_function_like_m_n = -679.870982222259
Posterior = -673.9898268940522 for parameter set #256: [0.31263446769835007, 0.7965759878821757, -0.9995]
Model N: 1888410.189186414
Done mass_function_like status = 0 

Pipeline ran okay.
Likelihood mass_function_like_m_n = -8.439379148185253
Posterior = -4.191688667974144 for parameter set #256: [0.32205272644413424, 0.7913105515576394, -0.9995]
Model N: 1850266.2017852738
Done mass_function_like status = 0 

Pipeline ran okay.
Likelihood mass_function_like_m_n = -420.46617417037487
Posterior = -414.7361950748568 for parameter set #256: [0.31377915166323495, 0.7973571416242144, -0.9995]
Running module mass_function_like
Running module mass_function_like
Running module mass_function_like
Running module mass_function_like
Model N: 1886954.3834098296
Done mass_function_like status = 0 

Pipeline ran okay.
Likelihood mass_function_like_m_n = -9.81430397182703
Posterior = -3.7674674910660393 for parameter set #257: [0.31124693484954197, 0.8142568499122976, -0.9995]
Running module mass_function_like
Model N: 1769103.0309324844
Done mass_function_like status = 0 

Pipeline ran okay.
Likelihood mass_function_like_m_n = -4012.7729620337486
Posterior = -4006.096544874547 for parameter set #257: [0.30075987355637357, 0.800934319121611, -0.9995]
Running module mass_function_like
Model N: 1857261.361499214
Done mass_function_like status = 0 

Pipeline ran okay.
Likelihood mass_function_like_m_n = -285.7395113892853
Posterior = -279.17422567394743 for parameter set #257: [0.3047753216220958, 0.8197475912258972, -0.9995]
Running module mass_function_like
Model N: 1893036.1214153308
Done mass_function_like status = 0 

Pipeline ran okay.
Likelihood mass_function_like_m_n = -11.515335038304329
Posterior = -6.222631477686905 for parameter set #257: [0.31665293149984575, 0.8041063904815777, -0.9995]
Running module mass_function_like
Model N: 1887381.358626337
Done mass_function_like status = 0 

Pipeline ran okay.
Likelihood mass_function_like_m_n = -9.294572476297617
Posterior = -7.441561797589955 for parameter set #258: [0.3310686128419102, 0.773302643803299, -0.9995]
Running module mass_function_like
Model N: 1927481.602356761
Done mass_function_like status = 0 

Pipeline ran okay.
Likelihood mass_function_like_m_n = -385.5437057763338
Posterior = -379.19428054714047 for parameter set #258: [0.3081225484808265, 0.8350433356367939, -0.9995]
Running module mass_function_like
Model N: 1838969.7344358598
Done mass_function_like status = 0 

Pipeline ran okay.
Likelihood mass_function_like_m_n = -695.1462151296437
Posterior = -689.0819434163227 for parameter set #258: [0.31109082940982496, 0.7997178027875262, -0.9995]
Running module mass_function_like
Model N: 1863246.0671904134
Done mass_function_like status = 0 

Pipeline ran okay.
Likelihood mass_function_like_m_n = -191.75733076035976
Posterior = -185.08270459674418 for parameter set #258: [0.300967267770022, 0.8309720233033888, -0.9995]
Running module mass_function_like
Model N: 1889129.8677104944
Done mass_function_like status = 0 

Pipeline ran okay.
Likelihood mass_function_like_m_n = -8.174565248191357
Posterior = -3.839004849419373 for parameter set #259: [0.3216506064558858, 0.7923464294867987, -0.9995]
Running module mass_function_like
Model N: 1811036.6513119368
Done mass_function_like status = 0 

Pipeline ran okay.
Likelihood mass_function_like_m_n = -1682.3485472761095
Posterior = -1675.9426986847914 for parameter set #259: [0.3073953445760439, 0.799241229437966, -0.9995]
Running module mass_function_like
Model N: 1887927.7641153033
Done mass_function_like status = 0 

Pipeline ran okay.
Likelihood mass_function_like_m_n = -8.77051429823041
Posterior = -4.037064848857627 for parameter set #259: [0.31972741619643796, 0.7960082973640814, -0.9995]
Running module mass_function_like
Model N: 1844448.044273282
Done mass_function_like status = 0 

Pipeline ran okay.
Likelihood mass_function_like_m_n = -553.0877146944404
Posterior = -547.3643948182389 for parameter set #259: [0.3138273954315968, 0.7955154200518298, -0.9995]
Running module mass_function_like
Model N: 1890281.4786216782
Done mass_function_like status = 0 

Pipeline ran okay.
Likelihood mass_function_like_m_n = -8.321198932826519
Posterior = -4.177786044568116 for parameter set #260: [0.32252061859741776, 0.7908956931685286, -0.9995]
Model N: 1950906.060372377
Done mass_function_like status = 0 

Pipeline ran okay.
Likelihood mass_function_like_m_n = -985.9647242873907
Posterior = -983.2071676676994 for parameter set #260: [0.32800624065674994, 0.7972779288674766, -0.9995]
Model N: 1872572.5885418013
Done mass_function_like status = 0 

Pipeline ran okay.
Likelihood mass_function_like_m_n = -84.10968213900924
Posterior = -80.50492270084777 for parameter set #260: [0.32479735776307117, 0.78127932200168, -0.9995]
Model N: 1870275.2669679027
Done mass_function_like status = 0 

Pipeline ran okay.
Likelihood mass_function_like_m_n = -106.25682313367724
Posterior = -101.08612902492324 for parameter set #260: [0.31737014731979085, 0.7957274457244975, -0.9995]
Running module mass_function_like
Running module mass_function_like
Running module mass_function_like
Running module mass_function_like
Model N: 1872431.4657618585
Done mass_function_like status = 0 

Pipeline ran okay.
Likelihood mass_function_like_m_n = -85.38811173290014
Posterior = -82.07971737330027 for parameter set #261: [0.325965014302751, 0.7789576548689139, -0.9995]
Running module mass_function_like
Model N: 1893178.0408752891
Done mass_function_like status = 0 

Pipeline ran okay.
Likelihood mass_function_like_m_n = -11.788368754088879
Posterior = -7.296265010487763 for parameter set #261: [0.3209150685139164, 0.7950742909008832, -0.9995]
Running module mass_function_like
Model N: 1871191.112934568
Done mass_function_like status = 0 

Pipeline ran okay.
Likelihood mass_function_like_m_n = -97.08636133372784
Posterior = -90.74898603370474 for parameter set #261: [0.30826956949649853, 0.8160756910227553, -0.9995]
Running module mass_function_like
Model N: 1833719.05125306
Done mass_function_like status = 0 

Pipeline ran okay.
Likelihood mass_function_like_m_n = -847.0383324064314
Posterior = -840.7541501155307 for parameter set #261: [0.30888956587702027, 0.8029138817524414, -0.9995]
Running module mass_function_like
Model N: 1883728.892473199
Done mass_function_like status = 0 

Pipeline ran okay.
Likelihood mass_function_like_m_n = -16.869446225464344
Posterior = -15.10607664810513 for parameter set #262: [0.3313558116493609, 0.7717750837441587, -0.9995]
Running module mass_function_like
Model N: 1890989.576175475
Done mass_function_like status = 0 

Pipeline ran okay.
Likelihood mass_function_like_m_n = -8.759586945176125
Posterior = -4.154038537142371 for parameter set #262: [0.32036544028631075, 0.7955768898412326, -0.9995]
Running module mass_function_like
Model N: 1904057.1164219063
Done mass_function_like status = 0 

Pipeline ran okay.
Likelihood mass_function_like_m_n = -64.20300648361444
Posterior = -58.08787191506564 for parameter set #262: [0.31062233147441176, 0.8211965063570549, -0.9995]
Running module mass_function_like
Model N: 1805933.7715361537
Done mass_function_like status = 0 

Pipeline ran okay.
Likelihood mass_function_like_m_n = -1910.8472486883402
Posterior = -1906.5753797239822 for parameter set #262: [0.32194281310111506, 0.7683826252385271, -0.9995]
Running module mass_function_like
Model N: 1891624.2713771334
Done mass_function_like status = 0 

Pipeline ran okay.
Likelihood mass_function_like_m_n = -9.377703927457333
Posterior = -2.994288551309605 for parameter set #263: [0.3076927085238227, 0.824073120697862, -0.9995]
Running module mass_function_like
Model N: 1858067.1050045046
Done mass_function_like status = 0 

Pipeline ran okay.
Likelihood mass_function_like_m_n = -271.9462301917374
Posterior = -266.58461596319216 for parameter set #263: [0.31623385333040166, 0.7944949596394241, -0.9995]
Running module mass_function_like
Model N: 1857405.2903269203
Done mass_function_like status = 0 

Pipeline ran okay.
Likelihood mass_function_like_m_n = -283.24955751001835
Posterior = -277.59118605261756 for parameter set #263: [0.3142893858574077, 0.7984122600396207, -0.9995]
Running module mass_function_like
Model N: 1857445.4774486877
Done mass_function_like status = 0 

Pipeline ran okay.
Likelihood mass_function_like_m_n = -282.5563506819308
Posterior = -276.35888305392484 for parameter set #263: [0.3098166854926116, 0.8082045525705712, -0.9995]
Running module mass_function_like
Model N: 1887583.833884695
Done mass_function_like status = 0 

Pipeline ran okay.
Likelihood mass_function_like_m_n = -9.081914581358433
Posterior = -2.8467645845394784 for parameter set #264: [0.30942501142165085, 0.8186644835468498, -0.9995]
Model N: 1812044.5708853223
Done mass_function_like status = 0 

Pipeline ran okay.
Likelihood mass_function_like_m_n = -1638.992320280522
Posterior = -1632.6104414087788 for parameter set #264: [0.30771265617756893, 0.7988584701714424, -0.9995]
Model N: 1840510.785029782
Done mass_function_like status = 0 

Pipeline ran okay.
Likelihood mass_function_like_m_n = -653.494405657053
Posterior = -647.6568406664124 for parameter set #264: [0.31297489273689477, 0.7961461969158241, -0.9995]
Model N: 1886657.2101398355
Done mass_function_like status = 0 

Pipeline ran okay.
Likelihood mass_function_like_m_n = -10.233131013810635
Posterior = -5.503070462153033 for parameter set #264: [0.3197445873426243, 0.7955965300465545, -0.9995]
Running module mass_function_like
Running module mass_function_like
Running module mass_function_like
Running module mass_function_like
Model N: 1818185.8443913308
Done mass_function_like status = 0 

Pipeline ran okay.
Likelihood mass_function_like_m_n = -1387.4306136108935
Posterior = -1381.164167209912 for parameter set #265: [0.3090868894273963, 0.7977486741577485, -0.9995]
Running module mass_function_like
Model N: 1847157.8023442011
Done mass_function_like status = 0 

Pipeline ran okay.
Likelihood mass_function_like_m_n = -488.9884640276432
Posterior = -482.32315498230537 for parameter set #265: [0.2983269696373119, 0.832102844823697, -0.9995]
Running module mass_function_like
Model N: 1882290.7047648113
Done mass_function_like status = 0 

Pipeline ran okay.
Likelihood mass_function_like_m_n = -21.79981004446745
Posterior = -16.85972756928303 for parameter set #265: [0.3186505856375921, 0.7965999750086318, -0.9995]
Running module mass_function_like
Model N: 1903779.5470843385
Done mass_function_like status = 0 

Pipeline ran okay.
Likelihood mass_function_like_m_n = -62.09587786719203
Posterior = -57.71347465408966 for parameter set #265: [0.3214331564880576, 0.7971045599501432, -0.9995]
Running module mass_function_like
Model N: 1844769.4415658184
Done mass_function_like status = 0 

Pipeline ran okay.
Likelihood mass_function_like_m_n = -545.2721379958093
Posterior = -539.4105930312236 for parameter set #266: [0.3127887390600051, 0.7978200426093753, -0.9995]
Running module mass_function_like
Model N: 1826595.594316275
Done mass_function_like status = 0 

Pipeline ran okay.
Likelihood mass_function_like_m_n = -1077.888801805675
Posterior = -1072.4662494680936 for parameter set #266: [0.3158540333084593, 0.7860781419891141, -0.9995]
Running module mass_function_like
Model N: 1864467.1001067278
Done mass_function_like status = 0 

Pipeline ran okay.
Likelihood mass_function_like_m_n = -174.98093171417713
Posterior = -169.01453664824334 for parameter set #266: [0.3119407632283401, 0.805661869781727, -0.9995]
Running module mass_function_like
Model N: 1890554.5767991436
Done mass_function_like status = 0 

Pipeline ran okay.
Likelihood mass_function_like_m_n = -8.458877071738243
Posterior = -1.7972935775114642 for parameter set #266: [0.29811741113976414, 0.8479125890892276, -0.9995]
Running module mass_function_like
Model N: 1890491.6795672926
Done mass_function_like status = 0 

Pipeline ran okay.
Likelihood mass_function_like_m_n = -8.423673417419195
Posterior = -3.850165819027456 for parameter set #267: [0.32052216655189436, 0.7951025552014024, -0.9995]
Running module mass_function_like
Model N: 1754091.442014372
Done mass_function_like status = 0 

Pipeline ran okay.
Likelihood mass_function_like_m_n = -5102.505567409098
Posterior = -5096.067301929715 for parameter set #267: [0.3069431796595955, 0.7832585674091863, -0.9995]
Running module mass_function_like
Model N: 1884219.3954406097
Done mass_function_like status = 0 

Pipeline ran okay.
Likelihood mass_function_like_m_n = -15.439869057387114
Posterior = -11.557579351844193 for parameter set #267: [0.3236516996969236, 0.7868560623883106, -0.9995]
Running module mass_function_like
Model N: 1860281.7320501623
Done mass_function_like status = 0 

Pipeline ran okay.
Likelihood mass_function_like_m_n = -235.86417405307293
Posterior = -230.68399364236421 for parameter set #267: [0.31731544852206545, 0.7928898135586347, -0.9995]
Running module mass_function_like
Model N: 1897067.6760633718
Done mass_function_like status = 0 

Pipeline ran okay.
Likelihood mass_function_like_m_n = -23.399449981749058
Posterior = -16.942368881265175 for parameter set #268: [0.30666667980071516, 0.8283561239066635, -0.9995]
Model N: 1788403.0621010642
Done mass_function_like status = 0 

Pipeline ran okay.
Likelihood mass_function_like_m_n = -2811.3122362196445
Posterior = -2806.162215170177 for parameter set #268: [0.31748875723911185, 0.7720659451901195, -0.9995]
Model N: 1844376.2554339755
Done mass_function_like status = 0 

Pipeline ran okay.
Likelihood mass_function_like_m_n = -554.8412771187723
Posterior = -548.9946286548253 for parameter set #268: [0.3129046947609252, 0.7974541603854928, -0.9995]
Model N: 1891269.8302153775
Done mass_function_like status = 0 

Pipeline ran okay.
Likelihood mass_function_like_m_n = -9.006285425275564
Posterior = -2.6472334985471964 for parameter set #268: [0.3080031527735241, 0.8232157175559072, -0.9995]
Running module mass_function_like
Running module mass_function_like
Running module mass_function_like
Running module mass_function_like
Model N: 1882122.1970047737
Done mass_function_like status = 0 

Pipeline ran okay.
Likelihood mass_function_like_m_n = -22.449644211679697
Posterior = -17.877247649921244 for parameter set #269: [0.3205275796749239, 0.7926341149086855, -0.9995]
Running module mass_function_like
Model N: 1828174.7599405397
Done mass_function_like status = 0 

Pipeline ran okay.
Likelihood mass_function_like_m_n = -1024.2413775250316
Posterior = -1017.9863423317529 for parameter set #269: [0.3092116122913582, 0.8005116197270747, -0.9995]
Running module mass_function_like
Model N: 1882053.7414649378
Done mass_function_like status = 0 

Pipeline ran okay.
Likelihood mass_function_like_m_n = -22.7179625146091
Posterior = -17.139530255649557 for parameter set #269: [0.31483827442360235, 0.8047054059148836, -0.9995]
Running module mass_function_like
Model N: 1902787.6504057986
Done mass_function_like status = 0 

Pipeline ran okay.
Likelihood mass_function_like_m_n = -54.89433429017663
Posterior = -48.792072978784226 for parameter set #269: [0.3107428384230407, 0.8205014759640247, -0.9995]
Running module mass_function_like
Model N: 1887397.5111511038
Done mass_function_like status = 0 

Pipeline ran okay.
Likelihood mass_function_like_m_n = -9.276809521019459
Posterior = -7.3092624224013 for parameter set #270: [0.33069774291276816, 0.7740062080265208, -0.9995]
Running module mass_function_like
Model N: 1891680.604142554
Done mass_function_like status = 0 

Pipeline ran okay.
Likelihood mass_function_like_m_n = -9.442845072597265
Posterior = -3.488544464894777 for parameter set #270: [0.3120416243971294, 0.813942930002116, -0.9995]
Running module mass_function_like
Model N: 1862043.5016782107
Done mass_function_like status = 0 

Pipeline ran okay.
Likelihood mass_function_like_m_n = -209.0731096304953
Posterior = -203.6530607169568 for parameter set #270: [0.3158698159080165, 0.796442561915585, -0.9995]
Running module mass_function_like
Model N: 1850094.2204435465
Done mass_function_like status = 0 

Pipeline ran okay.
Likelihood mass_function_like_m_n = -424.11784598976374
Posterior = -419.10577729701964 for parameter set #270: [0.31826053397667264, 0.787971942560383, -0.9995]
Running module mass_function_like
Model N: 1887940.0846590889
Done mass_function_like status = 0 

Pipeline ran okay.
Likelihood mass_function_like_m_n = -8.760522589087486
Posterior = -2.4715635460689693 for parameter set #271: [0.3088356681161266, 0.8201593022719227, -0.9995]
Running module mass_function_like
Model N: 1860483.5579218725
Done mass_function_like status = 0 

Pipeline ran okay.
Likelihood mass_function_like_m_n = -232.70913922786713
Posterior = -227.08573493679287 for parameter set #271: [0.3145320329426819, 0.7988193966461062, -0.9995]
Running module mass_function_like
Model N: 1888860.2094390185
Done mass_function_like status = 0 

Pipeline ran okay.
Likelihood mass_function_like_m_n = -8.241653755307198
Posterior = -3.9506495949449967 for parameter set #271: [0.3218554342805079, 0.7918461536347036, -0.9995]
Running module mass_function_like
Model N: 1905298.0118302014
Done mass_function_like status = 0 

Pipeline ran okay.
Likelihood mass_function_like_m_n = -74.11393229663372
Posterior = -70.28873177297228 for parameter set #271: [0.32389185499139306, 0.7924470595595408, -0.9995]
Running module mass_function_like
Model N: 1899046.5342727925
Done mass_function_like status = 0 

Pipeline ran okay.
Likelihood mass_function_like_m_n = -32.35714631900191
Posterior = -29.545034153716976 for parameter set #272: [0.32781076062615067, 0.7827870593846818, -0.9995]
Model N: 1889061.9853338911
Done mass_function_like status = 0 

Pipeline ran okay.
Likelihood mass_function_like_m_n = -8.187827467918396
Posterior = -2.2382671303992563 for parameter set #272: [0.31208092596443715, 0.8130253384313404, -0.9995]
Model N: 1882900.8941394838
Done mass_function_like status = 0 

Pipeline ran okay.
Likelihood mass_function_like_m_n = -19.573350556194782
Posterior = -14.626293348688742 for parameter set #272: [0.318613151215225, 0.7968601406619158, -0.9995]
Model N: 1874313.8576219918
Done mass_function_like status = 0 

Pipeline ran okay.
Likelihood mass_function_like_m_n = -69.21813844516873
Posterior = -66.44097394783562 for parameter set #272: [0.3279361403954701, 0.7756775611421065, -0.9995]
Running module mass_function_like
Running module mass_function_like
Running module mass_function_like
Running module mass_function_like
Model N: 1892954.9623538335
Done mass_function_like status = 0 

Pipeline ran okay.
Likelihood mass_function_like_m_n = -11.363968886435032
Posterior = -6.7582516694811225 for parameter set #273: [0.3203646113704941, 0.7961593413273067, -0.9995]
Running module mass_function_like
Model N: 1836263.7983978034
Done mass_function_like status = 0 

Pipeline ran okay.
Likelihood mass_function_like_m_n = -771.4945213533938
Posterior = -765.2993939083949 for parameter set #273: [0.30984049544800735, 0.801610151252978, -0.9995]
Running module mass_function_like
Model N: 1908573.5269227237
Done mass_function_like status = 0 

Pipeline ran okay.
Likelihood mass_function_like_m_n = -104.12241397053003
Posterior = -99.78189593080255 for parameter set #273: [0.3216276959410045, 0.7981178526191003, -0.9995]
Running module mass_function_like
Model N: 1891430.1728744733
Done mass_function_like status = 0 

Pipeline ran okay.
Likelihood mass_function_like_m_n = -9.166089784353971
Posterior = -4.182372046564448 for parameter set #273: [0.3184151375803749, 0.7998272045587337, -0.9995]
Running module mass_function_like
Model N: 1888330.6178116242
Done mass_function_like status = 0 

Pipeline ran okay.
Likelihood mass_function_like_m_n = -8.485502816736698
Posterior = -3.88990615371 for parameter set #274: [0.3204142476485591, 0.7946910527637854, -0.9995]
Running module mass_function_like
Model N: 1891217.2228584806
Done mass_function_like status = 0 

Pipeline ran okay.
Likelihood mass_function_like_m_n = -8.95681343972683
Posterior = -4.717931712967077 for parameter set #274: [0.3220926343904499, 0.7920452976151588, -0.9995]
Running module mass_function_like
Model N: 1890205.2472361259
Done mass_function_like status = 0 

Pipeline ran okay.
Likelihood mass_function_like_m_n = -8.289808444678783
Posterior = -1.920488873587134 for parameter set #274: [0.3078738126370717, 0.8231744903626219, -0.9995]
Running module mass_function_like
Model N: 1819831.753118456
Done mass_function_like status = 0 

Pipeline ran okay.
Likelihood mass_function_like_m_n = -1323.6790315546095
Posterior = -1317.4394977723146 for parameter set #274: [0.3093783838268139, 0.7976183616202761, -0.9995]
Running module mass_function_like
Model N: 1861125.2081813065
Done mass_function_like status = 0 

Pipeline ran okay.
Likelihood mass_function_like_m_n = -222.82626036554575
Posterior = -216.8368255562929 for parameter set #275: [0.3117462282376713, 0.8050601358332172, -0.9995]
Running module mass_function_like
Model N: 1886698.1147600673
Done mass_function_like status = 0 

Pipeline ran okay.
Likelihood mass_function_like_m_n = -10.172699391841888
Posterior = -6.091013530378106 for parameter set #275: [0.32279306182524153, 0.7893037681275891, -0.9995]
Running module mass_function_like
Model N: 1862809.2055140631
Done mass_function_like status = 0 

Pipeline ran okay.
Likelihood mass_function_like_m_n = -197.9566348157823
Posterior = -192.73812410152527 for parameter set #275: [0.3170926503740828, 0.7940992431257125, -0.9995]
Running module mass_function_like
Model N: 1861089.521802081
Done mass_function_like status = 0 

Pipeline ran okay.
Likelihood mass_function_like_m_n = -223.37001261860132
Posterior = -217.4564755402089 for parameter set #275: [0.3123755171198443, 0.8036679128448966, -0.9995]
Running module mass_function_like
Model N: 1834629.6742674538
Done mass_function_like status = 0 

Pipeline ran okay.
Likelihood mass_function_like_m_n = -819.5878548957407
Posterior = -813.8277987471563 for parameter set #276: [0.3135591153821022, 0.7931631383318946, -0.9995]
Model N: 1884957.572292203
Done mass_function_like status = 0 

Pipeline ran okay.
Likelihood mass_function_like_m_n = -13.529770813882351
Posterior = -8.858564237510063 for parameter set #276: [0.3200404472102691, 0.7944771579729804, -0.9995]
Model N: 1860188.448187334
Done mass_function_like status = 0 

Pipeline ran okay.
Likelihood mass_function_like_m_n = -237.32994521036744
Posterior = -231.30291982017866 for parameter set #276: [0.31142172323357054, 0.8054870308935056, -0.9995]
Model N: 1933258.0821691125
Done mass_function_like status = 0 

Pipeline ran okay.
Likelihood mass_function_like_m_n = -507.9440074376762
Posterior = -507.02413764222644 for parameter set #276: [0.33393945904949124, 0.7803982551775979, -0.9995]
Running module mass_function_like
Running module mass_function_like
Running module mass_function_like
Running module mass_function_like
Model N: 1894839.9450667594
Done mass_function_like status = 0 

Pipeline ran okay.
Likelihood mass_function_like_m_n = -15.775403410196304
Posterior = -9.325162767922423 for parameter set #277: [0.306768508787559, 0.8273647770122935, -0.9995]
Running module mass_function_like
Model N: 1880224.8392081878
Done mass_function_like status = 0 

Pipeline ran okay.
Likelihood mass_function_like_m_n = -30.81262167543173
Posterior = -26.173422289479984 for parameter set #277: [0.32019952876855523, 0.7927575368216133, -0.9995]
Running module mass_function_like
Model N: 1897177.3900178992
Done mass_function_like status = 0 

Pipeline ran okay.
Likelihood mass_function_like_m_n = -23.84229864552617
Posterior = -17.353374892225006 for parameter set #277: [0.3061705825496307, 0.82960492447596, -0.9995]
Running module mass_function_like
Model N: 1824475.3234509276
Done mass_function_like status = 0 

Pipeline ran okay.
Likelihood mass_function_like_m_n = -1152.1401088126004
Posterior = -1146.1000732577531 for parameter set #277: [0.28869275768842867, 0.8492497471884095, -0.9995]
Running module mass_function_like
Model N: 1888207.0832489475
Done mass_function_like status = 0 

Pipeline ran okay.
Likelihood mass_function_like_m_n = -8.563757501542568
Posterior = -2.2565305632080666 for parameter set #278: [0.3086264391260322, 0.8207387631108743, -0.9995]
Running module mass_function_like
Model N: 1838998.755637673
Done mass_function_like status = 0 

Pipeline ran okay.
Likelihood mass_function_like_m_n = -694.3495730757713
Posterior = -688.2767566729178 for parameter set #278: [0.31101351710814173, 0.7998938546600711, -0.9995]
Running module mass_function_like
Model N: 1840528.250413213
Done mass_function_like status = 0 

Pipeline ran okay.
Likelihood mass_function_like_m_n = -653.0299435257912
Posterior = -648.023947977408 for parameter set #278: [0.3182937620511858, 0.7851492325167612, -0.9995]
Running module mass_function_like
Model N: 1886419.7082316766
Done mass_function_like status = 0 

Pipeline ran okay.
Likelihood mass_function_like_m_n = -10.601562205702066
Posterior = -9.937071518014575 for parameter set #278: [0.3346837527110972, 0.7663497246797598, -0.9995]
Running module mass_function_like
Model N: 1737498.193930493
Done mass_function_like status = 0 

Pipeline ran okay.
Likelihood mass_function_like_m_n = -6468.182094980031
Posterior = -6461.6257022627915 for parameter set #279: [0.29504194632802877, 0.803895400605362, -0.9995]
Running module mass_function_like
Model N: 1904081.3824989523
Done mass_function_like status = 0 

Pipeline ran okay.
Likelihood mass_function_like_m_n = -64.38912777975202
Posterior = -59.9277906334992 for parameter set #279: [0.3210616573519625, 0.7979927077207318, -0.9995]
Running module mass_function_like
Model N: 1855297.1669946194
Done mass_function_like status = 0 

Pipeline ran okay.
Likelihood mass_function_like_m_n = -320.8546943999827
Posterior = -315.0153470790881 for parameter set #279: [0.3129611486945842, 0.8006288505486395, -0.9995]
Running module mass_function_like
Model N: 1875925.9645285723
Done mass_function_like status = 0 

Pipeline ran okay.
Likelihood mass_function_like_m_n = -56.88505808264017
Posterior = -51.650596337525364 for parameter set #279: [0.31699907322882864, 0.7981952872011184, -0.9995]
Running module mass_function_like
Model N: 1901019.7857495663
Done mass_function_like status = 0 

Pipeline ran okay.
Likelihood mass_function_like_m_n = -43.33237700536847
Posterior = -37.400508937555074 for parameter set #280: [0.31222649688583615, 0.8164896639663312, -0.9995]
Model N: 1880742.0030417542
Done mass_function_like status = 0 

Pipeline ran okay.
Likelihood mass_function_like_m_n = -28.34253665804863
Posterior = -22.04216320279687 for parameter set #280: [0.30870552402855156, 0.8181343765637953, -0.9995]
Model N: 1942057.7755563895
Done mass_function_like status = 0 

Pipeline ran okay.
Likelihood mass_function_like_m_n = -726.792966645211
Posterior = -720.3541274959134 for parameter set #280: [0.30693491238607434, 0.8430990159710757, -0.9995]
Model N: 1890383.473992676
Done mass_function_like status = 0 

Pipeline ran okay.
Likelihood mass_function_like_m_n = -8.368004731833935
Posterior = -3.7959064563182583 for parameter set #280: [0.3205290327234116, 0.7950565010206828, -0.9995]
Running module mass_function_like
Running module mass_function_like
Running module mass_function_like
Running module mass_function_like
Model N: 1913497.2923636597
Done mass_function_like status = 0 

Pipeline ran okay.
Likelihood mass_function_like_m_n = -159.69568618759513
Posterior = -155.48940282685462 for parameter set #281: [0.3222396980086047, 0.7982917921423247, -0.9995]
Running module mass_function_like
Model N: 1880712.1187641833
Done mass_function_like status = 0 

Pipeline ran okay.
Likelihood mass_function_like_m_n = -28.481380302459
Posterior = -22.871131625033907 for parameter set #281: [0.31462228108665063, 0.8047665038999717, -0.9995]
Running module mass_function_like
Model N: 1865175.5117447912
Done mass_function_like status = 0 

Pipeline ran okay.
Likelihood mass_function_like_m_n = -165.61923269927502
Posterior = -159.19298826379415 for parameter set #281: [0.30711420779608417, 0.8168246759121602, -0.9995]
Running module mass_function_like
Model N: 1838747.245210855
Done mass_function_like status = 0 

Pipeline ran okay.
Likelihood mass_function_like_m_n = -701.269254937768
Posterior = -695.4768805363221 for parameter set #281: [0.3133186320383469, 0.7948920648555419, -0.9995]
Running module mass_function_like
Model N: 1894041.8290999432
Done mass_function_like status = 0 

Pipeline ran okay.
Likelihood mass_function_like_m_n = -13.679105415940285
Posterior = -8.066384922025787 for parameter set #282: [0.3146053668519192, 0.8089158514659099, -0.9995]
Running module mass_function_like
Model N: 1891065.4749297774
Done mass_function_like status = 0 

Pipeline ran okay.
Likelihood mass_function_like_m_n = -8.822300847619772
Posterior = -2.1507862937451687 for parameter set #282: [0.2987518297843967, 0.8464096491136728, -0.9995]
Running module mass_function_like
Model N: 1843531.1814457588
Done mass_function_like status = 0 

Pipeline ran okay.
Likelihood mass_function_like_m_n = -575.6988657712936
Posterior = -571.5551729340573 for parameter set #282: [0.3225193754845636, 0.7776129532420833, -0.9995]
Running module mass_function_like
Model N: 1857539.9817490426
Done mass_function_like status = 0 

Pipeline ran okay.
Likelihood mass_function_like_m_n = -280.92968640103936
Posterior = -274.5783841156332 for parameter set #282: [0.30809940631039096, 0.8121158534155001, -0.9995]
Running module mass_function_like
Model N: 1880945.3672296903
Done mass_function_like status = 0 

Pipeline ran okay.
Likelihood mass_function_like_m_n = -27.410366117954254
Posterior = -25.927402173446644 for parameter set #283: [0.33223768060454284, 0.769385788403411, -0.9995]
Running module mass_function_like
Model N: 1867095.3160886092
Done mass_function_like status = 0 

Pipeline ran okay.
Likelihood mass_function_like_m_n = -141.61853034421802
Posterior = -135.94187954245842 for parameter set #283: [0.3141608855411701, 0.8016160513310466, -0.9995]
Running module mass_function_like
Model N: 1869521.7022909867
Done mass_function_like status = 0 

Pipeline ran okay.
Likelihood mass_function_like_m_n = -114.14209295809269
Posterior = -108.96298865554297 for parameter set #283: [0.3173216621359527, 0.7956061074196739, -0.9995]
Running module mass_function_like
Model N: 1886227.1425863132
Done mass_function_like status = 0 

Pipeline ran okay.
Likelihood mass_function_like_m_n = -10.9222705475986
Posterior = -8.668890535293778 for parameter set #283: [0.3297520560163676, 0.7754797652012861, -0.9995]
Running module mass_function_like
Model N: 1889140.8999417957
Done mass_function_like status = 0 

Pipeline ran okay.
Likelihood mass_function_like_m_n = -8.172640349715948
Posterior = -2.484716076825266 for parameter set #284: [0.3140810505674791, 0.8085593175150847, -0.9995]
Model N: 1858207.2937085065
Done mass_function_like status = 0 

Pipeline ran okay.
Likelihood mass_function_like_m_n = -269.5826781950891
Posterior = -263.5574460341434 for parameter set #284: [0.31143741262143265, 0.8048413756843462, -0.9995]
Model N: 1829102.4000995255
Done mass_function_like status = 0 

Pipeline ran okay.
Likelihood mass_function_like_m_n = -993.385051894933
Posterior = -986.743650325576 for parameter set #284: [0.2972467245341886, 0.8286370707161231, -0.9995]
Model N: 1895925.9349429873
Done mass_function_like status = 0 

Pipeline ran okay.
Likelihood mass_function_like_m_n = -19.166151877492666
Posterior = -13.386608221346542 for parameter set #284: [0.3134146229329346, 0.8121705434537966, -0.9995]
Running module mass_function_like
Running module mass_function_like
Running module mass_function_like
Running module mass_function_like
Model N: 1879451.841987523
Done mass_function_like status = 0 

Pipeline ran okay.
Likelihood mass_function_like_m_n = -34.7711543738842
Posterior = -35.672007833397956 for parameter set #285: [0.33893624958268054, 0.7569516380755025, -0.9995]
Running module mass_function_like
Model N: 1880561.2483412535
Done mass_function_like status = 0 

Pipeline ran okay.
Likelihood mass_function_like_m_n = -29.189614914357662
Posterior = -22.66423293293702 for parameter set #285: [0.3055483730388206, 0.8255678205367372, -0.9995]
Running module mass_function_like
Model N: 1877596.5472002001
Done mass_function_like status = 0 

Pipeline ran okay.
Likelihood mass_function_like_m_n = -45.57681992650032
Posterior = -41.02130791454763 for parameter set #285: [0.32060966853861317, 0.791144229863649, -0.9995]
Running module mass_function_like
Model N: 1911621.2644044175
Done mass_function_like status = 0 

Pipeline ran okay.
Likelihood mass_function_like_m_n = -137.04267447441816
Posterior = -133.4967964466221 for parameter set #285: [0.32503368199252414, 0.7919428417253906, -0.9995]
Running module mass_function_like
Model N: 1871304.6640502333
Done mass_function_like status = 0 

Pipeline ran okay.
Likelihood mass_function_like_m_n = -95.98091004416347
Posterior = -89.4770718384341 for parameter set #286: [0.30592395125876015, 0.8216152909566254, -0.9995]
Running module mass_function_like
Model N: 1878067.5275562536
Done mass_function_like status = 0 

Pipeline ran okay.
Likelihood mass_function_like_m_n = -42.65914601832628
Posterior = -36.4446666441639 for parameter set #286: [0.3096418341009148, 0.8151078776776838, -0.9995]
Running module mass_function_like
Model N: 1882284.9465958274
Done mass_function_like status = 0 

Pipeline ran okay.
Likelihood mass_function_like_m_n = -21.82176598161459
Posterior = -15.143340790572326 for parameter set #286: [0.30041928683927255, 0.8389196647555286, -0.9995]
Running module mass_function_like
Model N: 1858391.210608772
Done mass_function_like status = 0 

Pipeline ran okay.
Likelihood mass_function_like_m_n = -266.49818681553006
Posterior = -260.6830817644695 for parameter set #286: [0.3131468562572928, 0.8011662833154221, -0.9995]
Running module mass_function_like
Model N: 1813651.9806833556
Done mass_function_like status = 0 

Pipeline ran okay.
Likelihood mass_function_like_m_n = -1571.057968672365
Posterior = -1564.6853509689017 for parameter set #287: [0.3078318132619078, 0.7990886812837655, -0.9995]
Running module mass_function_like
Model N: 1880202.5228448682
Done mass_function_like status = 0 

Pipeline ran okay.
Likelihood mass_function_like_m_n = -30.922426108270884
Posterior = -25.997021196512595 for parameter set #287: [0.3187291178999541, 0.795815690021972, -0.9995]
Running module mass_function_like
Model N: 1888629.8686906153
Done mass_function_like status = 0 

Pipeline ran okay.
Likelihood mass_function_like_m_n = -8.329456437379122
Posterior = -3.660197119963879 for parameter set #287: [0.32005016150007254, 0.7955394788975381, -0.9995]
Running module mass_function_like
Model N: 1871849.2071492954
Done mass_function_like status = 0 

Pipeline ran okay.
Likelihood mass_function_like_m_n = -90.7762993760407
Posterior = -87.08113915403595 for parameter set #287: [0.32443007972277393, 0.7817985949190559, -0.9995]
Running module mass_function_like
Model N: 1901428.314376236
Done mass_function_like status = 0 

Pipeline ran okay.
Likelihood mass_function_like_m_n = -45.859120551496744
Posterior = -43.45436539294023 for parameter set #288: [0.32923884074225135, 0.7806621994225668, -0.9995]
Model N: 1886551.971728709
Done mass_function_like status = 0 

Pipeline ran okay.
Likelihood mass_function_like_m_n = -10.392690125852823
Posterior = -3.9456996283196037 for parameter set #288: [0.306816358276631, 0.8244993605783791, -0.9995]
Model N: 1885272.915598444
Done mass_function_like status = 0 

Pipeline ran okay.
Likelihood mass_function_like_m_n = -12.802140049636364
Posterior = -8.136616579794481 for parameter set #288: [0.32006878535670913, 0.7945107600911013, -0.9995]
Model N: 1894079.187463819
Done mass_function_like status = 0 

Pipeline ran okay.
Likelihood mass_function_like_m_n = -13.769747015088797
Posterior = -10.57590590761981 for parameter set #288: [0.3264025115882607, 0.7841669345451207, -0.9995]
Running module mass_function_like
Running module mass_function_like
Running module mass_function_like
Running module mass_function_like
Model N: 1894326.2484122177
Done mass_function_like status = 0 

Pipeline ran okay.
Likelihood mass_function_like_m_n = -14.387687437236309
Posterior = -9.792762214149032 for parameter set #289: [0.32041753645875487, 0.7964542826217348, -0.9995]
Running module mass_function_like
Model N: 1825200.4333350977
Done mass_function_like status = 0 

Pipeline ran okay.
Likelihood mass_function_like_m_n = -1126.460138425231
Posterior = -1120.2171004964305 for parameter set #289: [0.3093409450218884, 0.799325580435351, -0.9995]
Running module mass_function_like
Model N: 1875586.7413763609
Done mass_function_like status = 0 

Pipeline ran okay.
Likelihood mass_function_like_m_n = -59.36421386897564
Posterior = -53.45525378568723 for parameter set #289: [0.3124124462941178, 0.808059599338637, -0.9995]
Running module mass_function_like
Model N: 1907389.6742907604
Done mass_function_like status = 0 

Pipeline ran okay.
Likelihood mass_function_like_m_n = -92.63338567316532
Posterior = -88.74075768245855 for parameter set #289: [0.3236079486936219, 0.793641251214264, -0.9995]
Running module mass_function_like
Model N: 1887710.2702079916
Done mass_function_like status = 0 

Pipeline ran okay.
Likelihood mass_function_like_m_n = -8.960146717727184
Posterior = -2.3995510089710024 for parameter set #290: [0.3048725453215751, 0.8296036163851656, -0.9995]
Running module mass_function_like
Model N: 1874238.9929559103
Done mass_function_like status = 0 

Pipeline ran okay.
Likelihood mass_function_like_m_n = -69.82481928542256
Posterior = -63.413228565140976 for parameter set #290: [0.2926827125513806, 0.8567240926017834, -0.9995]
Running module mass_function_like
Model N: 1889860.5344026375
Done mass_function_like status = 0 

Pipeline ran okay.
Likelihood mass_function_like_m_n = -8.186234876513481
Posterior = -1.7254740306282628 for parameter set #290: [0.30661125332179884, 0.8260887867184474, -0.9995]
Running module mass_function_like
Model N: 1889766.8854905167
Done mass_function_like status = 0 

Pipeline ran okay.
Likelihood mass_function_like_m_n = -8.168954726308584
Posterior = -1.9665029802881282 for parameter set #290: [0.2902342183898088, 0.8697122195098975, -0.9995]
Running module mass_function_like
Model N: 1869348.6894033132
Done mass_function_like status = 0 

Pipeline ran okay.
Likelihood mass_function_like_m_n = -115.99581567570567
Posterior = -112.67479654458532 for parameter set #291: [0.3259163464523449, 0.7781954536112572, -0.9995]
Running module mass_function_like
Model N: 1883875.636848302
Done mass_function_like status = 0 

Pipeline ran okay.
Likelihood mass_function_like_m_n = -16.428330555558205
Posterior = -12.70881141208287 for parameter set #291: [0.3243301666859677, 0.7853980967361363, -0.9995]
Running module mass_function_like
Model N: 1883580.563053152
Done mass_function_like status = 0 

Pipeline ran okay.
Likelihood mass_function_like_m_n = -17.326979365199804
Posterior = -12.405364754446499 for parameter set #291: [0.3187493444555104, 0.7967749312593367, -0.9995]
Running module mass_function_like
Model N: 1855816.2503738794
Done mass_function_like status = 0 

Pipeline ran okay.
Likelihood mass_function_like_m_n = -311.36900379508734
Posterior = -305.5120115931746 for parameter set #291: [0.31282428942590906, 0.80108231228716, -0.9995]
Running module mass_function_like
Model N: 1886234.8854505685
Done mass_function_like status = 0 

Pipeline ran okay.
Likelihood mass_function_like_m_n = -10.908995229750872
Posterior = -5.704444726535026 for parameter set #292: [0.317174129934843, 0.8009183195793029, -0.9995]
Model N: 1881324.8403550647
Done mass_function_like status = 0 

Pipeline ran okay.
Likelihood mass_function_like_m_n = -25.73001143708825
Posterior = -19.463048824278136 for parameter set #292: [0.30908120680856993, 0.8174477983322027, -0.9995]
Model N: 1831327.2389505615
Done mass_function_like status = 0 

Pipeline ran okay.
Likelihood mass_function_like_m_n = -921.3592876419425
Posterior = -914.7271269783847 for parameter set #292: [0.3030706199619103, 0.8153384557913684, -0.9995]
Model N: 1902468.277510719
Done mass_function_like status = 0 

Pipeline ran okay.
Likelihood mass_function_like_m_n = -52.68481536582112
Posterior = -50.04421908971499 for parameter set #292: [0.3284207949297836, 0.7825492841818045, -0.9995]
Running module mass_function_like
Running module mass_function_like
Running module mass_function_like
Running module mass_function_like
Model N: 1886886.2062343613
Done mass_function_like status = 0 

Pipeline ran okay.
Likelihood mass_function_like_m_n = -9.90624788403511
Posterior = -3.864509147177678 for parameter set #293: [0.31129216951212446, 0.8141319181673521, -0.9995]
Running module mass_function_like
Model N: 1858822.0409191684
Done mass_function_like status = 0 

Pipeline ran okay.
Likelihood mass_function_like_m_n = -259.3451258018613
Posterior = -253.1262778940206 for parameter set #293: [0.3095964190245062, 0.8091289524591814, -0.9995]
Running module mass_function_like
Model N: 1872452.7824611997
Done mass_function_like status = 0 

Pipeline ran okay.
Likelihood mass_function_like_m_n = -85.19431587681174
Posterior = -79.90565154729046 for parameter set #293: [0.31667716923694733, 0.7978399728472517, -0.9995]
Running module mass_function_like
Model N: 1890839.3058027565
Done mass_function_like status = 0 

Pipeline ran okay.
Likelihood mass_function_like_m_n = -8.644400406628847
Posterior = -3.995580907503747 for parameter set #293: [0.32015184705770217, 0.7959796197307131, -0.9995]
Running module mass_function_like
Model N: 1872096.2756934294
Done mass_function_like status = 0 

Pipeline ran okay.
Likelihood mass_function_like_m_n = -88.46761856600642
Posterior = -91.32611560552445 for parameter set #294: [0.34367562532541057, 0.7470197186208315, -0.9995]
Running module mass_function_like
Model N: 1904634.5018184118
Done mass_function_like status = 0 

Pipeline ran okay.
Likelihood mass_function_like_m_n = -68.71476767212152
Posterior = -65.26442203446508 for parameter set #294: [0.3254124322356352, 0.7891560428747032, -0.9995]
Running module mass_function_like
Model N: 1848897.3446319927
Done mass_function_like status = 0 

Pipeline ran okay.
Likelihood mass_function_like_m_n = -449.9834191687405
Posterior = -443.5705962643033 for parameter set #294: [0.30730042867060503, 0.8112016945680042, -0.9995]
Running module mass_function_like
Model N: 1842848.8290863596
Done mass_function_like status = 0 

Pipeline ran okay.
Likelihood mass_function_like_m_n = -592.8299626633525
Posterior = -588.487599042706 for parameter set #294: [0.3216191608424738, 0.7791793874286149, -0.9995]
Running module mass_function_like
Model N: 1889424.3185677305
Done mass_function_like status = 0 

Pipeline ran okay.
Likelihood mass_function_like_m_n = -8.145278669893742
Posterior = -3.6380807814449154 for parameter set #295: [0.3208427748146036, 0.7941208659740326, -0.9995]
Running module mass_function_like
Model N: 1830441.4131241154
Done mass_function_like status = 0 

Pipeline ran okay.
Likelihood mass_function_like_m_n = -949.7020430192351
Posterior = -943.504791825437 for parameter set #295: [0.3098188900035807, 0.7998821748665468, -0.9995]
Running module mass_function_like
Model N: 1854104.0563345961
Done mass_function_like status = 0 

Pipeline ran okay.
Likelihood mass_function_like_m_n = -343.2183253765106
Posterior = -339.13686007905375 for parameter set #295: [0.32279402948516694, 0.780031312675076, -0.9995]
Running module mass_function_like
Model N: 1889269.5611114614
Done mass_function_like status = 0 

Pipeline ran okay.
Likelihood mass_function_like_m_n = -8.154949132353067
Posterior = -3.983637795028402 for parameter set #295: [0.32239639641096546, 0.7908563485605078, -0.9995]
Running module mass_function_like
Model N: 1875707.876671285
Done mass_function_like status = 0 

Pipeline ran okay.
Likelihood mass_function_like_m_n = -58.47182320058346
Posterior = -53.053176113857184 for parameter set #296: [0.3158786467407265, 0.8005221095522441, -0.9995]
Model N: 1892137.4253094133
Done mass_function_like status = 0 

Pipeline ran okay.
Likelihood mass_function_like_m_n = -10.03297570720315
Posterior = -3.394326378251181 for parameter set #296: [0.30285148625661185, 0.836147059676672, -0.9995]
Model N: 1879368.3628940906
Done mass_function_like status = 0 

Pipeline ran okay.
Likelihood mass_function_like_m_n = -35.21776991337538
Posterior = -31.764554121966313 for parameter set #296: [0.3254011354348625, 0.7819998809498839, -0.9995]
Model N: 1887367.413690416
Done mass_function_like status = 0 

Pipeline ran okay.
Likelihood mass_function_like_m_n = -9.310019053518772
Posterior = -5.869080781684481 for parameter set #296: [0.3254494240660802, 0.7841599559165424, -0.9995]
Running module mass_function_like
Running module mass_function_like
Running module mass_function_like
Running module mass_function_like
Model N: 1836265.090384399
Done mass_function_like status = 0 

Pipeline ran okay.
Likelihood mass_function_like_m_n = -771.4570897035301
Posterior = -765.6290274821872 for parameter set #297: [0.3130479268618987, 0.794724446154826, -0.9995]
Running module mass_function_like
Model N: 1880420.2681602351
Done mass_function_like status = 0 

Pipeline ran okay.
Likelihood mass_function_like_m_n = -29.862412877380848
Posterior = -23.988524154965294 for parameter set #297: [0.3126918515268234, 0.808940557733831, -0.9995]
Running module mass_function_like
Model N: 1894355.466459406
Done mass_function_like status = 0 

Pipeline ran okay.
Likelihood mass_function_like_m_n = -14.462891973555088
Posterior = -7.948854728938473 for parameter set #297: [0.2942507921642441, 0.8599071511945984, -0.9995]
Running module mass_function_like
Model N: 1875408.1369778945
Done mass_function_like status = 0 

Pipeline ran okay.
Likelihood mass_function_like_m_n = -60.694350611418486
Posterior = -55.27231612383007 for parameter set #297: [0.3158572993332521, 0.80047734957752, -0.9995]
Running module mass_function_like
Model N: 1884249.9107065832
Done mass_function_like status = 0 

Pipeline ran okay.
Likelihood mass_function_like_m_n = -15.355163354426622
Posterior = -14.350466253007246 for parameter set #298: [0.3336885947967285, 0.7675941401846264, -0.9995]
Running module mass_function_like
Model N: 1856814.6777470685
Done mass_function_like status = 0 

Pipeline ran okay.
Likelihood mass_function_like_m_n = -293.5393567234278
Posterior = -290.6212869513502 for parameter set #298: [0.3274271195214979, 0.7718643302180697, -0.9995]
Running module mass_function_like
Model N: 1887788.958562107
Done mass_function_like status = 0 

Pipeline ran okay.
Likelihood mass_function_like_m_n = -8.888643119484186
Posterior = -2.3029047329315144 for parameter set #298: [0.3043258712823552, 0.8309767382574196, -0.9995]
Running module mass_function_like
Model N: 1868939.4977215007
Done mass_function_like status = 0 

Pipeline ran okay.
Likelihood mass_function_like_m_n = -120.44445556402206
Posterior = -114.98282350419316 for parameter set #298: [0.31560558962988133, 0.7990678903144581, -0.9995]
Running module mass_function_like
Model N: 1870563.0730604995
Done mass_function_like status = 0 

Pipeline ran okay.
Likelihood mass_function_like_m_n = -103.32619289308786
Posterior = -98.09215263835864 for parameter set #299: [0.31700155253840645, 0.7965896544928092, -0.9995]
Running module mass_function_like
Model N: 1888121.968853333
Done mass_function_like status = 0 

Pipeline ran okay.
Likelihood mass_function_like_m_n = -8.622380085289478
Posterior = -4.350714564832137 for parameter set #299: [0.3219437402365816, 0.7914504867355974, -0.9995]
Running module mass_function_like
Model N: 1880909.7569483628
Done mass_function_like status = 0 

Pipeline ran okay.
Likelihood mass_function_like_m_n = -27.571999441832304
Posterior = -22.482574002732548 for parameter set #299: [0.3178318746025786, 0.7979178765168438, -0.9995]
Running module mass_function_like
Model N: 1880656.6823561576
Done mass_function_like status = 0 

Pipeline ran okay.
Likelihood mass_function_like_m_n = -28.740203578025103
Posterior = -23.713170623596092 for parameter set #299: [0.3181784006110614, 0.7971095384435681, -0.9995]
Running module mass_function_like
Model N: 1881715.9398976965
Done mass_function_like status = 0 

Pipeline ran okay.
Likelihood mass_function_like_m_n = -24.078615065664053
Posterior = -19.230669615296858 for parameter set #300: [0.3191382274411347, 0.7954055034104461, -0.9995]
Model N: 1882183.9621540161
Done mass_function_like status = 0 

Pipeline ran okay.
Likelihood mass_function_like_m_n = -22.209694620221853
Posterior = -16.381945116040605 for parameter set #300: [0.31305032332265337, 0.8086902398106756, -0.9995]
Model N: 1891220.013865644
Done mass_function_like status = 0 

Pipeline ran okay.
Likelihood mass_function_like_m_n = -8.95940138399601
Posterior = -2.2801575480943352 for parameter set #300: [0.29989012515435687, 0.843436992979864, -0.9995]
Model N: 1889125.7967029812
Done mass_function_like status = 0 

Pipeline ran okay.
Likelihood mass_function_like_m_n = -8.17529183626175
Posterior = -9.92822062811948 for parameter set #300: [0.34106636821090447, 0.7557113968686678, -0.9995]
Running module mass_function_like
Running module mass_function_like
Running module mass_function_like
Running module mass_function_like
Model N: 1888820.6839186277
Done mass_function_like status = 0 

Pipeline ran okay.
Likelihood mass_function_like_m_n = -8.25472304224968
Posterior = -4.691871425106678 for parameter set #301: [0.32496578691396366, 0.7855347633896699, -0.9995]
Running module mass_function_like
Model N: 1884180.6541623182
Done mass_function_like status = 0 

Pipeline ran okay.
Likelihood mass_function_like_m_n = -15.548122890293598
Posterior = -9.575353831633945 for parameter set #301: [0.3118872632649449, 0.8119247410155528, -0.9995]
Running module mass_function_like
Model N: 1878861.1189766985
Done mass_function_like status = 0 

Pipeline ran okay.
Likelihood mass_function_like_m_n = -38.0116981677711
Posterior = -33.410550939454545 for parameter set #301: [0.32038703985375827, 0.7919711994555665, -0.9995]
Running module mass_function_like
Model N: 1890206.5450893685
Done mass_function_like status = 0 

Pipeline ran okay.
Likelihood mass_function_like_m_n = -8.29031715914607
Posterior = -3.4365605671835464 for parameter set #301: [0.31910783926218594, 0.7979897225808624, -0.9995]
Running module mass_function_like
Model N: 1888718.9211799605
Done mass_function_like status = 0 

Pipeline ran okay.
Likelihood mass_function_like_m_n = -8.292178768664598
Posterior = -3.7277010804251365 for parameter set #302: [0.32056612024700204, 0.7944889751448636, -0.9995]
Running module mass_function_like
Model N: 1863983.5062474613
Done mass_function_like status = 0 

Pipeline ran okay.
Likelihood mass_function_like_m_n = -181.52829886600375
Posterior = -176.3340197030971 for parameter set #302: [0.3172338332091474, 0.7941509745848265, -0.9995]
Running module mass_function_like
Model N: 1889579.1243649286
Done mass_function_like status = 0 

Pipeline ran okay.
Likelihood mass_function_like_m_n = -8.148287151008844
Posterior = -1.7962269720440798 for parameter set #302: [0.3080900435022988, 0.8224549598837213, -0.9995]
Running module mass_function_like
Model N: 1854388.045401093
Done mass_function_like status = 0 

Pipeline ran okay.
Likelihood mass_function_like_m_n = -337.82432842999697
Posterior = -331.70822520051763 for parameter set #302: [0.31061320845768003, 0.8054825265258596, -0.9995]
Running module mass_function_like
Model N: 1842363.7891429833
Done mass_function_like status = 0 

Pipeline ran okay.
Likelihood mass_function_like_m_n = -605.1648504547775
Posterior = -599.1987134000244 for parameter set #303: [0.31194292379241456, 0.7989085213654482, -0.9995]
Running module mass_function_like
Model N: 1868371.7904170076
Done mass_function_like status = 0 

Pipeline ran okay.
Likelihood mass_function_like_m_n = -126.76645054668188
Posterior = -121.20559415499302 for parameter set #303: [0.3149562549230838, 0.8002881071207052, -0.9995]
Running module mass_function_like
Model N: 1894706.9047822652
Done mass_function_like status = 0 

Pipeline ran okay.
Likelihood mass_function_like_m_n = -15.402675859630108
Posterior = -8.735488067496748 for parameter set #303: [0.3015566891903549, 0.8403434406555891, -0.9995]
Running module mass_function_like
Model N: 1889023.1242812967
Done mass_function_like status = 0 

Pipeline ran okay.
Likelihood mass_function_like_m_n = -8.196517940610647
Posterior = -4.272404913272524 for parameter set #303: [0.32347420359020546, 0.7885916270135812, -0.9995]
Running module mass_function_like
Model N: 1860341.3746033357
Done mass_function_like status = 0 

Pipeline ran okay.
Likelihood mass_function_like_m_n = -234.92949942871928
Posterior = -228.90866828183474 for parameter set #304: [0.31147582721572314, 0.8054148552893048, -0.9995]
Model N: 1891481.4758181232
Done mass_function_like status = 0 

Pipeline ran okay.
Likelihood mass_function_like_m_n = -9.220087952911854
Posterior = -3.0366747758487325 for parameter set #304: [0.3099588254452729, 0.818677367791951, -0.9995]
Model N: 1875460.645915779
Done mass_function_like status = 0 

Pipeline ran okay.
Likelihood mass_function_like_m_n = -60.30151769518852
Posterior = -55.098740809873554 for parameter set #304: [0.317184454096626, 0.7976630211178687, -0.9995]
Model N: 1871777.65429055
Done mass_function_like status = 0 

Pipeline ran okay.
Likelihood mass_function_like_m_n = -91.45105693116784
Posterior = -86.28331690533709 for parameter set #304: [0.3173871456684497, 0.7961377311568544, -0.9995]
Running module mass_function_like
Running module mass_function_like
Running module mass_function_like
Running module mass_function_like
Model N: 1858105.57233866
Done mass_function_like status = 0 

Pipeline ran okay.
Likelihood mass_function_like_m_n = -271.2966083586216
Posterior = -265.3586172831123 for parameter set #305: [0.3121763140793995, 0.8031893095536169, -0.9995]
Running module mass_function_like
Model N: 1886433.0993614637
Done mass_function_like status = 0 

Pipeline ran okay.
Likelihood mass_function_like_m_n = -10.579992197453976
Posterior = -4.58949127747065 for parameter set #305: [0.31173714853213397, 0.8129753181662641, -0.9995]
Running module mass_function_like
Model N: 1891268.4890986432
Done mass_function_like status = 0 

Pipeline ran okay.
Likelihood mass_function_like_m_n = -9.005006078630686
Posterior = -2.3415590117280125 for parameter set #305: [0.29821915012381583, 0.8478991137805199, -0.9995]
Running module mass_function_like
Model N: 1885259.3078600757
Done mass_function_like status = 0 

Pipeline ran okay.
Likelihood mass_function_like_m_n = -12.832447376102209
Posterior = -10.004456330765516 for parameter set #305: [0.3277536057224048, 0.779050742930892, -0.9995]
Running module mass_function_like
Model N: 1888635.7473517926
Done mass_function_like status = 0 

Pipeline ran okay.
Likelihood mass_function_like_m_n = -8.32686610892415
Posterior = -4.313072962417712 for parameter set #306: [0.3230890062662028, 0.7892611583502755, -0.9995]
Running module mass_function_like
Model N: 1857464.9305809683
Done mass_function_like status = 0 

Pipeline ran okay.
Likelihood mass_function_like_m_n = -282.22111202403903
Posterior = -276.8717783449108 for parameter set #306: [0.31630932567080566, 0.7941586875490945, -0.9995]
Running module mass_function_like
Model N: 1895690.2318941343
Done mass_function_like status = 0 

Pipeline ran okay.
Likelihood mass_function_like_m_n = -18.37752588838339
Posterior = -14.422805486102385 for parameter set #306: [0.32334345216984495, 0.7907816211638438, -0.9995]
Running module mass_function_like
Model N: 1871484.4127872505
Done mass_function_like status = 0 

Pipeline ran okay.
Likelihood mass_function_like_m_n = -94.24522959440947
Posterior = -96.36824428443764 for parameter set #306: [0.3419578809959187, 0.7497521249442385, -0.9995]
Running module mass_function_like
Model N: 1881661.7117385662
Done mass_function_like status = 0 

Pipeline ran okay.
Likelihood mass_function_like_m_n = -24.302715677767992
Posterior = -21.24163270570458 for parameter set #307: [0.3269006365212676, 0.7797067023137371, -0.9995]
Running module mass_function_like
Model N: 1874268.4217903847
Done mass_function_like status = 0 

Pipeline ran okay.
Likelihood mass_function_like_m_n = -69.58597722277045
Posterior = -65.90944104638133 for parameter set #307: [0.32450619522455937, 0.7823294452465718, -0.9995]
Running module mass_function_like
Model N: 1848805.2892830858
Done mass_function_like status = 0 

Pipeline ran okay.
Likelihood mass_function_like_m_n = -452.00559735298157
Posterior = -447.0527912059119 for parameter set #307: [0.31858223910749467, 0.7869454139115248, -0.9995]
Running module mass_function_like
Model N: 1874973.3505130203
Done mass_function_like status = 0 

Pipeline ran okay.
Likelihood mass_function_like_m_n = -64.00401769950986
Posterior = -57.74507789698441 for parameter set #307: [0.29083087358812465, 0.8622357725726738, -0.9995]
Running module mass_function_like
Model N: 1850496.074079818
Done mass_function_like status = 0 

Pipeline ran okay.
Likelihood mass_function_like_m_n = -415.61079739034176
Posterior = -409.76691264628016 for parameter set #308: [0.31292609341021965, 0.7992513752984937, -0.9995]
Model N: 1885367.2389226754
Done mass_function_like status = 0 

Pipeline ran okay.
Likelihood mass_function_like_m_n = -12.59476787224412
Posterior = -16.856901898298236 for parameter set #308: [0.34677913685472256, 0.7451295433335631, -0.9995]
Model N: 1873235.553339883
Done mass_function_like status = 0 

Pipeline ran okay.
Likelihood mass_function_like_m_n = -78.24748864024878
Posterior = -72.74348821017973 for parameter set #308: [0.3153316911542149, 0.8009510413028293, -0.9995]
Model N: 1803433.8490694216
Done mass_function_like status = 0 

Pipeline ran okay.
Likelihood mass_function_like_m_n = -2028.2900688648224
Posterior = -2021.7211404470083 for parameter set #308: [0.3046984205962456, 0.8028292866105745, -0.9995]
Running module mass_function_like
Running module mass_function_like
Running module mass_function_like
Running module mass_function_like
Model N: 1900101.6167761243
Done mass_function_like status = 0 

Pipeline ran okay.
Likelihood mass_function_like_m_n = -37.97201419249177
Posterior = -36.28829408191903 for parameter set #309: [0.3316088091763592, 0.7757449718690199, -0.9995]
Running module mass_function_like
Model N: 1887695.611099087
Done mass_function_like status = 0 

Pipeline ran okay.
Likelihood mass_function_like_m_n = -8.973830133676529
Posterior = -4.014330056094927 for parameter set #309: [0.31854618085066894, 0.7984301845335767, -0.9995]
Running module mass_function_like
Model N: 1880071.155474509
Done mass_function_like status = 0 

Pipeline ran okay.
Likelihood mass_function_like_m_n = -31.574195720255375
Posterior = -25.733865344944583 for parameter set #309: [0.3129535618499269, 0.8082492065029702, -0.9995]
Running module mass_function_like
Model N: 1854063.7990074607
Done mass_function_like status = 0 

Pipeline ran okay.
Likelihood mass_function_like_m_n = -343.98654701933265
Posterior = -338.27230399949684 for parameter set #309: [0.3138928843547653, 0.7982545469707746, -0.9995]
Running module mass_function_like
Model N: 1891633.5894300486
Done mass_function_like status = 0 

Pipeline ran okay.
Likelihood mass_function_like_m_n = -9.38836332038045
Posterior = -2.7781441082780347 for parameter set #310: [0.3037171221719977, 0.8337978705805316, -0.9995]
Running module mass_function_like
Model N: 1831932.4246390641
Done mass_function_like status = 0 

Pipeline ran okay.
Likelihood mass_function_like_m_n = -902.2500626854599
Posterior = -895.6115622419208 for parameter set #310: [0.29714329718832755, 0.8298569322749024, -0.9995]
Running module mass_function_like
Model N: 1890105.6839564927
Done mass_function_like status = 0 

Pipeline ran okay.
Likelihood mass_function_like_m_n = -8.25343843176961
Posterior = -2.504490458043124 for parameter set #310: [0.31364079341228884, 0.809840531055266, -0.9995]
Running module mass_function_like
Model N: 1883683.7977473054
Done mass_function_like status = 0 

Pipeline ran okay.
Likelihood mass_function_like_m_n = -17.00730474665761
Posterior = -12.560461133243953 for parameter set #310: [0.32113036007689666, 0.7918461909816146, -0.9995]
Running module mass_function_like
Model N: 1901617.7722758742
Done mass_function_like status = 0 

Pipeline ran okay.
Likelihood mass_function_like_m_n = -47.06052133068442
Posterior = -42.78456450558658 for parameter set #311: [0.3219241755749782, 0.7954398886512104, -0.9995]
Running module mass_function_like
Model N: 1887848.7650978165
Done mass_function_like status = 0 

Pipeline ran okay.
Likelihood mass_function_like_m_n = -8.836493078619242
Posterior = -4.181627241007133 for parameter set #311: [0.320121820795833, 0.7951593287940462, -0.9995]
Running module mass_function_like
Model N: 1799309.0831736121
Done mass_function_like status = 0 

Pipeline ran okay.
Likelihood mass_function_like_m_n = -2230.007824629545
Posterior = -2237.030039125286 for parameter set #311: [0.3523479105486567, 0.7164104699328812, -0.9995]
Running module mass_function_like
Model N: 1889017.7170607308
Done mass_function_like status = 0 

Pipeline ran okay.
Likelihood mass_function_like_m_n = -8.197790522128344
Posterior = -4.329704641446059 for parameter set #311: [0.32371167778807697, 0.7881097530318151, -0.9995]
Running module mass_function_like
Model N: 1889043.7400218712
Done mass_function_like status = 0 

Pipeline ran okay.
Likelihood mass_function_like_m_n = -8.191808070987463
Posterior = -2.2837568320811723 for parameter set #312: [0.3124197661765744, 0.8122521024385145, -0.9995]
Model N: 1882548.2952727478
Done mass_function_like status = 0 

Pipeline ran okay.
Likelihood mass_function_like_m_n = -20.83570259064436
Posterior = -15.750312418820911 for parameter set #312: [0.3178544897798103, 0.7983595414430389, -0.9995]
Model N: 1890741.8296418912
Done mass_function_like status = 0 

Pipeline ran okay.
Likelihood mass_function_like_m_n = -8.576063271611929
Posterior = -1.898207249336533 for parameter set #312: [0.30053817767229846, 0.8415809924968836, -0.9995]
Model N: 1895779.8075124177
Done mass_function_like status = 0 

Pipeline ran okay.
Likelihood mass_function_like_m_n = -18.673791371285915
Posterior = -12.31179243770217 for parameter set #312: [0.3079662445948697, 0.8247883326500199, -0.9995]
Running module mass_function_like
Running module mass_function_like
Running module mass_function_like
Running module mass_function_like
Model N: 1790604.1272199769
Done mass_function_like status = 0 

Pipeline ran okay.
Likelihood mass_function_like_m_n = -2688.360772192478
Posterior = -2697.9754520764286 for parameter set #313: [0.35708587230175376, 0.7076866501831426, -0.9995]
Running module mass_function_like
Model N: 1880683.4897872969
Done mass_function_like status = 0 

Pipeline ran okay.
Likelihood mass_function_like_m_n = -28.61483919247985
Posterior = -25.405128635551456 for parameter set #313: [0.32634233718325617, 0.7805227870603307, -0.9995]
Running module mass_function_like
Model N: 1876908.0561254825
Done mass_function_like status = 0 

Pipeline ran okay.
Likelihood mass_function_like_m_n = -50.05589201301336
Posterior = -44.319883878841104 for parameter set #313: [0.31373532718312847, 0.8055427963463412, -0.9995]
Running module mass_function_like
Model N: 1839285.7682344601
Done mass_function_like status = 0 

Pipeline ran okay.
Likelihood mass_function_like_m_n = -686.4963139109313
Posterior = -680.5496629290611 for parameter set #313: [0.31210498423328187, 0.7976327872964952, -0.9995]
Running module mass_function_like
Model N: 1884900.66999278
Done mass_function_like status = 0 

Pipeline ran okay.
Likelihood mass_function_like_m_n = -13.666700068861246
Posterior = -6.992137090149875 for parameter set #314: [0.2990262218323633, 0.843484229360568, -0.9995]
Running module mass_function_like
Model N: 1894029.829775962
Done mass_function_like status = 0 

Pipeline ran okay.
Likelihood mass_function_like_m_n = -13.650147750973701
Posterior = -9.954273019160047 for parameter set #314: [0.32442715483430906, 0.7881029393046949, -0.9995]
Running module mass_function_like
Model N: 1881430.858096502
Done mass_function_like status = 0 

Pipeline ran okay.
Likelihood mass_function_like_m_n = -25.274291437119246
Posterior = -18.78661812321869 for parameter set #314: [0.3061908139111048, 0.8243093621697056, -0.9995]
Running module mass_function_like
Model N: 1889579.5010994943
Done mass_function_like status = 0 

Pipeline ran okay.
Likelihood mass_function_like_m_n = -8.14830994606018
Posterior = -1.9814437053597302 for parameter set #314: [0.3101236155360597, 0.8176816757329035, -0.9995]
Running module mass_function_like
Model N: 1902543.343353898
Done mass_function_like status = 0 

Pipeline ran okay.
Likelihood mass_function_like_m_n = -53.19935750961304
Posterior = -49.67507385463702 for parameter set #315: [0.3251197951557499, 0.7891472753612019, -0.9995]
Running module mass_function_like
Model N: 1889003.2388175551
Done mass_function_like status = 0 

Pipeline ran okay.
Likelihood mass_function_like_m_n = -8.201274186372757
Posterior = -11.830753408964812 for parameter set #315: [0.3454065709361591, 0.7483015493055388, -0.9995]
Running module mass_function_like
Model N: 1891384.6181937146
Done mass_function_like status = 0 

Pipeline ran okay.
Likelihood mass_function_like_m_n = -9.119307056069374
Posterior = -5.100147314394761 for parameter set #315: [0.3230657514797831, 0.7901020157083469, -0.9995]
Running module mass_function_like
Model N: 1887514.7799675658
Done mass_function_like status = 0 

Pipeline ran okay.
Likelihood mass_function_like_m_n = -9.151998113840818
Posterior = -5.3033833884459884 for parameter set #315: [0.3237936524010727, 0.7875133677645648, -0.9995]
Running module mass_function_like
Model N: 1884763.9895848795
Done mass_function_like status = 0 

Pipeline ran okay.
Likelihood mass_function_like_m_n = -14.00264261290431
Posterior = -7.515134657522747 for parameter set #316: [0.2938065156344972, 0.8575379290744516, -0.9995]
Model N: 1888354.3282065778
Done mass_function_like status = 0 

Pipeline ran okay.
Likelihood mass_function_like_m_n = -8.471408147364855
Posterior = -4.036944594190738 for parameter set #316: [0.32118886804497154, 0.7930894232170838, -0.9995]
Model N: 1880793.4416343735
Done mass_function_like status = 0 

Pipeline ran okay.
Likelihood mass_function_like_m_n = -28.104667980223894
Posterior = -22.419181714219686 for parameter set #316: [0.31409835403375863, 0.805940529871919, -0.9995]
Model N: 1891093.863753062
Done mass_function_like status = 0 

Pipeline ran okay.
Likelihood mass_function_like_m_n = -8.846540212631226
Posterior = -2.5303151707698923 for parameter set #316: [0.30852149231589004, 0.8219274489947849, -0.9995]
Running module mass_function_like
Running module mass_function_like
Running module mass_function_like
Running module mass_function_like
Model N: 1877867.3844322136
Done mass_function_like status = 0 

Pipeline ran okay.
Likelihood mass_function_like_m_n = -43.88448926433921
Posterior = -39.54836339080881 for parameter set #317: [0.3216479944788417, 0.7890826930174853, -0.9995]
Running module mass_function_like
Model N: 1877618.1533685615
Done mass_function_like status = 0 

Pipeline ran okay.
Likelihood mass_function_like_m_n = -45.44037054106593
Posterior = -38.979618832339476 for parameter set #317: [0.3066113915265055, 0.8220500268411506, -0.9995]
Running module mass_function_like
Model N: 1888452.6419104575
Done mass_function_like status = 0 

Pipeline ran okay.
Likelihood mass_function_like_m_n = -8.416143737733364
Posterior = -3.037801165947334 for parameter set #317: [0.3161304781486735, 0.8038446405752827, -0.9995]
Running module mass_function_like
Model N: 1894101.0182564785
Done mass_function_like status = 0 

Pipeline ran okay.
Likelihood mass_function_like_m_n = -13.823054753243923
Posterior = -7.874940397672144 for parameter set #317: [0.3120928891728852, 0.8145935753877788, -0.9995]
Running module mass_function_like
Model N: 1852844.9378550146
Done mass_function_like status = 0 

Pipeline ran okay.
Likelihood mass_function_like_m_n = -367.6677574366331
Posterior = -361.95550877218415 for parameter set #318: [0.3139072321751039, 0.7978580191644508, -0.9995]
Running module mass_function_like
Model N: 1852380.2360206714
Done mass_function_like status = 0 

Pipeline ran okay.
Likelihood mass_function_like_m_n = -376.91166988387704
Posterior = -370.6849147016443 for parameter set #318: [0.30951366402683445, 0.807303201326508, -0.9995]
Running module mass_function_like
Model N: 1874873.0582794473
Done mass_function_like status = 0 

Pipeline ran okay.
Likelihood mass_function_like_m_n = -64.78187847137451
Posterior = -60.178613455610574 for parameter set #318: [0.32037664929543747, 0.7908304307054539, -0.9995]
Running module mass_function_like
Model N: 1874072.5461021443
Done mass_function_like status = 0 

Pipeline ran okay.
Likelihood mass_function_like_m_n = -71.18445730954409
Posterior = -66.38085577794806 for parameter set #318: [0.2806314550535453, 0.8932263722529801, -0.9995]
Running module mass_function_like
Model N: 1886013.4281413627
Done mass_function_like status = 0 

Pipeline ran okay.
Likelihood mass_function_like_m_n = -11.301257118582726
Posterior = -6.587485626516976 for parameter set #319: [0.3198269145670447, 0.7952337975136576, -0.9995]
Running module mass_function_like
Model N: 1863235.745143127
Done mass_function_like status = 0 

Pipeline ran okay.
Likelihood mass_function_like_m_n = -191.90260791406035
Posterior = -188.83081187096522 for parameter set #319: [0.3268607823981919, 0.7746921804407881, -0.9995]
Running module mass_function_like
Model N: 1885934.9864275577
Done mass_function_like status = 0 

Pipeline ran okay.
Likelihood mass_function_like_m_n = -11.446446690708399
Posterior = -7.361778398040415 for parameter set #319: [0.32277997324687724, 0.789110033434377, -0.9995]
Running module mass_function_like
Model N: 1869967.43107021
Done mass_function_like status = 0 

Pipeline ran okay.
Likelihood mass_function_like_m_n = -109.44093280285597
Posterior = -103.77997193922447 for parameter set #319: [0.31427125316626886, 0.8022499289735532, -0.9995]
Running module mass_function_like
Model N: 1858431.6746056834
Done mass_function_like status = 0 

Pipeline ran okay.
Likelihood mass_function_like_m_n = -265.8220442645252
Posterior = -259.79407826700566 for parameter set #320: [0.3114134850137078, 0.8049632910879285, -0.9995]
Model N: 1874178.403808501
Done mass_function_like status = 0 

Pipeline ran okay.
Likelihood mass_function_like_m_n = -70.31802279874682
Posterior = -64.77817725545309 for parameter set #320: [0.3150960833000912, 0.8017442966964915, -0.9995]
Model N: 1889250.3085583171
Done mass_function_like status = 0 

Pipeline ran okay.
Likelihood mass_function_like_m_n = -8.157038856297731
Posterior = -3.673449797707124 for parameter set #320: [0.3209557397374542, 0.7938351109757024, -0.9995]
Model N: 1793002.0349368257
Done mass_function_like status = 0 

Pipeline ran okay.
Likelihood mass_function_like_m_n = -2557.6628469005227
Posterior = -2550.983765725736 for parameter set #320: [0.3002111982590926, 0.8096733131382056, -0.9995]
Running module mass_function_like
Running module mass_function_like
Running module mass_function_like
Running module mass_function_like
Model N: 1891274.1029814463
Done mass_function_like status = 0 

Pipeline ran okay.
Likelihood mass_function_like_m_n = -9.01036772876978
Posterior = -5.985769679878534 for parameter set #321: [0.32703592480171134, 0.7821282258805742, -0.9995]
Running module mass_function_like
Model N: 1879654.706638779
Done mass_function_like status = 0 

Pipeline ran okay.
Likelihood mass_function_like_m_n = -33.7013580724597
Posterior = -27.734926848315723 for parameter set #321: [0.3119404604112758, 0.8103840120935643, -0.9995]
Running module mass_function_like
Model N: 1882829.735347995
Done mass_function_like status = 0 

Pipeline ran okay.
Likelihood mass_function_like_m_n = -19.822771288454533
Posterior = -14.376927532807143 for parameter set #321: [0.3157064346219173, 0.8030522348692064, -0.9995]
Running module mass_function_like
Model N: 1893840.0175918003
Done mass_function_like status = 0 

Pipeline ran okay.
Likelihood mass_function_like_m_n = -13.202167373150587
Posterior = -7.91071311123598 for parameter set #321: [0.3166604317854946, 0.8043354282235601, -0.9995]
Running module mass_function_like
Model N: 1886554.7450434335
Done mass_function_like status = 0 

Pipeline ran okay.
Likelihood mass_function_like_m_n = -10.38840988650918
Posterior = -6.9360500061371555 for parameter set #322: [0.325404504789262, 0.7840192653503507, -0.9995]
Running module mass_function_like
Model N: 1840240.1933232262
Done mass_function_like status = 0 

Pipeline ran okay.
Likelihood mass_function_like_m_n = -660.7120715640485
Posterior = -654.7829580104905 for parameter set #322: [0.3122490052228914, 0.7976118192993864, -0.9995]
Running module mass_function_like
Model N: 1894487.1426793865
Done mass_function_like status = 0 

Pipeline ran okay.
Likelihood mass_function_like_m_n = -14.807391557842493
Posterior = -8.128160485447761 for parameter set #322: [0.30012093462322076, 0.8439941324150498, -0.9995]
Running module mass_function_like
Model N: 1873336.077271833
Done mass_function_like status = 0 

Pipeline ran okay.
Likelihood mass_function_like_m_n = -77.37928406894207
Posterior = -72.19822377449638 for parameter set #322: [0.31731036628072623, 0.7967633044017925, -0.9995]
Running module mass_function_like
Model N: 1849264.0462511922
Done mass_function_like status = 0 

Pipeline ran okay.
Likelihood mass_function_like_m_n = -441.97457878664136
Posterior = -441.5543430084047 for parameter set #323: [0.3353809791274168, 0.7554457961983296, -0.9995]
Running module mass_function_like
Model N: 1889159.0697174338
Done mass_function_like status = 0 

Pipeline ran okay.
Likelihood mass_function_like_m_n = -8.169610545039177
Posterior = -4.143315714689808 for parameter set #323: [0.32303479701651755, 0.7895223115572431, -0.9995]
Running module mass_function_like
Model N: 1831074.820381285
Done mass_function_like status = 0 

Pipeline ran okay.
Likelihood mass_function_like_m_n = -929.3905788809061
Posterior = -923.1612943597038 for parameter set #323: [0.3094870403931663, 0.8007963450643139, -0.9995]
Running module mass_function_like
Model N: 1866922.375684778
Done mass_function_like status = 0 

Pipeline ran okay.
Likelihood mass_function_like_m_n = -143.6986365020275
Posterior = -137.87778625338262 for parameter set #323: [0.31310308322239705, 0.8038635317796813, -0.9995]
Running module mass_function_like
Model N: 1861538.0463983573
Done mass_function_like status = 0 

Pipeline ran okay.
Likelihood mass_function_like_m_n = -216.58635423332453
Posterior = -210.60832875444547 for parameter set #324: [0.3118429617869107, 0.8049743883554332, -0.9995]
Model N: 1889258.3591156856
Done mass_function_like status = 0 

Pipeline ran okay.
Likelihood mass_function_like_m_n = -8.15614115819335
Posterior = -3.8342139172063963 for parameter set #324: [0.32171348409317696, 0.7922543996388773, -0.9995]
Model N: 1889161.5252583213
Done mass_function_like status = 0 

Pipeline ran okay.
Likelihood mass_function_like_m_n = -8.169214487075806
Posterior = -2.344091834756002 for parameter set #324: [0.31307043645782645, 0.8108228098482472, -0.9995]
Model N: 1890792.4576773543
Done mass_function_like status = 0 

Pipeline ran okay.
Likelihood mass_function_like_m_n = -8.610930055379868
Posterior = -2.5249170480289482 for parameter set #324: [0.31089303622466463, 0.8162914581934825, -0.9995]
Running module mass_function_like
Running module mass_function_like
Running module mass_function_like
Running module mass_function_like
Model N: 1882176.9842273728
Done mass_function_like status = 0 

Pipeline ran okay.
Likelihood mass_function_like_m_n = -22.236701007932425
Posterior = -17.916581597533224 for parameter set #325: [0.32172180834051806, 0.7901788516436098, -0.9995]
Running module mass_function_like
Model N: 1889858.9266114188
Done mass_function_like status = 0 

Pipeline ran okay.
Likelihood mass_function_like_m_n = -8.185899063944817
Posterior = -3.679600912735717 for parameter set #325: [0.3208470911500914, 0.7942395012823885, -0.9995]
Running module mass_function_like
Model N: 1888636.5540928475
Done mass_function_like status = 0 

Pipeline ran okay.
Likelihood mass_function_like_m_n = -8.326512061059475
Posterior = -2.969982874372553 for parameter set #325: [0.3162651468583796, 0.8036078337597161, -0.9995]
Running module mass_function_like
Model N: 1861121.457433707
Done mass_function_like status = 0 

Pipeline ran okay.
Likelihood mass_function_like_m_n = -222.88337771967053
Posterior = -217.3505213771787 for parameter set #325: [0.3151423106282916, 0.7977093509210945, -0.9995]
Running module mass_function_like
Model N: 1846641.2952831131
Done mass_function_like status = 0 

Pipeline ran okay.
Likelihood mass_function_like_m_n = -500.89239376038313
Posterior = -507.96196749428697 for parameter set #326: [0.3524383026655402, 0.7269962687053995, -0.9995]
Running module mass_function_like
Model N: 1891196.5223591658
Done mass_function_like status = 0 

Pipeline ran okay.
Likelihood mass_function_like_m_n = -8.93774750456214
Posterior = -3.268903345154394 for parameter set #326: [0.314215906857478, 0.8088979762686822, -0.9995]
Running module mass_function_like
Model N: 1887573.691361524
Done mass_function_like status = 0 

Pipeline ran okay.
Likelihood mass_function_like_m_n = -9.092049896717072
Posterior = -4.155518078624436 for parameter set #326: [0.3186696137090062, 0.7981321485294127, -0.9995]
Running module mass_function_like
Model N: 1896777.8946263683
Done mass_function_like status = 0 

Pipeline ran okay.
Likelihood mass_function_like_m_n = -22.260169718414545
Posterior = -15.66611360115366 for parameter set #326: [0.2958708819089468, 0.8562975833453322, -0.9995]
Running module mass_function_like
Model N: 1888376.7612207325
Done mass_function_like status = 0 

Pipeline ran okay.
Likelihood mass_function_like_m_n = -8.4583470672369
Posterior = -4.8103770823512635 for parameter set #327: [0.3246224865252255, 0.7860947853719241, -0.9995]
Running module mass_function_like
Model N: 1886145.6110706404
Done mass_function_like status = 0 

Pipeline ran okay.
Likelihood mass_function_like_m_n = -11.063990976661444
Posterior = -6.552775775619552 for parameter set #327: [0.3208234915288878, 0.7931992679256411, -0.9995]
Running module mass_function_like
Model N: 1878890.2459136348
Done mass_function_like status = 0 

Pipeline ran okay.
Likelihood mass_function_like_m_n = -37.84753915667534
Posterior = -32.057726879132446 for parameter set #327: [0.3133378553056127, 0.8070305391208574, -0.9995]
Running module mass_function_like
Model N: 1888690.721157746
Done mass_function_like status = 0 

Pipeline ran okay.
Likelihood mass_function_like_m_n = -8.303528904914856
Posterior = -1.6852875079510437 for parameter set #327: [0.3034946473740962, 0.8333481781003756, -0.9995]
Running module mass_function_like
Model N: 1890902.2819448498
Done mass_function_like status = 0 

Pipeline ran okay.
Likelihood mass_function_like_m_n = -8.691220875829458
Posterior = -8.667472832728356 for parameter set #328: [0.33648439709028805, 0.7642648243365713, -0.9995]
Model N: 1884671.2642599735
Done mass_function_like status = 0 

Pipeline ran okay.
Likelihood mass_function_like_m_n = -14.236206382513046
Posterior = -7.732786741852429 for parameter set #328: [0.29406898730991776, 0.8567718256835898, -0.9995]
Model N: 1873989.8186213952
Done mass_function_like status = 0 

Pipeline ran okay.
Likelihood mass_function_like_m_n = -71.8657698109746
Posterior = -66.31159702158564 for parameter set #328: [0.31500087603389376, 0.8018929889184166, -0.9995]
Model N: 1897695.6990472807
Done mass_function_like status = 0 

Pipeline ran okay.
Likelihood mass_function_like_m_n = -26.019824650138617
Posterior = -21.943335674870738 for parameter set #328: [0.3228158507316397, 0.7924453775879491, -0.9995]
Running module mass_function_like
Running module mass_function_like
Running module mass_function_like
Running module mass_function_like
Model N: 1874507.2626352487
Done mass_function_like status = 0 

Pipeline ran okay.
Likelihood mass_function_like_m_n = -67.66479440778494
Posterior = -68.36295219423258 for parameter set #329: [0.33841213866672315, 0.7566035129836421, -0.9995]
Running module mass_function_like
Model N: 1885292.0465507042
Done mass_function_like status = 0 

Pipeline ran okay.
Likelihood mass_function_like_m_n = -12.759697832167149
Posterior = -8.392735491944922 for parameter set #329: [0.32150507781008, 0.7915275412880229, -0.9995]
Running module mass_function_like
Model N: 1876660.636905124
Done mass_function_like status = 0 

Pipeline ran okay.
Likelihood mass_function_like_m_n = -51.72760143876076
Posterior = -45.5196332737765 for parameter set #329: [0.3097091300673741, 0.8145048071358109, -0.9995]
Running module mass_function_like
Model N: 1857177.44358025
Done mass_function_like status = 0 

Pipeline ran okay.
Likelihood mass_function_like_m_n = -287.19651935622096
Posterior = -281.6000885421394 for parameter set #329: [0.3147164763732945, 0.7974337926226629, -0.9995]
Running module mass_function_like
Model N: 1890865.8495029479
Done mass_function_like status = 0 

Pipeline ran okay.
Likelihood mass_function_like_m_n = -8.663879156112671
Posterior = -3.0029828753963077 for parameter set #330: [0.31427170569759505, 0.8086709728444993, -0.9995]
Running module mass_function_like
Model N: 1886447.424171256
Done mass_function_like status = 0 

Pipeline ran okay.
Likelihood mass_function_like_m_n = -10.557023644447327
Posterior = -7.256199694531363 for parameter set #330: [0.3259941541443234, 0.7828223906288887, -0.9995]
Running module mass_function_like
Model N: 1898928.6167962824
Done mass_function_like status = 0 

Pipeline ran okay.
Likelihood mass_function_like_m_n = -31.76584281399846
Posterior = -25.102677546107543 for parameter set #330: [0.3017966040420349, 0.8412064114728148, -0.9995]
Running module mass_function_like
Model N: 1893732.6276883984
Done mass_function_like status = 0 

Pipeline ran okay.
Likelihood mass_function_like_m_n = -12.957120526582003
Posterior = -6.660877818095363 for parameter set #330: [0.2912471548645762, 0.8682896558716479, -0.9995]
Running module mass_function_like
Model N: 1868750.347009922
Done mass_function_like status = 0 

Pipeline ran okay.
Likelihood mass_function_like_m_n = -122.53146803751588
Posterior = -119.81517304895277 for parameter set #331: [0.3281531852895799, 0.773741051620208, -0.9995]
Running module mass_function_like
Model N: 1879735.9353220146
Done mass_function_like status = 0 

Pipeline ran okay.
Likelihood mass_function_like_m_n = -33.27917359024286
Posterior = -27.421330434440367 for parameter set #331: [0.3128176522226787, 0.8084474161922446, -0.9995]
Running module mass_function_like
Model N: 1876229.059492371
Done mass_function_like status = 0 

Pipeline ran okay.
Likelihood mass_function_like_m_n = -54.72220425307751
Posterior = -51.68390579382854 for parameter set #331: [0.326985202385979, 0.7780337826500321, -0.9995]
Running module mass_function_like
Model N: 1872501.2827484366
Done mass_function_like status = 0 

Pipeline ran okay.
Likelihood mass_function_like_m_n = -84.75429910421371
Posterior = -78.90072434510093 for parameter set #331: [0.31285091000044285, 0.806132792676769, -0.9995]
Running module mass_function_like
Model N: 1848608.606155349
Done mass_function_like status = 0 

Pipeline ran okay.
Likelihood mass_function_like_m_n = -456.3418289870024
Posterior = -450.5485659659078 for parameter set #332: [0.313311958362432, 0.7978561522233968, -0.9995]
Model N: 1880795.7175363195
Done mass_function_like status = 0 

Pipeline ran okay.
Likelihood mass_function_like_m_n = -28.09417612478137
Posterior = -27.56572393151664 for parameter set #332: [0.3350737850966943, 0.7641603212089589, -0.9995]
Model N: 1853518.5104222705
Done mass_function_like status = 0 

Pipeline ran okay.
Likelihood mass_function_like_m_n = -354.4799340479076
Posterior = -348.2262018603908 for parameter set #332: [0.30922574669924807, 0.8083026380957518, -0.9995]
Model N: 1890676.1124531212
Done mass_function_like status = 0 

Pipeline ran okay.
Likelihood mass_function_like_m_n = -8.532825380563736
Posterior = -5.364876552909804 for parameter set #332: [0.3265003976221349, 0.783014135661438, -0.9995]
Running module mass_function_like
Running module mass_function_like
Running module mass_function_like
Running module mass_function_like
Model N: 1898144.4549518486
Done mass_function_like status = 0 

Pipeline ran okay.
Likelihood mass_function_like_m_n = -28.018993016332388
Posterior = -24.317938139966692 for parameter set #333: [0.3244059391212242, 0.7893282718697862, -0.9995]
Running module mass_function_like
Model N: 1889590.1477704952
Done mass_function_like status = 0 

Pipeline ran okay.
Likelihood mass_function_like_m_n = -8.148985084146261
Posterior = -3.5675362186393045 for parameter set #333: [0.32048343395431167, 0.7949176701671427, -0.9995]
Running module mass_function_like
Model N: 1884586.7825185831
Done mass_function_like status = 0 

Pipeline ran okay.
Likelihood mass_function_like_m_n = -14.452987376600504
Posterior = -8.47137751203661 for parameter set #333: [0.3118126570571257, 0.812221794923861, -0.9995]
Running module mass_function_like
Model N: 1891307.039839352
Done mass_function_like status = 0 

Pipeline ran okay.
Likelihood mass_function_like_m_n = -9.042160086333752
Posterior = -3.920918102718691 for parameter set #333: [0.31765254777472723, 0.8014219036749616, -0.9995]
Running module mass_function_like
Model N: 1892606.0810936345
Done mass_function_like status = 0 

Pipeline ran okay.
Likelihood mass_function_like_m_n = -10.752845983952284
Posterior = -11.23736417742073 for parameter set #334: [0.3378518754932398, 0.7622558479258055, -0.9995]
Running module mass_function_like
Model N: 1887507.1401552884
Done mass_function_like status = 0 

Pipeline ran okay.
Likelihood mass_function_like_m_n = -9.159907206892967
Posterior = -2.8611600911157495 for parameter set #334: [0.30872418572169325, 0.820280865033135, -0.9995]
Running module mass_function_like
Model N: 1867647.2579641966
Done mass_function_like status = 0 

Pipeline ran okay.
Likelihood mass_function_like_m_n = -135.08825270086527
Posterior = -129.869696944922 for parameter set #334: [0.31709238685711816, 0.7955318531642369, -0.9995]
Running module mass_function_like
Model N: 1873194.0874969321
Done mass_function_like status = 0 

Pipeline ran okay.
Likelihood mass_function_like_m_n = -78.60720573365688
Posterior = -73.16109666263397 for parameter set #334: [0.31570474531654225, 0.8001367754826711, -0.9995]
Running module mass_function_like
Model N: 1890645.044626506
Done mass_function_like status = 0 

Pipeline ran okay.
Likelihood mass_function_like_m_n = -8.513179324567318
Posterior = -3.761879622825065 for parameter set #335: [0.31963672323259634, 0.7970041417518431, -0.9995]
Running module mass_function_like
Model N: 1883011.6526087252
Done mass_function_like status = 0 

Pipeline ran okay.
Likelihood mass_function_like_m_n = -19.190496917814016
Posterior = -24.472747057802778 for parameter set #335: [0.34891125502028947, 0.7410758113664793, -0.9995]
Running module mass_function_like
Model N: 1876421.0042227316
Done mass_function_like status = 0 

Pipeline ran okay.
Likelihood mass_function_like_m_n = -53.3780085965991
Posterior = -47.38815882821056 for parameter set #335: [0.31174269500516516, 0.8098159626228998, -0.9995]
Running module mass_function_like
Model N: 1892269.3316761598
Done mass_function_like status = 0 

Pipeline ran okay.
Likelihood mass_function_like_m_n = -10.223869279026985
Posterior = -3.5675281820465976 for parameter set #335: [0.30214303995902136, 0.8379907461475158, -0.9995]
Running module mass_function_like
Model N: 1875744.156355099
Done mass_function_like status = 0 

Pipeline ran okay.
Likelihood mass_function_like_m_n = -58.20608824118972
Posterior = -52.9171324878795 for parameter set #336: [0.31667542170381296, 0.7988290648245752, -0.9995]
Model N: 1885511.377721555
Done mass_function_like status = 0 

Pipeline ran okay.
Likelihood mass_function_like_m_n = -12.28701015561819
Posterior = -5.8996810657512935 for parameter set #336: [0.30764166354196915, 0.8221874983937935, -0.9995]
Model N: 1889294.4094466595
Done mass_function_like status = 0 

Pipeline ran okay.
Likelihood mass_function_like_m_n = -8.15254207327962
Posterior = -2.380937488612606 for parameter set #336: [0.31347367517526814, 0.8099608192005642, -0.9995]
Model N: 1875554.73894619
Done mass_function_like status = 0 

Pipeline ran okay.
Likelihood mass_function_like_m_n = -59.60128841549158
Posterior = -54.034942348561245 for parameter set #336: [0.314919504893795, 0.80254462448513, -0.9995]
Running module mass_function_like
Running module mass_function_like
Running module mass_function_like
Running module mass_function_like
Model N: 1874654.678236357
Done mass_function_like status = 0 

Pipeline ran okay.
Likelihood mass_function_like_m_n = -66.49432573467493
Posterior = -60.5878009253354 for parameter set #337: [0.312432050425981, 0.8077267190900265, -0.9995]
Running module mass_function_like
Model N: 1865892.0717765875
Done mass_function_like status = 0 

Pipeline ran okay.
Likelihood mass_function_like_m_n = -156.42713762447238
Posterior = -150.9309854655918 for parameter set #337: [0.3153827958410012, 0.7986279896328046, -0.9995]
Running module mass_function_like
Model N: 1829557.3771919743
Done mass_function_like status = 0 

Pipeline ran okay.
Likelihood mass_function_like_m_n = -978.4286994487047
Posterior = -981.2459773786508 for parameter set #337: [0.34358114759447306, 0.7368420291687464, -0.9995]
Running module mass_function_like
Model N: 1890279.499886172
Done mass_function_like status = 0 

Pipeline ran okay.
Likelihood mass_function_like_m_n = -8.320345282554626
Posterior = -3.3694819852306503 for parameter set #337: [0.31859269158022163, 0.7991039370289692, -0.9995]
Running module mass_function_like
Model N: 1859510.5570623758
Done mass_function_like status = 0 

Pipeline ran okay.
Likelihood mass_function_like_m_n = -248.12441916018724
Posterior = -243.54016466937804 for parameter set #338: [0.3204697323260515, 0.7862038632655112, -0.9995]
Running module mass_function_like
Model N: 1869702.4049431577
Done mass_function_like status = 0 

Pipeline ran okay.
Likelihood mass_function_like_m_n = -112.22325620055199
Posterior = -106.31831322006911 for parameter set #338: [0.31244476771842145, 0.8061651898404191, -0.9995]
Running module mass_function_like
Model N: 1859973.488312665
Done mass_function_like status = 0 

Pipeline ran okay.
Likelihood mass_function_like_m_n = -240.72570504248142
Posterior = -234.72018184593603 for parameter set #338: [0.31160845383127994, 0.805008973999132, -0.9995]
Running module mass_function_like
Model N: 1884787.6173735799
Done mass_function_like status = 0 

Pipeline ran okay.
Likelihood mass_function_like_m_n = -13.943858250975609
Posterior = -9.30494663759345 for parameter set #338: [0.32020095336823506, 0.7940930297555544, -0.9995]
Running module mass_function_like
Model N: 1888696.7463934082
Done mass_function_like status = 0 

Pipeline ran okay.
Likelihood mass_function_like_m_n = -8.30106844380498
Posterior = -4.739323380809871 for parameter set #339: [0.3249702188028663, 0.7854904165339577, -0.9995]
Running module mass_function_like
Model N: 1887123.5392245164
Done mass_function_like status = 0 

Pipeline ran okay.
Likelihood mass_function_like_m_n = -9.596831642091274
Posterior = -5.354334649758208 for parameter set #339: [0.32207626420378743, 0.7908886450048332, -0.9995]
Running module mass_function_like
Model N: 1888822.809022663
Done mass_function_like status = 0 

Pipeline ran okay.
Likelihood mass_function_like_m_n = -8.253999318927526
Posterior = -4.0257074925072445 for parameter set #339: [0.32214051657884213, 0.7912504377341283, -0.9995]
Running module mass_function_like
Model N: 1878052.8202875273
Done mass_function_like status = 0 

Pipeline ran okay.
Likelihood mass_function_like_m_n = -42.74845829978585
Posterior = -36.63102679631589 for parameter set #339: [0.2893993142218039, 0.8675734546816206, -0.9995]
Running module mass_function_like
Model N: 1890784.5704310979
Done mass_function_like status = 0 

Pipeline ran okay.
Likelihood mass_function_like_m_n = -8.605409141629934
Posterior = -8.752356307019186 for parameter set #340: [0.33694929326441697, 0.7633973095172705, -0.9995]
Model N: 1882051.0012592645
Done mass_function_like status = 0 

Pipeline ran okay.
Likelihood mass_function_like_m_n = -22.728755053132772
Posterior = -16.12493862479443 for parameter set #340: [0.303885557102189, 0.830122863188325, -0.9995]
Model N: 1896268.2967402195
Done mass_function_like status = 0 

Pipeline ran okay.
Likelihood mass_function_like_m_n = -20.363654538989067
Posterior = -14.212684602000726 for parameter set #340: [0.31027943832436244, 0.8194751853101349, -0.9995]
Model N: 1891639.767416137
Done mass_function_like status = 0 

Pipeline ran okay.
Likelihood mass_function_like_m_n = -9.395455911755562
Posterior = -4.064036588094034 for parameter set #340: [0.3164187994363088, 0.8041894618812172, -0.9995]
Running module mass_function_like
Running module mass_function_like
Running module mass_function_like
Running module mass_function_like
Model N: 1883428.830232077
Done mass_function_like status = 0 

Pipeline ran okay.
Likelihood mass_function_like_m_n = -17.80713415145874
Posterior = -17.38681663011016 for parameter set #341: [0.3353807480897779, 0.7642968072465631, -0.9995]
Running module mass_function_like
Model N: 1888299.25859347
Done mass_function_like status = 0 

Pipeline ran okay.
Likelihood mass_function_like_m_n = -8.504601877182722
Posterior = -3.9536989514654817 for parameter set #341: [0.32063202012694325, 0.7942281496666121, -0.9995]
Running module mass_function_like
Model N: 1889277.5991748373
Done mass_function_like status = 0 

Pipeline ran okay.
Likelihood mass_function_like_m_n = -8.154134724289179
Posterior = -2.9584401413016472 for parameter set #341: [0.31722561822009687, 0.8017266196476268, -0.9995]
Running module mass_function_like
Model N: 1881773.480909165
Done mass_function_like status = 0 

Pipeline ran okay.
Likelihood mass_function_like_m_n = -23.842539850622416
Posterior = -18.829791379265465 for parameter set #341: [0.28174318906844215, 0.8928938982088266, -0.9995]
Running module mass_function_like
Model N: 1899178.142477236
Done mass_function_like status = 0 

Pipeline ran okay.
Likelihood mass_function_like_m_n = -33.02570538967848
Posterior = -26.386968393393367 for parameter set #342: [0.2971515898460689, 0.8536677033784636, -0.9995]
Running module mass_function_like
Model N: 1887166.402226818
Done mass_function_like status = 0 

Pipeline ran okay.
Likelihood mass_function_like_m_n = -9.544136472046375
Posterior = -3.3097540681354793 for parameter set #342: [0.3094331521179222, 0.8185105732718108, -0.9995]
Running module mass_function_like
Model N: 1892489.899812546
Done mass_function_like status = 0 

Pipeline ran okay.
Likelihood mass_function_like_m_n = -10.563584886491299
Posterior = -4.883450638821431 for parameter set #342: [0.3141362650699563, 0.8094775639755445, -0.9995]
Running module mass_function_like
Model N: 1888676.0635388268
Done mass_function_like status = 0 

Pipeline ran okay.
Likelihood mass_function_like_m_n = -8.3095947727561
Posterior = -4.315518693230617 for parameter set #342: [0.3231742448368214, 0.7890998215311039, -0.9995]
Running module mass_function_like
Model N: 1865935.5407725757
Done mass_function_like status = 0 

Pipeline ran okay.
Likelihood mass_function_like_m_n = -155.87848057970405
Posterior = -152.87008840868185 for parameter set #343: [0.3270958005133194, 0.7749836625687253, -0.9995]
Running module mass_function_like
Model N: 1840991.059015256
Done mass_function_like status = 0 

Pipeline ran okay.
Likelihood mass_function_like_m_n = -640.7843158505857
Posterior = -634.8737520730755 for parameter set #343: [0.3123995195132716, 0.7975160702783541, -0.9995]
Running module mass_function_like
Model N: 1855975.0672101777
Done mass_function_like status = 0 

Pipeline ran okay.
Likelihood mass_function_like_m_n = -308.49633327126503
Posterior = -301.93262364480506 for parameter set #343: [0.30480821322011087, 0.8192508744866817, -0.9995]
Running module mass_function_like
Model N: 1883782.9199244005
Done mass_function_like status = 0 

Pipeline ran okay.
Likelihood mass_function_like_m_n = -16.705705378204584
Posterior = -12.01002695571808 for parameter set #343: [0.3199179606176119, 0.7943863201483051, -0.9995]
Running module mass_function_like
Model N: 1883641.0910105163
Done mass_function_like status = 0 

Pipeline ran okay.
Likelihood mass_function_like_m_n = -17.13886134326458
Posterior = -11.478666672393102 for parameter set #344: [0.31427662094081593, 0.8064252179848472, -0.9995]
Model N: 1831175.8834144075
Done mass_function_like status = 0 

Pipeline ran okay.
Likelihood mass_function_like_m_n = -926.1707109287381
Posterior = -919.4989344795091 for parameter set #344: [0.3012270084825493, 0.8196313701979683, -0.9995]
Model N: 1868841.8232635288
Done mass_function_like status = 0 

Pipeline ran okay.
Likelihood mass_function_like_m_n = -121.51973917707801
Posterior = -116.75690677914 for parameter set #344: [0.31957790489491755, 0.7907165452792099, -0.9995]
Model N: 1887875.3958765413
Done mass_function_like status = 0 

Pipeline ran okay.
Likelihood mass_function_like_m_n = -8.813881792128086
Posterior = -4.493404964998604 for parameter set #344: [0.32172016285012944, 0.7918375559530805, -0.9995]
Running module mass_function_like
Running module mass_function_like
Running module mass_function_like
Running module mass_function_like
Model N: 1889196.6050604708
Done mass_function_like status = 0 

Pipeline ran okay.
Likelihood mass_function_like_m_n = -8.163905020803213
Posterior = -3.679204573935741 for parameter set #345: [0.3209504355632179, 0.7938304207054607, -0.9995]
Running module mass_function_like
Model N: 1869219.6184432758
Done mass_function_like status = 0 

Pipeline ran okay.
Likelihood mass_function_like_m_n = -117.38926956802607
Posterior = -112.00815397925875 for parameter set #345: [0.31611327781392035, 0.7980700846107962, -0.9995]
Running module mass_function_like
Model N: 1883006.9848362533
Done mass_function_like status = 0 

Pipeline ran okay.
Likelihood mass_function_like_m_n = -19.206499844789505
Posterior = -13.36179280131104 for parameter set #345: [0.31291973029774023, 0.8092379341684214, -0.9995]
Running module mass_function_like
Model N: 1890191.3904882234
Done mass_function_like status = 0 

Pipeline ran okay.
Likelihood mass_function_like_m_n = -8.284432597458363
Posterior = -3.9042878855054433 for parameter set #345: [0.32144369131636286, 0.7930831533920873, -0.9995]
Running module mass_function_like
Model N: 1895365.382160157
Done mass_function_like status = 0 

Pipeline ran okay.
Likelihood mass_function_like_m_n = -17.338501431047916
Posterior = -11.155583896038396 for parameter set #346: [0.3099638011150432, 0.8199212931447424, -0.9995]
Running module mass_function_like
Model N: 1882888.5768254234
Done mass_function_like status = 0 

Pipeline ran okay.
Likelihood mass_function_like_m_n = -19.616331193596125
Posterior = -14.749568585282343 for parameter set #346: [0.31903965120476957, 0.7959591763162368, -0.9995]
Running module mass_function_like
Model N: 1882109.777136814
Done mass_function_like status = 0 

Pipeline ran okay.
Likelihood mass_function_like_m_n = -22.49813950806856
Posterior = -17.816051521367257 for parameter set #346: [0.31998607621124714, 0.7937527428192702, -0.9995]
Running module mass_function_like
Model N: 1879524.4055054106
Done mass_function_like status = 0 

Pipeline ran okay.
Likelihood mass_function_like_m_n = -34.38596585020423
Posterior = -30.844789096255546 for parameter set #346: [0.3250524547474355, 0.782731542909665, -0.9995]
Running module mass_function_like
Model N: 1890862.423108521
Done mass_function_like status = 0 

Pipeline ran okay.
Likelihood mass_function_like_m_n = -8.661343812942505
Posterior = -4.057474763463523 for parameter set #347: [0.32037368473708777, 0.7955219373732354, -0.9995]
Running module mass_function_like
Model N: 1892149.0114290437
Done mass_function_like status = 0 

Pipeline ran okay.
Likelihood mass_function_like_m_n = -10.04937518760562
Posterior = -3.9863310498884363 for parameter set #347: [0.31110189227648166, 0.8162437588871224, -0.9995]
Running module mass_function_like
Model N: 1892951.8194859829
Done mass_function_like status = 0 

Pipeline ran okay.
Likelihood mass_function_like_m_n = -11.358177118003368
Posterior = -7.716778522105274 for parameter set #347: [0.3246491606445822, 0.787347152976518, -0.9995]
Running module mass_function_like
Model N: 1871956.1474632265
Done mass_function_like status = 0 

Pipeline ran okay.
Likelihood mass_function_like_m_n = -89.77297779172659
Posterior = -83.56629231913277 for parameter set #347: [0.30972233228928514, 0.8129806205118087, -0.9995]
Running module mass_function_like
Model N: 1889343.400188033
Done mass_function_like status = 0 

Pipeline ran okay.
Likelihood mass_function_like_m_n = -8.148753769695759
Posterior = -4.217365261808668 for parameter set #348: [0.32344318958854834, 0.7887466697384793, -0.9995]
Model N: 1874284.0461491866
Done mass_function_like status = 0 

Pipeline ran okay.
Likelihood mass_function_like_m_n = -69.4593604914844
Posterior = -63.93199344230659 for parameter set #348: [0.3151785186967134, 0.8015982841374583, -0.9995]
Model N: 1891441.1319683462
Done mass_function_like status = 0 

Pipeline ran okay.
Likelihood mass_function_like_m_n = -9.177507869899273
Posterior = -3.6319044080146625 for parameter set #348: [0.3150578931887936, 0.8071091271705767, -0.9995]
Model N: 1881457.7895577096
Done mass_function_like status = 0 

Pipeline ran okay.
Likelihood mass_function_like_m_n = -25.15948148816824
Posterior = -18.800012818446774 for parameter set #348: [0.29200205615687713, 0.8613717825391404, -0.9995]
Running module mass_function_like
Running module mass_function_like
Running module mass_function_like
Running module mass_function_like
Model N: 1889543.4719813766
Done mass_function_like status = 0 

Pipeline ran okay.
Likelihood mass_function_like_m_n = -8.146470196545124
Posterior = -2.6956987635442813 for parameter set #349: [0.3156750296032215, 0.8051707925432865, -0.9995]
Running module mass_function_like
Model N: 1881933.1299845101
Done mass_function_like status = 0 

Pipeline ran okay.
Likelihood mass_function_like_m_n = -23.196793355047703
Posterior = -16.90353630146158 for parameter set #349: [0.308786889605817, 0.8183290191209835, -0.9995]
Running module mass_function_like
Model N: 1890071.2426927942
Done mass_function_like status = 0 

Pipeline ran okay.
Likelihood mass_function_like_m_n = -8.24207766354084
Posterior = -3.2935678728752755 for parameter set #349: [0.31860534550952835, 0.7990149053188104, -0.9995]
Running module mass_function_like
Model N: 1887594.9735178514
Done mass_function_like status = 0 

Pipeline ran okay.
Likelihood mass_function_like_m_n = -9.07084572315216
Posterior = -3.038673692890119 for parameter set #349: [0.28862342610406666, 0.8736394318948334, -0.9995]
Running module mass_function_like
Model N: 1890928.681175724
Done mass_function_like status = 0 

Pipeline ran okay.
Likelihood mass_function_like_m_n = -8.711471173912287
Posterior = -2.6880579013357835 for parameter set #350: [0.31145330455138337, 0.815047790706418, -0.9995]
Running module mass_function_like
Model N: 1883524.7648632084
Done mass_function_like status = 0 

Pipeline ran okay.
Likelihood mass_function_like_m_n = -17.50212586298585
Posterior = -12.850267040189415 for parameter set #350: [0.320136759299916, 0.793855433642077, -0.9995]
Running module mass_function_like
Model N: 1885808.6741298526
Done mass_function_like status = 0 

Pipeline ran okay.
Likelihood mass_function_like_m_n = -11.687110770493746
Posterior = -11.054633053273141 for parameter set #350: [0.33477592983973137, 0.7660203698537122, -0.9995]
Running module mass_function_like
Model N: 1872507.2619417151
Done mass_function_like status = 0 

Pipeline ran okay.
Likelihood mass_function_like_m_n = -84.70014089718461
Posterior = -78.84624640805578 for parameter set #350: [0.31284842176441424, 0.8061399562766581, -0.9995]
Running module mass_function_like
Model N: 1888414.7919604306
Done mass_function_like status = 0 

Pipeline ran okay.
Likelihood mass_function_like_m_n = -8.436813782900572
Posterior = -4.729909238505009 for parameter set #351: [0.32438195912520007, 0.7865877247437191, -0.9995]
Running module mass_function_like
Model N: 1886373.342613633
Done mass_function_like status = 0 

Pipeline ran okay.
Likelihood mass_function_like_m_n = -10.676982048898935
Posterior = -6.407817206684456 for parameter set #351: [0.32195513314054697, 0.7909188896478025, -0.9995]
Running module mass_function_like
Model N: 1863420.898905034
Done mass_function_like status = 0 

Pipeline ran okay.
Likelihood mass_function_like_m_n = -189.30547863990068
Posterior = -186.61404025044197 for parameter set #351: [0.32824133781835235, 0.7721235922372596, -0.9995]
Running module mass_function_like
Model N: 1891733.2309746114
Done mass_function_like status = 0 

Pipeline ran okay.
Likelihood mass_function_like_m_n = -9.505214679986238
Posterior = -5.912091702168567 for parameter set #351: [0.32484423965627657, 0.7866069892861419, -0.9995]
Running module mass_function_like
Model N: 1886497.3483646202
Done mass_function_like status = 0 

Pipeline ran okay.
Likelihood mass_function_like_m_n = -10.477826181799173
Posterior = -13.367969526780367 for parameter set #352: [0.3437480229114217, 0.7504647302575504, -0.9995]
Model N: 1855982.6682188574
Done mass_function_like status = 0 

Pipeline ran okay.
Likelihood mass_function_like_m_n = -308.3591935709119
Posterior = -302.1596310148347 for parameter set #352: [0.30979532176330116, 0.8077961454047919, -0.9995]
Model N: 1862902.6827898487
Done mass_function_like status = 0 

Pipeline ran okay.
Likelihood mass_function_like_m_n = -196.62140430882573
Posterior = -191.2204870894065 for parameter set #352: [0.31598991543999516, 0.7964447797826023, -0.9995]
Model N: 1891759.679551071
Done mass_function_like status = 0 

Pipeline ran okay.
Likelihood mass_function_like_m_n = -9.537111788988113
Posterior = -3.795018773706179 for parameter set #352: [0.31369095455421764, 0.8102443636780162, -0.9995]
Running module mass_function_like
Running module mass_function_like
Running module mass_function_like
Running module mass_function_like
Model N: 1850310.388100753
Done mass_function_like status = 0 

Pipeline ran okay.
Likelihood mass_function_like_m_n = -419.53060415387154
Posterior = -416.88503426143154 for parameter set #353: [0.32840328961888104, 0.7682808186207091, -0.9995]
Running module mass_function_like
Model N: 1879034.6102900354
Done mass_function_like status = 0 

Pipeline ran okay.
Likelihood mass_function_like_m_n = -37.04060584306717
Posterior = -30.818190488926565 for parameter set #353: [0.30955917197428306, 0.8156069312676488, -0.9995]
Running module mass_function_like
Model N: 1881763.7081768103
Done mass_function_like status = 0 

Pipeline ran okay.
Likelihood mass_function_like_m_n = -23.88251018151641
Posterior = -18.859807744758115 for parameter set #353: [0.3182022073471978, 0.7973889079966929, -0.9995]
Running module mass_function_like
Model N: 1877852.564649027
Done mass_function_like status = 0 

Pipeline ran okay.
Likelihood mass_function_like_m_n = -43.97607434540987
Posterior = -39.720473943078986 for parameter set #353: [0.3220168289995599, 0.788329423833912, -0.9995]
Running module mass_function_like
Model N: 1883351.0751773107
Done mass_function_like status = 0 

Pipeline ran okay.
Likelihood mass_function_like_m_n = -18.057940237224102
Posterior = -13.482500877202034 for parameter set #354: [0.32051275134294827, 0.7930244350804356, -0.9995]
Running module mass_function_like
Model N: 1867806.154586811
Done mass_function_like status = 0 

Pipeline ran okay.
Likelihood mass_function_like_m_n = -133.2388699054718
Posterior = -130.4856452162675 for parameter set #354: [0.32802170412057735, 0.7737328063156269, -0.9995]
Running module mass_function_like
Model N: 1888975.3445547288
Done mass_function_like status = 0 

Pipeline ran okay.
Likelihood mass_function_like_m_n = -8.208298861980438
Posterior = -4.660952369701592 for parameter set #354: [0.3250278153502512, 0.7854547667738633, -0.9995]
Running module mass_function_like
Model N: 1892142.2017616376
Done mass_function_like status = 0 

Pipeline ran okay.
Likelihood mass_function_like_m_n = -10.039727911353111
Posterior = -4.065606070363371 for parameter set #354: [0.3118758777134194, 0.8144672967655124, -0.9995]
Running module mass_function_like
Model N: 1890972.3541412202
Done mass_function_like status = 0 

Pipeline ran okay.
Likelihood mass_function_like_m_n = -8.745780352503061
Posterior = -4.083506620497106 for parameter set #355: [0.32008497182623985, 0.7961592086385579, -0.9995]
Running module mass_function_like
Model N: 1842309.2946505514
Done mass_function_like status = 0 

Pipeline ran okay.
Likelihood mass_function_like_m_n = -606.5588636286557
Posterior = -600.422026884854 for parameter set #355: [0.31041602087659703, 0.8022017736712153, -0.9995]
Running module mass_function_like
Model N: 1880721.024401091
Done mass_function_like status = 0 

Pipeline ran okay.
Likelihood mass_function_like_m_n = -28.439954429864883
Posterior = -25.847998032252487 for parameter set #355: [0.32859142459094265, 0.7761842006337022, -0.9995]
Running module mass_function_like
Model N: 1895597.2291949426
Done mass_function_like status = 0 

Pipeline ran okay.
Likelihood mass_function_like_m_n = -18.07438950613141
Posterior = -14.770276547553056 for parameter set #355: [0.32598149818517724, 0.7854334436221406, -0.9995]
Running module mass_function_like
Model N: 1891532.185975393
Done mass_function_like status = 0 

Pipeline ran okay.
Likelihood mass_function_like_m_n = -9.27482820302248
Posterior = -3.657673535199711 for parameter set #356: [0.31457497533780027, 0.8082049532292962, -0.9995]
Model N: 1889630.5231186654
Done mass_function_like status = 0 

Pipeline ran okay.
Likelihood mass_function_like_m_n = -8.152090467512608
Posterior = -1.5240015365056845 for parameter set #356: [0.2967995229323341, 0.8511181713348943, -0.9995]
Model N: 1864894.8488137417
Done mass_function_like status = 0 

Pipeline ran okay.
Likelihood mass_function_like_m_n = -169.29559541866183
Posterior = -162.94630829442914 for parameter set #356: [0.30812424856928344, 0.8143971027311909, -0.9995]
Model N: 1883756.2852640448
Done mass_function_like status = 0 

Pipeline ran okay.
Likelihood mass_function_like_m_n = -16.786232728511095
Posterior = -21.470947644806117 for parameter set #356: [0.34767393232072474, 0.7432684296267268, -0.9995]
Running module mass_function_like
Running module mass_function_like
Running module mass_function_like
Running module mass_function_like
Model N: 1890678.4815844675
Done mass_function_like status = 0 

Pipeline ran okay.
Likelihood mass_function_like_m_n = -8.534344460815191
Posterior = -3.939075776189453 for parameter set #357: [0.32041585420052004, 0.7953795935863964, -0.9995]
Running module mass_function_like
Model N: 1900816.4494984136
Done mass_function_like status = 0 

Pipeline ran okay.
Likelihood mass_function_like_m_n = -42.1072670891881
Posterior = -36.32311143170789 for parameter set #357: [0.31338019836048775, 0.813789723919055, -0.9995]
Running module mass_function_like
Model N: 1889580.6690350168
Done mass_function_like status = 0 

Pipeline ran okay.
Likelihood mass_function_like_m_n = -8.14838108047843
Posterior = -2.676239040290673 for parameter set #357: [0.31553809613898975, 0.805481545769531, -0.9995]
Running module mass_function_like
Model N: 1894955.552179875
Done mass_function_like status = 0 

Pipeline ran okay.
Likelihood mass_function_like_m_n = -16.106853652745485
Posterior = -10.479578345654986 for parameter set #357: [0.3145053706689605, 0.8094223358303108, -0.9995]
Running module mass_function_like
Model N: 1884170.936634402
Done mass_function_like status = 0 

Pipeline ran okay.
Likelihood mass_function_like_m_n = -15.575401660054922
Posterior = -11.073624073022632 for parameter set #358: [0.32086876427236605, 0.7925279172590155, -0.9995]
Running module mass_function_like
Model N: 1877284.558785953
Done mass_function_like status = 0 

Pipeline ran okay.
Likelihood mass_function_like_m_n = -47.57501342892647
Posterior = -43.20547928531399 for parameter set #358: [0.3214931154312153, 0.7892297794963012, -0.9995]
Running module mass_function_like
Model N: 1862818.521807284
Done mass_function_like status = 0 

Pipeline ran okay.
Likelihood mass_function_like_m_n = -197.8233473189175
Posterior = -201.87935803805448 for parameter set #358: [0.3463364109905961, 0.7403879916513166, -0.9995]
Running module mass_function_like
Model N: 1869288.9722603601
Done mass_function_like status = 0 

Pipeline ran okay.
Likelihood mass_function_like_m_n = -116.63940394669771
Posterior = -113.61533999828242 for parameter set #358: [0.27296209974907476, 0.9178164772129006, -0.9995]
Running module mass_function_like
Model N: 1886635.8908964945
Done mass_function_like status = 0 

Pipeline ran okay.
Likelihood mass_function_like_m_n = -10.26497969776392
Posterior = -6.779950703915328 for parameter set #359: [0.32527558191006334, 0.7842979954081136, -0.9995]
Running module mass_function_like
Model N: 1889912.2393103351
Done mass_function_like status = 0 

Pipeline ran okay.
Likelihood mass_function_like_m_n = -8.197763487696648
Posterior = -1.6693344181876775 for parameter set #359: [0.30549317993153746, 0.8288228640650477, -0.9995]
Running module mass_function_like
Model N: 1879517.1491443878
Done mass_function_like status = 0 

Pipeline ran okay.
Likelihood mass_function_like_m_n = -34.424358017742634
Posterior = -28.01958913697767 for parameter set #359: [0.29259006993899084, 0.8589708863760908, -0.9995]
Running module mass_function_like
Model N: 1885121.7843235123
Done mass_function_like status = 0 

Pipeline ran okay.
Likelihood mass_function_like_m_n = -13.144266325980425
Posterior = -6.492673514824125 for parameter set #359: [0.3023542042032882, 0.8349847757069377, -0.9995]
Running module mass_function_like
Model N: 1892034.5446933028
Done mass_function_like status = 0 

Pipeline ran okay.
Likelihood mass_function_like_m_n = -9.890461832284927
Posterior = -5.913870559534363 for parameter set #360: [0.3232495717188925, 0.7899155152206996, -0.9995]
Model N: 1887547.6178071497
Done mass_function_like status = 0 

Pipeline ran okay.
Likelihood mass_function_like_m_n = -9.118355307728052
Posterior = -3.0973078816483355 for parameter set #360: [0.31147394241078874, 0.8139272568717357, -0.9995]
Model N: 1809513.006954644
Done mass_function_like status = 0 

Pipeline ran okay.
Likelihood mass_function_like_m_n = -1749.000209774822
Posterior = -1742.9075590713896 for parameter set #360: [0.2891680703946348, 0.8425249061564143, -0.9995]
Model N: 1874042.6593704298
Done mass_function_like status = 0 

Pipeline ran okay.
Likelihood mass_function_like_m_n = -71.4301684089005
Posterior = -66.1328046710427 for parameter set #360: [0.31662492382209556, 0.798426609966835, -0.9995]
Running module mass_function_like
Running module mass_function_like
Running module mass_function_like
Running module mass_function_like
Model N: 1878555.117790231
Done mass_function_like status = 0 

Pipeline ran okay.
Likelihood mass_function_like_m_n = -39.76376374065876
Posterior = -38.36729519206044 for parameter set #361: [0.3325048785560318, 0.7682536830268121, -0.9995]
Running module mass_function_like
Model N: 1894869.0776163056
Done mass_function_like status = 0 

Pipeline ran okay.
Likelihood mass_function_like_m_n = -15.85826475918293
Posterior = -11.950493785901266 for parameter set #361: [0.32354371773967966, 0.7901354578186907, -0.9995]
Running module mass_function_like
Model N: 1889656.2650236685
Done mass_function_like status = 0 

Pipeline ran okay.
Likelihood mass_function_like_m_n = -8.1545206643641
Posterior = -2.2622634160886506 for parameter set #361: [0.3125462898901209, 0.8121591244527728, -0.9995]
Running module mass_function_like
Model N: 1901080.0794440208
Done mass_function_like status = 0 

Pipeline ran okay.
Likelihood mass_function_like_m_n = -43.699804689735174
Posterior = -39.20963443122897 for parameter set #361: [0.3209243109315647, 0.7973910081354345, -0.9995]
Running module mass_function_like
Model N: 1887805.6016431602
Done mass_function_like status = 0 

Pipeline ran okay.
Likelihood mass_function_like_m_n = -8.873940274119377
Posterior = -4.711979730782248 for parameter set #362: [0.32243810889969593, 0.7903466190180092, -0.9995]
Running module mass_function_like
Model N: 1862324.5176890844
Done mass_function_like status = 0 

Pipeline ran okay.
Likelihood mass_function_like_m_n = -204.95622534304857
Posterior = -198.35373887722668 for parameter set #362: [0.3039196360159662, 0.8234491685191214, -0.9995]
Running module mass_function_like
Model N: 1893051.1165868305
Done mass_function_like status = 0 

Pipeline ran okay.
Likelihood mass_function_like_m_n = -11.543681982904673
Posterior = -7.638421297581275 for parameter set #362: [0.3235543775676064, 0.7895890438819689, -0.9995]
Running module mass_function_like
Model N: 1891159.62743416
Done mass_function_like status = 0 

Pipeline ran okay.
Likelihood mass_function_like_m_n = -8.904327187687159
Posterior = -2.276475355405614 for parameter set #362: [0.29679212325583865, 0.8516980782412966, -0.9995]
Running module mass_function_like
Model N: 1857635.4791072088
Done mass_function_like status = 0 

Pipeline ran okay.
Likelihood mass_function_like_m_n = -279.2908970043063
Posterior = -277.3999703339372 for parameter set #363: [0.3309463326678334, 0.7655498522334861, -0.9995]
Running module mass_function_like
Model N: 1884698.3016482224
Done mass_function_like status = 0 

Pipeline ran okay.
Likelihood mass_function_like_m_n = -14.167630147188902
Posterior = -7.503142158252329 for parameter set #363: [0.3017214069462871, 0.8364374913892284, -0.9995]
Running module mass_function_like
Model N: 1889980.6968509213
Done mass_function_like status = 0 

Pipeline ran okay.
Likelihood mass_function_like_m_n = -8.215203192085028
Posterior = -1.6939338672885906 for parameter set #363: [0.3056220080667634, 0.8285311561485005, -0.9995]
Running module mass_function_like
Model N: 1888094.2061056108
Done mass_function_like status = 0 

Pipeline ran okay.
Likelihood mass_function_like_m_n = -8.642332132905722
Posterior = -2.7979735696082386 for parameter set #363: [0.31292242728757036, 0.8108212383394733, -0.9995]
Running module mass_function_like
Model N: 1888386.9354537178
Done mass_function_like status = 0 

Pipeline ran okay.
Likelihood mass_function_like_m_n = -8.452511258423328
Posterior = -2.4665810615746135 for parameter set #364: [0.3117760265069461, 0.8135047965817404, -0.9995]
Model N: 1871250.1728790172
Done mass_function_like status = 0 

Pipeline ran okay.
Likelihood mass_function_like_m_n = -96.51052827015519
Posterior = -90.87594653228265 for parameter set #364: [0.3144549123860206, 0.8022423063430253, -0.9995]
Model N: 1861398.0899552652
Done mass_function_like status = 0 

Pipeline ran okay.
Likelihood mass_function_like_m_n = -218.69133319705725
Posterior = -212.7086691946638 for parameter set #364: [0.31180372988437766, 0.8050176700709426, -0.9995]
Model N: 1865536.8122885544
Done mass_function_like status = 0 

Pipeline ran okay.
Likelihood mass_function_like_m_n = -160.94959449023008
Posterior = -160.81910924449897 for parameter set #364: [0.33619065888479815, 0.7582001824740968, -0.9995]
Running module mass_function_like
Running module mass_function_like
Running module mass_function_like
Running module mass_function_like
Model N: 1850940.7654944758
Done mass_function_like status = 0 

Pipeline ran okay.
Likelihood mass_function_like_m_n = -406.30075031891465
Posterior = -406.3119783295617 for parameter set #365: [0.3365801372576902, 0.7537867146779248, -0.9995]
Running module mass_function_like
Model N: 1887794.5546636686
Done mass_function_like status = 0 

Pipeline ran okay.
Likelihood mass_function_like_m_n = -8.883683018386364
Posterior = -3.4151907586263004 for parameter set #365: [0.315561567649502, 0.8048826736715444, -0.9995]
Running module mass_function_like
Model N: 1881588.9940019317
Done mass_function_like status = 0 

Pipeline ran okay.
Likelihood mass_function_like_m_n = -24.60568853467703
Posterior = -19.249286318800017 for parameter set #365: [0.3162659274708403, 0.8014667019477748, -0.9995]
Running module mass_function_like
Model N: 1849394.1368766194
Done mass_function_like status = 0 

Pipeline ran okay.
Likelihood mass_function_like_m_n = -439.1512275785208
Posterior = -438.78301252209906 for parameter set #365: [0.33552770508177654, 0.7552230125303945, -0.9995]
Running module mass_function_like
Model N: 1895937.0277811165
Done mass_function_like status = 0 

Pipeline ran okay.
Likelihood mass_function_like_m_n = -19.203986380249262
Posterior = -17.128402014033117 for parameter set #366: [0.33034376322111036, 0.7770141629461761, -0.9995]
Running module mass_function_like
Model N: 1869169.7242431834
Done mass_function_like status = 0 

Pipeline ran okay.
Likelihood mass_function_like_m_n = -117.93034313619137
Posterior = -112.42296180876019 for parameter set #366: [0.315309623580474, 0.7997706192740981, -0.9995]
Running module mass_function_like
Model N: 1883435.3452903219
Done mass_function_like status = 0 

Pipeline ran okay.
Likelihood mass_function_like_m_n = -17.786265455186367
Posterior = -11.218637369285632 for parameter set #366: [0.29527398450257586, 0.8529908064817147, -0.9995]
Running module mass_function_like
Model N: 1886033.750091392
Done mass_function_like status = 0 

Pipeline ran okay.
Likelihood mass_function_like_m_n = -11.264175832271576
Posterior = -7.650623045653932 for parameter set #366: [0.32476187154353464, 0.7851499000455296, -0.9995]
Running module mass_function_like
Model N: 1889607.0383763264
Done mass_function_like status = 0 

Pipeline ran okay.
Likelihood mass_function_like_m_n = -8.150179237127304
Posterior = -9.0144923601027 for parameter set #367: [0.3388422896371612, 0.7597217659233232, -0.9995]
Running module mass_function_like
Model N: 1891116.7689877108
Done mass_function_like status = 0 

Pipeline ran okay.
Likelihood mass_function_like_m_n = -8.866407867521048
Posterior = -5.183061650341509 for parameter set #367: [0.3244783903928778, 0.7871656961843143, -0.9995]
Running module mass_function_like
Model N: 1888293.032757108
Done mass_function_like status = 0 

Pipeline ran okay.
Likelihood mass_function_like_m_n = -8.50845566764474
Posterior = -3.991804442836136 for parameter set #367: [0.32079736989862706, 0.7938828459508207, -0.9995]
Running module mass_function_like
Model N: 1888408.3554468749
Done mass_function_like status = 0 

Pipeline ran okay.
Likelihood mass_function_like_m_n = -8.440404310822487
Posterior = -4.65041841753035 for parameter set #367: [0.3240387949157942, 0.7872753975266463, -0.9995]
Running module mass_function_like
Model N: 1884875.6720949486
Done mass_function_like status = 0 

Pipeline ran okay.
Likelihood mass_function_like_m_n = -13.727399218827486
Posterior = -9.871284775805291 for parameter set #368: [0.32376211167084273, 0.7868213792901712, -0.9995]
Model N: 1878998.4829078836
Done mass_function_like status = 0 

Pipeline ran okay.
Likelihood mass_function_like_m_n = -37.24149565026164
Posterior = -32.026673455735605 for parameter set #368: [0.31711421633487297, 0.7988704879131439, -0.9995]
Model N: 1890055.8592523173
Done mass_function_like status = 0 

Pipeline ran okay.
Likelihood mass_function_like_m_n = -8.237205989658833
Posterior = -1.9709942542131493 for parameter set #368: [0.3090894715233012, 0.8202499829066775, -0.9995]
Model N: 1874887.4986822472
Done mass_function_like status = 0 

Pipeline ran okay.
Likelihood mass_function_like_m_n = -64.66954636201262
Posterior = -59.064878613362986 for parameter set #368: [0.28533960130378055, 0.8785007359238806, -0.9995]
Running module mass_function_like
Running module mass_function_like
Running module mass_function_like
Running module mass_function_like
Model N: 1877095.4262844576
Done mass_function_like status = 0 

Pipeline ran okay.
Likelihood mass_function_like_m_n = -48.811757273972034
Posterior = -47.09059152884804 for parameter set #369: [0.3314901205243365, 0.7697391901038261, -0.9995]
Running module mass_function_like
Model N: 1882575.4146460625
Done mass_function_like status = 0 

Pipeline ran okay.
Likelihood mass_function_like_m_n = -20.73625886067748
Posterior = -14.847260952539354 for parameter set #369: [0.31257224156761293, 0.8098803484658603, -0.9995]
Running module mass_function_like
Model N: 1890326.5533437422
Done mass_function_like status = 0 

Pipeline ran okay.
Likelihood mass_function_like_m_n = -8.341205455362797
Posterior = -2.5017482494842858 for parameter set #369: [0.3129603008640362, 0.811435835457276, -0.9995]
Running module mass_function_like
Model N: 1893460.436355499
Done mass_function_like status = 0 

Pipeline ran okay.
Likelihood mass_function_like_m_n = -12.363242000341415
Posterior = -7.949604645099896 for parameter set #369: [0.3212869295252682, 0.7943833700446762, -0.9995]
Running module mass_function_like
Model N: 1887124.7823947254
Done mass_function_like status = 0 

Pipeline ran okay.
Likelihood mass_function_like_m_n = -9.595289584249258
Posterior = -4.498531237673127 for parameter set #370: [0.31779070460512493, 0.7998666941671623, -0.9995]
Running module mass_function_like
Model N: 1886835.6385415199
Done mass_function_like status = 0 

Pipeline ran okay.
Likelihood mass_function_like_m_n = -9.976036917418242
Posterior = -5.804860468930736 for parameter set #370: [0.3223969986820676, 0.7901497728523358, -0.9995]
Running module mass_function_like
Model N: 1888699.7310243913
Done mass_function_like status = 0 

Pipeline ran okay.
Likelihood mass_function_like_m_n = -8.299856763333082
Posterior = -3.4499767666186543 for parameter set #370: [0.3191281164864488, 0.7974982238658517, -0.9995]
Running module mass_function_like
Model N: 1880850.864111032
Done mass_function_like status = 0 

Pipeline ran okay.
Likelihood mass_function_like_m_n = -27.84079736843705
Posterior = -22.22160685892284 for parameter set #370: [0.2854389994245176, 0.8806366698044408, -0.9995]
Running module mass_function_like
Model N: 1886611.6085167783
Done mass_function_like status = 0 

Pipeline ran okay.
Likelihood mass_function_like_m_n = -10.301548894494772
Posterior = -6.956575892432392 for parameter set #371: [0.32582375339197545, 0.7832049547805113, -0.9995]
Running module mass_function_like
Model N: 1877525.7455588167
Done mass_function_like status = 0 

Pipeline ran okay.
Likelihood mass_function_like_m_n = -46.025706715881824
Posterior = -40.89022644417408 for parameter set #371: [0.3175717041097468, 0.7974591643006138, -0.9995]
Running module mass_function_like
Model N: 1890869.232450518
Done mass_function_like status = 0 

Pipeline ran okay.
Likelihood mass_function_like_m_n = -8.6663884408772
Posterior = -2.250155914321713 for parameter set #371: [0.3072535739019426, 0.8248762576679135, -0.9995]
Running module mass_function_like
Model N: 1858910.1701315914
Done mass_function_like status = 0 

Pipeline ran okay.
Likelihood mass_function_like_m_n = -257.89442609995604
Posterior = -251.83104089017442 for parameter set #371: [0.2889011803462837, 0.8615993745377509, -0.9995]
Running module mass_function_like
Model N: 1891609.0412652013
Done mass_function_like status = 0 

Pipeline ran okay.
Likelihood mass_function_like_m_n = -9.36038013920188
Posterior = -5.765836472571424 for parameter set #372: [0.3248385206148826, 0.7865834292576287, -0.9995]
Model N: 1808582.6232230433
Done mass_function_like status = 0 

Pipeline ran okay.
Likelihood mass_function_like_m_n = -1790.3583644405007
Posterior = -1787.0509952515326 for parameter set #372: [0.3259689622793907, 0.7616447276712036, -0.9995]
Model N: 1868991.9080542931
Done mass_function_like status = 0 

Pipeline ran okay.
Likelihood mass_function_like_m_n = -119.86960553005338
Posterior = -113.6334638297925 for parameter set #372: [0.3094144835020231, 0.8127435403405484, -0.9995]
Model N: 1889068.1547689198
Done mass_function_like status = 0 

Pipeline ran okay.
Likelihood mass_function_like_m_n = -8.186521351337433
Posterior = -4.555549544949404 for parameter set #372: [0.3246914251995391, 0.7861535839716898, -0.9995]
Running module mass_function_like
Running module mass_function_like
Running module mass_function_like
Running module mass_function_like
Model N: 1896411.2375942862
Done mass_function_like status = 0 

Pipeline ran okay.
Likelihood mass_function_like_m_n = -20.881855431944132
Posterior = -19.476763318762732 for parameter set #373: [0.33247833765797996, 0.7731005581913558, -0.9995]
Running module mass_function_like
Model N: 1893720.9038242325
Done mass_function_like status = 0 

Pipeline ran okay.
Likelihood mass_function_like_m_n = -12.930736381560564
Posterior = -8.86246605387311 for parameter set #373: [0.32285184399834177, 0.7912158189749536, -0.9995]
Running module mass_function_like
Model N: 1876426.5845653715
Done mass_function_like status = 0 

Pipeline ran okay.
Likelihood mass_function_like_m_n = -53.33922503888607
Posterior = -49.71807457485096 for parameter set #373: [0.3247311695407843, 0.7824933442708674, -0.9995]
Running module mass_function_like
Model N: 1887774.83494791
Done mass_function_like status = 0 

Pipeline ran okay.
Likelihood mass_function_like_m_n = -8.901235412806273
Posterior = -3.1185236210657665 for parameter set #373: [0.3133909850763093, 0.8096715874545419, -0.9995]
Running module mass_function_like
Model N: 1885921.3932468316
Done mass_function_like status = 0 

Pipeline ran okay.
Likelihood mass_function_like_m_n = -11.471938915550709
Posterior = -6.722902154336632 for parameter set #374: [0.3196482438762151, 0.7955807772379381, -0.9995]
Running module mass_function_like
Model N: 1878840.4098811445
Done mass_function_like status = 0 

Pipeline ran okay.
Likelihood mass_function_like_m_n = -38.12869054824114
Posterior = -31.613335202678257 for parameter set #374: [0.29427376471410194, 0.8540333504878923, -0.9995]
Running module mass_function_like
Model N: 1884679.170415865
Done mass_function_like status = 0 

Pipeline ran okay.
Likelihood mass_function_like_m_n = -14.21611338853836
Posterior = -8.898482746289552 for parameter set #374: [0.31650256680678124, 0.80189247771979, -0.9995]
Running module mass_function_like
Model N: 1887213.752563517
Done mass_function_like status = 0 

Pipeline ran okay.
Likelihood mass_function_like_m_n = -9.487057775259018
Posterior = -3.460740847809232 for parameter set #374: [0.3114279243159938, 0.8139260867806538, -0.9995]
Running module mass_function_like
Model N: 1864207.4104425584
Done mass_function_like status = 0 

Pipeline ran okay.
Likelihood mass_function_like_m_n = -178.4810582920909
Posterior = -189.35026529777213 for parameter set #375: [0.3592427399838857, 0.7207702699111308, -0.9995]
Running module mass_function_like
Model N: 1843203.4161339696
Done mass_function_like status = 0 

Pipeline ran okay.
Likelihood mass_function_like_m_n = -583.8954031914473
Posterior = -579.9099572905052 for parameter set #375: [0.32321145535018475, 0.7761807263145596, -0.9995]
Running module mass_function_like
Model N: 1836911.236426084
Done mass_function_like status = 0 

Pipeline ran okay.
Likelihood mass_function_like_m_n = -752.8540234714746
Posterior = -755.890537104307 for parameter set #375: [0.34408132899798394, 0.7378047925151285, -0.9995]
Running module mass_function_like
Model N: 1892014.523152002
Done mass_function_like status = 0 

Pipeline ran okay.
Likelihood mass_function_like_m_n = -9.863376658409834
Posterior = -4.629513588241123 for parameter set #375: [0.3170025946734108, 0.8030373098077822, -0.9995]
Running module mass_function_like
Model N: 1887769.3335232856
Done mass_function_like status = 0 

Pipeline ran okay.
Likelihood mass_function_like_m_n = -8.906168974936008
Posterior = -2.969727480225659 for parameter set #376: [0.31218903362535233, 0.8123725637747569, -0.9995]
Model N: 1889311.5391251475
Done mass_function_like status = 0 

Pipeline ran okay.
Likelihood mass_function_like_m_n = -8.151073042303324
Posterior = -4.4315822997356005 for parameter set #376: [0.3243302834169373, 0.7869475230099043, -0.9995]
Model N: 1880591.3251330948
Done mass_function_like status = 0 

Pipeline ran okay.
Likelihood mass_function_like_m_n = -29.047454245388508
Posterior = -22.387762409938105 for parameter set #376: [0.2980194766923967, 0.844592812104801, -0.9995]
Model N: 1884491.7590310972
Done mass_function_like status = 0 

Pipeline ran okay.
Likelihood mass_function_like_m_n = -14.701355777680874
Posterior = -8.62329480261017 for parameter set #376: [0.28903420569917987, 0.8711776541825758, -0.9995]
Running module mass_function_like
Running module mass_function_like
Running module mass_function_like
Running module mass_function_like
Model N: 1877315.2955825035
Done mass_function_like status = 0 

Pipeline ran okay.
Likelihood mass_function_like_m_n = -47.375836215913296
Posterior = -43.096494768508975 for parameter set #377: [0.32190873228147115, 0.7883939934846808, -0.9995]
Running module mass_function_like
Model N: 1892187.5682784023
Done mass_function_like status = 0 

Pipeline ran okay.
Likelihood mass_function_like_m_n = -10.104460313916206
Posterior = -3.4424529338184637 for parameter set #377: [0.2981400635380499, 0.8484425403775632, -0.9995]
Running module mass_function_like
Model N: 1889991.760715591
Done mass_function_like status = 0 

Pipeline ran okay.
Likelihood mass_function_like_m_n = -8.218254432082176
Posterior = -3.531583364048222 for parameter set #377: [0.31996313166953644, 0.7961244282307908, -0.9995]
Running module mass_function_like
Model N: 1891597.0949372244
Done mass_function_like status = 0 

Pipeline ran okay.
Likelihood mass_function_like_m_n = -9.34687726944685
Posterior = -4.363375958066252 for parameter set #377: [0.3184163128064746, 0.7998744605443835, -0.9995]
Running module mass_function_like
Model N: 1892419.8152020464
Done mass_function_like status = 0 

Pipeline ran okay.
Likelihood mass_function_like_m_n = -10.45285939797759
Posterior = -6.402712133513822 for parameter set #378: [0.3229310136446099, 0.7906766392590426, -0.9995]
Running module mass_function_like
Model N: 1883173.2999284058
Done mass_function_like status = 0 

Pipeline ran okay.
Likelihood mass_function_like_m_n = -18.643470373004675
Posterior = -11.964258600360344 for parameter set #378: [0.2998640399574375, 0.8406615665736605, -0.9995]
Running module mass_function_like
Model N: 1887642.1343764823
Done mass_function_like status = 0 

Pipeline ran okay.
Likelihood mass_function_like_m_n = -9.024713531136513
Posterior = -3.1183884580475514 for parameter set #378: [0.31243365694573594, 0.8117798231155268, -0.9995]
Running module mass_function_like
Model N: 1887294.1506629048
Done mass_function_like status = 0 

Pipeline ran okay.
Likelihood mass_function_like_m_n = -9.39286583662033
Posterior = -3.620958663569046 for parameter set #378: [0.31347142921340504, 0.8093420573622876, -0.9995]
Running module mass_function_like
Model N: 1885484.168023255
Done mass_function_like status = 0 

Pipeline ran okay.
Likelihood mass_function_like_m_n = -12.34426138177514
Posterior = -8.557970131156441 for parameter set #379: [0.3240541595059628, 0.7864088644573187, -0.9995]
Running module mass_function_like
Model N: 1887841.216940607
Done mass_function_like status = 0 

Pipeline ran okay.
Likelihood mass_function_like_m_n = -8.842970352619886
Posterior = -4.068066005025271 for parameter set #379: [0.319516146395821, 0.7964259305610183, -0.9995]
Running module mass_function_like
Model N: 1871941.0586926055
Done mass_function_like status = 0 

Pipeline ran okay.
Likelihood mass_function_like_m_n = -89.91416804119945
Posterior = -84.26644752219308 for parameter set #379: [0.3143637298728696, 0.8026499637815103, -0.9995]
Running module mass_function_like
Model N: 1882062.0636520404
Done mass_function_like status = 0 

Pipeline ran okay.
Likelihood mass_function_like_m_n = -22.685209400951862
Posterior = -17.189774213873413 for parameter set #379: [0.3153874560030679, 0.8035109121569954, -0.9995]
Running module mass_function_like
Model N: 1872219.9831542224
Done mass_function_like status = 0 

Pipeline ran okay.
Likelihood mass_function_like_m_n = -87.324024412781
Posterior = -81.50272488837972 for parameter set #380: [0.31309965399473527, 0.8054976498822117, -0.9995]
Model N: 1896387.0460731797
Done mass_function_like status = 0 

Pipeline ran okay.
Likelihood mass_function_like_m_n = -20.793399661779404
Posterior = -14.524051118288135 for parameter set #380: [0.3090548954142931, 0.8223943135982916, -0.9995]
Model N: 1835985.3951544932
Done mass_function_like status = 0 

Pipeline ran okay.
Likelihood mass_function_like_m_n = -779.5822852738202
Posterior = -774.2511749360013 for parameter set #380: [0.3164206812312483, 0.7876400247155256, -0.9995]
Model N: 1888371.4427055463
Done mass_function_like status = 0 

Pipeline ran okay.
Likelihood mass_function_like_m_n = -8.461419526487589
Posterior = -1.9413670824391538 for parameter set #380: [0.3056436115079223, 0.827939566111479, -0.9995]
Running module mass_function_like
Running module mass_function_like
Running module mass_function_like
Running module mass_function_like
Model N: 1894858.4802716146
Done mass_function_like status = 0 

Pipeline ran okay.
Likelihood mass_function_like_m_n = -15.828071180731058
Posterior = -10.01173152015536 for parameter set #381: [0.3131374619903123, 0.812460338465692, -0.9995]
Running module mass_function_like
Model N: 1888324.8719562613
Done mass_function_like status = 0 

Pipeline ran okay.
Likelihood mass_function_like_m_n = -8.488963287323713
Posterior = -3.779793306684044 for parameter set #381: [0.319850109408618, 0.7958683209752618, -0.9995]
Running module mass_function_like
Model N: 1882212.756166867
Done mass_function_like status = 0 

Pipeline ran okay.
Likelihood mass_function_like_m_n = -22.098528999835253
Posterior = -16.169176980659778 for parameter set #381: [0.31224705825196175, 0.8104960502668539, -0.9995]
Running module mass_function_like
Model N: 1890399.687369535
Done mass_function_like status = 0 

Pipeline ran okay.
Likelihood mass_function_like_m_n = -8.375951763242483
Posterior = -3.9722712625393646 for parameter set #381: [0.32133365274680864, 0.7933719411205863, -0.9995]
Running module mass_function_like
Model N: 1886639.197313206
Done mass_function_like status = 0 

Pipeline ran okay.
Likelihood mass_function_like_m_n = -10.260024450719357
Posterior = -6.733449775888706 for parameter set #382: [0.3251106731231146, 0.784626819525988, -0.9995]
Running module mass_function_like
Model N: 1888380.5274327095
Done mass_function_like status = 0 

Pipeline ran okay.
Likelihood mass_function_like_m_n = -8.456180423498154
Posterior = -4.188559606047708 for parameter set #382: [0.32196216465132593, 0.7914877816936462, -0.9995]
Running module mass_function_like
Model N: 1896663.1001649238
Done mass_function_like status = 0 

Pipeline ran okay.
Likelihood mass_function_like_m_n = -21.82104817032814
Posterior = -15.142101604724957 for parameter set #382: [0.3002674444641473, 0.8443841532713086, -0.9995]
Running module mass_function_like
Model N: 1891333.6384396912
Done mass_function_like status = 0 

Pipeline ran okay.
Likelihood mass_function_like_m_n = -9.06825266778469
Posterior = -3.2615510253121 for parameter set #382: [0.3132106211499506, 0.8111885349554571, -0.9995]
Running module mass_function_like
Model N: 1887232.1914914178
Done mass_function_like status = 0 

Pipeline ran okay.
Likelihood mass_function_like_m_n = -9.465152256190777
Posterior = -6.060899012721228 for parameter set #383: [0.32559316688040246, 0.7838367237658843, -0.9995]
Running module mass_function_like
Model N: 1890250.3112161781
Done mass_function_like status = 0 

Pipeline ran okay.
Likelihood mass_function_like_m_n = -8.307993482798338
Posterior = -6.908648288800764 for parameter set #383: [0.3324960274627919, 0.7714041521466898, -0.9995]
Running module mass_function_like
Model N: 1890804.3916488062
Done mass_function_like status = 0 

Pipeline ran okay.
Likelihood mass_function_like_m_n = -8.619346104562283
Posterior = -3.5146097559434217 for parameter set #383: [0.3177458042911069, 0.8010701876739097, -0.9995]
Running module mass_function_like
Model N: 1869784.8012152098
Done mass_function_like status = 0 

Pipeline ran okay.
Likelihood mass_function_like_m_n = -111.354169331491
Posterior = -105.2268978115167 for parameter set #383: [0.2894925485646052, 0.8640890632480183, -0.9995]
Running module mass_function_like
Model N: 1892282.3332519694
Done mass_function_like status = 0 

Pipeline ran okay.
Model N: 1889188.454697564
Done mass_function_like status = 0 

Pipeline ran okay.
Likelihood mass_function_like_m_n = -10.243182130157948
Likelihood mass_function_like_m_n = -8.165080513805151
Posterior = -4.5358069590779495 for parameter set #384: [0.3246983021423862, 0.7861741876283331, -0.9995]
Posterior = -9.282301847166835 for parameter set #384: [0.3338184089374976, 0.7694955634983671, -0.9995]
Model N: 1884812.0097577188
Done mass_function_like status = 0 

Pipeline ran okay.
Likelihood mass_function_like_m_n = -13.88348313048482
Posterior = -8.186882648953414 for parameter set #384: [0.3140192989609238, 0.8073550075001447, -0.9995]
Model N: 1894653.489002044
Done mass_function_like status = 0 

Pipeline ran okay.
Likelihood mass_function_like_m_n = -15.255646400153637
Posterior = -12.115905186626158 for parameter set #384: [0.32660662693684683, 0.7839249052150846, -0.9995]
Running module mass_function_like
Running module mass_function_like
Running module mass_function_like
Running module mass_function_like
Model N: 1886144.1786506192
Done mass_function_like status = 0 

Pipeline ran okay.
Likelihood mass_function_like_m_n = -11.066512405872345
Posterior = -5.193237172778881 for parameter set #385: [0.31269668433266523, 0.8107174911613426, -0.9995]
Running module mass_function_like
Model N: 1867165.135558019
Done mass_function_like status = 0 

Pipeline ran okay.
Likelihood mass_function_like_m_n = -140.78334376960993
Posterior = -136.01092964078336 for parameter set #385: [0.3195289020146224, 0.7903290971586735, -0.9995]
Running module mass_function_like
Model N: 1890521.5126471724
Done mass_function_like status = 0 

Pipeline ran okay.
Likelihood mass_function_like_m_n = -8.440110296010971
Posterior = -3.8532417501641225 for parameter set #385: [0.32045695799704027, 0.7952473914141829, -0.9995]
Running module mass_function_like
Model N: 1890213.2921096114
Done mass_function_like status = 0 

Pipeline ran okay.
Likelihood mass_function_like_m_n = -8.29297611117363
Posterior = -3.859432001189526 for parameter set #385: [0.3211932068754405, 0.793625043021282, -0.9995]
Running module mass_function_like
Model N: 1890433.7362358747
Done mass_function_like status = 0 

Pipeline ran okay.
Likelihood mass_function_like_m_n = -8.393093332648277
Posterior = -5.278023253252314 for parameter set #386: [0.3266991914443649, 0.7825543469325827, -0.9995]
Running module mass_function_like
Model N: 1891505.9627109366
Done mass_function_like status = 0 

Pipeline ran okay.
Likelihood mass_function_like_m_n = -9.246351338922977
Posterior = -2.723930803735895 for parameter set #386: [0.30560149378510976, 0.8290929205708282, -0.9995]
Running module mass_function_like
Model N: 1889121.024338408
Done mass_function_like status = 0 

Pipeline ran okay.
Likelihood mass_function_like_m_n = -8.176154773682356
Posterior = -2.5822748707298366 for parameter set #386: [0.3147337998856892, 0.8071078404972354, -0.9995]
Running module mass_function_like
Model N: 1890331.5849510601
Done mass_function_like status = 0 

Pipeline ran okay.
Likelihood mass_function_like_m_n = -8.343505404889584
Posterior = -4.552429065267871 for parameter set #386: [0.32403425829389576, 0.7878352864791813, -0.9995]
Running module mass_function_like
Model N: 1866480.0614368075
Done mass_function_like status = 0 

Pipeline ran okay.
Likelihood mass_function_like_m_n = -149.09250922128558
Posterior = -147.90829108990607 for parameter set #387: [0.3331514285270807, 0.763875013814886, -0.9995]
Running module mass_function_like
Model N: 1888969.4784984281
Done mass_function_like status = 0 

Pipeline ran okay.
Likelihood mass_function_like_m_n = -8.209828559309244
Posterior = -2.4840970178390354 for parameter set #387: [0.313809943206545, 0.809109120304129, -0.9995]
Running module mass_function_like
Model N: 1887720.748079151
Done mass_function_like status = 0 

Pipeline ran okay.
Likelihood mass_function_like_m_n = -8.950436070561409
Posterior = -5.232411590466121 for parameter set #387: [0.32433630916229866, 0.7864812765737486, -0.9995]
Running module mass_function_like
Model N: 1879757.6401586076
Done mass_function_like status = 0 

Pipeline ran okay.
Likelihood mass_function_like_m_n = -33.16696049645543
Posterior = -27.85355045958127 for parameter set #387: [0.3165281224670925, 0.8003505450689344, -0.9995]
Running module mass_function_like
Model N: 1871320.9259805628
Done mass_function_like status = 0 

Pipeline ran okay.
Likelihood mass_function_like_m_n = -95.82316522672772
Posterior = -90.1373035732549 for parameter set #388: [0.31409569114898145, 0.8030437155382696, -0.9995]
Model N: 1867999.220008696
Done mass_function_like status = 0 

Pipeline ran okay.
Likelihood mass_function_like_m_n = -131.01020063459873
Posterior = -124.88729403154821 for parameter set #388: [0.3105489107993164, 0.8098612773974058, -0.9995]
Model N: 1890604.630669581
Done mass_function_like status = 0 

Pipeline ran okay.
Likelihood mass_function_like_m_n = -8.488386660814285
Posterior = -6.4242121462759645 for parameter set #388: [0.3303813419182625, 0.7754807066881518, -0.9995]
Model N: 1881944.706483914
Done mass_function_like status = 0 

Pipeline ran okay.
Likelihood mass_function_like_m_n = -23.150497656315565
Posterior = -17.038119502741218 for parameter set #388: [0.2893517508975808, 0.8692392516697502, -0.9995]
Running module mass_function_like
Running module mass_function_like
Running module mass_function_like
Running module mass_function_like
Model N: 1889413.6949111621
Done mass_function_like status = 0 

Pipeline ran okay.
Likelihood mass_function_like_m_n = -8.145537283271551
Posterior = -3.478433297526088 for parameter set #389: [0.32006090831724593, 0.795748725892168, -0.9995]
Running module mass_function_like
Model N: 1894143.1302882198
Done mass_function_like status = 0 

Pipeline ran okay.
Likelihood mass_function_like_m_n = -13.926595523953438
Posterior = -7.993616394752329 for parameter set #389: [0.31221740618223925, 0.8143226890149388, -0.9995]
Running module mass_function_like
Model N: 1892719.3806037346
Done mass_function_like status = 0 

Pipeline ran okay.
Likelihood mass_function_like_m_n = -10.944270089268684
Posterior = -4.534299983115844 for parameter set #389: [0.3073394017761308, 0.8252819120034363, -0.9995]
Running module mass_function_like
Model N: 1890286.8171440586
Done mass_function_like status = 0 

Pipeline ran okay.
Likelihood mass_function_like_m_n = -8.323512364178896
Posterior = -2.470707553901846 for parameter set #389: [0.31285689999986893, 0.8116562008663553, -0.9995]
Running module mass_function_like
Model N: 1886605.0391600071
Done mass_function_like status = 0 

Pipeline ran okay.
Likelihood mass_function_like_m_n = -10.311496119946241
Posterior = -6.87854542472107 for parameter set #390: [0.325480790816162, 0.783882136592583, -0.9995]
Running module mass_function_like
Model N: 1885662.140441297
Done mass_function_like status = 0 

Pipeline ran okay.
Likelihood mass_function_like_m_n = -11.976924028247595
Posterior = -8.992238476334055 for parameter set #390: [0.32718315157003197, 0.7802710596213657, -0.9995]
Running module mass_function_like
Model N: 1880683.6768917255
Done mass_function_like status = 0 

Pipeline ran okay.
Likelihood mass_function_like_m_n = -28.613965552300215
Posterior = -23.470669039596917 for parameter set #390: [0.3175271656899049, 0.7984969654690531, -0.9995]
Running module mass_function_like
Model N: 1884650.6436192708
Done mass_function_like status = 0 

Pipeline ran okay.
Likelihood mass_function_like_m_n = -14.288768887519836
Posterior = -7.9987166167190225 for parameter set #390: [0.30882328654764635, 0.8191222087358503, -0.9995]
Running module mass_function_like
Model N: 1891473.5025029064
Done mass_function_like status = 0 

Pipeline ran okay.
Likelihood mass_function_like_m_n = -9.2116045281291
Posterior = -8.52179132550049 for parameter set #391: [0.33461066597360295, 0.7678222258844236, -0.9995]
Running module mass_function_like
Model N: 1880320.17945889
Done mass_function_like status = 0 

Pipeline ran okay.
Likelihood mass_function_like_m_n = -30.346511363983154
Posterior = -25.1204976170099 for parameter set #391: [0.3170486976120579, 0.7994065675362307, -0.9995]
Running module mass_function_like
Model N: 1891802.760412958
Done mass_function_like status = 0 

Pipeline ran okay.
Likelihood mass_function_like_m_n = -9.589858241379261
Posterior = -5.908383557197676 for parameter set #391: [0.32448603485306926, 0.7873466992193272, -0.9995]
Running module mass_function_like
Model N: 1880474.2497629845
Done mass_function_like status = 0 

Pipeline ran okay.
Likelihood mass_function_like_m_n = -29.603542484343052
Posterior = -23.026043170155706 for parameter set #391: [0.2954876860897572, 0.8513192228425601, -0.9995]
Running module mass_function_like
Model N: 1892628.6295010506
Done mass_function_like status = 0 

Pipeline ran okay.
Likelihood mass_function_like_m_n = -10.790402755141258
Posterior = -4.473589961531573 for parameter set #392: [0.3085145922356918, 0.822445811676067, -0.9995]
Model N: 1843442.075139584
Done mass_function_like status = 0 

Pipeline ran okay.
Likelihood mass_function_like_m_n = -577.9212648048997
Posterior = -571.4436126126941 for parameter set #392: [0.3063506221129061, 0.8116410007343113, -0.9995]
Model N: 1890922.254152546
Done mass_function_like status = 0 

Pipeline ran okay.
Likelihood mass_function_like_m_n = -8.706507224589586
Posterior = -6.472578805027174 for parameter set #392: [0.3298173633265847, 0.7766425347293503, -0.9995]
Model N: 1879656.5624214367
Done mass_function_like status = 0 

Pipeline ran okay.
Likelihood mass_function_like_m_n = -33.691673289984465
Posterior = -27.11113373914582 for parameter set #392: [0.2955555732097028, 0.8508354068799202, -0.9995]
Running module mass_function_like
Running module mass_function_like
Running module mass_function_like
Running module mass_function_like
Model N: 1882860.926947418
Done mass_function_like status = 0 

Pipeline ran okay.
Likelihood mass_function_like_m_n = -19.713108506053686
Posterior = -15.656470311877566 for parameter set #393: [0.32290268981641274, 0.7879768581583608, -0.9995]
Running module mass_function_like
Model N: 1890536.3091048382
Done mass_function_like status = 0 

Pipeline ran okay.
Likelihood mass_function_like_m_n = -8.448437120765448
Posterior = -2.3251833776510864 for parameter set #393: [0.3105456195189836, 0.8170113483481465, -0.9995]
Running module mass_function_like
Model N: 1891235.2012511375
Done mass_function_like status = 0 

Pipeline ran okay.
Likelihood mass_function_like_m_n = -8.973555892705917
Posterior = -4.75897905441361 for parameter set #393: [0.32220237536849555, 0.7918247698320735, -0.9995]
Running module mass_function_like
Model N: 1901770.5369457973
Done mass_function_like status = 0 

Pipeline ran okay.
Likelihood mass_function_like_m_n = -48.04289939254522
Posterior = -44.539262196210466 for parameter set #393: [0.32520185311430666, 0.7887593405657229, -0.9995]
Running module mass_function_like
Model N: 1876858.9154831716
Done mass_function_like status = 0 

Pipeline ran okay.
Likelihood mass_function_like_m_n = -50.385301757603884
Posterior = -46.07742169342589 for parameter set #394: [0.3217780813394211, 0.7885274222451718, -0.9995]
Running module mass_function_like
Model N: 1884733.7982079969
Done mass_function_like status = 0 

Pipeline ran okay.
Likelihood mass_function_like_m_n = -14.078188881278038
Posterior = -9.073988826328954 for parameter set #394: [0.3183035742048438, 0.798060063899298, -0.9995]
Running module mass_function_like
Model N: 1891508.4706177784
Done mass_function_like status = 0 

Pipeline ran okay.
Likelihood mass_function_like_m_n = -9.249059069901705
Posterior = -2.570643116473864 for parameter set #394: [0.2995785157458792, 0.8443875998988597, -0.9995]
Running module mass_function_like
Model N: 1881428.6711777067
Done mass_function_like status = 0 

Pipeline ran okay.
Likelihood mass_function_like_m_n = -25.28363135829568
Posterior = -18.81342692340541 for parameter set #394: [0.30646683482733134, 0.8236470093185146, -0.9995]
Running module mass_function_like
Model N: 1882564.4097783042
Done mass_function_like status = 0 

Pipeline ran okay.
Likelihood mass_function_like_m_n = -20.776565212756395
Posterior = -15.080061962272136 for parameter set #395: [0.31401999249519014, 0.806659185491093, -0.9995]
Running module mass_function_like
Model N: 1879950.6128219627
Done mass_function_like status = 0 

Pipeline ran okay.
Likelihood mass_function_like_m_n = -32.18037533760071
Posterior = -25.71613895238233 for parameter set #395: [0.2934415274172743, 0.8567503139024731, -0.9995]
Running module mass_function_like
Model N: 1885470.0817288219
Done mass_function_like status = 0 

Pipeline ran okay.
Likelihood mass_function_like_m_n = -12.374054573476315
Posterior = -7.51856406297513 for parameter set #395: [0.31909876272332327, 0.7966004873376298, -0.9995]
Running module mass_function_like
Model N: 1888060.1860694252
Done mass_function_like status = 0 

Pipeline ran okay.
Likelihood mass_function_like_m_n = -8.667338069528341
Posterior = -2.5736395133647587 for parameter set #395: [0.31082225154158427, 0.8155820309727171, -0.9995]
Running module mass_function_like
Model N: 1894007.0622427661
Done mass_function_like status = 0 

Pipeline ran okay.
Likelihood mass_function_like_m_n = -13.595411885529757
Posterior = -10.239914572354635 for parameter set #396: [0.32578296680033186, 0.7853776592585923, -0.9995]
Model N: 1889996.2551743523
Done mass_function_like status = 0 

Pipeline ran okay.
Likelihood mass_function_like_m_n = -8.219512429088354
Posterior = -3.587130730561901 for parameter set #396: [0.32023325233265154, 0.7955596785502261, -0.9995]
Model N: 1862630.327997792
Done mass_function_like status = 0 

Pipeline ran okay.
Likelihood mass_function_like_m_n = -200.52498741820455
Posterior = -200.05295146905314 for parameter set #396: [0.335234268118293, 0.7591409132652119, -0.9995]
Model N: 1869157.4712161056
Done mass_function_like status = 0 

Pipeline ran okay.
Likelihood mass_function_like_m_n = -118.0634259916842
Posterior = -111.78479458131923 for parameter set #396: [0.2910482092523871, 0.8593998978796449, -0.9995]
Running module mass_function_like
Running module mass_function_like
Running module mass_function_like
Running module mass_function_like
Model N: 1883642.337307719
Done mass_function_like status = 0 

Pipeline ran okay.
Likelihood mass_function_like_m_n = -17.13500840961933
Posterior = -14.2597017691678 for parameter set #397: [0.3275825943589745, 0.7789330723245986, -0.9995]
Running module mass_function_like
Model N: 1884253.287897847
Done mass_function_like status = 0 

Pipeline ran okay.
Likelihood mass_function_like_m_n = -15.345819246023893
Posterior = -15.646236274632102 for parameter set #397: [0.3373623372580421, 0.760960274001792, -0.9995]
Running module mass_function_like
Model N: 1893267.9978675211
Done mass_function_like status = 0 

Pipeline ran okay.
Likelihood mass_function_like_m_n = -11.966932021081448
Posterior = -6.143697111955607 for parameter set #397: [0.3130848713343644, 0.8120788226779667, -0.9995]
Running module mass_function_like
Model N: 1890161.2753746454
Done mass_function_like status = 0 

Pipeline ran okay.
Likelihood mass_function_like_m_n = -8.273099333047867
Posterior = -4.833038535387399 for parameter set #397: [0.3254528717462283, 0.7849443051815531, -0.9995]
Running module mass_function_like
Model N: 1888010.359060438
Done mass_function_like status = 0 

Pipeline ran okay.
Likelihood mass_function_like_m_n = -8.705069910734892
Posterior = -4.911222642310291 for parameter set #398: [0.3240227264476187, 0.7871939996960674, -0.9995]
Running module mass_function_like
Model N: 1885141.132972767
Done mass_function_like status = 0 

Pipeline ran okay.
Likelihood mass_function_like_m_n = -13.099787637591362
Posterior = -9.353794631542698 for parameter set #398: [0.3242211114206658, 0.7859764973338037, -0.9995]
Running module mass_function_like
Model N: 1891920.920346181
Done mass_function_like status = 0 

Pipeline ran okay.
Likelihood mass_function_like_m_n = -9.739557560533285
Posterior = -3.5456489478129427 for parameter set #398: [0.3098528735462286, 0.8190663137676177, -0.9995]
Running module mass_function_like
Model N: 1887589.359598294
Done mass_function_like status = 0 

Pipeline ran okay.
Likelihood mass_function_like_m_n = -9.076415751129389
Posterior = -2.5215523140209744 for parameter set #398: [0.3049888026860517, 0.8292777790990111, -0.9995]
Running module mass_function_like
Model N: 1875094.5398652828
Done mass_function_like status = 0 

Pipeline ran okay.
Likelihood mass_function_like_m_n = -63.071293111890554
Posterior = -57.233421169215646 for parameter set #399: [0.31297252678266874, 0.8066649492136669, -0.9995]
Running module mass_function_like
Model N: 1890786.7626269527
Done mass_function_like status = 0 

Pipeline ran okay.
Likelihood mass_function_like_m_n = -8.60694033280015
Posterior = -3.8846034765059585 for parameter set #399: [0.3197836667077466, 0.7967369828899438, -0.9995]
Running module mass_function_like
Model N: 1892258.1762578678
Done mass_function_like status = 0 

Pipeline ran okay.
Likelihood mass_function_like_m_n = -10.207369845360518
Posterior = -7.924195706820663 for parameter set #399: [0.3296517455127699, 0.777327179426335, -0.9995]
Running module mass_function_like
Model N: 1869469.9226749553
Done mass_function_like status = 0 

Pipeline ran okay.
Likelihood mass_function_like_m_n = -114.69518158212304
Posterior = -109.08816199583305 for parameter set #399: [0.31464434779715506, 0.8012919368213308, -0.9995]
Running module mass_function_like
Model N: 1893161.7270056526
Done mass_function_like status = 0 

Pipeline ran okay.
Likelihood mass_function_like_m_n = -11.756442937999964
Posterior = -8.414704239666207 for parameter set #400: [0.3258362748862, 0.7850317417342085, -0.9995]
Model N: 1890635.5611513036
Done mass_function_like status = 0 

Pipeline ran okay.
Likelihood mass_function_like_m_n = -8.507283989340067
Posterior = -1.9162912915760497 for parameter set #400: [0.30420265393641166, 0.8322476220243089, -0.9995]
Model N: 1892561.5572201808
Done mass_function_like status = 0 

Pipeline ran okay.
Likelihood mass_function_like_m_n = -10.679474383592606
Posterior = -4.010434362320558 for parameter set #400: [0.3014327719314777, 0.8399107409346304, -0.9995]
Model N: 1840680.64630167
Done mass_function_like status = 0 

Pipeline ran okay.
Likelihood mass_function_like_m_n = -648.9844532757998
Posterior = -642.8596074237486 for parameter set #400: [0.3105305113480682, 0.8014543000739593, -0.9995]
Running module mass_function_like
Running module mass_function_like
Running module mass_function_like
Running module mass_function_like
Model N: 1895790.3056970797
Done mass_function_like status = 0 

Pipeline ran okay.
Likelihood mass_function_like_m_n = -18.708789605647326
Posterior = -16.481054822943037 for parameter set #401: [0.32983812800966544, 0.7779425144965336, -0.9995]
Running module mass_function_like
Model N: 1890789.5433926082
Done mass_function_like status = 0 

Pipeline ran okay.
Likelihood mass_function_like_m_n = -8.608886286616325
Posterior = -2.6373452356262383 for parameter set #401: [0.3118975892290843, 0.8139887974266016, -0.9995]
Running module mass_function_like
Model N: 1889324.0113418468
Done mass_function_like status = 0 

Pipeline ran okay.
Likelihood mass_function_like_m_n = -8.150101147592068
Posterior = -1.9883378123215572 for parameter set #401: [0.31017389662852624, 0.8174831408749188, -0.9995]
Running module mass_function_like
Model N: 1883166.5068318658
Done mass_function_like status = 0 

Pipeline ran okay.
Likelihood mass_function_like_m_n = -18.666178472340107
Posterior = -14.649610250342787 for parameter set #401: [0.3230769841024033, 0.7877124120505945, -0.9995]
Running module mass_function_like
Model N: 1886698.6371839487
Done mass_function_like status = 0 

Pipeline ran okay.
Likelihood mass_function_like_m_n = -10.171933319419622
Posterior = -3.8972440489215874 for parameter set #402: [0.30899572040263773, 0.8193816355385836, -0.9995]
Running module mass_function_like
Model N: 1886022.8997806616
Done mass_function_like status = 0 

Pipeline ran okay.
Likelihood mass_function_like_m_n = -11.283947005867958
Posterior = -4.873170947603464 for parameter set #402: [0.29267158762014983, 0.8612084466139254, -0.9995]
Running module mass_function_like
Model N: 1881672.1761769697
Done mass_function_like status = 0 

Pipeline ran okay.
Likelihood mass_function_like_m_n = -24.259348660707474
Posterior = -18.5324740794515 for parameter set #402: [0.3138016637914001, 0.8068653577475212, -0.9995]
Running module mass_function_like
Model N: 1889123.2242894312
Done mass_function_like status = 0 

Pipeline ran okay.
Likelihood mass_function_like_m_n = -8.175755482167006
Posterior = -3.351384167821349 for parameter set #402: [0.31926101183201205, 0.7973439025350619, -0.9995]
Running module mass_function_like
Model N: 1880037.3855104698
Done mass_function_like status = 0 

Pipeline ran okay.
Likelihood mass_function_like_m_n = -31.743233393877745
Posterior = -25.128985569094823 for parameter set #403: [0.3036071144569386, 0.8301292605167687, -0.9995]
Running module mass_function_like
Model N: 1887212.9535238158
Done mass_function_like status = 0 

Pipeline ran okay.
Likelihood mass_function_like_m_n = -9.488011110574007
Posterior = -2.8243690877734373 for parameter set #403: [0.30176986866798805, 0.8371854738466735, -0.9995]
Running module mass_function_like
Model N: 1884829.2739249177
Done mass_function_like status = 0 

Pipeline ran okay.
Likelihood mass_function_like_m_n = -13.84094275534153
Posterior = -8.709010757567775 for parameter set #403: [0.31759188563250934, 0.7996016707416614, -0.9995]
Running module mass_function_like
Model N: 1880207.7186267443
Done mass_function_like status = 0 

Pipeline ran okay.
Likelihood mass_function_like_m_n = -30.89683724567294
Posterior = -24.24476065906131 for parameter set #403: [0.29766643570054013, 0.8453871975964145, -0.9995]
Running module mass_function_like
Model N: 1882020.9658172056
Done mass_function_like status = 0 

Pipeline ran okay.
Likelihood mass_function_like_m_n = -22.847314842045307
Posterior = -16.28751086382148 for parameter set #404: [0.29511123287348695, 0.8529136135722423, -0.9995]
Model N: 1892085.1851903575
Done mass_function_like status = 0 

Pipeline ran okay.
Likelihood mass_function_like_m_n = -9.959912724792957
Posterior = -6.8597230523606765 for parameter set #404: [0.3267548669437092, 0.7829088683910594, -0.9995]
Model N: 1831916.043731443
Done mass_function_like status = 0 

Pipeline ran okay.
Likelihood mass_function_like_m_n = -902.7645872272551
Posterior = -896.0852890547327 for parameter set #404: [0.2999652846207203, 0.8228993949158707, -0.9995]
Model N: 1864780.6879860573
Done mass_function_like status = 0 

Pipeline ran okay.
Likelihood mass_function_like_m_n = -170.80321461334825
Posterior = -171.10295614173413 for parameter set #404: [0.3373605292432965, 0.7559547582957661, -0.9995]
Running module mass_function_like
Running module mass_function_like
Running module mass_function_like
Running module mass_function_like
Model N: 1891659.5331764885
Done mass_function_like status = 0 

Pipeline ran okay.
Likelihood mass_function_like_m_n = -9.418283220380545
Posterior = -4.745722942020394 for parameter set #405: [0.32003369122228875, 0.796470286474285, -0.9995]
Running module mass_function_like
Model N: 1895079.9161696113
Done mass_function_like status = 0 

Pipeline ran okay.
Likelihood mass_function_like_m_n = -16.471261896193027
Posterior = -11.254093718004127 for parameter set #405: [0.3171005030342461, 0.803757177079896, -0.9995]
Running module mass_function_like
Model N: 1893221.615361161
Done mass_function_like status = 0 

Pipeline ran okay.
Likelihood mass_function_like_m_n = -11.87433073669672
Posterior = -7.113514870925176 for parameter set #405: [0.31958820222755857, 0.7978724840576451, -0.9995]
Running module mass_function_like
Model N: 1890101.0835267962
Done mass_function_like status = 0 

Pipeline ran okay.
Likelihood mass_function_like_m_n = -8.251884635537863
Posterior = -4.0992999819337825 for parameter set #405: [0.3224798556254533, 0.7909267012615252, -0.9995]
Running module mass_function_like
Model N: 1875175.7684275927
Done mass_function_like status = 0 

Pipeline ran okay.
Likelihood mass_function_like_m_n = -62.45054169744253
Posterior = -61.37112810688814 for parameter set #406: [0.33346607418791696, 0.7655962791219375, -0.9995]
Running module mass_function_like
Model N: 1878656.2684839235
Done mass_function_like status = 0 

Pipeline ran okay.
Likelihood mass_function_like_m_n = -39.17906069755554
Posterior = -37.911515322337856 for parameter set #406: [0.3328991149519026, 0.7675554843822809, -0.9995]
Running module mass_function_like
Model N: 1899432.1432607127
Done mass_function_like status = 0 

Pipeline ran okay.
Likelihood mass_function_like_m_n = -34.34166206791997
Posterior = -27.72864029992592 for parameter set #406: [0.3036409457649394, 0.8366689492504055, -0.9995]
Running module mass_function_like
Model N: 1889130.9297121256
Done mass_function_like status = 0 

Pipeline ran okay.
Likelihood mass_function_like_m_n = -8.174377150833607
Posterior = -4.202793917808595 for parameter set #406: [0.32327110210232934, 0.78903412367148, -0.9995]
Running module mass_function_like
Model N: 1894239.4629008467
Done mass_function_like status = 0 

Pipeline ran okay.
Likelihood mass_function_like_m_n = -14.166960086673498
Posterior = -8.523246599542217 for parameter set #407: [0.314391599710796, 0.8094533105156574, -0.9995]
Running module mass_function_like
Model N: 1855365.7015723654
Done mass_function_like status = 0 

Pipeline ran okay.
Likelihood mass_function_like_m_n = -319.59382559359074
Posterior = -313.39462256435075 for parameter set #407: [0.3097989914692301, 0.8075957238471544, -0.9995]
Running module mass_function_like
Model N: 1882219.9040116046
Done mass_function_like status = 0 

Pipeline ran okay.
Likelihood mass_function_like_m_n = -22.071001682430506
Posterior = -19.579754223621 for parameter set #407: [0.32894151599173993, 0.7759268524635072, -0.9995]
Running module mass_function_like
Model N: 1870792.6688847868
Done mass_function_like status = 0 

Pipeline ran okay.
Likelihood mass_function_like_m_n = -101.02037264034152
Posterior = -105.0800612399693 for parameter set #407: [0.34634434765521677, 0.7423006045883602, -0.9995]
Running module mass_function_like
Model N: 1880148.5997158708
Done mass_function_like status = 0 

Pipeline ran okay.
Likelihood mass_function_like_m_n = -31.188845701515675
Posterior = -25.867446000563113 for parameter set #408: [0.3164797117532901, 0.8005721117690101, -0.9995]
Model N: 1891042.9467422513
Done mass_function_like status = 0 

Pipeline ran okay.
Likelihood mass_function_like_m_n = -8.803368534892797
Posterior = -5.701806560085981 for parameter set #408: [0.3267497372828347, 0.7826259379772288, -0.9995]
Model N: 1888213.0899546188
Done mass_function_like status = 0 

Pipeline ran okay.
Likelihood mass_function_like_m_n = -8.559765417128801
Posterior = -2.0181046192755243 for parameter set #408: [0.30524677806767014, 0.8288555038701185, -0.9995]
Model N: 1875615.178589881
Done mass_function_like status = 0 

Pipeline ran okay.
Likelihood mass_function_like_m_n = -59.15401208400726
Posterior = -53.49546662159318 for parameter set #408: [0.2857118319166093, 0.8776518562342228, -0.9995]
Running module mass_function_like
Running module mass_function_like
Running module mass_function_like
Running module mass_function_like
Model N: 1868308.2799561496
Done mass_function_like status = 0 

Pipeline ran okay.
Likelihood mass_function_like_m_n = -127.48455123975873
Posterior = -124.27792017991939 for parameter set #409: [0.326354024886043, 0.7770611186375912, -0.9995]
Running module mass_function_like
Model N: 1885675.8301410333
Done mass_function_like status = 0 

Pipeline ran okay.
Likelihood mass_function_like_m_n = -11.949365478008986
Posterior = -8.450879008702707 for parameter set #409: [0.3252222827238294, 0.7841322888809611, -0.9995]
Running module mass_function_like
Model N: 1882206.0001392888
Done mass_function_like status = 0 

Pipeline ran okay.
Likelihood mass_function_like_m_n = -22.124572426080704
Posterior = -17.955445647897864 for parameter set #409: [0.322406148353197, 0.7887941288266558, -0.9995]
Running module mass_function_like
Model N: 1888284.6236355745
Done mass_function_like status = 0 

Pipeline ran okay.
Likelihood mass_function_like_m_n = -8.513693518936634
Posterior = -3.287424907752282 for parameter set #409: [0.31704720262756236, 0.8018103326835375, -0.9995]
Running module mass_function_like
Model N: 1873529.7145964033
Done mass_function_like status = 0 

Pipeline ran okay.
Likelihood mass_function_like_m_n = -75.72221159934998
Posterior = -75.36963001228571 for parameter set #410: [0.33557168146502475, 0.7613673908026124, -0.9995]
Running module mass_function_like
Model N: 1887389.5285598722
Done mass_function_like status = 0 

Pipeline ran okay.
Likelihood mass_function_like_m_n = -9.285570692270994
Posterior = -3.4131023190276437 for parameter set #410: [0.31270303762937707, 0.8110935492797612, -0.9995]
Running module mass_function_like
Model N: 1887585.1798187888
Done mass_function_like status = 0 

Pipeline ran okay.
Likelihood mass_function_like_m_n = -9.080573704093695
Posterior = -2.4995056334878587 for parameter set #410: [0.304432519096504, 0.8306443559827223, -0.9995]
Running module mass_function_like
Model N: 1884498.00706215
Done mass_function_like status = 0 

Pipeline ran okay.
Likelihood mass_function_like_m_n = -14.684877384454012
Posterior = -10.093107478396583 for parameter set #410: [0.32043298457031066, 0.7935258325701847, -0.9995]
Running module mass_function_like
Model N: 1890940.914089545
Done mass_function_like status = 0 

Pipeline ran okay.
Likelihood mass_function_like_m_n = -8.720979653298855
Posterior = -3.5302430306390384 for parameter set #411: [0.31725437669491646, 0.80216815607667, -0.9995]
Running module mass_function_like
Model N: 1889797.7088664763
Done mass_function_like status = 0 

Pipeline ran okay.
Likelihood mass_function_like_m_n = -8.174130015075207
Posterior = -2.7698173855737362 for parameter set #411: [0.31596866662441625, 0.80460730411896, -0.9995]
Running module mass_function_like
Model N: 1887390.1102832214
Done mass_function_like status = 0 

Pipeline ran okay.
Likelihood mass_function_like_m_n = -9.28493108972907
Posterior = -5.595359384912951 for parameter set #411: [0.32445294458135493, 0.786153163432775, -0.9995]
Running module mass_function_like
Model N: 1885631.080599724
Done mass_function_like status = 0 

Pipeline ran okay.
Likelihood mass_function_like_m_n = -12.039819467812777
Posterior = -7.192546323877687 for parameter set #411: [0.31914174001691126, 0.796557671402484, -0.9995]
Running module mass_function_like
Model N: 1890965.3597484063
Done mass_function_like status = 0 

Pipeline ran okay.
Likelihood mass_function_like_m_n = -8.740217827260494
Posterior = -2.138467713662191 for parameter set #412: [0.3039383774504711, 0.8330174189593375, -0.9995]
Model N: 1895696.0639995355
Done mass_function_like status = 0 

Pipeline ran okay.
Likelihood mass_function_like_m_n = -18.396686799824238
Posterior = -13.971013117472648 for parameter set #412: [0.32123031095372184, 0.7951587394446877, -0.9995]
Model N: 1891155.2070967106
Done mass_function_like status = 0 

Pipeline ran okay.
Likelihood mass_function_like_m_n = -8.900371380150318
Posterior = -2.7930959666948123 for parameter set #412: [0.3106960626854436, 0.8168620082259104, -0.9995]
Model N: 1891339.380162758
Done mass_function_like status = 0 

Pipeline ran okay.
Likelihood mass_function_like_m_n = -9.073934193700552
Posterior = -6.772819120911986 for parameter set #412: [0.3295911781635055, 0.7771902582558103, -0.9995]
Running module mass_function_like
Running module mass_function_like
Running module mass_function_like
Running module mass_function_like
Model N: 1889677.9078358295
Done mass_function_like status = 0 

Pipeline ran okay.
Likelihood mass_function_like_m_n = -8.156835209578276
Posterior = -3.2911444898730364 for parameter set #413: [0.3190452801428856, 0.7979645244176231, -0.9995]
Running module mass_function_like
Model N: 1883846.485492452
Done mass_function_like status = 0 

Pipeline ran okay.
Likelihood mass_function_like_m_n = -16.51504736766219
Posterior = -9.84689721854984 for parameter set #413: [0.30149358958203704, 0.8367207942509127, -0.9995]
Running module mass_function_like
Model N: 1890719.2370624142
Done mass_function_like status = 0 

Pipeline ran okay.
Likelihood mass_function_like_m_n = -8.560941252857447
Posterior = -3.151194583582667 for parameter set #413: [0.3159346008988956, 0.8049633930468194, -0.9995]
Running module mass_function_like
Model N: 1890450.0303131011
Done mass_function_like status = 0 

Pipeline ran okay.
Likelihood mass_function_like_m_n = -8.401513271033764
Posterior = -4.313202328206028 for parameter set #413: [0.32276397704919974, 0.7904474250946276, -0.9995]
Running module mass_function_like
Model N: 1891370.1579234793
Done mass_function_like status = 0 

Pipeline ran okay.
Likelihood mass_function_like_m_n = -9.10468615218997
Posterior = -2.5694164619682063 for parameter set #414: [0.3053672061277435, 0.8296212924312051, -0.9995]
Running module mass_function_like
Model N: 1892321.639330576
Done mass_function_like status = 0 

Pipeline ran okay.
Likelihood mass_function_like_m_n = -10.30211078375578
Posterior = -5.937955609734336 for parameter set #414: [0.32151812735480834, 0.7935529598367509, -0.9995]
Running module mass_function_like
Model N: 1890180.295016379
Done mass_function_like status = 0 

Pipeline ran okay.
Likelihood mass_function_like_m_n = -8.280201219022274
Posterior = -4.8488024795031714 for parameter set #414: [0.32548688077733756, 0.7848817238015359, -0.9995]
Running module mass_function_like
Model N: 1878898.9915740741
Done mass_function_like status = 0 

Pipeline ran okay.
Likelihood mass_function_like_m_n = -37.79833737388253
Posterior = -31.73874818513095 for parameter set #414: [0.28886703085822457, 0.8694646495177005, -0.9995]
Running module mass_function_like
Model N: 1890218.8721745536
Done mass_function_like status = 0 

Pipeline ran okay.
Likelihood mass_function_like_m_n = -8.295193366706371
Posterior = -6.638672072132335 for parameter set #415: [0.3316947405849493, 0.7728948117375833, -0.9995]
Running module mass_function_like
Model N: 1889363.08406806
Done mass_function_like status = 0 

Pipeline ran okay.
Likelihood mass_function_like_m_n = -8.147589441388845
Posterior = -3.7734934422687365 for parameter set #415: [0.3214718802119893, 0.7927832636026437, -0.9995]
Running module mass_function_like
Model N: 1888382.0899468616
Done mass_function_like status = 0 

Pipeline ran okay.
Likelihood mass_function_like_m_n = -8.455283738672733
Posterior = -1.834554962946715 for parameter set #415: [0.30342273056445235, 0.8334221810185127, -0.9995]
Running module mass_function_like
Model N: 1871556.9548351378
Done mass_function_like status = 0 

Pipeline ran okay.
Likelihood mass_function_like_m_n = -93.54968961700797
Posterior = -87.8833344962797 for parameter set #415: [0.31423340491647683, 0.8028161370868597, -0.9995]
Running module mass_function_like
Model N: 1890931.3753655488
Done mass_function_like status = 0 

Pipeline ran okay.
Likelihood mass_function_like_m_n = -8.713558539748192
Posterior = -5.670273779509809 for parameter set #416: [0.3269667181469003, 0.7821681874925246, -0.9995]
Model N: 1861376.9283852403
Done mass_function_like status = 0 

Pipeline ran okay.
Likelihood mass_function_like_m_n = -219.01053797453642
Posterior = -216.15592032754225 for parameter set #416: [0.32765750007255184, 0.7726700776866819, -0.9995]
Model N: 1874449.2693065936
Done mass_function_like status = 0 

Pipeline ran okay.
Likelihood mass_function_like_m_n = -68.1284597441554
Posterior = -62.66432922709869 for parameter set #416: [0.28441042860593346, 0.8812619207027884, -0.9995]
Model N: 1847198.2554173814
Done mass_function_like status = 0 

Pipeline ran okay.
Likelihood mass_function_like_m_n = -488.0623822323978
Posterior = -481.80877859789865 for parameter set #416: [0.3092271400098951, 0.8063308919004291, -0.9995]
Running module mass_function_like
Running module mass_function_like
Running module mass_function_like
Running module mass_function_like
Model N: 1878309.9977646503
Done mass_function_like status = 0 

Pipeline ran okay.
Likelihood mass_function_like_m_n = -41.20340722054243
Posterior = -39.85218655706177 for parameter set #417: [0.33264378512007925, 0.7679327895449921, -0.9995]
Running module mass_function_like
Model N: 1891361.9840840998
Done mass_function_like status = 0 

Pipeline ran okay.
Likelihood mass_function_like_m_n = -9.09647037088871
Posterior = -6.367657117377732 for parameter set #417: [0.32810868529404824, 0.7800572363216102, -0.9995]
Running module mass_function_like
Model N: 1888966.9328221052
Done mass_function_like status = 0 

Pipeline ran okay.
Likelihood mass_function_like_m_n = -8.210498061031103
Posterior = -2.6645056346760274 for parameter set #417: [0.31505530984041924, 0.8063523323551756, -0.9995]
Running module mass_function_like
Model N: 1879385.1875736483
Done mass_function_like status = 0 

Pipeline ran okay.
Likelihood mass_function_like_m_n = -35.127457447350025
Posterior = -29.13024850249033 for parameter set #417: [0.2883201433788723, 0.8712786362703598, -0.9995]
Running module mass_function_like
Model N: 1890096.6309925157
Done mass_function_like status = 0 

Pipeline ran okay.
Likelihood mass_function_like_m_n = -8.250391449779272
Posterior = -4.937385430567165 for parameter set #418: [0.32594724717228435, 0.7839440679817381, -0.9995]
Running module mass_function_like
Model N: 1883755.5886393874
Done mass_function_like status = 0 

Pipeline ran okay.
Likelihood mass_function_like_m_n = -16.788343973457813
Posterior = -14.273149488934942 for parameter set #418: [0.32885865455556557, 0.7765070600575654, -0.9995]
Running module mass_function_like
Model N: 1887857.1650292566
Done mass_function_like status = 0 

Pipeline ran okay.
Likelihood mass_function_like_m_n = -8.829320389777422
Posterior = -2.2740197153836927 for parameter set #418: [0.30498003060063833, 0.8293892710070839, -0.9995]
Running module mass_function_like
Model N: 1874054.1127237095
Done mass_function_like status = 0 

Pipeline ran okay.
Likelihood mass_function_like_m_n = -71.33594889193773
Posterior = -70.89370828953771 for parameter set #418: [0.3353187304299296, 0.7619562981437831, -0.9995]
Running module mass_function_like
Model N: 1891474.3052092777
Done mass_function_like status = 0 

Pipeline ran okay.
Likelihood mass_function_like_m_n = -9.212457068264484
Posterior = -6.701363690009563 for parameter set #419: [0.32887286206823035, 0.7786087360935373, -0.9995]
Running module mass_function_like
Model N: 1890017.7242992073
Done mass_function_like status = 0 

Pipeline ran okay.
Likelihood mass_function_like_m_n = -8.225669045001268
Posterior = -2.9820307703025453 for parameter set #419: [0.3169450047129617, 0.802555581978089, -0.9995]
Running module mass_function_like
Model N: 1881042.5005185734
Done mass_function_like status = 0 

Pipeline ran okay.
Likelihood mass_function_like_m_n = -26.972925819456577
Posterior = -21.437419608619493 for parameter set #419: [0.31512480074231136, 0.8037707964871685, -0.9995]
Running module mass_function_like
Model N: 1894045.598118019
Done mass_function_like status = 0 

Pipeline ran okay.
Likelihood mass_function_like_m_n = -13.688216745853424
Posterior = -9.046977145542701 for parameter set #419: [0.3201894259353726, 0.7968503249455007, -0.9995]
Running module mass_function_like
Model N: 1891246.2305561118
Done mass_function_like status = 0 

Pipeline ran okay.
Likelihood mass_function_like_m_n = -8.983911480754614
Posterior = -5.665712438841496 for parameter set #420: [0.32592722567648563, 0.7843087441085096, -0.9995]
Model N: 1890185.2699636293
Done mass_function_like status = 0 

Pipeline ran okay.
Likelihood mass_function_like_m_n = -8.282090418040752
Posterior = -1.6369180702521664 for parameter set #420: [0.3026127323062883, 0.8360768399586461, -0.9995]
Model N: 1881921.9588554115
Done mass_function_like status = 0 

Pipeline ran okay.
Likelihood mass_function_like_m_n = -23.24153572320938
Posterior = -17.74670323754242 for parameter set #420: [0.31539137234065395, 0.8034596065172857, -0.9995]
Model N: 1873018.7560296934
Done mass_function_like status = 0 

Pipeline ran okay.
Likelihood mass_function_like_m_n = -80.13844481855631
Posterior = -74.80904665254687 for parameter set #420: [0.2835688951540028, 0.883309445145769, -0.9995]
Running module mass_function_like
Running module mass_function_like
Running module mass_function_like
Running module mass_function_like
Model N: 1886556.7148735959
Done mass_function_like status = 0 

Pipeline ran okay.
Likelihood mass_function_like_m_n = -10.385372199118137
Posterior = -4.505121092189353 for parameter set #421: [0.3126416224542692, 0.81097026344245, -0.9995]
Running module mass_function_like
Model N: 1890127.2572299908
Done mass_function_like status = 0 

Pipeline ran okay.
Likelihood mass_function_like_m_n = -8.260874141007662
Posterior = -3.016641019393738 for parameter set #421: [0.3169414938933748, 0.8025965051557213, -0.9995]
Running module mass_function_like
Model N: 1887376.7104438434
Done mass_function_like status = 0 

Pipeline ran okay.
Likelihood mass_function_like_m_n = -9.299709733575583
Posterior = -3.0521679380787994 for parameter set #421: [0.30929260354059523, 0.8189067900013866, -0.9995]
Running module mass_function_like
Model N: 1892522.05685288
Done mass_function_like status = 0 

Pipeline ran okay.
Likelihood mass_function_like_m_n = -10.615256510674953
Posterior = -7.03449737508539 for parameter set #421: [0.32489395534149057, 0.7867325622997146, -0.9995]
Running module mass_function_like
Model N: 1890526.3550949458
Done mass_function_like status = 0 

Pipeline ran okay.
Likelihood mass_function_like_m_n = -8.442822679877281
Posterior = -5.1402840870649555 for parameter set #422: [0.32598755704370025, 0.7839856999365726, -0.9995]
Running module mass_function_like
Model N: 1889552.2189110261
Done mass_function_like status = 0 

Pipeline ran okay.
Likelihood mass_function_like_m_n = -8.1468536965549
Posterior = -1.7945473506196041 for parameter set #422: [0.30808700009119455, 0.8224533703872992, -0.9995]
Running module mass_function_like
Model N: 1883894.0889908578
Done mass_function_like status = 0 

Pipeline ran okay.
Likelihood mass_function_like_m_n = -16.373674623668194
Posterior = -10.154067179523597 for parameter set #422: [0.3095885009690316, 0.8170959797606399, -0.9995]
Running module mass_function_like
Model N: 1886348.0310933338
Done mass_function_like status = 0 

Pipeline ran okay.
Likelihood mass_function_like_m_n = -10.718636266887188
Posterior = -6.444987549138448 for parameter set #422: [0.32193470072994596, 0.7909534421580386, -0.9995]
Running module mass_function_like
Model N: 1886348.6628672427
Done mass_function_like status = 0 

Pipeline ran okay.
Likelihood mass_function_like_m_n = -10.71759244427085
Posterior = -6.356290727538829 for parameter set #423: [0.32153138398514214, 0.7917811916337806, -0.9995]
Running module mass_function_like
Model N: 1887193.4401811536
Done mass_function_like status = 0 

Pipeline ran okay.
Likelihood mass_function_like_m_n = -9.511397756636143
Posterior = -3.728132401527712 for parameter set #423: [0.31338685058706317, 0.8094994786502044, -0.9995]
Running module mass_function_like
Model N: 1892489.9400033539
Done mass_function_like status = 0 

Pipeline ran okay.
Likelihood mass_function_like_m_n = -10.563649125397205
Posterior = -4.140322885412935 for parameter set #423: [0.30715510947960867, 0.8256489640314936, -0.9995]
Running module mass_function_like
Model N: 1874121.6823205296
Done mass_function_like status = 0 

Pipeline ran okay.
Likelihood mass_function_like_m_n = -70.78153272718191
Posterior = -64.49907639540788 for parameter set #423: [0.29109103971794503, 0.861167058663859, -0.9995]
Running module mass_function_like
Model N: 1856945.3774961333
Done mass_function_like status = 0 

Pipeline ran okay.
Likelihood mass_function_like_m_n = -291.24580638855696
Posterior = -285.05996074364964 for parameter set #424: [0.30993437017030123, 0.8077850684210229, -0.9995]
Model N: 1890882.8809372496
Done mass_function_like status = 0 

Pipeline ran okay.
Likelihood mass_function_like_m_n = -8.676573552191257
Posterior = -2.590179152465476 for parameter set #424: [0.31088953441231, 0.8163283201459051, -0.9995]
Model N: 1889766.353164367
Done mass_function_like status = 0 

Pipeline ran okay.
Likelihood mass_function_like_m_n = -8.168869759887457
Posterior = -2.8731140059495477 for parameter set #424: [0.3166345931382303, 0.8031507538339582, -0.9995]
Model N: 1891318.6987852973
Done mass_function_like status = 0 

Pipeline ran okay.
Likelihood mass_function_like_m_n = -9.053551226854324
Posterior = -3.032637025938424 for parameter set #424: [0.3114751034626647, 0.8151219376096126, -0.9995]
Running module mass_function_like
Running module mass_function_like
Running module mass_function_like
Running module mass_function_like
Model N: 1890510.167236817
Done mass_function_like status = 0 

Pipeline ran okay.
Likelihood mass_function_like_m_n = -8.433803964406252
Posterior = -2.8857646229825464 for parameter set #425: [0.31504170772809054, 0.8068576408186028, -0.9995]
Running module mass_function_like
Model N: 1888572.7917540423
Done mass_function_like status = 0 

Pipeline ran okay.
Likelihood mass_function_like_m_n = -8.355558097362518
Posterior = -2.4149029828506077 for parameter set #425: [0.3121544155252179, 0.8127042467174439, -0.9995]
Running module mass_function_like
Model N: 1891323.9260850647
Done mass_function_like status = 0 

Pipeline ran okay.
Likelihood mass_function_like_m_n = -9.058681771159172
Posterior = -2.441557041516182 for parameter set #425: [0.30352645625712865, 0.8341692511680769, -0.9995]
Running module mass_function_like
Model N: 1890543.2277629217
Done mass_function_like status = 0 

Pipeline ran okay.
Likelihood mass_function_like_m_n = -8.45237036421895
Posterior = -4.426288222497401 for parameter set #425: [0.32303572033424893, 0.7899200731430145, -0.9995]
Running module mass_function_like
Model N: 1887675.9958100992
Done mass_function_like status = 0 

Pipeline ran okay.
Likelihood mass_function_like_m_n = -8.992318093776703
Posterior = -5.200279102226793 for parameter set #426: [0.3240302526277203, 0.7870829961626905, -0.9995]
Running module mass_function_like
Model N: 1895011.5735067467
Done mass_function_like status = 0 

Pipeline ran okay.
Likelihood mass_function_like_m_n = -16.269998710602522
Posterior = -9.681554105442613 for parameter set #426: [0.3042628533437192, 0.8335887025026966, -0.9995]
Running module mass_function_like
Model N: 1892090.6866738335
Done mass_function_like status = 0 

Pipeline ran okay.
Likelihood mass_function_like_m_n = -9.967539243400097
Posterior = -7.8015801898656 for parameter set #426: [0.3300444508845667, 0.7765298491866145, -0.9995]
Running module mass_function_like
Model N: 1886805.6027313943
Done mass_function_like status = 0 

Pipeline ran okay.
Likelihood mass_function_like_m_n = -10.018132112920284
Posterior = -3.385566578146161 for parameter set #426: [0.30305740620579197, 0.833796588430638, -0.9995]
Running module mass_function_like
Model N: 1892043.1535255546
Done mass_function_like status = 0 

Pipeline ran okay.
Likelihood mass_function_like_m_n = -9.902172923088074
Posterior = -4.20913894305955 for parameter set #427: [0.31404471586242794, 0.8095425490707704, -0.9995]
Running module mass_function_like
Model N: 1889921.399398547
Done mass_function_like status = 0 

Pipeline ran okay.
Likelihood mass_function_like_m_n = -8.199953373521566
Posterior = -2.9672583759770994 for parameter set #427: [0.3170094632529409, 0.8023872495853485, -0.9995]
Running module mass_function_like
Model N: 1888296.4830385356
Done mass_function_like status = 0 

Pipeline ran okay.
Likelihood mass_function_like_m_n = -8.506317410618067
Posterior = -3.9135323890887115 for parameter set #427: [0.3204280159427236, 0.7946523222599328, -0.9995]
Running module mass_function_like
Model N: 1893668.0849757479
Done mass_function_like status = 0 

Pipeline ran okay.
Likelihood mass_function_like_m_n = -12.812767505645752
Posterior = -7.099208121607409 for parameter set #427: [0.3138978042457926, 0.8103773385492641, -0.9995]
Running module mass_function_like
Model N: 1887277.044730315
Done mass_function_like status = 0 

Pipeline ran okay.
Likelihood mass_function_like_m_n = -9.412619449198246
Posterior = -2.741378428031606 for parameter set #428: [0.29873010416619633, 0.8451099411002304, -0.9995]
Model N: 1863141.7491496431
Done mass_function_like status = 0 

Pipeline ran okay.
Likelihood mass_function_like_m_n = -193.22821839526296
Posterior = -187.3433413049583 for parameter set #428: [0.3126049760650748, 0.8037946396108846, -0.9995]
Model N: 1895104.9823296533
Done mass_function_like status = 0 

Pipeline ran okay.
Likelihood mass_function_like_m_n = -16.54569549113512
Posterior = -10.03047463160814 for parameter set #428: [0.3057285833987683, 0.8299917406700739, -0.9995]
Model N: 1889110.3703343207
Done mass_function_like status = 0 

Pipeline ran okay.
Likelihood mass_function_like_m_n = -8.178124722093344
Posterior = -2.987524876093186 for parameter set #428: [0.31725516938375303, 0.8016126065981449, -0.9995]
Running module mass_function_like
Running module mass_function_like
Running module mass_function_like
Running module mass_function_like
Model N: 1883354.9990288122
Done mass_function_like status = 0 

Pipeline ran okay.
Likelihood mass_function_like_m_n = -18.04520633071661
Posterior = -14.545575937192261 for parameter set #429: [0.32521774694450656, 0.7834853024313924, -0.9995]
Running module mass_function_like
Model N: 1889664.5691572267
Done mass_function_like status = 0 

Pipeline ran okay.
Likelihood mass_function_like_m_n = -8.155379425734282
Posterior = -2.0860539556543944 for parameter set #429: [0.31104516842995444, 0.8155813212714484, -0.9995]
Running module mass_function_like
Model N: 1895273.7678729761
Done mass_function_like status = 0 

Pipeline ran okay.
Likelihood mass_function_like_m_n = -17.05550815910101
Posterior = -11.477063388653223 for parameter set #429: [0.3148381901043383, 0.8087814272193954, -0.9995]
Running module mass_function_like
Model N: 1868814.3618096227
Done mass_function_like status = 0 

Pipeline ran okay.
Likelihood mass_function_like_m_n = -121.82298776507378
Posterior = -115.30608848333148 for parameter set #429: [0.2943007909922885, 0.8502653940332491, -0.9995]
Running module mass_function_like
Model N: 1887979.4453238368
Done mass_function_like status = 0 

Pipeline ran okay.
Likelihood mass_function_like_m_n = -8.729141063988209
Posterior = -2.8254076319194503 for parameter set #430: [0.312454483258983, 0.8118388494098789, -0.9995]
Running module mass_function_like
Model N: 1875412.542638504
Done mass_function_like status = 0 

Pipeline ran okay.
Likelihood mass_function_like_m_n = -60.66133379936218
Posterior = -56.744049587676216 for parameter set #430: [0.32350327631043907, 0.7846430300781445, -0.9995]
Running module mass_function_like
Model N: 1888340.1002169393
Done mass_function_like status = 0 

Pipeline ran okay.
Likelihood mass_function_like_m_n = -8.479830250144005
Posterior = -4.245139197289436 for parameter set #430: [0.32211159490156976, 0.7911695127361966, -0.9995]
Running module mass_function_like
Model N: 1889528.2159825817
Done mass_function_like status = 0 

Pipeline ran okay.
Likelihood mass_function_like_m_n = -8.145898204296827
Posterior = -1.7990260501687239 for parameter set #430: [0.30815391984486107, 0.822286831360781, -0.9995]
Running module mass_function_like
Model N: 1891206.2008911446
Done mass_function_like status = 0 

Pipeline ran okay.
Likelihood mass_function_like_m_n = -8.946633614599705
Posterior = -4.7119169569728445 for parameter set #431: [0.3221114791033225, 0.7920033805433254, -0.9995]
Running module mass_function_like
Model N: 1892007.5089577786
Done mass_function_like status = 0 

Pipeline ran okay.
Likelihood mass_function_like_m_n = -9.853937894105911
Posterior = -4.656850725113874 for parameter set #431: [0.31721753193299296, 0.8025707118012778, -0.9995]
Running module mass_function_like
Model N: 1879090.8069288775
Done mass_function_like status = 0 

Pipeline ran okay.
Likelihood mass_function_like_m_n = -36.729507215321064
Posterior = -31.303180696496725 for parameter set #431: [0.315830209597386, 0.801649275392012, -0.9995]
Running module mass_function_like
Model N: 1884883.3947462311
Done mass_function_like status = 0 

Pipeline ran okay.
Likelihood mass_function_like_m_n = -13.708611834794283
Posterior = -9.680657763037686 for parameter set #431: [0.3230275926946505, 0.7883052841022946, -0.9995]
Running module mass_function_like
Model N: 1890099.5278014152
Done mass_function_like status = 0 

Pipeline ran okay.
Likelihood mass_function_like_m_n = -8.251361720263958
Posterior = -4.293484606500666 for parameter set #432: [0.3233299253515604, 0.789194060398347, -0.9995]
Model N: 1891405.8597181772
Done mass_function_like status = 0 

Pipeline ran okay.
Likelihood mass_function_like_m_n = -9.140984822064638
Posterior = -2.837838137675229 for parameter set #432: [0.30867360955912576, 0.8216696671660241, -0.9995]
Model N: 1867835.245276543
Done mass_function_like status = 0 

Pipeline ran okay.
Likelihood mass_function_like_m_n = -132.90176708996296
Posterior = -129.27889766485174 for parameter set #432: [0.32472421797832635, 0.7800955450008621, -0.9995]
Model N: 1901531.4591810715
Done mass_function_like status = 0 

Pipeline ran okay.
Likelihood mass_function_like_m_n = -46.51086192205548
Posterior = -46.81445269404994 for parameter set #432: [0.3373708307916874, 0.7654522005534611, -0.9995]
Running module mass_function_like
Running module mass_function_like
Running module mass_function_like
Running module mass_function_like
Model N: 1888010.4002413698
Done mass_function_like status = 0 

Pipeline ran okay.
Likelihood mass_function_like_m_n = -8.70503818616271
Posterior = -2.590710844479851 for parameter set #433: [0.31062992809596884, 0.8160083419258475, -0.9995]
Running module mass_function_like
Model N: 1893853.5699761547
Done mass_function_like status = 0 

Pipeline ran okay.
Likelihood mass_function_like_m_n = -13.233523529022932
Posterior = -7.708026174775341 for parameter set #433: [0.3151908317353765, 0.8075605244556964, -0.9995]
Running module mass_function_like
Model N: 1889445.420779546
Done mass_function_like status = 0 

Pipeline ran okay.
Likelihood mass_function_like_m_n = -8.144942160695791
Posterior = -1.9565685915721858 for parameter set #433: [0.30990889125166476, 0.8181373970039465, -0.9995]
Running module mass_function_like
Model N: 1891023.0253908045
Done mass_function_like status = 0 

Pipeline ran okay.
Likelihood mass_function_like_m_n = -8.786850366741419
Posterior = -3.0146532297994995 for parameter set #433: [0.31346927660543267, 0.8105106239534124, -0.9995]
Running module mass_function_like
Model N: 1891853.1224581623
Done mass_function_like status = 0 

Pipeline ran okay.
Likelihood mass_function_like_m_n = -9.652761720120907
Posterior = -3.767728290254814 for parameter set #434: [0.3126037357037039, 0.8127207791789288, -0.9995]
Running module mass_function_like
Model N: 1889975.0880377179
Done mass_function_like status = 0 

Pipeline ran okay.
Likelihood mass_function_like_m_n = -8.213681101799011
Posterior = -3.1058771243970575 for parameter set #434: [0.31772850936152414, 0.8008572996653525, -0.9995]
Running module mass_function_like
Model N: 1885937.3701654468
Done mass_function_like status = 0 

Pipeline ran okay.
Likelihood mass_function_like_m_n = -11.441986419260502
Posterior = -4.818350010405055 for parameter set #434: [0.3033366986515043, 0.8328025479033697, -0.9995]
Running module mass_function_like
Model N: 1896287.0223714092
Done mass_function_like status = 0 

Pipeline ran okay.
Likelihood mass_function_like_m_n = -20.43092915043235
Posterior = -14.29326908022056 for parameter set #434: [0.3104081134515186, 0.8191808884386603, -0.9995]
Running module mass_function_like
Model N: 1889036.4345951634
Done mass_function_like status = 0 

Pipeline ran okay.
Likelihood mass_function_like_m_n = -8.193451326340437
Posterior = -2.805263515822775 for parameter set #435: [0.3160693272279367, 0.8041557228878662, -0.9995]
Running module mass_function_like
Model N: 1892393.719317853
Done mass_function_like status = 0 

Pipeline ran okay.
Likelihood mass_function_like_m_n = -10.412293061614037
Posterior = -3.86225986413349 for parameter set #435: [0.3050847025641556, 0.8306611144421622, -0.9995]
Running module mass_function_like
Model N: 1876672.3525172386
Done mass_function_like status = 0 

Pipeline ran okay.
Likelihood mass_function_like_m_n = -51.64770321175456
Posterior = -45.707367878092384 for parameter set #435: [0.31215704622552715, 0.8089668481329513, -0.9995]
Running module mass_function_like
Model N: 1889378.7862209273
Done mass_function_like status = 0 

Pipeline ran okay.
Likelihood mass_function_like_m_n = -8.146807685494423
Posterior = -4.051767162490246 for parameter set #435: [0.3227343954188627, 0.7901978233771291, -0.9995]
Running module mass_function_like
Model N: 1891719.7702860306
Done mass_function_like status = 0 

Pipeline ran okay.
Likelihood mass_function_like_m_n = -9.489122841507196
Posterior = -7.269323064853223 for parameter set #436: [0.3298647096810139, 0.7767712044155173, -0.9995]
Model N: 1889986.0677404534
Done mass_function_like status = 0 

Pipeline ran okay.
Likelihood mass_function_like_m_n = -8.21667630970478
Posterior = -1.5523850788507492 for parameter set #436: [0.30173279932226255, 0.8382432893243961, -0.9995]
Model N: 1890938.4764025842
Done mass_function_like status = 0 

Pipeline ran okay.
Likelihood mass_function_like_m_n = -8.719078559428453
Posterior = -2.3563539302945866 for parameter set #436: [0.30795712974855044, 0.8232167433140726, -0.9995]
Model N: 1891971.375848688
Done mass_function_like status = 0 

Pipeline ran okay.
Likelihood mass_function_like_m_n = -9.805726233869791
Posterior = -3.9507864531882877 for parameter set #436: [0.3128402836232592, 0.8122234096889285, -0.9995]
Running module mass_function_like
Running module mass_function_like
Running module mass_function_like
Running module mass_function_like
Model N: 1885753.5414089283
Done mass_function_like status = 0 

Pipeline ran okay.
Likelihood mass_function_like_m_n = -11.794813100248575
Posterior = -7.997882979641899 for parameter set #437: [0.32400988995269875, 0.7865746343514155, -0.9995]
Running module mass_function_like
Model N: 1889280.1893929164
Done mass_function_like status = 0 

Pipeline ran okay.
Likelihood mass_function_like_m_n = -8.153879567980766
Posterior = -5.13744917766102 for parameter set #437: [0.3270661183326699, 0.7815103896532778, -0.9995]
Running module mass_function_like
Model N: 1888502.122605783
Done mass_function_like status = 0 

Pipeline ran okay.
Likelihood mass_function_like_m_n = -8.390266794711351
Posterior = -2.4234918890765584 for parameter set #437: [0.3119375817708228, 0.8131742009821831, -0.9995]
Running module mass_function_like
Model N: 1888595.4753596757
Done mass_function_like status = 0 

Pipeline ran okay.
Likelihood mass_function_like_m_n = -8.344978094100952
Posterior = -5.553974519105363 for parameter set #437: [0.3278865581358281, 0.7797191961688674, -0.9995]
Running module mass_function_like
Model N: 1889210.1896867321
Done mass_function_like status = 0 

Pipeline ran okay.
Likelihood mass_function_like_m_n = -8.162023924291134
Posterior = -5.626579110567331 for parameter set #438: [0.32878839830413076, 0.7781455837795271, -0.9995]
Running module mass_function_like
Model N: 1887005.55787836
Done mass_function_like status = 0 

Pipeline ran okay.
Likelihood mass_function_like_m_n = -9.74691053852439
Posterior = -3.924943166879724 for parameter set #438: [0.31309455479705617, 0.8100944336168997, -0.9995]
Running module mass_function_like
Model N: 1885892.5353626676
Done mass_function_like status = 0 

Pipeline ran okay.
Likelihood mass_function_like_m_n = -11.526383478194475
Posterior = -4.961208768500613 for parameter set #438: [0.29522235437445726, 0.8540399328706452, -0.9995]
Running module mass_function_like
Model N: 1889804.6233527483
Done mass_function_like status = 0 

Pipeline ran okay.
Likelihood mass_function_like_m_n = -8.17535999044776
Posterior = -1.8687036908770516 for parameter set #438: [0.30863305158955384, 0.8212432224006133, -0.9995]
Running module mass_function_like
Model N: 1893067.7677598812
Done mass_function_like status = 0 

Pipeline ran okay.
Likelihood mass_function_like_m_n = -11.575298357754946
Posterior = -7.684065480406385 for parameter set #439: [0.3236138574610826, 0.7894729776641191, -0.9995]
Running module mass_function_like
Model N: 1876622.5648899756
Done mass_function_like status = 0 

Pipeline ran okay.
Likelihood mass_function_like_m_n = -51.98775374516845
Posterior = -50.574304385167025 for parameter set #439: [0.33245259569990904, 0.7678348150094293, -0.9995]
Running module mass_function_like
Model N: 1888688.1328460653
Done mass_function_like status = 0 

Pipeline ran okay.
Likelihood mass_function_like_m_n = -8.3045917712152
Posterior = -3.4059889038182902 for parameter set #439: [0.3188716789444569, 0.7980370474103999, -0.9995]
Running module mass_function_like
Model N: 1885289.2387796922
Done mass_function_like status = 0 

Pipeline ran okay.
Likelihood mass_function_like_m_n = -12.765914723277092
Posterior = -6.123246149826782 for parameter set #439: [0.3027068662641471, 0.8341558438410328, -0.9995]
Running module mass_function_like
Model N: 1887784.481125723
Done mass_function_like status = 0 

Pipeline ran okay.
Likelihood mass_function_like_m_n = -8.892623651772738
Posterior = -2.3706126146825763 for parameter set #440: [0.2943912004632, 0.8570413572345822, -0.9995]
Model N: 1871629.847555069
Done mass_function_like status = 0 

Pipeline ran okay.
Likelihood mass_function_like_m_n = -92.85364662483335
Posterior = -87.41380943868043 for parameter set #440: [0.31574463090807325, 0.7995802509626639, -0.9995]
Model N: 1891435.5220465804
Done mass_function_like status = 0 

Pipeline ran okay.
Likelihood mass_function_like_m_n = -9.17165507003665
Posterior = -4.553960459321395 for parameter set #440: [0.32030571145069753, 0.7958335319891162, -0.9995]
Model N: 1878642.7087376646
Done mass_function_like status = 0 

Pipeline ran okay.
Likelihood mass_function_like_m_n = -39.257125068455935
Posterior = -33.88544157322877 for parameter set #440: [0.3161717080302795, 0.8007789046094859, -0.9995]
Running module mass_function_like
Running module mass_function_like
Running module mass_function_like
Running module mass_function_like
Model N: 1851418.9872011968
Done mass_function_like status = 0 

Pipeline ran okay.
Likelihood mass_function_like_m_n = -396.4104190543294
Posterior = -402.29877361782115 for parameter set #441: [0.35013513490916714, 0.7316534050497191, -0.9995]
Running module mass_function_like
Model N: 1886489.2429942933
Done mass_function_like status = 0 

Pipeline ran okay.
Likelihood mass_function_like_m_n = -10.490594189614058
Posterior = -4.572712443036814 for parameter set #441: [0.3123403602194827, 0.8116278274303962, -0.9995]
Running module mass_function_like
Model N: 1893186.2387201947
Done mass_function_like status = 0 

Pipeline ran okay.
Likelihood mass_function_like_m_n = -11.804464686661959
Posterior = -5.487362519402398 for parameter set #441: [0.3085111929957044, 0.8226362526787354, -0.9995]
Running module mass_function_like
Model N: 1892283.3347062748
Done mass_function_like status = 0 

Pipeline ran okay.
Likelihood mass_function_like_m_n = -10.244673416018486
Posterior = -4.189399699324406 for parameter set #441: [0.3111716648859167, 0.8161263204472375, -0.9995]
Running module mass_function_like
Model N: 1899778.530813847
Done mass_function_like status = 0 

Pipeline ran okay.
Likelihood mass_function_like_m_n = -36.190722312778234
Posterior = -34.51073646347445 for parameter set #442: [0.3316206209585024, 0.7756343963756036, -0.9995]
Running module mass_function_like
Model N: 1887987.4423720303
Done mass_function_like status = 0 

Pipeline ran okay.
Likelihood mass_function_like_m_n = -8.722865551710129
Posterior = -2.818509470113348 for parameter set #442: [0.3124494828544275, 0.8118524772376436, -0.9995]
Running module mass_function_like
Model N: 1888851.8958768963
Done mass_function_like status = 0 

Pipeline ran okay.
Likelihood mass_function_like_m_n = -8.24433396011591
Posterior = -3.373130382879788 for parameter set #442: [0.3190163120560958, 0.7977795513104269, -0.9995]
Running module mass_function_like
Model N: 1889644.981396108
Done mass_function_like status = 0 

Pipeline ran okay.
Likelihood mass_function_like_m_n = -8.153412256389856
Posterior = -5.742299498911587 for parameter set #442: [0.32921708897488566, 0.7774411215200326, -0.9995]
Running module mass_function_like
Model N: 1894278.3193451916
Done mass_function_like status = 0 

Pipeline ran okay.
Likelihood mass_function_like_m_n = -14.265295933932066
Posterior = -10.663660199789252 for parameter set #443: [0.32480995148793074, 0.7874031099651408, -0.9995]
Running module mass_function_like
Model N: 1869336.3667375932
Done mass_function_like status = 0 

Pipeline ran okay.
Likelihood mass_function_like_m_n = -116.12846257910132
Posterior = -111.30275587991353 for parameter set #443: [0.31925407748567775, 0.7915275309265167, -0.9995]
Running module mass_function_like
Model N: 1893735.474228679
Done mass_function_like status = 0 

Pipeline ran okay.
Likelihood mass_function_like_m_n = -12.963537495583296
Posterior = -6.790778915083088 for parameter set #443: [0.31006524334340696, 0.8191567802404286, -0.9995]
Running module mass_function_like
Model N: 1892222.8278836082
Done mass_function_like status = 0 

Pipeline ran okay.
Likelihood mass_function_like_m_n = -10.155521534383297
Posterior = -4.198227966817746 for parameter set #443: [0.31201674357506765, 0.8141715042828613, -0.9995]
Running module mass_function_like
Model N: 1891464.0219957696
Done mass_function_like status = 0 

Pipeline ran okay.
Likelihood mass_function_like_m_n = -9.20156117528677
Posterior = -4.597331235568412 for parameter set #444: [0.32037191330529285, 0.795703481350925, -0.9995]
Model N: 1887548.304297318
Done mass_function_like status = 0 

Pipeline ran okay.
Likelihood mass_function_like_m_n = -9.117658089846373
Posterior = -2.4611527533109037 for parameter set #444: [0.29786463765254084, 0.8475010261635353, -0.9995]
Model N: 1898806.5722369645
Done mass_function_like status = 0 

Pipeline ran okay.
Likelihood mass_function_like_m_n = -31.16151662170887
Posterior = -31.651530912377705 for parameter set #444: [0.33786639272225183, 0.7638455852402993, -0.9995]
Model N: 1857764.6859916043
Done mass_function_like status = 0 

Pipeline ran okay.
Likelihood mass_function_like_m_n = -277.0815812200308
Posterior = -272.9124450177629 for parameter set #444: [0.2775938937071061, 0.8962317000694758, -0.9995]
Running module mass_function_like
Running module mass_function_like
Running module mass_function_like
Running module mass_function_like
Model N: 1888849.9267808914
Done mass_function_like status = 0 

Pipeline ran okay.
Likelihood mass_function_like_m_n = -8.244974136352539
Posterior = -2.201558085028111 for parameter set #445: [0.3112773059458877, 0.8147895673067344, -0.9995]
Running module mass_function_like
Model N: 1888159.9156398976
Done mass_function_like status = 0 

Pipeline ran okay.
Likelihood mass_function_like_m_n = -8.595769923180342
Posterior = -3.2887185528230223 for parameter set #445: [0.31656654959822883, 0.8028099141115204, -0.9995]
Running module mass_function_like
Model N: 1888083.5662330126
Done mass_function_like status = 0 

Pipeline ran okay.
Likelihood mass_function_like_m_n = -8.650086890906096
Posterior = -2.5319466839195854 for parameter set #445: [0.31059399821902656, 0.8161144345445032, -0.9995]
Running module mass_function_like
Model N: 1895181.452864677
Done mass_function_like status = 0 

Pipeline ran okay.
Likelihood mass_function_like_m_n = -16.774816073477268
Posterior = -14.166230207798154 for parameter set #445: [0.32853320287886056, 0.7802948824265857, -0.9995]
Running module mass_function_like
Model N: 1882774.8741152177
Done mass_function_like status = 0 

Pipeline ran okay.
Likelihood mass_function_like_m_n = -20.016909401863813
Posterior = -14.79117905323013 for parameter set #446: [0.3170503598183529, 0.8001410156249826, -0.9995]
Running module mass_function_like
Model N: 1891783.981380288
Done mass_function_like status = 0 

Pipeline ran okay.
Likelihood mass_function_like_m_n = -9.56674548983574
Posterior = -2.9720246495701463 for parameter set #446: [0.30411298816056176, 0.8328613722098681, -0.9995]
Running module mass_function_like
Model N: 1887671.491012244
Done mass_function_like status = 0 

Pipeline ran okay.
Likelihood mass_function_like_m_n = -8.996592797338963
Posterior = -5.250122097788426 for parameter set #446: [0.32421913912078487, 0.7867022261786236, -0.9995]
Running module mass_function_like
Model N: 1890665.7828623843
Done mass_function_like status = 0 

Pipeline ran okay.
Likelihood mass_function_like_m_n = -8.526236739009619
Posterior = -2.068043474769631 for parameter set #446: [0.3066499764521419, 0.826262865549438, -0.9995]
Running module mass_function_like
Model N: 1893397.1766168657
Done mass_function_like status = 0 

Pipeline ran okay.
Likelihood mass_function_like_m_n = -12.230810642242432
Posterior = -5.992676250706095 for parameter set #447: [0.309393293424288, 0.820621372040747, -0.9995]
Running module mass_function_like
Model N: 1888387.9927125103
Done mass_function_like status = 0 

Pipeline ran okay.
Likelihood mass_function_like_m_n = -8.451907973736525
Posterior = -1.8314445116945581 for parameter set #447: [0.3034304733279311, 0.8334047225751624, -0.9995]
Running module mass_function_like
Model N: 1887648.0794418452
Done mass_function_like status = 0 

Pipeline ran okay.
Likelihood mass_function_like_m_n = -9.018981847912073
Posterior = -4.0314208763297845 for parameter set #447: [0.31839425577036434, 0.7987383886584567, -0.9995]
Running module mass_function_like
Model N: 1885393.1059049955
Done mass_function_like status = 0 

Pipeline ran okay.
Likelihood mass_function_like_m_n = -12.538724981248379
Posterior = -6.0680359528480405 for parameter set #447: [0.30645933696148236, 0.8249740431129802, -0.9995]
Running module mass_function_like
Model N: 1871382.3573996478
Done mass_function_like status = 0 

Pipeline ran okay.
Likelihood mass_function_like_m_n = -95.22855259850621
Posterior = -89.79125984199268 for parameter set #448: [0.3157607832406684, 0.7994710483313532, -0.9995]
Model N: 1887880.5558454487
Done mass_function_like status = 0 

Pipeline ran okay.
Likelihood mass_function_like_m_n = -8.809544116258621
Posterior = -2.571780813104745 for parameter set #448: [0.30939724316122896, 0.8188250275546842, -0.9995]
Model N: 1885726.2732244395
Done mass_function_like status = 0 

Pipeline ran okay.
Likelihood mass_function_like_m_n = -11.848678700625896
Posterior = -5.182639359611386 for parameter set #448: [0.3016287944803252, 0.8370286615963423, -0.9995]
Model N: 1889807.9485551966
Done mass_function_like status = 0 

Pipeline ran okay.
Likelihood mass_function_like_m_n = -8.175960499793291
Posterior = -3.0078722912868407 for parameter set #448: [0.3173851430238796, 0.8015437632634942, -0.9995]
Running module mass_function_like
Running module mass_function_like
Running module mass_function_like
Running module mass_function_like
Model N: 1888649.0273704347
Done mass_function_like status = 0 

Pipeline ran okay.
Likelihood mass_function_like_m_n = -8.321081895381212
Posterior = -2.603806985044522 for parameter set #449: [0.31387104385382375, 0.8088733338165685, -0.9995]
Running module mass_function_like
Model N: 1888406.276348468
Done mass_function_like status = 0 

Pipeline ran okay.
Likelihood mass_function_like_m_n = -8.441568803042173
Posterior = -2.4284837300775504 for parameter set #449: [0.31154312891156966, 0.8140414302998055, -0.9995]
Running module mass_function_like
Model N: 1880846.3459940446
Done mass_function_like status = 0 

Pipeline ran okay.
Likelihood mass_function_like_m_n = -27.861495409160852
Posterior = -21.41187615848257 for parameter set #449: [0.29322231680244765, 0.8576982450858044, -0.9995]
Running module mass_function_like
Model N: 1892284.1459017997
Done mass_function_like status = 0 

Pipeline ran okay.
Likelihood mass_function_like_m_n = -10.245881773531437
Posterior = -4.190747332777212 for parameter set #449: [0.31117291150556536, 0.81612352582384, -0.9995]
Running module mass_function_like
Model N: 1887672.512221711
Done mass_function_like status = 0 

Pipeline ran okay.
Likelihood mass_function_like_m_n = -8.995622806251049
Posterior = -5.240160260448935 for parameter set #450: [0.32418198359319633, 0.7867771267679582, -0.9995]
Running module mass_function_like
Model N: 1888033.1641571962
Done mass_function_like status = 0 

Pipeline ran okay.
Likelihood mass_function_like_m_n = -8.687637276947498
Posterior = -2.648435333968955 for parameter set #450: [0.3113146122808663, 0.8144449807671393, -0.9995]
Running module mass_function_like
Model N: 1882803.9668335707
Done mass_function_like status = 0 

Pipeline ran okay.
Likelihood mass_function_like_m_n = -19.913758851587772
Posterior = -13.50354710073642 for parameter set #450: [0.30733610860686844, 0.8220267462288738, -0.9995]
Running module mass_function_like
Model N: 1888797.3152239847
Done mass_function_like status = 0 

Pipeline ran okay.
Likelihood mass_function_like_m_n = -8.262839198112488
Posterior = -6.446875094697505 for parameter set #450: [0.3311876260555215, 0.7734629997916361, -0.9995]
Running module mass_function_like
Model N: 1889892.8658422336
Done mass_function_like status = 0 

Pipeline ran okay.
Likelihood mass_function_like_m_n = -8.19327811896801
Posterior = -2.8793718684553404 for parameter set #451: [0.3165251199559793, 0.803426491674525, -0.9995]
Running module mass_function_like
Model N: 1880672.5279349627
Done mass_function_like status = 0 

Pipeline ran okay.
Likelihood mass_function_like_m_n = -28.666055664420128
Posterior = -23.148722693142982 for parameter set #451: [0.3152444824578144, 0.8033980220744558, -0.9995]
Running module mass_function_like
Model N: 1890794.1786607623
Done mass_function_like status = 0 

Pipeline ran okay.
Likelihood mass_function_like_m_n = -8.612139079719782
Posterior = -4.429487673767303 for parameter set #451: [0.32234570559350373, 0.7914027445906376, -0.9995]
Running module mass_function_like
Model N: 1888281.4862060444
Done mass_function_like status = 0 

Pipeline ran okay.
Likelihood mass_function_like_m_n = -8.515657346695662
Posterior = -3.9046645913759184 for parameter set #451: [0.32033868945134103, 0.7948339658126327, -0.9995]
Running module mass_function_like
Model N: 1891991.1524477422
Done mass_function_like status = 0 

Pipeline ran okay.
Likelihood mass_function_like_m_n = -9.8320283703506
Posterior = -3.2976165217599718 for parameter set #452: [0.3053831654204487, 0.8297913126253369, -0.9995]
Model N: 1884787.044195443
Done mass_function_like status = 0 

Pipeline ran okay.
Likelihood mass_function_like_m_n = -13.945280767977238
Posterior = -7.513842767846873 for parameter set #452: [0.29295917336984023, 0.8599248413466918, -0.9995]
Model N: 1880069.8936107892
Done mass_function_like status = 0 

Pipeline ran okay.
Likelihood mass_function_like_m_n = -31.580501094460487
Posterior = -25.96326156817762 for parameter set #452: [0.3145743931059055, 0.804674511679226, -0.9995]
Model N: 1886357.5864598842
Done mass_function_like status = 0 

Pipeline ran okay.
Likelihood mass_function_like_m_n = -10.702871385961771
Posterior = -11.646192155876067 for parameter set #452: [0.33904516607270224, 0.7585291276648625, -0.9995]
Running module mass_function_like
Running module mass_function_like
Running module mass_function_like
Running module mass_function_like
Model N: 1889274.5524281666
Done mass_function_like status = 0 

Pipeline ran okay.
Likelihood mass_function_like_m_n = -8.154439389705658
Posterior = -4.5126503959135835 for parameter set #453: [0.324647576775489, 0.7863002764287585, -0.9995]
Running module mass_function_like
Model N: 1889163.521291613
Done mass_function_like status = 0 

Pipeline ran okay.
Likelihood mass_function_like_m_n = -8.168894901871681
Posterior = -2.0397934628704064 for parameter set #453: [0.3104900215377179, 0.8166997959280236, -0.9995]
Running module mass_function_like
Model N: 1892776.6907272022
Done mass_function_like status = 0 

Pipeline ran okay.
Likelihood mass_function_like_m_n = -11.043676435947418
Posterior = -5.932993896070553 for parameter set #453: [0.3177122650072391, 0.8017375595183167, -0.9995]
Running module mass_function_like
Model N: 1890375.2146057393
Done mass_function_like status = 0 

Pipeline ran okay.
Likelihood mass_function_like_m_n = -8.36400980502367
Posterior = -4.201799755829898 for parameter set #453: [0.3224369968984997, 0.7910940360043865, -0.9995]
Running module mass_function_like
Model N: 1862832.3545903608
Done mass_function_like status = 0 

Pipeline ran okay.
Likelihood mass_function_like_m_n = -197.62552992254496
Posterior = -198.60702273127234 for parameter set #454: [0.33914280778645695, 0.752377539030475, -0.9995]
Running module mass_function_like
Model N: 1889007.7287731124
Done mass_function_like status = 0 

Pipeline ran okay.
Likelihood mass_function_like_m_n = -8.200181968510151
Posterior = -1.951377605985508 for parameter set #454: [0.3092790067979882, 0.8194658995276427, -0.9995]
Running module mass_function_like
Model N: 1893818.2654676496
Done mass_function_like status = 0 

Pipeline ran okay.
Likelihood mass_function_like_m_n = -13.152041763067245
Posterior = -6.9562941354616274 for parameter set #454: [0.30983419107710014, 0.8197238277665628, -0.9995]
Running module mass_function_like
Model N: 1889129.864898879
Done mass_function_like status = 0 

Pipeline ran okay.
Likelihood mass_function_like_m_n = -8.174565751105547
Posterior = -1.8298519778988602 for parameter set #454: [0.3081803474877723, 0.8220937016963208, -0.9995]
Running module mass_function_like
Model N: 1892707.473165654
Done mass_function_like status = 0 

Pipeline ran okay.
Likelihood mass_function_like_m_n = -10.923833590000868
Posterior = -5.635964482187525 for parameter set #455: [0.31668193688093116, 0.803943128221139, -0.9995]
Running module mass_function_like
Model N: 1891788.2104826465
Done mass_function_like status = 0 

Pipeline ran okay.
Likelihood mass_function_like_m_n = -9.571934316307306
Posterior = -3.7088930928105333 for parameter set #455: [0.31277703388751416, 0.8123086462178728, -0.9995]
Running module mass_function_like
Model N: 1887455.1632772535
Done mass_function_like status = 0 

Pipeline ran okay.
Likelihood mass_function_like_m_n = -9.21453781798482
Posterior = -4.1397374596505765 for parameter set #455: [0.31791370335790986, 0.7997033379062297, -0.9995]
Running module mass_function_like
Model N: 1888392.292583977
Done mass_function_like status = 0 

Pipeline ran okay.
Likelihood mass_function_like_m_n = -8.44946051761508
Posterior = -1.776295453662284 for parameter set #455: [0.30110807349552315, 0.8392865442818216, -0.9995]
Running module mass_function_like
Model N: 1892037.62045538
Done mass_function_like status = 0 

Pipeline ran okay.
Likelihood mass_function_like_m_n = -9.894641477614641
Posterior = -3.358209430025619 for parameter set #456: [0.3053455056023014, 0.8298994946385958, -0.9995]
Model N: 1886553.3417439123
Done mass_function_like status = 0 

Pipeline ran okay.
Likelihood mass_function_like_m_n = -10.390575181692839
Posterior = -7.020459220472366 for parameter set #456: [0.32572620546092923, 0.7833812797593044, -0.9995]
Model N: 1887941.0659168651
Done mass_function_like status = 0 

Pipeline ran okay.
Likelihood mass_function_like_m_n = -8.759730271995068
Posterior = -2.5120315327457927 for parameter set #456: [0.2907090855233629, 0.8676018402820619, -0.9995]
Model N: 1892192.179789508
Done mass_function_like status = 0 

Pipeline ran okay.
Likelihood mass_function_like_m_n = -10.111101187765598
Posterior = -3.9343901745038377 for parameter set #456: [0.31002589831435007, 0.8187502097178443, -0.9995]
Running module mass_function_like
Running module mass_function_like
Running module mass_function_like
Running module mass_function_like
Model N: 1887197.5367982434
Done mass_function_like status = 0 

Pipeline ran okay.
Likelihood mass_function_like_m_n = -9.5064712241292
Posterior = -3.16979254767525 for parameter set #457: [0.3082779891502254, 0.8212319876160633, -0.9995]
Running module mass_function_like
Model N: 1891764.2139614394
Done mass_function_like status = 0 

Pipeline ran okay.
Likelihood mass_function_like_m_n = -9.5426173992455
Posterior = -2.9800897663662873 for parameter set #457: [0.30483273350043194, 0.831070286244217, -0.9995]
Running module mass_function_like
Model N: 1889135.6831442907
Done mass_function_like status = 0 

Pipeline ran okay.
Likelihood mass_function_like_m_n = -8.17354254424572
Posterior = -1.682469804954719 for parameter set #457: [0.306135657406003, 0.8269987066393325, -0.9995]
Running module mass_function_like
Model N: 1892285.4967296342
Done mass_function_like status = 0 

Pipeline ran okay.
Likelihood mass_function_like_m_n = -10.24789473414421
Posterior = -4.288395247318727 for parameter set #457: [0.3119983724853391, 0.8142332031341737, -0.9995]
Running module mass_function_like
Model N: 1886635.5601239349
Done mass_function_like status = 0 

Pipeline ran okay.
Likelihood mass_function_like_m_n = -10.265475738793612
Posterior = -7.129839658480742 for parameter set #458: [0.32662205145362516, 0.7816400473663156, -0.9995]
Running module mass_function_like
Model N: 1886606.4658967739
Done mass_function_like status = 0 

Pipeline ran okay.
Likelihood mass_function_like_m_n = -10.309333831071854
Posterior = -6.4195975914923356 for parameter set #458: [0.3236201945746883, 0.787602918364545, -0.9995]
Running module mass_function_like
Model N: 1882671.1248180808
Done mass_function_like status = 0 

Pipeline ran okay.
Likelihood mass_function_like_m_n = -20.38843397423625
Posterior = -21.400995904310776 for parameter set #458: [0.3392221012399507, 0.7572748925841164, -0.9995]
Running module mass_function_like
Model N: 1881397.1997610275
Done mass_function_like status = 0 

Pipeline ran okay.
Likelihood mass_function_like_m_n = -25.41832262277603
Posterior = -19.026582725594103 for parameter set #458: [0.292416276625189, 0.8601737046814094, -0.9995]
Running module mass_function_like
Model N: 1890365.1391317593
Done mass_function_like status = 0 

Pipeline ran okay.
Likelihood mass_function_like_m_n = -8.359185311943293
Posterior = -2.6374830629637014 for parameter set #459: [0.3138390891992978, 0.8094785090222342, -0.9995]
Running module mass_function_like
Model N: 1890641.6682934437
Done mass_function_like status = 0 

Pipeline ran okay.
Likelihood mass_function_like_m_n = -8.511074997484684
Posterior = -4.335868920981003 for parameter set #459: [0.322378999628252, 0.7912901582452219, -0.9995]
Running module mass_function_like
Model N: 1888525.6659533037
Done mass_function_like status = 0 

Pipeline ran okay.
Likelihood mass_function_like_m_n = -8.378409743309021
Posterior = -2.9270351814856355 for parameter set #459: [0.31567118142634315, 0.8048675792732664, -0.9995]
Running module mass_function_like
Model N: 1854467.7583912858
Done mass_function_like status = 0 

Pipeline ran okay.
Likelihood mass_function_like_m_n = -336.31825106963515
Posterior = -329.68595646725316 for parameter set #459: [0.29693374508795445, 0.8381763627933377, -0.9995]
Running module mass_function_like
Model N: 1888320.229056816
Done mass_function_like status = 0 

Pipeline ran okay.
Likelihood mass_function_like_m_n = -8.491772279143333
Posterior = -1.822423397237955 for parameter set #460: [0.2985889495824159, 0.8458561113874088, -0.9995]
Model N: 1878798.125364928
Done mass_function_like status = 0 

Pipeline ran okay.
Likelihood mass_function_like_m_n = -38.368282329291105
Posterior = -32.84510464014306 for parameter set #460: [0.3152060942333142, 0.8029100065352267, -0.9995]
Model N: 1894788.9184846813
Done mass_function_like status = 0 

Pipeline ran okay.
Likelihood mass_function_like_m_n = -15.631345387548208
Posterior = -10.740101576858036 for parameter set #460: [0.31891063397995967, 0.7997782765540201, -0.9995]
Model N: 1881039.5696041314
Done mass_function_like status = 0 

Pipeline ran okay.
Likelihood mass_function_like_m_n = -26.986051484942436
Posterior = -21.026641939823573 for parameter set #460: [0.28800087792218665, 0.8728911188387816, -0.9995]
Running module mass_function_like
Running module mass_function_like
Running module mass_function_like
Running module mass_function_like
Model N: 1888182.2424429536
Done mass_function_like status = 0 

Pipeline ran okay.
Likelihood mass_function_like_m_n = -8.580469869077206
Posterior = -4.532641593762632 for parameter set #461: [0.32294112430983113, 0.7894309404206586, -0.9995]
Running module mass_function_like
Model N: 1892739.5153785837
Done mass_function_like status = 0 

Pipeline ran okay.
Likelihood mass_function_like_m_n = -10.978997148573399
Posterior = -5.167344440031812 for parameter set #461: [0.31317308991670983, 0.8117138653829563, -0.9995]
Running module mass_function_like
Model N: 1886714.3809034396
Done mass_function_like status = 0 

Pipeline ran okay.
Likelihood mass_function_like_m_n = -10.148914948105812
Posterior = -7.099014358313257 for parameter set #461: [0.3269421736633021, 0.7810355081129305, -0.9995]
Running module mass_function_like
Model N: 1890831.5893347093
Done mass_function_like status = 0 

Pipeline ran okay.
Likelihood mass_function_like_m_n = -8.638807632029057
Posterior = -2.1930160604236004 for parameter set #461: [0.3068339245928638, 0.8258734510211001, -0.9995]
Running module mass_function_like
Model N: 1884703.1725126351
Done mass_function_like status = 0 

Pipeline ran okay.
Likelihood mass_function_like_m_n = -14.155317272990942
Posterior = -7.821764346207273 for parameter set #462: [0.3083156631909491, 0.8203305074459769, -0.9995]
Running module mass_function_like
Model N: 1888486.8954312745
Done mass_function_like status = 0 

Pipeline ran okay.
Likelihood mass_function_like_m_n = -8.398091994225979
Posterior = -2.058722678096373 for parameter set #462: [0.3082454215438702, 0.8217296348387729, -0.9995]
Running module mass_function_like
Model N: 1888529.0831152138
Done mass_function_like status = 0 

Pipeline ran okay.
Likelihood mass_function_like_m_n = -8.376713171601295
Posterior = -1.7063952625851417 for parameter set #462: [0.2986593815386885, 0.8457447907016421, -0.9995]
Running module mass_function_like
Model N: 1887910.121170246
Done mass_function_like status = 0 

Pipeline ran okay.
Likelihood mass_function_like_m_n = -8.784962482750416
Posterior = -3.659946501840418 for parameter set #462: [0.3176311554777343, 0.8004437314808149, -0.9995]
Running module mass_function_like
Model N: 1891182.9029757744
Done mass_function_like status = 0 

Pipeline ran okay.
Likelihood mass_function_like_m_n = -8.925327003002167
Posterior = -2.9761472793041666 for parameter set #463: [0.31208407608890476, 0.8136888300019741, -0.9995]
Running module mass_function_like
Model N: 1887862.5997337129
Done mass_function_like status = 0 

Pipeline ran okay.
Likelihood mass_function_like_m_n = -8.824699636548758
Posterior = -4.413234677815982 for parameter set #463: [0.32129713238714275, 0.7927219635196125, -0.9995]
Running module mass_function_like
Model N: 1891306.4178331026
Done mass_function_like status = 0 

Pipeline ran okay.
Likelihood mass_function_like_m_n = -9.041554383933544
Posterior = -3.2404963392458326 for parameter set #463: [0.31325327245341683, 0.8110842017129051, -0.9995]
Running module mass_function_like
Model N: 1885980.3072736715
Done mass_function_like status = 0 

Pipeline ran okay.
Likelihood mass_function_like_m_n = -11.362162604928017
Posterior = -5.323391455704917 for parameter set #463: [0.3113184190511493, 0.8137847579360546, -0.9995]
Running module mass_function_like
Model N: 1802639.0618770402
Done mass_function_like status = 0 

Pipeline ran okay.
Likelihood mass_function_like_m_n = -2066.388202905655
Posterior = -2082.6083387096387 for parameter set #464: [0.367674869785311, 0.6957819023829774, -0.9995]
Model N: 1885517.1702827492
Done mass_function_like status = 0 

Pipeline ran okay.
Likelihood mass_function_like_m_n = -12.274872977286577
Posterior = -5.602351959437703 for parameter set #464: [0.29883525277752415, 0.8442048029999875, -0.9995]
Model N: 1891858.5448379293
Done mass_function_like status = 0 

Pipeline ran okay.
Likelihood mass_function_like_m_n = -9.659614253789186
Posterior = -3.376495222405431 for parameter set #464: [0.30890151859995185, 0.8212788660316098, -0.9995]
Model N: 1891253.4508214227
Done mass_function_like status = 0 

Pipeline ran okay.
Likelihood mass_function_like_m_n = -8.990725502371788
Posterior = -4.523675818577225 for parameter set #464: [0.3210345169400946, 0.7942597206134286, -0.9995]
Running module mass_function_like
Running module mass_function_like
Running module mass_function_like
Running module mass_function_like
Model N: 1888123.7048081139
Done mass_function_like status = 0 

Pipeline ran okay.
Likelihood mass_function_like_m_n = -8.621146090328693
Posterior = -2.378005117502246 for parameter set #465: [0.30933984181326163, 0.8190375092156162, -0.9995]
Running module mass_function_like
Model N: 1886597.9142661516
Done mass_function_like status = 0 

Pipeline ran okay.
Likelihood mass_function_like_m_n = -10.322310436517
Posterior = -4.885159798767743 for parameter set #465: [0.3157616849388696, 0.8040807595702177, -0.9995]
Running module mass_function_like
Model N: 1880836.3523219305
Done mass_function_like status = 0 

Pipeline ran okay.
Likelihood mass_function_like_m_n = -27.907316356897354
Posterior = -21.235272366819927 for parameter set #465: [0.30120500690726415, 0.8364110768103834, -0.9995]
Running module mass_function_like
Model N: 1888829.0832084885
Done mass_function_like status = 0 

Pipeline ran okay.
Likelihood mass_function_like_m_n = -8.251876551657915
Posterior = -2.886620173348799 for parameter set #465: [0.31621140228358474, 0.8037831715518616, -0.9995]
Running module mass_function_like
Model N: 1891283.8691998648
Done mass_function_like status = 0 

Pipeline ran okay.
Likelihood mass_function_like_m_n = -9.01973482221365
Posterior = -3.1772044043670506 for parameter set #466: [0.3129365666269192, 0.8117897298688646, -0.9995]
Running module mass_function_like
Model N: 1884252.430045173
Done mass_function_like status = 0 

Pipeline ran okay.
Likelihood mass_function_like_m_n = -15.34819220378995
Posterior = -9.644351454983584 for parameter set #466: [0.31396755848030594, 0.807295955225194, -0.9995]
Running module mass_function_like
Model N: 1878880.6125824903
Done mass_function_like status = 0 

Pipeline ran okay.
Likelihood mass_function_like_m_n = -37.90178222209215
Posterior = -31.29953104765933 for parameter set #466: [0.30392563431504716, 0.8289556952133995, -0.9995]
Running module mass_function_like
Model N: 1877191.3447579497
Done mass_function_like status = 0 

Pipeline ran okay.
Likelihood mass_function_like_m_n = -48.182146079838276
Posterior = -42.02967092887014 for parameter set #466: [0.2897352150792911, 0.8662562013149337, -0.9995]
Running module mass_function_like
Model N: 1893861.4742661233
Done mass_function_like status = 0 

Pipeline ran okay.
Likelihood mass_function_like_m_n = -13.251856356859207
Posterior = -12.356833939029586 for parameter set #467: [0.33401259114057785, 0.7695589348952776, -0.9995]
Running module mass_function_like
Model N: 1892501.8717899045
Done mass_function_like status = 0 

Pipeline ran okay.
Likelihood mass_function_like_m_n = -10.582758348435163
Posterior = -5.489455862608997 for parameter set #467: [0.3178101191039478, 0.8014443519747914, -0.9995]
Running module mass_function_like
Model N: 1872410.2110519612
Done mass_function_like status = 0 

Pipeline ran okay.
Likelihood mass_function_like_m_n = -85.58158784732223
Posterior = -79.26501714433104 for parameter set #467: [0.308517435004965, 0.8158926940562581, -0.9995]
Running module mass_function_like
Model N: 1888100.6601397456
Done mass_function_like status = 0 

Pipeline ran okay.
Likelihood mass_function_like_m_n = -8.637657418847084
Posterior = -3.259821174358028 for parameter set #467: [0.3161336167911671, 0.8037303786852719, -0.9995]
Running module mass_function_like
Model N: 1892340.9854841225
Done mass_function_like status = 0 

Pipeline ran okay.
Likelihood mass_function_like_m_n = -10.331414382904768
Posterior = -4.870143633485882 for parameter set #468: [0.3156079047209503, 0.8061760889647249, -0.9995]
Model N: 1877051.3697866332
Done mass_function_like status = 0 

Pipeline ran okay.
Likelihood mass_function_like_m_n = -49.10259863734245
Posterior = -43.229563499983975 for parameter set #468: [0.31269857520316136, 0.807878014092178, -0.9995]
Model N: 1892138.1450208388
Done mass_function_like status = 0 

Pipeline ran okay.
Likelihood mass_function_like_m_n = -10.033992353826761
Posterior = -3.516429811604393 for parameter set #468: [0.30568755933749847, 0.8290946856720791, -0.9995]
Model N: 1887173.1326720354
Done mass_function_like status = 0 

Pipeline ran okay.
Likelihood mass_function_like_m_n = -9.53595070540905
Posterior = -2.9258241085803682 for parameter set #468: [0.2962803870770867, 0.8516246529245758, -0.9995]
Running module mass_function_like
Running module mass_function_like
Running module mass_function_like
Running module mass_function_like
Model N: 1892560.656308626
Done mass_function_like status = 0 

Pipeline ran okay.
Likelihood mass_function_like_m_n = -10.678000546991825
Posterior = -9.6876007761655 for parameter set #469: [0.33373100777469855, 0.7697314235679861, -0.9995]
Running module mass_function_like
Model N: 1892727.4991927792
Done mass_function_like status = 0 

Pipeline ran okay.
Likelihood mass_function_like_m_n = -10.958246741443872
Posterior = -5.069003294496887 for parameter set #469: [0.31257028839258044, 0.8130725930280271, -0.9995]
Running module mass_function_like
Model N: 1862652.156898706
Done mass_function_like status = 0 

Pipeline ran okay.
Likelihood mass_function_like_m_n = -200.21063104644418
Posterior = -201.46210924674048 for parameter set #469: [0.33982658006559563, 0.7511624788561586, -0.9995]
Running module mass_function_like
Model N: 1892542.4984324146
Done mass_function_like status = 0 

Pipeline ran okay.
Likelihood mass_function_like_m_n = -10.648386724293232
Posterior = -4.984362191420143 for parameter set #469: [0.3142497695801519, 0.8092411231329744, -0.9995]
Running module mass_function_like
Model N: 1883420.7268870133
Done mass_function_like status = 0 

Pipeline ran okay.
Likelihood mass_function_like_m_n = -17.833121918141842
Posterior = -15.2814254094085 for parameter set #470: [0.3287318906080921, 0.7766574585482487, -0.9995]
Running module mass_function_like
Model N: 1888520.899974164
Done mass_function_like status = 0 

Pipeline ran okay.
Likelihood mass_function_like_m_n = -8.380786310881376
Posterior = -6.672028836918969 for parameter set #470: [0.33152949959751277, 0.7727452412147244, -0.9995]
Running module mass_function_like
Model N: 1891370.7945863672
Done mass_function_like status = 0 

Pipeline ran okay.
Likelihood mass_function_like_m_n = -9.105327565222979
Posterior = -2.483377138608976 for parameter set #470: [0.30338685020915296, 0.8345351489156384, -0.9995]
Running module mass_function_like
Model N: 1889414.597209154
Done mass_function_like status = 0 

Pipeline ran okay.
Likelihood mass_function_like_m_n = -8.145512994378805
Posterior = -1.6286598737275 for parameter set #470: [0.305700018906265, 0.8281511634937866, -0.9995]
Running module mass_function_like
Model N: 1891379.2982733175
Done mass_function_like status = 0 

Pipeline ran okay.
Likelihood mass_function_like_m_n = -9.11391519755125
Posterior = -3.0535526628310086 for parameter set #471: [0.31112602052478744, 0.8159425236593679, -0.9995]
Running module mass_function_like
Model N: 1882697.610953202
Done mass_function_like status = 0 

Pipeline ran okay.
Likelihood mass_function_like_m_n = -20.29304212704301
Posterior = -16.608048955823453 for parameter set #471: [0.32447166127213534, 0.7847812211569334, -0.9995]
Running module mass_function_like
Model N: 1887823.1047623898
Done mass_function_like status = 0 

Pipeline ran okay.
Likelihood mass_function_like_m_n = -8.85863608121872
Posterior = -4.164357477058659 for parameter set #471: [0.3199249872981146, 0.7955630719157414, -0.9995]
Running module mass_function_like
Model N: 1884603.696187618
Done mass_function_like status = 0 

Pipeline ran okay.
Likelihood mass_function_like_m_n = -14.409282755106688
Posterior = -8.082313513757517 for parameter set #471: [0.291605538052251, 0.8637105945112754, -0.9995]
Running module mass_function_like
Model N: 1884485.912306289
Done mass_function_like status = 0 

Pipeline ran okay.
Likelihood mass_function_like_m_n = -14.716794587671757
Posterior = -8.160890926387378 for parameter set #472: [0.29503209225073934, 0.8540417367005775, -0.9995]
Model N: 1891343.9773514974
Done mass_function_like status = 0 

Pipeline ran okay.
Likelihood mass_function_like_m_n = -9.078495744615793
Posterior = -4.390900783871656 for parameter set #472: [0.3199585031380916, 0.7965343664136747, -0.9995]
Model N: 1875266.376706105
Done mass_function_like status = 0 

Pipeline ran okay.
Likelihood mass_function_like_m_n = -61.76229336485267
Posterior = -55.086012644325805 for parameter set #472: [0.2992223782689075, 0.8395722687278991, -0.9995]
Model N: 1886490.2140954344
Done mass_function_like status = 0 

Pipeline ran okay.
Likelihood mass_function_like_m_n = -10.489062622189522
Posterior = -4.375770120261523 for parameter set #472: [0.2893603412048863, 0.8710063475371511, -0.9995]
Running module mass_function_like
Running module mass_function_like
Running module mass_function_like
Running module mass_function_like
Model N: 1892984.10722414
Done mass_function_like status = 0 

Pipeline ran okay.
Likelihood mass_function_like_m_n = -11.417926020920277
Posterior = -6.735737062998046 for parameter set #473: [0.3199855709970367, 0.7969639899537764, -0.9995]
Running module mass_function_like
Model N: 1885460.016099229
Done mass_function_like status = 0 

Pipeline ran okay.
Likelihood mass_function_like_m_n = -12.395408470183611
Posterior = -7.767970565891676 for parameter set #473: [0.3202576716037074, 0.7941722393283893, -0.9995]
Running module mass_function_like
Model N: 1890452.1941968463
Done mass_function_like status = 0 

Pipeline ran okay.
Likelihood mass_function_like_m_n = -8.402642019093037
Posterior = -2.0534695790675883 for parameter set #473: [0.3081256600751539, 0.8226561576515244, -0.9995]
Running module mass_function_like
Model N: 1888043.1638827764
Done mass_function_like status = 0 

Pipeline ran okay.
Likelihood mass_function_like_m_n = -8.680080246180296
Posterior = -3.2230542580430113 for parameter set #473: [0.3156350772954464, 0.804798752395141, -0.9995]
Running module mass_function_like
Model N: 1888713.7582130234
Done mass_function_like status = 0 

Pipeline ran okay.
Likelihood mass_function_like_m_n = -8.294225294142962
Posterior = -4.320520916155278 for parameter set #474: [0.32326198538526973, 0.7889325280070691, -0.9995]
Running module mass_function_like
Model N: 1886858.3923619897
Done mass_function_like status = 0 

Pipeline ran okay.
Likelihood mass_function_like_m_n = -9.944466181099415
Posterior = -3.9594021562449218 for parameter set #474: [0.3117833795954786, 0.8130049158158572, -0.9995]
Running module mass_function_like
Model N: 1891106.236177542
Done mass_function_like status = 0 

Pipeline ran okay.
Likelihood mass_function_like_m_n = -8.857237439602613
Posterior = -2.3385285160458533 for parameter set #474: [0.3056673675503436, 0.8287978010935327, -0.9995]
Running module mass_function_like
Model N: 1888345.704595129
Done mass_function_like status = 0 

Pipeline ran okay.
Likelihood mass_function_like_m_n = -8.476499997079372
Posterior = -2.246165115021313 for parameter set #474: [0.30947596239177994, 0.8187915218625066, -0.9995]
Running module mass_function_like
Model N: 1894807.6702603218
Done mass_function_like status = 0 

Pipeline ran okay.
Likelihood mass_function_like_m_n = -15.684126067906618
Posterior = -10.08624635995566 for parameter set #475: [0.3147066276920254, 0.8089286013933651, -0.9995]
Running module mass_function_like
Model N: 1887536.6211640593
Done mass_function_like status = 0 

Pipeline ran okay.
Likelihood mass_function_like_m_n = -9.129557825624943
Posterior = -11.009779715256029 for parameter set #475: [0.3413751763451016, 0.754775444030439, -0.9995]
Running module mass_function_like
Model N: 1893191.209356201
Done mass_function_like status = 0 

Pipeline ran okay.
Likelihood mass_function_like_m_n = -11.814241457730532
Posterior = -5.912498990000659 for parameter set #475: [0.31247045893766806, 0.8134455853916066, -0.9995]
Running module mass_function_like
Model N: 1882222.868193298
Done mass_function_like status = 0 

Pipeline ran okay.
Likelihood mass_function_like_m_n = -22.059594210237265
Posterior = -15.655026171822364 for parameter set #475: [0.29258735998587143, 0.8600029828212586, -0.9995]
Running module mass_function_like
Model N: 1871991.7182431044
Done mass_function_like status = 0 

Pipeline ran okay.
Likelihood mass_function_like_m_n = -89.44061691313982
Posterior = -83.17686392973634 for parameter set #476: [0.30911648194104197, 0.8143782861853999, -0.9995]
Model N: 1888788.8039776045
Done mass_function_like status = 0 

Pipeline ran okay.
Likelihood mass_function_like_m_n = -8.265867087990046
Posterior = -1.8084973109260591 for parameter set #476: [0.29333765174662546, 0.8603732623722401, -0.9995]
Model N: 1890823.887904109
Done mass_function_like status = 0 

Pipeline ran okay.
Likelihood mass_function_like_m_n = -8.633257135748863
Posterior = -2.039164437012845 for parameter set #476: [0.30412823205680545, 0.8324965593386686, -0.9995]
Model N: 1862901.5876419125
Done mass_function_like status = 0 

Pipeline ran okay.
Likelihood mass_function_like_m_n = -196.6370198726654
Posterior = -191.59558379134663 for parameter set #476: [0.2819010049063964, 0.8843631011176635, -0.9995]
Running module mass_function_like
Running module mass_function_like
Running module mass_function_like
Running module mass_function_like
Model N: 1889279.3274091724
Done mass_function_like status = 0 

Pipeline ran okay.
Likelihood mass_function_like_m_n = -8.153964087367058
Posterior = -2.660450808114623 for parameter set #477: [0.3153999410327297, 0.805691831612197, -0.9995]
Running module mass_function_like
Model N: 1887708.5120663668
Done mass_function_like status = 0 

Pipeline ran okay.
Likelihood mass_function_like_m_n = -8.961781825870275
Posterior = -3.271041615162879 for parameter set #477: [0.31406103828031773, 0.8081594186544809, -0.9995]
Running module mass_function_like
Model N: 1888332.0161644192
Done mass_function_like status = 0 

Pipeline ran okay.
Likelihood mass_function_like_m_n = -8.484663300216198
Posterior = -2.0541421274996203 for parameter set #477: [0.30705383619874493, 0.8245175684300278, -0.9995]
Running module mass_function_like
Model N: 1888327.771341121
Done mass_function_like status = 0 

Pipeline ran okay.
Likelihood mass_function_like_m_n = -8.48721493408084
Posterior = -1.8548150593446255 for parameter set #477: [0.3030628197326642, 0.8343045176657594, -0.9995]
Running module mass_function_like
Model N: 1888188.8041011204
Done mass_function_like status = 0 

Pipeline ran okay.
Likelihood mass_function_like_m_n = -8.576023541390896
Posterior = -7.316003913840575 for parameter set #478: [0.3329219822330305, 0.7700586814012593, -0.9995]
Running module mass_function_like
Model N: 1877711.0154242597
Done mass_function_like status = 0 

Pipeline ran okay.
Likelihood mass_function_like_m_n = -44.85676743090153
Posterior = -38.18662281254919 for parameter set #478: [0.30135348291144476, 0.8349560715428697, -0.9995]
Running module mass_function_like
Model N: 1888526.2748383237
Done mass_function_like status = 0 

Pipeline ran okay.
Likelihood mass_function_like_m_n = -8.378106985241175
Posterior = -1.70942636984425 for parameter set #478: [0.2985423592408776, 0.8460534284760942, -0.9995]
Running module mass_function_like
Model N: 1891847.1032950683
Done mass_function_like status = 0 

Pipeline ran okay.
Likelihood mass_function_like_m_n = -9.64517317712307
Posterior = -3.0534075394726994 for parameter set #478: [0.30418422180721405, 0.8327056149583884, -0.9995]
Running module mass_function_like
Model N: 1888517.5930716086
Done mass_function_like status = 0 

Pipeline ran okay.
Likelihood mass_function_like_m_n = -8.382442377507687
Posterior = -3.006897462681623 for parameter set #479: [0.3161478127527175, 0.8038266357030326, -0.9995]
Running module mass_function_like
Model N: 1891620.6420727298
Done mass_function_like status = 0 

Pipeline ran okay.
Likelihood mass_function_like_m_n = -9.373564589768648
Posterior = -3.859453047821864 for parameter set #479: [0.3152655996040995, 0.8067071582058989, -0.9995]
Running module mass_function_like
Model N: 1890817.2283245865
Done mass_function_like status = 0 

Pipeline ran okay.
Likelihood mass_function_like_m_n = -8.628482781350613
Posterior = -4.960177276320779 for parameter set #479: [0.3245397583251358, 0.7869568072245225, -0.9995]
Running module mass_function_like
Model N: 1884145.3795533974
Done mass_function_like status = 0 

Pipeline ran okay.
Likelihood mass_function_like_m_n = -15.64738467335701
Posterior = -10.458995493484021 for parameter set #479: [0.3172679762475932, 0.8000876527880844, -0.9995]
Running module mass_function_like
Model N: 1891634.3354025902
Done mass_function_like status = 0 

Pipeline ran okay.
Likelihood mass_function_like_m_n = -9.389218658208847
Posterior = -4.6389988470308055 for parameter set #480: [0.3196422218047356, 0.7972862389322879, -0.9995]
Model N: 1895574.7311892302
Done mass_function_like status = 0 

Pipeline ran okay.
Likelihood mass_function_like_m_n = -18.001741860061884
Posterior = -12.480003702945117 for parameter set #480: [0.3152155580981667, 0.8080382130168638, -0.9995]
Model N: 1890118.9815224146
Done mass_function_like status = 0 

Pipeline ran okay.
Likelihood mass_function_like_m_n = -8.257992632687092
Posterior = -2.021867997815537 for parameter set #480: [0.3094146647676765, 0.8195081726202684, -0.9995]
Model N: 1883776.5269565969
Done mass_function_like status = 0 

Pipeline ran okay.
Likelihood mass_function_like_m_n = -16.724999453872442
Posterior = -10.898570079526483 for parameter set #480: [0.31306043509201925, 0.8091634312085099, -0.9995]
Running module mass_function_like
Running module mass_function_like
Running module mass_function_like
Running module mass_function_like
Model N: 1888354.1735996245
Done mass_function_like status = 0 

Pipeline ran okay.
Likelihood mass_function_like_m_n = -8.47149908915162
Posterior = -2.2439615798556236 for parameter set #481: [0.30950543727573016, 0.8187254100256073, -0.9995]
Running module mass_function_like
Model N: 1885992.7647782448
Done mass_function_like status = 0 

Pipeline ran okay.
Likelihood mass_function_like_m_n = -11.339186310768127
Posterior = -5.3854533489541225 for parameter set #481: [0.31204633750561717, 0.8121358856952293, -0.9995]
Running module mass_function_like
Model N: 1875068.8539988378
Done mass_function_like status = 0 

Pipeline ran okay.
Likelihood mass_function_like_m_n = -63.26832324638963
Posterior = -56.70817687738108 for parameter set #481: [0.29511824151966426, 0.8503406104256939, -0.9995]
Running module mass_function_like
Model N: 1886989.3361158078
Done mass_function_like status = 0 

Pipeline ran okay.
Likelihood mass_function_like_m_n = -9.768123105168343
Posterior = -3.2385639020565655 for parameter set #481: [0.30547256786524246, 0.8278939239941282, -0.9995]
Running module mass_function_like
Model N: 1892708.91520044
Done mass_function_like status = 0 

Pipeline ran okay.
Likelihood mass_function_like_m_n = -10.926304545253515
Posterior = -7.556220903298295 for parameter set #482: [0.3257263310884198, 0.7851221021722544, -0.9995]
Running module mass_function_like
Model N: 1895443.1939579987
Done mass_function_like status = 0 

Pipeline ran okay.
Likelihood mass_function_like_m_n = -17.582326278090477
Posterior = -11.48948843432575 for parameter set #482: [0.31083020179447707, 0.8179273527800971, -0.9995]
Running module mass_function_like
Model N: 1892347.5969916964
Done mass_function_like status = 0 

Pipeline ran okay.
Likelihood mass_function_like_m_n = -10.34147410467267
Posterior = -4.364678886628036 for parameter set #482: [0.3118533453528155, 0.8145838751486372, -0.9995]
Running module mass_function_like
Model N: 1887349.4189994896
Done mass_function_like status = 0 

Pipeline ran okay.
Likelihood mass_function_like_m_n = -9.330103911459446
Posterior = -8.518833603481179 for parameter set #482: [0.33425794474375814, 0.7673739074272359, -0.9995]
Running module mass_function_like
Model N: 1891619.7107876237
Done mass_function_like status = 0 

Pipeline ran okay.
Likelihood mass_function_like_m_n = -9.37250354886055
Posterior = -4.6356668921137825 for parameter set #483: [0.31971023866706555, 0.7971387050711548, -0.9995]
Running module mass_function_like
Model N: 1890273.078743897
Done mass_function_like status = 0 

Pipeline ran okay.
Likelihood mass_function_like_m_n = -8.31758938729763
Posterior = -4.381865722310253 for parameter set #483: [0.32342469010818636, 0.7890517229589326, -0.9995]
Running module mass_function_like
Model N: 1881778.5869465962
Done mass_function_like status = 0 

Pipeline ran okay.
Likelihood mass_function_like_m_n = -23.82167650014162
Posterior = -17.805952214198378 for parameter set #483: [0.3115202422923041, 0.811998824715878, -0.9995]
Running module mass_function_like
Model N: 1888236.8018920873
Done mass_function_like status = 0 

Pipeline ran okay.
Likelihood mass_function_like_m_n = -8.54419307410717
Posterior = -2.0093791223935558 for parameter set #483: [0.3053756905899909, 0.8285485209591217, -0.9995]
Running module mass_function_like
Model N: 1872720.7445757133
Done mass_function_like status = 0 

Pipeline ran okay.
Likelihood mass_function_like_m_n = -82.77908530086279
Posterior = -90.15469851565113 for parameter set #484: [0.3530187087981187, 0.7321361721934316, -0.9995]
Model N: 1875323.3749402238
Done mass_function_like status = 0 

Pipeline ran okay.
Likelihood mass_function_like_m_n = -61.33160266652703
Posterior = -55.46952517227281 for parameter set #484: [0.3127845743304654, 0.8071517503104206, -0.9995]
Model N: 1885159.8914960816
Done mass_function_like status = 0 

Pipeline ran okay.
Likelihood mass_function_like_m_n = -13.05685556307435
Posterior = -6.821679336561873 for parameter set #484: [0.2905752668812563, 0.8669085094261486, -0.9995]
Model N: 1893358.3064854594
Done mass_function_like status = 0 

Pipeline ran okay.
Likelihood mass_function_like_m_n = -12.150483943521976
Posterior = -5.978587771525564 for parameter set #484: [0.3100738078829585, 0.8190149646483231, -0.9995]
Running module mass_function_like
Running module mass_function_like
Running module mass_function_like
Running module mass_function_like
Model N: 1886483.8055378934
Done mass_function_like status = 0 

Pipeline ran okay.
Likelihood mass_function_like_m_n = -10.499179106205702
Posterior = -6.322703671737367 for parameter set #485: [0.3223733268149458, 0.7900961898709695, -0.9995]
Running module mass_function_like
Model N: 1886885.610775859
Done mass_function_like status = 0 

Pipeline ran okay.
Likelihood mass_function_like_m_n = -9.907061785459518
Posterior = -4.506968754780298 for parameter set #485: [0.315995069037869, 0.8036608194684339, -0.9995]
Running module mass_function_like
Model N: 1890830.6745305245
Done mass_function_like status = 0 

Pipeline ran okay.
Likelihood mass_function_like_m_n = -8.638146687299013
Posterior = -3.6397330610293093 for parameter set #485: [0.31833516060491696, 0.7998175827283713, -0.9995]
Running module mass_function_like
Model N: 1884683.4388969326
Done mass_function_like status = 0 

Pipeline ran okay.
Likelihood mass_function_like_m_n = -14.205279134213924
Posterior = -9.803052296063125 for parameter set #485: [0.32134046560016627, 0.7916883524983696, -0.9995]
Running module mass_function_like
Model N: 1879657.8611260485
Done mass_function_like status = 0 

Pipeline ran okay.
Likelihood mass_function_like_m_n = -33.68489683419466
Posterior = -27.790416785881103 for parameter set #486: [0.31252856057172285, 0.8090675959456822, -0.9995]
Running module mass_function_like
Model N: 1888538.3805337243
Done mass_function_like status = 0 

Pipeline ran okay.
Likelihood mass_function_like_m_n = -8.372128456830978
Posterior = -5.900081226696681 for parameter set #486: [0.3290077816048587, 0.7775379219136583, -0.9995]
Running module mass_function_like
Model N: 1891119.1880646648
Done mass_function_like status = 0 

Pipeline ran okay.
Likelihood mass_function_like_m_n = -8.868522323668003
Posterior = -2.283846637083366 for parameter set #486: [0.3043503680700732, 0.8320455274341952, -0.9995]
Running module mass_function_like
Model N: 1890812.3608006015
Done mass_function_like status = 0 

Pipeline ran okay.
Likelihood mass_function_like_m_n = -8.625008005648851
Posterior = -1.9469643952419435 for parameter set #486: [0.3005021131154018, 0.8416993320760053, -0.9995]
Running module mass_function_like
Model N: 1884961.7000910451
Done mass_function_like status = 0 

Pipeline ran okay.
Likelihood mass_function_like_m_n = -13.51990469545126
Posterior = -8.114268489955581 for parameter set #487: [0.3159603758904013, 0.8031501879846111, -0.9995]
Running module mass_function_like
Model N: 1892315.412333262
Done mass_function_like status = 0 

Pipeline ran okay.
Likelihood mass_function_like_m_n = -10.292720768600702
Posterior = -4.013746968818031 for parameter set #487: [0.30894796511534917, 0.82131832290001, -0.9995]
Running module mass_function_like
Model N: 1888510.5361818762
Done mass_function_like status = 0 

Pipeline ran okay.
Likelihood mass_function_like_m_n = -8.385995775461197
Posterior = -1.7561632606121282 for parameter set #487: [0.3031455264570857, 0.8341599790497805, -0.9995]
Running module mass_function_like
Model N: 1886736.810723114
Done mass_function_like status = 0 

Pipeline ran okay.
Likelihood mass_function_like_m_n = -10.116348292678595
Posterior = -5.339191485792366 for parameter set #487: [0.3195046014643928, 0.7961228477116452, -0.9995]
Running module mass_function_like
Model N: 1891939.7613611561
Done mass_function_like status = 0 

Pipeline ran okay.
Likelihood mass_function_like_m_n = -9.764108948409557
Posterior = -4.810005515633133 for parameter set #488: [0.318575256474858, 0.7996385565947566, -0.9995]
Model N: 1891566.754465784
Done mass_function_like status = 0 

Pipeline ran okay.
Likelihood mass_function_like_m_n = -9.312922362238169
Posterior = -2.6359895379789755 for parameter set #488: [0.30068867612867095, 0.8414815318998178, -0.9995]
Model N: 1873372.8715622728
Done mass_function_like status = 0 

Pipeline ran okay.
Likelihood mass_function_like_m_n = -77.06285950914025
Posterior = -71.00544553989103 for parameter set #488: [0.28884750943456144, 0.8673540310463159, -0.9995]
Model N: 1886741.4042450923
Done mass_function_like status = 0 

Pipeline ran okay.
Likelihood mass_function_like_m_n = -10.109711740165949
Posterior = -3.5529598994804488 for parameter set #488: [0.2950491948609403, 0.8548312154166848, -0.9995]
Running module mass_function_like
Running module mass_function_like
Running module mass_function_like
Running module mass_function_like
Model N: 1890090.0530416598
Done mass_function_like status = 0 

Pipeline ran okay.
Likelihood mass_function_like_m_n = -8.248204674571753
Posterior = -2.8692433170415264 for parameter set #489: [0.3161266415646902, 0.8043525283558134, -0.9995]
Running module mass_function_like
Model N: 1890271.9740147062
Done mass_function_like status = 0 

Pipeline ran okay.
Likelihood mass_function_like_m_n = -8.31711744889617
Posterior = -2.6016919897313464 for parameter set #489: [0.3138843706313637, 0.8093484326790192, -0.9995]
Running module mass_function_like
Model N: 1890737.2256080564
Done mass_function_like status = 0 

Pipeline ran okay.
Likelihood mass_function_like_m_n = -8.57295973598957
Posterior = -1.9448625680329403 for parameter set #489: [0.30320021969100774, 0.834786331579114, -0.9995]
Running module mass_function_like
Model N: 1871194.4973329888
Done mass_function_like status = 0 

Pipeline ran okay.
Likelihood mass_function_like_m_n = -97.05331269279122
Posterior = -90.60513614708748 for parameter set #489: [0.2932010640155028, 0.8541500642707647, -0.9995]
Running module mass_function_like
Model N: 1887007.8610650096
Done mass_function_like status = 0 

Pipeline ran okay.
Likelihood mass_function_like_m_n = -9.743910074234009
Posterior = -4.735570035719592 for parameter set #490: [0.318280941768934, 0.7987876709585009, -0.9995]
Running module mass_function_like
Model N: 1890771.7943446932
Done mass_function_like status = 0 

Pipeline ran okay.
Likelihood mass_function_like_m_n = -8.59653589874506
Posterior = -1.9980786958203485 for parameter set #490: [0.3040211191324179, 0.8327455279477213, -0.9995]
Running module mass_function_like
Model N: 1880730.8145318623
Done mass_function_like status = 0 

Pipeline ran okay.
Likelihood mass_function_like_m_n = -28.39446308836341
Posterior = -21.825156170628333 for parameter set #490: [0.30469035778113185, 0.8277063145341309, -0.9995]
Running module mass_function_like
Model N: 1890552.365524709
Done mass_function_like status = 0 

Pipeline ran okay.
Likelihood mass_function_like_m_n = -8.457603950053453
Posterior = -5.9636760294898306 for parameter set #490: [0.32893225285990213, 0.7782391126939153, -0.9995]
Running module mass_function_like
Model N: 1891063.4087140698
Done mass_function_like status = 0 

Pipeline ran okay.
Likelihood mass_function_like_m_n = -8.82055327296257
Posterior = -4.968811949956839 for parameter set #491: [0.3237805083011464, 0.7885581472531777, -0.9995]
Running module mass_function_like
Model N: 1883564.9303841738
Done mass_function_like status = 0 

Pipeline ran okay.
Likelihood mass_function_like_m_n = -17.375881984829903
Posterior = -10.696590284297017 for parameter set #491: [0.29995000444556924, 0.8405770744668786, -0.9995]
Running module mass_function_like
Model N: 1887626.4001665744
Done mass_function_like status = 0 

Pipeline ran okay.
Likelihood mass_function_like_m_n = -9.039973445236683
Posterior = -2.865056512516892 for parameter set #491: [0.31004377683533846, 0.8172394561475892, -0.9995]
Running module mass_function_like
Model N: 1888197.0070173687
Done mass_function_like status = 0 

Pipeline ran okay.
Likelihood mass_function_like_m_n = -8.570497158914804
Posterior = -3.0660392327127752 for parameter set #491: [0.31532870687375925, 0.8055156171712042, -0.9995]
Running module mass_function_like
Model N: 1768824.1001758936
Done mass_function_like status = 0 

Pipeline ran okay.
Likelihood mass_function_like_m_n = -4031.773668449372
Posterior = -4056.2233025344854 for parameter set #492: [0.3789036606038318, 0.6748871330059749, -0.9995]
Model N: 1890387.7735798056
Done mass_function_like status = 0 

Pipeline ran okay.
Likelihood mass_function_like_m_n = -8.370098646730185
Posterior = -1.7228983374853755 for parameter set #492: [0.2974660746236169, 0.849596529937844, -0.9995]
Model N: 1887711.4070424954
Done mass_function_like status = 0 

Pipeline ran okay.
Likelihood mass_function_like_m_n = -8.959090311080217
Posterior = -4.2296082246694215 for parameter set #492: [0.31974751686617536, 0.7959021424647218, -0.9995]
Model N: 1844152.7262765144
Done mass_function_like status = 0 

Pipeline ran okay.
Likelihood mass_function_like_m_n = -560.3196845203638
Posterior = -557.6580777427105 for parameter set #492: [0.27165322797686886, 0.9107301473276603, -0.9995]
Running module mass_function_like
Running module mass_function_like
Running module mass_function_like
Running module mass_function_like
Model N: 1889108.0377410185
Done mass_function_like status = 0 

Pipeline ran okay.
Likelihood mass_function_like_m_n = -8.178564049303532
Posterior = -4.3092507068700945 for parameter set #493: [0.32370650061007217, 0.7881460849835128, -0.9995]
Running module mass_function_like
Model N: 1890329.7059689634
Done mass_function_like status = 0 

Pipeline ran okay.
Likelihood mass_function_like_m_n = -8.342644955962896
Posterior = -1.863297778945304 for parameter set #493: [0.30632387573079367, 0.8269397618163963, -0.9995]
Running module mass_function_like
Model N: 1880110.401392291
Done mass_function_like status = 0 

Pipeline ran okay.
Likelihood mass_function_like_m_n = -31.37851371616125
Posterior = -24.866309900342046 for parameter set #493: [0.30578100998945673, 0.8248577655182328, -0.9995]
Running module mass_function_like
Model N: 1890205.3094874988
Done mass_function_like status = 0 

Pipeline ran okay.
Likelihood mass_function_like_m_n = -8.289832826703787
Posterior = -3.673096923022422 for parameter set #493: [0.3203104322683139, 0.7954602471650059, -0.9995]
Running module mass_function_like
Model N: 1889232.588233525
Done mass_function_like status = 0 

Pipeline ran okay.
Likelihood mass_function_like_m_n = -8.159135676920414
Posterior = -7.033743580672686 for parameter set #494: [0.3333284026081733, 0.7695857183901708, -0.9995]
Running module mass_function_like
Model N: 1889616.5038414763
Done mass_function_like status = 0 

Pipeline ran okay.
Likelihood mass_function_like_m_n = -8.150914441794157
Posterior = -1.485627866688656 for parameter set #494: [0.30167437290976046, 0.8382637599391919, -0.9995]
Running module mass_function_like
Model N: 1888968.3485821662
Done mass_function_like status = 0 

Pipeline ran okay.
Likelihood mass_function_like_m_n = -8.210125301033258
Posterior = -2.3941131329885774 for parameter set #494: [0.3131399545681522, 0.8106063408728222, -0.9995]
Running module mass_function_like
Model N: 1864434.4807010428
Done mass_function_like status = 0 

Pipeline ran okay.
Likelihood mass_function_like_m_n = -175.41856657341123
Posterior = -170.16310094823683 for parameter set #494: [0.2831249380852348, 0.881143350681935, -0.9995]
Running module mass_function_like
Model N: 1889922.240778763
Done mass_function_like status = 0 

Pipeline ran okay.
Likelihood mass_function_like_m_n = -8.20015674829483
Posterior = -3.556093193585216 for parameter set #495: [0.32017543379261315, 0.7956593715544324, -0.9995]
Running module mass_function_like
Model N: 1893162.9158986327
Done mass_function_like status = 0 

Pipeline ran okay.
Likelihood mass_function_like_m_n = -11.758764829486609
Posterior = -7.0004589663903705 for parameter set #495: [0.3196010118882366, 0.797827940500007, -0.9995]
Running module mass_function_like
Model N: 1891949.5130158449
Done mass_function_like status = 0 

Pipeline ran okay.
Likelihood mass_function_like_m_n = -9.776889748871326
Posterior = -4.115926619408993 for parameter set #495: [0.3142712372893724, 0.8090087418813594, -0.9995]
Running module mass_function_like
Model N: 1888927.2869238066
Done mass_function_like status = 0 

Pipeline ran okay.
Likelihood mass_function_like_m_n = -8.221367727965117
Posterior = -2.0142131275165127 for parameter set #495: [0.30971750583083535, 0.8184160611445728, -0.9995]
Running module mass_function_like
Model N: 1862532.2888494597
Done mass_function_like status = 0 

Pipeline ran okay.
Likelihood mass_function_like_m_n = -201.94004202634096
Posterior = -198.10335690066162 for parameter set #496: [0.3238437374278063, 0.7803356115526636, -0.9995]
Model N: 1893367.414080857
Done mass_function_like status = 0 

Pipeline ran okay.
Likelihood mass_function_like_m_n = -12.169233720749617
Posterior = -9.123290121835668 for parameter set #496: [0.3269568566394387, 0.782871722494104, -0.9995]
Model N: 1887533.8276280644
Done mass_function_like status = 0 

Pipeline ran okay.
Likelihood mass_function_like_m_n = -9.132413879036903
Posterior = -2.5645363281855946 for parameter set #496: [0.29527926600073906, 0.8544924352310563, -0.9995]
Model N: 1883157.491874283
Done mass_function_like status = 0 

Pipeline ran okay.
Likelihood mass_function_like_m_n = -18.696351807564497
Posterior = -12.331099883973241 for parameter set #496: [0.29207469527754365, 0.8618135446018516, -0.9995]
Running module mass_function_like
Running module mass_function_like
Running module mass_function_like
Running module mass_function_like
Model N: 1880294.4813177285
Done mass_function_like status = 0 

Pipeline ran okay.
Likelihood mass_function_like_m_n = -30.471669141203165
Posterior = -23.974508923849875 for parameter set #497: [0.30603562724092387, 0.8243062338640209, -0.9995]
Running module mass_function_like
Model N: 1886397.0503816062
Done mass_function_like status = 0 

Pipeline ran okay.
Likelihood mass_function_like_m_n = -10.638275600969791
Posterior = -4.076401424474344 for parameter set #497: [0.30484623610268324, 0.8292262764370958, -0.9995]
Running module mass_function_like
Model N: 1890334.1113556914
Done mass_function_like status = 0 

Pipeline ran okay.
Likelihood mass_function_like_m_n = -8.34466527029872
Posterior = -1.8281326667329214 for parameter set #497: [0.3057056392235121, 0.8284454946479217, -0.9995]
Running module mass_function_like
Model N: 1888789.502229853
Done mass_function_like status = 0 

Pipeline ran okay.
Likelihood mass_function_like_m_n = -8.265617240220308
Posterior = -2.6004608958651154 for parameter set #497: [0.3142418247001921, 0.8080933792083714, -0.9995]
Running module mass_function_like
Model N: 1881556.070293168
Done mass_function_like status = 0 

Pipeline ran okay.
Likelihood mass_function_like_m_n = -24.743790742009878
Posterior = -18.66252369764555 for parameter set #498: [0.3109365182205844, 0.8132535008697565, -0.9995]
Running module mass_function_like
Model N: 1893828.8750490474
Done mass_function_like status = 0 

Pipeline ran okay.
Likelihood mass_function_like_m_n = -13.176459349691868
Posterior = -7.053980255022559 for parameter set #498: [0.3105529626517001, 0.8180514562456727, -0.9995]
Running module mass_function_like
Model N: 1889720.8863773316
Done mass_function_like status = 0 

Pipeline ran okay.
Likelihood mass_function_like_m_n = -8.162166237831116
Posterior = -5.143084532440223 for parameter set #498: [0.3270563208619328, 0.7816527923776967, -0.9995]
Running module mass_function_like
Model N: 1892841.3154094215
Done mass_function_like status = 0 

Pipeline ran okay.
Likelihood mass_function_like_m_n = -11.157848086208105
Posterior = -9.185707008735669 for parameter set #498: [0.3306827740624532, 0.7755195555307748, -0.9995]
Running module mass_function_like
Model N: 1887218.7519296664
Done mass_function_like status = 0 

Pipeline ran okay.
Likelihood mass_function_like_m_n = -9.48110068589449
Posterior = -4.68089938948647 for parameter set #499: [0.31938609244743343, 0.7965149048088741, -0.9995]
Running module mass_function_like
Model N: 1888907.6867195829
Done mass_function_like status = 0 

Pipeline ran okay.
Likelihood mass_function_like_m_n = -8.227048955857754
Posterior = -1.574600677705826 for parameter set #499: [0.30231758150485677, 0.836382462264929, -0.9995]
Running module mass_function_like
Model N: 1888113.2353544475
Done mass_function_like status = 0 

Pipeline ran okay.
Likelihood mass_function_like_m_n = -8.628612481057644
Posterior = -3.237832659479645 for parameter set #499: [0.3160531889463259, 0.8039090755122992, -0.9995]
Running module mass_function_like
Model N: 1856691.8340426406
Done mass_function_like status = 0 

Pipeline ran okay.
Likelihood mass_function_like_m_n = -295.70358177646995
Posterior = -290.75934024208766 for parameter set #499: [0.28137172759524953, 0.8834455946576291, -0.9995]
Running module mass_function_like
Model N: 1892460.131376682
Done mass_function_like status = 0 

Pipeline ran okay.
Likelihood mass_function_like_m_n = -10.516237653791904
Posterior = -4.212995002993004 for parameter set #500: [0.30867250307017874, 0.8220165464809139, -0.9995]
Model N: 1890312.0797518373
Done mass_function_like status = 0 

Pipeline ran okay.
Likelihood mass_function_like_m_n = -8.334664218127728
Posterior = -3.666422998421938 for parameter set #500: [0.32005523861042, 0.7960260955316328, -0.9995]
Model N: 1883635.8780301881
Done mass_function_like status = 0 

Pipeline ran okay.
Likelihood mass_function_like_m_n = -17.154986258596182
Posterior = -10.88056745471144 for parameter set #500: [0.29100127348537075, 0.8650802096597968, -0.9995]
Model N: 1868654.703090982
Done mass_function_like status = 0 

Pipeline ran okay.
Likelihood mass_function_like_m_n = -123.59413289651275
Posterior = -118.68048645113093 for parameter set #500: [0.2812082052324511, 0.8890150037053962, -0.9995]
Running module mass_function_like
Running module mass_function_like
Running module mass_function_like
Running module mass_function_like
Model N: 1888913.4203238082
Done mass_function_like status = 0 

Pipeline ran okay.
Likelihood mass_function_like_m_n = -8.225365985184908
Posterior = -2.464024227507055 for parameter set #501: [0.3135496305531357, 0.8096720201982034, -0.9995]
Running module mass_function_like
Model N: 1888002.778153549
Done mass_function_like status = 0 

Pipeline ran okay.
Likelihood mass_function_like_m_n = -8.710925947874784
Posterior = -2.278126046331021 for parameter set #501: [0.30702145706768097, 0.8244866067190548, -0.9995]
Running module mass_function_like
Model N: 1885473.4365081235
Done mass_function_like status = 0 

Pipeline ran okay.
Likelihood mass_function_like_m_n = -12.366949487477541
Model N: 1889712.2632065937
Done mass_function_like status = 0 

Pipeline ran okay.
Likelihood mass_function_like_m_n = -8.161018248647451
Posterior = -8.078087278848924 for parameter set #501: [0.32186523262936656, 0.7908416625533501, -0.9995]
Posterior = -1.491930166836184 for parameter set #501: [0.3014294136209602, 0.8389234249843592, -0.9995]
Running module mass_function_like
Running module mass_function_like
Model N: 1892040.8548704458
Done mass_function_like status = 0 

Pipeline ran okay.
Likelihood mass_function_like_m_n = -9.89904210343957
Posterior = -3.686750212851365 for parameter set #502: [0.30966449489339193, 0.8195454794758861, -0.9995]
Running module mass_function_like
Model N: 1889245.144012326
Done mass_function_like status = 0 

Pipeline ran okay.
Likelihood mass_function_like_m_n = -8.157632805407047
Posterior = -1.4793741866518015 for parameter set #502: [0.2995427080680891, 0.8436759367110055, -0.9995]
Running module mass_function_like
Model N: 1897524.2156435158
Done mass_function_like status = 0 

Pipeline ran okay.
Likelihood mass_function_like_m_n = -25.283780455589294
Posterior = -19.242238582773087 for parameter set #502: [0.3112939127453154, 0.8175217801895874, -0.9995]
Running module mass_function_like
Model N: 1890933.5236673476
Done mass_function_like status = 0 

Pipeline ran okay.
Likelihood mass_function_like_m_n = -8.715225718915462
Posterior = -6.539451708836811 for parameter set #502: [0.33001176498718976, 0.7762746978743448, -0.9995]
Running module mass_function_like
Model N: 1893304.8894754313
Done mass_function_like status = 0 

Pipeline ran okay.
Likelihood mass_function_like_m_n = -12.041394706815481
Posterior = -6.10021453208649 for parameter set #503: [0.3121500948439196, 0.8142106037132785, -0.9995]
Running module mass_function_like
Model N: 1889246.7058141895
Done mass_function_like status = 0 

Pipeline ran okay.
Likelihood mass_function_like_m_n = -8.157451700419188
Posterior = -1.5734000103028123 for parameter set #503: [0.3043646880345295, 0.8313745265467479, -0.9995]
Running module mass_function_like
Model N: 1892106.0419843155
Done mass_function_like status = 0 

Pipeline ran okay.
Likelihood mass_function_like_m_n = -9.988910291343927
Posterior = -5.783882273839766 for parameter set #503: [0.32224534189805154, 0.7919901026168199, -0.9995]
Running module mass_function_like
Model N: 1887506.1107088453
Done mass_function_like status = 0 

Pipeline ran okay.
Likelihood mass_function_like_m_n = -9.16097530350089
Posterior = -3.000603096885893 for parameter set #503: [0.3101875609612429, 0.816868040901049, -0.9995]
Running module mass_function_like
Model N: 1883031.6066515045
Done mass_function_like status = 0 

Pipeline ran okay.
Likelihood mass_function_like_m_n = -19.122217677533627
Posterior = -13.135650163006098 for parameter set #504: [0.31177061327019684, 0.8118271561570259, -0.9995]
Model N: 1890018.4999516164
Done mass_function_like status = 0 

Pipeline ran okay.
Likelihood mass_function_like_m_n = -8.225896034389734
Posterior = -1.6970320264476673 for parameter set #504: [0.2945147435726644, 0.857534943177968, -0.9995]
Model N: 1887276.2999044133
Done mass_function_like status = 0 

Pipeline ran okay.
Likelihood mass_function_like_m_n = -9.413483086973429
Posterior = -6.765681117620462 for parameter set #504: [0.3283954300159629, 0.7783684544189813, -0.9995]
Model N: 1892486.9244578872
Done mass_function_like status = 0 

Pipeline ran okay.
Likelihood mass_function_like_m_n = -10.558831498026848
Posterior = -10.808248006195173 for parameter set #504: [0.3372255844990472, 0.7633458003066826, -0.9995]
Running module mass_function_like
Running module mass_function_like
Running module mass_function_like
Running module mass_function_like
Model N: 1888401.5874118588
Done mass_function_like status = 0 

Pipeline ran okay.
Likelihood mass_function_like_m_n = -8.444203451275826
Posterior = -2.0330563350420796 for parameter set #505: [0.3073233473504464, 0.8238952643816376, -0.9995]
Running module mass_function_like
Model N: 1889885.0671067813
Done mass_function_like status = 0 

Pipeline ran okay.
Likelihood mass_function_like_m_n = -8.191528595983982
Posterior = -1.6015426053729378 for parameter set #505: [0.30422654013820183, 0.8319332069604803, -0.9995]
Running module mass_function_like
Model N: 1893329.6937633103
Done mass_function_like status = 0 

Pipeline ran okay.
Likelihood mass_function_like_m_n = -12.091863457113504
Posterior = -5.65096414111118 for parameter set #505: [0.30690514130641616, 0.8265311072748502, -0.9995]
Running module mass_function_like
Model N: 1888535.7011806767
Done mass_function_like status = 0 

Pipeline ran okay.
Likelihood mass_function_like_m_n = -8.373444996774197
Posterior = -2.54563733781049 for parameter set #505: [0.3130498776955686, 0.8106731156030942, -0.9995]
Running module mass_function_like
Model N: 1886323.7606277384
Done mass_function_like status = 0 

Pipeline ran okay.
Likelihood mass_function_like_m_n = -10.758896764367819
Posterior = -4.4742227688728295 for parameter set #506: [0.30888403289970506, 0.8195216854450298, -0.9995]
Running module mass_function_like
Model N: 1888651.3770121161
Done mass_function_like status = 0 

Pipeline ran okay.
Likelihood mass_function_like_m_n = -8.320068217813969
Posterior = -2.700017300065525 for parameter set #506: [0.31455509038489116, 0.8073575507574001, -0.9995]
Running module mass_function_like
Model N: 1889743.709129947
Done mass_function_like status = 0 

Pipeline ran okay.
Likelihood mass_function_like_m_n = -8.165394458919764
Posterior = -1.497318178511863 for parameter set #506: [0.3014985271370449, 0.8387579434481903, -0.9995]
Running module mass_function_like
Model N: 1888775.3072137092
Done mass_function_like status = 0 

Pipeline ran okay.
Likelihood mass_function_like_m_n = -8.270747236907482
Posterior = -2.37287459507259 for parameter set #506: [0.3125014523674276, 0.8119829755953808, -0.9995]
Running module mass_function_like
Model N: 1878362.4217409042
Done mass_function_like status = 0 

Pipeline ran okay.
Likelihood mass_function_like_m_n = -40.892804976552725
Posterior = -37.631310764206184 for parameter set #507: [0.3261450185923195, 0.7802595156122532, -0.9995]
Running module mass_function_like
Model N: 1891952.7753484773
Done mass_function_like status = 0 

Pipeline ran okay.
Likelihood mass_function_like_m_n = -9.781176663935184
Posterior = -5.4721354888737554 for parameter set #507: [0.3217727491293533, 0.7929186343722481, -0.9995]
Running module mass_function_like
Model N: 1891208.8513529662
Done mass_function_like status = 0 

Pipeline ran okay.
Likelihood mass_function_like_m_n = -8.94907571002841
Posterior = -6.690334583336053 for parameter set #507: [0.3297340312491187, 0.7768808044814035, -0.9995]
Running module mass_function_like
Model N: 1885214.4165520752
Done mass_function_like status = 0 

Pipeline ran okay.
Likelihood mass_function_like_m_n = -12.933127898722887
Posterior = -6.549550456479388 for parameter set #507: [0.3076906014857968, 0.821974426315979, -0.9995]
Running module mass_function_like
Model N: 1892646.6859267328
Done mass_function_like status = 0 

Pipeline ran okay.
Likelihood mass_function_like_m_n = -10.820671014487743
Posterior = -4.568920889011469 for parameter set #508: [0.3092472057707604, 0.8207209276160803, -0.9995]
Model N: 1889123.2114724538
Done mass_function_like status = 0 

Pipeline ran okay.
Likelihood mass_function_like_m_n = -8.175757799297571
Posterior = -1.5974453808227977 for parameter set #508: [0.30449425811086606, 0.8310123457018646, -0.9995]
Model N: 1890459.063513588
Done mass_function_like status = 0 

Pipeline ran okay.
Likelihood mass_function_like_m_n = -8.40624164789915
Posterior = -1.7287935816310203 for parameter set #508: [0.30060928352055, 0.8412972736924954, -0.9995]
Model N: 1888984.1380642785
Done mass_function_like status = 0 

Pipeline ran okay.
Likelihood mass_function_like_m_n = -8.206039905548096
Posterior = -3.2669081317024347 for parameter set #508: [0.3186556823754294, 0.7985828145353956, -0.9995]
Running module mass_function_like
Running module mass_function_like
Running module mass_function_like
Running module mass_function_like
Model N: 1888173.2161437105
Done mass_function_like status = 0 

Pipeline ran okay.
Likelihood mass_function_like_m_n = -8.586623571813107
Posterior = -3.165930448018875 for parameter set #509: [0.3158657560457481, 0.8043351528628938, -0.9995]
Running module mass_function_like
Model N: 1889697.2734177716
Done mass_function_like status = 0 

Pipeline ran okay.
Likelihood mass_function_like_m_n = -8.159116320312023
Posterior = -1.479908106677751 for parameter set #509: [0.2998614469950328, 0.8429718296720818, -0.9995]
Running module mass_function_like
Model N: 1875609.0580638535
Done mass_function_like status = 0 

Pipeline ran okay.
Likelihood mass_function_like_m_n = -59.19921701774001
Posterior = -58.65596681466143 for parameter set #509: [0.33503156860670563, 0.7628776491194115, -0.9995]
Running module mass_function_like
Model N: 1889303.974987675
Done mass_function_like status = 0 

Pipeline ran okay.
Likelihood mass_function_like_m_n = -8.151702586561441
Posterior = -1.5216882337180113 for parameter set #509: [0.3031397402907492, 0.8344465003017784, -0.9995]
Running module mass_function_like
Model N: 1872663.7226277776
Done mass_function_like status = 0 

Pipeline ran okay.
Likelihood mass_function_like_m_n = -83.2898023352027
Posterior = -84.00554514485789 for parameter set #510: [0.33845789127855397, 0.7560534100778236, -0.9995]
Running module mass_function_like
Model N: 1883434.0197503683
Done mass_function_like status = 0 

Pipeline ran okay.
Likelihood mass_function_like_m_n = -17.790509521961212
Posterior = -12.20596029496018 for parameter set #510: [0.3147969927438596, 0.8052187181917023, -0.9995]
Running module mass_function_like
Model N: 1890451.7774568864
Done mass_function_like status = 0 

Pipeline ran okay.
Likelihood mass_function_like_m_n = -8.402424439787865
Posterior = -2.486392996472171 for parameter set #510: [0.3123553450376305, 0.8128421038595701, -0.9995]
Running module mass_function_like
Model N: 1892732.866789565
Done mass_function_like status = 0 

Pipeline ran okay.
Likelihood mass_function_like_m_n = -10.967506479471922
Posterior = -4.500500000737526 for parameter set #510: [0.30651609882638076, 0.827274758444858, -0.9995]
Running module mass_function_like
Model N: 1896743.4518377567
Done mass_function_like status = 0 

Pipeline ran okay.
Likelihood mass_function_like_m_n = -22.127689469605684
Posterior = -20.172212010630414 for parameter set #511: [0.33073703544369537, 0.7764845553092993, -0.9995]
Running module mass_function_like
Model N: 1887889.662369129
Done mass_function_like status = 0 

Pipeline ran okay.
Likelihood mass_function_like_m_n = -8.801923256367445
Posterior = -3.8917826862115596 for parameter set #511: [0.3188104419307698, 0.7979285051731764, -0.9995]
Running module mass_function_like
Model N: 1894597.4659884814
Done mass_function_like status = 0 

Pipeline ran okay.
Likelihood mass_function_like_m_n = -15.103053972125053
Posterior = -8.94790685347098 for parameter set #511: [0.3102387214011919, 0.8190305317444944, -0.9995]
Running module mass_function_like
Model N: 1890206.68695018
Done mass_function_like status = 0 

Pipeline ran okay.
Likelihood mass_function_like_m_n = -8.29037281870842
Posterior = -1.9319996355090812 for parameter set #511: [0.3080116292364395, 0.822846921800304, -0.9995]
Running module mass_function_like
Model N: 1879543.5879216264
Done mass_function_like status = 0 

Pipeline ran okay.
Likelihood mass_function_like_m_n = -34.284610599279404
Posterior = -28.586721553057444 for parameter set #512: [0.3140101045826806, 0.8057500687926059, -0.9995]
Model N: 1890715.483132018
Done mass_function_like status = 0 

Pipeline ran okay.
Likelihood mass_function_like_m_n = -8.558454751968384
Posterior = -1.989609714705736 for parameter set #512: [0.2952998050881362, 0.8556178243852587, -0.9995]
Model N: 1889915.0823911899
Done mass_function_like status = 0 

Pipeline ran okay.
Likelihood mass_function_like_m_n = -8.198438428342342
Posterior = -4.118371000485303 for parameter set #512: [0.322800161273347, 0.7902186772247625, -0.9995]
Model N: 1878677.9075196895
Done mass_function_like status = 0 

Pipeline ran okay.
Likelihood mass_function_like_m_n = -39.054687198251486
Posterior = -32.92473888848956 for parameter set #512: [0.2895180546791326, 0.8674699436407027, -0.9995]
Running module mass_function_like
Running module mass_function_like
Running module mass_function_like
Running module mass_function_like
Model N: 1889749.251844313
Done mass_function_like status = 0 

Pipeline ran okay.
Likelihood mass_function_like_m_n = -8.166220054030418
Posterior = -5.28002973328341 for parameter set #513: [0.32754310758633887, 0.780709204841488, -0.9995]
Running module mass_function_like
Model N: 1891351.9528261824
Done mass_function_like status = 0 

Pipeline ran okay.
Likelihood mass_function_like_m_n = -9.086435869336128
Posterior = -2.8555558664506595 for parameter set #513: [0.30947020797474617, 0.8197771875174185, -0.9995]
Running module mass_function_like
Model N: 1889475.3478982742
Done mass_function_like status = 0 

Pipeline ran okay.
Likelihood mass_function_like_m_n = -8.144869055598974
Posterior = -1.465888624789919 for parameter set #513: [0.3002544670906596, 0.8418702387297257, -0.9995]
Running module mass_function_like
Model N: 1889903.3516587983
Done mass_function_like status = 0 

Pipeline ran okay.
Likelihood mass_function_like_m_n = -8.195681158453226
Posterior = -1.8267993346316995 for parameter set #513: [0.30787937020946055, 0.8230620264165888, -0.9995]
Running module mass_function_like
Model N: 1890710.9397106003
Done mass_function_like status = 0 

Pipeline ran okay.
Likelihood mass_function_like_m_n = -8.555455274879932
Posterior = -5.068523623979967 for parameter set #514: [0.32526805313992446, 0.7854687501702592, -0.9995]
Running module mass_function_like
Model N: 1890744.6714354572
Done mass_function_like status = 0 

Pipeline ran okay.
Likelihood mass_function_like_m_n = -8.577984485775232
Posterior = -2.7041609444884127 for parameter set #514: [0.312692365083178, 0.8121713726225949, -0.9995]
Running module mass_function_like
Model N: 1886364.1870506038
Done mass_function_like status = 0 

Pipeline ran okay.
Likelihood mass_function_like_m_n = -10.69200974330306
Posterior = -6.052406097258295 for parameter set #514: [0.32019752733512413, 0.7945637414346249, -0.9995]
Running module mass_function_like
Model N: 1883851.9220460786
Done mass_function_like status = 0 

Pipeline ran okay.
Likelihood mass_function_like_m_n = -16.498840879648924
Posterior = -10.00451347483496 for parameter set #514: [0.3060823810057614, 0.825371265351637, -0.9995]
Running module mass_function_like
Model N: 1893054.8299810484
Done mass_function_like status = 0 

Pipeline ran okay.
Likelihood mass_function_like_m_n = -11.550720114260912
Posterior = -8.34069052302878 for parameter set #515: [0.3263411260468419, 0.7839994265239366, -0.9995]
Running module mass_function_like
Model N: 1892570.2702323408
Done mass_function_like status = 0 

Pipeline ran okay.
Likelihood mass_function_like_m_n = -10.693750400096178
Posterior = -6.187409852516547 for parameter set #515: [0.32084688778082027, 0.7950376850402417, -0.9995]
Running module mass_function_like
Model N: 1889373.6040558568
Done mass_function_like status = 0 

Pipeline ran okay.
Likelihood mass_function_like_m_n = -8.147051259875298
Posterior = -1.759204718225421 for parameter set #515: [0.3076348890844638, 0.8234707881994747, -0.9995]
Running module mass_function_like
Model N: 1885329.1554206656
Done mass_function_like status = 0 

Pipeline ran okay.
Likelihood mass_function_like_m_n = -12.677926130592823
Posterior = -6.894936790287552 for parameter set #515: [0.313388912263548, 0.8089146806487846, -0.9995]
Running module mass_function_like
Model N: 1891306.4750077953
Done mass_function_like status = 0 

Pipeline ran okay.
Likelihood mass_function_like_m_n = -9.041610050946474
Posterior = -2.6109909563318965 for parameter set #516: [0.3070524478544066, 0.8255045400260165, -0.9995]
Model N: 1894375.3245906767
Done mass_function_like status = 0 

Pipeline ran okay.
Likelihood mass_function_like_m_n = -14.514261521399021
Posterior = -9.283792599664835 for parameter set #516: [0.31702254550045916, 0.8037120274359945, -0.9995]
Model N: 1885906.7228349973
Done mass_function_like status = 0 

Pipeline ran okay.
Likelihood mass_function_like_m_n = -11.499561477452517
Posterior = -5.551461997893385 for parameter set #516: [0.287906987813195, 0.875122815883086, -0.9995]
Model N: 1891096.0823964565
Done mass_function_like status = 0 

Pipeline ran okay.
Likelihood mass_function_like_m_n = -8.848452504724264
Posterior = -2.219729193024836 for parameter set #516: [0.3031805938631259, 0.8349589716676082, -0.9995]
Running module mass_function_like
Running module mass_function_like
Running module mass_function_like
Running module mass_function_like
Model N: 1890738.6653242903
Done mass_function_like status = 0 

Pipeline ran okay.
Likelihood mass_function_like_m_n = -8.573929034173489
Posterior = -2.2421362907595626 for parameter set #517: [0.30833680340293895, 0.8222488709746676, -0.9995]
Running module mass_function_like
Model N: 1890081.2056626305
Done mass_function_like status = 0 

Pipeline ran okay.
Likelihood mass_function_like_m_n = -8.24529954791069
Posterior = -2.870717806719698 for parameter set #517: [0.31615377638274844, 0.8042907503021981, -0.9995]
Running module mass_function_like
Model N: 1889089.768878625
Done mass_function_like status = 0 

Pipeline ran okay.
Likelihood mass_function_like_m_n = -8.18210444971919
Posterior = -1.5192243780161796 for parameter set #517: [0.30181240870706294, 0.8377284434867978, -0.9995]
Running module mass_function_like
Model N: 1877736.75444244
Done mass_function_like status = 0 

Pipeline ran okay.
Likelihood mass_function_like_m_n = -44.6958253569901
Posterior = -39.3388602561883 for parameter set #517: [0.3162624665872579, 0.8003105553015043, -0.9995]
Running module mass_function_like
Model N: 1888816.285926911
Done mass_function_like status = 0 

Pipeline ran okay.
Likelihood mass_function_like_m_n = -8.256228409707546
Posterior = -2.5092096685006258 for parameter set #518: [0.3136549291986687, 0.8094069200766653, -0.9995]
Running module mass_function_like
Model N: 1889066.862861644
Done mass_function_like status = 0 

Pipeline ran okay.
Likelihood mass_function_like_m_n = -8.186793189495802
Posterior = -1.6808456811357342 for parameter set #518: [0.3058882372566012, 0.827576404714069, -0.9995]
Running module mass_function_like
Model N: 1889492.6022120283
Done mass_function_like status = 0 

Pipeline ran okay.
Likelihood mass_function_like_m_n = -8.145042326301336
Posterior = -4.67305068147701 for parameter set #518: [0.32532711019238425, 0.7850046948710443, -0.9995]
Running module mass_function_like
Model N: 1889698.2299653068
Done mass_function_like status = 0 

Pipeline ran okay.
Likelihood mass_function_like_m_n = -8.159234140068293
Posterior = -1.4804182110025348 for parameter set #518: [0.3003124961581976, 0.8417988587596853, -0.9995]
Running module mass_function_like
Model N: 1888724.4781959662
Done mass_function_like status = 0 

Pipeline ran okay.
Likelihood mass_function_like_m_n = -8.289991818368435
Posterior = -2.748524861496864 for parameter set #519: [0.3150853388522673, 0.8062115531046372, -0.9995]
Running module mass_function_like
Model N: 1887314.9681818807
Done mass_function_like status = 0 

Pipeline ran okay.
Likelihood mass_function_like_m_n = -9.369035545736551
Posterior = -4.474179037716334 for parameter set #519: [0.3188915202685754, 0.7975857133152991, -0.9995]
Running module mass_function_like
Model N: 1871236.8459384663
Done mass_function_like status = 0 

Pipeline ran okay.
Likelihood mass_function_like_m_n = -96.6403011828661
Posterior = -100.04861013821565 for parameter set #519: [0.3449168412817726, 0.7447529197850338, -0.9995]
Running module mass_function_like
Model N: 1893831.1037057005
Done mass_function_like status = 0 

Pipeline ran okay.
Likelihood mass_function_like_m_n = -13.18159606307745
Posterior = -6.988833407798522 for parameter set #519: [0.3098644973823431, 0.8196571094825837, -0.9995]
Running module mass_function_like
Model N: 1878792.4329759355
Done mass_function_like status = 0 

Pipeline ran okay.
Likelihood mass_function_like_m_n = -38.40060953423381
Posterior = -43.88294756481012 for parameter set #520: [0.34931864197012424, 0.7394073814875886, -0.9995]
Model N: 1871122.654443127
Done mass_function_like status = 0 

Pipeline ran okay.
Likelihood mass_function_like_m_n = -97.75618546828628
Posterior = -92.81599895788779 for parameter set #520: [0.3186500278172002, 0.7933017791373762, -0.9995]
Model N: 1892224.7843084855
Done mass_function_like status = 0 

Pipeline ran okay.
Likelihood mass_function_like_m_n = -10.158373940736055
Posterior = -3.87752172899404 for parameter set #520: [0.3089269478162268, 0.8213381875675775, -0.9995]
Model N: 1866292.2416649973
Done mass_function_like status = 0 

Pipeline ran okay.
Likelihood mass_function_like_m_n = -151.41499985009432
Posterior = -146.27171223073225 for parameter set #520: [0.2824727835698412, 0.8839684725894293, -0.9995]
Running module mass_function_like
Running module mass_function_like
Running module mass_function_like
Running module mass_function_like
Model N: 1876812.516573671
Done mass_function_like status = 0 

Pipeline ran okay.
Likelihood mass_function_like_m_n = -50.69752141088247
Posterior = -50.37523785582089 for parameter set #521: [0.33565675432018066, 0.7620698005854057, -0.9995]
Running module mass_function_like
Model N: 1891788.4283394194
Done mass_function_like status = 0 

Pipeline ran okay.
Likelihood mass_function_like_m_n = -9.572201866656542
Posterior = -3.662558425892337 for parameter set #521: [0.3124069396512274, 0.8131467455536453, -0.9995]
Running module mass_function_like
Model N: 1886534.737926767
Done mass_function_like status = 0 

Pipeline ran okay.
Likelihood mass_function_like_m_n = -10.419379707425833
Posterior = -5.150803513821808 for parameter set #521: [0.31679719026924547, 0.8018191412374636, -0.9995]
Running module mass_function_like
Model N: 1890175.3458799454
Done mass_function_like status = 0 

Pipeline ran okay.
Likelihood mass_function_like_m_n = -8.278334811329842
Posterior = -1.921255141138957 for parameter set #521: [0.30802775844329305, 0.8227982442915085, -0.9995]
Running module mass_function_like
Model N: 1880626.8259342706
Done mass_function_like status = 0 

Pipeline ran okay.
Likelihood mass_function_like_m_n = -28.880278401076794
Posterior = -29.945989405157608 for parameter set #522: [0.33935737593486387, 0.7565171361096008, -0.9995]
Running module mass_function_like
Model N: 1884044.8712687036
Done mass_function_like status = 0 

Pipeline ran okay.
Likelihood mass_function_like_m_n = -15.933844171464443
Posterior = -15.412429239703783 for parameter set #522: [0.3350938435243264, 0.7649778753242756, -0.9995]
Running module mass_function_like
Model N: 1884428.1276884442
Done mass_function_like status = 0 

Pipeline ran okay.
Likelihood mass_function_like_m_n = -14.870358299463987
Posterior = -8.89147588432153 for parameter set #522: [0.3118357237477709, 0.8121193000358616, -0.9995]
Running module mass_function_like
Model N: 1888781.6833971252
Done mass_function_like status = 0 

Pipeline ran okay.
Likelihood mass_function_like_m_n = -8.268429718911648
Posterior = -1.5938315389382538 for parameter set #522: [0.29902984348305994, 0.8448577501849032, -0.9995]
Running module mass_function_like
Model N: 1881068.4733429833
Done mass_function_like status = 0 

Pipeline ran okay.
Likelihood mass_function_like_m_n = -26.8568107932806
Posterior = -23.331341522900487 for parameter set #523: [0.325115074867219, 0.7830431623191878, -0.9995]
Running module mass_function_like
Model N: 1890099.223697975
Done mass_function_like status = 0 

Pipeline ran okay.
Likelihood mass_function_like_m_n = -8.25125965103507
Posterior = -3.878998256775043 for parameter set #523: [0.32148042273350397, 0.79298061402518, -0.9995]
Running module mass_function_like
Model N: 1886248.3382199963
Done mass_function_like status = 0 

Pipeline ran okay.
Likelihood mass_function_like_m_n = -10.886005867272615
Posterior = -6.059495245294124 for parameter set #523: [0.31924990169497863, 0.7965134694991233, -0.9995]
Running module mass_function_like
Model N: 1892364.2147141667
Done mass_function_like status = 0 

Pipeline ran okay.
Likelihood mass_function_like_m_n = -10.366860590875149
Posterior = -4.430842309945911 for parameter set #523: [0.3121925052173945, 0.8138159080641278, -0.9995]
Running module mass_function_like
Model N: 1891994.366940307
Done mass_function_like status = 0 

Pipeline ran okay.
Likelihood mass_function_like_m_n = -9.836323030292988
Posterior = -3.61568110833141 for parameter set #524: [0.30957770615908237, 0.8197334060787248, -0.9995]
Model N: 1892843.581000597
Done mass_function_like status = 0 

Pipeline ran okay.
Likelihood mass_function_like_m_n = -11.161890640854836
Posterior = -9.915985775864877 for parameter set #524: [0.3329648277208307, 0.7712287408363316, -0.9995]
Model N: 1887465.2480784298
Done mass_function_like status = 0 

Pipeline ran okay.
Likelihood mass_function_like_m_n = -9.20382609218359
Posterior = -4.044416462493217 for parameter set #524: [0.3174349910732402, 0.8007298212175992, -0.9995]
Model N: 1890667.750358383
Done mass_function_like status = 0 

Pipeline ran okay.
Likelihood mass_function_like_m_n = -8.527487345039845
Posterior = -2.062613126819171 for parameter set #524: [0.30654874003285404, 0.8265081858431997, -0.9995]
Running module mass_function_like
Running module mass_function_like
Running module mass_function_like
Running module mass_function_like
Model N: 1881298.217055288
Done mass_function_like status = 0 

Pipeline ran okay.
Likelihood mass_function_like_m_n = -25.84539493918419
Posterior = -19.366682356041274 for parameter set #525: [0.29366609732996657, 0.8566297206265361, -0.9995]
Running module mass_function_like
Model N: 1876504.9163518446
Done mass_function_like status = 0 

Pipeline ran okay.
Likelihood mass_function_like_m_n = -52.79658019170165
Posterior = -46.191502058369565 for parameter set #525: [0.29614705138943914, 0.848094531163008, -0.9995]
Running module mass_function_like
Model N: 1886702.3928221867
Done mass_function_like status = 0 

Pipeline ran okay.
Likelihood mass_function_like_m_n = -10.166430376470089
Posterior = -3.548728452489666 for parameter set #525: [0.30351005055034186, 0.8326314019189306, -0.9995]
Running module mass_function_like
Model N: 1852880.3747853357
Done mass_function_like status = 0 

Pipeline ran okay.
Likelihood mass_function_like_m_n = -366.96771919727325
Posterior = -362.73112466353075 for parameter set #525: [0.27789701529400307, 0.8930869136804447, -0.9995]
Running module mass_function_like
Model N: 1881242.6376669018
Done mass_function_like status = 0 

Pipeline ran okay.
Likelihood mass_function_like_m_n = -26.087491627782583
Posterior = -19.683535477319573 for parameter set #526: [0.30742089007932594, 0.8213154065333055, -0.9995]
Running module mass_function_like
Model N: 1889023.3834053245
Done mass_function_like status = 0 

Pipeline ran okay.
Likelihood mass_function_like_m_n = -8.196457341313362
Posterior = -2.3589738777078955 for parameter set #526: [0.3129755210662596, 0.810992972647285, -0.9995]
Running module mass_function_like
Model N: 1891001.0565517116
Done mass_function_like status = 0 

Pipeline ran okay.
Likelihood mass_function_like_m_n = -8.768877610564232
Posterior = -2.278580684296676 for parameter set #526: [0.3061482887382205, 0.8275902374086253, -0.9995]
Running module mass_function_like
Model N: 1872412.8488515043
Done mass_function_like status = 0 

Pipeline ran okay.
Likelihood mass_function_like_m_n = -85.55756341293454
Posterior = -79.70684899040205 for parameter set #526: [0.28712685138920774, 0.8720714474111939, -0.9995]
Running module mass_function_like
Model N: 1880856.979708144
Done mass_function_like status = 0 

Pipeline ran okay.
Likelihood mass_function_like_m_n = -27.81279844418168
Posterior = -22.627238544371036 for parameter set #527: [0.3172843530309905, 0.7990653722756246, -0.9995]
Running module mass_function_like
Model N: 1889370.9673124831
Done mass_function_like status = 0 

Pipeline ran okay.
Likelihood mass_function_like_m_n = -8.147180646657944
Posterior = -1.5222000679103385 for parameter set #527: [0.3032961680649686, 0.8340771960541088, -0.9995]
Running module mass_function_like
Model N: 1887355.5185368068
Done mass_function_like status = 0 

Pipeline ran okay.
Likelihood mass_function_like_m_n = -9.32327664270997
Posterior = -6.949045102476084 for parameter set #527: [0.32934304911925927, 0.7765697541677632, -0.9995]
Running module mass_function_like
Model N: 1886009.2597542666
Done mass_function_like status = 0 

Pipeline ran okay.
Likelihood mass_function_like_m_n = -11.308890253305435
Posterior = -9.424673986186972 for parameter set #527: [0.33096800907772966, 0.7731198168251521, -0.9995]
Running module mass_function_like
Model N: 1891179.8064938562
Done mass_function_like status = 0 

Pipeline ran okay.
Likelihood mass_function_like_m_n = -8.922516766935587
Posterior = -2.299475236199015 for parameter set #528: [0.3033544796190655, 0.8345510140820259, -0.9995]
Model N: 1888269.4712496863
Done mass_function_like status = 0 

Pipeline ran okay.
Likelihood mass_function_like_m_n = -8.52322618290782
Posterior = -3.518152634841721 for parameter set #528: [0.3182988013281969, 0.7991271034194477, -0.9995]
Model N: 1886550.3756146103
Done mass_function_like status = 0 

Pipeline ran okay.
Likelihood mass_function_like_m_n = -10.395155366510153
Posterior = -3.8959125474585345 for parameter set #528: [0.29399897709955075, 0.8576716363008897, -0.9995]
Model N: 1897978.161654979
Done mass_function_like status = 0 

Pipeline ran okay.
Likelihood mass_function_like_m_n = -27.26585177332163
Posterior = -20.865085502444998 for parameter set #528: [0.30746375143521765, 0.8267259521365726, -0.9995]
Running module mass_function_like
Running module mass_function_like
Running module mass_function_like
Running module mass_function_like
Model N: 1878966.9387119813
Done mass_function_like status = 0 

Pipeline ran okay.
Likelihood mass_function_like_m_n = -37.41747139766812
Posterior = -33.62094527245476 for parameter set #529: [0.32401157251450574, 0.7846388889529041, -0.9995]
Running module mass_function_like
Model N: 1888927.2705032527
Done mass_function_like status = 0 

Pipeline ran okay.
Likelihood mass_function_like_m_n = -8.221372403204441
Posterior = -4.3835789174520485 for parameter set #529: [0.3238390885419632, 0.7878265511677477, -0.9995]
Running module mass_function_like
Model N: 1890115.6914432587
Done mass_function_like status = 0 

Pipeline ran okay.
Likelihood mass_function_like_m_n = -8.256857126951218
Posterior = -1.878246406117464 for parameter set #529: [0.30775491428033147, 0.8234284329137507, -0.9995]
Running module mass_function_like
Model N: 1888120.9826229648
Done mass_function_like status = 0 

Pipeline ran okay.
Likelihood mass_function_like_m_n = -8.623081855475903
Posterior = -2.0821608823896334 for parameter set #529: [0.30526085972487255, 0.8287901220386272, -0.9995]
Running module mass_function_like
Model N: 1884769.6112361888
Done mass_function_like status = 0 

Pipeline ran okay.
Likelihood mass_function_like_m_n = -13.988629400730133
Posterior = -12.771338508703272 for parameter set #530: [0.33305151526415494, 0.7689044204948612, -0.9995]
Running module mass_function_like
Model N: 1882458.4328484775
Done mass_function_like status = 0 

Pipeline ran okay.
Likelihood mass_function_like_m_n = -21.168020457029343
Posterior = -14.493140040922619 for parameter set #530: [0.29905938507310637, 0.8425308956477725, -0.9995]
Running module mass_function_like
Model N: 1890643.7380798233
Done mass_function_like status = 0 

Pipeline ran okay.
Likelihood mass_function_like_m_n = -8.51236429437995
Posterior = -1.8502081942467417 for parameter set #530: [0.301851923226108, 0.8381678839630746, -0.9995]
Running module mass_function_like
Model N: 1888962.3653773677
Done mass_function_like status = 0 

Pipeline ran okay.
Likelihood mass_function_like_m_n = -8.211707890033722
Posterior = -1.5435554196808159 for parameter set #530: [0.2985065658395969, 0.8463047033186107, -0.9995]
Running module mass_function_like
Model N: 1888789.4526593909
Done mass_function_like status = 0 

Pipeline ran okay.
Likelihood mass_function_like_m_n = -8.265634965151548
Posterior = -2.1737970705953717 for parameter set #531: [0.31083943083149684, 0.8157750321566488, -0.9995]
Running module mass_function_like
Model N: 1885729.7878970033
Done mass_function_like status = 0 

Pipeline ran okay.
Likelihood mass_function_like_m_n = -11.84171362966299
Posterior = -5.335093525448427 for parameter set #531: [0.3058768034524839, 0.8264917329929632, -0.9995]
Running module mass_function_like
Model N: 1886385.9164946473
Done mass_function_like status = 0 

Pipeline ran okay.
Likelihood mass_function_like_m_n = -10.656416155397892
Posterior = -4.298286107348034 for parameter set #531: [0.3080146634397252, 0.8215895884173936, -0.9995]
Running module mass_function_like
Model N: 1889302.8460394195
Done mass_function_like status = 0 

Pipeline ran okay.
Likelihood mass_function_like_m_n = -8.151799142360687
Posterior = -1.52174778018035 for parameter set #531: [0.3031385613306055, 0.834449187066119, -0.9995]
Running module mass_function_like
Model N: 1884542.08502395
Done mass_function_like status = 0 

Pipeline ran okay.
Likelihood mass_function_like_m_n = -14.569217436015606
Posterior = -10.040817415145119 for parameter set #532: [0.32074080122579507, 0.7929007428833501, -0.9995]
Model N: 1886881.8343255224
Done mass_function_like status = 0 

Pipeline ran okay.
Likelihood mass_function_like_m_n = -9.912228010594845
Posterior = -3.253277268243048 for parameter set #532: [0.30201759539840883, 0.8364420769900851, -0.9995]
Model N: 1890056.3566227814
Done mass_function_like status = 0 

Pipeline ran okay.
Likelihood mass_function_like_m_n = -8.237361539155245
Posterior = -1.6156422516814004 for parameter set #532: [0.303393667951829, 0.8340674635908956, -0.9995]
Model N: 1890472.350620745
Done mass_function_like status = 0 

Pipeline ran okay.
Likelihood mass_function_like_m_n = -8.413275100290775
Posterior = -1.8424778185356399 for parameter set #532: [0.30465847435444404, 0.8310633630887856, -0.9995]
Running module mass_function_like
Running module mass_function_like
Running module mass_function_like
Running module mass_function_like
Model N: 1883310.4605198465
Done mass_function_like status = 0 

Pipeline ran okay.
Likelihood mass_function_like_m_n = -18.19022700190544
Posterior = -18.32251200862633 for parameter set #533: [0.33690959009534266, 0.7615217480855211, -0.9995]
Running module mass_function_like
Model N: 1886495.9767978855
Done mass_function_like status = 0 

Pipeline ran okay.
Likelihood mass_function_like_m_n = -10.479984294623137
Posterior = -3.9045689038843694 for parameter set #533: [0.30455826299310235, 0.8299668396306878, -0.9995]
Running module mass_function_like
Model N: 1890591.714830302
Done mass_function_like status = 0 

Pipeline ran okay.
Likelihood mass_function_like_m_n = -8.480645257979631
Posterior = -1.9842020612580527 for parameter set #533: [0.3060474953755852, 0.82769857977712, -0.9995]
Running module mass_function_like
Model N: 1887119.9474722098
Done mass_function_like status = 0 

Pipeline ran okay.
Likelihood mass_function_like_m_n = -9.601291555911303
Posterior = -2.983083210590179 for parameter set #533: [0.3034955930251983, 0.8328097954072651, -0.9995]
Running module mass_function_like
Model N: 1890980.4195785732
Done mass_function_like status = 0 

Pipeline ran okay.
Likelihood mass_function_like_m_n = -8.752226755023003
Posterior = -4.143383774145603 for parameter set #534: [0.3203492565831423, 0.795607881407204, -0.9995]
Running module mass_function_like
Model N: 1893848.669129129
Done mass_function_like status = 0 

Pipeline ran okay.
Likelihood mass_function_like_m_n = -13.222173269838095
Posterior = -7.627221347985481 for parameter set #534: [0.3147265221723093, 0.8085868460771748, -0.9995]
Running module mass_function_like
Model N: 1890665.7185034477
Done mass_function_like status = 0 

Pipeline ran okay.
Likelihood mass_function_like_m_n = -8.526195872575045
Posterior = -2.0287264726434096 for parameter set #534: [0.3060305024397402, 0.8277646911937111, -0.9995]
Running module mass_function_like
Model N: 1884732.8169271394
Done mass_function_like status = 0 

Pipeline ran okay.
Likelihood mass_function_like_m_n = -14.080652419477701
Posterior = -7.656651802218093 for parameter set #534: [0.3071456781490715, 0.8231123178116364, -0.9995]
Running module mass_function_like
Model N: 1883732.8000156214
Done mass_function_like status = 0 

Pipeline ran okay.
Likelihood mass_function_like_m_n = -16.857551507651806
Posterior = -19.31632366793509 for parameter set #535: [0.34275061720862865, 0.7514651835962435, -0.9995]
Running module mass_function_like
Model N: 1887759.7465439152
Done mass_function_like status = 0 

Pipeline ran okay.
Likelihood mass_function_like_m_n = -8.914804734289646
Posterior = -4.185834701323715 for parameter set #535: [0.319750109697641, 0.7959108770982042, -0.9995]
Running module mass_function_like
Model N: 1887713.73237988
Done mass_function_like status = 0 

Pipeline ran okay.
Likelihood mass_function_like_m_n = -8.956931620836258
Posterior = -6.239220620839761 for parameter set #535: [0.32814815517334556, 0.7789674537494956, -0.9995]
Running module mass_function_like
Model N: 1889464.1175334505
Done mass_function_like status = 0 

Pipeline ran okay.
Likelihood mass_function_like_m_n = -8.14484092220664
Posterior = -2.989700477572149 for parameter set #535: [0.31745946020743887, 0.8012804725644229, -0.9995]
Running module mass_function_like
Model N: 1892324.6626011867
Done mass_function_like status = 0 

Pipeline ran okay.
Likelihood mass_function_like_m_n = -10.306677110493183
Posterior = -3.866718936589251 for parameter set #536: [0.30691875746657254, 0.8261643243503076, -0.9995]
Model N: 1889782.3306162339
Done mass_function_like status = 0 

Pipeline ran okay.
Likelihood mass_function_like_m_n = -8.171485148370266
Posterior = -2.7158108191129475 for parameter set #536: [0.31564371994797197, 0.805312373602574, -0.9995]
Model N: 1894446.732549491
Done mass_function_like status = 0 

Pipeline ran okay.
Likelihood mass_function_like_m_n = -14.70069719478488
Posterior = -8.142025441662842 for parameter set #536: [0.3049118722537982, 0.8317830495886225, -0.9995]
Model N: 1870227.7131428355
Done mass_function_like status = 0 

Pipeline ran okay.
Likelihood mass_function_like_m_n = -106.74535416439176
Posterior = -101.7867589582547 for parameter set #536: [0.2814489407732435, 0.8889055845972264, -0.9995]
Running module mass_function_like
Running module mass_function_like
Running module mass_function_like
Running module mass_function_like
Model N: 1887041.6085936886
Done mass_function_like status = 0 

Pipeline ran okay.
Likelihood mass_function_like_m_n = -9.700268398970366
Posterior = -3.605111363113542 for parameter set #537: [0.31080876646480415, 0.8152880634037075, -0.9995]
Running module mass_function_like
Model N: 1889603.894005089
Done mass_function_like status = 0 

Pipeline ran okay.
Likelihood mass_function_like_m_n = -8.149945493787527
Posterior = -1.8850741808684308 for parameter set #537: [0.30910420655950976, 0.8200687342794376, -0.9995]
Running module mass_function_like
Model N: 1890548.2145594514
Done mass_function_like status = 0 

Pipeline ran okay.
Likelihood mass_function_like_m_n = -8.45522104203701
Posterior = -3.7882996582178805 for parameter set #537: [0.32006181853417615, 0.7960821752501906, -0.9995]
Running module mass_function_like
Model N: 1884224.8086957578
Done mass_function_like status = 0 

Pipeline ran okay.
Likelihood mass_function_like_m_n = -15.424806535243988
Posterior = -8.949798026781501 for parameter set #537: [0.30639211529695315, 0.8247490739224105, -0.9995]
Running module mass_function_like
Model N: 1895610.306683353
Done mass_function_like status = 0 

Pipeline ran okay.
Likelihood mass_function_like_m_n = -18.116739951074123
Posterior = -11.877151628761505 for parameter set #538: [0.30937780225849937, 0.8213777033216502, -0.9995]
Running module mass_function_like
Model N: 1886986.4492379273
Done mass_function_like status = 0 

Pipeline ran okay.
Likelihood mass_function_like_m_n = -9.771912798285484
Posterior = -3.355891366080657 for parameter set #538: [0.307256483529994, 0.8235891136784489, -0.9995]
Running module mass_function_like
Model N: 1891717.0831866183
Done mass_function_like status = 0 

Pipeline ran okay.
Likelihood mass_function_like_m_n = -9.485921952873468
Posterior = -3.999288824624304 for parameter set #538: [0.3154445528913014, 0.8063431096976369, -0.9995]
Running module mass_function_like
Model N: 1868814.9469717748
Done mass_function_like status = 0 

Pipeline ran okay.
Likelihood mass_function_like_m_n = -121.81652173772454
Posterior = -124.42108233239225 for parameter set #538: [0.34309028844873957, 0.7471876021510131, -0.9995]
Running module mass_function_like
Model N: 1887586.5125788313
Done mass_function_like status = 0 

Pipeline ran okay.
Likelihood mass_function_like_m_n = -9.079246897250414
Posterior = -6.39658803626484 for parameter set #539: [0.3282724082360333, 0.778691920278654, -0.9995]
Running module mass_function_like
Model N: 1889369.2083590755
Done mass_function_like status = 0 

Pipeline ran okay.
Likelihood mass_function_like_m_n = -8.147269006818533
Posterior = -3.0204812576443247 for parameter set #539: [0.31762110353602174, 0.8009047596021527, -0.9995]
Running module mass_function_like
Model N: 1888482.8737325848
Done mass_function_like status = 0 

Pipeline ran okay.
Likelihood mass_function_like_m_n = -8.400179237127304
Posterior = -3.360304538951585 for parameter set #539: [0.31810761994373904, 0.7995982542681999, -0.9995]
Running module mass_function_like
Model N: 1871089.3944585698
Done mass_function_like status = 0 

Pipeline ran okay.
Likelihood mass_function_like_m_n = -98.08252681046724
Posterior = -94.56316647239659 for parameter set #539: [0.3251393868669844, 0.7801933292766212, -0.9995]
Running module mass_function_like
Model N: 1886959.560729254
Done mass_function_like status = 0 

Pipeline ran okay.
Likelihood mass_function_like_m_n = -9.80742260068655
Posterior = -4.764038449967369 for parameter set #540: [0.31808822847926804, 0.7991829717119984, -0.9995]
Model N: 1887483.2350440123
Done mass_function_like status = 0 

Pipeline ran okay.
Likelihood mass_function_like_m_n = -9.184854868799448
Posterior = -2.5065005461166194 for parameter set #540: [0.30043586136038203, 0.8406987724530294, -0.9995]
Model N: 1891039.462748829
Done mass_function_like status = 0 

Pipeline ran okay.
Likelihood mass_function_like_m_n = -8.80046458542347
Posterior = -2.7550906065515113 for parameter set #540: [0.31125993090066045, 0.815526529827483, -0.9995]
Model N: 1869268.4579752374
Done mass_function_like status = 0 

Pipeline ran okay.
Likelihood mass_function_like_m_n = -116.86093709617853
Posterior = -121.57276313492176 for parameter set #540: [0.34773076625627003, 0.7396832376307736, -0.9995]
Running module mass_function_like
Running module mass_function_like
Running module mass_function_like
Running module mass_function_like
Model N: 1899732.2966396036
Done mass_function_like status = 0 

Pipeline ran okay.
Likelihood mass_function_like_m_n = -35.940285459160805
Posterior = -29.75535998886178 for parameter set #541: [0.30994362839220346, 0.8213861951806656, -0.9995]
Running module mass_function_like
Model N: 1889196.6887532386
Done mass_function_like status = 0 

Pipeline ran okay.
Likelihood mass_function_like_m_n = -8.16389313340187
Posterior = -1.8228225385400592 for parameter set #541: [0.3082247626524829, 0.8220103734183414, -0.9995]
Running module mass_function_like
Model N: 1874582.2692756874
Done mass_function_like status = 0 

Pipeline ran okay.
Likelihood mass_function_like_m_n = -67.06778724864125
Posterior = -60.51961413781019 for parameter set #541: [0.294878846077706, 0.8508111029629948, -0.9995]
Running module mass_function_like
Model N: 1868839.0923926549
Done mass_function_like status = 0 

Pipeline ran okay.
Likelihood mass_function_like_m_n = -121.54987709224224
Posterior = -115.78098358586344 for parameter set #541: [0.2865062185290305, 0.8725081071009031, -0.9995]
Running module mass_function_like
Model N: 1887560.8915393734
Done mass_function_like status = 0 

Pipeline ran okay.
Likelihood mass_function_like_m_n = -9.104918487370014
Posterior = -2.4277174633435408 for parameter set #542: [0.29935143631249883, 0.8435782201263278, -0.9995]
Running module mass_function_like
Model N: 1888068.0273112163
Done mass_function_like status = 0 

Pipeline ran okay.
Likelihood mass_function_like_m_n = -8.661520078778267
Posterior = -2.287370506143983 for parameter set #542: [0.30781222920395857, 0.8226199023820994, -0.9995]
Running module mass_function_like
Model N: 1891339.3549157316
Done mass_function_like status = 0 

Pipeline ran okay.
Likelihood mass_function_like_m_n = -9.073909174650908
Posterior = -2.4371493748417574 for parameter set #542: [0.302916998405932, 0.8357063407736672, -0.9995]
Running module mass_function_like
Model N: 1888743.0070412585
Done mass_function_like status = 0 

Pipeline ran okay.
Likelihood mass_function_like_m_n = -8.282818045467138
Posterior = -6.129901645089081 for parameter set #542: [0.3300878307557462, 0.7755295963815563, -0.9995]
Running module mass_function_like
Model N: 1889365.2444457652
Done mass_function_like status = 0 

Pipeline ran okay.
Likelihood mass_function_like_m_n = -8.147474139928818
Posterior = -1.5421553893611435 for parameter set #543: [0.3038466985258147, 0.8327003102808523, -0.9995]
Running module mass_function_like
Model N: 1888229.004709014
Done mass_function_like status = 0 

Pipeline ran okay.
Likelihood mass_function_like_m_n = -8.54928083717823
Posterior = -1.8736882843913882 for parameter set #543: [0.30086158522774675, 0.8398626613817567, -0.9995]
Running module mass_function_like
Model N: 1890387.2260269786
Done mass_function_like status = 0 

Pipeline ran okay.
Likelihood mass_function_like_m_n = -8.369831439107656
Posterior = -3.5003004622105847 for parameter set #543: [0.3190251056313132, 0.7982186123689154, -0.9995]
Running module mass_function_like
Model N: 1890980.4159908302
Done mass_function_like status = 0 

Pipeline ran okay.
Likelihood mass_function_like_m_n = -8.752223879098892
Posterior = -2.8129049776055712 for parameter set #543: [0.3121654042005753, 0.8134398219336737, -0.9995]
Running module mass_function_like
Model N: 1892880.857408234
Done mass_function_like status = 0 

Pipeline ran okay.
Likelihood mass_function_like_m_n = -11.228792566806078
Posterior = -4.755871985168531 for parameter set #544: [0.3064246963612711, 0.8275456932641756, -0.9995]
Model N: 1891864.3965754074
Done mass_function_like status = 0 

Pipeline ran okay.
Likelihood mass_function_like_m_n = -9.667026802897453
Posterior = -3.450021376053442 for parameter set #544: [0.3096155995285389, 0.819602853391098, -0.9995]
Model N: 1876116.1184032953
Done mass_function_like status = 0 

Pipeline ran okay.
Likelihood mass_function_like_m_n = -55.52237554639578
Posterior = -50.222443296305286 for parameter set #544: [0.28339053313185697, 0.8851674508432149, -0.9995]
Model N: 1800583.3048606613
Done mass_function_like status = 0 

Pipeline ran okay.
Likelihood mass_function_like_m_n = -2166.6354277692735
Posterior = -2168.1305367195005 for parameter set #544: [0.2595663181282312, 0.9356792714726778, -0.9995]
Running module mass_function_like
Running module mass_function_like
Running module mass_function_like
Running module mass_function_like
Model N: 1874650.5894654642
Done mass_function_like status = 0 

Pipeline ran okay.
Likelihood mass_function_like_m_n = -66.5266327150166
Posterior = -64.53310172471883 for parameter set #545: [0.33061298158628927, 0.7707138689609474, -0.9995]
Running module mass_function_like
Model N: 1875179.4581608672
Done mass_function_like status = 0 

Pipeline ran okay.
Likelihood mass_function_like_m_n = -62.42242881655693
Posterior = -57.629269863839795 for parameter set #545: [0.3194223852582172, 0.7928890659023559, -0.9995]
Running module mass_function_like
Model N: 1883079.8006740941
Done mass_function_like status = 0 

Pipeline ran okay.
Likelihood mass_function_like_m_n = -18.958181224763393
Posterior = -12.279450247512864 for parameter set #545: [0.29966140848809497, 0.8411844762624651, -0.9995]
Running module mass_function_like
Model N: 1888388.7362697036
Done mass_function_like status = 0 

Pipeline ran okay.
Likelihood mass_function_like_m_n = -8.45148404687643
Posterior = -1.8952749616541062 for parameter set #545: [0.30496175600141473, 0.8296129368696807, -0.9995]
Running module mass_function_like
Model N: 1891174.5849620702
Done mass_function_like status = 0 

Pipeline ran okay.
Likelihood mass_function_like_m_n = -8.917789403349161
Posterior = -2.8295695974530872 for parameter set #546: [0.3108727585498265, 0.8164602236165126, -0.9995]
Running module mass_function_like
Model N: 1889275.4156486988
Done mass_function_like status = 0 

Pipeline ran okay.
Likelihood mass_function_like_m_n = -8.154352568089962
Posterior = -2.245236895984064 for parameter set #546: [0.31241119274046053, 0.8123445297232005, -0.9995]
Running module mass_function_like
Model N: 1889182.2979509064
Done mass_function_like status = 0 

Pipeline ran okay.
Likelihood mass_function_like_m_n = -8.16599179059267
Posterior = -1.5523516296147406 for parameter set #546: [0.3036239215590923, 0.8331933539183272, -0.9995]
Running module mass_function_like
Model N: 1839979.0370077656
Done mass_function_like status = 0 

Pipeline ran okay.
Likelihood mass_function_like_m_n = -667.7168017029762
Posterior = -663.9820560612013 for parameter set #546: [0.275732496805253, 0.8946788224333799, -0.9995]
Running module mass_function_like
Model N: 1884742.3261951813
Done mass_function_like status = 0 

Pipeline ran okay.
Likelihood mass_function_like_m_n = -14.056800618767738
Posterior = -9.51488204815761 for parameter set #547: [0.32067551995815374, 0.7930944321663033, -0.9995]
Running module mass_function_like
Model N: 1892619.290098222
Done mass_function_like status = 0 

Pipeline ran okay.
Likelihood mass_function_like_m_n = -10.774814449250698
Posterior = -4.588136146868388 for parameter set #547: [0.30992598504862756, 0.8191212826238837, -0.9995]
Running module mass_function_like
Model N: 1890594.8587103544
Done mass_function_like status = 0 

Pipeline ran okay.
Likelihood mass_function_like_m_n = -8.482521496713161
Posterior = -2.9687702858679668 for parameter set #547: [0.3152679598340119, 0.8063860103161093, -0.9995]
Running module mass_function_like
Model N: 1865211.053625278
Done mass_function_like status = 0 

Pipeline ran okay.
Likelihood mass_function_like_m_n = -165.15672702342272
Posterior = -158.78809380284494 for parameter set #547: [0.29211747530631926, 0.8549197538809434, -0.9995]
Running module mass_function_like
Model N: 1898697.8262016845
Done mass_function_like status = 0 

Pipeline ran okay.
Likelihood mass_function_like_m_n = -30.629616755992174
Posterior = -26.95521694475358 for parameter set #548: [0.32451491132789023, 0.7892664067814226, -0.9995]
Model N: 1892968.690609012
Done mass_function_like status = 0 

Pipeline ran okay.
Likelihood mass_function_like_m_n = -11.38932878896594
Posterior = -4.942907863828966 for parameter set #548: [0.3068247091245448, 0.8266054006982402, -0.9995]
Model N: 1894131.5918223108
Done mass_function_like status = 0 

Pipeline ran okay.
Likelihood mass_function_like_m_n = -13.898133028298616
Posterior = -8.535517299504018 for parameter set #548: [0.31622768294930365, 0.8053681542643801, -0.9995]
Model N: 1855716.4260187966
Done mass_function_like status = 0 

Pipeline ran okay.
Likelihood mass_function_like_m_n = -313.1817035712302
Posterior = -308.08404900023214 for parameter set #548: [0.2822143337076613, 0.8803893358073798, -0.9995]
Running module mass_function_like
Running module mass_function_like
Running module mass_function_like
Running module mass_function_like
Model N: 1888768.8422271404
Done mass_function_like status = 0 

Pipeline ran okay.
Likelihood mass_function_like_m_n = -8.273119017481804
Posterior = -1.5968364191297244 for parameter set #549: [0.2992226197895341, 0.8443459722789612, -0.9995]
Running module mass_function_like
Model N: 1889603.04116745
Done mass_function_like status = 0 

Pipeline ran okay.
Likelihood mass_function_like_m_n = -8.14988299831748
Posterior = -1.8836677049993504 for parameter set #549: [0.30908943238043024, 0.8201032426732185, -0.9995]
Running module mass_function_like
Model N: 1890098.9577269268
Done mass_function_like status = 0 

Pipeline ran okay.
Likelihood mass_function_like_m_n = -8.251170422881842
Posterior = -2.138717911914336 for parameter set #549: [0.3106475507732313, 0.8166357515892632, -0.9995]
Running module mass_function_like
Model N: 1879302.5123361326
Done mass_function_like status = 0 

Pipeline ran okay.
Likelihood mass_function_like_m_n = -35.57270247861743
Posterior = -29.234799733358198 for parameter set #549: [0.29173681111130856, 0.8613049677328823, -0.9995]
Running module mass_function_like
Model N: 1885945.8246635336
Done mass_function_like status = 0 

Pipeline ran okay.
Likelihood mass_function_like_m_n = -11.426191337406635
Posterior = -10.017065901889417 for parameter set #550: [0.3324659167829679, 0.7703030326766392, -0.9995]
Running module mass_function_like
Model N: 1891356.8859934125
Done mass_function_like status = 0 

Pipeline ran okay.
Likelihood mass_function_like_m_n = -9.091363992542028
Posterior = -6.036634531376199 for parameter set #550: [0.326924244602753, 0.7823709927582356, -0.9995]
Running module mass_function_like
Model N: 1891114.848968433
Done mass_function_like status = 0 

Pipeline ran okay.
Likelihood mass_function_like_m_n = -8.864731825888157
Posterior = -2.2250788539796247 for parameter set #550: [0.30281606911852915, 0.8358838738768084, -0.9995]
Running module mass_function_like
Model N: 1888133.8360463956
Done mass_function_like status = 0 

Pipeline ran okay.
Likelihood mass_function_like_m_n = -8.613976206630468
Posterior = -2.244568032201112 for parameter set #550: [0.3078726872652334, 0.8224982233540102, -0.9995]
Running module mass_function_like
Model N: 1890836.289216896
Done mass_function_like status = 0 

Pipeline ran okay.
Likelihood mass_function_like_m_n = -8.64221028611064
Posterior = -3.8965754015316794 for parameter set #551: [0.3196655501511208, 0.7970002719660587, -0.9995]
Running module mass_function_like
Model N: 1872541.0207689018
Done mass_function_like status = 0 

Pipeline ran okay.
Likelihood mass_function_like_m_n = -84.39472239091992
Posterior = -84.26459030006838 for parameter set #551: [0.3361916346894103, 0.7600066055004585, -0.9995]
Running module mass_function_like
Model N: 1885648.6873123806
Done mass_function_like status = 0 

Pipeline ran okay.
Likelihood mass_function_like_m_n = -12.004103358834982
Posterior = -5.723618179543758 for parameter set #551: [0.30893105838094204, 0.8191932354327908, -0.9995]
Running module mass_function_like
Model N: 1888979.407965834
Done mass_function_like status = 0 

Pipeline ran okay.
Likelihood mass_function_like_m_n = -8.20724992826581
Posterior = -4.209999673094238 for parameter set #551: [0.32316054378955134, 0.7892150687225646, -0.9995]
Running module mass_function_like
Model N: 1887595.9019869773
Done mass_function_like status = 0 

Pipeline ran okay.
Likelihood mass_function_like_m_n = -9.069926127791405
Posterior = -3.9027433762005757 for parameter set #552: [0.3173903504663901, 0.8008649273992219, -0.9995]
Model N: 1885134.7799328212
Done mass_function_like status = 0 

Pipeline ran okay.
Likelihood mass_function_like_m_n = -13.114370062947273
Posterior = -7.102698762008801 for parameter set #552: [0.288444629842608, 0.8731941371941424, -0.9995]
Model N: 1889684.7428807165
Done mass_function_like status = 0 

Pipeline ran okay.
Likelihood mass_function_like_m_n = -8.157617665827274
Posterior = -3.0625492717648317 for parameter set #552: [0.3178002011463228, 0.8006160437378175, -0.9995]
Model N: 1886712.0444914328
Done mass_function_like status = 0 

Pipeline ran okay.
Likelihood mass_function_like_m_n = -10.152322623878717
Posterior = -3.6580978520663656 for parameter set #552: [0.2939159318462422, 0.8579641993388332, -0.9995]
Running module mass_function_like
Running module mass_function_like
Running module mass_function_like
Running module mass_function_like
Model N: 1891480.4713944509
Done mass_function_like status = 0 

Pipeline ran okay.
Likelihood mass_function_like_m_n = -9.219017419964075
Posterior = -2.6009523657398255 for parameter set #553: [0.30349968981728237, 0.8342898218121865, -0.9995]
Running module mass_function_like
Model N: 1888717.5481030014
Done mass_function_like status = 0 

Pipeline ran okay.
Likelihood mass_function_like_m_n = -8.292721658945084
Posterior = -2.2961790420428843 for parameter set #553: [0.3116855601612246, 0.8138153321856277, -0.9995]
Running module mass_function_like
Model N: 1888285.158239237
Done mass_function_like status = 0 

Pipeline ran okay.
Likelihood mass_function_like_m_n = -8.513359408825636
Posterior = -1.903079433035046 for parameter set #553: [0.30371548711529484, 0.8326589882136086, -0.9995]
Running module mass_function_like
Model N: 1863794.4721065168
Done mass_function_like status = 0 

Pipeline ran okay.
Likelihood mass_function_like_m_n = -184.12219773605466
Posterior = -177.8310938036657 for parameter set #553: [0.2911886406732986, 0.85697883791426, -0.9995]
Running module mass_function_like
Model N: 1885938.666692317
Done mass_function_like status = 0 

Pipeline ran okay.
Likelihood mass_function_like_m_n = -11.43956172466278
Posterior = -6.415349122468538 for parameter set #554: [0.3181939088494801, 0.7986526717704765, -0.9995]
Running module mass_function_like
Model N: 1883168.526137257
Done mass_function_like status = 0 

Pipeline ran okay.
Likelihood mass_function_like_m_n = -18.659425728023052
Posterior = -12.07825599706085 for parameter set #554: [0.30443022499085537, 0.829160616482199, -0.9995]
Running module mass_function_like
Model N: 1890768.9906261605
Done mass_function_like status = 0 

Pipeline ran okay.
Likelihood mass_function_like_m_n = -8.594600204378366
Posterior = -6.195780761048891 for parameter set #554: [0.32925913448815847, 0.7776703488439758, -0.9995]
Running module mass_function_like
Model N: 1891174.9744589098
Done mass_function_like status = 0 

Pipeline ran okay.
Likelihood mass_function_like_m_n = -8.918141543865204
Posterior = -2.3090734131443984 for parameter set #554: [0.30374796124818265, 0.8335640935895168, -0.9995]
Running module mass_function_like
Model N: 1880413.3599116628
Done mass_function_like status = 0 

Pipeline ran okay.
Likelihood mass_function_like_m_n = -29.89565397053957
Posterior = -27.5213822026956 for parameter set #555: [0.3293429120247675, 0.7746677926503283, -0.9995]
Running module mass_function_like
Model N: 1888070.3374737387
Done mass_function_like status = 0 

Pipeline ran okay.
Likelihood mass_function_like_m_n = -8.659812215715647
Posterior = -3.5596633567528837 for parameter set #555: [0.3177716366120143, 0.8001915892311484, -0.9995]
Running module mass_function_like
Model N: 1888847.377084962
Done mass_function_like status = 0 

Pipeline ran okay.
Likelihood mass_function_like_m_n = -8.245806127786636
Posterior = -2.2412703137765355 for parameter set #555: [0.3116169564370372, 0.8140130149178365, -0.9995]
Running module mass_function_like
Model N: 1889454.7477390969
Done mass_function_like status = 0 

Pipeline ran okay.
Likelihood mass_function_like_m_n = -8.144868530333042
Posterior = -1.4849433092115127 for parameter set #555: [0.301968703999522, 0.8374576160938914, -0.9995]
Running module mass_function_like
Model N: 1892963.9784838508
Done mass_function_like status = 0 

Pipeline ran okay.
Likelihood mass_function_like_m_n = -11.38061298429966
Posterior = -4.850424260983168 for parameter set #556: [0.3054610525541091, 0.8299275999291863, -0.9995]
Model N: 1891220.2762317702
Done mass_function_like status = 0 

Pipeline ran okay.
Likelihood mass_function_like_m_n = -8.959644868969917
Posterior = -2.484337551676278 for parameter set #556: [0.29361256106069794, 0.8605188768530285, -0.9995]
Model N: 1890286.470830843
Done mass_function_like status = 0 

Pipeline ran okay.
Likelihood mass_function_like_m_n = -8.323361832648516
Posterior = -2.8736265494020135 for parameter set #556: [0.31568163840332825, 0.8053840515201061, -0.9995]
Model N: 1892076.2878590953
Done mass_function_like status = 0 

Pipeline ran okay.
Likelihood mass_function_like_m_n = -9.947612471878529
Posterior = -3.6886024733049556 for parameter set #556: [0.30916836081027166, 0.8207208549235807, -0.9995]
Running module mass_function_like
Running module mass_function_like
Running module mass_function_like
Running module mass_function_like
Model N: 1886984.2486452223
Done mass_function_like status = 0 

Pipeline ran okay.
Likelihood mass_function_like_m_n = -9.774804558604956
Posterior = -6.609331507279506 for parameter set #557: [0.3265097383879387, 0.7819584822126957, -0.9995]
Running module mass_function_like
Model N: 1889595.2002131315
Done mass_function_like status = 0 

Pipeline ran okay.
Likelihood mass_function_like_m_n = -8.149326462298632
Posterior = -1.79064767556671 for parameter set #557: [0.3080078138287335, 0.8226553495686101, -0.9995]
Running module mass_function_like
Model N: 1888540.4187830647
Done mass_function_like status = 0 

Pipeline ran okay.
Likelihood mass_function_like_m_n = -8.371129482984543
Posterior = -1.6920357991154695 for parameter set #557: [0.3002051898833406, 0.8416680853564816, -0.9995]
Running module mass_function_like
Model N: 1887692.3957720902
Done mass_function_like status = 0 

Pipeline ran okay.
Likelihood mass_function_like_m_n = -8.976846687495708
Posterior = -2.4078565208317 for parameter set #557: [0.3046971061654212, 0.8300289102766955, -0.9995]
Running module mass_function_like
Model N: 1887940.4788860776
Done mass_function_like status = 0 

Pipeline ran okay.
Likelihood mass_function_like_m_n = -8.760204210877419
Posterior = -5.03711687662743 for parameter set #558: [0.32431549655697045, 0.786585855584587, -0.9995]
Running module mass_function_like
Model N: 1891203.0064365717
Done mass_function_like status = 0 

Pipeline ran okay.
Likelihood mass_function_like_m_n = -8.943695232272148
Posterior = -5.10153265789034 for parameter set #558: [0.3238207540767642, 0.7885170780828621, -0.9995]
Running module mass_function_like
Model N: 1882891.6792224504
Done mass_function_like status = 0 

Pipeline ran okay.
Likelihood mass_function_like_m_n = -19.605497919023037
Posterior = -12.933873320824652 for parameter set #558: [0.30123932240452717, 0.8370359690839453, -0.9995]
Running module mass_function_like
Model N: 1895638.3523480857
Done mass_function_like status = 0 

Pipeline ran okay.
Likelihood mass_function_like_m_n = -18.20786691084504
Posterior = -11.938581341917597 for parameter set #558: [0.3090555908629173, 0.8221477751990426, -0.9995]
Running module mass_function_like
Model N: 1891132.677672058
Done mass_function_like status = 0 

Pipeline ran okay.
Likelihood mass_function_like_m_n = -8.880369938910007
Posterior = -3.66364719001203 for parameter set #559: [0.3171031076089243, 0.8025523572070205, -0.9995]
Running module mass_function_like
Model N: 1890471.8957124695
Done mass_function_like status = 0 

Pipeline ran okay.
Likelihood mass_function_like_m_n = -8.413032751530409
Posterior = -2.3507106988557513 for parameter set #559: [0.3111083945341849, 0.8156934539803581, -0.9995]
Running module mass_function_like
Model N: 1890934.0720241172
Done mass_function_like status = 0 

Pipeline ran okay.
Likelihood mass_function_like_m_n = -8.715651661157608
Posterior = -4.267322738799683 for parameter set #559: [0.3211233296426121, 0.7939811049779716, -0.9995]
Running module mass_function_like
Model N: 1888627.4533703744
Done mass_function_like status = 0 

Pipeline ran okay.
Likelihood mass_function_like_m_n = -8.330526009202003
Posterior = -1.664624666093335 for parameter set #559: [0.3016372449542772, 0.8380145720459582, -0.9995]
Running module mass_function_like
Model N: 1886992.9389448022
Done mass_function_like status = 0 

Pipeline ran okay.
Likelihood mass_function_like_m_n = -9.76339976489544
Posterior = -4.514661574827221 for parameter set #560: [0.31691488107106863, 0.8017045899342888, -0.9995]
Model N: 1887873.9074482715
Done mass_function_like status = 0 

Pipeline ran okay.
Likelihood mass_function_like_m_n = -8.815135646611452
Posterior = -2.1387087792603836 for parameter set #560: [0.30075859487991036, 0.840003563945337, -0.9995]
Model N: 1893358.424951533
Done mass_function_like status = 0 

Pipeline ran okay.
Likelihood mass_function_like_m_n = -12.150727551430464
Posterior = -10.468965959580963 for parameter set #560: [0.33161500468594207, 0.7738962823576206, -0.9995]
Model N: 1869575.2838642995
Done mass_function_like status = 0 

Pipeline ran okay.
Likelihood mass_function_like_m_n = -113.57128252834082
Posterior = -108.48834734832893 for parameter set #560: [0.28213176551363667, 0.8864316054422728, -0.9995]
Running module mass_function_like
Running module mass_function_like
Running module mass_function_like
Running module mass_function_like
Model N: 1893158.5563626399
Done mass_function_like status = 0 

Pipeline ran okay.
Likelihood mass_function_like_m_n = -11.750254355370998
Posterior = -5.466323892547177 for parameter set #561: [0.3088923982759026, 0.821724402678945, -0.9995]
Running module mass_function_like
Model N: 1891673.3816394468
Done mass_function_like status = 0 

Pipeline ran okay.
Likelihood mass_function_like_m_n = -9.434399589896202
Posterior = -2.774645671177881 for parameter set #561: [0.301977386132847, 0.8382060459166032, -0.9995]
Running module mass_function_like
Model N: 1890202.7246316203
Done mass_function_like status = 0 

Pipeline ran okay.
Likelihood mass_function_like_m_n = -8.28882221877575
Posterior = -1.619081468233679 for parameter set #561: [0.30138300020015396, 0.8392136050755195, -0.9995]
Running module mass_function_like
Model N: 1888926.528199957
Done mass_function_like status = 0 

Pipeline ran okay.
Likelihood mass_function_like_m_n = -8.221583861857653
Posterior = -1.6821199362318033 for parameter set #561: [0.30528848319812685, 0.8289929847956061, -0.9995]
Running module mass_function_like
Model N: 1889548.938599199
Done mass_function_like status = 0 

Pipeline ran okay.
Likelihood mass_function_like_m_n = -8.146705128252506
Posterior = -1.495591947233745 for parameter set #562: [0.30237449014701845, 0.836460078977949, -0.9995]
Running module mass_function_like
Model N: 1892114.0443018393
Done mass_function_like status = 0 

Pipeline ran okay.
Likelihood mass_function_like_m_n = -10.000096995383501
Posterior = -4.642089615873372 for parameter set #562: [0.316256056217915, 0.8046888258905359, -0.9995]
Running module mass_function_like
Model N: 1889826.7487437616
Done mass_function_like status = 0 

Pipeline ran okay.
Likelihood mass_function_like_m_n = -8.179465718567371
Posterior = -4.282858587870751 for parameter set #562: [0.32359108758668653, 0.7885858848522024, -0.9995]
Running module mass_function_like
Model N: 1883655.8999362017
Done mass_function_like status = 0 

Pipeline ran okay.
Likelihood mass_function_like_m_n = -17.093132972717285
Posterior = -10.474347883385576 for parameter set #562: [0.3034790547273215, 0.8316719961578588, -0.9995]
Running module mass_function_like
Model N: 1874186.4127574614
Done mass_function_like status = 0 

Pipeline ran okay.
Likelihood mass_function_like_m_n = -70.25271565467119
Posterior = -68.18333781548773 for parameter set #563: [0.3303642103771092, 0.7710530576231921, -0.9995]
Running module mass_function_like
Model N: 1890741.4757369498
Done mass_function_like status = 0 

Pipeline ran okay.
Likelihood mass_function_like_m_n = -8.575824309140444
Posterior = -3.084521716310663 for parameter set #563: [0.3154142895099347, 0.806109425758026, -0.9995]
Running module mass_function_like
Model N: 1889427.6494079842
Done mass_function_like status = 0 

Pipeline ran okay.
Likelihood mass_function_like_m_n = -8.145209889858961
Posterior = -1.471670715586363 for parameter set #563: [0.3010737806142413, 0.8397365606050222, -0.9995]
Running module mass_function_like
Model N: 1887908.9966174373
Done mass_function_like status = 0 

Pipeline ran okay.
Likelihood mass_function_like_m_n = -8.785888999700546
Posterior = -3.274986773020143 for parameter set #563: [0.31528660833298083, 0.8055196576251292, -0.9995]
Running module mass_function_like
Model N: 1887889.3399155426
Done mass_function_like status = 0 

Pipeline ran okay.
Likelihood mass_function_like_m_n = -8.802192352712154
Posterior = -2.9101124093019575 for parameter set #564: [0.31254770301609025, 0.8115999800787408, -0.9995]
Model N: 1897739.2609501428
Done mass_function_like status = 0 

Pipeline ran okay.
Likelihood mass_function_like_m_n = -26.20925945043564
Posterior = -19.719277527406327 for parameter set #564: [0.30615341003478375, 0.8298357833069647, -0.9995]
Model N: 1890214.406217059
Done mass_function_like status = 0 

Pipeline ran okay.
Likelihood mass_function_like_m_n = -8.293417487293482
Posterior = -3.388295498832397 for parameter set #564: [0.3188371028019126, 0.7985657287262449, -0.9995]
Model N: 1902394.831305333
Done mass_function_like status = 0 

Pipeline ran okay.
Likelihood mass_function_like_m_n = -52.18422221764922
Posterior = -48.58219918631247 for parameter set #564: [0.32480839038298714, 0.7897356646076511, -0.9995]
Running module mass_function_like
Running module mass_function_like
Running module mass_function_like
Running module mass_function_like
Model N: 1889562.8318246517
Done mass_function_like status = 0 

Pipeline ran okay.
Likelihood mass_function_like_m_n = -8.147373378276825
Posterior = -4.4273610600464846 for parameter set #565: [0.32432813959216716, 0.7870235644663088, -0.9995]
Running module mass_function_like
Model N: 1888935.696013336
Done mass_function_like status = 0 

Pipeline ran okay.
Likelihood mass_function_like_m_n = -8.218992672860622
Posterior = -1.7248402996778438 for parameter set #565: [0.30608525800812786, 0.8270544206459235, -0.9995]
Running module mass_function_like
Model N: 1881640.6715741293
Done mass_function_like status = 0 

Pipeline ran okay.
Likelihood mass_function_like_m_n = -24.39008777588606
Posterior = -19.408687437541687 for parameter set #565: [0.3184277174927652, 0.7968764074277774, -0.9995]
Running module mass_function_like
Model N: 1887733.8789077473
Done mass_function_like status = 0 

Pipeline ran okay.
Likelihood mass_function_like_m_n = -8.938348911702633
Posterior = -2.368177805074838 for parameter set #565: [0.304671896653018, 0.8301047054320306, -0.9995]
Running module mass_function_like
Model N: 1869812.730325128
Done mass_function_like status = 0 

Pipeline ran okay.
Likelihood mass_function_like_m_n = -111.06041557341814
Posterior = -111.96058284264014 for parameter set #566: [0.3389344871997364, 0.7545009464939185, -0.9995]
Running module mass_function_like
Model N: 1889392.1847427525
Done mass_function_like status = 0 

Pipeline ran okay.
Likelihood mass_function_like_m_n = -8.146243814378977
Posterior = -5.203954140076203 for parameter set #566: [0.3273386705017176, 0.781008692148915, -0.9995]
Running module mass_function_like
Model N: 1886375.1571163374
Done mass_function_like status = 0 

Pipeline ran okay.
Likelihood mass_function_like_m_n = -10.674009054899216
Posterior = -4.080413104638884 for parameter set #566: [0.30414024753003654, 0.8309566240926906, -0.9995]
Running module mass_function_like
Model N: 1888455.7117156517
Done mass_function_like status = 0 

Pipeline ran okay.
Likelihood mass_function_like_m_n = -8.414500579237938
Posterior = -1.8070146505965141 for parameter set #566: [0.30378994115175356, 0.8325317935846802, -0.9995]
Running module mass_function_like
Model N: 1890802.6650868037
Done mass_function_like status = 0 

Pipeline ran okay.
Likelihood mass_function_like_m_n = -8.618123840540648
Posterior = -3.5192534786726775 for parameter set #567: [0.31777882918778527, 0.8009988056733974, -0.9995]
Running module mass_function_like
Model N: 1882179.3610159787
Done mass_function_like status = 0 

Pipeline ran okay.
Likelihood mass_function_like_m_n = -22.227499302476645
Posterior = -20.458845381334026 for parameter set #567: [0.3313389542811102, 0.7713884142531977, -0.9995]
Running module mass_function_like
Model N: 1883634.2264489694
Done mass_function_like status = 0 

Pipeline ran okay.
Likelihood mass_function_like_m_n = -17.160097986459732
Posterior = -11.100644932060085 for parameter set #567: [0.31113419187826896, 0.8134616515306292, -0.9995]
Running module mass_function_like
Model N: 1883961.6155916813
Done mass_function_like status = 0 

Pipeline ran okay.
Likelihood mass_function_like_m_n = -16.175203770399094
Posterior = -9.611514402721701 for parameter set #567: [0.2951913654613226, 0.8534106077380992, -0.9995]
Running module mass_function_like
Model N: 1888405.0110035979
Done mass_function_like status = 0 

Pipeline ran okay.
Likelihood mass_function_like_m_n = -8.442278634756804
Posterior = -1.7831718810198698 for parameter set #568: [0.30200984798297115, 0.8369889107552406, -0.9995]
Model N: 1886242.921879574
Done mass_function_like status = 0 

Pipeline ran okay.
Likelihood mass_function_like_m_n = -10.895250260829926
Posterior = -4.453734198412118 for parameter set #568: [0.29310379617626636, 0.8600685263308238, -0.9995]
Model N: 1889170.2797341556
Done mass_function_like status = 0 

Pipeline ran okay.
Likelihood mass_function_like_m_n = -8.16782846301794
Posterior = -2.1134299348345227 for parameter set #568: [0.28882050385637364, 0.8736770677661065, -0.9995]
Model N: 1892245.552668146
Done mass_function_like status = 0 

Pipeline ran okay.
Likelihood mass_function_like_m_n = -10.18877812102437
Posterior = -3.8583058252865907 for parameter set #568: [0.30835262716242523, 0.822704349411026, -0.9995]
Running module mass_function_like
Running module mass_function_like
Running module mass_function_like
Running module mass_function_like
Model N: 1889475.8057126496
Done mass_function_like status = 0 

Pipeline ran okay.
Likelihood mass_function_like_m_n = -8.14487161487341
Posterior = -1.7425428215155438 for parameter set #569: [0.3074427871789046, 0.8239633455167815, -0.9995]
Running module mass_function_like
Model N: 1889958.958954163
Done mass_function_like status = 0 

Pipeline ran okay.
Likelihood mass_function_like_m_n = -8.209396801888943
Posterior = -1.6458772518475495 for parameter set #569: [0.3048121647575453, 0.8305104823966706, -0.9995]
Running module mass_function_like
Model N: 1888436.602603403
Done mass_function_like status = 0 

Pipeline ran okay.
Likelihood mass_function_like_m_n = -8.424810208380222
Posterior = -1.788217845499343 for parameter set #569: [0.30292273281123405, 0.8346935739092873, -0.9995]
Running module mass_function_like
Model N: 1880969.641373171
Done mass_function_like status = 0 

Pipeline ran okay.
Likelihood mass_function_like_m_n = -27.300575137138367
Posterior = -20.967786540888863 for parameter set #569: [0.2916751504270564, 0.8621174446714925, -0.9995]
Running module mass_function_like
Model N: 1891048.9802994488
Done mass_function_like status = 0 

Pipeline ran okay.
Likelihood mass_function_like_m_n = -8.808412745594978
Posterior = -2.158305048101992 for parameter set #570: [0.3024164643931667, 0.8368722923034241, -0.9995]
Running module mass_function_like
Model N: 1888098.5196981458
Done mass_function_like status = 0 

Pipeline ran okay.
Likelihood mass_function_like_m_n = -8.639205310493708
Posterior = -2.3526636727989967 for parameter set #570: [0.3088629855084558, 0.8201468703478153, -0.9995]
Running module mass_function_like
Model N: 1893442.8649714256
Done mass_function_like status = 0 

Pipeline ran okay.
Likelihood mass_function_like_m_n = -12.326245561242104
Posterior = -7.421956998132233 for parameter set #570: [0.3188415266642612, 0.799522043292843, -0.9995]
Running module mass_function_like
Model N: 1889888.9790890487
Done mass_function_like status = 0 

Pipeline ran okay.
Likelihood mass_function_like_m_n = -8.1924021653831
Posterior = -1.5865360770532764 for parameter set #570: [0.30383244334544884, 0.8329143016437501, -0.9995]
Running module mass_function_like
Model N: 1888749.7827369994
Done mass_function_like status = 0 

Pipeline ran okay.
Likelihood mass_function_like_m_n = -8.28024011477828
Posterior = -1.7772673665470293 for parameter set #571: [0.30593854275187016, 0.8273483236298216, -0.9995]
Running module mass_function_like
Model N: 1888535.689863689
Done mass_function_like status = 0 

Pipeline ran okay.
Likelihood mass_function_like_m_n = -8.373450566083193
Posterior = -3.9161939648830364 for parameter set #571: [0.3210810227318792, 0.7933656718673544, -0.9995]
Running module mass_function_like
Model N: 1893403.779848937
Done mass_function_like status = 0 

Pipeline ran okay.
Likelihood mass_function_like_m_n = -12.244535617530346
Posterior = -9.525401065622408 for parameter set #571: [0.3281430973647261, 0.780558734526735, -0.9995]
Running module mass_function_like
Model N: 1888831.6606934424
Done mass_function_like status = 0 

Pipeline ran okay.
Likelihood mass_function_like_m_n = -8.251010537147522
Posterior = -2.505744616310966 for parameter set #571: [0.31366775971016203, 0.8093833137099616, -0.9995]
Running module mass_function_like
Model N: 1863482.6997430432
Done mass_function_like status = 0 

Pipeline ran okay.
Likelihood mass_function_like_m_n = -188.44275838136673
Posterior = -185.942232192268 for parameter set #572: [0.32890943793715627, 0.7708846310955232, -0.9995]
Model N: 1893758.4128942715
Done mass_function_like status = 0 

Pipeline ran okay.
Likelihood mass_function_like_m_n = -13.015404015779495
Posterior = -6.3637028057477725 for parameter set #572: [0.30234959521103005, 0.8379816721464074, -0.9995]
Model N: 1888637.6402055845
Done mass_function_like status = 0 

Pipeline ran okay.
Likelihood mass_function_like_m_n = -8.32603595405817
Posterior = -1.6668829255164468 for parameter set #572: [0.3020075442594611, 0.8370752873134293, -0.9995]
Model N: 1886909.9845086
Done mass_function_like status = 0 

Pipeline ran okay.
Likelihood mass_function_like_m_n = -9.873900316655636
Posterior = -4.0826740388218035 for parameter set #572: [0.2866727503176659, 0.8792999821692905, -0.9995]
Running module mass_function_like
Running module mass_function_like
Running module mass_function_like
Running module mass_function_like
Model N: 1889406.6384808433
Done mass_function_like status = 0 

Pipeline ran okay.
Likelihood mass_function_like_m_n = -8.145742066204548
Posterior = -3.7616441607605893 for parameter set #573: [0.32142524815663165, 0.792891717192046, -0.9995]
Running module mass_function_like
Model N: 1884769.8019011163
Done mass_function_like status = 0 

Pipeline ran okay.
Likelihood mass_function_like_m_n = -13.988154422491789
Posterior = -7.529379724795392 for parameter set #573: [0.30664122730545795, 0.8243312592694712, -0.9995]
Running module mass_function_like
Model N: 1888703.2395702722
Done mass_function_like status = 0 

Pipeline ran okay.
Likelihood mass_function_like_m_n = -8.298438414931297
Posterior = -1.680048789656297 for parameter set #573: [0.3034904032155383, 0.8333630978796563, -0.9995]
Running module mass_function_like
Model N: 1887336.2741869236
Done mass_function_like status = 0 

Pipeline ran okay.
Likelihood mass_function_like_m_n = -9.344884112477303
Posterior = -2.668278800465286 for parameter set #573: [0.2992653046484178, 0.8437239220936771, -0.9995]
Running module mass_function_like
Model N: 1890312.3491658065
Done mass_function_like status = 0 

Pipeline ran okay.
Likelihood mass_function_like_m_n = -8.334784969687462
Posterior = -5.143145189899476 for parameter set #574: [0.32641084784145413, 0.7830884243315915, -0.9995]
Running module mass_function_like
Model N: 1889423.7628783076
Done mass_function_like status = 0 

Pipeline ran okay.
Likelihood mass_function_like_m_n = -8.145290717482567
Posterior = -2.1046565736934024 for parameter set #574: [0.31130194721736953, 0.8149157936181487, -0.9995]
Running module mass_function_like
Model N: 1881673.4964186784
Done mass_function_like status = 0 

Pipeline ran okay.
Likelihood mass_function_like_m_n = -24.25388142839074
Posterior = -17.5749794856877 for parameter set #574: [0.3002836390689445, 0.83905420119957, -0.9995]
Running module mass_function_like
Model N: 1891597.6296995715
Done mass_function_like status = 0 

Pipeline ran okay.
Likelihood mass_function_like_m_n = -9.347480099648237
Posterior = -2.6823594245165765 for parameter set #574: [0.3016842519513742, 0.8389287711535108, -0.9995]
Running module mass_function_like
Model N: 1879240.493986296
Done mass_function_like status = 0 

Pipeline ran okay.
Likelihood mass_function_like_m_n = -35.909100849181414
Posterior = -34.61214623760276 for parameter set #575: [0.33280960099340295, 0.7678756520653252, -0.9995]
Running module mass_function_like
Model N: 1889970.1443092863
Done mass_function_like status = 0 

Pipeline ran okay.
Likelihood mass_function_like_m_n = -8.21235329285264
Posterior = -1.9576923945985847 for parameter set #575: [0.3092156746910483, 0.8199260475450134, -0.9995]
Running module mass_function_like
Model N: 1890398.349427553
Done mass_function_like status = 0 

Pipeline ran okay.
Likelihood mass_function_like_m_n = -8.37529070675373
Posterior = -2.959197307949591 for parameter set #575: [0.3158947211331691, 0.8049523690815132, -0.9995]
Running module mass_function_like
Model N: 1880115.3383498534
Done mass_function_like status = 0 

Pipeline ran okay.
Likelihood mass_function_like_m_n = -31.35395611077547
Posterior = -29.31957098064464 for parameter set #575: [0.33047923577840943, 0.772440700228358, -0.9995]
Running module mass_function_like
Model N: 1892224.865807951
Done mass_function_like status = 0 

Pipeline ran okay.
Likelihood mass_function_like_m_n = -10.158492807298899
Posterior = -3.9142115233389774 for parameter set #576: [0.30932762471747527, 0.8203949282995965, -0.9995]
Model N: 1890736.0166913008
Done mass_function_like status = 0 

Pipeline ran okay.
Likelihood mass_function_like_m_n = -8.57214668020606
Posterior = -3.8354706623878636 for parameter set #576: [0.3197110536526691, 0.7968746437171137, -0.9995]
Model N: 1887061.5986230732
Done mass_function_like status = 0 

Pipeline ran okay.
Likelihood mass_function_like_m_n = -9.674702659249306
Posterior = -5.0493039577437635 for parameter set #576: [0.3202677354275442, 0.7946224340723083, -0.9995]
Model N: 1884057.874098951
Done mass_function_like status = 0 

Pipeline ran okay.
Likelihood mass_function_like_m_n = -15.89648187160492
Posterior = -9.645684245262792 for parameter set #576: [0.29074249956016124, 0.8659932554662512, -0.9995]
Running module mass_function_like
Running module mass_function_like
Running module mass_function_like
Running module mass_function_like
Model N: 1891774.3243348156
Done mass_function_like status = 0 

Pipeline ran okay.
Likelihood mass_function_like_m_n = -9.554932333528996
Posterior = -4.396077174841407 for parameter set #577: [0.31743817100284666, 0.8020242328818326, -0.9995]
Running module mass_function_like
Model N: 1887189.00490163
Done mass_function_like status = 0 

Pipeline ran okay.
Likelihood mass_function_like_m_n = -9.516741584986448
Posterior = -2.8502387436857415 for parameter set #577: [0.3016000848108455, 0.8376092178141865, -0.9995]
Running module mass_function_like
Model N: 1891574.1297454867
Done mass_function_like status = 0 

Pipeline ran okay.
Likelihood mass_function_like_m_n = -9.32113153487444
Posterior = -2.641827579681239 for parameter set #577: [0.2999930269518995, 0.8432940034233416, -0.9995]
Running module mass_function_like
Model N: 1889203.6705255844
Done mass_function_like status = 0 

Pipeline ran okay.
Likelihood mass_function_like_m_n = -8.162914454936981
Posterior = -1.7089616251201143 for parameter set #577: [0.3067134397814136, 0.825624059444276, -0.9995]
Running module mass_function_like
Model N: 1885932.0958143282
Done mass_function_like status = 0 

Pipeline ran okay.
Likelihood mass_function_like_m_n = -11.451859440654516
Posterior = -9.559834381545599 for parameter set #578: [0.3309427831301623, 0.7731463147487352, -0.9995]
Running module mass_function_like
Model N: 1892206.5888689877
Done mass_function_like status = 0 

Pipeline ran okay.
Likelihood mass_function_like_m_n = -10.131923492997885
Posterior = -3.482604762004092 for parameter set #578: [0.30244889637659117, 0.8371907946463113, -0.9995]
Running module mass_function_like
Model N: 1893892.9336776002
Done mass_function_like status = 0 

Pipeline ran okay.
Likelihood mass_function_like_m_n = -13.325147982686758
Posterior = -7.6374898441140715 for parameter set #578: [0.3140829404581395, 0.8100338573130856, -0.9995]
Running module mass_function_like
Model N: 1893909.702945601
Done mass_function_like status = 0 

Pipeline ran okay.
Likelihood mass_function_like_m_n = -13.364428706467152
Posterior = -7.1068480341024305 for parameter set #578: [0.3091839373467536, 0.8212809689052133, -0.9995]
Running module mass_function_like
Model N: 1878179.8741407918
Done mass_function_like status = 0 

Pipeline ran okay.
Likelihood mass_function_like_m_n = -41.98072623088956
Posterior = -40.970404537823036 for parameter set #579: [0.3336718948241517, 0.7660152540351812, -0.9995]
Running module mass_function_like
Model N: 1888411.8311830508
Done mass_function_like status = 0 

Pipeline ran okay.
Likelihood mass_function_like_m_n = -8.438462693244219
Posterior = -3.9294219478016075 for parameter set #579: [0.3208339312318515, 0.7938418484943754, -0.9995]
Running module mass_function_like
Model N: 1888684.2417906236
Done mass_function_like status = 0 

Pipeline ran okay.
Likelihood mass_function_like_m_n = -8.3061962723732
Posterior = -2.816473288601438 for parameter set #579: [0.31542453379871455, 0.8054553261255581, -0.9995]
Running module mass_function_like
Model N: 1888601.2089392026
Done mass_function_like status = 0 

Pipeline ran okay.
Likelihood mass_function_like_m_n = -8.342347014695406
Posterior = -2.0503897461347798 for parameter set #579: [0.3088016694978802, 0.820454133694259, -0.9995]
Running module mass_function_like
Model N: 1890444.188039018
Done mass_function_like status = 0 

Pipeline ran okay.
Likelihood mass_function_like_m_n = -8.398478146642447
Posterior = -2.709887849999287 for parameter set #580: [0.31407631984338974, 0.8089746184465294, -0.9995]
Model N: 1891959.3999581363
Done mass_function_like status = 0 

Pipeline ran okay.
Likelihood mass_function_like_m_n = -9.789899110794067
Posterior = -3.1429747743318117 for parameter set #580: [0.3025447931879799, 0.8368618186877096, -0.9995]
Model N: 1893207.199818551
Done mass_function_like status = 0 

Pipeline ran okay.
Likelihood mass_function_like_m_n = -11.845781542360783
Posterior = -9.319706724312189 for parameter set #580: [0.32882092774447624, 0.7791890075778249, -0.9995]
Model N: 1881892.7917440694
Done mass_function_like status = 0 

Pipeline ran okay.
Likelihood mass_function_like_m_n = -23.35866905003786
Posterior = -19.767227735670343 for parameter set #580: [0.32485100756083213, 0.7837988821468949, -0.9995]
Running module mass_function_like
Running module mass_function_like
Running module mass_function_like
Running module mass_function_like
Model N: 1889508.8201688295
Done mass_function_like status = 0 

Pipeline ran okay.
Likelihood mass_function_like_m_n = -8.145348843187094
Posterior = -1.7390774748709301 for parameter set #581: [0.3073896255655349, 0.8241012894143698, -0.9995]
Running module mass_function_like
Model N: 1888812.8349523484
Done mass_function_like status = 0 

Pipeline ran okay.
Likelihood mass_function_like_m_n = -8.257416799664497
Posterior = -1.6634812114510265 for parameter set #581: [0.30413203606220296, 0.8318036175227203, -0.9995]
Running module mass_function_like
Model N: 1887087.3049681329
Done mass_function_like status = 0 

Pipeline ran okay.
Likelihood mass_function_like_m_n = -9.642137832939625
Posterior = -3.364136304642363 for parameter set #581: [0.30895882436498157, 0.819593747301304, -0.9995]
Running module mass_function_like
Model N: 1885360.8174895463
Done mass_function_like status = 0 

Pipeline ran okay.
Likelihood mass_function_like_m_n = -12.608735527843237
Posterior = -5.933566896346489 for parameter set #581: [0.29909054226998155, 0.8434797338253985, -0.9995]
Running module mass_function_like
Model N: 1882844.1893473272
Done mass_function_like status = 0 

Pipeline ran okay.
Likelihood mass_function_like_m_n = -19.771889746189117
Posterior = -17.685404638716584 for parameter set #582: [0.3303078177731016, 0.7735040028156083, -0.9995]
Running module mass_function_like
Model N: 1889820.4244020483
Done mass_function_like status = 0 

Pipeline ran okay.
Likelihood mass_function_like_m_n = -8.178265698254108
Posterior = -2.2449910114445704 for parameter set #582: [0.3122149867908292, 0.8129605666981348, -0.9995]
Running module mass_function_like
Model N: 1888824.0976022955
Done mass_function_like status = 0 

Pipeline ran okay.
Likelihood mass_function_like_m_n = -8.253561649471521
Posterior = -1.6084040747791608 for parameter set #582: [0.302613297672208, 0.8356059647422821, -0.9995]
Running module mass_function_like
Model N: 1884699.6406307577
Done mass_function_like status = 0 

Pipeline ran okay.
Likelihood mass_function_like_m_n = -14.164244130253792
Posterior = -7.59058556766783 for parameter set #582: [0.3045966430299565, 0.8292673847529775, -0.9995]
Running module mass_function_like
Model N: 1889723.8263855753
Done mass_function_like status = 0 

Pipeline ran okay.
Likelihood mass_function_like_m_n = -8.162566628307104
Posterior = -1.595959606647451 for parameter set #583: [0.30474757151922005, 0.8305902223407231, -0.9995]
Running module mass_function_like
Model N: 1884023.53589667
Done mass_function_like status = 0 

Pipeline ran okay.
Likelihood mass_function_like_m_n = -15.995344147086143
Posterior = -9.324819982065733 for parameter set #583: [0.2986748559859555, 0.8440939197768569, -0.9995]
Running module mass_function_like
Model N: 1887309.0684323062
Done mass_function_like status = 0 

Pipeline ran okay.
Likelihood mass_function_like_m_n = -9.375765778124332
Posterior = -2.7623601768054318 for parameter set #583: [0.2963696116739032, 0.8514323904130225, -0.9995]
Running module mass_function_like
Model N: 1890392.6853358806
Done mass_function_like status = 0 

Pipeline ran okay.
Likelihood mass_function_like_m_n = -8.372502647340298
Posterior = -2.32838120708358 for parameter set #583: [0.3112710492683998, 0.8152951213512244, -0.9995]
Running module mass_function_like
Model N: 1890512.6499666106
Done mass_function_like status = 0 

Pipeline ran okay.
Likelihood mass_function_like_m_n = -8.435178168118
Posterior = -3.8015087173912088 for parameter set #584: [0.32022688679744565, 0.795725639730724, -0.9995]
Model N: 1888938.8178572364
Done mass_function_like status = 0 

Pipeline ran okay.
Likelihood mass_function_like_m_n = -8.218120466917753
Posterior = -2.405745628841615 for parameter set #584: [0.3131676069217915, 0.8105353104371268, -0.9995]
Model N: 1888257.605118812
Done mass_function_like status = 0 

Pipeline ran okay.
Likelihood mass_function_like_m_n = -8.530776347965002
Posterior = -2.603393641044784 for parameter set #584: [0.2877368724104331, 0.876587252607081, -0.9995]
Model N: 1889050.6917721184
Done mass_function_like status = 0 

Pipeline ran okay.
Likelihood mass_function_like_m_n = -8.190270613878965
Posterior = -1.5805327275364967 for parameter set #584: [0.30373004857790703, 0.8328837812835755, -0.9995]
Running module mass_function_like
Running module mass_function_like
Running module mass_function_like
Running module mass_function_like
Model N: 1889631.7177940719
Done mass_function_like status = 0 

Pipeline ran okay.
Likelihood mass_function_like_m_n = -8.152195494621992
Posterior = -4.387622974669857 for parameter set #585: [0.3241442816350293, 0.7874132859953317, -0.9995]
Running module mass_function_like
Model N: 1888165.8452466503
Done mass_function_like status = 0 

Pipeline ran okay.
Likelihood mass_function_like_m_n = -8.591680731624365
Posterior = -2.5171947127381387 for parameter set #585: [0.3109983469614663, 0.8152112205202335, -0.9995]
Running module mass_function_like
Model N: 1885648.94575792
Done mass_function_like status = 0 

Pipeline ran okay.
Likelihood mass_function_like_m_n = -12.003580316901207
Posterior = -6.705317674536606 for parameter set #585: [0.31661951597337057, 0.8019341224264768, -0.9995]
Running module mass_function_like
Model N: 1874914.9873058316
Done mass_function_like status = 0 

Pipeline ran okay.
Likelihood mass_function_like_m_n = -64.45602171123028
Posterior = -57.970030846535884 for parameter set #585: [0.29378206893547687, 0.853930565203689, -0.9995]
Running module mass_function_like
Model N: 1884590.2361458098
Done mass_function_like status = 0 

Pipeline ran okay.
Likelihood mass_function_like_m_n = -14.444050896912813
Posterior = -7.8488485777374795 for parameter set #586: [0.30410126514955726, 0.8304492218955397, -0.9995]
Running module mass_function_like
Model N: 1884064.7055436797
Done mass_function_like status = 0 

Pipeline ran okay.
Likelihood mass_function_like_m_n = -15.876888483762741
Posterior = -14.454879159805408 for parameter set #586: [0.3324262081482028, 0.7698722267783139, -0.9995]
Running module mass_function_like
Model N: 1893030.9579364974
Done mass_function_like status = 0 

Pipeline ran okay.
Likelihood mass_function_like_m_n = -11.505601413547993
Posterior = -4.837943388834784 for parameter set #586: [0.30152618305566475, 0.8398350041089151, -0.9995]
Running module mass_function_like
Model N: 1886213.617310552
Done mass_function_like status = 0 

Pipeline ran okay.
Likelihood mass_function_like_m_n = -10.945536322891712
Posterior = -4.508557606286487 for parameter set #586: [0.2930383122491026, 0.8602418531292442, -0.9995]
Running module mass_function_like
Model N: 1880376.177248679
Done mass_function_like status = 0 

Pipeline ran okay.
Likelihood mass_function_like_m_n = -30.07500745728612
Posterior = -28.138869707703115 for parameter set #587: [0.33079989106710345, 0.7719097710405658, -0.9995]
Running module mass_function_like
Model N: 1897426.5478266217
Done mass_function_like status = 0 

Pipeline ran okay.
Likelihood mass_function_like_m_n = -24.871466040611267
Posterior = -18.343443252785395 for parameter set #587: [0.3055005710700677, 0.8313366897754795, -0.9995]
Running module mass_function_like
Model N: 1886518.4391351845
Done mass_function_like status = 0 

Pipeline ran okay.
Likelihood mass_function_like_m_n = -10.444766342639923
Posterior = -4.506464054566745 for parameter set #587: [0.3121737579262693, 0.8120133303507021, -0.9995]
Running module mass_function_like
Model N: 1889923.4213416756
Done mass_function_like status = 0 

Pipeline ran okay.
Likelihood mass_function_like_m_n = -8.200442738831043
Posterior = -2.4731635539704833 for parameter set #587: [0.3137987319232576, 0.8094308962801786, -0.9995]
Running module mass_function_like
Model N: 1892994.4708991558
Done mass_function_like status = 0 

Pipeline ran okay.
Likelihood mass_function_like_m_n = -11.437220685184002
Posterior = -9.866217999653447 for parameter set #588: [0.3319634213211904, 0.7731422292762944, -0.9995]
Model N: 1894100.4250135955
Done mass_function_like status = 0 

Pipeline ran okay.
Likelihood mass_function_like_m_n = -13.821602817624807
Posterior = -7.169032080216834 for parameter set #588: [0.30231229154313316, 0.8381956837984194, -0.9995]
Model N: 1888668.2083029144
Done mass_function_like status = 0 

Pipeline ran okay.
Likelihood mass_function_like_m_n = -8.312892403453588
Posterior = -2.0949375808930597 for parameter set #588: [0.30960572095940403, 0.8185928594153694, -0.9995]
Model N: 1885989.7330951632
Done mass_function_like status = 0 

Pipeline ran okay.
Likelihood mass_function_like_m_n = -11.344770275056362
Posterior = -6.936830605686106 for parameter set #588: [0.3213136788421893, 0.7921413110834346, -0.9995]
Running module mass_function_like
Running module mass_function_like
Running module mass_function_like
Running module mass_function_like
Model N: 1883780.1435108136
Done mass_function_like status = 0 

Pipeline ran okay.
Likelihood mass_function_like_m_n = -16.714081965386868
Posterior = -10.080606387156628 for parameter set #589: [0.29697250532354025, 0.8485214464230479, -0.9995]
Running module mass_function_like
Model N: 1880457.1109143677
Done mass_function_like status = 0 

Pipeline ran okay.
Likelihood mass_function_like_m_n = -29.685563642531633
Posterior = -23.221241975516165 for parameter set #589: [0.3065571721236327, 0.8231113012173308, -0.9995]
Running module mass_function_like
Model N: 1885991.3142677487
Done mass_function_like status = 0 

Pipeline ran okay.
Likelihood mass_function_like_m_n = -11.341857351362705
Posterior = -4.8102210352829715 for parameter set #589: [0.30543448032898207, 0.8276530081770772, -0.9995]
Running module mass_function_like
Model N: 1887387.566998516
Done mass_function_like status = 0 

Pipeline ran okay.
Likelihood mass_function_like_m_n = -9.287728745490313
Posterior = -2.6089514532180313 for parameter set #589: [0.3003246247180725, 0.8409529590383462, -0.9995]
Running module mass_function_like
Model N: 1889830.0177804062
Done mass_function_like status = 0 

Pipeline ran okay.
Likelihood mass_function_like_m_n = -8.180094297975302
Posterior = -4.278043987409115 for parameter set #590: [0.3235680032575694, 0.7886335695604021, -0.9995]
Running module mass_function_like
Model N: 1882485.9931446072
Done mass_function_like status = 0 

Pipeline ran okay.
Likelihood mass_function_like_m_n = -21.065642707049847
Posterior = -14.648187861978549 for parameter set #590: [0.2927632969766764, 0.8596057637483099, -0.9995]
Running module mass_function_like
Model N: 1887616.6231906533
Done mass_function_like status = 0 

Pipeline ran okay.
Likelihood mass_function_like_m_n = -9.049521829932928
Posterior = -2.3703062813554787 for parameter set #590: [0.2998668461545802, 0.8422213047523985, -0.9995]
Running module mass_function_like
Model N: 1889134.1581147737
Done mass_function_like status = 0 

Pipeline ran okay.
Likelihood mass_function_like_m_n = -8.173809003084898
Posterior = -3.556164012228452 for parameter set #590: [0.3203059558132768, 0.7951536616818905, -0.9995]
Running module mass_function_like
Model N: 1889478.8001799134
Done mass_function_like status = 0 

Pipeline ran okay.
Likelihood mass_function_like_m_n = -8.144891113042831
Posterior = -1.4657696183240674 for parameter set #591: [0.30019115626666976, 0.8420359601308173, -0.9995]
Running module mass_function_like
Model N: 1889664.3809264565
Done mass_function_like status = 0 

Pipeline ran okay.
Likelihood mass_function_like_m_n = -8.15535955503583
Posterior = -1.5449166146762714 for parameter set #591: [0.3037110984344434, 0.8331402933846992, -0.9995]
Running module mass_function_like
Model N: 1887313.6348802492
Done mass_function_like status = 0 

Pipeline ran okay.
Likelihood mass_function_like_m_n = -9.37055491656065
Posterior = -3.0756052933603897 for parameter set #591: [0.30876760600289427, 0.8201158957615015, -0.9995]
Running module mass_function_like
Model N: 1895435.5453659645
Done mass_function_like status = 0 

Pipeline ran okay.
Likelihood mass_function_like_m_n = -17.558218136429787
Posterior = -12.630794547402243 for parameter set #591: [0.3187183365141385, 0.8003825379821162, -0.9995]
Running module mass_function_like
Model N: 1899358.4143488386
Done mass_function_like status = 0 

Pipeline ran okay.
Likelihood mass_function_like_m_n = -33.95619799569249
Posterior = -27.28581404432836 for parameter set #592: [0.2986643168829345, 0.8496376078862331, -0.9995]
Model N: 1888568.1196177402
Done mass_function_like status = 0 

Pipeline ran okay.
Likelihood mass_function_like_m_n = -8.3577711135149
Posterior = -1.6804445314492735 for parameter set #592: [0.2993710936087821, 0.843884957020776, -0.9995]
Model N: 1890466.1711680333
Done mass_function_like status = 0 

Pipeline ran okay.
Likelihood mass_function_like_m_n = -8.409992434084415
Posterior = -3.844379172603235 for parameter set #592: [0.3205605979330807, 0.7950148953667123, -0.9995]
Model N: 1886563.4648222735
Done mass_function_like status = 0 

Pipeline ran okay.
Likelihood mass_function_like_m_n = -10.374978680163622
Posterior = -3.8077999089639327 for parameter set #592: [0.295264486783663, 0.8541732472112354, -0.9995]
Running module mass_function_like
Running module mass_function_like
Running module mass_function_like
Running module mass_function_like
Model N: 1891949.2889235464
Done mass_function_like status = 0 

Pipeline ran okay.
Likelihood mass_function_like_m_n = -9.776595488190651
Posterior = -4.706170970664685 for parameter set #593: [0.31793811406354766, 0.8010030544834003, -0.9995]
Running module mass_function_like
Model N: 1886205.6292118144
Done mass_function_like status = 0 

Pipeline ran okay.
Likelihood mass_function_like_m_n = -10.959322843700647
Posterior = -4.291042045196097 for parameter set #593: [0.2985151835261117, 0.8452934987658223, -0.9995]
Running module mass_function_like
Model N: 1889100.7507586454
Done mass_function_like status = 0 

Pipeline ran okay.
Likelihood mass_function_like_m_n = -8.179955039173365
Posterior = -2.3241953974623986 for parameter set #593: [0.31283389696545233, 0.8113357973303946, -0.9995]
Running module mass_function_like
Model N: 1888213.2805485718
Done mass_function_like status = 0 

Pipeline ran okay.
Likelihood mass_function_like_m_n = -8.559639059007168
Posterior = -2.47511989164167 for parameter set #593: [0.31090674131851215, 0.815436601093056, -0.9995]
Running module mass_function_like
Model N: 1888511.2966897185
Done mass_function_like status = 0 

Pipeline ran okay.
Likelihood mass_function_like_m_n = -8.385611563920975
Posterior = -2.0934448371895424 for parameter set #594: [0.30879928942106993, 0.820430500409993, -0.9995]
Running module mass_function_like
Model N: 1878966.1459465118
Done mass_function_like status = 0 

Pipeline ran okay.
Likelihood mass_function_like_m_n = -37.42190085723996
Posterior = -30.80089547975186 for parameter set #594: [0.2965853603170438, 0.8478136020796925, -0.9995]
Running module mass_function_like
Model N: 1889132.5472796569
Done mass_function_like status = 0 

Pipeline ran okay.
Likelihood mass_function_like_m_n = -8.174091793596745
Posterior = -2.7753965392402993 for parameter set #594: [0.31600380544716633, 0.8043274466652512, -0.9995]
Running module mass_function_like
Model N: 1882706.7461926746
Done mass_function_like status = 0 

Pipeline ran okay.
Likelihood mass_function_like_m_n = -20.260227598249912
Posterior = -18.226860243262546 for parameter set #594: [0.3304825748365286, 0.7731374158259321, -0.9995]
Running module mass_function_like
Model N: 1888570.3526299524
Done mass_function_like status = 0 

Pipeline ran okay.
Likelihood mass_function_like_m_n = -8.356711976230145
Posterior = -3.3559179272438833 for parameter set #595: [0.31832217317527556, 0.7991674221449534, -0.9995]
Running module mass_function_like
Model N: 1886464.4602150468
Done mass_function_like status = 0 

Pipeline ran okay.
Likelihood mass_function_like_m_n = -10.529849704355001
Posterior = -3.8834427725878573 for parameter set #595: [0.2974349554957835, 0.8482564967198692, -0.9995]
Running module mass_function_like
Model N: 1890277.420082025
Done mass_function_like status = 0 

Pipeline ran okay.
Likelihood mass_function_like_m_n = -8.31945026665926
Posterior = -3.2318068325651748 for parameter set #595: [0.31784186517276775, 0.8007054624150955, -0.9995]
Running module mass_function_like
Model N: 1885641.8941760988
Done mass_function_like status = 0 

Pipeline ran okay.
Likelihood mass_function_like_m_n = -12.017864063382149
Posterior = -5.656924375250336 for parameter set #595: [0.29202046981109303, 0.8629189570066996, -0.9995]
Running module mass_function_like
Model N: 1868139.3209628453
Done mass_function_like status = 0 

Pipeline ran okay.
Likelihood mass_function_like_m_n = -129.40556943044066
Posterior = -128.73640585049665 for parameter set #596: [0.33467027723675186, 0.7615753959533628, -0.9995]
Model N: 1887509.6983007358
Done mass_function_like status = 0 

Pipeline ran okay.
Likelihood mass_function_like_m_n = -9.157255448400974
Posterior = -2.4885365418136907 for parameter set #596: [0.2985449885414254, 0.8456817198013848, -0.9995]
Model N: 1891207.1246251457
Done mass_function_like status = 0 

Pipeline ran okay.
Likelihood mass_function_like_m_n = -8.9474843069911
Posterior = -2.6055007727947004 for parameter set #596: [0.29178634473436094, 0.8657368444313613, -0.9995]
Model N: 1889047.7627389973
Done mass_function_like status = 0 

Pipeline ran okay.
Likelihood mass_function_like_m_n = -8.190915286540985
Posterior = -1.8223507186160486 for parameter set #596: [0.30788339559308375, 0.822771562970581, -0.9995]
Running module mass_function_like
Running module mass_function_like
Running module mass_function_like
Running module mass_function_like
Model N: 1888740.37437393
Done mass_function_like status = 0 

Pipeline ran okay.
Likelihood mass_function_like_m_n = -8.283826246857643
Posterior = -2.0438975415319494 for parameter set #597: [0.30937417188859373, 0.8191568792421672, -0.9995]
Running module mass_function_like
Model N: 1890308.4343908664
Done mass_function_like status = 0 

Pipeline ran okay.
Likelihood mass_function_like_m_n = -8.333034183830023
Posterior = -2.0715580495724684 for parameter set #597: [0.3091414229095108, 0.8202098302409255, -0.9995]
Running module mass_function_like
Model N: 1885980.0576710026
Done mass_function_like status = 0 

Pipeline ran okay.
Likelihood mass_function_like_m_n = -11.362623807042837
Posterior = -4.921741066379882 for parameter set #597: [0.2930946186543067, 0.8599947195549246, -0.9995]
Running module mass_function_like
Model N: 1880686.5559690637
Done mass_function_like status = 0 

Pipeline ran okay.
Likelihood mass_function_like_m_n = -28.600524727255106
Posterior = -22.114730227742037 for parameter set #597: [0.2937789116901119, 0.8560877099359852, -0.9995]
Running module mass_function_like
Model N: 1887185.8371843032
Done mass_function_like status = 0 

Pipeline ran okay.
Likelihood mass_function_like_m_n = -9.52056459337473
Posterior = -7.848568051816439 for parameter set #598: [0.33164587700396975, 0.7721659214159999, -0.9995]
Running module mass_function_like
Model N: 1887952.91440747
Done mass_function_like status = 0 

Pipeline ran okay.
Likelihood mass_function_like_m_n = -8.75020344927907
Posterior = -2.1006709562369306 for parameter set #598: [0.30244015185052325, 0.835742941688697, -0.9995]
Running module mass_function_like
Model N: 1892972.6726399034
Done mass_function_like status = 0 

Pipeline ran okay.
Likelihood mass_function_like_m_n = -11.39670329913497
Posterior = -4.768435767183526 for parameter set #598: [0.3031948917464839, 0.8355682689312487, -0.9995]
Running module mass_function_like
Model N: 1891200.4729077998
Done mass_function_like status = 0 

Pipeline ran okay.
Likelihood mass_function_like_m_n = -8.941368628293276
Posterior = -2.272504853402946 for parameter set #598: [0.3014450206517465, 0.839403006449966, -0.9995]
Running module mass_function_like
Model N: 1889899.4738550314
Done mass_function_like status = 0 

Pipeline ran okay.
Likelihood mass_function_like_m_n = -8.194785699248314
Posterior = -4.242722601016343 for parameter set #599: [0.3233548329048967, 0.7890858895259132, -0.9995]
Running module mass_function_like
Model N: 1888060.5066119737
Done mass_function_like status = 0 

Pipeline ran okay.
Likelihood mass_function_like_m_n = -8.667099598795176
Posterior = -1.9988328843015424 for parameter set #599: [0.3014857647065781, 0.8382036552722851, -0.9995]
Running module mass_function_like
Model N: 1888607.3114192623
Done mass_function_like status = 0 

Pipeline ran okay.
Likelihood mass_function_like_m_n = -8.33956578373909
Posterior = -2.8938170294675842 for parameter set #599: [0.31570703946667666, 0.8048140681829842, -0.9995]
Running module mass_function_like
Model N: 1889050.3467917833
Done mass_function_like status = 0 

Pipeline ran okay.
Likelihood mass_function_like_m_n = -8.19034630805254
Posterior = -3.6360632642154425 for parameter set #599: [0.32061563074210003, 0.7944833466575327, -0.9995]
Running module mass_function_like
Model N: 1894161.6518292995
Done mass_function_like status = 0 

Pipeline ran okay.
Likelihood mass_function_like_m_n = -13.972430113703012
Posterior = -12.031468137841124 for parameter set #600: [0.33078422395464374, 0.7756876280565845, -0.9995]
Model N: 1886431.733938646
Done mass_function_like status = 0 

Pipeline ran okay.
Likelihood mass_function_like_m_n = -10.582187216728926
Posterior = -4.285196402443637 for parameter set #600: [0.3087442939569174, 0.8198844157491645, -0.9995]
Model N: 1892196.7227040848
Done mass_function_like status = 0 

Pipeline ran okay.
Likelihood mass_function_like_m_n = -10.117654245346785
Posterior = -3.475509970980738 for parameter set #600: [0.29727383331602214, 0.8507735444231952, -0.9995]
Model N: 1889976.7794819113
Done mass_function_like status = 0 

Pipeline ran okay.
Likelihood mass_function_like_m_n = -8.214138362556696
Posterior = -1.6491760136732534 for parameter set #600: [0.30478208844390725, 0.8305907013080672, -0.9995]
Running module mass_function_like
Running module mass_function_like
Running module mass_function_like
Running module mass_function_like
Model N: 1882538.1892423031
Done mass_function_like status = 0 

Pipeline ran okay.
Likelihood mass_function_like_m_n = -20.872860565781593
Posterior = -15.320856300191359 for parameter set #601: [0.3150153250562215, 0.8044669107592525, -0.9995]
Running module mass_function_like
Model N: 1890577.6730965995
Done mass_function_like status = 0 

Pipeline ran okay.
Likelihood mass_function_like_m_n = -8.472329080104828
Posterior = -1.8961934828636817 for parameter set #601: [0.3045424354936323, 0.8313855633595111, -0.9995]
Running module mass_function_like
Model N: 1887677.381001452
Done mass_function_like status = 0 

Pipeline ran okay.
Likelihood mass_function_like_m_n = -8.991005815565586
Posterior = -2.314927425321722 for parameter set #601: [0.30080321952993383, 0.8398197601719795, -0.9995]
Running module mass_function_like
Model N: 1882242.5679608374
Done mass_function_like status = 0 

Pipeline ran okay.
Likelihood mass_function_like_m_n = -21.983899917453527
Posterior = -16.024454213185912 for parameter set #601: [0.2880011792742571, 0.8733703982888789, -0.9995]
Running module mass_function_like
Model N: 1890333.2502132286
Done mass_function_like status = 0 

Pipeline ran okay.
Likelihood mass_function_like_m_n = -8.344269540160894
Posterior = -4.947887520529842 for parameter set #602: [0.3256239036006583, 0.7846527442293743, -0.9995]
Running module mass_function_like
Model N: 1889140.1212337534
Done mass_function_like status = 0 

Pipeline ran okay.
Likelihood mass_function_like_m_n = -8.172774106264114
Posterior = -3.353388727467685 for parameter set #602: [0.3192868806161793, 0.797294313939334, -0.9995]
Running module mass_function_like
Model N: 1891758.802880686
Done mass_function_like status = 0 

Pipeline ran okay.
Likelihood mass_function_like_m_n = -9.536048602312803
Posterior = -2.8589050727960927 for parameter set #602: [0.30065736881482, 0.841630635150855, -0.9995]
Running module mass_function_like
Model N: 1887325.5746624472
Done mass_function_like status = 0 

Pipeline ran okay.
Likelihood mass_function_like_m_n = -9.356982465833426
Posterior = -3.4497144575004164 for parameter set #602: [0.31242607089934055, 0.8116974170632938, -0.9995]
Running module mass_function_like
Model N: 1888300.5565161575
Done mass_function_like status = 0 

Pipeline ran okay.
Likelihood mass_function_like_m_n = -8.503801047801971
Posterior = -2.0328971032171967 for parameter set #603: [0.306456008886695, 0.8259453966603523, -0.9995]
Running module mass_function_like
Model N: 1892924.7788578242
Done mass_function_like status = 0 

Pipeline ran okay.
Likelihood mass_function_like_m_n = -11.308561030775309
Posterior = -5.287344473025557 for parameter set #603: [0.3114724682659003, 0.8156396015475449, -0.9995]
Running module mass_function_like
Model N: 1879162.7946064784
Done mass_function_like status = 0 

Pipeline ran okay.
Likelihood mass_function_like_m_n = -36.33345998451114
Posterior = -33.35348251963974 for parameter set #603: [0.3272004659277697, 0.778430612237508, -0.9995]
Running module mass_function_like
Model N: 1890315.263309104
Done mass_function_like status = 0 

Pipeline ran okay.
Likelihood mass_function_like_m_n = -8.336093500256538
Posterior = -3.3148399519659986 for parameter set #603: [0.3182101655677243, 0.7999295259411062, -0.9995]
Running module mass_function_like
Model N: 1892773.6543345675
Done mass_function_like status = 0 

Pipeline ran okay.
Likelihood mass_function_like_m_n = -11.038366254419088
Posterior = -9.638251745026938 for parameter set #604: [0.3324936599628852, 0.7720889271387413, -0.9995]
Model N: 1888978.35458433
Done mass_function_like status = 0 

Pipeline ran okay.
Likelihood mass_function_like_m_n = -8.207521006464958
Posterior = -4.18595570184673 for parameter set #604: [0.32305531996608144, 0.789428427333182, -0.9995]
Model N: 1891464.4375040387
Done mass_function_like status = 0 

Pipeline ran okay.
Likelihood mass_function_like_m_n = -9.202000357210636
Posterior = -2.5992029457470505 for parameter set #604: [0.30391169494839804, 0.8332541337763794, -0.9995]
Model N: 1889790.781801412
Done mass_function_like status = 0 

Pipeline ran okay.
Likelihood mass_function_like_m_n = -8.172923162579536
Posterior = -1.4945712628439303 for parameter set #604: [0.30043641690494133, 0.8415096248037177, -0.9995]
Running module mass_function_like
Running module mass_function_like
Running module mass_function_like
Running module mass_function_like
Model N: 1886299.317378024
Done mass_function_like status = 0 

Pipeline ran okay.
Likelihood mass_function_like_m_n = -10.799760021269321
Posterior = -5.448620693965221 for parameter set #605: [0.3162982506484966, 0.8028252447282782, -0.9995]
Running module mass_function_like
Model N: 1889091.151229423
Done mass_function_like status = 0 

Pipeline ran okay.
Likelihood mass_function_like_m_n = -8.181830380111933
Posterior = -1.7220096044630449 for parameter set #605: [0.3066254573074062, 0.8257991951724689, -0.9995]
Running module mass_function_like
Model N: 1890933.8294966882
Done mass_function_like status = 0 

Pipeline ran okay.
Likelihood mass_function_like_m_n = -8.715463258326054
Posterior = -4.05238707781613 for parameter set #605: [0.320080976160537, 0.7961561066999028, -0.9995]
Running module mass_function_like
Model N: 1888185.9058984905
Done mass_function_like status = 0 

Pipeline ran okay.
Likelihood mass_function_like_m_n = -8.577984612435102
Posterior = -2.4886184021639064 for parameter set #605: [0.3108622096098262, 0.8155302022668943, -0.9995]
Running module mass_function_like
Model N: 1891229.224793654
Done mass_function_like status = 0 

Pipeline ran okay.
Likelihood mass_function_like_m_n = -8.967971343547106
Posterior = -2.2913834443624683 for parameter set #606: [0.30073706161554675, 0.8412377488754841, -0.9995]
Running module mass_function_like
Model N: 1888237.9612325686
Done mass_function_like status = 0 

Pipeline ran okay.
Likelihood mass_function_like_m_n = -8.543439343571663
Posterior = -1.8808046184960396 for parameter set #606: [0.3018258955739349, 0.8373983061465685, -0.9995]
Running module mass_function_like
Model N: 1890856.472378654
Done mass_function_like status = 0 

Pipeline ran okay.
Likelihood mass_function_like_m_n = -8.65695533901453
Posterior = -2.9041256866788707 for parameter set #606: [0.3136123072693393, 0.8101385731309776, -0.9995]
Running module mass_function_like
Model N: 1886498.9886763385
Done mass_function_like status = 0 

Pipeline ran okay.
Likelihood mass_function_like_m_n = -10.475246518850327
Posterior = -3.86699645713073 for parameter set #606: [0.3037697250984814, 0.8319164737139337, -0.9995]
Running module mass_function_like
Model N: 1865375.0452668504
Done mass_function_like status = 0 

Pipeline ran okay.
Likelihood mass_function_like_m_n = -163.0315928272903
Posterior = -161.8116356486008 for parameter set #607: [0.33304344721611445, 0.7637799600163735, -0.9995]
Running module mass_function_like
Model N: 1886763.943125018
Done mass_function_like status = 0 

Pipeline ran okay.
Likelihood mass_function_like_m_n = -10.077310673892498
Posterior = -4.305666624554321 for parameter set #607: [0.3134733822700317, 0.8091727750520951, -0.9995]
Running module mass_function_like
Model N: 1884533.1966404528
Done mass_function_like status = 0 

Pipeline ran okay.
Likelihood mass_function_like_m_n = -14.592457227408886
Posterior = -8.251755492244502 for parameter set #607: [0.30822924617624015, 0.8204793184191046, -0.9995]
Running module mass_function_like
Model N: 1884756.8541666907
Done mass_function_like status = 0 

Pipeline ran okay.
Likelihood mass_function_like_m_n = -14.020453438162804
Posterior = -11.442720720535005 for parameter set #607: [0.3286411294493859, 0.7771996522361525, -0.9995]
Running module mass_function_like
Model N: 1887421.3966005684
Done mass_function_like status = 0 

Pipeline ran okay.
Likelihood mass_function_like_m_n = -9.250796273350716
Posterior = -2.5919184755512017 for parameter set #608: [0.2979787924148823, 0.8471514626456781, -0.9995]
Model N: 1893032.8889884937
Done mass_function_like status = 0 

Pipeline ran okay.
Likelihood mass_function_like_m_n = -11.509239975363016
Posterior = -4.9208265535024385 for parameter set #608: [0.2957364152066689, 0.8552753960965859, -0.9995]
Model N: 1895679.762601787
Done mass_function_like status = 0 

Pipeline ran okay.
Likelihood mass_function_like_m_n = -18.34317472577095
Posterior = -11.770610699985145 for parameter set #608: [0.30462039332794066, 0.8329255667768607, -0.9995]
Model N: 1888325.3524891378
Done mass_function_like status = 0 

Pipeline ran okay.
Likelihood mass_function_like_m_n = -8.488673213869333
Posterior = -1.8095399185871255 for parameter set #608: [0.2998151200238033, 0.8426067309588592, -0.9995]
Running module mass_function_like
Running module mass_function_like
Running module mass_function_like
Running module mass_function_like
Model N: 1889898.335876307
Done mass_function_like status = 0 

Pipeline ran okay.
Likelihood mass_function_like_m_n = -8.194524433463812
Posterior = -3.7346837756501277 for parameter set #609: [0.3210687614277466, 0.7937906065281537, -0.9995]
Running module mass_function_like
Model N: 1887107.5958322447
Done mass_function_like status = 0 

Pipeline ran okay.
Likelihood mass_function_like_m_n = -9.616680942475796
Posterior = -3.012935813533229 for parameter set #609: [0.29611260834575076, 0.8520566388486488, -0.9995]
Running module mass_function_like
Model N: 1890982.7256348773
Done mass_function_like status = 0 

Pipeline ran okay.
Likelihood mass_function_like_m_n = -8.754076220095158
Posterior = -2.5011796040205763 for parameter set #609: [0.3092347992098975, 0.8202097105640839, -0.9995]
Running module mass_function_like
Model N: 1885809.02649542
Done mass_function_like status = 0 

Pipeline ran okay.
Likelihood mass_function_like_m_n = -11.686427615582943
Posterior = -5.0124278394257455 for parameter set #609: [0.2989700075579887, 0.8439547635310968, -0.9995]
Running module mass_function_like
Model N: 1885970.3336092143
Done mass_function_like status = 0 

Pipeline ran okay.
Likelihood mass_function_like_m_n = -11.380617193877697
Posterior = -7.86474318803235 for parameter set #610: [0.32515325105215964, 0.7843527873496923, -0.9995]
Running module mass_function_like
Model N: 1892481.621829133
Done mass_function_like status = 0 

Pipeline ran okay.
Likelihood mass_function_like_m_n = -10.550371676683426
Posterior = -4.506428666228192 for parameter set #610: [0.31127263223790225, 0.815957514851435, -0.9995]
Running module mass_function_like
Model N: 1892550.7085091043
Done mass_function_like status = 0 

Pipeline ran okay.
Likelihood mass_function_like_m_n = -10.661755062639713
Posterior = -4.107644877262384 for parameter set #610: [0.294996121245816, 0.8571440456910351, -0.9995]
Running module mass_function_like
Model N: 1888325.0847483024
Done mass_function_like status = 0 

Pipeline ran okay.
Likelihood mass_function_like_m_n = -8.48883482068777
Posterior = -1.9623673137348234 for parameter set #610: [0.294471226332047, 0.8570215726111472, -0.9995]
Running module mass_function_like
Model N: 1884778.4422900693
Done mass_function_like status = 0 

Pipeline ran okay.
Likelihood mass_function_like_m_n = -13.966649983078241
Posterior = -8.50740120167034 for parameter set #611: [0.31562085411814794, 0.80383164619391, -0.9995]
Running module mass_function_like
Model N: 1890228.1377044024
Done mass_function_like status = 0 

Pipeline ran okay.
Likelihood mass_function_like_m_n = -8.298911418765783
Posterior = -2.9389725004330725 for parameter set #611: [0.31624416990786225, 0.8041386961662104, -0.9995]
Running module mass_function_like
Model N: 1889706.0358372778
Done mass_function_like status = 0 

Pipeline ran okay.
Likelihood mass_function_like_m_n = -8.16021367534995
Posterior = -1.4881483731996763 for parameter set #611: [0.3012032369808084, 0.8395016784978888, -0.9995]
Running module mass_function_like
Model N: 1876032.035275882
Done mass_function_like status = 0 

Pipeline ran okay.
Likelihood mass_function_like_m_n = -56.122538797557354
Posterior = -54.08696478753596 for parameter set #611: [0.3304753349064085, 0.7713438142851748, -0.9995]
Running module mass_function_like
Model N: 1890806.1135943048
Done mass_function_like status = 0 

Pipeline ran okay.
Likelihood mass_function_like_m_n = -8.620566662400961
Posterior = -1.9470017297920208 for parameter set #612: [0.29892862091664435, 0.8458490119495975, -0.9995]
Model N: 1887331.9330101975
Done mass_function_like status = 0 

Pipeline ran okay.
Likelihood mass_function_like_m_n = -9.349785521626472
Posterior = -6.137640837332006 for parameter set #612: [0.3263330951998269, 0.7824032377085139, -0.9995]
Model N: 1890450.8676703216
Done mass_function_like status = 0 

Pipeline ran okay.
Likelihood mass_function_like_m_n = -8.401949767023325
Posterior = -2.916292146110287 for parameter set #612: [0.31545086779049747, 0.805939985441875, -0.9995]
Model N: 1828738.8329872473
Done mass_function_like status = 0 

Pipeline ran okay.
Likelihood mass_function_like_m_n = -1005.4205381348729
Posterior = -1002.7048894577044 for parameter set #612: [0.2718445191085583, 0.902965160428137, -0.9995]
Running module mass_function_like
Running module mass_function_like
Running module mass_function_like
Running module mass_function_like
Model N: 1860183.2064333637
Done mass_function_like status = 0 

Pipeline ran okay.
Likelihood mass_function_like_m_n = -237.41244998574257
Posterior = -234.2337435262305 for parameter set #613: [0.3264597722544928, 0.7746206526159728, -0.9995]
Running module mass_function_like
Model N: 1889160.7644586405
Done mass_function_like status = 0 

Pipeline ran okay.
Likelihood mass_function_like_m_n = -8.16933685913682
Posterior = -2.331054765284218 for parameter set #613: [0.31296936470655057, 0.8110499037806314, -0.9995]
Running module mass_function_like
Model N: 1890437.0924253906
Done mass_function_like status = 0 

Pipeline ran okay.
Likelihood mass_function_like_m_n = -8.394816160202026
Posterior = -1.8047357649877522 for parameter set #613: [0.3042243059334268, 0.832126311147005, -0.9995]
Running module mass_function_like
Model N: 1888696.2195325452
Done mass_function_like status = 0 

Pipeline ran okay.
Likelihood mass_function_like_m_n = -8.301282823085785
Posterior = -2.0531734935446533 for parameter set #613: [0.3092864941583901, 0.8193475794627244, -0.9995]
Running module mass_function_like
Model N: 1890417.597529493
Done mass_function_like status = 0 

Pipeline ran okay.
Likelihood mass_function_like_m_n = -8.384892046451569
Posterior = -4.634615664709109 for parameter set #614: [0.32420342048788864, 0.787519311742035, -0.9995]
Running module mass_function_like
Model N: 1884831.8308152684
Done mass_function_like status = 0 

Pipeline ran okay.
Likelihood mass_function_like_m_n = -13.834655836224556
Posterior = -7.182496496848621 for parameter set #614: [0.2976699845951468, 0.8470399854828278, -0.9995]
Running module mass_function_like
Model N: 1890587.9289266998
Done mass_function_like status = 0 

Pipeline ran okay.
Likelihood mass_function_like_m_n = -8.47839280590415
Posterior = -1.9037009947845984 for parameter set #614: [0.30457410946940816, 0.8313109980490402, -0.9995]
Running module mass_function_like
Model N: 1887977.4670533964
Done mass_function_like status = 0 

Pipeline ran okay.
Likelihood mass_function_like_m_n = -8.730698700994253
Posterior = -2.2269244151654064 for parameter set #614: [0.30592503016838485, 0.8271235130980753, -0.9995]
Running module mass_function_like
Model N: 1887257.0521197682
Done mass_function_like status = 0 

Pipeline ran okay.
Likelihood mass_function_like_m_n = -9.435903273522854
Posterior = -3.0884381606857563 for parameter set #615: [0.3081466445297816, 0.821561629956728, -0.9995]
Running module mass_function_like
Model N: 1896190.0384426452
Done mass_function_like status = 0 

Pipeline ran okay.
Likelihood mass_function_like_m_n = -20.084494069218636
Posterior = -17.5554377864243 for parameter set #615: [0.3288105810962426, 0.78003673121616, -0.9995]
Running module mass_function_like
Model N: 1877110.7825706385
Done mass_function_like status = 0 

Pipeline ran okay.
Likelihood mass_function_like_m_n = -48.7106265462935
Posterior = -42.044150741996596 for parameter set #615: [0.3016017736427658, 0.8341246731078454, -0.9995]
Running module mass_function_like
Model N: 1894478.1945717027
Done mass_function_like status = 0 

Pipeline ran okay.
Likelihood mass_function_like_m_n = -14.783691875636578
Posterior = -8.962329270840112 for parameter set #615: [0.31309917244343116, 0.8124271970942418, -0.9995]
Running module mass_function_like
Model N: 1883230.469923605
Done mass_function_like status = 0 

Pipeline ran okay.
Likelihood mass_function_like_m_n = -18.45333554968238
Posterior = -11.90905276822522 for parameter set #616: [0.29480343542611004, 0.8542043380711739, -0.9995]
Model N: 1884036.072330618
Done mass_function_like status = 0 

Pipeline ran okay.
Likelihood mass_function_like_m_n = -15.959178064018488
Posterior = -9.76698569459985 for parameter set #616: [0.29012972311541807, 0.8677724197288986, -0.9995]
Model N: 1888205.1753543096
Done mass_function_like status = 0 

Pipeline ran okay.
Likelihood mass_function_like_m_n = -8.565029498189688
Posterior = -1.8897857316572182 for parameter set #616: [0.2990988416590044, 0.8444705750446081, -0.9995]
Model N: 1887289.6765528638
Done mass_function_like status = 0 

Pipeline ran okay.
Likelihood mass_function_like_m_n = -9.398017466068268
Posterior = -4.089589184228812 for parameter set #616: [0.2834417638833676, 0.8897215630758524, -0.9995]
Running module mass_function_like
Running module mass_function_like
Running module mass_function_like
Running module mass_function_like
Model N: 1888995.1466574192
Done mass_function_like status = 0 

Pipeline ran okay.
Likelihood mass_function_like_m_n = -8.203269626945257
Posterior = -1.941087912503276 for parameter set #617: [0.30913370115416766, 0.8198020374392658, -0.9995]
Running module mass_function_like
Model N: 1890738.0049457485
Done mass_function_like status = 0 

Pipeline ran okay.
Likelihood mass_function_like_m_n = -8.573484294116497
Posterior = -2.2183334751048314 for parameter set #617: [0.30805174986321027, 0.8229255411190947, -0.9995]
Running module mass_function_like
Model N: 1888940.511350686
Done mass_function_like status = 0 

Pipeline ran okay.
Likelihood mass_function_like_m_n = -8.21764949336648
Posterior = -4.293377559609786 for parameter set #617: [0.3234735266398277, 0.7885692987142789, -0.9995]
Running module mass_function_like
Model N: 1886791.2037706834
Done mass_function_like status = 0 

Pipeline ran okay.
Likelihood mass_function_like_m_n = -10.038482043892145
Posterior = -3.4478226780648917 for parameter set #617: [0.2957894220709516, 0.852820349207285, -0.9995]
Running module mass_function_like
Model N: 1867448.0034846978
Done mass_function_like status = 0 

Pipeline ran okay.
Likelihood mass_function_like_m_n = -137.4266853556037
Posterior = -136.1678157062767 for parameter set #618: [0.33292547508839687, 0.7645392698905871, -0.9995]
Running module mass_function_like
Model N: 1889790.1707591715
Done mass_function_like status = 0 

Pipeline ran okay.
Likelihood mass_function_like_m_n = -8.172817919403315
Posterior = -3.9168135691525787 for parameter set #618: [0.32201499419967883, 0.7917894523893371, -0.9995]
Running module mass_function_like
Model N: 1888593.7510032407
Done mass_function_like status = 0 

Pipeline ran okay.
Likelihood mass_function_like_m_n = -8.345772791653872
Posterior = -5.671858956183144 for parameter set #618: [0.3283033226418365, 0.7789112542391208, -0.9995]
Running module mass_function_like
Model N: 1890445.6614482305
Done mass_function_like status = 0 

Pipeline ran okay.
Likelihood mass_function_like_m_n = -8.399241894483566
Posterior = -1.9021606623624034 for parameter set #618: [0.30603693574902097, 0.8276755522045698, -0.9995]
Running module mass_function_like
Model N: 1890329.2381014663
Done mass_function_like status = 0 

Pipeline ran okay.
Likelihood mass_function_like_m_n = -8.342430993914604
Posterior = -1.7045000229845542 for parameter set #619: [0.2971234316493381, 0.8504976559803054, -0.9995]
Running module mass_function_like
Model N: 1886671.660733899
Done mass_function_like status = 0 

Pipeline ran okay.
Likelihood mass_function_like_m_n = -10.211680553853512
Posterior = -3.5971935722900596 for parameter set #619: [0.3036004782112033, 0.8323959479575549, -0.9995]
Running module mass_function_like
Model N: 1894673.9144368197
Done mass_function_like status = 0 

Pipeline ran okay.
Likelihood mass_function_like_m_n = -15.311691038310528
Posterior = -11.933815335652675 for parameter set #619: [0.32569602496750166, 0.7857402508935287, -0.9995]
Running module mass_function_like
Model N: 1878354.2835365243
Done mass_function_like status = 0 

Pipeline ran okay.
Likelihood mass_function_like_m_n = -40.94092580676079
Posterior = -35.28042709150565 for parameter set #619: [0.31427449111565847, 0.8048046081219731, -0.9995]
Running module mass_function_like
Model N: 1882965.346486235
Done mass_function_like status = 0 

Pipeline ran okay.
Likelihood mass_function_like_m_n = -19.34976588189602
Posterior = -16.818225558694394 for parameter set #620: [0.3288019578331355, 0.77639836556688, -0.9995]
Model N: 1891493.2933844707
Done mass_function_like status = 0 

Pipeline ran okay.
Likelihood mass_function_like_m_n = -9.232723332941532
Posterior = -2.604908639630727 for parameter set #620: [0.3032090342783895, 0.8350238029871301, -0.9995]
Model N: 1888602.2677235059
Done mass_function_like status = 0 

Pipeline ran okay.
Likelihood mass_function_like_m_n = -8.341863054782152
Posterior = -1.6699123638050803 for parameter set #620: [0.29878727518924303, 0.8454330165739501, -0.9995]
Model N: 1845960.3396571507
Done mass_function_like status = 0 

Pipeline ran okay.
Likelihood mass_function_like_m_n = -516.8122846260667
Posterior = -515.1951219741311 for parameter set #620: [0.2681813213776101, 0.9244843371275877, -0.9995]
Running module mass_function_like
Running module mass_function_like
Running module mass_function_like
Running module mass_function_like
Model N: 1888753.469602424
Done mass_function_like status = 0 

Pipeline ran okay.
Likelihood mass_function_like_m_n = -8.278847604990005
Posterior = -2.028044966299557 for parameter set #621: [0.3092574462960338, 0.8194339776117526, -0.9995]
Running module mass_function_like
Model N: 1890421.1380204875
Done mass_function_like status = 0 

Pipeline ran okay.
Likelihood mass_function_like_m_n = -8.38667944073677
Posterior = -1.8038618623476825 for parameter set #621: [0.3043928719517216, 0.8317031523557731, -0.9995]
Running module mass_function_like
Model N: 1884728.873075801
Done mass_function_like status = 0 

Pipeline ran okay.
Likelihood mass_function_like_m_n = -14.090558771044016
Posterior = -7.592837192771887 for parameter set #621: [0.30602631927528023, 0.8257974330843527, -0.9995]
Running module mass_function_like
Model N: 1886271.3905415202
Done mass_function_like status = 0 

Pipeline ran okay.
Likelihood mass_function_like_m_n = -10.84683532640338
Posterior = -4.206819316987248 for parameter set #621: [0.3028031478339206, 0.8342510993070723, -0.9995]
Running module mass_function_like
Model N: 1892963.9926160565
Done mass_function_like status = 0 

Pipeline ran okay.
Likelihood mass_function_like_m_n = -11.380639106035233
Posterior = -4.703396743931686 for parameter set #622: [0.29935784173186786, 0.8454880069205852, -0.9995]
Running module mass_function_like
Model N: 1890106.9737361604
Done mass_function_like status = 0 

Pipeline ran okay.
Likelihood mass_function_like_m_n = -8.253876063972712
Posterior = -1.6833341177189443 for parameter set #622: [0.29533604776918904, 0.8552913574455765, -0.9995]
Running module mass_function_like
Model N: 1875902.7371334948
Done mass_function_like status = 0 

Pipeline ran okay.
Likelihood mass_function_like_m_n = -57.05284094810486
Posterior = -50.5924721828158 for parameter set #622: [0.30661718116755377, 0.8214746736520536, -0.9995]
Running module mass_function_like
Model N: 1891057.190629472
Done mass_function_like status = 0 

Pipeline ran okay.
Likelihood mass_function_like_m_n = -8.815307687968016
Posterior = -2.250077978535355 for parameter set #622: [0.3047764942976526, 0.8309696353863352, -0.9995]
Running module mass_function_like
Model N: 1886798.518774471
Done mass_function_like status = 0 

Pipeline ran okay.
Likelihood mass_function_like_m_n = -10.028130058199167
Posterior = -3.5200658971437466 for parameter set #623: [0.3058521797179304, 0.8269074805155778, -0.9995]
Running module mass_function_like
Model N: 1890505.7207293399
Done mass_function_like status = 0 

Pipeline ran okay.
Likelihood mass_function_like_m_n = -8.431350942701101
Posterior = -1.7733099446628415 for parameter set #623: [0.3020621930206428, 0.8375840878120149, -0.9995]
Running module mass_function_like
Model N: 1887857.0382934175
Done mass_function_like status = 0 

Pipeline ran okay.
Likelihood mass_function_like_m_n = -8.82942833378911
Posterior = -2.8371479024302975 for parameter set #623: [0.3117219773669069, 0.8134600257469728, -0.9995]
Running module mass_function_like
Model N: 1888534.8030154665
Done mass_function_like status = 0 

Pipeline ran okay.
Likelihood mass_function_like_m_n = -8.373887170106173
Posterior = -2.083119027539734 for parameter set #623: [0.30881516937720155, 0.8204006570659421, -0.9995]
Running module mass_function_like
Model N: 1892391.0468696742
Done mass_function_like status = 0 

Pipeline ran okay.
Likelihood mass_function_like_m_n = -10.408158987760544
Posterior = -4.02110008169158 for parameter set #624: [0.3076451983916866, 0.8244395702523388, -0.9995]
Model N: 1893824.6128160043
Done mass_function_like status = 0 

Pipeline ran okay.
Likelihood mass_function_like_m_n = -13.166642840951681
Posterior = -6.678038630527761 for parameter set #624: [0.2938242411334917, 0.8609094157677336, -0.9995]
Model N: 1886676.1785001245
Done mass_function_like status = 0 

Pipeline ran okay.
Likelihood mass_function_like_m_n = -10.20499712228775
Posterior = -3.762426228957006 for parameter set #624: [0.30688089100305266, 0.8243857533281648, -0.9995]
Model N: 1891955.8956216762
Done mass_function_like status = 0 

Pipeline ran okay.
Likelihood mass_function_like_m_n = -9.785282157361507
Posterior = -3.913305435177662 for parameter set #624: [0.3127069073824149, 0.812519792769844, -0.9995]
Running module mass_function_like
Running module mass_function_like
Running module mass_function_like
Running module mass_function_like
Model N: 1888164.9576230457
Done mass_function_like status = 0 

Pipeline ran okay.
Likelihood mass_function_like_m_n = -8.592291671782732
Posterior = -2.500419227047205 for parameter set #625: [0.31083911208148224, 0.8155765877873838, -0.9995]
Running module mass_function_like
Model N: 1889377.3961655905
Done mass_function_like status = 0 

Pipeline ran okay.
Likelihood mass_function_like_m_n = -8.146871630102396
Posterior = -1.86387045989939 for parameter set #625: [0.3089028425585, 0.8204685070660547, -0.9995]
Running module mass_function_like
Model N: 1893810.7483934325
Done mass_function_like status = 0 

Pipeline ran okay.
Likelihood mass_function_like_m_n = -13.13477736338973
Posterior = -6.897975404815183 for parameter set #625: [0.3094074676692046, 0.820722568789343, -0.9995]
Running module mass_function_like
Model N: 1888421.0344521939
Done mass_function_like status = 0 

Pipeline ran okay.
Likelihood mass_function_like_m_n = -8.433352459222078
Posterior = -1.8823684199045996 for parameter set #625: [0.305065968002124, 0.8293683321738619, -0.9995]
Running module mass_function_like
Model N: 1877404.3067819937
Done mass_function_like status = 0 

Pipeline ran okay.
Likelihood mass_function_like_m_n = -46.801892798393965
Posterior = -46.983960977967584 for parameter set #626: [0.33704422324164407, 0.7597526784886113, -0.9995]
Running module mass_function_like
Model N: 1881119.6677593219
Done mass_function_like status = 0 

Pipeline ran okay.
Likelihood mass_function_like_m_n = -26.62899398058653
Posterior = -21.294444935220152 for parameter set #626: [0.3163997265400605, 0.8010368443099606, -0.9995]
Running module mass_function_like
Model N: 1887695.6031709951
Done mass_function_like status = 0 

Pipeline ran okay.
Likelihood mass_function_like_m_n = -8.973837561905384
Posterior = -2.342551710886159 for parameter set #626: [0.3030989787766609, 0.8339973197997844, -0.9995]
Running module mass_function_like
Model N: 1889203.9875782914
Done mass_function_like status = 0 

Pipeline ran okay.
Likelihood mass_function_like_m_n = -8.16287062317133
Posterior = -3.0776486864539336 for parameter set #626: [0.3178554320115353, 0.8003532275628952, -0.9995]
Running module mass_function_like
Model N: 1886642.3182042732
Done mass_function_like status = 0 

Pipeline ran okay.
Likelihood mass_function_like_m_n = -10.255352575331926
Posterior = -3.759133039907157 for parameter set #627: [0.29394880734259055, 0.857846219205316, -0.9995]
Running module mass_function_like
Model N: 1890498.7504435508
Done mass_function_like status = 0 

Pipeline ran okay.
Likelihood mass_function_like_m_n = -8.427526652812958
Posterior = -2.9111884181714203 for parameter set #627: [0.3152510062859384, 0.8063937953799807, -0.9995]
Running module mass_function_like
Model N: 1868520.749034104
Done mass_function_like status = 0 

Pipeline ran okay.
Likelihood mass_function_like_m_n = -125.09076888859272
Posterior = -119.95358405201509 for parameter set #627: [0.28243799919295887, 0.8850115622145331, -0.9995]
Running module mass_function_like
Model N: 1887798.4736373622
Done mass_function_like status = 0 

Pipeline ran okay.
Likelihood mass_function_like_m_n = -8.88021932169795
Posterior = -2.551837071200085 for parameter set #627: [0.308377612402258, 0.8211921758112024, -0.9995]
Running module mass_function_like
Model N: 1892128.5868522117
Done mass_function_like status = 0 

Pipeline ran okay.
Likelihood mass_function_like_m_n = -10.020513024181128
Posterior = -3.370482316184413 for parameter set #628: [0.30241964833450996, 0.8372380211962448, -0.9995]
Model N: 1891083.7549188514
Done mass_function_like status = 0 

Pipeline ran okay.
Likelihood mass_function_like_m_n = -8.837860122323036
Posterior = -2.232228764436062 for parameter set #628: [0.29616143671608175, 0.8533873166880718, -0.9995]
Model N: 1891216.0840804726
Done mass_function_like status = 0 

Pipeline ran okay.
Likelihood mass_function_like_m_n = -8.955758698284626
Posterior = -5.922757244235203 for parameter set #628: [0.32700482454770174, 0.7821726561399276, -0.9995]
Model N: 1890122.3023547956
Done mass_function_like status = 0 

Pipeline ran okay.
Likelihood mass_function_like_m_n = -8.259144555777311
Posterior = -1.9764140406960884 for parameter set #628: [0.29109411786256995, 0.8673276892443045, -0.9995]
Running module mass_function_like
Running module mass_function_like
Running module mass_function_like
Running module mass_function_like
Model N: 1857582.8508266911
Done mass_function_like status = 0 

Pipeline ran okay.
Likelihood mass_function_like_m_n = -280.19341076537967
Posterior = -281.36624291897294 for parameter set #629: [0.3396286168113485, 0.7502294672319776, -0.9995]
Running module mass_function_like
Model N: 1890818.2783211255
Done mass_function_like status = 0 

Pipeline ran okay.
Likelihood mass_function_like_m_n = -8.629233982414007
Posterior = -2.2839194416265496 for parameter set #629: [0.30817300015322086, 0.8226639043618856, -0.9995]
Running module mass_function_like
Model N: 1889484.766273764
Done mass_function_like status = 0 

Pipeline ran okay.
Likelihood mass_function_like_m_n = -8.144944105297327
Posterior = -1.6530056942634221 for parameter set #629: [0.30612153228001443, 0.8271493226091537, -0.9995]
Running module mass_function_like
Model N: 1889300.8896995531
Done mass_function_like status = 0 

Pipeline ran okay.
Likelihood mass_function_like_m_n = -8.151968065649271
Posterior = -2.0163117020375143 for parameter set #629: [0.3104273470710286, 0.8168886257132617, -0.9995]
Running module mass_function_like
Model N: 1881579.7079789992
Done mass_function_like status = 0 

Pipeline ran okay.
Likelihood mass_function_like_m_n = -24.644581228494644
Posterior = -23.5530634630062 for parameter set #630: [0.3334298861284981, 0.7673589579836864, -0.9995]
Running module mass_function_like
Model N: 1890591.1666300534
Done mass_function_like status = 0 

Pipeline ran okay.
Likelihood mass_function_like_m_n = -8.480318631976843
Posterior = -1.8033399655444864 for parameter set #630: [0.2993180129212597, 0.8447454072046817, -0.9995]
Running module mass_function_like
Model N: 1896070.4496307988
Done mass_function_like status = 0 

Pipeline ran okay.
Likelihood mass_function_like_m_n = -19.664117597043514
Posterior = -13.039731626640403 for parameter set #630: [0.30331415835189235, 0.83633480851438, -0.9995]
Running module mass_function_like
Model N: 1887779.4730318955
Done mass_function_like status = 0 

Pipeline ran okay.
Likelihood mass_function_like_m_n = -8.897088538855314
Posterior = -2.25262035958278 for parameter set #630: [0.2973604538633445, 0.8489324861869825, -0.9995]
Running module mass_function_like
Model N: 1870128.730995322
Done mass_function_like status = 0 

Pipeline ran okay.
Likelihood mass_function_like_m_n = -107.76613749191165
Posterior = -103.88302752354855 for parameter set #631: [0.3236482313501331, 0.7828580676716624, -0.9995]
Running module mass_function_like
Model N: 1890851.476344817
Done mass_function_like status = 0 

Pipeline ran okay.
Likelihood mass_function_like_m_n = -8.653285380452871
Posterior = -2.7925958640615125 for parameter set #631: [0.3127954263853835, 0.8119723391934311, -0.9995]
Running module mass_function_like
Model N: 1888349.706927178
Done mass_function_like status = 0 

Pipeline ran okay.
Likelihood mass_function_like_m_n = -8.474131900817156
Posterior = -1.8166104232984068 for parameter set #631: [0.30208723361373135, 0.8367731212306013, -0.9995]
Running module mass_function_like
Model N: 1893814.9949173771
Done mass_function_like status = 0 

Pipeline ran okay.
Likelihood mass_function_like_m_n = -13.144526660442352
Posterior = -7.292697349206351 for parameter set #631: [0.31286448512047177, 0.8127490106963516, -0.9995]
Running module mass_function_like
Model N: 1892425.4252281468
Done mass_function_like status = 0 

Pipeline ran okay.
Likelihood mass_function_like_m_n = -10.461627170443535
Posterior = -8.171153832892333 for parameter set #632: [0.3296271188634973, 0.7774202996374678, -0.9995]
Model N: 1886927.4651254679
Done mass_function_like status = 0 

Pipeline ran okay.
Likelihood mass_function_like_m_n = -9.85031135007739
Posterior = -3.1714288953099175 for parameter set #632: [0.3002904284912765, 0.8408796015013493, -0.9995]
Model N: 1876717.5295014172
Done mass_function_like status = 0 

Pipeline ran okay.
Likelihood mass_function_like_m_n = -51.34029429405928
Posterior = -45.21384471816613 for parameter set #632: [0.2894847289866875, 0.8668022777468105, -0.9995]
Model N: 1887286.863699278
Done mass_function_like status = 0 

Pipeline ran okay.
Likelihood mass_function_like_m_n = -9.40126170963049
Posterior = -3.002325094789011 for parameter set #632: [0.30748822520319363, 0.8231344932803618, -0.9995]
Running module mass_function_like
Running module mass_function_like
Running module mass_function_like
Running module mass_function_like
Model N: 1867346.2306153693
Done mass_function_like status = 0 

Pipeline ran okay.
Likelihood mass_function_like_m_n = -138.62938177213073
Posterior = -139.86640765067887 for parameter set #633: [0.33979027538697953, 0.7524043954161792, -0.9995]
Running module mass_function_like
Model N: 1889869.18104685
Done mass_function_like status = 0 

Pipeline ran okay.
Likelihood mass_function_like_m_n = -8.188064336776733
Posterior = -1.6402397515135672 for parameter set #633: [0.3051279550124203, 0.8297033701611807, -0.9995]
Running module mass_function_like
Model N: 1891906.6495497038
Done mass_function_like status = 0 

Pipeline ran okay.
Likelihood mass_function_like_m_n = -9.721086256206036
Posterior = -3.476135842995177 for parameter set #633: [0.30932044832719263, 0.8203083761934397, -0.9995]
Running module mass_function_like
Model N: 1890510.4196639524
Done mass_function_like status = 0 

Pipeline ran okay.
Likelihood mass_function_like_m_n = -8.433943532407284
Posterior = -2.0003151626672793 for parameter set #633: [0.3070096480449477, 0.8253440421028668, -0.9995]
Running module mass_function_like
Model N: 1886904.6929873647
Done mass_function_like status = 0 

Pipeline ran okay.
Likelihood mass_function_like_m_n = -9.881072856485844
Posterior = -3.2134175743493163 for parameter set #634: [0.30152636274677236, 0.8376982145725903, -0.9995]
Running module mass_function_like
Model N: 1896289.4893678431
Done mass_function_like status = 0 

Pipeline ran okay.
Likelihood mass_function_like_m_n = -20.439805939793587
Posterior = -13.83418384589053 for parameter set #634: [0.30383880461620916, 0.8350882122836066, -0.9995]
Running module mass_function_like
Model N: 1880647.4563487577
Done mass_function_like status = 0 

Pipeline ran okay.
Likelihood mass_function_like_m_n = -28.783437605947256
Posterior = -22.10486267116721 for parameter set #634: [0.29961809332811384, 0.8404405321172896, -0.9995]
Running module mass_function_like
Model N: 1891012.6309125945
Done mass_function_like status = 0 

Pipeline ran okay.
Likelihood mass_function_like_m_n = -8.778314836323261
Posterior = -2.518164855052781 for parameter set #634: [0.30915591849067825, 0.820404484382462, -0.9995]
Running module mass_function_like
Model N: 1890745.9887447462
Done mass_function_like status = 0 

Pipeline ran okay.
Likelihood mass_function_like_m_n = -8.57887651026249
Posterior = -3.0965020321221495 for parameter set #635: [0.31547210212071947, 0.8059838988208999, -0.9995]
Running module mass_function_like
Model N: 1886379.0447643155
Done mass_function_like status = 0 

Pipeline ran okay.
Likelihood mass_function_like_m_n = -10.667645182460546
Posterior = -4.19738153933211 for parameter set #635: [0.30646591919500643, 0.8252846166308153, -0.9995]
Running module mass_function_like
Model N: 1871841.978853116
Done mass_function_like status = 0 

Pipeline ran okay.
Likelihood mass_function_like_m_n = -90.84433826431632
Posterior = -86.76529183569752 for parameter set #635: [0.3228046388688416, 0.7850226687091246, -0.9995]
Running module mass_function_like
Model N: 1881134.3425969128
Done mass_function_like status = 0 

Pipeline ran okay.
Likelihood mass_function_like_m_n = -26.563948549330235
Posterior = -20.411586751962655 for parameter set #635: [0.2897341108427704, 0.8677971985860727, -0.9995]
Running module mass_function_like
Model N: 1882158.056324463
Done mass_function_like status = 0 

Pipeline ran okay.
Likelihood mass_function_like_m_n = -22.31008766591549
Posterior = -15.745283243224431 for parameter set #636: [0.30478538975673125, 0.8279523380856451, -0.9995]
Model N: 1892698.9345803843
Done mass_function_like status = 0 

Pipeline ran okay.
Likelihood mass_function_like_m_n = -10.909225024282932
Posterior = -4.403784683402458 for parameter set #636: [0.305896844197191, 0.828770827266571, -0.9995]
Model N: 1893878.359722659
Done mass_function_like status = 0 

Pipeline ran okay.
Likelihood mass_function_like_m_n = -13.291129928082228
Posterior = -10.71172007300536 for parameter set #636: [0.3286352731547416, 0.7797345304591166, -0.9995]
Model N: 1876023.9976916157
Done mass_function_like status = 0 

Pipeline ran okay.
Likelihood mass_function_like_m_n = -56.18010771274567
Posterior = -50.11235244765913 for parameter set #636: [0.28894062449119606, 0.8681185415207904, -0.9995]
Running module mass_function_like
Running module mass_function_like
Running module mass_function_like
Running module mass_function_like
Model N: 1889049.3739299139
Done mass_function_like status = 0 

Pipeline ran okay.
Likelihood mass_function_like_m_n = -8.190560106188059
Posterior = -1.8759290450255914 for parameter set #637: [0.30854017724813404, 0.821216124227359, -0.9995]
Running module mass_function_like
Model N: 1888378.8783358466
Done mass_function_like status = 0 

Pipeline ran okay.
Likelihood mass_function_like_m_n = -8.457128196954727
Posterior = -1.929257221393284 for parameter set #637: [0.29449666968556754, 0.8569706690670934, -0.9995]
Running module mass_function_like
Model N: 1887488.2392631734
Done mass_function_like status = 0 

Pipeline ran okay.
Likelihood mass_function_like_m_n = -9.179607320576906
Posterior = -2.664144338602627 for parameter set #637: [0.3057243552708741, 0.8274477892746462, -0.9995]
Running module mass_function_like
Model N: 1859642.1744132533
Done mass_function_like status = 0 

Pipeline ran okay.
Likelihood mass_function_like_m_n = -246.00895725563169
Posterior = -241.3234018731207 for parameter set #637: [0.2800312803825622, 0.8889907419319557, -0.9995]
Running module mass_function_like
Model N: 1890271.0127811942
Done mass_function_like status = 0 

Pipeline ran okay.
Likelihood mass_function_like_m_n = -8.316707331687212
Posterior = -4.884619790714322 for parameter set #638: [0.32548417806144553, 0.7849130864052885, -0.9995]
Running module mass_function_like
Model N: 1892695.3301153071
Done mass_function_like status = 0 

Pipeline ran okay.
Likelihood mass_function_like_m_n = -10.903069727122784
Posterior = -6.7939151359175645 for parameter set #638: [0.3226722279765575, 0.7912858424649798, -0.9995]
Running module mass_function_like
Model N: 1890985.846626848
Done mass_function_like status = 0 

Pipeline ran okay.
Likelihood mass_function_like_m_n = -8.756583739072084
Posterior = -2.2452101060477077 for parameter set #638: [0.30579535271205854, 0.8284447207303, -0.9995]
Running module mass_function_like
Model N: 1891733.172086926
Done mass_function_like status = 0 

Pipeline ran okay.
Likelihood mass_function_like_m_n = -9.505144070833921
Posterior = -3.9028801256648737 for parameter set #638: [0.3146767861137318, 0.8080414090650206, -0.9995]
Running module mass_function_like
Model N: 1891102.40160915
Done mass_function_like status = 0 

Pipeline ran okay.
Likelihood mass_function_like_m_n = -8.85391341522336
Posterior = -3.836299675493951 for parameter set #639: [0.31823014239429187, 0.8001231801584304, -0.9995]
Running module mass_function_like
Model N: 1891021.7740611443
Done mass_function_like status = 0 

Pipeline ran okay.
Likelihood mass_function_like_m_n = -8.785819798707962
Posterior = -2.5988732701937813 for parameter set #639: [0.30992328241859535, 0.8186117500703554, -0.9995]
Running module mass_function_like
Model N: 1888393.5631594511
Done mass_function_like status = 0 

Pipeline ran okay.
Likelihood mass_function_like_m_n = -8.448739189654589
Posterior = -1.7766753215517728 for parameter set #639: [0.30120335615736854, 0.8390424602948464, -0.9995]
Running module mass_function_like
Model N: 1888911.248006953
Done mass_function_like status = 0 

Pipeline ran okay.
Likelihood mass_function_like_m_n = -8.22600157558918
Posterior = -1.554670635614789 for parameter set #639: [0.3012627951802101, 0.8390709820819394, -0.9995]
Running module mass_function_like
Model N: 1893505.285667877
Done mass_function_like status = 0 

Pipeline ran okay.
Likelihood mass_function_like_m_n = -12.458409640938044
Posterior = -6.875494164580433 for parameter set #640: [0.3148080297268245, 0.808299904580434, -0.9995]
Model N: 1890989.9748582013
Done mass_function_like status = 0 

Pipeline ran okay.
Likelihood mass_function_like_m_n = -8.75990841910243
Posterior = -2.088310879076909 for parameter set #640: [0.29875849621146944, 0.8463650181499233, -0.9995]
Model N: 1890124.13886165
Done mass_function_like status = 0 

Pipeline ran okay.
Likelihood mass_function_like_m_n = -8.25978410616517
Posterior = -3.873359817618244 for parameter set #640: [0.321414387265403, 0.7931240689507665, -0.9995]
Model N: 1889674.1182388936
Done mass_function_like status = 0 

Pipeline ran okay.
Likelihood mass_function_like_m_n = -8.156412038952112
Posterior = -1.502468953278722 for parameter set #640: [0.29774784047470837, 0.8485817158381859, -0.9995]
Running module mass_function_like
Running module mass_function_like
Running module mass_function_like
Running module mass_function_like
Model N: 1892296.8465433049
Done mass_function_like status = 0 

Pipeline ran okay.
Likelihood mass_function_like_m_n = -10.26484588906169
Posterior = -3.9946361205636194 for parameter set #641: [0.30904537926028675, 0.8210825350726747, -0.9995]
Running module mass_function_like
Model N: 1890232.6005248616
Done mass_function_like status = 0 

Pipeline ran okay.
Likelihood mass_function_like_m_n = -8.300718449056149
Posterior = -2.5079844690071997 for parameter set #641: [0.3133159319483185, 0.8106072443365916, -0.9995]
Running module mass_function_like
Model N: 1887335.8683271466
Done mass_function_like status = 0 

Pipeline ran okay.
Likelihood mass_function_like_m_n = -9.345341928303242
Posterior = -2.706887678117436 for parameter set #641: [0.30285831937069296, 0.8344775046062154, -0.9995]
Running module mass_function_like
Model N: 1888476.251617583
Done mass_function_like status = 0 

Pipeline ran okay.
Likelihood mass_function_like_m_n = -8.403634756803513
Posterior = -1.8810037379266262 for parameter set #641: [0.3055977348889227, 0.8280865268742773, -0.9995]
Running module mass_function_like
Model N: 1877665.3585876978
Done mass_function_like status = 0 

Pipeline ran okay.
Likelihood mass_function_like_m_n = -45.143125962466
Posterior = -41.990061337529156 for parameter set #642: [0.32655650418776294, 0.7792633924900105, -0.9995]
Running module mass_function_like
Model N: 1888230.9601257872
Done mass_function_like status = 0 

Pipeline ran okay.
Likelihood mass_function_like_m_n = -8.548001877963543
Posterior = -1.8855624576213312 for parameter set #642: [0.2981634391941464, 0.84695229315294, -0.9995]
Running module mass_function_like
Model N: 1893811.959753486
Done mass_function_like status = 0 

Pipeline ran okay.
Likelihood mass_function_like_m_n = -13.137557473033667
Posterior = -8.452370719187277 for parameter set #642: [0.3199705655626665, 0.7972412698114344, -0.9995]
Running module mass_function_like
Model N: 1891549.3184738795
Done mass_function_like status = 0 

Pipeline ran okay.
Likelihood mass_function_like_m_n = -9.293629184365273
Posterior = -3.2748736464440764 for parameter set #642: [0.31149389977674247, 0.8151522210752064, -0.9995]
Running module mass_function_like
Model N: 1887841.7784136175
Done mass_function_like status = 0 

Pipeline ran okay.
Likelihood mass_function_like_m_n = -8.84248749166727
Posterior = -2.2948868840040415 for parameter set #643: [0.3051323209300855, 0.8290107358586809, -0.9995]
Running module mass_function_like
Model N: 1892394.0429531366
Done mass_function_like status = 0 

Pipeline ran okay.
Likelihood mass_function_like_m_n = -10.412793952971697
Posterior = -4.6396086822964 for parameter set #643: [0.31346193840154457, 0.8109558462771879, -0.9995]
Running module mass_function_like
Model N: 1888354.5434468437
Done mass_function_like status = 0 

Pipeline ran okay.
Likelihood mass_function_like_m_n = -8.471281565725803
Posterior = -2.3113953405062073 for parameter set #643: [0.3101923301858859, 0.8171290190928252, -0.9995]
Running module mass_function_like
Model N: 1890023.756588787
Done mass_function_like status = 0 

Pipeline ran okay.
Likelihood mass_function_like_m_n = -8.227442771196365
Posterior = -1.767725426646603 for parameter set #643: [0.30662701823990907, 0.8261048866953086, -0.9995]
Running module mass_function_like
Model N: 1891928.9275853517
Done mass_function_like status = 0 

Pipeline ran okay.
Likelihood mass_function_like_m_n = -9.749968752264977
Posterior = -3.0706755505968975 for parameter set #644: [0.2999531030019707, 0.8435242836487824, -0.9995]
Model N: 1885135.133864578
Done mass_function_like status = 0 

Pipeline ran okay.
Likelihood mass_function_like_m_n = -13.11355710029602
Posterior = -6.738150734525554 for parameter set #644: [0.3077961250957092, 0.821698308921989, -0.9995]
Model N: 1897834.6875782076
Done mass_function_like status = 0 

Pipeline ran okay.
Likelihood mass_function_like_m_n = -26.627714164555073
Posterior = -23.213042199527994 for parameter set #644: [0.32555242545545576, 0.786927606056617, -0.9995]
Model N: 1890794.4598889465
Done mass_function_like status = 0 

Pipeline ran okay.
Likelihood mass_function_like_m_n = -8.612336795777082
Posterior = -3.87517071855304 for parameter set #644: [0.3197085672796688, 0.7968973046026749, -0.9995]
Running module mass_function_like
Running module mass_function_like
Running module mass_function_like
Running module mass_function_like
Model N: 1890354.2412800796
Done mass_function_like status = 0 

Pipeline ran okay.
Likelihood mass_function_like_m_n = -8.354027453809977
Posterior = -3.0093281220654164 for parameter set #645: [0.3163377162820612, 0.80397379030591, -0.9995]
Running module mass_function_like
Model N: 1889641.2312640797
Done mass_function_like status = 0 

Pipeline ran okay.
Likelihood mass_function_like_m_n = -8.153058789670467
Posterior = -1.8058579502607834 for parameter set #645: [0.30814988783849834, 0.8223332989179123, -0.9995]
Running module mass_function_like
Model N: 1896436.8684067056
Done mass_function_like status = 0 

Pipeline ran okay.
Likelihood mass_function_like_m_n = -20.975909382104874
Posterior = -14.350649148056952 for parameter set #645: [0.3032876728627489, 0.8365282885298753, -0.9995]
Running module mass_function_like
Model N: 1889881.7767654825
Done mass_function_like status = 0 

Pipeline ran okay.
Likelihood mass_function_like_m_n = -8.190800115466118
Posterior = -1.8616191068611396 for parameter set #645: [0.30836807253440385, 0.8218947335116769, -0.9995]
Running module mass_function_like
Model N: 1886480.9868283388
Done mass_function_like status = 0 

Pipeline ran okay.
Likelihood mass_function_like_m_n = -10.503635600209236
Posterior = -3.8273912026398698 for parameter set #646: [0.30078227881740893, 0.8394548465140265, -0.9995]
Running module mass_function_like
Model N: 1885840.8088819587
Done mass_function_like status = 0 

Pipeline ran okay.
Likelihood mass_function_like_m_n = -11.625080186873674
Posterior = -5.756965500124897 for parameter set #646: [0.3127372643182233, 0.8105313557145168, -0.9995]
Running module mass_function_like
Model N: 1891069.6132982434
Done mass_function_like status = 0 

Pipeline ran okay.
Likelihood mass_function_like_m_n = -8.825807821005583
Posterior = -2.181892732594232 for parameter set #646: [0.29733958236741487, 0.8501851288468015, -0.9995]
Running module mass_function_like
Model N: 1859612.98229372
Done mass_function_like status = 0 

Pipeline ran okay.
Likelihood mass_function_like_m_n = -246.47734006121755
Posterior = -240.94522134962602 for parameter set #646: [0.2848528188317518, 0.8738013443661298, -0.9995]
Running module mass_function_like
Model N: 1891023.3764801049
Done mass_function_like status = 0 

Pipeline ran okay.
Likelihood mass_function_like_m_n = -8.787139665335417
Posterior = -2.6000679494572925 for parameter set #647: [0.3099220207864333, 0.8186153008285396, -0.9995]
Running module mass_function_like
Model N: 1897243.7523491827
Done mass_function_like status = 0 

Pipeline ran okay.
Likelihood mass_function_like_m_n = -24.113230168819427
Posterior = -17.648958433295793 for parameter set #647: [0.30655793355847044, 0.8286802560475247, -0.9995]
Running module mass_function_like
Model N: 1889443.627155042
Done mass_function_like status = 0 

Pipeline ran okay.
Likelihood mass_function_like_m_n = -8.144961599260569
Posterior = -1.5469425072766967 for parameter set #647: [0.3040319996608712, 0.8322663968280227, -0.9995]
Running module mass_function_like
Model N: 1882487.631160607
Done mass_function_like status = 0 

Pipeline ran okay.
Likelihood mass_function_like_m_n = -21.059570744633675
Posterior = -14.544444957280518 for parameter set #647: [0.2942697572310234, 0.8553999112859935, -0.9995]
Running module mass_function_like
Model N: 1842584.3914357875
Done mass_function_like status = 0 

Pipeline ran okay.
Likelihood mass_function_like_m_n = -599.5385553650558
Posterior = -603.2033746760239 for parameter set #648: [0.3454843346863035, 0.7369089327976356, -0.9995]
Model N: 1891058.616345011
Done mass_function_like status = 0 

Pipeline ran okay.
Likelihood mass_function_like_m_n = -8.816508617252111
Posterior = -2.1790665004675596 for parameter set #648: [0.29710648720322, 0.8508099460696705, -0.9995]
Model N: 1898781.237488601
Done mass_function_like status = 0 

Pipeline ran okay.
Likelihood mass_function_like_m_n = -31.037045262753963
Posterior = -24.358716430866316 for parameter set #648: [0.29955832898611073, 0.8470434968335274, -0.9995]
Model N: 1887016.570570639
Done mass_function_like status = 0 

Pipeline ran okay.
Likelihood mass_function_like_m_n = -9.73258924484253
Posterior = -3.05468144634375 for parameter set #648: [0.30052846945255524, 0.8402960949029327, -0.9995]
Running module mass_function_like
Running module mass_function_like
Running module mass_function_like
Running module mass_function_like
Model N: 1892730.081446017
Done mass_function_like status = 0 

Pipeline ran okay.
Likelihood mass_function_like_m_n = -10.96269953995943
Posterior = -5.255701029894113 for parameter set #649: [0.3139449323285908, 0.8099789639840227, -0.9995]
Running module mass_function_like
Model N: 1891673.4069847309
Done mass_function_like status = 0 

Pipeline ran okay.
Likelihood mass_function_like_m_n = -9.434429179877043
Posterior = -2.856469041834057 for parameter set #649: [0.30450208974293524, 0.8318573132437938, -0.9995]
Running module mass_function_like
Model N: 1888038.811178176
Done mass_function_like status = 0 

Pipeline ran okay.
Likelihood mass_function_like_m_n = -8.683363176882267
Posterior = -2.0744309589129717 for parameter set #649: [0.30375158580711953, 0.8324853006031231, -0.9995]
Running module mass_function_like
Model N: 1889218.8168045918
Done mass_function_like status = 0 

Pipeline ran okay.
Likelihood mass_function_like_m_n = -8.160880025476217
Posterior = -1.7397811849326512 for parameter set #649: [0.30718617224628847, 0.8244926537161669, -0.9995]
Running module mass_function_like
Model N: 1886630.5425937963
Done mass_function_like status = 0 

Pipeline ran okay.
Likelihood mass_function_like_m_n = -10.273007348179817
Posterior = -3.6094957360961963 for parameter set #650: [0.30177722177718924, 0.83696460651867, -0.9995]
Running module mass_function_like
Model N: 1889670.7753481297
Done mass_function_like status = 0 

Pipeline ran okay.
Likelihood mass_function_like_m_n = -8.15604506060481
Posterior = -1.491140547394357 for parameter set #650: [0.3016970377190708, 0.8382247788220376, -0.9995]
Running module mass_function_like
Model N: 1890437.6395178111
Done mass_function_like status = 0 

Pipeline ran okay.
Likelihood mass_function_like_m_n = -8.395097561180592
Posterior = -2.3090449813364113 for parameter set #650: [0.31089267293611644, 0.8161787885289324, -0.9995]
Running module mass_function_like
Model N: 1883724.7908625351
Done mass_function_like status = 0 

Pipeline ran okay.
Likelihood mass_function_like_m_n = -16.881940443068743
Posterior = -10.210233384134755 for parameter set #650: [0.29876734924847204, 0.8437444636217639, -0.9995]
Running module mass_function_like
Model N: 1879495.0067914627
Done mass_function_like status = 0 

Pipeline ran okay.
Likelihood mass_function_like_m_n = -34.54168349877
Posterior = -27.910561546440597 for parameter set #651: [0.29689573693186944, 0.8471767171005604, -0.9995]
Running module mass_function_like
Model N: 1886720.437013748
Done mass_function_like status = 0 

Pipeline ran okay.
Likelihood mass_function_like_m_n = -10.140095550566912
Posterior = -3.5395036619327627 for parameter set #651: [0.3039676771460402, 0.8315009094197463, -0.9995]
Running module mass_function_like
Model N: 1886933.1076423489
Done mass_function_like status = 0 

Pipeline ran okay.
Likelihood mass_function_like_m_n = -9.84273175895214
Posterior = -3.8309260110813863 for parameter set #651: [0.3115542065970749, 0.8135493968959929, -0.9995]
Running module mass_function_like
Model N: 1890036.3991979475
Done mass_function_like status = 0 

Pipeline ran okay.
Likelihood mass_function_like_m_n = -8.2312226369977
Posterior = -3.1347531214095063 for parameter set #651: [0.3177923280248651, 0.8007389398699136, -0.9995]
Running module mass_function_like
Model N: 1891815.572399792
Done mass_function_like status = 0 

Pipeline ran okay.
Likelihood mass_function_like_m_n = -9.605733748525381
Posterior = -2.9274585611480823 for parameter set #652: [0.3004536542588584, 0.8421793412652521, -0.9995]
Model N: 1888106.276852012
Done mass_function_like status = 0 

Pipeline ran okay.
Likelihood mass_function_like_m_n = -8.633607145398855
Posterior = -1.9543097511696743 for parameter set #652: [0.3000368892423876, 0.8419523770174554, -0.9995]
Model N: 1887754.8194230648
Done mass_function_like status = 0 

Pipeline ran okay.
Likelihood mass_function_like_m_n = -8.919261943548918
Posterior = -5.364530019975623 for parameter set #652: [0.32499828904039996, 0.785166988628956, -0.9995]
Model N: 1886753.8850072133
Done mass_function_like status = 0 

Pipeline ran okay.
Likelihood mass_function_like_m_n = -10.091736540198326
Posterior = -3.416338493420735 for parameter set #652: [0.30088387233609937, 0.8392892483975679, -0.9995]
Running module mass_function_like
Running module mass_function_like
Running module mass_function_like
Running module mass_function_like
Model N: 1891275.0955137804
Done mass_function_like status = 0 

Pipeline ran okay.
Likelihood mass_function_like_m_n = -9.011317398399115
Posterior = -2.5455031874875687 for parameter set #653: [0.3065343704731007, 0.8267448482405741, -0.9995]
Running module mass_function_like
Model N: 1888801.7816690044
Done mass_function_like status = 0 

Pipeline ran okay.
Likelihood mass_function_like_m_n = -8.261265609413385
Posterior = -1.5840006951549377 for parameter set #653: [0.2993613633189751, 0.8439935812639033, -0.9995]
Running module mass_function_like
Model N: 1889579.134815941
Done mass_function_like status = 0 

Pipeline ran okay.
Likelihood mass_function_like_m_n = -8.148287784308195
Posterior = -1.7735684655200554 for parameter set #653: [0.30780493279307464, 0.8231331795393763, -0.9995]
Running module mass_function_like
Model N: 1884270.196025676
Done mass_function_like status = 0 

Pipeline ran okay.
Likelihood mass_function_like_m_n = -15.299128625541925
Posterior = -9.003901938102471 for parameter set #653: [0.2912355546567881, 0.8646476405312786, -0.9995]
Running module mass_function_like
Model N: 1886956.1569834754
Done mass_function_like status = 0 

Pipeline ran okay.
Likelihood mass_function_like_m_n = -9.811945050954819
Posterior = -7.273961946103148 for parameter set #654: [0.3287795798908133, 0.7775401267335197, -0.9995]
Running module mass_function_like
Model N: 1891312.6291386979
Done mass_function_like status = 0 

Pipeline ran okay.
Likelihood mass_function_like_m_n = -9.04761203750968
Posterior = -3.263526625114836 for parameter set #654: [0.31338072334304357, 0.8107998772736957, -0.9995]
Running module mass_function_like
Model N: 1890391.8945035595
Done mass_function_like status = 0 

Pipeline ran okay.
Likelihood mass_function_like_m_n = -8.372114721685648
Posterior = -2.3516416101953617 for parameter set #654: [0.31147894670098186, 0.8148184377757136, -0.9995]
Running module mass_function_like
Model N: 1888192.2778326268
Done mass_function_like status = 0 

Pipeline ran okay.
Likelihood mass_function_like_m_n = -8.573678899556398
Posterior = -4.844665250404148 for parameter set #654: [0.324291111745484, 0.7867064987119627, -0.9995]
Running module mass_function_like
Model N: 1890374.2588949467
Done mass_function_like status = 0 

Pipeline ran okay.
Likelihood mass_function_like_m_n = -8.363549876958132
Posterior = -3.8290282395811364 for parameter set #655: [0.3207112653448948, 0.7946737537878373, -0.9995]
Running module mass_function_like
Model N: 1886157.8616947574
Done mass_function_like status = 0 

Pipeline ran okay.
Likelihood mass_function_like_m_n = -11.042471207678318
Posterior = -4.615870868486416 for parameter set #655: [0.3071092033184921, 0.8236679794782764, -0.9995]
Running module mass_function_like
Model N: 1889454.5891329357
Done mass_function_like status = 0 

Pipeline ran okay.
Likelihood mass_function_like_m_n = -8.144869398325682
Posterior = -1.5357991179575592 for parameter set #655: [0.29625209610736675, 0.8525398164708624, -0.9995]
Running module mass_function_like
Model N: 1890758.1672556289
Done mass_function_like status = 0 

Pipeline ran okay.
Likelihood mass_function_like_m_n = -8.58716670051217
Posterior = -2.210719577341793 for parameter set #655: [0.3077827639709787, 0.8235732199388702, -0.9995]
Running module mass_function_like
Model N: 1878674.179533321
Done mass_function_like status = 0 

Pipeline ran okay.
Likelihood mass_function_like_m_n = -39.07609646767378
Posterior = -32.65449097977537 for parameter set #656: [0.2928208815247025, 0.8580045511907615, -0.9995]
Model N: 1893958.444379077
Done mass_function_like status = 0 

Pipeline ran okay.
Likelihood mass_function_like_m_n = -13.4794427677989
Posterior = -10.226952743546736 for parameter set #656: [0.3261794353417259, 0.7845751416071335, -0.9995]
Model N: 1886573.3538197204
Done mass_function_like status = 0 

Pipeline ran okay.
Likelihood mass_function_like_m_n = -10.359795358031988
Posterior = -4.225329988327328 for parameter set #656: [0.2895612373472184, 0.8704433932251241, -0.9995]
Model N: 1887803.7342152083
Done mass_function_like status = 0 

Pipeline ran okay.
Likelihood mass_function_like_m_n = -8.875582680106163
Posterior = -3.0633613645961137 for parameter set #656: [0.28683122721890797, 0.8791760846451251, -0.9995]
Running module mass_function_like
Running module mass_function_like
Running module mass_function_like
Running module mass_function_like
Model N: 1885177.9508619139
Done mass_function_like status = 0 

Pipeline ran okay.
Likelihood mass_function_like_m_n = -13.01570038869977
Posterior = -9.387389042422239 for parameter set #657: [0.32470219768373926, 0.785025631609351, -0.9995]
Running module mass_function_like
Model N: 1888831.238841848
Done mass_function_like status = 0 

Pipeline ran okay.
Likelihood mass_function_like_m_n = -8.251152038574219
Posterior = -1.6486212255804578 for parameter set #657: [0.2960814955578323, 0.8527751783096026, -0.9995]
Running module mass_function_like
Model N: 1888040.8990035004
Done mass_function_like status = 0 

Pipeline ran okay.
Likelihood mass_function_like_m_n = -8.681787226349115
Posterior = -2.05175031138487 for parameter set #657: [0.2968609783898178, 0.850371289618353, -0.9995]
Running module mass_function_like
Model N: 1891217.3931525056
Done mass_function_like status = 0 

Pipeline ran okay.
Likelihood mass_function_like_m_n = -8.95697122439742
Posterior = -2.4140588832328422 for parameter set #657: [0.3052228700375487, 0.8299243870705382, -0.9995]
Running module mass_function_like
Model N: 1889855.59777788
Done mass_function_like status = 0 

Pipeline ran okay.
Likelihood mass_function_like_m_n = -8.18520812317729
Posterior = -3.071978185060754 for parameter set #658: [0.3176978770489212, 0.8008868380614037, -0.9995]
Running module mass_function_like
Model N: 1889135.2459324852
Done mass_function_like status = 0 

Pipeline ran okay.
Likelihood mass_function_like_m_n = -8.173618812114
Posterior = -1.5961785937160808 for parameter set #658: [0.30451362337623067, 0.8309685996961428, -0.9995]
Running module mass_function_like
Model N: 1887796.5305010125
Done mass_function_like status = 0 

Pipeline ran okay.
Likelihood mass_function_like_m_n = -8.881935700774193
Posterior = -2.2391112963806226 for parameter set #658: [0.3027011032529923, 0.8350313634533839, -0.9995]
Running module mass_function_like
Model N: 1865135.7376169264
Done mass_function_like status = 0 

Pipeline ran okay.
Likelihood mass_function_like_m_n = -166.13762601464987
Posterior = -167.76831901702334 for parameter set #658: [0.34076762735476196, 0.7501836342429585, -0.9995]
Running module mass_function_like
Model N: 1883257.7100630878
Done mass_function_like status = 0 

Pipeline ran okay.
Likelihood mass_function_like_m_n = -18.363353341817856
Posterior = -12.795864710958657 for parameter set #659: [0.3149118447379994, 0.8049132965288661, -0.9995]
Running module mass_function_like
Model N: 1891124.7191998383
Done mass_function_like status = 0 

Pipeline ran okay.
Likelihood mass_function_like_m_n = -8.873368564993143
Posterior = -4.35841558342687 for parameter set #659: [0.32080553395971334, 0.7946981293825239, -0.9995]
Running module mass_function_like
Model N: 1887252.5631621624
Done mass_function_like status = 0 

Pipeline ran okay.
Likelihood mass_function_like_m_n = -9.44116035476327
Posterior = -5.638514771462568 for parameter set #659: [0.32398607352198144, 0.7870507963663481, -0.9995]
Running module mass_function_like
Model N: 1887935.920088766
Done mass_function_like status = 0 

Pipeline ran okay.
Likelihood mass_function_like_m_n = -8.763890963047743
Posterior = -2.1905545461334306 for parameter set #659: [0.3046036459767425, 0.8303411252459004, -0.9995]
Running module mass_function_like
Model N: 1887724.9946559344
Done mass_function_like status = 0 

Pipeline ran okay.
Likelihood mass_function_like_m_n = -8.946517020463943
Posterior = -2.277407878713971 for parameter set #660: [0.3014279395337498, 0.8382346104144406, -0.9995]
Model N: 1826922.7400394396
Done mass_function_like status = 0 

Pipeline ran okay.
Likelihood mass_function_like_m_n = -1066.659107685089
Posterior = -1072.717661858728 for parameter set #660: [0.35047347495853465, 0.7254604626517108, -0.9995]
Model N: 1886973.6961802372
Done mass_function_like status = 0 

Pipeline ran okay.
Likelihood mass_function_like_m_n = -9.788707051426172
Posterior = -3.1258418301407627 for parameter set #660: [0.2981867721034139, 0.8464379096008154, -0.9995]
Model N: 1889890.8537086004
Done mass_function_like status = 0 

Pipeline ran okay.
Likelihood mass_function_like_m_n = -8.192823644727468
Posterior = -1.8105110537666267 for parameter set #660: [0.2922929693480646, 0.8637684787261948, -0.9995]
Running module mass_function_like
Running module mass_function_like
Running module mass_function_like
Running module mass_function_like
Model N: 1895023.6007131368
Done mass_function_like status = 0 

Pipeline ran okay.
Likelihood mass_function_like_m_n = -16.305239602923393
Posterior = -10.875702493068014 for parameter set #661: [0.31580991517026463, 0.8065577761408798, -0.9995]
Running module mass_function_like
Model N: 1888052.7317852615
Done mass_function_like status = 0 

Pipeline ran okay.
Likelihood mass_function_like_m_n = -8.672899164259434
Posterior = -2.066930997505702 for parameter set #661: [0.30382977888543106, 0.8322957834226099, -0.9995]
Running module mass_function_like
Model N: 1890108.3014546342
Done mass_function_like status = 0 

Pipeline ran okay.
Likelihood mass_function_like_m_n = -8.254327490925789
Posterior = -1.6056759022179357 for parameter set #661: [0.3024759890792306, 0.8363962424263304, -0.9995]
Running module mass_function_like
Model N: 1890278.9030937392
Done mass_function_like status = 0 

Pipeline ran okay.
Likelihood mass_function_like_m_n = -8.320088230073452
Posterior = -2.1303006956330126 for parameter set #661: [0.309894611299791, 0.8184394478739084, -0.9995]
Running module mass_function_like
Model N: 1882849.7398284408
Done mass_function_like status = 0 

Pipeline ran okay.
Likelihood mass_function_like_m_n = -19.752380311489105
Posterior = -13.079529675960279 for parameter set #662: [0.30113609531126345, 0.8372842005245446, -0.9995]
Running module mass_function_like
Model N: 1883778.1718704305
Done mass_function_like status = 0 

Pipeline ran okay.
Likelihood mass_function_like_m_n = -16.72003299742937
Posterior = -10.220840387825467 for parameter set #662: [0.30600185952361925, 0.8255409511660928, -0.9995]
Running module mass_function_like
Model N: 1890267.367935669
Done mass_function_like status = 0 

Pipeline ran okay.
Likelihood mass_function_like_m_n = -8.315156679600477
Posterior = -2.222881954570777 for parameter set #662: [0.3108354000690376, 0.8162564968064325, -0.9995]
Running module mass_function_like
Model N: 1890377.8519726235
Done mass_function_like status = 0 

Pipeline ran okay.
Likelihood mass_function_like_m_n = -8.365281540900469
Posterior = -1.9349458782133926 for parameter set #662: [0.30705646562555394, 0.82518747074973, -0.9995]
Running module mass_function_like
Model N: 1888831.3188575846
Done mass_function_like status = 0 

Pipeline ran okay.
Likelihood mass_function_like_m_n = -8.251125194132328
Posterior = -1.6340174984882019 for parameter set #663: [0.3035269392585094, 0.8333156709473718, -0.9995]
Running module mass_function_like
Model N: 1884694.2188809337
Done mass_function_like status = 0 

Pipeline ran okay.
Likelihood mass_function_like_m_n = -14.17796054109931
Posterior = -7.601561174678956 for parameter set #663: [0.3045366249986051, 0.8294127231089381, -0.9995]
Running module mass_function_like
Model N: 1889735.5393144062
Done mass_function_like status = 0 

Pipeline ran okay.
Likelihood mass_function_like_m_n = -8.164207190275192
Posterior = -1.644087249860398 for parameter set #663: [0.30564241540291753, 0.828399284177501, -0.9995]
Running module mass_function_like
Model N: 1890061.2122702477
Done mass_function_like status = 0 

Pipeline ran okay.
Likelihood mass_function_like_m_n = -8.238886997103691
Posterior = -3.144742249497371 for parameter set #663: [0.3178053893566183, 0.800718487488925, -0.9995]
Running module mass_function_like
Model N: 1899368.9138213354
Done mass_function_like status = 0 

Pipeline ran okay.
Likelihood mass_function_like_m_n = -34.01091671735048
Posterior = -31.246737780260172 for parameter set #664: [0.32798258480276576, 0.7825399208311473, -0.9995]
Model N: 1890088.0307884112
Done mass_function_like status = 0 

Pipeline ran okay.
Likelihood mass_function_like_m_n = -8.24753699824214
Posterior = -1.7096348735478877 for parameter set #664: [0.30531793331315743, 0.829310863888709, -0.9995]
Model N: 1888989.8275460121
Done mass_function_like status = 0 

Pipeline ran okay.
Likelihood mass_function_like_m_n = -8.204600151628256
Posterior = -1.9201232267808095 for parameter set #664: [0.2911137491205486, 0.866829521527903, -0.9995]
Model N: 1894317.9680599137
Done mass_function_like status = 0 

Pipeline ran okay.
Likelihood mass_function_like_m_n = -14.36645632237196
Posterior = -7.867958957698857 for parameter set #664: [0.30601343219196986, 0.8290292675475306, -0.9995]
Running module mass_function_like
Running module mass_function_like
Running module mass_function_like
Running module mass_function_like
Model N: 1890376.0752712262
Done mass_function_like status = 0 

Pipeline ran okay.
Likelihood mass_function_like_m_n = -8.364424411207438
Posterior = -1.933858430985273 for parameter set #665: [0.30705320094833594, 0.8251948859984661, -0.9995]
Running module mass_function_like
Model N: 1889014.241711451
Done mass_function_like status = 0 

Pipeline ran okay.
Likelihood mass_function_like_m_n = -8.198616616427898
Posterior = -1.5295388404475183 for parameter set #665: [0.3014301344223408, 0.8386779579641623, -0.9995]
Running module mass_function_like
Model N: 1890342.9420790698
Done mass_function_like status = 0 

Pipeline ran okay.
Likelihood mass_function_like_m_n = -8.348745957016945
Posterior = -3.010051498275784 for parameter set #665: [0.3163744296973607, 0.803890467391058, -0.9995]
Running module mass_function_like
Model N: 1890763.6203098733
Done mass_function_like status = 0 

Pipeline ran okay.
Likelihood mass_function_like_m_n = -8.590904127806425
Posterior = -2.039045599552752 for parameter set #665: [0.30504867646134165, 0.830199793093341, -0.9995]
Running module mass_function_like
Model N: 1861768.3460675955
Done mass_function_like status = 0 

Pipeline ran okay.
Likelihood mass_function_like_m_n = -213.1458370797336
Posterior = -215.95195678302886 for parameter set #666: [0.34355553673554134, 0.7446820758892284, -0.9995]
Running module mass_function_like
Model N: 1887876.629957278
Done mass_function_like status = 0 

Pipeline ran okay.
Likelihood mass_function_like_m_n = -8.812843088060617
Posterior = -3.3517735447917527 for parameter set #666: [0.31560919379751134, 0.8048040609842594, -0.9995]
Running module mass_function_like
Model N: 1888113.7148475782
Done mass_function_like status = 0 

Pipeline ran okay.
Likelihood mass_function_like_m_n = -8.628269258886576
Posterior = -2.001366414444325 for parameter set #666: [0.2967626753679018, 0.8506629361528799, -0.9995]
Running module mass_function_like
Model N: 1877044.8805186911
Done mass_function_like status = 0 

Pipeline ran okay.
Likelihood mass_function_like_m_n = -49.145525842905045
Posterior = -43.36763178924935 for parameter set #666: [0.28657308565116685, 0.8755993317720954, -0.9995]
Running module mass_function_like
Model N: 1887590.235525229
Done mass_function_like status = 0 

Pipeline ran okay.
Likelihood mass_function_like_m_n = -9.075545571744442
Posterior = -2.590710100758262 for parameter set #667: [0.30623648502482, 0.8262402622792755, -0.9995]
Running module mass_function_like
Model N: 1885768.3027362162
Done mass_function_like status = 0 

Pipeline ran okay.
Likelihood mass_function_like_m_n = -11.765818379819393
Posterior = -5.728813286850646 for parameter set #667: [0.2886659883065046, 0.8727830576496578, -0.9995]
Running module mass_function_like
Model N: 1885211.417507078
Done mass_function_like status = 0 

Pipeline ran okay.
Likelihood mass_function_like_m_n = -12.93989222496748
Posterior = -9.326040247376461 for parameter set #667: [0.3247606632411944, 0.7849187633280095, -0.9995]
Running module mass_function_like
Model N: 1878454.230529887
Done mass_function_like status = 0 

Pipeline ran okay.
Likelihood mass_function_like_m_n = -40.352400708943605
Posterior = -35.96847348071446 for parameter set #667: [0.3214260447590359, 0.7897044122431722, -0.9995]
Running module mass_function_like
Model N: 1890015.6768229776
Done mass_function_like status = 0 

Pipeline ran okay.
Likelihood mass_function_like_m_n = -8.225071378052235
Posterior = -1.687491188789867 for parameter set #668: [0.3053239836409935, 0.8292718160401962, -0.9995]
Model N: 1896367.7426152024
Done mass_function_like status = 0 

Pipeline ran okay.
Likelihood mass_function_like_m_n = -20.72303755581379
Posterior = -14.048377690605214 for parameter set #668: [0.2990362227330316, 0.8475622538934232, -0.9995]
Model N: 1896035.9136618883
Done mass_function_like status = 0 

Pipeline ran okay.
Likelihood mass_function_like_m_n = -19.544116098433733
Posterior = -15.534489197618118 for parameter set #668: [0.32310704350406855, 0.7913650158617039, -0.9995]
Model N: 1887660.8802458595
Done mass_function_like status = 0 

Pipeline ran okay.
Likelihood mass_function_like_m_n = -9.006704118102789
Posterior = -2.331842626418979 for parameter set #668: [0.30094262470012084, 0.8394556499732041, -0.9995]
Running module mass_function_like
Running module mass_function_like
Running module mass_function_like
Running module mass_function_like
Model N: 1895875.7055466166
Done mass_function_like status = 0 

Pipeline ran okay.
Likelihood mass_function_like_m_n = -18.99564329534769
Posterior = -12.769136550013656 for parameter set #669: [0.3095162750378093, 0.8211377503568938, -0.9995]
Running module mass_function_like
Model N: 1890609.3630789777
Done mass_function_like status = 0 

Pipeline ran okay.
Likelihood mass_function_like_m_n = -8.491245213896036
Posterior = -2.1875113749704482 for parameter set #669: [0.3086668374783956, 0.8214257531109024, -0.9995]
Running module mass_function_like
Model N: 1891451.7870538
Done mass_function_like status = 0 

Pipeline ran okay.
Likelihood mass_function_like_m_n = -9.18867002427578
Posterior = -2.6505099465402644 for parameter set #669: [0.30531308047322236, 0.8297817612754591, -0.9995]
Running module mass_function_like
Model N: 1886191.3700722868
Done mass_function_like status = 0 

Pipeline ran okay.
Likelihood mass_function_like_m_n = -10.984016686677933
Posterior = -4.331100059058183 for parameter set #669: [0.3022972840786655, 0.8354964932449296, -0.9995]
Running module mass_function_like
Model N: 1886065.5167137596
Done mass_function_like status = 0 

Pipeline ran okay.
Likelihood mass_function_like_m_n = -11.206651017069817
Posterior = -6.199075794395008 for parameter set #670: [0.31828512496886685, 0.798496900878809, -0.9995]
Running module mass_function_like
Model N: 1889122.5798013196
Done mass_function_like status = 0 

Pipeline ran okay.
Likelihood mass_function_like_m_n = -8.175872191786766
Posterior = -1.6000165133852544 for parameter set #670: [0.3045485936267969, 0.830878162082467, -0.9995]
Running module mass_function_like
Model N: 1890457.7613938286
Done mass_function_like status = 0 

Pipeline ran okay.
Likelihood mass_function_like_m_n = -8.40555740147829
Posterior = -2.045143707217983 for parameter set #670: [0.307986119258437, 0.8229897972264115, -0.9995]
Running module mass_function_like
Model N: 1882873.8480998583
Done mass_function_like status = 0 

Pipeline ran okay.
Likelihood mass_function_like_m_n = -19.667832475155592
Posterior = -13.396449717786105 for parameter set #670: [0.3090324021272385, 0.8180603584939588, -0.9995]
Running module mass_function_like
Model N: 1890679.151421283
Done mass_function_like status = 0 

Pipeline ran okay.
Likelihood mass_function_like_m_n = -8.534774493426085
Posterior = -3.7276124329239657 for parameter set #671: [0.3193501531663606, 0.7976186264639388, -0.9995]
Running module mass_function_like
Model N: 1886515.5942085485
Done mass_function_like status = 0 

Pipeline ran okay.
Likelihood mass_function_like_m_n = -10.449211992323399
Posterior = -3.770049928236565 for parameter set #671: [0.3001686026235658, 0.8410497338154483, -0.9995]
Running module mass_function_like
Model N: 1889585.658712702
Done mass_function_like status = 0 

Pipeline ran okay.
Likelihood mass_function_like_m_n = -8.148693107068539
Posterior = -1.638090386130303 for parameter set #671: [0.3058086397266824, 0.8279438144782366, -0.9995]
Running module mass_function_like
Model N: 1889646.3086290453
Done mass_function_like status = 0 

Pipeline ran okay.
Likelihood mass_function_like_m_n = -8.153539136052132
Posterior = -3.661881085068587 for parameter set #671: [0.3209171993695459, 0.7940314618771513, -0.9995]
Running module mass_function_like
Model N: 1887879.4558194804
Done mass_function_like status = 0 

Pipeline ran okay.
Likelihood mass_function_like_m_n = -8.810467656701803
Posterior = -2.1371190664095696 for parameter set #672: [0.30109138517655, 0.8391499042980761, -0.9995]
Model N: 1882853.3514497636
Done mass_function_like status = 0 

Pipeline ran okay.
Likelihood mass_function_like_m_n = -19.739694610238075
Posterior = -15.95641507236839 for parameter set #672: [0.32406667679776546, 0.7856337994979208, -0.9995]
Model N: 1887965.1930313858
Done mass_function_like status = 0 

Pipeline ran okay.
Likelihood mass_function_like_m_n = -8.740409303456545
Posterior = -2.8296993639891337 for parameter set #672: [0.2876016593139018, 0.8768807236887576, -0.9995]
Model N: 1887253.4653068124
Done mass_function_like status = 0 

Pipeline ran okay.
Likelihood mass_function_like_m_n = -9.440102979540825
Posterior = -3.056960044480885 for parameter set #672: [0.3076962492585708, 0.8226286310918386, -0.9995]
Running module mass_function_like
Running module mass_function_like
Running module mass_function_like
Running module mass_function_like
Model N: 1891362.0015498174
Done mass_function_like status = 0 

Pipeline ran okay.
Likelihood mass_function_like_m_n = -9.096487887203693
Posterior = -3.437727243582817 for parameter set #673: [0.3142866619942471, 0.808791906275763, -0.9995]
Running module mass_function_like
Model N: 1887913.6016372743
Done mass_function_like status = 0 

Pipeline ran okay.
Likelihood mass_function_like_m_n = -8.782099191099405
Posterior = -2.165640696422267 for parameter set #673: [0.29645470160259924, 0.851423509455599, -0.9995]
Running module mass_function_like
Model N: 1889514.0821403563
Done mass_function_like status = 0 

Pipeline ran okay.
Likelihood mass_function_like_m_n = -8.145478203892708
Posterior = -2.2747438715429036 for parameter set #673: [0.31271668090313187, 0.8117294414448296, -0.9995]
Running module mass_function_like
Model N: 1889026.1368977635
Done mass_function_like status = 0 

Pipeline ran okay.
Likelihood mass_function_like_m_n = -8.19581563770771
Posterior = -1.5411094864108783 for parameter set #673: [0.3022180192520971, 0.8366756480143378, -0.9995]
Running module mass_function_like
Model N: 1885389.9006929786
Done mass_function_like status = 0 

Pipeline ran okay.
Likelihood mass_function_like_m_n = -12.545650020241737
Posterior = -5.884345321965585 for parameter set #674: [0.2981026597546014, 0.8460919413089496, -0.9995]
Running module mass_function_like
Model N: 1888883.194438804
Done mass_function_like status = 0 

Pipeline ran okay.
Likelihood mass_function_like_m_n = -8.234434124082327
Posterior = -2.4259668179837526 for parameter set #674: [0.31319724889673317, 0.8104512456051601, -0.9995]
Running module mass_function_like
Model N: 1888860.8278183548
Done mass_function_like status = 0 

Pipeline ran okay.
Likelihood mass_function_like_m_n = -8.241455860435963
Posterior = -2.0068340798755973 for parameter set #674: [0.3094306141661064, 0.8190639200051119, -0.9995]
Running module mass_function_like
Model N: 1890307.2373574036
Done mass_function_like status = 0 

Pipeline ran okay.
Likelihood mass_function_like_m_n = -8.332500461488962
Posterior = -2.216270663789585 for parameter set #674: [0.3106120158368787, 0.8167843890165005, -0.9995]
Running module mass_function_like
Model N: 1805654.0967733434
Done mass_function_like status = 0 

Pipeline ran okay.
Likelihood mass_function_like_m_n = -1923.8059180676937
Posterior = -1933.2226275166674 for parameter set #675: [0.3567380183779518, 0.7114571943020831, -0.9995]
Running module mass_function_like
Model N: 1886045.9600490024
Done mass_function_like status = 0 

Pipeline ran okay.
Likelihood mass_function_like_m_n = -11.242001928389072
Posterior = -8.016596508305165 for parameter set #675: [0.32628268927726495, 0.7821411508675201, -0.9995]
Running module mass_function_like
Model N: 1882395.6615070119
Done mass_function_like status = 0 

Pipeline ran okay.
Likelihood mass_function_like_m_n = -21.402707777917385
Posterior = -14.744170388709101 for parameter set #675: [0.3020379798380708, 0.8348434685582532, -0.9995]
Running module mass_function_like
Model N: 1890345.3094192029
Done mass_function_like status = 0 

Pipeline ran okay.
Likelihood mass_function_like_m_n = -8.3498469106853
Posterior = -1.8477372799350515 for parameter set #675: [0.3059530591725591, 0.8278460905693169, -0.9995]
Running module mass_function_like
Model N: 1891043.5757064552
Done mass_function_like status = 0 

Pipeline ran okay.
Likelihood mass_function_like_m_n = -8.803893465548754
Posterior = -2.2087678778357542 for parameter set #676: [0.29589686435522294, 0.8540967357582023, -0.9995]
Model N: 1888600.0670556175
Done mass_function_like status = 0 

Pipeline ran okay.
Likelihood mass_function_like_m_n = -8.342869624495506
Posterior = -1.69401086366015 for parameter set #676: [0.30246760764607517, 0.8358966694492138, -0.9995]
Model N: 1889367.0474668713
Done mass_function_like status = 0 

Pipeline ran okay.
Likelihood mass_function_like_m_n = -8.1473798006773
Posterior = -3.942444562377565 for parameter set #676: [0.3222457589666456, 0.791192817534117, -0.9995]
Model N: 1887856.887176303
Done mass_function_like status = 0 

Pipeline ran okay.
Likelihood mass_function_like_m_n = -8.829557050019503
Posterior = -2.151884417059035 for parameter set #676: [0.30057123819020315, 0.8404807252908102, -0.9995]
Running module mass_function_like
Running module mass_function_like
Running module mass_function_like
Running module mass_function_like
Model N: 1892509.1478648027
Done mass_function_like status = 0 

Pipeline ran okay.
Likelihood mass_function_like_m_n = -10.594448126852512
Posterior = -4.239638180118931 for parameter set #677: [0.3080559822688064, 0.8234969523160202, -0.9995]
Running module mass_function_like
Model N: 1882338.9494187022
Done mass_function_like status = 0 

Pipeline ran okay.
Likelihood mass_function_like_m_n = -21.616547595709562
Posterior = -15.036775548986235 for parameter set #677: [0.29553833771813975, 0.8518659425187062, -0.9995]
Running module mass_function_like
Model N: 1890506.5721710417
Done mass_function_like status = 0 

Pipeline ran okay.
Likelihood mass_function_like_m_n = -8.43181985616684
Posterior = -2.0571911137530936 for parameter set #677: [0.307806093208468, 0.8234349959774699, -0.9995]
Running module mass_function_like
Model N: 1881782.278618876
Done mass_function_like status = 0 

Pipeline ran okay.
Likelihood mass_function_like_m_n = -23.80660093948245
Posterior = -17.14072414431983 for parameter set #677: [0.2983612563868879, 0.8441186385999125, -0.9995]
Running module mass_function_like
Model N: 1886974.2643647182
Done mass_function_like status = 0 

Pipeline ran okay.
Likelihood mass_function_like_m_n = -9.787956986576319
Posterior = -7.243005576281552 for parameter set #678: [0.3287553570244413, 0.7775917055654182, -0.9995]
Running module mass_function_like
Model N: 1890017.9394635633
Done mass_function_like status = 0 

Pipeline ran okay.
Likelihood mass_function_like_m_n = -8.22573197633028
Posterior = -1.8427338264022453 for parameter set #678: [0.30769813027146414, 0.8235317170892245, -0.9995]
Running module mass_function_like
Model N: 1873837.3056434419
Done mass_function_like status = 0 

Pipeline ran okay.
Likelihood mass_function_like_m_n = -73.1314612030983
Posterior = -71.48525642510597 for parameter set #678: [0.3317272735050394, 0.7684279890625064, -0.9995]
Running module mass_function_like
Model N: 1875966.8055061344
Done mass_function_like status = 0 

Pipeline ran okay.
Likelihood mass_function_like_m_n = -56.590746127068996
Posterior = -50.81090412187914 for parameter set #678: [0.2865876013098302, 0.8751207881060488, -0.9995]
Running module mass_function_like
Model N: 1887656.6293220695
Done mass_function_like status = 0 

Pipeline ran okay.
Likelihood mass_function_like_m_n = -9.010771702975035
Posterior = -4.125461729808274 for parameter set #679: [0.3189419863010374, 0.7975809506260573, -0.9995]
Running module mass_function_like
Model N: 1890051.1527699449
Done mass_function_like status = 0 

Pipeline ran okay.
Likelihood mass_function_like_m_n = -8.235740531235933
Posterior = -1.7068567586429975 for parameter set #679: [0.3054848960923114, 0.8288899207845809, -0.9995]
Running module mass_function_like
Model N: 1886264.2528109543
Done mass_function_like status = 0 

Pipeline ran okay.
Likelihood mass_function_like_m_n = -10.858933608978987
Posterior = -4.2026796434942515 for parameter set #679: [0.29785289810090604, 0.8470692480053146, -0.9995]
Running module mass_function_like
Model N: 1888345.1344716041
Done mass_function_like status = 0 

Pipeline ran okay.
Likelihood mass_function_like_m_n = -8.476838011294603
Posterior = -1.9806870562872465 for parameter set #679: [0.3060523258884968, 0.8269371064697507, -0.9995]
Running module mass_function_like
Model N: 1861055.4473301165
Done mass_function_like status = 0 

Pipeline ran okay.
Likelihood mass_function_like_m_n = -223.889852643013
Posterior = -220.67308220039413 for parameter set #680: [0.2736844769928799, 0.9113031570789785, -0.9995]
Model N: 1884605.1736277083
Done mass_function_like status = 0 

Pipeline ran okay.
Likelihood mass_function_like_m_n = -14.405472304672003
Posterior = -8.158839665716407 for parameter set #680: [0.29069761794641175, 0.8663360950058104, -0.9995]
Model N: 1874057.7916418337
Done mass_function_like status = 0 

Pipeline ran okay.
Likelihood mass_function_like_m_n = -71.3056997358799
Posterior = -64.70812251001787 for parameter set #680: [0.29595705620993384, 0.8477162041638548, -0.9995]
Model N: 1890141.186581349
Done mass_function_like status = 0 

Pipeline ran okay.
Likelihood mass_function_like_m_n = -8.2658059746027
Posterior = -1.7464812568586368 for parameter set #680: [0.30565649150209095, 0.828500623507758, -0.9995]
Running module mass_function_like
Running module mass_function_like
Running module mass_function_like
Running module mass_function_like
Model N: 1883246.3061380622
Done mass_function_like status = 0 

Pipeline ran okay.
Likelihood mass_function_like_m_n = -18.40097576007247
Posterior = -13.582630139496825 for parameter set #681: [0.3192922708758433, 0.7955355434533246, -0.9995]
Running module mass_function_like
Model N: 1888638.4137200005
Done mass_function_like status = 0 

Pipeline ran okay.
Likelihood mass_function_like_m_n = -8.325697258114815
Posterior = -1.720097426496416 for parameter set #681: [0.2961606155000625, 0.8524886235682133, -0.9995]
Running module mass_function_like
Model N: 1887779.8459456386
Done mass_function_like status = 0 

Pipeline ran okay.
Likelihood mass_function_like_m_n = -8.896755613386631
Posterior = -2.2525896451964353 for parameter set #681: [0.3026509707701144, 0.8351515588888592, -0.9995]
Running module mass_function_like
Model N: 1889629.5594524178
Done mass_function_like status = 0 

Pipeline ran okay.
Likelihood mass_function_like_m_n = -8.152006302028894
Posterior = -1.6143482009573233 for parameter set #681: [0.3053225200279309, 0.8291457989653744, -0.9995]
Running module mass_function_like
Model N: 1860238.3675619205
Done mass_function_like status = 0 

Pipeline ran okay.
Likelihood mass_function_like_m_n = -236.54497011750937
Posterior = -236.78671044313197 for parameter set #682: [0.3372049580672598, 0.7550673477407154, -0.9995]
Running module mass_function_like
Model N: 1887148.7639989587
Done mass_function_like status = 0 

Pipeline ran okay.
Likelihood mass_function_like_m_n = -9.565702635794878
Posterior = -3.0416127170822733 for parameter set #682: [0.3055716116088183, 0.8277058643337404, -0.9995]
Running module mass_function_like
Model N: 1889818.9447538827
Done mass_function_like status = 0 

Pipeline ran okay.
Likelihood mass_function_like_m_n = -8.17798799648881
Posterior = -1.7336023811811785 for parameter set #682: [0.3068544669085578, 0.8254883673964051, -0.9995]
Running module mass_function_like
Model N: 1883421.991694092
Done mass_function_like status = 0 

Pipeline ran okay.
Likelihood mass_function_like_m_n = -17.829063326120377
Posterior = -11.16663945504479 for parameter set #682: [0.29816259273787155, 0.8452276921747147, -0.9995]
Running module mass_function_like
Model N: 1887829.644010292
Done mass_function_like status = 0 

Pipeline ran okay.
Likelihood mass_function_like_m_n = -8.852960038930178
Posterior = -2.17565837298903 for parameter set #683: [0.29936714419192806, 0.8436327963688466, -0.9995]
Running module mass_function_like
Model N: 1894504.9246687875
Done mass_function_like status = 0 

Pipeline ran okay.
Likelihood mass_function_like_m_n = -14.85461350157857
Posterior = -12.682306519351968 for parameter set #683: [0.3300233149937964, 0.7772335814335005, -0.9995]
Running module mass_function_like
Model N: 1850942.3853032275
Done mass_function_like status = 0 

Pipeline ran okay.
Likelihood mass_function_like_m_n = -406.2670374326408
Posterior = -402.9514024966986 for parameter set #683: [0.27406288658170286, 0.905300002721589, -0.9995]
Running module mass_function_like
Model N: 1884367.526615926
Done mass_function_like status = 0 

Pipeline ran okay.
Likelihood mass_function_like_m_n = -15.03331545740366
Posterior = -8.442050632491366 for parameter set #683: [0.3041961738142719, 0.8301400112913443, -0.9995]
Running module mass_function_like
Model N: 1890054.4980836262
Done mass_function_like status = 0 

Pipeline ran okay.
Likelihood mass_function_like_m_n = -8.23678095638752
Posterior = -1.710610849872639 for parameter set #684: [0.3055341501930345, 0.828770634114049, -0.9995]
Model N: 1877378.88460763
Done mass_function_like status = 0 

Pipeline ran okay.
Likelihood mass_function_like_m_n = -46.96538143604994
Posterior = -46.012944162712905 for parameter set #684: [0.3338433654501829, 0.7654913456568784, -0.9995]
Model N: 1888003.6148211565
Done mass_function_like status = 0 

Pipeline ran okay.
Likelihood mass_function_like_m_n = -8.710278145968914
Posterior = -2.788361746016289 for parameter set #684: [0.28769237798469927, 0.876619859167599, -0.9995]
Model N: 1848050.524732367
Done mass_function_like status = 0 

Pipeline ran okay.
Likelihood mass_function_like_m_n = -468.762195084244
Posterior = -466.4987957360999 for parameter set #684: [0.27028163917654235, 0.9175821442103815, -0.9995]
Running module mass_function_like
Running module mass_function_like
Running module mass_function_like
Running module mass_function_like
Model N: 1892871.775394256
Done mass_function_like status = 0 

Pipeline ran okay.
Likelihood mass_function_like_m_n = -11.212425082921982
Posterior = -5.145304454057815 for parameter set #685: [0.31106511246617974, 0.8165597322449383, -0.9995]
Running module mass_function_like
Model N: 1896421.280027466
Done mass_function_like status = 0 

Pipeline ran okay.
Likelihood mass_function_like_m_n = -20.918665677309036
Posterior = -15.318869132473663 for parameter set #685: [0.31469358808102926, 0.8094590435610175, -0.9995]
Running module mass_function_like
Model N: 1888566.1084096872
Done mass_function_like status = 0 

Pipeline ran okay.
Likelihood mass_function_like_m_n = -8.358727306127548
Posterior = -1.7874481047914408 for parameter set #685: [0.3046481178335772, 0.8304445047697034, -0.9995]
Running module mass_function_like
Model N: 1888648.969497854
Done mass_function_like status = 0 

Pipeline ran okay.
Likelihood mass_function_like_m_n = -8.321106903254986
Posterior = -1.7087905620937267 for parameter set #685: [0.303660269311101, 0.832920797567712, -0.9995]
Running module mass_function_like
Model N: 1879549.180616324
Done mass_function_like status = 0 

Pipeline ran okay.
Likelihood mass_function_like_m_n = -34.25509720668197
Posterior = -29.30968910743652 for parameter set #686: [0.3186220090165629, 0.7958469351177759, -0.9995]
Running module mass_function_like
Model N: 1894952.5394597761
Done mass_function_like status = 0 

Pipeline ran okay.
Likelihood mass_function_like_m_n = -16.09812681004405
Posterior = -9.545066896958454 for parameter set #686: [0.30502482408099235, 0.8316751639642255, -0.9995]
Running module mass_function_like
Model N: 1887962.185681808
Done mass_function_like status = 0 

Pipeline ran okay.
Likelihood mass_function_like_m_n = -8.742800753563643
Posterior = -2.103720194520042 for parameter set #686: [0.29716367705412094, 0.8495270173672762, -0.9995]
Running module mass_function_like
Model N: 1890862.0383740817
Done mass_function_like status = 0 

Pipeline ran okay.
Likelihood mass_function_like_m_n = -8.661059517413378
Posterior = -3.2110790226199954 for parameter set #686: [0.31568007463959796, 0.8055639349435783, -0.9995]
Running module mass_function_like
Model N: 1894687.1685882022
Done mass_function_like status = 0 

Pipeline ran okay.
Likelihood mass_function_like_m_n = -15.348176121711731
Posterior = -9.435180106168849 for parameter set #687: [0.31237988839018604, 0.8141251532568786, -0.9995]
Running module mass_function_like
Model N: 1891630.060998509
Done mass_function_like status = 0 

Pipeline ran okay.
Likelihood mass_function_like_m_n = -9.384321577847004
Posterior = -3.585565825428592 for parameter set #687: [0.3132706325839561, 0.811146428540532, -0.9995]
Running module mass_function_like
Model N: 1888200.6180147012
Done mass_function_like status = 0 

Pipeline ran okay.
Likelihood mass_function_like_m_n = -8.568075694143772
Posterior = -2.9890642071558275 for parameter set #687: [0.31483437030225586, 0.8066026281198415, -0.9995]
Running module mass_function_like
Model N: 1846555.5068979117
Done mass_function_like status = 0 

Pipeline ran okay.
Likelihood mass_function_like_m_n = -502.88386972621083
Posterior = -507.36493296081727 for parameter set #687: [0.3472448249714541, 0.7350469206195276, -0.9995]
Running module mass_function_like
Model N: 1886465.276774199
Done mass_function_like status = 0 

Pipeline ran okay.
Likelihood mass_function_like_m_n = -10.5285510905087
Posterior = -3.8536148745557437 for parameter set #688: [0.2990653361719587, 0.8439385231671988, -0.9995]
Model N: 1890487.8814258003
Done mass_function_like status = 0 

Pipeline ran okay.
Likelihood mass_function_like_m_n = -8.421614553779364
Posterior = -1.9324014787422605 for parameter set #688: [0.3061658920404609, 0.8273763626242423, -0.9995]
Model N: 1891430.1933126203
Done mass_function_like status = 0 

Pipeline ran okay.
Likelihood mass_function_like_m_n = -9.166111022233963
Posterior = -4.023950176673159 for parameter set #688: [0.31753364396096484, 0.8017144498921934, -0.9995]
Model N: 1879661.6262434798
Done mass_function_like status = 0 

Pipeline ran okay.
Likelihood mass_function_like_m_n = -33.665256071835756
Posterior = -27.247584989938858 for parameter set #688: [0.29276628565101853, 0.8585299543725255, -0.9995]
Running module mass_function_like
Running module mass_function_like
Running module mass_function_like
Running module mass_function_like
Model N: 1888228.2940680836
Done mass_function_like status = 0 

Pipeline ran okay.
Likelihood mass_function_like_m_n = -8.54974614456296
Posterior = -3.107421211000082 for parameter set #689: [0.3157288223637202, 0.8046504945454753, -0.9995]
Running module mass_function_like
Model N: 1888212.9675244559
Done mass_function_like status = 0 

Pipeline ran okay.
Likelihood mass_function_like_m_n = -8.559846594929695
Posterior = -1.9357112084551709 for parameter set #689: [0.30332171075910214, 0.8336168782509115, -0.9995]
Running module mass_function_like
Model N: 1889282.0099755377
Done mass_function_like status = 0 

Pipeline ran okay.
Likelihood mass_function_like_m_n = -8.153702355921268
Posterior = -1.5077195325095936 for parameter set #689: [0.3025815257077366, 0.8358440336945681, -0.9995]
Running module mass_function_like
Model N: 1889465.17304647
Done mass_function_like status = 0 

Pipeline ran okay.
Likelihood mass_function_like_m_n = -8.144840724766254
Posterior = -1.4934841393245097 for parameter set #689: [0.3023642171164449, 0.8364569646221146, -0.9995]
Running module mass_function_like
Model N: 1885969.6279934703
Done mass_function_like status = 0 

Pipeline ran okay.
Likelihood mass_function_like_m_n = -11.381924819201231
Posterior = -6.2125002925502635 for parameter set #690: [0.31737745477139406, 0.8004026292191515, -0.9995]
Running module mass_function_like
Model N: 1890390.5193193473
Done mass_function_like status = 0 

Pipeline ran okay.
Likelihood mass_function_like_m_n = -8.371440947055817
Posterior = -1.8314660552743494 for parameter set #690: [0.30527881249011046, 0.8295087448462409, -0.9995]
Running module mass_function_like
Model N: 1888086.885616094
Done mass_function_like status = 0 

Pipeline ran okay.
Likelihood mass_function_like_m_n = -8.64766115322709
Posterior = -2.852199717276144 for parameter set #690: [0.3132954335195153, 0.809982640112522, -0.9995]
Running module mass_function_like
Model N: 1881401.5187597547
Done mass_function_like status = 0 

Pipeline ran okay.
Likelihood mass_function_like_m_n = -25.399806883186102
Posterior = -19.40895976994141 for parameter set #690: [0.28826580139024816, 0.8722419889443603, -0.9995]
Running module mass_function_like
Model N: 1886683.4848767181
Done mass_function_like status = 0 

Pipeline ran okay.
Likelihood mass_function_like_m_n = -10.19421125203371
Posterior = -3.7299304919327216 for parameter set #691: [0.3065577959439008, 0.8251643132568565, -0.9995]
Running module mass_function_like
Model N: 1891178.814483313
Done mass_function_like status = 0 

Pipeline ran okay.
Likelihood mass_function_like_m_n = -8.921617537736893
Posterior = -2.3617147864940726 for parameter set #691: [0.3048867463013211, 0.8307389687497709, -0.9995]
Running module mass_function_like
Model N: 1892988.026474092
Done mass_function_like status = 0 

Pipeline ran okay.
Likelihood mass_function_like_m_n = -11.425216060131788
Posterior = -5.527092007572952 for parameter set #691: [0.3124994411535185, 0.813315658091598, -0.9995]
Running module mass_function_like
Model N: 1891446.6852648186
Done mass_function_like status = 0 

Pipeline ran okay.
Likelihood mass_function_like_m_n = -9.183317963033915
Posterior = -3.0200423516595816 for parameter set #691: [0.31015902147783797, 0.8182003708113561, -0.9995]
Running module mass_function_like
Model N: 1877875.7851266635
Done mass_function_like status = 0 

Pipeline ran okay.
Likelihood mass_function_like_m_n = -43.83262589946389
Posterior = -38.49588443840034 for parameter set #692: [0.3163863524754391, 0.8000871130877916, -0.9995]
Model N: 1888012.5476333287
Done mass_function_like status = 0 

Pipeline ran okay.
Likelihood mass_function_like_m_n = -8.703384965658188
Posterior = -2.0251259791935325 for parameter set #692: [0.2995427884853713, 0.8432380891167078, -0.9995]
Model N: 1892338.2965967935
Done mass_function_like status = 0 

Pipeline ran okay.
Likelihood mass_function_like_m_n = -10.327329710125923
Posterior = -5.102566350121558 for parameter set #692: [0.3170560302433235, 0.803020016037584, -0.9995]
Model N: 1887361.9911078408
Done mass_function_like status = 0 

Pipeline ran okay.
Likelihood mass_function_like_m_n = -9.316053412854671
Posterior = -2.63675987653175 for parameter set #692: [0.3000461778892499, 0.8416654127878838, -0.9995]
Running module mass_function_like
Running module mass_function_like
Running module mass_function_like
Running module mass_function_like
Model N: 1891266.8798829007
Done mass_function_like status = 0 

Pipeline ran okay.
Likelihood mass_function_like_m_n = -9.003472238779068
Posterior = -2.4463438186723607 for parameter set #693: [0.30494319285894234, 0.8306292845064969, -0.9995]
Running module mass_function_like
Model N: 1882890.5777898547
Done mass_function_like status = 0 

Pipeline ran okay.
Likelihood mass_function_like_m_n = -19.60934342816472
Posterior = -16.293898320628077 for parameter set #693: [0.3259378452874311, 0.7819336143214424, -0.9995]
Running module mass_function_like
Model N: 1891011.4003788456
Done mass_function_like status = 0 

Pipeline ran okay.
Likelihood mass_function_like_m_n = -8.777308151125908
Posterior = -2.217737937389879 for parameter set #693: [0.3048935464557756, 0.8306656146293803, -0.9995]
Running module mass_function_like
Model N: 1878738.2848846654
Done mass_function_like status = 0 

Pipeline ran okay.
Likelihood mass_function_like_m_n = -38.70898500084877
Posterior = -32.56511957748867 for parameter set #693: [0.2896516786390245, 0.8671023974422112, -0.9995]
Running module mass_function_like
Model N: 1890107.4489316666
Done mass_function_like status = 0 

Pipeline ran okay.
Likelihood mass_function_like_m_n = -8.254037525504827
Posterior = -3.3511528505970523 for parameter set #694: [0.3188489762236702, 0.7985085746799913, -0.9995]
Running module mass_function_like
Model N: 1890175.9144189996
Done mass_function_like status = 0 

Pipeline ran okay.
Likelihood mass_function_like_m_n = -8.278548557311296
Posterior = -1.796474758964898 for parameter set #694: [0.3062806114346264, 0.8269936111190033, -0.9995]
Running module mass_function_like
Model N: 1842265.1100791392
Done mass_function_like status = 0 

Pipeline ran okay.
Likelihood mass_function_like_m_n = -607.6903542950749
Posterior = -614.3238780600449 for parameter set #694: [0.351600054192375, 0.7272694635074443, -0.9995]
Running module mass_function_like
Model N: 1888133.182054175
Done mass_function_like status = 0 

Pipeline ran okay.
Likelihood mass_function_like_m_n = -8.614437393844128
Posterior = -1.998739943244626 for parameter set #694: [0.30356670009142056, 0.8329778569743741, -0.9995]
Running module mass_function_like
Model N: 1885843.722082831
Done mass_function_like status = 0 

Pipeline ran okay.
Likelihood mass_function_like_m_n = -11.619483884423971
Posterior = -5.2233972856333075 for parameter set #695: [0.30752618893623507, 0.8225707341407787, -0.9995]
Running module mass_function_like
Model N: 1881716.4106651915
Done mass_function_like status = 0 

Pipeline ran okay.
Likelihood mass_function_like_m_n = -24.076676465570927
Posterior = -17.397375655988267 for parameter set #695: [0.30002603354582064, 0.8397320607469888, -0.9995]
Running module mass_function_like
Model N: 1881963.1120148033
Done mass_function_like status = 0 

Pipeline ran okay.
Likelihood mass_function_like_m_n = -23.07703910395503
Posterior = -19.496133592120376 for parameter set #695: [0.324893367335399, 0.783734598382241, -0.9995]
Running module mass_function_like
Model N: 1890026.2230926687
Done mass_function_like status = 0 

Pipeline ran okay.
Likelihood mass_function_like_m_n = -8.228173565119505
Posterior = -1.6208961538934776 for parameter set #695: [0.30379543902820666, 0.8330533805103245, -0.9995]
Running module mass_function_like
Model N: 1893228.4522004814
Done mass_function_like status = 0 

Pipeline ran okay.
Likelihood mass_function_like_m_n = -11.887909021228552
Posterior = -9.224248462589312 for parameter set #696: [0.32833952589466153, 0.7801279114179044, -0.9995]
Model N: 1891858.9090824586
Done mass_function_like status = 0 

Pipeline ran okay.
Likelihood mass_function_like_m_n = -9.66007512435317
Posterior = -2.9831126811176993 for parameter set #696: [0.30068436175736646, 0.8415955177576592, -0.9995]
Model N: 1873028.0532299809
Done mass_function_like status = 0 

Pipeline ran okay.
Likelihood mass_function_like_m_n = -80.05683302134275
Posterior = -75.47823450753805 for parameter set #696: [0.27950265536950947, 0.8965235763115488, -0.9995]
Model N: 1888749.113150265
Done mass_function_like status = 0 

Pipeline ran okay.
Likelihood mass_function_like_m_n = -8.280493788421154
Posterior = -2.179897701771388 for parameter set #696: [0.2892416719546164, 0.8722556073940361, -0.9995]
Running module mass_function_like
Running module mass_function_like
Running module mass_function_like
Running module mass_function_like
Model N: 1885339.0156337938
Done mass_function_like status = 0 

Pipeline ran okay.
Likelihood mass_function_like_m_n = -12.65632163733244
Posterior = -8.961187504729555 for parameter set #697: [0.32443018651466793, 0.7856144634744957, -0.9995]
Running module mass_function_like
Model N: 1888237.314834394
Done mass_function_like status = 0 

Pipeline ran okay.
Likelihood mass_function_like_m_n = -8.543859504163265
Posterior = -3.1056640066861494 for parameter set #697: [0.3157550544323597, 0.8045963245069128, -0.9995]
Running module mass_function_like
Model N: 1888739.8936081512
Done mass_function_like status = 0 

Pipeline ran okay.
Likelihood mass_function_like_m_n = -8.284010756760836
Posterior = -1.6209146801244874 for parameter set #697: [0.30180045114756554, 0.8376374488156596, -0.9995]
Running module mass_function_like
Model N: 1889196.7834816359
Done mass_function_like status = 0 

Pipeline ran okay.
Likelihood mass_function_like_m_n = -8.163879677653313
Posterior = -1.502483907609225 for parameter set #697: [0.30189253418812506, 0.8375617163555199, -0.9995]
Running module mass_function_like
Model N: 1886103.249435913
Done mass_function_like status = 0 

Pipeline ran okay.
Likelihood mass_function_like_m_n = -11.139018896967173
Posterior = -8.835909328278342 for parameter set #698: [0.3295844372250728, 0.7757654097631602, -0.9995]
Running module mass_function_like
Model N: 1885856.0157766577
Done mass_function_like status = 0 

Pipeline ran okay.
Likelihood mass_function_like_m_n = -11.595917154103518
Posterior = -6.041312941068139 for parameter set #698: [0.31499799976846793, 0.8055217367793824, -0.9995]
Running module mass_function_like
Model N: 1891108.082428456
Done mass_function_like status = 0 

Pipeline ran okay.
Likelihood mass_function_like_m_n = -8.858840648084879
Posterior = -2.390750108526735 for parameter set #698: [0.30649944087983044, 0.8267737775306833, -0.9995]
Running module mass_function_like
Model N: 1888857.7594761737
Done mass_function_like status = 0 

Pipeline ran okay.
Likelihood mass_function_like_m_n = -8.242439795285463
Posterior = -2.5735346936168675 for parameter set #698: [0.3142154781603828, 0.8081729087160007, -0.9995]
Running module mass_function_like
Model N: 1891865.1751159169
Done mass_function_like status = 0 

Pipeline ran okay.
Likelihood mass_function_like_m_n = -9.668014366179705
Posterior = -3.6828765981034124 for parameter set #699: [0.3117827537548224, 0.8145919033759919, -0.9995]
Running module mass_function_like
Model N: 1887454.8849994175
Done mass_function_like status = 0 

Pipeline ran okay.
Likelihood mass_function_like_m_n = -9.214834157377481
Posterior = -2.7911095414637987 for parameter set #699: [0.3071495395991143, 0.8239987617111536, -0.9995]
Running module mass_function_like
Model N: 1885847.9287359824
Done mass_function_like status = 0 

Pipeline ran okay.
Likelihood mass_function_like_m_n = -11.611410789191723
Posterior = -6.680122016762978 for parameter set #699: [0.3186976759298125, 0.797558399560008, -0.9995]
Running module mass_function_like
Model N: 1886673.8776059437
Done mass_function_like status = 0 

Pipeline ran okay.
Likelihood mass_function_like_m_n = -10.208399634808302
Posterior = -4.055999476639638 for parameter set #699: [0.28973448452203654, 0.8699703231837375, -0.9995]
Running module mass_function_like
Model N: 1888082.236225534
Done mass_function_like status = 0 

Pipeline ran okay.
Likelihood mass_function_like_m_n = -8.651060473173857
Posterior = -2.000073430156645 for parameter set #700: [0.302379796432176, 0.8359398784412004, -0.9995]
Model N: 1893514.369181273
Done mass_function_like status = 0 

Pipeline ran okay.
Likelihood mass_function_like_m_n = -12.47781341895461
Posterior = -5.875413782508804 for parameter set #700: [0.29607814936887206, 0.8545144077613833, -0.9995]
Model N: 1892730.218656577
Done mass_function_like status = 0 

Pipeline ran okay.
Likelihood mass_function_like_m_n = -10.962936241179705
Posterior = -7.35074878060958 for parameter set #700: [0.324767384753906, 0.7870461959966748, -0.9995]
Model N: 1891723.1206466302
Done mass_function_like status = 0 

Pipeline ran okay.
Likelihood mass_function_like_m_n = -9.493119154125452
Posterior = -3.153204481804197 for parameter set #700: [0.29176119515962484, 0.8660098720451603, -0.9995]
Running module mass_function_like
Running module mass_function_like
Running module mass_function_like
Running module mass_function_like
Model N: 1888168.206365565
Done mass_function_like status = 0 

Pipeline ran okay.
Likelihood mass_function_like_m_n = -8.590057641267776
Posterior = -1.9911176183012014 for parameter set #701: [0.3040090940458818, 0.8318897026544949, -0.9995]
Running module mass_function_like
Model N: 1892277.6064472655
Done mass_function_like status = 0 

Pipeline ran okay.
Likelihood mass_function_like_m_n = -10.23615050315857
Posterior = -3.7695165547539187 for parameter set #701: [0.3065218133966796, 0.8271090359062914, -0.9995]
Running module mass_function_like
Model N: 1887174.5322873835
Done mass_function_like status = 0 

Pipeline ran okay.
Likelihood mass_function_like_m_n = -9.53425146639347
Posterior = -2.856020181214733 for parameter set #701: [0.300463230640494, 0.840519610327999, -0.9995]
Running module mass_function_like
Model N: 1849467.3816438725
Done mass_function_like status = 0 

Pipeline ran okay.
Likelihood mass_function_like_m_n = -437.5657134093344
Posterior = -433.6549408232332 for parameter set #701: [0.27646903481703755, 0.8963692118654369, -0.9995]
Running module mass_function_like
Model N: 1889861.5720395602
Done mass_function_like status = 0 

Pipeline ran okay.
Likelihood mass_function_like_m_n = -8.186452329158783
Posterior = -3.2853281548718787 for parameter set #702: [0.31885831394384606, 0.7984154461278038, -0.9995]
Running module mass_function_like
Model N: 1889612.4001229785
Done mass_function_like status = 0 

Pipeline ran okay.
Likelihood mass_function_like_m_n = -8.150589875876904
Posterior = -1.5156871918029644 for parameter set #702: [0.3029799836991588, 0.8349536625075638, -0.9995]
Running module mass_function_like
Model N: 1891237.6140686844
Done mass_function_like status = 0 

Pipeline ran okay.
Likelihood mass_function_like_m_n = -8.975815832614899
Posterior = -2.6737418614692015 for parameter set #702: [0.30868596830715495, 0.8215853659752024, -0.9995]
Running module mass_function_like
Model N: 1867358.159529748
Done mass_function_like status = 0 

Pipeline ran okay.
Likelihood mass_function_like_m_n = -138.48812199011445
Posterior = -133.62536111361268 for parameter set #702: [0.28093934249922925, 0.8893342991493005, -0.9995]
Running module mass_function_like
Model N: 1885187.6059797332
Done mass_function_like status = 0 

Pipeline ran okay.
Likelihood mass_function_like_m_n = -12.993768639862537
Posterior = -6.318472569320521 for parameter set #703: [0.2991046645580361, 0.8433809520584317, -0.9995]
Running module mass_function_like
Model N: 1885492.998015449
Done mass_function_like status = 0 

Pipeline ran okay.
Likelihood mass_function_like_m_n = -12.32563929259777
Posterior = -5.722956619864693 for parameter set #703: [0.3039146270723307, 0.831215618339688, -0.9995]
Running module mass_function_like
Model N: 1893571.314516303
Done mass_function_like status = 0 

Pipeline ran okay.
Likelihood mass_function_like_m_n = -12.600448120385408
Posterior = -6.244187639255427 for parameter set #703: [0.3080379564216313, 0.8238893221435849, -0.9995]
Running module mass_function_like
Model N: 1885480.0755083063
Done mass_function_like status = 0 

Pipeline ran okay.
Likelihood mass_function_like_m_n = -12.352906379848719
Posterior = -5.679105043746878 for parameter set #703: [0.2989509182864658, 0.8438879003398765, -0.9995]
Running module mass_function_like
Model N: 1889321.8303966662
Done mass_function_like status = 0 

Pipeline ran okay.
Likelihood mass_function_like_m_n = -8.150265157222748
Posterior = -1.5415736295741578 for parameter set #704: [0.3037579960261184, 0.8329064341415822, -0.9995]
Model N: 1891226.279975299
Done mass_function_like status = 0 

Pipeline ran okay.
Likelihood mass_function_like_m_n = -8.96522657200694
Posterior = -4.347262030899856 for parameter set #704: [0.32030438207482864, 0.7957746129802945, -0.9995]
Model N: 1864039.9716165143
Done mass_function_like status = 0 

Pipeline ran okay.
Likelihood mass_function_like_m_n = -180.75725877285004
Posterior = -175.33985471689 for parameter set #704: [0.28411352687126473, 0.8779106727506383, -0.9995]
Model N: 1890151.8125410457
Done mass_function_like status = 0 

Pipeline ran okay.
Likelihood mass_function_like_m_n = -8.269637200981379
Posterior = -3.0835538732533863 for parameter set #704: [0.31728132443178014, 0.8018710869157722, -0.9995]
Running module mass_function_like
Running module mass_function_like
Running module mass_function_like
Running module mass_function_like
Model N: 1889094.4940420925
Done mass_function_like status = 0 

Pipeline ran okay.
Likelihood mass_function_like_m_n = -8.181171797215939
Posterior = -3.232790128052793 for parameter set #705: [0.3186060341241601, 0.7987210913614025, -0.9995]
Running module mass_function_like
Model N: 1888223.3350914163
Done mass_function_like status = 0 

Pipeline ran okay.
Likelihood mass_function_like_m_n = -8.553000569343567
Posterior = -1.8848285075812115 for parameter set #705: [0.3014921217475691, 0.8382441569635247, -0.9995]
Running module mass_function_like
Model N: 1888008.8816214073
Done mass_function_like status = 0 

Pipeline ran okay.
Likelihood mass_function_like_m_n = -8.706208802759647
Posterior = -2.083727190641559 for parameter set #705: [0.3033711299646294, 0.8334235578391886, -0.9995]
Running module mass_function_like
Model N: 1887892.8967842974
Done mass_function_like status = 0 

Pipeline ran okay.
Likelihood mass_function_like_m_n = -8.799227092415094
Posterior = -2.120408546312106 for parameter set #705: [0.29968834242919135, 0.8428153069819251, -0.9995]
Running module mass_function_like
Model N: 1890154.96437597
Done mass_function_like status = 0 

Pipeline ran okay.
Likelihood mass_function_like_m_n = -8.270785089582205
Posterior = -3.4192536103912357 for parameter set #706: [0.31911948074148055, 0.7979496906121999, -0.9995]
Running module mass_function_like
Model N: 1889048.5512429185
Done mass_function_like status = 0 

Pipeline ran okay.
Likelihood mass_function_like_m_n = -8.190741293132305
Posterior = -1.5438966371568554 for parameter set #706: [0.29745207761755776, 0.8491473305070035, -0.9995]
Running module mass_function_like
Model N: 1890786.3639918007
Done mass_function_like status = 0 

Pipeline ran okay.
Likelihood mass_function_like_m_n = -8.606661710888147
Posterior = -3.4536850862023645 for parameter set #706: [0.3174718492073645, 0.8016530997120677, -0.9995]
Running module mass_function_like
Model N: 1897030.8213968012
Done mass_function_like status = 0 

Pipeline ran okay.
Likelihood mass_function_like_m_n = -23.25210802257061
Posterior = -17.254882873726153 for parameter set #706: [0.31167971788585447, 0.8164735069385726, -0.9995]
Running module mass_function_like
Model N: 1880529.8604289345
Done mass_function_like status = 0 

Pipeline ran okay.
Likelihood mass_function_like_m_n = -29.338488079607487
Posterior = -23.23480104643678 for parameter set #707: [0.31072955884591247, 0.8133999922790065, -0.9995]
Running module mass_function_like
Model N: 1884914.90635938
Done mass_function_like status = 0 

Pipeline ran okay.
Likelihood mass_function_like_m_n = -13.63228027522564
Posterior = -6.964722487273116 for parameter set #707: [0.2984672632086574, 0.8449580443719906, -0.9995]
Running module mass_function_like
Model N: 1876212.8515280662
Done mass_function_like status = 0 

Pipeline ran okay.
Likelihood mass_function_like_m_n = -54.836614552885294
Posterior = -51.47737353599024 for parameter set #707: [0.3257684426437266, 0.7803950253814786, -0.9995]
Running module mass_function_like
Model N: 1876076.3340217292
Done mass_function_like status = 0 

Pipeline ran okay.
Likelihood mass_function_like_m_n = -55.805872943252325
Posterior = -50.75715320713 for parameter set #707: [0.3180587068318187, 0.7960007493141432, -0.9995]
Running module mass_function_like
Model N: 1888723.5448056324
Done mass_function_like status = 0 

Pipeline ran okay.
Likelihood mass_function_like_m_n = -8.290358010679483
Posterior = -1.7402490779829787 for parameter set #708: [0.3050832128740334, 0.8294277342035176, -0.9995]
Model N: 1889909.1703169653
Done mass_function_like status = 0 

Pipeline ran okay.
Likelihood mass_function_like_m_n = -8.19703971594572
Posterior = -1.798081557989141 for parameter set #708: [0.2925120624955383, 0.8631480401203189, -0.9995]
Model N: 1889438.474560951
Done mass_function_like status = 0 

Pipeline ran okay.
Likelihood mass_function_like_m_n = -8.145026907324791
Posterior = -1.5669275041725648 for parameter set #708: [0.30449899533580493, 0.8311073218691231, -0.9995]
Model N: 1882467.6274794135
Done mass_function_like status = 0 

Pipeline ran okay.
Likelihood mass_function_like_m_n = -21.133820302784443
Posterior = -17.96704528656881 for parameter set #708: [0.32650482666268377, 0.7807036209053866, -0.9995]
Running module mass_function_like
Running module mass_function_like
Running module mass_function_like
Running module mass_function_like
Model N: 1879023.8407855404
Done mass_function_like status = 0 

Pipeline ran okay.
Likelihood mass_function_like_m_n = -37.100417640060186
Posterior = -36.51455262480462 for parameter set #709: [0.3349097097755184, 0.7639915545792098, -0.9995]
Running module mass_function_like
Model N: 1888298.826217331
Done mass_function_like status = 0 

Pipeline ran okay.
Likelihood mass_function_like_m_n = -8.504868853837252
Posterior = -1.825793769239473 for parameter set #709: [0.29978593752667937, 0.8426735362141808, -0.9995]
Running module mass_function_like
Model N: 1888034.6125608017
Done mass_function_like status = 0 

Pipeline ran okay.
Likelihood mass_function_like_m_n = -8.686539400368929
Posterior = -3.3158217032778285 for parameter set #709: [0.31617767907469485, 0.8036145266904223, -0.9995]
Running module mass_function_like
Model N: 1888750.610283487
Done mass_function_like status = 0 

Pipeline ran okay.
Likelihood mass_function_like_m_n = -8.279926929622889
Posterior = -1.6050538436088289 for parameter set #709: [0.30094139389164587, 0.8398402346163439, -0.9995]
Running module mass_function_like
Model N: 1889201.925617456
Done mass_function_like status = 0 

Pipeline ran okay.
Likelihood mass_function_like_m_n = -8.163156632333994
Posterior = -1.5982308651293113 for parameter set #710: [0.3047828533555926, 0.8303270459189118, -0.9995]
Running module mass_function_like
Model N: 1890285.4886707854
Done mass_function_like status = 0 

Pipeline ran okay.
Likelihood mass_function_like_m_n = -8.3229352645576
Posterior = -1.6659383857257755 for parameter set #710: [0.30211221776710523, 0.8373804739777606, -0.9995]
Running module mass_function_like
Model N: 1891197.5063848344
Done mass_function_like status = 0 

Pipeline ran okay.
Likelihood mass_function_like_m_n = -8.938648704439402
Posterior = -2.6022663356488938 for parameter set #710: [0.30828156784093075, 0.8225298829807941, -0.9995]
Running module mass_function_like
Model N: 1884468.4080935952
Done mass_function_like status = 0 

Pipeline ran okay.
Likelihood mass_function_like_m_n = -14.763124786317348
Posterior = -9.607549038316543 for parameter set #710: [0.3174569668058881, 0.7997813181059837, -0.9995]
Running module mass_function_like
Model N: 1876981.2727362728
Done mass_function_like status = 0 

Pipeline ran okay.
Likelihood mass_function_like_m_n = -49.56749373301864
Posterior = -49.45953484347801 for parameter set #711: [0.3362528490156831, 0.7610489187937971, -0.9995]
Running module mass_function_like
Model N: 1889749.2269274003
Done mass_function_like status = 0 

Pipeline ran okay.
Likelihood mass_function_like_m_n = -8.166216302663088
Posterior = -1.5910481031927723 for parameter set #711: [0.3045636826979948, 0.8310527640077998, -0.9995]
Running module mass_function_like
Model N: 1888912.4838743384
Done mass_function_like status = 0 

Pipeline ran okay.
Likelihood mass_function_like_m_n = -8.225639674812555
Posterior = -1.8133395240737844 for parameter set #711: [0.29269241424858483, 0.8622512192962937, -0.9995]
Running module mass_function_like
Model N: 1884597.2455343192
Done mass_function_like status = 0 

Pipeline ran okay.
Likelihood mass_function_like_m_n = -14.425933174788952
Posterior = -7.759705944504782 for parameter set #711: [0.2983827821404628, 0.8450671708839124, -0.9995]
Running module mass_function_like
Model N: 1892011.4309684087
Done mass_function_like status = 0 

Pipeline ran okay.
Likelihood mass_function_like_m_n = -9.859212409704924
Posterior = -3.341100117997545 for parameter set #712: [0.2943221147140362, 0.858821982478348, -0.9995]
Model N: 1891640.6416827177
Done mass_function_like status = 0 

Pipeline ran okay.
Likelihood mass_function_like_m_n = -9.396461233496666
Posterior = -3.079069537293016 for parameter set #712: [0.3085077905722526, 0.8221384361445029, -0.9995]
Model N: 1874152.809718783
Done mass_function_like status = 0 

Pipeline ran okay.
Likelihood mass_function_like_m_n = -70.5269552655518
Posterior = -70.59842664150834 for parameter set #712: [0.3367444569269073, 0.7594435696837836, -0.9995]
Model N: 1889586.1059406549
Done mass_function_like status = 0 

Pipeline ran okay.
Likelihood mass_function_like_m_n = -8.14872171729803
Posterior = -1.5578266229348756 for parameter set #712: [0.3042049757180522, 0.8318853371999192, -0.9995]
Running module mass_function_like
Running module mass_function_like
Running module mass_function_like
Running module mass_function_like
Model N: 1889493.2804607728
Done mass_function_like status = 0 

Pipeline ran okay.
Likelihood mass_function_like_m_n = -8.14505235478282
Posterior = -2.2900445495494406 for parameter set #713: [0.3128397538378025, 0.8114458667499627, -0.9995]
Running module mass_function_like
Model N: 1888772.6017560093
Done mass_function_like status = 0 

Pipeline ran okay.
Likelihood mass_function_like_m_n = -8.271737083792686
Posterior = -1.6311048599434166 for parameter set #713: [0.2972189219909923, 0.8496735303868439, -0.9995]
Running module mass_function_like
Model N: 1888256.9777029033
Done mass_function_like status = 0 

Pipeline ran okay.
Likelihood mass_function_like_m_n = -8.531177636235952
Posterior = -1.854906189969908 for parameter set #713: [0.2992211865378468, 0.8441675412566038, -0.9995]
Running module mass_function_like
Model N: 1888310.981287649
Done mass_function_like status = 0 

Pipeline ran okay.
Likelihood mass_function_like_m_n = -8.497401282191277
Posterior = -1.8279336293367265 for parameter set #713: [0.301402607960597, 0.8385035790237471, -0.9995]
Running module mass_function_like
Model N: 1890798.8825985366
Done mass_function_like status = 0 

Pipeline ran okay.
Likelihood mass_function_like_m_n = -8.61545167118311
Posterior = -3.5621947961707896 for parameter set #714: [0.31803356494594387, 0.8004521323594258, -0.9995]
Running module mass_function_like
Model N: 1888780.9340107401
Done mass_function_like status = 0 

Pipeline ran okay.
Likelihood mass_function_like_m_n = -8.26870097965002
Posterior = -1.7546753467764198 for parameter set #714: [0.3057494098033902, 0.8278187184755981, -0.9995]
Running module mass_function_like
Model N: 1891049.8640307817
Done mass_function_like status = 0 

Pipeline ran okay.
Likelihood mass_function_like_m_n = -8.8091531842947
Posterior = -2.329401300599457 for parameter set #714: [0.306317472827246, 0.8271954232049837, -0.9995]
Running module mass_function_like
Model N: 1884131.787991802
Done mass_function_like status = 0 

Pipeline ran okay.
Likelihood mass_function_like_m_n = -15.685807708650827
Posterior = -13.935611961537152 for parameter set #714: [0.3313977975380329, 0.7718054269221866, -0.9995]
Running module mass_function_like
Model N: 1888369.5098651508
Done mass_function_like status = 0 

Pipeline ran okay.
Likelihood mass_function_like_m_n = -8.462539829313755
Posterior = -1.915247286700577 for parameter set #715: [0.30513831987515416, 0.8291736275088558, -0.9995]
Running module mass_function_like
Model N: 1890418.6711783758
Done mass_function_like status = 0 

Pipeline ran okay.
Likelihood mass_function_like_m_n = -8.385433368384838
Posterior = -3.166885653771338 for parameter set #715: [0.3170924339033193, 0.8023590647069981, -0.9995]
Running module mass_function_like
Model N: 1887897.5275073913
Done mass_function_like status = 0 

Pipeline ran okay.
Likelihood mass_function_like_m_n = -8.795376636087894
Posterior = -2.1777646287102055 for parameter set #715: [0.30351261130592355, 0.8330325454599027, -0.9995]
Running module mass_function_like
Model N: 1887091.2394563248
Done mass_function_like status = 0 

Pipeline ran okay.
Likelihood mass_function_like_m_n = -9.63718455657363
Posterior = -3.4609116954605987 for parameter set #715: [0.28996973243430496, 0.8694398114843601, -0.9995]
Running module mass_function_like
Model N: 1888153.416870173
Done mass_function_like status = 0 

Pipeline ran okay.
Likelihood mass_function_like_m_n = -8.6002730242908
Posterior = -1.9210322917426712 for parameter set #716: [0.30011266389135, 0.8417720830816147, -0.9995]
Model N: 1889489.7774950198
Done mass_function_like status = 0 

Pipeline ran okay.
Likelihood mass_function_like_m_n = -8.14500317722559
Posterior = -3.244244294147954 for parameter set #716: [0.318860250874432, 0.7983001676261569, -0.9995]
Model N: 1889590.0274304901
Done mass_function_like status = 0 

Pipeline ran okay.
Likelihood mass_function_like_m_n = -8.148977115750313
Posterior = -1.7336259270356802 for parameter set #716: [0.30726571413689757, 0.8244248654129331, -0.9995]
Model N: 1846736.9038948184
Done mass_function_like status = 0 

Pipeline ran okay.
Likelihood mass_function_like_m_n = -498.67775758355856
Posterior = -496.67368935871497 for parameter set #716: [0.26942145859114075, 0.9201595666036727, -0.9995]
Running module mass_function_like
Running module mass_function_like
Running module mass_function_like
Running module mass_function_like
Model N: 1891437.3161105285
Done mass_function_like status = 0 

Pipeline ran okay.
Likelihood mass_function_like_m_n = -9.173524998128414
Model N: 1888772.7220935095
Done mass_function_like status = 0 

Pipeline ran okay.
Posterior = -2.5483112554029113 for parameter set #717: [0.30328908666911336, 0.8348034662169943, -0.9995]
Likelihood mass_function_like_m_n = -8.271692976355553
Posterior = -1.6299562357205026 for parameter set #717: [0.30274107488679713, 0.8352662940299425, -0.9995]
Running module mass_function_like
Running module mass_function_like
Model N: 1888009.8649826674
Done mass_function_like status = 0 

Pipeline ran okay.
Likelihood mass_function_like_m_n = -8.705450642853975
Posterior = -2.0829118635600494 for parameter set #717: [0.3033694337511301, 0.8334282456691885, -0.9995]
Running module mass_function_like
Model N: 1892358.836039739
Done mass_function_like status = 0 

Pipeline ran okay.
Likelihood mass_function_like_m_n = -10.358627781271935
Posterior = -3.9607535736897983 for parameter set #717: [0.30750239949253655, 0.8247709216613122, -0.9995]
Running module mass_function_like
Model N: 1864595.094952497
Done mass_function_like status = 0 

Pipeline ran okay.
Likelihood mass_function_like_m_n = -173.2692889869213
Posterior = -170.66655890319007 for parameter set #718: [0.32855371819773727, 0.7718538959701393, -0.9995]
Running module mass_function_like
Model N: 1886738.62916533
Done mass_function_like status = 0 

Pipeline ran okay.
Likelihood mass_function_like_m_n = -10.11371973156929
Posterior = -3.713835678791529 for parameter set #718: [0.30747556212645494, 0.8229848390515034, -0.9995]
Running module mass_function_like
Model N: 1889191.1806529749
Done mass_function_like status = 0 

Pipeline ran okay.
Likelihood mass_function_like_m_n = -8.164683446288109
Posterior = -2.844101046145701 for parameter set #718: [0.3164846704435836, 0.8033006947309819, -0.9995]
Running module mass_function_like
Model N: 1876754.8320241927
Done mass_function_like status = 0 

Pipeline ran okay.
Likelihood mass_function_like_m_n = -51.08729279786348
Posterior = -49.299291400325295 for parameter set #718: [0.331277157162287, 0.7700432981800404, -0.9995]
Running module mass_function_like
Model N: 1887189.5653975105
Done mass_function_like status = 0 

Pipeline ran okay.
Likelihood mass_function_like_m_n = -9.516065701842308
Posterior = -4.634704715060491 for parameter set #719: [0.31896282263550646, 0.7973976048408535, -0.9995]
Running module mass_function_like
Model N: 1889850.3314650937
Done mass_function_like status = 0 

Pipeline ran okay.
Likelihood mass_function_like_m_n = -8.184127010405064
Posterior = -1.6777458017077382 for parameter set #719: [0.30588086710635215, 0.8278560584879213, -0.9995]
Running module mass_function_like
Model N: 1888979.4658381701
Done mass_function_like status = 0 

Pipeline ran okay.
Likelihood mass_function_like_m_n = -8.207235053181648
Posterior = -1.7879697575273212 for parameter set #719: [0.3072116420135205, 0.8243529399143797, -0.9995]
Running module mass_function_like
Model N: 1882140.6043278843
Done mass_function_like status = 0 

Pipeline ran okay.
Likelihood mass_function_like_m_n = -22.37792130559683
Posterior = -17.14969380760397 for parameter set #719: [0.3170357077946139, 0.7999814881851396, -0.9995]
Running module mass_function_like
Model N: 1894448.9700854719
Done mass_function_like status = 0 

Pipeline ran okay.
Likelihood mass_function_like_m_n = -14.706582449376583
Posterior = -9.118584371704753 for parameter set #720: [0.31477366657697653, 0.8086683797214754, -0.9995]
Model N: 1890020.9737426983
Done mass_function_like status = 0 

Pipeline ran okay.
Likelihood mass_function_like_m_n = -8.226622112095356
Posterior = -1.5715626473361475 for parameter set #720: [0.29779796759556126, 0.8485732895742065, -0.9995]
Model N: 1888653.1261905457
Done mass_function_like status = 0 

Pipeline ran okay.
Likelihood mass_function_like_m_n = -8.319315489381552
Posterior = -1.7697667859856434 for parameter set #720: [0.3050942221175424, 0.8293769689210325, -0.9995]
Model N: 1874299.5098568907
Done mass_function_like status = 0 

Pipeline ran okay.
Likelihood mass_function_like_m_n = -69.33417493104935
Posterior = -65.2213013361916 for parameter set #720: [0.27734418130610833, 0.9044529726388086, -0.9995]
Running module mass_function_like
Running module mass_function_like
Running module mass_function_like
Running module mass_function_like
Model N: 1880953.6999869922
Done mass_function_like status = 0 

Pipeline ran okay.
Likelihood mass_function_like_m_n = -27.372641921043396
Posterior = -24.599714051160614 for parameter set #721: [0.3279513016814152, 0.7774767571444126, -0.9995]
Running module mass_function_like
Model N: 1890649.9400088168
Done mass_function_like status = 0 

Pipeline ran okay.
Likelihood mass_function_like_m_n = -8.51624110341072
Posterior = -2.175080997273554 for parameter set #721: [0.3082236742660812, 0.8224885690257264, -0.9995]
Running module mass_function_like
Model N: 1887719.6919394063
Done mass_function_like status = 0 

Pipeline ran okay.
Likelihood mass_function_like_m_n = -8.951412238180637
Posterior = -2.3685867076458145 for parameter set #721: [0.30439269092414606, 0.8307882792022977, -0.9995]
Running module mass_function_like
Model N: 1880082.1921857072
Done mass_function_like status = 0 

Pipeline ran okay.
Likelihood mass_function_like_m_n = -31.519082941114902
Posterior = -25.097304747627348 for parameter set #721: [0.2928232875935754, 0.8585284809581819, -0.9995]
Running module mass_function_like
Model N: 1890977.87090703
Done mass_function_like status = 0 

Pipeline ran okay.
Likelihood mass_function_like_m_n = -8.75018598139286
Posterior = -3.729673854937788 for parameter set #722: [0.31821423658490866, 0.8001198602572405, -0.9995]
Running module mass_function_like
Model N: 1890547.0386973114
Done mass_function_like status = 0 

Pipeline ran okay.
Likelihood mass_function_like_m_n = -8.454547680914402
Posterior = -2.5566265592581647 for parameter set #722: [0.3125010645678995, 0.8125418498320786, -0.9995]
Running module mass_function_like
Model N: 1878270.170243679
Done mass_function_like status = 0 

Pipeline ran okay.
Likelihood mass_function_like_m_n = -41.44036167860031
Posterior = -37.029361392105905 for parameter set #722: [0.32129931412893753, 0.7899266097302236, -0.9995]
Running module mass_function_like
Model N: 1888292.7365169546
Done mass_function_like status = 0 

Pipeline ran okay.
Likelihood mass_function_like_m_n = -8.508639551699162
Posterior = -1.8327809183191643 for parameter set #722: [0.2991698717050718, 0.8443149423955695, -0.9995]
Running module mass_function_like
Model N: 1890642.7284704843
Done mass_function_like status = 0 

Pipeline ran okay.
Likelihood mass_function_like_m_n = -8.511735115200281
Posterior = -3.312310448087075 for parameter set #723: [0.31720395030914117, 0.802186288285174, -0.9995]
Running module mass_function_like
Model N: 1888278.1341112643
Done mass_function_like status = 0 

Pipeline ran okay.
Likelihood mass_function_like_m_n = -8.517761304974556
Posterior = -3.3756277177276655 for parameter set #723: [0.3175337994231901, 0.8007631261878548, -0.9995]
Running module mass_function_like
Model N: 1888837.161543473
Done mass_function_like status = 0 

Pipeline ran okay.
Likelihood mass_function_like_m_n = -8.24917408078909
Posterior = -1.7535174761831858 for parameter set #723: [0.3060604883252803, 0.827081401061474, -0.9995]
Running module mass_function_like
Model N: 1890054.7308385314
Done mass_function_like status = 0 

Pipeline ran okay.
Likelihood mass_function_like_m_n = -8.236853566020727
Posterior = -1.5740487680000612 for parameter set #723: [0.3018165571991839, 0.8380532002295972, -0.9995]
Running module mass_function_like
Model N: 1889288.8830225759
Done mass_function_like status = 0 

Pipeline ran okay.
Likelihood mass_function_like_m_n = -8.153049156069756
Posterior = -1.6529836265414328 for parameter set #724: [0.29401270229933607, 0.8586630888217232, -0.9995]
Model N: 1888162.6356984186
Done mass_function_like status = 0 

Pipeline ran okay.
Likelihood mass_function_like_m_n = -8.59389179572463
Posterior = -1.9148140749186968 for parameter set #724: [0.3002128273968575, 0.8415155660540843, -0.9995]
Model N: 1877765.3193019247
Done mass_function_like status = 0 

Pipeline ran okay.
Likelihood mass_function_like_m_n = -44.517629366368055
Posterior = -39.80209494991914 for parameter set #724: [0.28018197899960096, 0.8963255155693034, -0.9995]
Model N: 1881879.8245494624
Done mass_function_like status = 0 

Pipeline ran okay.
Likelihood mass_function_like_m_n = -23.410890258848667
Posterior = -16.73177388886111 for parameter set #724: [0.2998061813617618, 0.840356339367801, -0.9995]
Running module mass_function_like
Running module mass_function_like
Running module mass_function_like
Running module mass_function_like
Model N: 1886973.2105767666
Done mass_function_like status = 0 

Pipeline ran okay.
Likelihood mass_function_like_m_n = -9.789348237216473
Posterior = -3.1211458442785496 for parameter set #725: [0.2985099123936978, 0.8455822249710658, -0.9995]
Running module mass_function_like
Model N: 1889469.4781032728
Done mass_function_like status = 0 

Pipeline ran okay.
Likelihood mass_function_like_m_n = -8.144846022129059
Posterior = -1.5703383954632368 for parameter set #725: [0.29542186562791395, 0.854818033527269, -0.9995]
Running module mass_function_like
Model N: 1889394.4447666588
Done mass_function_like status = 0 

Pipeline ran okay.
Likelihood mass_function_like_m_n = -8.146158065646887
Posterior = -1.4842944031675014 for parameter set #725: [0.3018676474951561, 0.8376936169885236, -0.9995]
Running module mass_function_like
Model N: 1887432.445206903
Done mass_function_like status = 0 

Pipeline ran okay.
Likelihood mass_function_like_m_n = -9.238865781575441
Posterior = -2.5746399280967776 for parameter set #725: [0.2982634318423087, 0.8463992481525371, -0.9995]
Running module mass_function_like
Model N: 1889140.332436817
Done mass_function_like status = 0 

Pipeline ran okay.
Likelihood mass_function_like_m_n = -8.172737795859575
Posterior = -2.757416973340847 for parameter set #726: [0.3158995809742991, 0.8045569483838076, -0.9995]
Running module mass_function_like
Model N: 1887566.8455938643
Done mass_function_like status = 0 

Pipeline ran okay.
Likelihood mass_function_like_m_n = -9.09892163798213
Posterior = -2.4974327050352354 for parameter set #726: [0.3039450035580036, 0.8318443940402819, -0.9995]
Running module mass_function_like
Model N: 1888433.3215383498
Done mass_function_like status = 0 

Pipeline ran okay.
Likelihood mass_function_like_m_n = -8.426599852740765
Posterior = -5.161737935118456 for parameter set #726: [0.326132134549967, 0.7831090348465702, -0.9995]
Running module mass_function_like
Model N: 1890755.2389317635
Done mass_function_like status = 0 

Pipeline ran okay.
Likelihood mass_function_like_m_n = -8.585166163742542
Posterior = -2.04142612932573 for parameter set #726: [0.30520699844235405, 0.8298077417061571, -0.9995]
Running module mass_function_like
Model N: 1889552.9669666945
Done mass_function_like status = 0 

Pipeline ran okay.
Likelihood mass_function_like_m_n = -8.146888375282288
Posterior = -1.4994481706541034 for parameter set #727: [0.3025244402818057, 0.836081794700157, -0.9995]
Running module mass_function_like
Model N: 1881477.0427442486
Done mass_function_like status = 0 

Pipeline ran okay.
Likelihood mass_function_like_m_n = -25.077641654759645
Posterior = -18.482461551868155 for parameter set #727: [0.29589819319278177, 0.8505741266035655, -0.9995]
Running module mass_function_like
Model N: 1890410.0869475564
Done mass_function_like status = 0 

Pipeline ran okay.
Likelihood mass_function_like_m_n = -8.381122313439846
Posterior = -1.9544161018881816 for parameter set #727: [0.30710771393288355, 0.8250747598303901, -0.9995]
Running module mass_function_like
Model N: 1882915.7558751248
Done mass_function_like status = 0 

Pipeline ran okay.
Likelihood mass_function_like_m_n = -19.521598931401968
Posterior = -13.23818538532754 for parameter set #727: [0.3088982093955556, 0.8183866276992399, -0.9995]
Running module mass_function_like
Model N: 1894282.6960777694
Done mass_function_like status = 0 

Pipeline ran okay.
Likelihood mass_function_like_m_n = -14.276422157883644
Posterior = -9.28706230962495 for parameter set #728: [0.3183844736125433, 0.8007495592262008, -0.9995]
Model N: 1889775.553711258
Done mass_function_like status = 0 

Pipeline ran okay.
Likelihood mass_function_like_m_n = -8.170359328389168
Posterior = -3.3045854669886197 for parameter set #728: [0.31904484359037716, 0.7979945250773803, -0.9995]
Model N: 1867773.074741
Done mass_function_like status = 0 

Pipeline ran okay.
Likelihood mass_function_like_m_n = -133.62275597080588
Posterior = -129.67053419079542 for parameter set #728: [0.27664584654370983, 0.9039269809738129, -0.9995]
Model N: 1877959.3217442743
Done mass_function_like status = 0 

Pipeline ran okay.
Likelihood mass_function_like_m_n = -43.31895337253809
Posterior = -37.95144633605628 for parameter set #728: [0.283802486846257, 0.8845759654451304, -0.9995]
Running module mass_function_like
Running module mass_function_like
Running module mass_function_like
Running module mass_function_like
Model N: 1888232.3245312388
Done mass_function_like status = 0 

Pipeline ran okay.
Likelihood mass_function_like_m_n = -8.547110673040152
Posterior = -1.960286860693854 for parameter set #729: [0.3043007065922683, 0.8311892021423256, -0.9995]
Running module mass_function_like
Model N: 1881422.6899472456
Done mass_function_like status = 0 

Pipeline ran okay.
Likelihood mass_function_like_m_n = -25.30918911844492
Posterior = -18.693613820153338 for parameter set #729: [0.29642987675230614, 0.8491213641280675, -0.9995]
Running module mass_function_like
Model N: 1888409.9679280156
Done mass_function_like status = 0 

Pipeline ran okay.
Likelihood mass_function_like_m_n = -8.439502745866776
Posterior = -1.761846157004408 for parameter set #729: [0.30057403997209814, 0.8406675397312964, -0.9995]
Running module mass_function_like
Model N: 1887241.3523228965
Done mass_function_like status = 0 

Pipeline ran okay.
Likelihood mass_function_like_m_n = -9.4543362185359
Posterior = -2.849102342912744 for parameter set #729: [0.3038489043294694, 0.8319722543357693, -0.9995]
Running module mass_function_like
Model N: 1891370.3228751782
Done mass_function_like status = 0 

Pipeline ran okay.
Likelihood mass_function_like_m_n = -9.104852315038443
Posterior = -3.172663883531328 for parameter set #730: [0.3122238763639288, 0.8134300193441251, -0.9995]
Running module mass_function_like
Model N: 1879068.5539537517
Done mass_function_like status = 0 

Pipeline ran okay.
Likelihood mass_function_like_m_n = -36.85249522328377
Posterior = -32.65436905093987 for parameter set #730: [0.32227634631606494, 0.7881536623988173, -0.9995]
Running module mass_function_like
Model N: 1887806.2332492643
Done mass_function_like status = 0 

Pipeline ran okay.
Likelihood mass_function_like_m_n = -8.873385190963745
Posterior = -2.252121921046408 for parameter set #730: [0.2965929212397462, 0.8510098356439818, -0.9995]
Running module mass_function_like
Model N: 1886644.6678495188
Done mass_function_like status = 0 

Pipeline ran okay.
Likelihood mass_function_like_m_n = -10.251838643103838
Posterior = -4.306281378690368 for parameter set #730: [0.3121140161292342, 0.8121880591266146, -0.9995]
Running module mass_function_like
Model N: 1889170.8355332727
Done mass_function_like status = 0 

Pipeline ran okay.
Likelihood mass_function_like_m_n = -8.16774183511734
Posterior = -2.803304130273254 for parameter set #731: [0.31621645148277583, 0.8038765913535684, -0.9995]
Running module mass_function_like
Model N: 1889322.1870500208
Done mass_function_like status = 0 

Pipeline ran okay.
Likelihood mass_function_like_m_n = -8.150238163769245
Posterior = -1.4967055664783082 for parameter set #731: [0.3022703127986805, 0.836645262596761, -0.9995]
Running module mass_function_like
Model N: 1889061.6727744779
Done mass_function_like status = 0 

Pipeline ran okay.
Likelihood mass_function_like_m_n = -8.18789417669177
Posterior = -1.73849404090201 for parameter set #731: [0.3067809153146229, 0.8254143484462838, -0.9995]
Running module mass_function_like
Model N: 1889842.797225584
Done mass_function_like status = 0 

Pipeline ran okay.
Likelihood mass_function_like_m_n = -8.18260582908988
Posterior = -2.572310722786507 for parameter set #731: [0.31462196356175753, 0.807578051053825, -0.9995]
Running module mass_function_like
Model N: 1892924.2846284842
Done mass_function_like status = 0 

Pipeline ran okay.
Likelihood mass_function_like_m_n = -11.307657770812511
Posterior = -7.848689745910625 for parameter set #732: [0.32537847975513234, 0.7858770529565792, -0.9995]
Model N: 1889489.449342654
Done mass_function_like status = 0 

Pipeline ran okay.
Likelihood mass_function_like_m_n = -8.144998900592327
Posterior = -1.6933260118688231 for parameter set #732: [0.3067473151636291, 0.8256371364536221, -0.9995]
Model N: 1884401.6630638805
Done mass_function_like status = 0 

Pipeline ran okay.
Likelihood mass_function_like_m_n = -14.941281706094742
Posterior = -11.762985999337118 for parameter set #732: [0.3264613245758884, 0.7813296469203161, -0.9995]
Model N: 1888905.9832256385
Done mass_function_like status = 0 

Pipeline ran okay.
Likelihood mass_function_like_m_n = -8.227552331984043
Posterior = -2.0298820007384943 for parameter set #732: [0.2901853796093313, 0.8695176501501294, -0.9995]
Running module mass_function_like
Running module mass_function_like
Running module mass_function_like
Running module mass_function_like
Model N: 1883901.923937176
Done mass_function_like status = 0 

Pipeline ran okay.
Likelihood mass_function_like_m_n = -16.35052204504609
Posterior = -14.220450246841239 for parameter set #733: [0.3301636615817952, 0.7740639270753931, -0.9995]
Running module mass_function_like
Model N: 1889280.1937839899
Done mass_function_like status = 0 

Pipeline ran okay.
Likelihood mass_function_like_m_n = -8.153879139572382
Posterior = -1.5820387923289196 for parameter set #733: [0.2953639704257471, 0.8549070072066889, -0.9995]
Running module mass_function_like
Model N: 1889507.134521799
Done mass_function_like status = 0 

Pipeline ran okay.
Likelihood mass_function_like_m_n = -8.145310502499342
Posterior = -2.040468086565909 for parameter set #733: [0.3107187852145359, 0.8162820634749129, -0.9995]
Running module mass_function_like
Model N: 1888186.759441641
Done mass_function_like status = 0 

Pipeline ran okay.
Likelihood mass_function_like_m_n = -8.577406603842974
Posterior = -1.9010245920440294 for parameter set #733: [0.3007644849915146, 0.84009820421319, -0.9995]
Running module mass_function_like
Model N: 1889298.363857058
Done mass_function_like status = 0 

Pipeline ran okay.
Likelihood mass_function_like_m_n = -8.152189154177904
Posterior = -1.7244608927218454 for parameter set #734: [0.30709331991177813, 0.8247417663790421, -0.9995]
Running module mass_function_like
Model N: 1890392.2466242446
Done mass_function_like status = 0 

Pipeline ran okay.
Likelihood mass_function_like_m_n = -8.372287407517433
Posterior = -1.8218053430246588 for parameter set #734: [0.30507586709474205, 0.8300076251859108, -0.9995]
Running module mass_function_like
Model N: 1883418.8051184374
Done mass_function_like status = 0 

Pipeline ran okay.
Likelihood mass_function_like_m_n = -17.839290238916874
Posterior = -14.013490949366462 for parameter set #734: [0.32388934870924607, 0.7861501836368842, -0.9995]
Running module mass_function_like
Model N: 1890241.2617468203
Done mass_function_like status = 0 

Pipeline ran okay.
Likelihood mass_function_like_m_n = -8.30425550043583
Posterior = -1.671261652366324 for parameter set #734: [0.3030433649219472, 0.8350102430804341, -0.9995]
Running module mass_function_like
Model N: 1889623.0337928755
Done mass_function_like status = 0 

Pipeline ran okay.
Likelihood mass_function_like_m_n = -8.151449277997017
Posterior = -1.5918737691385552 for parameter set #735: [0.29510656175165684, 0.8557445227105852, -0.9995]
Running module mass_function_like
Model N: 1887899.0906504446
Done mass_function_like status = 0 

Pipeline ran okay.
Likelihood mass_function_like_m_n = -8.794079445302486
Posterior = -2.219872666943891 for parameter set #735: [0.3045847010797129, 0.8303752358018461, -0.9995]
Running module mass_function_like
Model N: 1888804.3569922387
Done mass_function_like status = 0 

Pipeline ran okay.
Likelihood mass_function_like_m_n = -8.260363087058067
Posterior = -1.6388776479120022 for parameter set #735: [0.3034005516953616, 0.8336220254468844, -0.9995]
Running module mass_function_like
Model N: 1873087.4389620873
Done mass_function_like status = 0 

Pipeline ran okay.
Likelihood mass_function_like_m_n = -79.53663721308112
Posterior = -73.13620438603034 for parameter set #735: [0.29253178239123384, 0.8567135804377595, -0.9995]
Running module mass_function_like
Model N: 1894108.7778995594
Done mass_function_like status = 0 

Pipeline ran okay.
Likelihood mass_function_like_m_n = -13.842063181102276
Posterior = -7.395723910214015 for parameter set #736: [0.29317409453007237, 0.8628647466684898, -0.9995]
Model N: 1889929.4181168457
Done mass_function_like status = 0 

Pipeline ran okay.
Likelihood mass_function_like_m_n = -8.201906833797693
Posterior = -3.261598944231965 for parameter set #736: [0.3186493769801807, 0.7988787782440506, -0.9995]
Model N: 1890212.583288428
Done mass_function_like status = 0 

Pipeline ran okay.
Likelihood mass_function_like_m_n = -8.292695637792349
Posterior = -1.7076139304602957 for parameter set #736: [0.29565897498329835, 0.8544417184295185, -0.9995]
Model N: 1888115.6548660367
Done mass_function_like status = 0 

Pipeline ran okay.
Likelihood mass_function_like_m_n = -8.626881822943687
Posterior = -1.9475802169557426 for parameter set #736: [0.2999772301855277, 0.8421107065718174, -0.9995]
Running module mass_function_like
Running module mass_function_like
Running module mass_function_like
Running module mass_function_like
Model N: 1892155.234621812
Done mass_function_like status = 0 

Pipeline ran okay.
Likelihood mass_function_like_m_n = -10.058212995529175
Posterior = -3.7378324575023214 for parameter set #737: [0.30847258709348385, 0.8223904731881262, -0.9995]
Running module mass_function_like
Model N: 1884620.2791412976
Done mass_function_like status = 0 

Pipeline ran okay.
Likelihood mass_function_like_m_n = -14.366580449044704
Posterior = -8.731125049338743 for parameter set #737: [0.3144488670739559, 0.8063480676683611, -0.9995]
Running module mass_function_like
Model N: 1887655.6790551718
Done mass_function_like status = 0 

Pipeline ran okay.
Likelihood mass_function_like_m_n = -9.01168229803443
Posterior = -2.4401002451863736 for parameter set #737: [0.30464159768748095, 0.8301532396342896, -0.9995]
Running module mass_function_like
Model N: 1887938.4652676748
Done mass_function_like status = 0 

Pipeline ran okay.
Likelihood mass_function_like_m_n = -8.761831287294626
Posterior = -2.1905663967401736 for parameter set #737: [0.30464842570674733, 0.8302314732303819, -0.9995]
Running module mass_function_like
Model N: 1891536.1535459813
Done mass_function_like status = 0 

Pipeline ran okay.
Likelihood mass_function_like_m_n = -9.279168374836445
Posterior = -3.658742180633772 for parameter set #738: [0.3145525118389062, 0.8082559551002485, -0.9995]
Running module mass_function_like
Model N: 1890094.5635219035
Done mass_function_like status = 0 

Pipeline ran okay.
Likelihood mass_function_like_m_n = -8.249701671302319
Posterior = -1.6933514579296407 for parameter set #738: [0.3049589108670659, 0.8301948970580927, -0.9995]
Running module mass_function_like
Model N: 1891149.7155926006
Done mass_function_like status = 0 

Pipeline ran okay.
Likelihood mass_function_like_m_n = -8.895471349358559
Posterior = -2.973239661565094 for parameter set #738: [0.31230506002030656, 0.8131761116386046, -0.9995]
Running module mass_function_like
Model N: 1888824.8182355065
Done mass_function_like status = 0 

Pipeline ran okay.
Likelihood mass_function_like_m_n = -8.253317262977362
Posterior = -1.5999464315990632 for parameter set #738: [0.29772257307770805, 0.8483418392716516, -0.9995]
Running module mass_function_like
Model N: 1887246.6497498096
Done mass_function_like status = 0 

Pipeline ran okay.
Likelihood mass_function_like_m_n = -9.448101956397295
Posterior = -2.863082538129982 for parameter set #739: [0.30434245967264834, 0.8307522420773814, -0.9995]
Running module mass_function_like
Model N: 1890030.2175298797
Done mass_function_like status = 0 

Pipeline ran okay.
Likelihood mass_function_like_m_n = -8.229363888502121
Posterior = -1.5627068624964178 for parameter set #739: [0.30159041958642974, 0.838622453943938, -0.9995]
Running module mass_function_like
Model N: 1884885.738237425
Done mass_function_like status = 0 

Pipeline ran okay.
Likelihood mass_function_like_m_n = -13.702916942536831
Posterior = -7.483452215533697 for parameter set #739: [0.29041001072673106, 0.867284155995191, -0.9995]
Running module mass_function_like
Model N: 1885317.6429522627
Done mass_function_like status = 0 

Pipeline ran okay.
Likelihood mass_function_like_m_n = -12.70321625098586
Posterior = -6.024557415514213 for parameter set #739: [0.3003592667083247, 0.840136118481289, -0.9995]
Running module mass_function_like
Model N: 1889900.2340817493
Done mass_function_like status = 0 

Pipeline ran okay.
Likelihood mass_function_like_m_n = -8.194960623979568
Posterior = -3.2320642188533784 for parameter set #740: [0.3185278589868555, 0.799128405378433, -0.9995]
Model N: 1897234.9251037575
Done mass_function_like status = 0 

Pipeline ran okay.
Likelihood mass_function_like_m_n = -24.077058665454388
Posterior = -17.417487366690963 for parameter set #740: [0.30198660008792794, 0.8401229112311841, -0.9995]
Model N: 1882861.6574824257
Done mass_function_like status = 0 

Pipeline ran okay.
Likelihood mass_function_like_m_n = -19.71054631844163
Posterior = -18.587383877793965 for parameter set #740: [0.33333509189326627, 0.7678737097508525, -0.9995]
Model N: 1885925.7912873565
Done mass_function_like status = 0 

Pipeline ran okay.
Likelihood mass_function_like_m_n = -11.4636802226305
Posterior = -5.1754302225312685 for parameter set #740: [0.29115631074481957, 0.865516900220669, -0.9995]
Running module mass_function_like
Running module mass_function_like
Running module mass_function_like
Running module mass_function_like
Model N: 1886712.3728386723
Done mass_function_like status = 0 

Pipeline ran okay.
Likelihood mass_function_like_m_n = -10.151843551546335
Posterior = -3.5389786864434107 for parameter set #741: [0.3036452526169602, 0.8322983441749547, -0.9995]
Running module mass_function_like
Model N: 1891213.0061835975
Done mass_function_like status = 0 

Pipeline ran okay.
Likelihood mass_function_like_m_n = -8.952911365777254
Posterior = -3.5214834648176154 for parameter set #741: [0.31579795111620845, 0.8054135476870572, -0.9995]
Running module mass_function_like
Model N: 1886350.214130703
Done mass_function_like status = 0 

Pipeline ran okay.
Likelihood mass_function_like_m_n = -10.715030319988728
Posterior = -4.262789854939552 for parameter set #741: [0.2932611019704847, 0.859665357653478, -0.9995]
Running module mass_function_like
Model N: 1888241.8099159494
Done mass_function_like status = 0 

Pipeline ran okay.
Likelihood mass_function_like_m_n = -8.540942266583443
Posterior = -1.889658595257739 for parameter set #741: [0.3023672991777338, 0.8360264282643891, -0.9995]
Running module mass_function_like
Model N: 1841277.7545311486
Done mass_function_like status = 0 

Pipeline ran okay.
Likelihood mass_function_like_m_n = -633.2584310509264
Posterior = -637.6665415236237 for parameter set #742: [0.3470901575087775, 0.7340431809403584, -0.9995]
Running module mass_function_like
Model N: 1890581.6700138827
Done mass_function_like status = 0 

Pipeline ran okay.
Likelihood mass_function_like_m_n = -8.47468563169241
Posterior = -1.7978967027650778 for parameter set #742: [0.2992907370892444, 0.8448136907862315, -0.9995]
Running module mass_function_like
Model N: 1889040.9607776187
Done mass_function_like status = 0 

Pipeline ran okay.
Likelihood mass_function_like_m_n = -8.192429892718792
Posterior = -2.7760508252893477 for parameter set #742: [0.3158929237768307, 0.8045411949395761, -0.9995]
Running module mass_function_like
Model N: 1885469.4357986266
Done mass_function_like status = 0 

Pipeline ran okay.
Likelihood mass_function_like_m_n = -12.375423274934292
Posterior = -6.836613701633977 for parameter set #742: [0.3151029442494494, 0.8051731588161144, -0.9995]
Running module mass_function_like
Model N: 1889530.8967269969
Done mass_function_like status = 0 

Pipeline ran okay.
Likelihood mass_function_like_m_n = -8.145989790558815
Posterior = -1.662597926994076 for parameter set #743: [0.3062595899984817, 0.8268299204767947, -0.9995]
Running module mass_function_like
Model N: 1892956.8657936011
Done mass_function_like status = 0 

Pipeline ran okay.
Likelihood mass_function_like_m_n = -11.367479134351015
Posterior = -7.066580621367319 for parameter set #743: [0.3218101154757443, 0.793135128323999, -0.9995]
Running module mass_function_like
Model N: 1888527.3431754077
Done mass_function_like status = 0 

Pipeline ran okay.
Likelihood mass_function_like_m_n = -8.377576250582933
Posterior = -1.809889045501631 for parameter set #743: [0.30472476440108703, 0.8302425851093651, -0.9995]
Running module mass_function_like
Model N: 1889324.3231597638
Done mass_function_like status = 0 

Pipeline ran okay.
Likelihood mass_function_like_m_n = -8.150077905505896
Posterior = -3.0544877326421593 for parameter set #743: [0.317797269596466, 0.8005140489831746, -0.9995]
Running module mass_function_like
Model N: 1888238.1273479876
Done mass_function_like status = 0 

Pipeline ran okay.
Likelihood mass_function_like_m_n = -8.543331399559975
Posterior = -1.969913205053226 for parameter set #744: [0.30460186926810073, 0.8304474426538673, -0.9995]
Model N: 1889914.1809940955
Done mass_function_like status = 0 

Pipeline ran okay.
Likelihood mass_function_like_m_n = -8.198223978281021
Posterior = -1.6610393097739156 for parameter set #744: [0.2946685924972275, 0.8570674224662499, -0.9995]
Model N: 1888823.6165179424
Done mass_function_like status = 0 

Pipeline ran okay.
Likelihood mass_function_like_m_n = -8.253724951297045
Posterior = -1.5973137218566187 for parameter set #744: [0.3021397648875413, 0.8368038099182218, -0.9995]
Model N: 1889128.314262918
Done mass_function_like status = 0 

Pipeline ran okay.
Likelihood mass_function_like_m_n = -8.174841474741697
Posterior = -1.62287349851265 for parameter set #744: [0.305046508140906, 0.8296542672139602, -0.9995]
Running module mass_function_like
Running module mass_function_like
Running module mass_function_like
Running module mass_function_like
Model N: 1887042.8826306534
Done mass_function_like status = 0 

Pipeline ran okay.
Likelihood mass_function_like_m_n = -9.698632672429085
Posterior = -3.0878388969027526 for parameter set #745: [0.30370163268798694, 0.832270490691573, -0.9995]
Running module mass_function_like
Model N: 1890784.489867306
Done mass_function_like status = 0 

Pipeline ran okay.
Likelihood mass_function_like_m_n = -8.60535291954875
Posterior = -1.926992930378617 for parameter set #745: [0.3004345593492418, 0.8418648477852337, -0.9995]
Running module mass_function_like
Model N: 1888710.8558675777
Done mass_function_like status = 0 

Pipeline ran okay.
Likelihood mass_function_like_m_n = -8.29538194090128
Posterior = -1.6391243073898476 for parameter set #745: [0.3021469310561249, 0.8367468672963915, -0.9995]
Running module mass_function_like
Model N: 1888594.1792789537
Done mass_function_like status = 0 

Pipeline ran okay.
Likelihood mass_function_like_m_n = -8.345575265586376
Posterior = -1.670740198552668 for parameter set #745: [0.3009454238495501, 0.8397749091604002, -0.9995]
Running module mass_function_like
Model N: 1890242.5565868467
Done mass_function_like status = 0 

Pipeline ran okay.
Likelihood mass_function_like_m_n = -8.304787695407867
Posterior = -2.8100560708926476 for parameter set #746: [0.3153920276363771, 0.8060049036021456, -0.9995]
Running module mass_function_like
Model N: 1885099.6237792333
Done mass_function_like status = 0 

Pipeline ran okay.
Likelihood mass_function_like_m_n = -13.1954535394907
Posterior = -6.77703883364714 for parameter set #746: [0.29277657293984855, 0.8605596976110167, -0.9995]
Running module mass_function_like
Model N: 1881775.4896747994
Done mass_function_like status = 0 

Pipeline ran okay.
Likelihood mass_function_like_m_n = -23.834330342710018
Posterior = -18.76752514498402 for parameter set #746: [0.31795827943085975, 0.7979084801501258, -0.9995]
Running module mass_function_like
Model N: 1865235.7637801096
Done mass_function_like status = 0 

Pipeline ran okay.
Likelihood mass_function_like_m_n = -164.83557864278555
Posterior = -160.02276599025728 for parameter set #746: [0.28067907069635656, 0.8892735764394649, -0.9995]
Running module mass_function_like
Model N: 1865611.7014135227
Done mass_function_like status = 0 

Pipeline ran okay.
Likelihood mass_function_like_m_n = -159.9905563481152
Posterior = -159.52402752484085 for parameter set #747: [0.33524989468079536, 0.7598847644145373, -0.9995]
Running module mass_function_like
Model N: 1887942.3650236628
Done mass_function_like status = 0 

Pipeline ran okay.
Likelihood mass_function_like_m_n = -8.75868208706379
Posterior = -3.744780754338267 for parameter set #747: [0.31825049514717163, 0.7991319722777822, -0.9995]
Running module mass_function_like
Model N: 1890290.528586143
Done mass_function_like status = 0 

Pipeline ran okay.
Likelihood mass_function_like_m_n = -8.325129583477974
Posterior = -2.3020679682708662 for parameter set #747: [0.31145637449722285, 0.8148378516784015, -0.9995]
Running module mass_function_like
Model N: 1890294.9683129427
Done mass_function_like status = 0 

Pipeline ran okay.
Likelihood mass_function_like_m_n = -8.327073715627193
Posterior = -2.0305121208729666 for parameter set #747: [0.3087492011470302, 0.821128804736047, -0.9995]
Running module mass_function_like
Model N: 1873783.6477690092
Done mass_function_like status = 0 

Pipeline ran okay.
Likelihood mass_function_like_m_n = -73.57973943650723
Posterior = -68.41934996812026 for parameter set #748: [0.31742937021193385, 0.7966450998358602, -0.9995]
Model N: 1894676.6669256408
Done mass_function_like status = 0 

Pipeline ran okay.
Likelihood mass_function_like_m_n = -15.319260284304619
Posterior = -9.96337696943138 for parameter set #748: [0.31626911726822915, 0.8054445596921133, -0.9995]
Model N: 1890372.1446059388
Done mass_function_like status = 0 

Pipeline ran okay.
Likelihood mass_function_like_m_n = -8.36253409832716
Posterior = -1.7419262008857217 for parameter set #748: [0.29657373962259836, 0.8520020254475587, -0.9995]
Model N: 1887401.8346306796
Done mass_function_like status = 0 

Pipeline ran okay.
Likelihood mass_function_like_m_n = -9.272078458219767
Posterior = -2.6812690284387095 for parameter set #748: [0.30420701244422077, 0.8311395904993034, -0.9995]
Running module mass_function_like
Running module mass_function_like
Running module mass_function_like
Running module mass_function_like
Model N: 1887610.0884181166
Done mass_function_like status = 0 

Pipeline ran okay.
Likelihood mass_function_like_m_n = -9.055932078510523
Posterior = -6.121582910356384 for parameter set #749: [0.32736770005008115, 0.7804545438315759, -0.9995]
Running module mass_function_like
Model N: 1891986.4525323473
Done mass_function_like status = 0 

Pipeline ran okay.
Likelihood mass_function_like_m_n = -9.825758956372738
Posterior = -3.223189617559532 for parameter set #749: [0.2960824788578236, 0.8539369683726514, -0.9995]
Running module mass_function_like
Model N: 1891297.1575645271
Done mass_function_like status = 0 

Pipeline ran okay.
Likelihood mass_function_like_m_n = -9.032561030238867
Posterior = -2.6207029386003775 for parameter set #749: [0.307313632567633, 0.824873429376632, -0.9995]
Running module mass_function_like
Model N: 1886379.4231772039
Done mass_function_like status = 0 

Pipeline ran okay.
Likelihood mass_function_like_m_n = -10.667026169598103
Posterior = -4.317829205669508 for parameter set #749: [0.3081253582614135, 0.8213257137557418, -0.9995]
Running module mass_function_like
Model N: 1890214.7975317359
Done mass_function_like status = 0 

Pipeline ran okay.
Likelihood mass_function_like_m_n = -8.293572671711445
Posterior = -3.644878286764361 for parameter set #750: [0.3201524679052622, 0.7957939382613779, -0.9995]
Running module mass_function_like
Model N: 1889831.6691068434
Done mass_function_like status = 0 

Pipeline ran okay.
Likelihood mass_function_like_m_n = -8.180413972586393
Posterior = -1.5118213945841568 for parameter set #750: [0.3014636680161814, 0.8388774943158473, -0.9995]
Running module mass_function_like
Model N: 1888911.9181325252
Done mass_function_like status = 0 

Pipeline ran okay.
Likelihood mass_function_like_m_n = -8.22580524161458
Posterior = -1.6860487806572628 for parameter set #750: [0.3052829487476765, 0.8290014695185816, -0.9995]
Running module mass_function_like
Model N: 1867155.234918064
Done mass_function_like status = 0 

Pipeline ran okay.
Likelihood mass_function_like_m_n = -140.9016153253615
Posterior = -134.65151123567162 for parameter set #750: [0.29073501097010557, 0.8595269691336914, -0.9995]
Running module mass_function_like
Model N: 1889106.1426427413
Done mass_function_like status = 0 

Pipeline ran okay.
Likelihood mass_function_like_m_n = -8.178923089057207
Posterior = -1.657742941233801 for parameter set #751: [0.30562359405517137, 0.8282344011975895, -0.9995]
Running module mass_function_like
Model N: 1888630.3252003028
Done mass_function_like status = 0 

Pipeline ran okay.
Likelihood mass_function_like_m_n = -8.329254630953074
Posterior = -1.7789968687897666 for parameter set #751: [0.30508028416817196, 0.8294034329608402, -0.9995]
Running module mass_function_like
Model N: 1889377.9428612539
Done mass_function_like status = 0 

Pipeline ran okay.
Likelihood mass_function_like_m_n = -8.146846357733011
Posterior = -1.4777942885546853 for parameter set #751: [0.2985680691963734, 0.8462907861221097, -0.9995]
Running module mass_function_like
Model N: 1891032.182136996
Done mass_function_like status = 0 

Pipeline ran okay.
Likelihood mass_function_like_m_n = -8.794416815042496
Posterior = -3.730584930890502 for parameter set #751: [0.3179748285897708, 0.8006482871841252, -0.9995]
Running module mass_function_like
Model N: 1881079.1447460172
Done mass_function_like status = 0 

Pipeline ran okay.
Likelihood mass_function_like_m_n = -26.809207245707512
Posterior = -23.60639011179473 for parameter set #752: [0.32636849280636804, 0.7805819400309963, -0.9995]
Model N: 1889543.9710558641
Done mass_function_like status = 0 

Pipeline ran okay.
Likelihood mass_function_like_m_n = -8.14649098739028
Posterior = -1.6597775567291748 for parameter set #752: [0.2937937004962845, 0.8593741667336945, -0.9995]
Model N: 1891678.4778042457
Done mass_function_like status = 0 

Pipeline ran okay.
Likelihood mass_function_like_m_n = -9.440355826169252
Posterior = -3.214919181116425 for parameter set #752: [0.2904724866491054, 0.8697609087915774, -0.9995]
Model N: 1877664.1137584366
Done mass_function_like status = 0 

Pipeline ran okay.
Likelihood mass_function_like_m_n = -45.15094914659858
Posterior = -38.876267414495445 for parameter set #752: [0.2910041957979615, 0.8627711866798079, -0.9995]
Running module mass_function_like
Running module mass_function_like
Running module mass_function_like
Running module mass_function_like
Model N: 1891584.7460717966
Done mass_function_like status = 0 

Pipeline ran okay.
Likelihood mass_function_like_m_n = -9.332998633384705
Posterior = -2.86776891130307 for parameter set #753: [0.30654330919686, 0.826826239073335, -0.9995]
Running module mass_function_like
Model N: 1887897.8200770777
Done mass_function_like status = 0 

Pipeline ran okay.
Likelihood mass_function_like_m_n = -8.795133747160435
Posterior = -2.116282275775175 for parameter set #753: [0.30030090760207734, 0.8411936396983885, -0.9995]
Running module mass_function_like
Model N: 1887698.5482527066
Done mass_function_like status = 0 

Pipeline ran okay.
Likelihood mass_function_like_m_n = -8.971079345792532
Posterior = -2.382523245897456 for parameter set #753: [0.30426023704540306, 0.8311083606086657, -0.9995]
Running module mass_function_like
Model N: 1887452.9241852555
Done mass_function_like status = 0 

Pipeline ran okay.
Likelihood mass_function_like_m_n = -9.216923415660858
Posterior = -2.5387338260330896 for parameter set #753: [0.3004721458847499, 0.840594458512923, -0.9995]
Running module mass_function_like
Model N: 1882236.1440265083
Done mass_function_like status = 0 

Pipeline ran okay.
Likelihood mass_function_like_m_n = -22.008560467511415
Posterior = -18.604929966335497 for parameter set #754: [0.325595600001306, 0.7824233574104585, -0.9995]
Running module mass_function_like
Model N: 1888303.5214732832
Done mass_function_like status = 0 

Pipeline ran okay.
Likelihood mass_function_like_m_n = -8.501975003629923
Posterior = -3.373526100508652 for parameter set #754: [0.3176116739419564, 0.8006040019282721, -0.9995]
Running module mass_function_like
Model N: 1891907.8721721272
Done mass_function_like status = 0 

Pipeline ran okay.
Likelihood mass_function_like_m_n = -9.722664538770914
Posterior = -3.7700755614358616 for parameter set #754: [0.3120558302988649, 0.8139826076883281, -0.9995]
Running module mass_function_like
Model N: 1894832.8790832434
Done mass_function_like status = 0 

Pipeline ran okay.
Likelihood mass_function_like_m_n = -15.755373019725084
Posterior = -10.383669382614341 for parameter set #754: [0.3161715834796686, 0.8057058314748791, -0.9995]
Running module mass_function_like
Model N: 1890804.5111113803
Done mass_function_like status = 0 

Pipeline ran okay.
Likelihood mass_function_like_m_n = -8.619430731981993
Posterior = -1.963370546121622 for parameter set #755: [0.2978438918185847, 0.848734160387659, -0.9995]
Running module mass_function_like
Model N: 1886947.1036782858
Done mass_function_like status = 0 

Pipeline ran okay.
Likelihood mass_function_like_m_n = -9.82400381192565
Posterior = -3.2246617422888413 for parameter set #755: [0.30399905310475844, 0.8314998801049956, -0.9995]
Running module mass_function_like
Model N: 1895209.648141014
Done mass_function_like status = 0 

Pipeline ran okay.
Likelihood mass_function_like_m_n = -16.86007084324956
Posterior = -10.678142351968342 for parameter set #755: [0.3099737225450579, 0.8198476235481965, -0.9995]
Running module mass_function_like
Model N: 1896861.8352470163
Done mass_function_like status = 0 

Pipeline ran okay.
Likelihood mass_function_like_m_n = -22.58564707264304
Posterior = -15.914497179745313 for parameter set #755: [0.2987229482851137, 0.8485758849840705, -0.9995]
Running module mass_function_like
Model N: 1889105.9492200033
Done mass_function_like status = 0 

Pipeline ran okay.
Likelihood mass_function_like_m_n = -8.178959846496582
Posterior = -1.5449327881989028 for parameter set #756: [0.30300922382060624, 0.8347061917493632, -0.9995]
Model N: 1890899.8471397362
Done mass_function_like status = 0 

Pipeline ran okay.
Likelihood mass_function_like_m_n = -8.68937173858285
Posterior = -3.8444644224429334 for parameter set #756: [0.31915409555249363, 0.7980985657361335, -0.9995]
Model N: 1886336.317886221
Done mass_function_like status = 0 

Pipeline ran okay.
Likelihood mass_function_like_m_n = -10.738027397543192
Posterior = -4.631172921068158 for parameter set #756: [0.28930000259967165, 0.8711245817489299, -0.9995]
Model N: 1892943.7386295672
Done mass_function_like status = 0 

Pipeline ran okay.
Likelihood mass_function_like_m_n = -11.34330938756466
Posterior = -8.087985665236936 for parameter set #756: [0.3261686089656385, 0.7843097755212396, -0.9995]
Running module mass_function_like
Running module mass_function_like
Running module mass_function_like
Running module mass_function_like
Model N: 1884528.849955352
Done mass_function_like status = 0 

Pipeline ran okay.
Likelihood mass_function_like_m_n = -14.603837482631207
Posterior = -8.058314056021613 for parameter set #757: [0.3051726351446938, 0.8278015269237942, -0.9995]
Running module mass_function_like
Model N: 1884449.6601824234
Done mass_function_like status = 0 

Pipeline ran okay.
Likelihood mass_function_like_m_n = -14.81292762607336
Posterior = -8.62534851039855 for parameter set #757: [0.30991690559232454, 0.8165141068715474, -0.9995]
Running module mass_function_like
Model N: 1885043.4057058748
Done mass_function_like status = 0 

Pipeline ran okay.
Likelihood mass_function_like_m_n = -13.326479487121105
Posterior = -6.70341803928196 for parameter set #757: [0.3033538858200915, 0.8324550351754337, -0.9995]
Running module mass_function_like
Model N: 1883245.7067465382
Done mass_function_like status = 0 

Pipeline ran okay.
Likelihood mass_function_like_m_n = -18.40295511484146
Posterior = -12.055257649576486 for parameter set #757: [0.29185620809395, 0.8624707549613779, -0.9995]
Running module mass_function_like
Model N: 1890028.1741995718
Done mass_function_like status = 0 

Pipeline ran okay.
Likelihood mass_function_like_m_n = -8.228753931820393
Posterior = -1.921712781593179 for parameter set #758: [0.3086285925629037, 0.8213266429380632, -0.9995]
Running module mass_function_like
Model N: 1886162.2813626584
Done mass_function_like status = 0 

Pipeline ran okay.
Likelihood mass_function_like_m_n = -11.034727066755295
Posterior = -5.228580158945552 for parameter set #758: [0.3132148196393326, 0.8095623758771032, -0.9995]
Running module mass_function_like
Model N: 1895147.6524913434
Done mass_function_like status = 0 

Pipeline ran okay.
Likelihood mass_function_like_m_n = -16.67316421121359
Posterior = -10.147357946363718 for parameter set #758: [0.30554072077369593, 0.8304676237843854, -0.9995]
Running module mass_function_like
Model N: 1876011.4510093555
Done mass_function_like status = 0 

Pipeline ran okay.
Likelihood mass_function_like_m_n = -56.270042199641466
Posterior = -50.26054253115179 for parameter set #758: [0.2884258518255508, 0.8696313167246372, -0.9995]
Running module mass_function_like
Model N: 1891669.8010757104
Done mass_function_like status = 0 

Pipeline ran okay.
Likelihood mass_function_like_m_n = -9.430222947150469
Posterior = -2.785102225807872 for parameter set #759: [0.30261470751586494, 0.8365846962553212, -0.9995]
Running module mass_function_like
Model N: 1888705.9961126058
Done mass_function_like status = 0 

Pipeline ran okay.
Likelihood mass_function_like_m_n = -8.297328650951385
Posterior = -1.7092235900611534 for parameter set #759: [0.30427081110375925, 0.8314237107412832, -0.9995]
Running module mass_function_like
Model N: 1886959.664686507
Done mass_function_like status = 0 

Pipeline ran okay.
Likelihood mass_function_like_m_n = -9.807284571230412
Posterior = -5.123551352109658 for parameter set #759: [0.31997784262221246, 0.7951976274271444, -0.9995]
Running module mass_function_like
Model N: 1886188.5456303088
Done mass_function_like status = 0 

Pipeline ran okay.
Likelihood mass_function_like_m_n = -10.988920841366053
Posterior = -4.333291584334447 for parameter set #759: [0.30217600281611, 0.8358017276723766, -0.9995]
Running module mass_function_like
Model N: 1892131.8449460731
Done mass_function_like status = 0 

Pipeline ran okay.
Likelihood mass_function_like_m_n = -10.02510230615735
Posterior = -3.374477767405967 for parameter set #760: [0.30239498056605124, 0.8373018603768808, -0.9995]
Model N: 1891268.3345664388
Done mass_function_like status = 0 

Pipeline ran okay.
Likelihood mass_function_like_m_n = -9.00485872849822
Posterior = -2.704348853232549 for parameter set #760: [0.2912960431636579, 0.8671853236349601, -0.9995]
Model N: 1887567.1072106005
Done mass_function_like status = 0 

Pipeline ran okay.
Likelihood mass_function_like_m_n = -9.098658569157124
Posterior = -2.4209000090104897 for parameter set #760: [0.29944400752458944, 0.8433384558151179, -0.9995]
Model N: 1860660.208314492
Done mass_function_like status = 0 

Pipeline ran okay.
Likelihood mass_function_like_m_n = -229.96590703725815
Posterior = -224.37128251870223 for parameter set #760: [0.2852712547733741, 0.8729560314258744, -0.9995]
Running module mass_function_like
Running module mass_function_like
Running module mass_function_like
Running module mass_function_like
Model N: 1886737.764557536
Done mass_function_like status = 0 

Pipeline ran okay.
Likelihood mass_function_like_m_n = -10.114969305694103
Posterior = -3.4455096895555606 for parameter set #761: [0.2985968191726183, 0.8452685127561448, -0.9995]
Running module mass_function_like
Model N: 1888029.6826703139
Done mass_function_like status = 0 

Pipeline ran okay.
Likelihood mass_function_like_m_n = -8.690280757844448
Posterior = -2.019205786143381 for parameter set #761: [0.30128290503227106, 0.8387118154902036, -0.9995]
Running module mass_function_like
Model N: 1886101.7618192986
Done mass_function_like status = 0 

Pipeline ran okay.
Likelihood mass_function_like_m_n = -11.141670979559422
Posterior = -4.7705331890207265 for parameter set #761: [0.307850686693169, 0.8218850811509375, -0.9995]
Running module mass_function_like
Model N: 1887720.7870900352
Done mass_function_like status = 0 

Pipeline ran okay.
Likelihood mass_function_like_m_n = -8.950400024652481
Posterior = -2.2714733545826498 for parameter set #761: [0.30027478291081056, 0.8411991094193368, -0.9995]
Running module mass_function_like
Model N: 1891459.1909061219
Done mass_function_like status = 0 

Pipeline ran okay.
Likelihood mass_function_like_m_n = -9.196461532264948
Posterior = -5.598780553229853 for parameter set #762: [0.32482588656735184, 0.7865660863694193, -0.9995]
Running module mass_function_like
Model N: 1890903.9890475404
Done mass_function_like status = 0 

Pipeline ran okay.
Likelihood mass_function_like_m_n = -8.692519225180149
Posterior = -3.6463906928175733 for parameter set #762: [0.31807304991387797, 0.8003991729207883, -0.9995]
Running module mass_function_like
Model N: 1891108.5796778258
Done mass_function_like status = 0 

Pipeline ran okay.
Likelihood mass_function_like_m_n = -8.859272748231888
Posterior = -2.211032434688951 for parameter set #762: [0.30249254427311784, 0.8366999379841005, -0.9995]
Running module mass_function_like
Model N: 1883297.8230189942
Done mass_function_like status = 0 

Pipeline ran okay.
Likelihood mass_function_like_m_n = -18.231568094342947
Posterior = -11.928717220679163 for parameter set #762: [0.3086770193574339, 0.8190271129340337, -0.9995]
Running module mass_function_like
Model N: 1885681.149189431
Done mass_function_like status = 0 

Pipeline ran okay.
Likelihood mass_function_like_m_n = -11.93868463858962
Posterior = -7.28208039374157 for parameter set #763: [0.32011317952717644, 0.7945385442682668, -0.9995]
Running module mass_function_like
Model N: 1889260.9672305272
Done mass_function_like status = 0 

Pipeline ran okay.
Likelihood mass_function_like_m_n = -8.15585769340396
Posterior = -1.6467636608350418 for parameter set #763: [0.3058345550942858, 0.8277720063940849, -0.9995]
Running module mass_function_like
Model N: 1884256.6145087702
Done mass_function_like status = 0 

Pipeline ran okay.
Likelihood mass_function_like_m_n = -15.336621016263962
Posterior = -8.90220555385805 for parameter set #763: [0.3069984103324153, 0.8233076160771808, -0.9995]
Running module mass_function_like
Model N: 1891855.87582724
Done mass_function_like status = 0 

Pipeline ran okay.
Likelihood mass_function_like_m_n = -9.656239353120327
Posterior = -3.1618806375698334 for parameter set #763: [0.3060818662063499, 0.8280374871251793, -0.9995]
Running module mass_function_like
Model N: 1880007.3769576824
Done mass_function_like status = 0 

Pipeline ran okay.
Likelihood mass_function_like_m_n = -31.893954642117023
Posterior = -31.19149996731096 for parameter set #764: [0.33457412189341657, 0.764857214904764, -0.9995]
Model N: 1890433.4641667106
Done mass_function_like status = 0 

Pipeline ran okay.
Likelihood mass_function_like_m_n = -8.3929539360106
Posterior = -2.0238274520197237 for parameter set #764: [0.30787626452475186, 0.8232431985799386, -0.9995]
Model N: 1888888.3682813647
Done mass_function_like status = 0 

Pipeline ran okay.
Likelihood mass_function_like_m_n = -8.232847586274147
Posterior = -1.62734428926683 for parameter set #764: [0.2961581019976349, 0.8525873507035799, -0.9995]
Model N: 1883766.4088605589
Done mass_function_like status = 0 

Pipeline ran okay.
Likelihood mass_function_like_m_n = -16.755580503493547
Posterior = -10.104555744503957 for parameter set #764: [0.29762178893617036, 0.846784106060664, -0.9995]
Running module mass_function_like
Running module mass_function_like
Running module mass_function_like
Running module mass_function_like
Model N: 1890673.082871569
Done mass_function_like status = 0 

Pipeline ran okay.
Likelihood mass_function_like_m_n = -8.530887141823769
Posterior = -2.6250631156760296 for parameter set #765: [0.312437686056196, 0.8127249230467287, -0.9995]
Running module mass_function_like
Model N: 1887265.8092503021
Done mass_function_like status = 0 

Pipeline ran okay.
Likelihood mass_function_like_m_n = -9.425678428262472
Posterior = -4.327397717968736 for parameter set #765: [0.3177821454724477, 0.7999272533661757, -0.9995]
Running module mass_function_like
Model N: 1886247.4807041057
Done mass_function_like status = 0 

Pipeline ran okay.
Likelihood mass_function_like_m_n = -10.88746840134263
Posterior = -4.99592316025805 for parameter set #765: [0.31255196364897236, 0.8110752611402304, -0.9995]
Running module mass_function_like
Model N: 1885716.1293917494
Done mass_function_like status = 0 

Pipeline ran okay.
Likelihood mass_function_like_m_n = -11.868817660957575
Posterior = -5.5074859506027085 for parameter set #765: [0.2920253841728227, 0.862933435031121, -0.9995]
Running module mass_function_like
Model N: 1890085.0900463837
Done mass_function_like status = 0 

Pipeline ran okay.
Likelihood mass_function_like_m_n = -8.24656992778182
Posterior = -1.9822437500244394 for parameter set #766: [0.30911019232017434, 0.8202107665572108, -0.9995]
Running module mass_function_like
Model N: 1889530.7608896813
Done mass_function_like status = 0 

Pipeline ran okay.
Likelihood mass_function_like_m_n = -8.145985063165426
Posterior = -2.648753800342826 for parameter set #766: [0.3153757792354573, 0.8058220963903009, -0.9995]
Running module mass_function_like
Model N: 1889912.2465973746
Done mass_function_like status = 0 

Pipeline ran okay.
Likelihood mass_function_like_m_n = -8.197765212506056
Posterior = -3.2284224686769853 for parameter set #766: [0.31849303357743736, 0.7992060327470388, -0.9995]
Running module mass_function_like
Model N: 1891919.3935773484
Done mass_function_like status = 0 

Pipeline ran okay.
Likelihood mass_function_like_m_n = -9.737576261162758
Posterior = -3.266751304979122 for parameter set #766: [0.29354276774265375, 0.8609818056407105, -0.9995]
Running module mass_function_like
Model N: 1890219.0459679384
Done mass_function_like status = 0 

Pipeline ran okay.
Likelihood mass_function_like_m_n = -8.295262686908245
Posterior = -3.519264546366478 for parameter set #767: [0.3195105410369289, 0.797143348337902, -0.9995]
Running module mass_function_like
Model N: 1887825.5187023282
Done mass_function_like status = 0 

Pipeline ran okay.
Likelihood mass_function_like_m_n = -8.856538154184818
Posterior = -2.177427651007166 for parameter set #767: [0.30019682232218314, 0.8414379533100488, -0.9995]
Running module mass_function_like
Model N: 1894610.354665982
Done mass_function_like status = 0 

Pipeline ran okay.
Likelihood mass_function_like_m_n = -15.138013135641813
Posterior = -8.47321055788989 for parameter set #767: [0.3017030337963926, 0.8399333494310832, -0.9995]
Running module mass_function_like
Model N: 1888955.2651006414
Done mass_function_like status = 0 

Pipeline ran okay.
Likelihood mass_function_like_m_n = -8.21361055597663
Posterior = -1.5719539529081175 for parameter set #767: [0.3027439969111385, 0.8353217529718818, -0.9995]
Running module mass_function_like
Model N: 1890001.8056929896
Done mass_function_like status = 0 

Pipeline ran okay.
Likelihood mass_function_like_m_n = -8.221080757677555
Posterior = -1.6158283436495982 for parameter set #768: [0.29615157735475317, 0.8530153034064716, -0.9995]
Model N: 1892425.058048929
Done mass_function_like status = 0 

Pipeline ran okay.
Likelihood mass_function_like_m_n = -10.461052808910608
Posterior = -5.003921980038227 for parameter set #768: [0.3156344067328301, 0.8061439557469073, -0.9995]
Model N: 1869073.1363450615
Done mass_function_like status = 0 

Pipeline ran okay.
Likelihood mass_function_like_m_n = -118.98160853609443
Posterior = -114.49296385064481 for parameter set #768: [0.27906839942641465, 0.8962446329676215, -0.9995]
Model N: 1888438.6842671908
Done mass_function_like status = 0 

Pipeline ran okay.
Likelihood mass_function_like_m_n = -8.42367773130536
Posterior = -2.3000982164563037 for parameter set #768: [0.28945747010000783, 0.871489188227423, -0.9995]
Running module mass_function_like
Running module mass_function_like
Running module mass_function_like
Running module mass_function_like
Model N: 1886448.428659493
Done mass_function_like status = 0 

Pipeline ran okay.
Likelihood mass_function_like_m_n = -10.555417127907276
Posterior = -4.642271635976111 for parameter set #769: [0.3123786809182484, 0.811528559249463, -0.9995]
Running module mass_function_like
Model N: 1887006.4374215952
Done mass_function_like status = 0 

Pipeline ran okay.
Likelihood mass_function_like_m_n = -9.745764385908842
Posterior = -3.1911985451485467 for parameter set #769: [0.3049947644098577, 0.8290672248294261, -0.9995]
Running module mass_function_like
Model N: 1896186.2547381993
Done mass_function_like status = 0 

Pipeline ran okay.
Likelihood mass_function_like_m_n = -20.071078523993492
Posterior = -13.808356770393914 for parameter set #769: [0.3091277866398226, 0.8221560103949359, -0.9995]
Running module mass_function_like
Model N: 1892550.2521032314
Done mass_function_like status = 0 

Pipeline ran okay.
Likelihood mass_function_like_m_n = -10.661010973155499
Posterior = -4.427404680981162 for parameter set #769: [0.3094413760240323, 0.8202333075544161, -0.9995]
Running module mass_function_like
Model N: 1888864.6381742414
Done mass_function_like status = 0 

Pipeline ran okay.
Likelihood mass_function_like_m_n = -8.240240924060345
Posterior = -1.6069191407660366 for parameter set #770: [0.29696742963755524, 0.8503843592894146, -0.9995]
Running module mass_function_like
Model N: 1890205.929195724
Done mass_function_like status = 0 

Pipeline ran okay.
Likelihood mass_function_like_m_n = -8.29007563740015
Posterior = -2.913278976459331 for parameter set #770: [0.31614005909139975, 0.8043588761866134, -0.9995]
Running module mass_function_like
Model N: 1889676.739539795
Done mass_function_like status = 0 

Pipeline ran okay.
Likelihood mass_function_like_m_n = -8.156703937798738
Posterior = -2.3982266070811935 for parameter set #770: [0.3135707543459651, 0.8098631881477993, -0.9995]
Running module mass_function_like
Model N: 1891725.2428627505
Done mass_function_like status = 0 

Pipeline ran okay.
Likelihood mass_function_like_m_n = -9.495653595775366
Posterior = -3.637086950409264 for parameter set #770: [0.2871879934987208, 0.8796785755056311, -0.9995]
Running module mass_function_like
Model N: 1889541.107706239
Done mass_function_like status = 0 

Pipeline ran okay.
Likelihood mass_function_like_m_n = -8.146373488008976
Posterior = -1.7079132948364428 for parameter set #771: [0.30694037470368374, 0.8251896615222137, -0.9995]
Running module mass_function_like
Model N: 1891882.9655273708
Done mass_function_like status = 0 

Pipeline ran okay.
Likelihood mass_function_like_m_n = -9.690668277442455
Posterior = -3.0476432543526535 for parameter set #771: [0.3026936657261211, 0.8364585863179568, -0.9995]
Running module mass_function_like
Model N: 1888102.68083428
Done mass_function_like status = 0 

Pipeline ran okay.
Likelihood mass_function_like_m_n = -8.636198341846466
Posterior = -2.136802345830274 for parameter set #771: [0.30599846984311846, 0.8269871063972228, -0.9995]
Running module mass_function_like
Model N: 1882207.7330162842
Done mass_function_like status = 0 

Pipeline ran okay.
Likelihood mass_function_like_m_n = -22.117890134453773
Posterior = -15.498373990363607 for parameter set #771: [0.29654202214524056, 0.8491055140827442, -0.9995]
Running module mass_function_like
Model N: 1888917.6059558194
Done mass_function_like status = 0 

Pipeline ran okay.
Likelihood mass_function_like_m_n = -8.224148388952017
Posterior = -1.565204180152353 for parameter set #772: [0.2979820807989151, 0.8476825503380524, -0.9995]
Model N: 1870707.8811014486
Done mass_function_like status = 0 

Pipeline ran okay.
Likelihood mass_function_like_m_n = -101.86857781931758
Posterior = -99.88884028927657 for parameter set #772: [0.3306580060286679, 0.769569368258002, -0.9995]
Model N: 1890851.7511858097
Done mass_function_like status = 0 

Pipeline ran okay.
Likelihood mass_function_like_m_n = -8.653486926108599
Posterior = -5.908222741549631 for parameter set #772: [0.3280500980880682, 0.7800291575647216, -0.9995]
Model N: 1891874.0911007868
Done mass_function_like status = 0 

Pipeline ran okay.
Likelihood mass_function_like_m_n = -9.679346896708012
Posterior = -3.029342963838502 for parameter set #772: [0.30242075465261103, 0.8371470637392932, -0.9995]
Running module mass_function_like
Running module mass_function_like
Running module mass_function_like
Running module mass_function_like
Model N: 1889133.3512627368
Done mass_function_like status = 0 

Pipeline ran okay.
Likelihood mass_function_like_m_n = -8.173950482159853
Posterior = -1.879273955494929 for parameter set #773: [0.3087707202856467, 0.8207000137681246, -0.9995]
Running module mass_function_like
Model N: 1887993.4795436733
Done mass_function_like status = 0 

Pipeline ran okay.
Likelihood mass_function_like_m_n = -8.718150455504656
Posterior = -2.043339908574133 for parameter set #773: [0.3009480138585144, 0.8395581934913892, -0.9995]
Running module mass_function_like
Model N: 1885571.6383685477
Done mass_function_like status = 0 

Pipeline ran okay.
Likelihood mass_function_like_m_n = -12.16161797195673
Posterior = -5.528893717668714 for parameter set #773: [0.30305221047839703, 0.8333874338675006, -0.9995]
Running module mass_function_like
Model N: 1863443.088349147
Done mass_function_like status = 0 

Pipeline ran okay.
Likelihood mass_function_like_m_n = -188.99548184499145
Posterior = -184.92270453622564 for parameter set #773: [0.2771678871343697, 0.9001870074060578, -0.9995]
Running module mass_function_like
Model N: 1856052.4810468033
Done mass_function_like status = 0 

Pipeline ran okay.
Likelihood mass_function_like_m_n = -307.10109160095453
Posterior = -303.77549368461433 for parameter set #774: [0.32589867286935753, 0.7745591665905481, -0.9995]
Running module mass_function_like
Model N: 1890938.3664791682
Done mass_function_like status = 0 

Pipeline ran okay.
Likelihood mass_function_like_m_n = -8.718992907553911
Posterior = -4.556874493779968 for parameter set #774: [0.32243740530692555, 0.7912567651988243, -0.9995]
Running module mass_function_like
Model N: 1889170.8185105273
Done mass_function_like status = 0 

Pipeline ran okay.
Likelihood mass_function_like_m_n = -8.167744483798742
Posterior = -6.294052920502454 for parameter set #774: [0.3310019761789919, 0.7739144576493793, -0.9995]
Running module mass_function_like
Model N: 1889630.6579521797
Done mass_function_like status = 0 

Pipeline ran okay.
Likelihood mass_function_like_m_n = -8.152102284133434
Posterior = -2.6870636758432873 for parameter set #774: [0.31558374531375594, 0.8053969778332536, -0.9995]
Running module mass_function_like
Model N: 1879864.4085051713
Done mass_function_like status = 0 

Pipeline ran okay.
Likelihood mass_function_like_m_n = -32.618639912456274
Posterior = -29.866210509453946 for parameter set #775: [0.32802454208477944, 0.777035475249789, -0.9995]
Running module mass_function_like
Model N: 1825868.5714778665
Done mass_function_like status = 0 

Pipeline ran okay.
Likelihood mass_function_like_m_n = -1103.0618307180703
Posterior = -1104.621644828434 for parameter set #775: [0.3405933943115721, 0.7407957522373345, -0.9995]
Running module mass_function_like
Model N: 1889628.5368680563
Done mass_function_like status = 0 

Pipeline ran okay.
Likelihood mass_function_like_m_n = -8.151917524635792
Posterior = -1.9595220483361224 for parameter set #775: [0.30986821890728544, 0.8182913044961247, -0.9995]
Running module mass_function_like
Model N: 1888607.8451742928
Done mass_function_like status = 0 

Pipeline ran okay.
Likelihood mass_function_like_m_n = -8.339323461055756
Posterior = -1.8899872475115203 for parameter set #775: [0.30678185792782425, 0.8252620852945413, -0.9995]
Running module mass_function_like
Model N: 1888775.3408499127
Done mass_function_like status = 0 

Pipeline ran okay.
Likelihood mass_function_like_m_n = -8.270734958350658
Posterior = -1.616501554159722 for parameter set #776: [0.30223923174858086, 0.8365349398361657, -0.9995]
Model N: 1888207.4178725432
Done mass_function_like status = 0 

Pipeline ran okay.
Likelihood mass_function_like_m_n = -8.56353460997343
Posterior = -2.865278511489425 for parameter set #776: [0.28599251557326444, 0.8819429338582192, -0.9995]
Model N: 1888886.1008011466
Done mass_function_like status = 0 

Pipeline ran okay.
Likelihood mass_function_like_m_n = -8.233541153371334
Posterior = -1.6183414188652065 for parameter set #776: [0.29641937257442014, 0.8518761716840564, -0.9995]
Model N: 1890481.7186979249
Done mass_function_like status = 0 

Pipeline ran okay.
Likelihood mass_function_like_m_n = -8.41829014196992
Posterior = -1.961534878809676 for parameter set #776: [0.29332843443935447, 0.8610424511348572, -0.9995]
Running module mass_function_like
Running module mass_function_like
Running module mass_function_like
Running module mass_function_like
Model N: 1886916.776757649
Done mass_function_like status = 0 

Pipeline ran okay.
Likelihood mass_function_like_m_n = -9.864715352654457
Posterior = -3.30553570935081 for parameter set #777: [0.3049015212945891, 0.8292655503979184, -0.9995]
Running module mass_function_like
Model N: 1890799.3050122985
Done mass_function_like status = 0 

Pipeline ran okay.
Likelihood mass_function_like_m_n = -8.615749713033438
Posterior = -1.9367584728233904 for parameter set #777: [0.30025018317295604, 0.8423491632244859, -0.9995]
Running module mass_function_like
Model N: 1886806.7645517094
Done mass_function_like status = 0 

Pipeline ran okay.
Likelihood mass_function_like_m_n = -10.016494918614626
Posterior = -3.401488729967811 for parameter set #777: [0.30358602871330903, 0.832477840337691, -0.9995]
Running module mass_function_like
Model N: 1884949.045464742
Done mass_function_like status = 0 

Pipeline ran okay.
Likelihood mass_function_like_m_n = -13.550180029124022
Posterior = -6.933875330908622 for parameter set #777: [0.30354963378659827, 0.8319359728314122, -0.9995]
Running module mass_function_like
Model N: 1886405.9482243846
Done mass_function_like status = 0 

Pipeline ran okay.
Likelihood mass_function_like_m_n = -10.623825576156378
Posterior = -9.923791182957695 for parameter set #778: [0.3345811214540868, 0.76653312029153, -0.9995]
Running module mass_function_like
Model N: 1890882.8802655684
Done mass_function_like status = 0 

Pipeline ran okay.
Likelihood mass_function_like_m_n = -8.676573049277067
Posterior = -4.204338413572367 for parameter set #778: [0.3210098527486772, 0.794202037759846, -0.9995]
Running module mass_function_like
Model N: 1892393.4817392912
Done mass_function_like status = 0 

Pipeline ran okay.
Likelihood mass_function_like_m_n = -10.41192539036274
Posterior = -3.7327092366271195 for parameter set #778: [0.3001326985867138, 0.8432198156214373, -0.9995]
Running module mass_function_like
Model N: 1869245.8540561479
Done mass_function_like status = 0 

Pipeline ran okay.
Likelihood mass_function_like_m_n = -117.10529965907335
Posterior = -112.38386726883189 for parameter set #778: [0.2802117620386819, 0.8925227318701088, -0.9995]
Running module mass_function_like
Model N: 1886915.4622112087
Done mass_function_like status = 0 

Pipeline ran okay.
Likelihood mass_function_like_m_n = -9.866491064429283
Posterior = -3.6282165332215452 for parameter set #779: [0.30939180139379513, 0.8185260355677842, -0.9995]
Running module mass_function_like
Model N: 1889775.0511194265
Done mass_function_like status = 0 

Pipeline ran okay.
Likelihood mass_function_like_m_n = -8.170276802033186
Posterior = -1.8021421836970273 for parameter set #779: [0.30788884757076773, 0.8229972163036899, -0.9995]
Running module mass_function_like
Model N: 1883693.908198788
Done mass_function_like status = 0 

Pipeline ran okay.
Likelihood mass_function_like_m_n = -16.976302038878202
Posterior = -12.884747256589906 for parameter set #779: [0.32274972270609864, 0.7885259196325871, -0.9995]
Running module mass_function_like
Model N: 1892218.961586544
Done mass_function_like status = 0 

Pipeline ran okay.
Likelihood mass_function_like_m_n = -10.149890523403883
Posterior = -3.6628340769063232 for parameter set #779: [0.3062007701426942, 0.8278695953698065, -0.9995]
Running module mass_function_like
Model N: 1888618.0952246613
Done mass_function_like status = 0 

Pipeline ran okay.
Likelihood mass_function_like_m_n = -8.334699247032404
Posterior = -1.6927158309570753 for parameter set #780: [0.30273206084247295, 0.8352358353106898, -0.9995]
Model N: 1882700.8539112248
Done mass_function_like status = 0 

Pipeline ran okay.
Likelihood mass_function_like_m_n = -20.28138806298375
Posterior = -14.125454607623954 for parameter set #780: [0.28976896150969605, 0.8683080479646196, -0.9995]
Model N: 1879583.5700646597
Done mass_function_like status = 0 

Pipeline ran okay.
Likelihood mass_function_like_m_n = -34.07398721948266
Posterior = -29.863950058482907 for parameter set #780: [0.2777771872288387, 0.9053396111824409, -0.9995]
Model N: 1891963.3593129741
Done mass_function_like status = 0 

Pipeline ran okay.
Likelihood mass_function_like_m_n = -9.795123346149921
Posterior = -3.1192532717437302 for parameter set #780: [0.3008287489250682, 0.8412590358173577, -0.9995]
Running module mass_function_like
Running module mass_function_like
Running module mass_function_like
Running module mass_function_like
Model N: 1882428.5020772212
Done mass_function_like status = 0 

Pipeline ran okay.
Likelihood mass_function_like_m_n = -21.279662534594536
Posterior = -16.07965253527918 for parameter set #781: [0.3172005476598557, 0.7997155918154806, -0.9995]
Running module mass_function_like
Model N: 1890408.7442250198
Done mass_function_like status = 0 

Pipeline ran okay.
Likelihood mass_function_like_m_n = -8.380451511591673
Posterior = -2.4828767880568883 for parameter set #781: [0.3125038352098499, 0.8124920389108256, -0.9995]
Running module mass_function_like
Model N: 1886477.382511999
Done mass_function_like status = 0 

Pipeline ran okay.
Likelihood mass_function_like_m_n = -10.509340312331915
Posterior = -4.02819927905133 for parameter set #781: [0.3062954454175954, 0.8257281754678102, -0.9995]
Running module mass_function_like
Model N: 1885676.476440222
Done mass_function_like status = 0 

Pipeline ran okay.
Likelihood mass_function_like_m_n = -11.948066882789135
Posterior = -5.3153037474887785 for parameter set #781: [0.29694906365160323, 0.8492730286933806, -0.9995]
Running module mass_function_like
Model N: 1892143.6912467657
Done mass_function_like status = 0 

Pipeline ran okay.
Likelihood mass_function_like_m_n = -10.041835978627205
Posterior = -3.931211306636607 for parameter set #782: [0.31066470371196125, 0.8172513229324296, -0.9995]
Running module mass_function_like
Model N: 1889530.9461443084
Done mass_function_like status = 0 

Pipeline ran okay.
Likelihood mass_function_like_m_n = -8.145991515368223
Posterior = -2.0360757340101703 for parameter set #782: [0.31067134871468594, 0.816399032993793, -0.9995]
Running module mass_function_like
Model N: 1895016.599496693
Done mass_function_like status = 0 

Pipeline ran okay.
Likelihood mass_function_like_m_n = -16.284716095775366
Posterior = -9.80383566722686 for parameter set #782: [0.2937004163667478, 0.8617134073673004, -0.9995]
Running module mass_function_like
Model N: 1890726.5003371027
Done mass_function_like status = 0 

Pipeline ran okay.
Likelihood mass_function_like_m_n = -8.565773393958807
Posterior = -2.651881791117111 for parameter set #782: [0.3123726520638746, 0.8128893913385241, -0.9995]
Running module mass_function_like
Model N: 1890584.3000022813
Done mass_function_like status = 0 

Pipeline ran okay.
Likelihood mass_function_like_m_n = -8.47624085843563
Posterior = -3.7785280279587035 for parameter set #783: [0.31990774406020567, 0.7964159964697576, -0.9995]
Running module mass_function_like
Model N: 1888881.7930194992
Done mass_function_like status = 0 

Pipeline ran okay.
Likelihood mass_function_like_m_n = -8.234866306185722
Posterior = -1.6132072014488266 for parameter set #783: [0.2966045591280865, 0.8513720935238369, -0.9995]
Running module mass_function_like
Model N: 1889181.8220960768
Done mass_function_like status = 0 

Pipeline ran okay.
Likelihood mass_function_like_m_n = -8.16606305539608
Posterior = -1.6432924963320232 for parameter set #783: [0.30559524153627243, 0.8283287363094771, -0.9995]
Running module mass_function_like
Model N: 1890074.7258490468
Done mass_function_like status = 0 

Pipeline ran okay.
Likelihood mass_function_like_m_n = -8.243198096752167
Posterior = -1.9886584169151433 for parameter set #783: [0.3092169899476258, 0.8199569467391261, -0.9995]
Running module mass_function_like
Model N: 1878896.6998172656
Done mass_function_like status = 0 

Pipeline ran okay.
Likelihood mass_function_like_m_n = -37.81122649461031
Posterior = -35.339665465970974 for parameter set #784: [0.32900945766356504, 0.7748868868422708, -0.9995]
Model N: 1892197.3478213598
Done mass_function_like status = 0 

Pipeline ran okay.
Likelihood mass_function_like_m_n = -10.118556816130877
Posterior = -3.4902889967628923 for parameter set #784: [0.2968051172496564, 0.8520437358983352, -0.9995]
Model N: 1885019.8279074053
Done mass_function_like status = 0 

Pipeline ran okay.
Likelihood mass_function_like_m_n = -13.381931830197573
Posterior = -12.314253184741307 for parameter set #784: [0.33350112103453833, 0.7681430518499506, -0.9995]
Model N: 1888674.1135348123
Done mass_function_like status = 0 

Pipeline ran okay.
Likelihood mass_function_like_m_n = -8.31041033565998
Posterior = -1.8555247532314247 for parameter set #784: [0.2933004684360525, 0.8604349794499475, -0.9995]
Running module mass_function_like
Running module mass_function_like
Running module mass_function_like
Running module mass_function_like
Model N: 1888068.510875449
Done mass_function_like status = 0 

Pipeline ran okay.
Likelihood mass_function_like_m_n = -8.661162350326777
Posterior = -1.984912628878794 for parameter set #785: [0.29921840203912525, 0.8441074323925563, -0.9995]
Running module mass_function_like
Model N: 1890785.195180017
Done mass_function_like status = 0 

Pipeline ran okay.
Likelihood mass_function_like_m_n = -8.605845253914595
Posterior = -1.929562717177479 for parameter set #785: [0.3007773881364009, 0.8409771742374582, -0.9995]
Running module mass_function_like
Model N: 1883612.7767777627
Done mass_function_like status = 0 

Pipeline ran okay.
Likelihood mass_function_like_m_n = -17.226617764681578
Posterior = -10.674121588573698 for parameter set #785: [0.2949639693765363, 0.8539053794564844, -0.9995]
Running module mass_function_like
Model N: 1876326.6868061372
Done mass_function_like status = 0 

Pipeline ran okay.
Likelihood mass_function_like_m_n = -54.036045860499144
Posterior = -47.840589314256874 for parameter set #785: [0.29016284947692744, 0.8646790960068008, -0.9995]
Running module mass_function_like
Model N: 1890411.3795549409
Done mass_function_like status = 0 

Pipeline ran okay.
Likelihood mass_function_like_m_n = -8.381768979132175
Posterior = -2.8187054274283296 for parameter set #786: [0.31494149019747597, 0.8070480760234279, -0.9995]
Running module mass_function_like
Model N: 1888740.1038455914
Done mass_function_like status = 0 

Pipeline ran okay.
Likelihood mass_function_like_m_n = -8.2839300557971
Posterior = -1.66350894326715 for parameter set #786: [0.296568292384825, 0.8514184279047963, -0.9995]
Running module mass_function_like
Model N: 1888723.16886766
Done mass_function_like status = 0 

Pipeline ran okay.
Likelihood mass_function_like_m_n = -8.29050562903285
Posterior = -2.872110172103792 for parameter set #786: [0.3158802313672134, 0.804471729097198, -0.9995]
Running module mass_function_like
Model N: 1889521.976835865
Done mass_function_like status = 0 

Pipeline ran okay.
Likelihood mass_function_like_m_n = -8.145699765533209
Posterior = -2.060949013004647 for parameter set #786: [0.31090461779047424, 0.8158588913429726, -0.9995]
Running module mass_function_like
Model N: 1899409.647183656
Done mass_function_like status = 0 

Pipeline ran okay.
Likelihood mass_function_like_m_n = -34.22374792397022
Posterior = -28.320570446286915 for parameter set #787: [0.31245894634892446, 0.8154433847425211, -0.9995]
Running module mass_function_like
Model N: 1889596.4032681957
Done mass_function_like status = 0 

Pipeline ran okay.
Likelihood mass_function_like_m_n = -8.149409741163254
Posterior = -2.031213353630017 for parameter set #787: [0.3105934679003333, 0.8165995105897214, -0.9995]
Running module mass_function_like
Model N: 1889845.9830500407
Done mass_function_like status = 0 

Pipeline ran okay.
Likelihood mass_function_like_m_n = -8.18324539065361
Posterior = -2.622789966005344 for parameter set #787: [0.3149589356149556, 0.8068351714843486, -0.9995]
Running module mass_function_like
Model N: 1891142.0325946358
Done mass_function_like status = 0 

Pipeline ran okay.
Likelihood mass_function_like_m_n = -8.888642605394125
Posterior = -2.211388847013218 for parameter set #787: [0.2993596188745296, 0.8448323104021283, -0.9995]
Running module mass_function_like
Model N: 1896716.5530717268
Done mass_function_like status = 0 

Pipeline ran okay.
Likelihood mass_function_like_m_n = -22.024659726768732
Posterior = -15.371818082436148 for parameter set #788: [0.29769945423963723, 0.8512746239204588, -0.9995]
Model N: 1888876.5843915602
Done mass_function_like status = 0 

Pipeline ran okay.
Likelihood mass_function_like_m_n = -8.236481688916683
Posterior = -1.572949514740694 for parameter set #788: [0.2982239355791971, 0.8470237525346748, -0.9995]
Model N: 1889013.3744670197
Done mass_function_like status = 0 

Pipeline ran okay.
Likelihood mass_function_like_m_n = -8.198823757469654
Posterior = -1.5800724035018927 for parameter set #788: [0.30348002426262916, 0.833494951096317, -0.9995]
Model N: 1889499.0260979282
Done mass_function_like status = 0 

Pipeline ran okay.
Likelihood mass_function_like_m_n = -8.14514708891511
Posterior = -3.596713123663285 for parameter set #788: [0.32064398330293054, 0.7945560008789327, -0.9995]
Running module mass_function_like
Running module mass_function_like
Running module mass_function_like
Running module mass_function_like
Model N: 1820950.5208719173
Done mass_function_like status = 0 

Pipeline ran okay.
Likelihood mass_function_like_m_n = -1281.2278926223516
Posterior = -1292.9711983285003 for parameter set #789: [0.36070026343346273, 0.7091624155351738, -0.9995]
Running module mass_function_like
Model N: 1890513.7973031923
Done mass_function_like status = 0 

Pipeline ran okay.
Likelihood mass_function_like_m_n = -8.435814328491688
Posterior = -2.3304784311299116 for parameter set #789: [0.3107141803321432, 0.816614792574642, -0.9995]
Running module mass_function_like
Model N: 1887793.1598866603
Done mass_function_like status = 0 

Pipeline ran okay.
Likelihood mass_function_like_m_n = -8.884917728602886
Posterior = -2.2480816221200755 for parameter set #789: [0.2970856186993672, 0.8496754374428286, -0.9995]
Running module mass_function_like
Model N: 1887516.2262191002
Done mass_function_like status = 0 

Pipeline ran okay.
Likelihood mass_function_like_m_n = -9.150504369288683
Posterior = -2.6452179956875295 for parameter set #789: [0.3058994546308798, 0.8270316708229947, -0.9995]
Running module mass_function_like
Model N: 1872634.0541310243
Done mass_function_like status = 0 

Pipeline ran okay.
Likelihood mass_function_like_m_n = -83.55622107163072
Posterior = -81.3440962506129 for parameter set #790: [0.3298903977132871, 0.7715206168006199, -0.9995]
Running module mass_function_like
Model N: 1890280.6826100044
Done mass_function_like status = 0 

Pipeline ran okay.
Likelihood mass_function_like_m_n = -8.320855274796486
Posterior = -2.031725283996831 for parameter set #790: [0.3088337331577374, 0.8209249992023132, -0.9995]
Running module mass_function_like
Model N: 1883771.0089535473
Done mass_function_like status = 0 

Pipeline ran okay.
Likelihood mass_function_like_m_n = -16.74167037382722
Posterior = -15.497541787227185 for parameter set #790: [0.3329702156854036, 0.7687878235648898, -0.9995]
Running module mass_function_like
Model N: 1892367.0447081644
Done mass_function_like status = 0 

Pipeline ran okay.
Likelihood mass_function_like_m_n = -10.371198430657387
Posterior = -4.353397900899789 for parameter set #790: [0.28849779439800693, 0.8759336650014014, -0.9995]
Running module mass_function_like
Model N: 1887355.5891947665
Done mass_function_like status = 0 

Pipeline ran okay.
Likelihood mass_function_like_m_n = -9.323197670280933
Posterior = -6.219401317416325 for parameter set #791: [0.32674138308108086, 0.7816078839228283, -0.9995]
Running module mass_function_like
Model N: 1889936.0117787502
Done mass_function_like status = 0 

Pipeline ran okay.
Likelihood mass_function_like_m_n = -8.203538607805967
Posterior = -1.7392524157229623 for parameter set #791: [0.3065577131109434, 0.8262430387808484, -0.9995]
Running module mass_function_like
Model N: 1885546.160670716
Done mass_function_like status = 0 

Pipeline ran okay.
Likelihood mass_function_like_m_n = -12.214397255331278
Posterior = -5.557440681326371 for parameter set #791: [0.3021141250816966, 0.8357363075070685, -0.9995]
Running module mass_function_like
Model N: 1889101.5794803223
Done mass_function_like status = 0 

Pipeline ran okay.
Likelihood mass_function_like_m_n = -8.179795429110527
Posterior = -1.6267453090101274 for parameter set #791: [0.30502501896931344, 0.8296978977170254, -0.9995]
Running module mass_function_like
Model N: 1891264.680360248
Done mass_function_like status = 0 

Pipeline ran okay.
Likelihood mass_function_like_m_n = -9.001377943903208
Posterior = -2.468968289439358 for parameter set #792: [0.29457976856866147, 0.8578213181763499, -0.9995]
Model N: 1888729.2535316478
Done mass_function_like status = 0 

Pipeline ran okay.
Likelihood mass_function_like_m_n = -8.288125567138195
Posterior = -1.8109359104436127 for parameter set #792: [0.2936420987485552, 0.8594923560496804, -0.9995]
Model N: 1889097.9611978224
Done mass_function_like status = 0 

Pipeline ran okay.
Likelihood mass_function_like_m_n = -8.180494975298643
Posterior = -1.6223066585072523 for parameter set #792: [0.3049217046136234, 0.8299504527948485, -0.9995]
Model N: 1846109.0702097432
Done mass_function_like status = 0 

Pipeline ran okay.
Likelihood mass_function_like_m_n = -513.3132106810808
Posterior = -510.3847895240778 for parameter set #792: [0.2726106479035841, 0.9082122746695347, -0.9995]
Running module mass_function_like
Running module mass_function_like
Running module mass_function_like
Running module mass_function_like
Model N: 1892290.60920893
Done mass_function_like status = 0 

Pipeline ran okay.
Likelihood mass_function_like_m_n = -10.255521900951862
Posterior = -4.603028481561713 for parameter set #793: [0.31433046251116864, 0.8089830085665825, -0.9995]
Running module mass_function_like
Model N: 1888962.7738792212
Done mass_function_like status = 0 

Pipeline ran okay.
Likelihood mass_function_like_m_n = -8.211599241942167
Posterior = -1.5530846095045021 for parameter set #793: [0.3020390961660762, 0.8371076784359871, -0.9995]
Running module mass_function_like
Model N: 1890438.2191296578
Done mass_function_like status = 0 

Pipeline ran okay.
Likelihood mass_function_like_m_n = -8.395395863801241
Posterior = -2.0245631840108533 for parameter set #793: [0.3078545721528268, 0.8232970439909, -0.9995]
Running module mass_function_like
Model N: 1881536.230831255
Done mass_function_like status = 0 

Pipeline ran okay.
Likelihood mass_function_like_m_n = -24.827288936823606
Posterior = -18.36560630183448 for parameter set #793: [0.293402704140012, 0.8574533448474438, -0.9995]
Running module mass_function_like
Model N: 1881879.8326169795
Done mass_function_like status = 0 

Pipeline ran okay.
Likelihood mass_function_like_m_n = -23.410857744514942
Posterior = -16.91435334403798 for parameter set #794: [0.3060464832395904, 0.8248043822707288, -0.9995]
Running module mass_function_like
Model N: 1899838.6594761012
Done mass_function_like status = 0 

Pipeline ran okay.
Likelihood mass_function_like_m_n = -36.51809557527304
Posterior = -31.398230230515075 for parameter set #794: [0.3176603445807393, 0.8039913274915759, -0.9995]
Running module mass_function_like
Model N: 1890108.630839368
Done mass_function_like status = 0 

Pipeline ran okay.
Likelihood mass_function_like_m_n = -8.254439622163773
Posterior = -4.41269332738521 for parameter set #794: [0.3238225015627311, 0.7881989035314161, -0.9995]
Running module mass_function_like
Model N: 1868877.5056136665
Done mass_function_like status = 0 

Pipeline ran okay.
Likelihood mass_function_like_m_n = -121.1263191588223
Posterior = -115.87486370382196 for parameter set #794: [0.2831011909099495, 0.8830604927556516, -0.9995]
Running module mass_function_like
Model N: 1880706.8249202785
Done mass_function_like status = 0 

Pipeline ran okay.
Likelihood mass_function_like_m_n = -28.506025467067957
Posterior = -24.54418747328337 for parameter set #795: [0.3233129414897632, 0.7865326385359355, -0.9995]
Running module mass_function_like
Model N: 1887449.7856517443
Done mass_function_like status = 0 

Pipeline ran okay.
Likelihood mass_function_like_m_n = -9.220271792262793
Posterior = -2.805556061666218 for parameter set #795: [0.3072744548622371, 0.8236986186966265, -0.9995]
Running module mass_function_like
Model N: 1892153.4698820852
Done mass_function_like status = 0 

Pipeline ran okay.
Likelihood mass_function_like_m_n = -10.05570474267006
Posterior = -3.5946510095004847 for parameter set #795: [0.30660682170397574, 0.8268617716087723, -0.9995]
Running module mass_function_like
Model N: 1891193.7526639786
Done mass_function_like status = 0 

Pipeline ran okay.
Likelihood mass_function_like_m_n = -8.935213677585125
Posterior = -2.3316097639463322 for parameter set #795: [0.3038910226077834, 0.8332131994017623, -0.9995]
Running module mass_function_like
Model N: 1888413.5754895497
Done mass_function_like status = 0 

Pipeline ran okay.
Likelihood mass_function_like_m_n = -8.437490697950125
Posterior = -4.985587265443873 for parameter set #796: [0.3254063014459167, 0.7845414686666605, -0.9995]
Model N: 1885695.5578365757
Done mass_function_like status = 0 

Pipeline ran okay.
Likelihood mass_function_like_m_n = -11.909827075898647
Posterior = -5.410534731918961 for parameter set #796: [0.30600019756892244, 0.826181640053857, -0.9995]
Model N: 1897504.3614010687
Done mass_function_like status = 0 

Pipeline ran okay.
Likelihood mass_function_like_m_n = -25.199558418244123
Posterior = -19.55286738556442 for parameter set #796: [0.3143708953487978, 0.8105167122684465, -0.9995]
Model N: 1889585.061471128
Done mass_function_like status = 0 

Pipeline ran okay.
Likelihood mass_function_like_m_n = -8.14865506067872
Posterior = -2.3802802766844335 for parameter set #796: [0.3134976250823314, 0.8099975261617842, -0.9995]
Running module mass_function_like
Running module mass_function_like
Running module mass_function_like
Running module mass_function_like
Model N: 1891354.0823923366
Done mass_function_like status = 0 

Pipeline ran okay.
Likelihood mass_function_like_m_n = -9.088561676442623
Posterior = -2.409885238087547 for parameter set #797: [0.30035433316387955, 0.842274629275756, -0.9995]
Running module mass_function_like
Model N: 1889510.8870053922
Done mass_function_like status = 0 

Pipeline ran okay.
Likelihood mass_function_like_m_n = -8.145397908985615
Posterior = -2.968536021657357 for parameter set #797: [0.31733460302967414, 0.8015627303809195, -0.9995]
Running module mass_function_like
Model N: 1888521.8729092998
Done mass_function_like status = 0 

Pipeline ran okay.
Likelihood mass_function_like_m_n = -8.380300175398588
Posterior = -1.7178613970246488 for parameter set #797: [0.30183659576043614, 0.8374696264176434, -0.9995]
Running module mass_function_like
Model N: 1877853.6665805082
Done mass_function_like status = 0 

Pipeline ran okay.
Likelihood mass_function_like_m_n = -43.969260446727276
Posterior = -37.86102225805523 for parameter set #797: [0.2893129423166322, 0.8677489035878283, -0.9995]
Running module mass_function_like
Model N: 1885073.581879427
Done mass_function_like status = 0 

Pipeline ran okay.
Likelihood mass_function_like_m_n = -13.255939770489931
Posterior = -9.099575624432674 for parameter set #798: [0.3224630365367327, 0.7895059162229036, -0.9995]
Running module mass_function_like
Model N: 1889940.1622286192
Done mass_function_like status = 0 

Pipeline ran okay.
Likelihood mass_function_like_m_n = -8.204577546566725
Posterior = -2.1111139899584934 for parameter set #798: [0.3108244227716952, 0.8161772085164954, -0.9995]
Running module mass_function_like
Model N: 1887702.4268441077
Done mass_function_like status = 0 

Pipeline ran okay.
Likelihood mass_function_like_m_n = -8.967453867197037
Posterior = -2.435628659602255 for parameter set #798: [0.3054310034195426, 0.8282340161933559, -0.9995]
Running module mass_function_like
Model N: 1890392.9045838588
Done mass_function_like status = 0 

Pipeline ran okay.
Likelihood mass_function_like_m_n = -8.372610252350569
Posterior = -2.850805257909048 for parameter set #798: [0.28478488117779766, 0.8866632043560527, -0.9995]
Running module mass_function_like
Model N: 1881057.7206203511
Done mass_function_like status = 0 

Pipeline ran okay.
Likelihood mass_function_like_m_n = -26.90483859926462
Posterior = -20.35643395254401 for parameter set #799: [0.294883369241589, 0.8531815002550897, -0.9995]
Running module mass_function_like
Model N: 1892649.2627093683
Done mass_function_like status = 0 

Pipeline ran okay.
Likelihood mass_function_like_m_n = -10.825004540383816
Posterior = -6.939234458791965 for parameter set #799: [0.32363697999626156, 0.7893053319235996, -0.9995]
Running module mass_function_like
Model N: 1890025.4160697774
Done mass_function_like status = 0 

Pipeline ran okay.
Likelihood mass_function_like_m_n = -8.22793409973383
Posterior = -1.5486981881711053 for parameter set #799: [0.3001168646631583, 0.8424225187142284, -0.9995]
Running module mass_function_like
Model N: 1870552.6161319015
Done mass_function_like status = 0 

Pipeline ran okay.
Likelihood mass_function_like_m_n = -103.43188904598355
Posterior = -97.99253843764164 for parameter set #799: [0.28425227895873, 0.8801491212123771, -0.9995]
Running module mass_function_like
Model N: 1893225.762635102
Done mass_function_like status = 0 

Pipeline ran okay.
Likelihood mass_function_like_m_n = -11.882564473897219
Posterior = -5.203642747375975 for parameter set #800: [0.2997234238661938, 0.8446191737672792, -0.9995]
Model N: 1889238.8580617479
Done mass_function_like status = 0 

Pipeline ran okay.
Likelihood mass_function_like_m_n = -8.158374778926373
Posterior = -1.4925336713738329 for parameter set #800: [0.3016409199101516, 0.8382174493437206, -0.9995]
Model N: 1890499.9401735114
Done mass_function_like status = 0 

Pipeline ran okay.
Likelihood mass_function_like_m_n = -8.428177583962679
Posterior = -2.033680103966363 for parameter set #800: [0.29245272607739875, 0.8635447087021505, -0.9995]
Model N: 1874386.3891709058
Done mass_function_like status = 0 

Pipeline ran okay.
Likelihood mass_function_like_m_n = -68.63323949277401
Posterior = -63.65364572316253 for parameter set #800: [0.28156248157316865, 0.890311483828188, -0.9995]
Running module mass_function_like
Running module mass_function_like
Running module mass_function_like
Running module mass_function_like
Model N: 1891290.090735248
Done mass_function_like status = 0 

Pipeline ran okay.
Likelihood mass_function_like_m_n = -9.02572836726904
Posterior = -2.3481707794394104 for parameter set #801: [0.3005910347672636, 0.8416373645730405, -0.9995]
Running module mass_function_like
Model N: 1883658.3430223074
Done mass_function_like status = 0 

Pipeline ran okay.
Likelihood mass_function_like_m_n = -17.085600204765797
Posterior = -10.448978926882596 for parameter set #801: [0.3029217433298289, 0.8330599130475418, -0.9995]
Running module mass_function_like
Model N: 1888532.1637103397
Done mass_function_like status = 0 

Pipeline ran okay.
Likelihood mass_function_like_m_n = -8.375189006328583
Posterior = -1.712836318462875 for parameter set #801: [0.30184127729820864, 0.8374612586657743, -0.9995]
Running module mass_function_like
Model N: 1866806.8338072032
Done mass_function_like status = 0 

Pipeline ran okay.
Likelihood mass_function_like_m_n = -145.09739470109344
Posterior = -139.6444919892685 for parameter set #801: [0.28433857294825754, 0.8783464932308608, -0.9995]
Running module mass_function_like
Model N: 1887351.5905788308
Done mass_function_like status = 0 

Pipeline ran okay.
Likelihood mass_function_like_m_n = -9.327670980244875
Posterior = -8.444894186540571 for parameter set #802: [0.3340485753141182, 0.767758041314921, -0.9995]
Running module mass_function_like
Model N: 1891658.6537519807
Done mass_function_like status = 0 

Pipeline ran okay.
Likelihood mass_function_like_m_n = -9.417263194918633
Posterior = -5.058367468489114 for parameter set #802: [0.32154255542817833, 0.7933084323648096, -0.9995]
Running module mass_function_like
Model N: 1894685.4574923576
Done mass_function_like status = 0 

Pipeline ran okay.
Likelihood mass_function_like_m_n = -15.343460742384195
Posterior = -8.837139380698781 for parameter set #802: [0.30588188467457134, 0.829474310709298, -0.9995]
Running module mass_function_like
Model N: 1889115.0896820647
Done mass_function_like status = 0 

Pipeline ran okay.
Likelihood mass_function_like_m_n = -8.177244693040848
Posterior = -3.2582024234928424 for parameter set #802: [0.3187630590723485, 0.7983943752715504, -0.9995]
Running module mass_function_like
Model N: 1889613.141095916
Done mass_function_like status = 0 

Pipeline ran okay.
Likelihood mass_function_like_m_n = -8.150647822767496
Posterior = -2.246738098024707 for parameter set #803: [0.31245306768284353, 0.8123562929721663, -0.9995]
Running module mass_function_like
Model N: 1884123.926828015
Done mass_function_like status = 0 

Pipeline ran okay.
Likelihood mass_function_like_m_n = -15.708075918257236
Posterior = -9.55092679264837 for parameter set #803: [0.31021914940395073, 0.8157129085084603, -0.9995]
Running module mass_function_like
Model N: 1865746.057246808
Done mass_function_like status = 0 

Pipeline ran okay.
Likelihood mass_function_like_m_n = -158.27761195972562
Posterior = -156.13456311380375 for parameter set #803: [0.33012060873351773, 0.7692352737282829, -0.9995]
Running module mass_function_like
Model N: 1888416.7862751915
Done mass_function_like status = 0 

Pipeline ran okay.
Likelihood mass_function_like_m_n = -8.435705740004778
Posterior = -2.9703165025048364 for parameter set #803: [0.31558149518377654, 0.8050298945174679, -0.9995]
Running module mass_function_like
Model N: 1885105.321062889
Done mass_function_like status = 0 

Pipeline ran okay.
Likelihood mass_function_like_m_n = -13.18226881697774
Posterior = -6.934172173113508 for parameter set #804: [0.3092866307608946, 0.818187252121213, -0.9995]
Model N: 1838356.3560692396
Done mass_function_like status = 0 

Pipeline ran okay.
Likelihood mass_function_like_m_n = -712.0937634296715
Posterior = -708.6934379760146 for parameter set #804: [0.3256085093070769, 0.7702813958442153, -0.9995]
Model N: 1890195.341928339
Done mass_function_like status = 0 

Pipeline ran okay.
Likelihood mass_function_like_m_n = -8.285955246537924
Posterior = -1.6070360951884535 for parameter set #804: [0.2997224943385334, 0.8435435727267705, -0.9995]
Model N: 1891694.218892041
Done mass_function_like status = 0 

Pipeline ran okay.
Likelihood mass_function_like_m_n = -9.45884009450674
Posterior = -2.7845705312673577 for parameter set #804: [0.29899654247017454, 0.8459877324783234, -0.9995]
Running module mass_function_like
Running module mass_function_like
Running module mass_function_like
Running module mass_function_like
Model N: 1889000.3561609539
Done mass_function_like status = 0 

Pipeline ran okay.
Likelihood mass_function_like_m_n = -8.201981041580439
Posterior = -2.8943544915039805 for parameter set #805: [0.31656307730002936, 0.8030726539613144, -0.9995]
Running module mass_function_like
Model N: 1885102.0711158316
Done mass_function_like status = 0 

Pipeline ran okay.
Likelihood mass_function_like_m_n = -13.189787771552801
Posterior = -6.565536950305091 for parameter set #805: [0.2966817662209395, 0.8497827811177778, -0.9995]
Running module mass_function_like
Model N: 1889124.1635419335
Done mass_function_like status = 0 

Pipeline ran okay.
Likelihood mass_function_like_m_n = -8.17558578401804
Posterior = -1.5688218951367823 for parameter set #805: [0.30380894498329764, 0.8327121145175811, -0.9995]
Running module mass_function_like
Model N: 1890221.444584484
Done mass_function_like status = 0 

Pipeline ran okay.
Likelihood mass_function_like_m_n = -8.296221062541008
Posterior = -1.6619378072854811 for parameter set #805: [0.30300069802061697, 0.8351109447425976, -0.9995]
Running module mass_function_like
Model N: 1883954.776342164
Done mass_function_like status = 0 

Pipeline ran okay.
Likelihood mass_function_like_m_n = -16.195194873958826
Posterior = -11.907164165363916 for parameter set #806: [0.32186903513973714, 0.7903931866027462, -0.9995]
Running module mass_function_like
Model N: 1886845.7152110753
Done mass_function_like status = 0 

Pipeline ran okay.
Likelihood mass_function_like_m_n = -9.962021723389626
Posterior = -5.118389111050103 for parameter set #806: [0.3191607493902022, 0.7968782821522479, -0.9995]
Running module mass_function_like
Model N: 1897419.5872518376
Done mass_function_like status = 0 

Pipeline ran okay.
Likelihood mass_function_like_m_n = -24.842272382229567
Posterior = -18.33856742145889 for parameter set #806: [0.2940737999098997, 0.8615690434812381, -0.9995]
Running module mass_function_like
Model N: 1890078.440254303
Done mass_function_like status = 0 

Pipeline ran okay.
Likelihood mass_function_like_m_n = -8.24439999088645
Posterior = -1.5751414613854031 for parameter set #806: [0.29858256084369356, 0.8465040028790232, -0.9995]
Running module mass_function_like
Model N: 1880312.8175901507
Done mass_function_like status = 0 

Pipeline ran okay.
Likelihood mass_function_like_m_n = -30.38232983648777
Posterior = -31.34116845501509 for parameter set #807: [0.3390848891947707, 0.7569120838804332, -0.9995]
Running module mass_function_like
Model N: 1890169.187115061
Done mass_function_like status = 0 

Pipeline ran okay.
Likelihood mass_function_like_m_n = -8.27603031694889
Posterior = -3.302061526839161 for parameter set #807: [0.3184680015605396, 0.7993361103992945, -0.9995]
Running module mass_function_like
Model N: 1851370.0409348195
Done mass_function_like status = 0 

Pipeline ran okay.
Likelihood mass_function_like_m_n = -397.416908018291
Posterior = -393.73420170756066 for parameter set #807: [0.2755189955778776, 0.9004428485430315, -0.9995]
Running module mass_function_like
Model N: 1856821.632984775
Done mass_function_like status = 0 

Pipeline ran okay.
Likelihood mass_function_like_m_n = -293.41706873476505
Posterior = -287.5734083852015 for parameter set #807: [0.28707217072554975, 0.8660862643995468, -0.9995]
Running module mass_function_like
Model N: 1899629.5861155214
Done mass_function_like status = 0 

Pipeline ran okay.
Likelihood mass_function_like_m_n = -35.387937627732754
Posterior = -28.808187883445136 for parameter set #808: [0.2955378378778314, 0.858289290850062, -0.9995]
Model N: 1887209.339174016
Done mass_function_like status = 0 

Pipeline ran okay.
Likelihood mass_function_like_m_n = -9.492327652871609
Posterior = -3.170101181245922 for parameter set #808: [0.291549228121828, 0.8648767407709388, -0.9995]
Model N: 1891545.1014578834
Done mass_function_like status = 0 

Pipeline ran okay.
Likelihood mass_function_like_m_n = -9.28898710384965
Posterior = -2.6158379253334925 for parameter set #808: [0.2988904938220954, 0.8462148622143766, -0.9995]
Model N: 1879649.6782061167
Done mass_function_like status = 0 

Pipeline ran okay.
Likelihood mass_function_like_m_n = -33.72760922461748
Posterior = -31.00249256450727 for parameter set #808: [0.32812183329087913, 0.7767895232388267, -0.9995]
Done 100 iterations of emcee. Acceptance fraction 0.463
Running module mass_function_like
Running module mass_function_like
Running module mass_function_like
Running module mass_function_like
Model N: 1890367.435506094
Done mass_function_like status = 0 

Pipeline ran okay.
Likelihood mass_function_like_m_n = -8.36028017476201
Posterior = -2.2371418476131453 for parameter set #809: [0.31054671390681793, 0.8169546592711171, -0.9995]
Running module mass_function_like
Model N: 1889608.38761305
Done mass_function_like status = 0 

Pipeline ran okay.
Likelihood mass_function_like_m_n = -8.150281138718128
Posterior = -1.4813398118707344 for parameter set #809: [0.2985603561924694, 0.8463939894015878, -0.9995]
Running module mass_function_like
Model N: 1886781.0540639327
Done mass_function_like status = 0 

Pipeline ran okay.
Likelihood mass_function_like_m_n = -10.052892658859491
Posterior = -5.13336599112215 for parameter set #809: [0.3187604772357894, 0.7977035641912426, -0.9995]
Running module mass_function_like
Model N: 1894993.598701157
Done mass_function_like status = 0 

Pipeline ran okay.
Likelihood mass_function_like_m_n = -16.21747264266014
Posterior = -10.035364396235108 for parameter set #809: [0.30997192009479785, 0.8197817404652189, -0.9995]
Running module mass_function_like
Model N: 1887763.1912635018
Done mass_function_like status = 0 

Pipeline ran okay.
Likelihood mass_function_like_m_n = -8.911696188151836
Posterior = -3.7378007741573 for parameter set #810: [0.3173517076065479, 0.8009983045151083, -0.9995]
Running module mass_function_like
Model N: 1889730.4209652739
Done mass_function_like status = 0 

Pipeline ran okay.
Likelihood mass_function_like_m_n = -8.16348136216402
Posterior = -3.680467215576705 for parameter set #810: [0.320958483016301, 0.7939702943929299, -0.9995]
Running module mass_function_like
Model N: 1896809.3541190615
Done mass_function_like status = 0 

Pipeline ran okay.
Likelihood mass_function_like_m_n = -22.38171947747469
Posterior = -18.24785788356576 for parameter set #810: [0.3225629900695864, 0.7927074526796788, -0.9995]
Running module mass_function_like
Model N: 1830072.4881632351
Done mass_function_like status = 0 

Pipeline ran okay.
Likelihood mass_function_like_m_n = -961.6366130001843
Posterior = -963.3853732684389 for parameter set #810: [0.2589437837433482, 0.9541565083353762, -0.9995]
Running module mass_function_like
Model N: 1881575.190862922
Done mass_function_like status = 0 

Pipeline ran okay.
Likelihood mass_function_like_m_n = -24.66351693123579
Posterior = -21.087285045436307 for parameter set #811: [0.32491213484433124, 0.7835876906817649, -0.9995]
Running module mass_function_like
Model N: 1888959.689832893
Done mass_function_like status = 0 

Pipeline ran okay.
Likelihood mass_function_like_m_n = -8.212421722710133
Posterior = -3.2856811860462773 for parameter set #811: [0.3187219852667731, 0.7984349912607845, -0.9995]
Running module mass_function_like
Model N: 1884750.5778448877
Done mass_function_like status = 0 

Pipeline ran okay.
Likelihood mass_function_like_m_n = -14.036142244935036
Posterior = -8.668123357853531 for parameter set #811: [0.31619435278872665, 0.8025795080416079, -0.9995]
Running module mass_function_like
Model N: 1888181.406478779
Done mass_function_like status = 0 

Pipeline ran okay.
Likelihood mass_function_like_m_n = -8.58103797212243
Posterior = -2.20807627904807 for parameter set #811: [0.30782741982055184, 0.8226211096185941, -0.9995]
Running module mass_function_like
Model N: 1887782.6280732483
Done mass_function_like status = 0 

Pipeline ran okay.
Likelihood mass_function_like_m_n = -8.894274163991213
Posterior = -2.4005177068412404 for parameter set #812: [0.2939082393159247, 0.8583885243149922, -0.9995]
Model N: 1889770.942476697
Done mass_function_like status = 0 

Pipeline ran okay.
Likelihood mass_function_like_m_n = -8.169607169926167
Posterior = -1.741817335043594 for parameter set #812: [0.30709245181058886, 0.8248999442555002, -0.9995]
Model N: 1891247.1652357779
Done mass_function_like status = 0 

Pipeline ran okay.
Likelihood mass_function_like_m_n = -8.98479202017188
Posterior = -2.6741822609343053 for parameter set #812: [0.2914128649821652, 0.8668364514592283, -0.9995]
Model N: 1890656.2963770577
Done mass_function_like status = 0 

Pipeline ran okay.
Likelihood mass_function_like_m_n = -8.520235557109118
Posterior = -2.045561847057945 for parameter set #812: [0.29360264916924156, 0.8603329677939676, -0.9995]
Running module mass_function_like
Running module mass_function_like
Running module mass_function_like
Running module mass_function_like
Model N: 1893733.181247084
Done mass_function_like status = 0 

Pipeline ran okay.
Likelihood mass_function_like_m_n = -12.958368081599474
Posterior = -6.7691937825922075 for parameter set #813: [0.3099008070307721, 0.8195400921792793, -0.9995]
Running module mass_function_like
Model N: 1892859.9388435667
Done mass_function_like status = 0 

Pipeline ran okay.
Likelihood mass_function_like_m_n = -11.191158697009087
Posterior = -4.699709080810669 for parameter set #813: [0.3061295119236654, 0.8282571867124165, -0.9995]
Running module mass_function_like
Model N: 1887602.4589713484
Done mass_function_like status = 0 

Pipeline ran okay.
Likelihood mass_function_like_m_n = -9.063444800674915
Posterior = -2.5097865290344608 for parameter set #813: [0.29498709811247525, 0.8553224641352601, -0.9995]
Running module mass_function_like
Model N: 1888210.9801398646
Done mass_function_like status = 0 

Pipeline ran okay.
Likelihood mass_function_like_m_n = -8.561165429651737
Posterior = -1.8898371609972084 for parameter set #813: [0.30126300670272727, 0.838826164551147, -0.9995]
Running module mass_function_like
Model N: 1893018.6064568455
Done mass_function_like status = 0 

Pipeline ran okay.
Likelihood mass_function_like_m_n = -11.482374783605337
Posterior = -6.984992160984386 for parameter set #814: [0.32088981366929464, 0.795080044353763, -0.9995]
Running module mass_function_like
Model N: 1895512.1396010672
Done mass_function_like status = 0 

Pipeline ran okay.
Likelihood mass_function_like_m_n = -17.801029548048973
Posterior = -11.233759687787062 for parameter set #814: [0.30473358929456895, 0.8325870628293827, -0.9995]
Running module mass_function_like
Model N: 1877633.128441477
Done mass_function_like status = 0 

Pipeline ran okay.
Likelihood mass_function_like_m_n = -45.34594529122114
Posterior = -39.0408318098057 for parameter set #814: [0.3086509041942997, 0.8172601433340225, -0.9995]
Running module mass_function_like
Model N: 1885961.3653931424
Done mass_function_like status = 0 

Pipeline ran okay.
Likelihood mass_function_like_m_n = -11.39725648239255
Posterior = -4.9267473124220995 for parameter set #814: [0.2935378791664075, 0.8587402873582806, -0.9995]
Running module mass_function_like
Model N: 1887453.8025841138
Done mass_function_like status = 0 

Pipeline ran okay.
Likelihood mass_function_like_m_n = -9.215987227857113
Posterior = -9.243371399735867 for parameter set #815: [0.3366242771128358, 0.7631109538258185, -0.9995]
Running module mass_function_like
Model N: 1889327.2210404882
Done mass_function_like status = 0 

Pipeline ran okay.
Likelihood mass_function_like_m_n = -8.149864349514246
Posterior = -2.5518832079052274 for parameter set #815: [0.31470593796193347, 0.8072330161377891, -0.9995]
Running module mass_function_like
Model N: 1880080.6435328657
Done mass_function_like status = 0 

Pipeline ran okay.
Likelihood mass_function_like_m_n = -31.526812348514795
Posterior = -25.021063299889633 for parameter set #815: [0.29410839326354793, 0.8549497655414305, -0.9995]
Running module mass_function_like
Model N: 1888093.757285458
Done mass_function_like status = 0 

Pipeline ran okay.
Likelihood mass_function_like_m_n = -8.642658039927483
Posterior = -2.3695047258862125 for parameter set #815: [0.2909872214687264, 0.8668499800635348, -0.9995]
Running module mass_function_like
Model N: 1889176.2285011862
Done mass_function_like status = 0 

Pipeline ran okay.
Likelihood mass_function_like_m_n = -8.166909787803888
Posterior = -1.5026025086928918 for parameter set #816: [0.30173187292831793, 0.8379639510197253, -0.9995]
Model N: 1882621.195122282
Done mass_function_like status = 0 

Pipeline ran okay.
Likelihood mass_function_like_m_n = -20.569276571273804
Posterior = -14.816869057784539 for parameter set #816: [0.28638459192810634, 0.8784371085353547, -0.9995]
Model N: 1889770.397280728
Done mass_function_like status = 0 

Pipeline ran okay.
Likelihood mass_function_like_m_n = -8.169518984854221
Posterior = -3.8812376643246083 for parameter set #816: [0.3218678891426703, 0.7920859052329797, -0.9995]
Model N: 1887068.3651078488
Done mass_function_like status = 0 

Pipeline ran okay.
Likelihood mass_function_like_m_n = -9.66609686985612
Posterior = -3.090500709275428 for parameter set #816: [0.30455429550489443, 0.8301699200400798, -0.9995]
Running module mass_function_like
Running module mass_function_like
Running module mass_function_like
Running module mass_function_like
Model N: 1892674.164058499
Done mass_function_like status = 0 

Pipeline ran okay.
Likelihood mass_function_like_m_n = -10.867063019424677
Posterior = -5.951175707774457 for parameter set #817: [0.3187798662756686, 0.799422759214457, -0.9995]
Running module mass_function_like
Model N: 1895537.3433608622
Done mass_function_like status = 0 

Pipeline ran okay.
Likelihood mass_function_like_m_n = -17.881602630019188
Posterior = -12.30014571836584 for parameter set #817: [0.31481787627601776, 0.8089082450637977, -0.9995]
Running module mass_function_like
Model N: 1890553.2615611102
Done mass_function_like status = 0 

Pipeline ran okay.
Likelihood mass_function_like_m_n = -8.45811952278018
Posterior = -2.107220181359807 for parameter set #817: [0.30810437976516186, 0.8227401104119343, -0.9995]
Running module mass_function_like
Model N: 1890488.117501687
Done mass_function_like status = 0 

Pipeline ran okay.
Likelihood mass_function_like_m_n = -8.421742301434278
Posterior = -1.7939444900076964 for parameter set #817: [0.3032095603089401, 0.8346772492724777, -0.9995]
Running module mass_function_like
Model N: 1890320.244847755
Done mass_function_like status = 0 

Pipeline ran okay.
Likelihood mass_function_like_m_n = -8.338340755552053
Posterior = -4.336760719128532 for parameter set #818: [0.3231418415943359, 0.7896396205758123, -0.9995]
Running module mass_function_like
Model N: 1888955.7402225896
Done mass_function_like status = 0 

Pipeline ran okay.
Likelihood mass_function_like_m_n = -8.213482402265072
Posterior = -1.7857018931443296 for parameter set #818: [0.307092583297917, 0.8246305041748573, -0.9995]
Running module mass_function_like
Model N: 1875055.4377602402
Done mass_function_like status = 0 

Pipeline ran okay.
Likelihood mass_function_like_m_n = -63.37137696892023
Posterior = -60.43644416833228 for parameter set #818: [0.32736556740768313, 0.7769762069664714, -0.9995]
Running module mass_function_like
Model N: 1893718.2497893537
Done mass_function_like status = 0 

Pipeline ran okay.
Likelihood mass_function_like_m_n = -12.92477361857891
Posterior = -6.94891507905825 for parameter set #818: [0.3118612449497474, 0.8150012160012016, -0.9995]
Running module mass_function_like
Model N: 1889692.113834306
Done mass_function_like status = 0 

Pipeline ran okay.
Likelihood mass_function_like_m_n = -8.158489175140858
Posterior = -1.5048606972474126 for parameter set #819: [0.30226608563018936, 0.8367840313740375, -0.9995]
Running module mass_function_like
Model N: 1889775.032752135
Done mass_function_like status = 0 

Pipeline ran okay.
Likelihood mass_function_like_m_n = -8.170273788273335
Posterior = -2.29386449565097 for parameter set #819: [0.312671976212792, 0.8119123906228698, -0.9995]
Running module mass_function_like
Model N: 1889401.0807200859
Done mass_function_like status = 0 

Pipeline ran okay.
Likelihood mass_function_like_m_n = -8.145921912044287
Posterior = -1.7668299913337773 for parameter set #819: [0.29225129330017335, 0.8637002192678028, -0.9995]
Running module mass_function_like
Model N: 1852823.498944445
Done mass_function_like status = 0 

Pipeline ran okay.
Likelihood mass_function_like_m_n = -368.09160758182406
Posterior = -362.529611605208 for parameter set #819: [0.28505136647252244, 0.8704902159995981, -0.9995]
Running module mass_function_like
Model N: 1887819.2271263255
Done mass_function_like status = 0 

Pipeline ran okay.
Likelihood mass_function_like_m_n = -8.862012565135956
Posterior = -2.369729844284846 for parameter set #820: [0.2938840948755055, 0.8584698222443812, -0.9995]
Model N: 1888837.4495424097
Done mass_function_like status = 0 

Pipeline ran okay.
Likelihood mass_function_like_m_n = -8.249078370630741
Posterior = -1.5755380676107062 for parameter set #820: [0.301073675490096, 0.8395303954487259, -0.9995]
Model N: 1889167.6678507356
Done mass_function_like status = 0 

Pipeline ran okay.
Likelihood mass_function_like_m_n = -8.16823773086071
Posterior = -3.442839793778104 for parameter set #820: [0.31976818788471817, 0.7962896880186912, -0.9995]
Model N: 1890577.3030936425
Done mass_function_like status = 0 

Pipeline ran okay.
Likelihood mass_function_like_m_n = -8.472111351788044
Posterior = -4.470479958243547 for parameter set #820: [0.32314161967004773, 0.7897143574753135, -0.9995]
Running module mass_function_like
Running module mass_function_like
Running module mass_function_like
Running module mass_function_like
Model N: 1893400.7397722478
Done mass_function_like status = 0 

Pipeline ran okay.
Likelihood mass_function_like_m_n = -12.238213889300823
Posterior = -6.059398599955612 for parameter set #821: [0.31000488789507397, 0.819189599294123, -0.9995]
Running module mass_function_like
Model N: 1889184.3236029572
Done mass_function_like status = 0 

Pipeline ran okay.
Likelihood mass_function_like_m_n = -8.165689747780561
Posterior = -2.5687944932130815 for parameter set #821: [0.3147133201130317, 0.8071727899162514, -0.9995]
Running module mass_function_like
Model N: 1889424.7869184865
Done mass_function_like status = 0 

Pipeline ran okay.
Likelihood mass_function_like_m_n = -8.145268648862839
Posterior = -1.4829571230470808 for parameter set #821: [0.2981564885411562, 0.8474007495692754, -0.9995]
Running module mass_function_like
Model N: 1866631.543062407
Done mass_function_like status = 0 

Pipeline ran okay.
Likelihood mass_function_like_m_n = -147.2332973666489
Posterior = -142.5138018514836 for parameter set #821: [0.280201976446398, 0.891428486473487, -0.9995]
Running module mass_function_like
Model N: 1889035.157213147
Done mass_function_like status = 0 

Pipeline ran okay.
Likelihood mass_function_like_m_n = -8.19374155625701
Posterior = -4.88842037508922 for parameter set #822: [0.3259768474497673, 0.7835859822489631, -0.9995]
Running module mass_function_like
Model N: 1895354.6974882893
Done mass_function_like status = 0 

Pipeline ran okay.
Likelihood mass_function_like_m_n = -17.305269449949265
Posterior = -10.891840395452304 for parameter set #822: [0.3072921210057601, 0.8262689438687315, -0.9995]
Running module mass_function_like
Model N: 1881479.1449466285
Done mass_function_like status = 0 

Pipeline ran okay.
Likelihood mass_function_like_m_n = -25.068717770278454
Posterior = -24.636893204407567 for parameter set #822: [0.3353482096645341, 0.7638441865036751, -0.9995]
Running module mass_function_like
Model N: 1877609.5281189457
Done mass_function_like status = 0 

Pipeline ran okay.
Likelihood mass_function_like_m_n = -45.494811557233334
Posterior = -39.37482838955329 for parameter set #822: [0.2894234123590815, 0.8673298311167295, -0.9995]
Running module mass_function_like
Model N: 1887499.9822834614
Done mass_function_like status = 0 

Pipeline ran okay.
Likelihood mass_function_like_m_n = -9.167345460504293
Posterior = -7.36688576907491 for parameter set #823: [0.3312372998413141, 0.7730174537420752, -0.9995]
Running module mass_function_like
Model N: 1891267.2800958008
Done mass_function_like status = 0 

Pipeline ran okay.
Likelihood mass_function_like_m_n = -9.00385357439518
Posterior = -2.890714002252544 for parameter set #823: [0.3106410960541437, 0.8170249855532512, -0.9995]
Running module mass_function_like
Model N: 1890536.4306016844
Done mass_function_like status = 0 

Pipeline ran okay.
Likelihood mass_function_like_m_n = -8.448505975306034
Posterior = -2.257244929040718 for parameter set #823: [0.309879708012334, 0.8185570755031696, -0.9995]
Running module mass_function_like
Model N: 1896418.267749196
Done mass_function_like status = 0 

Pipeline ran okay.
Likelihood mass_function_like_m_n = -20.907618694007397
Posterior = -14.53467143378553 for parameter set #823: [0.2921723957932413, 0.8666374320836511, -0.9995]
Running module mass_function_like
Model N: 1885802.0965708795
Done mass_function_like status = 0 

Pipeline ran okay.
Likelihood mass_function_like_m_n = -11.699875254184008
Posterior = -5.937008158849277 for parameter set #824: [0.2864616315386567, 0.87949826510797, -0.9995]
Model N: 1885881.8196908257
Done mass_function_like status = 0 

Pipeline ran okay.
Likelihood mass_function_like_m_n = -11.546712782233953
Posterior = -5.455907397505987 for parameter set #824: [0.28915104785168416, 0.8713809889282671, -0.9995]
Model N: 1892084.919440191
Done mass_function_like status = 0 

Pipeline ran okay.
Likelihood mass_function_like_m_n = -9.959544729441404
Posterior = -3.3786218109986788 for parameter set #824: [0.29556420740188466, 0.8553973038103243, -0.9995]
Model N: 1890907.8526259542
Done mass_function_like status = 0 

Pipeline ran okay.
Likelihood mass_function_like_m_n = -8.695463377982378
Posterior = -2.187084332249171 for parameter set #824: [0.30584679660287567, 0.8282934121271929, -0.9995]
Running module mass_function_like
Running module mass_function_like
Running module mass_function_like
Running module mass_function_like
Model N: 1883917.6850384984
Done mass_function_like status = 0 

Pipeline ran okay.
Likelihood mass_function_like_m_n = -16.304046362638474
Posterior = -16.681352392176482 for parameter set #825: [0.33756756640467467, 0.7605087733271342, -0.9995]
Running module mass_function_like
Model N: 1885844.378122181
Done mass_function_like status = 0 

Pipeline ran okay.
Likelihood mass_function_like_m_n = -11.618224240839481
Posterior = -6.586956246833901 for parameter set #825: [0.3181550885665954, 0.798706835219974, -0.9995]
Running module mass_function_like
Model N: 1887460.632773497
Done mass_function_like status = 0 

Pipeline ran okay.
Likelihood mass_function_like_m_n = -9.208721615374088
Posterior = -2.6307280734679708 for parameter set #825: [0.29549865228172534, 0.8538627728951265, -0.9995]
Running module mass_function_like
Model N: 1888463.765499069
Done mass_function_like status = 0 

Pipeline ran okay.
Likelihood mass_function_like_m_n = -8.41021340712905
Posterior = -1.733167627005729 for parameter set #825: [0.2993279258691365, 0.843961110348982, -0.9995]
Running module mass_function_like
Model N: 1887976.0440154814
Done mass_function_like status = 0 

Pipeline ran okay.
Likelihood mass_function_like_m_n = -8.731820449233055
Posterior = -2.330868259009435 for parameter set #826: [0.3074612600556016, 0.8234257547140822, -0.9995]
Running module mass_function_like
Model N: 1890155.4156639567
Done mass_function_like status = 0 

Pipeline ran okay.
Likelihood mass_function_like_m_n = -8.270949881523848
Posterior = -1.6740811144376817 for parameter set #826: [0.3040604293177947, 0.8324375877618208, -0.9995]
Running module mass_function_like
Model N: 1888496.3090498657
Done mass_function_like status = 0 

Pipeline ran okay.
Likelihood mass_function_like_m_n = -8.393239866942167
Posterior = -2.061641450782094 for parameter set #826: [0.30833913403358076, 0.8215106989949365, -0.9995]
Running module mass_function_like
Model N: 1889286.8660372219
Done mass_function_like status = 0 

Pipeline ran okay.
Likelihood mass_function_like_m_n = -8.153238255530596
Posterior = -4.606879112784935 for parameter set #826: [0.32503176004824486, 0.7855355430532294, -0.9995]
Running module mass_function_like
Model N: 1882728.7797500181
Done mass_function_like status = 0 

Pipeline ran okay.
Likelihood mass_function_like_m_n = -20.181264281272888
Posterior = -19.083710376510513 for parameter set #827: [0.3334118251328712, 0.7676974819064175, -0.9995]
Running module mass_function_like
Model N: 1890862.965664293
Done mass_function_like status = 0 

Pipeline ran okay.
Likelihood mass_function_like_m_n = -8.661744859069586
Posterior = -2.143644140768737 for parameter set #827: [0.3056780891153512, 0.828689938867954, -0.9995]
Running module mass_function_like
Model N: 1888647.0831011322
Done mass_function_like status = 0 

Pipeline ran okay.
Likelihood mass_function_like_m_n = -8.321922898292542
Posterior = -1.6427494296572132 for parameter set #827: [0.30016169704689377, 0.8418189995200586, -0.9995]
Running module mass_function_like
Model N: 1889764.1560007394
Done mass_function_like status = 0 

Pipeline ran okay.
Likelihood mass_function_like_m_n = -8.168520666658878
Posterior = -2.2991595371255817 for parameter set #827: [0.31272747475956564, 0.8117835338675364, -0.9995]
Running module mass_function_like
