Setting up pipeline from parameter file mf_xt/fit_mass_function_hmf_m_n.ini
---------------------------------------------------------------------------

Setting up module mass_function_like
-------------------------------------
Setting up pipeline from parameter file mf_xt/fit_mass_function_hmf_m_n.ini
---------------------------------------------------------------------------

Setting up module mass_function_like
-------------------------------------
Setting up pipeline from parameter file mf_xt/fit_mass_function_hmf_m_n.ini
---------------------------------------------------------------------------

Setting up module mass_function_like
-------------------------------------
Setting up pipeline from parameter file mf_xt/fit_mass_function_hmf_m_n.ini
---------------------------------------------------------------------------

Setting up module mass_function_like
-------------------------------------
Observed N: 3033260.750231831, sigma_obs: 1741.6258927312233
Setup all pipeline modules

Observed N: 3033260.750231831, sigma_obs: 1741.6258927312233
Setup all pipeline modules

Observed N: 3033260.750231831, sigma_obs: 1741.6258927312233
Setup all pipeline modules

Observed N: 3033260.750231831, sigma_obs: 1741.6258927312233
Setup all pipeline modules


Parameter Priors
----------------
cosmological_parameters--omega_m       ~ N(0.3, 0.01 ** 2)   [0.1 < x < 0.5]
cosmological_parameters--sigma8_input  ~ U(0.6, 1.0)
cosmological_parameters--w             ~ N(-1.0, 0.1 ** 2)   [-1.0 < x < -0.5]
cosmological_parameters--h0            ~ delta(0.7)
cosmological_parameters--omega_b       ~ delta(0.04)
cosmological_parameters--omega_k       ~ delta(0.0)
cosmological_parameters--yhe           ~ delta(0.245341)
cosmological_parameters--tau           ~ delta(0.08)
cosmological_parameters--n_s           ~ delta(0.96)
cosmological_parameters--a_s           ~ delta(2.1e-09)
cosmological_parameters--k_s           ~ delta(0.05)
cosmological_parameters--n_run         ~ delta(0.0)
cosmological_parameters--wa            ~ delta(0.0)

****************************************************
* Running sampler 1/1: emcee
* Running in serial mode.
* Saving output -> mf_xt/output/mf_w_highz.txt
****************************************************
Generating starting positions in small ball around starting point

Parameter Priors
----------------
cosmological_parameters--omega_m       ~ N(0.3, 0.01 ** 2)   [0.1 < x < 0.5]
cosmological_parameters--sigma8_input  ~ U(0.6, 1.0)
cosmological_parameters--w             ~ N(-1.0, 0.1 ** 2)   [-1.0 < x < -0.5]
cosmological_parameters--h0            ~ delta(0.7)
cosmological_parameters--omega_b       ~ delta(0.04)
cosmological_parameters--omega_k       ~ delta(0.0)
cosmological_parameters--yhe           ~ delta(0.245341)
cosmological_parameters--tau           ~ delta(0.08)
cosmological_parameters--n_s           ~ delta(0.96)
cosmological_parameters--a_s           ~ delta(2.1e-09)
cosmological_parameters--k_s           ~ delta(0.05)
cosmological_parameters--n_run         ~ delta(0.0)
cosmological_parameters--wa            ~ delta(0.0)

****************************************************
* Running sampler 1/1: emcee
* Running in serial mode.
* Saving output -> mf_xt/output/mf_w_highz.txt
****************************************************
Generating starting positions in small ball around starting point

Parameter Priors
----------------
cosmological_parameters--omega_m       ~ N(0.3, 0.01 ** 2)   [0.1 < x < 0.5]
cosmological_parameters--sigma8_input  ~ U(0.6, 1.0)
cosmological_parameters--w             ~ N(-1.0, 0.1 ** 2)   [-1.0 < x < -0.5]
cosmological_parameters--h0            ~ delta(0.7)
cosmological_parameters--omega_b       ~ delta(0.04)
cosmological_parameters--omega_k       ~ delta(0.0)
cosmological_parameters--yhe           ~ delta(0.245341)
cosmological_parameters--tau           ~ delta(0.08)
cosmological_parameters--n_s           ~ delta(0.96)
cosmological_parameters--a_s           ~ delta(2.1e-09)
cosmological_parameters--k_s           ~ delta(0.05)
cosmological_parameters--n_run         ~ delta(0.0)
cosmological_parameters--wa            ~ delta(0.0)

****************************************************
* Running sampler 1/1: emcee
* Running in serial mode.
* Saving output -> mf_xt/output/mf_w_highz.txt
****************************************************
Generating starting positions in small ball around starting point

Parameter Priors
----------------
cosmological_parameters--omega_m       ~ N(0.3, 0.01 ** 2)   [0.1 < x < 0.5]
cosmological_parameters--sigma8_input  ~ U(0.6, 1.0)
cosmological_parameters--w             ~ N(-1.0, 0.1 ** 2)   [-1.0 < x < -0.5]
cosmological_parameters--h0            ~ delta(0.7)
cosmological_parameters--omega_b       ~ delta(0.04)
cosmological_parameters--omega_k       ~ delta(0.0)
cosmological_parameters--yhe           ~ delta(0.245341)
cosmological_parameters--tau           ~ delta(0.08)
cosmological_parameters--n_s           ~ delta(0.96)
cosmological_parameters--a_s           ~ delta(2.1e-09)
cosmological_parameters--k_s           ~ delta(0.05)
cosmological_parameters--n_run         ~ delta(0.0)
cosmological_parameters--wa            ~ delta(0.0)

****************************************************
* Running sampler 1/1: emcee
* Running in serial mode.
* Saving output -> mf_xt/output/mf_w_highz.txt
****************************************************
Generating starting positions in small ball around starting point
Begun sampling
Begun sampling
Begun sampling
Begun sampling
Running module mass_function_like
Running module mass_function_like
Running module mass_function_like
Running module mass_function_like
Model N: 2849188.8490121034
Done mass_function_like status = 0 

Pipeline ran okay.
Likelihood mass_function_like_m_n = -5830.31722523272
Posterior = -5823.640214341822 for parameter set #1: [0.2993227544888628, 0.8004710104363596, -0.9995]
Running module mass_function_like
Model N: 2850906.924770179
Done mass_function_like status = 0 

Pipeline ran okay.
Likelihood mass_function_like_m_n = -5719.872005179524
Posterior = -5713.193568242199 for parameter set #1: [0.29958352407395633, 0.8003779874221805, -0.9995]
Running module mass_function_like
Model N: 2853009.8557328857
Done mass_function_like status = 0 

Pipeline ran okay.
Likelihood mass_function_like_m_n = -5586.1859170645475
Posterior = -5579.508585783858 for parameter set #1: [0.30062815883658756, 0.7995076488522774, -0.9995]
Running module mass_function_like
Model N: 2854442.871173088
Done mass_function_like status = 0 

Pipeline ran okay.
Likelihood mass_function_like_m_n = -5496.031513735652
Posterior = -5489.354189329401 for parameter set #1: [0.3006292522640928, 0.7996504720916344, -0.9995]
Running module mass_function_like
Model N: 2853216.3275204524
Done mass_function_like status = 0 

Pipeline ran okay.
Likelihood mass_function_like_m_n = -5573.14911840111
Posterior = -5566.46985371203 for parameter set #2: [0.3000888923283057, 0.8000763277538161, -0.9995]
Running module mass_function_like
Model N: 2854681.5773335565
Done mass_function_like status = 0 

Pipeline ran okay.
Likelihood mass_function_like_m_n = -5481.088241972029
Posterior = -5474.409822193375 for parameter set #2: [0.3004205757139249, 0.7998864920771679, -0.9995]
Running module mass_function_like
Model N: 2840049.0896625365
Done mass_function_like status = 0 

Pipeline ran okay.
Likelihood mass_function_like_m_n = -6436.4323611706495
Posterior = -6429.753486339738 for parameter set #2: [0.29970695822882026, 0.7991589164610033, -0.9995]
Running module mass_function_like
Model N: 2848205.204494004
Done mass_function_like status = 0 

Pipeline ran okay.
Likelihood mass_function_like_m_n = -5894.046491086483
Posterior = -5887.367188946311 for parameter set #2: [0.2999797113917714, 0.799683239033529, -0.9995]
Running module mass_function_like
Model N: 2849151.176100882
Done mass_function_like status = 0 

Pipeline ran okay.
Likelihood mass_function_like_m_n = -5832.7513528466225
Posterior = -5826.072050983861 for parameter set #3: [0.29997838727640214, 0.799779815205748, -0.9995]
Running module mass_function_like
Model N: 2856930.011728817
Done mass_function_like status = 0 

Pipeline ran okay.
Likelihood mass_function_like_m_n = -5341.374000668526
Posterior = -5334.694813189158 for parameter set #3: [0.300152786741984, 0.8003850879084919, -0.9995]
Running module mass_function_like
Model N: 2855169.9650997478
Done mass_function_like status = 0 

Pipeline ran okay.
Likelihood mass_function_like_m_n = -5450.580707065761
Posterior = -5443.902039578922 for parameter set #3: [0.30035685052078587, 0.8000004567250367, -0.9995]
Running module mass_function_like
Model N: 2843910.7580625466
Done mass_function_like status = 0 

Pipeline ran okay.
Likelihood mass_function_like_m_n = -6176.519937701523
Posterior = -6169.840883203313 for parameter set #3: [0.2997765273617791, 0.7994574830504145, -0.9995]
Running module mass_function_like
Model N: 2847736.3645319
Done mass_function_like status = 0 

Pipeline ran okay.
Likelihood mass_function_like_m_n = -5924.549423657358
Posterior = -5917.870169932745 for parameter set #4: [0.3001004725806343, 0.7995132309182096, -0.9995]
Running module mass_function_like
Model N: 2852844.8025593115
Done mass_function_like status = 0 

Pipeline ran okay.
Likelihood mass_function_like_m_n = -5596.618935979903
Posterior = -5589.939819271768 for parameter set #4: [0.2998063559058659, 0.8003266797221902, -0.9995]
Running module mass_function_like
Model N: 2855197.040697946
Done mass_function_like status = 0 

Pipeline ran okay.
Likelihood mass_function_like_m_n = -5448.892004832625
Posterior = -5442.213885495531 for parameter set #4: [0.3004867979489537, 0.7998710155236046, -0.9995]
Running module mass_function_like
Model N: 2857673.3487208467
Done mass_function_like status = 0 

Pipeline ran okay.
Likelihood mass_function_like_m_n = -5295.597565829754
Posterior = -5288.919035064638 for parameter set #4: [0.3003933022231431, 0.8002150954446869, -0.9995]
Running module mass_function_like
Model N: 2848068.1276814938
Done mass_function_like status = 0 

Pipeline ran okay.
Likelihood mass_function_like_m_n = -5902.956264972687
Posterior = -5896.277152898717 for parameter set #5: [0.30019602262140677, 0.7994495281083812, -0.9995]
Running module mass_function_like
Model N: 2859380.7693120753
Done mass_function_like status = 0 

Pipeline ran okay.
Likelihood mass_function_like_m_n = -5191.227561049163
Posterior = -5184.549870942298 for parameter set #5: [0.3005681710033011, 0.8002089818830598, -0.9995]
Running module mass_function_like
Model N: 2850431.0190153355
Done mass_function_like status = 0 

Pipeline ran okay.
Likelihood mass_function_like_m_n = -5750.354885220528
Posterior = -5743.67667509538 for parameter set #5: [0.300467776263422, 0.7994113227259172, -0.9995]
Running module mass_function_like
Model N: 2856845.1750187296
Done mass_function_like status = 0 

Pipeline ran okay.
Likelihood mass_function_like_m_n = -5346.611497454345
Posterior = -5339.932723533188 for parameter set #5: [0.30032566152782675, 0.800200676513328, -0.9995]
Running module mass_function_like
Model N: 2862175.298654198
Done mass_function_like status = 0 

Pipeline ran okay.
Likelihood mass_function_like_m_n = -5022.738647244871
Posterior = -5016.060682007856 for parameter set #6: [0.3005174864819732, 0.8005415270009375, -0.9995]
Running module mass_function_like
Model N: 2853906.0310301436
Done mass_function_like status = 0 

Pipeline ran okay.
Likelihood mass_function_like_m_n = -5529.715808421373
Posterior = -5523.038240688888 for parameter set #6: [0.3005893158448696, 0.7996371269734405, -0.9995]
Running module mass_function_like
Model N: 2854100.4088011268
Done mass_function_like status = 0 

Pipeline ran okay.
Likelihood mass_function_like_m_n = -5517.507087804377
Posterior = -5510.828157469737 for parameter set #6: [0.30027344603483885, 0.7999774664417839, -0.9995]
Running module mass_function_like
Model N: 2855020.0259492365
Done mass_function_like status = 0 

Pipeline ran okay.
Likelihood mass_function_like_m_n = -5459.937334254384
Posterior = -5453.259537650442 for parameter set #6: [0.30054910734254225, 0.7997899073862135, -0.9995]
Running module mass_function_like
Model N: 2859230.9243054045
Done mass_function_like status = 0 

Pipeline ran okay.
Likelihood mass_function_like_m_n = -5200.343868494034
Posterior = -5193.66707112227 for parameter set #7: [0.3007080715424525, 0.80005178273804, -0.9995]
Running module mass_function_like
Model N: 2863181.3510584836
Done mass_function_like status = 0 

Pipeline ran okay.
Likelihood mass_function_like_m_n = -4962.789493896067
Posterior = -4956.1105503763265 for parameter set #7: [0.30026858092615794, 0.80089624323858, -0.9995]
Running module mass_function_like
Model N: 2858103.9842762537
Done mass_function_like status = 0 

Pipeline ran okay.
Likelihood mass_function_like_m_n = -5269.171916157007
Posterior = -5262.49419309606 for parameter set #7: [0.3005623410643288, 0.8000864158989469, -0.9995]
Running module mass_function_like
Model N: 2859748.014024727
Done mass_function_like status = 0 

Pipeline ran okay.
Likelihood mass_function_like_m_n = -5168.920260421932
Posterior = -5162.24096683337 for parameter set #7: [0.30004606462591366, 0.8007774436812309, -0.9995]
Running module mass_function_like
Model N: 2851512.5561739877
Done mass_function_like status = 0 

Pipeline ran okay.
Likelihood mass_function_like_m_n = -5681.202115267515
Posterior = -5674.524232414396 for parameter set #8: [0.29946683113551975, 0.8005582406746019, -0.9995]
Running module mass_function_like
Model N: 2851405.0502396924
Done mass_function_like status = 0 

Pipeline ran okay.
Likelihood mass_function_like_m_n = -5688.056436657906
Posterior = -5681.377489592874 for parameter set #8: [0.3002672576576364, 0.7997126572180935, -0.9995]
Running module mass_function_like
Model N: 2852478.413644325
Done mass_function_like status = 0 

Pipeline ran okay.
Likelihood mass_function_like_m_n = -5619.814682930708
Posterior = -5613.136385833295 for parameter set #8: [0.2995512014043793, 0.8005693369233842, -0.9995]
Running module mass_function_like
Model N: 2858400.2634522975
Done mass_function_like status = 0 

Pipeline ran okay.
Likelihood mass_function_like_m_n = -5251.0309390202165
Posterior = -5244.35256715787 for parameter set #8: [0.30043181847190753, 0.8002490461192631, -0.9995]
Running module mass_function_like
Model N: 2848162.8366110115
Done mass_function_like status = 0 

Pipeline ran okay.
Likelihood mass_function_like_m_n = -5896.799585603178
Posterior = -5890.124503632071 for parameter set #9: [0.29908106287446334, 0.8006143071843973, -0.9995]
Running module mass_function_like
Model N: 2850362.8068588497
Done mass_function_like status = 0 

Pipeline ran okay.
Likelihood mass_function_like_m_n = -5754.730961307883
Posterior = -5748.052072602616 for parameter set #9: [0.3002882682928374, 0.7995865553883239, -0.9995]
Running module mass_function_like
Model N: 2834775.5625005797
Done mass_function_like status = 0 

Pipeline ran okay.
Likelihood mass_function_like_m_n = -6800.4322975203395
Posterior = -6793.754154595221 for parameter set #9: [0.2995180719573472, 0.7988201003755351, -0.9995]
Running module mass_function_like
Model N: 2844098.5873192134
Done mass_function_like status = 0 

Pipeline ran okay.
Likelihood mass_function_like_m_n = -6164.020705245435
Posterior = -6157.342829901546 for parameter set #9: [0.29946542457586467, 0.7998124850665718, -0.9995]
Running module mass_function_like
Model N: 2851687.177034447
Done mass_function_like status = 0 

Pipeline ran okay.
Likelihood mass_function_like_m_n = -5670.077895507216
Posterior = -5663.398946879709 for parameter set #10: [0.2997333276158045, 0.8003040588944506, -0.9995]
Running module mass_function_like
Model N: 2860359.714374276
Done mass_function_like status = 0 

Pipeline ran okay.
Likelihood mass_function_like_m_n = -5131.875198468566
Posterior = -5125.1959510893585 for parameter set #10: [0.3001066012219536, 0.800777411171795, -0.9995]
Running module mass_function_like
Model N: 2850112.9496330475
Done mass_function_like status = 0 

Pipeline ran okay.
Likelihood mass_function_like_m_n = -5770.775113366544
Posterior = -5764.096624883559 for parameter set #10: [0.2995960902761986, 0.800285267694053, -0.9995]
Running module mass_function_like
Model N: 2847704.7345243064
Done mass_function_like status = 0 

Pipeline ran okay.
Likelihood mass_function_like_m_n = -5926.610245905817
Posterior = -5919.931037431641 for parameter set #10: [0.2998616351673903, 0.7997528872716995, -0.9995]
Running module mass_function_like
Model N: 2852600.905280284
Done mass_function_like status = 0 

Pipeline ran okay.
Likelihood mass_function_like_m_n = -5612.054281547666
Posterior = -5605.375340401776 for parameter set #11: [0.29973053667372423, 0.8003989246614064, -0.9995]
Running module mass_function_like
Model N: 2851642.8684168705
Done mass_function_like status = 0 

Pipeline ran okay.
Likelihood mass_function_like_m_n = -5672.899498552084
Posterior = -5666.220226721628 for parameter set #11: [0.30008045850386944, 0.7999265458723778, -0.9995]
Running module mass_function_like
Model N: 2851845.4230309757
Done mass_function_like status = 0 

Pipeline ran okay.
Likelihood mass_function_like_m_n = -5660.006660073996
Posterior = -5653.327904413764 for parameter set #11: [0.30033122139995017, 0.7996921162856082, -0.9995]
Running module mass_function_like
Model N: 2852806.9729950507
Done mass_function_like status = 0 

Pipeline ran okay.
Likelihood mass_function_like_m_n = -5599.011574707925
Posterior = -5592.332270523917 for parameter set #11: [0.2999983087332258, 0.8001274512925228, -0.9995]
Running module mass_function_like
Model N: 2851161.7882013978
Done mass_function_like status = 0 

Pipeline ran okay.
Likelihood mass_function_like_m_n = -5703.582160048187
Posterior = -5696.903365245611 for parameter set #12: [0.3003191851294491, 0.7996356317305321, -0.9995]
Running module mass_function_like
Model N: 2847446.6666337117
Done mass_function_like status = 0 

Pipeline ran okay.
Likelihood mass_function_like_m_n = -5943.438389956951
Posterior = -5936.759510212207 for parameter set #12: [0.2997086398909744, 0.7999021329467476, -0.9995]
Running module mass_function_like
Model N: 2841379.0112440013
Done mass_function_like status = 0 

Pipeline ran okay.
Likelihood mass_function_like_m_n = -6346.288681522012
Posterior = -6339.609909406236 for parameter set #12: [0.29967378456985794, 0.7993265380768124, -0.9995]
Running module mass_function_like
Model N: 2852894.051084693
Done mass_function_like status = 0 

Pipeline ran okay.
Likelihood mass_function_like_m_n = -5593.5048716291785
Posterior = -5586.826298532896 for parameter set #12: [0.3003823877684358, 0.7997457154358735, -0.9995]
Running module mass_function_like
Model N: 2865543.1691437503
Done mass_function_like status = 0 

Pipeline ran okay.
Likelihood mass_function_like_m_n = -4823.523413658142
Posterior = -4816.847162677453 for parameter set #13: [0.3007814368331033, 0.800611574224595, -0.9995]
Running module mass_function_like
Model N: 2849819.381406412
Done mass_function_like status = 0 

Pipeline ran okay.
Likelihood mass_function_like_m_n = -5789.6558779627085
Posterior = -5782.976574876653 for parameter set #13: [0.29998508521012274, 0.7998403260077772, -0.9995]
Running module mass_function_like
Model N: 2858931.5115286056
Done mass_function_like status = 0 

Pipeline ran okay.
Likelihood mass_function_like_m_n = -5218.584572091699
Posterior = -5211.908330863404 for parameter set #13: [0.3007826838462736, 0.7999459377169523, -0.9995]
Running module mass_function_like
Model N: 2851023.092464974
Done mass_function_like status = 0 

Pipeline ran okay.
Likelihood mass_function_like_m_n = -5712.444027259946
Posterior = -5705.764731509298 for parameter set #13: [0.30004110392331673, 0.799904341254903, -0.9995]
Running module mass_function_like
Model N: 2852482.882728505
Done mass_function_like status = 0 

Pipeline ran okay.
Likelihood mass_function_like_m_n = -5619.531447835267
Posterior = -5612.852953548704 for parameter set #14: [0.30040247030879264, 0.7996837799825602, -0.9995]
Running module mass_function_like
Model N: 2844393.387818433
Done mass_function_like status = 0 

Pipeline ran okay.
Likelihood mass_function_like_m_n = -6144.429670907557
Posterior = -6137.751109354758 for parameter set #14: [0.29961460526437256, 0.7996901515202003, -0.9995]
Running module mass_function_like
Model N: 2852940.0794745884
Done mass_function_like status = 0 

Pipeline ran okay.
Likelihood mass_function_like_m_n = -5590.595238886774
Posterior = -5583.915950755567 for parameter set #14: [0.30005668704191657, 0.8000815024326018, -0.9995]
Running module mass_function_like
Model N: 2846555.050753429
Done mass_function_like status = 0 

Pipeline ran okay.
Likelihood mass_function_like_m_n = -6001.770835287869
Posterior = -5995.091538853809 for parameter set #14: [0.3000394062178926, 0.7994564497504558, -0.9995]
Running module mass_function_like
Model N: 2851905.341026195
Done mass_function_like status = 0 

Pipeline ran okay.
Likelihood mass_function_like_m_n = -5656.195742301643
Posterior = -5649.5175230229315 for parameter set #15: [0.300465815327977, 0.7995613434580762, -0.9995]
Running module mass_function_like
Model N: 2865103.9872143148
Done mass_function_like status = 0 

Pipeline ran okay.
Likelihood mass_function_like_m_n = -4849.263991124928
Posterior = -4842.587469939163 for parameter set #15: [0.3007460579797459, 0.8006035860609674, -0.9995]
Running module mass_function_like
Model N: 2853309.0868434035
Done mass_function_like status = 0 

Pipeline ran okay.
Likelihood mass_function_like_m_n = -5567.297389514744
Posterior = -5560.618346785898 for parameter set #15: [0.3002286785797584, 0.7999435018461005, -0.9995]
Running module mass_function_like
Model N: 2852449.727694753
Done mass_function_like status = 0 

Pipeline ran okay.
Likelihood mass_function_like_m_n = -5621.63287641108
Posterior = -5614.95359111653 for parameter set #15: [0.3000614878207718, 0.8000271287957561, -0.9995]
Running module mass_function_like
Model N: 2852913.231387255
Done mass_function_like status = 0 

Pipeline ran okay.
Likelihood mass_function_like_m_n = -5592.292314492166
Posterior = -5585.613325619109 for parameter set #16: [0.3002511275585297, 0.7998807491700703, -0.9995]
Running module mass_function_like
Model N: 2851579.300053292
Done mass_function_like status = 0 

Pipeline ran okay.
Likelihood mass_function_like_m_n = -5676.948854357004
Posterior = -5670.269751587854 for parameter set #16: [0.2997992866917456, 0.8002063339936107, -0.9995]
Running module mass_function_like
Model N: 2853622.6990715694
Done mass_function_like status = 0 

Pipeline ran okay.
Likelihood mass_function_like_m_n = -5547.536878190935
Posterior = -5540.859212276981 for parameter set #16: [0.30057241319991934, 0.7996257388869636, -0.9995]
Running module mass_function_like
Model N: 2851762.95314404
Done mass_function_like status = 0 

Pipeline ran okay.
Likelihood mass_function_like_m_n = -5665.25411811471
Posterior = -5658.576285598714 for parameter set #16: [0.30054252784524904, 0.7994692951272111, -0.9995]
Running module mass_function_like
Model N: 2843562.76921916
Done mass_function_like status = 0 

Pipeline ran okay.
Likelihood mass_function_like_m_n = -6199.712070658803
Posterior = -6193.033905881983 for parameter set #17: [0.2995226277155941, 0.7997003745678339, -0.9995]
Running module mass_function_like
Model N: 2855623.878240644
Done mass_function_like status = 0 

Pipeline ran okay.
Likelihood mass_function_like_m_n = -5422.306233301759
Posterior = -5415.627172334928 for parameter set #17: [0.3002205590530038, 0.8001845122758262, -0.9995]
Running module mass_function_like
Model N: 2855233.4175366457
Done mass_function_like status = 0 

Pipeline ran okay.
Likelihood mass_function_like_m_n = -5446.623614616692
Posterior = -5439.945523415184 for parameter set #17: [0.3004925437649859, 0.799868916070853, -0.9995]
Running module mass_function_like
Model N: 2848358.0159434252
Done mass_function_like status = 0 

Pipeline ran okay.
Likelihood mass_function_like_m_n = -5884.12227267772
Posterior = -5877.442973050875 for parameter set #17: [0.29996976272227605, 0.7997087938145957, -0.9995]
Running module mass_function_like
Model N: 2852650.1557856062
Done mass_function_like status = 0 

Pipeline ran okay.
Likelihood mass_function_like_m_n = -5608.935614876449
Posterior = -5602.2567820944705 for parameter set #18: [0.3003070558033485, 0.7997973663006989, -0.9995]
Running module mass_function_like
Model N: 2852785.076910804
Done mass_function_like status = 0 

Pipeline ran okay.
Likelihood mass_function_like_m_n = -5600.396698720753
Posterior = -5593.7174977249915 for parameter set #18: [0.2998563319459596, 0.8002695945971641, -0.9995]
Running module mass_function_like
Model N: 2845672.6414210275
Done mass_function_like status = 0 

Pipeline ran okay.
Likelihood mass_function_like_m_n = -6059.793959282339
Posterior = -6053.120476811656 for parameter set #18: [0.2989209515648438, 0.8005266551368967, -0.9995]
Running module mass_function_like
Model N: 2848271.583074769
Done mass_function_like status = 0 

Pipeline ran okay.
Likelihood mass_function_like_m_n = -5889.73451423645
Posterior = -5883.0553170882 for parameter set #18: [0.3001463216049175, 0.799520442061407, -0.9995]
Running module mass_function_like
Model N: 2856481.945419088
Done mass_function_like status = 0 

Pipeline ran okay.
Likelihood mass_function_like_m_n = -5369.0661609098315
Posterior = -5362.386929489218 for parameter set #19: [0.30012064633998536, 0.8003727836219239, -0.9995]
Running module mass_function_like
Model N: 2848944.6692824
Done mass_function_like status = 0 

Pipeline ran okay.
Likelihood mass_function_like_m_n = -5846.103622734547
Posterior = -5839.424804082317 for parameter set #19: [0.29968837648345714, 0.8000735452248408, -0.9995]
Running module mass_function_like
Model N: 2840971.6350629716
Done mass_function_like status = 0 

Pipeline ran okay.
Likelihood mass_function_like_m_n = -6373.830498792231
Posterior = -6367.152739852383 for parameter set #19: [0.29944407582134336, 0.7995192877022577, -0.9995]
Running module mass_function_like
Model N: 2848611.395856756
Done mass_function_like status = 0 

Pipeline ran okay.
Likelihood mass_function_like_m_n = -5867.6859541758895
Posterior = -5861.006650526219 for parameter set #19: [0.29998952488922837, 0.7997140941983402, -0.9995]
Running module mass_function_like
Model N: 2849386.7703799736
Done mass_function_like status = 0 

Pipeline ran okay.
Likelihood mass_function_like_m_n = -5817.537812210619
Posterior = -5810.858509423091 for parameter set #20: [0.30001679751337607, 0.7997643595832805, -0.9995]
Running module mass_function_like
Model N: 2850305.5570672145
Done mass_function_like status = 0 

Pipeline ran okay.
Likelihood mass_function_like_m_n = -5758.40509968251
Posterior = -5751.72617459585 for parameter set #20: [0.3002753585482658, 0.7995938726133139, -0.9995]
Running module mass_function_like
Model N: 2845820.519916872
Done mass_function_like status = 0 

Pipeline ran okay.
Likelihood mass_function_like_m_n = -6050.049820229411
Posterior = -6043.371010633775 for parameter set #20: [0.29968548364943093, 0.7997619344365776, -0.9995]
Running module mass_function_like
Model N: 2848040.344276741
Done mass_function_like status = 0 

Pipeline ran okay.
Likelihood mass_function_like_m_n = -5904.76299829036
Posterior = -5898.083697419038 for parameter set #20: [0.29997420469873537, 0.7996722685342346, -0.9995]
Running module mass_function_like
Model N: 2854467.923017777
Done mass_function_like status = 0 

Pipeline ran okay.
Likelihood mass_function_like_m_n = -5494.462244093418
Posterior = -5487.783323705483 for parameter set #21: [0.29972294030420876, 0.8005949392125041, -0.9995]
Running module mass_function_like
Model N: 2850730.9923205115
Done mass_function_like status = 0 

Pipeline ran okay.
Likelihood mass_function_like_m_n = -5731.131041944027
Posterior = -5724.451937783956 for parameter set #21: [0.2997999808811915, 0.8001202782117791, -0.9995]
Running module mass_function_like
Model N: 2848898.593647733
Done mass_function_like status = 0 

Pipeline ran okay.
Likelihood mass_function_like_m_n = -5849.084944970906
Posterior = -5842.405644094795 for parameter set #21: [0.2999742232685988, 0.7997586268828655, -0.9995]
Running module mass_function_like
Model N: 2855884.7676439853
Done mass_function_like status = 0 

Pipeline ran okay.
Likelihood mass_function_like_m_n = -5406.089988358319
Posterior = -5399.413896989259 for parameter set #21: [0.3008016020521693, 0.799620655182089, -0.9995]
Running module mass_function_like
Model N: 2849418.853479002
Done mass_function_like status = 0 

Pipeline ran okay.
Likelihood mass_function_like_m_n = -5815.467644937336
Posterior = -5808.788414883618 for parameter set #22: [0.30012177404632145, 0.7996608171537064, -0.9995]
Running module mass_function_like
Model N: 2856367.737969692
Done mass_function_like status = 0 

Pipeline ran okay.
Likelihood mass_function_like_m_n = -5376.136540055275
Posterior = -5369.459814392474 for parameter set #22: [0.30071812749698645, 0.7997538608723007, -0.9995]
Running module mass_function_like
Model N: 2844974.1116455877
Done mass_function_like status = 0 

Pipeline ran okay.
Likelihood mass_function_like_m_n = -6105.932840242982
Posterior = -6099.25359941435 for parameter set #22: [0.2998874214248115, 0.799451609698013, -0.9995]
Running module mass_function_like
Model N: 2860294.669598368
Done mass_function_like status = 0 

Pipeline ran okay.
Likelihood mass_function_like_m_n = -5135.807769834995
Posterior = -5129.130854943022 for parameter set #22: [0.3006912751026303, 0.8001755930817507, -0.9995]
Running module mass_function_like
Model N: 2853082.3173458497
Done mass_function_like status = 0 

Pipeline ran okay.
Likelihood mass_function_like_m_n = -5581.608821943402
Posterior = -5574.929700124872 for parameter set #23: [0.30019098679573863, 0.7999589902782787, -0.9995]
Running module mass_function_like
Model N: 2857119.0320343096
Done mass_function_like status = 0 

Pipeline ran okay.
Likelihood mass_function_like_m_n = -5329.714222155511
Posterior = -5323.034920034116 for parameter set #23: [0.29997961905427856, 0.8005805868270988, -0.9995]
Running module mass_function_like
Model N: 2845138.2160577686
Done mass_function_like status = 0 

Pipeline ran okay.
Likelihood mass_function_like_m_n = -6095.077081210911
Posterior = -6088.398096943603 for parameter set #23: [0.29974704506237004, 0.799630552267079, -0.9995]
Running module mass_function_like
Model N: 2852897.1283224956
Done mass_function_like status = 0 

Pipeline ran okay.
Likelihood mass_function_like_m_n = -5593.3103228881955
Posterior = -5586.631101380024 for parameter set #23: [0.3001286002635335, 0.8000038795143561, -0.9995]
Running module mass_function_like
Model N: 2843586.4452115786
Done mass_function_like status = 0 

Pipeline ran okay.
Likelihood mass_function_like_m_n = -6198.132715716958
Posterior = -6191.454178858926 for parameter set #24: [0.29960825000873403, 0.7996154809880063, -0.9995]
Running module mass_function_like
Model N: 2863883.3020544047
Done mass_function_like status = 0 

Pipeline ran okay.
Likelihood mass_function_like_m_n = -4921.183111146092
Posterior = -4914.504386361679 for parameter set #24: [0.30034041559815666, 0.8008937603466322, -0.9995]
Running module mass_function_like
Model N: 2855106.398607654
Done mass_function_like status = 0 

Pipeline ran okay.
Likelihood mass_function_like_m_n = -5454.546414501965
Posterior = -5447.867111846126 for parameter set #24: [0.3000175640024071, 0.8003391601101643, -0.9995]
Running module mass_function_like
Model N: 2855215.3814146505
Done mass_function_like status = 0 

Pipeline ran okay.
Likelihood mass_function_like_m_n = -5447.748251207173
Posterior = -5441.06938322187 for parameter set #24: [0.3002953685860382, 0.8000673529692262, -0.9995]
Running module mass_function_like
Model N: 2865123.325765217
Done mass_function_like status = 0 

Pipeline ran okay.
Likelihood mass_function_like_m_n = -4848.129053272307
Posterior = -4841.452312702936 for parameter set #25: [0.30071604873292845, 0.8006360749345759, -0.9995]
Running module mass_function_like
Model N: 2855480.1535403756
Done mass_function_like status = 0 

Pipeline ran okay.
Likelihood mass_function_like_m_n = -5431.250623188913
Posterior = -5424.571953415118 for parameter set #25: [0.30035620907206295, 0.8000321762217303, -0.9995]
Running module mass_function_like
Model N: 2858192.0623457297
Done mass_function_like status = 0 

Pipeline ran okay.
Likelihood mass_function_like_m_n = -5263.775550104678
Posterior = -5257.097274996331 for parameter set #25: [0.3004536716794981, 0.8002059144664059, -0.9995]
Running module mass_function_like
Model N: 2854833.505370819
Done mass_function_like status = 0 

Pipeline ran okay.
Likelihood mass_function_like_m_n = -5471.588422872126
Posterior = -5464.909661122285 for parameter set #25: [0.3003293777371998, 0.7999945007654912, -0.9995]
Running module mass_function_like
Model N: 2859322.415672053
Done mass_function_like status = 0 

Pipeline ran okay.
Likelihood mass_function_like_m_n = -5194.776703804731
Posterior = -5188.098070189564 for parameter set #26: [0.3003662193723482, 0.8004085182891467, -0.9995]
Running module mass_function_like
Model N: 2863844.775660631
Done mass_function_like status = 0 

Pipeline ran okay.
Likelihood mass_function_like_m_n = -4923.461939312518
Posterior = -4916.784675825708 for parameter set #26: [0.3006388601569904, 0.8005858684745678, -0.9995]
Running module mass_function_like
Model N: 2844054.043266125
Done mass_function_like status = 0 

Pipeline ran okay.
Likelihood mass_function_like_m_n = -6166.983724415302
Posterior = -6160.304964886058 for parameter set #26: [0.299669948771788, 0.7995997160209642, -0.9995]
Running module mass_function_like
Model N: 2852124.9118013843
Done mass_function_like status = 0 

Pipeline ran okay.
Likelihood mass_function_like_m_n = -5642.241995379329
Posterior = -5635.56438852728 for parameter set #26: [0.30058263989934064, 0.7994649740188007, -0.9995]
Running module mass_function_like
Model N: 2848094.8530565393
Done mass_function_like status = 0 

Pipeline ran okay.
Likelihood mass_function_like_m_n = -5901.218606881797
Posterior = -5894.539305187442 for parameter set #27: [0.3000223783599474, 0.7996285667265658, -0.9995]
Running module mass_function_like
Model N: 2844328.431131753
Done mass_function_like status = 0 

Pipeline ran okay.
Likelihood mass_function_like_m_n = -6148.743583373725
Posterior = -6142.064355104136 for parameter set #27: [0.2998767695488218, 0.7993975474194519, -0.9995]
Running module mass_function_like
Model N: 2847063.002954737
Done mass_function_like status = 0 

Pipeline ran okay.
Likelihood mass_function_like_m_n = -5968.502465896308
Posterior = -5961.824979676626 for parameter set #27: [0.2993970110071579, 0.8001810709065416, -0.9995]
Running module mass_function_like
Model N: 2855654.0857097283
Done mass_function_like status = 0 

Pipeline ran okay.
Likelihood mass_function_like_m_n = -5420.42731525749
Posterior = -5413.750215742712 for parameter set #27: [0.2993359693483202, 0.8011095121331259, -0.9995]
Running module mass_function_like
Model N: 2859817.683616679
Done mass_function_like status = 0 

Pipeline ran okay.
Likelihood mass_function_like_m_n = -5164.694012254477
Posterior = -5158.015592893175 for parameter set #28: [0.30042067493593105, 0.800403011251321, -0.9995]
Running module mass_function_like
Model N: 2850927.528570808
Done mass_function_like status = 0 

Pipeline ran okay.
Likelihood mass_function_like_m_n = -5718.55419254303
Posterior = -5711.875427773749 for parameter set #28: [0.2996715402523866, 0.800290448669004, -0.9995]
Running module mass_function_like
Model N: 2849287.0424198434
Done mass_function_like status = 0 

Pipeline ran okay.
Likelihood mass_function_like_m_n = -5823.975230924785
Posterior = -5817.296206973411 for parameter set #28: [0.30023674751783325, 0.7995307098384853, -0.9995]
Running module mass_function_like
Model N: 2844631.4618451097
Done mass_function_like status = 0 

Pipeline ran okay.
Likelihood mass_function_like_m_n = -6128.6321889311075
Posterior = -6121.95288662544 for parameter set #28: [0.2999805441881332, 0.7993227393177831, -0.9995]
Running module mass_function_like
Model N: 2842433.489149728
Done mass_function_like status = 0 

Pipeline ran okay.
Likelihood mass_function_like_m_n = -6275.287256859243
Posterior = -6268.607972525949 for parameter set #29: [0.299936968237232, 0.7991459899589266, -0.9995]
Running module mass_function_like
Model N: 2847253.1089807036
Done mass_function_like status = 0 

Pipeline ran okay.
Likelihood mass_function_like_m_n = -5956.076288416982
Posterior = -5949.397180852819 for parameter set #29: [0.29980169006734425, 0.799768346540541, -0.9995]
Running module mass_function_like
Model N: 2853583.086276592
Done mass_function_like status = 0 

Pipeline ran okay.
Likelihood mass_function_like_m_n = -5550.030834086239
Posterior = -5543.351596563866 for parameter set #29: [0.30011547808181455, 0.8000861211885802, -0.9995]
Running module mass_function_like
Model N: 2850672.798894738
Done mass_function_like status = 0 

Pipeline ran okay.
Likelihood mass_function_like_m_n = -5734.857752092183
Posterior = -5728.178844031286 for parameter set #29: [0.2997185262310673, 0.8002168190135396, -0.9995]
Running module mass_function_like
Model N: 2856949.8630430796
Done mass_function_like status = 0 

Pipeline ran okay.
Likelihood mass_function_like_m_n = -5340.148841969669
Posterior = -5333.469945807317 for parameter set #30: [0.3002856697250754, 0.8002517042714627, -0.9995]
Running module mass_function_like
Model N: 2850092.68130586
Done mass_function_like status = 0 

Pipeline ran okay.
Likelihood mass_function_like_m_n = -5772.077631294727
Posterior = -5765.398352225202 for parameter set #30: [0.3000708925729565, 0.7997804258483239, -0.9995]
Running module mass_function_like
Model N: 2849232.291654388
Done mass_function_like status = 0 

Pipeline ran okay.
Likelihood mass_function_like_m_n = -5827.510961249471
Posterior = -5820.832639394419 for parameter set #30: [0.2995567521555387, 0.8002365917027408, -0.9995]
Running module mass_function_like
Model N: 2846543.431960912
Done mass_function_like status = 0 

Pipeline ran okay.
Likelihood mass_function_like_m_n = -6002.532938800752
Posterior = -5995.853979948896 for parameter set #30: [0.29973718962946105, 0.7997821308149375, -0.9995]
Running module mass_function_like
Model N: 2852620.393159694
Done mass_function_like status = 0 

Pipeline ran okay.
Likelihood mass_function_like_m_n = -5610.820151597261
Posterior = -5604.141104162924 for parameter set #31: [0.30022661154997843, 0.7998763408484342, -0.9995]
Running module mass_function_like
Model N: 2841413.2559118667
Done mass_function_like status = 0 

Pipeline ran okay.
Likelihood mass_function_like_m_n = -6343.976315237582
Posterior = -6337.2998162734975 for parameter set #31: [0.2992509693963683, 0.7997603729800988, -0.9995]
Running module mass_function_like
Model N: 2850656.728626802
Done mass_function_like status = 0 

Pipeline ran okay.
Likelihood mass_function_like_m_n = -5735.88711565733
Posterior = -5729.207875370922 for parameter set #31: [0.29988694080991873, 0.8000240828470714, -0.9995]
Running module mass_function_like
Model N: 2860477.9628772414
Done mass_function_like status = 0 

Pipeline ran okay.
Likelihood mass_function_like_m_n = -5124.7299767285585
Posterior = -5118.053962050662 for parameter set #31: [0.3008111128668417, 0.8000724582049735, -0.9995]
Running module mass_function_like
Model N: 2853457.5732800825
Done mass_function_like status = 0 

Pipeline ran okay.
Likelihood mass_function_like_m_n = -5557.936784483492
Posterior = -5551.257692280185 for parameter set #32: [0.3002059101760549, 0.7999817014206634, -0.9995]
Running module mass_function_like
Model N: 2857010.8101956267
Done mass_function_like status = 0 

Pipeline ran okay.
Likelihood mass_function_like_m_n = -5336.388296484947
Posterior = -5329.708994126869 for parameter set #32: [0.3000191845331417, 0.8005293195341993, -0.9995]
Running module mass_function_like
Model N: 2848539.610091959
Done mass_function_like status = 0 

Pipeline ran okay.
Likelihood mass_function_like_m_n = -5872.3401364684105
Posterior = -5865.662101798894 for parameter set #32: [0.2994961093782488, 0.8002287872639782, -0.9995]
Running module mass_function_like
Model N: 2849317.1803791104
Done mass_function_like status = 0 

Pipeline ran okay.
Likelihood mass_function_like_m_n = -5822.029440239072
Posterior = -5815.350495596755 for parameter set #32: [0.3002681626347115, 0.7995019028179458, -0.9995]
Running module mass_function_like
Model N: 2853906.297613488
Done mass_function_like status = 0 

Pipeline ran okay.
Likelihood mass_function_like_m_n = -5529.699054889381
Posterior = -5523.019782257468 for parameter set #33: [0.2999205438518873, 0.8003173733325775, -0.9995]
Running module mass_function_like
Model N: 2847175.061026745
Done mass_function_like status = 0 

Pipeline ran okay.
Likelihood mass_function_like_m_n = -5961.176214389503
Posterior = -5954.4979497891745 for parameter set #33: [0.29954401798689845, 0.8000422889099981, -0.9995]
Running module mass_function_like
Model N: 2856068.3083757977
Done mass_function_like status = 0 

Pipeline ran okay.
Likelihood mass_function_like_m_n = -5394.696715459228
Posterior = -5388.020246625279 for parameter set #33: [0.30075304241066364, 0.7996882433211858, -0.9995]
Running module mass_function_like
Model N: 2853743.697228876
Done mass_function_like status = 0 

Pipeline ran okay.
Likelihood mass_function_like_m_n = -5539.922654166818
Posterior = -5533.246033924826 for parameter set #33: [0.3007326604014152, 0.7994754549286429, -0.9995]
Running module mass_function_like
Model N: 2844954.0295614298
Done mass_function_like status = 0 

Pipeline ran okay.
Likelihood mass_function_like_m_n = -6107.261994026601
Posterior = -6100.582692446993 for parameter set #34: [0.2999771146272849, 0.7993588018829583, -0.9995]
Running module mass_function_like
Model N: 2853389.735779264
Done mass_function_like status = 0 

Pipeline ran okay.
Likelihood mass_function_like_m_n = -5562.212250575423
Posterior = -5555.534156190046 for parameter set #34: [0.3004918969267534, 0.7996841143936755, -0.9995]
Running module mass_function_like
Model N: 2844054.8319628728
Done mass_function_like status = 0 

Pipeline ran okay.
Likelihood mass_function_like_m_n = -6166.93125474453
Posterior = -6160.252173800358 for parameter set #34: [0.299788692575436, 0.7994595542287375, -0.9995]
Running module mass_function_like
Model N: 2847956.381936982
Done mass_function_like status = 0 

Pipeline ran okay.
Likelihood mass_function_like_m_n = -5910.2247586250305
Posterior = -5903.545461315921 for parameter set #34: [0.29996288073239874, 0.7996753597892742, -0.9995]
Running module mass_function_like
Model N: 2860116.3522353414
Done mass_function_like status = 0 

Pipeline ran okay.
Likelihood mass_function_like_m_n = -5146.596784301102
Posterior = -5139.918463975488 for parameter set #35: [0.3004435927627637, 0.8004096867363731, -0.9995]
Running module mass_function_like
Model N: 2851536.968640987
Done mass_function_like status = 0 

Pipeline ran okay.
Likelihood mass_function_like_m_n = -5679.6462354213
Posterior = -5672.967216092204 for parameter set #35: [0.2997613080589961, 0.8002409087143529, -0.9995]
Running module mass_function_like
Model N: 2847261.524130725
Done mass_function_like status = 0 

Pipeline ran okay.
Likelihood mass_function_like_m_n = -5955.526549234986
Posterior = -5948.847245348396 for parameter set #35: [0.29999210417334554, 0.7995756416653869, -0.9995]
Running module mass_function_like
Model N: 2856717.4500590675
Done mass_function_like status = 0 

Pipeline ran okay.
Likelihood mass_function_like_m_n = -5354.501797258854
Posterior = -5347.824375628595 for parameter set #35: [0.30061360704869305, 0.7998949768625065, -0.9995]
Running module mass_function_like
Model N: 2858489.719906645
Done mass_function_like status = 0 

Pipeline ran okay.
Likelihood mass_function_like_m_n = -5245.559985280037
Posterior = -5238.882538071685 for parameter set #36: [0.3006094243116972, 0.8000773138991328, -0.9995]
Running module mass_function_like
Model N: 2861774.5482352814
Done mass_function_like status = 0 

Pipeline ran okay.
Likelihood mass_function_like_m_n = -5046.723123267293
Posterior = -5040.047409225307 for parameter set #36: [0.3008473672549759, 0.800165847012635, -0.9995]
Running module mass_function_like
Model N: 2862083.704410606
Done mass_function_like status = 0 

Pipeline ran okay.
Likelihood mass_function_like_m_n = -5028.215219907463
Posterior = -5021.537356175343 for parameter set #36: [0.30053674317709617, 0.8005127714436224, -0.9995]
Running module mass_function_like
Model N: 2855120.437403018
Done mass_function_like status = 0 

Pipeline ran okay.
Likelihood mass_function_like_m_n = -5453.67045019567
Posterior = -5446.991969906631 for parameter set #36: [0.3004059333126023, 0.799945646577009, -0.9995]
Running module mass_function_like
Model N: 2849386.6693892204
Done mass_function_like status = 0 

Pipeline ran okay.
Likelihood mass_function_like_m_n = -5817.54432926327
Posterior = -5810.868052853626 for parameter set #37: [0.2992218240988082, 0.8005938493309132, -0.9995]
Running module mass_function_like
Model N: 2850399.078212732
Done mass_function_like status = 0 

Pipeline ran okay.
Likelihood mass_function_like_m_n = -5752.403796121478
Posterior = -5745.7248901613575 for parameter set #37: [0.3002822191310102, 0.7995964522149747, -0.9995]
Running module mass_function_like
Model N: 2858640.671551641
Done mass_function_like status = 0 

Pipeline ran okay.
Likelihood mass_function_like_m_n = -5236.334861025214
Posterior = -5229.656484470716 for parameter set #37: [0.3004307304986607, 0.8002743930775109, -0.9995]
Running module mass_function_like
Model N: 2859837.7679347517
Done mass_function_like status = 0 

Pipeline ran okay.
Likelihood mass_function_like_m_n = -5163.476005658507
Posterior = -5156.796703958774 for parameter set #37: [0.30002235431428176, 0.8008106892683008, -0.9995]
Running module mass_function_like
Model N: 2856006.941389735
Done mass_function_like status = 0 

Pipeline ran okay.
Likelihood mass_function_like_m_n = -5398.5046710297465
Posterior = -5391.82662603334 for parameter set #38: [0.2994981629937654, 0.8009793740972934, -0.9995]
Running module mass_function_like
Model N: 2847376.709254529
Done mass_function_like status = 0 

Pipeline ran okay.
Likelihood mass_function_like_m_n = -5948.004477411509
Posterior = -5941.325349893793 for parameter set #38: [0.29981202096165727, 0.7997701742083901, -0.9995]
Running module mass_function_like
Model N: 2851128.211632672
Done mass_function_like status = 0 

Pipeline ran okay.
Likelihood mass_function_like_m_n = -5705.726852923632
Posterior = -5699.04864807531 for parameter set #38: [0.3004689029725146, 0.7994802723863937, -0.9995]
Running module mass_function_like
Model N: 2852976.980406048
Done mass_function_like status = 0 

Pipeline ran okay.
Likelihood mass_function_like_m_n = -5588.263158328831
Posterior = -5581.583859147594 for parameter set #38: [0.29996832327873924, 0.800175065396772, -0.9995]
Running module mass_function_like
Model N: 2863514.922061897
Done mass_function_like status = 0 

Pipeline ran okay.
Likelihood mass_function_like_m_n = -4942.995182208717
Posterior = -4936.318084935518 for parameter set #39: [0.30066436813758035, 0.8005265958037016, -0.9995]
Running module mass_function_like
Model N: 2851169.270054803
Done mass_function_like status = 0 

Pipeline ran okay.
Likelihood mass_function_like_m_n = -5703.104316294193
Posterior = -5696.425254287138 for parameter set #39: [0.29977991308283064, 0.8001848495386836, -0.9995]
Running module mass_function_like
Model N: 2849631.189101483
Done mass_function_like status = 0 

Pipeline ran okay.
Likelihood mass_function_like_m_n = -5801.77634781599
Posterior = -5795.097269491862 for parameter set #39: [0.2997874562719461, 0.8000222345188795, -0.9995]
Running module mass_function_like
Model N: 2857882.7016787
Done mass_function_like status = 0 

Pipeline ran okay.
Likelihood mass_function_like_m_n = -5282.742165662348
Posterior = -5276.065064500341 for parameter set #39: [0.3006637825400856, 0.7999611605303991, -0.9995]
Running module mass_function_like
Model N: 2844054.263505714
Done mass_function_like status = 0 

Pipeline ran okay.
Likelihood mass_function_like_m_n = -6166.969072498381
Posterior = -6160.290729206733 for parameter set #40: [0.29956161508641593, 0.7997100277360156, -0.9995]
Running module mass_function_like
Model N: 2855268.5857561054
Done mass_function_like status = 0 

Pipeline ran okay.
Likelihood mass_function_like_m_n = -5444.4310596734285
Posterior = -5437.752125182301 for parameter set #40: [0.30027192174718204, 0.8000965655496249, -0.9995]
Running module mass_function_like
Model N: 2854022.7499559685
Done mass_function_like status = 0 

Pipeline ran okay.
Likelihood mass_function_like_m_n = -5522.383093342185
Posterior = -5515.704077940585 for parameter set #40: [0.30024033173338, 0.8000033629649881, -0.9995]
Running module mass_function_like
Model N: 2848803.1799954553
Done mass_function_like status = 0 

Pipeline ran okay.
Likelihood mass_function_like_m_n = -5855.261204503477
Posterior = -5848.581911741633 for parameter set #40: [0.3000478256556655, 0.7996740425011496, -0.9995]
Running module mass_function_like
Model N: 2852464.9580181157
Done mass_function_like status = 0 

Pipeline ran okay.
Likelihood mass_function_like_m_n = -5620.667498908937
Posterior = -5613.9887920250485 for parameter set #41: [0.3003456340323306, 0.7997398503990606, -0.9995]
Running module mass_function_like
Model N: 2840306.4010884175
Done mass_function_like status = 0 

Pipeline ran okay.
Likelihood mass_function_like_m_n = -6418.939608052373
Posterior = -6412.262540325492 for parameter set #41: [0.29933119936759917, 0.7995670877037614, -0.9995]
Running module mass_function_like
Model N: 2843468.988222722
Done mass_function_like status = 0 

Pipeline ran okay.
Likelihood mass_function_like_m_n = -6205.969987720251
Posterior = -6199.291150970282 for parameter set #41: [0.29969423919771715, 0.799516073835219, -0.9995]
Running module mass_function_like
Model N: 2843922.9561979854
Done mass_function_like status = 0 

Pipeline ran okay.
Likelihood mass_function_like_m_n = -6175.707802310586
Posterior = -6169.029016249961 for parameter set #41: [0.29967808768708143, 0.7995782500932447, -0.9995]
Running module mass_function_like
Model N: 2841063.0309648938
Done mass_function_like status = 0 

Pipeline ran okay.
Likelihood mass_function_like_m_n = -6367.645994693041
Posterior = -6360.967053124138 for parameter set #42: [0.299730693703036, 0.7992369276110675, -0.9995]
Running module mass_function_like
Model N: 2848570.7045482644
Done mass_function_like status = 0 

Pipeline ran okay.
Likelihood mass_function_like_m_n = -5870.323911592364
Posterior = -5863.646214107157 for parameter set #42: [0.3005668709028922, 0.7991237800094056, -0.9995]
Running module mass_function_like
Model N: 2847099.143609383
Done mass_function_like status = 0 

Pipeline ran okay.
Likelihood mass_function_like_m_n = -5966.13911049068
Posterior = -5959.459811225437 for parameter set #42: [0.2999685895968291, 0.799583256346957, -0.9995]
Running module mass_function_like
Model N: 2858634.352628138
Done mass_function_like status = 0 

Pipeline ran okay.
Likelihood mass_function_like_m_n = -5236.720860466361
Posterior = -5230.04630185208 for parameter set #42: [0.30097422626012904, 0.7997215081766833, -0.9995]
Running module mass_function_like
Model N: 2854617.021334366
Done mass_function_like status = 0 

Pipeline ran okay.
Likelihood mass_function_like_m_n = -5485.12742703408
Posterior = -5478.448615114395 for parameter set #43: [0.29968622344749707, 0.8006473239245329, -0.9995]
Running module mass_function_like
Model N: 2850089.343105048
Done mass_function_like status = 0 

Pipeline ran okay.
Likelihood mass_function_like_m_n = -5772.292171180248
Posterior = -5765.61315747751 for parameter set #43: [0.2997589624210949, 0.8000975123667207, -0.9995]
Running module mass_function_like
Model N: 2853715.9856542307
Done mass_function_like status = 0 

Pipeline ran okay.
Likelihood mass_function_like_m_n = -5541.666018590331
Posterior = -5534.986954403651 for parameter set #43: [0.30021909433147986, 0.799994028368738, -0.9995]
Running module mass_function_like
Model N: 2858391.4100133562
Done mass_function_like status = 0 

Pipeline ran okay.
Likelihood mass_function_like_m_n = -5251.572556808591
Posterior = -5244.894860679067 for parameter set #43: [0.30056711000454583, 0.8001105684869987, -0.9995]
Running module mass_function_like
Model N: 2846848.9014918003
Done mass_function_like status = 0 

Pipeline ran okay.
Likelihood mass_function_like_m_n = -5982.513284564018
Posterior = -5975.833987457556 for parameter set #44: [0.3000376612477756, 0.799487899061572, -0.9995]
Running module mass_function_like
Model N: 2849254.4131066557
Done mass_function_like status = 0 

Pipeline ran okay.
Likelihood mass_function_like_m_n = -5826.082252964377
Posterior = -5819.402949355829 for parameter set #44: [0.3000108605921445, 0.7997570001374722, -0.9995]
Running module mass_function_like
Model N: 2840000.2092516157
Done mass_function_like status = 0 

Pipeline ran okay.
Likelihood mass_function_like_m_n = -6439.758202798665
Posterior = -6433.081984563334 for parameter set #44: [0.29921438393862354, 0.7996551797816512, -0.9995]
Running module mass_function_like
Model N: 2858772.225069259
Done mass_function_like status = 0 

Pipeline ran okay.
Likelihood mass_function_like_m_n = -5228.3021141290665
Posterior = -5221.622819412081 for parameter set #44: [0.30004354612595346, 0.8006817922515221, -0.9995]
Running module mass_function_like
Model N: 2861641.3624052936
Done mass_function_like status = 0 

Pipeline ran okay.
Likelihood mass_function_like_m_n = -5054.707318387926
Posterior = -5048.029147558641 for parameter set #45: [0.3004761027252991, 0.8005299690470902, -0.9995]
Running module mass_function_like
Model N: 2858395.3019583877
Done mass_function_like status = 0 

Pipeline ran okay.
Likelihood mass_function_like_m_n = -5251.334459677339
Posterior = -5244.655159881705 for parameter set #45: [0.30002967381393303, 0.8006581724869462, -0.9995]
Running module mass_function_like
Model N: 2848518.873637008
Done mass_function_like status = 0 

Pipeline ran okay.
Likelihood mass_function_like_m_n = -5873.684929318726
Posterior = -5867.005785921548 for parameter set #45: [0.2998206672747115, 0.79987651429224, -0.9995]
Running module mass_function_like
Model N: 2852372.031065505
Done mass_function_like status = 0 

Pipeline ran okay.
Likelihood mass_function_like_m_n = -5626.559040769935
Posterior = -5619.881666879728 for parameter set #45: [0.3006213385717229, 0.7994504568468453, -0.9995]
Running module mass_function_like
Model N: 2847548.687313522
Done mass_function_like status = 0 

Pipeline ran okay.
Likelihood mass_function_like_m_n = -5936.782826825976
Posterior = -5930.103543054579 for parameter set #46: [0.30006391699770046, 0.7995314937210974, -0.9995]
Running module mass_function_like
Model N: 2869862.183077973
Done mass_function_like status = 0 

Pipeline ran okay.
Likelihood mass_function_like_m_n = -4574.1770674958825
Posterior = -4567.498468228625 for parameter set #46: [0.3003754813052153, 0.8014598809347301, -0.9995]
Running module mass_function_like
Model N: 2856329.3784206333
Done mass_function_like status = 0 

Pipeline ran okay.
Likelihood mass_function_like_m_n = -5378.5123990774155
Posterior = -5371.834616626173 for parameter set #46: [0.30055167872298144, 0.7999188707594518, -0.9995]
Running module mass_function_like
Model N: 2846930.554569158
Done mass_function_like status = 0 

Pipeline ran okay.
Likelihood mass_function_like_m_n = -5977.167876288295
Posterior = -5970.488572185077 for parameter set #46: [0.3000043610226181, 0.7995299987038886, -0.9995]
Running module mass_function_like
Model N: 2860084.1658918895
Done mass_function_like status = 0 

Pipeline ran okay.
Likelihood mass_function_like_m_n = -5148.545461133122
Posterior = -5141.867145079131 for parameter set #47: [0.3004445546802978, 0.8004054171155371, -0.9995]
Running module mass_function_like
Model N: 2851358.424557438
Done mass_function_like status = 0 

Pipeline ran okay.
Likelihood mass_function_like_m_n = -5691.030519224703
Posterior = -5684.351243685084 for parameter set #47: [0.3000757082445642, 0.7999028103651782, -0.9995]
Running module mass_function_like
Model N: 2849911.7777089467
Done mass_function_like status = 0 

Pipeline ran okay.
Likelihood mass_function_like_m_n = -5783.709962874651
Posterior = -5777.031258093841 for parameter set #47: [0.2996537580326277, 0.8002061963284992, -0.9995]
Running module mass_function_like
Model N: 2849868.103098976
Done mass_function_like status = 0 

Pipeline ran okay.
Likelihood mass_function_like_m_n = -5786.520127363503
Posterior = -5779.845781700723 for parameter set #47: [0.2990041550793577, 0.8008648875250767, -0.9995]
Running module mass_function_like
Model N: 2844037.161777806
Done mass_function_like status = 0 

Pipeline ran okay.
Likelihood mass_function_like_m_n = -6168.106856025755
Posterior = -6161.427554903576 for parameter set #48: [0.29997519625005215, 0.7992683408092491, -0.9995]
Running module mass_function_like
Model N: 2854787.134177215
Done mass_function_like status = 0 

Pipeline ran okay.
Likelihood mass_function_like_m_n = -5474.487029127777
Posterior = -5467.807832953138 for parameter set #48: [0.29985301450956287, 0.8004745837277107, -0.9995]
Running module mass_function_like
Model N: 2847100.7103158943
Done mass_function_like status = 0 

Pipeline ran okay.
Likelihood mass_function_like_m_n = -5966.036669492722
Posterior = -5959.359137998962 for parameter set #48: [0.29940456661989623, 0.8001770736419963, -0.9995]
Running module mass_function_like
Model N: 2849375.012937728
Done mass_function_like status = 0 

Pipeline ran okay.
Likelihood mass_function_like_m_n = -5818.2965594008565
Posterior = -5811.617639274507 for parameter set #48: [0.30027715409484396, 0.7994984239896087, -0.9995]
Running module mass_function_like
Model N: 2853651.9996703863
Done mass_function_like status = 0 

Pipeline ran okay.
Likelihood mass_function_like_m_n = -5545.692537128925
Posterior = -5539.0132647807595 for parameter set #49: [0.29992018753896243, 0.8002920473337036, -0.9995]
Running module mass_function_like
Model N: 2854559.893183837
Done mass_function_like status = 0 

Pipeline ran okay.
Likelihood mass_function_like_m_n = -5488.703155055642
Posterior = -5482.024028471395 for parameter set #49: [0.29981152503481984, 0.8004940384506802, -0.9995]
Running module mass_function_like
Model N: 2825016.0217358028
Done mass_function_like status = 0 

Pipeline ran okay.
Likelihood mass_function_like_m_n = -7501.793945923448
Posterior = -7495.118557524974 for parameter set #49: [0.29911503674245415, 0.7982466480523293, -0.9995]
Running module mass_function_like
Model N: 2856928.6625243933
Done mass_function_like status = 0 

Pipeline ran okay.
Likelihood mass_function_like_m_n = -5341.4572745114565
Posterior = -5334.7782369857905 for parameter set #49: [0.30023094269592526, 0.8003054366176933, -0.9995]
Running module mass_function_like
Model N: 2848317.6951550557
Done mass_function_like status = 0 

Pipeline ran okay.
Likelihood mass_function_like_m_n = -5886.740026384592
Posterior = -5880.0607246355785 for parameter set #50: [0.29997786723271863, 0.799696459883671, -0.9995]
Running module mass_function_like
Model N: 2854270.036698276
Done mass_function_like status = 0 

Pipeline ran okay.
Likelihood mass_function_like_m_n = -5506.86438408494
Posterior = -5500.185482238363 for parameter set #50: [0.3002836729572182, 0.7999842268591353, -0.9995]
Running module mass_function_like
Model N: 2849468.3550018077
Done mass_function_like status = 0 

Pipeline ran okay.
Likelihood mass_function_like_m_n = -5812.27430536598
Posterior = -5805.596573837453 for parameter set #50: [0.30056083327000166, 0.7992199724695634, -0.9995]
Running module mass_function_like
Model N: 2857016.31344366
Done mass_function_like status = 0 

Pipeline ran okay.
Likelihood mass_function_like_m_n = -5336.048804454505
Posterior = -5329.370088756925 for parameter set #50: [0.3003430745487094, 0.8002002135363033, -0.9995]
Running module mass_function_like
Model N: 2847977.0248117535
Done mass_function_like status = 0 

Pipeline ran okay.
Likelihood mass_function_like_m_n = -5908.88169272244
Posterior = -5902.202427471612 for parameter set #51: [0.300088258124535, 0.7995498893895475, -0.9995]
Running module mass_function_like
Model N: 2867824.931033741
Done mass_function_like status = 0 

Pipeline ran okay.
Likelihood mass_function_like_m_n = -4690.934926457703
Posterior = -4684.256874774693 for parameter set #51: [0.30050050280708657, 0.8011273532126566, -0.9995]
Running module mass_function_like
Model N: 2851510.052461837
Done mass_function_like status = 0 

Pipeline ran okay.
Likelihood mass_function_like_m_n = -5681.36169693619
Posterior = -5674.684355537784 for parameter set #51: [0.3006265460723087, 0.7993584291159385, -0.9995]
Running module mass_function_like
Model N: 2853186.2887211535
Done mass_function_like status = 0 

Pipeline ran okay.
Likelihood mass_function_like_m_n = -5575.044805504382
Posterior = -5568.365561192739 for parameter set #51: [0.3001094410044498, 0.8000524774735001, -0.9995]
Running module mass_function_like
Model N: 2851346.6870456035
Done mass_function_like status = 0 

Pipeline ran okay.
Likelihood mass_function_like_m_n = -5691.779340170324
Posterior = -5685.101446101623 for parameter set #52: [0.29946893887189757, 0.800539378733842, -0.9995]
Running module mass_function_like
Model N: 2851157.933477125
Done mass_function_like status = 0 

Pipeline ran okay.
Likelihood mass_function_like_m_n = -5703.828357987106
Posterior = -5697.1490994081905 for parameter set #52: [0.30009551899787373, 0.7998624705336177, -0.9995]
Running module mass_function_like
Model N: 2815207.172189391
Done mass_function_like status = 0 

Pipeline ran okay.
Likelihood mass_function_like_m_n = -8243.176103532314
Posterior = -8236.510069339418 for parameter set #52: [0.2983708894811525, 0.7980136694431932, -0.9995]
Running module mass_function_like
Model N: 2845044.079942255
Done mass_function_like status = 0 

Pipeline ran okay.
Likelihood mass_function_like_m_n = -6101.303095780313
Posterior = -6094.624942489362 for parameter set #52: [0.29952022768751335, 0.7998519970601482, -0.9995]
Running module mass_function_like
Model N: 2855328.995929625
Done mass_function_like status = 0 

Pipeline ran okay.
Likelihood mass_function_like_m_n = -5440.665874749422
Posterior = -5433.9872891229925 for parameter set #53: [0.2996209032101374, 0.8007854772086923, -0.9995]
Running module mass_function_like
Model N: 2859099.240922412
Done mass_function_like status = 0 

Pipeline ran okay.
Likelihood mass_function_like_m_n = -5208.3621321469545
Posterior = -5201.683816172037 for parameter set #53: [0.29955542753280573, 0.801232451034219, -0.9995]
Running module mass_function_like
Model N: 2849455.1620143
Done mass_function_like status = 0 

Pipeline ran okay.
Likelihood mass_function_like_m_n = -5813.125294536352
Posterior = -5806.448544301255 for parameter set #53: [0.2992853024117158, 0.8005360314742678, -0.9995]
Running module mass_function_like
Model N: 2840996.9465137916
Done mass_function_like status = 0 

Pipeline ran okay.
Likelihood mass_function_like_m_n = -6372.117429673672
Posterior = -6365.440026199405 for parameter set #53: [0.2993834411555059, 0.799583538273646, -0.9995]
Running module mass_function_like
Model N: 2855259.6493383697
Done mass_function_like status = 0 

Pipeline ran okay.
Likelihood mass_function_like_m_n = -5444.988155074418
Posterior = -5438.31018664951 for parameter set #54: [0.3005168700808602, 0.799846707995715, -0.9995]
Running module mass_function_like
Model N: 2856173.040527094
Done mass_function_like status = 0 

Pipeline ran okay.
Likelihood mass_function_like_m_n = -5388.201090961695
Posterior = -5381.522683059805 for parameter set #54: [0.30042339022678766, 0.8000335520216835, -0.9995]
Running module mass_function_like
Model N: 2857702.481414843
Done mass_function_like status = 0 

Pipeline ran okay.
Likelihood mass_function_like_m_n = -5293.807686343789
Posterior = -5287.130867107329 for parameter set #54: [0.30070497685781455, 0.7999012034443903, -0.9995]
Running module mass_function_like
Model N: 2845998.6513375817
Done mass_function_like status = 0 

Pipeline ran okay.
Likelihood mass_function_like_m_n = -6038.32310411334
Posterior = -6031.643819240406 for parameter set #54: [0.3000621697282711, 0.7993773301277508, -0.9995]
Running module mass_function_like
Model N: 2856840.53450844
Done mass_function_like status = 0 

Pipeline ran okay.
Likelihood mass_function_like_m_n = -5346.898062117398
Posterior = -5340.220156959272 for parameter set #55: [0.30052896884301755, 0.7999934764970299, -0.9995]
Running module mass_function_like
Model N: 2851346.007069091
Done mass_function_like status = 0 

Pipeline ran okay.
Likelihood mass_function_like_m_n = -5691.822722367942
Posterior = -5685.143419249693 for parameter set #55: [0.300014697349249, 0.7999635946644593, -0.9995]
Running module mass_function_like
Model N: 2851617.720715321
Done mass_function_like status = 0 

Pipeline ran okay.
Likelihood mass_function_like_m_n = -5674.501247130334
Posterior = -5667.822224160932 for parameter set #55: [0.2997628380691133, 0.8002474504400725, -0.9995]
Running module mass_function_like
Model N: 2851881.9464780437
Done mass_function_like status = 0 

Pipeline ran okay.
Likelihood mass_function_like_m_n = -5657.683528274298
Posterior = -5651.004225341408 for parameter set #55: [0.3000159086166578, 0.8000163840821204, -0.9995]
Running module mass_function_like
Model N: 2852389.9143257234
Done mass_function_like status = 0 

Pipeline ran okay.
Likelihood mass_function_like_m_n = -5625.424997091293
Posterior = -5618.747112994378 for parameter set #56: [0.30053293552990323, 0.7995419367912223, -0.9995]
Running module mass_function_like
Model N: 2844341.1356116286
Done mass_function_like status = 0 

Pipeline ran okay.
Likelihood mass_function_like_m_n = -6147.899727255106
Posterior = -6141.221170371889 for parameter set #56: [0.2996133955270816, 0.7996861711506769, -0.9995]
Running module mass_function_like
Model N: 2853049.0145319714
Done mass_function_like status = 0 

Pipeline ran okay.
Likelihood mass_function_like_m_n = -5583.712177544832
Posterior = -5577.033909045623 for parameter set #56: [0.3004551261585772, 0.7996872406315887, -0.9995]
Running module mass_function_like
Model N: 2854341.6766259163
Done mass_function_like status = 0 

Pipeline ran okay.
Likelihood mass_function_like_m_n = -5502.372807443142
Posterior = -5495.694148603259 for parameter set #56: [0.300359265480583, 0.7999146122231274, -0.9995]
Running module mass_function_like
Model N: 2853974.964253202
Done mass_function_like status = 0 

Pipeline ran okay.
Likelihood mass_function_like_m_n = -5525.384554773569
Posterior = -5518.705672391938 for parameter set #57: [0.30029045367231016, 0.7999476130019977, -0.9995]
Running module mass_function_like
Model N: 2867204.474034273
Done mass_function_like status = 0 

Pipeline ran okay.
Likelihood mass_function_like_m_n = -4726.798197761178
Posterior = -4720.122187218032 for parameter set #57: [0.3008116224694456, 0.8007480360235358, -0.9995]
Running module mass_function_like
Model N: 2855228.81550008
Done mass_function_like status = 0 

Pipeline ran okay.
Likelihood mass_function_like_m_n = -5446.91056162864
Posterior = -5440.2322681322885 for parameter set #57: [0.300449600257781, 0.7999121343725707, -0.9995]
Running module mass_function_like
Model N: 2852587.979535298
Done mass_function_like status = 0 

Pipeline ran okay.
Likelihood mass_function_like_m_n = -5612.872922226787
Posterior = -5606.1943522359215 for parameter set #57: [0.3003831990200324, 0.7997140270347095, -0.9995]
Running module mass_function_like
Model N: 2853245.009189616
Done mass_function_like status = 0 

Pipeline ran okay.
Likelihood mass_function_like_m_n = -5571.339390747249
Posterior = -5564.660120827726 for parameter set #58: [0.30008279950129385, 0.8000854020947311, -0.9995]
Running module mass_function_like
Model N: 2853280.5630448963
Done mass_function_like status = 0 

Pipeline ran okay.
Likelihood mass_function_like_m_n = -5569.096474163234
Posterior = -5562.4172097122655 for parameter set #58: [0.2999108402092087, 0.8002638883416981, -0.9995]
Running module mass_function_like
Model N: 2848144.4964233954
Done mass_function_like status = 0 

Pipeline ran okay.
Likelihood mass_function_like_m_n = -5897.991551913321
Posterior = -5891.312410604624 for parameter set #58: [0.3001804935530115, 0.7994728673714815, -0.9995]
Running module mass_function_like
Model N: 2844695.9491235567
Done mass_function_like status = 0 

Pipeline ran okay.
Likelihood mass_function_like_m_n = -6124.3567709848285
Posterior = -6117.688052844366 for parameter set #58: [0.2985449358881217, 0.8008125837149521, -0.9995]
Running module mass_function_like
Model N: 2853323.9641279564
Done mass_function_like status = 0 

Pipeline ran okay.
Likelihood mass_function_like_m_n = -5566.359153211117
Posterior = -5559.679911204529 for parameter set #59: [0.3001115273263277, 0.8000642876357728, -0.9995]
Running module mass_function_like
Model N: 2859866.6308410475
Done mass_function_like status = 0 

Pipeline ran okay.
Likelihood mass_function_like_m_n = -5161.725886553526
Posterior = -5155.0472548890375 for parameter set #59: [0.300366751638436, 0.8004628601023065, -0.9995]
Running module mass_function_like
Model N: 2830355.63626134
Done mass_function_like status = 0 

Pipeline ran okay.
Likelihood mass_function_like_m_n = -7113.597714677453
Posterior = -7106.928750918048 for parameter set #59: [0.29856191523857867, 0.7993474302670368, -0.9995]
Running module mass_function_like
Model N: 2852169.074569386
Done mass_function_like status = 0 

Pipeline ran okay.
Likelihood mass_function_like_m_n = -5639.4376182332635
Posterior = -5632.758707869535 for parameter set #59: [0.30028065444294594, 0.7997760013902984, -0.9995]
Running module mass_function_like
Model N: 2840462.07176241
Done mass_function_like status = 0 

Pipeline ran okay.
Likelihood mass_function_like_m_n = -6408.3687650337815
Posterior = -6401.691851857977 for parameter set #60: [0.2993084766806876, 0.799606008670097, -0.9995]
Running module mass_function_like
Model N: 2845823.6093109357
Done mass_function_like status = 0 

Pipeline ran okay.
Likelihood mass_function_like_m_n = -6049.846338517964
Posterior = -6043.167037046618 for parameter set #60: [0.2999766463527924, 0.799446741784899, -0.9995]
Running module mass_function_like
Model N: 2847254.1794882747
Done mass_function_like status = 0 

Pipeline ran okay.
Likelihood mass_function_like_m_n = -5956.00635355711
Posterior = -5949.327079446256 for parameter set #60: [0.29992242750961484, 0.7996457783091429, -0.9995]
Running module mass_function_like
Model N: 2844885.722875408
Done mass_function_like status = 0 

Pipeline ran okay.
Likelihood mass_function_like_m_n = -6111.784074991941
Posterior = -6105.105144468187 for parameter set #60: [0.2997266231334567, 0.799625927767256, -0.9995]
Running module mass_function_like
Model N: 2865939.838778389
Done mass_function_like status = 0 

Pipeline ran okay.
Likelihood mass_function_like_m_n = -4800.335732869804
Posterior = -4793.658046196401 for parameter set #61: [0.3005687749832515, 0.800867985192558, -0.9995]
Running module mass_function_like
Model N: 2851879.1954153934
Done mass_function_like status = 0 

Pipeline ran okay.
Likelihood mass_function_like_m_n = -5657.858496651053
Posterior = -5651.179202364591 for parameter set #61: [0.2999554761915684, 0.8000776427738384, -0.9995]
Running module mass_function_like
Model N: 2845201.1902169115
Done mass_function_like status = 0 

Pipeline ran okay.
Likelihood mass_function_like_m_n = -6090.913923121989
Posterior = -6084.235043332385 for parameter set #61: [0.299708655287699, 0.7996759121784762, -0.9995]
Running module mass_function_like
Model N: 2858401.5961000635
Done mass_function_like status = 0 

Pipeline ran okay.
Likelihood mass_function_like_m_n = -5250.949415504932
Posterior = -5244.272539238592 for parameter set #61: [0.30069684029295957, 0.7999796319396417, -0.9995]
Running module mass_function_like
Model N: 2860801.716256843
Done mass_function_like status = 0 

Pipeline ran okay.
Likelihood mass_function_like_m_n = -5105.193548426032
Posterior = -5098.514770968538 for parameter set #62: [0.30032457381770156, 0.8005998241155388, -0.9995]
Running module mass_function_like
Model N: 2855229.849680314
Done mass_function_like status = 0 

Pipeline ran okay.
Likelihood mass_function_like_m_n = -5446.846077546477
Posterior = -5440.167345553323 for parameter set #62: [0.30033829134047846, 0.8000252603942425, -0.9995]
Running module mass_function_like
Model N: 2848970.4445313513
Done mass_function_like status = 0 

Pipeline ran okay.
Likelihood mass_function_like_m_n = -5844.436182267964
Posterior = -5837.757257678902 for parameter set #62: [0.30027553919783195, 0.799459517243358, -0.9995]
Running module mass_function_like
Model N: 2854421.303124927
Done mass_function_like status = 0 

Pipeline ran okay.
Likelihood mass_function_like_m_n = -5497.382742449641
Posterior = -5490.704204892339 for parameter set #62: [0.29960842854857317, 0.8007068917045673, -0.9995]
Running module mass_function_like
Model N: 2848951.776912527
Done mass_function_like status = 0 

Pipeline ran okay.
Likelihood mass_function_like_m_n = -5845.643794424832
Posterior = -5838.9644984531515 for parameter set #63: [0.2999594373820665, 0.7997789837645538, -0.9995]
Running module mass_function_like
Model N: 2848421.5004139584
Done mass_function_like status = 0 

Pipeline ran okay.
Likelihood mass_function_like_m_n = -5880.001891024411
Posterior = -5873.322628196774 for parameter set #63: [0.3000909622699337, 0.7995918586590148, -0.9995]
Running module mass_function_like
Model N: 2845528.3812194727
Done mass_function_like status = 0 

Pipeline ran okay.
Likelihood mass_function_like_m_n = -6069.307571575046
Posterior = -6062.629163504013 for parameter set #63: [0.2995766497246994, 0.7998430935345859, -0.9995]
Running module mass_function_like
Model N: 2844478.786536649
Done mass_function_like status = 0 

Pipeline ran okay.
Likelihood mass_function_like_m_n = -6138.7605663612485
Posterior = -6132.0828058156385 for parameter set #63: [0.2994443647419599, 0.7998723417326596, -0.9995]
Running module mass_function_like
Model N: 2850910.808180693
Done mass_function_like status = 0 

Pipeline ran okay.
Likelihood mass_function_like_m_n = -5719.623611345887
Posterior = -5712.944372247793 for parameter set #64: [0.30011410540399897, 0.7998187011332366, -0.9995]
Running module mass_function_like
Model N: 2850822.2435983974
Done mass_function_like status = 0 

Pipeline ran okay.
Likelihood mass_function_like_m_n = -5725.2898501083255
Posterior = -5718.610604110548 for parameter set #64: [0.29989211067498145, 0.8000355943729557, -0.9995]
Running module mass_function_like
Model N: 2857065.5761771617
Done mass_function_like status = 0 

Pipeline ran okay.
Likelihood mass_function_like_m_n = -5333.010317504406
Posterior = -5326.331014739454 for parameter set #64: [0.30001693138167596, 0.8005373104653721, -0.9995]
Running module mass_function_like
Model N: 2868528.5191560704
Done mass_function_like status = 0 

Pipeline ran okay.
Likelihood mass_function_like_m_n = -4650.43834733218
Posterior = -4643.767365317816 for parameter set #64: [0.30129013053195003, 0.8003945494223486, -0.9995]
Running module mass_function_like
Model N: 2854146.8540909756
Done mass_function_like status = 0 

Pipeline ran okay.
Likelihood mass_function_like_m_n = -5514.591976866126
Posterior = -5507.912796846797 for parameter set #65: [0.2998424062300215, 0.8004209190164883, -0.9995]
Running module mass_function_like
Model N: 2849619.8937649736
Done mass_function_like status = 0 

Pipeline ran okay.
Likelihood mass_function_like_m_n = -5802.504241459072
Posterior = -5795.825111423573 for parameter set #65: [0.3001866348368277, 0.7996151339362834, -0.9995]
Running module mass_function_like
Model N: 2848218.420702463
Done mass_function_like status = 0 

Pipeline ran okay.
Likelihood mass_function_like_m_n = -5893.187830001116
Posterior = -5886.513701529696 for parameter set #65: [0.29898257905557585, 0.8007204679999025, -0.9995]
Running module mass_function_like
Model N: 2856629.0586122484
Done mass_function_like status = 0 

Pipeline ran okay.
Likelihood mass_function_like_m_n = -5359.965791553259
Posterior = -5353.286580150944 for parameter set #65: [0.30013623215173607, 0.8003716682071114, -0.9995]
Running module mass_function_like
Model N: 2856536.949407518
Done mass_function_like status = 0 

Pipeline ran okay.
Likelihood mass_function_like_m_n = -5365.662692256272
Posterior = -5358.9835088311675 for parameter set #66: [0.30015541763452797, 0.8003429048007582, -0.9995]
Running module mass_function_like
Model N: 2845479.757642382
Done mass_function_like status = 0 

Pipeline ran okay.
Likelihood mass_function_like_m_n = -6072.515935845673
Posterior = -6065.836754482447 for parameter set #66: [0.2998432613103946, 0.7995475181991096, -0.9995]
Running module mass_function_like
Model N: 2855952.7926128157
Done mass_function_like status = 0 

Pipeline ran okay.
Likelihood mass_function_like_m_n = -5401.865883983672
Posterior = -5395.187193595133 for parameter set #66: [0.3003503740205722, 0.8000856930654087, -0.9995]
Running module mass_function_like
Model N: 2863281.5597189125
Done mass_function_like status = 0 

Pipeline ran okay.
Likelihood mass_function_like_m_n = -4956.838723525405
Posterior = -4950.1606830969895 for parameter set #66: [0.30050274643600094, 0.8006679568333371, -0.9995]
Running module mass_function_like
Model N: 2850517.020409334
Done mass_function_like status = 0 

Pipeline ran okay.
Likelihood mass_function_like_m_n = -5744.840035758913
Posterior = -5738.160733715814 for parameter set #67: [0.2999792384431274, 0.7999162446611604, -0.9995]
Running module mass_function_like
Model N: 2855853.359348166
Done mass_function_like status = 0 

Pipeline ran okay.
Likelihood mass_function_like_m_n = -5408.040910571814
Posterior = -5401.362455178289 for parameter set #67: [0.30041202057849, 0.8000130746692368, -0.9995]
Running module mass_function_like
Model N: 2854626.1076215496
Done mass_function_like status = 0 

Pipeline ran okay.
Likelihood mass_function_like_m_n = -5484.558816045523
Posterior = -5477.880216598057 for parameter set #67: [0.30037543330826966, 0.7999268689618233, -0.9995]
Running module mass_function_like
Model N: 2855742.425850072
Done mass_function_like status = 0 

Pipeline ran okay.
Likelihood mass_function_like_m_n = -5414.934466794133
Posterior = -5408.255481365879 for parameter set #67: [0.3002524955665679, 0.8001639174533599, -0.9995]
Running module mass_function_like
Model N: 2852119.522063208
Done mass_function_like status = 0 

Pipeline ran okay.
Likelihood mass_function_like_m_n = -5642.584298603237
Posterior = -5635.905495269966 for parameter set #68: [0.30031650119751224, 0.799734709009219, -0.9995]
Running module mass_function_like
Model N: 2857026.860368184
Done mass_function_like status = 0 

Pipeline ran okay.
Likelihood mass_function_like_m_n = -5335.398202508688
Posterior = -5328.719262289329 for parameter set #68: [0.3002698069499424, 0.800275589766479, -0.9995]
Running module mass_function_like
Model N: 2851897.706587615
Done mass_function_like status = 0 

Pipeline ran okay.
Likelihood mass_function_like_m_n = -5656.681235142052
Posterior = -5650.0080232956725 for parameter set #68: [0.2988961565391237, 0.8011803568501142, -0.9995]
Running module mass_function_like
Model N: 2842902.579277081
Done mass_function_like status = 0 

Pipeline ran okay.
Likelihood mass_function_like_m_n = -6243.836070604622
Posterior = -6237.162764906642 for parameter set #68: [0.2989046917940389, 0.8002637274488034, -0.9995]
Running module mass_function_like
Model N: 2847651.1862188186
Done mass_function_like status = 0 

Pipeline ran okay.
Likelihood mass_function_like_m_n = -5930.099986478686
Posterior = -5923.421727867066 for parameter set #69: [0.3004572934921795, 0.7991426319313504, -0.9995]
Running module mass_function_like
Model N: 2837661.081115768
Done mass_function_like status = 0 

Pipeline ran okay.
Likelihood mass_function_like_m_n = -6599.964277654886
Posterior = -6593.286157016312 for parameter set #69: [0.2995134694796139, 0.7991153047779049, -0.9995]
Running module mass_function_like
Model N: 2851862.609440763
Done mass_function_like status = 0 

Pipeline ran okay.
Likelihood mass_function_like_m_n = -5658.913429245353
Posterior = -5652.234135394766 for parameter set #69: [0.2999545077520689, 0.8000769954482402, -0.9995]
Running module mass_function_like
Model N: 2863254.095904214
Done mass_function_like status = 0 

Pipeline ran okay.
Likelihood mass_function_like_m_n = -4958.469259425998
Posterior = -4951.794504553019 for parameter set #69: [0.30095386847429906, 0.8002063320547306, -0.9995]
Running module mass_function_like
Model N: 2850384.483365695
Done mass_function_like status = 0 

Pipeline ran okay.
Likelihood mass_function_like_m_n = -5753.340140476823
Posterior = -5746.662880842959 for parameter set #70: [0.2993605370305719, 0.8005530875270125, -0.9995]
Running module mass_function_like
Model N: 2850689.7085047183
Done mass_function_like status = 0 

Pipeline ran okay.
Likelihood mass_function_like_m_n = -5733.774729467928
Posterior = -5727.095543303922 for parameter set #70: [0.30015364524292354, 0.7997562518742997, -0.9995]
Running module mass_function_like
Model N: 2851654.0022646063
Done mass_function_like status = 0 

Pipeline ran okay.
Likelihood mass_function_like_m_n = -5672.190418630838
Posterior = -5665.51112635786 for parameter set #70: [0.2999511628586301, 0.8000594669312775, -0.9995]
Running module mass_function_like
Model N: 2846299.4851736203
Done mass_function_like status = 0 

Pipeline ran okay.
Likelihood mass_function_like_m_n = -6018.5456435233355
Posterior = -6011.866348053501 for parameter set #70: [0.2999582184843321, 0.7995133767054211, -0.9995]
Running module mass_function_like
Model N: 2856960.4802979734
Done mass_function_like status = 0 

Pipeline ran okay.
Likelihood mass_function_like_m_n = -5339.493639558554
Posterior = -5332.81712411073 for parameter set #71: [0.2992531733150181, 0.801326019259642, -0.9995]
Running module mass_function_like
Model N: 2850537.370348459
Done mass_function_like status = 0 

Pipeline ran okay.
Likelihood mass_function_like_m_n = -5743.5354975014925
Posterior = -5736.856239248933 for parameter set #71: [0.30009586005491795, 0.799799770435407, -0.9995]
Running module mass_function_like
Model N: 2839490.7263682676
Done mass_function_like status = 0 

Pipeline ran okay.
Likelihood mass_function_like_m_n = -6474.477108627558
Posterior = -6467.798877485121 for parameter set #71: [0.29953673854613727, 0.799275664605682, -0.9995]
Running module mass_function_like
Model N: 2836713.6683016415
Done mass_function_like status = 0 

Pipeline ran okay.
Likelihood mass_function_like_m_n = -6665.438519321382
Posterior = -6658.759501231751 for parameter set #71: [0.29976078934860545, 0.7987493573474496, -0.9995]
Running module mass_function_like
Model N: 2861527.5414469456
Done mass_function_like status = 0 

Pipeline ran okay.
Likelihood mass_function_like_m_n = -5061.535839304328
Posterior = -5054.857225312196 for parameter set #72: [0.30037153900948843, 0.8006249540137684, -0.9995]
Running module mass_function_like
Model N: 2850701.4945522947
Done mass_function_like status = 0 

Pipeline ran okay.
Likelihood mass_function_like_m_n = -5733.0199226439
Posterior = -5726.340671928912 for parameter set #72: [0.3001034246808759, 0.7998084775948511, -0.9995]
Running module mass_function_like
Model N: 2850931.71114118
Done mass_function_like status = 0 

Pipeline ran okay.
Likelihood mass_function_like_m_n = -5718.286695994437
Posterior = -5711.60741079868 for parameter set #72: [0.3000616482820726, 0.7998742231016122, -0.9995]
Running module mass_function_like
Model N: 2851813.8712895466
Done mass_function_like status = 0 

Pipeline ran okay.
Likelihood mass_function_like_m_n = -5662.01395919919
Posterior = -5655.335364406598 for parameter set #72: [0.30037667113455463, 0.7996427274432676, -0.9995]
Running module mass_function_like
Model N: 2843252.69615321
Done mass_function_like status = 0 

Pipeline ran okay.
Likelihood mass_function_like_m_n = -6220.415533237159
Posterior = -6213.737470713919 for parameter set #73: [0.29950166776756043, 0.7996904862353722, -0.9995]
Running module mass_function_like
Model N: 2856932.5796799227
Done mass_function_like status = 0 

Pipeline ran okay.
Likelihood mass_function_like_m_n = -5341.21550681442
Posterior = -5334.537893297837 for parameter set #73: [0.300581494923005, 0.79994930870104, -0.9995]
Running module mass_function_like
Model N: 2852735.955352007
Done mass_function_like status = 0 

Pipeline ran okay.
Likelihood mass_function_like_m_n = -5603.504728674889
Posterior = -5596.825461718052 for parameter set #73: [0.30008630350299464, 0.8000307652007794, -0.9995]
Running module mass_function_like
Model N: 2852546.739173356
Done mass_function_like status = 0 

Pipeline ran okay.
Likelihood mass_function_like_m_n = -5615.485260590911
Posterior = -5608.805957754537 for parameter set #73: [0.3000165041590637, 0.8000826169658004, -0.9995]
Running module mass_function_like
Model N: 2850916.1266423143
Done mass_function_like status = 0 

Pipeline ran okay.
Likelihood mass_function_like_m_n = -5719.283436745405
Posterior = -5712.607316071884 for parameter set #74: [0.3007979379410851, 0.7991253185064099, -0.9995]
Running module mass_function_like
Model N: 2845448.073868241
Done mass_function_like status = 0 

Pipeline ran okay.
Likelihood mass_function_like_m_n = -6074.607025593519
Posterior = -6067.9284842331035 for parameter set #74: [0.29960940099991124, 0.7998018039384774, -0.9995]
Running module mass_function_like
Model N: 2848932.540719504
Done mass_function_like status = 0 

Pipeline ran okay.
Likelihood mass_function_like_m_n = -5846.8883240148425
Posterior = -5840.20904182807 for parameter set #74: [0.29993365011262896, 0.7998032651582728, -0.9995]
Running module mass_function_like
Model N: 2855280.327782758
Done mass_function_like status = 0 

Pipeline ran okay.
Likelihood mass_function_like_m_n = -5443.699108064175
Posterior = -5437.019806377647 for parameter set #74: [0.30002241331168233, 0.8003517431688184, -0.9995]
Running module mass_function_like
Model N: 2859194.9783585495
Done mass_function_like status = 0 

Pipeline ran okay.
Likelihood mass_function_like_m_n = -5202.531995803118
Posterior = -5195.852774140577 for parameter set #75: [0.3001284801689333, 0.8006378018439971, -0.9995]
Running module mass_function_like
Model N: 2853191.332763979
Done mass_function_like status = 0 

Pipeline ran okay.
Likelihood mass_function_like_m_n = -5574.726462803781
Posterior = -5568.04750244399 for parameter set #75: [0.30026223596971846, 0.7998974988387596, -0.9995]
Running module mass_function_like
Model N: 2845090.6990209096
Done mass_function_like status = 0 

Pipeline ran okay.
Likelihood mass_function_like_m_n = -6098.219368211925
Posterior = -6091.540389790594 for parameter set #75: [0.29974474444980564, 0.7996280961610422, -0.9995]
Running module mass_function_like
Model N: 2847700.005333423
Done mass_function_like status = 0 

Pipeline ran okay.
Likelihood mass_function_like_m_n = -5926.918403878808
Posterior = -5920.239955865852 for parameter set #75: [0.2995861919880497, 0.8000522384163118, -0.9995]
Running module mass_function_like
Model N: 2849509.5906077097
Done mass_function_like status = 0 

Pipeline ran okay.
Likelihood mass_function_like_m_n = -5809.614898376167
Posterior = -5802.935596513236 for parameter set #76: [0.3000216119388745, 0.7997718325153137, -0.9995]
Running module mass_function_like
Model N: 2853070.228773786
Done mass_function_like status = 0 

Pipeline ran okay.
Likelihood mass_function_like_m_n = -5582.372270181775
Posterior = -5575.693184411197 for parameter set #76: [0.30020901087625573, 0.7999394210121754, -0.9995]
Running module mass_function_like
Model N: 2850981.70313656
Done mass_function_like status = 0 

Pipeline ran okay.
Likelihood mass_function_like_m_n = -5715.089960202575
Posterior = -5708.412601714669 for parameter set #76: [0.30062381253668613, 0.7993082174795242, -0.9995]
Running module mass_function_like
Model N: 2844161.0531229544
Done mass_function_like status = 0 

Pipeline ran okay.
Likelihood mass_function_like_m_n = -6159.866805143654
Posterior = -6153.188565706044 for parameter set #76: [0.3004614673769905, 0.7987876540119369, -0.9995]
Running module mass_function_like
Model N: 2849634.3419967256
Done mass_function_like status = 0 

Pipeline ran okay.
Likelihood mass_function_like_m_n = -5801.573177576065
Posterior = -5794.893968622351 for parameter set #77: [0.3001380178223676, 0.7996660876914428, -0.9995]
Running module mass_function_like
Model N: 2857336.341700419
Done mass_function_like status = 0 

Pipeline ran okay.
Likelihood mass_function_like_m_n = -5316.32581038028
Posterior = -5309.648428061991 for parameter set #77: [0.3006199806482051, 0.7999508042392547, -0.9995]
Running module mass_function_like
Model N: 2852560.8529613065
Done mass_function_like status = 0 

Pipeline ran okay.
Likelihood mass_function_like_m_n = -5614.591162405908
Posterior = -5607.913250197387 for parameter set #77: [0.29947236569685903, 0.8006582638452657, -0.9995]
Running module mass_function_like
Model N: 2884272.6178571493
Done mass_function_like status = 0 

Pipeline ran okay.
Likelihood mass_function_like_m_n = -3791.8147701248527
Posterior = -3785.1389044859047 for parameter set #77: [0.3008292839516446, 0.8024471565982039, -0.9995]
Running module mass_function_like
Model N: 2843896.33870501
Done mass_function_like status = 0 

Pipeline ran okay.
Likelihood mass_function_like_m_n = -6177.480031013489
Posterior = -6170.801410023179 for parameter set #78: [0.2996303493538611, 0.7996242478494088, -0.9995]
Running module mass_function_like
Model N: 2842126.5641627978
Done mass_function_like status = 0 

Pipeline ran okay.
Likelihood mass_function_like_m_n = -6295.910430192947
Posterior = -6289.232538524633 for parameter set #78: [0.2994684870658713, 0.7996108196401827, -0.9995]
Running module mass_function_like
Model N: 2836073.9601813913
Done mass_function_like status = 0 

Pipeline ran okay.
Likelihood mass_function_like_m_n = -6709.839104644954
Posterior = -6703.1636698662805 for parameter set #78: [0.2991202932719564, 0.7993554307924966, -0.9995]
Running module mass_function_like
Model N: 2867085.107969407
Done mass_function_like status = 0 

Pipeline ran okay.
Likelihood mass_function_like_m_n = -4733.714011117816
Posterior = -4727.039722038774 for parameter set #78: [0.30100151078554366, 0.8005428256587943, -0.9995]
Running module mass_function_like
Model N: 2865103.352168539
Done mass_function_like status = 0 

Pipeline ran okay.
Likelihood mass_function_like_m_n = -4849.301262937486
Posterior = -4842.623096213837 for parameter set #79: [0.30047696428814336, 0.8008775373859497, -0.9995]
Running module mass_function_like
Model N: 2853164.528185429
Done mass_function_like status = 0 

Pipeline ran okay.
Likelihood mass_function_like_m_n = -5576.418278351426
Posterior = -5569.739300326847 for parameter set #79: [0.30025541093584507, 0.7999017043295122, -0.9995]
Running module mass_function_like
Model N: 2849781.65961548
Done mass_function_like status = 0 

Pipeline ran okay.
Likelihood mass_function_like_m_n = -5792.084278762341
Posterior = -5785.405088713174 for parameter set #79: [0.29984890457041585, 0.7999749564633714, -0.9995]
Running module mass_function_like
Model N: 2853866.518270036
Done mass_function_like status = 0 

Pipeline ran okay.
Likelihood mass_function_like_m_n = -5532.199295789003
Posterior = -5525.521069441572 for parameter set #79: [0.2995357046459255, 0.8007250092461551, -0.9995]
Running module mass_function_like
Model N: 2854115.4973308686
Done mass_function_like status = 0 

Pipeline ran okay.
Likelihood mass_function_like_m_n = -5516.559977144003
Posterior = -5509.88067302355 for parameter set #80: [0.3000039460705767, 0.8002532909746869, -0.9995]
Running module mass_function_like
Model N: 2849564.702663415
Done mass_function_like status = 0 

Pipeline ran okay.
Likelihood mass_function_like_m_n = -5806.061549626291
Posterior = -5799.382456501493 for parameter set #80: [0.29979453783198423, 0.8000083767354566, -0.9995]
Running module mass_function_like
Model N: 2850407.318409161
Done mass_function_like status = 0 

Pipeline ran okay.
Likelihood mass_function_like_m_n = -5751.875174686313
Posterior = -5745.196354991971 for parameter set #80: [0.3003112889231172, 0.7995678245093094, -0.9995]
Running module mass_function_like
Model N: 2854029.29364009
Done mass_function_like status = 0 

Pipeline ran okay.
Likelihood mass_function_like_m_n = -5521.972145073116
Posterior = -5515.2928696735435 for parameter set #80: [0.2999241069995513, 0.80032609822056, -0.9995]
Running module mass_function_like
Model N: 2859962.306596383
Done mass_function_like status = 0 

Pipeline ran okay.
Likelihood mass_function_like_m_n = -5155.926740981638
Posterior = -5149.248141552863 for parameter set #81: [0.3003754382864036, 0.8004636028013423, -0.9995]
Running module mass_function_like
Model N: 2840081.5606091064
Done mass_function_like status = 0 

Pipeline ran okay.
Likelihood mass_function_like_m_n = -6434.223522387445
Posterior = -6427.5446433594225 for parameter set #81: [0.29970839400280896, 0.7991608262032609, -0.9995]
Running module mass_function_like
Model N: 2854900.379748598
Done mass_function_like status = 0 

Pipeline ran okay.
Likelihood mass_function_like_m_n = -5467.409597083926
Posterior = -5460.732776536784 for parameter set #81: [0.3007047909147174, 0.7996200064608221, -0.9995]
Running module mass_function_like
Model N: 2863416.0714304456
Done mass_function_like status = 0 

Pipeline ran okay.
Likelihood mass_function_like_m_n = -4948.856748469174
Posterior = -4942.178402982969 for parameter set #81: [0.30043788402690547, 0.8007475530851279, -0.9995]
Running module mass_function_like
Model N: 2856888.7793832603
Done mass_function_like status = 0 

Pipeline ran okay.
Likelihood mass_function_like_m_n = -5343.919195242226
Posterior = -5337.240367739273 for parameter set #82: [0.30030877025675573, 0.8002220524582946, -0.9995]
Running module mass_function_like
Model N: 2844493.574512352
Done mass_function_like status = 0 

Pipeline ran okay.
Likelihood mass_function_like_m_n = -6137.779159784317
Posterior = -6131.100517718628 for parameter set #82: [0.3003639045537315, 0.7989199211984067, -0.9995]
Running module mass_function_like
Model N: 2849068.7892389386
Done mass_function_like status = 0 

Pipeline ran okay.
Likelihood mass_function_like_m_n = -5838.076392792165
Posterior = -5831.3971008756835 for parameter set #82: [0.3000495617354051, 0.7996990564865784, -0.9995]
Running module mass_function_like
Model N: 2867597.606481347
Done mass_function_like status = 0 

Pipeline ran okay.
Likelihood mass_function_like_m_n = -4704.058116130531
Posterior = -4697.37899253511 for parameter set #82: [0.30019005414472627, 0.8014209683018054, -0.9995]
Running module mass_function_like
Model N: 2848774.8372459486
Done mass_function_like status = 0 

Pipeline ran okay.
Likelihood mass_function_like_m_n = -5857.0965259075165
Posterior = -5850.417941669276 for parameter set #83: [0.29962053720350745, 0.8001255096066936, -0.9995]
Running module mass_function_like
Model N: 2853770.720709832
Done mass_function_like status = 0 

Pipeline ran okay.
Likelihood mass_function_like_m_n = -5538.2228538915515
Posterior = -5531.545226021558 for parameter set #83: [0.30057902129778963, 0.799633912958379, -0.9995]
Running module mass_function_like
Model N: 2858889.0800273265
Done mass_function_like status = 0 

Pipeline ran okay.
Likelihood mass_function_like_m_n = -5221.172258093953
Posterior = -5214.4965355561635 for parameter set #83: [0.3008463640494507, 0.7998770078467421, -0.9995]
Running module mass_function_like
Model N: 2856131.7580304337
Done mass_function_like status = 0 

Pipeline ran okay.
Likelihood mass_function_like_m_n = -5390.760998211801
Posterior = -5384.082514015701 for parameter set #83: [0.3004049696804145, 0.8000481694586493, -0.9995]
Running module mass_function_like
Model N: 2856401.8495391468
Done mass_function_like status = 0 

Pipeline ran okay.
Likelihood mass_function_like_m_n = -5374.024245873094
Posterior = -5367.3463745172985 for parameter set #84: [0.2994646790654322, 0.8010533702862396, -0.9995]
Running module mass_function_like
Model N: 2857934.8778116144
Done mass_function_like status = 0 

Pipeline ran okay.
Likelihood mass_function_like_m_n = -5279.5408037900925
Posterior = -5272.862336025224 for parameter set #84: [0.30040900695382045, 0.800225545871671, -0.9995]
Running module mass_function_like
Model N: 2844521.8810467552
Done mass_function_like status = 0 

Pipeline ran okay.
Likelihood mass_function_like_m_n = -6135.900820367038
Posterior = -6129.223491204779 for parameter set #84: [0.29937150400936846, 0.7999509135701819, -0.9995]
Running module mass_function_like
Model N: 2851205.3522326993
Done mass_function_like status = 0 

Pipeline ran okay.
Likelihood mass_function_like_m_n = -5700.800148069859
Posterior = -5694.120844921001 for parameter set #84: [0.3000144875957393, 0.7999497773023653, -0.9995]
Running module mass_function_like
Model N: 2856095.863508692
Done mass_function_like status = 0 

Pipeline ran okay.
Likelihood mass_function_like_m_n = -5392.98731482774
Posterior = -5386.309546036469 for parameter set #85: [0.30055414926491064, 0.7998928562249896, -0.9995]
Running module mass_function_like
Model N: 2850007.910046313
Done mass_function_like status = 0 

Pipeline ran okay.
Likelihood mass_function_like_m_n = -5777.527009576559
Posterior = -5770.848802439215 for parameter set #85: [0.29953158544711345, 0.8003404830678073, -0.9995]
Running module mass_function_like
Model N: 2843804.4018760202
Done mass_function_like status = 0 

Pipeline ran okay.
Likelihood mass_function_like_m_n = -6183.60335341841
Posterior = -6176.92491623708 for parameter set #85: [0.2995835826660015, 0.7996625229468395, -0.9995]
Running module mass_function_like
Model N: 2866875.9387882077
Done mass_function_like status = 0 

Pipeline ran okay.
Likelihood mass_function_like_m_n = -4745.845503166318
Posterior = -4739.16929002612 for parameter set #85: [0.30078626434637834, 0.8007408023709263, -0.9995]
Running module mass_function_like
Model N: 2854853.6467622533
Done mass_function_like status = 0 

Pipeline ran okay.
Likelihood mass_function_like_m_n = -5470.329658575356
Posterior = -5463.650422726153 for parameter set #86: [0.30011691801196305, 0.8002125738391878, -0.9995]
Running module mass_function_like
Model N: 2860112.3583575985
Done mass_function_like status = 0 

Pipeline ran okay.
Likelihood mass_function_like_m_n = -5146.838567130268
Posterior = -5140.164357352058 for parameter set #86: [0.3010093978501985, 0.7998342717130401, -0.9995]
Running module mass_function_like
Model N: 2829347.8541684505
Done mass_function_like status = 0 

Pipeline ran okay.
Likelihood mass_function_like_m_n = -7186.036928914487
Posterior = -7179.358264048882 for parameter set #86: [0.2996424156867797, 0.798147701401988, -0.9995]
Running module mass_function_like
Model N: 2849574.701404279
Done mass_function_like status = 0 

Pipeline ran okay.
Likelihood mass_function_like_m_n = -5805.417002603412
Posterior = -5798.738617067696 for parameter set #86: [0.29957135968583376, 0.8002562304875368, -0.9995]
Running module mass_function_like
Model N: 2854691.361134414
Done mass_function_like status = 0 

Pipeline ran okay.
Likelihood mass_function_like_m_n = -5480.476217627525
Posterior = -5473.799451806189 for parameter set #87: [0.3007125134347519, 0.7995911915310555, -0.9995]
Running module mass_function_like
Model N: 2855307.0749445874
Done mass_function_like status = 0 

Pipeline ran okay.
Likelihood mass_function_like_m_n = -5442.031987048686
Posterior = -5435.352935849408 for parameter set #87: [0.3002249440074524, 0.8001482788469879, -0.9995]
Running module mass_function_like
Model N: 2860174.847911682
Done mass_function_like status = 0 

Pipeline ran okay.
Likelihood mass_function_like_m_n = -5143.056229442358
Posterior = -5136.381025329303 for parameter set #87: [0.30090554792861707, 0.7999460326621184, -0.9995]
Running module mass_function_like
Model N: 2855190.1701466716
Done mass_function_like status = 0 

Pipeline ran okay.
Likelihood mass_function_like_m_n = -5449.320494577289
Posterior = -5442.641372983527 for parameter set #87: [0.3001911044471263, 0.8001709980225936, -0.9995]
Running module mass_function_like
Model N: 2851076.603987164
Done mass_function_like status = 0 

Pipeline ran okay.
Likelihood mass_function_like_m_n = -5709.024095438421
Posterior = -5702.345514085943 for parameter set #88: [0.3003802225223435, 0.7995650969894377, -0.9995]
Running module mass_function_like
Model N: 2855159.3946682336
Done mass_function_like status = 0 

Pipeline ran okay.
Likelihood mass_function_like_m_n = -5451.240057811141
Posterior = -5444.562355041826 for parameter set #88: [0.3005659379815234, 0.7997867628806156, -0.9995]
Running module mass_function_like
Model N: 2851768.481919676
Done mass_function_like status = 0 

Pipeline ran okay.
Likelihood mass_function_like_m_n = -5664.9022495523095
Posterior = -5658.223579624402 for parameter set #88: [0.3003561658048176, 0.7996590650126342, -0.9995]
Running module mass_function_like
Model N: 2844224.606109757
Done mass_function_like status = 0 

Pipeline ran okay.
Likelihood mass_function_like_m_n = -6155.64211024344
Posterior = -6148.965921009219 for parameter set #88: [0.2992107010592394, 0.800084828834342, -0.9995]
Running module mass_function_like
Model N: 2854691.957443744
Done mass_function_like status = 0 

Pipeline ran okay.
Likelihood mass_function_like_m_n = -5480.43891672045
Posterior = -5473.760216313846 for parameter set #89: [0.2996524969910285, 0.8006891507702303, -0.9995]
Running module mass_function_like
Model N: 2849617.235099475
Done mass_function_like status = 0 

Pipeline ran okay.
Likelihood mass_function_like_m_n = -5802.675577998161
Posterior = -5795.996438883705 for parameter set #89: [0.3001817051753686, 0.7996199612751127, -0.9995]
Running module mass_function_like
Model N: 2838121.327099474
Done mass_function_like status = 0 

Pipeline ran okay.
Likelihood mass_function_like_m_n = -6568.279424190521
Posterior = -6561.61414403985 for parameter set #89: [0.29832524344226996, 0.8003730315516533, -0.9995]
Running module mass_function_like
Model N: 2844801.6292712493
Done mass_function_like status = 0 

Pipeline ran okay.
Likelihood mass_function_like_m_n = -6117.353692755103
Posterior = -6110.675774522682 for parameter set #89: [0.299473508615479, 0.7998752340351482, -0.9995]
Running module mass_function_like
Model N: 2853224.9683236657
Done mass_function_like status = 0 

Pipeline ran okay.
Likelihood mass_function_like_m_n = -5572.603877261281
Posterior = -5565.924636054102 for parameter set #90: [0.3001122418202906, 0.8000535475025624, -0.9995]
Running module mass_function_like
Model N: 2827884.78538417
Done mass_function_like status = 0 

Pipeline ran okay.
Likelihood mass_function_like_m_n = -7291.887036733329
Posterior = -7285.21542570871 for parameter set #90: [0.298759582836993, 0.798896927523334, -0.9995]
Running module mass_function_like
Model N: 2850271.2772012814
Done mass_function_like status = 0 

Pipeline ran okay.
Likelihood mass_function_like_m_n = -5760.605675444007
Posterior = -5753.926373378832 for parameter set #90: [0.3000206549531183, 0.7998495081789593, -0.9995]
Running module mass_function_like
Model N: 2861198.871598797
Done mass_function_like status = 0 

Pipeline ran okay.
Likelihood mass_function_like_m_n = -5081.280841492116
Posterior = -5074.615803764206 for parameter set #90: [0.30168916964216, 0.7992547954274055, -0.9995]
Running module mass_function_like
Model N: 2863271.3443649434
Done mass_function_like status = 0 

Pipeline ran okay.
Likelihood mass_function_like_m_n = -4957.445179916918
Posterior = -4950.767758277781 for parameter set #91: [0.3006136056016859, 0.8005538985574532, -0.9995]
Running module mass_function_like
Model N: 2847866.453076638
Done mass_function_like status = 0 

Pipeline ran okay.
Likelihood mass_function_like_m_n = -5916.077565923333
Posterior = -5909.398315777484 for parameter set #91: [0.29989602648314717, 0.799734073282978, -0.9995]
Running module mass_function_like
Model N: 2861959.2467966033
Done mass_function_like status = 0 

Pipeline ran okay.
Likelihood mass_function_like_m_n = -5035.661726810038
Posterior = -5028.990713084673 for parameter set #91: [0.30128767021752745, 0.7997375679990844, -0.9995]
Running module mass_function_like
Model N: 2856532.505298923
Done mass_function_like status = 0 

Pipeline ran okay.
Likelihood mass_function_like_m_n = -5365.937637537718
Posterior = -5359.258437676898 for parameter set #91: [0.30014445586901445, 0.8003536168763533, -0.9995]
Running module mass_function_like
Model N: 2845343.0347971586
Done mass_function_like status = 0 

Pipeline ran okay.
Likelihood mass_function_like_m_n = -6081.542163982987
Posterior = -6074.863183898331 for parameter set #92: [0.3002546030849039, 0.7991161020070232, -0.9995]
Running module mass_function_like
Model N: 2844160.2895169933
Done mass_function_like status = 0 

Pipeline ran okay.
Likelihood mass_function_like_m_n = -6159.91757517308
Posterior = -6153.238420981335 for parameter set #92: [0.29982679112849653, 0.7994315122488292, -0.9995]
Running module mass_function_like
Model N: 2859473.1580831823
Done mass_function_like status = 0 

Pipeline ran okay.
Likelihood mass_function_like_m_n = -5185.610941633582
Posterior = -5178.933476595843 for parameter set #92: [0.300606491643917, 0.8001791862774746, -0.9995]
Running module mass_function_like
Model N: 2855457.9936757213
Done mass_function_like status = 0 

Pipeline ran okay.
Likelihood mass_function_like_m_n = -5432.63037724793
Posterior = -5425.951708367917 for parameter set #92: [0.300356459898793, 0.8000298757356208, -0.9995]
Running module mass_function_like
Model N: 2860211.3736853744
Done mass_function_like status = 0 

Pipeline ran okay.
Likelihood mass_function_like_m_n = -5140.846085473895
Posterior = -5134.167778483684 for parameter set #93: [0.30044658887111025, 0.8004160716345557, -0.9995]
Running module mass_function_like
Model N: 2848944.514831231
Done mass_function_like status = 0 

Pipeline ran okay.
Likelihood mass_function_like_m_n = -5846.113615170121
Posterior = -5839.434410330089 for parameter set #93: [0.29985903314005136, 0.7998801850585322, -0.9995]
Running module mass_function_like
Model N: 2861661.509447669
Done mass_function_like status = 0 

Pipeline ran okay.
Likelihood mass_function_like_m_n = -5053.499126121402
Posterior = -5046.820120949302 for parameter set #93: [0.2997554488968166, 0.8012670268759291, -0.9995]
Running module mass_function_like
Model N: 2847134.5433007395
Done mass_function_like status = 0 

Pipeline ran okay.
Likelihood mass_function_like_m_n = -5963.824682936072
Posterior = -5957.145399235082 for parameter set #93: [0.30006402705644836, 0.7994897811904245, -0.9995]
Running module mass_function_like
Model N: 2837325.1751404107
Done mass_function_like status = 0 

Pipeline ran okay.
Likelihood mass_function_like_m_n = -6623.139522910118
Posterior = -6616.460261647142 for parameter set #94: [0.29990733357269306, 0.7986620456868689, -0.9995]
Running module mass_function_like
Model N: 2848221.6280831806
Done mass_function_like status = 0 

Pipeline ran okay.
Likelihood mass_function_like_m_n = -5892.9794553518295
Posterior = -5886.301275448376 for parameter set #94: [0.300474192968475, 0.7991828580684384, -0.9995]
Running module mass_function_like
Model N: 2860900.639733929
Done mass_function_like status = 0 

Pipeline ran okay.
Likelihood mass_function_like_m_n = -5099.2319034338
Posterior = -5092.555940242908 for parameter set #94: [0.300817435920287, 0.8001084401330073, -0.9995]
Running module mass_function_like
Model N: 2849278.1791367996
Done mass_function_like status = 0 

Pipeline ran okay.
Likelihood mass_function_like_m_n = -5824.547533757985
Posterior = -5817.868258169648 for parameter set #94: [0.29992435613259455, 0.7998475269585931, -0.9995]
Running module mass_function_like
Model N: 2861152.786963254
Done mass_function_like status = 0 

Pipeline ran okay.
Likelihood mass_function_like_m_n = -5084.0525978803635
Posterior = -5077.373839633073 for parameter set #95: [0.3003304394103314, 0.8006291821507902, -0.9995]
Running module mass_function_like
Model N: 2849503.5802990133
Done mass_function_like status = 0 

Pipeline ran okay.
Likelihood mass_function_like_m_n = -5810.002481535077
Posterior = -5803.3243348312135 for parameter set #95: [0.29951885668517064, 0.8003027525632209, -0.9995]
Running module mass_function_like
Model N: 2841555.699672933
Done mass_function_like status = 0 

Pipeline ran okay.
Likelihood mass_function_like_m_n = -6334.3625484108925
Posterior = -6327.684246398766 for parameter set #95: [0.299552297825854, 0.7994678088468389, -0.9995]
Running module mass_function_like
Model N: 2851840.672248111
Done mass_function_like status = 0 

Pipeline ran okay.
Likelihood mass_function_like_m_n = -5660.308877728879
Posterior = -5653.62969245132 for parameter set #95: [0.30015422110818385, 0.7998714425160477, -0.9995]
Running module mass_function_like
Model N: 2852050.990671254
Done mass_function_like status = 0 

Pipeline ran okay.
Likelihood mass_function_like_m_n = -5646.937683857977
Posterior = -5640.2586560743775 for parameter set #96: [0.3002351232487381, 0.7998102934073156, -0.9995]
Running module mass_function_like
Model N: 2843453.111696559
Done mass_function_like status = 0 

Pipeline ran okay.
Likelihood mass_function_like_m_n = -6207.029739841819
Posterior = -6200.355579869488 for parameter set #96: [0.29898567993421227, 0.8002365767907766, -0.9995]
Running module mass_function_like
Model N: 2867741.4093924565
Done mass_function_like status = 0 

Pipeline ran okay.
Likelihood mass_function_like_m_n = -4695.754321485758
Posterior = -4689.082686566324 for parameter set #96: [0.3012384893117335, 0.8003679241423913, -0.9995]
Running module mass_function_like
Model N: 2857015.68278582
Done mass_function_like status = 0 

Pipeline ran okay.
Likelihood mass_function_like_m_n = -5336.08770878613
Posterior = -5329.408427560439 for parameter set #96: [0.3000677829169378, 0.8004803325831502, -0.9995]
Running module mass_function_like
Model N: 2851682.6413525124
Done mass_function_like status = 0 

Pipeline ran okay.
Likelihood mass_function_like_m_n = -5670.3666971847415
Posterior = -5663.687918951049 for parameter set #97: [0.3003243345857193, 0.7996827451758781, -0.9995]
Running module mass_function_like
Model N: 2862522.0206303154
Done mass_function_like status = 0 

Pipeline ran okay.
Likelihood mass_function_like_m_n = -5002.035695672035
Posterior = -4995.360264972991 for parameter set #97: [0.3008801703545988, 0.8002076654807584, -0.9995]
Running module mass_function_like
Model N: 2854312.19222816
Done mass_function_like status = 0 

Pipeline ran okay.
Likelihood mass_function_like_m_n = -5504.221146225929
Posterior = -5497.5453825245495 for parameter set #97: [0.3008414864147203, 0.7994222739078763, -0.9995]
Running module mass_function_like
Model N: 2855871.884715243
Done mass_function_like status = 0 

Pipeline ran okay.
Likelihood mass_function_like_m_n = -5406.890165425837
Posterior = -5400.210861228284 for parameter set #97: [0.3000003890354709, 0.8004337421008736, -0.9995]
Running module mass_function_like
Model N: 2868511.8056830433
Done mass_function_like status = 0 

Pipeline ran okay.
Likelihood mass_function_like_m_n = -4651.398212134838
Posterior = -4644.728196631863 for parameter set #98: [0.30136298901942926, 0.8003188695303164, -0.9995]
Running module mass_function_like
Model N: 2848180.6654389375
Done mass_function_like status = 0 

Pipeline ran okay.
Likelihood mass_function_like_m_n = -5895.640974164009
Posterior = -5888.963176121573 for parameter set #98: [0.3005488453105213, 0.7991028460530661, -0.9995]
Running module mass_function_like
Model N: 2848977.2389920796
Done mass_function_like status = 0 

Pipeline ran okay.
Likelihood mass_function_like_m_n = -5843.9966795146465
Posterior = -5837.3173836761725 for parameter set #98: [0.3000408896950926, 0.799698667365809, -0.9995]
Running module mass_function_like
Model N: 2866114.3622042187
Done mass_function_like status = 0 

Pipeline ran okay.
Likelihood mass_function_like_m_n = -4790.152216732502
Posterior = -4783.482541044798 for parameter set #98: [0.3013876966964119, 0.8000530797429405, -0.9995]
Running module mass_function_like
Model N: 2847574.8270283034
Done mass_function_like status = 0 

Pipeline ran okay.
Likelihood mass_function_like_m_n = -5935.078166611493
Posterior = -5928.406137629359 for parameter set #99: [0.2987937482702841, 0.8008486450362563, -0.9995]
Running module mass_function_like
Model N: 2853425.812540895
Done mass_function_like status = 0 

Pipeline ran okay.
Likelihood mass_function_like_m_n = -5559.938295200467
Posterior = -5553.260780704986 for parameter set #99: [0.3005982813433496, 0.7995797410404974, -0.9995]
Running module mass_function_like
Model N: 2864662.567195102
Done mass_function_like status = 0 

Pipeline ran okay.
Likelihood mass_function_like_m_n = -4875.207561284304
Posterior = -4868.536328416578 for parameter set #99: [0.30127053772748263, 0.8000262681882997, -0.9995]
Running module mass_function_like
Model N: 2853317.538000981
Done mass_function_like status = 0 

Pipeline ran okay.
Likelihood mass_function_like_m_n = -5566.764406941831
Posterior = -5560.085402264408 for parameter set #99: [0.30024475329914496, 0.7999279199759519, -0.9995]
Running module mass_function_like
Model N: 2859587.242390917
Done mass_function_like status = 0 

Pipeline ran okay.
Likelihood mass_function_like_m_n = -5178.679747804999
Posterior = -5172.000535857522 for parameter set #100: [0.29986416860996085, 0.8009469034744747, -0.9995]
Running module mass_function_like
Model N: 2866135.9789025555
Done mass_function_like status = 0 

Pipeline ran okay.
Likelihood mass_function_like_m_n = -4788.891656018794
Posterior = -4782.21465734504 for parameter set #100: [0.3006790470611759, 0.8007753706619976, -0.9995]
Running module mass_function_like
Model N: 2852517.9755410734
Done mass_function_like status = 0 

Pipeline ran okay.
Likelihood mass_function_like_m_n = -5617.307645596564
Posterior = -5610.630245715624 for parameter set #100: [0.3006171413728728, 0.7994693327285477, -0.9995]
Running module mass_function_like
Model N: 2862941.5385261863
Done mass_function_like status = 0 

Pipeline ran okay.
Likelihood mass_function_like_m_n = -4977.045557744801
Posterior = -4970.367215995644 for parameter set #100: [0.3004387366302162, 0.8006987920660068, -0.9995]
Running module mass_function_like
Model N: 2854547.506625571
Done mass_function_like status = 0 

Pipeline ran okay.
Likelihood mass_function_like_m_n = -5489.478606708348
Posterior = -5482.800136042803 for parameter set #101: [0.3004082971382697, 0.7998855019488771, -0.9995]
Running module mass_function_like
Model N: 2860427.808977136
Done mass_function_like status = 0 

Pipeline ran okay.
Likelihood mass_function_like_m_n = -5127.759916827083
Posterior = -5121.081869033077 for parameter set #101: [0.30050127922459335, 0.8003822994713662, -0.9995]
Running module mass_function_like
Model N: 2852954.149853255
Done mass_function_like status = 0 

Pipeline ran okay.
Likelihood mass_function_like_m_n = -5589.705953329802
Posterior = -5583.026805232492 for parameter set #101: [0.300176692388264, 0.7999605710112062, -0.9995]
Running module mass_function_like
Model N: 2859539.172286533
Done mass_function_like status = 0 

Pipeline ran okay.
Likelihood mass_function_like_m_n = -5181.599659137428
Posterior = -5174.921528090219 for parameter set #101: [0.3004843864368973, 0.8003101410093807, -0.9995]
Running module mass_function_like
Model N: 2865465.328760401
Done mass_function_like status = 0 

Pipeline ran okay.
Likelihood mass_function_like_m_n = -4828.080464944243
Posterior = -4821.408255308995 for parameter set #102: [0.3011911811836603, 0.8001875143722152, -0.9995]
Running module mass_function_like
Model N: 2830298.1676291423
Done mass_function_like status = 0 

Pipeline ran okay.
Likelihood mass_function_like_m_n = -7117.718208692968
Posterior = -7111.042249355653 for parameter set #102: [0.2991820927930391, 0.7987104388242852, -0.9995]
Running module mass_function_like
Model N: 2835105.2115400964
Done mass_function_like status = 0 

Pipeline ran okay.
Likelihood mass_function_like_m_n = -6777.371424347162
Posterior = -6770.697337804598 for parameter set #102: [0.29897846627607555, 0.7994020763649149, -0.9995]
Running module mass_function_like
Model N: 2875931.3055287357
Done mass_function_like status = 0 

Pipeline ran okay.
Likelihood mass_function_like_m_n = -4235.398044914007
Posterior = -4228.718742598875 for parameter set #102: [0.30001940709952196, 0.80243563558592, -0.9995]
Running module mass_function_like
Model N: 2849788.624119856
Done mass_function_like status = 0 

Pipeline ran okay.
Likelihood mass_function_like_m_n = -5791.635887622833
Posterior = -5784.95673122779 for parameter set #103: [0.3001719321187991, 0.7996470093468975, -0.9995]
Running module mass_function_like
Model N: 2868471.476801646
Done mass_function_like status = 0 

Pipeline ran okay.
Likelihood mass_function_like_m_n = -4653.714748062193
Posterior = -4647.0529441031 for parameter set #103: [0.30187084148004845, 0.7997998897829875, -0.9995]
Running module mass_function_like
Model N: 2854416.089855291
Done mass_function_like status = 0 

Pipeline ran okay.
Likelihood mass_function_like_m_n = -5497.7093774825335
Posterior = -5491.030075352319 for parameter set #103: [0.29997966237177376, 0.8003084590684246, -0.9995]
Running module mass_function_like
Model N: 2852479.388454344
Done mass_function_like status = 0 

Pipeline ran okay.
Likelihood mass_function_like_m_n = -5619.752902209759
Posterior = -5613.07359915762 for parameter set #103: [0.3000151404878469, 0.8000773958844126, -0.9995]
Running module mass_function_like
Model N: 2857314.1147058406
Done mass_function_like status = 0 

Pipeline ran okay.
Likelihood mass_function_like_m_n = -5317.694406226277
Posterior = -5311.015104439305 for parameter set #104: [0.30002196059360453, 0.8005570455654971, -0.9995]
Running module mass_function_like
Model N: 2845118.429647946
Done mass_function_like status = 0 

Pipeline ran okay.
Likelihood mass_function_like_m_n = -6096.385447591543
Posterior = -6089.7073072391895 for parameter set #104: [0.2995175384043546, 0.7998623177713723, -0.9995]
Running module mass_function_like
Model N: 2848827.903337653
Done mass_function_like status = 0 

Pipeline ran okay.
Likelihood mass_function_like_m_n = -5853.660501286387
Posterior = -5846.981206685009 for parameter set #104: [0.30004381080291403, 0.799680660088705, -0.9995]
Running module mass_function_like
Model N: 2855490.8530451814
Done mass_function_like status = 0 

Pipeline ran okay.
Likelihood mass_function_like_m_n = -5430.584498360753
Posterior = -5423.90520077261 for parameter set #104: [0.30003635977831206, 0.8003587462364077, -0.9995]
Running module mass_function_like
Model N: 2854705.403846683
Done mass_function_like status = 0 

Pipeline ran okay.
Likelihood mass_function_like_m_n = -5479.597839899361
Posterior = -5472.919152834769 for parameter set #105: [0.29964867857506267, 0.8006945439802524, -0.9995]
Running module mass_function_like
Model N: 2849089.176261585
Done mass_function_like status = 0 

Pipeline ran okay.
Likelihood mass_function_like_m_n = -5836.758450061083
Posterior = -5830.081073406859 for parameter set #105: [0.30062089356358335, 0.7991210073478519, -0.9995]
Running module mass_function_like
Model N: 2852998.4581223344
Done mass_function_like status = 0 

Pipeline ran okay.
Likelihood mass_function_like_m_n = -5586.9060342386365
Posterior = -5580.226765778212 for parameter set #105: [0.30008454334446955, 0.8000587660137255, -0.9995]
Running module mass_function_like
Model N: 2851911.189066825
Done mass_function_like status = 0 

Pipeline ran okay.
Likelihood mass_function_like_m_n = -5655.823865629733
Posterior = -5649.144760133598 for parameter set #105: [0.2998006499687501, 0.8002383825207717, -0.9995]
Running module mass_function_like
Model N: 2840322.2930721785
Done mass_function_like status = 0 

Pipeline ran okay.
Likelihood mass_function_like_m_n = -6417.860042661428
Posterior = -6411.182327477391 for parameter set #106: [0.2994362599406996, 0.799461808003677, -0.9995]
Running module mass_function_like
Model N: 2841787.9601147766
Done mass_function_like status = 0 

Pipeline ran okay.
Likelihood mass_function_like_m_n = -6318.703250519931
Posterior = -6312.02548893532 for parameter set #106: [0.2994445517667868, 0.7996009966765565, -0.9995]
Running module mass_function_like
Model N: 2852213.6394105065
Done mass_function_like status = 0 

Pipeline ran okay.
Likelihood mass_function_like_m_n = -5636.608446240425
Posterior = -5629.930434435553 for parameter set #106: [0.30050840799332335, 0.7995491722057131, -0.9995]
Running module mass_function_like
Model N: 2844282.530115257
Done mass_function_like status = 0 

Pipeline ran okay.
Likelihood mass_function_like_m_n = -6151.792921945453
Posterior = -6145.114892120595 for parameter set #106: [0.29949514884315054, 0.7998007985284138, -0.9995]
Running module mass_function_like
Model N: 2858927.4532342553
Done mass_function_like status = 0 

Pipeline ran okay.
Likelihood mass_function_like_m_n = -5218.8320383653045
Posterior = -5212.153431911957 for parameter set #107: [0.3003735625685742, 0.8003613442439, -0.9995]
Running module mass_function_like
Model N: 2846674.0707652243
Done mass_function_like status = 0 

Pipeline ran okay.
Likelihood mass_function_like_m_n = -5993.966947205365
Posterior = -5987.287684558991 for parameter set #107: [0.30009116132553365, 0.7994157914726195, -0.9995]
Running module mass_function_like
Model N: 2851266.6322411085
Done mass_function_like status = 0 

Pipeline ran okay.
Likelihood mass_function_like_m_n = -5696.887987144291
Posterior = -5690.208864078413 for parameter set #107: [0.3001903325677704, 0.7997770200783779, -0.9995]
Running module mass_function_like
Model N: 2844779.938032847
Done mass_function_like status = 0 

Pipeline ran okay.
Likelihood mass_function_like_m_n = -6118.7907588630915
Posterior = -6112.112635623332 for parameter set #107: [0.3004859955865364, 0.7988249017749453, -0.9995]
Running module mass_function_like
Model N: 2864389.8592777783
Done mass_function_like status = 0 

Pipeline ran okay.
Likelihood mass_function_like_m_n = -4891.271409004927
Posterior = -4884.593543764359 for parameter set #108: [0.3005364620662209, 0.8007450228970392, -0.9995]
Running module mass_function_like
Model N: 2843163.383012355
Done mass_function_like status = 0 

Pipeline ran okay.
Likelihood mass_function_like_m_n = -6226.38562990725
Posterior = -6219.706995071827 for parameter set #108: [0.2996341139830122, 0.7995465622419834, -0.9995]
Running module mass_function_like
Model N: 2870480.515554429
Done mass_function_like status = 0 

Pipeline ran okay.
Likelihood mass_function_like_m_n = -4539.042010188103
Posterior = -4532.369195501267 for parameter set #108: [0.3011392551492197, 0.8007440286569318, -0.9995]
Running module mass_function_like
Model N: 2849643.267536467
Done mass_function_like status = 0 

Pipeline ran okay.
Likelihood mass_function_like_m_n = -5800.99804251641
Posterior = -5794.3191214924 for parameter set #108: [0.299723169979916, 0.8001085470362623, -0.9995]
Running module mass_function_like
Model N: 2848101.695904167
Done mass_function_like status = 0 

Pipeline ran okay.
Likelihood mass_function_like_m_n = -5900.773734472692
Posterior = -5894.0944377506 for parameter set #109: [0.29996133161967514, 0.7996915099181874, -0.9995]
Running module mass_function_like
Model N: 2847027.1423374643
Done mass_function_like status = 0 

Pipeline ran okay.
Likelihood mass_function_like_m_n = -5970.847991853952
Posterior = -5964.168805245217 for parameter set #109: [0.30015335551850525, 0.7993882365323354, -0.9995]
Running module mass_function_like
Model N: 2870989.076740143
Done mass_function_like status = 0 

Pipeline ran okay.
Likelihood mass_function_like_m_n = -4510.249896377325
Posterior = -4503.570818263243 for parameter set #109: [0.2997873574698054, 0.802174616659885, -0.9995]
Running module mass_function_like
Model N: 2846377.786524091
Done mass_function_like status = 0 

Pipeline ran okay.
Likelihood mass_function_like_m_n = -6013.403502896428
Posterior = -6006.749236759956 for parameter set #109: [0.302237769507258, 0.7972180957509704, -0.9995]
Running module mass_function_like
Model N: 2831972.4644516692
Done mass_function_like status = 0 

Pipeline ran okay.
Likelihood mass_function_like_m_n = -6998.183640182018
Posterior = -6991.50502419459 for parameter set #110: [0.2996289984146045, 0.7984254300175915, -0.9995]
Running module mass_function_like
Model N: 2856063.6080398704
Done mass_function_like status = 0 

Pipeline ran okay.
Likelihood mass_function_like_m_n = -5394.9883320480585
Posterior = -5388.310478379489 for parameter set #110: [0.300538614842127, 0.7999055344643489, -0.9995]
Running module mass_function_like
Model N: 2855391.4975621873
Done mass_function_like status = 0 

Pipeline ran okay.
Likelihood mass_function_like_m_n = -5436.771764531732
Posterior = -5430.102531439205 for parameter set #110: [0.30141923259432635, 0.7989454587615307, -0.9995]
Running module mass_function_like
Model N: 2856010.5952058495
Done mass_function_like status = 0 

Pipeline ran okay.
Likelihood mass_function_like_m_n = -5398.277904547751
Posterior = -5391.599676252755 for parameter set #110: [0.3004638756975917, 0.799976160491553, -0.9995]
Running module mass_function_like
Model N: 2859144.357499145
Done mass_function_like status = 0 

Pipeline ran okay.
Likelihood mass_function_like_m_n = -5205.6142378002405
Posterior = -5198.935115188755 for parameter set #111: [0.3001905711545242, 0.8005694948128816, -0.9995]
Running module mass_function_like
Model N: 2852563.3980779517
Done mass_function_like status = 0 

Pipeline ran okay.
Likelihood mass_function_like_m_n = -5614.42993902415
Posterior = -5607.751307562912 for parameter set #111: [0.2996331929467256, 0.8004941744638684, -0.9995]
Running module mass_function_like
Model N: 2846483.492949985
Done mass_function_like status = 0 

Pipeline ran okay.
Likelihood mass_function_like_m_n = -6006.46528019011
Posterior = -5999.785977455083 for parameter set #111: [0.29998289278700285, 0.7995067333617197, -0.9995]
Running module mass_function_like
Model N: 2868094.0722860717
Done mass_function_like status = 0 

Pipeline ran okay.
Likelihood mass_function_like_m_n = -4675.422345876694
Posterior = -4668.743473121155 for parameter set #111: [0.3002937491350709, 0.8013650972764195, -0.9995]
Running module mass_function_like
Model N: 2853885.320990039
Done mass_function_like status = 0 

Pipeline ran okay.
Likelihood mass_function_like_m_n = -5531.017419792712
Posterior = -5524.338126739339 for parameter set #112: [0.29995278784538626, 0.8002823363137787, -0.9995]
Running module mass_function_like
Model N: 2851101.6777531933
Done mass_function_like status = 0 

Pipeline ran okay.
Likelihood mass_function_like_m_n = -5707.421993806958
Posterior = -5700.742690365986 for parameter set #112: [0.30001230721533095, 0.7999415750847956, -0.9995]
Running module mass_function_like
Model N: 2849089.5803348464
Done mass_function_like status = 0 

Pipeline ran okay.
Likelihood mass_function_like_m_n = -5836.7323298454285
Posterior = -5830.054513734287 for parameter set #112: [0.30054554324651345, 0.7991975387070578, -0.9995]
Running module mass_function_like
Model N: 2851344.5912264204
Done mass_function_like status = 0 

Pipeline ran okay.
Likelihood mass_function_like_m_n = -5691.913053065538
Posterior = -5685.233777559207 for parameter set #112: [0.29992424780050725, 0.8000556271088101, -0.9995]
Running module mass_function_like
Model N: 2855093.2738882587
Done mass_function_like status = 0 

Pipeline ran okay.
Likelihood mass_function_like_m_n = -5455.365410484374
Posterior = -5448.686110343824 for parameter set #113: [0.29997151224449453, 0.8003849425638093, -0.9995]
Running module mass_function_like
Model N: 2851515.853657356
Done mass_function_like status = 0 

Pipeline ran okay.
Likelihood mass_function_like_m_n = -5680.991943769157
Posterior = -5674.313622463447 for parameter set #113: [0.30044337176293656, 0.7995451115655937, -0.9995]
Running module mass_function_like
Model N: 2863418.49711469
Done mass_function_like status = 0 

Pipeline ran okay.
Likelihood mass_function_like_m_n = -4948.712868906558
Posterior = -4942.035781787539 for parameter set #113: [0.3006658947803194, 0.8005154596345236, -0.9995]
Running module mass_function_like
Model N: 2846149.397986717
Done mass_function_like status = 0 

Pipeline ran okay.
Likelihood mass_function_like_m_n = -6028.408460594714
Posterior = -6021.738321884189 for parameter set #113: [0.2986460806681677, 0.8008556927712681, -0.9995]
Running module mass_function_like
Model N: 2856375.9710010327
Done mass_function_like status = 0 

Pipeline ran okay.
Likelihood mass_function_like_m_n = -5375.626685619354
Posterior = -5368.947436937127 for parameter set #114: [0.3001053718024003, 0.8003776328822387, -0.9995]
Running module mass_function_like
Model N: 2839530.9161448404
Done mass_function_like status = 0 

Pipeline ran okay.
Likelihood mass_function_like_m_n = -6471.734813600779
Posterior = -6465.05607375689 for parameter set #114: [0.2996640373764841, 0.7991504674406937, -0.9995]
Running module mass_function_like
Model N: 2864722.1684797737
Done mass_function_like status = 0 

Pipeline ran okay.
Likelihood mass_function_like_m_n = -4871.700410857797
Posterior = -4865.022681683482 for parameter set #114: [0.30056125288339075, 0.8007531823884794, -0.9995]
Running module mass_function_like
Model N: 2855512.2653485886
Done mass_function_like status = 0 

Pipeline ran okay.
Likelihood mass_function_like_m_n = -5429.2515489682555
Posterior = -5422.5726660641385 for parameter set #114: [0.30029027373066314, 0.8001023863145088, -0.9995]
Running module mass_function_like
Model N: 2853651.9137620893
Done mass_function_like status = 0 

Pipeline ran okay.
Likelihood mass_function_like_m_n = -5545.69794420898
Posterior = -5539.01875155457 for parameter set #115: [0.30014936124034725, 0.8000586260537655, -0.9995]
Running module mass_function_like
Model N: 2842675.1025662366
Done mass_function_like status = 0 

Pipeline ran okay.
Likelihood mass_function_like_m_n = -6259.07743499428
Posterior = -6252.398159613802 for parameter set #115: [0.29992408184451486, 0.7991833069318357, -0.9995]
Running module mass_function_like
Model N: 2854429.4093753393
Done mass_function_like status = 0 

Pipeline ran okay.
Likelihood mass_function_like_m_n = -5496.874869123101
Posterior = -5490.195570335465 for parameter set #115: [0.3000328958184062, 0.800255509552663, -0.9995]
Running module mass_function_like
Model N: 2853457.5066094315
Done mass_function_like status = 0 

Pipeline ran okay.
Likelihood mass_function_like_m_n = -5557.940985567868
Posterior = -5551.261867612303 for parameter set #115: [0.2998070011682682, 0.8003876893671324, -0.9995]
Running module mass_function_like
Model N: 2843713.7133104703
Done mass_function_like status = 0 

Pipeline ran okay.
Likelihood mass_function_like_m_n = -6189.646642960608
Posterior = -6182.967352615647 for parameter set #116: [0.29994736284762613, 0.7992642869209033, -0.9995]
Running module mass_function_like
Model N: 2849927.9972095173
Done mass_function_like status = 0 

Pipeline ran okay.
Likelihood mass_function_like_m_n = -5782.666529580951
Posterior = -5775.9873598489885 for parameter set #116: [0.2998360083248072, 0.800002695303537, -0.9995]
Running module mass_function_like
Model N: 2845725.0833196607
Done mass_function_like status = 0 

Pipeline ran okay.
Likelihood mass_function_like_m_n = -6056.337474569678
Posterior = -6049.659411497498 for parameter set #116: [0.29950177793506594, 0.799939430330865, -0.9995]
Running module mass_function_like
Model N: 2851103.649761248
Done mass_function_like status = 0 

Pipeline ran okay.
Likelihood mass_function_like_m_n = -5707.296001248062
Posterior = -5700.616714620171 for parameter set #116: [0.3000592797076548, 0.7998940832655876, -0.9995]
Running module mass_function_like
Model N: 2861766.2375628105
Done mass_function_like status = 0 

Pipeline ran okay.
Likelihood mass_function_like_m_n = -5047.221137456596
Posterior = -5040.542691747164 for parameter set #117: [0.300414364303196, 0.8006055131659683, -0.9995]
Running module mass_function_like
Model N: 2852500.314498109
Done mass_function_like status = 0 

Pipeline ran okay.
Likelihood mass_function_like_m_n = -5618.426753774285
Posterior = -5611.749332541725 for parameter set #117: [0.3006136718585421, 0.7994711798844432, -0.9995]
Running module mass_function_like
Model N: 2843318.8884019707
Done mass_function_like status = 0 

Pipeline ran okay.
Likelihood mass_function_like_m_n = -6215.9928732812405
Posterior = -6209.313653913651 for parameter set #117: [0.2998697458477147, 0.7993032295360399, -0.9995]
Running module mass_function_like
Model N: 2856439.969735512
Done mass_function_like status = 0 

Pipeline ran okay.
Likelihood mass_function_like_m_n = -5371.66423689574
Posterior = -5364.9865901304875 for parameter set #117: [0.3005757487399923, 0.7999055359773302, -0.9995]
Running module mass_function_like
Model N: 2850718.8537198384
Done mass_function_like status = 0 

Pipeline ran okay.
Likelihood mass_function_like_m_n = -5731.908294253051
Posterior = -5725.231510620028 for parameter set #118: [0.29928999080483476, 0.8006586426598298, -0.9995]
Running module mass_function_like
Model N: 2862303.3924684394
Done mass_function_like status = 0 

Pipeline ran okay.
Likelihood mass_function_like_m_n = -5015.0849141180515
Posterior = -5008.407267431373 for parameter set #118: [0.30057576238697625, 0.8004950312321002, -0.9995]
Running module mass_function_like
Model N: 2860828.166187914
Done mass_function_like status = 0 

Pipeline ran okay.
Likelihood mass_function_like_m_n = -5103.599182322621
Posterior = -5096.924679116331 for parameter set #118: [0.3009798971394966, 0.7999360916761927, -0.9995]
Running module mass_function_like
Model N: 2854981.0253641126
Done mass_function_like status = 0 

Pipeline ran okay.
Likelihood mass_function_like_m_n = -5462.372452132404
Posterior = -5455.693492522295 for parameter set #118: [0.3002625216948508, 0.8000773174366795, -0.9995]
Running module mass_function_like
Model N: 2856793.982190059
Done mass_function_like status = 0 

Pipeline ran okay.
Likelihood mass_function_like_m_n = -5349.773242607713
Posterior = -5343.094887984152 for parameter set #119: [0.2995642076759068, 0.8009910610351773, -0.9995]
Running module mass_function_like
Model N: 2850139.213250708
Done mass_function_like status = 0 

Pipeline ran okay.
Likelihood mass_function_like_m_n = -5769.087543994188
Posterior = -5762.408240764771 for parameter set #119: [0.30001392043611813, 0.7998431368811353, -0.9995]
Running module mass_function_like
Model N: 2855975.3303620857
Done mass_function_like status = 0 

Pipeline ran okay.
Likelihood mass_function_like_m_n = -5400.466750852764
Posterior = -5393.787745943355 for parameter set #119: [0.3002446584974067, 0.8001954307312658, -0.9995]
Running module mass_function_like
Model N: 2872554.4601701307
Done mass_function_like status = 0 

Pipeline ran okay.
Likelihood mass_function_like_m_n = -4422.223164051771
Posterior = -4415.543862037844 for parameter set #119: [0.3000209015932523, 0.8020935323674957, -0.9995]
Running module mass_function_like
Model N: 2873239.351954988
Done mass_function_like status = 0 

Pipeline ran okay.
Likelihood mass_function_like_m_n = -4383.992742300034
Posterior = -4377.321951105012 for parameter set #120: [0.3013048374066489, 0.8008527676477608, -0.9995]
Running module mass_function_like
Model N: 2853317.5504271286
Done mass_function_like status = 0 

Pipeline ran okay.
Likelihood mass_function_like_m_n = -5566.7636232972145
Posterior = -5560.086050861902 for parameter set #120: [0.300588517288983, 0.7995787971784519, -0.9995]
Running module mass_function_like
Model N: 2853670.8464381425
Done mass_function_like status = 0 

Pipeline ran okay.
Likelihood mass_function_like_m_n = -5544.506386771798
Posterior = -5537.828505623971 for parameter set #120: [0.3005334886096115, 0.7996700883854616, -0.9995]
Running module mass_function_like
Model N: 2855402.71771461
Done mass_function_like status = 0 

Pipeline ran okay.
Likelihood mass_function_like_m_n = -5436.072856500745
Posterior = -5429.39374368311 for parameter set #120: [0.30019564287626216, 0.80018770877858, -0.9995]
Running module mass_function_like
Model N: 2859693.343890687
Done mass_function_like status = 0 

Pipeline ran okay.
Likelihood mass_function_like_m_n = -5172.237882561982
Posterior = -5165.560837611512 for parameter set #121: [0.30067219756627384, 0.8001346177966512, -0.9995]
Running module mass_function_like
Model N: 2854822.217337174
Done mass_function_like status = 0 

Pipeline ran okay.
Likelihood mass_function_like_m_n = -5472.293950274587
Posterior = -5465.615401050186 for parameter set #121: [0.3003885804703949, 0.7999332557500067, -0.9995]
Running module mass_function_like
Model N: 2844429.5465570367
Done mass_function_like status = 0 

Pipeline ran okay.
Likelihood mass_function_like_m_n = -6142.028977133334
Posterior = -6135.361124809607 for parameter set #121: [0.29848660153405304, 0.8008451597088246, -0.9995]
Running module mass_function_like
Model N: 2853619.1220362815
Done mass_function_like status = 0 

Pipeline ran okay.
Likelihood mass_function_like_m_n = -5547.762058392167
Posterior = -5541.082773145624 for parameter set #121: [0.2999384341544743, 0.8002702755337369, -0.9995]
Running module mass_function_like
Model N: 2846707.6483338494
Done mass_function_like status = 0 

Pipeline ran okay.
Likelihood mass_function_like_m_n = -5991.766296692193
Posterior = -5985.087562783495 for parameter set #122: [0.29966227537483653, 0.7998747759489129, -0.9995]
Running module mass_function_like
Model N: 2839648.795007005
Done mass_function_like status = 0 

Pipeline ran okay.
Likelihood mass_function_like_m_n = -6463.695013716817
Posterior = -6457.017703830329 for parameter set #122: [0.2993684444882484, 0.7994630814489101, -0.9995]
Running module mass_function_like
Model N: 2869222.863133163
Done mass_function_like status = 0 

Pipeline ran okay.
Likelihood mass_function_like_m_n = -4610.652740813792
Posterior = -4603.992959214437 for parameter set #122: [0.301975985777036, 0.7997690591786446, -0.9995]
Running module mass_function_like
Model N: 2864586.0920937015
Done mass_function_like status = 0 

Pipeline ran okay.
Likelihood mass_function_like_m_n = -4879.709550015628
Posterior = -4873.030477052347 for parameter set #122: [0.30021505117038993, 0.8010922886680303, -0.9995]
Running module mass_function_like
Model N: 2852669.8751079314
Done mass_function_like status = 0 

Pipeline ran okay.
Likelihood mass_function_like_m_n = -5607.687190949917
Posterior = -5601.008345414781 for parameter set #123: [0.3003028739587521, 0.7998036564521791, -0.9995]
Running module mass_function_like
Model N: 2845199.2771115997
Done mass_function_like status = 0 

Pipeline ran okay.
Likelihood mass_function_like_m_n = -6091.040374688804
Posterior = -6084.36158245367 for parameter set #123: [0.2996800115076915, 0.7997047931971436, -0.9995]
Running module mass_function_like
Model N: 2842686.2490355726
Done mass_function_like status = 0 

Pipeline ran okay.
Likelihood mass_function_like_m_n = -6258.3301481977105
Posterior = -6251.652217017103 for parameter set #123: [0.29947597372146856, 0.7996595263626913, -0.9995]
Running module mass_function_like
Model N: 2885420.4585119043
Done mass_function_like status = 0 

Pipeline ran okay.
Likelihood mass_function_like_m_n = -3732.7626865133643
Posterior = -3726.0869961721423 for parameter set #123: [0.30085015964242406, 0.8025413910622625, -0.9995]
Running module mass_function_like
Model N: 2849451.472030498
Done mass_function_like status = 0 

Pipeline ran okay.
Likelihood mass_function_like_m_n = -5813.363321729004
Posterior = -5806.68529771396 for parameter set #124: [0.3005060006454291, 0.7992739809075157, -0.9995]
Running module mass_function_like
Model N: 2858488.1612298153
Done mass_function_like status = 0 

Pipeline ran okay.
Likelihood mass_function_like_m_n = -5245.6552849859
Posterior = -5238.976917584153 for parameter set #124: [0.3004328502196577, 0.8002568401464509, -0.9995]
Running module mass_function_like
Model N: 2865538.6678659185
Done mass_function_like status = 0 

Pipeline ran okay.
Likelihood mass_function_like_m_n = -4823.786873400211
Posterior = -4817.112305099868 for parameter set #124: [0.3009732315208911, 0.8004161342883576, -0.9995]
Running module mass_function_like
Model N: 2868017.799981288
Done mass_function_like status = 0 

Pipeline ran okay.
Likelihood mass_function_like_m_n = -4679.815764725208
Posterior = -4673.1420113755075 for parameter set #124: [0.30105364591863537, 0.8005833955780935, -0.9995]
Running module mass_function_like
Model N: 2842845.773580775
Done mass_function_like status = 0 

Pipeline ran okay.
Likelihood mass_function_like_m_n = -6247.6403388902545
Posterior = -6240.961139510039 for parameter set #125: [0.3001447881867889, 0.7989763101721121, -0.9995]
Running module mass_function_like
Model N: 2845732.6726650153
Done mass_function_like status = 0 

Pipeline ran okay.
Likelihood mass_function_like_m_n = -6055.837340466678
Posterior = -6049.1580434448 for parameter set #125: [0.29996211482699414, 0.7994523860819095, -0.9995]
Running module mass_function_like
Model N: 2856670.6764950757
Done mass_function_like status = 0 

Pipeline ran okay.
Likelihood mass_function_like_m_n = -5357.39278408885
Posterior = -5350.714458504846 for parameter set #125: [0.29955759423454215, 0.800985415296535, -0.9995]
Running module mass_function_like
Model N: 2826733.496089824
Done mass_function_like status = 0 

Pipeline ran okay.
Likelihood mass_function_like_m_n = -7375.75130738318
Posterior = -7369.072130388495 for parameter set #125: [0.299840498510664, 0.7976650254677619, -0.9995]
Running module mass_function_like
Model N: 2855770.2453610287
Done mass_function_like status = 0 

Pipeline ran okay.
Likelihood mass_function_like_m_n = -5413.20529512316
Posterior = -5406.52840931656 for parameter set #126: [0.3006954698714297, 0.7997167182502923, -0.9995]
Running module mass_function_like
Model N: 2856613.7438861243
Done mass_function_like status = 0 

Pipeline ran okay.
Likelihood mass_function_like_m_n = -5360.912779867649
Posterior = -5354.23512287088 for parameter set #126: [0.30057396890886184, 0.7999248420806084, -0.9995]
Running module mass_function_like
Model N: 2851858.277927429
Done mass_function_like status = 0 

Pipeline ran okay.
Likelihood mass_function_like_m_n = -5659.188947252929
Posterior = -5652.509946921209 for parameter set #126: [0.2997534775505193, 0.8002811210926549, -0.9995]
Running module mass_function_like
Model N: 2842428.93847737
Done mass_function_like status = 0 

Pipeline ran okay.
Likelihood mass_function_like_m_n = -6275.5927713140845
Posterior = -6268.913479444859 for parameter set #126: [0.2999503430066334, 0.7991320078611038, -0.9995]
Running module mass_function_like
Model N: 2858932.50005663
Done mass_function_like status = 0 

Pipeline ran okay.
Likelihood mass_function_like_m_n = -5218.524294659495
Posterior = -5211.845616594024 for parameter set #127: [0.3003538736608233, 0.8003819758736122, -0.9995]
Running module mass_function_like
Model N: 2848841.5635787495
Done mass_function_like status = 0 

Pipeline ran okay.
Likelihood mass_function_like_m_n = -5852.77617225796
Posterior = -5846.096980364583 for parameter set #127: [0.2998501301008607, 0.7998790038499982, -0.9995]
Running module mass_function_like
Model N: 2844799.3028435116
Done mass_function_like status = 0 

Pipeline ran okay.
Likelihood mass_function_like_m_n = -6117.507812462747
Posterior = -6110.829800072189 for parameter set #127: [0.2994917072197995, 0.7998562826290326, -0.9995]
Running module mass_function_like
Model N: 2846446.3344279467
Done mass_function_like status = 0 

Pipeline ran okay.
Likelihood mass_function_like_m_n = -6008.903766773641
Posterior = -6002.22520336066 for parameter set #127: [0.29961508823632244, 0.7998965273884135, -0.9995]
Running module mass_function_like
Model N: 2858836.624101671
Done mass_function_like status = 0 

Pipeline ran okay.
Likelihood mass_function_like_m_n = -5224.372207418084
Posterior = -5217.695307048195 for parameter set #128: [0.30069337268782526, 0.8000269196174065, -0.9995]
Running module mass_function_like
Model N: 2850346.442597341
Done mass_function_like status = 0 

Pipeline ran okay.
Likelihood mass_function_like_m_n = -5755.781050905585
Posterior = -5749.103393846541 for parameter set #128: [0.29942604194131567, 0.8004823397456622, -0.9995]
Running module mass_function_like
Model N: 2873407.177106802
Done mass_function_like status = 0 

Pipeline ran okay.
Likelihood mass_function_like_m_n = -4374.651094183326
Posterior = -4367.9842768019325 for parameter set #128: [0.3015803048387652, 0.8005896624683609, -0.9995]
Running module mass_function_like
Model N: 2858905.510553349
Done mass_function_like status = 0 

Pipeline ran okay.
Likelihood mass_function_like_m_n = -5220.170162841678
Posterior = -5213.490984670963 for parameter set #128: [0.2998412375383045, 0.8009016083229069, -0.9995]
Running module mass_function_like
Model N: 2855676.0355342557
Done mass_function_like status = 0 

Pipeline ran okay.
Likelihood mass_function_like_m_n = -5419.062239296734
Posterior = -5412.382935289657 for parameter set #129: [0.299993815619941, 0.8004208710216857, -0.9995]
Running module mass_function_like
Model N: 2856373.654351563
Done mass_function_like status = 0 

Pipeline ran okay.
Likelihood mass_function_like_m_n = -5375.770148329437
Posterior = -5369.09324264177 for parameter set #129: [0.3006926053196522, 0.799780218041058, -0.9995]
Running module mass_function_like
Model N: 2854652.708924677
Done mass_function_like status = 0 

Pipeline ran okay.
Likelihood mass_function_like_m_n = -5482.894309103489
Posterior = -5476.217361850145 for parameter set #129: [0.30068657774003704, 0.7996134370674528, -0.9995]
Running module mass_function_like
Model N: 2851825.059895351
Done mass_function_like status = 0 

Pipeline ran okay.
Likelihood mass_function_like_m_n = -5661.302105650306
Posterior = -5654.622801452064 for parameter set #129: [0.3000001165891351, 0.800026771696034, -0.9995]
Running module mass_function_like
Model N: 2857863.730650037
Done mass_function_like status = 0 

Pipeline ran okay.
Likelihood mass_function_like_m_n = -5283.906418375671
Posterior = -5277.227453157056 for parameter set #130: [0.30026037653313437, 0.8003692793505938, -0.9995]
Running module mass_function_like
Model N: 2862712.818365768
Done mass_function_like status = 0 

Pipeline ran okay.
Likelihood mass_function_like_m_n = -4990.662045553327
Posterior = -4983.989338477122 for parameter set #130: [0.3011486620134296, 0.7999542052711867, -0.9995]
Running module mass_function_like
Model N: 2865238.18583154
Done mass_function_like status = 0 

Pipeline ran okay.
Likelihood mass_function_like_m_n = -4841.391011349857
Posterior = -4834.712694480628 for parameter set #130: [0.3004443712594266, 0.8009241942388059, -0.9995]
Running module mass_function_like
Model N: 2851350.299266124
Done mass_function_like status = 0 

Pipeline ran okay.
Likelihood mass_function_like_m_n = -5691.548884965479
Posterior = -5684.869902379632 for parameter set #130: [0.30025361879376733, 0.7997211600034932, -0.9995]
Running module mass_function_like
Model N: 2859464.252233496
Done mass_function_like status = 0 

Pipeline ran okay.
Likelihood mass_function_like_m_n = -5186.152219824493
Posterior = -5179.47486354427 for parameter set #131: [0.30062416633801586, 0.8001604405733663, -0.9995]
Running module mass_function_like
Model N: 2849671.0087963175
Done mass_function_like status = 0 

Pipeline ran okay.
Likelihood mass_function_like_m_n = -5799.210668735206
Posterior = -5792.532408561037 for parameter set #131: [0.300456951669421, 0.7993458419113155, -0.9995]
Running module mass_function_like
Model N: 2872648.362575309
Done mass_function_like status = 0 

Pipeline ran okay.
Likelihood mass_function_like_m_n = -4416.971366234124
Posterior = -4410.295425848217 for parameter set #131: [0.30082022099506556, 0.8012866780241914, -0.9995]
Running module mass_function_like
Model N: 2846227.6704932195
Done mass_function_like status = 0 

Pipeline ran okay.
Likelihood mass_function_like_m_n = -6023.263815172017
Posterior = -6016.584613869906 for parameter set #131: [0.2998565453385895, 0.7996094093946914, -0.9995]
Running module mass_function_like
Model N: 2859340.0911066835
Done mass_function_like status = 0 

Pipeline ran okay.
Likelihood mass_function_like_m_n = -5193.7015279605985
Posterior = -5187.022791709335 for parameter set #132: [0.3003370302796649, 0.8004402419267519, -0.9995]
Running module mass_function_like
Model N: 2857086.917946892
Done mass_function_like status = 0 

Pipeline ran okay.
Likelihood mass_function_like_m_n = -5331.694253772497
Posterior = -5325.016442285626 for parameter set #132: [0.300546390234008, 0.8000004642366199, -0.9995]
Running module mass_function_like
Model N: 2853989.0434364756
Done mass_function_like status = 0 

Pipeline ran okay.
Likelihood mass_function_like_m_n = -5524.500140696764
Posterior = -5517.821086834126 for parameter set #132: [0.300223756864609, 0.8000169242717374, -0.9995]
Running module mass_function_like
Model N: 2862121.319774741
Done mass_function_like status = 0 

Pipeline ran okay.
Likelihood mass_function_like_m_n = -5025.965758599341
Posterior = -5019.286455435369 for parameter set #132: [0.30001438289433874, 0.8010489891977262, -0.9995]
Running module mass_function_like
Model N: 2851113.986307899
Done mass_function_like status = 0 

Pipeline ran okay.
Likelihood mass_function_like_m_n = -5706.635617986321
Posterior = -5699.964652605505 for parameter set #133: [0.29870858081987384, 0.8012931649389178, -0.9995]
Running module mass_function_like
Model N: 2838120.6072671893
Done mass_function_like status = 0 

Pipeline ran okay.
Likelihood mass_function_like_m_n = -6568.328917533159
Posterior = -6561.650675574684 for parameter set #133: [0.2995390792182038, 0.7991353030116424, -0.9995]
Running module mass_function_like
Model N: 2835456.6630340246
Done mass_function_like status = 0 

Pipeline ran okay.
Likelihood mass_function_like_m_n = -6752.830508753657
Posterior = -6746.153055034134 for parameter set #133: [0.2993916450399156, 0.7990172337075415, -0.9995]
Running module mass_function_like
Model N: 2879655.782701149
Done mass_function_like status = 0 

Pipeline ran okay.
Likelihood mass_function_like_m_n = -4034.189529247582
Posterior = -4027.5102254398257 for parameter set #133: [0.3000088380297339, 0.8028218843754025, -0.9995]
Running module mass_function_like
Model N: 2853401.374022081
Done mass_function_like status = 0 

Pipeline ran okay.
Likelihood mass_function_like_m_n = -5561.478627182543
Posterior = -5554.799470214626 for parameter set #134: [0.2998284014024208, 0.8003601589862495, -0.9995]
Running module mass_function_like
Model N: 2849191.2004999844
Done mass_function_like status = 0 

Pipeline ran okay.
Likelihood mass_function_like_m_n = -5830.165308132768
Posterior = -5823.4867748729075 for parameter set #134: [0.2996073325962149, 0.8001809169184914, -0.9995]
Running module mass_function_like
Model N: 2854230.4254646683
Done mass_function_like status = 0 

Pipeline ran okay.
Likelihood mass_function_like_m_n = -5509.348692335188
Posterior = -5502.669393676157 for parameter set #134: [0.3000332844674223, 0.8002350409318968, -0.9995]
Running module mass_function_like
Model N: 2842322.1050493494
Done mass_function_like status = 0 

Pipeline ran okay.
Likelihood mass_function_like_m_n = -6282.7673863098025
Posterior = -6276.0899598774095 for parameter set #134: [0.2993871760583515, 0.799713177551857, -0.9995]
Running module mass_function_like
Model N: 2859280.171543101
Done mass_function_like status = 0 

Pipeline ran okay.
Likelihood mass_function_like_m_n = -5197.346833877265
Posterior = -5190.669091414436 for parameter set #135: [0.30055888021613475, 0.8002082791994571, -0.9995]
Running module mass_function_like
Model N: 2850895.5514297807
Done mass_function_like status = 0 

Pipeline ran okay.
Likelihood mass_function_like_m_n = -5720.5995083376765
Posterior = -5713.92109472403 for parameter set #135: [0.30042203901808445, 0.7995044741356336, -0.9995]
Running module mass_function_like
Model N: 2842118.9579545883
Done mass_function_like status = 0 

Pipeline ran okay.
Likelihood mass_function_like_m_n = -6296.421962372959
Posterior = -6289.749369564288 for parameter set #135: [0.2988414328124918, 0.800249169703351, -0.9995]
Running module mass_function_like
Model N: 2855901.793738403
Done mass_function_like status = 0 

Pipeline ran okay.
Likelihood mass_function_like_m_n = -5405.032568052411
Posterior = -5398.353580339022 for parameter set #135: [0.30025158891920994, 0.8001810179716765, -0.9995]
Running module mass_function_like
Model N: 2863614.861234659
Done mass_function_like status = 0 

Pipeline ran okay.
Likelihood mass_function_like_m_n = -4937.072743095458
Posterior = -4930.397320276677 for parameter set #136: [0.30088106521101654, 0.8003164707760779, -0.9995]
Running module mass_function_like
Model N: 2862306.5442336085
Done mass_function_like status = 0 

Pipeline ran okay.
Likelihood mass_function_like_m_n = -5014.8966695815325
Posterior = -5008.227141250387 for parameter set #136: [0.30139827516350653, 0.7996602332479336, -0.9995]
Running module mass_function_like
Model N: 2858035.373219032
Done mass_function_like status = 0 

Pipeline ran okay.
Likelihood mass_function_like_m_n = -5273.377573505044
Posterior = -5266.698727861317 for parameter set #136: [0.3003028381028762, 0.8003434539861104, -0.9995]
Running module mass_function_like
Model N: 2859697.343338117
Done mass_function_like status = 0 

Pipeline ran okay.
Likelihood mass_function_like_m_n = -5171.995141066611
Posterior = -5165.317904836283 for parameter set #136: [0.3006431124290917, 0.8001646679224976, -0.9995]
Running module mass_function_like
Model N: 2865681.5119859013
Done mass_function_like status = 0 

Pipeline ran okay.
Likelihood mass_function_like_m_n = -4815.42985829711
Posterior = -4808.754714173477 for parameter set #137: [0.3009121485271023, 0.8004925781401946, -0.9995]
Running module mass_function_like
Model N: 2851152.939621724
Done mass_function_like status = 0 

Pipeline ran okay.
Likelihood mass_function_like_m_n = -5704.147319495678
Posterior = -5697.468054320731 for parameter set #137: [0.2999116559411097, 0.8000488649541854, -0.9995]
Running module mass_function_like
Model N: 2852145.3603596496
Done mass_function_like status = 0 

Pipeline ran okay.
Likelihood mass_function_like_m_n = -5640.9434023573995
Posterior = -5634.264954476145 for parameter set #137: [0.3004138398375426, 0.7996384106601043, -0.9995]
Running module mass_function_like
Model N: 2847833.360307687
Done mass_function_like status = 0 

Pipeline ran okay.
Likelihood mass_function_like_m_n = -5918.2320918515325
Posterior = -5911.553063542003 for parameter set #137: [0.3002348994594808, 0.7993864027392419, -0.9995]
Running module mass_function_like
Model N: 2851319.4845673274
Done mass_function_like status = 0 

Pipeline ran okay.
Likelihood mass_function_like_m_n = -5693.5149810016155
Posterior = -5686.8357066311255 for parameter set #138: [0.2999227629359208, 0.8000545520125003, -0.9995]
Running module mass_function_like
Model N: 2857715.2376256078
Done mass_function_like status = 0 

Pipeline ran okay.
Likelihood mass_function_like_m_n = -5293.024058543146
Posterior = -5286.347297768937 for parameter set #138: [0.30071322143848384, 0.7998942677083182, -0.9995]
Running module mass_function_like
Model N: 2848155.133857642
Done mass_function_like status = 0 

Pipeline ran okay.
Likelihood mass_function_like_m_n = -5897.300187990069
Posterior = -5890.620890794536 for parameter set #138: [0.29996257600743453, 0.7996955833523213, -0.9995]
Running module mass_function_like
Model N: 2846773.2008457934
Done mass_function_like status = 0 

Pipeline ran okay.
Likelihood mass_function_like_m_n = -5987.471246764064
Posterior = -5980.794469843189 for parameter set #138: [0.2992890460724719, 0.8002617113495889, -0.9995]
Running module mass_function_like
Model N: 2849162.7696528723
Done mass_function_like status = 0 

Pipeline ran okay.
Likelihood mass_function_like_m_n = -5832.00221209228
Posterior = -5825.323178410051 for parameter set #139: [0.30023260098055354, 0.7995223730291101, -0.9995]
Running module mass_function_like
Model N: 2834012.5402339324
Done mass_function_like status = 0 

Pipeline ran okay.
Likelihood mass_function_like_m_n = -6853.9675227329135
Posterior = -6847.294986345191 for parameter set #139: [0.29883657311461626, 0.799436374152693, -0.9995]
Running module mass_function_like
Model N: 2885808.1755986502
Done mass_function_like status = 0 

Pipeline ran okay.
Likelihood mass_function_like_m_n = -3712.924573287368
Posterior = -3706.2662995710157 for parameter set #139: [0.30205087698111194, 0.8013562101460764, -0.9995]
Running module mass_function_like
Model N: 2865093.491228183
Done mass_function_like status = 0 

Pipeline ran okay.
Likelihood mass_function_like_m_n = -4849.88003578037
Posterior = -4843.202526482459 for parameter set #139: [0.3005991494636437, 0.8007518973344147, -0.9995]
Running module mass_function_like
Model N: 2843291.1236398793
Done mass_function_like status = 0 

Pipeline ran okay.
Likelihood mass_function_like_m_n = -6217.847786128521
Posterior = -6211.168736171966 for parameter set #140: [0.29977450421044516, 0.7993972322646984, -0.9995]
Running module mass_function_like
Model N: 2841611.206301419
Done mass_function_like status = 0 

Pipeline ran okay.
Likelihood mass_function_like_m_n = -6330.618377402425
Posterior = -6323.93909292004 for parameter set #140: [0.29993720521503286, 0.7990629660494663, -0.9995]
Running module mass_function_like
Model N: 2864804.6658011563
Done mass_function_like status = 0 

Pipeline ran okay.
Likelihood mass_function_like_m_n = -4866.848143070936
Posterior = -4860.175230931149 for parameter set #140: [0.3011306686979192, 0.8001826773709273, -0.9995]
Running module mass_function_like
Model N: 2885887.3118175794
Done mass_function_like status = 0 

Pipeline ran okay.
Likelihood mass_function_like_m_n = -3708.882181316614
Posterior = -3702.2102716842437 for parameter set #140: [0.30121610574703833, 0.8022143984665164, -0.9995]
Running module mass_function_like
Model N: 2861279.06704372
Done mass_function_like status = 0 

Pipeline ran okay.
Likelihood mass_function_like_m_n = -5076.459369592369
Posterior = -5069.783946522977 for parameter set #141: [0.299118963233597, 0.8018994607270472, -0.9995]
Running module mass_function_like
Model N: 2867494.793185622
Done mass_function_like status = 0 

Pipeline ran okay.
Likelihood mass_function_like_m_n = -4709.999671600759
Posterior = -4703.324094283708 for parameter set #141: [0.3008633517544802, 0.8007245003529592, -0.9995]
Running module mass_function_like
Model N: 2855498.8450622577
Done mass_function_like status = 0 

Pipeline ran okay.
Likelihood mass_function_like_m_n = -5430.086962841451
Posterior = -5423.420247193702 for parameter set #141: [0.3015867293758621, 0.798786871037875, -0.9995]
Running module mass_function_like
Model N: 2833457.8455522195
Done mass_function_like status = 0 

Pipeline ran okay.
Likelihood mass_function_like_m_n = -6893.024068921804
Posterior = -6886.344869707937 for parameter set #141: [0.29985509696841783, 0.7983261107265317, -0.9995]
Running module mass_function_like
Model N: 2856972.0680904337
Done mass_function_like status = 0 

Pipeline ran okay.
Likelihood mass_function_like_m_n = -5338.778592020273
Posterior = -5332.101724613029 for parameter set #142: [0.300698110459079, 0.7998346859962707, -0.9995]
Running module mass_function_like
Model N: 2836600.6334721935
Done mass_function_like status = 0 

Pipeline ran okay.
Likelihood mass_function_like_m_n = -6673.2727697864175
Posterior = -6666.596065477574 for parameter set #142: [0.2992789050733932, 0.7992468759401622, -0.9995]
Running module mass_function_like
Model N: 2857631.7098246356
Done mass_function_like status = 0 

Pipeline ran okay.
Likelihood mass_function_like_m_n = -5298.156359389424
Posterior = -5291.477197736293 for parameter set #142: [0.29983115381014985, 0.800783592939809, -0.9995]
Running module mass_function_like
Model N: 2840726.8871598155
Done mass_function_like status = 0 

Pipeline ran okay.
Likelihood mass_function_like_m_n = -6390.407362177968
Posterior = -6383.73117542064 for parameter set #142: [0.2992103873123352, 0.799732456909067, -0.9995]
Running module mass_function_like
Model N: 2843574.8186724903
Done mass_function_like status = 0 

Pipeline ran okay.
Likelihood mass_function_like_m_n = -6198.908261232078
Posterior = -6192.229721898216 for parameter set #143: [0.29960888251185747, 0.7996137318923909, -0.9995]
Running module mass_function_like
Model N: 2849314.14441718
Done mass_function_like status = 0 

Pipeline ran okay.
Likelihood mass_function_like_m_n = -5822.225435033441
Posterior = -5815.546455333446 for parameter set #143: [0.3002547541228249, 0.7995150769504722, -0.9995]
Running module mass_function_like
Model N: 2852450.025020366
Done mass_function_like status = 0 

Pipeline ran okay.
Likelihood mass_function_like_m_n = -5621.614029541612
Posterior = -5614.9351360117125 for parameter set #143: [0.29971341025453907, 0.800401078947257, -0.9995]
Running module mass_function_like
Model N: 2854450.0124385967
Done mass_function_like status = 0 

Pipeline ran okay.
Likelihood mass_function_like_m_n = -5495.584154754877
Posterior = -5488.904859668585 for parameter set #143: [0.29995731038024687, 0.800334663286467, -0.9995]
Running module mass_function_like
Model N: 2850817.704167237
Done mass_function_like status = 0 

Pipeline ran okay.
Likelihood mass_function_like_m_n = -5725.580355472863
Posterior = -5718.901133054505 for parameter set #144: [0.30012789054153627, 0.7997953319831748, -0.9995]
Running module mass_function_like
Model N: 2854091.285878443
Done mass_function_like status = 0 

Pipeline ran okay.
Likelihood mass_function_like_m_n = -5518.079776994884
Posterior = -5511.401520359257 for parameter set #144: [0.2995422746056559, 0.8007411034776624, -0.9995]
Running module mass_function_like
Model N: 2856832.0102202273
Done mass_function_like status = 0 

Pipeline ran okay.
Likelihood mass_function_like_m_n = -5347.42448194325
Posterior = -5340.7473947104745 for parameter set #144: [0.30066587769677944, 0.7998533467508462, -0.9995]
Running module mass_function_like
Model N: 2865070.801518934
Done mass_function_like status = 0 

Pipeline ran okay.
Likelihood mass_function_like_m_n = -4851.21191008389
Posterior = -4844.532762080076 for parameter set #144: [0.300176745295022, 0.8011802460355927, -0.9995]
Running module mass_function_like
Model N: 2850957.1892851386
Done mass_function_like status = 0 

Pipeline ran okay.
Likelihood mass_function_like_m_n = -5716.657380737364
Posterior = -5709.978434961688 for parameter set #145: [0.30026773966242754, 0.7996672352467775, -0.9995]
Running module mass_function_like
Model N: 2841646.183730679
Done mass_function_like status = 0 

Pipeline ran okay.
Likelihood mass_function_like_m_n = -6328.25958738476
Posterior = -6321.58046372427 for parameter set #145: [0.29980998009601545, 0.7991956526576847, -0.9995]
Running module mass_function_like
Model N: 2850617.2028589845
Done mass_function_like status = 0 

Pipeline ran okay.
Likelihood mass_function_like_m_n = -5738.419305920601
Posterior = -5731.740100656389 for parameter set #145: [0.30014066563028835, 0.799762095514142, -0.9995]
Running module mass_function_like
Model N: 2841237.8518356364
Done mass_function_like status = 0 

Pipeline ran okay.
Likelihood mass_function_like_m_n = -6355.825101710856
Posterior = -6349.151963201872 for parameter set #145: [0.29888953259157774, 0.8001112215607583, -0.9995]
Running module mass_function_like
Model N: 2847655.2900204184
Done mass_function_like status = 0 

Pipeline ran okay.
Likelihood mass_function_like_m_n = -5929.832503974438
Posterior = -5923.153373566295 for parameter set #146: [0.3001864350649392, 0.7994177528814418, -0.9995]
Running module mass_function_like
Model N: 2841189.617429665
Done mass_function_like status = 0 

Pipeline ran okay.
Likelihood mass_function_like_m_n = -6359.08542868495
Posterior = -6352.406143940011 for parameter set #146: [0.3000623752701068, 0.7988935127100016, -0.9995]
Running module mass_function_like
Model N: 2874691.4007137436
Done mass_function_like status = 0 

Pipeline ran okay.
Likelihood mass_function_like_m_n = -4303.509828962386
Posterior = -4296.863633093655 for parameter set #146: [0.3025732597840041, 0.7997126944756786, -0.9995]
Running module mass_function_like
Model N: 2853917.936823548
Done mass_function_like status = 0 

Pipeline ran okay.
Likelihood mass_function_like_m_n = -5528.967610038817
Posterior = -5522.288828617928 for parameter set #146: [0.3003233504047468, 0.7999085193898473, -0.9995]
Running module mass_function_like
Model N: 2874877.804904496
Done mass_function_like status = 0 

Pipeline ran okay.
Likelihood mass_function_like_m_n = -4293.234045267105
Posterior = -4286.571198555939 for parameter set #147: [0.3018142484474125, 0.8004997811120032, -0.9995]
Running module mass_function_like
Model N: 2869007.235770174
Done mass_function_like status = 0 

Pipeline ran okay.
Likelihood mass_function_like_m_n = -4622.989073842764
Posterior = -4616.312593325614 for parameter set #147: [0.3007514893426163, 0.800990548770082, -0.9995]
Running module mass_function_like
Model N: 2859835.7622126397
Done mass_function_like status = 0 

Pipeline ran okay.
Likelihood mass_function_like_m_n = -5163.597635269165
Posterior = -5156.918333523772 for parameter set #147: [0.30002214911866515, 0.8008107744117365, -0.9995]
Running module mass_function_like
Model N: 2848448.264609929
Done mass_function_like status = 0 

Pipeline ran okay.
Likelihood mass_function_like_m_n = -5878.265245243907
Posterior = -5871.5861540819415 for parameter set #147: [0.3002064152828851, 0.7994772517983196, -0.9995]
Running module mass_function_like
Model N: 2859729.587846909
Done mass_function_like status = 0 

Pipeline ran okay.
Likelihood mass_function_like_m_n = -5170.038317397237
Posterior = -5163.359196771197 for parameter set #148: [0.2998083898380327, 0.8010182025759371, -0.9995]
Running module mass_function_like
Model N: 2860350.8839129163
Done mass_function_like status = 0 

Pipeline ran okay.
Likelihood mass_function_like_m_n = -5132.408991284668
Posterior = -5125.730934901149 for parameter set #148: [0.30049956276696776, 0.8003762613409755, -0.9995]
Running module mass_function_like
Model N: 2858377.9311105823
Done mass_function_like status = 0 

Pipeline ran okay.
Likelihood mass_function_like_m_n = -5252.397197760642
Posterior = -5245.717996650989 for parameter set #148: [0.30014358875868, 0.8005401894097012, -0.9995]
Running module mass_function_like
Model N: 2854436.7580380435
Done mass_function_like status = 0 

Pipeline ran okay.
Likelihood mass_function_like_m_n = -5496.414481364191
Posterior = -5489.735582846504 for parameter set #148: [0.29971515596425924, 0.8005993908535619, -0.9995]
Running module mass_function_like
Model N: 2856608.405066459
Done mass_function_like status = 0 

Pipeline ran okay.
Likelihood mass_function_like_m_n = -5361.24292704463
Posterior = -5354.564939287782 for parameter set #149: [0.29948688374372595, 0.801051654756945, -0.9995]
Running module mass_function_like
Model N: 2850484.9621328483
Done mass_function_like status = 0 

Pipeline ran okay.
Likelihood mass_function_like_m_n = -5746.895453706384
Posterior = -5740.216149648922 for parameter set #149: [0.30000530750354565, 0.799886549448129, -0.9995]
Running module mass_function_like
Model N: 2829541.458955704
Done mass_function_like status = 0 

Pipeline ran okay.
Likelihood mass_function_like_m_n = -7172.090792894363
Posterior = -7165.418884424467 for parameter set #149: [0.2987837986668136, 0.7990392692628365, -0.9995]
Running module mass_function_like
Model N: 2866186.965149103
Done mass_function_like status = 0 

Pipeline ran okay.
Likelihood mass_function_like_m_n = -4785.919116675854
Posterior = -4779.25071689727 for parameter set #149: [0.30147678161733477, 0.7999701585621791, -0.9995]
Running module mass_function_like
Model N: 2855499.6606590617
Done mass_function_like status = 0 

Pipeline ran okay.
Likelihood mass_function_like_m_n = -5430.036189958453
Posterior = -5423.359235395406 for parameter set #150: [0.3006855122556878, 0.7996996452546886, -0.9995]
Running module mass_function_like
Model N: 2861463.535285406
Done mass_function_like status = 0 

Pipeline ran okay.
Likelihood mass_function_like_m_n = -5065.377902917564
Posterior = -5058.700138992716 for parameter set #150: [0.3005550267493641, 0.8004317307531732, -0.9995]
Running module mass_function_like
Model N: 2841828.1511369273
Done mass_function_like status = 0 

Pipeline ran okay.
Likelihood mass_function_like_m_n = -6315.995576612651
Posterior = -6309.3163448143305 for parameter set #150: [0.29987966713745146, 0.7991431488797166, -0.9995]
Running module mass_function_like
Model N: 2869717.357682157
Done mass_function_like status = 0 

Pipeline ran okay.
Likelihood mass_function_like_m_n = -4582.426726005971
Posterior = -4575.749124695078 for parameter set #150: [0.3005835901671975, 0.8012328928689367, -0.9995]
Running module mass_function_like
Model N: 2865552.665984451
Done mass_function_like status = 0 

Pipeline ran okay.
Likelihood mass_function_like_m_n = -4822.967588223517
Posterior = -4816.293758242494 for parameter set #151: [0.301046347675197, 0.8003432546721241, -0.9995]
Running module mass_function_like
Model N: 2854163.615221051
Done mass_function_like status = 0 

Pipeline ran okay.
Likelihood mass_function_like_m_n = -5513.540171772242
Posterior = -5506.861938348083 for parameter set #151: [0.30046276865737415, 0.799791523955043, -0.9995]
Running module mass_function_like
Model N: 2854549.1699823122
Done mass_function_like status = 0 

Pipeline ran okay.
Likelihood mass_function_like_m_n = -5489.374470129609
Posterior = -5482.695236552306 for parameter set #151: [0.29988115471657656, 0.8004220044276529, -0.9995]
Running module mass_function_like
Model N: 2860646.319288392
Done mass_function_like status = 0 

Pipeline ran okay.
Likelihood mass_function_like_m_n = -5114.56590449065
Posterior = -5107.887986439705 for parameter set #151: [0.300526525852186, 0.8003785660685626, -0.9995]
Running module mass_function_like
Model N: 2859365.3170474907
Done mass_function_like status = 0 

Pipeline ran okay.
Likelihood mass_function_like_m_n = -5192.167264506221
Posterior = -5185.488022515848 for parameter set #152: [0.3001115418638037, 0.8006722858569189, -0.9995]
Running module mass_function_like
Model N: 2851268.871147015
Done mass_function_like status = 0 

Pipeline ran okay.
Likelihood mass_function_like_m_n = -5696.745080277324
Posterior = -5690.0662368037865 for parameter set #152: [0.300303553874342, 0.7996620802140955, -0.9995]
Running module mass_function_like
Model N: 2861428.5335819363
Done mass_function_like status = 0 

Pipeline ran okay.
Likelihood mass_function_like_m_n = -5067.479573331773
Posterior = -5060.805061800483 for parameter set #152: [0.300979047191863, 0.7999973029615005, -0.9995]
Running module mass_function_like
Model N: 2873489.749200342
Done mass_function_like status = 0 

Pipeline ran okay.
Likelihood mass_function_like_m_n = -4370.058683380485
Posterior = -4363.379382650778 for parameter set #152: [0.30002633858046607, 0.8021823232152331, -0.9995]
Running module mass_function_like
Model N: 2851625.249072921
Done mass_function_like status = 0 

Pipeline ran okay.
Likelihood mass_function_like_m_n = -5674.021713919938
Posterior = -5667.34268937504 for parameter set #153: [0.30023649668625235, 0.7997662285097379, -0.9995]
Running module mass_function_like
Model N: 2849133.092033742
Done mass_function_like status = 0 

Pipeline ran okay.
Likelihood mass_function_like_m_n = -5833.919991612434
Posterior = -5827.240697344124 for parameter set #153: [0.29995543544074577, 0.7998013602044757, -0.9995]
Running module mass_function_like
Model N: 2836437.54429831
Done mass_function_like status = 0 

Pipeline ran okay.
Likelihood mass_function_like_m_n = -6684.58468939364
Posterior = -6677.969545629687 for parameter set #153: [0.2964178097661533, 0.8021602970259386, -0.9995]
Running module mass_function_like
Model N: 2857206.6319898837
Done mass_function_like status = 0 

Pipeline ran okay.
Likelihood mass_function_like_m_n = -5324.315092802048
Posterior = -5317.639119429541 for parameter set #153: [0.30081618941477917, 0.7997386969413092, -0.9995]
Running module mass_function_like
Model N: 2867175.8982462496
Done mass_function_like status = 0 

Pipeline ran okay.
Likelihood mass_function_like_m_n = -4728.453338883817
Posterior = -4721.777108587318 for parameter set #154: [0.3007840793085932, 0.8007731353557119, -0.9995]
Running module mass_function_like
Model N: 2845466.0213619284
Done mass_function_like status = 0 

Pipeline ran okay.
Likelihood mass_function_like_m_n = -6073.422467112541
Posterior = -6066.743184459353 for parameter set #154: [0.3000656431598324, 0.7993202139826461, -0.9995]
Running module mass_function_like
Model N: 2850994.726285779
Done mass_function_like status = 0 

Pipeline ran okay.
Likelihood mass_function_like_m_n = -5714.257348656654
Posterior = -5707.578923332893 for parameter set #154: [0.3004192551846736, 0.7995170152709514, -0.9995]
Running module mass_function_like
Model N: 2848384.7933071344
Done mass_function_like status = 0 

Pipeline ran okay.
Likelihood mass_function_like_m_n = -5882.384137004614
Posterior = -5875.704841979523 for parameter set #154: [0.3000428327428911, 0.7996370752330197, -0.9995]
Running module mass_function_like
Model N: 2871082.236158468
Done mass_function_like status = 0 

Pipeline ran okay.
Likelihood mass_function_like_m_n = -4504.986005403101
Posterior = -4498.308078005585 for parameter set #155: [0.30052474770959836, 0.8014303700756049, -0.9995]
Running module mass_function_like
Model N: 2851752.389443004
Done mass_function_like status = 0 

Pipeline ran okay.
Likelihood mass_function_like_m_n = -5665.92645675689
Posterior = -5659.247174253508 for parameter set #155: [0.3000658709777423, 0.7999524250236992, -0.9995]
Running module mass_function_like
Model N: 2866407.8337995172
Done mass_function_like status = 0 

Pipeline ran okay.
Likelihood mass_function_like_m_n = -4773.053380742669
Posterior = -4766.41622847014 for parameter set #155: [0.3029035125548373, 0.7985511365185158, -0.9995]
Running module mass_function_like
Model N: 2847419.9656144674
Done mass_function_like status = 0 

Pipeline ran okay.
Likelihood mass_function_like_m_n = -5945.180937714875
Posterior = -5938.502759683105 for parameter set #155: [0.29952541248644365, 0.8000859248894979, -0.9995]
Running module mass_function_like
Model N: 2861577.9961275426
Done mass_function_like status = 0 

Pipeline ran okay.
Likelihood mass_function_like_m_n = -5058.508292846382
Posterior = -5051.83061668187 for parameter set #156: [0.30057061962788956, 0.8004272897333271, -0.9995]
Running module mass_function_like
Model N: 2851798.961164676
Done mass_function_like status = 0 

Pipeline ran okay.
Likelihood mass_function_like_m_n = -5662.962659813464
Posterior = -5656.284542839374 for parameter set #156: [0.30048728312508854, 0.7995289482535344, -0.9995]
Running module mass_function_like
Model N: 2846639.604138055
Done mass_function_like status = 0 

Pipeline ran okay.
Likelihood mass_function_like_m_n = -5996.226304918528
Posterior = -5989.547114705845 for parameter set #156: [0.2998490128301108, 0.7996583462357655, -0.9995]
Running module mass_function_like
Model N: 2857025.7798290355
Done mass_function_like status = 0 

Pipeline ran okay.
Likelihood mass_function_like_m_n = -5335.464855186641
Posterior = -5328.792132426318 for parameter set #156: [0.30114729577590804, 0.7993847541372215, -0.9995]
Running module mass_function_like
Model N: 2846977.5513924654
Done mass_function_like status = 0 

Pipeline ran okay.
Likelihood mass_function_like_m_n = -5974.092366635799
Posterior = -5967.413073007136 for parameter set #157: [0.2999540225136977, 0.7995858303483401, -0.9995]
Running module mass_function_like
Model N: 2830926.594841335
Done mass_function_like status = 0 

Pipeline ran okay.
Likelihood mass_function_like_m_n = -7072.727974355221
Posterior = -7066.05774699727 for parameter set #157: [0.2986526440440521, 0.7993124959742082, -0.9995]
Running module mass_function_like
Model N: 2871053.2712893127
Done mass_function_like status = 0 

Pipeline ran okay.
Likelihood mass_function_like_m_n = -4506.622297734022
Posterior = -4499.943357436088 for parameter set #157: [0.299730222174388, 0.802259340167994, -0.9995]
Running module mass_function_like
Model N: 2872537.990514812
Done mass_function_like status = 0 

Pipeline ran okay.
Likelihood mass_function_like_m_n = -4423.144617266953
Posterior = -4416.46645953056 for parameter set #157: [0.30047884484280507, 0.8016236653983749, -0.9995]
Running module mass_function_like
Model N: 2861102.1434890986
Done mass_function_like status = 0 

Pipeline ran okay.
Likelihood mass_function_like_m_n = -5087.099452778697
Posterior = -5080.421417888329 for parameter set #158: [0.3005038467907671, 0.8004473579560082, -0.9995]
Running module mass_function_like
Model N: 2856034.9919893607
Done mass_function_like status = 0 

Pipeline ran okay.
Likelihood mass_function_like_m_n = -5396.763896271586
Posterior = -5390.085931171874 for parameter set #158: [0.3005175130138742, 0.7999240742171599, -0.9995]
Running module mass_function_like
Model N: 2849719.1734416923
Done mass_function_like status = 0 

Pipeline ran okay.
Likelihood mass_function_like_m_n = -5796.108095787466
Posterior = -5789.428891106787 for parameter set #158: [0.3001410798581701, 0.799671509696131, -0.9995]
Running module mass_function_like
Model N: 2854288.6234913385
Done mass_function_like status = 0 

Pipeline ran okay.
Likelihood mass_function_like_m_n = -5505.698872633278
Posterior = -5499.019867966937 for parameter set #158: [0.3002447578269036, 0.800025593839416, -0.9995]
Running module mass_function_like
Model N: 2857929.2824606844
Done mass_function_like status = 0 

Pipeline ran okay.
Likelihood mass_function_like_m_n = -5279.884068354964
Posterior = -5273.2059762860745 for parameter set #159: [0.3004923676309621, 0.8001401144203093, -0.9995]
Running module mass_function_like
Model N: 2840167.2334820936
Done mass_function_like status = 0 

Pipeline ran okay.
Likelihood mass_function_like_m_n = -6428.3975213468075
Posterior = -6421.7236099607735 for parameter set #159: [0.298961461384802, 0.7999298953006911, -0.9995]
Running module mass_function_like
Model N: 2842206.9306770978
Done mass_function_like status = 0 

Pipeline ran okay.
Likelihood mass_function_like_m_n = -6290.506954483688
Posterior = -6283.8298405544865 for parameter set #159: [0.29933814365472255, 0.7997515301928755, -0.9995]
Running module mass_function_like
Model N: 2862049.6910065017
Done mass_function_like status = 0 

Pipeline ran okay.
Likelihood mass_function_like_m_n = -5030.2497290968895
Posterior = -5023.5721629536365 for parameter set #159: [0.3005895854572374, 0.8004556162994904, -0.9995]
Running module mass_function_like
Model N: 2857191.705155869
Done mass_function_like status = 0 

Pipeline ran okay.
Likelihood mass_function_like_m_n = -5325.234890684485
Posterior = -5318.555786472671 for parameter set #160: [0.3001999932477918, 0.8003633268317765, -0.9995]
Running module mass_function_like
Model N: 2847938.3855575123
Done mass_function_like status = 0 

Pipeline ran okay.
Likelihood mass_function_like_m_n = -5911.395768366754
Posterior = -5904.718568491138 for parameter set #160: [0.29935125926675815, 0.8003158543255154, -0.9995]
Running module mass_function_like
Model N: 2862561.8153051594
Done mass_function_like status = 0 

Pipeline ran okay.
Likelihood mass_function_like_m_n = -4999.662381827831
Posterior = -4992.9878790498715 for parameter set #160: [0.300979940850269, 0.8001102317020474, -0.9995]
Running module mass_function_like
Model N: 2845925.5100692566
Done mass_function_like status = 0 

Pipeline ran okay.
Likelihood mass_function_like_m_n = -6043.136689171195
Posterior = -6036.457388567672 for parameter set #160: [0.3000268133800069, 0.7994060093509829, -0.9995]
Running module mass_function_like
Model N: 2855858.566521599
Done mass_function_like status = 0 

Pipeline ran okay.
Likelihood mass_function_like_m_n = -5407.717442303896
Posterior = -5401.038168080652 for parameter set #161: [0.3000774274713782, 0.800353914393812, -0.9995]
Running module mass_function_like
Model N: 2826218.3447250025
Done mass_function_like status = 0 

Pipeline ran okay.
Likelihood mass_function_like_m_n = -7413.4398012161255
Posterior = -7406.764704591588 for parameter set #161: [0.29908265886679475, 0.7984007742106308, -0.9995]
Running module mass_function_like
Model N: 2883995.527967123
Done mass_function_like status = 0 

Pipeline ran okay.
Likelihood mass_function_like_m_n = -3806.141969703138
Posterior = -3799.5342705100215 for parameter set #161: [0.30378430984973087, 0.7994211868103414, -0.9995]
Running module mass_function_like
Model N: 2849710.485158104
Done mass_function_like status = 0 

Pipeline ran okay.
Likelihood mass_function_like_m_n = -5796.667696043849
Posterior = -5789.990166033225 for parameter set #161: [0.2994043175869533, 0.8004404274457166, -0.9995]
Running module mass_function_like
Model N: 2856075.7395699145
Done mass_function_like status = 0 

Pipeline ran okay.
Likelihood mass_function_like_m_n = -5394.235688686371
Posterior = -5387.557041624708 for parameter set #162: [0.30036252907403027, 0.8000858372082814, -0.9995]
Running module mass_function_like
Model N: 2846807.0708604325
Done mass_function_like status = 0 

Pipeline ran okay.
Likelihood mass_function_like_m_n = -5985.252688109875
Posterior = -5978.5734291185245 for parameter set #162: [0.29990491376539397, 0.7996184064406804, -0.9995]
Running module mass_function_like
Model N: 2864059.205957727
Done mass_function_like status = 0 

Pipeline ran okay.
Likelihood mass_function_like_m_n = -4910.785406470299
Posterior = -4904.106804456882 for parameter set #162: [0.3003747492210304, 0.8008764964535879, -0.9995]
Running module mass_function_like
Model N: 2854935.7172196433
Done mass_function_like status = 0 

Pipeline ran okay.
Likelihood mass_function_like_m_n = -5465.202112041414
Posterior = -5458.523288661127 for parameter set #162: [0.3003101025710013, 0.8000244318050387, -0.9995]
Running module mass_function_like
Model N: 2850309.6664461284
Done mass_function_like status = 0 

Pipeline ran okay.
Likelihood mass_function_like_m_n = -5758.141329973936
Posterior = -5751.462545866745 for parameter set #163: [0.30032251856361525, 0.799546564734788, -0.9995]
Running module mass_function_like
Model N: 2873813.947509951
Done mass_function_like status = 0 

Pipeline ran okay.
Likelihood mass_function_like_m_n = -4352.051972426474
Posterior = -4345.376089799877 for parameter set #163: [0.3008272329434351, 0.8013967972046838, -0.9995]
Running module mass_function_like
Model N: 2851007.151753822
Done mass_function_like status = 0 

Pipeline ran okay.
Likelihood mass_function_like_m_n = -5713.4630077928305
Posterior = -5706.784465293994 for parameter set #163: [0.30039030743612477, 0.799547845285476, -0.9995]
Running module mass_function_like
Model N: 2840149.044939521
Done mass_function_like status = 0 

Pipeline ran okay.
Likelihood mass_function_like_m_n = -6429.634163618088
Posterior = -6422.95558402488 for parameter set #163: [0.30038068493612713, 0.798466502970948, -0.9995]
Running module mass_function_like
Model N: 2862167.270791483
Done mass_function_like status = 0 

Pipeline ran okay.
Likelihood mass_function_like_m_n = -5023.21852235496
Posterior = -5016.540549670754 for parameter set #164: [0.3005160453670103, 0.8005422023451004, -0.9995]
Running module mass_function_like
Model N: 2864628.52798575
Done mass_function_like status = 0 

Pipeline ran okay.
Likelihood mass_function_like_m_n = -4877.211137846112
Posterior = -4870.534313780464 for parameter set #164: [0.30070429151098116, 0.8005983646026618, -0.9995]
Running module mass_function_like
Model N: 2845046.9099736665
Done mass_function_like status = 0 

Pipeline ran okay.
Likelihood mass_function_like_m_n = -6101.115873545408
Posterior = -6094.437271120631 for parameter set #164: [0.2996253605647653, 0.7997450900089871, -0.9995]
Running module mass_function_like
Model N: 2860409.148058995
Done mass_function_like status = 0 

Pipeline ran okay.
Likelihood mass_function_like_m_n = -5128.8875141218305
Posterior = -5122.20958821292 for parameter set #164: [0.30052503131326436, 0.8003561908826926, -0.9995]
Running module mass_function_like
Model N: 2862258.6511730817
Done mass_function_like status = 0 

Pipeline ran okay.
Likelihood mass_function_like_m_n = -5017.757560744882
Posterior = -5011.078257959048 for parameter set #165: [0.3000168075966572, 0.8010602285770299, -0.9995]
Running module mass_function_like
Model N: 2847938.0783292414
Done mass_function_like status = 0 

Pipeline ran okay.
Likelihood mass_function_like_m_n = -5911.41576051712
Posterior = -5904.7371578677 for parameter set #165: [0.30037457946824997, 0.799255311062871, -0.9995]
Running module mass_function_like
Model N: 2842626.2476822534
Done mass_function_like status = 0 

Pipeline ran okay.
Likelihood mass_function_like_m_n = -6262.353337094188
Posterior = -6255.674128679355 for parameter set #165: [0.29986159228526155, 0.7992417039719484, -0.9995]
Running module mass_function_like
Model N: 2859714.7982156994
Done mass_function_like status = 0 

Pipeline ran okay.
Likelihood mass_function_like_m_n = -5170.93580840528
Posterior = -5164.269376096858 for parameter set #165: [0.3016044868268335, 0.7991917063772477, -0.9995]
Running module mass_function_like
Model N: 2856756.1776694595
Done mass_function_like status = 0 

Pipeline ran okay.
Likelihood mass_function_like_m_n = -5352.108731202781
Posterior = -5345.438599576687 for parameter set #166: [0.2986455575157192, 0.8019279174663402, -0.9995]
Running module mass_function_like
Model N: 2860060.2964052917
Done mass_function_like status = 0 

Pipeline ran okay.
Likelihood mass_function_like_m_n = -5149.9908536449075
Posterior = -5143.313135021139 for parameter set #166: [0.3005631295662199, 0.8002823203622957, -0.9995]
Running module mass_function_like
Model N: 2851814.5179425613
Done mass_function_like status = 0 

Pipeline ran okay.
Likelihood mass_function_like_m_n = -5661.972815871239
Posterior = -5655.293557112704 for parameter set #166: [0.3000953307660928, 0.7999287502702973, -0.9995]
Running module mass_function_like
Model N: 2854946.540517667
Done mass_function_like status = 0 

Pipeline ran okay.
Likelihood mass_function_like_m_n = -5464.526087909937
Posterior = -5457.847133609765 for parameter set #166: [0.3002645366279491, 0.8000716662116675, -0.9995]
Running module mass_function_like
Model N: 2860093.6019078684
Done mass_function_like status = 0 

Pipeline ran okay.
Likelihood mass_function_like_m_n = -5147.9741310328245
Posterior = -5141.297113508225 for parameter set #167: [0.30067626528985847, 0.8001706616103857, -0.9995]
Running module mass_function_like
Model N: 2854391.455558332
Done mass_function_like status = 0 

Pipeline ran okay.
Likelihood mass_function_like_m_n = -5499.252965003252
Posterior = -5492.574419096033 for parameter set #167: [0.3003894332012235, 0.7998889295453411, -0.9995]
Running module mass_function_like
Model N: 2862785.494906137
Done mass_function_like status = 0 

Pipeline ran okay.
Likelihood mass_function_like_m_n = -4986.333265699446
Posterior = -4979.655171343393 for parameter set #167: [0.30049190288806477, 0.8006288716510647, -0.9995]
Running module mass_function_like
Model N: 2892445.544748936
Done mass_function_like status = 0 

Pipeline ran okay.
Likelihood mass_function_like_m_n = -3381.793268099427
Posterior = -3375.1139749946196 for parameter set #167: [0.30004710308353744, 0.8040732225513167, -0.9995]
Running module mass_function_like
Model N: 2878496.1810404076
Done mass_function_like status = 0 

Pipeline ran okay.
Likelihood mass_function_like_m_n = -4096.290443487465
Posterior = -4089.6235865176027 for parameter set #168: [0.3015777977340177, 0.8011031374723753, -0.9995]
Running module mass_function_like
Model N: 2856727.485549587
Done mass_function_like status = 0 

Pipeline ran okay.
Likelihood mass_function_like_m_n = -5353.881628237665
Posterior = -5347.204260835761 for parameter set #168: [0.3006223819415535, 0.7998870857843762, -0.9995]
Running module mass_function_like
Model N: 2848983.4573225216
Done mass_function_like status = 0 

Pipeline ran okay.
Likelihood mass_function_like_m_n = -5843.5944591239095
Posterior = -5836.917196598557 for parameter set #168: [0.2993609893650181, 0.8004112928447535, -0.9995]
Running module mass_function_like
Model N: 2855852.1049837023
Done mass_function_like status = 0 

Pipeline ran okay.
Likelihood mass_function_like_m_n = -5408.118832878768
Posterior = -5401.439651767723 for parameter set #168: [0.30015689949960955, 0.8002723906576736, -0.9995]
Running module mass_function_like
Model N: 2856390.1721826247
Done mass_function_like status = 0 

Pipeline ran okay.
Likelihood mass_function_like_m_n = -5374.747295312583
Posterior = -5368.070939995985 for parameter set #169: [0.3007679689723002, 0.7997055372572123, -0.9995]
Running module mass_function_like
Model N: 2839654.146377648
Done mass_function_like status = 0 

Pipeline ran okay.
Likelihood mass_function_like_m_n = -6463.33015332371
Posterior = -6456.652809927192 for parameter set #169: [0.29937377291779677, 0.7994581437462783, -0.9995]
Running module mass_function_like
Model N: 2873885.280485393
Done mass_function_like status = 0 

Pipeline ran okay.
Likelihood mass_function_like_m_n = -4348.095158390701
Posterior = -4341.438074236205 for parameter set #169: [0.30210808177327053, 0.8001023693581393, -0.9995]
Running module mass_function_like
Model N: 2860445.6217931136
Done mass_function_like status = 0 

Pipeline ran okay.
Likelihood mass_function_like_m_n = -5126.68368704617
Posterior = -5120.0053962114625 for parameter set #169: [0.300450191870808, 0.8004360147333107, -0.9995]
Running module mass_function_like
Model N: 2869394.580774096
Done mass_function_like status = 0 

Pipeline ran okay.
Likelihood mass_function_like_m_n = -4600.8407960906625
Posterior = -4594.174748806048 for parameter set #170: [0.30162830670918006, 0.8001384178299482, -0.9995]
Running module mass_function_like
Model N: 2854101.7583647817
Done mass_function_like status = 0 

Pipeline ran okay.
Likelihood mass_function_like_m_n = -5517.422371916473
Posterior = -5510.743550340169 for parameter set #170: [0.30031068376431946, 0.7999400398635963, -0.9995]
Running module mass_function_like
Model N: 2891020.9035065714
Done mass_function_like status = 0 

Pipeline ran okay.
Likelihood mass_function_like_m_n = -3451.518370039761
Posterior = -3444.8650514403566 for parameter set #170: [0.30227971923297375, 0.8016463451873943, -0.9995]
Running module mass_function_like
Model N: 2847065.3651085147
Done mass_function_like status = 0 

Pipeline ran okay.
Likelihood mass_function_like_m_n = -5968.347982019186
Posterior = -5961.669904383047 for parameter set #170: [0.2995047097474648, 0.8000713808552484, -0.9995]
Running module mass_function_like
Model N: 2850259.8842843208
Done mass_function_like status = 0 

Pipeline ran okay.
Likelihood mass_function_like_m_n = -5761.337134160101
Posterior = -5754.657942904265 for parameter set #171: [0.29984970530700694, 0.8000222075448055, -0.9995]
Running module mass_function_like
Model N: 2873009.398888574
Done mass_function_like status = 0 

Pipeline ran okay.
Likelihood mass_function_like_m_n = -4396.809419699013
Posterior = -4390.135432484014 for parameter set #171: [0.3010312112597206, 0.8011079423054202, -0.9995]
Running module mass_function_like
Model N: 2871677.508563717
Done mass_function_like status = 0 

Pipeline ran okay.
Likelihood mass_function_like_m_n = -4471.426052019
Posterior = -4464.747167951191 for parameter set #171: [0.2997101274413297, 0.8023429121762009, -0.9995]
Running module mass_function_like
Model N: 2864203.8755780766
Done mass_function_like status = 0 

Pipeline ran okay.
Likelihood mass_function_like_m_n = -4902.24253949523
Posterior = -4895.593699745955 for parameter set #171: [0.30246837797086257, 0.7987689349142658, -0.9995]
Running module mass_function_like
Model N: 2869108.243203256
Done mass_function_like status = 0 

Pipeline ran okay.
Likelihood mass_function_like_m_n = -4617.208168961108
Posterior = -4610.546871070713 for parameter set #172: [0.29810230097667606, 0.8037372491174255, -0.9995]
Running module mass_function_like
Model N: 2857606.8324835915
Done mass_function_like status = 0 

Pipeline ran okay.
Likelihood mass_function_like_m_n = -5299.685429140925
Posterior = -5293.0081234085 for parameter set #172: [0.30063221292065856, 0.7999653977436729, -0.9995]
Running module mass_function_like
Model N: 2856270.891453772
Done mass_function_like status = 0 

Pipeline ran okay.
Likelihood mass_function_like_m_n = -5382.135934345424
Posterior = -5375.45668923201 for parameter set #172: [0.299891294070027, 0.8005851090156217, -0.9995]
Running module mass_function_like
Model N: 2865308.927890312
Done mass_function_like status = 0 

Pipeline ran okay.
Likelihood mass_function_like_m_n = -4837.243491977453
Posterior = -4830.567152945583 for parameter set #172: [0.3007700865457659, 0.8005996374791373, -0.9995]
Running module mass_function_like
Model N: 2861027.7983073015
Done mass_function_like status = 0 

Pipeline ran okay.
Likelihood mass_function_like_m_n = -5091.573991179466
Posterior = -5084.894693718861 for parameter set #173: [0.2999632911303397, 0.8009909305926851, -0.9995]
Running module mass_function_like
Model N: 2842852.651874351
Done mass_function_like status = 0 

Pipeline ran okay.
Likelihood mass_function_like_m_n = -6247.1796362400055
Posterior = -6240.501240528523 for parameter set #173: [0.2995737402603646, 0.7995766521285752, -0.9995]
Running module mass_function_like
Model N: 2850402.8113803165
Done mass_function_like status = 0 

Pipeline ran okay.
Likelihood mass_function_like_m_n = -5752.164304472506
Posterior = -5745.485078089806 for parameter set #173: [0.3001247522423307, 0.7997568669778039, -0.9995]
Running module mass_function_like
Model N: 2846742.552759787
Done mass_function_like status = 0 

Pipeline ran okay.
Likelihood mass_function_like_m_n = -5989.4791322276
Posterior = -5982.800561301291 for parameter set #173: [0.30038295482813937, 0.7991266735666922, -0.9995]
Running module mass_function_like
Model N: 2867771.1833583754
Done mass_function_like status = 0 

Pipeline ran okay.
Likelihood mass_function_like_m_n = -4694.035998567939
Posterior = -4687.358039995479 for parameter set #174: [0.2994812272462577, 0.8021834434147668, -0.9995]
Running module mass_function_like
Model N: 2853666.263307621
Done mass_function_like status = 0 

Pipeline ran okay.
Likelihood mass_function_like_m_n = -5544.794820979238
Posterior = -5538.116413364686 for parameter set #174: [0.2995765419126531, 0.8006631617452767, -0.9995]
Running module mass_function_like
Model N: 2847208.6619568835
Done mass_function_like status = 0 

Pipeline ran okay.
Likelihood mass_function_like_m_n = -5958.980332821608
Posterior = -5952.301381048686 for parameter set #174: [0.29973450974070054, 0.7998518850514804, -0.9995]
Running module mass_function_like
Model N: 2845789.0088086193
Done mass_function_like status = 0 

Pipeline ran okay.
Likelihood mass_function_like_m_n = -6052.125490985811
Posterior = -6045.446282236476 for parameter set #174: [0.3001381658247185, 0.7992790552649374, -0.9995]
Running module mass_function_like
Model N: 2850377.4055851162
Done mass_function_like status = 0 

Pipeline ran okay.
Likelihood mass_function_like_m_n = -5753.794249929488
Posterior = -5747.11496940987 for parameter set #175: [0.30006881670277047, 0.7998111621546796, -0.9995]
Running module mass_function_like
Model N: 2859102.1997635663
Done mass_function_like status = 0 

Pipeline ran okay.
Likelihood mass_function_like_m_n = -5208.18189624697
Posterior = -5201.506360156847 for parameter set #175: [0.3008681138390952, 0.7998763326934771, -0.9995]
Running module mass_function_like
Model N: 2870148.0127951205
Done mass_function_like status = 0 

Pipeline ran okay.
Likelihood mass_function_like_m_n = -4557.918075807393
Posterior = -4551.248307394723 for parameter set #175: [0.30138099859814904, 0.8004648845041284, -0.9995]
Running module mass_function_like
Model N: 2894061.1887480565
Done mass_function_like status = 0 

Pipeline ran okay.
Likelihood mass_function_like_m_n = -3303.610478281975
Posterior = -3296.942664457784 for parameter set #175: [0.30151594024414224, 0.8027302271205751, -0.9995]
Running module mass_function_like
Model N: 2861827.252103919
Done mass_function_like status = 0 

Pipeline ran okay.
Likelihood mass_function_like_m_n = -5043.565457545221
Posterior = -5036.890050780183 for parameter set #176: [0.30088288541404223, 0.8001350546088367, -0.9995]
Running module mass_function_like
Model N: 2850493.712727122
Done mass_function_like status = 0 

Pipeline ran okay.
Likelihood mass_function_like_m_n = -5746.334370858967
Posterior = -5739.655092577169 for parameter set #176: [0.29992800484466625, 0.7999662668839348, -0.9995]
Running module mass_function_like
Model N: 2857562.734822057
Done mass_function_like status = 0 

Pipeline ran okay.
Likelihood mass_function_like_m_n = -5302.39642842859
Posterior = -5295.7195104185685 for parameter set #176: [0.30069082389777374, 0.7999015337936468, -0.9995]
Running module mass_function_like
Model N: 2865264.024395418
Done mass_function_like status = 0 

Pipeline ran okay.
Likelihood mass_function_like_m_n = -4839.875913985074
Posterior = -4833.196773082281 for parameter set #176: [0.30018071829885495, 0.8011955558303298, -0.9995]
Running module mass_function_like
Model N: 2855470.6829005904
Done mass_function_like status = 0 

Pipeline ran okay.
Likelihood mass_function_like_m_n = -5431.840277433395
Posterior = -5425.160973473377 for parameter set #177: [0.29999309648528855, 0.8004008734295246, -0.9995]
Running module mass_function_like
Model N: 2857892.725943435
Done mass_function_like status = 0 

Pipeline ran okay.
Likelihood mass_function_like_m_n = -5282.127030134201
Posterior = -5275.459755504458 for parameter set #177: [0.30155110080699327, 0.7990631061695418, -0.9995]
Running module mass_function_like
Model N: 2858801.632287993
Done mass_function_like status = 0 

Pipeline ran okay.
Likelihood mass_function_like_m_n = -5226.507367856801
Posterior = -5219.829860947577 for parameter set #177: [0.300599548010869, 0.8001187470611375, -0.9995]
Running module mass_function_like
Model N: 2855498.330609453
Done mass_function_like status = 0 

Pipeline ran okay.
Likelihood mass_function_like_m_n = -5430.118988901377
Posterior = -5423.440074029678 for parameter set #177: [0.3002790435849387, 0.8001124392054721, -0.9995]
Running module mass_function_like
Model N: 2863400.8725138623
Done mass_function_like status = 0 

Pipeline ran okay.
Likelihood mass_function_like_m_n = -4949.758322387934
Posterior = -4943.082683497041 for parameter set #178: [0.3008561900978325, 0.8003202379717371, -0.9995]
Running module mass_function_like
Model N: 2857916.354411235
Done mass_function_like status = 0 

Pipeline ran okay.
Likelihood mass_function_like_m_n = -5280.677225083113
Posterior = -5274.006205898991 for parameter set #178: [0.3012872462226217, 0.7993322314643557, -0.9995]
Running module mass_function_like
Model N: 2852723.5654628747
Done mass_function_like status = 0 

Pipeline ran okay.
Likelihood mass_function_like_m_n = -5604.288806460798
Posterior = -5597.6097137878505 for parameter set #178: [0.3002056819693356, 0.799907959675499, -0.9995]
Running module mass_function_like
Model N: 2857868.6103265565
Done mass_function_like status = 0 

Pipeline ran okay.
Likelihood mass_function_like_m_n = -5283.606939688325
Posterior = -5276.927955040658 for parameter set #178: [0.30025280452650993, 0.8003776928971241, -0.9995]
Running module mass_function_like
Model N: 2873350.9338204726
Done mass_function_like status = 0 

Pipeline ran okay.
Likelihood mass_function_like_m_n = -4377.780610270798
Posterior = -4371.104167273876 for parameter set #179: [0.3007564656486568, 0.8014223528872385, -0.9995]
Running module mass_function_like
Model N: 2850427.347977485
Done mass_function_like status = 0 

Pipeline ran okay.
Likelihood mass_function_like_m_n = -5750.590352401137
Posterior = -5743.912297538971 for parameter set #179: [0.30049986721106065, 0.7993783297157309, -0.9995]
Running module mass_function_like
Model N: 2871718.855210931
Done mass_function_like status = 0 

Pipeline ran okay.
Likelihood mass_function_like_m_n = -4469.09987410903
Posterior = -4462.42258463052 for parameter set #179: [0.3006347786701135, 0.8013821463337472, -0.9995]
Running module mass_function_like
Model N: 2852366.786926387
Done mass_function_like status = 0 

Pipeline ran okay.
Likelihood mass_function_like_m_n = -5626.891613632441
Posterior = -5620.213204596439 for parameter set #179: [0.29957687772251684, 0.8005319339096099, -0.9995]
Running module mass_function_like
Model N: 2851749.066135013
Done mass_function_like status = 0 

Pipeline ran okay.
Likelihood mass_function_like_m_n = -5666.137981042266
Posterior = -5659.462012911544 for parameter set #180: [0.2991831686113011, 0.8008716156074018, -0.9995]
Running module mass_function_like
Model N: 2844903.4217863674
Done mass_function_like status = 0 

Pipeline ran okay.
Likelihood mass_function_like_m_n = -6110.612193033099
Posterior = -6103.933042208927 for parameter set #180: [0.30017514230651854, 0.7991524215239966, -0.9995]
Running module mass_function_like
Model N: 2867307.350858472
Done mass_function_like status = 0 

Pipeline ran okay.
Likelihood mass_function_like_m_n = -4720.841953620315
Posterior = -4714.162722640833 for parameter set #180: [0.3001210114279072, 0.8014623387446241, -0.9995]
Running module mass_function_like
Model N: 2864397.7847948857
Done mass_function_like status = 0 

Pipeline ran okay.
Likelihood mass_function_like_m_n = -4890.804168894887
Posterior = -4884.133714306275 for parameter set #180: [0.301330384132324, 0.7999389913009944, -0.9995]
Running module mass_function_like
Model N: 2864509.3523215824
Done mass_function_like status = 0 

Pipeline ran okay.
Likelihood mass_function_like_m_n = -4884.229292668402
Posterior = -4877.55067422667 for parameter set #181: [0.2996296605401545, 0.8017022786985986, -0.9995]
Running module mass_function_like
Model N: 2844374.638174959
Done mass_function_like status = 0 

Pipeline ran okay.
Likelihood mass_function_like_m_n = -6145.674712412059
Posterior = -6138.995605817142 for parameter set #181: [0.29980120191506104, 0.7994791068264196, -0.9995]
Running module mass_function_like
Model N: 2852718.051946319
Done mass_function_like status = 0 

Pipeline ran okay.
Likelihood mass_function_like_m_n = -5604.63774048537
Posterior = -5597.958492848545 for parameter set #181: [0.3001063592823255, 0.8000084630808124, -0.9995]
Running module mass_function_like
Model N: 2866722.835647664
Done mass_function_like status = 0 

Pipeline ran okay.
Likelihood mass_function_like_m_n = -4754.735485471785
Posterior = -4748.057576316843 for parameter set #181: [0.3005282127162507, 0.8009881962383841, -0.9995]
Running module mass_function_like
Model N: 2868866.571204127
Done mass_function_like status = 0 

Pipeline ran okay.
Likelihood mass_function_like_m_n = -4631.045918099582
Posterior = -4624.372420134927 for parameter set #182: [0.3010776115863541, 0.8006443472911344, -0.9995]
Running module mass_function_like
Model N: 2852252.4269779325
Done mass_function_like status = 0 

Pipeline ran okay.
Likelihood mass_function_like_m_n = -5634.146643728018
Posterior = -5627.467405746412 for parameter set #182: [0.2998849202847359, 0.8001867954175779, -0.9995]
Running module mass_function_like
Model N: 2844876.7576784794
Done mass_function_like status = 0 

Pipeline ran okay.
Likelihood mass_function_like_m_n = -6112.377724252641
Posterior = -6105.70020949324 for parameter set #182: [0.299401762771169, 0.7999557560864073, -0.9995]
Running module mass_function_like
Model N: 2866860.261327434
Done mass_function_like status = 0 

Pipeline ran okay.
Likelihood mass_function_like_m_n = -4746.75542230159
Posterior = -4740.078665729354 for parameter set #182: [0.29928618965072046, 0.8022913022283497, -0.9995]
Running module mass_function_like
Model N: 2855368.9314477043
Done mass_function_like status = 0 

Pipeline ran okay.
Likelihood mass_function_like_m_n = -5438.177559174597
Posterior = -5431.498916916488 for parameter set #183: [0.3003638516734844, 0.800013307124732, -0.9995]
Running module mass_function_like
Model N: 2882043.336235969
Done mass_function_like status = 0 

Pipeline ran okay.
Likelihood mass_function_like_m_n = -3907.8757872134447
Posterior = -3901.2812038684133 for parameter set #183: [0.3041163297554689, 0.7988922567064805, -0.9995]
Running module mass_function_like
Model N: 2819288.844850283
Done mass_function_like status = 0 

Pipeline ran okay.
Likelihood mass_function_like_m_n = -7930.212358504534
Posterior = -7923.562600206166 for parameter set #183: [0.29756911950344767, 0.7992418323163589, -0.9995]
Running module mass_function_like
Model N: 2852687.9848803473
Done mass_function_like status = 0 

Pipeline ran okay.
Likelihood mass_function_like_m_n = -5606.540794789791
Posterior = -5599.861496297527 for parameter set #183: [0.2999662182124674, 0.800148171887055, -0.9995]
Running module mass_function_like
Model N: 2858328.05265297
Done mass_function_like status = 0 

Pipeline ran okay.
Likelihood mass_function_like_m_n = -5255.449354611337
Posterior = -5248.770878753045 for parameter set #184: [0.29959297665485785, 0.8011164426234965, -0.9995]
Running module mass_function_like
Model N: 2851313.1074527353
Done mass_function_like status = 0 

Pipeline ran okay.
Likelihood mass_function_like_m_n = -5693.921909622848
Posterior = -5687.242658807763 for parameter set #184: [0.30010332785219207, 0.7998702715172674, -0.9995]
Running module mass_function_like
Model N: 2873935.3318953193
Done mass_function_like status = 0 

Pipeline ran okay.
Likelihood mass_function_like_m_n = -4345.319940641522
Posterior = -4338.655454732289 for parameter set #184: [0.3017215277562162, 0.8004993523604276, -0.9995]
Running module mass_function_like
Model N: 2857474.6977197994
Done mass_function_like status = 0 

Pipeline ran okay.
Likelihood mass_function_like_m_n = -5307.810860656202
Posterior = -5301.13155689726 for parameter set #184: [0.3000093740970665, 0.8005860404146351, -0.9995]
Running module mass_function_like
Model N: 2844481.074323317
Done mass_function_like status = 0 

Pipeline ran okay.
Likelihood mass_function_like_m_n = -6138.6087316423655
Posterior = -6131.933799985882 for parameter set #185: [0.30093515152000644, 0.7983404436763977, -0.9995]
Running module mass_function_like
Model N: 2853968.012047015
Done mass_function_like status = 0 

Pipeline ran okay.
Likelihood mass_function_like_m_n = -5525.821299731731
Posterior = -5519.142183386813 for parameter set #185: [0.3001938315720259, 0.8000452172567951, -0.9995]
Running module mass_function_like
Model N: 2853700.088017459
Done mass_function_like status = 0 

Pipeline ran okay.
Likelihood mass_function_like_m_n = -5542.666284821928
Posterior = -5535.987005822991 for parameter set #185: [0.2999290079255255, 0.8002879304917762, -0.9995]
Running module mass_function_like
Model N: 2851785.0525783077
Done mass_function_like status = 0 

Pipeline ran okay.
Likelihood mass_function_like_m_n = -5663.847709342837
Posterior = -5657.1686481329 for parameter set #185: [0.29977955119757377, 0.8002472432021664, -0.9995]
Running module mass_function_like
Model N: 2849671.86867409
Done mass_function_like status = 0 

Pipeline ran okay.
Likelihood mass_function_like_m_n = -5799.155271269381
Posterior = -5792.476058157368 for parameter set #186: [0.3001349713280722, 0.7996728607361713, -0.9995]
Running module mass_function_like
Model N: 2851311.2693488067
Done mass_function_like status = 0 

Pipeline ran okay.
Likelihood mass_function_like_m_n = -5694.039203286171
Posterior = -5687.360371639778 for parameter set #186: [0.3003074254112491, 0.7996625043676662, -0.9995]
Running module mass_function_like
Model N: 2853847.7779846108
Done mass_function_like status = 0 

Pipeline ran okay.
Likelihood mass_function_like_m_n = -5533.377378366888
Posterior = -5526.699618758267 for parameter set #186: [0.30055580386647274, 0.7996653506456048, -0.9995]
Running module mass_function_like
Model N: 2849759.876063751
Done mass_function_like status = 0 

Pipeline ran okay.
Likelihood mass_function_like_m_n = -5793.486871913075
Posterior = -5786.807853463484 for parameter set #186: [0.30023906012579443, 0.7995759938087345, -0.9995]
Running module mass_function_like
Model N: 2860341.441297254
Done mass_function_like status = 0 

Pipeline ran okay.
Likelihood mass_function_like_m_n = -5132.9798202216625
Posterior = -5126.307259127124 for parameter set #187: [0.30116130131935565, 0.7997033385344408, -0.9995]
Running module mass_function_like
Model N: 2818828.197562044
Done mass_function_like status = 0 

Pipeline ran okay.
Likelihood mass_function_like_m_n = -7965.214042000473
Posterior = -7958.54489334661 for parameter set #187: [0.29857483022431713, 0.798171597624001, -0.9995]
Running module mass_function_like
Model N: 2854982.542367515
Done mass_function_like status = 0 

Pipeline ran okay.
Likelihood mass_function_like_m_n = -5462.277722917497
Posterior = -5455.602978335626 for parameter set #187: [0.300954946746034, 0.7993745071045576, -0.9995]
Running module mass_function_like
Model N: 2850294.3721641856
Done mass_function_like status = 0 

Pipeline ran okay.
Likelihood mass_function_like_m_n = -5759.1230597049
Posterior = -5752.444256555515 for parameter set #187: [0.29968344070860664, 0.8002145761856354, -0.9995]
Running module mass_function_like
Model N: 2845451.629307055
Done mass_function_like status = 0 

Pipeline ran okay.
Likelihood mass_function_like_m_n = -6074.372352309525
Posterior = -6067.693286337814 for parameter set #188: [0.29978172192070773, 0.7996072590953656, -0.9995]
Running module mass_function_like
Model N: 2847620.804953885
Done mass_function_like status = 0 

Pipeline ran okay.
Likelihood mass_function_like_m_n = -5932.080408990383
Posterior = -5925.4012636242505 for parameter set #188: [0.2998217685899566, 0.7997849721298869, -0.9995]
Running module mass_function_like
Model N: 2851877.6739164526
Done mass_function_like status = 0 

Pipeline ran okay.
Likelihood mass_function_like_m_n = -5657.955265633762
Posterior = -5651.276572425965 for parameter set #188: [0.30034956845209554, 0.799676637080999, -0.9995]
Running module mass_function_like
Model N: 2880630.120649056
Done mass_function_like status = 0 

Pipeline ran okay.
Likelihood mass_function_like_m_n = -3982.3904499411583
Posterior = -3975.7142471538664 for parameter set #188: [0.3007875799664983, 0.8021231748831353, -0.9995]
Running module mass_function_like
Model N: 2861792.485252088
Done mass_function_like status = 0 

Pipeline ran okay.
Likelihood mass_function_like_m_n = -5045.648340880871
Posterior = -5038.970557563004 for parameter set #189: [0.3005515216121731, 0.8004683508279528, -0.9995]
Running module mass_function_like
Model N: 2856314.56304722
Done mass_function_like status = 0 

Pipeline ran okay.
Likelihood mass_function_like_m_n = -5379.430158987641
Posterior = -5372.751869191213 for parameter set #189: [0.3004504224420935, 0.8000204216444502, -0.9995]
Running module mass_function_like
Model N: 2845943.6998847784
Done mass_function_like status = 0 

Pipeline ran okay.
Likelihood mass_function_like_m_n = -6041.939390905201
Posterior = -6035.260290583751 for parameter set #189: [0.2997980708738468, 0.7996401448502921, -0.9995]
Running module mass_function_like
Model N: 2868791.857511054
Done mass_function_like status = 0 

Pipeline ran okay.
Likelihood mass_function_like_m_n = -4635.328259453177
Posterior = -4628.655395767964 for parameter set #189: [0.3011349460866056, 0.8005787388133756, -0.9995]
Running module mass_function_like
Model N: 2837194.594251047
Done mass_function_like status = 0 

Pipeline ran okay.
Likelihood mass_function_like_m_n = -6632.160198152065
Posterior = -6625.481393502334 for parameter set #190: [0.2996839150182276, 0.7988950757494078, -0.9995]
Running module mass_function_like
Model N: 2843443.189796197
Done mass_function_like status = 0 

Pipeline ran okay.
Likelihood mass_function_like_m_n = -6207.692070953548
Posterior = -6201.013679057048 for parameter set #190: [0.2995728462079899, 0.7996370243783515, -0.9995]
Running module mass_function_like
Model N: 2864294.990377955
Done mass_function_like status = 0 

Pipeline ran okay.
Likelihood mass_function_like_m_n = -4896.866103023291
Posterior = -4890.189656480803 for parameter set #190: [0.3007559968018656, 0.8005121475692267, -0.9995]
Running module mass_function_like
Model N: 2851342.807630289
Done mass_function_like status = 0 

Pipeline ran okay.
Likelihood mass_function_like_m_n = -5692.026847481728
Posterior = -5685.347590539015 for parameter set #190: [0.29990278313135427, 0.8000770892769684, -0.9995]
Running module mass_function_like
Model N: 2858161.178378743
Done mass_function_like status = 0 

Pipeline ran okay.
Likelihood mass_function_like_m_n = -5265.66742066294
Posterior = -5258.988171662763 for parameter set #191: [0.30010506962791633, 0.8005576657286335, -0.9995]
Running module mass_function_like
Model N: 2842459.640834225
Done mass_function_like status = 0 

Pipeline ran okay.
Likelihood mass_function_like_m_n = -6273.531685113907
Posterior = -6266.852388613917 for parameter set #191: [0.2999607614454446, 0.7991243667762835, -0.9995]
Running module mass_function_like
Model N: 2861700.2794560874
Done mass_function_like status = 0 

Pipeline ran okay.
Likelihood mass_function_like_m_n = -5051.174561500549
Posterior = -5044.540911190688 for parameter set #191: [0.30302171767209607, 0.7979617622787211, -0.9995]
Running module mass_function_like
Model N: 2857996.233199616
Done mass_function_like status = 0 

Pipeline ran okay.
Likelihood mass_function_like_m_n = -5275.777525395155
Posterior = -5269.1067157560055 for parameter set #191: [0.301303423120928, 0.7993239411882566, -0.9995]
Running module mass_function_like
Model N: 2857423.836186846
Done mass_function_like status = 0 

Pipeline ran okay.
Likelihood mass_function_like_m_n = -5310.940244048834
Posterior = -5304.260945017411 for parameter set #192: [0.30003214619089436, 0.8005577154990808, -0.9995]
Running module mass_function_like
Model N: 2860679.3437608425
Done mass_function_like status = 0 

Pipeline ran okay.
Likelihood mass_function_like_m_n = -5112.57337205857
Posterior = -5105.897655941929 for parameter set #192: [0.3008471223841979, 0.8000561235239396, -0.9995]
Running module mass_function_like
Model N: 2845737.1341999294
Done mass_function_like status = 0 

Pipeline ran okay.
Likelihood mass_function_like_m_n = -6055.543337605894
Posterior = -6048.867249982886 for parameter set #192: [0.29919793076320195, 0.8002502458346079, -0.9995]
Running module mass_function_like
Model N: 2854828.07263843
Done mass_function_like status = 0 

Pipeline ran okay.
Likelihood mass_function_like_m_n = -5471.927974902093
Posterior = -5465.248703676908 for parameter set #192: [0.299918792703983, 0.8004119610403868, -0.9995]
Running module mass_function_like
Model N: 2853573.502325633
Done mass_function_like status = 0 

Pipeline ran okay.
Likelihood mass_function_like_m_n = -5550.634311571717
Posterior = -5543.955052533675 for parameter set #193: [0.3000950371169558, 0.8001060582704146, -0.9995]
Running module mass_function_like
Model N: 2867939.037230136
Done mass_function_like status = 0 

Pipeline ran okay.
Likelihood mass_function_like_m_n = -4684.3548891320825
Posterior = -4677.709846106921 for parameter set #193: [0.3026176773349022, 0.7989920700044403, -0.9995]
Running module mass_function_like
Model N: 2854895.174996889
Done mass_function_like status = 0 

Pipeline ran okay.
Likelihood mass_function_like_m_n = -5467.734770298004
Posterior = -5461.056258581061 for parameter set #193: [0.30039811590462806, 0.7999308614084836, -0.9995]
Running module mass_function_like
Model N: 2857051.5642892774
Done mass_function_like status = 0 

Pipeline ran okay.
Likelihood mass_function_like_m_n = -5333.874468035996
Posterior = -5327.196413127115 for parameter set #193: [0.3004998578656774, 0.8000441729485082, -0.9995]
Running module mass_function_like
Model N: 2859698.2744058585
Done mass_function_like status = 0 

Pipeline ran okay.
Likelihood mass_function_like_m_n = -5171.938631914556
Posterior = -5165.261032027011 for parameter set #194: [0.30058383401158684, 0.8002248045677081, -0.9995]
Running module mass_function_like
Model N: 2889065.1705439095
Done mass_function_like status = 0 

Pipeline ran okay.
Likelihood mass_function_like_m_n = -3548.4360677450895
Posterior = -3541.873501907317 for parameter set #194: [0.30483194289158533, 0.798873614743272, -0.9995]
Running module mass_function_like
Model N: 2847515.6683936273
Done mass_function_like status = 0 

Pipeline ran okay.
Likelihood mass_function_like_m_n = -5938.936468906701
Posterior = -5932.257196438407 for parameter set #194: [0.29992033819471087, 0.799674262810808, -0.9995]
Running module mass_function_like
Model N: 2846065.7535346034
Done mass_function_like status = 0 

Pipeline ran okay.
Likelihood mass_function_like_m_n = -6033.908725507557
Posterior = -6027.23024115294 for parameter set #194: [0.300404930535473, 0.7990363473134928, -0.9995]
Running module mass_function_like
Model N: 2867334.22574253
Done mass_function_like status = 0 

Pipeline ran okay.
Likelihood mass_function_like_m_n = -4719.286625742912
Posterior = -4712.617114778749 for parameter set #195: [0.3013995166413711, 0.8001636591256182, -0.9995]
Running module mass_function_like
Model N: 2852742.545882198
Done mass_function_like status = 0 

Pipeline ran okay.
Likelihood mass_function_like_m_n = -5603.087678976357
Posterior = -5596.408499326129 for parameter set #195: [0.3001578278059906, 0.7999586092335713, -0.9995]
Running module mass_function_like
Model N: 2861323.603229187
Done mass_function_like status = 0 

Pipeline ran okay.
Likelihood mass_function_like_m_n = -5073.782815590501
Posterior = -5067.108987795182 for parameter set #195: [0.3010465565432858, 0.7999182040937668, -0.9995]
Running module mass_function_like
Model N: 2855699.081797795
Done mass_function_like status = 0 

Pipeline ran okay.
Likelihood mass_function_like_m_n = -5417.629167847335
Posterior = -5410.950310694328 for parameter set #195: [0.29970098652108224, 0.8007411830014359, -0.9995]
Running module mass_function_like
Model N: 2873753.984923442
Done mass_function_like status = 0 

Pipeline ran okay.
Likelihood mass_function_like_m_n = -4355.3795209005475
Posterior = -4348.704925631291 for parameter set #196: [0.30097045649610554, 0.8012446252480303, -0.9995]
Running module mass_function_like
Model N: 2848485.5917385905
Done mass_function_like status = 0 

Pipeline ran okay.
Likelihood mass_function_like_m_n = -5875.843650653958
Posterior = -5869.164611706632 for parameter set #196: [0.29976967371649177, 0.7999251108510222, -0.9995]
Running module mass_function_like
Model N: 2867873.480009668
Done mass_function_like status = 0 

Pipeline ran okay.
Likelihood mass_function_like_m_n = -4688.134718827903
Posterior = -4681.461035820745 for parameter set #196: [0.30106030100927833, 0.8005621096039753, -0.9995]
Running module mass_function_like
Model N: 2857784.323959922
Done mass_function_like status = 0 

Pipeline ran okay.
Likelihood mass_function_like_m_n = -5288.781060487032
Posterior = -5282.138478999492 for parameter set #196: [0.30271008157701784, 0.7978837540883705, -0.9995]
Running module mass_function_like
Model N: 2861874.7878889656
Done mass_function_like status = 0 

Pipeline ran okay.
Likelihood mass_function_like_m_n = -5040.7183114513755
Posterior = -5034.039008689874 for parameter set #197: [0.30001695174760173, 0.8010215711498959, -0.9995]
Running module mass_function_like
Model N: 2858074.0263200267
Done mass_function_like status = 0 

Pipeline ran okay.
Likelihood mass_function_like_m_n = -5271.008036345243
Posterior = -5264.3287867639665 for parameter set #197: [0.29989548489719176, 0.800762474792691, -0.9995]
Running module mass_function_like
Model N: 2867932.8522288743
Done mass_function_like status = 0 

Pipeline ran okay.
Likelihood mass_function_like_m_n = -4684.7114297524095
Posterior = -4678.03489991589 for parameter set #197: [0.300744897548749, 0.8008891346703109, -0.9995]
Running module mass_function_like
Model N: 2854625.978952176
Done mass_function_like status = 0 

Pipeline ran okay.
Likelihood mass_function_like_m_n = -5484.56686783582
Posterior = -5477.887895539316 for parameter set #197: [0.3002576438650597, 0.8000464624662484, -0.9995]
Running module mass_function_like
Model N: 2865651.016257277
Done mass_function_like status = 0 

Pipeline ran okay.
Likelihood mass_function_like_m_n = -4817.213361024857
Posterior = -4810.537106464341 for parameter set #198: [0.2992190214093861, 0.8022382026976291, -0.9995]
Running module mass_function_like
Model N: 2854065.9078827454
Done mass_function_like status = 0 

Pipeline ran okay.
Likelihood mass_function_like_m_n = -5519.673037335277
Posterior = -5512.994075629115 for parameter set #198: [0.3002617220466285, 0.7999859809541537, -0.9995]
Running module mass_function_like
Model N: 2866862.750107638
Done mass_function_like status = 0 

Pipeline ran okay.
Likelihood mass_function_like_m_n = -4746.610967554152
Posterior = -4739.934792688686 for parameter set #198: [0.30079111729145735, 0.8007345493335819, -0.9995]
Running module mass_function_like
Model N: 2859876.329374013
Done mass_function_like status = 0 

Pipeline ran okay.
Likelihood mass_function_like_m_n = -5161.13787972182
Posterior = -5154.47186859273 for parameter set #198: [0.3016305256342382, 0.7991815623129955, -0.9995]
Running module mass_function_like
Model N: 2857268.103915195
Done mass_function_like status = 0 

Pipeline ran okay.
Likelihood mass_function_like_m_n = -5320.52803902328
Posterior = -5313.867812139357 for parameter set #199: [0.29804667901323234, 0.8025952182128663, -0.9995]
Running module mass_function_like
Model N: 2842982.467775626
Done mass_function_like status = 0 

Pipeline ran okay.
Likelihood mass_function_like_m_n = -6238.487999998033
Posterior = -6231.810567443975 for parameter set #199: [0.2993881758010847, 0.7997787356565182, -0.9995]
Running module mass_function_like
Model N: 2857287.084045778
Done mass_function_like status = 0 

Pipeline ran okay.
Likelihood mass_function_like_m_n = -5319.359028339386
Posterior = -5312.682359984788 for parameter set #199: [0.3007260638693244, 0.7998381399821258, -0.9995]
Running module mass_function_like
Model N: 2902414.8975302647
Done mass_function_like status = 0 

Pipeline ran okay.
Likelihood mass_function_like_m_n = -2914.4222934171557
Posterior = -2907.74298923909 for parameter set #199: [0.2999979878054128, 0.8051310167629663, -0.9995]
Running module mass_function_like
Model N: 2860152.105359849
Done mass_function_like status = 0 

Pipeline ran okay.
Likelihood mass_function_like_m_n = -5144.432612098753
Posterior = -5137.755468194546 for parameter set #200: [0.30065731181371896, 0.8001957914767044, -0.9995]
Running module mass_function_like
Model N: 2866412.918081203
Done mass_function_like status = 0 

Pipeline ran okay.
Likelihood mass_function_like_m_n = -4772.7574302479625
Posterior = -4766.078506599686 for parameter set #200: [0.3002758804209971, 0.8012140665937791, -0.9995]
Running module mass_function_like
Model N: 2850726.0840563215
Done mass_function_like status = 0 

Pipeline ran okay.
Likelihood mass_function_like_m_n = -5731.445318639278
Posterior = -5724.7668459155675 for parameter set #200: [0.30040779274119345, 0.799501788411982, -0.9995]
Running module mass_function_like
Model N: 2860489.9714160752
Done mass_function_like status = 0 

Pipeline ran okay.
Likelihood mass_function_like_m_n = -5124.00464502722
Posterior = -5117.326363107495 for parameter set #200: [0.30045216779750183, 0.800438551729383, -0.9995]
Running module mass_function_like
Model N: 2872954.3032128992
Done mass_function_like status = 0 

Pipeline ran okay.
Likelihood mass_function_like_m_n = -4399.883120983839
Posterior = -4393.211473797459 for parameter set #201: [0.30123749843881564, 0.8008926507981726, -0.9995]
Running module mass_function_like
Model N: 2851688.415921222
Done mass_function_like status = 0 

Pipeline ran okay.
Likelihood mass_function_like_m_n = -5669.999012872577
Posterior = -5663.319846089894 for parameter set #201: [0.3001657803530579, 0.7998444009411437, -0.9995]
Running module mass_function_like
Model N: 2846268.1864103456
Done mass_function_like status = 0 

Pipeline ran okay.
Likelihood mass_function_like_m_n = -6020.601711831987
Posterior = -6013.922409040156 for parameter set #201: [0.30001677187413606, 0.7994505209662748, -0.9995]
Running module mass_function_like
Model N: 2848890.097184475
Done mass_function_like status = 0 

Pipeline ran okay.
Likelihood mass_function_like_m_n = -5849.634794950485
Posterior = -5842.956021256695 for parameter set #201: [0.29967426866292, 0.8000823403687498, -0.9995]
Running module mass_function_like
Model N: 2873857.736074493
Done mass_function_like status = 0 

Pipeline ran okay.
Likelihood mass_function_like_m_n = -4349.622815296054
Posterior = -4342.9525084397865 for parameter set #202: [0.30134144265945617, 0.8008776022011826, -0.9995]
Running module mass_function_like
Model N: 2892926.0829653796
Done mass_function_like status = 0 

Pipeline ran okay.
Likelihood mass_function_like_m_n = -3358.440661929548
Posterior = -3351.7914525153105 for parameter set #202: [0.30245335623475367, 0.8016611458597946, -0.9995]
Running module mass_function_like
Model N: 2843788.2601803197
Done mass_function_like status = 0 

Pipeline ran okay.
Likelihood mass_function_like_m_n = -6184.678775385022
Posterior = -6178.00168050731 for parameter set #202: [0.29933527139395955, 0.7999137998872369, -0.9995]
Running module mass_function_like
Model N: 2850527.58136166
Done mass_function_like status = 0 

Pipeline ran okay.
Likelihood mass_function_like_m_n = -5744.1630038022995
Posterior = -5737.483927495317 for parameter set #202: [0.2997865093312341, 0.8001136215015324, -0.9995]
Running module mass_function_like
Model N: 2869837.4229853433
Done mass_function_like status = 0 

Pipeline ran okay.
Likelihood mass_function_like_m_n = -4575.586923986673
Posterior = -4568.921918897804 for parameter set #203: [0.3016911007918635, 0.8001191773705341, -0.9995]
Running module mass_function_like
Model N: 2871436.6935655554
Done mass_function_like status = 0 

Pipeline ran okay.
Likelihood mass_function_like_m_n = -4484.986891366541
Posterior = -4478.308899978862 for parameter set #203: [0.2994875918362431, 0.8025468783862487, -0.9995]
Running module mass_function_like
Model N: 2850680.4374760473
Done mass_function_like status = 0 

Pipeline ran okay.
Likelihood mass_function_like_m_n = -5734.368504859507
Posterior = -5727.689350520274 for parameter set #203: [0.30017312370003085, 0.7997355317715192, -0.9995]
Running module mass_function_like
Model N: 2871440.6963654347
Done mass_function_like status = 0 

Pipeline ran okay.
Likelihood mass_function_like_m_n = -4484.761310264468
Posterior = -4478.164445624884 for parameter set #203: [0.304060530968395, 0.7978913105846577, -0.9995]
Running module mass_function_like
Model N: 2837719.6948326747
Done mass_function_like status = 0 

Pipeline ran okay.
Likelihood mass_function_like_m_n = -6595.924682453275
Posterior = -6589.253497087895 for parameter set #204: [0.3012742710018338, 0.7973205235334401, -0.9995]
Running module mass_function_like
Model N: 2860979.687753335
Done mass_function_like status = 0 

Pipeline ran okay.
Likelihood mass_function_like_m_n = -5094.470664098859
Posterior = -5087.830510436432 for parameter set #204: [0.3027982328667736, 0.7981145257022776, -0.9995]
Running module mass_function_like
Model N: 2888823.5683490285
Done mass_function_like status = 0 

Pipeline ran okay.
Likelihood mass_function_like_m_n = -3560.505256578326
Posterior = -3553.8306775188034 for parameter set #204: [0.30097212538155294, 0.8027591787632276, -0.9995]
Running module mass_function_like
Model N: 2859276.9267431437
Done mass_function_like status = 0 

Pipeline ran okay.
Likelihood mass_function_like_m_n = -5197.544274680316
Posterior = -5190.867063380968 for parameter set #204: [0.3006469774279701, 0.8001183008173901, -0.9995]
Running module mass_function_like
Model N: 2852501.216746548
Done mass_function_like status = 0 

Pipeline ran okay.
Likelihood mass_function_like_m_n = -5618.369579143822
Posterior = -5611.690288006396 for parameter set #205: [0.2999488905403394, 0.8001470659121652, -0.9995]
Running module mass_function_like
Model N: 2854716.21294604
Done mass_function_like status = 0 

Pipeline ran okay.
Likelihood mass_function_like_m_n = -5478.92177605629
Posterior = -5472.2429846946425 for parameter set #205: [0.2996797386496095, 0.800663694722822, -0.9995]
Running module mass_function_like
Model N: 2857981.6638172334
Done mass_function_like status = 0 

Pipeline ran okay.
Likelihood mass_function_like_m_n = -5276.671022735536
Posterior = -5269.993245439873 for parameter set #205: [0.300552612458584, 0.8000841006452882, -0.9995]
Running module mass_function_like
Model N: 2851110.7829901576
Done mass_function_like status = 0 

Pipeline ran okay.
Likelihood mass_function_like_m_n = -5706.840267904103
Posterior = -5700.160964753147 for parameter set #205: [0.30001447310539475, 0.7999402473083201, -0.9995]
Running module mass_function_like
Model N: 2873862.2633270854
Done mass_function_like status = 0 

Pipeline ran okay.
Likelihood mass_function_like_m_n = -4349.371707521379
Posterior = -4342.698153221463 for parameter set #206: [0.30107237105468576, 0.8011517316808666, -0.9995]
Running module mass_function_like
Model N: 2852204.2901419904
Done mass_function_like status = 0 

Pipeline ran okay.
Likelihood mass_function_like_m_n = -5637.201917521656
Posterior = -5630.52282490746 for parameter set #206: [0.2997942894681142, 0.8002744121857509, -0.9995]
Running module mass_function_like
Model N: 2877994.263577315
Done mass_function_like status = 0 

Pipeline ran okay.
Likelihood mass_function_like_m_n = -4123.322584152222
Posterior = -4116.655484577368 for parameter set #206: [0.30156234589361486, 0.8010684290485891, -0.9995]
Running module mass_function_like
Model N: 2854516.0283463737
Done mass_function_like status = 0 

Pipeline ran okay.
Likelihood mass_function_like_m_n = -5491.449538946152
Posterior = -5484.771684907472 for parameter set #206: [0.2994614538773494, 0.8008665483863341, -0.9995]
Running module mass_function_like
Model N: 2851021.3151982767
Done mass_function_like status = 0 

Pipeline ran okay.
Likelihood mass_function_like_m_n = -5712.5576310530305
Posterior = -5705.878419018844 for parameter set #207: [0.30013576753961624, 0.7998078460986765, -0.9995]
Running module mass_function_like
Model N: 2878638.520131283
Done mass_function_like status = 0 

Pipeline ran okay.
Likelihood mass_function_like_m_n = -4088.6411684006453
Posterior = -4081.9773126374657 for parameter set #207: [0.3017577505585649, 0.8009344635042872, -0.9995]
Running module mass_function_like
Model N: 2849706.4545025746
Done mass_function_like status = 0 

Pipeline ran okay.
Likelihood mass_function_like_m_n = -5796.9273145496845
Posterior = -5790.248016318546 for parameter set #207: [0.2999654538804144, 0.7998488199781946, -0.9995]
Running module mass_function_like
Model N: 2867192.3212591694
Done mass_function_like status = 0 

Pipeline ran okay.
Likelihood mass_function_like_m_n = -4727.502063065767
Posterior = -4720.830094767925 for parameter set #207: [0.3012112720972537, 0.8003404070973985, -0.9995]
Running module mass_function_like
Model N: 2847897.1945314
Done mass_function_like status = 0 

Pipeline ran okay.
Likelihood mass_function_like_m_n = -5914.076490774751
Posterior = -5907.397203233989 for parameter set #208: [0.30005771923092495, 0.7995729337547632, -0.9995]
Running module mass_function_like
Model N: 2857447.561664802
Done mass_function_like status = 0 

Pipeline ran okay.
Likelihood mass_function_like_m_n = -5309.48035492003
Posterior = -5302.803495994735 for parameter set #208: [0.3006993243905093, 0.7998813047948939, -0.9995]
Running module mass_function_like
Model N: 2868940.839495391
Done mass_function_like status = 0 

Pipeline ran okay.
Likelihood mass_function_like_m_n = -4626.791144609451
Posterior = -4620.121195850428 for parameter set #208: [0.3013678771353781, 0.8003570287784811, -0.9995]
Running module mass_function_like
Model N: 2849157.362049594
Done mass_function_like status = 0 

Pipeline ran okay.
Likelihood mass_function_like_m_n = -5832.351629041135
Posterior = -5825.672424858613 for parameter set #208: [0.29985856748015066, 0.7999021313291877, -0.9995]
Running module mass_function_like
Model N: 2854985.8083707406
Done mass_function_like status = 0 

Pipeline ran okay.
Likelihood mass_function_like_m_n = -5462.07378038764
Posterior = -5455.394517109055 for parameter set #209: [0.2999095348398955, 0.8004371831892552, -0.9995]
Running module mass_function_like
Model N: 2871616.3186734635
Done mass_function_like status = 0 

Pipeline ran okay.
Likelihood mass_function_like_m_n = -4474.86977211386
Posterior = -4468.2189600151905 for parameter set #209: [0.3023871363447108, 0.7995928547310889, -0.9995]
Running module mass_function_like
Model N: 2844745.4889664487
Done mass_function_like status = 0 

Pipeline ran okay.
Likelihood mass_function_like_m_n = -6121.0734061822295
Posterior = -6114.400011398098 for parameter set #209: [0.29891285565086306, 0.8004413071928137, -0.9995]
Running module mass_function_like
Model N: 2838318.9372760816
Done mass_function_like status = 0 

Pipeline ran okay.
Likelihood mass_function_like_m_n = -6554.699765533209
Posterior = -6548.020948278284 for parameter set #209: [0.2996879284103345, 0.7990042167053483, -0.9995]
Running module mass_function_like
Model N: 2853565.1087033306
Done mass_function_like status = 0 

Pipeline ran okay.
Likelihood mass_function_like_m_n = -5551.162865132093
Posterior = -5544.483603584539 for parameter set #210: [0.3000923588175197, 0.8001079678229015, -0.9995]
Running module mass_function_like
Model N: 2878560.544948646
Done mass_function_like status = 0 

Pipeline ran okay.
Likelihood mass_function_like_m_n = -4092.830620959401
Posterior = -4086.1565671384155 for parameter set #210: [0.3010247318990656, 0.8016725900971182, -0.9995]
Running module mass_function_like
Model N: 2863163.18838603
Done mass_function_like status = 0 

Pipeline ran okay.
Likelihood mass_function_like_m_n = -4963.868460029364
Posterior = -4957.1892923694495 for parameter set #210: [0.3001652503531364, 0.8009998303663652, -0.9995]
Running module mass_function_like
Model N: 2851543.8684825636
Done mass_function_like status = 0 

Pipeline ran okay.
Likelihood mass_function_like_m_n = -5679.206528097391
Posterior = -5672.527491696882 for parameter set #210: [0.3002314293849369, 0.7997630456778282, -0.9995]
Running module mass_function_like
Model N: 2873110.933794054
Done mass_function_like status = 0 

Pipeline ran okay.
Likelihood mass_function_like_m_n = -4391.147868737578
Posterior = -4384.482602706268 for parameter set #211: [0.30167559941510874, 0.8004633505353086, -0.9995]
Running module mass_function_like
Model N: 2886528.72000386
Done mass_function_like status = 0 

Pipeline ran okay.
Likelihood mass_function_like_m_n = -3676.20227907598
Posterior = -3669.527386521838 for parameter set #211: [0.30093932360426034, 0.8025616238724506, -0.9995]
Running module mass_function_like
Model N: 2847568.0811387445
Done mass_function_like status = 0 

Pipeline ran okay.
Likelihood mass_function_like_m_n = -5935.518064677715
Posterior = -5928.838771337181 for parameter set #211: [0.2999534000521751, 0.7996458385704679, -0.9995]
Running module mass_function_like
Model N: 2848399.630335226
Done mass_function_like status = 0 

Pipeline ran okay.
Likelihood mass_function_like_m_n = -5881.421171523631
Posterior = -5874.741884351868 for parameter set #211: [0.2999416449704106, 0.7997416001511729, -0.9995]
Running module mass_function_like
Model N: 2845297.7287221607
Done mass_function_like status = 0 

Pipeline ran okay.
Likelihood mass_function_like_m_n = -6084.534744985402
Posterior = -6077.868603328769 for parameter set #212: [0.2983774993573302, 0.8010445997502915, -0.9995]
Running module mass_function_like
Model N: 2857907.551022536
Done mass_function_like status = 0 

Pipeline ran okay.
Likelihood mass_function_like_m_n = -5281.217362716794
Posterior = -5274.54032288823 for parameter set #212: [0.300672959099203, 0.7999542650220879, -0.9995]
Running module mass_function_like
Model N: 2858311.616354403
Done mass_function_like status = 0 

Pipeline ran okay.
Likelihood mass_function_like_m_n = -5256.455325044692
Posterior = -5249.776705752665 for parameter set #212: [0.30037010979006457, 0.8003029646851921, -0.9995]
Running module mass_function_like
Model N: 2849259.666538279
Done mass_function_like status = 0 

Pipeline ran okay.
Likelihood mass_function_like_m_n = -5825.742988295853
Posterior = -5819.064214171551 for parameter set #212: [0.29967440085769037, 0.8001195738562296, -0.9995]
Running module mass_function_like
Model N: 2856437.2228544825
Done mass_function_like status = 0 

Pipeline ran okay.
Likelihood mass_function_like_m_n = -5371.83427734673
Posterior = -5365.15721396391 for parameter set #213: [0.30066944984731864, 0.7998101526578161, -0.9995]
Running module mass_function_like
Model N: 2867533.2445135126
Done mass_function_like status = 0 

Pipeline ran okay.
Likelihood mass_function_like_m_n = -4707.7771222144365
Posterior = -4701.097818038486 for parameter set #213: [0.2999978853088021, 0.8016109275221815, -0.9995]
Running module mass_function_like
Model N: 2901926.0633601877
Done mass_function_like status = 0 

Pipeline ran okay.
Likelihood mass_function_like_m_n = -2936.502846315503
Posterior = -2929.824122491951 for parameter set #213: [0.3003406977423472, 0.8047282257382877, -0.9995]
Running module mass_function_like
Model N: 2845863.6912826663
Done mass_function_like status = 0 

Pipeline ran okay.
Likelihood mass_function_like_m_n = -6047.206679485738
Posterior = -6040.528872452455 for parameter set #213: [0.30054720471994045, 0.7988718652977884, -0.9995]
Running module mass_function_like
Model N: 2855678.0451314775
Done mass_function_like status = 0 

Pipeline ran okay.
Likelihood mass_function_like_m_n = -5418.937269903719
Posterior = -5412.258558456136 for parameter set #214: [0.30034431111687593, 0.8000643428384696, -0.9995]
Running module mass_function_like
Model N: 2828495.353303629
Done mass_function_like status = 0 

Pipeline ran okay.
Likelihood mass_function_like_m_n = -7247.614998579025
Posterior = -7240.937480447271 for parameter set #214: [0.2994023267522347, 0.7983054904640082, -0.9995]
Running module mass_function_like
Model N: 2854161.5803473205
Done mass_function_like status = 0 

Pipeline ran okay.
Likelihood mass_function_like_m_n = -5513.667859889567
Posterior = -5506.988588854059 for parameter set #214: [0.3000814405337606, 0.8001791199281622, -0.9995]
Running module mass_function_like
Model N: 2883288.475254751
Done mass_function_like status = 0 

Pipeline ran okay.
Likelihood mass_function_like_m_n = -3842.8277057632804
Posterior = -3836.2386668686504 for parameter set #214: [0.30424888935323474, 0.7988834279677764, -0.9995]
Running module mass_function_like
Model N: 2848455.291458798
Done mass_function_like status = 0 

Pipeline ran okay.
Likelihood mass_function_like_m_n = -5877.809339165688
Posterior = -5871.13042170207 for parameter set #215: [0.3002781131757381, 0.7994051355434002, -0.9995]
Running module mass_function_like
Model N: 2839248.8278886727
Done mass_function_like status = 0 

Pipeline ran okay.
Likelihood mass_function_like_m_n = -6490.99556030333
Posterior = -6484.316376540708 for parameter set #215: [0.30015520031432547, 0.7986042494633915, -0.9995]
Running module mass_function_like
Model N: 2853655.9975834633
Done mass_function_like status = 0 

Pipeline ran okay.
Likelihood mass_function_like_m_n = -5545.440911255777
Posterior = -5538.7616934897305 for parameter set #215: [0.3001314779556316, 0.8000772343238173, -0.9995]
Running module mass_function_like
Model N: 2851080.8698586673
Done mass_function_like status = 0 

Pipeline ran okay.
Likelihood mass_function_like_m_n = -5708.7515087500215
Posterior = -5702.072242697276 for parameter set #215: [0.3000873447940624, 0.7998629795650645, -0.9995]
Running module mass_function_like
Model N: 2866494.33235767
Done mass_function_like status = 0 

Pipeline ran okay.
Likelihood mass_function_like_m_n = -4768.019693821669
Posterior = -4761.401349291621 for parameter set #216: [0.2965083050459008, 0.8051225409113515, -0.9995]
Running module mass_function_like
Model N: 2893269.537855259
Done mass_function_like status = 0 

Pipeline ran okay.
Likelihood mass_function_like_m_n = -3341.801150508225
Posterior = -3335.178877924817 for parameter set #216: [0.30337732482601104, 0.8007585840077733, -0.9995]
Running module mass_function_like
Model N: 2870139.525756108
Done mass_function_like status = 0 

Pipeline ran okay.
Likelihood mass_function_like_m_n = -4558.400414817035
Posterior = -4551.721247152015 for parameter set #216: [0.30016524726313853, 0.8017024783820655, -0.9995]
Running module mass_function_like
Model N: 2865173.262517507
Done mass_function_like status = 0 

Pipeline ran okay.
Likelihood mass_function_like_m_n = -4845.199012063444
Posterior = -4838.521746070757 for parameter set #216: [0.30063846779458125, 0.8007198909678539, -0.9995]
Running module mass_function_like
Model N: 2861699.6359398193
Done mass_function_like status = 0 

Pipeline ran okay.
Likelihood mass_function_like_m_n = -5051.213140785694
Posterior = -5044.535729598858 for parameter set #217: [0.30061530666727176, 0.8003941248178174, -0.9995]
Running module mass_function_like
Model N: 2856749.295251982
Done mass_function_like status = 0 

Pipeline ran okay.
Likelihood mass_function_like_m_n = -5352.533970504999
Posterior = -5345.865311085213 for parameter set #217: [0.301459094138424, 0.7990413082335358, -0.9995]
Running module mass_function_like
Model N: 2845647.4233381297
Done mass_function_like status = 0 

Pipeline ran okay.
Likelihood mass_function_like_m_n = -6061.456468753517
Posterior = -6054.780035868138 for parameter set #217: [0.29924219884776004, 0.8001961052191591, -0.9995]
Running module mass_function_like
Model N: 2843643.747974179
Done mass_function_like status = 0 

Pipeline ran okay.
Likelihood mass_function_like_m_n = -6194.31108943373
Posterior = -6187.642824942924 for parameter set #217: [0.2985140856347373, 0.8007376863745137, -0.9995]
Running module mass_function_like
Model N: 2854064.7667499287
Done mass_function_like status = 0 

Pipeline ran okay.
Likelihood mass_function_like_m_n = -5519.744684629142
Posterior = -5513.069868127199 for parameter set #218: [0.3009473854935701, 0.7992899736066321, -0.9995]
Running module mass_function_like
Model N: 2843123.1529072076
Done mass_function_like status = 0 

Pipeline ran okay.
Likelihood mass_function_like_m_n = -6229.075770936906
Posterior = -6222.408717243908 for parameter set #218: [0.2984347201328975, 0.8007663551575488, -0.9995]
Running module mass_function_like
Model N: 2853776.731858166
Done mass_function_like status = 0 

Pipeline ran okay.
Likelihood mass_function_like_m_n = -5537.844784453511
Posterior = -5531.165502085339 for parameter set #218: [0.3000660759221561, 0.8001560670984628, -0.9995]
Running module mass_function_like
Model N: 2843277.322989164
Done mass_function_like status = 0 

Pipeline ran okay.
Likelihood mass_function_like_m_n = -6218.769889913499
Posterior = -6212.091232708637 for parameter set #218: [0.2996402797065686, 0.7995518349652792, -0.9995]
Running module mass_function_like
Model N: 2846513.028303593
Done mass_function_like status = 0 

Pipeline ran okay.
Likelihood mass_function_like_m_n = -6004.527424253523
Posterior = -5997.8482479207605 for parameter set #219: [0.2998400840547025, 0.7996547932036961, -0.9995]
Running module mass_function_like
Model N: 2854368.2610486806
Done mass_function_like status = 0 

Pipeline ran okay.
Likelihood mass_function_like_m_n = -5500.706541821361
Posterior = -5494.034570740702 for parameter set #219: [0.30121104233220475, 0.7990533975376428, -0.9995]
Running module mass_function_like
Model N: 2848631.118138165
Done mass_function_like status = 0 

Pipeline ran okay.
Likelihood mass_function_like_m_n = -5866.407610498369
Posterior = -5859.7286516214035 for parameter set #219: [0.3002628008163021, 0.7994382531283346, -0.9995]
Running module mass_function_like
Model N: 2846972.221359192
Done mass_function_like status = 0 

Pipeline ran okay.
Likelihood mass_function_like_m_n = -5974.441126711667
Posterior = -5967.761929501951 for parameter set #219: [0.30014627959202556, 0.7993898368813737, -0.9995]
Running module mass_function_like
Model N: 2877423.594272021
Done mass_function_like status = 0 

Pipeline ran okay.
Likelihood mass_function_like_m_n = -4154.16962261498
Posterior = -4147.492446760894 for parameter set #220: [0.3006524330194831, 0.8019381920672989, -0.9995]
Running module mass_function_like
Model N: 2869832.913239531
Done mass_function_like status = 0 

Pipeline ran okay.
Likelihood mass_function_like_m_n = -4575.843736283481
Posterior = -4569.177143012186 for parameter set #220: [0.30159442321954083, 0.8002168467387198, -0.9995]
Running module mass_function_like
Model N: 2868720.4179505515
Done mass_function_like status = 0 

Pipeline ran okay.
Likelihood mass_function_like_m_n = -4639.424862474203
Posterior = -4632.7493541737085 for parameter set #220: [0.30087130910885745, 0.8008395923186611, -0.9995]
Running module mass_function_like
Model N: 2872393.1827159487
Done mass_function_like status = 0 

Pipeline ran okay.
Likelihood mass_function_like_m_n = -4431.2506952136755
Posterior = -4424.578426919171 for parameter set #220: [0.30118624650101083, 0.8008883959839252, -0.9995]
Running module mass_function_like
Model N: 2864302.7580093443
Done mass_function_like status = 0 

Pipeline ran okay.
Likelihood mass_function_like_m_n = -4896.40789821744
Posterior = -4889.730646543655 for parameter set #221: [0.30064070656706654, 0.8006300708485841, -0.9995]
Running module mass_function_like
Model N: 2836034.2257149336
Done mass_function_like status = 0 

Pipeline ran okay.
Likelihood mass_function_like_m_n = -6712.602067194879
Posterior = -6705.92280599494 for parameter set #221: [0.29990726557132513, 0.7985323579199788, -0.9995]
Running module mass_function_like
Model N: 2845639.3123280983
Done mass_function_like status = 0 

Pipeline ran okay.
Likelihood mass_function_like_m_n = -6061.991240084171
Posterior = -6055.311937990616 for parameter set #221: [0.300020517088526, 0.7993834255020118, -0.9995]
Running module mass_function_like
Model N: 2860920.945851484
Done mass_function_like status = 0 

Pipeline ran okay.
Likelihood mass_function_like_m_n = -5098.008599445224
Posterior = -5091.33252129258 for parameter set #221: [0.3008032491104095, 0.8001249042746574, -0.9995]
Running module mass_function_like
Model N: 2860755.2325866306
Done mass_function_like status = 0 

Pipeline ran okay.
Likelihood mass_function_like_m_n = -5107.996149502695
Posterior = -5101.3179073654055 for parameter set #222: [0.30046088198504367, 0.8004562321103519, -0.9995]
Running module mass_function_like
Model N: 2861994.087167222
Done mass_function_like status = 0 

Pipeline ran okay.
Likelihood mass_function_like_m_n = -5033.576591134071
Posterior = -5026.898349367809 for parameter set #222: [0.30046096248168264, 0.8005809546754096, -0.9995]
Running module mass_function_like
Model N: 2904826.621469127
Done mass_function_like status = 0 

Pipeline ran okay.
Likelihood mass_function_like_m_n = -2806.7440124228597
Posterior = -2800.0756568967986 for parameter set #222: [0.3014797751348925, 0.803850246438477, -0.9995]
Running module mass_function_like
Model N: 2857723.179940074
Done mass_function_like status = 0 

Pipeline ran okay.
Likelihood mass_function_like_m_n = -5292.536184124649
Posterior = -5285.863284911142 for parameter set #222: [0.3011318113626699, 0.7994704281561604, -0.9995]
Running module mass_function_like
Model N: 2863897.3702981253
Done mass_function_like status = 0 

Pipeline ran okay.
Likelihood mass_function_like_m_n = -4920.351114273071
Posterior = -4913.683620878582 for parameter set #223: [0.3015369322574684, 0.7996795190671324, -0.9995]
Running module mass_function_like
Model N: 2844754.8884167806
Done mass_function_like status = 0 

Pipeline ran okay.
Likelihood mass_function_like_m_n = -6120.450540237129
Posterior = -6113.771508792241 for parameter set #223: [0.30023356087952846, 0.7990782195522519, -0.9995]
Running module mass_function_like
Model N: 2852678.2023125244
Done mass_function_like status = 0 

Pipeline ran okay.
Likelihood mass_function_like_m_n = -5607.160041846335
Posterior = -5600.482307938889 for parameter set #223: [0.299439591066359, 0.8007036018320423, -0.9995]
Running module mass_function_like
Model N: 2847642.000638738
Done mass_function_like status = 0 

Pipeline ran okay.
Likelihood mass_function_like_m_n = -5930.698718070984
Posterior = -5924.019581435355 for parameter set #223: [0.3001830642951132, 0.7994198026554714, -0.9995]
Running module mass_function_like
Model N: 2856803.453360976
Done mass_function_like status = 0 

Pipeline ran okay.
Likelihood mass_function_like_m_n = -5349.188215591013
Posterior = -5342.508913607171 for parameter set #224: [0.3000210450360437, 0.8005066501346331, -0.9995]
Running module mass_function_like
Model N: 2816527.1913750125
Done mass_function_like status = 0 

Pipeline ran okay.
Likelihood mass_function_like_m_n = -8141.266437448561
Posterior = -8134.609252654834 for parameter set #224: [0.2978966976164879, 0.7986289099932505, -0.9995]
Running module mass_function_like
Model N: 2861538.146187257
Done mass_function_like status = 0 

Pipeline ran okay.
Likelihood mass_function_like_m_n = -5060.899420782924
Posterior = -5054.220117070506 for parameter set #224: [0.29999014208936103, 0.8010150536092143, -0.9995]
Running module mass_function_like
Model N: 2854868.8626149185
Done mass_function_like status = 0 

Pipeline ran okay.
Likelihood mass_function_like_m_n = -5469.378822788596
Posterior = -5462.700805068572 for parameter set #224: [0.29949275680665116, 0.800870058984629, -0.9995]
Running module mass_function_like
Model N: 2862378.2966912654
Done mass_function_like status = 0 

Pipeline ran okay.
Likelihood mass_function_like_m_n = -5010.612126946449
Posterior = -5003.934741062331 for parameter set #225: [0.2993805947704329, 0.8017422981818025, -0.9995]
Running module mass_function_like
Model N: 2882005.141581631
Done mass_function_like status = 0 

Pipeline ran okay.
Likelihood mass_function_like_m_n = -3909.880085349083
Posterior = -3903.2131711580896 for parameter set #225: [0.30157416691090005, 0.8014591290513231, -0.9995]
Running module mass_function_like
Model N: 2852863.343598841
Done mass_function_like status = 0 

Pipeline ran okay.
Likelihood mass_function_like_m_n = -5595.446449816227
Posterior = -5588.767911949256 for parameter set #225: [0.29960850764017666, 0.8005496968106661, -0.9995]
Running module mass_function_like
Model N: 2862795.9598415205
Done mass_function_like status = 0 

Pipeline ran okay.
Likelihood mass_function_like_m_n = -4985.710111394525
Posterior = -4979.034739691094 for parameter set #225: [0.3008868477749741, 0.8002283551956118, -0.9995]
Running module mass_function_like
Model N: 2854589.8470749734
Done mass_function_like status = 0 

Pipeline ran okay.
Likelihood mass_function_like_m_n = -5486.828149095178
Posterior = -5480.149336825487 for parameter set #226: [0.30031366498664613, 0.7999860651257423, -0.9995]
Running module mass_function_like
Model N: 2866001.318164043
Done mass_function_like status = 0 

Pipeline ran okay.
Likelihood mass_function_like_m_n = -4796.747101351619
Posterior = -4790.083115807646 for parameter set #226: [0.30175035164108466, 0.7996743205431238, -0.9995]
Running module mass_function_like
Model N: 2865689.305092646
Done mass_function_like status = 0 

Pipeline ran okay.
Likelihood mass_function_like_m_n = -4814.974143773317
Posterior = -4808.304515228649 for parameter set #226: [0.3013910897628279, 0.8000069878011062, -0.9995]
Running module mass_function_like
Model N: 2883425.6473199613
Done mass_function_like status = 0 

Pipeline ran okay.
Likelihood mass_function_like_m_n = -3835.6962154507637
Posterior = -3829.0184135169766 for parameter set #226: [0.30054813584503004, 0.8026494008438897, -0.9995]
Running module mass_function_like
Model N: 2868407.9251714814
Done mass_function_like status = 0 

Pipeline ran okay.
Likelihood mass_function_like_m_n = -4657.366441428661
Posterior = -4650.739495612264 for parameter set #227: [0.30323599696887255, 0.7984164145535333, -0.9995]
Running module mass_function_like
Model N: 2853709.9705122886
Done mass_function_like status = 0 

Pipeline ran okay.
Likelihood mass_function_like_m_n = -5542.0444753021
Posterior = -5535.366061025585 for parameter set #227: [0.30042188192545244, 0.799787478517333, -0.9995]
Running module mass_function_like
Model N: 2849618.7028905996
Done mass_function_like status = 0 

Pipeline ran okay.
Likelihood mass_function_like_m_n = -5802.5809865146875
Posterior = -5795.901741150392 for parameter set #227: [0.30010847489506914, 0.7996945076483979, -0.9995]
Running module mass_function_like
Model N: 2884203.8615425616
Done mass_function_like status = 0 

Pipeline ran okay.
Likelihood mass_function_like_m_n = -3795.367269925773
Posterior = -3788.700299843994 for parameter set #227: [0.30157061239846306, 0.8016836857559126, -0.9995]
Running module mass_function_like
Model N: 2851851.6183254384
Done mass_function_like status = 0 

Pipeline ran okay.
Likelihood mass_function_like_m_n = -5659.612563505769
Posterior = -5652.93340766453 for parameter set #228: [0.3001722539241116, 0.79985427771507, -0.9995]
Running module mass_function_like
Model N: 2859070.8942681407
Done mass_function_like status = 0 

Pipeline ran okay.
Likelihood mass_function_like_m_n = -5210.089014984667
Posterior = -5203.411094686579 for parameter set #228: [0.3005260988922557, 0.8002205548590935, -0.9995]
Running module mass_function_like
Model N: 2854390.068827758
Done mass_function_like status = 0 

Pipeline ran okay.
Likelihood mass_function_like_m_n = -5499.339864395559
Posterior = -5492.661347474772 for parameter set #228: [0.3003968066337218, 0.7998812897958771, -0.9995]
Running module mass_function_like
Model N: 2848883.607640678
Done mass_function_like status = 0 

Pipeline ran okay.
Likelihood mass_function_like_m_n = -5850.054784990847
Posterior = -5843.376268100907 for parameter set #228: [0.2996031855924729, 0.8001541662622257, -0.9995]
Running module mass_function_like
Model N: 2860199.582030444
Done mass_function_like status = 0 

Pipeline ran okay.
Likelihood mass_function_like_m_n = -5141.559534564614
Posterior = -5134.881064011629 for parameter set #229: [0.3004083247053341, 0.8004540051821357, -0.9995]
Running module mass_function_like
Model N: 2864601.314576389
Done mass_function_like status = 0 

Pipeline ran okay.
Likelihood mass_function_like_m_n = -4878.813250131905
Posterior = -4872.134248592802 for parameter set #229: [0.30024603219560436, 0.8010620234663053, -0.9995]
Running module mass_function_like
Model N: 2888658.0495228823
Done mass_function_like status = 0 

Pipeline ran okay.
Likelihood mass_function_like_m_n = -3568.785962291062
Posterior = -3562.106771425469 for parameter set #229: [0.3001505541214595, 0.8035846383624141, -0.9995]
Running module mass_function_like
Model N: 2852097.8620047434
Done mass_function_like status = 0 

Pipeline ran okay.
Likelihood mass_function_like_m_n = -5643.960041955113
Posterior = -5637.284084917554 for parameter set #229: [0.30081818833410556, 0.7992235046591151, -0.9995]
Running module mass_function_like
Model N: 2848652.392731031
Done mass_function_like status = 0 

Pipeline ran okay.
Likelihood mass_function_like_m_n = -5865.028813302517
Posterior = -5858.416711782602 for parameter set #230: [0.29633386638555326, 0.8034881364037317, -0.9995]
Running module mass_function_like
Model N: 2834682.9513054374
Done mass_function_like status = 0 

Pipeline ran okay.
Likelihood mass_function_like_m_n = -6806.9183709174395
Posterior = -6800.239509355744 for parameter set #230: [0.300297535414818, 0.7980014350476303, -0.9995]
Running module mass_function_like
Model N: 2838376.3480070955
Done mass_function_like status = 0 

Pipeline ran okay.
Likelihood mass_function_like_m_n = -6550.7572892308235
Posterior = -6544.083496450011 for parameter set #230: [0.29895010310053344, 0.7997607728954668, -0.9995]
Running module mass_function_like
Model N: 2847526.804079831
Done mass_function_like status = 0 

Pipeline ran okay.
Likelihood mass_function_like_m_n = -5938.210103914142
Posterior = -5931.5342368959955 for parameter set #230: [0.2991708823770151, 0.8004582932894061, -0.9995]
Running module mass_function_like
Model N: 2855990.744449536
Done mass_function_like status = 0 

Pipeline ran okay.
Likelihood mass_function_like_m_n = -5399.509960144758
Posterior = -5392.835190423452 for parameter set #231: [0.30095231055902566, 0.7994783545342774, -0.9995]
Running module mass_function_like
Model N: 2844817.277453076
Done mass_function_like status = 0 

Pipeline ran okay.
Likelihood mass_function_like_m_n = -6116.317094668746
Posterior = -6109.6417457923035 for parameter set #231: [0.29911058200295904, 0.8002467665954355, -0.9995]
Running module mass_function_like
Model N: 2857558.2136538685
Done mass_function_like status = 0 

Pipeline ran okay.
Likelihood mass_function_like_m_n = -5302.674417875707
Posterior = -5295.9954382671785 for parameter set #231: [0.3002547900239486, 0.8003443697904628, -0.9995]
Running module mass_function_like
Model N: 2860746.6454444877
Done mass_function_like status = 0 

Pipeline ran okay.
Likelihood mass_function_like_m_n = -5108.513974525034
Posterior = -5101.838276087378 for parameter set #231: [0.3008492067655944, 0.8000606787271163, -0.9995]
Running module mass_function_like
Model N: 2870449.7720533353
Done mass_function_like status = 0 

Pipeline ran okay.
Likelihood mass_function_like_m_n = -4540.785600282252
Posterior = -4534.120460415069 for parameter set #232: [0.30168311206563425, 0.8001885540318842, -0.9995]
Running module mass_function_like
Model N: 2843300.707859875
Done mass_function_like status = 0 

Pipeline ran okay.
Likelihood mass_function_like_m_n = -6217.207449272275
Posterior = -6210.528843617215 for parameter set #232: [0.29962622379682946, 0.7995683486221079, -0.9995]
Running module mass_function_like
Model N: 2861988.336435379
Done mass_function_like status = 0 

Pipeline ran okay.
Likelihood mass_function_like_m_n = -5033.920731469989
Posterior = -5027.242196064403 for parameter set #232: [0.3003921205745442, 0.8006504475439035, -0.9995]
Running module mass_function_like
Model N: 2851336.9605979975
Done mass_function_like status = 0 

Pipeline ran okay.
Likelihood mass_function_like_m_n = -5692.399899691343
Posterior = -5685.72108175149 for parameter set #232: [0.3003118520343028, 0.799660758117773, -0.9995]
Running module mass_function_like
Model N: 2845552.7413796256
Done mass_function_like status = 0 

Pipeline ran okay.
Likelihood mass_function_like_m_n = -6067.700530715287
Posterior = -6061.021306930115 for parameter set #233: [0.2998731826993321, 0.7995243604884881, -0.9995]
Running module mass_function_like
Model N: 2874825.2554183463
Done mass_function_like status = 0 

Pipeline ran okay.
Likelihood mass_function_like_m_n = -4296.129616104066
Posterior = -4289.470151198332 for parameter set #233: [0.3019919484218046, 0.8003144126189068, -0.9995]
Running module mass_function_like
Model N: 2850193.7972825584
Done mass_function_like status = 0 

Pipeline ran okay.
Likelihood mass_function_like_m_n = -5765.581069648266
Posterior = -5758.902160075154 for parameter set #233: [0.30028093600629746, 0.7995770397659633, -0.9995]
Running module mass_function_like
Model N: 2836335.9331544014
Done mass_function_like status = 0 

Pipeline ran okay.
Likelihood mass_function_like_m_n = -6691.637542463839
Posterior = -6684.96054590244 for parameter set #233: [0.29932064193380525, 0.7991778024321229, -0.9995]
Running module mass_function_like
Model N: 2855677.9658853607
Done mass_function_like status = 0 

Pipeline ran okay.
Likelihood mass_function_like_m_n = -5418.942197903991
Posterior = -5412.263582002413 for parameter set #234: [0.3003710247250121, 0.8000371694389274, -0.9995]
Running module mass_function_like
Model N: 2891230.462403628
Done mass_function_like status = 0 

Pipeline ran okay.
Likelihood mass_function_like_m_n = -3441.215905249119
Posterior = -3434.598695051381 for parameter set #234: [0.30352403179816606, 0.8004063917224415, -0.9995]
Running module mass_function_like
Model N: 2851704.984001198
Done mass_function_like status = 0 

Pipeline ran okay.
Likelihood mass_function_like_m_n = -5668.944141976535
Posterior = -5662.264924538449 for parameter set #234: [0.29986827283987655, 0.8001488746405759, -0.9995]
Running module mass_function_like
Model N: 2844129.267805942
Done mass_function_like status = 0 

Pipeline ran okay.
Likelihood mass_function_like_m_n = -6161.980307288468
Posterior = -6155.302075977516 for parameter set #234: [0.29953677492325387, 0.7997427864471964, -0.9995]
Running module mass_function_like
Model N: 2866659.097621144
Done mass_function_like status = 0 

Pipeline ran okay.
Likelihood mass_function_like_m_n = -4758.439004726708
Posterior = -4751.759859133522 for parameter set #235: [0.3001781039718336, 0.8013387611447278, -0.9995]
Running module mass_function_like
Model N: 2859012.839858583
Done mass_function_like status = 0 

Pipeline ran okay.
Likelihood mass_function_like_m_n = -5213.626629814506
Posterior = -5206.965982938863 for parameter set #235: [0.30193169990772045, 0.7987909305905515, -0.9995]
Running module mass_function_like
Model N: 2870844.6214068546
Done mass_function_like status = 0 

Pipeline ran okay.
Likelihood mass_function_like_m_n = -4518.418533697724
Posterior = -4511.776182001344 for parameter set #235: [0.3027185474772113, 0.7991810501909202, -0.9995]
Running module mass_function_like
Model N: 2852487.3748967866
Done mass_function_like status = 0 

Pipeline ran okay.
Likelihood mass_function_like_m_n = -5619.246757261455
Posterior = -5612.567496909456 for parameter set #235: [0.3000936443395657, 0.7999982710637912, -0.9995]
Running module mass_function_like
Model N: 2856297.561343698
Done mass_function_like status = 0 

Pipeline ran okay.
Likelihood mass_function_like_m_n = -5380.483454860747
Posterior = -5373.804361348206 for parameter set #236: [0.30020527336372677, 0.8002679647281856, -0.9995]
Running module mass_function_like
Model N: 2857029.2519738954
Done mass_function_like status = 0 

Pipeline ran okay.
Likelihood mass_function_like_m_n = -5335.250678680837
Posterior = -5328.571415147022 for parameter set #236: [0.3000901825869346, 0.8004588055446981, -0.9995]
Running module mass_function_like
Model N: 2889631.4331273013
Done mass_function_like status = 0 

Pipeline ran okay.
Likelihood mass_function_like_m_n = -3520.2316516563296
Posterior = -3513.556917453839 for parameter set #236: [0.30095603303495094, 0.802856856738804, -0.9995]
Running module mass_function_like
Model N: 2875237.1192192133
Done mass_function_like status = 0 

Pipeline ran okay.
Likelihood mass_function_like_m_n = -4273.462337046862
Posterior = -4266.783529836257 for parameter set #236: [0.3003152737556837, 0.8020627892811748, -0.9995]
Running module mass_function_like
Model N: 2907434.7054172205
Done mass_function_like status = 0 

Pipeline ran okay.
Likelihood mass_function_like_m_n = -2692.6517160236835
Posterior = -2685.9827855070057 for parameter set #237: [0.3014403945037695, 0.8041530411479134, -0.9995]
Running module mass_function_like
Model N: 2848097.1974898875
Done mass_function_like status = 0 

Pipeline ran okay.
Likelihood mass_function_like_m_n = -5901.066186830401
Posterior = -5894.386988295761 for parameter set #237: [0.2998546289785819, 0.799799374512227, -0.9995]
Running module mass_function_like
Model N: 2874482.5446578157
Done mass_function_like status = 0 

Pipeline ran okay.
Likelihood mass_function_like_m_n = -4315.038452774286
Posterior = -4308.370202767877 for parameter set #237: [0.3014868888258089, 0.8007923940756431, -0.9995]
Running module mass_function_like
Model N: 2861154.7251677625
Done mass_function_like status = 0 

Pipeline ran okay.
Likelihood mass_function_like_m_n = -5083.936008885503
Posterior = -5077.2603040623 for parameter set #237: [0.3008484544898741, 0.8001025643065826, -0.9995]
Running module mass_function_like
Model N: 2866060.578190213
Done mass_function_like status = 0 

Pipeline ran okay.
Likelihood mass_function_like_m_n = -4793.289337836206
Posterior = -4786.610292779134 for parameter set #238: [0.29977234181837603, 0.8016930073969329, -0.9995]
Running module mass_function_like
Model N: 2850597.1052206643
Done mass_function_like status = 0 

Pipeline ran okay.
Likelihood mass_function_like_m_n = -5739.707070499659
Posterior = -5733.027845337757 for parameter set #238: [0.2998742729871297, 0.8000311207931478, -0.9995]
Running module mass_function_like
Model N: 2815465.2716308087
Done mass_function_like status = 0 

Pipeline ran okay.
Likelihood mass_function_like_m_n = -8223.197578899562
Posterior = -8216.518320346788 for parameter set #238: [0.29990445363927415, 0.7964684401529221, -0.9995]
Running module mass_function_like
Model N: 2872122.7560126325
Done mass_function_like status = 0 

Pipeline ran okay.
Likelihood mass_function_like_m_n = -4446.409333430231
Posterior = -4439.756829844311 for parameter set #238: [0.30231519383164257, 0.7997164236292608, -0.9995]
Running module mass_function_like
Model N: 2848283.526355053
Done mass_function_like status = 0 

Pipeline ran okay.
Likelihood mass_function_like_m_n = -5888.958849258721
Posterior = -5882.279567750386 for parameter set #239: [0.30006736464355377, 0.7996019648321387, -0.9995]
Running module mass_function_like
Model N: 2869606.0539267375
Done mass_function_like status = 0 

Pipeline ran okay.
Likelihood mass_function_like_m_n = -4588.7721484825015
Posterior = -4582.099493738713 for parameter set #239: [0.30115320895953596, 0.8006419990099567, -0.9995]
Running module mass_function_like
Model N: 2848764.7178104343
Done mass_function_like status = 0 

Pipeline ran okay.
Likelihood mass_function_like_m_n = -5857.751877933741
Posterior = -5851.072904029816 for parameter set #239: [0.29974298078478134, 0.79999985118324, -0.9995]
Running module mass_function_like
Model N: 2840497.728368243
Done mass_function_like status = 0 

Pipeline ran okay.
Likelihood mass_function_like_m_n = -6405.948779694736
Posterior = -6399.269711565088 for parameter set #239: [0.2997827127880143, 0.7991077767693677, -0.9995]
Running module mass_function_like
Model N: 2860932.1290501803
Done mass_function_like status = 0 

Pipeline ran okay.
Likelihood mass_function_like_m_n = -5097.334953859448
Posterior = -5090.655881974228 for parameter set #240: [0.30021555189124965, 0.8007239812306046, -0.9995]
Running module mass_function_like
Model N: 2857317.470777927
Done mass_function_like status = 0 

Pipeline ran okay.
Likelihood mass_function_like_m_n = -5317.487749055028
Posterior = -5310.81400474448 for parameter set #240: [0.3010545034625409, 0.7995078568237088, -0.9995]
Running module mass_function_like
Model N: 2877607.181696398
Done mass_function_like status = 0 

Pipeline ran okay.
Likelihood mass_function_like_m_n = -4144.2329473644495
Posterior = -4137.555361764168 for parameter set #240: [0.30058627604910293, 0.8020243343108223, -0.9995]
Running module mass_function_like
Model N: 2849776.242660121
Done mass_function_like status = 0 

Pipeline ran okay.
Likelihood mass_function_like_m_n = -5792.43304759264
Posterior = -5785.753770659031 for parameter set #240: [0.2999261559736913, 0.7998958478797396, -0.9995]
Running module mass_function_like
Model N: 2855678.5131079936
Done mass_function_like status = 0 

Pipeline ran okay.
Likelihood mass_function_like_m_n = -5418.908168397844
Posterior = -5412.228946591881 for parameter set #241: [0.3001283684912417, 0.8002840022425691, -0.9995]
Running module mass_function_like
Model N: 2884423.078812733
Done mass_function_like status = 0 

Pipeline ran okay.
Likelihood mass_function_like_m_n = -3784.0467697307467
Posterior = -3777.480401417514 for parameter set #241: [0.30475259687070866, 0.7984908737153975, -0.9995]
Running module mass_function_like
Model N: 2849572.743514303
Done mass_function_like status = 0 

Pipeline ran okay.
Likelihood mass_function_like_m_n = -5805.54321077466
Posterior = -5798.867777376416 for parameter set #241: [0.29912013636676316, 0.800716619950909, -0.9995]
Running module mass_function_like
Model N: 2865525.225319514
Done mass_function_like status = 0 

Pipeline ran okay.
Likelihood mass_function_like_m_n = -4824.57371006161
Posterior = -4817.918500605208 for parameter set #241: [0.3021952103274338, 0.7991767670194947, -0.9995]
Running module mass_function_like
Model N: 2867200.3076610435
Done mass_function_like status = 0 

Pipeline ran okay.
Likelihood mass_function_like_m_n = -4727.039499931037
Posterior = -4720.369144769521 for parameter set #242: [0.3013378368206478, 0.8002127900083317, -0.9995]
Running module mass_function_like
Model N: 2853419.607289113
Done mass_function_like status = 0 

Pipeline ran okay.
Likelihood mass_function_like_m_n = -5560.3293840661645
Posterior = -5553.651087969939 for parameter set #242: [0.30044902162188974, 0.7997307269556263, -0.9995]
Running module mass_function_like
Model N: 2857193.78647061
Done mass_function_like status = 0 

Pipeline ran okay.
Likelihood mass_function_like_m_n = -5325.10663420707
Posterior = -5318.428028353878 for parameter set #242: [0.30037372319120237, 0.8001869315398523, -0.9995]
Running module mass_function_like
Model N: 2824316.057030857
Done mass_function_like status = 0 

Pipeline ran okay.
Likelihood mass_function_like_m_n = -7553.484701178968
Posterior = -7546.810480523682 for parameter set #242: [0.29899168030627954, 0.7983013451083414, -0.9995]
Running module mass_function_like
Model N: 2847468.5004442837
Done mass_function_like status = 0 

Pipeline ran okay.
Likelihood mass_function_like_m_n = -5942.013681605458
Posterior = -5935.358783648011 for parameter set #243: [0.29779064530404303, 0.8018661191113616, -0.9995]
Running module mass_function_like
Model N: 2858116.7253359626
Done mass_function_like status = 0 

Pipeline ran okay.
Likelihood mass_function_like_m_n = -5268.391118861735
Posterior = -5261.712168635445 for parameter set #243: [0.30026607217817686, 0.8003890873552265, -0.9995]
Running module mass_function_like
Model N: 2913641.736474003
Done mass_function_like status = 0 

Pipeline ran okay.
Likelihood mass_function_like_m_n = -2430.929938532412
Posterior = -2424.577244502641 for parameter set #243: [0.3080822047553777, 0.7980668265071716, -0.9995]
Running module mass_function_like
Model N: 2853891.263782764
Done mass_function_like status = 0 

Pipeline ran okay.
Likelihood mass_function_like_m_n = -5530.643903128803
Posterior = -5523.965226059478 for parameter set #243: [0.30035415504661633, 0.7998744579884292, -0.9995]
Running module mass_function_like
Model N: 2864758.751688521
Done mass_function_like status = 0 

Pipeline ran okay.
Likelihood mass_function_like_m_n = -4869.548375733197
Posterior = -4862.869322532211 for parameter set #244: [0.3002240523710287, 0.80110030123532, -0.9995]
Running module mass_function_like
Model N: 2876285.6902906387
Done mass_function_like status = 0 

Pipeline ran okay.
Likelihood mass_function_like_m_n = -4216.034222774208
Posterior = -4209.358482524224 for parameter set #244: [0.3008442687163228, 0.8016279347450406, -0.9995]
Running module mass_function_like
Model N: 2880382.8016449045
Done mass_function_like status = 0 

Pipeline ran okay.
Likelihood mass_function_like_m_n = -3995.505886889994
Posterior = -3988.82929667292 for parameter set #244: [0.3007367470714053, 0.8021501591257723, -0.9995]
Running module mass_function_like
Model N: 2870345.432788357
Done mass_function_like status = 0 

Pipeline ran okay.
Likelihood mass_function_like_m_n = -4546.705702506006
Posterior = -4540.030702173227 for parameter set #244: [0.30092777858686653, 0.8009455426427833, -0.9995]
Running module mass_function_like
Model N: 2865057.389803192
Done mass_function_like status = 0 

Pipeline ran okay.
Likelihood mass_function_like_m_n = -4851.999260388315
Posterior = -4845.321564931349 for parameter set #245: [0.2994327714138631, 0.8019592381552638, -0.9995]
Running module mass_function_like
Model N: 2863587.5667975624
Done mass_function_like status = 0 

Pipeline ran okay.
Likelihood mass_function_like_m_n = -4938.689856655896
Posterior = -4932.012278253088 for parameter set #245: [0.3005875024260048, 0.8006123186590327, -0.9995]
Running module mass_function_like
Model N: 2867649.433933732
Done mass_function_like status = 0 

Pipeline ran okay.
Likelihood mass_function_like_m_n = -4701.064498417079
Posterior = -4694.385194741798 for parameter set #245: [0.2999897723020798, 0.8016309413055548, -0.9995]
Running module mass_function_like
Model N: 2845991.0253093424
Done mass_function_like status = 0 

Pipeline ran okay.
Likelihood mass_function_like_m_n = -6038.824895970523
Posterior = -6032.145604570106 for parameter set #245: [0.2999494077226781, 0.7994911660162677, -0.9995]
Running module mass_function_like
Model N: 2860967.6148025813
Done mass_function_like status = 0 

Pipeline ran okay.
Likelihood mass_function_like_m_n = -5095.197695150971
Posterior = -5088.520676687277 for parameter set #246: [0.30067612641060015, 0.8002588083047484, -0.9995]
Running module mass_function_like
Model N: 2942876.394507679
Done mass_function_like status = 0 

Pipeline ran okay.
Likelihood mass_function_like_m_n = -1382.3778320103884
Posterior = -1375.7009484530402 for parameter set #246: [0.30069579321093876, 0.8084997315062061, -0.9995]
Running module mass_function_like
Model N: 2860540.7530789147
Done mass_function_like status = 0 

Pipeline ran okay.
Likelihood mass_function_like_m_n = -5120.937956109643
Posterior = -5114.258697793877 for parameter set #246: [0.30009579409589304, 0.800806660984179, -0.9995]
Running module mass_function_like
Model N: 2852026.7832168597
Done mass_function_like status = 0 

Pipeline ran okay.
Likelihood mass_function_like_m_n = -5648.475855737925
Posterior = -5641.796664131935 for parameter set #246: [0.3001500615345415, 0.7998944690894777, -0.9995]
Running module mass_function_like
Model N: 2875158.247235392
Done mass_function_like status = 0 

Pipeline ran okay.
Likelihood mass_function_like_m_n = -4277.798305824399
Posterior = -4271.124147166001 for parameter set #247: [0.3010144495958577, 0.8013411812691449, -0.9995]
Running module mass_function_like
Model N: 2852798.603154365
Done mass_function_like status = 0 

Pipeline ran okay.
Likelihood mass_function_like_m_n = -5599.541021212935
Posterior = -5592.861843703866 for parameter set #247: [0.3001591786674685, 0.7999627984445278, -0.9995]
Running module mass_function_like
Model N: 2846459.8655518657
Done mass_function_like status = 0 

Pipeline ran okay.
Likelihood mass_function_like_m_n = -6008.015742011368
Posterior = -6001.336964304986 for parameter set #247: [0.29967550287259037, 0.7998364791399584, -0.9995]
Running module mass_function_like
Model N: 2886213.106438931
Done mass_function_like status = 0 

Pipeline ran okay.
Likelihood mass_function_like_m_n = -3692.2641457915306
Posterior = -3685.6903275236514 for parameter set #247: [0.3045931673261746, 0.7988289824323033, -0.9995]
Running module mass_function_like
Model N: 2875703.3966565193
Done mass_function_like status = 0 

Pipeline ran okay.
Likelihood mass_function_like_m_n = -4247.875473223627
Posterior = -4241.205239413122 for parameter set #248: [0.30134687696588774, 0.80105748504276, -0.9995]
Running module mass_function_like
Model N: 2853333.7165747816
Done mass_function_like status = 0 

Pipeline ran okay.
Likelihood mass_function_like_m_n = -5565.744159661233
Posterior = -5559.064859647782 for parameter set #248: [0.30002893046338985, 0.8001491316007713, -0.9995]
Running module mass_function_like
Model N: 2843142.727400967
Done mass_function_like status = 0 

Pipeline ran okay.
Likelihood mass_function_like_m_n = -6227.766771107912
Posterior = -6221.0892580272775 for parameter set #248: [0.2994014822182579, 0.7997813028770662, -0.9995]
Running module mass_function_like
Model N: 2851639.7558088913
Done mass_function_like status = 0 

Pipeline ran okay.
Likelihood mass_function_like_m_n = -5673.0977390781045
Posterior = -5666.418465802376 for parameter set #248: [0.3000786416954977, 0.7999281768509737, -0.9995]
Running module mass_function_like
Model N: 2849094.5359545397
Done mass_function_like status = 0 

Pipeline ran okay.
Likelihood mass_function_like_m_n = -5836.411992266774
Posterior = -5829.732694960253 for parameter set #249: [0.30003712624023077, 0.7997142320205246, -0.9995]
Running module mass_function_like
Model N: 2855165.485524101
Done mass_function_like status = 0 

Pipeline ran okay.
Likelihood mass_function_like_m_n = -5450.860124029219
Posterior = -5444.181218673777 for parameter set #249: [0.30028243330813104, 0.8000755602296523, -0.9995]
Running module mass_function_like
Model N: 2829068.894612018
Done mass_function_like status = 0 

Pipeline ran okay.
Likelihood mass_function_like_m_n = -7206.1564899683
Posterior = -7199.501890834934 for parameter set #249: [0.29777716105198476, 0.800018232374205, -0.9995]
Running module mass_function_like
Model N: 2864485.906876259
Done mass_function_like status = 0 

Pipeline ran okay.
Likelihood mass_function_like_m_n = -4885.6105932965875
Posterior = -4878.933541889249 for parameter set #249: [0.30067123631781073, 0.8006173878023506, -0.9995]
Running module mass_function_like
Model N: 2886636.0136252805
Done mass_function_like status = 0 

Pipeline ran okay.
Likelihood mass_function_like_m_n = -3670.7502670511603
Posterior = -3664.071622298869 for parameter set #250: [0.2996368344678142, 0.8039283901956947, -0.9995]
Running module mass_function_like
Model N: 2863316.1552990647
Done mass_function_like status = 0 

Pipeline ran okay.
Likelihood mass_function_like_m_n = -4954.785169489682
Posterior = -4948.10588977901 for parameter set #250: [0.30006998233783017, 0.8011125213062493, -0.9995]
Running module mass_function_like
Model N: 2926911.1068694303
Done mass_function_like status = 0 

Pipeline ran okay.
Likelihood mass_function_like_m_n = -1917.5184478387237
Posterior = -1911.0133937389319 for parameter set #250: [0.3059033905261041, 0.8015644520148925, -0.9995]
Running module mass_function_like
Model N: 2862008.6759728314
Done mass_function_like status = 0 

Pipeline ran okay.
Likelihood mass_function_like_m_n = -5032.703609980643
Posterior = -5026.027466995016 for parameter set #250: [0.30079513680377157, 0.8002424097463037, -0.9995]
Running module mass_function_like
Model N: 2857045.2031013914
Done mass_function_like status = 0 

Pipeline ran okay.
Likelihood mass_function_like_m_n = -5334.26680354774
Posterior = -5327.588403910613 for parameter set #251: [0.30042533779128766, 0.8001194867437783, -0.9995]
Running module mass_function_like
Model N: 2853830.2842795965
Done mass_function_like status = 0 

Pipeline ran okay.
Likelihood mass_function_like_m_n = -5534.4772144034505
Posterior = -5527.798043950169 for parameter set #251: [0.29983644876705057, 0.800395249127841, -0.9995]
Running module mass_function_like
Model N: 2843957.3147622375
Done mass_function_like status = 0 

Pipeline ran okay.
Likelihood mass_function_like_m_n = -6173.420555472374
Posterior = -6166.7430397364515 for parameter set #251: [0.2994019260266921, 0.7998629927159102, -0.9995]
Running module mass_function_like
Model N: 2847768.1299947132
Done mass_function_like status = 0 

Pipeline ran okay.
Likelihood mass_function_like_m_n = -5922.480152577162
Posterior = -5915.800949774002 for parameter set #251: [0.2998575955401495, 0.7997631660648761, -0.9995]
Running module mass_function_like
Model N: 2849871.6145795295
Done mass_function_like status = 0 

Pipeline ran okay.
Likelihood mass_function_like_m_n = -5786.294161103666
Posterior = -5779.6151985560855 for parameter set #252: [0.299738599644283, 0.8001158468543547, -0.9995]
Running module mass_function_like
Model N: 2885596.771272421
Done mass_function_like status = 0 

Pipeline ran okay.
Likelihood mass_function_like_m_n = -3723.7345966622233
Posterior = -3717.0665695431558 for parameter set #252: [0.3015018041978082, 0.8018938078618217, -0.9995]
Running module mass_function_like
Model N: 2854627.1821547817
Done mass_function_like status = 0 

Pipeline ran okay.
Likelihood mass_function_like_m_n = -5484.491574831307
Posterior = -5477.815518771711 for parameter set #252: [0.3008059948776806, 0.7994899018204241, -0.9995]
Running module mass_function_like
Model N: 2865163.2484064116
Done mass_function_like status = 0 

Pipeline ran okay.
Likelihood mass_function_like_m_n = -4845.786516629159
Posterior = -4839.111221343063 for parameter set #252: [0.3008954230524769, 0.8004575006628597, -0.9995]
Running module mass_function_like
Model N: 2879920.0998821645
Done mass_function_like status = 0 

Pipeline ran okay.
Likelihood mass_function_like_m_n = -4020.1032258048654
Posterior = -4013.4405843253926 for parameter set #253: [0.3018255256140416, 0.8009942148761647, -0.9995]
Running module mass_function_like
Model N: 2864266.0587952863
Done mass_function_like status = 0 

Pipeline ran okay.
Likelihood mass_function_like_m_n = -4898.572944425046
Posterior = -4891.917366054528 for parameter set #253: [0.30217834009246347, 0.7990678628430437, -0.9995]
Running module mass_function_like
Model N: 2844882.5089940806
Done mass_function_like status = 0 

Pipeline ran okay.
Likelihood mass_function_like_m_n = -6111.996885403991
Posterior = -6105.317885409458 for parameter set #253: [0.29975334081137706, 0.7995789063581037, -0.9995]
Running module mass_function_like
Model N: 2835416.3487164164
Done mass_function_like status = 0 

Pipeline ran okay.
Likelihood mass_function_like_m_n = -6755.643183089793
Posterior = -6748.968427994916 for parameter set #253: [0.2990461547888785, 0.7993644731785635, -0.9995]
Running module mass_function_like
Model N: 2852418.219559079
Done mass_function_like status = 0 

Pipeline ran okay.
Likelihood mass_function_like_m_n = -5623.630301259458
Posterior = -5616.951209753984 for parameter set #254: [0.30020624879929697, 0.7998765496235779, -0.9995]
Running module mass_function_like
Model N: 2907139.222412353
Done mass_function_like status = 0 

Pipeline ran okay.
Likelihood mass_function_like_m_n = -2705.455126196146
Posterior = -2698.787881919676 for parameter set #254: [0.3015530564600126, 0.8040078774354866, -0.9995]
Running module mass_function_like
Model N: 2871314.72501522
Done mass_function_like status = 0 

Pipeline ran okay.
Likelihood mass_function_like_m_n = -4491.863356277347
Posterior = -4485.185602991603 for parameter set #254: [0.2994430596859428, 0.8025803308116704, -0.9995]
Running module mass_function_like
Model N: 2860704.207609763
Done mass_function_like status = 0 

Pipeline ran okay.
Likelihood mass_function_like_m_n = -5111.073477819562
Posterior = -5104.39776816032 for parameter set #254: [0.3008478843162, 0.8000577886487015, -0.9995]
Running module mass_function_like
Model N: 2865495.1640549386
Done mass_function_like status = 0 

Pipeline ran okay.
Likelihood mass_function_like_m_n = -4826.333536759019
Posterior = -4819.672308004508 for parameter set #255: [0.30190133867570734, 0.7994710352754132, -0.9995]
Running module mass_function_like
Model N: 2864210.9026787165
Done mass_function_like status = 0 

Pipeline ran okay.
Likelihood mass_function_like_m_n = -4901.827780164778
Posterior = -4895.153220164856 for parameter set #255: [0.30097408401980236, 0.8002817856553978, -0.9995]
Running module mass_function_like
Model N: 2853280.256271588
Done mass_function_like status = 0 

Pipeline ran okay.
Likelihood mass_function_like_m_n = -5569.115824952722
Posterior = -5562.437000906059 for parameter set #255: [0.30030988760812555, 0.799858160463922, -0.9995]
Running module mass_function_like
Model N: 2854945.009712342
Done mass_function_like status = 0 

Pipeline ran okay.
Likelihood mass_function_like_m_n = -5464.621699497104
Posterior = -5457.9437508611145 for parameter set #255: [0.2994793153889082, 0.8008915731850211, -0.9995]
Running module mass_function_like
Model N: 2855595.2377928304
Done mass_function_like status = 0 

Pipeline ran okay.
Likelihood mass_function_like_m_n = -5424.087995387614
Posterior = -5417.410446427255 for parameter set #256: [0.29940750730782484, 0.8010303494706772, -0.9995]
Running module mass_function_like
Model N: 2848823.006409182
Done mass_function_like status = 0 

Pipeline ran okay.
Likelihood mass_function_like_m_n = -5853.977532885969
Posterior = -5847.299448346549 for parameter set #256: [0.29950610549894147, 0.8002471255186567, -0.9995]
Running module mass_function_like
Model N: 2851931.401836138
Done mass_function_like status = 0 

Pipeline ran okay.
Likelihood mass_function_like_m_n = -5654.538634642959
Posterior = -5647.860592001578 for parameter set #256: [0.29949769393203285, 0.8005691075007215, -0.9995]
Running module mass_function_like
Model N: 2863446.0636951346
Done mass_function_like status = 0 

Pipeline ran okay.
Likelihood mass_function_like_m_n = -4947.077908970416
Posterior = -4940.404211505243 for parameter set #256: [0.3010589365550528, 0.8001188305480538, -0.9995]
Running module mass_function_like
Model N: 2843950.9125996656
Done mass_function_like status = 0 

Pipeline ran okay.
Likelihood mass_function_like_m_n = -6173.846713356674
Posterior = -6167.167720953009 for parameter set #257: [0.2997502823011299, 0.7994882224586091, -0.9995]
Running module mass_function_like
Model N: 2846283.9912050054
Done mass_function_like status = 0 

Pipeline ran okay.
Likelihood mass_function_like_m_n = -6019.563422493637
Posterior = -6012.893230963901 for parameter set #257: [0.29864998751304633, 0.8008653936920453, -0.9995]
Running module mass_function_like
Model N: 2878123.7006394723
Done mass_function_like status = 0 

Pipeline ran okay.
Likelihood mass_function_like_m_n = -4116.342569701374
Posterior = -4109.754558781562 for parameter set #257: [0.30427301482558483, 0.7983442705641763, -0.9995]
Running module mass_function_like
Model N: 2864823.8762025665
Done mass_function_like status = 0 

Pipeline ran okay.
Likelihood mass_function_like_m_n = -4865.718600638211
Posterior = -4859.056347156636 for parameter set #257: [0.30184665734422816, 0.7994587322154214, -0.9995]
Running module mass_function_like
Model N: 2872871.353848428
Done mass_function_like status = 0 

Pipeline ran okay.
Likelihood mass_function_like_m_n = -4404.512839920819
Posterior = -4397.839148862626 for parameter set #258: [0.30105954142132035, 0.8010653518147899, -0.9995]
Running module mass_function_like
Model N: 2857941.878283347
Done mass_function_like status = 0 

Pipeline ran okay.
Likelihood mass_function_like_m_n = -5279.111353985965
Posterior = -5272.434624052982 for parameter set #258: [0.3007175326232101, 0.7999125619357772, -0.9995]
Running module mass_function_like
Model N: 2870743.90214336
Done mass_function_like status = 0 

Pipeline ran okay.
Likelihood mass_function_like_m_n = -4524.118534721434
Posterior = -4517.444845890192 for parameter set #258: [0.30105975158107956, 0.8008512090115273, -0.9995]
Running module mass_function_like
Model N: 2839299.357470125
Done mass_function_like status = 0 

Pipeline ran okay.
Likelihood mass_function_like_m_n = -6487.543242245913
Posterior = -6480.864277633848 for parameter set #258: [0.2997393906195022, 0.7990506018536393, -0.9995]
Running module mass_function_like
Model N: 2859123.289629653
Done mass_function_like status = 0 

Pipeline ran okay.
Likelihood mass_function_like_m_n = -5206.897314727306
Posterior = -5200.218283046566 for parameter set #259: [0.29976654012346104, 0.8009997842711177, -0.9995]
Running module mass_function_like
Model N: 2869589.1999648307
Done mass_function_like status = 0 

Pipeline ran okay.
Likelihood mass_function_like_m_n = -4589.733389958739
Posterior = -4583.071288106308 for parameter set #259: [0.3018548501761001, 0.799928152617832, -0.9995]
Running module mass_function_like
Model N: 2935672.7798133655
Done mass_function_like status = 0 

Pipeline ran okay.
Likelihood mass_function_like_m_n = -1612.7247497811913
Posterior = -1606.648377098962 for parameter set #259: [0.3109811795002265, 0.7973730537411109, -0.9995]
Running module mass_function_like
Model N: 2851494.213350113
Done mass_function_like status = 0 

Pipeline ran okay.
Likelihood mass_function_like_m_n = -5682.371304802597
Posterior = -5675.692326522388 for parameter set #259: [0.30025531083076995, 0.7997338407985026, -0.9995]
Running module mass_function_like
Model N: 2868574.9518527454
Done mass_function_like status = 0 

Pipeline ran okay.
Likelihood mass_function_like_m_n = -4647.7722300589085
Posterior = -4641.093115277025 for parameter set #260: [0.2998053637101266, 0.8019128494544705, -0.9995]
Running module mass_function_like
Model N: 2855081.066133127
Done mass_function_like status = 0 

Pipeline ran okay.
Likelihood mass_function_like_m_n = -5456.127244479954
Posterior = -5449.448353246443 for parameter set #260: [0.3002873899089372, 0.8000619287340089, -0.9995]
Running module mass_function_like
Model N: 2922300.2483189367
Done mass_function_like status = 0 

Pipeline ran okay.
Likelihood mass_function_like_m_n = -2088.822642162442
Posterior = -2082.161689386316 for parameter set #260: [0.30191579864203166, 0.8051617799079203, -0.9995]
Running module mass_function_like
Model N: 2905871.6138341078
Done mass_function_like status = 0 

Pipeline ran okay.
Likelihood mass_function_like_m_n = -2760.736813560128
Posterior = -2754.0881637890616 for parameter set #260: [0.30247606248886244, 0.8029367601666673, -0.9995]
Running module mass_function_like
Model N: 2855152.7493902473
Done mass_function_like status = 0 

Pipeline ran okay.
Likelihood mass_function_like_m_n = -5451.654590927064
Posterior = -5445.023119240241 for parameter set #261: [0.30309297628462106, 0.7972366605651926, -0.9995]
Running module mass_function_like
Model N: 3013059.2200631867
Done mass_function_like status = 0 

Pipeline ran okay.
Likelihood mass_function_like_m_n = -75.95450665801764
Posterior = -69.2864564139106 for parameter set #261: [0.3015002635903843, 0.81477383734327, -0.9995]
Running module mass_function_like
Model N: 2866484.788425487
Done mass_function_like status = 0 

Pipeline ran okay.
Likelihood mass_function_like_m_n = -4768.574956730008
Posterior = -4761.911203912687 for parameter set #261: [0.30176359751581716, 0.7997094144687458, -0.9995]
Running module mass_function_like
Model N: 2908350.68967976
Done mass_function_like status = 0 

Pipeline ran okay.
Likelihood mass_function_like_m_n = -2653.160776361823
Posterior = -2646.776856097025 for parameter set #261: [0.30768614251119186, 0.7979369982538211, -0.9995]
Running module mass_function_like
Model N: 2872158.910533637
Done mass_function_like status = 0 

Pipeline ran okay.
Likelihood mass_function_like_m_n = -4444.38115208596
Posterior = -4437.702267212244 for parameter set #262: [0.3002895944040626, 0.8017788249249173, -0.9995]
Running module mass_function_like
Model N: 2854967.70720135
Done mass_function_like status = 0 

Pipeline ran okay.
Likelihood mass_function_like_m_n = -5463.204140998423
Posterior = -5456.525281680613 for parameter set #262: [0.3002982886188252, 0.8000394772070981, -0.9995]
Running module mass_function_like
Model N: 2862631.3314823364
Done mass_function_like status = 0 

Pipeline ran okay.
Likelihood mass_function_like_m_n = -4995.517914310098
Posterior = -4988.838949595017 for parameter set #262: [0.29973943015153576, 0.8014006974518366, -0.9995]
Running module mass_function_like
Model N: 2841032.103525121
Done mass_function_like status = 0 

Pipeline ran okay.
Likelihood mass_function_like_m_n = -6369.738416314125
Posterior = -6363.060634030466 for parameter set #262: [0.29944829090070824, 0.799521110968658, -0.9995]
Running module mass_function_like
Model N: 2872753.0518806456
Done mass_function_like status = 0 

Pipeline ran okay.
Likelihood mass_function_like_m_n = -4411.12009690702
Posterior = -4404.44118571775 for parameter set #263: [0.3002803601402286, 0.8018480712884563, -0.9995]
Running module mass_function_like
Model N: 2870595.188310221
Done mass_function_like status = 0 

Pipeline ran okay.
Likelihood mass_function_like_m_n = -4532.541516959667
Posterior = -4525.862444721557 for parameter set #263: [0.3002153881146967, 0.8016969738705053, -0.9995]
Running module mass_function_like
Model N: 2849405.240760967
Done mass_function_like status = 0 

Pipeline ran okay.
Likelihood mass_function_like_m_n = -5816.345960855484
Posterior = -5809.666827437802 for parameter set #263: [0.29981518624085907, 0.7999712371771882, -0.9995]
Running module mass_function_like
Model N: 2867383.552358069
Done mass_function_like status = 0 

Pipeline ran okay.
Likelihood mass_function_like_m_n = -4716.432644098997
Posterior = -4709.76385244891 for parameter set #263: [0.3014500033257688, 0.800117234031421, -0.9995]
Running module mass_function_like
Model N: 2848996.8234988376
Done mass_function_like status = 0 

Pipeline ran okay.
Likelihood mass_function_like_m_n = -5842.72994338721
Posterior = -5836.050651479728 for parameter set #264: [0.30004957989035735, 0.7996918409631049, -0.9995]
Running module mass_function_like
Model N: 2913153.7963750027
Done mass_function_like status = 0 

Pipeline ran okay.
Likelihood mass_function_like_m_n = -2451.004808574915
Posterior = -2444.32614616919 for parameter set #264: [0.29964172843119136, 0.8066057112662498, -0.9995]
Running module mass_function_like
Model N: 2852584.330709367
Done mass_function_like status = 0 

Pipeline ran okay.
Likelihood mass_function_like_m_n = -5613.1040286794305
Posterior = -5606.424743644137 for parameter set #264: [0.30006190802326305, 0.8000402676404736, -0.9995]
Running module mass_function_like
Model N: 2846813.10039277
Done mass_function_like status = 0 

Pipeline ran okay.
Likelihood mass_function_like_m_n = -5984.857785820961
Posterior = -5978.1789223463475 for parameter set #264: [0.2997031082027515, 0.7998438500638448, -0.9995]
Running module mass_function_like
Model N: 2861926.0727189616
Done mass_function_like status = 0 

Pipeline ran okay.
Likelihood mass_function_like_m_n = -5037.647555530071
Posterior = -5030.968725842951 for parameter set #265: [0.30030806206861366, 0.8007296030659816, -0.9995]
Running module mass_function_like
Model N: 2857833.4608842423
Done mass_function_like status = 0 

Pipeline ran okay.
Likelihood mass_function_like_m_n = -5285.764351800084
Posterior = -5279.085386500021 for parameter set #265: [0.30026034525051154, 0.8003663882985048, -0.9995]
Running module mass_function_like
Model N: 2849263.867243552
Done mass_function_like status = 0 

Pipeline ran okay.
Likelihood mass_function_like_m_n = -5825.471715733409
Posterior = -5818.794274029183 for parameter set #265: [0.29938967318853793, 0.8004102366157356, -0.9995]
Running module mass_function_like
Model N: 2850448.291805665
Done mass_function_like status = 0 

Pipeline ran okay.
Likelihood mass_function_like_m_n = -5749.247043929994
Posterior = -5742.567749364632 for parameter set #265: [0.30004389293382433, 0.7998436781608709, -0.9995]
Running module mass_function_like
Model N: 2837797.12006746
Done mass_function_like status = 0 

Pipeline ran okay.
Likelihood mass_function_like_m_n = -6590.590601123869
Posterior = -6583.9167420115955 for parameter set #266: [0.29895644012761924, 0.7996959797628719, -0.9995]
Running module mass_function_like
Model N: 2862097.512285627
Done mass_function_like status = 0 

Pipeline ran okay.
Likelihood mass_function_like_m_n = -5027.389425158501
Posterior = -5020.710655841472 for parameter set #266: [0.30032707224932625, 0.8007276020447349, -0.9995]
Running module mass_function_like
Model N: 2853134.480250246
Done mass_function_like status = 0 

Pipeline ran okay.
Likelihood mass_function_like_m_n = -5578.315122015774
Posterior = -5571.636442685696 for parameter set #266: [0.30035351611896444, 0.7997991768529302, -0.9995]
Running module mass_function_like
Model N: 2891568.8961891495
Done mass_function_like status = 0 

Pipeline ran okay.
Likelihood mass_function_like_m_n = -3424.6112603396177
Posterior = -3417.9323636330664 for parameter set #266: [0.30028547916166226, 0.8037396997151581, -0.9995]
Running module mass_function_like
Model N: 2851807.2079396676
Done mass_function_like status = 0 

Pipeline ran okay.
Likelihood mass_function_like_m_n = -5662.437924221158
Posterior = -5655.759668954216 for parameter set #267: [0.30045802431553864, 0.799559591036745, -0.9995]
Running module mass_function_like
Model N: 2875500.3963616597
Done mass_function_like status = 0 

Pipeline ran okay.
Likelihood mass_function_like_m_n = -4259.00526304543
Posterior = -4252.338475425227 for parameter set #267: [0.3015821869742455, 0.8007979310493842, -0.9995]
Running module mass_function_like
Model N: 2883420.474306214
Done mass_function_like status = 0 

Pipeline ran okay.
Likelihood mass_function_like_m_n = -3835.965032659471
Posterior = -3829.2925202358974 for parameter set #267: [0.2988345151449559, 0.8044309035589876, -0.9995]
Running module mass_function_like
Model N: 2865164.3179446505
Done mass_function_like status = 0 

Pipeline ran okay.
Likelihood mass_function_like_m_n = -4845.7237675487995
Posterior = -4839.04821679112 for parameter set #267: [0.3008664226024787, 0.8004871145224176, -0.9995]
Running module mass_function_like
Model N: 2852659.5686117397
Done mass_function_like status = 0 

Pipeline ran okay.
Likelihood mass_function_like_m_n = -5608.339673817158
Posterior = -5601.660468191486 for parameter set #268: [0.2998595915685698, 0.8002537010421797, -0.9995]
Running module mass_function_like
Model N: 2846921.5663844296
Done mass_function_like status = 0 

Pipeline ran okay.
Likelihood mass_function_like_m_n = -5977.756164431572
Posterior = -5971.076872641931 for parameter set #268: [0.3000498170031917, 0.7994827820221978, -0.9995]
Running module mass_function_like
Model N: 2857610.611835692
Done mass_function_like status = 0 

Pipeline ran okay.
Likelihood mass_function_like_m_n = -5299.453118890524
Posterior = -5292.773962873018 for parameter set #268: [0.29982784843631743, 0.8007846780041858, -0.9995]
Running module mass_function_like
Model N: 2865020.949915479
Done mass_function_like status = 0 

Pipeline ran okay.
Likelihood mass_function_like_m_n = -4854.138841807842
Posterior = -4847.469985101964 for parameter set #268: [0.3014455097669785, 0.7998847482399976, -0.9995]
Running module mass_function_like
Model N: 2840482.1900726096
Done mass_function_like status = 0 

Pipeline ran okay.
Likelihood mass_function_like_m_n = -6407.003292642534
Posterior = -6400.33896966751 for parameter set #269: [0.3017309663940478, 0.797137661880146, -0.9995]
Running module mass_function_like
Model N: 2904731.218379196
Done mass_function_like status = 0 

Pipeline ran okay.
Likelihood mass_function_like_m_n = -2810.9638129025698
Posterior = -2804.295459770258 for parameter set #269: [0.3014799368904353, 0.8038403968047461, -0.9995]
Running module mass_function_like
Model N: 2848406.5266160383
Done mass_function_like status = 0 

Pipeline ran okay.
Likelihood mass_function_like_m_n = -5880.973611220717
Posterior = -5874.2948572328905 for parameter set #269: [0.299668274063948, 0.800039723692152, -0.9995]
Running module mass_function_like
Model N: 2848075.94981973
Done mass_function_like status = 0 

Pipeline ran okay.
Likelihood mass_function_like_m_n = -5902.44764944911
Posterior = -5895.768411898648 for parameter set #269: [0.30011545375528964, 0.7995321139392388, -0.9995]
Running module mass_function_like
Model N: 2843426.0845726244
Done mass_function_like status = 0 

Pipeline ran okay.
Likelihood mass_function_like_m_n = -6208.834007665515
Posterior = -6202.15474868658 for parameter set #270: [0.29990490070949766, 0.7992781920175658, -0.9995]
Running module mass_function_like
Model N: 2851065.5516657922
Done mass_function_like status = 0 

Pipeline ran okay.
Likelihood mass_function_like_m_n = -5709.730363897979
Posterior = -5703.051071148487 for parameter set #270: [0.29995214852611723, 0.7999991292446935, -0.9995]
Running module mass_function_like
Model N: 2855649.3691862887
Done mass_function_like status = 0 

Pipeline ran okay.
Likelihood mass_function_like_m_n = -5420.720662757754
Posterior = -5414.042002742652 for parameter set #270: [0.2996410617860406, 0.8007973514660759, -0.9995]
Running module mass_function_like
Model N: 2877357.2210272974
Done mass_function_like status = 0 

Pipeline ran okay.
Likelihood mass_function_like_m_n = -4157.765115588903
Posterior = -4151.106086126339 for parameter set #270: [0.3020136899336831, 0.800546229684464, -0.9995]
Running module mass_function_like
Model N: 2874866.383259517
Done mass_function_like status = 0 

Pipeline ran okay.
Likelihood mass_function_like_m_n = -4293.8633121699095
Posterior = -4287.256333802057 for parameter set #271: [0.3038033098863554, 0.7984910143766015, -0.9995]
Running module mass_function_like
Model N: 2867612.6288848375
Done mass_function_like status = 0 

Pipeline ran okay.
Likelihood mass_function_like_m_n = -4703.190301567316
Posterior = -4696.523783635863 for parameter set #271: [0.3015991414481926, 0.7999891673339125, -0.9995]
Running module mass_function_like
Model N: 2895767.973203806
Done mass_function_like status = 0 

Pipeline ran okay.
Likelihood mass_function_like_m_n = -3222.0441104844213
Posterior = -3215.403385759279 for parameter set #271: [0.30277774992280215, 0.8016164004635563, -0.9995]
Running module mass_function_like
Model N: 2874336.8915960835
Done mass_function_like status = 0 

Pipeline ran okay.
Likelihood mass_function_like_m_n = -4323.0878187045455
Posterior = -4316.422483025527 for parameter set #271: [0.3016714376621412, 0.8005905639864469, -0.9995]
Running module mass_function_like
Model N: 2859503.863678691
Done mass_function_like status = 0 

Pipeline ran okay.
Likelihood mass_function_like_m_n = -5183.744947858155
Posterior = -5177.065643660379 for parameter set #272: [0.29999967333773286, 0.8008002657923801, -0.9995]
Running module mass_function_like
Model N: 2881673.203802144
Done mass_function_like status = 0 

Pipeline ran okay.
Likelihood mass_function_like_m_n = -3927.3212481737137
Posterior = -3920.642539846133 for parameter set #272: [0.30034521608579706, 0.8026805744695333, -0.9995]
Running module mass_function_like
Model N: 2859487.8251582105
Done mass_function_like status = 0 

Pipeline ran okay.
Likelihood mass_function_like_m_n = -5184.719572804868
Posterior = -5178.046011908956 for parameter set #272: [0.3010717557928952, 0.7997083233178246, -0.9995]
Running module mass_function_like
Model N: 2846623.959760778
Done mass_function_like status = 0 

Pipeline ran okay.
Likelihood mass_function_like_m_n = -5997.251972489059
Posterior = -5990.573119224236 for parameter set #272: [0.30030031100101967, 0.7991984814412726, -0.9995]
Running module mass_function_like
Model N: 2854085.4863701435
Done mass_function_like status = 0 

Pipeline ran okay.
Likelihood mass_function_like_m_n = -5518.443855792284
Posterior = -5511.764551598854 for parameter set #273: [0.300000987945717, 0.8002533986444978, -0.9995]
Running module mass_function_like
Model N: 2847106.522587024
Done mass_function_like status = 0 

Pipeline ran okay.
Likelihood mass_function_like_m_n = -5965.656635135412
Posterior = -5958.9808100251 for parameter set #273: [0.2991658431803937, 0.8004211000771991, -0.9995]
Running module mass_function_like
Model N: 2860175.227156728
Done mass_function_like status = 0 

Pipeline ran okay.
Likelihood mass_function_like_m_n = -5143.033279106021
Posterior = -5136.355699482477 for parameter set #273: [0.30058729460506284, 0.8002694079990509, -0.9995]
Running module mass_function_like
Model N: 2848552.6474374873
Done mass_function_like status = 0 

Pipeline ran okay.
Likelihood mass_function_like_m_n = -5871.494725689292
Posterior = -5864.81548992826 for parameter set #273: [0.3001169933998078, 0.7995786218976205, -0.9995]
Running module mass_function_like
Model N: 2861793.9999844246
Done mass_function_like status = 0 

Pipeline ran okay.
Likelihood mass_function_like_m_n = -5045.557583883405
Posterior = -5038.88002732248 for parameter set #274: [0.29940879151143557, 0.8016544224209663, -0.9995]
Running module mass_function_like
Model N: 2863207.1805495727
Done mass_function_like status = 0 

Pipeline ran okay.
Likelihood mass_function_like_m_n = -4961.255285322666
Posterior = -4954.575990359756 for parameter set #274: [0.2999570223303081, 0.8012169138149688, -0.9995]
Running module mass_function_like
Model N: 2875618.6458805576
Done mass_function_like status = 0 

Pipeline ran okay.
Likelihood mass_function_like_m_n = -4252.52022112906
Posterior = -4245.840984156794 for parameter set #274: [0.3001159534770886, 0.8023050078102268, -0.9995]
Running module mass_function_like
Model N: 2852873.1166074025
Done mass_function_like status = 0 

Pipeline ran okay.
Likelihood mass_function_like_m_n = -5594.828482225537
Posterior = -5588.149313974352 for parameter set #274: [0.30016489216113557, 0.799964409390871, -0.9995]
Running module mass_function_like
Model N: 2868102.6256603478
Done mass_function_like status = 0 

Pipeline ran okay.
Likelihood mass_function_like_m_n = -4674.929790250957
Posterior = -4668.298889847099 for parameter set #275: [0.30311139179316754, 0.7985113093507263, -0.9995]
Running module mass_function_like
Model N: 2881427.785573942
Done mass_function_like status = 0 

Pipeline ran okay.
Likelihood mass_function_like_m_n = -3940.242251612246
Posterior = -3933.568016711105 for parameter set #275: [0.30100690587139683, 0.8019793066920016, -0.9995]
Running module mass_function_like
Model N: 2843485.310473049
Done mass_function_like status = 0 

Pipeline ran okay.
Likelihood mass_function_like_m_n = -6204.880582273006
Posterior = -6198.2033196228695 for parameter set #275: [0.2993610088931066, 0.7998571260227286, -0.9995]
Running module mass_function_like
Model N: 2868918.8925885144
Done mass_function_like status = 0 

Pipeline ran okay.
Likelihood mass_function_like_m_n = -4628.048254489899
Posterior = -4621.378298042426 for parameter set #275: [0.30136731494814584, 0.8003552095583978, -0.9995]
Running module mass_function_like
Model N: 2850594.2234238493
Done mass_function_like status = 0 

Pipeline ran okay.
Likelihood mass_function_like_m_n = -5739.891735203564
Posterior = -5733.212527183519 for parameter set #276: [0.30013869265682935, 0.799761885319515, -0.9995]
Running module mass_function_like
Model N: 2854690.372438056
Done mass_function_like status = 0 

Pipeline ran okay.
Likelihood mass_function_like_m_n = -5480.538063772023
Posterior = -5473.859368451938 for parameter set #276: [0.3003489636731849, 0.7999602749931172, -0.9995]
Running module mass_function_like
Model N: 2836179.1772030266
Done mass_function_like status = 0 

Pipeline ran okay.
Likelihood mass_function_like_m_n = -6702.525644809008
Posterior = -6695.859607665875 for parameter set #276: [0.2983710705860795, 0.8001298417430225, -0.9995]
Running module mass_function_like
Model N: 2896244.59578519
Done mass_function_like status = 0 

Pipeline ran okay.
Likelihood mass_function_like_m_n = -3199.4548293724656
Posterior = -3192.7831722887527 for parameter set #276: [0.2987633016052874, 0.8058035919245039, -0.9995]
Running module mass_function_like
Model N: 2878353.636363744
Done mass_function_like status = 0 

Pipeline ran okay.
Likelihood mass_function_like_m_n = -4103.958199761808
Posterior = -4097.306801197201 for parameter set #277: [0.30236244084385727, 0.8002927622604267, -0.9995]
Running module mass_function_like
Model N: 2865494.985129544
Done mass_function_like status = 0 

Pipeline ran okay.
Likelihood mass_function_like_m_n = -4826.344012290239
Posterior = -4819.66589060665 for parameter set #277: [0.3004863156835687, 0.8009072622400238, -0.9995]
Running module mass_function_like
Model N: 2926059.41738576
Done mass_function_like status = 0 

Pipeline ran okay.
Likelihood mass_function_like_m_n = -1948.593195579946
Posterior = -1942.0799663527152 for parameter set #277: [0.3057632451115553, 0.8016212814280976, -0.9995]
Running module mass_function_like
Model N: 2831837.4831313654
Done mass_function_like status = 0 

Pipeline ran okay.
Likelihood mass_function_like_m_n = -7007.781173497438
Posterior = -7001.10190213812 for parameter set #277: [0.3000810419537588, 0.797934634085423, -0.9995]
Running module mass_function_like
Model N: 2846461.661028246
Done mass_function_like status = 0 

Pipeline ran okay.
Likelihood mass_function_like_m_n = -6007.8979130759835
Posterior = -6001.223756979997 for parameter set #278: [0.29898529784428657, 0.8005404819479598, -0.9995]
Running module mass_function_like
Model N: 2859101.2712472253
Done mass_function_like status = 0 

Pipeline ran okay.
Likelihood mass_function_like_m_n = -5208.238455861807
Posterior = -5201.572154593273 for parameter set #278: [0.30161263323641824, 0.7991220133638177, -0.9995]
Running module mass_function_like
Model N: 2856439.1944752773
Done mass_function_like status = 0 

Pipeline ran okay.
Likelihood mass_function_like_m_n = -5371.712227627635
Posterior = -5365.033473393188 for parameter set #278: [0.30033165158306707, 0.8001538232270874, -0.9995]
Running module mass_function_like
Model N: 2853065.446171149
Done mass_function_like status = 0 

Pipeline ran okay.
Likelihood mass_function_like_m_n = -5582.674328297377
Posterior = -5575.99503813578 for parameter set #278: [0.29994701563591286, 0.8002057952914886, -0.9995]
Running module mass_function_like
Model N: 2852594.923652954
Done mass_function_like status = 0 

Pipeline ran okay.
Likelihood mass_function_like_m_n = -5612.433114908636
Posterior = -5605.788510035986 for parameter set #279: [0.2973656376232352, 0.802823020638997, -0.9995]
Running module mass_function_like
Model N: 2867293.7314722477
Done mass_function_like status = 0 

Pipeline ran okay.
Likelihood mass_function_like_m_n = -4721.6302489340305
Posterior = -4714.951056260278 for parameter set #279: [0.30014934828957196, 0.8014319807957797, -0.9995]
Running module mass_function_like
Model N: 2862776.7570332517
Done mass_function_like status = 0 

Pipeline ran okay.
Likelihood mass_function_like_m_n = -4986.853609874845
Posterior = -4980.174677285031 for parameter set #279: [0.30027262006414207, 0.8008514631756947, -0.9995]
Running module mass_function_like
Model N: 2852093.242544091
Done mass_function_like status = 0 

Pipeline ran okay.
Likelihood mass_function_like_m_n = -5644.253470644355
Posterior = -5637.575182006969 for parameter set #279: [0.300450679692033, 0.7995956344944843, -0.9995]
Running module mass_function_like
Model N: 2857006.0290614837
Done mass_function_like status = 0 

Pipeline ran okay.
Likelihood mass_function_like_m_n = -5336.683250896633
Posterior = -5330.007248817879 for parameter set #280: [0.3008126646980389, 0.7997218787292253, -0.9995]
Running module mass_function_like
Model N: 2856680.826590647
Done mass_function_like status = 0 

Pipeline ran okay.
Likelihood mass_function_like_m_n = -5356.765356518328
Posterior = -5350.086063496365 for parameter set #280: [0.3000472786344676, 0.8004675817072232, -0.9995]
Running module mass_function_like
Model N: 2866453.7560393354
Done mass_function_like status = 0 

Pipeline ran okay.
Likelihood mass_function_like_m_n = -4770.380643375218
Posterior = -4763.704979849424 for parameter set #280: [0.3008533079767615, 0.8006300660456515, -0.9995]
Running module mass_function_like
Model N: 2868014.494421882
Done mass_function_like status = 0 

Pipeline ran okay.
Likelihood mass_function_like_m_n = -4680.006219260395
Posterior = -4673.32992557744 for parameter set #280: [0.3007759530083329, 0.8008657285069942, -0.9995]
Running module mass_function_like
Model N: 2881565.317603933
Done mass_function_like status = 0 

Pipeline ran okay.
Likelihood mass_function_like_m_n = -3932.9986292868853
Posterior = -3926.3344467989145 for parameter set #281: [0.30173906356063207, 0.8012473588693257, -0.9995]
Running module mass_function_like
Model N: 2853874.437388563
Done mass_function_like status = 0 

Pipeline ran okay.
Likelihood mass_function_like_m_n = -5531.701510474086
Posterior = -5525.022313031641 for parameter set #281: [0.2998538795938195, 0.8003818215323317, -0.9995]
Running module mass_function_like
Model N: 2823473.8722514603
Done mass_function_like status = 0 

Pipeline ran okay.
Likelihood mass_function_like_m_n = -7615.925021886826
Posterior = -7609.253254349209 for parameter set #281: [0.3012277345554765, 0.7959407700018308, -0.9995]
Running module mass_function_like
Model N: 2853513.2254396314
Done mass_function_like status = 0 

Pipeline ran okay.
Likelihood mass_function_like_m_n = -5554.430581010878
Posterior = -5547.751488690793 for parameter set #281: [0.30020585345527234, 0.7999873305131266, -0.9995]
Running module mass_function_like
Model N: 2868901.9648981285
Done mass_function_like status = 0 

Pipeline ran okay.
Likelihood mass_function_like_m_n = -4629.01798696816
Posterior = -4622.343911832114 for parameter set #282: [0.30102264972153253, 0.800703667876462, -0.9995]
Running module mass_function_like
Model N: 2848190.2150893053
Done mass_function_like status = 0 

Pipeline ran okay.
Likelihood mass_function_like_m_n = -5895.020436309278
Posterior = -5888.341522918525 for parameter set #282: [0.3002795738031677, 0.7993769748615939, -0.9995]
Running module mass_function_like
Model N: 2854938.3926985464
Done mass_function_like status = 0 

Pipeline ran okay.
Likelihood mass_function_like_m_n = -5465.034997344017
Posterior = -5458.360893897992 for parameter set #282: [0.301019877667718, 0.7993041915148223, -0.9995]
Running module mass_function_like
Model N: 2846324.277419327
Done mass_function_like status = 0 

Pipeline ran okay.
Likelihood mass_function_like_m_n = -6016.917259611189
Posterior = -6010.238141569131 for parameter set #282: [0.3001929540106562, 0.7992771728675071, -0.9995]
Running module mass_function_like
Model N: 2852879.6734275157
Done mass_function_like status = 0 

Pipeline ran okay.
Likelihood mass_function_like_m_n = -5594.413900852203
Posterior = -5587.734728655723 for parameter set #283: [0.29983751810574527, 0.800298362013662, -0.9995]
Running module mass_function_like
Model N: 2859169.5990562276
Done mass_function_like status = 0 

Pipeline ran okay.
Likelihood mass_function_like_m_n = -5204.077191524208
Posterior = -5197.399227856826 for parameter set #283: [0.3005177897117906, 0.8002390315072465, -0.9995]
Running module mass_function_like
Model N: 2892488.9657658637
Done mass_function_like status = 0 

Pipeline ran okay.
Likelihood mass_function_like_m_n = -3379.679706543684
Posterior = -3373.0880455551824 for parameter set #283: [0.30418672210228287, 0.7998635438041701, -0.9995]
Running module mass_function_like
Model N: 2837889.2078931914
Done mass_function_like status = 0 

Pipeline ran okay.
Likelihood mass_function_like_m_n = -6584.249305069447
Posterior = -6577.581567081052 for parameter set #283: [0.2984790654244948, 0.8001922652618465, -0.9995]
Running module mass_function_like
Model N: 2850461.7051389883
Done mass_function_like status = 0 

Pipeline ran okay.
Likelihood mass_function_like_m_n = -5748.386817112565
Posterior = -5741.708549796732 for parameter set #284: [0.3004553860948024, 0.7994269372953952, -0.9995]
Running module mass_function_like
Model N: 2871987.645301952
Done mass_function_like status = 0 

Pipeline ran okay.
Likelihood mass_function_like_m_n = -4453.992972560227
Posterior = -4447.427300140915 for parameter set #284: [0.304767216777079, 0.7972387196184564, -0.9995]
Running module mass_function_like
Model N: 2931967.4039924443
Done mass_function_like status = 0 

Pipeline ran okay.
Likelihood mass_function_like_m_n = -1738.3178055807948
Posterior = -1731.7400971698191 for parameter set #284: [0.30450767761346176, 0.8034827525185739, -0.9995]
Running module mass_function_like
Model N: 2842593.265452896
Done mass_function_like status = 0 

Pipeline ran okay.
Likelihood mass_function_like_m_n = -6264.565425135195
Posterior = -6257.887053444259 for parameter set #284: [0.29956814183468927, 0.7995561502709982, -0.9995]
Running module mass_function_like
Model N: 2883394.0322852596
Done mass_function_like status = 0 

Pipeline ran okay.
Likelihood mass_function_like_m_n = -3837.3392526507378
Posterior = -3830.6599490414837 for parameter set #285: [0.29998914591052195, 0.8032194028810419, -0.9995]
Running module mass_function_like
Model N: 2885960.1970792143
Done mass_function_like status = 0 

Pipeline ran okay.
Likelihood mass_function_like_m_n = -3705.161114990711
Posterior = -3698.493344183988 for parameter set #285: [0.3015187752688977, 0.8019130894465989, -0.9995]
Running module mass_function_like
Model N: 2851547.538785026
Done mass_function_like status = 0 

Pipeline ran okay.
Likelihood mass_function_like_m_n = -5678.972637362778
Posterior = -5672.293833245686 for parameter set #285: [0.30031625344831964, 0.7996774437267578, -0.9995]
Running module mass_function_like
Model N: 2854472.3579681152
Done mass_function_like status = 0 

Pipeline ran okay.
Likelihood mass_function_like_m_n = -5494.184459231794
Posterior = -5487.50576693507 for parameter set #285: [0.30034982898276535, 0.7999373570337157, -0.9995]
Running module mass_function_like
Model N: 2862319.326971631
Done mass_function_like status = 0 

Pipeline ran okay.
Likelihood mass_function_like_m_n = -5014.133236519992
Posterior = -5007.463879766494 for parameter set #286: [0.3014104924538581, 0.7996492223345348, -0.9995]
Running module mass_function_like
Model N: 2885729.566506541
Done mass_function_like status = 0 

Pipeline ran okay.
Likelihood mass_function_like_m_n = -3716.9422971233726
Posterior = -3710.266783782835 for parameter set #286: [0.300870730471774, 0.8025514850674585, -0.9995]
Running module mass_function_like
Model N: 2863067.458824117
Done mass_function_like status = 0 

Pipeline ran okay.
Likelihood mass_function_like_m_n = -4969.557358048856
Posterior = -4962.879225220688 for parameter set #286: [0.30048401862400476, 0.8006653460514396, -0.9995]
Running module mass_function_like
Model N: 2860123.696834014
Done mass_function_like status = 0 

Pipeline ran okay.
Likelihood mass_function_like_m_n = -5146.152169756591
Posterior = -5139.476425828238 for parameter set #286: [0.30084383291663547, 0.800003654252671, -0.9995]
Running module mass_function_like
Model N: 2878746.27958215
Done mass_function_like status = 0 

Pipeline ran okay.
Likelihood mass_function_like_m_n = -4082.8551290482283
Posterior = -4076.1885081763717 for parameter set #287: [0.3015926912100838, 0.8011131552374606, -0.9995]
Running module mass_function_like
Model N: 2837632.149538579
Done mass_function_like status = 0 

Pipeline ran okay.
Likelihood mass_function_like_m_n = -6601.958688318729
Posterior = -6595.312267828956 for parameter set #287: [0.3025645158816744, 0.796016904949787, -0.9995]
Running module mass_function_like
Model N: 2864737.0133539354
Done mass_function_like status = 0 

Pipeline ran okay.
Likelihood mass_function_like_m_n = -4870.8270901963115
Posterior = -4864.221019968311 for parameter set #287: [0.30382711301923604, 0.7974570356705071, -0.9995]
Running module mass_function_like
Model N: 2870480.8784571006
Done mass_function_like status = 0 

Pipeline ran okay.
Likelihood mass_function_like_m_n = -4539.021430559456
Posterior = -4532.346053243082 for parameter set #287: [0.300886214639421, 0.8010014253965133, -0.9995]
Running module mass_function_like
Model N: 2895540.798239159
Done mass_function_like status = 0 

Pipeline ran okay.
Likelihood mass_function_like_m_n = -3232.839866437018
Posterior = -3226.1666305018093 for parameter set #288: [0.3011016590308774, 0.8033028927644327, -0.9995]
Running module mass_function_like
Model N: 2837597.3799908105
Done mass_function_like status = 0 

Pipeline ran okay.
Likelihood mass_function_like_m_n = -6604.3559591546655
Posterior = -6597.678542285247 for parameter set #288: [0.2993856175633497, 0.7992388008191011, -0.9995]
Running module mass_function_like
Model N: 2822890.10049411
Done mass_function_like status = 0 

Pipeline ran okay.
Likelihood mass_function_like_m_n = -7659.364729940891
Posterior = -7652.698518556715 for parameter set #288: [0.29838180259956876, 0.7987773601856669, -0.9995]
Running module mass_function_like
Model N: 2862357.1723626717
Done mass_function_like status = 0 

Pipeline ran okay.
Likelihood mass_function_like_m_n = -5011.873322509229
Posterior = -5005.194062271757 for parameter set #288: [0.2999062334408969, 0.8011829315189194, -0.9995]
Running module mass_function_like
Model N: 2854817.998086524
Done mass_function_like status = 0 

Pipeline ran okay.
Likelihood mass_function_like_m_n = -5472.557675071061
Posterior = -5465.878376620839 for parameter set #289: [0.30003390601135094, 0.80029357241538, -0.9995]
Running module mass_function_like
Model N: 2849870.3925702847
Done mass_function_like status = 0 

Pipeline ran okay.
Likelihood mass_function_like_m_n = -5786.372797742486
Posterior = -5779.69382085524 for parameter set #289: [0.29974414415593037, 0.8001101538570752, -0.9995]
Running module mass_function_like
Model N: 2933001.692589375
Done mass_function_like status = 0 

Pipeline ran okay.
Likelihood mass_function_like_m_n = -1702.773895405233
Posterior = -1696.6597488763339 for parameter set #289: [0.31063162893832513, 0.7974543896741451, -0.9995]
Running module mass_function_like
Model N: 2860184.479008655
Done mass_function_like status = 0 

Pipeline ran okay.
Likelihood mass_function_like_m_n = -5142.473411813378
Posterior = -5135.805167664819 for parameter set #289: [0.3014872827404875, 0.7993572905313497, -0.9995]
Running module mass_function_like
Model N: 2859587.307014572
Done mass_function_like status = 0 

Pipeline ran okay.
Likelihood mass_function_like_m_n = -5178.67582295835
Posterior = -5171.997694651501 for parameter set #290: [0.2995150481548383, 0.8013232712648086, -0.9995]
Running module mass_function_like
Model N: 2863648.3991353256
Done mass_function_like status = 0 

Pipeline ran okay.
Likelihood mass_function_like_m_n = -4935.086100369692
Posterior = -4928.407642456736 for parameter set #290: [0.30041140864213517, 0.8007977498086033, -0.9995]
Running module mass_function_like
Model N: 2891854.989175644
Done mass_function_like status = 0 

Pipeline ran okay.
Likelihood mass_function_like_m_n = -3410.6070323735476
Posterior = -3403.9344312431954 for parameter set #290: [0.30115784869117035, 0.8028744837828867, -0.9995]
Running module mass_function_like
Model N: 2850567.916083273
Done mass_function_like status = 0 

Pipeline ran okay.
Likelihood mass_function_like_m_n = -5741.577645204961
Posterior = -5734.898425382356 for parameter set #290: [0.30012990435348974, 0.7997680494416396, -0.9995]
Running module mass_function_like
Model N: 2863809.244335373
Done mass_function_like status = 0 

Pipeline ran okay.
Likelihood mass_function_like_m_n = -4925.56409638375
Posterior = -4918.88597719939 for parameter set #291: [0.30048682932329085, 0.8007371328080327, -0.9995]
Running module mass_function_like
Model N: 2871936.383459332
Done mass_function_like status = 0 

Pipeline ran okay.
Likelihood mass_function_like_m_n = -4456.872008964419
Posterior = -4450.213659358307 for parameter set #291: [0.30204717328032044, 0.7999688554408256, -0.9995]
Running module mass_function_like
Model N: 2857273.870791245
Done mass_function_like status = 0 

Pipeline ran okay.
Likelihood mass_function_like_m_n = -5320.172835543752
Posterior = -5313.550794162252 for parameter set #291: [0.3033841636133783, 0.7971564779889067, -0.9995]
Running module mass_function_like
Model N: 2876301.206662638
Done mass_function_like status = 0 

Pipeline ran okay.
Likelihood mass_function_like_m_n = -4215.187450028956
Posterior = -4208.509601650465 for parameter set #291: [0.2994604038881861, 0.8030661035198259, -0.9995]
Running module mass_function_like
Model N: 2873763.231807474
Done mass_function_like status = 0 

Pipeline ran okay.
Likelihood mass_function_like_m_n = -4354.866290554404
Posterior = -4348.211430300099 for parameter set #292: [0.3022110605602416, 0.799986064303295, -0.9995]
Running module mass_function_like
Model N: 2864577.916640705
Done mass_function_like status = 0 

Pipeline ran okay.
Likelihood mass_function_like_m_n = -4880.190956108272
Posterior = -4873.514982776755 for parameter set #292: [0.30081619443667784, 0.8004793877913559, -0.9995]
Running module mass_function_like
Model N: 2851647.5771125485
Done mass_function_like status = 0 

Pipeline ran okay.
Likelihood mass_function_like_m_n = -5672.599610820413
Posterior = -5665.920308389837 for parameter set #292: [0.30001880284299925, 0.7999898205920049, -0.9995]
Running module mass_function_like
Model N: 2888935.2920917887
Done mass_function_like status = 0 

Pipeline ran okay.
Likelihood mass_function_like_m_n = -3554.921482734382
Posterior = -3548.256896961865 for parameter set #292: [0.30171571709749456, 0.8020111855126162, -0.9995]
Running module mass_function_like
Model N: 2880148.5522353747
Done mass_function_like status = 0 

Pipeline ran okay.
Likelihood mass_function_like_m_n = -4007.9488586485386
Posterior = -4001.276747281528 for parameter set #293: [0.3011994024595163, 0.8016544816171393, -0.9995]
Running module mass_function_like
Model N: 2896165.36752363
Done mass_function_like status = 0 

Pipeline ran okay.
Likelihood mass_function_like_m_n = -3203.204118579626
Posterior = -3196.5318778782503 for parameter set #293: [0.3011885703121159, 0.8032767798779342, -0.9995]
Running module mass_function_like
Model N: 2868251.528608473
Done mass_function_like status = 0 

Pipeline ran okay.
Likelihood mass_function_like_m_n = -4666.35937000066
Posterior = -4659.695545011724 for parameter set #293: [0.3017595004617103, 0.7998907016510506, -0.9995]
Running module mass_function_like
Model N: 2833997.8383209184
Done mass_function_like status = 0 

Pipeline ran okay.
Likelihood mass_function_like_m_n = -6855.00119818747
Posterior = -6848.323474375054 for parameter set #293: [0.2994377925839975, 0.7988234274788615, -0.9995]
Running module mass_function_like
Model N: 2872656.255543535
Done mass_function_like status = 0 

Pipeline ran okay.
Likelihood mass_function_like_m_n = -4416.530073955655
Posterior = -4409.850772334167 for parameter set #294: [0.29997729836147025, 0.8021484209062453, -0.9995]
Running module mass_function_like
Model N: 3058593.935523328
Done mass_function_like status = 0 

Pipeline ran okay.
Likelihood mass_function_like_m_n = -113.58292333036661
Posterior = -106.92214972777143 for parameter set #294: [0.3019251283445531, 0.8189571041824304, -0.9995]
Running module mass_function_like
Model N: 2828559.8077423503
Done mass_function_like status = 0 

Pipeline ran okay.
Likelihood mass_function_like_m_n = -7242.949681632221
Posterior = -7236.27215493883 for parameter set #294: [0.29940376096757976, 0.7983104633132919, -0.9995]
Running module mass_function_like
Model N: 2853437.786763698
Done mass_function_like status = 0 

Pipeline ran okay.
Likelihood mass_function_like_m_n = -5559.183654800057
Posterior = -5552.504352187083 for parameter set #294: [0.2999821936207495, 0.8002073139692261, -0.9995]
Running module mass_function_like
Model N: 2899349.2896073414
Done mass_function_like status = 0 

Pipeline ran okay.
Likelihood mass_function_like_m_n = -3054.3185996711254
Posterior = -3047.673896003323 for parameter set #295: [0.302630609454396, 0.8021248759164993, -0.9995]
Running module mass_function_like
Model N: 2871803.6036229795
Done mass_function_like status = 0 

Pipeline ran okay.
Likelihood mass_function_like_m_n = -4464.333861894906
Posterior = -4457.657856961272 for parameter set #295: [0.2991876866766389, 0.8028918342754899, -0.9995]
Running module mass_function_like
Model N: 2907209.7060591956
Done mass_function_like status = 0 

Pipeline ran okay.
Likelihood mass_function_like_m_n = -2702.398192740977
Posterior = -2695.754426670301 for parameter set #295: [0.3026660130395269, 0.8028772189254488, -0.9995]
Running module mass_function_like
Model N: 2838481.8468655054
Done mass_function_like status = 0 

Pipeline ran okay.
Likelihood mass_function_like_m_n = -6543.515768431127
Posterior = -6536.838177414153 for parameter set #295: [0.29941464859517963, 0.7992983622776892, -0.9995]
Running module mass_function_like
Model N: 2858550.97205146
Done mass_function_like status = 0 

Pipeline ran okay.
Likelihood mass_function_like_m_n = -5241.815656557679
Posterior = -5235.139759775642 for parameter set #296: [0.30082551999049406, 0.79986411828188, -0.9995]
Running module mass_function_like
Model N: 2895355.2318494637
Done mass_function_like status = 0 

Pipeline ran okay.
Likelihood mass_function_like_m_n = -3241.672163940966
Posterior = -3234.993356834925 for parameter set #296: [0.3003153069201056, 0.8040912532683472, -0.9995]
Running module mass_function_like
Model N: 2852647.5686232573
Done mass_function_like status = 0 

Pipeline ran okay.
Likelihood mass_function_like_m_n = -5609.099418051541
Posterior = -5602.435402326988 for parameter set #296: [0.3017486265328695, 0.7983377730190999, -0.9995]
Running module mass_function_like
Model N: 2848232.568463811
Done mass_function_like status = 0 

Pipeline ran okay.
Likelihood mass_function_like_m_n = -5892.268718019128
Posterior = -5885.589782678644 for parameter set #296: [0.2997283907857348, 0.7999613380535907, -0.9995]
Running module mass_function_like
Model N: 2855728.018463303
Done mass_function_like status = 0 

Pipeline ran okay.
Likelihood mass_function_like_m_n = -5415.830096945167
Posterior = -5409.150953473334 for parameter set #297: [0.2998207089085862, 0.8006024120101328, -0.9995]
Running module mass_function_like
Model N: 2861004.414170527
Done mass_function_like status = 0 

Pipeline ran okay.
Likelihood mass_function_like_m_n = -5092.981812037528
Posterior = -5086.302988289482 for parameter set #297: [0.3003099839559191, 0.8006350978622016, -0.9995]
Running module mass_function_like
Model N: 2849283.349284586
Done mass_function_like status = 0 

Pipeline ran okay.
Likelihood mass_function_like_m_n = -5824.213693372905
Posterior = -5817.5374549040835 for parameter set #297: [0.2992169636677163, 0.8005884200633617, -0.9995]
Running module mass_function_like
Model N: 2867384.897814009
Done mass_function_like status = 0 

Pipeline ran okay.
Likelihood mass_function_like_m_n = -4716.354810118675
Posterior = -4709.678302231883 for parameter set #297: [0.3007478384208489, 0.8008311284196018, -0.9995]
Running module mass_function_like
Model N: 2869144.580214354
Done mass_function_like status = 0 

Pipeline ran okay.
Likelihood mass_function_like_m_n = -4615.129431568086
Posterior = -4608.450565295866 for parameter set #298: [0.30029594799884335, 0.801468675352652, -0.9995]
Running module mass_function_like
Model N: 2859344.1958103697
Done mass_function_like status = 0 

Pipeline ran okay.
Likelihood mass_function_like_m_n = -5193.451860263944
Posterior = -5186.772671068197 for parameter set #298: [0.3001516591992741, 0.8006292228574022, -0.9995]
Running module mass_function_like
Model N: 2859366.5451323227
Done mass_function_like status = 0 

Pipeline ran okay.
Likelihood mass_function_like_m_n = -5192.09257735312
Posterior = -5185.424809076561 for parameter set #298: [0.3015189418522044, 0.7992432772938131, -0.9995]
Running module mass_function_like
Model N: 2867981.9914423325
Done mass_function_like status = 0 

Pipeline ran okay.
Likelihood mass_function_like_m_n = -4681.879139520228
Posterior = -4675.2127713017035 for parameter set #298: [0.3016084762843232, 0.8000167919616602, -0.9995]
Running module mass_function_like
Model N: 2851596.4818542893
Done mass_function_like status = 0 

Pipeline ran okay.
Likelihood mass_function_like_m_n = -5675.854211188853
Posterior = -5669.17635287724 for parameter set #299: [0.2994622478828153, 0.800571505483999, -0.9995]
Running module mass_function_like
Model N: 2859186.4888947965
Done mass_function_like status = 0 

Pipeline ran okay.
Likelihood mass_function_like_m_n = -5203.048842474818
Posterior = -5196.370874948256 for parameter set #299: [0.3005170438565168, 0.8002414464569905, -0.9995]
Running module mass_function_like
Model N: 2992191.8356347494
Done mass_function_like status = 0 

Pipeline ran okay.
Likelihood mass_function_like_m_n = -288.9470792710781
Posterior = -282.57602338140134 for parameter set #299: [0.3078517298556871, 0.8060931979700516, -0.9995]
Running module mass_function_like
Model N: 2852838.532366428
Done mass_function_like status = 0 

Pipeline ran okay.
Likelihood mass_function_like_m_n = -5597.015475340188
Posterior = -5590.3362527373865 for parameter set #299: [0.3001277462403006, 0.7999988309876479, -0.9995]
Running module mass_function_like
Model N: 2862291.45112509
Done mass_function_like status = 0 

Pipeline ran okay.
Likelihood mass_function_like_m_n = -5015.798164516687
Posterior = -5009.118998440827 for parameter set #300: [0.3001662061671408, 0.8009110523606973, -0.9995]
Running module mass_function_like
Model N: 2877934.0526317353
Done mass_function_like status = 0 

Pipeline ran okay.
Likelihood mass_function_like_m_n = -4126.571606442332
Posterior = -4119.8997234106855 for parameter set #300: [0.30121829115267235, 0.8014125453431817, -0.9995]
Running module mass_function_like
Model N: 2859902.7236896255
Done mass_function_like status = 0 

Pipeline ran okay.
Likelihood mass_function_like_m_n = -5159.537810437381
Posterior = -5152.85917660672 for parameter set #300: [0.2996338394754456, 0.8012335192619154, -0.9995]
Running module mass_function_like
Model N: 2849596.5545849316
Done mass_function_like status = 0 

Pipeline ran okay.
Likelihood mass_function_like_m_n = -5804.008414968848
Posterior = -5797.3291631763805 for parameter set #300: [0.29989762242172574, 0.7999065680924893, -0.9995]
Running module mass_function_like
Model N: 2861718.8690317343
Done mass_function_like status = 0 

Pipeline ran okay.
Likelihood mass_function_like_m_n = -5050.06016882509
Posterior = -5043.38698980774 for parameter set #301: [0.30110681353086155, 0.7998969845271543, -0.9995]
Running module mass_function_like
Model N: 2925895.336803851
Done mass_function_like status = 0 

Pipeline ran okay.
Likelihood mass_function_like_m_n = -1954.6093594580889
Posterior = -1947.942595690178 for parameter set #301: [0.30158369380874045, 0.8058657063154084, -0.9995]
Running module mass_function_like
Model N: 2855685.0241620815
Done mass_function_like status = 0 

Pipeline ran okay.
Likelihood mass_function_like_m_n = -5418.50328155607
Posterior = -5411.8246049539985 for parameter set #301: [0.29964571304314824, 0.8007960204501693, -0.9995]
Running module mass_function_like
Model N: 2855239.9585037273
Done mass_function_like status = 0 

Pipeline ran okay.
Likelihood mass_function_like_m_n = -5446.215784624219
Posterior = -5439.5369510071305 for parameter set #301: [0.3003067837092774, 0.8000582241058676, -0.9995]
Running module mass_function_like
Model N: 2849028.550604836
Done mass_function_like status = 0 

Pipeline ran okay.
Likelihood mass_function_like_m_n = -5840.67812179029
Posterior = -5833.999737584227 for parameter set #302: [0.29957104959566316, 0.8002015826291794, -0.9995]
Running module mass_function_like
Model N: 2848874.412018231
Done mass_function_like status = 0 

Pipeline ran okay.
Likelihood mass_function_like_m_n = -5850.649933882058
Posterior = -5843.971225266278 for parameter set #302: [0.29965486740769753, 0.8001006657476256, -0.9995]
Running module mass_function_like
Model N: 2858972.9842337207
Done mass_function_like status = 0 

Pipeline ran okay.
Likelihood mass_function_like_m_n = -5216.056003987789
Posterior = -5209.377478119339 for parameter set #302: [0.29960545472764016, 0.8011686375275946, -0.9995]
Running module mass_function_like
Model N: 2884062.557578138
Done mass_function_like status = 0 

Pipeline ran okay.
Likelihood mass_function_like_m_n = -3802.6735718771815
Posterior = -3795.99634971697 for parameter set #302: [0.3006452965362668, 0.8026140220681477, -0.9995]
Running module mass_function_like
Model N: 2877183.47615298
Done mass_function_like status = 0 

Pipeline ran okay.
Likelihood mass_function_like_m_n = -4167.184660151601
Posterior = -4160.5062212801995 for parameter set #303: [0.29958398872392555, 0.8030280035534825, -0.9995]
Running module mass_function_like
Model N: 2838297.3908949834
Done mass_function_like status = 0 

Pipeline ran okay.
Likelihood mass_function_like_m_n = -6556.1797063574195
Posterior = -6549.502157197776 for parameter set #303: [0.2994075409436859, 0.7992870394479614, -0.9995]
Running module mass_function_like
Model N: 2916582.355036207
Done mass_function_like status = 0 

Pipeline ran okay.
Likelihood mass_function_like_m_n = -2311.7469504103065
Posterior = -2305.147331661441 for parameter set #303: [0.3039921284910441, 0.8024675801040997, -0.9995]
Running module mass_function_like
Model N: 2847827.1003533443
Done mass_function_like status = 0 

Pipeline ran okay.
Likelihood mass_function_like_m_n = -5918.639696262777
Posterior = -5911.960534105127 for parameter set #303: [0.3001685471213383, 0.799453165487969, -0.9995]
Running module mass_function_like
Model N: 2869251.3474208866
Done mass_function_like status = 0 

Pipeline ran okay.
Likelihood mass_function_like_m_n = -4609.024397231638
Posterior = -4602.373175931929 for parameter set #304: [0.3023699324294617, 0.7993735124449105, -0.9995]
Running module mass_function_like
Model N: 2905753.033197793
Done mass_function_like status = 0 

Pipeline ran okay.
Likelihood mass_function_like_m_n = -2765.937750004232
Posterior = -2759.2599118014687 for parameter set #304: [0.30054147863246744, 0.8049076642543204, -0.9995]
Running module mass_function_like
Model N: 2859367.1156920795
Done mass_function_like status = 0 

Pipeline ran okay.
Likelihood mass_function_like_m_n = -5192.057878404856
Posterior = -5185.385248132582 for parameter set #304: [0.3011553290471713, 0.7996115319258363, -0.9995]
Running module mass_function_like
Model N: 2873784.248334117
Done mass_function_like status = 0 

Pipeline ran okay.
Likelihood mass_function_like_m_n = -4353.699925854802
Posterior = -4347.035697174209 for parameter set #304: [0.30173640535112295, 0.8004691256461353, -0.9995]
Running module mass_function_like
Model N: 2842722.1364643727
Done mass_function_like status = 0 

Pipeline ran okay.
Likelihood mass_function_like_m_n = -6255.924483239651
Posterior = -6249.2464250623025 for parameter set #305: [0.2995007964418882, 0.7996379090643435, -0.9995]
Running module mass_function_like
Model N: 2849301.1232595895
Done mass_function_like status = 0 

Pipeline ran okay.
Likelihood mass_function_like_m_n = -5823.066090404987
Posterior = -5816.388653381714 for parameter set #305: [0.3006110932885361, 0.7991523571201211, -0.9995]
Running module mass_function_like
Model N: 2894086.235539582
Done mass_function_like status = 0 

Pipeline ran okay.
Likelihood mass_function_like_m_n = -3302.4058804363012
Posterior = -3295.9549378684183 for parameter set #305: [0.30675813036907634, 0.7974475092858159, -0.9995]
Running module mass_function_like
Model N: 2838300.822924127
Done mass_function_like status = 0 

Pipeline ran okay.
Likelihood mass_function_like_m_n = -6555.943961329758
Posterior = -6549.265554004081 for parameter set #305: [0.2995764737001959, 0.7991156003631729, -0.9995]
Running module mass_function_like
Model N: 2875707.3226313395
Done mass_function_like status = 0 

Pipeline ran okay.
Likelihood mass_function_like_m_n = -4247.660374864936
Posterior = -4241.004335216635 for parameter set #306: [0.3021570605002932, 0.8002354821165676, -0.9995]
Running module mass_function_like
Model N: 2878444.9054519036
Done mass_function_like status = 0 

Pipeline ran okay.
Likelihood mass_function_like_m_n = -4099.047800779343
Posterior = -4092.369883483528 for parameter set #306: [0.30052666925021404, 0.8021696954974694, -0.9995]
Running module mass_function_like
Model N: 2860182.547176658
Done mass_function_like status = 0 

Pipeline ran okay.
Likelihood mass_function_like_m_n = -5142.590312220156
Posterior = -5135.913915130097 for parameter set #306: [0.30076251009844907, 0.80009223423874, -0.9995]
Running module mass_function_like
Model N: 2874985.3503235574
Done mass_function_like status = 0 

Pipeline ran okay.
Likelihood mass_function_like_m_n = -4287.311259396374
Posterior = -4280.638278744101 for parameter set #306: [0.3011245929074137, 0.8012115344024091, -0.9995]
Running module mass_function_like
Model N: 2853132.5345958252
Done mass_function_like status = 0 

Pipeline ran okay.
Likelihood mass_function_like_m_n = -5578.437957435846
Posterior = -5571.760356579622 for parameter set #307: [0.2994163319290229, 0.8007731615894376, -0.9995]
Running module mass_function_like
Model N: 2852949.2822357398
Done mass_function_like status = 0 

Pipeline ran okay.
Likelihood mass_function_like_m_n = -5590.013591423631
Posterior = -5583.335180547272 for parameter set #307: [0.3004226871067664, 0.7997103205320522, -0.9995]
Running module mass_function_like
Model N: 2872775.1751049478
Done mass_function_like status = 0 

Pipeline ran okay.
Likelihood mass_function_like_m_n = -4409.884106583893
Posterior = -4403.207834658035 for parameter set #307: [0.3007787518798569, 0.801341762314667, -0.9995]
Running module mass_function_like
Model N: 2858210.285073663
Done mass_function_like status = 0 

Pipeline ran okay.
Likelihood mass_function_like_m_n = -5262.659439869225
Posterior = -5255.981156782681 for parameter set #307: [0.3004519096736675, 0.8002095273695435, -0.9995]
Running module mass_function_like
Model N: 2867158.38790133
Done mass_function_like status = 0 

Pipeline ran okay.
Likelihood mass_function_like_m_n = -4729.467706225812
Posterior = -4722.788795120616 for parameter set #308: [0.30028039012583135, 0.8012846150878905, -0.9995]
Running module mass_function_like
Model N: 2868845.8922028886
Done mass_function_like status = 0 

Pipeline ran okay.
Likelihood mass_function_like_m_n = -4632.230964034796
Posterior = -4625.553866928189 for parameter set #308: [0.300664393212393, 0.8010626779973197, -0.9995]
Running module mass_function_like
Model N: 2873025.0400045123
Done mass_function_like status = 0 

Pipeline ran okay.
Likelihood mass_function_like_m_n = -4395.937029674649
Posterior = -4389.257731795362 for parameter set #308: [0.30003555003001875, 0.8021260297265976, -0.9995]
Running module mass_function_like
Model N: 2879711.95873667
Done mass_function_like status = 0 

Pipeline ran okay.
Likelihood mass_function_like_m_n = -4031.1935912668705
Posterior = -4024.5378729517442 for parameter set #308: [0.30217190622192025, 0.8006218301228455, -0.9995]
Running module mass_function_like
Model N: 2853500.232555407
Done mass_function_like status = 0 

Pipeline ran okay.
Likelihood mass_function_like_m_n = -5555.249056890607
Posterior = -5548.6264444252765 for parameter set #309: [0.2966327538557513, 0.8036718706173567, -0.9995]
Running module mass_function_like
Model N: 2758473.0449340837
Done mass_function_like status = 0 

Pipeline ran okay.
Likelihood mass_function_like_m_n = -13261.913265891373
Posterior = -13255.24868227227 for parameter set #309: [0.30171584260390116, 0.788969181051524, -0.9995]
Running module mass_function_like
Model N: 2859365.451488978
Done mass_function_like status = 0 

Pipeline ran okay.
Likelihood mass_function_like_m_n = -5192.159088283777
Posterior = -5185.481131481555 for parameter set #309: [0.29948088612273444, 0.8013358360116043, -0.9995]
Running module mass_function_like
Model N: 2902015.76003258
Done mass_function_like status = 0 

Pipeline ran okay.
Likelihood mass_function_like_m_n = -2932.44481664896
Posterior = -2925.9917105661034 for parameter set #309: [0.3067260406697181, 0.7982655476828692, -0.9995]
Running module mass_function_like
Model N: 2868405.1758050327
Done mass_function_like status = 0 

Pipeline ran okay.
Likelihood mass_function_like_m_n = -4657.524454347789
Posterior = -4650.849013749072 for parameter set #310: [0.3008790448899018, 0.8008000291512574, -0.9995]
Running module mass_function_like
Model N: 2855200.9533544853
Done mass_function_like status = 0 

Pipeline ran okay.
Likelihood mass_function_like_m_n = -5448.647995404899
Posterior = -5441.969218981798 for parameter set #310: [0.30032489235412635, 0.8000360841155599, -0.9995]
Running module mass_function_like
Model N: 2791648.481247075
Done mass_function_like status = 0 

Pipeline ran okay.
Likelihood mass_function_like_m_n = -10174.736169584095
Posterior = -10168.34039979494 for parameter set #310: [0.29246960281052564, 0.8016804602399019, -0.9995]
Running module mass_function_like
Model N: 2859104.849638143
Done mass_function_like status = 0 

Pipeline ran okay.
Likelihood mass_function_like_m_n = -5208.020483598113
Posterior = -5201.3439061878935 for parameter set #310: [0.3007384833228027, 0.8000082525623862, -0.9995]
Running module mass_function_like
Model N: 2875308.6248000017
Done mass_function_like status = 0 

Pipeline ran okay.
Likelihood mass_function_like_m_n = -4269.533307231963
Posterior = -4262.865617020177 for parameter set #311: [0.30152407260485675, 0.800837796675873, -0.9995]
Running module mass_function_like
Model N: 2868357.4089114023
Done mass_function_like status = 0 

Pipeline ran okay.
Likelihood mass_function_like_m_n = -4660.270181171596
Posterior = -4653.590940720951 for parameter set #311: [0.3001129138300903, 0.801576382592252, -0.9995]
Running module mass_function_like
Model N: 2856543.0873479126
Done mass_function_like status = 0 

Pipeline ran okay.
Likelihood mass_function_like_m_n = -5365.282966129482
Posterior = -5358.60597644361 for parameter set #311: [0.3006803693759227, 0.799809722526589, -0.9995]
Running module mass_function_like
Model N: 2857046.605922329
Done mass_function_like status = 0 

Pipeline ran okay.
Likelihood mass_function_like_m_n = -5334.180281236768
Posterior = -5327.5030524428685 for parameter set #311: [0.29935573228995044, 0.8012299020064245, -0.9995]
Running module mass_function_like
Model N: 2876146.160778705
Done mass_function_like status = 0 

Pipeline ran okay.
Likelihood mass_function_like_m_n = -4223.652712926269
Posterior = -4216.973551810774 for parameter set #312: [0.2998308356920743, 0.8026504240338541, -0.9995]
Running module mass_function_like
Model N: 2858745.1719904556
Done mass_function_like status = 0 

Pipeline ran okay.
Likelihood mass_function_like_m_n = -5229.9534687921405
Posterior = -5223.27428497648 for parameter set #312: [0.3001551661364406, 0.8005654066898914, -0.9995]
Running module mass_function_like
Model N: 2864266.750971174
Done mass_function_like status = 0 

Pipeline ran okay.
Likelihood mass_function_like_m_n = -4898.532105356455
Posterior = -4891.856566030279 for parameter set #312: [0.3008677409906941, 0.8003956165202786, -0.9995]
Running module mass_function_like
Model N: 2851161.447085011
Done mass_function_like status = 0 

Pipeline ran okay.
Likelihood mass_function_like_m_n = -5703.603946633637
Posterior = -5696.925198070436 for parameter set #312: [0.30033335719861304, 0.7996212682545946, -0.9995]
Running module mass_function_like
Model N: 2858526.03094651
Done mass_function_like status = 0 

Pipeline ran okay.
Likelihood mass_function_like_m_n = -5243.340132147074
Posterior = -5236.6619205811285 for parameter set #313: [0.30046746815175907, 0.8002254641287644, -0.9995]
Running module mass_function_like
Model N: 2835983.719889852
Done mass_function_like status = 0 

Pipeline ran okay.
Likelihood mass_function_like_m_n = -6716.114882729948
Posterior = -6709.435615895878 for parameter set #313: [0.3000864456369405, 0.7983457311787088, -0.9995]
Running module mass_function_like
Model N: 2882627.6034903186
Done mass_function_like status = 0 

Pipeline ran okay.
Likelihood mass_function_like_m_n = -3877.282245233655
Posterior = -3870.609681643427 for parameter set #313: [0.30116108639489725, 0.8019427963778453, -0.9995]
Running module mass_function_like
Model N: 2821182.335713294
Done mass_function_like status = 0 

Pipeline ran okay.
Likelihood mass_function_like_m_n = -7787.1881785318255
Posterior = -7780.531683257443 for parameter set #313: [0.2978641664892829, 0.7991322547891547, -0.9995]
Running module mass_function_like
Model N: 2887386.7855874286
Done mass_function_like status = 0 

Pipeline ran okay.
Likelihood mass_function_like_m_n = -3632.717818580568
Posterior = -3626.0391586353985 for parameter set #314: [0.2996410423031037, 0.8040000833616623, -0.9995]
Running module mass_function_like
Model N: 2787583.0176897934
Done mass_function_like status = 0 

Pipeline ran okay.
Likelihood mass_function_like_m_n = -10529.814846538007
Posterior = -10523.139594789542 for parameter set #314: [0.30090027216376136, 0.7926784919743559, -0.9995]
Running module mass_function_like
Model N: 2854667.6277680784
Done mass_function_like status = 0 

Pipeline ran okay.
Likelihood mass_function_like_m_n = -5481.9609167948365
Posterior = -5475.284979755698 for parameter set #314: [0.3008206289261763, 0.799478973183834, -0.9995]
Running module mass_function_like
Model N: 2861099.4636067855
Done mass_function_like status = 0 

Pipeline ran okay.
Likelihood mass_function_like_m_n = -5087.260708555579
Posterior = -5080.583386484512 for parameter set #314: [0.30062962325923037, 0.8003191032487985, -0.9995]
Running module mass_function_like
Model N: 2891005.7826109543
Done mass_function_like status = 0 

Pipeline ran okay.
Likelihood mass_function_like_m_n = -3452.2623693645
Posterior = -3445.6207090261223 for parameter set #315: [0.302743860781182, 0.8011736858220544, -0.9995]
Running module mass_function_like
Model N: 2848285.769859694
Done mass_function_like status = 0 

Pipeline ran okay.
Likelihood mass_function_like_m_n = -5888.813149183989
Posterior = -5882.46335462025 for parameter set #315: [0.3081180001794986, 0.7915851206115827, -0.9995]
Running module mass_function_like
Model N: 2887861.306217142
Done mass_function_like status = 0 

Pipeline ran okay.
Likelihood mass_function_like_m_n = -3608.7854294255376
Posterior = -3602.175099194126 for parameter set #315: [0.30371413427055605, 0.7998778619494239, -0.9995]
Running module mass_function_like
Model N: 2874688.866690953
Done mass_function_like status = 0 

Pipeline ran okay.
Likelihood mass_function_like_m_n = -4303.649608276784
Posterior = -4296.9720942154245 for parameter set #315: [0.30059835390028233, 0.8017183539593885, -0.9995]
Running module mass_function_like
Model N: 2940659.5632692003
Done mass_function_like status = 0 

Pipeline ran okay.
Likelihood mass_function_like_m_n = -1451.3244338333607
Posterior = -1444.6558239294618 for parameter set #316: [0.3014624838058173, 0.807480111179292, -0.9995]
Running module mass_function_like
Model N: 2864250.820393972
Done mass_function_like status = 0 

Pipeline ran okay.
Likelihood mass_function_like_m_n = -4899.472070291638
Posterior = -4892.815389198971 for parameter set #316: [0.3021271156829462, 0.7991180133105821, -0.9995]
Running module mass_function_like
Model N: 2885929.1557284016
Done mass_function_like status = 0 

Pipeline ran okay.
Likelihood mass_function_like_m_n = -3706.7456559985876
Posterior = -3700.0723338009234 for parameter set #316: [0.30109380077218445, 0.8023434083632066, -0.9995]
Running module mass_function_like
Model N: 2861811.358917925
Done mass_function_like status = 0 

Pipeline ran okay.
Likelihood mass_function_like_m_n = -5044.5175633355975
Posterior = -5037.840228910274 for parameter set #316: [0.3006276580258109, 0.8003928280087864, -0.9995]
Running module mass_function_like
Model N: 2842771.204588785
Done mass_function_like status = 0 

Pipeline ran okay.
Likelihood mass_function_like_m_n = -6252.636050648987
Posterior = -6245.957242899421 for parameter set #317: [0.3003151027589569, 0.79879639364177, -0.9995]
Running module mass_function_like
Model N: 2880031.1219729334
Done mass_function_like status = 0 

Pipeline ran okay.
Likelihood mass_function_like_m_n = -4014.1941256150603
Posterior = -4007.52954977902 for parameter set #317: [0.3017162961440153, 0.8011163602464815, -0.9995]
Running module mass_function_like
Model N: 2892370.2018311834
Done mass_function_like status = 0 

Pipeline ran okay.
Likelihood mass_function_like_m_n = -3385.462282292545
Posterior = -3378.794219956773 for parameter set #317: [0.29850054259558273, 0.805683301775157, -0.9995]
Running module mass_function_like
Model N: 2872033.617850429
Done mass_function_like status = 0 

Pipeline ran okay.
Likelihood mass_function_like_m_n = -4451.411822505295
Posterior = -4444.759081864831 for parameter set #317: [0.30230493200970016, 0.799717748467414, -0.9995]
Running module mass_function_like
Model N: 2845382.419187985
Done mass_function_like status = 0 

Pipeline ran okay.
Likelihood mass_function_like_m_n = -6078.941350050271
Posterior = -6072.262266853666 for parameter set #318: [0.2997897612282965, 0.7995921974489001, -0.9995]
Running module mass_function_like
Model N: 2776909.116126053
Done mass_function_like status = 0 

Pipeline ran okay.
Likelihood mass_function_like_m_n = -11492.831176921725
Posterior = -11486.153328989014 for parameter set #318: [0.2994603212809499, 0.7930653011312598, -0.9995]
Running module mass_function_like
Model N: 2859804.597484702
Done mass_function_like status = 0 

Pipeline ran okay.
Likelihood mass_function_like_m_n = -5165.487696751952
Posterior = -5158.812247303597 for parameter set #318: [0.3008780375795452, 0.7999368509560357, -0.9995]
Running module mass_function_like
Model N: 2869399.223096001
Done mass_function_like status = 0 

Pipeline ran okay.
Likelihood mass_function_like_m_n = -4600.575684666634
Posterior = -4593.896725131249 for parameter set #318: [0.29973744984259987, 0.8020851671863456, -0.9995]
Running module mass_function_like
Model N: 2861620.1044879574
Done mass_function_like status = 0 

Pipeline ran okay.
Likelihood mass_function_like_m_n = -5055.982291422784
Posterior = -5049.305859131808 for parameter set #319: [0.30075787958585865, 0.8002413547210353, -0.9995]
Running module mass_function_like
Model N: 2897864.566088384
Done mass_function_like status = 0 

Pipeline ran okay.
Likelihood mass_function_like_m_n = -3123.291099667549
Posterior = -3116.623926909129 for parameter set #319: [0.3015576546401399, 0.803070178400606, -0.9995]
Running module mass_function_like
Model N: 2857589.8542047
Done mass_function_like status = 0 

Pipeline ran okay.
Likelihood mass_function_like_m_n = -5300.729120105505
Posterior = -5294.063266293669 for parameter set #319: [0.30164014551025153, 0.7989425050996172, -0.9995]
Running module mass_function_like
Model N: 2866329.994676672
Done mass_function_like status = 0 

Pipeline ran okay.
Likelihood mass_function_like_m_n = -4777.58550272882
Posterior = -4770.912242679455 for parameter set #319: [0.3010994679572124, 0.8003674434775605, -0.9995]
Running module mass_function_like
Model N: 2858863.1259352365
Done mass_function_like status = 0 

Pipeline ran okay.
Likelihood mass_function_like_m_n = -5222.755398280919
Posterior = -5216.076101538523 for parameter set #320: [0.299961384161704, 0.800774793779258, -0.9995]
Running module mass_function_like
Model N: 2865394.22339557
Done mass_function_like status = 0 

Pipeline ran okay.
Likelihood mass_function_like_m_n = -4832.245180658996
Posterior = -4825.574806730985 for parameter set #320: [0.30133643333532134, 0.8000327804966553, -0.9995]
Running module mass_function_like
Model N: 2850531.431788681
Done mass_function_like status = 0 

Pipeline ran okay.
Likelihood mass_function_like_m_n = -5743.916174478829
Posterior = -5737.2369350415875 for parameter set #320: [0.30011380779320024, 0.7997809308139037, -0.9995]
Running module mass_function_like
Model N: 2830831.4510344975
Done mass_function_like status = 0 

Pipeline ran okay.
Likelihood mass_function_like_m_n = -7079.529886975884
Posterior = -7072.855289677594 for parameter set #320: [0.2990297526069008, 0.7989190958183353, -0.9995]
Running module mass_function_like
Model N: 2860018.8568304903
Done mass_function_like status = 0 

Pipeline ran okay.
Likelihood mass_function_like_m_n = -5152.500686794519
Posterior = -5145.821712836549 for parameter set #321: [0.30025699818654256, 0.8005896991659812, -0.9995]
Running module mass_function_like
Model N: 2903768.437257511
Done mass_function_like status = 0 

Pipeline ran okay.
Likelihood mass_function_like_m_n = -2853.7320164591074
Posterior = -2847.055183579035 for parameter set #321: [0.30070303886634664, 0.8045409936152169, -0.9995]
Running module mass_function_like
Model N: 2856547.732259728
Done mass_function_like status = 0 

Pipeline ran okay.
Likelihood mass_function_like_m_n = -5364.995616137981
Posterior = -5358.322156894684 for parameter set #321: [0.3010811988728215, 0.7994036322470137, -0.9995]
Running module mass_function_like
Model N: 2838725.3727176846
Done mass_function_like status = 0 

Pipeline ran okay.
Likelihood mass_function_like_m_n = -6526.8159702941775
Posterior = -6520.137150653801 for parameter set #321: [0.2996886937413131, 0.7990443597250945, -0.9995]
Running module mass_function_like
Model N: 2851456.0731351348
Done mass_function_like status = 0 

Pipeline ran okay.
Likelihood mass_function_like_m_n = -5684.802801251411
Posterior = -5678.123678944511 for parameter set #322: [0.3001907309148851, 0.7997956079168599, -0.9995]
Running module mass_function_like
Model N: 2871086.004800741
Done mass_function_like status = 0 

Pipeline ran okay.
Likelihood mass_function_like_m_n = -4504.773128800094
Posterior = -4498.094755917304 for parameter set #322: [0.3004315820941378, 0.8015258505819794, -0.9995]
Running module mass_function_like
Model N: 2875110.7147131963
Done mass_function_like status = 0 

Pipeline ran okay.
Likelihood mass_function_like_m_n = -4280.412497378886
Posterior = -4273.737429733527 for parameter set #322: [0.3009204947530147, 0.8014320741489604, -0.9995]
Running module mass_function_like
Model N: 2867041.0877976976
Done mass_function_like status = 0 

Pipeline ran okay.
Likelihood mass_function_like_m_n = -4736.265772253275
Posterior = -4729.58715429388 for parameter set #322: [0.29962953032087886, 0.8019576442056774, -0.9995]
Running module mass_function_like
Model N: 2888960.0082383337
Done mass_function_like status = 0 

Pipeline ran okay.
Likelihood mass_function_like_m_n = -3553.6868221089244
Posterior = -3547.020748875027 for parameter set #323: [0.3016267122924973, 0.8021045586272929, -0.9995]
Running module mass_function_like
Model N: 2880822.914248413
Done mass_function_like status = 0 

Pipeline ran okay.
Likelihood mass_function_like_m_n = -3972.182027876377
Posterior = -3965.5679099518798 for parameter set #323: [0.30361071388545025, 0.799279168554509, -0.9995]
Running module mass_function_like
Model N: 2813202.308619013
Done mass_function_like status = 0 

Pipeline ran okay.
Likelihood mass_function_like_m_n = -8399.233751229942
Posterior = -8392.598864672726 for parameter set #323: [0.29701947517728783, 0.7991872434456867, -0.9995]
Running module mass_function_like
Model N: 2862205.740367481
Done mass_function_like status = 0 

Pipeline ran okay.
Likelihood mass_function_like_m_n = -5020.919174186885
Posterior = -5014.241340538781 for parameter set #323: [0.30054231913222595, 0.8005194200287442, -0.9995]
Running module mass_function_like
Model N: 2882010.7247641818
Done mass_function_like status = 0 

Pipeline ran okay.
Likelihood mass_function_like_m_n = -3909.5870696753263
Posterior = -3902.9454292104188 for parameter set #324: [0.3027445849741927, 0.8002720937263482, -0.9995]
Running module mass_function_like
Model N: 2899228.760267218
Done mass_function_like status = 0 

Pipeline ran okay.
Likelihood mass_function_like_m_n = -3059.8880871087313
Posterior = -3053.215943401112 for parameter set #324: [0.3011967030284079, 0.8035767616647664, -0.9995]
Running module mass_function_like
Model N: 2827035.3714042674
Done mass_function_like status = 0 

Pipeline ran okay.
Likelihood mass_function_like_m_n = -7353.712913818657
Posterior = -7347.097796125451 for parameter set #324: [0.29641708205217326, 0.8012064322414725, -0.9995]
Running module mass_function_like
Model N: 2880108.1912313486
Done mass_function_like status = 0 

Pipeline ran okay.
Likelihood mass_function_like_m_n = -4010.094800017774
Posterior = -4003.439647952519 for parameter set #324: [0.30219782315280647, 0.8006352211503209, -0.9995]
Running module mass_function_like
Model N: 2835042.935777743
Done mass_function_like status = 0 

Pipeline ran okay.
Likelihood mass_function_like_m_n = -6781.72483509779
Posterior = -6775.133586422895 for parameter set #325: [0.29580344132853864, 0.8026526212754375, -0.9995]
Running module mass_function_like
Model N: 2851122.8131884695
Done mass_function_like status = 0 

Pipeline ran okay.
Likelihood mass_function_like_m_n = -5706.07171612978
Posterior = -5699.393638123076 for parameter set #325: [0.29950478457087937, 0.8004802724036393, -0.9995]
Running module mass_function_like
Model N: 2878464.950938454
Done mass_function_like status = 0 

Pipeline ran okay.
Likelihood mass_function_like_m_n = -4097.969735257328
Posterior = -4091.320808745092 for parameter set #325: [0.30246486048590626, 0.8002000270386105, -0.9995]
Running module mass_function_like
Model N: 2854041.8892632835
Done mass_function_like status = 0 

Pipeline ran okay.
Likelihood mass_function_like_m_n = -5521.181175351143
Posterior = -5514.501911113703 for parameter set #325: [0.2999106010407838, 0.8003407365606213, -0.9995]
Running module mass_function_like
Model N: 2873520.465253363
Done mass_function_like status = 0 

Pipeline ran okay.
Likelihood mass_function_like_m_n = -4368.350988313556
Posterior = -4361.696081011344 for parameter set #326: [0.30220893169195806, 0.7999637576388279, -0.9995]
Running module mass_function_like
Model N: 2859313.595226323
Done mass_function_like status = 0 

Pipeline ran okay.
Likelihood mass_function_like_m_n = -5195.3132844641805
Posterior = -5188.653018051055 for parameter set #326: [0.3019512962453098, 0.7988010929266472, -0.9995]
Running module mass_function_like
Model N: 2856580.566899761
Done mass_function_like status = 0 

Pipeline ran okay.
Likelihood mass_function_like_m_n = -5362.964582636952
Posterior = -5356.2877291918685 for parameter set #326: [0.30070010759552923, 0.7997933918316408, -0.9995]
Running module mass_function_like
Model N: 2848172.811966512
Done mass_function_like status = 0 

Pipeline ran okay.
Likelihood mass_function_like_m_n = -5896.151319645345
Posterior = -5889.472039138229 for parameter set #326: [0.30006883486611524, 0.7995893675654555, -0.9995]
Running module mass_function_like
Model N: 2860417.136326693
Done mass_function_like status = 0 

Pipeline ran okay.
Likelihood mass_function_like_m_n = -5128.4048023968935
Posterior = -5121.728558378177 for parameter set #327: [0.30078232724527043, 0.8000955679854145, -0.9995]
Running module mass_function_like
Model N: 2844012.8528922624
Done mass_function_like status = 0 

Pipeline ran okay.
Likelihood mass_function_like_m_n = -6169.724322848022
Posterior = -6163.045079144908 for parameter set #327: [0.2998900043665274, 0.7993523595551122, -0.9995]
Running module mass_function_like
Model N: 2865165.980612917
Done mass_function_like status = 0 

Pipeline ran okay.
Likelihood mass_function_like_m_n = -4845.62622076273
Posterior = -4838.953367569654 for parameter set #327: [0.3011358701716359, 0.8002135386371999, -0.9995]
Running module mass_function_like
Model N: 2867984.432671175
Done mass_function_like status = 0 

Pipeline ran okay.
Likelihood mass_function_like_m_n = -4681.738454975188
Posterior = -4675.068542389791 for parameter set #327: [0.3013705190924305, 0.8002584087923907, -0.9995]
Running module mass_function_like
Model N: 2865080.824895192
Done mass_function_like status = 0 

Pipeline ran okay.
Likelihood mass_function_like_m_n = -4850.623519584537
Posterior = -4843.946072907583 for parameter set #328: [0.3006095115021244, 0.8007401126744786, -0.9995]
Running module mass_function_like
Model N: 2858302.9886298035
Done mass_function_like status = 0 

Pipeline ran okay.
Likelihood mass_function_like_m_n = -5256.983418121934
Posterior = -5250.304320848872 for parameter set #328: [0.29979656684254996, 0.8008864320095559, -0.9995]
Running module mass_function_like
Model N: 2856710.355383443
Done mass_function_like status = 0 

Pipeline ran okay.
Likelihood mass_function_like_m_n = -5354.94025362283
Posterior = -5348.2669517709965 for parameter set #328: [0.3010956592971459, 0.7994052400291562, -0.9995]
Running module mass_function_like
Model N: 2841759.6107808873
Done mass_function_like status = 0 

Pipeline ran okay.
Likelihood mass_function_like_m_n = -6320.613513410091
Posterior = -6313.935182977087 for parameter set #328: [0.299558691648582, 0.7994817901065362, -0.9995]
Running module mass_function_like
Model N: 2846756.3974972786
Done mass_function_like status = 0 

Pipeline ran okay.
Likelihood mass_function_like_m_n = -5988.572061508894
Posterior = -5981.895923740559 for parameter set #329: [0.29920420731657005, 0.8003465920199238, -0.9995]
Running module mass_function_like
Model N: 2854540.3570622946
Done mass_function_like status = 0 

Pipeline ran okay.
Likelihood mass_function_like_m_n = -5489.926226019859
Posterior = -5483.2482483035155 for parameter set #329: [0.3005150693091938, 0.799776236029619, -0.9995]
Running module mass_function_like
Model N: 2878204.7999827918
Done mass_function_like status = 0 

Pipeline ran okay.
Likelihood mass_function_like_m_n = -4111.972338028252
Posterior = -4105.300121927903 for parameter set #329: [0.3011906383129109, 0.8014680372633108, -0.9995]
Running module mass_function_like
Model N: 2852991.4118930916
Done mass_function_like status = 0 

Pipeline ran okay.
Likelihood mass_function_like_m_n = -5587.351249195635
Posterior = -5580.672814555791 for parameter set #329: [0.30041702720915336, 0.7997202163075078, -0.9995]
Running module mass_function_like
Model N: 2860215.854221298
Done mass_function_like status = 0 

Pipeline ran okay.
Likelihood mass_function_like_m_n = -5140.575006060302
Posterior = -5133.8997618527255 for parameter set #330: [0.30090110939773784, 0.7999546341445025, -0.9995]
Running module mass_function_like
Model N: 2958436.8387074326
Done mass_function_like status = 0 

Pipeline ran okay.
Likelihood mass_function_like_m_n = -946.7221625223756
Posterior = -940.0650797452195 for parameter set #330: [0.3021081471084384, 0.8086057937905746, -0.9995]
Running module mass_function_like
Model N: 2879750.5911055766
Done mass_function_like status = 0 

Pipeline ran okay.
Likelihood mass_function_like_m_n = -4029.1339487433434
Posterior = -4022.462952756887 for parameter set #330: [0.2987109529214309, 0.8041869531014028, -0.9995]
Running module mass_function_like
Model N: 2885646.602827766
Done mass_function_like status = 0 

Pipeline ran okay.
Likelihood mass_function_like_m_n = -3721.185025922954
Posterior = -3714.506399934691 for parameter set #330: [0.3003682960894, 0.8030575271972935, -0.9995]
Running module mass_function_like
Model N: 2887107.5250901044
Done mass_function_like status = 0 

Pipeline ran okay.
Likelihood mass_function_like_m_n = -3646.8405788987875
Posterior = -3640.206300155095 for parameter set #331: [0.3030008483672974, 0.8005229577637256, -0.9995]
Running module mass_function_like
Model N: 2889378.204606831
Done mass_function_like status = 0 

Pipeline ran okay.
Likelihood mass_function_like_m_n = -3532.8300613611937
Posterior = -3526.1958834787433 for parameter set #331: [0.3030042075780506, 0.8007468488493031, -0.9995]
Running module mass_function_like
Model N: 2870865.3550737025
Done mass_function_like status = 0 

Pipeline ran okay.
Likelihood mass_function_like_m_n = -4517.245617561042
Posterior = -4510.574481120235 for parameter set #331: [0.30127810465161975, 0.8006414672244481, -0.9995]
Running module mass_function_like
Model N: 2866993.965520634
Done mass_function_like status = 0 

Pipeline ran okay.
Likelihood mass_function_like_m_n = -4738.998148649931
Posterior = -4732.322165541086 for parameter set #331: [0.300814995639937, 0.8007233185398436, -0.9995]
Running module mass_function_like
Model N: 2972342.5609050905
Done mass_function_like status = 0 

Pipeline ran okay.
Likelihood mass_function_like_m_n = -628.4244561642408
Posterior = -621.7512591790037 for parameter set #332: [0.3011051889497331, 0.8110570114560136, -0.9995]
Running module mass_function_like
Model N: 2843051.759918367
Done mass_function_like status = 0 

Pipeline ran okay.
Likelihood mass_function_like_m_n = -6233.851233489811
Posterior = -6227.17194421496 for parameter set #332: [0.30005463233131086, 0.7990887924324985, -0.9995]
Running module mass_function_like
Model N: 2756174.8996775392
Done mass_function_like status = 0 

Pipeline ran okay.
Likelihood mass_function_like_m_n = -13491.89849112928
Posterior = -13485.219905426799 for parameter set #332: [0.300379076728466, 0.7900581198899757, -0.9995]
Running module mass_function_like
Model N: 2871126.5377112357
Done mass_function_like status = 0 

Pipeline ran okay.
Likelihood mass_function_like_m_n = -4502.48390558362
Posterior = -4495.808788171694 for parameter set #332: [0.3009150722795129, 0.8010369399445995, -0.9995]
Running module mass_function_like
Model N: 2859387.5988295753
Done mass_function_like status = 0 

Pipeline ran okay.
Likelihood mass_function_like_m_n = -5190.812263675034
Posterior = -5184.1332506081235 for parameter set #333: [0.30024130122226933, 0.8005422526603987, -0.9995]
Running module mass_function_like
Model N: 2936126.770929566
Done mass_function_like status = 0 

Pipeline ran okay.
Likelihood mass_function_like_m_n = -1597.6693537682295
Posterior = -1590.996406584727 for parameter set #333: [0.30112756505868904, 0.8073694458860453, -0.9995]
Running module mass_function_like
Model N: 2856196.481914597
Done mass_function_like status = 0 

Pipeline ran okay.
Likelihood mass_function_like_m_n = -5386.747784160078
Posterior = -5380.068568931003 for parameter set #333: [0.30013339357975566, 0.800331133428856, -0.9995]
Running module mass_function_like
Model N: 2874267.125291838
Done mass_function_like status = 0 

Pipeline ran okay.
Likelihood mass_function_like_m_n = -4326.946140252054
Posterior = -4320.29085739307 for parameter set #333: [0.30219186401616643, 0.8000558548218981, -0.9995]
Running module mass_function_like
Model N: 2841498.7504978105
Done mass_function_like status = 0 

Pipeline ran okay.
Likelihood mass_function_like_m_n = -6338.205228589475
Posterior = -6331.52596707569 for parameter set #334: [0.3000923953725857, 0.7988942676728009, -0.9995]
Running module mass_function_like
Model N: 2849705.716761706
Done mass_function_like status = 0 

Pipeline ran okay.
Likelihood mass_function_like_m_n = -5796.97483381629
Posterior = -5790.295802406869 for parameter set #334: [0.29976642393530495, 0.8000510347540069, -0.9995]
Running module mass_function_like
Model N: 2754100.127218198
Done mass_function_like status = 0 

Pipeline ran okay.
Likelihood mass_function_like_m_n = -13701.341121405363
Posterior = -13694.903693964146 for parameter set #334: [0.29304476086545395, 0.7972506826974306, -0.9995]
Running module mass_function_like
Model N: 2827724.88892606
Done mass_function_like status = 0 

Pipeline ran okay.
Likelihood mass_function_like_m_n = -7303.504427164793
Posterior = -7296.8297156937415 for parameter set #334: [0.299041592231013, 0.7985940950579234, -0.9995]
Running module mass_function_like
Model N: 2861226.552075306
Done mass_function_like status = 0 

Pipeline ran okay.
Likelihood mass_function_like_m_n = -5079.616379916668
Posterior = -5072.943100702104 for parameter set #335: [0.3010977234393213, 0.7998566955166202, -0.9995]
Running module mass_function_like
Model N: 2800854.3894671113
Done mass_function_like status = 0 

Pipeline ran okay.
Likelihood mass_function_like_m_n = -9394.436696641147
Posterior = -9387.757541789928 for parameter set #335: [0.30017282771209797, 0.7947330282316352, -0.9995]
Running module mass_function_like
Model N: 2890639.281120333
Done mass_function_like status = 0 

Pipeline ran okay.
Likelihood mass_function_like_m_n = -3470.3208671808243
Posterior = -3463.683469752489 for parameter set #335: [0.3028950568206934, 0.8009836421542542, -0.9995]
Running module mass_function_like
Model N: 2864817.768609045
Done mass_function_like status = 0 

Pipeline ran okay.
Likelihood mass_function_like_m_n = -4866.077703073621
Posterior = -4859.39843958284 for parameter set #335: [0.29990976970639954, 0.8014274044148433, -0.9995]
Running module mass_function_like
Model N: 2843508.9354859376
Done mass_function_like status = 0 

Pipeline ran okay.
Likelihood mass_function_like_m_n = -6203.303941309452
Posterior = -6196.624843689955 for parameter set #336: [0.3002032627921116, 0.7989837773958436, -0.9995]
Running module mass_function_like
Model N: 2918866.2127485345
Done mass_function_like status = 0 

Pipeline ran okay.
Likelihood mass_function_like_m_n = -2221.3101071193814
Posterior = -2214.630864868336 for parameter set #336: [0.299888692080457, 0.8069078943693141, -0.9995]
Running module mass_function_like
Model N: 2861171.65762246
Done mass_function_like status = 0 

Pipeline ran okay.
Likelihood mass_function_like_m_n = -5082.917528577149
Posterior = -5076.246618382303 for parameter set #336: [0.30129568541428625, 0.7996503083090166, -0.9995]
Running module mass_function_like
Model N: 2844136.3514054837
Done mass_function_like status = 0 

Pipeline ran okay.
Likelihood mass_function_like_m_n = -6161.509264461696
Posterior = -6154.830268546929 for parameter set #336: [0.29975169231072935, 0.7995054399321202, -0.9995]
Running module mass_function_like
Model N: 2853366.613396291
Done mass_function_like status = 0 

Pipeline ran okay.
Likelihood mass_function_like_m_n = -5563.669933132827
Posterior = -5556.991267538877 for parameter set #337: [0.29964261942980164, 0.8005657581524639, -0.9995]
Running module mass_function_like
Model N: 2814779.287092014
Done mass_function_like status = 0 

Pipeline ran okay.
Likelihood mass_function_like_m_n = -8276.353280544281
Posterior = -8269.677337671972 for parameter set #337: [0.29918008219904973, 0.7971503240184024, -0.9995]
Running module mass_function_like
Model N: 2896945.318138455
Done mass_function_like status = 0 

Pipeline ran okay.
Likelihood mass_function_like_m_n = -3166.3936098739505
Posterior = -3159.9848661441742 for parameter set #337: [0.30735609228509025, 0.7971364238843897, -0.9995]
Running module mass_function_like
Model N: 2867669.018830905
Done mass_function_like status = 0 

Pipeline ran okay.
Likelihood mass_function_like_m_n = -4699.933508478105
Posterior = -4693.275667381933 for parameter set #337: [0.3020718639983335, 0.7995162549130558, -0.9995]
Running module mass_function_like
Model N: 2864531.6416981937
Done mass_function_like status = 0 

Pipeline ran okay.
Likelihood mass_function_like_m_n = -4882.916290849447
Posterior = -4876.237908067064 for parameter set #338: [0.2995707178254275, 0.8017646483486887, -0.9995]
Running module mass_function_like
Model N: 2855817.6064831316
Done mass_function_like status = 0 

Pipeline ran okay.
Likelihood mass_function_like_m_n = -5410.262141667306
Posterior = -5403.583873748679 for parameter set #338: [0.3004552537057932, 0.79996552551951, -0.9995]
Running module mass_function_like
Model N: 2849114.5034522833
Done mass_function_like status = 0 

Pipeline ran okay.
Likelihood mass_function_like_m_n = -5835.121360741556
Posterior = -5828.4536628516225 for parameter set #338: [0.30152356873009667, 0.7982110709579577, -0.9995]
Running module mass_function_like
Model N: 2838154.133026896
Done mass_function_like status = 0 

Pipeline ran okay.
Likelihood mass_function_like_m_n = -6566.024001643062
Posterior = -6559.347436276396 for parameter set #338: [0.2992598876240383, 0.799422924254369, -0.9995]
Running module mass_function_like
Model N: 2844452.0530406823
Done mass_function_like status = 0 

Pipeline ran okay.
Likelihood mass_function_like_m_n = -6140.534947536886
Posterior = -6133.88781834948 for parameter set #339: [0.3025367306086465, 0.7967257618768174, -0.9995]
Running module mass_function_like
Model N: 2863203.0791475107
Done mass_function_like status = 0 

Pipeline ran okay.
Likelihood mass_function_like_m_n = -4961.4988820925355
Posterior = -4954.821954228684 for parameter set #339: [0.3006893960340896, 0.8004698607267168, -0.9995]
Running module mass_function_like
Model N: 2874396.994554255
Done mass_function_like status = 0 

Pipeline ran okay.
Likelihood mass_function_like_m_n = -4319.765346989036
Posterior = -4313.153457799134 for parameter set #339: [0.30367192070743454, 0.7985761240189644, -0.9995]
Running module mass_function_like
Model N: 2895277.5092759933
Done mass_function_like status = 0 

Pipeline ran okay.
Likelihood mass_function_like_m_n = -3245.3751829713583
Posterior = -3238.7025326677103 for parameter set #339: [0.2988464060799187, 0.8056194969773588, -0.9995]
Running module mass_function_like
Model N: 2862735.9570100494
Done mass_function_like status = 0 

Pipeline ran okay.
Likelihood mass_function_like_m_n = -4989.283643215895
Posterior = -4982.604339272804 for parameter set #340: [0.30000714450495974, 0.8011182017382102, -0.9995]
Running module mass_function_like
Model N: 2890101.9587506335
Done mass_function_like status = 0 

Pipeline ran okay.
Likelihood mass_function_like_m_n = -3496.884312644601
Posterior = -3490.212844539368 for parameter set #340: [0.3012518860233284, 0.802601847980911, -0.9995]
Running module mass_function_like
Model N: 2949965.7111025066
Done mass_function_like status = 0 

Pipeline ran okay.
Likelihood mass_function_like_m_n = -1173.4306917861104
Posterior = -1167.5798066188718 for parameter set #340: [0.3128718221792536, 0.7969217491340846, -0.9995]
Running module mass_function_like
Model N: 2914115.605012003
Done mass_function_like status = 0 

Pipeline ran okay.
Likelihood mass_function_like_m_n = -2411.515426337719
Posterior = -2404.874299502663 for parameter set #340: [0.30276323590212334, 0.8034711392074406, -0.9995]
Running module mass_function_like
Model N: 2881881.8138846424
Done mass_function_like status = 0 

Pipeline ran okay.
Likelihood mass_function_like_m_n = -3916.355452314019
Posterior = -3909.6761642767488 for parameter set #341: [0.2999431474896319, 0.803113973086451, -0.9995]
Running module mass_function_like
Model N: 3025449.5486276946
Done mass_function_like status = 0 

Pipeline ran okay.
Likelihood mass_function_like_m_n = -18.45709417760372
Posterior = -11.786873829111581 for parameter set #341: [0.30134787609356783, 0.8161951254244739, -0.9995]
Running module mass_function_like
Model N: 2922410.629927536
Done mass_function_like status = 0 

Pipeline ran okay.
Likelihood mass_function_like_m_n = -2084.6335780620575
Posterior = -2077.9726739171165 for parameter set #341: [0.30191833539137514, 0.8051704776216589, -0.9995]
Running module mass_function_like
Model N: 2855878.8942298577
Done mass_function_like status = 0 

Pipeline ran okay.
Likelihood mass_function_like_m_n = -5406.4547868222
Posterior = -5399.776471541128 for parameter set #341: [0.30044472851003057, 0.7999823386026981, -0.9995]
Running module mass_function_like
Model N: 2856507.0796742
Done mass_function_like status = 0 

Pipeline ran okay.
Likelihood mass_function_like_m_n = -5367.5107950642705
Posterior = -5360.843399763176 for parameter set #342: [0.29845669852485274, 0.8020966938651001, -0.9995]
Running module mass_function_like
Model N: 2880328.3860533894
Done mass_function_like status = 0 

Pipeline ran okay.
Likelihood mass_function_like_m_n = -3998.3945712447166
Posterior = -3991.715365779531 for parameter set #342: [0.30014052268464764, 0.8027547928314738, -0.9995]
Running module mass_function_like
Model N: 2850521.4910348663
Done mass_function_like status = 0 

Pipeline ran okay.
Likelihood mass_function_like_m_n = -5744.553431868553
Posterior = -5737.899201817552 for parameter set #342: [0.2977606185090796, 0.802206221711248, -0.9995]
Running module mass_function_like
Model N: 2908556.747165069
Done mass_function_like status = 0 

Pipeline ran okay.
Likelihood mass_function_like_m_n = -2644.318457610905
Posterior = -2637.9420570139987 for parameter set #342: [0.3077833617595984, 0.7978607707255368, -0.9995]
Running module mass_function_like
Model N: 2918242.359901372
Done mass_function_like status = 0 

Pipeline ran okay.
Likelihood mass_function_like_m_n = -2245.8291360884905
Posterior = -2239.2422723731916 for parameter set #343: [0.30429977866898217, 0.8023214651722855, -0.9995]
Running module mass_function_like
Model N: 2868943.6158881583
Done mass_function_like status = 0 

Pipeline ran okay.
Likelihood mass_function_like_m_n = -4626.632126607001
Posterior = -4619.955351129516 for parameter set #343: [0.29928884307982323, 0.8024991336063707, -0.9995]
Running module mass_function_like
Model N: 2903509.9947086913
Done mass_function_like status = 0 

Pipeline ran okay.
Likelihood mass_function_like_m_n = -2865.2691883593798
Posterior = -2858.6565747895575 for parameter set #343: [0.3036521398792487, 0.8015046442705848, -0.9995]
Running module mass_function_like
Model N: 2839049.0056100045
Done mass_function_like status = 0 

Pipeline ran okay.
Likelihood mass_function_like_m_n = -6504.657372407615
Posterior = -6497.982132850771 for parameter set #343: [0.299098374638043, 0.7996775992851312, -0.9995]
Running module mass_function_like
Model N: 2877302.3692872836
Done mass_function_like status = 0 

Pipeline ran okay.
Likelihood mass_function_like_m_n = -4160.737697288394
Posterior = -4154.060866006472 for parameter set #344: [0.3007032661499074, 0.8018740628836051, -0.9995]
Running module mass_function_like
Model N: 2915804.892826618
Done mass_function_like status = 0 

Pipeline ran okay.
Likelihood mass_function_like_m_n = -2342.957317955792
Posterior = -2336.2782099762458 for parameter set #344: [0.299801899639639, 0.806688040840526, -0.9995]
Running module mass_function_like
Model N: 2867099.3353711735
Done mass_function_like status = 0 

Pipeline ran okay.
Likelihood mass_function_like_m_n = -4732.8894300460815
Posterior = -4726.213560995165 for parameter set #344: [0.3008288724140106, 0.8007198131672613, -0.9995]
Running module mass_function_like
Model N: 2866205.720046603
Done mass_function_like status = 0 

Pipeline ran okay.
Likelihood mass_function_like_m_n = -4784.825932487845
Posterior = -4778.149043447991 for parameter set #344: [0.3006950048137349, 0.8007661071055082, -0.9995]
Running module mass_function_like
Model N: 2855974.6118371272
Done mass_function_like status = 0 

Pipeline ran okay.
Likelihood mass_function_like_m_n = -5400.511353634298
Posterior = -5393.832131369833 for parameter set #345: [0.30012801081643925, 0.8003140696148289, -0.9995]
Running module mass_function_like
Model N: 2859796.3876163303
Done mass_function_like status = 0 

Pipeline ran okay.
Likelihood mass_function_like_m_n = -5165.985664330423
Posterior = -5159.307039088014 for parameter set #345: [0.3003684985485816, 0.8004538937741446, -0.9995]
Running module mass_function_like
Model N: 2876485.8683740087
Done mass_function_like status = 0 

Pipeline ran okay.
Likelihood mass_function_like_m_n = -4205.116709038615
Posterior = -4198.44165909263 for parameter set #345: [0.3009224155598045, 0.8015685046281551, -0.9995]
Running module mass_function_like
Model N: 2861353.145154466
Done mass_function_like status = 0 

Pipeline ran okay.
Likelihood mass_function_like_m_n = -5072.007798202336
Posterior = -5065.3309945404535 for parameter set #345: [0.3007071826394336, 0.8002660798758116, -0.9995]
Running module mass_function_like
Model N: 2875397.766033438
Done mass_function_like status = 0 

Pipeline ran okay.
Likelihood mass_function_like_m_n = -4264.637875072658
Posterior = -4257.958699626289 for parameter set #346: [0.29983953072521374, 0.8025658933026918, -0.9995]
Running module mass_function_like
Model N: 2864008.3717611763
Done mass_function_like status = 0 

Pipeline ran okay.
Likelihood mass_function_like_m_n = -4913.789047472179
Posterior = -4907.110393756156 for parameter set #346: [0.3003606888650556, 0.800885792915079, -0.9995]
Running module mass_function_like
Model N: 2856500.902621195
Done mass_function_like status = 0 

Pipeline ran okay.
Likelihood mass_function_like_m_n = -5367.893023632467
Posterior = -5361.224281784063 for parameter set #346: [0.3014534338586216, 0.7990222063945452, -0.9995]
Running module mass_function_like
Model N: 2854788.34875601
Done mass_function_like status = 0 

Pipeline ran okay.
Likelihood mass_function_like_m_n = -5474.411097094417
Posterior = -5467.734243960245 for parameter set #346: [0.3007001520032888, 0.7996131689658245, -0.9995]
Running module mass_function_like
Model N: 2857058.676789905
Done mass_function_like status = 0 

Pipeline ran okay.
Likelihood mass_function_like_m_n = -5333.435812011361
Posterior = -5326.7565130021285 for parameter set #347: [0.30003221514479617, 0.8005209264599282, -0.9995]
Running module mass_function_like
Model N: 2851345.1362682143
Done mass_function_like status = 0 

Pipeline ran okay.
Likelihood mass_function_like_m_n = -5691.878279343247
Posterior = -5685.199316132855 for parameter set #347: [0.3002611466705669, 0.7997128245008094, -0.9995]
Running module mass_function_like
Model N: 2819835.369943717
Done mass_function_like status = 0 

Pipeline ran okay.
Likelihood mass_function_like_m_n = -7888.790390133858
Posterior = -7882.137610141992 for parameter set #347: [0.2976967758925986, 0.7991669265557221, -0.9995]
Running module mass_function_like
Model N: 2856503.226074972
Done mass_function_like status = 0 

Pipeline ran okay.
Likelihood mass_function_like_m_n = -5367.749249458313
Posterior = -5361.071046695529 for parameter set #347: [0.30046934753131765, 0.8000200670808257, -0.9995]
Running module mass_function_like
Model N: 2897898.096539296
Done mass_function_like status = 0 

Pipeline ran okay.
Likelihood mass_function_like_m_n = -3121.7246651500463
Posterior = -3115.0485937383405 for parameter set #348: [0.2991959121186823, 0.8055229437668873, -0.9995]
Running module mass_function_like
Model N: 2859072.6762157786
Done mass_function_like status = 0 

Pipeline ran okay.
Likelihood mass_function_like_m_n = -5209.9804496616125
Posterior = -5203.3041040036 for parameter set #348: [0.30076922562319547, 0.7999738103212257, -0.9995]
Running module mass_function_like
Model N: 2861106.0810898286
Done mass_function_like status = 0 

Pipeline ran okay.
Likelihood mass_function_like_m_n = -5086.862521484494
Posterior = -5080.188242308059 for parameter set #348: [0.3010024990648534, 0.7999411243770428, -0.9995]
Running module mass_function_like
Model N: 2849079.712925149
Done mass_function_like status = 0 

Pipeline ran okay.
Likelihood mass_function_like_m_n = -5837.370199106634
Posterior = -5830.6911693828 for parameter set #348: [0.2997657034033205, 0.7999888291016273, -0.9995]
Running module mass_function_like
Model N: 2865178.427854602
Done mass_function_like status = 0 

Pipeline ran okay.
Likelihood mass_function_like_m_n = -4844.89598826319
Posterior = -4838.217515435187 for parameter set #349: [0.3004077671658861, 0.8009554718523001, -0.9995]
Running module mass_function_like
Model N: 2870106.2341351435
Done mass_function_like status = 0 

Pipeline ran okay.
Likelihood mass_function_like_m_n = -4560.292714446783
Posterior = -4553.70477389001 for parameter set #349: [0.304274661192116, 0.7975438048105653, -0.9995]
Running module mass_function_like
Model N: 2885903.8551298426
Done mass_function_like status = 0 

Pipeline ran okay.
Likelihood mass_function_like_m_n = -3708.0374133735895
Posterior = -3701.411831071541 for parameter set #349: [0.30327786199409845, 0.800122456355144, -0.9995]
Running module mass_function_like
Model N: 2855921.64824571
Done mass_function_like status = 0 

Pipeline ran okay.
Likelihood mass_function_like_m_n = -5403.799622878432
Posterior = -5397.120862793172 for parameter set #349: [0.30032988272141486, 0.8001034536942111, -0.9995]
Running module mass_function_like
Model N: 2859886.263374778
Done mass_function_like status = 0 

Pipeline ran okay.
Likelihood mass_function_like_m_n = -5160.535633012652
Posterior = -5153.856332414177 for parameter set #350: [0.2999731677993093, 0.8008658548240009, -0.9995]
Running module mass_function_like
Model N: 2909986.8916581417
Done mass_function_like status = 0 

Pipeline ran okay.
Likelihood mass_function_like_m_n = -2583.367627926171
Posterior = -2576.7175416633677 for parameter set #350: [0.3024173512573504, 0.8034099303383648, -0.9995]
Running module mass_function_like
Model N: 3082137.7281495063
Done mass_function_like status = 0 

Pipeline ran okay.
Likelihood mass_function_like_m_n = -397.9915520846844
Posterior = -392.13540436728715 for parameter set #350: [0.31283087277555977, 0.8099729211195189, -0.9995]
Running module mass_function_like
Model N: 2889445.165365141
Done mass_function_like status = 0 

Pipeline ran okay.
Likelihood mass_function_like_m_n = -3529.4964210540056
Posterior = -3522.8230495894613 for parameter set #350: [0.30108928726845147, 0.8027017280599605, -0.9995]
Running module mass_function_like
Model N: 2877997.6612804723
Done mass_function_like status = 0 

Pipeline ran okay.
Likelihood mass_function_like_m_n = -4123.139281436801
Posterior = -4116.45997765265 for parameter set #351: [0.29999089879289315, 0.8026731947234294, -0.9995]
Running module mass_function_like
Model N: 2858560.0633994783
Done mass_function_like status = 0 

Pipeline ran okay.
Likelihood mass_function_like_m_n = -5241.260023362935
Posterior = -5234.5875772810205 for parameter set #351: [0.30117116321632786, 0.7995145532772564, -0.9995]
Running module mass_function_like
Model N: 2856404.0598530974
Done mass_function_like status = 0 

Pipeline ran okay.
Likelihood mass_function_like_m_n = -5373.887391299009
Posterior = -5367.210112269345 for parameter set #351: [0.2993635773973547, 0.8011569938533192, -0.9995]
Running module mass_function_like
Model N: 2900080.6852362817
Done mass_function_like status = 0 

Pipeline ran okay.
Likelihood mass_function_like_m_n = -3020.6342610269785
Posterior = -3014.0140001540763 for parameter set #351: [0.303436373827392, 0.80138025920251, -0.9995]
Running module mass_function_like
Model N: 2887228.749875813
Done mass_function_like status = 0 

Pipeline ran okay.
Likelihood mass_function_like_m_n = -3640.706514246762
Posterior = -3634.2060203667297 for parameter set #352: [0.30598013910002586, 0.7975425158828837, -0.9995]
Running module mass_function_like
Model N: 2853166.0206413306
Done mass_function_like status = 0 

Pipeline ran okay.
Likelihood mass_function_like_m_n = -5576.324072480202
Posterior = -5569.65537974227 for parameter set #352: [0.3014568088672699, 0.7986842499518553, -0.9995]
Running module mass_function_like
Model N: 2854470.9229754186
Done mass_function_like status = 0 

Pipeline ran okay.
Likelihood mass_function_like_m_n = -5494.27433976531
Posterior = -5487.596555035279 for parameter set #352: [0.300551265503927, 0.7997325824731467, -0.9995]
Running module mass_function_like
Model N: 2863557.370403118
Done mass_function_like status = 0 

Pipeline ran okay.
Likelihood mass_function_like_m_n = -4940.479223571718
Posterior = -4933.831875484333 for parameter set #352: [0.302528086664869, 0.7986441103368443, -0.9995]
Running module mass_function_like
Model N: 2856669.2622161647
Done mass_function_like status = 0 

Pipeline ran okay.
Likelihood mass_function_like_m_n = -5357.480210699141
Posterior = -5350.800906700166 for parameter set #353: [0.29999368597017634, 0.8005209843410787, -0.9995]
Running module mass_function_like
Model N: 2895901.6067977957
Done mass_function_like status = 0 

Pipeline ran okay.
Likelihood mass_function_like_m_n = -3215.7023265957832
Posterior = -3209.0231540309746 for parameter set #353: [0.3001622550471007, 0.804303686229076, -0.9995]
Running module mass_function_like
Model N: 2818256.0552740986
Done mass_function_like status = 0 

Pipeline ran okay.
Likelihood mass_function_like_m_n = -8008.80031747371
Posterior = -8002.362414753992 for parameter set #353: [0.3069484023860545, 0.7897689712550975, -0.9995]
Running module mass_function_like
Model N: 2871702.5308587495
Done mass_function_like status = 0 

Pipeline ran okay.
Likelihood mass_function_like_m_n = -4470.018213175237
Posterior = -4463.39013385802 for parameter set #353: [0.3032007774397179, 0.7987808716876911, -0.9995]
Running module mass_function_like
Model N: 2871331.1209433908
Done mass_function_like status = 0 

Pipeline ran okay.
Likelihood mass_function_like_m_n = -4490.938651822507
Posterior = -4484.259744201945 for parameter set #354: [0.29971836983557526, 0.802299596364439, -0.9995]
Running module mass_function_like
Model N: 2878762.8612859035
Done mass_function_like status = 0 

Pipeline ran okay.
Likelihood mass_function_like_m_n = -4081.9651678577065
Posterior = -4075.2886901883085 for parameter set #354: [0.3007518681948587, 0.8019716854346444, -0.9995]
Running module mass_function_like
Model N: 2998944.0510132024
Done mass_function_like status = 0 

Pipeline ran okay.
Likelihood mass_function_like_m_n = -203.98145219683647
Posterior = -199.3383577527187 for parameter set #354: [0.320180236639804, 0.7946195389070156, -0.9995]
Running module mass_function_like
Model N: 2822322.809589278
Done mass_function_like status = 0 

Pipeline ran okay.
Likelihood mass_function_like_m_n = -7701.702340632677
Posterior = -7695.025505023256 for parameter set #354: [0.2992973494624138, 0.7977907346726621, -0.9995]
Running module mass_function_like
Model N: 2873837.8466777
Done mass_function_like status = 0 

Pipeline ran okay.
Likelihood mass_function_like_m_n = -4350.726086162031
Posterior = -4344.071240005445 for parameter set #355: [0.30221169806820386, 0.7999927442262939, -0.9995]
Running module mass_function_like
Model N: 2864009.823908495
Done mass_function_like status = 0 

Pipeline ran okay.
Likelihood mass_function_like_m_n = -4913.703231163323
Posterior = -4907.024739993464 for parameter set #355: [0.30040324395885676, 0.8008424667661612, -0.9995]
Running module mass_function_like
Model N: 2869257.5163283935
Done mass_function_like status = 0 

Pipeline ran okay.
Likelihood mass_function_like_m_n = -4608.6717825084925
Posterior = -4601.9984464128665 for parameter set #355: [0.3010925294214853, 0.8006684367724746, -0.9995]
Running module mass_function_like
Model N: 2878194.577597159
Done mass_function_like status = 0 

Pipeline ran okay.
Likelihood mass_function_like_m_n = -4112.523063026369
Posterior = -4105.859109962646 for parameter set #355: [0.30175220629989746, 0.8008957126333499, -0.9995]
Running module mass_function_like
Model N: 2855602.2974946573
Done mass_function_like status = 0 

Pipeline ran okay.
Likelihood mass_function_like_m_n = -5423.648773185909
Posterior = -5416.969808513111 for parameter set #356: [0.3002605860751693, 0.800141684745268, -0.9995]
Running module mass_function_like
Model N: 2866683.491193291
Done mass_function_like status = 0 

Pipeline ran okay.
Likelihood mass_function_like_m_n = -4757.021430969238
Posterior = -4750.343028011168 for parameter set #356: [0.3004245562954626, 0.80108994173615, -0.9995]
Running module mass_function_like
Model N: 2855992.0515951416
Done mass_function_like status = 0 

Pipeline ran okay.
Likelihood mass_function_like_m_n = -5399.4288264364
Posterior = -5392.749581929416 for parameter set #356: [0.29989073763091606, 0.8005574699650766, -0.9995]
Running module mass_function_like
Model N: 2915716.4227959295
Done mass_function_like status = 0 

Pipeline ran okay.
Likelihood mass_function_like_m_n = -2346.5225141867995
Posterior = -2339.8596607999157 for parameter set #356: [0.2981861195504594, 0.8083817724044781, -0.9995]
Running module mass_function_like
Model N: 2859762.9180847616
Done mass_function_like status = 0 

Pipeline ran okay.
Likelihood mass_function_like_m_n = -5168.016009368002
Posterior = -5161.336870023332 for parameter set #357: [0.2998184215650241, 0.8010111665661672, -0.9995]
Running module mass_function_like
Model N: 2892331.2023322987
Done mass_function_like status = 0 

Pipeline ran okay.
Likelihood mass_function_like_m_n = -3387.3622700721025
Posterior = -3380.6831107635126 for parameter set #357: [0.29982977090727847, 0.8042854914269464, -0.9995]
Running module mass_function_like
Model N: 2895976.0364515684
Done mass_function_like status = 0 

Pipeline ran okay.
Likelihood mass_function_like_m_n = -3212.1729556918144
Posterior = -3205.612294884743 for parameter set #357: [0.30487120911558296, 0.7995225290147534, -0.9995]
Running module mass_function_like
Model N: 2935348.3577414635
Done mass_function_like status = 0 

Pipeline ran okay.
Likelihood mass_function_like_m_n = -1623.5277762711048
Posterior = -1616.9150450655518 for parameter set #357: [0.30364891744925016, 0.8046968950653409, -0.9995]
Running module mass_function_like
Model N: 2850899.519752904
Done mass_function_like status = 0 

Pipeline ran okay.
Likelihood mass_function_like_m_n = -5720.3456664681435
Posterior = -5713.760045139443 for parameter set #358: [0.29567142356866327, 0.8044038885460473, -0.9995]
Running module mass_function_like
Model N: 2836410.5642503877
Done mass_function_like status = 0 

Pipeline ran okay.
Likelihood mass_function_like_m_n = -6686.457001186907
Posterior = -6679.797935465165 for parameter set #358: [0.29798811150567667, 0.8005448331356882, -0.9995]
Running module mass_function_like
Model N: 2874701.4856622647
Done mass_function_like status = 0 

Pipeline ran okay.
Likelihood mass_function_like_m_n = -4302.953556187451
Posterior = -4296.279167685992 for parameter set #358: [0.3009915338473175, 0.8013186206027971, -0.9995]
Running module mass_function_like
Model N: 2853969.503063652
Done mass_function_like status = 0 

Pipeline ran okay.
Likelihood mass_function_like_m_n = -5525.727630965412
Posterior = -5519.048772485928 for parameter set #358: [0.30029856953180223, 0.7999387540841126, -0.9995]
Running module mass_function_like
Model N: 2858440.163538355
Done mass_function_like status = 0 

Pipeline ran okay.
Likelihood mass_function_like_m_n = -5248.590373277664
Posterior = -5241.915074532401 for parameter set #359: [0.300895036652596, 0.7997824180393817, -0.9995]
Running module mass_function_like
Model N: 2895333.7092476343
Done mass_function_like status = 0 

Pipeline ran okay.
Likelihood mass_function_like_m_n = -3242.6973692551255
Posterior = -3236.018282609501 for parameter set #359: [0.3002085917954163, 0.8041986161679239, -0.9995]
Running module mass_function_like
Model N: 2866704.1240341645
Done mass_function_like status = 0 

Pipeline ran okay.
Likelihood mass_function_like_m_n = -4755.822574518621
Posterior = -4749.149067392023 for parameter set #359: [0.30107676104242553, 0.8004279086267866, -0.9995]
Running module mass_function_like
Model N: 2855014.8073118
Done mass_function_like status = 0 

Pipeline ran okay.
Likelihood mass_function_like_m_n = -5460.26314265281
Posterior = -5453.583962934586 for parameter set #359: [0.2998422152816523, 0.8005086316987317, -0.9995]
Running module mass_function_like
Model N: 2872454.031856235
Done mass_function_like status = 0 

Pipeline ran okay.
Likelihood mass_function_like_m_n = -4427.843531653285
Posterior = -4421.183166560918 for parameter set #360: [0.2980537674371652, 0.8041265426804546, -0.9995]
Running module mass_function_like
Model N: 2849513.415752039
Done mass_function_like status = 0 

Pipeline ran okay.
Likelihood mass_function_like_m_n = -5809.368235625327
Posterior = -5802.688940616995 for parameter set #360: [0.300042871852264, 0.7997505537804613, -0.9995]
Running module mass_function_like
Model N: 2861302.545299799
Done mass_function_like status = 0 

Pipeline ran okay.
Likelihood mass_function_like_m_n = -5075.048272110522
Posterior = -5068.397344465216 for parameter set #360: [0.3023822910403089, 0.7985654230972906, -0.9995]
Running module mass_function_like
Model N: 2851731.890413726
Done mass_function_like status = 0 

Pipeline ran okay.
Likelihood mass_function_like_m_n = -5667.231259308755
Posterior = -5660.552569165312 for parameter set #360: [0.3003504439660702, 0.7996612440188249, -0.9995]
Running module mass_function_like
Model N: 2856327.634411824
Done mass_function_like status = 0 

Pipeline ran okay.
Likelihood mass_function_like_m_n = -5378.6204300150275
Posterior = -5371.941131417196 for parameter set #361: [0.2999665321707878, 0.800514226978604, -0.9995]
Running module mass_function_like
Model N: 2866098.155520692
Done mass_function_like status = 0 

Pipeline ran okay.
Likelihood mass_function_like_m_n = -4791.097409881651
Posterior = -4784.418895368968 for parameter set #361: [0.30039741304120143, 0.8010586071398641, -0.9995]
Running module mass_function_like
Model N: 2886250.988411928
Done mass_function_like status = 0 

Pipeline ran okay.
Likelihood mass_function_like_m_n = -3690.334381751716
Posterior = -3683.6829035446813 for parameter set #361: [0.3023590672425855, 0.8010875237975694, -0.9995]
Running module mass_function_like
Model N: 2863502.2321258755
Done mass_function_like status = 0 

Pipeline ran okay.
Likelihood mass_function_like_m_n = -4943.74745772779
Posterior = -4937.071424104084 for parameter set #361: [0.30080877371427367, 0.8003787772662693, -0.9995]
Running module mass_function_like
Model N: 2859192.935811093
Done mass_function_like status = 0 

Pipeline ran okay.
Likelihood mass_function_like_m_n = -5202.6563455984
Posterior = -5195.977764200026 for parameter set #362: [0.3003802104513842, 0.8003812939053525, -0.9995]
Running module mass_function_like
Model N: 2858720.245967647
Done mass_function_like status = 0 

Pipeline ran okay.
Likelihood mass_function_like_m_n = -5231.475225672126
Posterior = -5224.796933143058 for parameter set #362: [0.3004498153492107, 0.8002629876098475, -0.9995]
Running module mass_function_like
Model N: 2903438.2801983287
Done mass_function_like status = 0 

Pipeline ran okay.
Likelihood mass_function_like_m_n = -2868.474865719676
Posterior = -2862.033061513594 for parameter set #362: [0.3068920242632822, 0.7982410251941197, -0.9995]
Running module mass_function_like
Model N: 2861585.446236283
Done mass_function_like status = 0 

Pipeline ran okay.
Likelihood mass_function_like_m_n = -5058.061326995492
Posterior = -5051.3840503965475 for parameter set #362: [0.3006368044230329, 0.8003607728462695, -0.9995]
Running module mass_function_like
Model N: 2867610.0505988346
Done mass_function_like status = 0 

Pipeline ran okay.
Likelihood mass_function_like_m_n = -4703.339238144457
Posterior = -4696.660058105872 for parameter set #363: [0.3001575815502366, 0.8014554991552713, -0.9995]
Running module mass_function_like
Model N: 2850612.7168657514
Done mass_function_like status = 0 

Pipeline ran okay.
Likelihood mass_function_like_m_n = -5738.706734739244
Posterior = -5732.027610487794 for parameter set #363: [0.2998102913494356, 0.8000978313001919, -0.9995]
Running module mass_function_like
Model N: 2877784.42618027
Done mass_function_like status = 0 

Pipeline ran okay.
Likelihood mass_function_like_m_n = -4134.651297688484
Posterior = -4127.975533236491 for parameter set #363: [0.2991586027909385, 0.803526308282375, -0.9995]
Running module mass_function_like
Model N: 2830468.0306546614
Done mass_function_like status = 0 

Pipeline ran okay.
Likelihood mass_function_like_m_n = -7105.542664609849
Posterior = -7098.8641899743525 for parameter set #363: [0.2995926763416608, 0.7983107629335056, -0.9995]
Running module mass_function_like
Model N: 2845897.7705441513
Done mass_function_like status = 0 

Pipeline ran okay.
Likelihood mass_function_like_m_n = -6044.962811306119
Posterior = -6038.2887474777435 for parameter set #364: [0.2989762451529167, 0.8004929413714295, -0.9995]
Running module mass_function_like
Model N: 2906705.2887818143
Done mass_function_like status = 0 

Pipeline ran okay.
Likelihood mass_function_like_m_n = -2724.3144652694464
Posterior = -2717.6666881971573 for parameter set #364: [0.302511060573584, 0.8029846890371948, -0.9995]
Running module mass_function_like
Model N: 2874763.8340168013
Done mass_function_like status = 0 

Pipeline ran okay.
Likelihood mass_function_like_m_n = -4299.51532997936
Posterior = -4292.844823678286 for parameter set #364: [0.3013264914049098, 0.8009837564885058, -0.9995]
Running module mass_function_like
Model N: 2859199.1305303117
Done mass_function_like status = 0 

Pipeline ran okay.
Likelihood mass_function_like_m_n = -5202.279217354953
Posterior = -5195.600347960248 for parameter set #364: [0.3002948910322267, 0.800468675909001, -0.9995]
Running module mass_function_like
Model N: 2889833.389535231
Done mass_function_like status = 0 

Pipeline ran okay.
Likelihood mass_function_like_m_n = -3510.200785703957
Posterior = -3503.522834781324 for parameter set #365: [0.29947975473534616, 0.8044136374512244, -0.9995]
Running module mass_function_like
Model N: 2916629.0147199496
Done mass_function_like status = 0 

Pipeline ran okay.
Likelihood mass_function_like_m_n = -2309.88070563972
Posterior = -2303.205673191422 for parameter set #365: [0.30092431055520713, 0.8056106173694308, -0.9995]
Running module mass_function_like
Model N: 2862069.4681562367
Done mass_function_like status = 0 

Pipeline ran okay.
Likelihood mass_function_like_m_n = -5029.066708244383
Posterior = -5022.387850713479 for parameter set #365: [0.2997011129291982, 0.8013830331425653, -0.9995]
Running module mass_function_like
Model N: 2816528.0291535514
Done mass_function_like status = 0 

Pipeline ran okay.
Likelihood mass_function_like_m_n = -8141.201969921589
Posterior = -8134.524128705801 for parameter set #365: [0.3005409219023346, 0.7959345830500346, -0.9995]
Running module mass_function_like
Model N: 2843090.2558320723
Done mass_function_like status = 0 

Pipeline ran okay.
Likelihood mass_function_like_m_n = -6231.276012003422
Posterior = -6224.599272241333 for parameter set #366: [0.2992838385347938, 0.7998959561301984, -0.9995]
Running module mass_function_like
Model N: 2770467.842250055
Done mass_function_like status = 0 

Pipeline ran okay.
Likelihood mass_function_like_m_n = -12095.63372322917
Posterior = -12088.957335334595 for parameter set #366: [0.29923628490461884, 0.7926432128470992, -0.9995]
Running module mass_function_like
Model N: 2859466.838763228
Done mass_function_like status = 0 

Pipeline ran okay.
Likelihood mass_function_like_m_n = -5185.995013140142
Posterior = -5179.319141403452 for parameter set #366: [0.30082854832328837, 0.7999529829531706, -0.9995]
Running module mass_function_like
Model N: 2872362.4419730944
Done mass_function_like status = 0 

Pipeline ran okay.
Likelihood mass_function_like_m_n = -4432.972498208284
Posterior = -4426.2978276018775 for parameter set #366: [0.30096266213219486, 0.8011128546162163, -0.9995]
Running module mass_function_like
Model N: 3040400.754900704
Done mass_function_like status = 0 

Pipeline ran okay.
Likelihood mass_function_like_m_n = -16.771204560995102
Posterior = -10.100612820590083 for parameter set #367: [0.3013200346893306, 0.8177475819161274, -0.9995]
Running module mass_function_like
Model N: 2869708.78747092
Done mass_function_like status = 0 

Pipeline ran okay.
Likelihood mass_function_like_m_n = -4582.915151253343
Posterior = -4576.259438014643 for parameter set #367: [0.3021721399407251, 0.7996192560527979, -0.9995]
Running module mass_function_like
Model N: 2875607.0090227686
Done mass_function_like status = 0 

Pipeline ran okay.
Likelihood mass_function_like_m_n = -4253.158182308078
Posterior = -4246.479093334842 for parameter set #367: [0.3002074729257869, 0.8022102738733322, -0.9995]
Running module mass_function_like
Model N: 2871717.868895052
Done mass_function_like status = 0 

Pipeline ran okay.
Likelihood mass_function_like_m_n = -4469.155357293785
Posterior = -4462.493028656008 for parameter set #367: [0.30184258299864075, 0.8001540119128103, -0.9995]
Running module mass_function_like
Model N: 2852457.9682143703
Done mass_function_like status = 0 

Pipeline ran okay.
Likelihood mass_function_like_m_n = -5621.110538467765
Posterior = -5614.4317477467375 for parameter set #368: [0.3003204613182631, 0.799764589870433, -0.9995]
Running module mass_function_like
Model N: 2939024.4580120086
Done mass_function_like status = 0 

Pipeline ran okay.
Likelihood mass_function_like_m_n = -1503.283011175692
Posterior = -1496.6062962533804 for parameter set #368: [0.29928037843300487, 0.8096062194902204, -0.9995]
Running module mass_function_like
Model N: 2846225.0949742403
Done mass_function_like status = 0 

Pipeline ran okay.
Likelihood mass_function_like_m_n = -6023.433060750365
Posterior = -6016.754160211196 for parameter set #368: [0.3002841334690023, 0.7991747002809484, -0.9995]
Running module mass_function_like
Model N: 2889569.7357406644
Done mass_function_like status = 0 

Pipeline ran okay.
Likelihood mass_function_like_m_n = -3523.2990209832788
Posterior = -3516.658362940344 for parameter set #368: [0.30278014946991955, 0.8009931303788451, -0.9995]
Running module mass_function_like
Model N: 2870135.0847662142
Done mass_function_like status = 0 

Pipeline ran okay.
Likelihood mass_function_like_m_n = -4558.6528176143765
Posterior = -4551.97777871778 for parameter set #369: [0.3009236126583431, 0.8009285782521746, -0.9995]
Running module mass_function_like
Model N: 2858383.1808243645
Done mass_function_like status = 0 

Pipeline ran okay.
Likelihood mass_function_like_m_n = -5252.07601159066
Posterior = -5245.399226208213 for parameter set #369: [0.3007097627580531, 0.799964969960323, -0.9995]
Running module mass_function_like
Model N: 2854928.002515817
Done mass_function_like status = 0 

Pipeline ran okay.
Likelihood mass_function_like_m_n = -5465.683999724686
Posterior = -5459.007194082498 for parameter set #369: [0.3007069025564927, 0.7996206365115603, -0.9995]
Running module mass_function_like
Model N: 2781611.239010796
Done mass_function_like status = 0 

Pipeline ran okay.
Likelihood mass_function_like_m_n = -11063.095777668059
Posterior = -11056.44966433348 for parameter set #369: [0.29742353483498174, 0.79558500404916, -0.9995]
Running module mass_function_like
Model N: 2894825.40681981
Done mass_function_like status = 0 

Pipeline ran okay.
Likelihood mass_function_like_m_n = -3266.958521671593
Posterior = -3260.2890037376396 for parameter set #370: [0.30139901853860246, 0.8029265392094906, -0.9995]
Running module mass_function_like
Model N: 2906383.175968141
Done mass_function_like status = 0 

Pipeline ran okay.
Likelihood mass_function_like_m_n = -2738.3576355353
Posterior = -2731.688420483479 for parameter set #370: [0.3014205031847592, 0.8040676274147119, -0.9995]
Running module mass_function_like
Model N: 2881333.459906562
Done mass_function_like status = 0 

Pipeline ran okay.
Likelihood mass_function_like_m_n = -3945.214249357581
Posterior = -3938.5449004407446 for parameter set #370: [0.3014110479420313, 0.8015578405714177, -0.9995]
Running module mass_function_like
Model N: 2862521.4377922113
Done mass_function_like status = 0 

Pipeline ran okay.
Likelihood mass_function_like_m_n = -5002.0704599022865
Posterior = -4995.392997534092 for parameter set #370: [0.30060693164610264, 0.8004853155957402, -0.9995]
Running module mass_function_like
Model N: 2879768.771098589
Done mass_function_like status = 0 

Pipeline ran okay.
Likelihood mass_function_like_m_n = -4028.1648911833763
Posterior = -4021.5375028808626 for parameter set #371: [0.3032222940833084, 0.7995652438708957, -0.9995]
Running module mass_function_like
Model N: 2856042.565875868
Done mass_function_like status = 0 

Pipeline ran okay.
Likelihood mass_function_like_m_n = -5396.2939233109355
Posterior = -5389.619213250609 for parameter set #371: [0.300958554952427, 0.7994772416157754, -0.9995]
Running module mass_function_like
Model N: 2923032.5586633054
Done mass_function_like status = 0 

Pipeline ran okay.
Likelihood mass_function_like_m_n = -2061.111789301038
Posterior = -2054.4477534860534 for parameter set #371: [0.30174747722879774, 0.8054085209613066, -0.9995]
Running module mass_function_like
Model N: 2881156.620089544
Done mass_function_like status = 0 

Pipeline ran okay.
Likelihood mass_function_like_m_n = -3954.544408492744
Posterior = -3947.891400144009 for parameter set #371: [0.30229328801397065, 0.8006435762661804, -0.9995]
Running module mass_function_like
Model N: 2868140.7992158015
Done mass_function_like status = 0 

Pipeline ran okay.
Likelihood mass_function_like_m_n = -4672.73185223341
Posterior = -4666.053842234499 for parameter set #372: [0.30050876308805713, 0.8011506199995083, -0.9995]
Running module mass_function_like
Model N: 2883009.2370437575
Done mass_function_like status = 0 

Pipeline ran okay.
Likelihood mass_function_like_m_n = -3857.366340175271
Posterior = -3850.771457711835 for parameter set #372: [0.304109056701338, 0.7989959478471879, -0.9995]
Running module mass_function_like
Model N: 2869292.6758863693
Done mass_function_like status = 0 

Pipeline ran okay.
Likelihood mass_function_like_m_n = -4606.662330053747
Posterior = -4599.996074556266 for parameter set #372: [0.3016154690235063, 0.8001412692458012, -0.9995]
Running module mass_function_like
Model N: 2926211.894587161
Done mass_function_like status = 0 

Pipeline ran okay.
Likelihood mass_function_like_m_n = -1943.0110303387046
Posterior = -1937.1319527270068 for parameter set #372: [0.3126509018383075, 0.794813351333627, -0.9995]
Running module mass_function_like
Model N: 2885780.769573073
Done mass_function_like status = 0 

Pipeline ran okay.
Likelihood mass_function_like_m_n = -3714.3250442668796
Posterior = -3707.6536114493883 for parameter set #373: [0.2987452983766042, 0.8047620567822747, -0.9995]
Running module mass_function_like
Model N: 2866270.859398414
Done mass_function_like status = 0 

Pipeline ran okay.
Likelihood mass_function_like_m_n = -4781.030103258789
Posterior = -4774.35180596884 for parameter set #373: [0.30044875569351875, 0.8010237059246926, -0.9995]
Running module mass_function_like
Model N: 2864865.466678558
Done mass_function_like status = 0 

Pipeline ran okay.
Likelihood mass_function_like_m_n = -4863.273611091077
Posterior = -4856.600638609116 for parameter set #373: [0.301125319185747, 0.8001941305584966, -0.9995]
Running module mass_function_like
Model N: 2831241.726006958
Done mass_function_like status = 0 

Pipeline ran okay.
Likelihood mass_function_like_m_n = -7050.223442338407
Posterior = -7043.547214842834 for parameter set #373: [0.29921556354779427, 0.7987715638940708, -0.9995]
Running module mass_function_like
Model N: 2868443.8679950596
Done mass_function_like status = 0 

Pipeline ran okay.
Likelihood mass_function_like_m_n = -4655.300974428654
Posterior = -4648.630437947186 for parameter set #374: [0.30132421424566014, 0.8003513991472174, -0.9995]
Running module mass_function_like
Model N: 2890227.905347738
Done mass_function_like status = 0 

Pipeline ran okay.
Likelihood mass_function_like_m_n = -3490.6485221907496
Posterior = -3483.976111278541 for parameter set #374: [0.3011741623483448, 0.8026938651140608, -0.9995]
Running module mass_function_like
Model N: 2856770.1995878927
Done mass_function_like status = 0 

Pipeline ran okay.
Likelihood mass_function_like_m_n = -5351.242422819138
Posterior = -5344.563351313914 for parameter set #374: [0.3002157281096493, 0.8003048019765839, -0.9995]
Running module mass_function_like
Model N: 2866725.6853782665
Done mass_function_like status = 0 

Pipeline ran okay.
Likelihood mass_function_like_m_n = -4754.569935940206
Posterior = -4747.893429855796 for parameter set #374: [0.3007480793942683, 0.8007645780772112, -0.9995]
Running module mass_function_like
Model N: 2896058.7114501745
Done mass_function_like status = 0 

Pipeline ran okay.
Likelihood mass_function_like_m_n = -3208.2549486011267
Posterior = -3201.6135762736926 for parameter set #375: [0.3027543373386812, 0.8016694240422324, -0.9995]
Running module mass_function_like
Model N: 3031158.243776291
Done mass_function_like status = 0 

Pipeline ran okay.
Likelihood mass_function_like_m_n = -9.110699862241745
Posterior = -2.441380488175801 for parameter set #375: [0.3014131400669611, 0.8167071255436739, -0.9995]
Running module mass_function_like
Model N: 2883168.454129349
Done mass_function_like status = 0 

Pipeline ran okay.
Likelihood mass_function_like_m_n = -3849.0731608122587
Posterior = -3842.4389931322594 for parameter set #375: [0.30300454716424635, 0.800125086098901, -0.9995]
Running module mass_function_like
Model N: 2872389.4925363176
Done mass_function_like status = 0 

Pipeline ran okay.
Likelihood mass_function_like_m_n = -4431.457365512848
Posterior = -4424.789968452655 for parameter set #375: [0.30154318748810033, 0.800525318310309, -0.9995]
Running module mass_function_like
Model N: 2882700.9186423197
Done mass_function_like status = 0 

Pipeline ran okay.
Likelihood mass_function_like_m_n = -3873.4520999863744
Posterior = -3866.7762811438315 for parameter set #376: [0.30083490787123235, 0.802283285625792, -0.9995]
Running module mass_function_like
Model N: 2860588.919801073
Done mass_function_like status = 0 

Pipeline ran okay.
Likelihood mass_function_like_m_n = -5118.030066020787
Posterior = -5111.360868308785 for parameter set #376: [0.30142172334216794, 0.7994641385656092, -0.9995]
Running module mass_function_like
Model N: 2891897.05577679
Done mass_function_like status = 0 

Pipeline ran okay.
Likelihood mass_function_like_m_n = -3408.550379395485
Posterior = -3402.0199088217573 for parameter set #376: [0.30545588901248466, 0.7985302732179463, -0.9995]
Running module mass_function_like
Model N: 2861880.0278263106
Done mass_function_like status = 0 

Pipeline ran okay.
Likelihood mass_function_like_m_n = -5040.404517680407
Posterior = -5033.730303864789 for parameter set #376: [0.30100899778914814, 0.8000122060484843, -0.9995]
Running module mass_function_like
Model N: 2874560.1395279295
Done mass_function_like status = 0 

Pipeline ran okay.
Likelihood mass_function_like_m_n = -4310.753432177007
Posterior = -4304.076295576559 for parameter set #377: [0.3006584220320754, 0.8016439353214145, -0.9995]
Running module mass_function_like
Model N: 2861130.6357758064
Done mass_function_like status = 0 

Pipeline ran okay.
Likelihood mass_function_like_m_n = -5085.385159149766
Posterior = -5078.706575081481 for parameter set #377: [0.30037950758228305, 0.8005770125725901, -0.9995]
Running module mass_function_like
Model N: 2885595.226198589
Done mass_function_like status = 0 

Pipeline ran okay.
Likelihood mass_function_like_m_n = -3723.8136629387736
Posterior = -3717.1350882374045 for parameter set #377: [0.30038196778421855, 0.8030381729580544, -0.9995]
Running module mass_function_like
Model N: 2862853.56325179
Done mass_function_like status = 0 

Pipeline ran okay.
Likelihood mass_function_like_m_n = -4982.280733279884
Posterior = -4975.603975245578 for parameter set #377: [0.30071360549388376, 0.8004103964764417, -0.9995]
Running module mass_function_like
Model N: 2854355.388078376
Done mass_function_like status = 0 

Pipeline ran okay.
Likelihood mass_function_like_m_n = -5501.513364464045
Posterior = -5494.834062580252 for parameter set #378: [0.3000215151940859, 0.8002596720464751, -0.9995]
Running module mass_function_like
Model N: 2859185.917129541
Done mass_function_like status = 0 

Pipeline ran okay.
Likelihood mass_function_like_m_n = -5203.083653047681
Posterior = -5196.404465258822 for parameter set #378: [0.3001525840434453, 0.8006123933541214, -0.9995]
Running module mass_function_like
Model N: 2857275.828103749
Done mass_function_like status = 0 

Pipeline ran okay.
Likelihood mass_function_like_m_n = -5320.0522801578045
Posterior = -5313.385237690499 for parameter set #378: [0.30156599687126906, 0.7989862025226294, -0.9995]
Running module mass_function_like
Model N: 2894019.5410119644
Done mass_function_like status = 0 

Pipeline ran okay.
Likelihood mass_function_like_m_n = -3305.613983258605
Posterior = -3298.9347132139897 for parameter set #378: [0.29991735171509526, 0.8043658725886021, -0.9995]
Running module mass_function_like
Model N: 2905914.8942765235
Done mass_function_like status = 0 

Pipeline ran okay.
Likelihood mass_function_like_m_n = -2758.8397953659296
Posterior = -2752.240114619796 for parameter set #379: [0.30399057520105116, 0.8014024595787608, -0.9995]
Running module mass_function_like
Model N: 2882315.2168293153
Done mass_function_like status = 0 

Pipeline ran okay.
Likelihood mass_function_like_m_n = -3893.62400572747
Posterior = -3887.2938019690027 for parameter set #379: [0.30835584154760026, 0.7947033733835444, -0.9995]
Running module mass_function_like
Model N: 2840588.027346467
Done mass_function_like status = 0 

Pipeline ran okay.
Likelihood mass_function_like_m_n = -6399.822398126125
Posterior = -6393.154742816033 for parameter set #379: [0.29847363908474006, 0.8004703475472107, -0.9995]
Running module mass_function_like
Model N: 2860746.1186161973
Done mass_function_like status = 0 

Pipeline ran okay.
Likelihood mass_function_like_m_n = -5108.545744404197
Posterior = -5101.868471801636 for parameter set #379: [0.300637431682541, 0.8002757584112786, -0.9995]
Running module mass_function_like
Model N: 2859869.9790095654
Done mass_function_like status = 0 

Pipeline ran okay.
Likelihood mass_function_like_m_n = -5161.522888414562
Posterior = -5154.84480320236 for parameter set #380: [0.30049375826236, 0.8003338177864626, -0.9995]
Running module mass_function_like
Model N: 2984885.082030665
Done mass_function_like status = 0 

Pipeline ran okay.
Likelihood mass_function_like_m_n = -398.2940506339073
Posterior = -391.6365654492151 for parameter set #380: [0.30208897169047244, 0.8112986050169435, -0.9995]
Running module mass_function_like
Model N: 3003130.3165142206
Done mass_function_like status = 0 

Pipeline ran okay.
Likelihood mass_function_like_m_n = -159.03048991411924
Posterior = -152.7113850335232 for parameter set #380: [0.30848763003098206, 0.8065357734563923, -0.9995]
Running module mass_function_like
Model N: 2897373.7750768596
Done mass_function_like status = 0 

Pipeline ran okay.
Likelihood mass_function_like_m_n = -3146.265752412379
Posterior = -3139.5883655816406 for parameter set #380: [0.30061925238344384, 0.8039822619005976, -0.9995]
Running module mass_function_like
Model N: 2891549.5665861447
Done mass_function_like status = 0 

Pipeline ran okay.
Likelihood mass_function_like_m_n = -3425.558513611555
Posterior = -3418.8792803677197 for parameter set #381: [0.30011912554296716, 0.8039088156327533, -0.9995]
Running module mass_function_like
Model N: 2867374.4607649855
Done mass_function_like status = 0 

Pipeline ran okay.
Likelihood mass_function_like_m_n = -4716.958605811
Posterior = -4710.329272909512 for parameter set #381: [0.3031613698556763, 0.7983881831213, -0.9995]
Running module mass_function_like
Model N: 2885861.2649876047
Done mass_function_like status = 0 

Pipeline ran okay.
Likelihood mass_function_like_m_n = -3710.212439060211
Posterior = -3703.539104889639 for parameter set #381: [0.30109270560883084, 0.8023376494181964, -0.9995]
Running module mass_function_like
Model N: 2846108.753858385
Done mass_function_like status = 0 

Pipeline ran okay.
Likelihood mass_function_like_m_n = -6031.080796860158
Posterior = -6024.401784869721 for parameter set #381: [0.3002417469226305, 0.7992060433765475, -0.9995]
Running module mass_function_like
Model N: 2857975.5113012185
Done mass_function_like status = 0 

Pipeline ran okay.
Likelihood mass_function_like_m_n = -5277.048362113535
Posterior = -5270.369584969699 for parameter set #382: [0.30032467044021016, 0.8003154357300017, -0.9995]
Running module mass_function_like
Model N: 2884403.150436758
Done mass_function_like status = 0 

Pipeline ran okay.
Likelihood mass_function_like_m_n = -3785.075158007443
Posterior = -3778.4604019745398 for parameter set #382: [0.30359299778477966, 0.799654475558537, -0.9995]
Running module mass_function_like
Model N: 2864291.6846325602
Done mass_function_like status = 0 

Pipeline ran okay.
Likelihood mass_function_like_m_n = -4897.06111240387
Posterior = -4890.453692641253 for parameter set #382: [0.3037916865823344, 0.7974479737587001, -0.9995]
Running module mass_function_like
Model N: 2882670.7667078436
Done mass_function_like status = 0 

Pipeline ran okay.
Likelihood mass_function_like_m_n = -3875.0270660221577
Posterior = -3868.373276343851 for parameter set #382: [0.3022589608231847, 0.8008300837243154, -0.9995]
Running module mass_function_like
Model N: 2884740.544383918
Done mass_function_like status = 0 

Pipeline ran okay.
Likelihood mass_function_like_m_n = -3767.6837308183312
Posterior = -3761.1433291050453 for parameter set #383: [0.3052707207291629, 0.7980037774456749, -0.9995]
Running module mass_function_like
Model N: 2822857.0582521297
Done mass_function_like status = 0 

Pipeline ran okay.
Likelihood mass_function_like_m_n = -7661.827352464199
Posterior = -7655.149106536527 for parameter set #383: [0.29953994116937316, 0.7975987471785976, -0.9995]
Running module mass_function_like
Model N: 2853995.8535353513
Done mass_function_like status = 0 

Pipeline ran okay.
Likelihood mass_function_like_m_n = -5524.0723762363195
Posterior = -5517.393092680074 for parameter set #383: [0.29993574727321376, 0.8003108579146023, -0.9995]
Running module mass_function_like
Model N: 2864861.038000097
Done mass_function_like status = 0 

Pipeline ran okay.
Likelihood mass_function_like_m_n = -4863.533930495381
Posterior = -4856.859136343297 for parameter set #383: [0.299050258327155, 0.8023318029113872, -0.9995]
Running module mass_function_like
Model N: 2923543.4058153825
Done mass_function_like status = 0 

Pipeline ran okay.
Likelihood mass_function_like_m_n = -2041.893906146288
Posterior = -2035.2156867213919 for parameter set #384: [0.30046578394435086, 0.8067829642327944, -0.9995]
Running module mass_function_like
Model N: 2851560.226476107
Done mass_function_like status = 0 

Pipeline ran okay.
Likelihood mass_function_like_m_n = -5678.16415053606
Posterior = -5671.48611119061 for parameter set #384: [0.2994970382001663, 0.8005321702421732, -0.9995]
Running module mass_function_like
Model N: 2925233.7636108887
Done mass_function_like status = 0 

Pipeline ran okay.
Likelihood mass_function_like_m_n = -1978.963323108852
Posterior = -1972.3141579165008 for parameter set #384: [0.3024551580787812, 0.8049033463235067, -0.9995]
Running module mass_function_like
Model N: 2841651.459480161
Done mass_function_like status = 0 

Pipeline ran okay.
Likelihood mass_function_like_m_n = -6327.903843969107
Posterior = -6321.226705267664 for parameter set #384: [0.2993418971405266, 0.799691761821975, -0.9995]
Running module mass_function_like
Model N: 2856901.6034554276
Done mass_function_like status = 0 

Pipeline ran okay.
Likelihood mass_function_like_m_n = -5343.12752187252
Posterior = -5336.448217977722 for parameter set #385: [0.29999220882462513, 0.8005458122803182, -0.9995]
Running module mass_function_like
Model N: 2851102.1883433554
Done mass_function_like status = 0 

Pipeline ran okay.
Likelihood mass_function_like_m_n = -5707.389371812344
Posterior = -5700.720438264797 for parameter set #385: [0.29855981593096426, 0.8014444410954009, -0.9995]
Running module mass_function_like
Model N: 2895877.525486326
Done mass_function_like status = 0 

Pipeline ran okay.
Likelihood mass_function_like_m_n = -3216.84466445446
Posterior = -3210.390219155817 for parameter set #385: [0.3067061002030542, 0.7976768807883106, -0.9995]
Running module mass_function_like
Model N: 2878780.242122965
Done mass_function_like status = 0 

Pipeline ran okay.
Likelihood mass_function_like_m_n = -4081.0324241891503
Posterior = -4074.39915824987 for parameter set #385: [0.3030344112783192, 0.7996558610200567, -0.9995]
Running module mass_function_like
Model N: 2880971.4562163022
Done mass_function_like status = 0 

Pipeline ran okay.
Likelihood mass_function_like_m_n = -3964.325995706022
Posterior = -3957.6473529909163 for parameter set #386: [0.2996362739479989, 0.8033567973588814, -0.9995]
Running module mass_function_like
Model N: 2894929.118671382
Done mass_function_like status = 0 

Pipeline ran okay.
Likelihood mass_function_like_m_n = -3262.0007869005203
Posterior = -3255.4387480646246 for parameter set #386: [0.3048428372348105, 0.7994467129405309, -0.9995]
Running module mass_function_like
Model N: 2860148.567143572
Done mass_function_like status = 0 

Pipeline ran okay.
Likelihood mass_function_like_m_n = -5144.6467627212405
Posterior = -5137.970505999766 for parameter set #386: [0.30078070184264605, 0.8000701106792013, -0.9995]
Running module mass_function_like
Model N: 2846556.8579032235
Done mass_function_like status = 0 

Pipeline ran okay.
Likelihood mass_function_like_m_n = -6001.6523046940565
Posterior = -5994.973141562255 for parameter set #386: [0.29983203184359974, 0.799667368270788, -0.9995]
Running module mass_function_like
Model N: 2867940.809427626
Done mass_function_like status = 0 

Pipeline ran okay.
Likelihood mass_function_like_m_n = -4684.252731621265
Posterior = -4677.575176360754 for parameter set #387: [0.30059142840623576, 0.801046238394359, -0.9995]
Running module mass_function_like
Model N: 2893553.4120298247
Done mass_function_like status = 0 

Pipeline ran okay.
Likelihood mass_function_like_m_n = -3328.0804372504354
Posterior = -3321.4032791352934 for parameter set #387: [0.3006551462688606, 0.8035601605330638, -0.9995]
Running module mass_function_like
Model N: 3104464.0944862813
Done mass_function_like status = 0 

Pipeline ran okay.
Likelihood mass_function_like_m_n = -831.2436336427927
Posterior = -830.7415237539849 for parameter set #387: [0.3351488102487193, 0.7906319703805486, -0.9995]
Running module mass_function_like
Model N: 2870901.636617038
Done mass_function_like status = 0 

Pipeline ran okay.
Likelihood mass_function_like_m_n = -4515.193529248238
Posterior = -4508.522317187991 for parameter set #387: [0.3012721743640792, 0.8006511323864423, -0.9995]
Running module mass_function_like
Model N: 2857271.488366941
Done mass_function_like status = 0 

Pipeline ran okay.
Likelihood mass_function_like_m_n = -5320.319576479495
Posterior = -5313.64038299951 for parameter set #388: [0.3001488074766515, 0.800423318598394, -0.9995]
Running module mass_function_like
Model N: 2906591.283721937
Done mass_function_like status = 0 

Pipeline ran okay.
Likelihood mass_function_like_m_n = -2729.2804909572005
Posterior = -2722.608183322537 for parameter set #388: [0.301182925496108, 0.8043325522900141, -0.9995]
Running module mass_function_like
Model N: 2867563.790856159
Done mass_function_like status = 0 

Pipeline ran okay.
Likelihood mass_function_like_m_n = -4706.011882588267
Posterior = -4699.363160182502 for parameter set #388: [0.30247312727311015, 0.7991003444522269, -0.9995]
Running module mass_function_like
Model N: 2863642.687606327
Done mass_function_like status = 0 

Pipeline ran okay.
Likelihood mass_function_like_m_n = -4935.424397684634
Posterior = -4928.747638417515 for parameter set #388: [0.3007134327146656, 0.8004898659885451, -0.9995]
Running module mass_function_like
Model N: 2892470.3084812635
Done mass_function_like status = 0 

Pipeline ran okay.
Likelihood mass_function_like_m_n = -3380.5877848267555
Posterior = -3373.932545405041 for parameter set #389: [0.29780615512875597, 0.8064147960162299, -0.9995]
Running module mass_function_like
Model N: 2864054.660798484
Done mass_function_like status = 0 

Pipeline ran okay.
Likelihood mass_function_like_m_n = -4911.053927473724
Posterior = -4904.375437844481 for parameter set #389: [0.3004036258335095, 0.8008467374360196, -0.9995]
Running module mass_function_like
Model N: 2875234.690132058
Done mass_function_like status = 0 

Pipeline ran okay.
Likelihood mass_function_like_m_n = -4273.595841474831
Posterior = -4266.916855635569 for parameter set #389: [0.30025233273594, 0.8021268524817269, -0.9995]
Running module mass_function_like
Model N: 2913696.582048813
Done mass_function_like status = 0 

Pipeline ran okay.
Likelihood mass_function_like_m_n = -2428.678796455264
Posterior = -2422.015145298023 for parameter set #389: [0.2982306475156639, 0.8081298793330138, -0.9995]
Running module mass_function_like
Model N: 2869968.3129619122
Done mass_function_like status = 0 

Pipeline ran okay.
Likelihood mass_function_like_m_n = -4568.136517778039
Posterior = -4561.469916284116 for parameter set #390: [0.298406092575605, 0.803510841219226, -0.9995]
Running module mass_function_like
Model N: 2873843.1946657132
Done mass_function_like status = 0 

Pipeline ran okay.
Likelihood mass_function_like_m_n = -4350.42941737175
Posterior = -4343.750762545059 for parameter set #390: [0.30036038080384886, 0.8018762271009455, -0.9995]
Running module mass_function_like
Model N: 2885498.7751922095
Done mass_function_like status = 0 

Pipeline ran okay.
Likelihood mass_function_like_m_n = -3728.7510851696134
Posterior = -3722.0719739240926 for parameter set #390: [0.29980355520393626, 0.8036224449693323, -0.9995]
Running module mass_function_like
Model N: 2942916.771652622
Done mass_function_like status = 0 

Pipeline ran okay.
Likelihood mass_function_like_m_n = -1381.1380136683583
Posterior = -1374.5379024113186 for parameter set #390: [0.3039797723872236, 0.8051175315757514, -0.9995]
Running module mass_function_like
Model N: 2876137.8276840295
Done mass_function_like status = 0 

Pipeline ran okay.
Likelihood mass_function_like_m_n = -4224.10793646425
Posterior = -4217.460912181266 for parameter set #391: [0.30254086266163216, 0.7998903125881477, -0.9995]
Running module mass_function_like
Model N: 2920867.6368394657
Done mass_function_like status = 0 

Pipeline ran okay.
Likelihood mass_function_like_m_n = -2143.584006085992
Posterior = -2136.905213154869 for parameter set #391: [0.2996802290859298, 0.8073469233081215, -0.9995]
Running module mass_function_like
Model N: 2880800.9221718134
Done mass_function_like status = 0 

Pipeline ran okay.
Likelihood mass_function_like_m_n = -3973.345821969211
Posterior = -3966.741294786609 for parameter set #391: [0.3038672216307948, 0.7990187206225735, -0.9995]
Running module mass_function_like
Model N: 2858264.6873966474
Done mass_function_like status = 0 

Pipeline ran okay.
Likelihood mass_function_like_m_n = -5259.32812615484
Posterior = -5252.651090949415 for parameter set #391: [0.3006736457356428, 0.7999894586428989, -0.9995]
Running module mass_function_like
Model N: 2884683.9065128895
Done mass_function_like status = 0 

Pipeline ran okay.
Likelihood mass_function_like_m_n = -3770.600308164954
Posterior = -3763.963681951001 for parameter set #392: [0.3029215743823198, 0.8003606498841864, -0.9995]
Running module mass_function_like
Model N: 2866080.627543476
Done mass_function_like status = 0 

Pipeline ran okay.
Likelihood mass_function_like_m_n = -4792.119771629572
Posterior = -4785.474818554201 for parameter set #392: [0.30262111132687936, 0.7988026917776163, -0.9995]
Running module mass_function_like
Model N: 2911490.910060187
Done mass_function_like status = 0 

Pipeline ran okay.
Likelihood mass_function_like_m_n = -2520.058757044375
Posterior = -2513.4631453731954 for parameter set #392: [0.30409127185923196, 0.8018579409425725, -0.9995]
Running module mass_function_like
Model N: 2931981.5123475273
Done mass_function_like status = 0 

Pipeline ran okay.
Likelihood mass_function_like_m_n = -1737.8304253146052
Posterior = -1732.1043681162516 for parameter set #392: [0.3138075848717765, 0.794255018720213, -0.9995]
Running module mass_function_like
Model N: 2852274.355271312
Done mass_function_like status = 0 

Pipeline ran okay.
Likelihood mass_function_like_m_n = -5632.755128234625
Posterior = -5626.075858159332 for parameter set #393: [0.30008261115841656, 0.7999880111734398, -0.9995]
Running module mass_function_like
Model N: 2865045.5611115904
Done mass_function_like status = 0 

Pipeline ran okay.
Likelihood mass_function_like_m_n = -4852.693732582033
Posterior = -4846.01449618048 for parameter set #393: [0.3001164446281889, 0.8012392381398483, -0.9995]
Running module mass_function_like
Model N: 2867562.8220901955
Done mass_function_like status = 0 

Pipeline ran okay.
Likelihood mass_function_like_m_n = -4706.067861229181
Posterior = -4699.391148527057 for parameter set #393: [0.2992800699775569, 0.80236865691661, -0.9995]
Running module mass_function_like
Model N: 2859271.8640957344
Done mass_function_like status = 0 

Pipeline ran okay.
Likelihood mass_function_like_m_n = -5197.852336347103
Posterior = -5191.1736550331625 for parameter set #393: [0.30035295449260274, 0.8004170325279085, -0.9995]
Running module mass_function_like
Model N: 2888769.2744129645
Done mass_function_like status = 0 

Pipeline ran okay.
Likelihood mass_function_like_m_n = -3563.2204186990857
Posterior = -3556.543165312157 for parameter set #394: [0.30064043912770394, 0.8030931422894838, -0.9995]
Running module mass_function_like
Model N: 2848384.209761314
Done mass_function_like status = 0 

Pipeline ran okay.
Likelihood mass_function_like_m_n = -5882.422012478113
Posterior = -5875.7446370991565 for parameter set #394: [0.3006210989218967, 0.7990500429689013, -0.9995]
Running module mass_function_like
Model N: 2895205.026141255
Done mass_function_like status = 0 

Pipeline ran okay.
Likelihood mass_function_like_m_n = -3248.8305436596274
Posterior = -3242.1597133116343 for parameter set #394: [0.29869816665297155, 0.8057659317714994, -0.9995]
Running module mass_function_like
Model N: 2862724.42921055
Done mass_function_like status = 0 

Pipeline ran okay.
Likelihood mass_function_like_m_n = -4989.970346055925
Posterior = -4983.293986988257 for parameter set #394: [0.3007674803765731, 0.80034254161701, -0.9995]
Running module mass_function_like
Model N: 2870907.872507874
Done mass_function_like status = 0 

Pipeline ran okay.
Likelihood mass_function_like_m_n = -4514.840875327587
Posterior = -4508.16294196248 for parameter set #395: [0.3005236092441581, 0.801413897825467, -0.9995]
Running module mass_function_like
Model N: 2887110.5308011114
Done mass_function_like status = 0 

Pipeline ran okay.
Likelihood mass_function_like_m_n = -3646.688423022628
Posterior = -3640.0282559634798 for parameter set #395: [0.30195638131058816, 0.8015830516463498, -0.9995]
Running module mass_function_like
Model N: 2857781.815522049
Done mass_function_like status = 0 

Pipeline ran okay.
Likelihood mass_function_like_m_n = -5288.935087397695
Posterior = -5282.268489824251 for parameter set #395: [0.3015941533719966, 0.7990084936975715, -0.9995]
Running module mass_function_like
Model N: 2853457.5179485884
Done mass_function_like status = 0 

Pipeline ran okay.
Likelihood mass_function_like_m_n = -5557.940271064639
Posterior = -5551.261232468863 for parameter set #395: [0.30023047886442394, 0.7999564664808253, -0.9995]
Running module mass_function_like
Model N: 2863343.732963695
Done mass_function_like status = 0 

Pipeline ran okay.
Likelihood mass_function_like_m_n = -4953.148508064449
Posterior = -4946.469438791937 for parameter set #396: [0.30021676060468405, 0.8009654299776563, -0.9995]
Running module mass_function_like
Model N: 3090627.6750947847
Done mass_function_like status = 0 

Pipeline ran okay.
Likelihood mass_function_like_m_n = -544.1121837645769
Posterior = -537.5480828182737 for parameter set #396: [0.3048000677496663, 0.8191542837658528, -0.9995]
Running module mass_function_like
Model N: 2847671.5097717834
Done mass_function_like status = 0 

Pipeline ran okay.
Likelihood mass_function_like_m_n = -5928.775375194848
Posterior = -5922.101104449448 for parameter set #396: [0.2989966602857999, 0.8006509793827232, -0.9995]
Running module mass_function_like
Model N: 2900746.505383036
Done mass_function_like status = 0 

Pipeline ran okay.
Likelihood mass_function_like_m_n = -2990.1377526968718
Posterior = -2983.458787587041 for parameter set #396: [0.2997395816905582, 0.8052489642664645, -0.9995]
Running module mass_function_like
Model N: 2867590.118603305
Done mass_function_like status = 0 

Pipeline ran okay.
Likelihood mass_function_like_m_n = -4704.490707144141
Posterior = -4697.831693282399 for parameter set #397: [0.29798553547718387, 0.8037039149733283, -0.9995]
Running module mass_function_like
Model N: 2878440.619346285
Done mass_function_like status = 0 

Pipeline ran okay.
Likelihood mass_function_like_m_n = -4099.278330750763
Posterior = -4092.6478703267358 for parameter set #397: [0.3031255007369218, 0.7995301359422603, -0.9995]
Running module mass_function_like
Model N: 2880935.991957448
Done mass_function_like status = 0 

Pipeline ran okay.
Likelihood mass_function_like_m_n = -3966.2008833885193
Posterior = -3959.542707506851 for parameter set #397: [0.3020556418288079, 0.8008626010469788, -0.9995]
Running module mass_function_like
Model N: 2891934.0858291923
Done mass_function_like status = 0 

Pipeline ran okay.
Likelihood mass_function_like_m_n = -3406.7404964491725
Posterior = -3400.077434317406 for parameter set #397: [0.30180233551503993, 0.8022241166622331, -0.9995]
Running module mass_function_like
Model N: 3141307.5647990033
Done mass_function_like status = 0 

Pipeline ran okay.
Likelihood mass_function_like_m_n = -1888.2126123160124
Posterior = -1881.546769128738 for parameter set #398: [0.3016407931640451, 0.8277364100854744, -0.9995]
Running module mass_function_like
Model N: 2842356.3891847
Done mass_function_like status = 0 

Pipeline ran okay.
Likelihood mass_function_like_m_n = -6280.464498922229
Posterior = -6273.786072229416 for parameter set #398: [0.2995810714863549, 0.7995193000765077, -0.9995]
Running module mass_function_like
Model N: 2880021.6882434823
Done mass_function_like status = 0 

Pipeline ran okay.
Likelihood mass_function_like_m_n = -4014.6960563212633
Posterior = -4008.421916806875 for parameter set #398: [0.2909981703646257, 0.8123370408128762, -0.9995]
Running module mass_function_like
Model N: 2869029.8042201945
Done mass_function_like status = 0 

Pipeline ran okay.
Likelihood mass_function_like_m_n = -4621.697099536657
Posterior = -4615.018851394067 for parameter set #398: [0.3004595771359565, 0.801290280067048, -0.9995]
Running module mass_function_like
Model N: 2916578.5039781295
Done mass_function_like status = 0 

Pipeline ran okay.
Likelihood mass_function_like_m_n = -2311.9010156542063
Posterior = -2305.222612177744 for parameter set #399: [0.2995755658241636, 0.8070211483561817, -0.9995]
Running module mass_function_like
Model N: 2868913.082513985
Done mass_function_like status = 0 

Pipeline ran okay.
Likelihood mass_function_like_m_n = -4628.38108291477
Posterior = -4621.749215039213 for parameter set #399: [0.30308014034594183, 0.7986235955115304, -0.9995]
Running module mass_function_like
Model N: 2879680.213032436
Done mass_function_like status = 0 

Pipeline ran okay.
Likelihood mass_function_like_m_n = -4032.886487402022
Posterior = -4026.2146753148536 for parameter set #399: [0.30122410057937193, 0.8015820439067152, -0.9995]
Running module mass_function_like
Model N: 2885372.6267372416
Done mass_function_like status = 0 

Pipeline ran okay.
Likelihood mass_function_like_m_n = -3735.213864132762
Posterior = -3728.5829695260413 for parameter set #399: [0.3031115781073175, 0.8002375278956072, -0.9995]
Running module mass_function_like
Model N: 2846372.049570728
Done mass_function_like status = 0 

Pipeline ran okay.
Likelihood mass_function_like_m_n = -6013.780177354813
Posterior = -6007.103586848479 for parameter set #400: [0.30073670780857137, 0.7987310398952533, -0.9995]
Running module mass_function_like
Model N: 2960318.48784024
Done mass_function_like status = 0 

Pipeline ran okay.
Likelihood mass_function_like_m_n = -899.7451543211937
Posterior = -893.0744017507121 for parameter set #400: [0.2986922058396971, 0.8123919893180701, -0.9995]
Running module mass_function_like
Model N: 2855964.1483452613
Done mass_function_like status = 0 

Pipeline ran okay.
Likelihood mass_function_like_m_n = -5401.160901717842
Posterior = -5394.481603966613 for parameter set #400: [0.30003590844447026, 0.8004069869995959, -0.9995]
Running module mass_function_like
Model N: 2837748.1023989506
Done mass_function_like status = 0 

Pipeline ran okay.
Likelihood mass_function_like_m_n = -6593.967328697443
Posterior = -6587.288750222308 for parameter set #400: [0.2996190214767541, 0.7990166084769226, -0.9995]
Running module mass_function_like
Model N: 2869971.1478176503
Done mass_function_like status = 0 

Pipeline ran okay.
Likelihood mass_function_like_m_n = -4567.975224368274
Posterior = -4561.323220915725 for parameter set #401: [0.30233669620450376, 0.7994791545372973, -0.9995]
Running module mass_function_like
Model N: 2867423.07717231
Done mass_function_like status = 0 

Pipeline ran okay.
Likelihood mass_function_like_m_n = -4714.146431282163
Posterior = -4707.470350075748 for parameter set #401: [0.30080286884299634, 0.8007789888801032, -0.9995]
Running module mass_function_like
Model N: 2904453.1783442777
Done mass_function_like status = 0 

Pipeline ran okay.
Likelihood mass_function_like_m_n = -2823.2805432006717
Posterior = -2816.6711110099195 for parameter set #401: [0.303738235079763, 0.8015117773072622, -0.9995]
Running module mass_function_like
Model N: 2847005.1018122593
Done mass_function_like status = 0 

Pipeline ran okay.
Likelihood mass_function_like_m_n = -5972.289829462767
Posterior = -5965.610539624403 for parameter set #401: [0.3000535909435298, 0.7994874484900821, -0.9995]
Running module mass_function_like
Model N: 2887840.9455937333
Done mass_function_like status = 0 

Pipeline ran okay.
Likelihood mass_function_like_m_n = -3609.810633137822
Posterior = -3603.137871690555 for parameter set #402: [0.30114391879459895, 0.8024847440880952, -0.9995]
Running module mass_function_like
Model N: 2887134.8774720584
Done mass_function_like status = 0 

Pipeline ran okay.
Likelihood mass_function_like_m_n = -3645.456060782075
Posterior = -3638.8863108763167 for parameter set #402: [0.3046809035997784, 0.7988329339098345, -0.9995]
Running module mass_function_like
Model N: 2898003.104297947
Done mass_function_like status = 0 

Pipeline ran okay.
Likelihood mass_function_like_m_n = -3116.8216685950756
Posterior = -3110.1489000597007 for parameter set #402: [0.30114329899285686, 0.8035079707361897, -0.9995]
Running module mass_function_like
Model N: 2881369.622314871
Done mass_function_like status = 0 

Pipeline ran okay.
Likelihood mass_function_like_m_n = -3943.307709388435
Posterior = -3936.655658944683 for parameter set #402: [0.3023346843280569, 0.8006230347662661, -0.9995]
Running module mass_function_like
Model N: 2885573.183342343
Done mass_function_like status = 0 

Pipeline ran okay.
Likelihood mass_function_like_m_n = -3724.9417597576976
Posterior = -3718.3149704464117 for parameter set #403: [0.30324082974018995, 0.8001269720925627, -0.9995]
Running module mass_function_like
Model N: 2866156.4319669036
Done mass_function_like status = 0 

Pipeline ran okay.
Likelihood mass_function_like_m_n = -4787.699110552669
Posterior = -4781.020678650953 for parameter set #403: [0.3004176832758592, 0.8010438590514076, -0.9995]
Running module mass_function_like
Model N: 2858192.714371408
Done mass_function_like status = 0 

Pipeline ran okay.
Likelihood mass_function_like_m_n = -5263.735612541437
Posterior = -5257.056525074004 for parameter set #403: [0.3002081974434118, 0.8004557710370845, -0.9995]
Running module mass_function_like
Model N: 2819023.3077391163
Done mass_function_like status = 0 

Pipeline ran okay.
Likelihood mass_function_like_m_n = -7950.378962263465
Posterior = -7943.72095087765 for parameter set #403: [0.2979363715211104, 0.7988406491646489, -0.9995]
Running module mass_function_like
Model N: 2852776.9476344227
Done mass_function_like status = 0 

Pipeline ran okay.
Likelihood mass_function_like_m_n = -5600.91099396348
Posterior = -5594.236938522645 for parameter set #404: [0.2989754261885617, 0.8011878844358657, -0.9995]
Running module mass_function_like
Model N: 2881398.0025283764
Done mass_function_like status = 0 

Pipeline ran okay.
Likelihood mass_function_like_m_n = -3941.811793781817
Posterior = -3935.137362924138 for parameter set #404: [0.300987252817794, 0.8019963038285277, -0.9995]
Running module mass_function_like
Model N: 2853790.8805067386
Done mass_function_like status = 0 

Pipeline ran okay.
Likelihood mass_function_like_m_n = -5536.954962410033
Posterior = -5530.275658309594 for parameter set #404: [0.3000044242878049, 0.8002202852650392, -0.9995]
Running module mass_function_like
Model N: 2861861.563878808
Done mass_function_like status = 0 

Pipeline ran okay.
Likelihood mass_function_like_m_n = -5041.510276809335
Posterior = -5034.841864944956 for parameter set #404: [0.30147596300303575, 0.7995369651178695, -0.9995]
Running module mass_function_like
Model N: 2870056.4986295733
Done mass_function_like status = 0 

Pipeline ran okay.
Likelihood mass_function_like_m_n = -4563.120446674526
Posterior = -4556.446951227214 for parameter set #405: [0.3010778451650485, 0.8007636842928602, -0.9995]
Running module mass_function_like
Model N: 3184783.7808671626
Done mass_function_like status = 0 

Pipeline ran okay.
Likelihood mass_function_like_m_n = -3671.452813565731
Posterior = -3664.79444199239 for parameter set #405: [0.3020460999471825, 0.8317731685599572, -0.9995]
Running module mass_function_like
Model N: 2870823.9978957344
Done mass_function_like status = 0 

Pipeline ran okay.
Likelihood mass_function_like_m_n = -4519.585375204682
Posterior = -4512.908355795582 for parameter set #405: [0.2993240134307055, 0.802652894450463, -0.9995]
Running module mass_function_like
Model N: 2855462.2720255936
Done mass_function_like status = 0 

Pipeline ran okay.
Likelihood mass_function_like_m_n = -5432.363977327943
Posterior = -5425.685895485297 for parameter set #405: [0.30049444022174676, 0.7998898692231303, -0.9995]
Running module mass_function_like
Model N: 2915842.011732645
Done mass_function_like status = 0 

Pipeline ran okay.
Likelihood mass_function_like_m_n = -2341.462318904698
Posterior = -2334.8630584874145 for parameter set #406: [0.30400109437596334, 0.8023844513564287, -0.9995]
Running module mass_function_like
Model N: 2867255.381470578
Done mass_function_like status = 0 

Pipeline ran okay.
Likelihood mass_function_like_m_n = -4723.850329451263
Posterior = -4717.179053330896 for parameter set #406: [0.30126712887608376, 0.8002901772656654, -0.9995]
Running module mass_function_like
Model N: 2872778.0630199537
Done mass_function_like status = 0 

Pipeline ran okay.
Likelihood mass_function_like_m_n = -4409.722776517272
Posterior = -4403.046389753413 for parameter set #406: [0.3007638631357823, 0.8013570942329562, -0.9995]
Running module mass_function_like
Model N: 2879778.825313059
Done mass_function_like status = 0 

Pipeline ran okay.
Likelihood mass_function_like_m_n = -4027.6290181055665
Posterior = -4020.9497139212663 for parameter set #406: [0.30000167391059374, 0.8028416318408526, -0.9995]
Running module mass_function_like
Model N: 2855631.4707433116
Done mass_function_like status = 0 

Pipeline ran okay.
Likelihood mass_function_like_m_n = -5421.833944313228
Posterior = -5415.159423370147 for parameter set #407: [0.3009780853980394, 0.7994160511975534, -0.9995]
Running module mass_function_like
Model N: 2872681.4407416997
Done mass_function_like status = 0 

Pipeline ran okay.
Likelihood mass_function_like_m_n = -4415.122134029865
Posterior = -4408.466494968176 for parameter set #407: [0.2978244478116584, 0.8043866828883157, -0.9995]
Running module mass_function_like
Model N: 2862194.799275004
Done mass_function_like status = 0 

Pipeline ran okay.
Likelihood mass_function_like_m_n = -5021.573073670268
Posterior = -5014.964264881418 for parameter set #407: [0.30375487441759613, 0.797275885701587, -0.9995]
Running module mass_function_like
Model N: 2875991.189562918
Done mass_function_like status = 0 

Pipeline ran okay.
Likelihood mass_function_like_m_n = -4232.122707404196
Posterior = -4225.462965977347 for parameter set #407: [0.3019780177684337, 0.8004455295222553, -0.9995]
Running module mass_function_like
Model N: 2865963.897509313
Done mass_function_like status = 0 

Pipeline ran okay.
Likelihood mass_function_like_m_n = -4798.93122728914
Posterior = -4792.251978612076 for parameter set #408: [0.29989462329872635, 0.8015582542210242, -0.9995]
Running module mass_function_like
Model N: 2913372.003918568
Done mass_function_like status = 0 

Pipeline ran okay.
Likelihood mass_function_like_m_n = -2442.0167797505856
Posterior = -2435.341715467145 for parameter set #408: [0.30092085991008244, 0.8052855773465726, -0.9995]
Running module mass_function_like
Model N: 2909597.8481887807
Done mass_function_like status = 0 

Pipeline ran okay.
Likelihood mass_function_like_m_n = -2599.875563837588
Posterior = -2594.089730378681 for parameter set #408: [0.31336765304309827, 0.7924978891993141, -0.9995]
Running module mass_function_like
Model N: 2875149.1169956983
Done mass_function_like status = 0 

Pipeline ran okay.
Likelihood mass_function_like_m_n = -4278.300386019051
Posterior = -4271.642873111809 for parameter set #408: [0.30208764417793305, 0.8002498081563622, -0.9995]
Running module mass_function_like
Model N: 2858981.988323633
Done mass_function_like status = 0 

Pipeline ran okay.
Likelihood mass_function_like_m_n = -5215.50711389631
Posterior = -5208.83129557561 for parameter set #409: [0.29916502962804215, 0.8016201983243396, -0.9995]
Running module mass_function_like
Model N: 2864312.703581669
Done mass_function_like status = 0 

Pipeline ran okay.
Likelihood mass_function_like_m_n = -4895.821251414716
Posterior = -4889.143374615573 for parameter set #409: [0.3005343031286946, 0.8007393409355654, -0.9995]
Running module mass_function_like
Model N: 3048990.911979871
Done mass_function_like status = 0 

Pipeline ran okay.
Likelihood mass_function_like_m_n = -49.02721198648214
Posterior = -43.146425997832736 for parameter set #409: [0.31263739062987916, 0.8068899861753004, -0.9995]
Running module mass_function_like
Model N: 2834484.114321295
Done mass_function_like status = 0 

Pipeline ran okay.
Likelihood mass_function_like_m_n = -6820.85496096313
Posterior = -6814.178490434909 for parameter set #409: [0.29924718261330524, 0.7990659704638461, -0.9995]
Running module mass_function_like
Model N: 2893602.4234839194
Done mass_function_like status = 0 

Pipeline ran okay.
Likelihood mass_function_like_m_n = -3325.714483678341
Posterior = -3319.036313995825 for parameter set #410: [0.3004763435303269, 0.8037487724180604, -0.9995]
Running module mass_function_like
Model N: 2862755.085957223
Done mass_function_like status = 0 

Pipeline ran okay.
Likelihood mass_function_like_m_n = -4988.144253924489
Posterior = -4981.465804179803 for parameter set #410: [0.30041338931392003, 0.8007058734026603, -0.9995]
Running module mass_function_like
Model N: 2894957.7915495033
Done mass_function_like status = 0 

Pipeline ran okay.
Likelihood mass_function_like_m_n = -3260.6308250427246
Posterior = -3253.955870399676 for parameter set #410: [0.30093269022312086, 0.8034172309696296, -0.9995]
Running module mass_function_like
Model N: 2859069.7491094493
Done mass_function_like status = 0 

Pipeline ran okay.
Likelihood mass_function_like_m_n = -5210.158784508705
Posterior = -5203.479875058129 for parameter set #410: [0.30028097961996963, 0.800469817532199, -0.9995]
Running module mass_function_like
Model N: 2861615.382515491
Done mass_function_like status = 0 

Pipeline ran okay.
Likelihood mass_function_like_m_n = -5056.265520982444
Posterior = -5049.586283072896 for parameter set #411: [0.30011514231318104, 0.8008951308308382, -0.9995]
Running module mass_function_like
Model N: 2858564.4406636786
Done mass_function_like status = 0 

Pipeline ran okay.
Likelihood mass_function_like_m_n = -5240.992510356009
Posterior = -5234.314223966894 for parameter set #411: [0.3004511782786112, 0.8002457627095968, -0.9995]
Running module mass_function_like
Model N: 2845500.224501906
Done mass_function_like status = 0 

Pipeline ran okay.
Likelihood mass_function_like_m_n = -6071.165348477662
Posterior = -6064.617215362499 for parameter set #411: [0.30512193485214273, 0.7942549316450086, -0.9995]
Running module mass_function_like
Model N: 2842882.2727826163
Done mass_function_like status = 0 

Pipeline ran okay.
Likelihood mass_function_like_m_n = -6245.19585416466
Posterior = -6238.523998824579 for parameter set #411: [0.3012205620205064, 0.7978920355161826, -0.9995]
Running module mass_function_like
Model N: 2916491.6034237472
Done mass_function_like status = 0 

Pipeline ran okay.
Likelihood mass_function_like_m_n = -2315.3789609745145
Posterior = -2308.80111965966 for parameter set #412: [0.304504728259407, 0.8019387555538365, -0.9995]
Running module mass_function_like
Model N: 2879521.0120399613
Done mass_function_like status = 0 

Pipeline ran okay.
Likelihood mass_function_like_m_n = -4041.3817232251167
Posterior = -4034.8486884263766 for parameter set #412: [0.30540868559947576, 0.7973473133859748, -0.9995]
Running module mass_function_like
Model N: 2846275.0471307603
Done mass_function_like status = 0 

Pipeline ran okay.
Likelihood mass_function_like_m_n = -6020.150988206267
Posterior = -6013.505336599812 for parameter set #412: [0.2974056757390548, 0.8021411308240379, -0.9995]
Running module mass_function_like
Model N: 2873985.3903587414
Done mass_function_like status = 0 

Pipeline ran okay.
Likelihood mass_function_like_m_n = -4342.545251980424
Posterior = -4335.871941211988 for parameter set #412: [0.29890515481693614, 0.8034031958675664, -0.9995]
Running module mass_function_like
Model N: 2860631.223233415
Done mass_function_like status = 0 

Pipeline ran okay.
Likelihood mass_function_like_m_n = -5115.476860001683
Posterior = -5108.799324207365 for parameter set #413: [0.3005947106846569, 0.8003076247057788, -0.9995]
Running module mass_function_like
Model N: 2842958.3300121618
Done mass_function_like status = 0 

Pipeline ran okay.
Likelihood mass_function_like_m_n = -6240.103630438447
Posterior = -6233.572156162335 for parameter set #413: [0.3054374612127048, 0.793691118921765, -0.9995]
Running module mass_function_like
Model N: 2862385.38624537
Done mass_function_like status = 0 

Pipeline ran okay.
Likelihood mass_function_like_m_n = -5010.188893035054
Posterior = -5003.5180528348 for parameter set #413: [0.30130107632795666, 0.7997666683039634, -0.9995]
Running module mass_function_like
Model N: 2918414.5003396347
Done mass_function_like status = 0 

Pipeline ran okay.
Likelihood mass_function_like_m_n = -2239.0497267246246
Posterior = -2232.499047432771 for parameter set #413: [0.30507198001684654, 0.8015570658195784, -0.9995]
Running module mass_function_like
Model N: 2833904.8172439323
Done mass_function_like status = 0 

Pipeline ran okay.
Likelihood mass_function_like_m_n = -6861.5433008000255
Posterior = -6854.8730627740315 for parameter set #414: [0.30134656394692666, 0.7968656361820267, -0.9995]
Running module mass_function_like
Model N: 2843748.9409326417
Done mass_function_like status = 0 

Pipeline ran okay.
Likelihood mass_function_like_m_n = -6187.298784121871
Posterior = -6180.619667345592 for parameter set #414: [0.3001936089000568, 0.7990177977369326, -0.9995]
Running module mass_function_like
Model N: 2869029.0296716434
Done mass_function_like status = 0 

Pipeline ran okay.
Likelihood mass_function_like_m_n = -4621.741436958313
Posterior = -4615.064736433286 for parameter set #414: [0.30072161946804415, 0.801023133598199, -0.9995]
Running module mass_function_like
Model N: 2887671.4655439397
Done mass_function_like status = 0 

Pipeline ran okay.
Likelihood mass_function_like_m_n = -3618.3501905575395
Posterior = -3611.6746863655467 for parameter set #414: [0.29912821948663787, 0.8045579372069079, -0.9995]
Running module mass_function_like
Model N: 2878077.142272722
Done mass_function_like status = 0 

Pipeline ran okay.
Likelihood mass_function_like_m_n = -4118.852566599846
Posterior = -4112.480069291463 for parameter set #415: [0.3078333503678468, 0.7947998025518875, -0.9995]
Running module mass_function_like
Model N: 2888684.223664716
Done mass_function_like status = 0 

Pipeline ran okay.
Likelihood mass_function_like_m_n = -3567.4758389145136
Posterior = -3560.796718580597 for parameter set #415: [0.30019176255803987, 0.8035449279156186, -0.9995]
Running module mass_function_like
Model N: 2905988.0146856513
Done mass_function_like status = 0 

Pipeline ran okay.
Likelihood mass_function_like_m_n = -2755.6363949626684
Posterior = -2748.976305870223 for parameter set #415: [0.3019603625105918, 0.8034751432297444, -0.9995]
Running module mass_function_like
Model N: 2871539.6093616975
Done mass_function_like status = 0 

Pipeline ran okay.
Likelihood mass_function_like_m_n = -4479.1888589039445
Posterior = -4472.675024437776 for parameter set #415: [0.30575273382213664, 0.7962122817438604, -0.9995]
Running module mass_function_like
Model N: 2957179.9109389293
Done mass_function_like status = 0 

Pipeline ran okay.
Likelihood mass_function_like_m_n = -978.7859560921788
Posterior = -972.1080819810493 for parameter set #416: [0.300534805979888, 0.8101163920526281, -0.9995]
Running module mass_function_like
Model N: 2858547.242669078
Done mass_function_like status = 0 

Pipeline ran okay.
Likelihood mass_function_like_m_n = -5242.043592974544
Posterior = -5235.36460305454 for parameter set #416: [0.3002507103134948, 0.8004479870419221, -0.9995]
Running module mass_function_like
Model N: 2864947.2435746337
Done mass_function_like status = 0 

Pipeline ran okay.
Likelihood mass_function_like_m_n = -4858.4680368080735
Posterior = -4851.807353751048 for parameter set #416: [0.3019298259654833, 0.7993872639146942, -0.9995]
Running module mass_function_like
Model N: 2817593.1810788168
Done mass_function_like status = 0 

Pipeline ran okay.
Likelihood mass_function_like_m_n = -8059.4549514353275
Posterior = -8052.92480157006 for parameter set #416: [0.2945382359435319, 0.8021840795035791, -0.9995]
Running module mass_function_like
Model N: 2883519.0453456133
Done mass_function_like status = 0 

Pipeline ran okay.
Likelihood mass_function_like_m_n = -3830.844438545406
Posterior = -3824.1827568611325 for parameter set #417: [0.301877365922594, 0.8013027909697746, -0.9995]
Running module mass_function_like
Model N: 2886636.971198175
Done mass_function_like status = 0 

Pipeline ran okay.
Likelihood mass_function_like_m_n = -3670.7016278654337
Posterior = -3664.0261795230576 for parameter set #417: [0.3008781635307971, 0.8026351213699047, -0.9995]
Running module mass_function_like
Model N: 2841384.4476744477
Done mass_function_like status = 0 

Pipeline ran okay.
Likelihood mass_function_like_m_n = -6345.92155791074
Posterior = -6339.243429888812 for parameter set #417: [0.30048501059415333, 0.7984849522390219, -0.9995]
Running module mass_function_like
Model N: 2847075.963330215
Done mass_function_like status = 0 

Pipeline ran okay.
Likelihood mass_function_like_m_n = -5967.654888421297
Posterior = -5960.975599978022 for parameter set #417: [0.3000561338312785, 0.7994919951365674, -0.9995]
Running module mass_function_like
Model N: 2866433.829940196
Done mass_function_like status = 0 

Pipeline ran okay.
Likelihood mass_function_like_m_n = -4771.540274068713
Posterior = -4764.875880631947 for parameter set #418: [0.30172689093717253, 0.7997414845590162, -0.9995]
Running module mass_function_like
