Setting up pipeline from parameter file mf_xt/config/hmf_bins_noise_data.ini
----------------------------------------------------------------------------

Setting up module mass_function_like
-------------------------------------
Setup all pipeline modules

Module timing:
mass_function_like 2.011739

Parameter Priors
----------------
cosmological_parameters--omega_m       ~ U(0.1, 0.5)
cosmological_parameters--sigma8_input  ~ U(0.6, 1.0)
cosmological_parameters--h0            ~ delta(0.7)
cosmological_parameters--omega_b       ~ delta(0.04)
cosmological_parameters--omega_k       ~ delta(0.0)
cosmological_parameters--yhe           ~ delta(0.245341)
cosmological_parameters--tau           ~ delta(0.08)
cosmological_parameters--n_s           ~ delta(0.96)
cosmological_parameters--a_s           ~ delta(2.1e-09)
cosmological_parameters--k_s           ~ delta(0.05)
cosmological_parameters--n_run         ~ delta(0.0)
cosmological_parameters--w             ~ delta(-1.0)
cosmological_parameters--wa            ~ delta(0.0)

****************************************************
* Running sampler 1/1: emcee
* Using MPI with 4 processes.
* Saving output -> mf_xt/output/mf_noise_date_v1.txt
****************************************************
Generating starting positions in small ball around starting point
Begun sampling
Running module mass_function_like
Running module mass_function_like
Running module mass_function_like
Running module mass_function_like
Done mass_function_like status = 0 

mass_function_like took: 1.918 seconds
Total pipeline time: 1.92 seconds
Pipeline ran okay.
Likelihood hmf_bins = -1434848.0669431482
Posterior = -1434846.2343616844 for parameter set #1: [0.30009146641800954, 0.7996613496594945]
Running module mass_function_like
Done mass_function_like status = 0 

mass_function_like took: 2.025 seconds
Total pipeline time: 2.03 seconds
Pipeline ran okay.
Likelihood hmf_bins = -3716031.5348600345
Posterior = -3716029.7022785707 for parameter set #1: [0.3002251934634723, 0.8002892157558217]
Running module mass_function_like
Done mass_function_like status = 0 

mass_function_like took: 2.024 seconds
Total pipeline time: 2.02 seconds
Pipeline ran okay.
Likelihood hmf_bins = -188921.20132166558
Posterior = -188919.36874020184 for parameter set #1: [0.30064909514673027, 0.7992837746854394]
Running module mass_function_like
Done mass_function_like status = 0 

mass_function_like took: 2.026 seconds
Total pipeline time: 2.03 seconds
Pipeline ran okay.
Likelihood hmf_bins = -4023146.590863932
Posterior = -4023144.758282468 for parameter set #1: [0.30004745208455774, 0.799277055692083]
Running module mass_function_like
Done mass_function_like status = 0 

mass_function_like took: 2.006 seconds
Total pipeline time: 2.01 seconds
Pipeline ran okay.
Likelihood hmf_bins = -1434852.9290964953
Posterior = -1434851.0965150315 for parameter set #2: [0.2997942805094205, 0.799990210748264]
Running module mass_function_like
Done mass_function_like status = 0 

mass_function_like took: 2.000 seconds
Total pipeline time: 2.0 seconds
Pipeline ran okay.
Likelihood hmf_bins = -188943.25420375518
Posterior = -188941.42162229144 for parameter set #2: [0.29966281704648307, 0.8000302052649257]
Running module mass_function_like
Done mass_function_like status = 0 

mass_function_like took: 2.010 seconds
Total pipeline time: 2.01 seconds
Pipeline ran okay.
Likelihood hmf_bins = -4023192.821470181
Posterior = -4023190.9888887173 for parameter set #2: [0.29932322645093445, 0.8003750273797088]
Running module mass_function_like
Done mass_function_like status = 0 

mass_function_like took: 2.020 seconds
Total pipeline time: 2.02 seconds
Pipeline ran okay.
Likelihood hmf_bins = -3716007.1398054124
Posterior = -3716005.3072239487 for parameter set #2: [0.30033990938068467, 0.799946060346095]
Running module mass_function_like
Done mass_function_like status = 0 

mass_function_like took: 2.017 seconds
Total pipeline time: 2.02 seconds
Pipeline ran okay.
Likelihood hmf_bins = -1434916.6060991492
Posterior = -1434914.7735176855 for parameter set #3: [0.30018254000322636, 0.8003186940578597]
Running module mass_function_like
Done mass_function_like status = 0 

mass_function_like took: 2.008 seconds
Total pipeline time: 2.01 seconds
Pipeline ran okay.
Likelihood hmf_bins = -189040.33469691922
Posterior = -189038.50211545549 for parameter set #3: [0.2994267082967633, 0.7992524986784599]
Running module mass_function_like
Done mass_function_like status = 0 

mass_function_like took: 2.007 seconds
Total pipeline time: 2.01 seconds
Pipeline ran okay.
Likelihood hmf_bins = -4023084.783687213
Posterior = -4023082.9511057492 for parameter set #3: [0.2994435208238733, 0.7991966591803077]
Running module mass_function_like
Done mass_function_like status = 0 

mass_function_like took: 2.013 seconds
Total pipeline time: 2.01 seconds
Pipeline ran okay.
Likelihood hmf_bins = -3716020.857710998
Posterior = -3716019.0251295343 for parameter set #3: [0.3006340195852149, 0.7998220443633481]
Running module mass_function_like
Done mass_function_like status = 0 

mass_function_like took: 2.000 seconds
Total pipeline time: 2.0 seconds
Pipeline ran okay.
Likelihood hmf_bins = -1434813.4005389651
Posterior = -1434811.5679575014 for parameter set #4: [0.29972516351818557, 0.7996273011830876]
Running module mass_function_like
Done mass_function_like status = 0 

mass_function_like took: 2.006 seconds
Total pipeline time: 2.01 seconds
Pipeline ran okay.
Likelihood hmf_bins = -189024.55019496527
Posterior = -189022.71761350153 for parameter set #4: [0.2994209058051218, 0.7994212015633042]
Running module mass_function_like
Done mass_function_like status = 0 

mass_function_like took: 2.003 seconds
Total pipeline time: 2.0 seconds
Pipeline ran okay.
Likelihood hmf_bins = -3715917.0292013697
Posterior = -3715915.196619906 for parameter set #4: [0.2995847146295251, 0.7997207148940797]
Running module mass_function_like
Done mass_function_like status = 0 

mass_function_like took: 2.020 seconds
Total pipeline time: 2.02 seconds
Pipeline ran okay.
Likelihood hmf_bins = -4023257.813619943
Posterior = -4023255.981038479 for parameter set #4: [0.30033636928438356, 0.8001236259241584]
Running module mass_function_like
Done mass_function_like status = 0 

mass_function_like took: 1.999 seconds
Total pipeline time: 2.0 seconds
Pipeline ran okay.
Likelihood hmf_bins = -1434852.6486797852
Posterior = -1434850.8160983215 for parameter set #5: [0.2998940704455386, 0.7998954120787]
Running module mass_function_like
Done mass_function_like status = 0 

mass_function_like took: 2.002 seconds
Total pipeline time: 2.0 seconds
Pipeline ran okay.
Likelihood hmf_bins = -188942.3050448377
Posterior = -188940.47246337397 for parameter set #5: [0.2996426835489451, 0.8000601039709831]
Running module mass_function_like
Done mass_function_like status = 0 

mass_function_like took: 2.002 seconds
Total pipeline time: 2.0 seconds
Pipeline ran okay.
Likelihood hmf_bins = -3715913.700631732
Posterior = -3715911.8680502684 for parameter set #5: [0.2998722525944616, 0.7994351880791308]
Running module mass_function_like
Done mass_function_like status = 0 

mass_function_like took: 2.007 seconds
Total pipeline time: 2.01 seconds
Pipeline ran okay.
Likelihood hmf_bins = -4023146.0681623286
Posterior = -4023144.235580865 for parameter set #5: [0.2993788711004357, 0.7998629798597825]
Running module mass_function_like
Done mass_function_like status = 0 

mass_function_like took: 2.020 seconds
Total pipeline time: 2.02 seconds
Pipeline ran okay.
Likelihood hmf_bins = -1434935.816773963
Posterior = -1434933.9841924992 for parameter set #6: [0.3002228269727343, 0.8004891083564573]
Running module mass_function_like
Done mass_function_like status = 0 

mass_function_like took: 2.021 seconds
Total pipeline time: 2.02 seconds
Pipeline ran okay.
Likelihood hmf_bins = -188873.29931472155
Posterior = -188871.4667332578 for parameter set #6: [0.30006519357809297, 0.800364698479695]
Running module mass_function_like
Done mass_function_like status = 0 

mass_function_like took: 2.026 seconds
Total pipeline time: 2.03 seconds
Pipeline ran okay.
Likelihood hmf_bins = -4023309.6666903608
Posterior = -4023307.834108897 for parameter set #6: [0.30002448005450005, 0.8009094801626608]
Running module mass_function_like
Done mass_function_like status = 0 

mass_function_like took: 2.033 seconds
Total pipeline time: 2.03 seconds
Pipeline ran okay.
Likelihood hmf_bins = -3715996.147996126
Posterior = -3715994.3154146625 for parameter set #6: [0.300237027766627, 0.7999285494492463]
Running module mass_function_like
Done mass_function_like status = 0 

mass_function_like took: 2.018 seconds
Total pipeline time: 2.02 seconds
Pipeline ran okay.
Likelihood hmf_bins = -1434866.1681816375
Posterior = -1434864.3356001738 for parameter set #7: [0.30029351911364155, 0.7996711139998036]
Running module mass_function_like
Done mass_function_like status = 0 

mass_function_like took: 2.019 seconds
Total pipeline time: 2.02 seconds
Pipeline ran okay.
Likelihood hmf_bins = -188917.4194207051
Posterior = -188915.58683924135 for parameter set #7: [0.3002891365894798, 0.7996784427686294]
Running module mass_function_like
Done mass_function_like status = 0 

mass_function_like took: 2.006 seconds
Total pipeline time: 2.01 seconds
Pipeline ran okay.
Likelihood hmf_bins = -4023190.0132186725
Posterior = -4023188.1806372087 for parameter set #7: [0.29940430628612436, 0.8002754132573733]
Running module mass_function_like
Done mass_function_like status = 0 

mass_function_like took: 2.007 seconds
Total pipeline time: 2.01 seconds
Pipeline ran okay.
Likelihood hmf_bins = -3715945.708284531
Posterior = -3715943.875703067 for parameter set #7: [0.29982869031377357, 0.7997914409167763]
Running module mass_function_like
Done mass_function_like status = 0 

mass_function_like took: 2.016 seconds
Total pipeline time: 2.02 seconds
Pipeline ran okay.
Likelihood hmf_bins = -1434821.6965365412
Posterior = -1434819.8639550775 for parameter set #8: [0.3001863993555425, 0.7992897418232532]
Done mass_function_like status = 0 

mass_function_like took: 1.947 seconds
Total pipeline time: 1.95 seconds
Pipeline ran okay.
Likelihood hmf_bins = -188838.5348046071
Posterior = -188836.70222314337 for parameter set #8: [0.3002777714318073, 0.8005206617118866]
Done mass_function_like status = 0 

mass_function_like took: 2.022 seconds
Total pipeline time: 2.02 seconds
Pipeline ran okay.
Likelihood hmf_bins = -3716029.549457101
Posterior = -3716027.7168756374 for parameter set #8: [0.3003953384552194, 0.8001196728262789]
Done mass_function_like status = 0 

mass_function_like took: 2.027 seconds
Total pipeline time: 2.03 seconds
Pipeline ran okay.
Likelihood hmf_bins = -4023287.9768015724
Posterior = -4023286.1442201086 for parameter set #8: [0.3000363463641323, 0.8006862767733105]
Running module mass_function_like
Running module mass_function_like
Running module mass_function_like
Running module mass_function_like
Done mass_function_like status = 0 

mass_function_like took: 1.999 seconds
Total pipeline time: 2.0 seconds
Pipeline ran okay.
Likelihood hmf_bins = -3716104.893383087
Posterior = -3716103.0608016234 for parameter set #9: [0.30079462680291985, 0.8005131842849295]
Running module mass_function_like
Done mass_function_like status = 0 

mass_function_like took: 2.008 seconds
Total pipeline time: 2.01 seconds
Pipeline ran okay.
Likelihood hmf_bins = -189023.25541996225
Posterior = -189021.42283849852 for parameter set #9: [0.29994329741333664, 0.7989191188652744]
Running module mass_function_like
Done mass_function_like status = 0 

mass_function_like took: 2.021 seconds
Total pipeline time: 2.02 seconds
Pipeline ran okay.
Likelihood hmf_bins = -4023193.3381269667
Posterior = -4023191.505545503 for parameter set #9: [0.3000440524482557, 0.7997416803937007]
Running module mass_function_like
Done mass_function_like status = 0 

mass_function_like took: 2.025 seconds
Total pipeline time: 2.02 seconds
Pipeline ran okay.
Likelihood hmf_bins = -1434887.1260784825
Posterior = -1434885.2934970187 for parameter set #9: [0.30006750181098885, 0.8001069583586832]
Running module mass_function_like
Done mass_function_like status = 0 

mass_function_like took: 1.997 seconds
Total pipeline time: 2.0 seconds
Pipeline ran okay.
Likelihood hmf_bins = -3716054.422375488
Posterior = -3716052.5897940244 for parameter set #10: [0.30089258671929087, 0.7999297059565676]
Running module mass_function_like
Done mass_function_like status = 0 

mass_function_like took: 2.004 seconds
Total pipeline time: 2.0 seconds
Pipeline ran okay.
Likelihood hmf_bins = -189006.67784951683
Posterior = -189004.8452680531 for parameter set #10: [0.29951663008909657, 0.7995136151477679]
Running module mass_function_like
Done mass_function_like status = 0 

mass_function_like took: 2.003 seconds
Total pipeline time: 2.0 seconds
Pipeline ran okay.
Likelihood hmf_bins = -4023145.3228481514
Posterior = -4023143.4902666877 for parameter set #10: [0.2996439855901008, 0.7996210434217266]
Running module mass_function_like
Done mass_function_like status = 0 

mass_function_like took: 2.005 seconds
Total pipeline time: 2.01 seconds
Pipeline ran okay.
Likelihood hmf_bins = -1434848.6965644201
Posterior = -1434846.8639829564 for parameter set #10: [0.2993096239654458, 0.8003917392988976]
Running module mass_function_like
Done mass_function_like status = 0 

mass_function_like took: 2.003 seconds
Total pipeline time: 2.0 seconds
Pipeline ran okay.
Likelihood hmf_bins = -3715865.4229983743
Posterior = -3715863.5904169106 for parameter set #11: [0.2993626071460395, 0.7994045050955864]
Running module mass_function_like
Done mass_function_like status = 0 

mass_function_like took: 2.000 seconds
Total pipeline time: 2.0 seconds
Pipeline ran okay.
Likelihood hmf_bins = -188800.05136592357
Posterior = -188798.21878445984 for parameter set #11: [0.30072156608410255, 0.8004925055746631]
Running module mass_function_like
Done mass_function_like status = 0 

mass_function_like took: 2.002 seconds
Total pipeline time: 2.0 seconds
Pipeline ran okay.
Likelihood hmf_bins = -4023194.4471289003
Posterior = -4023192.6145474366 for parameter set #11: [0.2998294260224943, 0.7999455687846967]
Running module mass_function_like
Done mass_function_like status = 0 

mass_function_like took: 1.999 seconds
Total pipeline time: 2.0 seconds
Pipeline ran okay.
Likelihood hmf_bins = -1434786.7955363686
Posterior = -1434784.962954905 for parameter set #11: [0.299702802789835, 0.7993576313026363]
Running module mass_function_like
Done mass_function_like status = 0 

mass_function_like took: 2.007 seconds
Total pipeline time: 2.01 seconds
Pipeline ran okay.
Likelihood hmf_bins = -3715935.1020279536
Posterior = -3715933.26944649 for parameter set #12: [0.2998502177052294, 0.7996670869411439]
Done mass_function_like status = 0 

mass_function_like took: 2.006 seconds
Total pipeline time: 2.01 seconds
Pipeline ran okay.
Likelihood hmf_bins = -4023176.3169426243
Posterior = -4023174.4843611605 for parameter set #12: [0.29991492753995747, 0.7996895809873987]
Done mass_function_like status = 0 

mass_function_like took: 2.024 seconds
Total pipeline time: 2.02 seconds
Pipeline ran okay.
Likelihood hmf_bins = -188942.09375304764
Posterior = -188940.2611715839 for parameter set #12: [0.30015852476635957, 0.7995491690938897]
Done mass_function_like status = 0 

mass_function_like took: 2.010 seconds
Total pipeline time: 2.01 seconds
Pipeline ran okay.
Likelihood hmf_bins = -1434759.4916165129
Posterior = -1434757.6590350491 for parameter set #12: [0.2997376151850169, 0.7990304320424816]
Running module mass_function_like
Running module mass_function_like
Running module mass_function_like
Running module mass_function_like
Done mass_function_like status = 0 

mass_function_like took: 2.011 seconds
Total pipeline time: 2.01 seconds
Pipeline ran okay.
Likelihood hmf_bins = -4023185.593501579
Posterior = -4023183.7609201153 for parameter set #13: [0.2999782402021956, 0.7997271521553954]
Running module mass_function_like
Done mass_function_like status = 0 

mass_function_like took: 2.013 seconds
Total pipeline time: 2.01 seconds
Pipeline ran okay.
Likelihood hmf_bins = -3715897.2453181306
Posterior = -3715895.412736667 for parameter set #13: [0.29938165342468964, 0.7997038940724057]
Running module mass_function_like
Done mass_function_like status = 0 

mass_function_like took: 2.017 seconds
Total pipeline time: 2.02 seconds
Pipeline ran okay.
Likelihood hmf_bins = -1434918.9415795966
Posterior = -1434917.1089981329 for parameter set #13: [0.30108964023412393, 0.7995113856886524]
Running module mass_function_like
Done mass_function_like status = 0 

mass_function_like took: 2.019 seconds
Total pipeline time: 2.02 seconds
Pipeline ran okay.
Likelihood hmf_bins = -188938.68871649948
Posterior = -188936.85613503575 for parameter set #13: [0.2999926282382164, 0.7997477220995757]
Running module mass_function_like
Done mass_function_like status = 0 

mass_function_like took: 2.002 seconds
Total pipeline time: 2.0 seconds
Pipeline ran okay.
Likelihood hmf_bins = -3716003.4597373195
Posterior = -3716001.6271558558 for parameter set #14: [0.2995994318629704, 0.8005654850570944]
Running module mass_function_like
Done mass_function_like status = 0 

mass_function_like took: 2.007 seconds
Total pipeline time: 2.01 seconds
Pipeline ran okay.
Likelihood hmf_bins = -189007.85497731777
Posterior = -189006.02239585403 for parameter set #14: [0.2989859542104843, 0.8000262771776632]
Running module mass_function_like
Done mass_function_like status = 0 

mass_function_like took: 2.017 seconds
Total pipeline time: 2.02 seconds
Pipeline ran okay.
Likelihood hmf_bins = -4023233.6902731624
Posterior = -4023231.8576916987 for parameter set #14: [0.3000296535267249, 0.8001545885922395]
Running module mass_function_like
Done mass_function_like status = 0 

mass_function_like took: 2.012 seconds
Total pipeline time: 2.01 seconds
Pipeline ran okay.
Likelihood hmf_bins = -1434771.3237896857
Posterior = -1434769.491208222 for parameter set #14: [0.29951014772526513, 0.7993672797467016]
Running module mass_function_like
Done mass_function_like status = 0 

mass_function_like took: 2.023 seconds
Total pipeline time: 2.02 seconds
Pipeline ran okay.
Likelihood hmf_bins = -3716046.530115772
Posterior = -3716044.6975343083 for parameter set #15: [0.30026244062293556, 0.8004031058955474]
Running module mass_function_like
Done mass_function_like status = 0 

mass_function_like took: 2.022 seconds
Total pipeline time: 2.02 seconds
Pipeline ran okay.
Likelihood hmf_bins = -4023201.4949645833
Posterior = -4023199.6623831196 for parameter set #15: [0.30026948377984014, 0.7996249919102999]
Running module mass_function_like
Done mass_function_like status = 0 

mass_function_like took: 2.029 seconds
Total pipeline time: 2.03 seconds
Pipeline ran okay.
Likelihood hmf_bins = -188842.15347553833
Posterior = -188840.3208940746 for parameter set #15: [0.3001794564145451, 0.8005794311037966]
Running module mass_function_like
Done mass_function_like status = 0 

mass_function_like took: 2.028 seconds
Total pipeline time: 2.03 seconds
Pipeline ran okay.
Likelihood hmf_bins = -1434872.5064813702
Posterior = -1434870.6738999065 for parameter set #15: [0.3002416466652581, 0.7997877823007319]
Running module mass_function_like
Done mass_function_like status = 0 

mass_function_like took: 2.005 seconds
Total pipeline time: 2.0 seconds
Pipeline ran okay.
Likelihood hmf_bins = -3715982.62385442
Posterior = -3715980.7912729564 for parameter set #16: [0.29931498539326573, 0.8006090462148966]
Done mass_function_like status = 0 

mass_function_like took: 2.018 seconds
Total pipeline time: 2.02 seconds
Pipeline ran okay.
Likelihood hmf_bins = -4023355.736543334
Posterior = -4023353.9039618704 for parameter set #16: [0.3000699936992005, 0.8013252969206813]
Done mass_function_like status = 0 

mass_function_like took: 2.029 seconds
Total pipeline time: 2.03 seconds
Pipeline ran okay.
Likelihood hmf_bins = -188868.12211844217
Posterior = -188866.28953697844 for parameter set #16: [0.30017275587413456, 0.8003110070533191]
Done mass_function_like status = 0 

mass_function_like took: 2.030 seconds
Total pipeline time: 2.03 seconds
Pipeline ran okay.
Likelihood hmf_bins = -1434904.0296273846
Posterior = -1434902.1970459209 for parameter set #16: [0.3006486784357054, 0.7997551572391021]
Running module mass_function_like
Running module mass_function_like
Running module mass_function_like
Running module mass_function_like
Done mass_function_like status = 0 

mass_function_like took: 2.003 seconds
Total pipeline time: 2.0 seconds
Pipeline ran okay.
Likelihood hmf_bins = -1434982.311288673
Posterior = -1434980.4787072092 for parameter set #17: [0.30073557132080264, 0.8005242775674055]
Running module mass_function_like
Done mass_function_like status = 0 

mass_function_like took: 2.005 seconds
Total pipeline time: 2.0 seconds
Pipeline ran okay.
Likelihood hmf_bins = -3715994.991972385
Posterior = -3715993.1593909212 for parameter set #17: [0.3008459387466618, 0.7993854754432927]
Done mass_function_like status = 0 

mass_function_like took: 2.005 seconds
Total pipeline time: 2.0 seconds
Pipeline ran okay.
Running module mass_function_like
Likelihood hmf_bins = -188937.50624921478
Posterior = -188935.67366775105 for parameter set #17: [0.2997393124551875, 0.8000155535680996]
Running module mass_function_like
Done mass_function_like status = 0 

mass_function_like took: 2.008 seconds
Total pipeline time: 2.01 seconds
Pipeline ran okay.
Likelihood hmf_bins = -4023195.5329869436
Posterior = -4023193.70040548 for parameter set #17: [0.29886093941297787, 0.8008108960579201]
Running module mass_function_like
Done mass_function_like status = 0 

mass_function_like took: 2.008 seconds
Total pipeline time: 2.01 seconds
Pipeline ran okay.
Likelihood hmf_bins = -188964.30784981456
Posterior = -188962.47526835083 for parameter set #18: [0.2998097279505647, 0.7996653747146106]
Running module mass_function_like
Done mass_function_like status = 0 

mass_function_like took: 2.009 seconds
Total pipeline time: 2.01 seconds
Pipeline ran okay.
Likelihood hmf_bins = -3715906.485041845
Posterior = -3715904.6524603814 for parameter set #18: [0.2993820090410762, 0.7997952402586069]
Running module mass_function_like
Done mass_function_like status = 0 

mass_function_like took: 2.013 seconds
Total pipeline time: 2.01 seconds
Pipeline ran okay.
Likelihood hmf_bins = -4023108.6936242017
Posterior = -4023106.861042738 for parameter set #18: [0.2990149496661152, 0.7998113754297083]
Running module mass_function_like
Done mass_function_like status = 0 

mass_function_like took: 2.025 seconds
Total pipeline time: 2.03 seconds
Pipeline ran okay.
Likelihood hmf_bins = -1434874.2335367803
Posterior = -1434872.4009553166 for parameter set #18: [0.30031957875281085, 0.7997352503317041]
Running module mass_function_like
Done mass_function_like status = 0 

mass_function_like took: 2.006 seconds
Total pipeline time: 2.01 seconds
Pipeline ran okay.
Likelihood hmf_bins = -3715911.726966285
Posterior = -3715909.8943848214 for parameter set #19: [0.29934666690242084, 0.7998795065288691]
Running module mass_function_like
Done mass_function_like status = 0 

mass_function_like took: 2.007 seconds
Total pipeline time: 2.01 seconds
Pipeline ran okay.
Done mass_function_like status = 0 

mass_function_like took: 2.023 seconds
Total pipeline time: 2.02 seconds
Pipeline ran okay.
Likelihood hmf_bins = -1434982.2995155922
Likelihood hmf_bins = -188907.5391737473
Posterior = -1434980.4669341284 for parameter set #19: [0.3007605600939375, 0.800500098383735]
Posterior = -188905.70659228356 for parameter set #19: [0.3002714341621555, 0.7997990465303879]
Running module mass_function_like
Running module mass_function_like
Done mass_function_like status = 0 

mass_function_like took: 2.020 seconds
Total pipeline time: 2.02 seconds
Pipeline ran okay.
Likelihood hmf_bins = -4023310.1182079194
Posterior = -4023308.2856264557 for parameter set #19: [0.30021681040018977, 0.8007457210436479]
Running module mass_function_like
Done mass_function_like status = 0 

mass_function_like took: 2.020 seconds
Total pipeline time: 2.02 seconds
Pipeline ran okay.
Likelihood hmf_bins = -3715961.7154763136
Posterior = -3715959.88289485 for parameter set #20: [0.30004540523356854, 0.7997568857783013]
Done mass_function_like status = 0 

mass_function_like took: 2.016 seconds
Total pipeline time: 2.02 seconds
Pipeline ran okay.
Likelihood hmf_bins = -4023295.7921824385
Posterior = -4023293.959600975 for parameter set #20: [0.3003136859815859, 0.8005173647284387]
Done mass_function_like status = 0 

Done mass_function_like status = 0 

mass_function_like took: 2.024 seconds
Total pipeline time: 2.02 seconds
Pipeline ran okay.
mass_function_like took: 2.024 seconds
Total pipeline time: 2.02 seconds
Pipeline ran okay.
Likelihood hmf_bins = -1434813.0408538645
Likelihood hmf_bins = -188871.7111482854
Posterior = -1434811.2082724008 for parameter set #20: [0.3003473588463753, 0.7990481225756547]
Posterior = -188869.87856682166 for parameter set #20: [0.30050573719422435, 0.7999454284269717]
Running module mass_function_like
Running module mass_function_like
Running module mass_function_like
Running module mass_function_like
Done mass_function_like status = 0 

mass_function_like took: 2.003 seconds
Total pipeline time: 2.0 seconds
Pipeline ran okay.
Likelihood hmf_bins = -4023188.2552048755
Posterior = -4023186.4226234118 for parameter set #21: [0.2996647601093338, 0.8000282163150045]
Running module mass_function_like
Done mass_function_like status = 0 

mass_function_like took: 2.005 seconds
Total pipeline time: 2.01 seconds
Pipeline ran okay.
Likelihood hmf_bins = -189060.45192050535
Posterior = -189058.61933904162 for parameter set #21: [0.29936343463119036, 0.7991048511006444]
Running module mass_function_like
Done mass_function_like status = 0 

mass_function_like took: 2.019 seconds
Total pipeline time: 2.02 seconds
Pipeline ran okay.
Likelihood hmf_bins = -3715903.698259174
Posterior = -3715901.86567771 for parameter set #21: [0.3000588372589677, 0.7991697178021702]
Running module mass_function_like
Done mass_function_like status = 0 

mass_function_like took: 2.021 seconds
Total pipeline time: 2.02 seconds
Pipeline ran okay.
Likelihood hmf_bins = -1434856.9352055273
Posterior = -1434855.1026240636 for parameter set #21: [0.3001089247815801, 0.7997418745038097]
Running module mass_function_like
Done mass_function_like status = 0 

mass_function_like took: 2.005 seconds
Total pipeline time: 2.0 seconds
Pipeline ran okay.
Likelihood hmf_bins = -189115.87884721812
Posterior = -189114.04626575438 for parameter set #22: [0.2990282264059054, 0.798863800104906]
Running module mass_function_like
Done mass_function_like status = 0 

mass_function_like took: 2.008 seconds
Total pipeline time: 2.01 seconds
Pipeline ran okay.
Likelihood hmf_bins = -4023174.8960428485
Posterior = -4023173.0634613847 for parameter set #22: [0.29949459979470217, 0.8000457732261043]
Running module mass_function_like
Done mass_function_like status = 0 

mass_function_like took: 2.009 seconds
Total pipeline time: 2.01 seconds
Pipeline ran okay.
Likelihood hmf_bins = -3715837.7431363766
Posterior = -3715835.910554913 for parameter set #22: [0.2993509369802816, 0.7991401336783618]
Running module mass_function_like
Done mass_function_like status = 0 

mass_function_like took: 2.019 seconds
Total pipeline time: 2.02 seconds
Pipeline ran okay.
Likelihood hmf_bins = -1434934.8373822067
Posterior = -1434933.004800743 for parameter set #22: [0.30025670904849766, 0.8004486685895309]
Running module mass_function_like
Done mass_function_like status = 0 

mass_function_like took: 2.002 seconds
Total pipeline time: 2.0 seconds
Pipeline ran okay.
Likelihood hmf_bins = -4023317.592493935
Posterior = -4023315.7599124713 for parameter set #23: [0.3007654476910584, 0.800339637327754]
Running module mass_function_like
Done mass_function_like status = 0 

mass_function_like took: 2.016 seconds
Total pipeline time: 2.02 seconds
Pipeline ran okay.
Likelihood hmf_bins = -188854.79726476164
Posterior = -188852.9646832979 for parameter set #23: [0.30022935928158045, 0.8003963711086447]
Running module mass_function_like
Done mass_function_like status = 0 

mass_function_like took: 2.002 seconds
Total pipeline time: 2.0 seconds
Pipeline ran okay.
Likelihood hmf_bins = -3715952.7653385294
Posterior = -3715950.9327570656 for parameter set #23: [0.2995944643627376, 0.8000665109439916]
Running module mass_function_like
Done mass_function_like status = 0 

mass_function_like took: 2.011 seconds
Total pipeline time: 2.01 seconds
Pipeline ran okay.
Likelihood hmf_bins = -1434551.6084278256
Posterior = -1434549.7758463619 for parameter set #23: [0.2987992519063403, 0.7976257913630591]
Running module mass_function_like
Done mass_function_like status = 0 

mass_function_like took: 2.005 seconds
Total pipeline time: 2.0 seconds
Pipeline ran okay.
Done mass_function_like status = 0 

mass_function_like took: 2.021 seconds
Total pipeline time: 2.02 seconds
Pipeline ran okay.
Likelihood hmf_bins = -3715949.5123131834
Likelihood hmf_bins = -4023279.429677165
Posterior = -3715947.6797317197 for parameter set #24: [0.29934413532620646, 0.8002551056308256]
Posterior = -4023277.5970957014 for parameter set #24: [0.30009640362924717, 0.8005488135222889]
Done mass_function_like status = 0 

mass_function_like took: 2.024 seconds
Total pipeline time: 2.02 seconds
Pipeline ran okay.
Likelihood hmf_bins = -188885.62328520635
Posterior = -188883.79070374262 for parameter set #24: [0.3005829173628365, 0.7997212132239865]
Done mass_function_like status = 0 

mass_function_like took: 2.020 seconds
Total pipeline time: 2.02 seconds
Pipeline ran okay.
Likelihood hmf_bins = -1434889.7926288988
Posterior = -1434887.960047435 for parameter set #24: [0.3005571603271824, 0.7996857487460323]
Running module mass_function_like
Running module mass_function_like
Running module mass_function_like
Running module mass_function_like
Done mass_function_like status = 0 

mass_function_like took: 2.002 seconds
Total pipeline time: 2.0 seconds
Pipeline ran okay.
Likelihood hmf_bins = -4023312.9836663348
Posterior = -4023311.151084871 for parameter set #25: [0.3007387965818352, 0.800316916577554]
Running module mass_function_like
Done mass_function_like status = 0 

mass_function_like took: 2.011 seconds
Total pipeline time: 2.01 seconds
Pipeline ran okay.
Likelihood hmf_bins = -188875.0269094685
Posterior = -188873.19432800476 for parameter set #25: [0.299420877521279, 0.8009886171459708]
Running module mass_function_like
Done mass_function_like status = 0 

mass_function_like took: 2.018 seconds
Total pipeline time: 2.02 seconds
Pipeline ran okay.
Likelihood hmf_bins = -3715956.2525852686
Posterior = -3715954.420003805 for parameter set #25: [0.29921707471013925, 0.800435612728498]
Running module mass_function_like
Done mass_function_like status = 0 

mass_function_like took: 2.022 seconds
Total pipeline time: 2.02 seconds
Pipeline ran okay.
Likelihood hmf_bins = -1435004.4913979871
Posterior = -1435002.6588165234 for parameter set #25: [0.300805099784331, 0.8006993886005156]
Running module mass_function_like
Done mass_function_like status = 0 

mass_function_like took: 2.005 seconds
Total pipeline time: 2.0 seconds
Pipeline ran okay.
Likelihood hmf_bins = -4023393.5635773414
Posterior = -4023391.7309958776 for parameter set #26: [0.30075768373475426, 0.8010949059515843]
Running module mass_function_like
Done mass_function_like status = 0 

mass_function_like took: 2.010 seconds
Total pipeline time: 2.01 seconds
Pipeline ran okay.
Likelihood hmf_bins = -189174.65266868065
Posterior = -189172.8200872169 for parameter set #26: [0.2988376103054851, 0.7984475034142925]
Running module mass_function_like
Done mass_function_like status = 0 

mass_function_like took: 2.006 seconds
Total pipeline time: 2.01 seconds
Pipeline ran okay.
Likelihood hmf_bins = -3715529.1986994445
Posterior = -3715527.366117981 for parameter set #26: [0.29796446274362715, 0.7972785166248008]
Running module mass_function_like
Done mass_function_like status = 0 

mass_function_like took: 2.003 seconds
Total pipeline time: 2.0 seconds
Pipeline ran okay.
Likelihood hmf_bins = -1434851.1367935124
Posterior = -1434849.3042120486 for parameter set #26: [0.29995634344460187, 0.7998234188865364]
Running module mass_function_like
Done mass_function_like status = 0 

mass_function_like took: 2.002 seconds
Total pipeline time: 2.0 seconds
Pipeline ran okay.
Likelihood hmf_bins = -188955.02647954723
Posterior = -188953.1938980835 for parameter set #27: [0.29966309126304413, 0.799906581580274]
Running module mass_function_like
Done mass_function_like status = 0 

mass_function_like took: 2.020 seconds
Total pipeline time: 2.02 seconds
Pipeline ran okay.
Likelihood hmf_bins = -4023183.847600009
Posterior = -4023182.015018545 for parameter set #27: [0.3002984545447125, 0.7994251207990543]
Running module mass_function_like
Done mass_function_like status = 0 

mass_function_like took: 2.003 seconds
Total pipeline time: 2.0 seconds
Pipeline ran okay.
Likelihood hmf_bins = -3715955.975224115
Posterior = -3715954.142642651 for parameter set #27: [0.2996392439775704, 0.8000599268056531]
Running module mass_function_like
Done mass_function_like status = 0 

mass_function_like took: 2.022 seconds
Total pipeline time: 2.02 seconds
Pipeline ran okay.
Likelihood hmf_bins = -1434892.6969085394
Posterior = -1434890.8643270757 for parameter set #27: [0.3004496500207991, 0.799815349666762]
Running module mass_function_like
Done mass_function_like status = 0 

mass_function_like took: 2.003 seconds
Total pipeline time: 2.0 seconds
Pipeline ran okay.
Likelihood hmf_bins = -3715908.5992990034
Posterior = -3715906.7667175396 for parameter set #28: [0.2993801122318902, 0.7998182714522819]
Done mass_function_like status = 0 

mass_function_like took: 2.016 seconds
Total pipeline time: 2.02 seconds
Pipeline ran okay.
Likelihood hmf_bins = -188905.46845954508
Posterior = -188903.63587808135 for parameter set #28: [0.30039467994315894, 0.7996982840526596]
Done mass_function_like status = 0 

mass_function_like took: 2.017 seconds
Total pipeline time: 2.02 seconds
Pipeline ran okay.
Likelihood hmf_bins = -4023500.6618547183
Posterior = -4023498.8292732546 for parameter set #28: [0.30099877562359495, 0.8019323533535829]
Done mass_function_like status = 0 

mass_function_like took: 2.019 seconds
Total pipeline time: 2.02 seconds
Pipeline ran okay.
Likelihood hmf_bins = -1434891.0601576061
Posterior = -1434889.2275761424 for parameter set #28: [0.3002526650713074, 0.7999780448841324]
Running module mass_function_like
Running module mass_function_like
Running module mass_function_like
Running module mass_function_like
Done mass_function_like status = 0 

mass_function_like took: 2.001 seconds
Total pipeline time: 2.0 seconds
Pipeline ran okay.
Likelihood hmf_bins = -4023185.8371683885
Posterior = -4023184.004586925 for parameter set #29: [0.29995421873660644, 0.7997494470046386]
Running module mass_function_like
Done mass_function_like status = 0 

mass_function_like took: 2.015 seconds
Total pipeline time: 2.02 seconds
Pipeline ran okay.
Likelihood hmf_bins = -3715973.076666549
Posterior = -3715971.244085085 for parameter set #29: [0.3006397024618807, 0.7993458608130171]
Running module mass_function_like
Done mass_function_like status = 0 

mass_function_like took: 2.020 seconds
Total pipeline time: 2.02 seconds
Pipeline ran okay.
Likelihood hmf_bins = -1434848.6495491345
Posterior = -1434846.8169676708 for parameter set #29: [0.30010072796207504, 0.79965930660116]
Running module mass_function_like
Done mass_function_like status = 0 

mass_function_like took: 2.022 seconds
Total pipeline time: 2.02 seconds
Pipeline ran okay.
Likelihood hmf_bins = -188930.6013347914
Posterior = -188928.76875332766 for parameter set #29: [0.3002625134797395, 0.7995658553563012]
Running module mass_function_like
Done mass_function_like status = 0 

mass_function_like took: 2.004 seconds
Total pipeline time: 2.0 seconds
Pipeline ran okay.
Likelihood hmf_bins = -4023144.530539745
Posterior = -4023142.6979582813 for parameter set #30: [0.2997152305544135, 0.7995522811579053]
Running module mass_function_like
Done mass_function_like status = 0 

mass_function_like took: 2.011 seconds
Total pipeline time: 2.01 seconds
Pipeline ran okay.
Likelihood hmf_bins = -1434818.6655931696
Posterior = -1434816.833011706 for parameter set #30: [0.2992578576663442, 0.800114011931648]
Running module mass_function_like
Done mass_function_like status = 0 

mass_function_like took: 2.010 seconds
Total pipeline time: 2.01 seconds
Pipeline ran okay.
Likelihood hmf_bins = -189163.1836052899
Posterior = -189161.35102382617 for parameter set #30: [0.29877872053716775, 0.7986228704149878]
Running module mass_function_like
Done mass_function_like status = 0 

mass_function_like took: 2.018 seconds
Total pipeline time: 2.02 seconds
Pipeline ran okay.
Likelihood hmf_bins = -3716018.3679005112
Posterior = -3716016.5353190475 for parameter set #30: [0.3001246299432594, 0.8002457043640221]
Running module mass_function_like
Done mass_function_like status = 0 

mass_function_like took: 2.019 seconds
Total pipeline time: 2.02 seconds
Pipeline ran okay.
Likelihood hmf_bins = -4023246.032824372
Posterior = -4023244.200242908 for parameter set #31: [0.3000139587884023, 0.8002896701024497]
Running module mass_function_like
Done mass_function_like status = 0 

mass_function_like took: 2.015 seconds
Total pipeline time: 2.01 seconds
Pipeline ran okay.
Likelihood hmf_bins = -1434649.8765414825
Posterior = -1434648.0439600188 for parameter set #31: [0.29931183127346866, 0.7982279614658826]
Running module mass_function_like
Done mass_function_like status = 0 

mass_function_like took: 2.017 seconds
Total pipeline time: 2.02 seconds
Pipeline ran okay.
Likelihood hmf_bins = -3715898.671604802
Posterior = -3715896.839023338 for parameter set #31: [0.2991009787986072, 0.7999655762110716]
Running module mass_function_like
Done mass_function_like status = 0 

mass_function_like took: 2.028 seconds
Total pipeline time: 2.03 seconds
Pipeline ran okay.
Likelihood hmf_bins = -188869.97526575747
Posterior = -188868.14268429374 for parameter set #31: [0.30015672157800877, 0.8003087543459871]
Running module mass_function_like
Done mass_function_like status = 0 

mass_function_like took: 1.999 seconds
Total pipeline time: 2.0 seconds
Pipeline ran okay.
Likelihood hmf_bins = -1434932.658540851
Posterior = -1434930.8259593872 for parameter set #32: [0.2999693323225016, 0.8006927744176588]
Done mass_function_like status = 0 

mass_function_like took: 2.029 seconds
Total pipeline time: 2.03 seconds
Pipeline ran okay.
Likelihood hmf_bins = -4023300.4282152033
Posterior = -4023298.5956337396 for parameter set #32: [0.30018316703460857, 0.80067838113115]
Done mass_function_like status = 0 

mass_function_like took: 2.018 seconds
Total pipeline time: 2.02 seconds
Pipeline ran okay.
Likelihood hmf_bins = -3715927.720167037
Posterior = -3715925.8875855734 for parameter set #32: [0.3000566911976908, 0.799410017622847]
Done mass_function_like status = 0 

mass_function_like took: 2.013 seconds
Total pipeline time: 2.01 seconds
Pipeline ran okay.
Likelihood hmf_bins = -188854.14267486593
Posterior = -188852.3100934022 for parameter set #32: [0.30059243013517933, 0.8000433071858649]
Running module mass_function_like
Running module mass_function_like
Running module mass_function_like
Running module mass_function_like
Done mass_function_like status = 0 

mass_function_like took: 2.003 seconds
Total pipeline time: 2.0 seconds
Pipeline ran okay.
Likelihood hmf_bins = -188874.95050733472
Posterior = -188873.117925871 for parameter set #33: [0.2994181039263726, 0.8009928024094626]
Running module mass_function_like
Done mass_function_like status = 0 

mass_function_like took: 2.018 seconds
Total pipeline time: 2.02 seconds
Pipeline ran okay.
Likelihood hmf_bins = -1434847.728404516
Posterior = -1434845.8958230522 for parameter set #33: [0.3000916072773512, 0.7996575787214427]
Running module mass_function_like
Done mass_function_like status = 0 

mass_function_like took: 2.019 seconds
Total pipeline time: 2.02 seconds
Pipeline ran okay.
Done mass_function_like status = 0 

mass_function_like took: 2.019 seconds
Total pipeline time: 2.02 seconds
Pipeline ran okay.
Likelihood hmf_bins = -3715920.2981792293
Likelihood hmf_bins = -4023248.8883081013
Posterior = -3715918.4655977655 for parameter set #33: [0.30099736492887075, 0.7985112376137037]
Posterior = -4023247.0557266376 for parameter set #33: [0.300432530210848, 0.7999494891993206]
Running module mass_function_like
Running module mass_function_like
Done mass_function_like status = 0 

mass_function_like took: 2.005 seconds
Total pipeline time: 2.0 seconds
Pipeline ran okay.
Likelihood hmf_bins = -189001.8591056417
Posterior = -189000.02652417796 for parameter set #34: [0.29957222105450676, 0.7995076203104361]
Running module mass_function_like
Done mass_function_like status = 0 

mass_function_like took: 2.000 seconds
Total pipeline time: 2.0 seconds
Pipeline ran okay.
Likelihood hmf_bins = -3715724.228916533
Posterior = -3715722.396335069 for parameter set #34: [0.29878805229617417, 0.7985058784518102]
Running module mass_function_like
Done mass_function_like status = 0 

mass_function_like took: 2.005 seconds
Total pipeline time: 2.01 seconds
Pipeline ran okay.
Likelihood hmf_bins = -1434838.5974135809
Posterior = -1434836.7648321171 for parameter set #34: [0.2999391359865705, 0.7997028405461607]
Running module mass_function_like
Done mass_function_like status = 0 

mass_function_like took: 2.012 seconds
Total pipeline time: 2.01 seconds
Pipeline ran okay.
Likelihood hmf_bins = -4023218.950332913
Posterior = -4023217.1177514493 for parameter set #34: [0.3001272165302171, 0.7999233329961921]
Running module mass_function_like
Done mass_function_like status = 0 

mass_function_like took: 2.004 seconds
Total pipeline time: 2.0 seconds
Pipeline ran okay.
Likelihood hmf_bins = -3715821.890166165
Posterior = -3715820.057584701 for parameter set #35: [0.2983438615090061, 0.7998693651152753]
Running module mass_function_like
Done mass_function_like status = 0 

mass_function_like took: 2.016 seconds
Total pipeline time: 2.02 seconds
Pipeline ran okay.
Likelihood hmf_bins = -188854.67325902623
Posterior = -188852.8406775625 for parameter set #35: [0.3002811145568835, 0.8003460423082414]
Done mass_function_like status = 0 

mass_function_like took: 2.001 seconds
Total pipeline time: 2.0 seconds
Pipeline ran okay.
Likelihood hmf_bins = -1434801.9096478217
Running module mass_function_like
Posterior = -1434800.077066358 for parameter set #35: [0.29974390296479464, 0.7994835942517767]
Running module mass_function_like
Done mass_function_like status = 0 

mass_function_like took: 2.014 seconds
Total pipeline time: 2.01 seconds
Pipeline ran okay.
Likelihood hmf_bins = -4023148.1052719085
Posterior = -4023146.2726904447 for parameter set #35: [0.30028258147926234, 0.7990844200830757]
Running module mass_function_like
Done mass_function_like status = 0 

mass_function_like took: 2.016 seconds
Total pipeline time: 2.02 seconds
Pipeline ran okay.
Likelihood hmf_bins = -3715989.121264712
Posterior = -3715987.288683248 for parameter set #36: [0.3003750538476484, 0.7997379864019455]
Done mass_function_like status = 0 

mass_function_like took: 2.024 seconds
Total pipeline time: 2.02 seconds
Pipeline ran okay.
Likelihood hmf_bins = -188657.5702324877
Posterior = -188655.73765102396 for parameter set #36: [0.30105484901775087, 0.8016785794127247]
Done mass_function_like status = 0 

mass_function_like took: 2.025 seconds
Total pipeline time: 2.02 seconds
Pipeline ran okay.
Likelihood hmf_bins = -1434839.2182630873
Posterior = -1434837.3856816236 for parameter set #36: [0.3006525150248592, 0.7990504921699353]
Done mass_function_like status = 0 

mass_function_like took: 2.012 seconds
Total pipeline time: 2.01 seconds
Pipeline ran okay.
Likelihood hmf_bins = -4023295.60896244
Posterior = -4023293.776380976 for parameter set #36: [0.3000495847276647, 0.8007493686278487]
Running module mass_function_like
Running module mass_function_like
Running module mass_function_like
Running module mass_function_like
Done mass_function_like status = 0 

mass_function_like took: 2.004 seconds
Total pipeline time: 2.0 seconds
Pipeline ran okay.
Likelihood hmf_bins = -4023159.203621396
Posterior = -4023157.371039932 for parameter set #37: [0.29988303035588987, 0.7995484999824104]
Running module mass_function_like
Done mass_function_like status = 0 

mass_function_like took: 2.005 seconds
Total pipeline time: 2.0 seconds
Pipeline ran okay.
Likelihood hmf_bins = -188913.16694783556
Posterior = -188911.33436637183 for parameter set #37: [0.2998025358473417, 0.8002077433720428]
Running module mass_function_like
Done mass_function_like status = 0 

mass_function_like took: 2.019 seconds
Total pipeline time: 2.02 seconds
Pipeline ran okay.
Likelihood hmf_bins = -3715961.7247887477
Posterior = -3715959.892207284 for parameter set #37: [0.30026217366578173, 0.7995648466381454]
Running module mass_function_like
Done mass_function_like status = 0 

mass_function_like took: 2.022 seconds
Total pipeline time: 2.02 seconds
Pipeline ran okay.
Likelihood hmf_bins = -1434907.0680523608
Posterior = -1434905.235470897 for parameter set #37: [0.3000578797360464, 0.8003313835499983]
Running module mass_function_like
Done mass_function_like status = 0 

mass_function_like took: 2.002 seconds
Total pipeline time: 2.0 seconds
Pipeline ran okay.
Likelihood hmf_bins = -188999.60224382443
Posterior = -188997.7696623607 for parameter set #38: [0.29994085470879334, 0.799167770051031]
Running module mass_function_like
Done mass_function_like status = 0 

mass_function_like took: 2.005 seconds
Total pipeline time: 2.01 seconds
Pipeline ran okay.
Likelihood hmf_bins = -4023119.9805435897
Posterior = -4023118.147962126 for parameter set #38: [0.2994938139215485, 0.7995018014426567]
Running module mass_function_like
Done mass_function_like status = 0 

mass_function_like took: 2.003 seconds
Total pipeline time: 2.0 seconds
Pipeline ran okay.
Likelihood hmf_bins = -1434840.1814663778
Posterior = -1434838.348884914 for parameter set #38: [0.299294094700304, 0.8003127358231288]
Running module mass_function_like
Done mass_function_like status = 0 

mass_function_like took: 2.021 seconds
Total pipeline time: 2.02 seconds
Pipeline ran okay.
Likelihood hmf_bins = -3716007.762491267
Posterior = -3716005.9299098034 for parameter set #38: [0.29999269205105517, 0.8002574766850838]
Running module mass_function_like
Done mass_function_like status = 0 

mass_function_like took: 2.017 seconds
Total pipeline time: 2.02 seconds
Pipeline ran okay.
Likelihood hmf_bins = -4023252.9435724183
Posterior = -4023251.1109909546 for parameter set #39: [0.30009682877755145, 0.8002864206565768]
Running module mass_function_like
Done mass_function_like status = 0 

mass_function_like took: 2.019 seconds
Total pipeline time: 2.02 seconds
Pipeline ran okay.
Likelihood hmf_bins = -188903.5850842697
Posterior = -188901.75250280596 for parameter set #39: [0.3002944161352526, 0.7998171261928523]
Running module mass_function_like
Done mass_function_like status = 0 

mass_function_like took: 2.007 seconds
Total pipeline time: 2.01 seconds
Pipeline ran okay.
Likelihood hmf_bins = -1434449.139802018
Posterior = -1434447.3072205542 for parameter set #39: [0.29844479033191357, 0.7968270420584496]
Running module mass_function_like
Done mass_function_like status = 0 

mass_function_like took: 2.014 seconds
Total pipeline time: 2.01 seconds
Pipeline ran okay.
Likelihood hmf_bins = -3715899.3105167323
Posterior = -3715897.4779352685 for parameter set #39: [0.29936345310261525, 0.7997400794200688]
Running module mass_function_like
Done mass_function_like status = 0 

mass_function_like took: 2.004 seconds
Total pipeline time: 2.0 seconds
Pipeline ran okay.
Likelihood hmf_bins = -188989.76275452966
Posterior = -188987.93017306592 for parameter set #40: [0.2994688291493195, 0.7997366543936899]
Done mass_function_like status = 0 

mass_function_like took: 2.012 seconds
Total pipeline time: 2.01 seconds
Pipeline ran okay.
Likelihood hmf_bins = -4023336.7378487247
Posterior = -4023334.905267261 for parameter set #40: [0.30055197243584975, 0.8007118115572367]
Done mass_function_like status = 0 

mass_function_like took: 2.015 seconds
Total pipeline time: 2.02 seconds
Pipeline ran okay.
Likelihood hmf_bins = -1434892.547847979
Posterior = -1434890.7152665153 for parameter set #40: [0.300242620804776, 0.8000033574377923]
Done mass_function_like status = 0 

mass_function_like took: 1.999 seconds
Total pipeline time: 2.0 seconds
Pipeline ran okay.
Likelihood hmf_bins = -3715945.587717257
Posterior = -3715943.7551357932 for parameter set #40: [0.2998101126248715, 0.7998062997902774]
Running module mass_function_like
Running module mass_function_like
Running module mass_function_like
Running module mass_function_like
Done mass_function_like status = 0 

mass_function_like took: 2.000 seconds
Total pipeline time: 2.0 seconds
Pipeline ran okay.
Likelihood hmf_bins = -188945.69178068737
Posterior = -188943.85919922363 for parameter set #41: [0.2995881338319283, 0.8000796241984178]
Running module mass_function_like
Done mass_function_like status = 0 

mass_function_like took: 2.006 seconds
Total pipeline time: 2.01 seconds
Pipeline ran okay.
Likelihood hmf_bins = -4023158.467756571
Posterior = -4023156.635175107 for parameter set #41: [0.29947972099899023, 0.7998969568526018]
Running module mass_function_like
Done mass_function_like status = 0 

mass_function_like took: 2.013 seconds
Total pipeline time: 2.01 seconds
Pipeline ran okay.
Likelihood hmf_bins = -1434958.1865700644
Posterior = -1434956.3539886007 for parameter set #41: [0.30154651865934506, 0.7995163012644143]
Running module mass_function_like
Done mass_function_like status = 0 

mass_function_like took: 2.021 seconds
Total pipeline time: 2.02 seconds
Pipeline ran okay.
Likelihood hmf_bins = -3715960.0115353707
Posterior = -3715958.178953907 for parameter set #41: [0.3001778785807498, 0.7996228880171453]
Running module mass_function_like
Done mass_function_like status = 0 

mass_function_like took: 2.000 seconds
Total pipeline time: 2.0 seconds
Pipeline ran okay.
Likelihood hmf_bins = -188968.56439406052
Posterior = -188966.7318125968 for parameter set #42: [0.2999713202436812, 0.7994610416965525]
Running module mass_function_like
Done mass_function_like status = 0 

mass_function_like took: 2.006 seconds
Total pipeline time: 2.01 seconds
Pipeline ran okay.
Likelihood hmf_bins = -4023324.4145073653
Posterior = -4023322.5819259016 for parameter set #42: [0.3007039281880081, 0.8004593016527158]
Running module mass_function_like
Done mass_function_like status = 0 

mass_function_like took: 2.016 seconds
Total pipeline time: 2.02 seconds
Pipeline ran okay.
Likelihood hmf_bins = -1434915.854495552
Posterior = -1434914.0219140882 for parameter set #42: [0.30000678800826713, 0.8004736787468353]
Running module mass_function_like
Done mass_function_like status = 0 

mass_function_like took: 2.020 seconds
Total pipeline time: 2.02 seconds
Pipeline ran okay.
Likelihood hmf_bins = -3715978.2593988506
Posterior = -3715976.426817387 for parameter set #42: [0.30036031658559176, 0.7996424522170522]
Running module mass_function_like
Done mass_function_like status = 0 

mass_function_like took: 2.003 seconds
Total pipeline time: 2.0 seconds
Pipeline ran okay.
Likelihood hmf_bins = -188903.71546446797
Posterior = -188901.88288300423 for parameter set #43: [0.29992425030145226, 0.8001862111431568]
Running module mass_function_like
Done mass_function_like status = 0 

mass_function_like took: 1.999 seconds
Total pipeline time: 2.0 seconds
Pipeline ran okay.
Likelihood hmf_bins = -4023133.6563891056
Posterior = -4023131.823807642 for parameter set #43: [0.29919444340360457, 0.7999012277793955]
Running module mass_function_like
Done mass_function_like status = 0 

mass_function_like took: 2.003 seconds
Total pipeline time: 2.0 seconds
Pipeline ran okay.
Likelihood hmf_bins = -1434797.6959178066
Posterior = -1434795.8633363429 for parameter set #43: [0.29968495382194876, 0.7994918439011519]
Running module mass_function_like
Done mass_function_like status = 0 

mass_function_like took: 2.000 seconds
Total pipeline time: 2.0 seconds
Pipeline ran okay.
Likelihood hmf_bins = -3715681.7524927696
Posterior = -3715679.919911306 for parameter set #43: [0.299206225852456, 0.7977159507032261]
Running module mass_function_like
Done mass_function_like status = 0 

mass_function_like took: 2.004 seconds
Total pipeline time: 2.0 seconds
Pipeline ran okay.
Likelihood hmf_bins = -188820.12068877608
Posterior = -188818.28810731234 for parameter set #44: [0.3008388440880529, 0.8001646341084547]
Done mass_function_like status = 0 

mass_function_like took: 2.013 seconds
Total pipeline time: 2.01 seconds
Pipeline ran okay.
Likelihood hmf_bins = -4023401.5494191227
Posterior = -4023399.716837659 for parameter set #44: [0.3005480361637654, 0.8013552133202042]
Done mass_function_like status = 0 

mass_function_like took: 2.016 seconds
Total pipeline time: 2.02 seconds
Pipeline ran okay.
Likelihood hmf_bins = -1434879.3021390445
Posterior = -1434877.4695575808 for parameter set #44: [0.3002945440842292, 0.799812038505227]
Done mass_function_like status = 0 

mass_function_like took: 2.010 seconds
Total pipeline time: 2.01 seconds
Pipeline ran okay.
Likelihood hmf_bins = -3716056.307751917
Posterior = -3716054.475170453 for parameter set #44: [0.30017745623093456, 0.8005756721854229]
Running module mass_function_like
Running module mass_function_like
Running module mass_function_like
Running module mass_function_like
Done mass_function_like status = 0 

mass_function_like took: 2.002 seconds
Total pipeline time: 2.0 seconds
Pipeline ran okay.
Likelihood hmf_bins = -188940.64591882355
Posterior = -188938.8133373598 for parameter set #45: [0.29994168764216306, 0.7997820492834276]
Running module mass_function_like
Done mass_function_like status = 0 

mass_function_like took: 2.002 seconds
Total pipeline time: 2.0 seconds
Pipeline ran okay.
Likelihood hmf_bins = -4023263.177942452
Posterior = -4023261.3453609883 for parameter set #45: [0.29940854420600843, 0.8009979927965042]
Running module mass_function_like
Done mass_function_like status = 0 

mass_function_like took: 2.016 seconds
Total pipeline time: 2.02 seconds
Pipeline ran okay.
Likelihood hmf_bins = -1434834.1288894233
Posterior = -1434832.2963079596 for parameter set #45: [0.30003372455248867, 0.799563004117764]
Running module mass_function_like
Done mass_function_like status = 0 

mass_function_like took: 2.017 seconds
Total pipeline time: 2.02 seconds
Pipeline ran okay.
Likelihood hmf_bins = -3716098.433882845
Posterior = -3716096.6013013814 for parameter set #45: [0.3001279092960266, 0.8010355195767209]
Running module mass_function_like
Done mass_function_like status = 0 

mass_function_like took: 2.011 seconds
Total pipeline time: 2.01 seconds
Pipeline ran okay.
Likelihood hmf_bins = -189095.04470487605
Posterior = -189093.21212341232 for parameter set #46: [0.29907633153191354, 0.799031733674393]
Running module mass_function_like
Done mass_function_like status = 0 

mass_function_like took: 2.016 seconds
Total pipeline time: 2.02 seconds
Pipeline ran okay.
Likelihood hmf_bins = -4023157.939153889
Posterior = -4023156.1065724255 for parameter set #46: [0.29978865203296823, 0.7996198858664869]
Running module mass_function_like
Done mass_function_like status = 0 

mass_function_like took: 2.011 seconds
Total pipeline time: 2.01 seconds
Pipeline ran okay.
Done mass_function_like status = 0 

Likelihood hmf_bins = -1434659.429355713
mass_function_like took: 2.010 seconds
Total pipeline time: 2.01 seconds
Pipeline ran okay.
Likelihood hmf_bins = -3715893.9697950752
Posterior = -1434657.5967742493 for parameter set #46: [0.2987259934413929, 0.798871301656597]
Posterior = -3715892.1372136115 for parameter set #46: [0.2997414304102184, 0.7993547641943342]
Running module mass_function_like
Running module mass_function_like
Done mass_function_like status = 0 

mass_function_like took: 2.003 seconds
Total pipeline time: 2.0 seconds
Pipeline ran okay.
Likelihood hmf_bins = -189162.31284747762
Posterior = -189160.48026601388 for parameter set #47: [0.29943683896575585, 0.7979851711223958]
Running module mass_function_like
Done mass_function_like status = 0 

mass_function_like took: 2.029 seconds
Total pipeline time: 2.03 seconds
Pipeline ran okay.
Likelihood hmf_bins = -4023208.6531328764
Posterior = -4023206.8205514126 for parameter set #47: [0.3004829266155394, 0.7995074112994487]
Running module mass_function_like
Done mass_function_like status = 0 

mass_function_like took: 2.020 seconds
Total pipeline time: 2.02 seconds
Pipeline ran okay.
Likelihood hmf_bins = -1434962.1187920598
Posterior = -1434960.286210596 for parameter set #47: [0.3005551311218999, 0.8004687679277801]
Running module mass_function_like
Done mass_function_like status = 0 

mass_function_like took: 2.023 seconds
Total pipeline time: 2.02 seconds
Pipeline ran okay.
Likelihood hmf_bins = -3716014.26382869
Posterior = -3716012.4312472264 for parameter set #47: [0.30002693936347097, 0.8002928078445263]
Running module mass_function_like
Done mass_function_like status = 0 

mass_function_like took: 2.017 seconds
Total pipeline time: 2.02 seconds
Pipeline ran okay.
Likelihood hmf_bins = -188877.4191602209
Posterior = -188875.58657875715 for parameter set #48: [0.3003077317756509, 0.8000806249864661]
Done mass_function_like status = 0 

mass_function_like took: 2.015 seconds
Total pipeline time: 2.02 seconds
Pipeline ran okay.
Likelihood hmf_bins = -4023337.6402683095
Posterior = -4023335.807686846 for parameter set #48: [0.3005767030427838, 0.8007000112761877]
Done mass_function_like status = 0 

mass_function_like took: 2.017 seconds
Total pipeline time: 2.02 seconds
Pipeline ran okay.
Likelihood hmf_bins = -1434837.4843593559
Posterior = -1434835.6517778921 for parameter set #48: [0.300033607484113, 0.7995995238648946]
Done mass_function_like status = 0 

mass_function_like took: 2.014 seconds
Total pipeline time: 2.01 seconds
Pipeline ran okay.
Likelihood hmf_bins = -3716181.8524067886
Posterior = -3716180.019825325 for parameter set #48: [0.30019451984546514, 0.801798567052844]
Running module mass_function_like
Running module mass_function_like
Running module mass_function_like
Running module mass_function_like
Done mass_function_like status = 0 

mass_function_like took: 2.003 seconds
Total pipeline time: 2.0 seconds
Pipeline ran okay.
Likelihood hmf_bins = -4023278.8412263803
Posterior = -4023277.0086449166 for parameter set #49: [0.2991214036336091, 0.8014066975718049]
Running module mass_function_like
Done mass_function_like status = 0 

mass_function_like took: 2.004 seconds
Total pipeline time: 2.0 seconds
Pipeline ran okay.
Likelihood hmf_bins = -188911.5039927078
Posterior = -188909.67141124405 for parameter set #49: [0.29963480223415084, 0.8003908145477905]
Running module mass_function_like
Done mass_function_like status = 0 

mass_function_like took: 2.016 seconds
Total pipeline time: 2.02 seconds
Pipeline ran okay.
Likelihood hmf_bins = -3716012.5066445963
Posterior = -3716010.6740631326 for parameter set #49: [0.30043577034623814, 0.7999155941697786]
Running module mass_function_like
Done mass_function_like status = 0 

mass_function_like took: 2.019 seconds
Total pipeline time: 2.02 seconds
Pipeline ran okay.
Likelihood hmf_bins = -1434846.054160517
Posterior = -1434844.2215790532 for parameter set #49: [0.30030753609791155, 0.7994419379762648]
Running module mass_function_like
Done mass_function_like status = 0 

mass_function_like took: 1.997 seconds
Total pipeline time: 2.0 seconds
Pipeline ran okay.
Likelihood hmf_bins = -4023131.771449317
Posterior = -4023129.9388678535 for parameter set #50: [0.29961055092091254, 0.7995167533277614]
Running module mass_function_like
Done mass_function_like status = 0 

mass_function_like took: 2.008 seconds
Total pipeline time: 2.01 seconds
Pipeline ran okay.
Likelihood hmf_bins = -189039.68493946537
Posterior = -189037.85235800163 for parameter set #50: [0.2993154193935556, 0.7993694005089141]
Running module mass_function_like
Done mass_function_like status = 0 

mass_function_like took: 1.998 seconds
Total pipeline time: 2.0 seconds
Pipeline ran okay.
Likelihood hmf_bins = -3715905.1949576777
Posterior = -3715903.362376214 for parameter set #50: [0.29965212846608796, 0.7995445239443184]
Running module mass_function_like
Done mass_function_like status = 0 

mass_function_like took: 2.007 seconds
Total pipeline time: 2.01 seconds
Pipeline ran okay.
Likelihood hmf_bins = -1434770.4676997426
Posterior = -1434768.635118279 for parameter set #50: [0.299181682628005, 0.799659848193745]
Running module mass_function_like
Done mass_function_like status = 0 

mass_function_like took: 1.999 seconds
Total pipeline time: 2.0 seconds
Pipeline ran okay.
Likelihood hmf_bins = -188917.4975534734
Posterior = -188915.66497200966 for parameter set #51: [0.29967606111958217, 0.8002889276504408]
Running module mass_function_like
Done mass_function_like status = 0 

mass_function_like took: 2.017 seconds
Total pipeline time: 2.02 seconds
Pipeline ran okay.
Likelihood hmf_bins = -4023320.7978350506
Posterior = -4023318.965253587 for parameter set #51: [0.30027009476504485, 0.8008035105876634]
Running module mass_function_like
Done mass_function_like status = 0 

mass_function_like took: 1.999 seconds
Total pipeline time: 2.0 seconds
Pipeline ran okay.
Likelihood hmf_bins = -1434868.175610377
Posterior = -1434866.3430289133 for parameter set #51: [0.29981562089498603, 0.8001375585691495]
Running module mass_function_like
Done mass_function_like status = 0 

mass_function_like took: 2.018 seconds
Total pipeline time: 2.02 seconds
Pipeline ran okay.
Likelihood hmf_bins = -3715965.476653005
Posterior = -3715963.6440715413 for parameter set #51: [0.30048249069306615, 0.7994082304568378]
Running module mass_function_like
Done mass_function_like status = 0 

mass_function_like took: 2.015 seconds
Total pipeline time: 2.01 seconds
Pipeline ran okay.
Likelihood hmf_bins = -188530.41629023937
Posterior = -188528.58370877564 for parameter set #52: [0.30154533450455656, 0.8025701619419304]
Done mass_function_like status = 0 

mass_function_like took: 2.011 seconds
Total pipeline time: 2.01 seconds
Pipeline ran okay.
Likelihood hmf_bins = -4023323.851742627
Posterior = -4023322.0191611634 for parameter set #52: [0.30020709036015636, 0.8008899131022381]
Done mass_function_like status = 0 

mass_function_like took: 2.004 seconds
Total pipeline time: 2.0 seconds
Pipeline ran okay.
Likelihood hmf_bins = -1434809.15817738
Posterior = -1434807.3255959162 for parameter set #52: [0.29961490868257384, 0.7996806022354928]
Done mass_function_like status = 0 

mass_function_like took: 2.010 seconds
Total pipeline time: 2.01 seconds
Pipeline ran okay.
Likelihood hmf_bins = -3716024.817112801
Posterior = -3716022.9845313374 for parameter set #52: [0.3005645971575302, 0.7999220751422046]
Running module mass_function_like
Running module mass_function_like
Running module mass_function_like
Running module mass_function_like
Done mass_function_like status = 0 

mass_function_like took: 2.018 seconds
Total pipeline time: 2.02 seconds
Pipeline ran okay.
Likelihood hmf_bins = -4023263.9660676904
Posterior = -4023262.1334862267 for parameter set #53: [0.300353179201679, 0.8001682180242571]
Running module mass_function_like
Done mass_function_like status = 0 

mass_function_like took: 2.022 seconds
Total pipeline time: 2.02 seconds
Pipeline ran okay.
Likelihood hmf_bins = -1434907.1486982317
Posterior = -1434905.316116768 for parameter set #53: [0.30005802952203603, 0.8003320658329464]
Running module mass_function_like
Done mass_function_like status = 0 

mass_function_like took: 2.023 seconds
Total pipeline time: 2.02 seconds
Pipeline ran okay.
Likelihood hmf_bins = -188943.32600943258
Posterior = -188941.49342796885 for parameter set #53: [0.3000060450013092, 0.7996874169981371]
Running module mass_function_like
Done mass_function_like status = 0 

mass_function_like took: 2.028 seconds
Total pipeline time: 2.03 seconds
Pipeline ran okay.
Likelihood hmf_bins = -3716010.3729879907
Posterior = -3716008.540406527 for parameter set #53: [0.30127384860944356, 0.799156977285605]
Running module mass_function_like
Done mass_function_like status = 0 

mass_function_like took: 2.005 seconds
Total pipeline time: 2.01 seconds
Pipeline ran okay.
Likelihood hmf_bins = -3715935.1102277203
Posterior = -3715933.2776462566 for parameter set #54: [0.29971466587747025, 0.7997855804492012]
Running module mass_function_like
Done mass_function_like status = 0 

mass_function_like took: 2.019 seconds
Total pipeline time: 2.02 seconds
Pipeline ran okay.
Likelihood hmf_bins = -4023433.6572899637
Posterior = -4023431.8247085 for parameter set #54: [0.30107531556959055, 0.801206589396119]
Running module mass_function_like
Done mass_function_like status = 0 

mass_function_like took: 2.026 seconds
Total pipeline time: 2.03 seconds
Pipeline ran okay.
Likelihood hmf_bins = -189141.94023186504
Posterior = -189140.1076504013 for parameter set #54: [0.2987392288915948, 0.7988799409165005]
Running module mass_function_like
Done mass_function_like status = 0 

mass_function_like took: 2.030 seconds
Total pipeline time: 2.03 seconds
Pipeline ran okay.
Likelihood hmf_bins = -1434896.1850563607
Posterior = -1434894.352474897 for parameter set #54: [0.3002732407888681, 0.8000144179409701]
Running module mass_function_like
Done mass_function_like status = 0 

mass_function_like took: 2.004 seconds
Total pipeline time: 2.0 seconds
Pipeline ran okay.
Likelihood hmf_bins = -3715705.372409538
Posterior = -3715703.539828074 for parameter set #55: [0.29897397534036574, 0.7981534476087669]
Running module mass_function_like
Done mass_function_like status = 0 

mass_function_like took: 2.012 seconds
Total pipeline time: 2.01 seconds
Pipeline ran okay.
Likelihood hmf_bins = -4023374.967552631
Posterior = -4023373.1349711674 for parameter set #55: [0.3009328733529391, 0.8007528278837529]
Running module mass_function_like
Done mass_function_like status = 0 

Done mass_function_like status = 0 

mass_function_like took: 2.003 seconds
Total pipeline time: 2.0 seconds
Pipeline ran okay.
mass_function_like took: 2.001 seconds
Total pipeline time: 2.0 seconds
Pipeline ran okay.
Likelihood hmf_bins = -1434794.1474196052
Likelihood hmf_bins = -189007.25765725147
Posterior = -1434792.3148381414 for parameter set #55: [0.2998566434421203, 0.7992973662417227]
Posterior = -189005.42507578773 for parameter set #55: [0.29903184904180435, 0.7999856750701466]
Running module mass_function_like
Running module mass_function_like
Done mass_function_like status = 0 

mass_function_like took: 2.021 seconds
Total pipeline time: 2.02 seconds
Pipeline ran okay.
Likelihood hmf_bins = -3715949.7189911585
Posterior = -3715947.886409695 for parameter set #56: [0.30053494748673687, 0.7992058504802243]
Done mass_function_like status = 0 

mass_function_like took: 2.011 seconds
Total pipeline time: 2.01 seconds
Pipeline ran okay.
Likelihood hmf_bins = -1434384.9948658335
Posterior = -1434383.1622843698 for parameter set #56: [0.29945417013478515, 0.7952029102929652]
Done mass_function_like status = 0 

mass_function_like took: 2.021 seconds
Total pipeline time: 2.02 seconds
Pipeline ran okay.
Likelihood hmf_bins = -4023239.7137392564
Posterior = -4023237.8811577926 for parameter set #56: [0.30012525357625863, 0.8001308677571083]
Done mass_function_like status = 0 

mass_function_like took: 2.024 seconds
Total pipeline time: 2.02 seconds
Pipeline ran okay.
Likelihood hmf_bins = -188929.48654104257
Posterior = -188927.65395957883 for parameter set #56: [0.30028445493866524, 0.7995554648849389]
Running module mass_function_like
Running module mass_function_like
Running module mass_function_like
Running module mass_function_like
Done mass_function_like status = 0 

mass_function_like took: 2.003 seconds
Total pipeline time: 2.0 seconds
Pipeline ran okay.
Likelihood hmf_bins = -4022994.8054882367
Posterior = -4022992.972906773 for parameter set #57: [0.29828244863565184, 0.799323826630211]
Running module mass_function_like
Done mass_function_like status = 0 

mass_function_like took: 2.009 seconds
Total pipeline time: 2.01 seconds
Pipeline ran okay.
Likelihood hmf_bins = -1434801.0740839203
Posterior = -1434799.2415024566 for parameter set #57: [0.29994722333796087, 0.7992892107013178]
Running module mass_function_like
Done mass_function_like status = 0 

mass_function_like took: 2.012 seconds
Total pipeline time: 2.01 seconds
Pipeline ran okay.
Likelihood hmf_bins = -3716278.8817989803
Posterior = -3716277.0492175166 for parameter set #57: [0.30218638387921803, 0.8009971073247462]
Running module mass_function_like
Done mass_function_like status = 0 

mass_function_like took: 2.024 seconds
Total pipeline time: 2.02 seconds
Pipeline ran okay.
Likelihood hmf_bins = -188969.80665217002
Posterior = -188967.9740707063 for parameter set #57: [0.3002989414967854, 0.799121310939512]
Running module mass_function_like
Done mass_function_like status = 0 

mass_function_like took: 2.003 seconds
Total pipeline time: 2.0 seconds
Pipeline ran okay.
Likelihood hmf_bins = -4023148.849845257
Posterior = -4023147.0172637934 for parameter set #58: [0.29965428399764277, 0.7996468859481402]
Running module mass_function_like
Done mass_function_like status = 0 

mass_function_like took: 2.002 seconds
Total pipeline time: 2.0 seconds
Pipeline ran okay.
Likelihood hmf_bins = -1434902.4873164934
Posterior = -1434900.6547350297 for parameter set #58: [0.29991380093064074, 0.8004167279540533]
Running module mass_function_like
Done mass_function_like status = 0 

mass_function_like took: 2.002 seconds
Total pipeline time: 2.0 seconds
Pipeline ran okay.
Likelihood hmf_bins = -188972.89473603808
Posterior = -188971.06215457435 for parameter set #58: [0.2994915833207379, 0.7998896458352366]
Running module mass_function_like
Done mass_function_like status = 0 

mass_function_like took: 2.018 seconds
Total pipeline time: 2.02 seconds
Pipeline ran okay.
Likelihood hmf_bins = -3715978.9157728655
Posterior = -3715977.083191402 for parameter set #58: [0.3003408849955467, 0.7996659226090302]
Running module mass_function_like
Done mass_function_like status = 0 

mass_function_like took: 2.000 seconds
Total pipeline time: 2.0 seconds
Pipeline ran okay.
Likelihood hmf_bins = -1434708.4383245672
Posterior = -1434706.6057431034 for parameter set #59: [0.29950602178114816, 0.7986885553689087]
Running module mass_function_like
Done mass_function_like status = 0 

mass_function_like took: 2.002 seconds
Total pipeline time: 2.0 seconds
Pipeline ran okay.
Likelihood hmf_bins = -189041.89069641678
Posterior = -189040.05811495305 for parameter set #59: [0.29893159558611576, 0.7997242725607706]
Running module mass_function_like
Done mass_function_like status = 0 

mass_function_like took: 2.006 seconds
Total pipeline time: 2.01 seconds
Pipeline ran okay.
Likelihood hmf_bins = -3715976.4727144316
Posterior = -3715974.640132968 for parameter set #59: [0.299637226526036, 0.8002652390476687]
Running module mass_function_like
Done mass_function_like status = 0 

mass_function_like took: 2.031 seconds
Total pipeline time: 2.03 seconds
Pipeline ran okay.
Likelihood hmf_bins = -4023231.7069321615
Posterior = -4023229.8743506977 for parameter set #59: [0.300037424115122, 0.8001285926091679]
Running module mass_function_like
Done mass_function_like status = 0 

mass_function_like took: 2.021 seconds
Total pipeline time: 2.02 seconds
Pipeline ran okay.
Likelihood hmf_bins = -1434749.636036549
Posterior = -1434747.8034550853 for parameter set #60: [0.3001485381398816, 0.7985429255042772]
Done mass_function_like status = 0 

mass_function_like took: 2.004 seconds
Total pipeline time: 2.0 seconds
Pipeline ran okay.
Likelihood hmf_bins = -3715960.604418869
Posterior = -3715958.7718374054 for parameter set #60: [0.2997199737790244, 0.8000345023023491]
Done mass_function_like status = 0 

mass_function_like took: 2.028 seconds
Total pipeline time: 2.03 seconds
Pipeline ran okay.
Likelihood hmf_bins = -188859.3162412575
Posterior = -188857.48365979377 for parameter set #60: [0.3006146298751332, 0.7999663268107187]
Done mass_function_like status = 0 

mass_function_like took: 2.019 seconds
Total pipeline time: 2.02 seconds
Pipeline ran okay.
Likelihood hmf_bins = -4023881.613544865
Posterior = -4023879.7809634013 for parameter set #60: [0.30238961312875484, 0.8044282601932925]
Running module mass_function_like
Running module mass_function_like
Running module mass_function_like
Running module mass_function_like
Done mass_function_like status = 0 

mass_function_like took: 2.008 seconds
Total pipeline time: 2.01 seconds
Pipeline ran okay.
Likelihood hmf_bins = -3715991.849857913
Posterior = -3715990.017276449 for parameter set #61: [0.2996631764930784, 0.8003934499497054]
Running module mass_function_like
Done mass_function_like status = 0 

mass_function_like took: 2.013 seconds
Total pipeline time: 2.01 seconds
Pipeline ran okay.
Likelihood hmf_bins = -188946.21505476185
Posterior = -188944.38247329812 for parameter set #61: [0.2999458381332784, 0.7997209994641286]
Running module mass_function_like
Done mass_function_like status = 0 

mass_function_like took: 2.018 seconds
Total pipeline time: 2.02 seconds
Pipeline ran okay.
Likelihood hmf_bins = -4023264.2416292285
Posterior = -4023262.4090477647 for parameter set #61: [0.2993419384946716, 0.801066733134265]
Running module mass_function_like
Done mass_function_like status = 0 

mass_function_like took: 2.029 seconds
Total pipeline time: 2.03 seconds
Pipeline ran okay.
Likelihood hmf_bins = -1434924.9010760623
Posterior = -1434923.0684945986 for parameter set #61: [0.3003293510684531, 0.8002738857779301]
Running module mass_function_like
Done mass_function_like status = 0 

mass_function_like took: 2.011 seconds
Total pipeline time: 2.01 seconds
Pipeline ran okay.
Likelihood hmf_bins = -3715920.5441694316
Posterior = -3715918.711587968 for parameter set #62: [0.29958108883104795, 0.799759519433597]
Running module mass_function_like
Done mass_function_like status = 0 

mass_function_like took: 2.029 seconds
Total pipeline time: 2.03 seconds
Pipeline ran okay.
Likelihood hmf_bins = -189049.0506979764
Posterior = -189047.21811651267 for parameter set #62: [0.29927883794544696, 0.7993074547695065]
Running module mass_function_like
Done mass_function_like status = 0 

mass_function_like took: 2.034 seconds
Total pipeline time: 2.03 seconds
Pipeline ran okay.
Likelihood hmf_bins = -4023349.6348412917
Posterior = -4023347.802259828 for parameter set #62: [0.30090430090526016, 0.8005280872092194]
Running module mass_function_like
Done mass_function_like status = 0 

mass_function_like took: 2.027 seconds
Total pipeline time: 2.03 seconds
Pipeline ran okay.
Likelihood hmf_bins = -1434858.4802952765
Posterior = -1434856.6477138128 for parameter set #62: [0.3000114791597996, 0.7998476251409502]
Running module mass_function_like
Done mass_function_like status = 0 

mass_function_like took: 2.018 seconds
Total pipeline time: 2.02 seconds
Pipeline ran okay.
Likelihood hmf_bins = -3716120.171305713
Posterior = -3716118.338724249 for parameter set #63: [0.300470875916037, 0.80094667446255]
Running module mass_function_like
Done mass_function_like status = 0 

mass_function_like took: 2.017 seconds
Total pipeline time: 2.02 seconds
Pipeline ran okay.
Likelihood hmf_bins = -188899.6217654283
Posterior = -188897.78918396457 for parameter set #63: [0.30031186803409765, 0.7998421082386475]
Running module mass_function_like
Done mass_function_like status = 0 

mass_function_like took: 2.005 seconds
Total pipeline time: 2.01 seconds
Pipeline ran okay.
Likelihood hmf_bins = -1434549.3934067995
Posterior = -1434547.5608253358 for parameter set #63: [0.29889022627836676, 0.7975180109647223]
Running module mass_function_like
Done mass_function_like status = 0 

mass_function_like took: 2.013 seconds
Total pipeline time: 2.01 seconds
Pipeline ran okay.
Likelihood hmf_bins = -4023280.0907626934
Posterior = -4023278.2581812297 for parameter set #63: [0.29980239956090815, 0.8008166239665773]
Running module mass_function_like
Done mass_function_like status = 0 

mass_function_like took: 2.022 seconds
Total pipeline time: 2.02 seconds
Pipeline ran okay.
Likelihood hmf_bins = -3715967.292488081
Posterior = -3715965.459906617 for parameter set #64: [0.30026322566089225, 0.7996187968099031]
Done mass_function_like status = 0 

mass_function_like took: 2.002 seconds
Total pipeline time: 2.0 seconds
Pipeline ran okay.
Likelihood hmf_bins = -1434640.345330133
Posterior = -1434638.5127486694 for parameter set #64: [0.29943754735070094, 0.7980098147813691]
Done mass_function_like status = 0 

mass_function_like took: 2.018 seconds
Total pipeline time: 2.02 seconds
Pipeline ran okay.
Likelihood hmf_bins = -188888.47172494623
Posterior = -188886.6391434825 for parameter set #64: [0.3003118946148754, 0.7999592658295628]
Done mass_function_like status = 0 

mass_function_like took: 2.031 seconds
Total pipeline time: 2.03 seconds
Pipeline ran okay.
Likelihood hmf_bins = -4023310.2982457164
Posterior = -4023308.4656642526 for parameter set #64: [0.30012905292829034, 0.8008244876667948]
Running module mass_function_like
Running module mass_function_like
Running module mass_function_like
Running module mass_function_like
Done mass_function_like status = 0 

mass_function_like took: 2.006 seconds
Total pipeline time: 2.01 seconds
Pipeline ran okay.
Likelihood hmf_bins = -1434686.3868899462
Posterior = -1434684.5543084824 for parameter set #65: [0.2990710399643927, 0.7988468442311025]
Running module mass_function_like
Done mass_function_like status = 0 

mass_function_like took: 2.007 seconds
Total pipeline time: 2.01 seconds
Pipeline ran okay.
Likelihood hmf_bins = -189350.11021244252
Posterior = -189348.2776309788 for parameter set #65: [0.2984863471817389, 0.797009671922444]
Running module mass_function_like
Done mass_function_like status = 0 

mass_function_like took: 2.022 seconds
Total pipeline time: 2.02 seconds
Pipeline ran okay.
Likelihood hmf_bins = -4023255.994215423
Posterior = -4023254.161633959 for parameter set #65: [0.2990917158620712, 0.8012064434782141]
Running module mass_function_like
Done mass_function_like status = 0 

mass_function_like took: 2.029 seconds
Total pipeline time: 2.03 seconds
Pipeline ran okay.
Likelihood hmf_bins = -3716068.538986963
Posterior = -3716066.7064054995 for parameter set #65: [0.3001393136409794, 0.8007298085035774]
Running module mass_function_like
Done mass_function_like status = 0 

mass_function_like took: 2.004 seconds
Total pipeline time: 2.0 seconds
Pipeline ran okay.
Likelihood hmf_bins = -1434822.0306327334
Posterior = -1434820.1980512696 for parameter set #66: [0.2999754857017965, 0.7994907448801006]
Running module mass_function_like
Done mass_function_like status = 0 

mass_function_like took: 2.004 seconds
Total pipeline time: 2.0 seconds
Pipeline ran okay.
Likelihood hmf_bins = -189012.63875639392
Posterior = -189010.80617493019 for parameter set #66: [0.29941734764936206, 0.7995494296624298]
Running module mass_function_like
Done mass_function_like status = 0 

mass_function_like took: 2.006 seconds
Total pipeline time: 2.01 seconds
Pipeline ran okay.
Likelihood hmf_bins = -3715889.4112693453
Posterior = -3715887.5786878816 for parameter set #66: [0.29930899747515155, 0.7996906533612235]
Running module mass_function_like
Done mass_function_like status = 0 

mass_function_like took: 2.015 seconds
Total pipeline time: 2.01 seconds
Pipeline ran okay.
Likelihood hmf_bins = -4023409.0250399606
Posterior = -4023407.192458497 for parameter set #66: [0.30103599685145, 0.8009987190236508]
Running module mass_function_like
Done mass_function_like status = 0 

mass_function_like took: 2.005 seconds
Total pipeline time: 2.01 seconds
Pipeline ran okay.
Likelihood hmf_bins = -188889.6296058172
Posterior = -188887.79702435347 for parameter set #67: [0.299735449781746, 0.8005235263018486]
Running module mass_function_like
Done mass_function_like status = 0 

mass_function_like took: 2.011 seconds
Total pipeline time: 2.01 seconds
Pipeline ran okay.
Likelihood hmf_bins = -1434540.2846486222
Posterior = -1434538.4520671584 for parameter set #67: [0.29903751762484215, 0.7972841926698998]
Running module mass_function_like
Done mass_function_like status = 0 

mass_function_like took: 2.018 seconds
Total pipeline time: 2.02 seconds
Pipeline ran okay.
Done mass_function_like status = 0 

mass_function_like took: 2.016 seconds
Total pipeline time: 2.02 seconds
Pipeline ran okay.
Likelihood hmf_bins = -3716023.6980083785
Likelihood hmf_bins = -4023219.937721761
Posterior = -3716021.8654269148 for parameter set #67: [0.30018682905907307, 0.8002452165651459]
Posterior = -4023218.105140297 for parameter set #67: [0.30043949148814036, 0.7996578806242471]
Running module mass_function_like
Running module mass_function_like
Done mass_function_like status = 0 

mass_function_like took: 2.014 seconds
Total pipeline time: 2.01 seconds
Pipeline ran okay.
Likelihood hmf_bins = -189038.6251844559
Posterior = -189036.79260299215 for parameter set #68: [0.2990778319153149, 0.7996145105542674]
Done mass_function_like status = 0 

mass_function_like took: 2.012 seconds
Total pipeline time: 2.01 seconds
Pipeline ran okay.
Likelihood hmf_bins = -1434686.0144847978
Posterior = -1434684.181903334 for parameter set #68: [0.29953297877818535, 0.7984183683064898]
Done mass_function_like status = 0 

mass_function_like took: 2.025 seconds
Total pipeline time: 2.02 seconds
Pipeline ran okay.
Likelihood hmf_bins = -3715759.9692207472
Posterior = -3715758.1366392835 for parameter set #68: [0.2997774243037024, 0.7979936586317938]
Done mass_function_like status = 0 

mass_function_like took: 2.037 seconds
Total pipeline time: 2.04 seconds
Pipeline ran okay.
Likelihood hmf_bins = -4023246.644496524
Posterior = -4023244.81191506 for parameter set #68: [0.30033677668793546, 0.8000128249555957]
Running module mass_function_like
Running module mass_function_like
Running module mass_function_like
Running module mass_function_like
Done mass_function_like status = 0 

mass_function_like took: 2.002 seconds
Total pipeline time: 2.0 seconds
Pipeline ran okay.
Likelihood hmf_bins = -1434832.602955318
Posterior = -1434830.7703738543 for parameter set #69: [0.29979885155395564, 0.7997669193913]
Running module mass_function_like
Done mass_function_like status = 0 

mass_function_like took: 2.017 seconds
Total pipeline time: 2.02 seconds
Pipeline ran okay.
Likelihood hmf_bins = -188954.34908535608
Posterior = -188952.51650389234 for parameter set #69: [0.3002247279733884, 0.7993543580552689]
Running module mass_function_like
Done mass_function_like status = 0 

mass_function_like took: 2.018 seconds
Total pipeline time: 2.02 seconds
Pipeline ran okay.
Likelihood hmf_bins = -4023077.6764579345
Posterior = -4023075.843876471 for parameter set #69: [0.29887478441636683, 0.7996265927642693]
Running module mass_function_like
Done mass_function_like status = 0 

mass_function_like took: 2.020 seconds
Total pipeline time: 2.02 seconds
Pipeline ran okay.
Likelihood hmf_bins = -3715955.2952111615
Posterior = -3715953.4626296978 for parameter set #69: [0.3009807771415574, 0.798870828485366]
Running module mass_function_like
Done mass_function_like status = 0 

mass_function_like took: 2.003 seconds
Total pipeline time: 2.0 seconds
Pipeline ran okay.
Likelihood hmf_bins = -1434892.6956927902
Posterior = -1434890.8631113265 for parameter set #70: [0.29987080602251603, 0.8003510165955509]
Running module mass_function_like
Done mass_function_like status = 0 

mass_function_like took: 2.003 seconds
Total pipeline time: 2.0 seconds
Pipeline ran okay.
Likelihood hmf_bins = -188953.9325894567
Posterior = -188952.10000799297 for parameter set #70: [0.2998693310371231, 0.7997150735254431]
Running module mass_function_like
Done mass_function_like status = 0 

mass_function_like took: 2.012 seconds
Total pipeline time: 2.01 seconds
Pipeline ran okay.
Likelihood hmf_bins = -4023070.4931188957
Posterior = -4023068.660537432 for parameter set #70: [0.2991480579389843, 0.7993158025302658]
Running module mass_function_like
Done mass_function_like status = 0 

mass_function_like took: 2.021 seconds
Total pipeline time: 2.02 seconds
Pipeline ran okay.
Likelihood hmf_bins = -3715988.4609391643
Posterior = -3715986.6283577005 for parameter set #70: [0.30015326084597826, 0.7999249732265946]
Running module mass_function_like
Done mass_function_like status = 0 

mass_function_like took: 2.005 seconds
Total pipeline time: 2.01 seconds
Pipeline ran okay.
Likelihood hmf_bins = -1434665.5557347834
Posterior = -1434663.7231533197 for parameter set #71: [0.29938144047185433, 0.7983349889487431]
Running module mass_function_like
Done mass_function_like status = 0 

mass_function_like took: 2.016 seconds
Total pipeline time: 2.02 seconds
Pipeline ran okay.
Likelihood hmf_bins = -188899.94408980725
Posterior = -188898.1115083435 for parameter set #71: [0.3000064033763474, 0.800142064809713]
Running module mass_function_like
Done mass_function_like status = 0 

mass_function_like took: 2.017 seconds
Total pipeline time: 2.02 seconds
Pipeline ran okay.
Likelihood hmf_bins = -4023301.605911795
Posterior = -4023299.7733303313 for parameter set #71: [0.30019783334536376, 0.8006781768656696]
Running module mass_function_like
Done mass_function_like status = 0 

mass_function_like took: 2.008 seconds
Total pipeline time: 2.01 seconds
Pipeline ran okay.
Likelihood hmf_bins = -3715805.148122527
Posterior = -3715803.3155410634 for parameter set #71: [0.2984596565814716, 0.7996012045052113]
Running module mass_function_like
Done mass_function_like status = 0 

mass_function_like took: 2.014 seconds
Total pipeline time: 2.01 seconds
Pipeline ran okay.
Likelihood hmf_bins = -1434912.3906830142
Posterior = -1434910.5581015504 for parameter set #72: [0.3005993239298799, 0.7998906252483512]
Done mass_function_like status = 0 

mass_function_like took: 2.014 seconds
Total pipeline time: 2.01 seconds
Pipeline ran okay.
Likelihood hmf_bins = -188696.1958890012
Posterior = -188694.36330753745 for parameter set #72: [0.3009862976584096, 0.8013337420027364]
Done mass_function_like status = 0 

mass_function_like took: 2.011 seconds
Total pipeline time: 2.01 seconds
Pipeline ran okay.
Likelihood hmf_bins = -3716074.498096186
Posterior = -3716072.6655147225 for parameter set #72: [0.30084905833421993, 0.8001667189297335]
Done mass_function_like status = 0 

mass_function_like took: 2.016 seconds
Total pipeline time: 2.02 seconds
Pipeline ran okay.
Likelihood hmf_bins = -4023371.691828275
Posterior = -4023369.8592468114 for parameter set #72: [0.30055809004847545, 0.8010519857286856]
Running module mass_function_like
Running module mass_function_like
Running module mass_function_like
Running module mass_function_like
Done mass_function_like status = 0 

mass_function_like took: 2.004 seconds
Total pipeline time: 2.0 seconds
Pipeline ran okay.
Likelihood hmf_bins = -1434719.0670890668
Posterior = -1434717.234507603 for parameter set #73: [0.29958706575602784, 0.7987295415185226]
Running module mass_function_like
Done mass_function_like status = 0 

mass_function_like took: 2.007 seconds
Total pipeline time: 2.01 seconds
Pipeline ran okay.
Likelihood hmf_bins = -3715804.0439683604
Posterior = -3715802.2113868967 for parameter set #73: [0.29918008027727305, 0.7989555631575431]
Running module mass_function_like
Done mass_function_like status = 0 

mass_function_like took: 2.018 seconds
Total pipeline time: 2.02 seconds
Pipeline ran okay.
Likelihood hmf_bins = -188937.2203533669
Posterior = -188935.38777190316 for parameter set #73: [0.3001727129407943, 0.7995851802251703]
Running module mass_function_like
Done mass_function_like status = 0 

mass_function_like took: 2.022 seconds
Total pipeline time: 2.02 seconds
Pipeline ran okay.
Likelihood hmf_bins = -4023229.9932489246
Posterior = -4023228.160667461 for parameter set #73: [0.3000606809016278, 0.8000904870735539]
Running module mass_function_like
Done mass_function_like status = 0 

mass_function_like took: 2.003 seconds
Total pipeline time: 2.0 seconds
Pipeline ran okay.
Likelihood hmf_bins = -3715942.2754518595
Posterior = -3715940.4428703957 for parameter set #74: [0.2998768643425643, 0.7997154111130401]
Running module mass_function_like
Done mass_function_like status = 0 

mass_function_like took: 2.008 seconds
Total pipeline time: 2.01 seconds
Pipeline ran okay.
Likelihood hmf_bins = -1434793.6676480176
Posterior = -1434791.835066554 for parameter set #74: [0.2991329557196393, 0.7999565187754817]
Running module mass_function_like
Done mass_function_like status = 0 

mass_function_like took: 2.004 seconds
Total pipeline time: 2.0 seconds
Pipeline ran okay.
Likelihood hmf_bins = -4023144.442373146
Posterior = -4023142.609791682 for parameter set #74: [0.2996321363708828, 0.7996231163517029]
Running module mass_function_like
Done mass_function_like status = 0 

mass_function_like took: 2.009 seconds
Total pipeline time: 2.01 seconds
Pipeline ran okay.
Likelihood hmf_bins = -189133.15951138205
Posterior = -189131.32692991832 for parameter set #74: [0.29888320625543396, 0.7988275295468898]
Running module mass_function_like
Done mass_function_like status = 0 

mass_function_like took: 2.003 seconds
Total pipeline time: 2.0 seconds
Pipeline ran okay.
Likelihood hmf_bins = -1434463.7647922079
Posterior = -1434461.9322107441 for parameter set #75: [0.29878939897780493, 0.7966733018176285]
Running module mass_function_like
Done mass_function_like status = 0 

mass_function_like took: 2.013 seconds
Total pipeline time: 2.01 seconds
Pipeline ran okay.
Likelihood hmf_bins = -3715885.1955530248
Posterior = -3715883.362971561 for parameter set #75: [0.2987331140963852, 0.8001559143485718]
Running module mass_function_like
Done mass_function_like status = 0 

mass_function_like took: 2.019 seconds
Total pipeline time: 2.02 seconds
Pipeline ran okay.
Likelihood hmf_bins = -4022895.498263007
Posterior = -4022893.6656815433 for parameter set #75: [0.2991113209297954, 0.7976051575974294]
Running module mass_function_like
Done mass_function_like status = 0 

mass_function_like took: 2.017 seconds
Total pipeline time: 2.02 seconds
Pipeline ran okay.
Likelihood hmf_bins = -188963.41433139145
Posterior = -188961.58174992772 for parameter set #75: [0.3000524144204121, 0.7994302245619771]
Running module mass_function_like
Done mass_function_like status = 0 

mass_function_like took: 2.001 seconds
Total pipeline time: 2.0 seconds
Pipeline ran okay.
Likelihood hmf_bins = -3716036.751096926
Posterior = -3716034.9185154624 for parameter set #76: [0.30076037864183197, 0.7998719756046266]
Done mass_function_like status = 0 

mass_function_like took: 2.022 seconds
Total pipeline time: 2.02 seconds
Pipeline ran okay.
Likelihood hmf_bins = -1434875.6702032853
Posterior = -1434873.8376218216 for parameter set #76: [0.30039696081832445, 0.7996802531786035]
Done mass_function_like status = 0 

mass_function_like took: 2.013 seconds
Total pipeline time: 2.01 seconds
Pipeline ran okay.
Likelihood hmf_bins = -4023328.2860059477
Posterior = -4023326.453424484 for parameter set #76: [0.3002578104822623, 0.8008887808622246]
Done mass_function_like status = 0 

mass_function_like took: 2.019 seconds
Total pipeline time: 2.02 seconds
Pipeline ran okay.
Likelihood hmf_bins = -188810.7626303155
Posterior = -188808.93004885176 for parameter set #76: [0.3011001877266704, 0.8000002322544232]
Running module mass_function_like
Running module mass_function_like
Running module mass_function_like
Running module mass_function_like
Done mass_function_like status = 0 

mass_function_like took: 2.006 seconds
Total pipeline time: 2.01 seconds
Pipeline ran okay.
Likelihood hmf_bins = -3715951.310424828
Posterior = -3715949.4778433642 for parameter set #77: [0.2996099037406872, 0.8000394276600555]
Running module mass_function_like
Done mass_function_like status = 0 

mass_function_like took: 2.011 seconds
Total pipeline time: 2.01 seconds
Pipeline ran okay.
Likelihood hmf_bins = -188947.71352550946
Posterior = -188945.88094404573 for parameter set #77: [0.29987298083974573, 0.7997756777766424]
Running module mass_function_like
Done mass_function_like status = 0 

mass_function_like took: 2.020 seconds
Total pipeline time: 2.02 seconds
Pipeline ran okay.
Likelihood hmf_bins = -4023710.904386738
Posterior = -4023709.071805274 for parameter set #77: [0.2999865790306955, 0.80489849546176]
Running module mass_function_like
Done mass_function_like status = 0 

mass_function_like took: 2.031 seconds
Total pipeline time: 2.03 seconds
Pipeline ran okay.
Likelihood hmf_bins = -1434894.508618701
Posterior = -1434892.6760372373 for parameter set #77: [0.301411490621003, 0.7989528877072232]
Running module mass_function_like
Done mass_function_like status = 0 

mass_function_like took: 2.004 seconds
Total pipeline time: 2.0 seconds
Pipeline ran okay.
Likelihood hmf_bins = -188966.75099626393
Posterior = -188964.9184148002 for parameter set #78: [0.29997811006872965, 0.7994739673965542]
Running module mass_function_like
Done mass_function_like status = 0 

mass_function_like took: 2.013 seconds
Total pipeline time: 2.01 seconds
Pipeline ran okay.
Likelihood hmf_bins = -3716013.560510308
Posterior = -3716011.7279288443 for parameter set #78: [0.3006345618625239, 0.7997493655686253]
Running module mass_function_like
Done mass_function_like status = 0 

mass_function_like took: 2.013 seconds
Total pipeline time: 2.01 seconds
Pipeline ran okay.
Likelihood hmf_bins = -4023301.27967371
Posterior = -4023299.4470922463 for parameter set #78: [0.3006248145326887, 0.8002972014953651]
Running module mass_function_like
Done mass_function_like status = 0 

mass_function_like took: 2.003 seconds
Total pipeline time: 2.0 seconds
Pipeline ran okay.
Likelihood hmf_bins = -1434790.8420984528
Posterior = -1434789.009516989 for parameter set #78: [0.29940264271602796, 0.7996775935909441]
Running module mass_function_like
Done mass_function_like status = 0 

mass_function_like took: 1.997 seconds
Total pipeline time: 2.0 seconds
Pipeline ran okay.
Likelihood hmf_bins = -3715996.765647003
Posterior = -3715994.933065539 for parameter set #79: [0.2999605899359659, 0.8001804638944522]
Running module mass_function_like
Done mass_function_like status = 0 

mass_function_like took: 2.019 seconds
Total pipeline time: 2.02 seconds
Pipeline ran okay.
Likelihood hmf_bins = -188818.7968871304
Posterior = -188816.96430566665 for parameter set #79: [0.3004561948999571, 0.8005531132018581]
Running module mass_function_like
Done mass_function_like status = 0 

mass_function_like took: 2.009 seconds
Total pipeline time: 2.01 seconds
Pipeline ran okay.
Likelihood hmf_bins = -1434327.1637072647
Posterior = -1434325.331125801 for parameter set #79: [0.2979147388079338, 0.7959710838828234]
Running module mass_function_like
Done mass_function_like status = 0 

mass_function_like took: 2.013 seconds
Total pipeline time: 2.01 seconds
Pipeline ran okay.
Likelihood hmf_bins = -4023270.4997687694
Posterior = -4023268.6671873056 for parameter set #79: [0.300193254092962, 0.8003737119637253]
Running module mass_function_like
Done mass_function_like status = 0 

mass_function_like took: 2.012 seconds
Total pipeline time: 2.01 seconds
Pipeline ran okay.
Likelihood hmf_bins = -3715909.0457857866
Posterior = -3715907.213204323 for parameter set #80: [0.3005101030289091, 0.7988262817431506]
Done mass_function_like status = 0 

mass_function_like took: 2.010 seconds
Total pipeline time: 2.01 seconds
Pipeline ran okay.
Likelihood hmf_bins = -189014.06080766025
Posterior = -189012.22822619652 for parameter set #80: [0.2995025633098904, 0.7994493143863121]
Done mass_function_like status = 0 

mass_function_like took: 2.010 seconds
Total pipeline time: 2.01 seconds
Pipeline ran okay.
Likelihood hmf_bins = -4023490.0450867186
Posterior = -4023488.212505255 for parameter set #80: [0.3009905342036867, 0.8018349206372588]
Done mass_function_like status = 0 

mass_function_like took: 2.024 seconds
Total pipeline time: 2.02 seconds
Pipeline ran okay.
Likelihood hmf_bins = -1434961.870205393
Posterior = -1434960.0376239293 for parameter set #80: [0.300241797320203, 0.8007531828770141]
Running module mass_function_like
Running module mass_function_like
Running module mass_function_like
Running module mass_function_like
Done mass_function_like status = 0 

mass_function_like took: 2.003 seconds
Total pipeline time: 2.0 seconds
Pipeline ran okay.
Likelihood hmf_bins = -1434662.8106759868
Posterior = -1434660.978094523 for parameter set #81: [0.2994481809272044, 0.7982446237718196]
Running module mass_function_like
Done mass_function_like status = 0 

mass_function_like took: 2.018 seconds
Total pipeline time: 2.02 seconds
Pipeline ran okay.
Likelihood hmf_bins = -4023178.794036966
Posterior = -4023176.961455502 for parameter set #81: [0.2992847116909596, 0.8002695763843393]
Done mass_function_like status = 0 

mass_function_like took: 2.018 seconds
Total pipeline time: 2.02 seconds
Pipeline ran okay.
Likelihood hmf_bins = -188900.7258402874
Running module mass_function_like
Posterior = -188898.89325882366 for parameter set #81: [0.30035697051757954, 0.799787069302247]
Running module mass_function_like
Done mass_function_like status = 0 

mass_function_like took: 2.030 seconds
Total pipeline time: 2.03 seconds
Pipeline ran okay.
Likelihood hmf_bins = -3715991.7551631997
Posterior = -3715989.922581736 for parameter set #81: [0.3013870997581745, 0.798875573629618]
Running module mass_function_like
Done mass_function_like status = 0 

mass_function_like took: 2.003 seconds
Total pipeline time: 2.0 seconds
Pipeline ran okay.
Likelihood hmf_bins = -1434818.627749811
Posterior = -1434816.7951683472 for parameter set #82: [0.29946619323993606, 0.7999220630364173]
Running module mass_function_like
Done mass_function_like status = 0 

mass_function_like took: 2.004 seconds
Total pipeline time: 2.0 seconds
Pipeline ran okay.
Likelihood hmf_bins = -189250.47824781417
Posterior = -189248.64566635044 for parameter set #82: [0.2992520759424655, 0.7972663440208937]
Running module mass_function_like
Done mass_function_like status = 0 

mass_function_like took: 2.013 seconds
Total pipeline time: 2.01 seconds
Pipeline ran okay.
Likelihood hmf_bins = -4023143.9415369537
Posterior = -4023142.10895549 for parameter set #82: [0.29985970283927577, 0.7994184333046505]
Running module mass_function_like
Done mass_function_like status = 0 

mass_function_like took: 2.005 seconds
Total pipeline time: 2.0 seconds
Pipeline ran okay.
Likelihood hmf_bins = -3715991.226898358
Posterior = -3715989.3943168945 for parameter set #82: [0.2999065309775706, 0.8001740975612888]
Running module mass_function_like
Done mass_function_like status = 0 

mass_function_like took: 2.003 seconds
Total pipeline time: 2.0 seconds
Pipeline ran okay.
Likelihood hmf_bins = -1434708.2079309737
Posterior = -1434706.37534951 for parameter set #83: [0.2996735955713242, 0.7985307034712924]
Running module mass_function_like
Done mass_function_like status = 0 

mass_function_like took: 2.003 seconds
Total pipeline time: 2.0 seconds
Pipeline ran okay.
Likelihood hmf_bins = -189176.58568810686
Posterior = -189174.75310664313 for parameter set #83: [0.2992458666090691, 0.7980268131810432]
Running module mass_function_like
Done mass_function_like status = 0 

mass_function_like took: 2.019 seconds
Total pipeline time: 2.02 seconds
Pipeline ran okay.
Likelihood hmf_bins = -4022460.0074402927
Posterior = -4022458.174858829 for parameter set #83: [0.2973473654540111, 0.7947805793683255]
Running module mass_function_like
Done mass_function_like status = 0 

mass_function_like took: 2.018 seconds
Total pipeline time: 2.02 seconds
Pipeline ran okay.
Likelihood hmf_bins = -3715999.163400344
Posterior = -3715997.3308188803 for parameter set #83: [0.3004391108188646, 0.7997801148520782]
Running module mass_function_like
Done mass_function_like status = 0 

mass_function_like took: 2.001 seconds
Total pipeline time: 2.0 seconds
Pipeline ran okay.
Likelihood hmf_bins = -188860.02412483495
Posterior = -188858.1915433712 for parameter set #84: [0.30069059884444543, 0.799889482827028]
Done mass_function_like status = 0 

mass_function_like took: 2.017 seconds
Total pipeline time: 2.02 seconds
Pipeline ran okay.
Likelihood hmf_bins = -1434973.5433859543
Posterior = -1434971.7108044906 for parameter set #84: [0.300320000565589, 0.8008074586670068]
Done mass_function_like status = 0 

mass_function_like took: 2.013 seconds
Total pipeline time: 2.01 seconds
Pipeline ran okay.
Likelihood hmf_bins = -4023228.4621378607
Posterior = -4023226.629556397 for parameter set #84: [0.3005311198220683, 0.7996612708687822]
Done mass_function_like status = 0 

mass_function_like took: 2.013 seconds
Total pipeline time: 2.01 seconds
Pipeline ran okay.
Likelihood hmf_bins = -3716081.5147666237
Posterior = -3716079.68218516 for parameter set #84: [0.30047407898557804, 0.800561731139535]
Running module mass_function_like
Running module mass_function_like
Running module mass_function_like
Running module mass_function_like
Done mass_function_like status = 0 

mass_function_like took: 2.004 seconds
Total pipeline time: 2.0 seconds
Pipeline ran okay.
Likelihood hmf_bins = -4023144.301017349
Posterior = -4023142.4684358854 for parameter set #85: [0.29925886878139935, 0.799951271843528]
Running module mass_function_like
Done mass_function_like status = 0 

mass_function_like took: 2.014 seconds
Total pipeline time: 2.01 seconds
Pipeline ran okay.
Likelihood hmf_bins = -188858.5693353383
Posterior = -188856.73675387457 for parameter set #85: [0.29932133227030266, 0.8012616340533516]
Running module mass_function_like
Done mass_function_like status = 0 

mass_function_like took: 2.014 seconds
Total pipeline time: 2.01 seconds
Pipeline ran okay.
Likelihood hmf_bins = -1434658.493184163
Posterior = -1434656.6606026993 for parameter set #85: [0.2988873092466693, 0.7987125070954658]
Running module mass_function_like
Done mass_function_like status = 0 

mass_function_like took: 2.017 seconds
Total pipeline time: 2.02 seconds
Pipeline ran okay.
Likelihood hmf_bins = -3715963.1074476717
Posterior = -3715961.274866208 for parameter set #85: [0.2999961345348337, 0.7998138368525447]
Running module mass_function_like
Done mass_function_like status = 0 

mass_function_like took: 2.014 seconds
Total pipeline time: 2.01 seconds
Pipeline ran okay.
Likelihood hmf_bins = -4023332.41167704
Posterior = -4023330.5790955764 for parameter set #86: [0.30050200044394937, 0.8007131757048762]
Running module mass_function_like
Done mass_function_like status = 0 

mass_function_like took: 2.014 seconds
Total pipeline time: 2.01 seconds
Pipeline ran okay.
Likelihood hmf_bins = -188984.50257029044
Posterior = -188982.6699888267 for parameter set #86: [0.29935084494196507, 0.7999077248472544]
Running module mass_function_like
Done mass_function_like status = 0 

mass_function_like took: 2.013 seconds
Total pipeline time: 2.01 seconds
Pipeline ran okay.
Likelihood hmf_bins = -3715987.5446457895
Posterior = -3715985.712064326 for parameter set #86: [0.29948672712793833, 0.8005078471334482]
Running module mass_function_like
Done mass_function_like status = 0 

mass_function_like took: 2.017 seconds
Total pipeline time: 2.02 seconds
Pipeline ran okay.
Likelihood hmf_bins = -1434783.3388991966
Posterior = -1434781.5063177329 for parameter set #86: [0.29938470830185043, 0.7996121561676246]
Running module mass_function_like
Done mass_function_like status = 0 

mass_function_like took: 2.004 seconds
Total pipeline time: 2.0 seconds
Pipeline ran okay.
Likelihood hmf_bins = -4023117.649550177
Posterior = -4023115.8169687134 for parameter set #87: [0.2993977707621226, 0.7995644794819406]
Running module mass_function_like
Done mass_function_like status = 0 

mass_function_like took: 2.007 seconds
Total pipeline time: 2.01 seconds
Pipeline ran okay.
Likelihood hmf_bins = -3715726.9248822327
Posterior = -3715725.092300769 for parameter set #87: [0.2994023137963626, 0.7979926994325325]
Running module mass_function_like
Done mass_function_like status = 0 

mass_function_like took: 2.022 seconds
Total pipeline time: 2.02 seconds
Pipeline ran okay.
Likelihood hmf_bins = -188953.31543891193
Posterior = -188951.4828574482 for parameter set #87: [0.3004075990704058, 0.7991864703879018]
Running module mass_function_like
Done mass_function_like status = 0 

mass_function_like took: 2.021 seconds
Total pipeline time: 2.02 seconds
Pipeline ran okay.
Likelihood hmf_bins = -1435299.9990479292
Posterior = -1435298.1664664655 for parameter set #87: [0.3014856431684576, 0.8032373174909968]
Running module mass_function_like
Done mass_function_like status = 0 

mass_function_like took: 2.023 seconds
Total pipeline time: 2.02 seconds
Pipeline ran okay.
Likelihood hmf_bins = -4023300.7464338522
Posterior = -4023298.9138523885 for parameter set #88: [0.3000385390421572, 0.8008101266065424]
Done mass_function_like status = 0 

mass_function_like took: 2.026 seconds
Total pipeline time: 2.03 seconds
Pipeline ran okay.
Likelihood hmf_bins = -3716116.962588623
Posterior = -3716115.1300071594 for parameter set #88: [0.3012465758864771, 0.800232736422674]
Done mass_function_like status = 0 

mass_function_like took: 2.018 seconds
Total pipeline time: 2.02 seconds
Pipeline ran okay.
Likelihood hmf_bins = -188588.04169383572
Posterior = -188586.209112372 for parameter set #88: [0.3013932765492607, 0.8020932676177092]
Done mass_function_like status = 0 

mass_function_like took: 2.017 seconds
Total pipeline time: 2.02 seconds
Pipeline ran okay.
Likelihood hmf_bins = -1434909.885440541
Posterior = -1434908.0528590772 for parameter set #88: [0.30027211793055647, 0.8001637589884959]
Running module mass_function_like
Running module mass_function_like
Running module mass_function_like
Running module mass_function_like
Done mass_function_like status = 0 

mass_function_like took: 2.008 seconds
Total pipeline time: 2.01 seconds
Pipeline ran okay.
Likelihood hmf_bins = -4023026.6398001863
Posterior = -4023024.8072187225 for parameter set #89: [0.2978847462238453, 0.7999922314992829]
Running module mass_function_like
Done mass_function_like status = 0 

mass_function_like took: 2.026 seconds
Total pipeline time: 2.03 seconds
Pipeline ran okay.
Likelihood hmf_bins = -1434603.7616537565
Posterior = -1434601.9290722928 for parameter set #89: [0.2991797658365731, 0.7978466613005337]
Running module mass_function_like
Done mass_function_like status = 0 

mass_function_like took: 2.027 seconds
Total pipeline time: 2.03 seconds
Pipeline ran okay.
Likelihood hmf_bins = -3716040.022515797
Posterior = -3716038.1899343333 for parameter set #89: [0.3005219985614913, 0.8001102445388311]
Running module mass_function_like
Done mass_function_like status = 0 

mass_function_like took: 2.030 seconds
Total pipeline time: 2.03 seconds
Pipeline ran okay.
Likelihood hmf_bins = -188864.68576572975
Posterior = -188862.85318426602 for parameter set #89: [0.29917439130100515, 0.8013423466336785]
Running module mass_function_like
Done mass_function_like status = 0 

mass_function_like took: 2.003 seconds
Total pipeline time: 2.0 seconds
Pipeline ran okay.
Likelihood hmf_bins = -4022956.710029109
Posterior = -4022954.877447645 for parameter set #90: [0.29917711608746844, 0.7981582895338349]
Running module mass_function_like
Done mass_function_like status = 0 

mass_function_like took: 2.005 seconds
Total pipeline time: 2.01 seconds
Pipeline ran okay.
Likelihood hmf_bins = -1434853.218478609
Posterior = -1434851.3858971454 for parameter set #90: [0.2996298694526362, 0.8001456066191399]
Running module mass_function_like
Done mass_function_like status = 0 

mass_function_like took: 2.003 seconds
Total pipeline time: 2.0 seconds
Pipeline ran okay.
Likelihood hmf_bins = -188986.5726101686
Posterior = -188984.74002870487 for parameter set #90: [0.29969213460495575, 0.7995485639795252]
Running module mass_function_like
Done mass_function_like status = 0 

mass_function_like took: 2.028 seconds
Total pipeline time: 2.03 seconds
Pipeline ran okay.
Likelihood hmf_bins = -3715951.3444596906
Posterior = -3715949.511878227 for parameter set #90: [0.30015643862391406, 0.7995562701545088]
Running module mass_function_like
Done mass_function_like status = 0 

mass_function_like took: 1.998 seconds
Total pipeline time: 2.0 seconds
Pipeline ran okay.
Likelihood hmf_bins = -4023144.008471276
Posterior = -4023142.1758898124 for parameter set #91: [0.2995407319956748, 0.799699566919813]
Running module mass_function_like
Done mass_function_like status = 0 

mass_function_like took: 2.017 seconds
Total pipeline time: 2.02 seconds
Pipeline ran okay.
Likelihood hmf_bins = -1434879.5243626568
Posterior = -1434877.691781193 for parameter set #91: [0.2997945967560366, 0.8002778599044085]
Running module mass_function_like
Done mass_function_like status = 0 

mass_function_like took: 2.030 seconds
Total pipeline time: 2.03 seconds
Pipeline ran okay.
Likelihood hmf_bins = -188833.86318618347
Posterior = -188832.03060471974 for parameter set #91: [0.3001021932960281, 0.800743148993153]
Running module mass_function_like
Done mass_function_like status = 0 

mass_function_like took: 2.022 seconds
Total pipeline time: 2.02 seconds
Pipeline ran okay.
Likelihood hmf_bins = -3716098.701283503
Posterior = -3716096.868702039 for parameter set #91: [0.3005614694523338, 0.8006548243391601]
Running module mass_function_like
Done mass_function_like status = 0 

mass_function_like took: 2.017 seconds
Total pipeline time: 2.02 seconds
Pipeline ran okay.
Likelihood hmf_bins = -4023295.6510828296
Posterior = -4023293.818501366 for parameter set #92: [0.3000508010641498, 0.8007484512201921]
Done mass_function_like status = 0 

mass_function_like took: 2.026 seconds
Total pipeline time: 2.03 seconds
Pipeline ran okay.
Likelihood hmf_bins = -1435106.1312547952
Posterior = -1435104.2986733315 for parameter set #92: [0.30091127422827757, 0.8016896134303768]
Done mass_function_like status = 0 

mass_function_like took: 2.022 seconds
Total pipeline time: 2.02 seconds
Pipeline ran okay.
Likelihood hmf_bins = -188446.63409566545
Posterior = -188444.8015142017 for parameter set #92: [0.30191869190836096, 0.8031143203868416]
Done mass_function_like status = 0 

mass_function_like took: 2.020 seconds
Total pipeline time: 2.02 seconds
Pipeline ran okay.
Likelihood hmf_bins = -3716077.6749336086
Posterior = -3716075.842352145 for parameter set #92: [0.30099665118769664, 0.8000653633555946]
Running module mass_function_like
Running module mass_function_like
Running module mass_function_like
Running module mass_function_like
Done mass_function_like status = 0 

mass_function_like took: 2.017 seconds
Total pipeline time: 2.02 seconds
Pipeline ran okay.
Likelihood hmf_bins = -4022948.8460522103
Posterior = -4022947.0134707466 for parameter set #93: [0.29908425471883543, 0.7981599611226418]
Running module mass_function_like
Done mass_function_like status = 0 

mass_function_like took: 2.024 seconds
Total pipeline time: 2.02 seconds
Pipeline ran okay.
Likelihood hmf_bins = -1434545.6416276032
Posterior = -1434543.8090461395 for parameter set #93: [0.29823157397493233, 0.7980809181571613]
Running module mass_function_like
Done mass_function_like status = 0 

mass_function_like took: 2.035 seconds
Total pipeline time: 2.04 seconds
Pipeline ran okay.
Likelihood hmf_bins = -188656.02473164056
Posterior = -188654.19215017682 for parameter set #93: [0.30004800896914713, 0.8027010940380143]
Running module mass_function_like
Done mass_function_like status = 0 

mass_function_like took: 2.041 seconds
Total pipeline time: 2.04 seconds
Pipeline ran okay.
Likelihood hmf_bins = -3715996.3260762664
Posterior = -3715994.4934948026 for parameter set #93: [0.3004476550809162, 0.7997448447371616]
Running module mass_function_like
Done mass_function_like status = 0 

mass_function_like took: 2.002 seconds
Total pipeline time: 2.0 seconds
Pipeline ran okay.
Likelihood hmf_bins = -4023197.2611983093
Posterior = -4023195.4286168455 for parameter set #94: [0.2997174552637587, 0.8000725318568389]
Running module mass_function_like
Done mass_function_like status = 0 

mass_function_like took: 2.009 seconds
Total pipeline time: 2.01 seconds
Pipeline ran okay.
Likelihood hmf_bins = -188957.85914133236
Done mass_function_like status = 0 

Posterior = -188956.02655986862 for parameter set #94: [0.29958610686856013, 0.7999546598685618]
mass_function_like took: 2.021 seconds
Total pipeline time: 2.02 seconds
Pipeline ran okay.
Likelihood hmf_bins = -1434414.4766358593
Posterior = -1434412.6440543956 for parameter set #94: [0.2987652923902942, 0.7961557877432701]
Running module mass_function_like
Running module mass_function_like
Done mass_function_like status = 0 

mass_function_like took: 2.028 seconds
Total pipeline time: 2.03 seconds
Pipeline ran okay.
Likelihood hmf_bins = -3715922.9019000027
Posterior = -3715921.069318539 for parameter set #94: [0.3000191959076599, 0.7993947266083086]
Running module mass_function_like
Done mass_function_like status = 0 

mass_function_like took: 2.013 seconds
Total pipeline time: 2.01 seconds
Pipeline ran okay.
Likelihood hmf_bins = -4023248.110935767
Posterior = -4023246.2783543034 for parameter set #95: [0.30033794115923307, 0.8000260310361421]
Running module mass_function_like
Done mass_function_like status = 0 

mass_function_like took: 2.015 seconds
Total pipeline time: 2.02 seconds
Pipeline ran okay.
Likelihood hmf_bins = -188974.150411327
Posterior = -188972.31782986326 for parameter set #95: [0.29944290065499607, 0.7999243584187886]
Running module mass_function_like
Done mass_function_like status = 0 

mass_function_like took: 2.033 seconds
Total pipeline time: 2.03 seconds
Pipeline ran okay.
Likelihood hmf_bins = -1435171.7190854864
Posterior = -1435169.8865040226 for parameter set #95: [0.3021416466262687, 0.8012603822215941]
Running module mass_function_like
Done mass_function_like status = 0 

mass_function_like took: 2.017 seconds
Total pipeline time: 2.02 seconds
Pipeline ran okay.
Likelihood hmf_bins = -3715468.5645903926
Posterior = -3715466.732008929 for parameter set #95: [0.2982621759791266, 0.796410543421575]
Running module mass_function_like
Done mass_function_like status = 0 

mass_function_like took: 2.016 seconds
Total pipeline time: 2.02 seconds
Pipeline ran okay.
Likelihood hmf_bins = -4023224.498898338
Posterior = -4023222.6663168743 for parameter set #96: [0.3004874969952019, 0.7996611345368952]
Done mass_function_like status = 0 

mass_function_like took: 2.017 seconds
Total pipeline time: 2.02 seconds
Pipeline ran okay.
Likelihood hmf_bins = -188762.18378902928
Posterior = -188760.35120756555 for parameter set #96: [0.3009689458373709, 0.8006456037003277]
Done mass_function_like status = 0 

mass_function_like took: 2.009 seconds
Total pipeline time: 2.01 seconds
Pipeline ran okay.
Likelihood hmf_bins = -3715700.762812163
Posterior = -3715698.9302306995 for parameter set #96: [0.2993789106852379, 0.7977534668246602]
Done mass_function_like status = 0 

mass_function_like took: 2.017 seconds
Total pipeline time: 2.02 seconds
Pipeline ran okay.
Likelihood hmf_bins = -1434945.2852584613
Posterior = -1434943.4526769975 for parameter set #96: [0.3002007110860393, 0.8006121801668464]
Running module mass_function_like
Running module mass_function_like
Running module mass_function_like
Running module mass_function_like
Done mass_function_like status = 0 

mass_function_like took: 1.999 seconds
Total pipeline time: 2.0 seconds
Pipeline ran okay.
Likelihood hmf_bins = -4022947.060060154
Posterior = -4022945.2274786904 for parameter set #97: [0.299402575009444, 0.7978633929701969]
Running module mass_function_like
Done mass_function_like status = 0 

mass_function_like took: 2.015 seconds
Total pipeline time: 2.02 seconds
Pipeline ran okay.
Likelihood hmf_bins = -3715875.650285925
Posterior = -3715873.817704461 for parameter set #97: [0.2999000602210624, 0.7990339357055737]
Running module mass_function_like
Done mass_function_like status = 0 

mass_function_like took: 2.021 seconds
Total pipeline time: 2.02 seconds
Pipeline ran okay.
Likelihood hmf_bins = -1434904.112518449
Posterior = -1434902.2799369853 for parameter set #97: [0.3006759451976053, 0.7997316022842902]
Running module mass_function_like
Done mass_function_like status = 0 

mass_function_like took: 2.021 seconds
Total pipeline time: 2.02 seconds
Pipeline ran okay.
Likelihood hmf_bins = -188787.1252037844
Posterior = -188785.29262232067 for parameter set #97: [0.3000220947155836, 0.801319125472527]
Running module mass_function_like
Done mass_function_like status = 0 

mass_function_like took: 2.005 seconds
Total pipeline time: 2.0 seconds
Pipeline ran okay.
Likelihood hmf_bins = -4023049.47759711
Posterior = -4023047.6450156462 for parameter set #98: [0.2991637189321509, 0.7990918539939377]
Running module mass_function_like
Done mass_function_like status = 0 

mass_function_like took: 2.012 seconds
Total pipeline time: 2.01 seconds
Pipeline ran okay.
Likelihood hmf_bins = -3716129.441003446
Posterior = -3716127.6084219823 for parameter set #98: [0.2998713604357253, 0.8015709446238841]
Running module mass_function_like
Done mass_function_like status = 0 

mass_function_like took: 2.009 seconds
Total pipeline time: 2.01 seconds
Pipeline ran okay.
Likelihood hmf_bins = -188988.8275603148
Posterior = -188986.99497885106 for parameter set #98: [0.29952866120692445, 0.7996872850082666]
Running module mass_function_like
Done mass_function_like status = 0 

mass_function_like took: 2.011 seconds
Total pipeline time: 2.01 seconds
Pipeline ran okay.
Likelihood hmf_bins = -1434734.2428082798
Posterior = -1434732.410226816 for parameter set #98: [0.29956786880788244, 0.79891193497262]
Running module mass_function_like
Done mass_function_like status = 0 

mass_function_like took: 2.007 seconds
Total pipeline time: 2.01 seconds
Pipeline ran okay.
Likelihood hmf_bins = -4023176.374902821
Posterior = -4023174.5423213574 for parameter set #99: [0.2998692734839094, 0.7997315101920597]
Running module mass_function_like
Done mass_function_like status = 0 

mass_function_like took: 2.006 seconds
Total pipeline time: 2.01 seconds
Pipeline ran okay.
Likelihood hmf_bins = -1434872.6799824703
Posterior = -1434870.8474010066 for parameter set #99: [0.29985470881988757, 0.8001483807914813]
Running module mass_function_like
Done mass_function_like status = 0 

mass_function_like took: 2.021 seconds
Total pipeline time: 2.02 seconds
Pipeline ran okay.
Likelihood hmf_bins = -188826.97404440586
Posterior = -188825.14146294212 for parameter set #99: [0.3002657746706848, 0.8006553349391233]
Running module mass_function_like
Done mass_function_like status = 0 

mass_function_like took: 2.031 seconds
Total pipeline time: 2.03 seconds
Pipeline ran okay.
Likelihood hmf_bins = -3716039.3999423287
Posterior = -3716037.567360865 for parameter set #99: [0.3006559757947596, 0.7999875055266499]
Running module mass_function_like
Done mass_function_like status = 0 

mass_function_like took: 1.998 seconds
Total pipeline time: 2.0 seconds
Pipeline ran okay.
Likelihood hmf_bins = -4023276.9331839094
Posterior = -4023275.1006024457 for parameter set #100: [0.30068327933827277, 0.8000090734715856]
Done mass_function_like status = 0 

mass_function_like took: 2.006 seconds
Total pipeline time: 2.01 seconds
Pipeline ran okay.
Likelihood hmf_bins = -1434543.411406381
Posterior = -1434541.5788249173 for parameter set #100: [0.2996195642486001, 0.7967858834847362]
Done mass_function_like status = 0 

mass_function_like took: 2.016 seconds
Total pipeline time: 2.02 seconds
Pipeline ran okay.
Likelihood hmf_bins = -188717.7585376938
Posterior = -188715.92595623006 for parameter set #100: [0.3006725052639751, 0.8014131112723784]
Done mass_function_like status = 0 

mass_function_like took: 2.019 seconds
Total pipeline time: 2.02 seconds
Pipeline ran okay.
Likelihood hmf_bins = -3716280.858925215
Posterior = -3716279.0263437512 for parameter set #100: [0.30211910535794584, 0.8010750612053241]
Running module mass_function_like
Running module mass_function_like
Running module mass_function_like
Running module mass_function_like
Done mass_function_like status = 0 

mass_function_like took: 2.004 seconds
Total pipeline time: 2.0 seconds
Pipeline ran okay.
Likelihood hmf_bins = -1434611.1438203414
Posterior = -1434609.3112388777 for parameter set #101: [0.29923569511709863, 0.7978767957401273]
Running module mass_function_like
Done mass_function_like status = 0 

mass_function_like took: 2.006 seconds
Total pipeline time: 2.01 seconds
Pipeline ran okay.
Likelihood hmf_bins = -4023334.237788623
Posterior = -4023332.4052071595 for parameter set #101: [0.29846332721699803, 0.8025397337521174]
Running module mass_function_like
Done mass_function_like status = 0 

mass_function_like took: 2.008 seconds
Total pipeline time: 2.01 seconds
Pipeline ran okay.
Likelihood hmf_bins = -3715633.70184808
Posterior = -3715631.869266616 for parameter set #101: [0.2983657608514615, 0.79797380894765]
Running module mass_function_like
Done mass_function_like status = 0 

mass_function_like took: 2.019 seconds
Total pipeline time: 2.02 seconds
Pipeline ran okay.
Likelihood hmf_bins = -188864.6874682747
Posterior = -188862.85488681096 for parameter set #101: [0.30000697556881, 0.8005128438820902]
Running module mass_function_like
Done mass_function_like status = 0 

mass_function_like took: 2.008 seconds
Total pipeline time: 2.01 seconds
Pipeline ran okay.
Likelihood hmf_bins = -1434732.809623692
Posterior = -1434730.9770422282 for parameter set #102: [0.2985849772281408, 0.7997991152126136]
Running module mass_function_like
Done mass_function_like status = 0 

mass_function_like took: 2.005 seconds
Total pipeline time: 2.0 seconds
Pipeline ran okay.
Likelihood hmf_bins = -189041.81723373636
Posterior = -189039.98465227263 for parameter set #102: [0.2991066694049103, 0.7995531101787323]
Running module mass_function_like
Done mass_function_like status = 0 

mass_function_like took: 2.021 seconds
Total pipeline time: 2.02 seconds
Pipeline ran okay.
Likelihood hmf_bins = -3716000.391334494
Posterior = -3715998.5587530304 for parameter set #102: [0.29958818716859753, 0.8005452860539526]
Running module mass_function_like
Done mass_function_like status = 0 

mass_function_like took: 2.034 seconds
Total pipeline time: 2.03 seconds
Pipeline ran okay.
Likelihood hmf_bins = -4023288.9226155137
Posterior = -4023287.09003405 for parameter set #102: [0.30049838684356595, 0.800287860416067]
Running module mass_function_like
Done mass_function_like status = 0 

mass_function_like took: 2.008 seconds
Total pipeline time: 2.01 seconds
Pipeline ran okay.
Likelihood hmf_bins = -1434592.0579920874
Posterior = -1434590.2254106237 for parameter set #103: [0.2991561679742092, 0.7977412888509396]
Running module mass_function_like
Done mass_function_like status = 0 

mass_function_like took: 2.005 seconds
Total pipeline time: 2.01 seconds
Pipeline ran okay.
Likelihood hmf_bins = -188974.38769172208
Posterior = -188972.55511025834 for parameter set #103: [0.2994411816251905, 0.7999239946839057]
Running module mass_function_like
Done mass_function_like status = 0 

mass_function_like took: 2.017 seconds
Total pipeline time: 2.02 seconds
Pipeline ran okay.
Likelihood hmf_bins = -3715087.615240027
Posterior = -3715085.7826585635 for parameter set #103: [0.29658737743928004, 0.7940350922191968]
Running module mass_function_like
Done mass_function_like status = 0 

mass_function_like took: 2.028 seconds
Total pipeline time: 2.03 seconds
Pipeline ran okay.
Likelihood hmf_bins = -4023331.5272548757
Posterior = -4023329.694673412 for parameter set #103: [0.30057865037563763, 0.8006375753173729]
Running module mass_function_like
Done mass_function_like status = 0 

mass_function_like took: 2.024 seconds
Total pipeline time: 2.02 seconds
Pipeline ran okay.
Likelihood hmf_bins = -1434838.8416885103
Posterior = -1434837.0091070465 for parameter set #104: [0.30018674156627145, 0.7994750131394858]
Done mass_function_like status = 0 

mass_function_like took: 2.020 seconds
Total pipeline time: 2.02 seconds
Pipeline ran okay.
Likelihood hmf_bins = -188859.06712200798
Posterior = -188857.23454054425 for parameter set #104: [0.30041158685757, 0.8001703869965797]
Done mass_function_like status = 0 

mass_function_like took: 2.009 seconds
Total pipeline time: 2.01 seconds
Pipeline ran okay.
Likelihood hmf_bins = -3715938.9925821023
Posterior = -3715937.1600006386 for parameter set #104: [0.29961887020217515, 0.7999096145177881]
Done mass_function_like status = 0 

mass_function_like took: 2.028 seconds
Total pipeline time: 2.03 seconds
Pipeline ran okay.
Likelihood hmf_bins = -4023456.4470147104
Posterior = -4023454.6144332467 for parameter set #104: [0.30140052698207354, 0.8011429055991317]
Running module mass_function_like
Running module mass_function_like
Running module mass_function_like
Running module mass_function_like
Done mass_function_like status = 0 

mass_function_like took: 2.004 seconds
Total pipeline time: 2.0 seconds
Pipeline ran okay.
Likelihood hmf_bins = -4023147.2973039416
Posterior = -4023145.464722478 for parameter set #105: [0.29885512143458964, 0.8003381259190022]
Running module mass_function_like
Done mass_function_like status = 0 

mass_function_like took: 2.017 seconds
Total pipeline time: 2.02 seconds
Pipeline ran okay.
Likelihood hmf_bins = -3715961.9117340576
Posterior = -3715960.079152594 for parameter set #105: [0.3006459215278916, 0.7992308424168634]
Running module mass_function_like
Done mass_function_like status = 0 

mass_function_like took: 2.024 seconds
Total pipeline time: 2.02 seconds
Pipeline ran okay.
Done mass_function_like status = 0 

mass_function_like took: 2.024 seconds
Total pipeline time: 2.02 seconds
Pipeline ran okay.
Likelihood hmf_bins = -1434480.6104197986
Likelihood hmf_bins = -188906.1806872423
Posterior = -188904.34810577857 for parameter set #105: [0.30030388371919414, 0.7997806740720734]
Running module mass_function_like
Posterior = -1434478.777838335 for parameter set #105: [0.298999201123392, 0.7966660685178056]
Running module mass_function_like
Done mass_function_like status = 0 

mass_function_like took: 1.998 seconds
Total pipeline time: 2.0 seconds
Pipeline ran okay.
Likelihood hmf_bins = -4022961.8397020833
Posterior = -4022960.0071206195 for parameter set #106: [0.29924487453708787, 0.7981483141696681]
Running module mass_function_like
Done mass_function_like status = 0 

mass_function_like took: 2.002 seconds
Total pipeline time: 2.0 seconds
Pipeline ran okay.
Likelihood hmf_bins = -3715897.053763468
Posterior = -3715895.221182004 for parameter set #106: [0.29911129868737635, 0.7999403685963836]
Running module mass_function_like
Done mass_function_like status = 0 

mass_function_like took: 2.007 seconds
Total pipeline time: 2.01 seconds
Pipeline ran okay.
Likelihood hmf_bins = -188949.80228354462
Posterior = -188947.96970208088 for parameter set #106: [0.29990548273734824, 0.7997234489707522]
Running module mass_function_like
Done mass_function_like status = 0 

mass_function_like took: 2.009 seconds
Total pipeline time: 2.01 seconds
Pipeline ran okay.
Likelihood hmf_bins = -1434777.403632366
Posterior = -1434775.5710509024 for parameter set #106: [0.2989270487258786, 0.799970807561306]
Running module mass_function_like
Done mass_function_like status = 0 

mass_function_like took: 1.999 seconds
Total pipeline time: 2.0 seconds
Pipeline ran okay.
Likelihood hmf_bins = -4023302.058327202
Posterior = -4023300.2257457385 for parameter set #107: [0.2999660746626885, 0.8008906312092795]
Running module mass_function_like
Done mass_function_like status = 0 

mass_function_like took: 2.002 seconds
Total pipeline time: 2.0 seconds
Pipeline ran okay.
Likelihood hmf_bins = -3715999.744444439
Posterior = -3715997.9118629755 for parameter set #107: [0.29997921562576757, 0.8001937926174281]
Running module mass_function_like
Done mass_function_like status = 0 

mass_function_like took: 2.023 seconds
Total pipeline time: 2.02 seconds
Pipeline ran okay.
Likelihood hmf_bins = -188553.70618381407
Posterior = -188551.87360235033 for parameter set #107: [0.3025843984138183, 0.8012823353497659]
Running module mass_function_like
Done mass_function_like status = 0 

mass_function_like took: 2.022 seconds
Total pipeline time: 2.02 seconds
Pipeline ran okay.
Likelihood hmf_bins = -1434188.1064564763
Posterior = -1434186.2738750125 for parameter set #107: [0.29771211276346027, 0.7946217785719463]
Running module mass_function_like
Done mass_function_like status = 0 

mass_function_like took: 2.017 seconds
Total pipeline time: 2.02 seconds
Pipeline ran okay.
Likelihood hmf_bins = -4023625.6875311243
Posterior = -4023623.8549496606 for parameter set #108: [0.30122293821013263, 0.8029606311889689]
Done mass_function_like status = 0 

mass_function_like took: 2.001 seconds
Total pipeline time: 2.0 seconds
Pipeline ran okay.
Likelihood hmf_bins = -3716169.602381911
Posterior = -3716167.7698004474 for parameter set #108: [0.3008816818457163, 0.8010747173679997]
Done mass_function_like status = 0 

mass_function_like took: 2.019 seconds
Total pipeline time: 2.02 seconds
Pipeline ran okay.
Likelihood hmf_bins = -188871.4082896465
Posterior = -188869.57570818276 for parameter set #108: [0.30056262634579584, 0.7998907846014418]
Done mass_function_like status = 0 

mass_function_like took: 2.019 seconds
Total pipeline time: 2.02 seconds
Pipeline ran okay.
Likelihood hmf_bins = -1434934.7638152458
Posterior = -1434932.931233782 for parameter set #108: [0.3002528779445244, 0.8004500527948186]
Running module mass_function_like
Running module mass_function_like
Running module mass_function_like
Running module mass_function_like
Done mass_function_like status = 0 

mass_function_like took: 1.999 seconds
Total pipeline time: 2.0 seconds
Pipeline ran okay.
Likelihood hmf_bins = -4023215.6928160586
Posterior = -4023213.860234595 for parameter set #109: [0.29974044548148204, 0.8002342420506701]
Running module mass_function_like
Done mass_function_like status = 0 

mass_function_like took: 2.014 seconds
Total pipeline time: 2.01 seconds
Pipeline ran okay.
Likelihood hmf_bins = -3716263.353986811
Posterior = -3716261.521405347 for parameter set #109: [0.3000494732898244, 0.802731686492375]
Running module mass_function_like
Done mass_function_like status = 0 

mass_function_like took: 2.017 seconds
Total pipeline time: 2.02 seconds
Pipeline ran okay.
Likelihood hmf_bins = -1434363.7453769434
Posterior = -1434361.9127954796 for parameter set #109: [0.29682054083597154, 0.7973788476054675]
Running module mass_function_like
Done mass_function_like status = 0 

mass_function_like took: 2.024 seconds
Total pipeline time: 2.02 seconds
Pipeline ran okay.
Likelihood hmf_bins = -188879.1082143609
Posterior = -188877.27563289716 for parameter set #109: [0.29998955957988194, 0.8003773851227107]
Running module mass_function_like
Done mass_function_like status = 0 

mass_function_like took: 2.006 seconds
Total pipeline time: 2.01 seconds
Pipeline ran okay.
Likelihood hmf_bins = -3715957.745317548
Posterior = -3715955.9127360843 for parameter set #110: [0.2999534657145247, 0.7997998653359407]
Running module mass_function_like
Done mass_function_like status = 0 

mass_function_like took: 2.010 seconds
Total pipeline time: 2.01 seconds
Pipeline ran okay.
Likelihood hmf_bins = -1434411.1183786492
Posterior = -1434409.2857971855 for parameter set #110: [0.2990742519354158, 0.7958351978038751]
Running module mass_function_like
Done mass_function_like status = 0 

mass_function_like took: 2.017 seconds
Total pipeline time: 2.02 seconds
Pipeline ran okay.
Likelihood hmf_bins = -188955.58017799555
Posterior = -188953.74759653182 for parameter set #110: [0.2996826575976642, 0.79988150882556]
Running module mass_function_like
Done mass_function_like status = 0 

mass_function_like took: 2.045 seconds
Total pipeline time: 2.05 seconds
Pipeline ran okay.
Likelihood hmf_bins = -4023198.157057981
Posterior = -4023196.3244765173 for parameter set #110: [0.3000641987531993, 0.7997715983258877]
Running module mass_function_like
Done mass_function_like status = 0 

mass_function_like took: 2.004 seconds
Total pipeline time: 2.0 seconds
Pipeline ran okay.
Likelihood hmf_bins = -1434983.4946930977
Posterior = -1434981.662111634 for parameter set #111: [0.30087633257511215, 0.8004074945467841]
Running module mass_function_like
Done mass_function_like status = 0 

mass_function_like took: 2.023 seconds
Total pipeline time: 2.02 seconds
Pipeline ran okay.
Likelihood hmf_bins = -3715989.372398609
Posterior = -3715987.539817145 for parameter set #111: [0.30006206055766077, 0.8000145513700083]
Running module mass_function_like
Done mass_function_like status = 0 

mass_function_like took: 2.004 seconds
Total pipeline time: 2.0 seconds
Pipeline ran okay.
Likelihood hmf_bins = -188775.30270056636
Posterior = -188773.47011910263 for parameter set #111: [0.3007901646742699, 0.800687684685493]
Running module mass_function_like
Done mass_function_like status = 0 

mass_function_like took: 2.017 seconds
Total pipeline time: 2.02 seconds
Pipeline ran okay.
Likelihood hmf_bins = -4022941.43576151
Posterior = -4022939.603180046 for parameter set #111: [0.29938643286110284, 0.7978228032137794]
Running module mass_function_like
Done mass_function_like status = 0 

mass_function_like took: 2.001 seconds
Total pipeline time: 2.0 seconds
Pipeline ran okay.
Likelihood hmf_bins = -188924.9048807629
Posterior = -188923.07229929915 for parameter set #112: [0.29997916076679426, 0.7999105945775405]
Done mass_function_like status = 0 

mass_function_like took: 2.015 seconds
Total pipeline time: 2.02 seconds
Pipeline ran okay.
Likelihood hmf_bins = -1435160.2475871737
Posterior = -1435158.41500571 for parameter set #112: [0.300477247258679, 0.8026727762670274]
Done mass_function_like status = 0 

mass_function_like took: 2.020 seconds
Total pipeline time: 2.02 seconds
Pipeline ran okay.
Likelihood hmf_bins = -3716090.2344721896
Posterior = -3716088.401890726 for parameter set #112: [0.3006078134715256, 0.8005312164770039]
Done mass_function_like status = 0 

mass_function_like took: 2.018 seconds
Total pipeline time: 2.02 seconds
Pipeline ran okay.
Likelihood hmf_bins = -4024054.1005534027
Posterior = -4024052.267971939 for parameter set #112: [0.3035009301711441, 0.8051180148852288]
Running module mass_function_like
Running module mass_function_like
Running module mass_function_like
Running module mass_function_like
Done mass_function_like status = 0 

mass_function_like took: 2.000 seconds
Total pipeline time: 2.0 seconds
Pipeline ran okay.
Likelihood hmf_bins = -188792.91649594824
Posterior = -188791.0839144845 for parameter set #113: [0.2998612182194309, 0.8014220094626497]
Running module mass_function_like
Done mass_function_like status = 0 

mass_function_like took: 2.004 seconds
Total pipeline time: 2.0 seconds
Pipeline ran okay.
Likelihood hmf_bins = -4023159.116585839
Posterior = -4023157.2840043753 for parameter set #113: [0.2999515756296904, 0.7994876538549434]
Running module mass_function_like
Done mass_function_like status = 0 

mass_function_like took: 2.015 seconds
Total pipeline time: 2.01 seconds
Pipeline ran okay.
Likelihood hmf_bins = -1434858.8880516372
Posterior = -1434857.0554701735 for parameter set #113: [0.30059556167239676, 0.7993168847247579]
Running module mass_function_like
Done mass_function_like status = 0 

mass_function_like took: 2.021 seconds
Total pipeline time: 2.02 seconds
Pipeline ran okay.
Likelihood hmf_bins = -3716262.601225158
Posterior = -3716260.7686436945 for parameter set #113: [0.3000339975852034, 0.8027370601807997]
Running module mass_function_like
Done mass_function_like status = 0 

mass_function_like took: 1.997 seconds
Total pipeline time: 2.0 seconds
Pipeline ran okay.
Likelihood hmf_bins = -4022955.3871077867
Posterior = -4022953.554526323 for parameter set #114: [0.2993322726565934, 0.7980079720997426]
Running module mass_function_like
Done mass_function_like status = 0 

mass_function_like took: 2.004 seconds
Total pipeline time: 2.0 seconds
Pipeline ran okay.
Likelihood hmf_bins = -188985.94397243366
Posterior = -188984.11139096992 for parameter set #114: [0.2997341043977164, 0.799513212780065]
Running module mass_function_like
Done mass_function_like status = 0 

mass_function_like took: 1.996 seconds
Total pipeline time: 2.0 seconds
Pipeline ran okay.
Likelihood hmf_bins = -3715845.710701482
Posterior = -3715843.878120018 for parameter set #114: [0.2993610530432103, 0.7992103919977026]
Running module mass_function_like
Done mass_function_like status = 0 

mass_function_like took: 2.005 seconds
Total pipeline time: 2.0 seconds
Pipeline ran okay.
Likelihood hmf_bins = -1434831.7091372309
Posterior = -1434829.8765557671 for parameter set #114: [0.2995717747064005, 0.7999655185396478]
Running module mass_function_like
Done mass_function_like status = 0 

mass_function_like took: 2.005 seconds
Total pipeline time: 2.01 seconds
Pipeline ran okay.
Likelihood hmf_bins = -188946.09413593565
Posterior = -188944.26155447192 for parameter set #115: [0.2994265440389957, 0.800235749188624]
Running module mass_function_like
Done mass_function_like status = 0 

mass_function_like took: 2.012 seconds
Total pipeline time: 2.01 seconds
Pipeline ran okay.
Likelihood hmf_bins = -4023295.4495653403
Posterior = -4023293.6169838766 for parameter set #115: [0.30032436752021313, 0.8005044273086515]
Running module mass_function_like
Done mass_function_like status = 0 

mass_function_like took: 2.001 seconds
Total pipeline time: 2.0 seconds
Pipeline ran okay.
Likelihood hmf_bins = -3716008.633332472
Posterior = -3716006.800751008 for parameter set #115: [0.29944304092808544, 0.8007540989817178]
Running module mass_function_like
Done mass_function_like status = 0 

mass_function_like took: 2.009 seconds
Total pipeline time: 2.01 seconds
Pipeline ran okay.
Likelihood hmf_bins = -1434098.4067970621
Posterior = -1434096.5742155984 for parameter set #115: [0.2981662475130403, 0.7932174265320165]
Running module mass_function_like
Done mass_function_like status = 0 

mass_function_like took: 2.015 seconds
Total pipeline time: 2.01 seconds
Pipeline ran okay.
Likelihood hmf_bins = -188806.3329309709
Posterior = -188804.50034950717 for parameter set #116: [0.30008605813278644, 0.8010525884003259]
Done mass_function_like status = 0 

mass_function_like took: 2.012 seconds
Total pipeline time: 2.01 seconds
Pipeline ran okay.
Likelihood hmf_bins = -4023490.1948465365
Posterior = -4023488.3622650728 for parameter set #116: [0.3020267286783391, 0.8009238584620675]
Done mass_function_like status = 0 

mass_function_like took: 2.018 seconds
Total pipeline time: 2.02 seconds
Pipeline ran okay.
Likelihood hmf_bins = -3716031.8896454587
Posterior = -3716030.057063995 for parameter set #116: [0.3004601965377744, 0.800084730402028]
Done mass_function_like status = 0 

mass_function_like took: 2.012 seconds
Total pipeline time: 2.01 seconds
Pipeline ran okay.
Likelihood hmf_bins = -1435004.7782833672
Posterior = -1435002.9457019034 for parameter set #116: [0.3009938503961175, 0.8005231375336664]
Running module mass_function_like
Running module mass_function_like
Running module mass_function_like
Running module mass_function_like
Done mass_function_like status = 0 

mass_function_like took: 2.003 seconds
Total pipeline time: 2.0 seconds
Pipeline ran okay.
Likelihood hmf_bins = -188867.61688182576
Posterior = -188865.78430036202 for parameter set #117: [0.3008132866267167, 0.7996878633334012]
Running module mass_function_like
Done mass_function_like status = 0 

mass_function_like took: 2.005 seconds
Total pipeline time: 2.01 seconds
Pipeline ran okay.
Likelihood hmf_bins = -4023187.315793152
Posterior = -4023185.483211688 for parameter set #117: [0.29981563912832354, 0.7998878765115308]
Running module mass_function_like
Done mass_function_like status = 0 

mass_function_like took: 2.014 seconds
Total pipeline time: 2.01 seconds
Pipeline ran okay.
Likelihood hmf_bins = -1434278.5457703343
Posterior = -1434276.7131888706 for parameter set #117: [0.2984813881518025, 0.7949192039304187]
Running module mass_function_like
Done mass_function_like status = 0 

mass_function_like took: 2.022 seconds
Total pipeline time: 2.02 seconds
Pipeline ran okay.
Likelihood hmf_bins = -3715559.2939865915
Posterior = -3715557.461405128 for parameter set #117: [0.29754455630075, 0.7979489900895163]
Running module mass_function_like
Done mass_function_like status = 0 

mass_function_like took: 2.003 seconds
Total pipeline time: 2.0 seconds
Pipeline ran okay.
Likelihood hmf_bins = -4023106.3002031795
Posterior = -4023104.4676217157 for parameter set #118: [0.29938991551406086, 0.7994582684540598]
Running module mass_function_like
Done mass_function_like status = 0 

mass_function_like took: 2.010 seconds
Total pipeline time: 2.01 seconds
Pipeline ran okay.
Likelihood hmf_bins = -189374.92942785838
Posterior = -189373.09684639465 for parameter set #118: [0.2988261825433402, 0.7964280717699375]
Running module mass_function_like
Done mass_function_like status = 0 

mass_function_like took: 2.012 seconds
Total pipeline time: 2.01 seconds
Pipeline ran okay.
Likelihood hmf_bins = -1434990.3423711988
Posterior = -1434988.509789735 for parameter set #118: [0.2991243015655421, 0.80209621723573]
Running module mass_function_like
Done mass_function_like status = 0 

mass_function_like took: 2.007 seconds
Total pipeline time: 2.01 seconds
Pipeline ran okay.
Likelihood hmf_bins = -3715946.3393111588
Posterior = -3715944.506729695 for parameter set #118: [0.29937165568923635, 0.8001998592878727]
Running module mass_function_like
Done mass_function_like status = 0 

mass_function_like took: 2.012 seconds
Total pipeline time: 2.01 seconds
Pipeline ran okay.
Likelihood hmf_bins = -4023301.6431751987
Posterior = -4023299.810593735 for parameter set #119: [0.3002882249238237, 0.8005987113092264]
Running module mass_function_like
Done mass_function_like status = 0 

mass_function_like took: 2.012 seconds
Total pipeline time: 2.01 seconds
Pipeline ran okay.
Likelihood hmf_bins = -188488.60089584146
Posterior = -188486.76831437772 for parameter set #119: [0.3028362623390235, 0.8017420886802605]
Running module mass_function_like
Done mass_function_like status = 0 

mass_function_like took: 2.002 seconds
Total pipeline time: 2.0 seconds
Pipeline ran okay.
Likelihood hmf_bins = -1434990.517958021
Posterior = -1434988.6853765573 for parameter set #119: [0.30078912168959687, 0.8005627067808111]
Running module mass_function_like
Done mass_function_like status = 0 

mass_function_like took: 2.014 seconds
Total pipeline time: 2.01 seconds
Pipeline ran okay.
Likelihood hmf_bins = -3716027.996945337
Posterior = -3716026.164363873 for parameter set #119: [0.3001368192629646, 0.800331772491359]
Running module mass_function_like
Done mass_function_like status = 0 

mass_function_like took: 2.006 seconds
Total pipeline time: 2.01 seconds
Pipeline ran okay.
Likelihood hmf_bins = -188966.04946270128
Posterior = -188964.21688123755 for parameter set #120: [0.2996723519831314, 0.7997823075651597]
Done mass_function_like status = 0 

mass_function_like took: 2.010 seconds
Total pipeline time: 2.01 seconds
Pipeline ran okay.
Likelihood hmf_bins = -4023312.398961594
Posterior = -4023310.56638013 for parameter set #120: [0.30099620915737524, 0.8000818664515489]
Done mass_function_like status = 0 

mass_function_like took: 2.022 seconds
Total pipeline time: 2.02 seconds
Pipeline ran okay.
Likelihood hmf_bins = -1434979.069145154
Posterior = -1434977.2365636902 for parameter set #120: [0.30022767526469163, 0.8009526910738862]
Done mass_function_like status = 0 

mass_function_like took: 2.014 seconds
Total pipeline time: 2.01 seconds
Pipeline ran okay.
Likelihood hmf_bins = -3716092.1791801574
Posterior = -3716090.3465986936 for parameter set #120: [0.30138401713705804, 0.7998664602139693]
Running module mass_function_like
Running module mass_function_like
Running module mass_function_like
Running module mass_function_like
Done mass_function_like status = 0 

mass_function_like took: 2.003 seconds
Total pipeline time: 2.0 seconds
Pipeline ran okay.
Likelihood hmf_bins = -3716033.7241460765
Posterior = -3716031.8915646127 for parameter set #121: [0.29982517872720754, 0.8006667139838405]
Running module mass_function_like
Done mass_function_like status = 0 

mass_function_like took: 2.005 seconds
Total pipeline time: 2.01 seconds
Pipeline ran okay.
Likelihood hmf_bins = -4023038.4552968894
Posterior = -4023036.6227154257 for parameter set #121: [0.2988305901198884, 0.7992761100889016]
Running module mass_function_like
Done mass_function_like status = 0 

mass_function_like took: 2.030 seconds
Total pipeline time: 2.03 seconds
Pipeline ran okay.
Likelihood hmf_bins = -188857.18502218483
Posterior = -188855.3524407211 for parameter set #121: [0.29939286808578397, 0.8012047635589743]
Running module mass_function_like
Done mass_function_like status = 0 

mass_function_like took: 2.046 seconds
Total pipeline time: 2.05 seconds
Pipeline ran okay.
Likelihood hmf_bins = -1434751.3009535533
Posterior = -1434749.4683720896 for parameter set #121: [0.2999972735209518, 0.7986998963866827]
Running module mass_function_like
Done mass_function_like status = 0 

mass_function_like took: 2.028 seconds
Total pipeline time: 2.03 seconds
Pipeline ran okay.
Done mass_function_like status = 0 

mass_function_like took: 2.026 seconds
Total pipeline time: 2.03 seconds
Pipeline ran okay.
Likelihood hmf_bins = -3715639.2032127795
Likelihood hmf_bins = -4022456.522017372
Posterior = -3715637.3706313157 for parameter set #122: [0.2992493156719957, 0.7972534776321609]
Posterior = -4022454.689435908 for parameter set #122: [0.2983424722785136, 0.7938786891829502]
Running module mass_function_like
Running module mass_function_like
Done mass_function_like status = 0 

mass_function_like took: 2.081 seconds
Total pipeline time: 2.08 seconds
Pipeline ran okay.
Likelihood hmf_bins = -188911.54929368527
Posterior = -188909.71671222153 for parameter set #122: [0.30000157622262696, 0.8000236760120583]
Running module mass_function_like
Done mass_function_like status = 0 

mass_function_like took: 2.067 seconds
Total pipeline time: 2.07 seconds
Pipeline ran okay.
Likelihood hmf_bins = -1434967.164721242
Posterior = -1434965.3321397782 for parameter set #122: [0.2997474682197684, 0.8012707570929009]
Running module mass_function_like
Done mass_function_like status = 0 

mass_function_like took: 2.041 seconds
Total pipeline time: 2.04 seconds
Pipeline ran okay.
Likelihood hmf_bins = -4023381.2448716615
Posterior = -4023379.412290198 for parameter set #123: [0.3004482532142432, 0.8012431339703889]
Running module mass_function_like
Done mass_function_like status = 0 

mass_function_like took: 2.056 seconds
Total pipeline time: 2.06 seconds
Pipeline ran okay.
Likelihood hmf_bins = -3716173.514102143
Posterior = -3716171.681520679 for parameter set #123: [0.3009051700945712, 0.8010904644269066]
Running module mass_function_like
Done mass_function_like status = 0 

mass_function_like took: 2.026 seconds
Total pipeline time: 2.03 seconds
Pipeline ran okay.
Likelihood hmf_bins = -1434825.4140906387
Posterior = -1434823.581509175 for parameter set #123: [0.2994551957729894, 0.8000060205671425]
Running module mass_function_like
Done mass_function_like status = 0 

mass_function_like took: 2.031 seconds
Total pipeline time: 2.03 seconds
Pipeline ran okay.
Likelihood hmf_bins = -188320.85852276642
Posterior = -188319.02594130268 for parameter set #123: [0.3039128137733748, 0.8025155823555489]
Running module mass_function_like
Done mass_function_like status = 0 

mass_function_like took: 2.018 seconds
Total pipeline time: 2.02 seconds
Pipeline ran okay.
Likelihood hmf_bins = -4023261.00451457
Posterior = -4023259.171933106 for parameter set #124: [0.3005237149150326, 0.799988731339946]
Done mass_function_like status = 0 

mass_function_like took: 2.030 seconds
Total pipeline time: 2.03 seconds
Pipeline ran okay.
Likelihood hmf_bins = -3715987.4828499807
Posterior = -3715985.650268517 for parameter set #124: [0.30048479680403206, 0.7996232908013288]
Done mass_function_like status = 0 

mass_function_like took: 2.017 seconds
Total pipeline time: 2.02 seconds
Pipeline ran okay.
Likelihood hmf_bins = -188241.32319521773
Posterior = -188239.490613754 for parameter set #124: [0.30283754010126285, 0.804477254787616]
Done mass_function_like status = 0 

mass_function_like took: 2.024 seconds
Total pipeline time: 2.02 seconds
Pipeline ran okay.
Likelihood hmf_bins = -1434923.733694193
Posterior = -1434921.9011127292 for parameter set #124: [0.3002701748170521, 0.8003155531174849]
Running module mass_function_like
Running module mass_function_like
Running module mass_function_like
Running module mass_function_like
Done mass_function_like status = 0 

mass_function_like took: 2.003 seconds
Total pipeline time: 2.0 seconds
Pipeline ran okay.
Likelihood hmf_bins = -1434446.3555337987
Posterior = -1434444.522952335 for parameter set #125: [0.29877343174354637, 0.7964962559594112]
Running module mass_function_like
Done mass_function_like status = 0 

mass_function_like took: 2.014 seconds
Total pipeline time: 2.01 seconds
Pipeline ran okay.
Likelihood hmf_bins = -188837.0206582389
Posterior = -188835.18807677517 for parameter set #125: [0.30093879604620566, 0.7998825349983213]
Running module mass_function_like
Done mass_function_like status = 0 

mass_function_like took: 2.023 seconds
Total pipeline time: 2.02 seconds
Pipeline ran okay.
Likelihood hmf_bins = -4023447.492135793
Posterior = -4023445.6595543292 for parameter set #125: [0.3000267812835068, 0.8022697291525589]
Running module mass_function_like
Done mass_function_like status = 0 

mass_function_like took: 2.027 seconds
Total pipeline time: 2.03 seconds
Pipeline ran okay.
Likelihood hmf_bins = -3715474.350220835
Posterior = -3715472.517639371 for parameter set #125: [0.29665989451790853, 0.7978756252352077]
Running module mass_function_like
Done mass_function_like status = 0 

mass_function_like took: 2.005 seconds
Total pipeline time: 2.01 seconds
Pipeline ran okay.
Likelihood hmf_bins = -1434702.8037575667
Posterior = -1434700.971176103 for parameter set #126: [0.29905542589116874, 0.7990412199355156]
Running module mass_function_like
Done mass_function_like status = 0 

mass_function_like took: 2.018 seconds
Total pipeline time: 2.02 seconds
Pipeline ran okay.
Likelihood hmf_bins = -188769.32905602723
Posterior = -188767.4964745635 for parameter set #126: [0.30048414135883783, 0.8010490374910064]
Running module mass_function_like
Done mass_function_like status = 0 

mass_function_like took: 2.010 seconds
Total pipeline time: 2.01 seconds
Pipeline ran okay.
Likelihood hmf_bins = -3715858.339191522
Posterior = -3715856.5066100582 for parameter set #126: [0.2991589012857501, 0.799514250155252]
Running module mass_function_like
Done mass_function_like status = 0 

mass_function_like took: 2.022 seconds
Total pipeline time: 2.02 seconds
Pipeline ran okay.
Likelihood hmf_bins = -4023161.762107339
Posterior = -4023159.9295258755 for parameter set #126: [0.30003309303501874, 0.7994388245130635]
Running module mass_function_like
Done mass_function_like status = 0 

mass_function_like took: 2.013 seconds
Total pipeline time: 2.01 seconds
Pipeline ran okay.
Likelihood hmf_bins = -1435081.4075903583
Posterior = -1435079.5750088945 for parameter set #127: [0.301426087660378, 0.8009512627879577]
Running module mass_function_like
Done mass_function_like status = 0 

mass_function_like took: 2.007 seconds
Total pipeline time: 2.01 seconds
Pipeline ran okay.
Likelihood hmf_bins = -189136.1175554921
Posterior = -189134.28497402836 for parameter set #127: [0.2978192524171994, 0.7998494609361044]
Running module mass_function_like
Done mass_function_like status = 0 

mass_function_like took: 2.001 seconds
Total pipeline time: 2.0 seconds
Pipeline ran okay.
Likelihood hmf_bins = -4023579.5962586645
Posterior = -4023577.763677201 for parameter set #127: [0.300820351942327, 0.802869044437818]
Running module mass_function_like
Done mass_function_like status = 0 

mass_function_like took: 2.014 seconds
Total pipeline time: 2.01 seconds
Pipeline ran okay.
Likelihood hmf_bins = -3715715.0855218456
Posterior = -3715713.252940382 for parameter set #127: [0.2992543009864515, 0.7980041947752989]
Running module mass_function_like
Done mass_function_like status = 0 

mass_function_like took: 2.003 seconds
Total pipeline time: 2.0 seconds
Pipeline ran okay.
Likelihood hmf_bins = -1434633.690627513
Posterior = -1434631.8580460493 for parameter set #128: [0.29942553031054275, 0.7979487437351012]
Done mass_function_like status = 0 

mass_function_like took: 1.997 seconds
Total pipeline time: 2.0 seconds
Pipeline ran okay.
Likelihood hmf_bins = -3715981.843338479
Posterior = -3715980.010757015 for parameter set #128: [0.3007908732821985, 0.7993029278132455]
Done mass_function_like status = 0 

mass_function_like took: 2.010 seconds
Total pipeline time: 2.01 seconds
Pipeline ran okay.
Likelihood hmf_bins = -189103.35933515296
Posterior = -189101.52675368922 for parameter set #128: [0.2984214787000142, 0.7995913919274438]
Done mass_function_like status = 0 

mass_function_like took: 2.017 seconds
Total pipeline time: 2.02 seconds
Pipeline ran okay.
Likelihood hmf_bins = -4023215.6018764777
Posterior = -4023213.769295014 for parameter set #128: [0.30017476191665404, 0.7998467837921427]
Running module mass_function_like
Running module mass_function_like
Running module mass_function_like
Running module mass_function_like
Done mass_function_like status = 0 

mass_function_like took: 2.006 seconds
Total pipeline time: 2.01 seconds
Pipeline ran okay.
Likelihood hmf_bins = -4023601.1160575175
Posterior = -4023599.2834760537 for parameter set #129: [0.2999227818031716, 0.8038775171956272]
Running module mass_function_like
Done mass_function_like status = 0 

mass_function_like took: 2.013 seconds
Total pipeline time: 2.01 seconds
Pipeline ran okay.
Likelihood hmf_bins = -1434387.6003815946
Posterior = -1434385.7678001309 for parameter set #129: [0.2987842713993694, 0.7958416389575598]
Running module mass_function_like
Done mass_function_like status = 0 

mass_function_like took: 2.029 seconds
Total pipeline time: 2.03 seconds
Pipeline ran okay.
Likelihood hmf_bins = -188999.55383435008
Posterior = -188997.72125288635 for parameter set #129: [0.3001211592609718, 0.7989862741219472]
Running module mass_function_like
Done mass_function_like status = 0 

mass_function_like took: 2.032 seconds
Total pipeline time: 2.03 seconds
Pipeline ran okay.
Likelihood hmf_bins = -3716000.862171032
Posterior = -3715999.0295895683 for parameter set #129: [0.30117218236904303, 0.7991526081837673]
Running module mass_function_like
Done mass_function_like status = 0 

mass_function_like took: 2.001 seconds
Total pipeline time: 2.0 seconds
Pipeline ran okay.
Likelihood hmf_bins = -4023199.59992014
Posterior = -4023197.7673386764 for parameter set #130: [0.2999376481527038, 0.7999016709029259]
Running module mass_function_like
Done mass_function_like status = 0 

mass_function_like took: 2.006 seconds
Total pipeline time: 2.01 seconds
Pipeline ran okay.
Likelihood hmf_bins = -1434727.9230985972
Posterior = -1434726.0905171335 for parameter set #130: [0.29860337651698343, 0.7997292587015334]
Running module mass_function_like
Done mass_function_like status = 0 

mass_function_like took: 2.006 seconds
Total pipeline time: 2.01 seconds
Pipeline ran okay.
Likelihood hmf_bins = -188940.12273492603
Posterior = -188938.2901534623 for parameter set #130: [0.29949374308108695, 0.8002301626103645]
Running module mass_function_like
Done mass_function_like status = 0 

mass_function_like took: 2.030 seconds
Total pipeline time: 2.03 seconds
Pipeline ran okay.
Likelihood hmf_bins = -3715938.217513435
Posterior = -3715936.3849319713 for parameter set #130: [0.30000598872743184, 0.7995587369361757]
Running module mass_function_like
Done mass_function_like status = 0 

mass_function_like took: 2.003 seconds
Total pipeline time: 2.0 seconds
Pipeline ran okay.
Likelihood hmf_bins = -4022972.3530925233
Posterior = -4022970.5205110596 for parameter set #131: [0.2995895492507377, 0.7979518722159278]
Running module mass_function_like
Done mass_function_like status = 0 

mass_function_like took: 2.021 seconds
Total pipeline time: 2.02 seconds
Pipeline ran okay.
Likelihood hmf_bins = -1434990.9673450305
Done mass_function_like status = 0 

mass_function_like took: 2.006 seconds
Total pipeline time: 2.01 seconds
Pipeline ran okay.
Posterior = -1434989.1347635668 for parameter set #131: [0.30041479290257467, 0.8009070350587058]
Likelihood hmf_bins = -189220.7811577569
Posterior = -189218.94857629316 for parameter set #131: [0.2978383639553027, 0.7989597961250345]
Running module mass_function_like
Running module mass_function_like
Done mass_function_like status = 0 

mass_function_like took: 2.027 seconds
Total pipeline time: 2.03 seconds
Pipeline ran okay.
Likelihood hmf_bins = -3716130.494524632
Posterior = -3716128.6619431684 for parameter set #131: [0.30094237795130807, 0.8006324882413139]
Running module mass_function_like
Done mass_function_like status = 0 

mass_function_like took: 2.007 seconds
Total pipeline time: 2.01 seconds
Pipeline ran okay.
Likelihood hmf_bins = -4023170.8372397544
Posterior = -4023169.0046582907 for parameter set #132: [0.29996291126050134, 0.7995934940907783]
Done mass_function_like status = 0 

mass_function_like took: 2.019 seconds
Total pipeline time: 2.02 seconds
Pipeline ran okay.
Likelihood hmf_bins = -188880.6789212927
Done mass_function_like status = 0 

mass_function_like took: 2.019 seconds
Total pipeline time: 2.02 seconds
Pipeline ran okay.
Posterior = -188878.84633982898 for parameter set #132: [0.3005086819533261, 0.7998474642839875]
Likelihood hmf_bins = -1435031.389239534
Posterior = -1435029.5566580703 for parameter set #132: [0.3010709817986479, 0.8007391740911324]
Done mass_function_like status = 0 

mass_function_like took: 2.018 seconds
Total pipeline time: 2.02 seconds
Pipeline ran okay.
Likelihood hmf_bins = -3716316.2796179703
Posterior = -3716314.4470365066 for parameter set #132: [0.3015692983150556, 0.8019066939176435]
Running module mass_function_like
Running module mass_function_like
Running module mass_function_like
Running module mass_function_like
Done mass_function_like status = 0 

mass_function_like took: 2.004 seconds
Total pipeline time: 2.0 seconds
Pipeline ran okay.
Likelihood hmf_bins = -3715768.5674788696
Posterior = -3715766.734897406 for parameter set #133: [0.29942702290901096, 0.7983864194427137]
Running module mass_function_like
Done mass_function_like status = 0 

mass_function_like took: 2.005 seconds
Total pipeline time: 2.0 seconds
Pipeline ran okay.
Likelihood hmf_bins = -188858.09826307982
Posterior = -188856.2656816161 for parameter set #133: [0.29945663832924413, 0.8011331310166895]
Running module mass_function_like
Done mass_function_like status = 0 

mass_function_like took: 2.009 seconds
Total pipeline time: 2.01 seconds
Pipeline ran okay.
Likelihood hmf_bins = -1434572.3816947707
Posterior = -1434570.549113307 for parameter set #133: [0.29815579228812056, 0.7984445972636774]
Running module mass_function_like
Done mass_function_like status = 0 

mass_function_like took: 2.018 seconds
Total pipeline time: 2.02 seconds
Pipeline ran okay.
Likelihood hmf_bins = -4023316.506172731
Posterior = -4023314.6735912673 for parameter set #133: [0.3000762049805406, 0.8009330966840758]
Running module mass_function_like
Done mass_function_like status = 0 

mass_function_like took: 2.006 seconds
Total pipeline time: 2.01 seconds
Pipeline ran okay.
Likelihood hmf_bins = -188982.04971304425
Posterior = -188980.21713158052 for parameter set #134: [0.2995408103717516, 0.7997455230415419]
Running module mass_function_like
Done mass_function_like status = 0 

mass_function_like took: 2.008 seconds
Total pipeline time: 2.01 seconds
Pipeline ran okay.
Likelihood hmf_bins = -1434380.1755036807
Posterior = -1434378.342922217 for parameter set #134: [0.29868681252226004, 0.7958506184391195]
Running module mass_function_like
Done mass_function_like status = 0 

mass_function_like took: 2.005 seconds
Total pipeline time: 2.01 seconds
Pipeline ran okay.
Likelihood hmf_bins = -4022634.997453944
Posterior = -4022633.16487248 for parameter set #134: [0.29882343016419677, 0.795252470812793]
Running module mass_function_like
Done mass_function_like status = 0 

mass_function_like took: 2.030 seconds
Total pipeline time: 2.03 seconds
Pipeline ran okay.
Likelihood hmf_bins = -3715874.858395968
Posterior = -3715873.0258145044 for parameter set #134: [0.29967749600334764, 0.7992222270970047]
Running module mass_function_like
Done mass_function_like status = 0 

mass_function_like took: 2.005 seconds
Total pipeline time: 2.0 seconds
Pipeline ran okay.
Likelihood hmf_bins = -1434877.8592539965
Posterior = -1434876.0266725328 for parameter set #135: [0.2999625834121996, 0.8001056369050994]
Running module mass_function_like
Done mass_function_like status = 0 

mass_function_like took: 2.014 seconds
Total pipeline time: 2.01 seconds
Pipeline ran okay.
Likelihood hmf_bins = -188458.61859431106
Posterior = -188456.78601284733 for parameter set #135: [0.3029809509933343, 0.8019248322362118]
Running module mass_function_like
Done mass_function_like status = 0 

mass_function_like took: 2.013 seconds
Total pipeline time: 2.01 seconds
Pipeline ran okay.
Likelihood hmf_bins = -4023336.9282652033
Posterior = -4023335.0956837395 for parameter set #135: [0.30048259590625304, 0.8007747424748939]
Running module mass_function_like
Done mass_function_like status = 0 

mass_function_like took: 2.012 seconds
Total pipeline time: 2.01 seconds
Pipeline ran okay.
Likelihood hmf_bins = -3715924.634279445
Posterior = -3715922.801697981 for parameter set #135: [0.2994406968369436, 0.7999238715929605]
Running module mass_function_like
Done mass_function_like status = 0 

mass_function_like took: 2.020 seconds
Total pipeline time: 2.02 seconds
Pipeline ran okay.
Likelihood hmf_bins = -1434940.451875868
Posterior = -1434938.6192944043 for parameter set #136: [0.30038854715609936, 0.8003875347277818]
Done mass_function_like status = 0 

mass_function_like took: 2.017 seconds
Total pipeline time: 2.02 seconds
Pipeline ran okay.
Likelihood hmf_bins = -188845.53694295784
Posterior = -188843.7043614941 for parameter set #136: [0.3006643040346492, 0.800062620269305]
Done mass_function_like status = 0 

mass_function_like took: 2.021 seconds
Total pipeline time: 2.02 seconds
Pipeline ran okay.
Likelihood hmf_bins = -4023726.9659547224
Posterior = -4023725.1333732586 for parameter set #136: [0.30155339858039065, 0.8036596113707536]
Done mass_function_like status = 0 

mass_function_like took: 2.036 seconds
Total pipeline time: 2.04 seconds
Pipeline ran okay.
Likelihood hmf_bins = -3715861.8610312096
Posterior = -3715860.028449746 for parameter set #136: [0.29895862629045195, 0.7997258227220904]
Running module mass_function_like
Running module mass_function_like
Running module mass_function_like
Running module mass_function_like
Done mass_function_like status = 0 

mass_function_like took: 2.006 seconds
Total pipeline time: 2.01 seconds
Pipeline ran okay.
Likelihood hmf_bins = -4023301.4626542386
Posterior = -4023299.630072775 for parameter set #137: [0.2997427709450465, 0.8010806252459195]
Running module mass_function_like
Done mass_function_like status = 0 

mass_function_like took: 2.019 seconds
Total pipeline time: 2.02 seconds
Pipeline ran okay.
Likelihood hmf_bins = -188467.5003884079
Posterior = -188465.66780694417 for parameter set #137: [0.30342115428872735, 0.8013916811583027]
Running module mass_function_like
Done mass_function_like status = 0 

mass_function_like took: 2.021 seconds
Total pipeline time: 2.02 seconds
Pipeline ran okay.
Likelihood hmf_bins = -1433806.4738140188
Posterior = -1433804.641232555 for parameter set #137: [0.29754959598346287, 0.7905278927035351]
Running module mass_function_like
Done mass_function_like status = 0 

mass_function_like took: 2.049 seconds
Total pipeline time: 2.05 seconds
Pipeline ran okay.
Likelihood hmf_bins = -3716005.3118636725
Posterior = -3716003.4792822087 for parameter set #137: [0.3004511636634516, 0.7998298352616439]
Running module mass_function_like
Done mass_function_like status = 0 

mass_function_like took: 1.997 seconds
Total pipeline time: 2.0 seconds
Pipeline ran okay.
Likelihood hmf_bins = -4023102.057689465
Posterior = -4023100.2251080014 for parameter set #138: [0.29966776086161234, 0.7991721852807843]
Running module mass_function_like
Done mass_function_like status = 0 

mass_function_like took: 2.009 seconds
Total pipeline time: 2.01 seconds
Pipeline ran okay.
Likelihood hmf_bins = -1434727.9735821905
Posterior = -1434726.1410007267 for parameter set #138: [0.29860281584190596, 0.7997304319594768]
Running module mass_function_like
Done mass_function_like status = 0 

mass_function_like took: 2.023 seconds
Total pipeline time: 2.02 seconds
Pipeline ran okay.
Likelihood hmf_bins = -188990.40619114056
Posterior = -188988.57360967682 for parameter set #138: [0.3000934705647553, 0.7991081676007659]
Running module mass_function_like
Done mass_function_like status = 0 

mass_function_like took: 2.004 seconds
Total pipeline time: 2.0 seconds
Pipeline ran okay.
Likelihood hmf_bins = -3715415.850663777
Posterior = -3715414.0180823132 for parameter set #138: [0.29867781969606993, 0.7955202256673596]
Running module mass_function_like
Done mass_function_like status = 0 

mass_function_like took: 2.006 seconds
Total pipeline time: 2.01 seconds
Pipeline ran okay.
Likelihood hmf_bins = -1434828.1515878402
Posterior = -1434826.3190063764 for parameter set #139: [0.2995469545803324, 0.799950851137443]
Running module mass_function_like
Done mass_function_like status = 0 

mass_function_like took: 2.035 seconds
Total pipeline time: 2.04 seconds
Pipeline ran okay.
Likelihood hmf_bins = -4023192.3970665983
Posterior = -4023190.5644851346 for parameter set #139: [0.30033853086199136, 0.7994744827634621]
Running module mass_function_like
Done mass_function_like status = 0 

mass_function_like took: 2.012 seconds
Total pipeline time: 2.01 seconds
Pipeline ran okay.
Likelihood hmf_bins = -189351.15731911807
Posterior = -189349.32473765433 for parameter set #139: [0.29664628957089634, 0.798809142009438]
Running module mass_function_like
Done mass_function_like status = 0 

mass_function_like took: 2.050 seconds
Total pipeline time: 2.05 seconds
Pipeline ran okay.
Likelihood hmf_bins = -3716129.1549441447
Posterior = -3716127.322362681 for parameter set #139: [0.30152363024403284, 0.8001078859917549]
Running module mass_function_like
Done mass_function_like status = 0 

mass_function_like took: 1.997 seconds
Total pipeline time: 2.0 seconds
Pipeline ran okay.
Likelihood hmf_bins = -4023166.565675341
Posterior = -4023164.7330938773 for parameter set #140: [0.2999688493248011, 0.7995467958769985]
Done mass_function_like status = 0 

mass_function_like took: 2.017 seconds
Total pipeline time: 2.02 seconds
Pipeline ran okay.
Likelihood hmf_bins = -1435085.5523766626
Posterior = -1435083.7197951989 for parameter set #140: [0.3012759813185311, 0.8011338202351551]
Done mass_function_like status = 0 

mass_function_like took: 2.009 seconds
Total pipeline time: 2.01 seconds
Pipeline ran okay.
Likelihood hmf_bins = -187832.41411003962
Posterior = -187830.5815285759 for parameter set #140: [0.30498439517235326, 0.807009954358242]
Done mass_function_like status = 0 

mass_function_like took: 2.005 seconds
Total pipeline time: 2.01 seconds
Pipeline ran okay.
Likelihood hmf_bins = -3716082.0022187633
Posterior = -3716080.1696372996 for parameter set #140: [0.30106383960702193, 0.8000474910677928]
Running module mass_function_like
Running module mass_function_like
Running module mass_function_like
Running module mass_function_like
Done mass_function_like status = 0 

mass_function_like took: 2.000 seconds
Total pipeline time: 2.0 seconds
Pipeline ran okay.
Likelihood hmf_bins = -188861.00414749412
Posterior = -188859.1715660304 for parameter set #141: [0.2996657614660075, 0.8008948381276266]
Running module mass_function_like
Done mass_function_like status = 0 

mass_function_like took: 2.002 seconds
Total pipeline time: 2.0 seconds
Pipeline ran okay.
Likelihood hmf_bins = -3716130.4973529116
Posterior = -3716128.664771448 for parameter set #141: [0.29981425041653764, 0.8016313157362712]
Running module mass_function_like
Done mass_function_like status = 0 

mass_function_like took: 2.010 seconds
Total pipeline time: 2.01 seconds
Pipeline ran okay.
Likelihood hmf_bins = -4023041.0801280425
Posterior = -4023039.2475465788 for parameter set #141: [0.2964035056633956, 0.8014514668901717]
Running module mass_function_like
Done mass_function_like status = 0 

mass_function_like took: 2.013 seconds
Total pipeline time: 2.01 seconds
Pipeline ran okay.
Likelihood hmf_bins = -1434230.1720127326
Posterior = -1434228.3394312689 for parameter set #141: [0.2961170866916728, 0.7965489648466302]
Running module mass_function_like
Done mass_function_like status = 0 

mass_function_like took: 2.005 seconds
Total pipeline time: 2.0 seconds
Pipeline ran okay.
Likelihood hmf_bins = -3715950.5499713724
Posterior = -3715948.7173899086 for parameter set #142: [0.2994865051352284, 0.8001413960589522]
Running module mass_function_like
Done mass_function_like status = 0 

mass_function_like took: 2.009 seconds
Total pipeline time: 2.01 seconds
Pipeline ran okay.
Likelihood hmf_bins = -188917.63733014883
Posterior = -188915.8047486851 for parameter set #142: [0.29956010937423, 0.800401391097414]
Running module mass_function_like
Done mass_function_like status = 0 

mass_function_like took: 2.003 seconds
Total pipeline time: 2.0 seconds
Pipeline ran okay.
Likelihood hmf_bins = -4023324.524679265
Posterior = -4023322.6920978012 for parameter set #142: [0.3006913154046382, 0.8004720293226553]
Running module mass_function_like
Done mass_function_like status = 0 

mass_function_like took: 2.012 seconds
Total pipeline time: 2.01 seconds
Pipeline ran okay.
Likelihood hmf_bins = -1434361.0505776152
Posterior = -1434359.2179961514 for parameter set #142: [0.2988877181640729, 0.7954572200847299]
Running module mass_function_like
Done mass_function_like status = 0 

mass_function_like took: 2.015 seconds
Total pipeline time: 2.01 seconds
Pipeline ran okay.
Likelihood hmf_bins = -3714629.616051339
Posterior = -3714627.7834698753 for parameter set #143: [0.2965272976986578, 0.7894284337883724]
Running module mass_function_like
Done mass_function_like status = 0 

mass_function_like took: 2.019 seconds
Total pipeline time: 2.02 seconds
Pipeline ran okay.
Likelihood hmf_bins = -4023838.6057058866
Posterior = -4023836.773124423 for parameter set #143: [0.3039969441912688, 0.8025908207454533]
Running module mass_function_like
Done mass_function_like status = 0 

mass_function_like took: 2.012 seconds
Total pipeline time: 2.01 seconds
Pipeline ran okay.
Done mass_function_like status = 0 

mass_function_like took: 2.028 seconds
Total pipeline time: 2.03 seconds
Pipeline ran okay.
Likelihood hmf_bins = -1434694.201704594
Likelihood hmf_bins = -188885.62455046186
Posterior = -1434692.3691231303 for parameter set #143: [0.2996799172173128, 0.7983734315940739]
Posterior = -188883.79196899812 for parameter set #143: [0.2999966721855374, 0.8003023352137828]
Running module mass_function_like
Running module mass_function_like
Done mass_function_like status = 0 

mass_function_like took: 2.001 seconds
Total pipeline time: 2.0 seconds
Pipeline ran okay.
Likelihood hmf_bins = -3715716.426240414
Posterior = -3715714.59365895 for parameter set #144: [0.299410241290864, 0.797881691923968]
Done mass_function_like status = 0 

mass_function_like took: 2.016 seconds
Total pipeline time: 2.02 seconds
Pipeline ran okay.
Likelihood hmf_bins = -4023276.4124587406
Posterior = -4023274.579877277 for parameter set #144: [0.3004612146537105, 0.8001964403222206]
Done mass_function_like status = 0 

mass_function_like took: 2.020 seconds
Total pipeline time: 2.02 seconds
Pipeline ran okay.
Likelihood hmf_bins = -188130.67985620062
Posterior = -188128.84727473688 for parameter set #144: [0.3027248375032784, 0.8058412125664471]
Done mass_function_like status = 0 

mass_function_like took: 2.027 seconds
Total pipeline time: 2.03 seconds
Pipeline ran okay.
Likelihood hmf_bins = -1434959.7320887418
Posterior = -1434957.899507278 for parameter set #144: [0.3002628297591966, 0.8007104866643472]
Running module mass_function_like
Running module mass_function_like
Running module mass_function_like
Running module mass_function_like
Done mass_function_like status = 0 

mass_function_like took: 1.999 seconds
Total pipeline time: 2.0 seconds
Pipeline ran okay.
Likelihood hmf_bins = -4022809.4560392066
Posterior = -4022807.623457743 for parameter set #145: [0.29918556828246573, 0.7966829959494032]
Running module mass_function_like
Done mass_function_like status = 0 

mass_function_like took: 2.012 seconds
Total pipeline time: 2.01 seconds
Pipeline ran okay.
Likelihood hmf_bins = -3715996.6674678302
Posterior = -3715994.8348863665 for parameter set #145: [0.30054847103271715, 0.7996594019050074]
Running module mass_function_like
Done mass_function_like status = 0 

mass_function_like took: 2.016 seconds
Total pipeline time: 2.02 seconds
Pipeline ran okay.
Likelihood hmf_bins = -188561.57463105823
Posterior = -188559.7420495945 for parameter set #145: [0.3023800712577266, 0.801400550498201]
Running module mass_function_like
Done mass_function_like status = 0 

mass_function_like took: 2.030 seconds
Total pipeline time: 2.03 seconds
Pipeline ran okay.
Likelihood hmf_bins = -1434193.5502424636
Posterior = -1434191.7176609999 for parameter set #145: [0.2959035235658115, 0.7963375801299841]
Running module mass_function_like
Done mass_function_like status = 0 

mass_function_like took: 2.005 seconds
Total pipeline time: 2.01 seconds
Pipeline ran okay.
Likelihood hmf_bins = -4023119.671656778
Posterior = -4023117.8390753143 for parameter set #146: [0.2994076260970648, 0.7995759000124242]
Running module mass_function_like
Done mass_function_like status = 0 

mass_function_like took: 2.017 seconds
Total pipeline time: 2.02 seconds
Pipeline ran okay.
Likelihood hmf_bins = -3716015.359622353
Posterior = -3716013.5270408895 for parameter set #146: [0.30035204920562175, 0.8000161971137938]
Running module mass_function_like
Done mass_function_like status = 0 

mass_function_like took: 2.018 seconds
Total pipeline time: 2.02 seconds
Pipeline ran okay.
Likelihood hmf_bins = -188781.99744257474
Posterior = -188780.164861111 for parameter set #146: [0.3005837984205331, 0.8008154378292165]
Done mass_function_like status = 0 

mass_function_like took: 2.004 seconds
Total pipeline time: 2.0 seconds
Pipeline ran okay.
Likelihood hmf_bins = -1434740.5835725127
Running module mass_function_like
Posterior = -1434738.750991049 for parameter set #146: [0.29959796674367484, 0.7989531692838004]
Running module mass_function_like
Done mass_function_like status = 0 

mass_function_like took: 2.024 seconds
Total pipeline time: 2.02 seconds
Pipeline ran okay.
Likelihood hmf_bins = -4023689.6377229104
Posterior = -4023687.8051414466 for parameter set #147: [0.3023498608654653, 0.8025906045205088]
Running module mass_function_like
Done mass_function_like status = 0 

mass_function_like took: 2.004 seconds
Total pipeline time: 2.0 seconds
Pipeline ran okay.
Likelihood hmf_bins = -1434842.4835431122
Posterior = -1434840.6509616484 for parameter set #147: [0.2994803475113014, 0.8001668813910575]
Running module mass_function_like
Done mass_function_like status = 0 

mass_function_like took: 2.014 seconds
Total pipeline time: 2.01 seconds
Pipeline ran okay.
Likelihood hmf_bins = -3715980.2656114823
Posterior = -3715978.4330300186 for parameter set #147: [0.2997524898595114, 0.8002000972350777]
Running module mass_function_like
Done mass_function_like status = 0 

mass_function_like took: 2.019 seconds
Total pipeline time: 2.02 seconds
Pipeline ran okay.
Likelihood hmf_bins = -188808.83870678523
Posterior = -188807.0061253215 for parameter set #147: [0.3003423066111531, 0.8007701954242389]
Running module mass_function_like
Done mass_function_like status = 0 

mass_function_like took: 2.003 seconds
Total pipeline time: 2.0 seconds
Pipeline ran okay.
Likelihood hmf_bins = -1434567.643372578
Posterior = -1434565.8107911143 for parameter set #148: [0.2991689908256095, 0.7974624259727262]
Done mass_function_like status = 0 

mass_function_like took: 2.019 seconds
Total pipeline time: 2.02 seconds
Pipeline ran okay.
Likelihood hmf_bins = -4023019.6580208177
Posterior = -4023017.825439354 for parameter set #148: [0.2982836904061026, 0.7995703618675991]
Done mass_function_like status = 0 

mass_function_like took: 2.015 seconds
Total pipeline time: 2.01 seconds
Pipeline ran okay.
Likelihood hmf_bins = -3716535.603686827
Posterior = -3716533.771105363 for parameter set #148: [0.30209763691497776, 0.8035862857873338]
Done mass_function_like status = 0 

mass_function_like took: 2.016 seconds
Total pipeline time: 2.02 seconds
Pipeline ran okay.
Likelihood hmf_bins = -188817.88807546574
Posterior = -188816.055494002 for parameter set #148: [0.30092284094947136, 0.8000994652301341]
Running module mass_function_like
Running module mass_function_like
Running module mass_function_like
Running module mass_function_like
Done mass_function_like status = 0 

mass_function_like took: 2.014 seconds
Total pipeline time: 2.01 seconds
Pipeline ran okay.
Likelihood hmf_bins = -1433647.250486431
Posterior = -1433645.4179049672 for parameter set #149: [0.29822641360623325, 0.788139116370949]
Running module mass_function_like
Done mass_function_like status = 0 

mass_function_like took: 2.018 seconds
Total pipeline time: 2.02 seconds
Pipeline ran okay.
Likelihood hmf_bins = -4023262.852351388
Posterior = -4023261.019769924 for parameter set #149: [0.29948734068220817, 0.8009253700566116]
Running module mass_function_like
Done mass_function_like status = 0 

mass_function_like took: 2.022 seconds
Total pipeline time: 2.02 seconds
Pipeline ran okay.
Likelihood hmf_bins = -188414.2361662337
Posterior = -188412.40358476996 for parameter set #149: [0.3018496592391099, 0.8035402278814182]
Running module mass_function_like
Done mass_function_like status = 0 

mass_function_like took: 2.033 seconds
Total pipeline time: 2.03 seconds
Pipeline ran okay.
Likelihood hmf_bins = -3716325.0792149836
Posterior = -3716323.24663352 for parameter set #149: [0.30006143938872504, 0.8033286428482493]
Running module mass_function_like
Done mass_function_like status = 0 

mass_function_like took: 2.010 seconds
Total pipeline time: 2.01 seconds
Pipeline ran okay.
Done mass_function_like status = 0 

mass_function_like took: 2.002 seconds
Total pipeline time: 2.0 seconds
Pipeline ran okay.
Likelihood hmf_bins = -188941.32940935544
Likelihood hmf_bins = -1434704.6329856159
Posterior = -1434702.8004041521 for parameter set #150: [0.2983822688155348, 0.7996795118430547]
Posterior = -188939.4968278917 for parameter set #150: [0.29947252169905286, 0.8002387912929556]
Running module mass_function_like
Running module mass_function_like
Done mass_function_like status = 0 

mass_function_like took: 2.019 seconds
Total pipeline time: 2.02 seconds
Pipeline ran okay.
Likelihood hmf_bins = -4023399.7368035945
Posterior = -4023397.904222131 for parameter set #150: [0.30111810944005346, 0.8008344718552228]
Running module mass_function_like
Done mass_function_like status = 0 

mass_function_like took: 2.006 seconds
Total pipeline time: 2.01 seconds
Pipeline ran okay.
Likelihood hmf_bins = -3716050.0372878546
Posterior = -3716048.204706391 for parameter set #150: [0.2997914069667939, 0.8008566425471696]
Running module mass_function_like
Done mass_function_like status = 0 

mass_function_like took: 2.009 seconds
Total pipeline time: 2.01 seconds
Pipeline ran okay.
Likelihood hmf_bins = -188635.5297940081
Posterior = -188633.69721254436 for parameter set #151: [0.30073892614927755, 0.8022371718491039]
Running module mass_function_like
Done mass_function_like status = 0 

mass_function_like took: 2.007 seconds
Total pipeline time: 2.01 seconds
Pipeline ran okay.
Likelihood hmf_bins = -3715334.024045497
Posterior = -3715332.1914640334 for parameter set #151: [0.29861186269403367, 0.7947561798888807]
Running module mass_function_like
Done mass_function_like status = 0 

mass_function_like took: 2.030 seconds
Total pipeline time: 2.03 seconds
Pipeline ran okay.
Likelihood hmf_bins = -1434813.5883611657
Posterior = -1434811.755779702 for parameter set #151: [0.2997176851363163, 0.7996356868328609]
Running module mass_function_like
Done mass_function_like status = 0 

mass_function_like took: 2.019 seconds
Total pipeline time: 2.02 seconds
Pipeline ran okay.
Likelihood hmf_bins = -4023365.6201609424
Posterior = -4023363.7875794787 for parameter set #151: [0.30048329490458414, 0.8010570384709396]
Running module mass_function_like
Done mass_function_like status = 0 

mass_function_like took: 1.997 seconds
Total pipeline time: 2.0 seconds
Pipeline ran okay.
Likelihood hmf_bins = -186817.69128298914
Posterior = -186815.8587015254 for parameter set #152: [0.31074851386160257, 0.813784285547271]
Done mass_function_like status = 0 

mass_function_like took: 2.010 seconds
Total pipeline time: 2.01 seconds
Pipeline ran okay.
Likelihood hmf_bins = -1435606.9440297997
Posterior = -1435605.111448336 for parameter set #152: [0.30453908221216675, 0.8036796306591213]
Done mass_function_like status = 0 

mass_function_like took: 2.027 seconds
Total pipeline time: 2.03 seconds
Pipeline ran okay.
Likelihood hmf_bins = -4023268.392401053
Posterior = -4023266.5598195894 for parameter set #152: [0.3002162796333994, 0.8003340082936496]
Done mass_function_like status = 0 

mass_function_like took: 2.039 seconds
Total pipeline time: 2.04 seconds
Pipeline ran okay.
Likelihood hmf_bins = -3716104.9844184453
Posterior = -3716103.1518369815 for parameter set #152: [0.3012637051049171, 0.8000982629974964]
Running module mass_function_like
Running module mass_function_like
Running module mass_function_like
Running module mass_function_like
Done mass_function_like status = 0 

mass_function_like took: 2.009 seconds
Total pipeline time: 2.01 seconds
Pipeline ran okay.
Likelihood hmf_bins = -4023108.9488319117
Posterior = -4023107.116250448 for parameter set #153: [0.29883512690757524, 0.7999745824332806]
Running module mass_function_like
Done mass_function_like status = 0 

mass_function_like took: 2.015 seconds
Total pipeline time: 2.02 seconds
Pipeline ran okay.
Likelihood hmf_bins = -189499.0168188824
Posterior = -189497.18423741867 for parameter set #153: [0.29661967472169803, 0.7973458537043588]
Running module mass_function_like
Done mass_function_like status = 0 

mass_function_like took: 2.017 seconds
Total pipeline time: 2.02 seconds
Pipeline ran okay.
Likelihood hmf_bins = -3716550.0279538515
Posterior = -3716548.1953723878 for parameter set #153: [0.30197253096586607, 0.803836997168627]
Running module mass_function_like
Done mass_function_like status = 0 

mass_function_like took: 2.026 seconds
Total pipeline time: 2.03 seconds
Pipeline ran okay.
Likelihood hmf_bins = -1435281.9133011966
Posterior = -1435280.080719733 for parameter set #153: [0.3002638265710693, 0.8041747289751543]
Running module mass_function_like
Done mass_function_like status = 0 

mass_function_like took: 2.003 seconds
Total pipeline time: 2.0 seconds
Pipeline ran okay.
Done mass_function_like status = 0 

mass_function_like took: 2.011 seconds
Total pipeline time: 2.01 seconds
Pipeline ran okay.
Likelihood hmf_bins = -3715976.869892663
Likelihood hmf_bins = -4023398.922541139
Posterior = -3715975.037311199 for parameter set #154: [0.2993924757702726, 0.800484086550008]
Posterior = -4023397.0899596754 for parameter set #154: [0.3015548423336131, 0.8004408375040967]
Running module mass_function_like
Running module mass_function_like
Done mass_function_like status = 0 

mass_function_like took: 2.020 seconds
Total pipeline time: 2.02 seconds
Pipeline ran okay.
Likelihood hmf_bins = -188902.20757634897
Posterior = -188900.37499488523 for parameter set #154: [0.2999998104594495, 0.8001240109296925]
Running module mass_function_like
Done mass_function_like status = 0 

mass_function_like took: 2.021 seconds
Total pipeline time: 2.02 seconds
Pipeline ran okay.
Likelihood hmf_bins = -1435179.737934914
Posterior = -1435177.9053534502 for parameter set #154: [0.30050123289064024, 0.8028589826554193]
Running module mass_function_like
Done mass_function_like status = 0 

mass_function_like took: 2.006 seconds
Total pipeline time: 2.01 seconds
Pipeline ran okay.
Likelihood hmf_bins = -4022844.978807426
Posterior = -4022843.1462259623 for parameter set #155: [0.29991409791711526, 0.7963996772859778]
Running module mass_function_like
Done mass_function_like status = 0 

mass_function_like took: 2.006 seconds
Total pipeline time: 2.01 seconds
Pipeline ran okay.
Likelihood hmf_bins = -3715919.4588078544
Posterior = -3715917.6262263907 for parameter set #155: [0.29963617510443624, 0.7997012477184928]
Running module mass_function_like
Done mass_function_like status = 0 

mass_function_like took: 2.012 seconds
Total pipeline time: 2.01 seconds
Pipeline ran okay.
Likelihood hmf_bins = -1434977.6862043384
Posterior = -1434975.8536228747 for parameter set #155: [0.3007605122874567, 0.8004504288183573]
Running module mass_function_like
Done mass_function_like status = 0 

mass_function_like took: 2.031 seconds
Total pipeline time: 2.03 seconds
Pipeline ran okay.
Likelihood hmf_bins = -189103.1010803035
Posterior = -189101.26849883975 for parameter set #155: [0.2982324936660609, 0.7997808517002708]
Running module mass_function_like
Done mass_function_like status = 0 

mass_function_like took: 1.981 seconds
Total pipeline time: 1.98 seconds
Pipeline ran okay.
Likelihood hmf_bins = -4027002.073602252
Posterior = -4027000.2410207884 for parameter set #156: [0.316371683463707, 0.8212112160283476]
Done mass_function_like status = 0 

mass_function_like took: 2.016 seconds
Total pipeline time: 2.02 seconds
Pipeline ran okay.
Likelihood hmf_bins = -3716056.242113933
Posterior = -3716054.409532469 for parameter set #156: [0.3005659056203008, 0.8002330101503314]
Done mass_function_like status = 0 

mass_function_like took: 2.017 seconds
Total pipeline time: 2.02 seconds
Pipeline ran okay.
Likelihood hmf_bins = -188960.12141012805
Posterior = -188958.2888286643 for parameter set #156: [0.3004637604498754, 0.7990587734863998]
Done mass_function_like status = 0 

mass_function_like took: 2.025 seconds
Total pipeline time: 2.03 seconds
Pipeline ran okay.
Likelihood hmf_bins = -1434909.3340313737
Posterior = -1434907.50144991 for parameter set #156: [0.30012170297079566, 0.8002962581082576]
Running module mass_function_like
Running module mass_function_like
Running module mass_function_like
Running module mass_function_like
Done mass_function_like status = 0 

mass_function_like took: 2.009 seconds
Total pipeline time: 2.01 seconds
Pipeline ran okay.
Likelihood hmf_bins = -4023723.814010793
Posterior = -4023721.981429329 for parameter set #157: [0.3039222793528571, 0.8015398871968482]
Running module mass_function_like
Done mass_function_like status = 0 

mass_function_like took: 2.016 seconds
Total pipeline time: 2.02 seconds
Pipeline ran okay.
Likelihood hmf_bins = -1432503.9350418728
Posterior = -1432502.102460409 for parameter set #157: [0.2959680894120408, 0.7770854942855124]
Running module mass_function_like
Done mass_function_like status = 0 

mass_function_like took: 2.019 seconds
Total pipeline time: 2.02 seconds
Pipeline ran okay.
Likelihood hmf_bins = -188979.44568515336
Posterior = -188977.61310368963 for parameter set #157: [0.3004126017894179, 0.798908158983928]
Running module mass_function_like
Done mass_function_like status = 0 

mass_function_like took: 2.022 seconds
Total pipeline time: 2.02 seconds
Pipeline ran okay.
Likelihood hmf_bins = -3714744.0980069344
Posterior = -3714742.2654254707 for parameter set #157: [0.2935588295604255, 0.7931763810293824]
Running module mass_function_like
Done mass_function_like status = 0 

mass_function_like took: 2.004 seconds
Total pipeline time: 2.0 seconds
Pipeline ran okay.
Likelihood hmf_bins = -1434913.7151366111
Posterior = -1434911.8825551474 for parameter set #158: [0.29944120313234773, 0.8009745817115547]
Running module mass_function_like
Done mass_function_like status = 0 

mass_function_like took: 2.006 seconds
Total pipeline time: 2.01 seconds
Pipeline ran okay.
Likelihood hmf_bins = -3715574.2708745273
Posterior = -3715572.4382930635 for parameter set #158: [0.29920768107222856, 0.7966424280464006]
Running module mass_function_like
Done mass_function_like status = 0 

mass_function_like took: 2.019 seconds
Total pipeline time: 2.02 seconds
Pipeline ran okay.
Likelihood hmf_bins = -188770.65224993016
Posterior = -188768.81966846643 for parameter set #158: [0.3004946513082224, 0.8010244017995672]
Running module mass_function_like
Done mass_function_like status = 0 

mass_function_like took: 2.040 seconds
Total pipeline time: 2.04 seconds
Pipeline ran okay.
Likelihood hmf_bins = -4019455.220663551
Posterior = -4019453.388082087 for parameter set #158: [0.28580411746590767, 0.7730104003282938]
Running module mass_function_like
Done mass_function_like status = 0 

mass_function_like took: 2.001 seconds
Total pipeline time: 2.0 seconds
Pipeline ran okay.
Likelihood hmf_bins = -1434874.7524405075
Posterior = -1434872.9198590438 for parameter set #159: [0.2998743082331031, 0.8001528738285594]
Running module mass_function_like
Done mass_function_like status = 0 

mass_function_like took: 2.021 seconds
Total pipeline time: 2.02 seconds
Pipeline ran okay.
Likelihood hmf_bins = -3716652.374033419
Posterior = -3716650.541451955 for parameter set #159: [0.30434546239479543, 0.802739336119852]
Running module mass_function_like
Done mass_function_like status = 0 

mass_function_like took: 2.014 seconds
Total pipeline time: 2.01 seconds
Pipeline ran okay.
Likelihood hmf_bins = -188781.43280214205
Posterior = -188779.60022067832 for parameter set #159: [0.3003996754924734, 0.8010050489361172]
Running module mass_function_like
Done mass_function_like status = 0 

mass_function_like took: 2.006 seconds
Total pipeline time: 2.01 seconds
Pipeline ran okay.
Likelihood hmf_bins = -4022940.512374187
Posterior = -4022938.679792723 for parameter set #159: [0.2993613961339208, 0.797834516128561]
Running module mass_function_like
Done mass_function_like status = 0 

mass_function_like took: 2.014 seconds
Total pipeline time: 2.01 seconds
Pipeline ran okay.
Likelihood hmf_bins = -1434761.0124942395
Posterior = -1434759.1799127758 for parameter set #160: [0.29773063774694175, 0.8008971830002197]
Done mass_function_like status = 0 

mass_function_like took: 2.008 seconds
Total pipeline time: 2.01 seconds
Pipeline ran okay.
Likelihood hmf_bins = -188964.81002572566
Posterior = -188962.97744426192 for parameter set #160: [0.29966823414470156, 0.7998002516221617]
Done mass_function_like status = 0 

mass_function_like took: 2.007 seconds
Total pipeline time: 2.01 seconds
Pipeline ran okay.
Likelihood hmf_bins = -4023143.1691022892
Posterior = -4023141.3365208255 for parameter set #160: [0.2999569948604015, 0.7993257905627298]
Done mass_function_like status = 0 

mass_function_like took: 2.031 seconds
Total pipeline time: 2.03 seconds
Pipeline ran okay.
Likelihood hmf_bins = -3716274.068408762
Posterior = -3716272.2358272984 for parameter set #160: [0.3013501127605505, 0.8016856886635118]
Running module mass_function_like
Running module mass_function_like
Running module mass_function_like
Running module mass_function_like
Done mass_function_like status = 0 

mass_function_like took: 2.003 seconds
Total pipeline time: 2.0 seconds
Pipeline ran okay.
Likelihood hmf_bins = -189037.3979513035
Posterior = -189035.56536983975 for parameter set #161: [0.29979574162449346, 0.7989194468500473]
Running module mass_function_like
Done mass_function_like status = 0 

mass_function_like took: 2.017 seconds
Total pipeline time: 2.02 seconds
Pipeline ran okay.
Likelihood hmf_bins = -1435138.2579284308
Posterior = -1435136.425346967 for parameter set #161: [0.3019150057584719, 0.8011118718790249]
Running module mass_function_like
Done mass_function_like status = 0 

mass_function_like took: 2.025 seconds
Total pipeline time: 2.02 seconds
Pipeline ran okay.
Likelihood hmf_bins = -4023341.2851088084
Posterior = -4023339.4525273447 for parameter set #161: [0.30076371980745753, 0.8005730614017718]
Running module mass_function_like
Done mass_function_like status = 0 

mass_function_like took: 2.031 seconds
Total pipeline time: 2.03 seconds
Pipeline ran okay.
Likelihood hmf_bins = -3716341.514488093
Posterior = -3716339.6819066294 for parameter set #161: [0.3001515688974917, 0.8034102400057491]
Running module mass_function_like
Done mass_function_like status = 0 

mass_function_like took: 2.011 seconds
Total pipeline time: 2.01 seconds
Pipeline ran okay.
Likelihood hmf_bins = -190607.43403891334
Posterior = -190605.6014574496 for parameter set #162: [0.2971172946725971, 0.7863870015023241]
Running module mass_function_like
Done mass_function_like status = 0 

mass_function_like took: 2.005 seconds
Total pipeline time: 2.01 seconds
Pipeline ran okay.
Likelihood hmf_bins = -1434984.8944311556
Posterior = -1434983.061849692 for parameter set #162: [0.30074124596521357, 0.8005456738900545]
Running module mass_function_like
Done mass_function_like status = 0 

mass_function_like took: 2.002 seconds
Total pipeline time: 2.0 seconds
Pipeline ran okay.
Likelihood hmf_bins = -4023229.971215397
Posterior = -4023228.1386339334 for parameter set #162: [0.300832257638989, 0.7994147653631596]
Running module mass_function_like
Done mass_function_like status = 0 

mass_function_like took: 2.004 seconds
Total pipeline time: 2.0 seconds
Pipeline ran okay.
Likelihood hmf_bins = -3715875.6601578747
Posterior = -3715873.827576411 for parameter set #162: [0.299582888349836, 0.7993122571180574]
Running module mass_function_like
Done mass_function_like status = 0 

mass_function_like took: 2.012 seconds
Total pipeline time: 2.01 seconds
Pipeline ran okay.
Likelihood hmf_bins = -187913.40540130995
Posterior = -187911.57281984622 for parameter set #163: [0.3032012977128084, 0.8078689565895059]
Running module mass_function_like
Done mass_function_like status = 0 

mass_function_like took: 2.011 seconds
Total pipeline time: 2.01 seconds
Pipeline ran okay.
Likelihood hmf_bins = -4023450.6012770813
Posterior = -4023448.7686956176 for parameter set #163: [0.3019296106220718, 0.8006202020754646]
Running module mass_function_like
Done mass_function_like status = 0 

mass_function_like took: 2.004 seconds
Total pipeline time: 2.0 seconds
Pipeline ran okay.
Likelihood hmf_bins = -3715413.1756498814
Done mass_function_like status = 0 

Posterior = -3715411.3430684176 for parameter set #163: [0.29948041238406375, 0.7947946812320463]
mass_function_like took: 2.016 seconds
Total pipeline time: 2.02 seconds
Pipeline ran okay.
Likelihood hmf_bins = -1435932.4340500326
Posterior = -1435930.601468569 for parameter set #163: [0.3018049264398193, 0.8096474344507144]
Running module mass_function_like
Running module mass_function_like
Done mass_function_like status = 0 

mass_function_like took: 1.993 seconds
Total pipeline time: 1.99 seconds
Pipeline ran okay.
Likelihood hmf_bins = -186852.9590502904
Posterior = -186851.12646882667 for parameter set #164: [0.31054765853852834, 0.813524042731651]
Done mass_function_like status = 0 

mass_function_like took: 2.000 seconds
Total pipeline time: 2.0 seconds
Pipeline ran okay.
Likelihood hmf_bins = -4023168.180730112
Posterior = -4023166.348148648 for parameter set #164: [0.2999667201314942, 0.7995651504851312]
Done mass_function_like status = 0 

mass_function_like took: 2.003 seconds
Total pipeline time: 2.0 seconds
Pipeline ran okay.
Likelihood hmf_bins = -1434981.705889154
Posterior = -1434979.8733076903 for parameter set #164: [0.299910680512491, 0.8012764611284037]
Done mass_function_like status = 0 

mass_function_like took: 2.014 seconds
Total pipeline time: 2.01 seconds
Pipeline ran okay.
Likelihood hmf_bins = -3716062.97465759
Posterior = -3716061.1420761263 for parameter set #164: [0.3006437708175911, 0.8002293400411085]
Running module mass_function_like
Running module mass_function_like
Running module mass_function_like
Running module mass_function_like
Done mass_function_like status = 0 

mass_function_like took: 2.009 seconds
Total pipeline time: 2.01 seconds
Pipeline ran okay.
Likelihood hmf_bins = -1433577.5717073989
Posterior = -1433575.7391259351 for parameter set #165: [0.29808050799294133, 0.7874874398469922]
Running module mass_function_like
Done mass_function_like status = 0 

mass_function_like took: 2.014 seconds
Total pipeline time: 2.01 seconds
Pipeline ran okay.
Likelihood hmf_bins = -4024157.4661061764
Posterior = -4024155.6335247126 for parameter set #165: [0.30314872489528477, 0.8064328858943228]
Running module mass_function_like
Done mass_function_like status = 0 

mass_function_like took: 2.018 seconds
Total pipeline time: 2.02 seconds
Pipeline ran okay.
Likelihood hmf_bins = -188674.17484402948
Posterior = -188672.34226256574 for parameter set #165: [0.3019773678973462, 0.8005875180820066]
Running module mass_function_like
Done mass_function_like status = 0 

mass_function_like took: 2.034 seconds
Total pipeline time: 2.03 seconds
Pipeline ran okay.
Likelihood hmf_bins = -3712884.2451521587
Posterior = -3712882.412570695 for parameter set #165: [0.28374346774995324, 0.7820463675761304]
Running module mass_function_like
Done mass_function_like status = 0 

mass_function_like took: 1.997 seconds
Total pipeline time: 2.0 seconds
Pipeline ran okay.
Likelihood hmf_bins = -4023090.477427715
Posterior = -4023088.6448462512 for parameter set #166: [0.2999470102336119, 0.798812163127659]
Running module mass_function_like
Done mass_function_like status = 0 

mass_function_like took: 2.010 seconds
Total pipeline time: 2.01 seconds
Pipeline ran okay.
Done mass_function_like status = 0 

mass_function_like took: 2.000 seconds
Total pipeline time: 2.0 seconds
Pipeline ran okay.
Likelihood hmf_bins = -1435016.7616654164
Likelihood hmf_bins = -188867.8335874427
Posterior = -1435014.9290839527 for parameter set #166: [0.29900594816025067, 0.8024935024107668]
Posterior = -188866.00100597896 for parameter set #166: [0.29989922338317776, 0.8005902080783728]
Running module mass_function_like
Running module mass_function_like
Done mass_function_like status = 0 

mass_function_like took: 2.004 seconds
Total pipeline time: 2.0 seconds
Pipeline ran okay.
Likelihood hmf_bins = -3715904.9139638897
Posterior = -3715903.081382426 for parameter set #166: [0.299180955439791, 0.7999570854664521]
Running module mass_function_like
Done mass_function_like status = 0 

mass_function_like took: 2.016 seconds
Total pipeline time: 2.02 seconds
Pipeline ran okay.
Likelihood hmf_bins = -4023470.059123862
Posterior = -4023468.2265423983 for parameter set #167: [0.3004377137199066, 0.802127817464817]
Running module mass_function_like
Done mass_function_like status = 0 

mass_function_like took: 2.010 seconds
Total pipeline time: 2.01 seconds
Pipeline ran okay.
Likelihood hmf_bins = -188976.89093543787
Posterior = -188975.05835397413 for parameter set #167: [0.29970549217565706, 0.7996378945402502]
Running module mass_function_like
Done mass_function_like status = 0 

mass_function_like took: 2.024 seconds
Total pipeline time: 2.02 seconds
Pipeline ran okay.
Likelihood hmf_bins = -1435609.1473626911
Posterior = -1435607.3147812274 for parameter set #167: [0.30331373096978964, 0.8048305748684805]
Running module mass_function_like
Done mass_function_like status = 0 

mass_function_like took: 2.019 seconds
Total pipeline time: 2.02 seconds
Pipeline ran okay.
Likelihood hmf_bins = -3716010.0061340565
Posterior = -3716008.1735525928 for parameter set #167: [0.3001505610493745, 0.8001409891233762]
Running module mass_function_like
Done mass_function_like status = 0 

mass_function_like took: 2.011 seconds
Total pipeline time: 2.01 seconds
Pipeline ran okay.
Likelihood hmf_bins = -4023334.537690654
Posterior = -4023332.70510919 for parameter set #168: [0.3012413555122447, 0.8000835160492443]
Done mass_function_like status = 0 

mass_function_like took: 2.017 seconds
Total pipeline time: 2.02 seconds
Pipeline ran okay.
Likelihood hmf_bins = -1434881.134268545
Posterior = -1434879.3016870813 for parameter set #168: [0.299910358765145, 0.8001896065394447]
Done mass_function_like status = 0 

mass_function_like took: 2.032 seconds
Total pipeline time: 2.03 seconds
Pipeline ran okay.
Likelihood hmf_bins = -188686.94228683235
Posterior = -188685.1097053686 for parameter set #168: [0.3007578602194432, 0.8016645929413211]
Done mass_function_like status = 0 

mass_function_like took: 2.005 seconds
Total pipeline time: 2.01 seconds
Pipeline ran okay.
Likelihood hmf_bins = -3716643.2183339563
Posterior = -3716641.3857524926 for parameter set #168: [0.30428073103612796, 0.8027063874139331]
Running module mass_function_like
Running module mass_function_like
Running module mass_function_like
Running module mass_function_like
Done mass_function_like status = 0 

mass_function_like took: 2.006 seconds
Total pipeline time: 2.01 seconds
Pipeline ran okay.
Likelihood hmf_bins = -3715507.8080291455
Posterior = -3715505.9754476817 for parameter set #169: [0.2975066363820559, 0.7974674673769526]
Running module mass_function_like
Done mass_function_like status = 0 

mass_function_like took: 2.015 seconds
Total pipeline time: 2.01 seconds
Pipeline ran okay.
Likelihood hmf_bins = -188991.18598981167
Posterior = -188989.35340834793 for parameter set #169: [0.3036154971664366, 0.7956660741722302]
Running module mass_function_like
Done mass_function_like status = 0 

mass_function_like took: 2.016 seconds
Total pipeline time: 2.02 seconds
Pipeline ran okay.
Likelihood hmf_bins = -4023616.4458013065
Posterior = -4023614.613219843 for parameter set #169: [0.3001713557791666, 0.803804210421455]
Running module mass_function_like
Done mass_function_like status = 0 

mass_function_like took: 2.018 seconds
Total pipeline time: 2.02 seconds
Pipeline ran okay.
Likelihood hmf_bins = -1432900.1607772605
Posterior = -1432898.3281957968 for parameter set #169: [0.2966776025822927, 0.7810436526658499]
Running module mass_function_like
Done mass_function_like status = 0 

mass_function_like took: 2.006 seconds
Total pipeline time: 2.01 seconds
Pipeline ran okay.
Likelihood hmf_bins = -3715585.3583594994
Posterior = -3715583.5257780356 for parameter set #170: [0.2990020996006698, 0.7969318884869933]
Running module mass_function_like
Done mass_function_like status = 0 

mass_function_like took: 2.005 seconds
Total pipeline time: 2.0 seconds
Pipeline ran okay.
Likelihood hmf_bins = -188796.41479620567
Posterior = -188794.58221474194 for parameter set #170: [0.30069341617350265, 0.8005584899563386]
Running module mass_function_like
Done mass_function_like status = 0 

mass_function_like took: 2.007 seconds
Total pipeline time: 2.01 seconds
Pipeline ran okay.
Likelihood hmf_bins = -1434558.5489280254
Posterior = -1434556.7163465617 for parameter set #170: [0.2992565067643318, 0.7972835822906659]
Running module mass_function_like
Done mass_function_like status = 0 

mass_function_like took: 2.009 seconds
Total pipeline time: 2.01 seconds
Pipeline ran okay.
Likelihood hmf_bins = -4022986.1096297884
Posterior = -4022984.2770483247 for parameter set #170: [0.2979927200061489, 0.7994926574492284]
Running module mass_function_like
Done mass_function_like status = 0 

mass_function_like took: 2.000 seconds
Total pipeline time: 2.0 seconds
Pipeline ran okay.
Likelihood hmf_bins = -3715794.1586943874
Posterior = -3715792.3261129237 for parameter set #171: [0.2988969842288965, 0.7991069039710401]
Running module mass_function_like
Done mass_function_like status = 0 

mass_function_like took: 2.002 seconds
Total pipeline time: 2.0 seconds
Pipeline ran okay.
Likelihood hmf_bins = -1434848.719715602
Posterior = -1434846.8871341383 for parameter set #171: [0.2997755852561137, 0.7999636756170183]
Running module mass_function_like
Done mass_function_like status = 0 

mass_function_like took: 2.018 seconds
Total pipeline time: 2.02 seconds
Pipeline ran okay.
Likelihood hmf_bins = -188843.95138570643
Posterior = -188842.1188042427 for parameter set #171: [0.30059128727907664, 0.8001522346895154]
Running module mass_function_like
Done mass_function_like status = 0 

mass_function_like took: 2.014 seconds
Total pipeline time: 2.01 seconds
Pipeline ran okay.
Likelihood hmf_bins = -4023432.1357083884
Posterior = -4023430.3031269247 for parameter set #171: [0.30055833589889897, 0.8016474495282304]
Running module mass_function_like
Done mass_function_like status = 0 

mass_function_like took: 2.001 seconds
Total pipeline time: 2.0 seconds
Pipeline ran okay.
Likelihood hmf_bins = -3715952.3647551867
Posterior = -3715950.532173723 for parameter set #172: [0.2997754475116906, 0.7999049374031133]
Done mass_function_like status = 0 

mass_function_like took: 2.002 seconds
Total pipeline time: 2.0 seconds
Pipeline ran okay.
Likelihood hmf_bins = -188820.12830412586
Posterior = -188818.29572266212 for parameter set #172: [0.30086186384373087, 0.8001410621987105]
Done mass_function_like status = 0 

mass_function_like took: 2.013 seconds
Total pipeline time: 2.01 seconds
Pipeline ran okay.
Likelihood hmf_bins = -1436157.2234203776
Posterior = -1436155.3908389139 for parameter set #172: [0.3037272764500546, 0.8102046425899314]
Done mass_function_like status = 0 

mass_function_like took: 2.014 seconds
Total pipeline time: 2.01 seconds
Pipeline ran okay.
Likelihood hmf_bins = -4023135.652706805
Posterior = -4023133.8201253414 for parameter set #172: [0.30002973875108474, 0.7991837780669171]
Running module mass_function_like
Running module mass_function_like
Running module mass_function_like
Running module mass_function_like
Done mass_function_like status = 0 

mass_function_like took: 2.010 seconds
Total pipeline time: 2.01 seconds
Pipeline ran okay.
Likelihood hmf_bins = -4023144.4235222046
Posterior = -4023142.590940741 for parameter set #173: [0.29885120530777526, 0.80031174855032]
Running module mass_function_like
Done mass_function_like status = 0 

mass_function_like took: 2.015 seconds
Total pipeline time: 2.02 seconds
Pipeline ran okay.
Likelihood hmf_bins = -188828.15241123142
Posterior = -188826.3198297677 for parameter set #173: [0.29988806540041474, 0.8010215125071144]
Running module mass_function_like
Done mass_function_like status = 0 

mass_function_like took: 2.021 seconds
Total pipeline time: 2.02 seconds
Pipeline ran okay.
Likelihood hmf_bins = -3716331.674874564
Posterior = -3716329.8422931004 for parameter set #173: [0.30147301771226087, 0.8021419666332396]
Running module mass_function_like
Done mass_function_like status = 0 

mass_function_like took: 2.029 seconds
Total pipeline time: 2.03 seconds
Pipeline ran okay.
Likelihood hmf_bins = -1434989.0044644042
Posterior = -1434987.1718829405 for parameter set #173: [0.3014759939682433, 0.7999125583040366]
Running module mass_function_like
Done mass_function_like status = 0 

mass_function_like took: 2.012 seconds
Total pipeline time: 2.01 seconds
Pipeline ran okay.
Likelihood hmf_bins = -4023925.723845029
Posterior = -4023923.891263565 for parameter set #174: [0.3033555625087341, 0.8040024771632424]
Running module mass_function_like
Done mass_function_like status = 0 

mass_function_like took: 2.006 seconds
Total pipeline time: 2.01 seconds
Pipeline ran okay.
Likelihood hmf_bins = -3715911.216615453
Posterior = -3715909.384033989 for parameter set #174: [0.29889904715882565, 0.8002688928547473]
Running module mass_function_like
Done mass_function_like status = 0 

mass_function_like took: 2.004 seconds
Total pipeline time: 2.0 seconds
Pipeline ran okay.
Likelihood hmf_bins = -1435159.5570246014
Posterior = -1435157.7244431376 for parameter set #174: [0.29974568758266273, 0.8033473664631368]
Running module mass_function_like
Done mass_function_like status = 0 

mass_function_like took: 2.019 seconds
Total pipeline time: 2.02 seconds
Pipeline ran okay.
Likelihood hmf_bins = -188538.92913833156
Posterior = -188537.09655686782 for parameter set #174: [0.3020268036302727, 0.8019976759273088]
Running module mass_function_like
Done mass_function_like status = 0 

mass_function_like took: 1.996 seconds
Total pipeline time: 2.0 seconds
Pipeline ran okay.
Likelihood hmf_bins = -186338.1889822437
Posterior = -186336.35640077997 for parameter set #175: [0.3098179718730403, 0.8214172690236016]
Running module mass_function_like
Done mass_function_like status = 0 

mass_function_like took: 2.011 seconds
Total pipeline time: 2.01 seconds
Pipeline ran okay.
Likelihood hmf_bins = -3714622.4555177432
Posterior = -3714620.6229362795 for parameter set #175: [0.2975004106634028, 0.7885196521442733]
Running module mass_function_like
Done mass_function_like status = 0 

mass_function_like took: 2.010 seconds
Total pipeline time: 2.01 seconds
Pipeline ran okay.
Likelihood hmf_bins = -1434507.217124578
Posterior = -1434505.3845431143 for parameter set #175: [0.29936808976003093, 0.7966204339960263]
Running module mass_function_like
Done mass_function_like status = 0 

mass_function_like took: 2.022 seconds
Total pipeline time: 2.02 seconds
Pipeline ran okay.
Likelihood hmf_bins = -4023242.5171140884
Posterior = -4023240.6845326247 for parameter set #175: [0.3001333628739714, 0.8001497517433569]
Running module mass_function_like
Done mass_function_like status = 0 

mass_function_like took: 1.985 seconds
Total pipeline time: 1.98 seconds
Pipeline ran okay.
Likelihood hmf_bins = -4026218.0953369564
Posterior = -4026216.2627554927 for parameter set #176: [0.31321033974115353, 0.8168912699824059]
Done mass_function_like status = 0 

mass_function_like took: 2.009 seconds
Total pipeline time: 2.01 seconds
Pipeline ran okay.
Likelihood hmf_bins = -3717138.115461285
Posterior = -3717136.2828798215 for parameter set #176: [0.3033370060179144, 0.8083317191579611]
Done mass_function_like status = 0 

mass_function_like took: 2.020 seconds
Total pipeline time: 2.02 seconds
Pipeline ran okay.
Likelihood hmf_bins = -188793.56837419939
Posterior = -188791.73579273565 for parameter set #176: [0.30095251102024456, 0.8003276940675328]
Done mass_function_like status = 0 

mass_function_like took: 2.011 seconds
Total pipeline time: 2.01 seconds
Pipeline ran okay.
Likelihood hmf_bins = -1434687.0658108029
Posterior = -1434685.2332293391 for parameter set #176: [0.29956417498050963, 0.7984009903041842]
Running module mass_function_like
Running module mass_function_like
Running module mass_function_like
Running module mass_function_like
Done mass_function_like status = 0 

mass_function_like took: 2.017 seconds
Total pipeline time: 2.02 seconds
Pipeline ran okay.
Likelihood hmf_bins = -189019.49459990268
Posterior = -189017.66201843895 for parameter set #177: [0.3004135031481824, 0.7984912826671495]
Running module mass_function_like
Done mass_function_like status = 0 

mass_function_like took: 2.018 seconds
Total pipeline time: 2.02 seconds
Pipeline ran okay.
Likelihood hmf_bins = -3715492.4873265815
Posterior = -3715490.6547451178 for parameter set #177: [0.29697387065035835, 0.7977806597954878]
Running module mass_function_like
Done mass_function_like status = 0 

mass_function_like took: 2.019 seconds
Total pipeline time: 2.02 seconds
Pipeline ran okay.
Likelihood hmf_bins = -4023003.5140275857
Posterior = -4023001.681446122 for parameter set #177: [0.2988962004796794, 0.7988713631965155]
Done mass_function_like status = 0 

mass_function_like took: 2.019 seconds
Total pipeline time: 2.02 seconds
Pipeline ran okay.
Likelihood hmf_bins = -1432079.6540019843
Running module mass_function_like
Posterior = -1432077.8214205205 for parameter set #177: [0.2947626377008281, 0.773154234455679]
Running module mass_function_like
Done mass_function_like status = 0 

mass_function_like took: 2.007 seconds
Total pipeline time: 2.01 seconds
Pipeline ran okay.
Likelihood hmf_bins = -4023147.526094991
Posterior = -4023145.693513527 for parameter set #178: [0.2994960850570546, 0.79977475346334]
Running module mass_function_like
Done mass_function_like status = 0 

mass_function_like took: 2.010 seconds
Total pipeline time: 2.01 seconds
Pipeline ran okay.
Likelihood hmf_bins = -189613.07257297778
Posterior = -189611.23999151404 for parameter set #178: [0.29855633612900856, 0.7943289084897409]
Running module mass_function_like
Done mass_function_like status = 0 

mass_function_like took: 2.016 seconds
Total pipeline time: 2.02 seconds
Pipeline ran okay.
Likelihood hmf_bins = -1435491.6666989701
Posterior = -1435489.8341175064 for parameter set #178: [0.30363831433314065, 0.803290115236501]
Running module mass_function_like
Done mass_function_like status = 0 

mass_function_like took: 2.022 seconds
Total pipeline time: 2.02 seconds
Pipeline ran okay.
Likelihood hmf_bins = -3716114.9934605258
Posterior = -3716113.160879062 for parameter set #178: [0.3005929554650121, 0.8007874684189734]
Running module mass_function_like
Done mass_function_like status = 0 

mass_function_like took: 2.004 seconds
Total pipeline time: 2.0 seconds
Pipeline ran okay.
Likelihood hmf_bins = -4023077.431476628
Posterior = -4023075.598895164 for parameter set #179: [0.2986482229035016, 0.7998253254492392]
Running module mass_function_like
Done mass_function_like status = 0 

mass_function_like took: 2.022 seconds
Total pipeline time: 2.02 seconds
Pipeline ran okay.
Likelihood hmf_bins = -188607.19397412683
Posterior = -188605.3613926631 for parameter set #179: [0.30206327618605183, 0.8012207295208491]
Running module mass_function_like
Done mass_function_like status = 0 

mass_function_like took: 2.020 seconds
Total pipeline time: 2.02 seconds
Pipeline ran okay.
Likelihood hmf_bins = -1432607.4888840269
Posterior = -1432605.6563025631 for parameter set #179: [0.2951166154119369, 0.7790383686616625]
Running module mass_function_like
Done mass_function_like status = 0 

mass_function_like took: 2.015 seconds
Total pipeline time: 2.02 seconds
Pipeline ran okay.
Likelihood hmf_bins = -3714768.8983967765
Posterior = -3714767.065815313 for parameter set #179: [0.2941227462965715, 0.7929369015063725]
Running module mass_function_like
Done mass_function_like status = 0 

mass_function_like took: 2.008 seconds
Total pipeline time: 2.01 seconds
Pipeline ran okay.
Likelihood hmf_bins = -4022626.2568816557
Posterior = -4022624.424300192 for parameter set #180: [0.2967038990438553, 0.7970185666118357]
Done mass_function_like status = 0 

mass_function_like took: 2.004 seconds
Total pipeline time: 2.0 seconds
Pipeline ran okay.
Likelihood hmf_bins = -1434618.4645597422
Posterior = -1434616.6319782785 for parameter set #180: [0.2994363630785544, 0.7977727065410417]
Done mass_function_like status = 0 

Done mass_function_like status = 0 

mass_function_like took: 2.011 seconds
Total pipeline time: 2.01 seconds
Pipeline ran okay.
mass_function_like took: 2.018 seconds
Total pipeline time: 2.02 seconds
Pipeline ran okay.
Likelihood hmf_bins = -188759.65016565664
Likelihood hmf_bins = -3716074.945909726
Posterior = -188757.8175841929 for parameter set #180: [0.300467400991529, 0.8011703949481833]
Posterior = -3716073.113328262 for parameter set #180: [0.30092314003627935, 0.8001017658729261]
Running module mass_function_like
Running module mass_function_like
Running module mass_function_like
Running module mass_function_like
Done mass_function_like status = 0 

mass_function_like took: 2.018 seconds
Total pipeline time: 2.02 seconds
Pipeline ran okay.
Likelihood hmf_bins = -1435297.6376640408
Posterior = -1435295.805082577 for parameter set #181: [0.303486953382364, 0.8013709399989977]
Running module mass_function_like
Done mass_function_like status = 0 

mass_function_like took: 2.019 seconds
Total pipeline time: 2.02 seconds
Pipeline ran okay.
Likelihood hmf_bins = -188568.90879657632
Posterior = -188567.07621511258 for parameter set #181: [0.30131498104908283, 0.8023785481186664]
Running module mass_function_like
Done mass_function_like status = 0 

mass_function_like took: 2.022 seconds
Total pipeline time: 2.02 seconds
Pipeline ran okay.
Done mass_function_like status = 0 

mass_function_like took: 2.022 seconds
Total pipeline time: 2.02 seconds
Pipeline ran okay.
Likelihood hmf_bins = -3716137.353809624
Likelihood hmf_bins = -4023390.750868859
Posterior = -3716135.5212281602 for parameter set #181: [0.3000225607336995, 0.8015120016358632]
Posterior = -4023388.918287395 for parameter set #181: [0.30006599701367126, 0.8016753226620938]
Running module mass_function_like
Running module mass_function_like
Done mass_function_like status = 0 

mass_function_like took: 2.004 seconds
Total pipeline time: 2.0 seconds
Pipeline ran okay.
Likelihood hmf_bins = -189049.3704679564
Posterior = -189047.53788649268 for parameter set #182: [0.29972891820892295, 0.798860519948579]
Running module mass_function_like
Done mass_function_like status = 0 

mass_function_like took: 2.004 seconds
Total pipeline time: 2.0 seconds
Pipeline ran okay.
Likelihood hmf_bins = -4023202.177611032
Posterior = -4023200.3450295683 for parameter set #182: [0.29954565726863563, 0.8002730859727002]
Running module mass_function_like
Done mass_function_like status = 0 

mass_function_like took: 2.010 seconds
Total pipeline time: 2.01 seconds
Pipeline ran okay.
Likelihood hmf_bins = -1434520.0548275257
Posterior = -1434518.222246062 for parameter set #182: [0.2975772209060538, 0.7984031611652821]
Running module mass_function_like
Done mass_function_like status = 0 

mass_function_like took: 2.015 seconds
Total pipeline time: 2.02 seconds
Pipeline ran okay.
Likelihood hmf_bins = -3716659.605307679
Posterior = -3716657.7727262154 for parameter set #182: [0.3022091320573675, 0.804696592686281]
Running module mass_function_like
Done mass_function_like status = 0 

mass_function_like took: 1.996 seconds
Total pipeline time: 2.0 seconds
Pipeline ran okay.
Likelihood hmf_bins = -4023369.598635241
Posterior = -4023367.766053777 for parameter set #183: [0.30082411479599674, 0.8007988886155064]
Running module mass_function_like
Done mass_function_like status = 0 

mass_function_like took: 2.021 seconds
Total pipeline time: 2.02 seconds
Pipeline ran okay.
Likelihood hmf_bins = -187796.73019275768
Posterior = -187794.89761129394 for parameter set #183: [0.3031139912587823, 0.8093338759603578]
Running module mass_function_like
Done mass_function_like status = 0 

mass_function_like took: 2.015 seconds
Total pipeline time: 2.01 seconds
Pipeline ran okay.
Likelihood hmf_bins = -3716074.0983688305
Posterior = -3716072.265787367 for parameter set #183: [0.2999956589722121, 0.8009123281454954]
Running module mass_function_like
Done mass_function_like status = 0 

mass_function_like took: 2.027 seconds
Total pipeline time: 2.03 seconds
Pipeline ran okay.
Likelihood hmf_bins = -1434835.6055366995
Posterior = -1434833.7729552358 for parameter set #183: [0.3001553905516137, 0.7994690545170017]
Running module mass_function_like
Done mass_function_like status = 0 

mass_function_like took: 1.968 seconds
Total pipeline time: 1.97 seconds
Pipeline ran okay.
Likelihood hmf_bins = -4028285.573052699
Posterior = -4028283.7404712355 for parameter set #184: [0.3211787763687376, 0.8283523236449905]
Done mass_function_like status = 0 

mass_function_like took: 1.995 seconds
Total pipeline time: 2.0 seconds
Pipeline ran okay.
Likelihood hmf_bins = -3716135.531139792
Posterior = -3716133.698558328 for parameter set #184: [0.3008238241436253, 0.8007896458804195]
Done mass_function_like status = 0 

mass_function_like took: 2.020 seconds
Total pipeline time: 2.02 seconds
Pipeline ran okay.
Likelihood hmf_bins = -188910.21891057576
Posterior = -188908.38632911202 for parameter set #184: [0.3004691192908455, 0.7995762643250894]
Done mass_function_like status = 0 

mass_function_like took: 2.020 seconds
Total pipeline time: 2.02 seconds
Pipeline ran okay.
Likelihood hmf_bins = -1435790.0977122271
Posterior = -1435788.2651307634 for parameter set #184: [0.30287624460634255, 0.8071475916279836]
Running module mass_function_like
Running module mass_function_like
Running module mass_function_like
Running module mass_function_like
Done mass_function_like status = 0 

mass_function_like took: 2.012 seconds
Total pipeline time: 2.01 seconds
Pipeline ran okay.
Likelihood hmf_bins = -188163.903723702
Posterior = -188162.07114223827 for parameter set #185: [0.3056917528581492, 0.8025012283869472]
Running module mass_function_like
Done mass_function_like status = 0 

mass_function_like took: 2.019 seconds
Total pipeline time: 2.02 seconds
Pipeline ran okay.
Likelihood hmf_bins = -1433077.3465835743
Posterior = -1433075.5140021106 for parameter set #185: [0.29652011573812603, 0.7832122114497813]
Running module mass_function_like
Done mass_function_like status = 0 

mass_function_like took: 2.028 seconds
Total pipeline time: 2.03 seconds
Pipeline ran okay.
Likelihood hmf_bins = -4023454.224753908
Posterior = -4023452.392172444 for parameter set #185: [0.30023241143072943, 0.8021527067281233]
Running module mass_function_like
Done mass_function_like status = 0 

mass_function_like took: 2.031 seconds
Total pipeline time: 2.03 seconds
Pipeline ran okay.
Likelihood hmf_bins = -3715820.8638299047
Posterior = -3715819.031248441 for parameter set #185: [0.30020768210555837, 0.7982182119846635]
Running module mass_function_like
Done mass_function_like status = 0 

mass_function_like took: 2.001 seconds
Total pipeline time: 2.0 seconds
Pipeline ran okay.
Likelihood hmf_bins = -1434955.216031252
Posterior = -1434953.3834497882 for parameter set #186: [0.29955253832933804, 0.8013204873162133]
Running module mass_function_like
Done mass_function_like status = 0 

mass_function_like took: 2.005 seconds
Total pipeline time: 2.0 seconds
Pipeline ran okay.
Likelihood hmf_bins = -4022957.153227645
Posterior = -4022955.3206461812 for parameter set #186: [0.2987546132624021, 0.7985321884451669]
Running module mass_function_like
Done mass_function_like status = 0 

mass_function_like took: 2.004 seconds
Total pipeline time: 2.0 seconds
Pipeline ran okay.
Likelihood hmf_bins = -3715775.5723274844
Posterior = -3715773.7397460206 for parameter set #186: [0.2983402223073503, 0.7994116498652041]
Running module mass_function_like
Done mass_function_like status = 0 

mass_function_like took: 2.024 seconds
Total pipeline time: 2.02 seconds
Pipeline ran okay.
Likelihood hmf_bins = -191459.42225784698
Posterior = -191457.58967638324 for parameter set #186: [0.2926878293792365, 0.7831183027661038]
Running module mass_function_like
Done mass_function_like status = 0 

mass_function_like took: 2.016 seconds
Total pipeline time: 2.02 seconds
Pipeline ran okay.
Likelihood hmf_bins = -1435077.869195856
Posterior = -1435076.0366143922 for parameter set #187: [0.3009597974790921, 0.8013415355228121]
Running module mass_function_like
Done mass_function_like status = 0 

mass_function_like took: 2.011 seconds
Total pipeline time: 2.01 seconds
Pipeline ran okay.
Likelihood hmf_bins = -190185.4863209761
Posterior = -190183.65373951237 for parameter set #187: [0.29696161299986795, 0.7903907686563585]
Running module mass_function_like
Done mass_function_like status = 0 

mass_function_like took: 2.015 seconds
Total pipeline time: 2.02 seconds
Pipeline ran okay.
Likelihood hmf_bins = -3716329.9176420453
Posterior = -3716328.0850605816 for parameter set #187: [0.3009070699391993, 0.8026265938788127]
Running module mass_function_like
Done mass_function_like status = 0 

mass_function_like took: 2.018 seconds
Total pipeline time: 2.02 seconds
Pipeline ran okay.
Likelihood hmf_bins = -4023266.424878001
Posterior = -4023264.5922965375 for parameter set #187: [0.30016070448452425, 0.8003626409387601]
Running module mass_function_like
Done mass_function_like status = 0 

mass_function_like took: 1.999 seconds
Total pipeline time: 2.0 seconds
Pipeline ran okay.
Likelihood hmf_bins = -3715736.8256851463
Posterior = -3715734.9931036825 for parameter set #188: [0.2994990100167113, 0.7980071601964321]
Done mass_function_like status = 0 

mass_function_like took: 2.022 seconds
Total pipeline time: 2.02 seconds
Pipeline ran okay.
Likelihood hmf_bins = -1434929.0039306832
Posterior = -1434927.1713492195 for parameter set #188: [0.3001111159044615, 0.8005187587634857]
Done mass_function_like status = 0 

mass_function_like took: 2.014 seconds
Total pipeline time: 2.01 seconds
Pipeline ran okay.
Likelihood hmf_bins = -4023327.638864703
Posterior = -4023325.8062832393 for parameter set #188: [0.30094584971664445, 0.800276453826556]
Done mass_function_like status = 0 

mass_function_like took: 2.021 seconds
Total pipeline time: 2.02 seconds
Pipeline ran okay.
Likelihood hmf_bins = -188722.36974952547
Posterior = -188720.53716806174 for parameter set #188: [0.3006477328750354, 0.8013894180095604]
Running module mass_function_like
Running module mass_function_like
Running module mass_function_like
Running module mass_function_like
Done mass_function_like status = 0 

mass_function_like took: 2.009 seconds
Total pipeline time: 2.01 seconds
Pipeline ran okay.
Likelihood hmf_bins = -188933.68624173308
Posterior = -188931.85366026935 for parameter set #189: [0.29955095983032565, 0.8002416642972799]
Running module mass_function_like
Done mass_function_like status = 0 

mass_function_like took: 2.015 seconds
Total pipeline time: 2.02 seconds
Pipeline ran okay.
Likelihood hmf_bins = -1434382.6327975541
Posterior = -1434380.8002160904 for parameter set #189: [0.2969022668241016, 0.7975116287604489]
Running module mass_function_like
Done mass_function_like status = 0 

mass_function_like took: 2.017 seconds
Total pipeline time: 2.02 seconds
Pipeline ran okay.
Likelihood hmf_bins = -4023105.706168941
Posterior = -4023103.8735874775 for parameter set #189: [0.29903244841593873, 0.7997667630777191]
Running module mass_function_like
Done mass_function_like status = 0 

mass_function_like took: 2.019 seconds
Total pipeline time: 2.02 seconds
Pipeline ran okay.
Likelihood hmf_bins = -3716435.8524803347
Posterior = -3716434.019898871 for parameter set #189: [0.30132369218687355, 0.8032952542806006]
Running module mass_function_like
Done mass_function_like status = 0 

mass_function_like took: 2.010 seconds
Total pipeline time: 2.01 seconds
Pipeline ran okay.
Likelihood hmf_bins = -3715943.894431766
Posterior = -3715942.0618503024 for parameter set #190: [0.2997824170559888, 0.7998134286345036]
Running module mass_function_like
Done mass_function_like status = 0 

mass_function_like took: 2.015 seconds
Total pipeline time: 2.02 seconds
Pipeline ran okay.
Done mass_function_like status = 0 

mass_function_like took: 2.021 seconds
Total pipeline time: 2.02 seconds
Pipeline ran okay.
Likelihood hmf_bins = -1435290.621978385
Likelihood hmf_bins = -188854.81302047038
Posterior = -1435288.7893969212 for parameter set #190: [0.30232328255681523, 0.8023628971639787]
Posterior = -188852.98043900664 for parameter set #190: [0.3009598323363645, 0.7996740493208453]
Running module mass_function_like
Running module mass_function_like
Done mass_function_like status = 0 

mass_function_like took: 2.017 seconds
Total pipeline time: 2.02 seconds
Pipeline ran okay.
Likelihood hmf_bins = -4023153.365740706
Posterior = -4023151.5331592425 for parameter set #190: [0.2994890266562685, 0.7998382866772292]
Running module mass_function_like
Done mass_function_like status = 0 

mass_function_like took: 2.005 seconds
Total pipeline time: 2.01 seconds
Pipeline ran okay.
Likelihood hmf_bins = -3717974.6108643515
Posterior = -3717972.778282888 for parameter set #191: [0.3062767047697125, 0.813689536216627]
Running module mass_function_like
Done mass_function_like status = 0 

mass_function_like took: 2.013 seconds
Total pipeline time: 2.01 seconds
Pipeline ran okay.
Likelihood hmf_bins = -188871.4615252989
Posterior = -188869.62894383515 for parameter set #191: [0.2983357598186125, 0.802109048694704]
Running module mass_function_like
Done mass_function_like status = 0 

mass_function_like took: 2.018 seconds
Total pipeline time: 2.02 seconds
Pipeline ran okay.
Likelihood hmf_bins = -4024877.7339380523
Posterior = -4024875.9013565886 for parameter set #191: [0.3048470711778845, 0.8118390220010386]
Running module mass_function_like
Done mass_function_like status = 0 

mass_function_like took: 2.024 seconds
Total pipeline time: 2.02 seconds
Pipeline ran okay.
Likelihood hmf_bins = -1434989.3172665942
Posterior = -1434987.4846851304 for parameter set #191: [0.3012046448782859, 0.8001629651404373]
Running module mass_function_like
Done mass_function_like status = 0 

mass_function_like took: 1.996 seconds
Total pipeline time: 2.0 seconds
Pipeline ran okay.
Likelihood hmf_bins = -186940.1169621024
Posterior = -186938.28438063865 for parameter set #192: [0.31029700043090275, 0.8126367091758934]
Done mass_function_like status = 0 

mass_function_like took: 2.018 seconds
Total pipeline time: 2.02 seconds
Pipeline ran okay.
Likelihood hmf_bins = -3716222.3378687873
Posterior = -3716220.5052873236 for parameter set #192: [0.3012959073596239, 0.8012261338670548]
Done mass_function_like status = 0 

mass_function_like took: 2.017 seconds
Total pipeline time: 2.02 seconds
Pipeline ran okay.
Likelihood hmf_bins = -1434950.8423639764
Posterior = -1434949.0097825127 for parameter set #192: [0.30058490876827904, 0.800317650983219]
Done mass_function_like status = 0 

mass_function_like took: 2.021 seconds
Total pipeline time: 2.02 seconds
Pipeline ran okay.
Likelihood hmf_bins = -4022678.7687053722
Posterior = -4022676.9361239085 for parameter set #192: [0.29691883172551264, 0.7973593282866107]
Running module mass_function_like
Running module mass_function_like
Running module mass_function_like
Running module mass_function_like
Done mass_function_like status = 0 

mass_function_like took: 2.002 seconds
Total pipeline time: 2.0 seconds
Pipeline ran okay.
Likelihood hmf_bins = -187522.2798565393
Posterior = -187520.44727507557 for parameter set #193: [0.3065031773026062, 0.8091771075723431]
Running module mass_function_like
Done mass_function_like status = 0 

mass_function_like took: 2.003 seconds
Total pipeline time: 2.0 seconds
Pipeline ran okay.
Likelihood hmf_bins = -1433539.876134529
Posterior = -1433538.0435530653 for parameter set #193: [0.29967678470197323, 0.7856441375251174]
Running module mass_function_like
Done mass_function_like status = 0 

mass_function_like took: 2.017 seconds
Total pipeline time: 2.02 seconds
Pipeline ran okay.
Likelihood hmf_bins = -4023298.415841064
Posterior = -4023296.5832596 for parameter set #193: [0.2998793960956696, 0.800930475372886]
Running module mass_function_like
Done mass_function_like status = 0 

mass_function_like took: 2.020 seconds
Total pipeline time: 2.02 seconds
Pipeline ran okay.
Likelihood hmf_bins = -3716317.768877538
Posterior = -3716315.936296074 for parameter set #193: [0.3029053701828212, 0.8007466431389839]
Running module mass_function_like
Done mass_function_like status = 0 

mass_function_like took: 1.992 seconds
Total pipeline time: 1.99 seconds
Pipeline ran okay.
Likelihood hmf_bins = -4023333.3650745917
Posterior = -4023331.532493128 for parameter set #194: [0.30079088288136535, 0.8004716687950804]
Running module mass_function_like
Done mass_function_like status = 0 

mass_function_like took: 2.010 seconds
Total pipeline time: 2.01 seconds
Pipeline ran okay.
Likelihood hmf_bins = -189244.83230436532
Posterior = -189242.9997229016 for parameter set #194: [0.29840401681798767, 0.7981553355390428]
Running module mass_function_like
Done mass_function_like status = 0 

mass_function_like took: 2.015 seconds
Total pipeline time: 2.02 seconds
Pipeline ran okay.
Likelihood hmf_bins = -1434281.13461083
Posterior = -1434279.3020293664 for parameter set #194: [0.29581039286705674, 0.7973957459272932]
Running module mass_function_like
Done mass_function_like status = 0 

mass_function_like took: 2.002 seconds
Total pipeline time: 2.0 seconds
Pipeline ran okay.
Likelihood hmf_bins = -3717171.335616311
Posterior = -3717169.5030348473 for parameter set #194: [0.30388794067856073, 0.8081591151754691]
Running module mass_function_like
Done mass_function_like status = 0 

mass_function_like took: 2.008 seconds
Total pipeline time: 2.01 seconds
Pipeline ran okay.
Likelihood hmf_bins = -1434629.9049000014
Posterior = -1434628.0723185376 for parameter set #195: [0.2985062643280665, 0.7987510746222654]
Running module mass_function_like
Done mass_function_like status = 0 

mass_function_like took: 2.018 seconds
Total pipeline time: 2.02 seconds
Pipeline ran okay.
Likelihood hmf_bins = -4023253.3144053193
Posterior = -4023251.4818238555 for parameter set #195: [0.3003729498673711, 0.8000456143274468]
Running module mass_function_like
Done mass_function_like status = 0 

mass_function_like took: 2.009 seconds
Total pipeline time: 2.01 seconds
Pipeline ran okay.
Likelihood hmf_bins = -3716775.6669603763
Posterior = -3716773.8343789126 for parameter set #195: [0.30403080696170753, 0.8042099275952246]
Running module mass_function_like
Done mass_function_like status = 0 

mass_function_like took: 2.022 seconds
Total pipeline time: 2.02 seconds
Pipeline ran okay.
Likelihood hmf_bins = -190986.14588168546
Posterior = -190984.31330022172 for parameter set #195: [0.2931088089392742, 0.7868078556747551]
Running module mass_function_like
Done mass_function_like status = 0 

mass_function_like took: 2.007 seconds
Total pipeline time: 2.01 seconds
Pipeline ran okay.
Likelihood hmf_bins = -3717798.891998953
Posterior = -3717797.0594174895 for parameter set #196: [0.30599139438032963, 0.8122776508548504]
Done mass_function_like status = 0 

mass_function_like took: 2.015 seconds
Total pipeline time: 2.01 seconds
Pipeline ran okay.
Likelihood hmf_bins = -4023868.958361931
Posterior = -4023867.1257804674 for parameter set #196: [0.3018002566689881, 0.8048283200285383]
Done mass_function_like status = 0 

mass_function_like took: 2.024 seconds
Total pipeline time: 2.02 seconds
Pipeline ran okay.
Likelihood hmf_bins = -1434790.0466007902
Posterior = -1434788.2140193265 for parameter set #196: [0.30011556639151943, 0.7990120040030491]
Done mass_function_like status = 0 

mass_function_like took: 2.019 seconds
Total pipeline time: 2.02 seconds
Pipeline ran okay.
Likelihood hmf_bins = -190487.26282981364
Posterior = -190485.4302483499 for parameter set #196: [0.29399149577829786, 0.7904457535635823]
Running module mass_function_like
Running module mass_function_like
Running module mass_function_like
Running module mass_function_like
Done mass_function_like status = 0 

mass_function_like took: 2.021 seconds
Total pipeline time: 2.02 seconds
Pipeline ran okay.
Likelihood hmf_bins = -3715912.645488539
Done mass_function_like status = 0 

Posterior = -3715910.812907075 for parameter set #197: [0.3006307437940595, 0.7987559721683356]
mass_function_like took: 2.021 seconds
Total pipeline time: 2.02 seconds
Pipeline ran okay.
Likelihood hmf_bins = -4023358.364381361
Posterior = -4023356.531799897 for parameter set #197: [0.29999706144609917, 0.8014163804154122]
Running module mass_function_like
Running module mass_function_like
Done mass_function_like status = 0 

mass_function_like took: 2.034 seconds
Total pipeline time: 2.03 seconds
Pipeline ran okay.
Likelihood hmf_bins = -1434318.0400800218
Posterior = -1434316.207498558 for parameter set #197: [0.296633899344376, 0.7970450455435759]
Running module mass_function_like
Done mass_function_like status = 0 

mass_function_like took: 2.039 seconds
Total pipeline time: 2.04 seconds
Pipeline ran okay.
Likelihood hmf_bins = -188284.57454725172
Posterior = -188282.74196578798 for parameter set #197: [0.3018615130935931, 0.8049715381860031]
Running module mass_function_like
Done mass_function_like status = 0 

mass_function_like took: 2.002 seconds
Total pipeline time: 2.0 seconds
Pipeline ran okay.
Likelihood hmf_bins = -4023078.8069293625
Posterior = -4023076.9743478987 for parameter set #198: [0.2991246802856731, 0.7994176735563224]
Running module mass_function_like
Done mass_function_like status = 0 

mass_function_like took: 2.015 seconds
Total pipeline time: 2.02 seconds
Pipeline ran okay.
Likelihood hmf_bins = -3716189.5204148376
Posterior = -3716187.687833374 for parameter set #198: [0.30101313288036974, 0.8011511704968957]
Running module mass_function_like
Done mass_function_like status = 0 

mass_function_like took: 2.015 seconds
Total pipeline time: 2.01 seconds
Pipeline ran okay.
Likelihood hmf_bins = -1434878.4619989782
Posterior = -1434876.6294175144 for parameter set #198: [0.2996572569380621, 0.8003944225739584]
Running module mass_function_like
Done mass_function_like status = 0 

mass_function_like took: 2.021 seconds
Total pipeline time: 2.02 seconds
Pipeline ran okay.
Likelihood hmf_bins = -188254.61097638163
Posterior = -188252.7783949179 for parameter set #198: [0.30364569661941476, 0.8035203050788944]
Running module mass_function_like
Done mass_function_like status = 0 

mass_function_like took: 2.005 seconds
Total pipeline time: 2.01 seconds
Pipeline ran okay.
Likelihood hmf_bins = -4023576.757924654
Posterior = -4023574.9253431903 for parameter set #199: [0.300805431280046, 0.8028554189778182]
Running module mass_function_like
Done mass_function_like status = 0 

mass_function_like took: 1.991 seconds
Total pipeline time: 1.99 seconds
Pipeline ran okay.
Likelihood hmf_bins = -186102.69622147002
Posterior = -186100.86364000628 for parameter set #199: [0.31054954835621695, 0.8241186775355787]
Running module mass_function_like
Done mass_function_like status = 0 

mass_function_like took: 2.019 seconds
Total pipeline time: 2.02 seconds
Pipeline ran okay.
Likelihood hmf_bins = -3716123.0308250096
Posterior = -3716121.198243546 for parameter set #199: [0.3009386434177235, 0.8005630137503226]
Running module mass_function_like
Done mass_function_like status = 0 

mass_function_like took: 2.025 seconds
Total pipeline time: 2.02 seconds
Pipeline ran okay.
Likelihood hmf_bins = -1432105.1072687486
Posterior = -1432103.2746872848 for parameter set #199: [0.2918319494767887, 0.7760218979177055]
Running module mass_function_like
Done mass_function_like status = 0 

mass_function_like took: 2.015 seconds
Total pipeline time: 2.01 seconds
Pipeline ran okay.
Likelihood hmf_bins = -4022419.932474427
Posterior = -4022418.099892963 for parameter set #200: [0.29562948153431834, 0.7958781499027177]
Done mass_function_like status = 0 

mass_function_like took: 2.004 seconds
Total pipeline time: 2.0 seconds
Pipeline ran okay.
Likelihood hmf_bins = -187124.85548276224
Posterior = -187123.0229012985 for parameter set #200: [0.3085399221294065, 0.8120532437469872]
Done mass_function_like status = 0 

mass_function_like took: 2.013 seconds
Total pipeline time: 2.01 seconds
Pipeline ran okay.
Likelihood hmf_bins = -3716577.577387307
Posterior = -3716575.744805843 for parameter set #200: [0.30284053774660646, 0.8033377704006754]
Done mass_function_like status = 0 

mass_function_like took: 2.001 seconds
Total pipeline time: 2.0 seconds
Pipeline ran okay.
Likelihood hmf_bins = -1434958.1673322192
Posterior = -1434956.3347507555 for parameter set #200: [0.3008837914942656, 0.8001261037355435]
Running module mass_function_like
Running module mass_function_like
Running module mass_function_like
Running module mass_function_like
Done mass_function_like status = 0 

mass_function_like took: 2.008 seconds
Total pipeline time: 2.01 seconds
Pipeline ran okay.
Likelihood hmf_bins = -189184.41783702205
Posterior = -189182.5852555583 for parameter set #201: [0.29871093174269825, 0.7984713559795893]
Running module mass_function_like
Done mass_function_like status = 0 

mass_function_like took: 2.015 seconds
Total pipeline time: 2.02 seconds
Pipeline ran okay.
Likelihood hmf_bins = -3716559.2204946773
Posterior = -3716557.3879132136 for parameter set #201: [0.3015514022199322, 0.8043008923675747]
Running module mass_function_like
Done mass_function_like status = 0 

mass_function_like took: 2.016 seconds
Total pipeline time: 2.02 seconds
Pipeline ran okay.
Likelihood hmf_bins = -4023511.001893098
Posterior = -4023509.1693116343 for parameter set #201: [0.3025144825658611, 0.8006976666717368]
Running module mass_function_like
Done mass_function_like status = 0 

mass_function_like took: 2.020 seconds
Total pipeline time: 2.02 seconds
Pipeline ran okay.
Likelihood hmf_bins = -1435292.9291391524
Posterior = -1435291.0965576887 for parameter set #201: [0.30173340750185107, 0.8029312198111778]
Running module mass_function_like
Done mass_function_like status = 0 

mass_function_like took: 2.017 seconds
Total pipeline time: 2.02 seconds
Pipeline ran okay.
Likelihood hmf_bins = -188623.84511988665
Posterior = -188622.01253842292 for parameter set #202: [0.30136307264683665, 0.801736064673829]
Running module mass_function_like
Done mass_function_like status = 0 

mass_function_like took: 2.014 seconds
Total pipeline time: 2.01 seconds
Pipeline ran okay.
Likelihood hmf_bins = -4023629.666955799
Posterior = -4023627.834374335 for parameter set #202: [0.3025934695549176, 0.8017891583578195]
Done mass_function_like status = 0 

mass_function_like took: 2.010 seconds
Total pipeline time: 2.01 seconds
Pipeline ran okay.
Likelihood hmf_bins = -1434610.9187494735
Posterior = -1434609.0861680098 for parameter set #202: [0.29840163206604636, 0.7986387016062998]
Running module mass_function_like
Running module mass_function_like
Done mass_function_like status = 0 

mass_function_like took: 2.020 seconds
Total pipeline time: 2.02 seconds
Pipeline ran okay.
Likelihood hmf_bins = -3716345.851012252
Posterior = -3716344.018430788 for parameter set #202: [0.301944050315904, 0.8018649520290376]
Running module mass_function_like
Done mass_function_like status = 0 

mass_function_like took: 2.008 seconds
Total pipeline time: 2.01 seconds
Pipeline ran okay.
Likelihood hmf_bins = -4022515.6943444014
Posterior = -4022513.8617629376 for parameter set #203: [0.2994225187705664, 0.7935369338143841]
Running module mass_function_like
Done mass_function_like status = 0 

mass_function_like took: 2.010 seconds
Total pipeline time: 2.01 seconds
Pipeline ran okay.
Likelihood hmf_bins = -1434811.7384330926
Posterior = -1434809.9058516289 for parameter set #203: [0.29950497552320854, 0.7998097164043423]
Running module mass_function_like
Done mass_function_like status = 0 

mass_function_like took: 2.019 seconds
Total pipeline time: 2.02 seconds
Pipeline ran okay.
Likelihood hmf_bins = -3714351.8288912503
Posterior = -3714349.9963097866 for parameter set #203: [0.2954817065845761, 0.7874769882111926]
Running module mass_function_like
Done mass_function_like status = 0 

mass_function_like took: 2.031 seconds
Total pipeline time: 2.03 seconds
Pipeline ran okay.
Likelihood hmf_bins = -188398.01831912034
Posterior = -188396.1857376566 for parameter set #203: [0.30167091426118214, 0.8038984029918133]
Running module mass_function_like
Done mass_function_like status = 0 

mass_function_like took: 2.007 seconds
Total pipeline time: 2.01 seconds
Pipeline ran okay.
Likelihood hmf_bins = -4023474.0409908975
Posterior = -4023472.2084094337 for parameter set #204: [0.30470596087667096, 0.798426401247889]
Done mass_function_like status = 0 

mass_function_like took: 2.009 seconds
Total pipeline time: 2.01 seconds
Pipeline ran okay.
Likelihood hmf_bins = -1436986.1086852197
Posterior = -1436984.276103756 for parameter set #204: [0.3041844091056535, 0.8183574872737254]
Done mass_function_like status = 0 

mass_function_like took: 1.998 seconds
Total pipeline time: 2.0 seconds
Pipeline ran okay.
Likelihood hmf_bins = -3716071.494053117
Posterior = -3716069.6614716533 for parameter set #204: [0.30079366080779435, 0.8001848748667858]
Done mass_function_like status = 0 

mass_function_like took: 2.003 seconds
Total pipeline time: 2.0 seconds
Pipeline ran okay.
Likelihood hmf_bins = -189083.86860770453
Posterior = -189082.0360262408 for parameter set #204: [0.2990053821023316, 0.7992174743410291]
Running module mass_function_like
Running module mass_function_like
Running module mass_function_like
Running module mass_function_like
Done mass_function_like status = 0 

mass_function_like took: 2.000 seconds
Total pipeline time: 2.0 seconds
Pipeline ran okay.
Likelihood hmf_bins = -187894.9286250089
Posterior = -187893.09604354517 for parameter set #205: [0.30780038490440786, 0.8034682995507151]
Running module mass_function_like
Done mass_function_like status = 0 

mass_function_like took: 2.006 seconds
Total pipeline time: 2.01 seconds
Pipeline ran okay.
Likelihood hmf_bins = -4024416.071254515
Posterior = -4024414.2386730514 for parameter set #205: [0.30537617197557426, 0.8069460350819548]
Running module mass_function_like
Done mass_function_like status = 0 

mass_function_like took: 2.012 seconds
Total pipeline time: 2.01 seconds
Pipeline ran okay.
Likelihood hmf_bins = -3715694.2332294034
Posterior = -3715692.4006479396 for parameter set #205: [0.29834623084902195, 0.7985955133099538]
Running module mass_function_like
Done mass_function_like status = 0 

mass_function_like took: 2.026 seconds
Total pipeline time: 2.03 seconds
Pipeline ran okay.
Likelihood hmf_bins = -1431254.734458472
Posterior = -1431252.9018770084 for parameter set #205: [0.29184299913780876, 0.7657336174815818]
Running module mass_function_like
Done mass_function_like status = 0 

mass_function_like took: 2.006 seconds
Total pipeline time: 2.01 seconds
Pipeline ran okay.
Likelihood hmf_bins = -189052.38144999114
Posterior = -189050.5488685274 for parameter set #206: [0.2983847460571301, 0.800156016412852]
Running module mass_function_like
Done mass_function_like status = 0 

mass_function_like took: 2.009 seconds
Total pipeline time: 2.01 seconds
Pipeline ran okay.
Likelihood hmf_bins = -3716114.170994275
Posterior = -3716112.338412811 for parameter set #206: [0.2998011454285758, 0.8014822486393505]
Running module mass_function_like
Done mass_function_like status = 0 

mass_function_like took: 2.031 seconds
Total pipeline time: 2.03 seconds
Pipeline ran okay.
Likelihood hmf_bins = -4023224.299967951
Posterior = -4023222.4673864874 for parameter set #206: [0.30009709106425553, 0.8000028053457122]
Running module mass_function_like
Done mass_function_like status = 0 

mass_function_like took: 2.017 seconds
Total pipeline time: 2.02 seconds
Pipeline ran okay.
Likelihood hmf_bins = -1434095.3363707154
Posterior = -1434093.5037892517 for parameter set #206: [0.2947929332869323, 0.796266803588956]
Running module mass_function_like
Done mass_function_like status = 0 

mass_function_like took: 2.012 seconds
Total pipeline time: 2.01 seconds
Pipeline ran okay.
Likelihood hmf_bins = -188670.85129171764
Posterior = -188669.0187102539 for parameter set #207: [0.3016893896863415, 0.8009075214886191]
Running module mass_function_like
Done mass_function_like status = 0 

mass_function_like took: 1.999 seconds
Total pipeline time: 2.0 seconds
Pipeline ran okay.
Likelihood hmf_bins = -4027416.866078467
Posterior = -4027415.0334970034 for parameter set #207: [0.3121370025472699, 0.8288550151528721]
Running module mass_function_like
Done mass_function_like status = 0 

mass_function_like took: 2.016 seconds
Total pipeline time: 2.02 seconds
Pipeline ran okay.
Likelihood hmf_bins = -3715900.377545097
Posterior = -3715898.544963633 for parameter set #207: [0.29875406603351073, 0.8002881806419292]
Running module mass_function_like
Done mass_function_like status = 0 

mass_function_like took: 2.021 seconds
Total pipeline time: 2.02 seconds
Pipeline ran okay.
Likelihood hmf_bins = -1434937.5296320438
Posterior = -1434935.69705058 for parameter set #207: [0.30018997805319375, 0.8005384485639728]
Running module mass_function_like
Done mass_function_like status = 0 

mass_function_like took: 2.012 seconds
Total pipeline time: 2.01 seconds
Pipeline ran okay.
Likelihood hmf_bins = -188319.56784609097
Posterior = -188317.73526462723 for parameter set #208: [0.3020188684382798, 0.8044221790515547]
Done mass_function_like status = 0 

mass_function_like took: 2.013 seconds
Total pipeline time: 2.01 seconds
Pipeline ran okay.
Likelihood hmf_bins = -3715352.7216024217
Posterior = -3715350.889020958 for parameter set #208: [0.2984160810518885, 0.7951154631123033]
Done mass_function_like status = 0 

mass_function_like took: 2.025 seconds
Total pipeline time: 2.02 seconds
Pipeline ran okay.
Likelihood hmf_bins = -4022538.6432686374
Posterior = -4022536.8106871736 for parameter set #208: [0.2962057201645459, 0.7965741099483837]
Done mass_function_like status = 0 

mass_function_like took: 2.013 seconds
Total pipeline time: 2.01 seconds
Pipeline ran okay.
Likelihood hmf_bins = -1434938.8004908436
Posterior = -1434936.9679093799 for parameter set #208: [0.300208298572035, 0.8005356734694168]
Running module mass_function_like
Running module mass_function_like
Running module mass_function_like
Running module mass_function_like
Done mass_function_like status = 0 

mass_function_like took: 2.018 seconds
Total pipeline time: 2.02 seconds
Pipeline ran okay.
Likelihood hmf_bins = -4024672.487174027
Posterior = -4024670.6545925634 for parameter set #209: [0.3062008258309493, 0.8086661369917638]
Running module mass_function_like
Done mass_function_like status = 0 

mass_function_like took: 2.023 seconds
Total pipeline time: 2.02 seconds
Pipeline ran okay.
Likelihood hmf_bins = -188074.15601214627
Posterior = -188072.32343068253 for parameter set #209: [0.3017205107944149, 0.8075084130993442]
Running module mass_function_like
Done mass_function_like status = 0 

mass_function_like took: 2.030 seconds
Total pipeline time: 2.03 seconds
Pipeline ran okay.
Likelihood hmf_bins = -1431639.7163030074
Posterior = -1431637.8837215437 for parameter set #209: [0.2928516819879509, 0.7695513317076201]
Running module mass_function_like
Done mass_function_like status = 0 

mass_function_like took: 2.035 seconds
Total pipeline time: 2.04 seconds
Pipeline ran okay.
Likelihood hmf_bins = -3712035.9361566408
Posterior = -3712034.103575177 for parameter set #209: [0.28352993760849454, 0.7728669250098378]
Running module mass_function_like
Done mass_function_like status = 0 

mass_function_like took: 2.004 seconds
Total pipeline time: 2.0 seconds
Pipeline ran okay.
Likelihood hmf_bins = -1435004.2035321514
Posterior = -1435002.3709506877 for parameter set #210: [0.29977789746797373, 0.8016426123415593]
Running module mass_function_like
Done mass_function_like status = 0 

mass_function_like took: 2.019 seconds
Total pipeline time: 2.02 seconds
Pipeline ran okay.
Likelihood hmf_bins = -4023057.077088264
Posterior = -4023055.2445068 for parameter set #210: [0.2990457351533012, 0.799272944095341]
Running module mass_function_like
Done mass_function_like status = 0 

mass_function_like took: 2.020 seconds
Total pipeline time: 2.02 seconds
Pipeline ran okay.
Likelihood hmf_bins = -188831.67995961074
Posterior = -188829.847378147 for parameter set #210: [0.30011560981865715, 0.8007544725170379]
Running module mass_function_like
Done mass_function_like status = 0 

mass_function_like took: 2.017 seconds
Total pipeline time: 2.02 seconds
Pipeline ran okay.
Likelihood hmf_bins = -3714973.0457897875
Posterior = -3714971.213208324 for parameter set #210: [0.29721191962555565, 0.7923306397214336]
Running module mass_function_like
Done mass_function_like status = 0 

mass_function_like took: 2.008 seconds
Total pipeline time: 2.01 seconds
Pipeline ran okay.
Likelihood hmf_bins = -1434716.4095091212
Posterior = -1434714.5769276575 for parameter set #211: [0.2986879237565668, 0.7995270962136076]
Running module mass_function_like
Done mass_function_like status = 0 

mass_function_like took: 2.020 seconds
Total pipeline time: 2.02 seconds
Pipeline ran okay.
Likelihood hmf_bins = -4022692.074897517
Posterior = -4022690.2423160532 for parameter set #211: [0.2988194502864945, 0.7958283853557955]
Running module mass_function_like
Done mass_function_like status = 0 

mass_function_like took: 2.017 seconds
Total pipeline time: 2.02 seconds
Pipeline ran okay.
Likelihood hmf_bins = -188603.17169871918
Posterior = -188601.33911725544 for parameter set #211: [0.30060474199884546, 0.8027154105364613]
Running module mass_function_like
Done mass_function_like status = 0 

mass_function_like took: 2.022 seconds
Total pipeline time: 2.02 seconds
Pipeline ran okay.
Likelihood hmf_bins = -3716338.943655938
Posterior = -3716337.111074474 for parameter set #211: [0.3023383899730548, 0.801451194776838]
Running module mass_function_like
Done mass_function_like status = 0 

mass_function_like took: 1.997 seconds
Total pipeline time: 2.0 seconds
Pipeline ran okay.
Likelihood hmf_bins = -1435031.641143199
Posterior = -1435029.8085617353 for parameter set #212: [0.3007465168220534, 0.8010452946421679]
Done mass_function_like status = 0 

mass_function_like took: 1.989 seconds
Total pipeline time: 1.99 seconds
Pipeline ran okay.
Likelihood hmf_bins = -186836.99504435805
Posterior = -186835.1624628943 for parameter set #212: [0.31064075959473597, 0.8136386653139962]
Done mass_function_like status = 0 

mass_function_like took: 2.026 seconds
Total pipeline time: 2.03 seconds
Pipeline ran okay.
Likelihood hmf_bins = -4022476.282749603
Posterior = -4022474.4501681393 for parameter set #212: [0.2959965312251007, 0.7961271797324894]
Done mass_function_like status = 0 

mass_function_like took: 2.023 seconds
Total pipeline time: 2.02 seconds
Pipeline ran okay.
Likelihood hmf_bins = -3716153.723498649
Posterior = -3716151.890917185 for parameter set #212: [0.30102296099130593, 0.8007901547343447]
Running module mass_function_like
Running module mass_function_like
Running module mass_function_like
Running module mass_function_like
Done mass_function_like status = 0 

mass_function_like took: 2.023 seconds
Total pipeline time: 2.02 seconds
Pipeline ran okay.
Likelihood hmf_bins = -188603.51726721376
Done mass_function_like status = 0 

mass_function_like took: 2.023 seconds
Total pipeline time: 2.02 seconds
Pipeline ran okay.
Posterior = -188601.68468575002 for parameter set #213: [0.30097910353409507, 0.8023392286571749]
Likelihood hmf_bins = -3716666.538462406
Posterior = -3716664.7058809423 for parameter set #213: [0.3051296285707131, 0.8021875885528148]
Running module mass_function_like
Running module mass_function_like
Done mass_function_like status = 0 

mass_function_like took: 2.024 seconds
Total pipeline time: 2.02 seconds
Pipeline ran okay.
Likelihood hmf_bins = -1435109.5500422125
Posterior = -1435107.7174607487 for parameter set #213: [0.30096128115980275, 0.801680246195771]
Running module mass_function_like
Done mass_function_like status = 0 

mass_function_like took: 2.029 seconds
Total pipeline time: 2.03 seconds
Pipeline ran okay.
Likelihood hmf_bins = -4022401.7073650807
Posterior = -4022399.874783617 for parameter set #213: [0.2951819128104889, 0.7960860867849057]
Running module mass_function_like
Done mass_function_like status = 0 

mass_function_like took: 2.007 seconds
Total pipeline time: 2.01 seconds
Pipeline ran okay.
Likelihood hmf_bins = -189246.37291418784
Posterior = -189244.5403327241 for parameter set #214: [0.2993088005680949, 0.7972532402162743]
Running module mass_function_like
Done mass_function_like status = 0 

mass_function_like took: 2.008 seconds
Total pipeline time: 2.01 seconds
Pipeline ran okay.
Likelihood hmf_bins = -3715788.6982034827
Posterior = -3715786.865622019 for parameter set #214: [0.30074458370664114, 0.7974317498743039]
Running module mass_function_like
Done mass_function_like status = 0 

mass_function_like took: 2.020 seconds
Total pipeline time: 2.02 seconds
Pipeline ran okay.
Likelihood hmf_bins = -1434902.705955683
Posterior = -1434900.8733742193 for parameter set #214: [0.3005007608239034, 0.7998762745195509]
Running module mass_function_like
Done mass_function_like status = 0 

mass_function_like took: 2.018 seconds
Total pipeline time: 2.02 seconds
Pipeline ran okay.
Likelihood hmf_bins = -4023325.5803589453
Posterior = -4023323.7477774816 for parameter set #214: [0.30064211103790767, 0.8005223029288792]
Running module mass_function_like
Done mass_function_like status = 0 

mass_function_like took: 1.955 seconds
Total pipeline time: 1.95 seconds
Pipeline ran okay.
Likelihood hmf_bins = -4034184.5306427944
Posterior = -4034182.6980613307 for parameter set #215: [0.3265556771775575, 0.8740754483731613]
Running module mass_function_like
Done mass_function_like status = 0 

mass_function_like took: 2.006 seconds
Total pipeline time: 2.01 seconds
Pipeline ran okay.
Likelihood hmf_bins = -189060.00178581005
Posterior = -189058.1692043463 for parameter set #215: [0.2990397842036913, 0.7994297216626104]
Running module mass_function_like
Done mass_function_like status = 0 

mass_function_like took: 2.020 seconds
Total pipeline time: 2.02 seconds
Pipeline ran okay.
Likelihood hmf_bins = -3716067.1488963645
Posterior = -3716065.3163149008 for parameter set #215: [0.3001673271922666, 0.8006917511206627]
Running module mass_function_like
Done mass_function_like status = 0 

mass_function_like took: 2.015 seconds
Total pipeline time: 2.02 seconds
Pipeline ran okay.
Likelihood hmf_bins = -1433329.8430856636
Posterior = -1433328.0105042 for parameter set #215: [0.29592244674379725, 0.786621710422629]
Running module mass_function_like
Done mass_function_like status = 0 

mass_function_like took: 2.022 seconds
Total pipeline time: 2.02 seconds
Pipeline ran okay.
Likelihood hmf_bins = -4023328.173047902
Posterior = -4023326.3404664383 for parameter set #216: [0.3009115068588477, 0.8003107843673525]
Done mass_function_like status = 0 

mass_function_like took: 2.013 seconds
Total pipeline time: 2.01 seconds
Pipeline ran okay.
Likelihood hmf_bins = -188761.58131448025
Posterior = -188759.74873301652 for parameter set #216: [0.30135981168157067, 0.8002651473145233]
Done mass_function_like status = 0 

mass_function_like took: 2.013 seconds
Total pipeline time: 2.01 seconds
Pipeline ran okay.
Likelihood hmf_bins = -3717271.212830935
Posterior = -3717269.3802494714 for parameter set #216: [0.30395471470470314, 0.8090594476611038]
Done mass_function_like status = 0 

mass_function_like took: 2.016 seconds
Total pipeline time: 2.02 seconds
Pipeline ran okay.
Likelihood hmf_bins = -1434987.90298634
Posterior = -1434986.0704048763 for parameter set #216: [0.30040957088145914, 0.8008799016247783]
Running module mass_function_like
Running module mass_function_like
Running module mass_function_like
Running module mass_function_like
Done mass_function_like status = 0 

mass_function_like took: 2.004 seconds
Total pipeline time: 2.0 seconds
Pipeline ran okay.
Likelihood hmf_bins = -3717480.9488197044
Posterior = -3717479.1162382406 for parameter set #217: [0.3062058463289579, 0.8090593098771734]
Running module mass_function_like
Done mass_function_like status = 0 

mass_function_like took: 2.006 seconds
Total pipeline time: 2.01 seconds
Pipeline ran okay.
Likelihood hmf_bins = -4023345.4720192747
Posterior = -4023343.639437811 for parameter set #217: [0.299950992535257, 0.8013319864955585]
Running module mass_function_like
Done mass_function_like status = 0 

mass_function_like took: 2.020 seconds
Total pipeline time: 2.02 seconds
Pipeline ran okay.
Likelihood hmf_bins = -1432279.5767717548
Posterior = -1432277.744190291 for parameter set #217: [0.29436976238597773, 0.7758575947243166]
Running module mass_function_like
Done mass_function_like status = 0 

mass_function_like took: 2.022 seconds
Total pipeline time: 2.02 seconds
Pipeline ran okay.
Likelihood hmf_bins = -189808.377998806
Posterior = -189806.54541734228 for parameter set #217: [0.294682276710425, 0.7961938498480688]
Running module mass_function_like
Done mass_function_like status = 0 

mass_function_like took: 1.999 seconds
Total pipeline time: 2.0 seconds
Pipeline ran okay.
Likelihood hmf_bins = -3715759.9727070997
Posterior = -3715758.140125636 for parameter set #218: [0.2988349804623091, 0.7988193968439613]
Running module mass_function_like
Done mass_function_like status = 0 

mass_function_like took: 2.008 seconds
Total pipeline time: 2.01 seconds
Pipeline ran okay.
Likelihood hmf_bins = -4023515.440168382
Posterior = -4023513.6075869184 for parameter set #218: [0.301789053285515, 0.8013801133378443]
Running module mass_function_like
Done mass_function_like status = 0 

mass_function_like took: 2.003 seconds
Total pipeline time: 2.0 seconds
Pipeline ran okay.
Likelihood hmf_bins = -188801.2467471663
Posterior = -188799.41416570256 for parameter set #218: [0.29993062324310354, 0.8012644384734103]
Done mass_function_like status = 0 

mass_function_like took: 2.005 seconds
Total pipeline time: 2.0 seconds
Pipeline ran okay.
Likelihood hmf_bins = -1434713.5387310544
Running module mass_function_like
Posterior = -1434711.7061495907 for parameter set #218: [0.29981409914825363, 0.7984597636807768]
Running module mass_function_like
Done mass_function_like status = 0 

mass_function_like took: 2.020 seconds
Total pipeline time: 2.02 seconds
Pipeline ran okay.
Likelihood hmf_bins = -3716100.8933417182
Posterior = -3716099.0607602545 for parameter set #219: [0.3005531102818148, 0.8006834713034553]
Running module mass_function_like
Done mass_function_like status = 0 

mass_function_like took: 2.010 seconds
Total pipeline time: 2.01 seconds
Pipeline ran okay.
Likelihood hmf_bins = -188928.965870229
Posterior = -188927.13328876527 for parameter set #219: [0.29979201506831193, 0.8000523568857879]
Running module mass_function_like
Done mass_function_like status = 0 

mass_function_like took: 2.024 seconds
Total pipeline time: 2.02 seconds
Pipeline ran okay.
Likelihood hmf_bins = -4024132.379230391
Posterior = -4024130.546648927 for parameter set #219: [0.3026306551429019, 0.8066512166615506]
Running module mass_function_like
Done mass_function_like status = 0 

mass_function_like took: 2.026 seconds
Total pipeline time: 2.03 seconds
Pipeline ran okay.
Likelihood hmf_bins = -1435023.4488435271
Posterior = -1435021.6162620634 for parameter set #219: [0.30023561068949106, 0.8014244428234467]
Running module mass_function_like
Done mass_function_like status = 0 

mass_function_like took: 1.999 seconds
Total pipeline time: 2.0 seconds
Pipeline ran okay.
Likelihood hmf_bins = -187591.78684731707
Posterior = -187589.95426585333 for parameter set #220: [0.30628640986661376, 0.8085568427067981]
Done mass_function_like status = 0 

mass_function_like took: 2.012 seconds
Total pipeline time: 2.01 seconds
Pipeline ran okay.
Likelihood hmf_bins = -3715544.63255568
Posterior = -3715542.799974216 for parameter set #220: [0.2993086570728133, 0.7962581781087693]
Done mass_function_like status = 0 

mass_function_like took: 2.003 seconds
Total pipeline time: 2.0 seconds
Pipeline ran okay.
Likelihood hmf_bins = -1434580.9270267193
Posterior = -1434579.0944452556 for parameter set #220: [0.2992803957748701, 0.797505177549675]
Done mass_function_like status = 0 

mass_function_like took: 2.028 seconds
Total pipeline time: 2.03 seconds
Pipeline ran okay.
Likelihood hmf_bins = -4021951.158861893
Posterior = -4021949.3262804295 for parameter set #220: [0.29306386196573303, 0.7933413628882819]
Running module mass_function_like
Running module mass_function_like
Running module mass_function_like
Running module mass_function_like
Done mass_function_like status = 0 

mass_function_like took: 1.980 seconds
Total pipeline time: 1.98 seconds
Pipeline ran okay.
Likelihood hmf_bins = -187125.7072147496
Posterior = -187123.87463328586 for parameter set #221: [0.31437229801254096, 0.806159041066475]
Running module mass_function_like
Done mass_function_like status = 0 

mass_function_like took: 2.016 seconds
Total pipeline time: 2.02 seconds
Pipeline ran okay.
Likelihood hmf_bins = -1433991.9115794005
Posterior = -1433990.0789979368 for parameter set #221: [0.2942818835478123, 0.7955814066260191]
Running module mass_function_like
Done mass_function_like status = 0 

mass_function_like took: 2.017 seconds
Total pipeline time: 2.02 seconds
Pipeline ran okay.
Likelihood hmf_bins = -4024099.280272217
Posterior = -4024097.4476907533 for parameter set #221: [0.30174187496842686, 0.8071240347068565]
Running module mass_function_like
Done mass_function_like status = 0 

mass_function_like took: 2.020 seconds
Total pipeline time: 2.02 seconds
Pipeline ran okay.
Likelihood hmf_bins = -3715899.7687001415
Posterior = -3715897.9361186777 for parameter set #221: [0.3010052937007531, 0.7983018162070087]
Running module mass_function_like
Done mass_function_like status = 0 

mass_function_like took: 2.017 seconds
Total pipeline time: 2.02 seconds
Pipeline ran okay.
Likelihood hmf_bins = -188576.8678010859
Posterior = -188575.03521962216 for parameter set #222: [0.30203990150680626, 0.801572402427615]
Running module mass_function_like
Done mass_function_like status = 0 

mass_function_like took: 2.016 seconds
Total pipeline time: 2.02 seconds
Pipeline ran okay.
Likelihood hmf_bins = -1435660.0724959578
Posterior = -1435658.239914494 for parameter set #222: [0.30236406146130673, 0.8062491845895877]
Running module mass_function_like
Done mass_function_like status = 0 

mass_function_like took: 2.016 seconds
Total pipeline time: 2.02 seconds
Pipeline ran okay.
Likelihood hmf_bins = -3716256.745478167
Posterior = -3716254.9128967035 for parameter set #222: [0.3017007456041235, 0.801206399907244]
Running module mass_function_like
Done mass_function_like status = 0 

mass_function_like took: 2.021 seconds
Total pipeline time: 2.02 seconds
Pipeline ran okay.
Likelihood hmf_bins = -4021225.527931092
Posterior = -4021223.695349628 for parameter set #222: [0.294608219383592, 0.7845074858886631]
Running module mass_function_like
Done mass_function_like status = 0 

mass_function_like took: 1.969 seconds
Total pipeline time: 1.97 seconds
Pipeline ran okay.
Likelihood hmf_bins = -184353.53663539357
Posterior = -184351.70405392983 for parameter set #223: [0.3197533239677426, 0.8457629877139555]
Running module mass_function_like
Done mass_function_like status = 0 

mass_function_like took: 1.998 seconds
Total pipeline time: 2.0 seconds
Pipeline ran okay.
Likelihood hmf_bins = -3720153.4313082304
Posterior = -3720151.5987267666 for parameter set #223: [0.31040680960819106, 0.8301913634828438]
Running module mass_function_like
Done mass_function_like status = 0 

mass_function_like took: 2.006 seconds
Total pipeline time: 2.01 seconds
Pipeline ran okay.
Likelihood hmf_bins = -1434782.1686490753
Posterior = -1434780.3360676116 for parameter set #223: [0.2993576053028292, 0.799625928830199]
Running module mass_function_like
Done mass_function_like status = 0 

mass_function_like took: 2.011 seconds
Total pipeline time: 2.01 seconds
Pipeline ran okay.
Likelihood hmf_bins = -4022372.2387403017
Posterior = -4022370.406158838 for parameter set #223: [0.2983682117850037, 0.7930085540885252]
Running module mass_function_like
Done mass_function_like status = 0 

mass_function_like took: 2.015 seconds
Total pipeline time: 2.02 seconds
Pipeline ran okay.
Likelihood hmf_bins = -188694.15046337195
Posterior = -188692.3178819082 for parameter set #224: [0.3005850237629125, 0.8017550040104491]
Done mass_function_like status = 0 

mass_function_like took: 1.994 seconds
Total pipeline time: 1.99 seconds
Pipeline ran okay.
Likelihood hmf_bins = -1438770.1418535584
Posterior = -1438768.3092720946 for parameter set #224: [0.3094915313963361, 0.8312035368150072]
Done mass_function_like status = 0 

mass_function_like took: 2.016 seconds
Total pipeline time: 2.02 seconds
Pipeline ran okay.
Likelihood hmf_bins = -3716122.118053173
Posterior = -3716120.2854717094 for parameter set #224: [0.3011722764731638, 0.8003476990016242]
Done mass_function_like status = 0 

mass_function_like took: 2.008 seconds
Total pipeline time: 2.01 seconds
Pipeline ran okay.
Likelihood hmf_bins = -4022887.5778598096
Posterior = -4022885.745278346 for parameter set #224: [0.2980788352369952, 0.7984331351980827]
Running module mass_function_like
Running module mass_function_like
Running module mass_function_like
Running module mass_function_like
Done mass_function_like status = 0 

mass_function_like took: 1.956 seconds
Total pipeline time: 1.96 seconds
Pipeline ran okay.
Likelihood hmf_bins = -3719447.792338025
Posterior = -3719445.959756561 for parameter set #225: [0.3252605896641362, 0.810527363515908]
Running module mass_function_like
Done mass_function_like status = 0 

mass_function_like took: 2.001 seconds
Total pipeline time: 2.0 seconds
Pipeline ran okay.
Likelihood hmf_bins = -186634.49167602317
Posterior = -186632.65909455944 for parameter set #225: [0.31071313721011673, 0.8162918923834367]
Running module mass_function_like
Done mass_function_like status = 0 

mass_function_like took: 2.016 seconds
Total pipeline time: 2.02 seconds
Pipeline ran okay.
Likelihood hmf_bins = -4023425.361325047
Posterior = -4023423.5287435832 for parameter set #225: [0.300316179359952, 0.8017953027561342]
Running module mass_function_like
Done mass_function_like status = 0 

mass_function_like took: 2.028 seconds
Total pipeline time: 2.03 seconds
Pipeline ran okay.
Likelihood hmf_bins = -1432338.3597161502
Posterior = -1432336.5271346865 for parameter set #225: [0.2928370368128095, 0.7778989447120775]
Running module mass_function_like
Done mass_function_like status = 0 

mass_function_like took: 2.012 seconds
Total pipeline time: 2.01 seconds
Pipeline ran okay.
Likelihood hmf_bins = -3716264.83230052
Posterior = -3716262.9997190563 for parameter set #226: [0.30144218056055233, 0.8015133456804974]
Running module mass_function_like
Done mass_function_like status = 0 

mass_function_like took: 2.001 seconds
Total pipeline time: 2.0 seconds
Pipeline ran okay.
Likelihood hmf_bins = -4023089.697139268
Posterior = -4023087.864557804 for parameter set #226: [0.2994735653242372, 0.7992190689230901]
Running module mass_function_like
Done mass_function_like status = 0 

mass_function_like took: 2.019 seconds
Total pipeline time: 2.02 seconds
Pipeline ran okay.
Likelihood hmf_bins = -188893.82810707204
Posterior = -188891.9955256083 for parameter set #226: [0.30017567028077535, 0.800039071952929]
Running module mass_function_like
Done mass_function_like status = 0 

mass_function_like took: 2.019 seconds
Total pipeline time: 2.02 seconds
Pipeline ran okay.
Likelihood hmf_bins = -1434827.715235974
Posterior = -1434825.8826545102 for parameter set #226: [0.30020612272615776, 0.7993368617090387]
Running module mass_function_like
Done mass_function_like status = 0 

mass_function_like took: 1.996 seconds
Total pipeline time: 2.0 seconds
Pipeline ran okay.
Likelihood hmf_bins = -3715975.668776843
Posterior = -3715973.8361953795 for parameter set #227: [0.2998819727314315, 0.8000406037076563]
Running module mass_function_like
Done mass_function_like status = 0 

mass_function_like took: 1.995 seconds
Total pipeline time: 1.99 seconds
Pipeline ran okay.
Likelihood hmf_bins = -4023037.5023930897
Posterior = -4023035.669811626 for parameter set #227: [0.2996390827820564, 0.7985561374989197]
Running module mass_function_like
Done mass_function_like status = 0 

mass_function_like took: 2.006 seconds
Total pipeline time: 2.01 seconds
Pipeline ran okay.
Likelihood hmf_bins = -189251.26518068195
Posterior = -189249.4325992182 for parameter set #227: [0.29840962689963696, 0.798085290076401]
Running module mass_function_like
Done mass_function_like status = 0 

mass_function_like took: 2.010 seconds
Total pipeline time: 2.01 seconds
Pipeline ran okay.
Likelihood hmf_bins = -1433752.2350983273
Posterior = -1433750.4025168635 for parameter set #227: [0.2973806927210912, 0.7900735256623016]
Running module mass_function_like
Done mass_function_like status = 0 

mass_function_like took: 2.001 seconds
Total pipeline time: 2.0 seconds
Pipeline ran okay.
Likelihood hmf_bins = -3715868.4880444417
Posterior = -3715866.655462978 for parameter set #228: [0.2998954399249628, 0.798967938160779]
Done mass_function_like status = 0 

mass_function_like took: 1.999 seconds
Total pipeline time: 2.0 seconds
Pipeline ran okay.
Likelihood hmf_bins = -4024071.663754614
Posterior = -4024069.8311731503 for parameter set #228: [0.30739295339658906, 0.8018677134654456]
Done mass_function_like status = 0 

mass_function_like took: 2.021 seconds
Total pipeline time: 2.02 seconds
Pipeline ran okay.
Likelihood hmf_bins = -188564.2580795687
Posterior = -188562.42549810497 for parameter set #228: [0.3020756629376479, 0.8016744324674484]
Done mass_function_like status = 0 

mass_function_like took: 2.022 seconds
Total pipeline time: 2.02 seconds
Pipeline ran okay.
Likelihood hmf_bins = -1434992.4853074166
Posterior = -1434990.652725953 for parameter set #228: [0.300355735506396, 0.8009797827763755]
Running module mass_function_like
Running module mass_function_like
Running module mass_function_like
Running module mass_function_like
Done mass_function_like status = 0 

mass_function_like took: 2.001 seconds
Total pipeline time: 2.0 seconds
Pipeline ran okay.
Likelihood hmf_bins = -3715720.2224244745
Posterior = -3715718.389843011 for parameter set #229: [0.29968927308780013, 0.7976752944651975]
Running module mass_function_like
Done mass_function_like status = 0 

mass_function_like took: 2.015 seconds
Total pipeline time: 2.01 seconds
Pipeline ran okay.
Likelihood hmf_bins = -4023531.5643648375
Posterior = -4023529.7317833737 for parameter set #229: [0.30045612211247447, 0.8027172797865961]
Running module mass_function_like
Done mass_function_like status = 0 

mass_function_like took: 2.030 seconds
Total pipeline time: 2.03 seconds
Pipeline ran okay.
Likelihood hmf_bins = -187773.20022266888
Posterior = -187771.36764120514 for parameter set #229: [0.3014904568556746, 0.8112874420267351]
Running module mass_function_like
Done mass_function_like status = 0 

mass_function_like took: 2.041 seconds
Total pipeline time: 2.04 seconds
Pipeline ran okay.
Likelihood hmf_bins = -1433198.0873801461
Posterior = -1433196.2547986824 for parameter set #229: [0.2891102417758054, 0.7913091661224998]
Running module mass_function_like
Done mass_function_like status = 0 

mass_function_like took: 2.003 seconds
Total pipeline time: 2.0 seconds
Pipeline ran okay.
Likelihood hmf_bins = -3715658.1743552573
Posterior = -3715656.3417737936 for parameter set #230: [0.2996381304447691, 0.7971027581389382]
Running module mass_function_like
Done mass_function_like status = 0 

mass_function_like took: 2.008 seconds
Total pipeline time: 2.01 seconds
Pipeline ran okay.
Likelihood hmf_bins = -4023845.5826123636
Posterior = -4023843.7500309 for parameter set #230: [0.30326043121325724, 0.803306695532904]
Running module mass_function_like
Done mass_function_like status = 0 

mass_function_like took: 1.999 seconds
Total pipeline time: 2.0 seconds
Pipeline ran okay.
Likelihood hmf_bins = -188827.90876061446
Posterior = -188826.07617915072 for parameter set #230: [0.29993832256707786, 0.8009741386543424]
Running module mass_function_like
Done mass_function_like status = 0 

mass_function_like took: 2.020 seconds
Total pipeline time: 2.02 seconds
Pipeline ran okay.
Likelihood hmf_bins = -1433811.733094091
Posterior = -1433809.9005126273 for parameter set #230: [0.29306884627983376, 0.7946737888874671]
Running module mass_function_like
Done mass_function_like status = 0 

mass_function_like took: 1.927 seconds
Total pipeline time: 1.93 seconds
Pipeline ran okay.
Likelihood hmf_bins = -182661.36742536534
Posterior = -182659.5348439016 for parameter set #231: [0.3387581170582548, 0.8919349301203611]
Running module mass_function_like
Done mass_function_like status = 0 

mass_function_like took: 2.013 seconds
Total pipeline time: 2.01 seconds
Pipeline ran okay.
Likelihood hmf_bins = -3716176.991114075
Posterior = -3716175.158532611 for parameter set #231: [0.301535058911626, 0.8005700085269226]
Running module mass_function_like
Done mass_function_like status = 0 

mass_function_like took: 2.002 seconds
Total pipeline time: 2.0 seconds
Pipeline ran okay.
Likelihood hmf_bins = -4025404.327278154
Posterior = -4025402.4946966902 for parameter set #231: [0.3058637510352104, 0.8159246682123179]
Running module mass_function_like
Done mass_function_like status = 0 

mass_function_like took: 2.003 seconds
Total pipeline time: 2.0 seconds
Pipeline ran okay.
Likelihood hmf_bins = -1434845.1704117795
Posterior = -1434843.3378303158 for parameter set #231: [0.2998153819084927, 0.7998886507928159]
Running module mass_function_like
Done mass_function_like status = 0 

mass_function_like took: 2.013 seconds
Total pipeline time: 2.01 seconds
Pipeline ran okay.
Likelihood hmf_bins = -188681.8079246752
Posterior = -188679.97534321147 for parameter set #232: [0.30224596834554845, 0.8002409720156312]
Done mass_function_like status = 0 

mass_function_like took: 2.014 seconds
Total pipeline time: 2.01 seconds
Pipeline ran okay.
Likelihood hmf_bins = -3717131.7917218385
Posterior = -3717129.959140375 for parameter set #232: [0.3032828764712039, 0.808317895799523]
Done mass_function_like status = 0 

mass_function_like took: 2.028 seconds
Total pipeline time: 2.03 seconds
Pipeline ran okay.
Likelihood hmf_bins = -4021344.168954873
Posterior = -4021342.3363734093 for parameter set #232: [0.2895618153798168, 0.7901030758953856]
Done mass_function_like status = 0 

mass_function_like took: 2.010 seconds
Total pipeline time: 2.01 seconds
Pipeline ran okay.
Likelihood hmf_bins = -1435043.1357926475
Posterior = -1435041.3032111838 for parameter set #232: [0.30043033214827264, 0.8014558404547688]
Running module mass_function_like
Running module mass_function_like
Running module mass_function_like
Running module mass_function_like
Done mass_function_like status = 0 

mass_function_like took: 1.974 seconds
Total pipeline time: 1.97 seconds
Pipeline ran okay.
Likelihood hmf_bins = -4029179.0613628277
Posterior = -4029177.228781364 for parameter set #233: [0.31694413313303343, 0.8402014673014601]
Running module mass_function_like
Done mass_function_like status = 0 

mass_function_like took: 2.018 seconds
Total pipeline time: 2.02 seconds
Pipeline ran okay.
Likelihood hmf_bins = -188695.07162118747
Posterior = -188693.23903972373 for parameter set #233: [0.30108385269752075, 0.8012471794328283]
Running module mass_function_like
Done mass_function_like status = 0 

mass_function_like took: 2.025 seconds
Total pipeline time: 2.03 seconds
Pipeline ran okay.
Likelihood hmf_bins = -1431666.942017267
Posterior = -1431665.1094358033 for parameter set #233: [0.29283365468007844, 0.769895129821642]
Running module mass_function_like
Done mass_function_like status = 0 

mass_function_like took: 2.033 seconds
Total pipeline time: 2.03 seconds
Pipeline ran okay.
Likelihood hmf_bins = -3713297.3946232116
Posterior = -3713295.562041748 for parameter set #233: [0.28314494533940315, 0.7870670118057684]
Running module mass_function_like
Done mass_function_like status = 0 

mass_function_like took: 2.036 seconds
Total pipeline time: 2.04 seconds
Pipeline ran okay.
Likelihood hmf_bins = -4021910.108029308
Posterior = -4021908.275447844 for parameter set #234: [0.288152486639256, 0.7972725678016885]
Running module mass_function_like
Done mass_function_like status = 0 

mass_function_like took: 2.017 seconds
Total pipeline time: 2.02 seconds
Pipeline ran okay.
Likelihood hmf_bins = -1434941.7082170572
Posterior = -1434939.8756355934 for parameter set #234: [0.29881525973881534, 0.8018580004592136]
Running module mass_function_like
Done mass_function_like status = 0 

mass_function_like took: 2.026 seconds
Total pipeline time: 2.03 seconds
Pipeline ran okay.
Likelihood hmf_bins = -188863.1862803426
Posterior = -188861.35369887887 for parameter set #234: [0.3001010770281746, 0.8004345057256556]
Running module mass_function_like
Done mass_function_like status = 0 

mass_function_like took: 2.013 seconds
Total pipeline time: 2.01 seconds
Pipeline ran okay.
Likelihood hmf_bins = -3716108.113596748
Posterior = -3716106.2810152844 for parameter set #234: [0.2998911439629299, 0.8013427770379065]
Running module mass_function_like
Done mass_function_like status = 0 

mass_function_like took: 2.009 seconds
Total pipeline time: 2.01 seconds
Pipeline ran okay.
Likelihood hmf_bins = -4023053.999604226
Posterior = -4023052.1670227624 for parameter set #235: [0.3018168377244775, 0.7968145079395866]
Running module mass_function_like
Done mass_function_like status = 0 

mass_function_like took: 2.004 seconds
Total pipeline time: 2.0 seconds
Pipeline ran okay.
Likelihood hmf_bins = -1434782.7209093422
Posterior = -1434780.8883278784 for parameter set #235: [0.2994621404805197, 0.7995347750561184]
Running module mass_function_like
Done mass_function_like status = 0 

mass_function_like took: 2.016 seconds
Total pipeline time: 2.02 seconds
Pipeline ran okay.
Likelihood hmf_bins = -188924.0755992909
Posterior = -188922.24301782716 for parameter set #235: [0.29963133067890124, 0.800262927687177]
Running module mass_function_like
Done mass_function_like status = 0 

mass_function_like took: 2.024 seconds
Total pipeline time: 2.02 seconds
Pipeline ran okay.
Likelihood hmf_bins = -3714758.2499054875
Posterior = -3714756.417324024 for parameter set #235: [0.2901809046516351, 0.7963033397017764]
Running module mass_function_like
Done mass_function_like status = 0 

mass_function_like took: 2.007 seconds
Total pipeline time: 2.01 seconds
Pipeline ran okay.
Likelihood hmf_bins = -4024438.923416048
Posterior = -4024437.090834584 for parameter set #236: [0.3050697281724174, 0.8074368825014716]
Done mass_function_like status = 0 

mass_function_like took: 2.016 seconds
Total pipeline time: 2.02 seconds
Pipeline ran okay.
Likelihood hmf_bins = -1435077.6986435396
Posterior = -1435075.8660620758 for parameter set #236: [0.30049804410964953, 0.8017659208193885]
Done mass_function_like status = 0 

mass_function_like took: 2.002 seconds
Total pipeline time: 2.0 seconds
Pipeline ran okay.
Likelihood hmf_bins = -3716085.2102501085
Posterior = -3716083.377668645 for parameter set #236: [0.3007864208466374, 0.8003280164086606]
Done mass_function_like status = 0 

mass_function_like took: 2.013 seconds
Total pipeline time: 2.01 seconds
Pipeline ran okay.
Likelihood hmf_bins = -188595.2394169684
Posterior = -188593.40683550466 for parameter set #236: [0.3021503263324341, 0.8012641798862582]
Running module mass_function_like
Running module mass_function_like
Running module mass_function_like
Running module mass_function_like
Done mass_function_like status = 0 

mass_function_like took: 2.002 seconds
Total pipeline time: 2.0 seconds
Pipeline ran okay.
Likelihood hmf_bins = -1435959.6290547804
Posterior = -1435957.7964733166 for parameter set #237: [0.30806257270629583, 0.8041435401372179]
Running module mass_function_like
Done mass_function_like status = 0 

mass_function_like took: 2.005 seconds
Total pipeline time: 2.01 seconds
Pipeline ran okay.
Likelihood hmf_bins = -4023052.283501694
Posterior = -4023050.4509202302 for parameter set #237: [0.29969110249037667, 0.7986568879392467]
Running module mass_function_like
Done mass_function_like status = 0 

mass_function_like took: 2.007 seconds
Total pipeline time: 2.01 seconds
Pipeline ran okay.
Likelihood hmf_bins = -187523.6719375455
Posterior = -187521.83935608176 for parameter set #237: [0.30597947721203633, 0.8096946500645757]
Running module mass_function_like
Done mass_function_like status = 0 

mass_function_like took: 2.018 seconds
Total pipeline time: 2.02 seconds
Pipeline ran okay.
Likelihood hmf_bins = -3717272.971302381
Posterior = -3717271.138720917 for parameter set #237: [0.3014910490703857, 0.8112978052401378]
Running module mass_function_like
Done mass_function_like status = 0 

mass_function_like took: 1.996 seconds
Total pipeline time: 2.0 seconds
Pipeline ran okay.
Likelihood hmf_bins = -187223.71297755276
Posterior = -187221.88039608902 for parameter set #238: [0.31073215021353684, 0.8085745569540449]
Running module mass_function_like
Done mass_function_like status = 0 

mass_function_like took: 2.015 seconds
Total pipeline time: 2.02 seconds
Pipeline ran okay.
Likelihood hmf_bins = -1435278.7943382105
Posterior = -1435276.9617567468 for parameter set #238: [0.302318961924447, 0.8022416541446762]
Running module mass_function_like
Done mass_function_like status = 0 

mass_function_like took: 2.022 seconds
Total pipeline time: 2.02 seconds
Pipeline ran okay.
Likelihood hmf_bins = -4023644.3337882156
Posterior = -4023642.501206752 for parameter set #238: [0.3028669577696902, 0.8016931562994253]
Running module mass_function_like
Done mass_function_like status = 0 

mass_function_like took: 2.014 seconds
Total pipeline time: 2.01 seconds
Pipeline ran okay.
Likelihood hmf_bins = -3715540.8228624887
Posterior = -3715538.990281025 for parameter set #238: [0.2972938842663703, 0.7979844346245669]
Running module mass_function_like
Done mass_function_like status = 0 

mass_function_like took: 1.922 seconds
Total pipeline time: 1.92 seconds
Pipeline ran okay.
Likelihood hmf_bins = -182622.83097562927
Posterior = -182620.99839416554 for parameter set #239: [0.3472809033324086, 0.9092088189896874]
Running module mass_function_like
Done mass_function_like status = 0 

mass_function_like took: 2.009 seconds
Total pipeline time: 2.01 seconds
Pipeline ran okay.
Likelihood hmf_bins = -1433699.8894701793
Posterior = -1433698.0568887156 for parameter set #239: [0.29683136668460286, 0.7899822723865533]
Running module mass_function_like
Done mass_function_like status = 0 

mass_function_like took: 2.014 seconds
Total pipeline time: 2.01 seconds
Pipeline ran okay.
Likelihood hmf_bins = -4023684.5035566865
Posterior = -4023682.6709752227 for parameter set #239: [0.30183507983424024, 0.8029963632401713]
Running module mass_function_like
Done mass_function_like status = 0 

mass_function_like took: 2.015 seconds
Total pipeline time: 2.01 seconds
Pipeline ran okay.
Likelihood hmf_bins = -3716203.375964006
Posterior = -3716201.543382542 for parameter set #239: [0.30139028975636073, 0.8009556793235896]
Running module mass_function_like
Done mass_function_like status = 0 

mass_function_like took: 2.014 seconds
Total pipeline time: 2.01 seconds
Pipeline ran okay.
Likelihood hmf_bins = -187801.04630318232
Posterior = -187799.21372171858 for parameter set #240: [0.3036373108690435, 0.8087494039760874]
Done mass_function_like status = 0 

mass_function_like took: 2.007 seconds
Total pipeline time: 2.01 seconds
Pipeline ran okay.
Likelihood hmf_bins = -1434461.8124495228
Posterior = -1434459.979868059 for parameter set #240: [0.2972327381744474, 0.798079336917573]
Done mass_function_like status = 0 

mass_function_like took: 2.012 seconds
Total pipeline time: 2.01 seconds
Pipeline ran okay.
Likelihood hmf_bins = -3715326.783506022
Posterior = -3715324.950924558 for parameter set #240: [0.2983486838649815, 0.7949131366525661]
Done mass_function_like status = 0 

mass_function_like took: 2.046 seconds
Total pipeline time: 2.05 seconds
Pipeline ran okay.
Likelihood hmf_bins = -4020536.0326403915
Posterior = -4020534.2000589278 for parameter set #240: [0.28492673329823726, 0.785559396567447]
Running module mass_function_like
Running module mass_function_like
Running module mass_function_like
Running module mass_function_like
Done mass_function_like status = 0 

mass_function_like took: 2.017 seconds
Total pipeline time: 2.02 seconds
Pipeline ran okay.
Likelihood hmf_bins = -188696.29168533938
Posterior = -188694.45910387565 for parameter set #241: [0.30150606745393116, 0.8008173506569419]
Running module mass_function_like
Done mass_function_like status = 0 

mass_function_like took: 2.018 seconds
Total pipeline time: 2.02 seconds
Pipeline ran okay.
Likelihood hmf_bins = -4024069.023791257
Posterior = -4024067.191209793 for parameter set #241: [0.2946332627349831, 0.8133003609637973]
Running module mass_function_like
Done mass_function_like status = 0 

mass_function_like took: 2.027 seconds
Total pipeline time: 2.03 seconds
Pipeline ran okay.
Likelihood hmf_bins = -3714335.192763845
Posterior = -3714333.3601823812 for parameter set #241: [0.2899865369356225, 0.7920773638736227]
Running module mass_function_like
Done mass_function_like status = 0 

mass_function_like took: 2.032 seconds
Total pipeline time: 2.03 seconds
Pipeline ran okay.
Likelihood hmf_bins = -1429368.8968415176
Posterior = -1429367.064260054 for parameter set #241: [0.2826457634346573, 0.7492305673344245]
Running module mass_function_like
Done mass_function_like status = 0 

mass_function_like took: 2.009 seconds
Total pipeline time: 2.01 seconds
Pipeline ran okay.
Likelihood hmf_bins = -4024100.854155866
Posterior = -4024099.021574402 for parameter set #242: [0.30209763789906363, 0.8068218802103607]
Running module mass_function_like
Done mass_function_like status = 0 

mass_function_like took: 2.014 seconds
Total pipeline time: 2.01 seconds
Pipeline ran okay.
Likelihood hmf_bins = -189341.776891892
Posterior = -189339.94431042825 for parameter set #242: [0.29777665383369334, 0.7977898192291125]
Running module mass_function_like
Done mass_function_like status = 0 

mass_function_like took: 2.008 seconds
Total pipeline time: 2.01 seconds
Pipeline ran okay.
Likelihood hmf_bins = -1436503.839394234
Posterior = -1436502.0068127702 for parameter set #242: [0.3068005063293245, 0.8109305951640626]
Running module mass_function_like
Done mass_function_like status = 0 

mass_function_like took: 2.017 seconds
Total pipeline time: 2.02 seconds
Pipeline ran okay.
Likelihood hmf_bins = -3715221.1102092676
Posterior = -3715219.277627804 for parameter set #242: [0.2938597237999893, 0.7977876591454853]
Running module mass_function_like
Done mass_function_like status = 0 

mass_function_like took: 1.916 seconds
Total pipeline time: 1.92 seconds
Pipeline ran okay.
Likelihood hmf_bins = -4038849.857942184
Posterior = -4038848.02536072 for parameter set #243: [0.3418663164824591, 0.8967384845829918]
Running module mass_function_like
Done mass_function_like status = 0 

mass_function_like took: 2.013 seconds
Total pipeline time: 2.01 seconds
Pipeline ran okay.
Likelihood hmf_bins = -187430.8977387862
Posterior = -187429.06515732247 for parameter set #243: [0.3061612350219817, 0.8106469640546149]
Running module mass_function_like
Done mass_function_like status = 0 

mass_function_like took: 2.011 seconds
Total pipeline time: 2.01 seconds
Pipeline ran okay.
Likelihood hmf_bins = -1434995.8735609986
Posterior = -1434994.0409795349 for parameter set #243: [0.29991986804523274, 0.801421104281342]
Done mass_function_like status = 0 

mass_function_like took: 2.008 seconds
Total pipeline time: 2.01 seconds
Pipeline ran okay.
Likelihood hmf_bins = -3716939.4945704755
Running module mass_function_like
Posterior = -3716937.661989012 for parameter set #243: [0.30451759205237566, 0.8053637532216209]
Running module mass_function_like
Done mass_function_like status = 0 

mass_function_like took: 2.076 seconds
Total pipeline time: 2.08 seconds
Pipeline ran okay.
Likelihood hmf_bins = -4017420.968199098
Posterior = -4017419.1356176343 for parameter set #244: [0.266697357018705, 0.7656335002723165]
Done mass_function_like status = 0 

mass_function_like took: 2.001 seconds
Total pipeline time: 2.0 seconds
Pipeline ran okay.
Likelihood hmf_bins = -3717744.2819592725
Posterior = -3717742.4493778087 for parameter set #244: [0.3052310743356058, 0.812442756085253]
Done mass_function_like status = 0 

mass_function_like took: 2.021 seconds
Total pipeline time: 2.02 seconds
Pipeline ran okay.
Likelihood hmf_bins = -188566.47376835937
Posterior = -188564.64118689563 for parameter set #244: [0.3020491990759508, 0.8016758628834786]
Done mass_function_like status = 0 

mass_function_like took: 2.027 seconds
Total pipeline time: 2.03 seconds
Pipeline ran okay.
Likelihood hmf_bins = -1434909.6707730955
Posterior = -1434907.8381916317 for parameter set #244: [0.300065486882414, 0.8003530290404607]
Running module mass_function_like
Running module mass_function_like
Running module mass_function_like
Running module mass_function_like
Done mass_function_like status = 0 

mass_function_like took: 1.937 seconds
Total pipeline time: 1.94 seconds
Pipeline ran okay.
Likelihood hmf_bins = -1439881.940540073
Posterior = -1439880.1079586092 for parameter set #245: [0.33486905912477605, 0.8182077174062342]
Running module mass_function_like
Done mass_function_like status = 0 

mass_function_like took: 1.952 seconds
Total pipeline time: 1.95 seconds
Pipeline ran okay.
Likelihood hmf_bins = -4028546.4421488787
Posterior = -4028544.609567415 for parameter set #245: [0.3259249505257786, 0.8263654383949901]
Running module mass_function_like
Done mass_function_like status = 0 

mass_function_like took: 2.021 seconds
Total pipeline time: 2.02 seconds
Pipeline ran okay.
Likelihood hmf_bins = -188730.5412647951
Posterior = -188728.70868333135 for parameter set #245: [0.30013039894173615, 0.8018161639574906]
Running module mass_function_like
Done mass_function_like status = 0 

mass_function_like took: 2.023 seconds
Total pipeline time: 2.02 seconds
Pipeline ran okay.
Likelihood hmf_bins = -3714483.9993480803
Posterior = -3714482.1667666165 for parameter set #245: [0.2910726389796, 0.7926710292527531]
Running module mass_function_like
Done mass_function_like status = 0 

mass_function_like took: 2.006 seconds
Total pipeline time: 2.01 seconds
Pipeline ran okay.
Likelihood hmf_bins = -1434844.6264673583
Posterior = -1434842.7938858946 for parameter set #246: [0.29981236672324363, 0.799884037299597]
Running module mass_function_like
Done mass_function_like status = 0 

mass_function_like took: 1.998 seconds
Total pipeline time: 2.0 seconds
Pipeline ran okay.
Likelihood hmf_bins = -4027368.509583169
Posterior = -4027366.6770017054 for parameter set #246: [0.3101700193494868, 0.8302472120137947]
Running module mass_function_like
Done mass_function_like status = 0 

mass_function_like took: 2.003 seconds
Total pipeline time: 2.0 seconds
Pipeline ran okay.
Likelihood hmf_bins = -3717533.0942701176
Posterior = -3717531.261688654 for parameter set #246: [0.3087444455034296, 0.8073037754401126]
Running module mass_function_like
Done mass_function_like status = 0 

mass_function_like took: 2.008 seconds
Total pipeline time: 2.01 seconds
Pipeline ran okay.
Likelihood hmf_bins = -185601.65992362789
Posterior = -185599.82734216415 for parameter set #246: [0.3112130948558464, 0.8313659032200426]
Running module mass_function_like
Done mass_function_like status = 0 

mass_function_like took: 2.004 seconds
Total pipeline time: 2.0 seconds
Pipeline ran okay.
Likelihood hmf_bins = -4022667.473766256
Posterior = -4022665.6411847924 for parameter set #247: [0.29879160427238177, 0.7956059102050825]
Running module mass_function_like
Done mass_function_like status = 0 

mass_function_like took: 2.013 seconds
Total pipeline time: 2.01 seconds
Pipeline ran okay.
Likelihood hmf_bins = -1435023.7209190715
Posterior = -1435021.8883376077 for parameter set #247: [0.30067695590704446, 0.8010201462244685]
Running module mass_function_like
Done mass_function_like status = 0 

mass_function_like took: 2.010 seconds
Total pipeline time: 2.01 seconds
Pipeline ran okay.
Likelihood hmf_bins = -188521.84174264656
Posterior = -188520.00916118282 for parameter set #247: [0.3011270876572249, 0.8030810789653381]
Running module mass_function_like
Done mass_function_like status = 0 

mass_function_like took: 2.015 seconds
Total pipeline time: 2.02 seconds
Pipeline ran okay.
Likelihood hmf_bins = -3716388.50096146
Posterior = -3716386.6683799964 for parameter set #247: [0.30256933864752683, 0.8017323963163631]
Running module mass_function_like
Done mass_function_like status = 0 

mass_function_like took: 1.995 seconds
Total pipeline time: 2.0 seconds
Pipeline ran okay.
Likelihood hmf_bins = -4024837.590546011
Posterior = -4024835.7579645473 for parameter set #248: [0.3074374072844087, 0.8091388809100555]
Done mass_function_like status = 0 

mass_function_like took: 2.012 seconds
Total pipeline time: 2.01 seconds
Pipeline ran okay.
Likelihood hmf_bins = -1435058.2816648097
Posterior = -1435056.449083346 for parameter set #248: [0.3020478506617712, 0.8001323162673366]
Done mass_function_like status = 0 

mass_function_like took: 1.967 seconds
Total pipeline time: 1.97 seconds
Pipeline ran okay.
Likelihood hmf_bins = -3723712.6429157984
Posterior = -3723710.8103343346 for parameter set #248: [0.3185178421904332, 0.8542605794178922]
Done mass_function_like status = 0 

mass_function_like took: 2.006 seconds
Total pipeline time: 2.01 seconds
Pipeline ran okay.
Likelihood hmf_bins = -188806.44799095223
Posterior = -188804.6154094885 for parameter set #248: [0.3012690184961206, 0.7998795117941644]
Running module mass_function_like
Running module mass_function_like
Running module mass_function_like
Running module mass_function_like
Done mass_function_like status = 0 

mass_function_like took: 1.981 seconds
Total pipeline time: 1.98 seconds
Pipeline ran okay.
Likelihood hmf_bins = -4028181.664046902
Posterior = -4028179.8314654385 for parameter set #249: [0.31670902348642793, 0.8315271496647343]
Running module mass_function_like
Done mass_function_like status = 0 

mass_function_like took: 2.007 seconds
Total pipeline time: 2.01 seconds
Pipeline ran okay.
Likelihood hmf_bins = -1433733.809251081
Posterior = -1433731.9766696172 for parameter set #249: [0.2986159452850655, 0.7887583191902506]
Running module mass_function_like
Done mass_function_like status = 0 

mass_function_like took: 2.012 seconds
Total pipeline time: 2.01 seconds
Pipeline ran okay.
Likelihood hmf_bins = -188556.6113976396
Posterior = -188554.77881617585 for parameter set #249: [0.3026752193812397, 0.8011631083613185]
Running module mass_function_like
Done mass_function_like status = 0 

mass_function_like took: 2.040 seconds
Total pipeline time: 2.04 seconds
Pipeline ran okay.
Likelihood hmf_bins = -3713996.5410005683
Posterior = -3713994.7084191046 for parameter set #249: [0.2880099159635999, 0.7902600775521145]
Running module mass_function_like
Done mass_function_like status = 0 

mass_function_like took: 2.001 seconds
Total pipeline time: 2.0 seconds
Pipeline ran okay.
Likelihood hmf_bins = -4023187.2440976165
Posterior = -4023185.411516153 for parameter set #250: [0.2998419344028528, 0.799862699036068]
Running module mass_function_like
Done mass_function_like status = 0 

mass_function_like took: 2.013 seconds
Total pipeline time: 2.01 seconds
Pipeline ran okay.
Likelihood hmf_bins = -188581.06903980853
Done mass_function_like status = 0 

Posterior = -188579.2364583448 for parameter set #250: [0.3014846063085981, 0.8020776064596852]
mass_function_like took: 2.018 seconds
Total pipeline time: 2.02 seconds
Pipeline ran okay.
Likelihood hmf_bins = -1434635.4771430546
Posterior = -1434633.6445615909 for parameter set #250: [0.30066433367774664, 0.7968310453364698]
Running module mass_function_like
Running module mass_function_like
Done mass_function_like status = 0 

mass_function_like took: 2.019 seconds
Total pipeline time: 2.02 seconds
Pipeline ran okay.
Likelihood hmf_bins = -3715009.1947728996
Posterior = -3715007.362191436 for parameter set #250: [0.2940789171637492, 0.7954341620611609]
Running module mass_function_like
Done mass_function_like status = 0 

mass_function_like took: 2.004 seconds
Total pipeline time: 2.0 seconds
Pipeline ran okay.
Likelihood hmf_bins = -4022913.729200943
Posterior = -4022911.896619479 for parameter set #251: [0.29807452061489886, 0.7986971673199885]
Running module mass_function_like
Done mass_function_like status = 0 

mass_function_like took: 2.003 seconds
Total pipeline time: 2.0 seconds
Pipeline ran okay.
Likelihood hmf_bins = -186645.86388589907
Posterior = -186644.03130443534 for parameter set #251: [0.31460221012381084, 0.8121304987602171]
Running module mass_function_like
Done mass_function_like status = 0 

mass_function_like took: 2.010 seconds
Total pipeline time: 2.01 seconds
Pipeline ran okay.
Likelihood hmf_bins = -1435595.8657598752
Posterior = -1435594.0331784114 for parameter set #251: [0.3048323804072813, 0.8032930989457139]
Running module mass_function_like
Done mass_function_like status = 0 

mass_function_like took: 2.001 seconds
Total pipeline time: 2.0 seconds
Pipeline ran okay.
Likelihood hmf_bins = -3715833.60460046
Posterior = -3715831.772018996 for parameter set #251: [0.29894359797538317, 0.799457030324221]
Running module mass_function_like
Done mass_function_like status = 0 

mass_function_like took: 2.024 seconds
Total pipeline time: 2.02 seconds
Pipeline ran okay.
Likelihood hmf_bins = -188807.03261560583
Posterior = -188805.2000341421 for parameter set #252: [0.30011311302194255, 0.8010166880311222]
Done mass_function_like status = 0 

mass_function_like took: 2.020 seconds
Total pipeline time: 2.02 seconds
Pipeline ran okay.
Likelihood hmf_bins = -1434999.1583842626
Posterior = -1434997.3258027988 for parameter set #252: [0.30060203838570715, 0.800823459287984]
Done mass_function_like status = 0 

mass_function_like took: 2.013 seconds
Total pipeline time: 2.01 seconds
Pipeline ran okay.
Likelihood hmf_bins = -3717126.400436521
Posterior = -3717124.5678550573 for parameter set #252: [0.30335878844665615, 0.8081987591794686]
Done mass_function_like status = 0 

mass_function_like took: 2.089 seconds
Total pipeline time: 2.09 seconds
Pipeline ran okay.
Likelihood hmf_bins = -4016094.3249659296
Posterior = -4016092.492384466 for parameter set #252: [0.25759082132008343, 0.7566348348083126]
Running module mass_function_like
Running module mass_function_like
Running module mass_function_like
Running module mass_function_like
Done mass_function_like status = 0 

mass_function_like took: 1.959 seconds
Total pipeline time: 1.96 seconds
Pipeline ran okay.
Likelihood hmf_bins = -1438126.0975084805
Posterior = -1438124.2649270168 for parameter set #253: [0.32372250111958323, 0.811655400726954]
Running module mass_function_like
Done mass_function_like status = 0 

mass_function_like took: 2.004 seconds
Total pipeline time: 2.0 seconds
Pipeline ran okay.
Likelihood hmf_bins = -4023341.022691053
Posterior = -4023339.190109589 for parameter set #253: [0.2999566337457394, 0.801283937015676]
Running module mass_function_like
Done mass_function_like status = 0 

mass_function_like took: 2.017 seconds
Total pipeline time: 2.02 seconds
Pipeline ran okay.
Likelihood hmf_bins = -3717600.9351551924
Posterior = -3717599.1025737287 for parameter set #253: [0.3016630956700862, 0.8143084626831596]
Running module mass_function_like
Done mass_function_like status = 0 

mass_function_like took: 2.022 seconds
Total pipeline time: 2.02 seconds
Pipeline ran okay.
Likelihood hmf_bins = -190007.37408536294
Posterior = -190005.5415038992 for parameter set #253: [0.2925194713148359, 0.7963917112255198]
Running module mass_function_like
Done mass_function_like status = 0 

mass_function_like took: 2.005 seconds
Total pipeline time: 2.01 seconds
Pipeline ran okay.
Likelihood hmf_bins = -1435918.2170578637
Posterior = -1435916.3844764 for parameter set #254: [0.30485710695851254, 0.8066552184955837]
Running module mass_function_like
Done mass_function_like status = 0 

mass_function_like took: 1.974 seconds
Total pipeline time: 1.97 seconds
Pipeline ran okay.
Likelihood hmf_bins = -184283.62189492228
Posterior = -184281.78931345855 for parameter set #254: [0.31751371653478727, 0.8501755743625204]
Running module mass_function_like
Done mass_function_like status = 0 

mass_function_like took: 2.002 seconds
Total pipeline time: 2.0 seconds
Pipeline ran okay.
Likelihood hmf_bins = -3718251.065999662
Posterior = -3718249.2334181983 for parameter set #254: [0.3077502098787786, 0.8149698385896614]
Running module mass_function_like
Done mass_function_like status = 0 

mass_function_like took: 2.016 seconds
Total pipeline time: 2.02 seconds
Pipeline ran okay.
Likelihood hmf_bins = -4023566.30695996
Posterior = -4023564.4743784964 for parameter set #254: [0.3016965671004598, 0.8019609507455253]
Running module mass_function_like
Done mass_function_like status = 0 

mass_function_like took: 1.973 seconds
Total pipeline time: 1.97 seconds
Pipeline ran okay.
Likelihood hmf_bins = -1441106.8738262365
Posterior = -1441105.0412447727 for parameter set #255: [0.3184009459790702, 0.8449646483822528]
Running module mass_function_like
Done mass_function_like status = 0 

mass_function_like took: 1.938 seconds
Total pipeline time: 1.94 seconds
Pipeline ran okay.
Likelihood hmf_bins = -3727095.1250770735
Posterior = -3727093.2924956097 for parameter set #255: [0.3312968457788332, 0.8704939505071483]
Running module mass_function_like
Done mass_function_like status = 0 

mass_function_like took: 1.987 seconds
Total pipeline time: 1.99 seconds
Pipeline ran okay.
Likelihood hmf_bins = -186672.25383584123
Posterior = -186670.4212543775 for parameter set #255: [0.3120938339873407, 0.8143450256113596]
Running module mass_function_like
Done mass_function_like status = 0 

mass_function_like took: 2.007 seconds
Total pipeline time: 2.01 seconds
Pipeline ran okay.
Likelihood hmf_bins = -4022285.9816419017
Posterior = -4022284.149060438 for parameter set #255: [0.29578839164420556, 0.7943799409892024]
Running module mass_function_like
Done mass_function_like status = 0 

mass_function_like took: 2.013 seconds
Total pipeline time: 2.01 seconds
Pipeline ran okay.
Likelihood hmf_bins = -1435124.808705699
Posterior = -1435122.9761242352 for parameter set #256: [0.3019641954537138, 0.8009206930595344]
Done mass_function_like status = 0 

mass_function_like took: 2.020 seconds
Total pipeline time: 2.02 seconds
Pipeline ran okay.
Likelihood hmf_bins = -3715990.8303545457
Posterior = -3715988.997773082 for parameter set #256: [0.3011868625369824, 0.7990418643713014]
Done mass_function_like status = 0 

mass_function_like took: 2.005 seconds
Total pipeline time: 2.01 seconds
Pipeline ran okay.
Likelihood hmf_bins = -189449.71398006968
Posterior = -189447.88139860594 for parameter set #256: [0.29746676792289006, 0.7970080614167773]
Done mass_function_like status = 0 

mass_function_like took: 1.991 seconds
Total pipeline time: 1.99 seconds
Pipeline ran okay.
Likelihood hmf_bins = -4025152.5443310547
Posterior = -4025150.711749591 for parameter set #256: [0.3088684080561674, 0.8108450705147395]
Running module mass_function_like
Running module mass_function_like
Running module mass_function_like
Running module mass_function_like
Done mass_function_like status = 0 

mass_function_like took: 1.947 seconds
Total pipeline time: 1.95 seconds
Pipeline ran okay.
Likelihood hmf_bins = -4032055.2035489734
Posterior = -4032053.3709675097 for parameter set #257: [0.3271066430163364, 0.8554608659524919]
Running module mass_function_like
Done mass_function_like status = 0 

mass_function_like took: 2.008 seconds
Total pipeline time: 2.01 seconds
Pipeline ran okay.
Likelihood hmf_bins = -3716326.231076054
Posterior = -3716324.39849459 for parameter set #257: [0.30250685741531097, 0.8011789614858796]
Running module mass_function_like
Done mass_function_like status = 0 

mass_function_like took: 2.014 seconds
Total pipeline time: 2.01 seconds
Pipeline ran okay.
Likelihood hmf_bins = -192665.7665011
Posterior = -192663.93391963627 for parameter set #257: [0.30143567583134107, 0.7656493923016175]
Running module mass_function_like
Done mass_function_like status = 0 

mass_function_like took: 2.044 seconds
Total pipeline time: 2.04 seconds
Pipeline ran okay.
Likelihood hmf_bins = -1430908.1073947418
Posterior = -1430906.274813278 for parameter set #257: [0.27809950516100723, 0.773540853328242]
Running module mass_function_like
Done mass_function_like status = 0 

mass_function_like took: 2.005 seconds
Total pipeline time: 2.0 seconds
Pipeline ran okay.
Likelihood hmf_bins = -4024471.2118098866
Posterior = -4024469.379228423 for parameter set #258: [0.3059992960982104, 0.8069213920359479]
Running module mass_function_like
Done mass_function_like status = 0 

mass_function_like took: 2.013 seconds
Total pipeline time: 2.01 seconds
Pipeline ran okay.
Likelihood hmf_bins = -188709.01197061545
Posterior = -188707.17938915172 for parameter set #258: [0.3016730437735725, 0.800514608798199]
Running module mass_function_like
Done mass_function_like status = 0 

mass_function_like took: 2.022 seconds
Total pipeline time: 2.02 seconds
Pipeline ran okay.
Likelihood hmf_bins = -3716324.2264127294
Posterior = -3716322.3938312656 for parameter set #258: [0.30148290054329957, 0.8020602147826686]
Running module mass_function_like
Done mass_function_like status = 0 

mass_function_like took: 2.001 seconds
Total pipeline time: 2.0 seconds
Pipeline ran okay.
Likelihood hmf_bins = -1436868.0810182272
Posterior = -1436866.2484367634 for parameter set #258: [0.30086890811549866, 0.8203324447906085]
Running module mass_function_like
Done mass_function_like status = 0 

mass_function_like took: 1.947 seconds
Total pipeline time: 1.95 seconds
Pipeline ran okay.
Likelihood hmf_bins = -4031935.8607768677
Posterior = -4031934.028195404 for parameter set #259: [0.3270038934040453, 0.8545423146181268]
Running module mass_function_like
Done mass_function_like status = 0 

mass_function_like took: 1.997 seconds
Total pipeline time: 2.0 seconds
Pipeline ran okay.
Likelihood hmf_bins = -3718503.078011138
Posterior = -3718501.245429674 for parameter set #259: [0.3080139456593231, 0.8170979833065881]
Running module mass_function_like
Done mass_function_like status = 0 

mass_function_like took: 2.015 seconds
Total pipeline time: 2.02 seconds
Pipeline ran okay.
Likelihood hmf_bins = -1434809.2586622268
Posterior = -1434807.426080763 for parameter set #259: [0.2996697555505973, 0.7996323720331469]
Running module mass_function_like
Done mass_function_like status = 0 

mass_function_like took: 2.110 seconds
Total pipeline time: 2.11 seconds
Pipeline ran okay.
Likelihood hmf_bins = -214194.6290274556
Posterior = -214192.79644599187 for parameter set #259: [0.2538746706852002, 0.6956449882506781]
Running module mass_function_like
Done mass_function_like status = 0 

mass_function_like took: 2.111 seconds
Total pipeline time: 2.11 seconds
Pipeline ran okay.
Likelihood hmf_bins = -4015749.0081770625
Posterior = -4015747.1755955988 for parameter set #260: [0.24950172328213677, 0.7590253350625767]
Done mass_function_like status = 0 

mass_function_like took: 2.014 seconds
Total pipeline time: 2.01 seconds
Pipeline ran okay.
Likelihood hmf_bins = -3716181.558722417
Posterior = -3716179.726140953 for parameter set #260: [0.30000327123373227, 0.8019652627800178]
Done mass_function_like status = 0 

mass_function_like took: 2.014 seconds
Total pipeline time: 2.01 seconds
Pipeline ran okay.
Likelihood hmf_bins = -1435476.138172351
Posterior = -1435474.3055908873 for parameter set #260: [0.30283819689020003, 0.8038626080916639]
Done mass_function_like status = 0 

mass_function_like took: 2.019 seconds
Total pipeline time: 2.02 seconds
Pipeline ran okay.
Likelihood hmf_bins = -188550.5623892677
Posterior = -188548.72980780396 for parameter set #260: [0.3021567879558788, 0.8017421485392452]
Running module mass_function_like
Running module mass_function_like
Running module mass_function_like
Running module mass_function_like
Done mass_function_like status = 0 

mass_function_like took: 2.012 seconds
Total pipeline time: 2.01 seconds
Pipeline ran okay.
Likelihood hmf_bins = -3716987.634521507
Posterior = -3716985.8019400435 for parameter set #261: [0.30169569854678824, 0.8083473238528299]
Running module mass_function_like
Done mass_function_like status = 0 

mass_function_like took: 2.015 seconds
Total pipeline time: 2.01 seconds
Pipeline ran okay.
Likelihood hmf_bins = -4023410.1937973164
Posterior = -4023408.3612158527 for parameter set #261: [0.3000748506512631, 0.801857523611955]
Running module mass_function_like
Done mass_function_like status = 0 

mass_function_like took: 2.016 seconds
Total pipeline time: 2.02 seconds
Pipeline ran okay.
Likelihood hmf_bins = -188596.33240000028
Posterior = -188594.49981853654 for parameter set #261: [0.3011407369847782, 0.8022555755088867]
Running module mass_function_like
Done mass_function_like status = 0 

mass_function_like took: 2.042 seconds
Total pipeline time: 2.04 seconds
Pipeline ran okay.
Likelihood hmf_bins = -1430143.7744025292
Posterior = -1430141.9418210655 for parameter set #261: [0.2853229166268065, 0.7572739517240495]
Running module mass_function_like
Done mass_function_like status = 0 

mass_function_like took: 1.975 seconds
Total pipeline time: 1.97 seconds
Pipeline ran okay.
Likelihood hmf_bins = -4030228.1377852187
Posterior = -4030226.305203755 for parameter set #262: [0.31721341890209653, 0.8492284811307521]
Running module mass_function_like
Done mass_function_like status = 0 

mass_function_like took: 1.978 seconds
Total pipeline time: 1.98 seconds
Pipeline ran okay.
Likelihood hmf_bins = -186332.47345043358
Posterior = -186330.64086896984 for parameter set #262: [0.3169571636220587, 0.8140280379443179]
Running module mass_function_like
Done mass_function_like status = 0 

mass_function_like took: 2.008 seconds
Total pipeline time: 2.01 seconds
Pipeline ran okay.
Likelihood hmf_bins = -3715497.7210172024
Posterior = -3715495.8884357386 for parameter set #262: [0.29740217005560726, 0.7974569027843815]
Running module mass_function_like
Done mass_function_like status = 0 

mass_function_like took: 2.016 seconds
Total pipeline time: 2.02 seconds
Pipeline ran okay.
Likelihood hmf_bins = -1435065.6496539216
Posterior = -1435063.8170724579 for parameter set #262: [0.30128667776716495, 0.8009100791428065]
Running module mass_function_like
Done mass_function_like status = 0 

mass_function_like took: 1.870 seconds
Total pipeline time: 1.87 seconds
Pipeline ran okay.
Likelihood hmf_bins = -185479.308942362
Posterior = -185477.47636089826 for parameter set #263: [0.38950166673623116, 0.9740576072367177]
Running module mass_function_like
Done mass_function_like status = 0 

mass_function_like took: 2.001 seconds
Total pipeline time: 2.0 seconds
Pipeline ran okay.
Likelihood hmf_bins = -4023074.9715305106
Posterior = -4023073.138949047 for parameter set #263: [0.29913046731619536, 0.7993753015069555]
Running module mass_function_like
Done mass_function_like status = 0 

mass_function_like took: 2.013 seconds
Total pipeline time: 2.01 seconds
Pipeline ran okay.
Likelihood hmf_bins = -3716334.848190379
Posterior = -3716333.015608915 for parameter set #263: [0.3022486081861288, 0.8014900542391826]
Running module mass_function_like
Done mass_function_like status = 0 

mass_function_like took: 2.005 seconds
Total pipeline time: 2.0 seconds
Pipeline ran okay.
Likelihood hmf_bins = -1434762.691541876
Posterior = -1434760.8589604122 for parameter set #263: [0.2990665599091369, 0.79968237397461]
Running module mass_function_like
Done mass_function_like status = 0 

mass_function_like took: 2.025 seconds
Total pipeline time: 2.02 seconds
Pipeline ran okay.
Likelihood hmf_bins = -189006.58239121674
Posterior = -189004.749809753 for parameter set #264: [0.30058927765327925, 0.7984533416808635]
Done mass_function_like status = 0 

mass_function_like took: 2.005 seconds
Total pipeline time: 2.01 seconds
Pipeline ran okay.
Likelihood hmf_bins = -4024782.2387587214
Posterior = -4024780.4061772577 for parameter set #264: [0.3066580832645952, 0.8093057971668457]
Done mass_function_like status = 0 

mass_function_like took: 2.014 seconds
Total pipeline time: 2.01 seconds
Pipeline ran okay.
Likelihood hmf_bins = -3716723.6740582106
Posterior = -3716721.841476747 for parameter set #264: [0.30296666239552617, 0.804648209043892]
Done mass_function_like status = 0 

mass_function_like took: 1.999 seconds
Total pipeline time: 2.0 seconds
Pipeline ran okay.
Likelihood hmf_bins = -1434438.0029242334
Posterior = -1434436.1703427697 for parameter set #264: [0.2977453607662713, 0.7973478925000789]
Running module mass_function_like
Running module mass_function_like
Running module mass_function_like
Running module mass_function_like
Done mass_function_like status = 0 

mass_function_like took: 1.979 seconds
Total pipeline time: 1.98 seconds
Pipeline ran okay.
Likelihood hmf_bins = -3718277.6102057192
Posterior = -3718275.7776242555 for parameter set #265: [0.3194754613754103, 0.8049276427499081]
Running module mass_function_like
Done mass_function_like status = 0 

mass_function_like took: 1.985 seconds
Total pipeline time: 1.99 seconds
Pipeline ran okay.
Likelihood hmf_bins = -4027007.818789682
Posterior = -4027005.986208218 for parameter set #265: [0.31510244606278837, 0.8224092168480452]
Running module mass_function_like
Done mass_function_like status = 0 

mass_function_like took: 2.015 seconds
Total pipeline time: 2.01 seconds
Pipeline ran okay.
Done mass_function_like status = 0 

mass_function_like took: 2.015 seconds
Total pipeline time: 2.01 seconds
Pipeline ran okay.
Likelihood hmf_bins = -187681.95775048458
Likelihood hmf_bins = -1435184.3046964924
Posterior = -1435182.4721150286 for parameter set #265: [0.3022842815307497, 0.8012634314124285]
Posterior = -187680.12516902084 for parameter set #265: [0.3016364380173393, 0.8122401860748294]
Running module mass_function_like
Running module mass_function_like
Done mass_function_like status = 0 

mass_function_like took: 1.919 seconds
Total pipeline time: 1.92 seconds
Pipeline ran okay.
Likelihood hmf_bins = -4032246.9611981027
Posterior = -4032245.128616639 for parameter set #266: [0.3418927091560977, 0.843201372739941]
Running module mass_function_like
Done mass_function_like status = 0 

mass_function_like took: 1.979 seconds
Total pipeline time: 1.98 seconds
Pipeline ran okay.
Likelihood hmf_bins = -186448.03762391387
Posterior = -186446.20504245014 for parameter set #266: [0.3160496370670873, 0.8133477291323654]
Running module mass_function_like
Done mass_function_like status = 0 

mass_function_like took: 2.001 seconds
Total pipeline time: 2.0 seconds
Pipeline ran okay.
Likelihood hmf_bins = -1437175.955461438
Posterior = -1437174.1228799743 for parameter set #266: [0.306624535864286, 0.8179776028816216]
Running module mass_function_like
Done mass_function_like status = 0 

mass_function_like took: 2.042 seconds
Total pipeline time: 2.04 seconds
Pipeline ran okay.
Likelihood hmf_bins = -3713592.4267897056
Posterior = -3713590.594208242 for parameter set #266: [0.28531360896514363, 0.7883328336021291]
Running module mass_function_like
Done mass_function_like status = 0 

mass_function_like took: 2.010 seconds
Total pipeline time: 2.01 seconds
Pipeline ran okay.
Likelihood hmf_bins = -4023494.862998446
Posterior = -4023493.0304169822 for parameter set #267: [0.30201931527064274, 0.8009756046835927]
Running module mass_function_like
Done mass_function_like status = 0 

mass_function_like took: 1.956 seconds
Total pipeline time: 1.96 seconds
Pipeline ran okay.
Likelihood hmf_bins = -1443801.0632544667
Posterior = -1443799.230673003 for parameter set #267: [0.3244741837595115, 0.8637091056813743]
Running module mass_function_like
Done mass_function_like status = 0 

mass_function_like took: 2.015 seconds
Total pipeline time: 2.01 seconds
Pipeline ran okay.
Likelihood hmf_bins = -188796.40438414548
Posterior = -188794.57180268175 for parameter set #267: [0.3000636218152487, 0.8011787156602546]
Running module mass_function_like
Done mass_function_like status = 0 

mass_function_like took: 2.009 seconds
Total pipeline time: 2.01 seconds
Pipeline ran okay.
Likelihood hmf_bins = -3715562.152292343
Posterior = -3715560.319710879 for parameter set #267: [0.29745268263237457, 0.7980588638784764]
Running module mass_function_like
Done mass_function_like status = 0 

mass_function_like took: 2.020 seconds
Total pipeline time: 2.02 seconds
Pipeline ran okay.
Likelihood hmf_bins = -4023406.0436334135
Posterior = -4023404.2110519498 for parameter set #268: [0.3002719620160821, 0.801642735840314]
Done mass_function_like status = 0 

mass_function_like took: 2.004 seconds
Total pipeline time: 2.0 seconds
Pipeline ran okay.
Likelihood hmf_bins = -1435271.5978614222
Posterior = -1435269.7652799585 for parameter set #268: [0.30533852083778446, 0.7994079330287581]
Done mass_function_like status = 0 

mass_function_like took: 2.005 seconds
Total pipeline time: 2.01 seconds
Pipeline ran okay.
Likelihood hmf_bins = -188658.5361984719
Posterior = -188656.70361700817 for parameter set #268: [0.30327989569677094, 0.7994711395397129]
Done mass_function_like status = 0 

mass_function_like took: 1.997 seconds
Total pipeline time: 2.0 seconds
Pipeline ran okay.
Likelihood hmf_bins = -3716039.7918065125
Posterior = -3716037.959225049 for parameter set #268: [0.29948433475945846, 0.8010259674482287]
Running module mass_function_like
Running module mass_function_like
Running module mass_function_like
Running module mass_function_like
Done mass_function_like status = 0 

mass_function_like took: 2.016 seconds
Total pipeline time: 2.02 seconds
Pipeline ran okay.
Likelihood hmf_bins = -4023572.297274219
Posterior = -4023570.464692755 for parameter set #269: [0.3003339252336487, 0.8032248674916315]
Running module mass_function_like
Done mass_function_like status = 0 

mass_function_like took: 2.027 seconds
Total pipeline time: 2.03 seconds
Pipeline ran okay.
Likelihood hmf_bins = -190573.26526350382
Posterior = -190571.4326820401 for parameter set #269: [0.2903131683519678, 0.79321823901544]
Running module mass_function_like
Done mass_function_like status = 0 

mass_function_like took: 2.032 seconds
Total pipeline time: 2.03 seconds
Pipeline ran okay.
Likelihood hmf_bins = -3712572.500224238
Posterior = -3712570.667642774 for parameter set #269: [0.28287507528022, 0.7793772856436768]
Running module mass_function_like
Done mass_function_like status = 0 

mass_function_like took: 2.037 seconds
Total pipeline time: 2.04 seconds
Pipeline ran okay.
Likelihood hmf_bins = -1430742.7403830579
Posterior = -1430740.9078015941 for parameter set #269: [0.2874082440207291, 0.7631746545145371]
Running module mass_function_like
Done mass_function_like status = 0 

mass_function_like took: 2.022 seconds
Total pipeline time: 2.02 seconds
Pipeline ran okay.
Likelihood hmf_bins = -4022597.808167917
Posterior = -4022595.9755864535 for parameter set #270: [0.30061498840760453, 0.7933242923384335]
Running module mass_function_like
Done mass_function_like status = 0 

mass_function_like took: 2.016 seconds
Total pipeline time: 2.02 seconds
Pipeline ran okay.
Done mass_function_like status = 0 

mass_function_like took: 2.011 seconds
Total pipeline time: 2.01 seconds
Pipeline ran okay.
Likelihood hmf_bins = -3715130.1503324965
Likelihood hmf_bins = -188414.22018298018
Posterior = -188412.38760151644 for parameter set #270: [0.30280030493546617, 0.8025915081060844]
Posterior = -3715128.3177510328 for parameter set #270: [0.29860190450886437, 0.792715045139178]
Running module mass_function_like
Running module mass_function_like
Done mass_function_like status = 0 

mass_function_like took: 2.022 seconds
Total pipeline time: 2.02 seconds
Pipeline ran okay.
Likelihood hmf_bins = -1435136.7066470175
Posterior = -1435134.8740655538 for parameter set #270: [0.30110676340267745, 0.8018385894166761]
Running module mass_function_like
Done mass_function_like status = 0 

mass_function_like took: 1.905 seconds
Total pipeline time: 1.91 seconds
Pipeline ran okay.
Likelihood hmf_bins = -3737794.63426657
Posterior = -3737792.8016851065 for parameter set #271: [0.3563395006996033, 0.9300728568152897]
Running module mass_function_like
Done mass_function_like status = 0 

mass_function_like took: 2.007 seconds
Total pipeline time: 2.01 seconds
Pipeline ran okay.
Likelihood hmf_bins = -4024782.8827170823
Posterior = -4024781.0501356185 for parameter set #271: [0.30465288241551813, 0.8111057495055068]
Running module mass_function_like
Done mass_function_like status = 0 

mass_function_like took: 2.008 seconds
Total pipeline time: 2.01 seconds
Pipeline ran okay.
Likelihood hmf_bins = -1434788.7033916146
Posterior = -1434786.8708101509 for parameter set #271: [0.29962358482133045, 0.7994509909897681]
Running module mass_function_like
Done mass_function_like status = 0 

mass_function_like took: 2.035 seconds
Total pipeline time: 2.04 seconds
Pipeline ran okay.
Likelihood hmf_bins = -192490.6032992038
Posterior = -192488.77071774006 for parameter set #271: [0.2834384519092186, 0.7833358996078261]
Running module mass_function_like
Done mass_function_like status = 0 

mass_function_like took: 2.009 seconds
Total pipeline time: 2.01 seconds
Pipeline ran okay.
Likelihood hmf_bins = -3716351.0944555216
Posterior = -3716349.261874058 for parameter set #272: [0.3022070183438103, 0.8016860458198838]
Done mass_function_like status = 0 

mass_function_like took: 2.007 seconds
Total pipeline time: 2.01 seconds
Pipeline ran okay.
Likelihood hmf_bins = -1435720.3240259942
Posterior = -1435718.4914445304 for parameter set #272: [0.30481567045354124, 0.8046190053159212]
Done mass_function_like status = 0 

mass_function_like took: 2.005 seconds
Total pipeline time: 2.0 seconds
Pipeline ran okay.
Likelihood hmf_bins = -187758.66379813978
Posterior = -187756.83121667604 for parameter set #272: [0.3055586374701119, 0.8073001158213946]
Done mass_function_like status = 0 

mass_function_like took: 2.043 seconds
Total pipeline time: 2.04 seconds
Pipeline ran okay.
Likelihood hmf_bins = -4019289.505655734
Posterior = -4019287.67307427 for parameter set #272: [0.2736699526271793, 0.7816360085026641]
Running module mass_function_like
Running module mass_function_like
Running module mass_function_like
Running module mass_function_like
Done mass_function_like status = 0 

mass_function_like took: 1.963 seconds
Total pipeline time: 1.96 seconds
Pipeline ran okay.
Likelihood hmf_bins = -3719047.050306658
Posterior = -3719045.217725194 for parameter set #273: [0.3235475815846108, 0.8084161540205735]
Running module mass_function_like
Done mass_function_like status = 0 

mass_function_like took: 2.001 seconds
Total pipeline time: 2.0 seconds
Pipeline ran okay.
Likelihood hmf_bins = -186975.25191124456
Posterior = -186973.41932978082 for parameter set #273: [0.3076419941797504, 0.8149209788688991]
Running module mass_function_like
Done mass_function_like status = 0 

mass_function_like took: 2.021 seconds
Total pipeline time: 2.02 seconds
Pipeline ran okay.
Likelihood hmf_bins = -4022162.8136495342
Posterior = -4022160.9810680705 for parameter set #273: [0.29338632024955547, 0.7952318667431485]
Running module mass_function_like
Done mass_function_like status = 0 

mass_function_like took: 2.040 seconds
Total pipeline time: 2.04 seconds
Pipeline ran okay.
Likelihood hmf_bins = -1430367.4964428656
Posterior = -1430365.6638614018 for parameter set #273: [0.28617399505233615, 0.7594450288607598]
Running module mass_function_like
Done mass_function_like status = 0 

mass_function_like took: 2.016 seconds
Total pipeline time: 2.02 seconds
Pipeline ran okay.
Likelihood hmf_bins = -3716578.0746747907
Posterior = -3716576.242093327 for parameter set #274: [0.3022491840468989, 0.8038661820760723]
Running module mass_function_like
Done mass_function_like status = 0 

mass_function_like took: 2.023 seconds
Total pipeline time: 2.02 seconds
Pipeline ran okay.
Likelihood hmf_bins = -188850.4716547223
Posterior = -188848.63907325856 for parameter set #274: [0.30017663979499676, 0.8004948893144095]
Running module mass_function_like
Done mass_function_like status = 0 

mass_function_like took: 2.011 seconds
Total pipeline time: 2.01 seconds
Pipeline ran okay.
Likelihood hmf_bins = -4022739.1107334835
Posterior = -4022737.2781520197 for parameter set #274: [0.2978792000100355, 0.7971219712141114]
Running module mass_function_like
Done mass_function_like status = 0 

mass_function_like took: 2.011 seconds
Total pipeline time: 2.01 seconds
Pipeline ran okay.
Likelihood hmf_bins = -1434988.1312726655
Posterior = -1434986.2986912017 for parameter set #274: [0.2996356412982051, 0.8016009862501813]
Running module mass_function_like
Done mass_function_like status = 0 

mass_function_like took: 2.006 seconds
Total pipeline time: 2.01 seconds
Pipeline ran okay.
Likelihood hmf_bins = -3716987.129854577
Posterior = -3716985.2972731134 for parameter set #275: [0.30370643463348734, 0.8065439480371971]
Running module mass_function_like
Done mass_function_like status = 0 

mass_function_like took: 1.997 seconds
Total pipeline time: 2.0 seconds
Pipeline ran okay.
Likelihood hmf_bins = -4023325.8756002677
Posterior = -4023324.043018804 for parameter set #275: [0.29990554725781604, 0.8011796603375295]
Running module mass_function_like
Done mass_function_like status = 0 

mass_function_like took: 2.025 seconds
Total pipeline time: 2.02 seconds
Pipeline ran okay.
Likelihood hmf_bins = -190213.6494852327
Posterior = -190211.81690376895 for parameter set #275: [0.2926150731215696, 0.7943285911859507]
Running module mass_function_like
Done mass_function_like status = 0 

mass_function_like took: 2.017 seconds
Total pipeline time: 2.02 seconds
Pipeline ran okay.
Likelihood hmf_bins = -1434913.080908447
Posterior = -1434911.2483269833 for parameter set #275: [0.3003860451267024, 0.8000947654886982]
Running module mass_function_like
Done mass_function_like status = 0 

mass_function_like took: 2.005 seconds
Total pipeline time: 2.01 seconds
Pipeline ran okay.
Likelihood hmf_bins = -3716152.9428903465
Posterior = -3716151.110308883 for parameter set #276: [0.3044478058722766, 0.7977915972309397]
Done mass_function_like status = 0 

mass_function_like took: 2.010 seconds
Total pipeline time: 2.01 seconds
Pipeline ran okay.
Likelihood hmf_bins = -4023112.7748268982
Posterior = -4023110.9422454345 for parameter set #276: [0.3004860811737711, 0.7985574101275011]
Done mass_function_like status = 0 

mass_function_like took: 2.010 seconds
Total pipeline time: 2.01 seconds
Pipeline ran okay.
Likelihood hmf_bins = -1434726.364241074
Posterior = -1434724.5316596103 for parameter set #276: [0.2993394880242969, 0.7990356917311926]
Done mass_function_like status = 0 

mass_function_like took: 2.055 seconds
Total pipeline time: 2.06 seconds
Pipeline ran okay.
Likelihood hmf_bins = -193408.72366600053
Posterior = -193406.8910845368 for parameter set #276: [0.27712268967407816, 0.782129455956099]
Running module mass_function_like
Running module mass_function_like
Running module mass_function_like
Running module mass_function_like
Done mass_function_like status = 0 

mass_function_like took: 2.019 seconds
Total pipeline time: 2.02 seconds
Pipeline ran okay.
Done mass_function_like status = 0 

Likelihood hmf_bins = -187664.2571574494
mass_function_like took: 2.019 seconds
Total pipeline time: 2.02 seconds
Pipeline ran okay.
Posterior = -187662.42457598567 for parameter set #277: [0.30194912519429845, 0.8121300860868611]
Likelihood hmf_bins = -3716285.3154753894
Posterior = -3716283.4828939256 for parameter set #277: [0.30295289524262964, 0.8003861325018102]
Running module mass_function_like
Running module mass_function_like
Done mass_function_like status = 0 

mass_function_like took: 2.023 seconds
Total pipeline time: 2.02 seconds
Pipeline ran okay.
Likelihood hmf_bins = -4023422.864255609
Posterior = -4023421.0316741453 for parameter set #277: [0.3006718565913034, 0.8014550648396248]
Running module mass_function_like
Done mass_function_like status = 0 

mass_function_like took: 2.071 seconds
Total pipeline time: 2.07 seconds
Pipeline ran okay.
Likelihood hmf_bins = -1428600.0933264338
Posterior = -1428598.26074497 for parameter set #277: [0.2634264823261602, 0.7551295867457243]
Running module mass_function_like
Done mass_function_like status = 0 

mass_function_like took: 1.935 seconds
Total pipeline time: 1.93 seconds
Pipeline ran okay.
Likelihood hmf_bins = -4037742.4357861774
Posterior = -4037740.6032047137 for parameter set #278: [0.333649148611573, 0.8964128571036284]
Running module mass_function_like
Done mass_function_like status = 0 

mass_function_like took: 1.943 seconds
Total pipeline time: 1.94 seconds
Pipeline ran okay.
Likelihood hmf_bins = -184628.5677074826
Posterior = -184626.73512601887 for parameter set #278: [0.33259107409171745, 0.8253742086553207]
Running module mass_function_like
Done mass_function_like status = 0 

mass_function_like took: 2.008 seconds
Total pipeline time: 2.01 seconds
Pipeline ran okay.
Likelihood hmf_bins = -3716863.8044365603
Posterior = -3716861.9718550965 for parameter set #278: [0.3044246784573176, 0.804713614268122]
Running module mass_function_like
Done mass_function_like status = 0 

mass_function_like took: 2.011 seconds
Total pipeline time: 2.01 seconds
Pipeline ran okay.
Likelihood hmf_bins = -1435343.0012013232
Posterior = -1435341.1686198595 for parameter set #278: [0.30281978196934184, 0.8024647843883328]
Running module mass_function_like
Done mass_function_like status = 0 

mass_function_like took: 2.001 seconds
Total pipeline time: 2.0 seconds
Pipeline ran okay.
Likelihood hmf_bins = -4023004.6718475004
Posterior = -4023002.8392660366 for parameter set #279: [0.2995833269960667, 0.7982779254696265]
Running module mass_function_like
Done mass_function_like status = 0 

mass_function_like took: 1.943 seconds
Total pipeline time: 1.94 seconds
Pipeline ran okay.
Likelihood hmf_bins = -3727308.245315163
Posterior = -3727306.412733699 for parameter set #279: [0.3323345708813541, 0.8712309105021177]
Running module mass_function_like
Done mass_function_like status = 0 

mass_function_like took: 2.019 seconds
Total pipeline time: 2.02 seconds
Pipeline ran okay.
Likelihood hmf_bins = -188841.5109977722
Posterior = -188839.67841630845 for parameter set #279: [0.3001796736644773, 0.800585951934068]
Running module mass_function_like
Done mass_function_like status = 0 

mass_function_like took: 2.010 seconds
Total pipeline time: 2.01 seconds
Pipeline ran okay.
Likelihood hmf_bins = -1435212.4792616067
Posterior = -1435210.646680143 for parameter set #279: [0.3026471650539317, 0.8012329973536586]
Running module mass_function_like
Done mass_function_like status = 0 

mass_function_like took: 1.971 seconds
Total pipeline time: 1.97 seconds
Pipeline ran okay.
Likelihood hmf_bins = -185482.92298951407
Posterior = -185481.09040805034 for parameter set #280: [0.3192442713962263, 0.8245202634804191]
Done mass_function_like status = 0 

mass_function_like took: 2.017 seconds
Total pipeline time: 2.02 seconds
Pipeline ran okay.
Likelihood hmf_bins = -3716492.6821604325
Posterior = -3716490.8495789687 for parameter set #280: [0.30340857159739204, 0.802010767317706]
Done mass_function_like status = 0 

mass_function_like took: 1.996 seconds
Total pipeline time: 2.0 seconds
Pipeline ran okay.
Likelihood hmf_bins = -1436132.302418672
Posterior = -1436130.4698372083 for parameter set #280: [0.30403333803207394, 0.8096569111270131]
Done mass_function_like status = 0 

mass_function_like took: 2.158 seconds
Total pipeline time: 2.16 seconds
Pipeline ran okay.
Likelihood hmf_bins = -4012753.957262406
Posterior = -4012752.1246809424 for parameter set #280: [0.22291659971519268, 0.7372933762563232]
Running module mass_function_like
Running module mass_function_like
Running module mass_function_like
Running module mass_function_like
Done mass_function_like status = 0 

mass_function_like took: 2.012 seconds
Total pipeline time: 2.01 seconds
Pipeline ran okay.
Likelihood hmf_bins = -4024433.5598316747
Posterior = -4024431.727250211 for parameter set #281: [0.3016392161199464, 0.810461837615698]
Running module mass_function_like
Done mass_function_like status = 0 

mass_function_like took: 2.017 seconds
Total pipeline time: 2.02 seconds
Pipeline ran okay.
Likelihood hmf_bins = -188575.53650132995
Posterior = -188573.7039198662 for parameter set #281: [0.30193425761163856, 0.8016906324259542]
Running module mass_function_like
Done mass_function_like status = 0 

mass_function_like took: 2.037 seconds
Total pipeline time: 2.04 seconds
Pipeline ran okay.
Likelihood hmf_bins = -1428990.689751595
Posterior = -1428988.8571701313 for parameter set #281: [0.28125375178468276, 0.7451887192504792]
Running module mass_function_like
Done mass_function_like status = 0 

mass_function_like took: 2.143 seconds
Total pipeline time: 2.14 seconds
Pipeline ran okay.
Likelihood hmf_bins = -3704630.4471277515
Posterior = -3704628.614546288 for parameter set #281: [0.22896964226555558, 0.7167923487668055]
Running module mass_function_like
Done mass_function_like status = 0 

mass_function_like took: 2.000 seconds
Total pipeline time: 2.0 seconds
Pipeline ran okay.
Likelihood hmf_bins = -4025255.768736313
Posterior = -4025253.9361548494 for parameter set #282: [0.3078433544263375, 0.8127330026129256]
Running module mass_function_like
Done mass_function_like status = 0 

mass_function_like took: 2.006 seconds
Total pipeline time: 2.01 seconds
Pipeline ran okay.
Likelihood hmf_bins = -189339.5447906671
Posterior = -189337.71220920337 for parameter set #282: [0.2983797175452927, 0.7972198714987798]
Running module mass_function_like
Done mass_function_like status = 0 

mass_function_like took: 2.001 seconds
Total pipeline time: 2.0 seconds
Pipeline ran okay.
Likelihood hmf_bins = -1434984.6136282478
Posterior = -1434982.781046784 for parameter set #282: [0.2997670643115409, 0.8014412124914518]
Running module mass_function_like
Done mass_function_like status = 0 

mass_function_like took: 2.016 seconds
Total pipeline time: 2.02 seconds
Pipeline ran okay.
Likelihood hmf_bins = -3716558.758479092
Posterior = -3716556.925897628 for parameter set #282: [0.30303202683498875, 0.8029851145836213]
Running module mass_function_like
Done mass_function_like status = 0 

mass_function_like took: 1.999 seconds
Total pipeline time: 2.0 seconds
Pipeline ran okay.
Likelihood hmf_bins = -186996.06852443086
Posterior = -186994.23594296712 for parameter set #283: [0.30955806417270954, 0.8126671246302674]
Running module mass_function_like
Done mass_function_like status = 0 

mass_function_like took: 2.015 seconds
Total pipeline time: 2.02 seconds
Pipeline ran okay.
Likelihood hmf_bins = -4023280.387463004
Posterior = -4023278.55488154 for parameter set #283: [0.3002039732831062, 0.8004618355793597]
Running module mass_function_like
Done mass_function_like status = 0 

mass_function_like took: 2.018 seconds
Total pipeline time: 2.02 seconds
Pipeline ran okay.
Likelihood hmf_bins = -1434888.5601451765
Posterior = -1434886.7275637127 for parameter set #283: [0.300348401230142, 0.7998639268915279]
Running module mass_function_like
Done mass_function_like status = 0 

mass_function_like took: 1.920 seconds
Total pipeline time: 1.92 seconds
Pipeline ran okay.
Likelihood hmf_bins = -3733491.479919038
Posterior = -3733489.647337574 for parameter set #283: [0.34633507403994473, 0.9070448223995885]
Running module mass_function_like
Done mass_function_like status = 0 

mass_function_like took: 1.993 seconds
Total pipeline time: 1.99 seconds
Pipeline ran okay.
Likelihood hmf_bins = -187024.57226165355
Posterior = -187022.7396801898 for parameter set #284: [0.30907606704668206, 0.8127936604097835]
Done mass_function_like status = 0 

mass_function_like took: 1.999 seconds
Total pipeline time: 2.0 seconds
Pipeline ran okay.
Likelihood hmf_bins = -1435929.0747818842
Posterior = -1435927.2422004205 for parameter set #284: [0.30538711231566124, 0.8062791949516792]
Done mass_function_like status = 0 

mass_function_like took: 2.016 seconds
Total pipeline time: 2.02 seconds
Pipeline ran okay.
Likelihood hmf_bins = -3716533.5648127454
Posterior = -3716531.7322312817 for parameter set #284: [0.30247202617277325, 0.803234158348477]
Done mass_function_like status = 0 

mass_function_like took: 2.208 seconds
Total pipeline time: 2.21 seconds
Pipeline ran okay.
Likelihood hmf_bins = -4011044.1555184857
Posterior = -4011042.322937022 for parameter set #284: [0.20430512359083236, 0.7223462856180788]
Running module mass_function_like
Running module mass_function_like
Running module mass_function_like
Running module mass_function_like
Done mass_function_like status = 0 

mass_function_like took: 1.919 seconds
Total pipeline time: 1.92 seconds
Pipeline ran okay.
Likelihood hmf_bins = -1442221.1267874076
Posterior = -1442219.2942059438 for parameter set #285: [0.3414318946403901, 0.8332630619061668]
Running module mass_function_like
Done mass_function_like status = 0 

mass_function_like took: 1.995 seconds
Total pipeline time: 2.0 seconds
Pipeline ran okay.
Likelihood hmf_bins = -3718503.028434093
Posterior = -3718501.1958526294 for parameter set #285: [0.3098393840766539, 0.8154491480457624]
Running module mass_function_like
Done mass_function_like status = 0 

mass_function_like took: 2.005 seconds
Total pipeline time: 2.0 seconds
Pipeline ran okay.
Likelihood hmf_bins = -188634.86352084493
Posterior = -188633.0309393812 for parameter set #285: [0.29970731156781694, 0.8032760956400596]
Running module mass_function_like
Done mass_function_like status = 0 

mass_function_like took: 2.032 seconds
Total pipeline time: 2.03 seconds
Pipeline ran okay.
Likelihood hmf_bins = -4018848.216479454
Posterior = -4018846.3838979905 for parameter set #285: [0.2821617739095861, 0.7692919261943635]
Running module mass_function_like
Done mass_function_like status = 0 

mass_function_like took: 2.015 seconds
Total pipeline time: 2.01 seconds
Pipeline ran okay.
Likelihood hmf_bins = -1435182.4205195443
Posterior = -1435180.5879380805 for parameter set #286: [0.30125202503899506, 0.8021936781039348]
Running module mass_function_like
Done mass_function_like status = 0 

mass_function_like took: 2.006 seconds
Total pipeline time: 2.01 seconds
Pipeline ran okay.
Likelihood hmf_bins = -188947.33898910027
Posterior = -188945.50640763654 for parameter set #286: [0.298343486928583, 0.8012969670037129]
Running module mass_function_like
Done mass_function_like status = 0 

mass_function_like took: 2.010 seconds
Total pipeline time: 2.01 seconds
Pipeline ran okay.
Likelihood hmf_bins = -4023773.503065278
Posterior = -4023771.670483814 for parameter set #286: [0.30299080944913886, 0.8028429495386286]
Running module mass_function_like
Done mass_function_like status = 0 

mass_function_like took: 2.071 seconds
Total pipeline time: 2.07 seconds
Pipeline ran okay.
Likelihood hmf_bins = -3707432.6935879453
Posterior = -3707430.8610064816 for parameter set #286: [0.268948238262689, 0.728421535585861]
Running module mass_function_like
Done mass_function_like status = 0 

mass_function_like took: 1.977 seconds
Total pipeline time: 1.98 seconds
Pipeline ran okay.
Likelihood hmf_bins = -1437645.691532987
Posterior = -1437643.8589515232 for parameter set #287: [0.316378785863313, 0.8136082854582772]
Running module mass_function_like
Done mass_function_like status = 0 

mass_function_like took: 2.002 seconds
Total pipeline time: 2.0 seconds
Pipeline ran okay.
Likelihood hmf_bins = -188912.4686668473
Posterior = -188910.63608538356 for parameter set #287: [0.29997395029244517, 0.8000451162708266]
Running module mass_function_like
Done mass_function_like status = 0 

mass_function_like took: 1.949 seconds
Total pipeline time: 1.95 seconds
Pipeline ran okay.
Likelihood hmf_bins = -3728586.147554082
Posterior = -3728584.314972618 for parameter set #287: [0.3282073956673371, 0.8861516172732148]
Running module mass_function_like
Done mass_function_like status = 0 

mass_function_like took: 2.000 seconds
Total pipeline time: 2.0 seconds
Pipeline ran okay.
Likelihood hmf_bins = -4023270.811495046
Posterior = -4023268.9789135824 for parameter set #287: [0.2997196110664683, 0.8007984919427328]
Running module mass_function_like
Done mass_function_like status = 0 

mass_function_like took: 1.938 seconds
Total pipeline time: 1.94 seconds
Pipeline ran okay.
Likelihood hmf_bins = -1441544.1201302956
Posterior = -1441542.287548832 for parameter set #288: [0.3316207856812138, 0.8362869812889194]
Done mass_function_like status = 0 

mass_function_like took: 1.995 seconds
Total pipeline time: 2.0 seconds
Pipeline ran okay.
Likelihood hmf_bins = -3718082.4410633245
Posterior = -3718080.6084818607 for parameter set #288: [0.30799950168019624, 0.8131574050275384]
Done mass_function_like status = 0 

mass_function_like took: 1.999 seconds
Total pipeline time: 2.0 seconds
Pipeline ran okay.
Likelihood hmf_bins = -188690.90908697946
Posterior = -188689.07650551572 for parameter set #288: [0.3033203023090922, 0.7990867718785906]
Done mass_function_like status = 0 

mass_function_like took: 2.033 seconds
Total pipeline time: 2.03 seconds
Pipeline ran okay.
Likelihood hmf_bins = -4020132.1288462323
Posterior = -4020130.2962647686 for parameter set #288: [0.2852323318481276, 0.7809156526516401]
Running module mass_function_like
Running module mass_function_like
Running module mass_function_like
Running module mass_function_like
Done mass_function_like status = 0 

mass_function_like took: 2.001 seconds
Total pipeline time: 2.0 seconds
Pipeline ran okay.
Likelihood hmf_bins = -4023352.6742183804
Posterior = -4023350.8416369166 for parameter set #289: [0.29952681307707496, 0.8017794490433042]
Running module mass_function_like
Done mass_function_like status = 0 

mass_function_like took: 2.012 seconds
Total pipeline time: 2.01 seconds
Pipeline ran okay.
Likelihood hmf_bins = -3718208.4105230793
Posterior = -3718206.5779416156 for parameter set #289: [0.30424947751404313, 0.8177529787986708]
Done mass_function_like status = 0 

mass_function_like took: 2.012 seconds
Total pipeline time: 2.01 seconds
Pipeline ran okay.
Running module mass_function_like
Likelihood hmf_bins = -187371.25800209708
Posterior = -187369.42542063334 for parameter set #289: [0.3067129895819819, 0.8108202413551218]
Running module mass_function_like
Done mass_function_like status = 0 

mass_function_like took: 2.060 seconds
Total pipeline time: 2.06 seconds
Pipeline ran okay.
Likelihood hmf_bins = -1430918.3898374916
Posterior = -1430916.5572560278 for parameter set #289: [0.27539066883555846, 0.7761539178925354]
Running module mass_function_like
