#cosmological_parameters--omega_m	cosmological_parameters--sigma8_input	prior	post
#sampler=emcee
#n_varied=2
#module_0=mass_function_like 1.1
#timestamp=2025-10-16T02:53:43.140203
#platform=Linux-5.14.21-150500.55.97_13.0.78-cray_shasta_c-x86_64-with-glibc2.31
#platform_version=#1 SMP Thu Mar 13 20:09:44 UTC 2025 (330b47d)
#uuid=197698c762a344c5b7d98bada19845a1
#cosmosis_git_version=
#csl_git_version=
#cwd_git_version=5ff5d9a45b876d0c2ecc0c6da8da4c99a4c65ef7
#walkers=16
#samples=1500
#nsteps=100
#a=2.0
#random_start=False
#start_points=
#covmat=
#start_method=
#start_input=
## START_OF_PARAMS_INI
## [runtime]
## sampler = emcee
## root = /global/homes/x/xintang/cosmosis-standard-library
## resume = T
## verbosity = debug
## 
## [emcee]
## walkers = 16
## samples = 1500
## 
## [output]
## filename = mf_xt/output/mf_noise_model.txt
## format = text
## lock = F
## new_file = T
## 
## [pipeline]
## modules = mass_function_like
## values = mf_xt/values_fit.ini
## likelihoods = hmf_counts
## priors = mf_xt/priors_fit.ini
## timing = T
## 
## [likelihoods]
## mass_function_like = hmf_counts
## 
## [mass_function_like]
## file = mf_xt/likelihoods/hmf_counts.py
## z_min = 0.3
## z_max = 0.5
## mass_min = 1e13
## mass_max = 5e14
## area_deg2 = 20000.0
## 
## END_OF_PARAMS_INI
## START_OF_VALUES_INI
## [cosmological_parameters]
## omega_m = 0.1 0.3 0.5
## sigma8_input = 0.6 0.8 1.0
## h0 = 0.7
## omega_b = 0.04
## omega_k = 0.0
## yhe = 0.245341
## tau = 0.08
## n_s = 0.96
## a_s = 2.1e-9
## k_s = 0.05
## n_run = 0.0
## w = -1.0
## wa = 0.0
## 
## END_OF_VALUES_INI
## START_OF_PRIORS_INI
## [cosmological_parameters]
## omega_m = normal 0.3 0.01
## sigma8 = normal 0.81 0.01
## 
## END_OF_PRIORS_INI
0.29984529343656857	0.8006705571186922	4.60240271405373	-4.729855424751898
0.30044992897006817	0.8002903735992127	4.601510204267041	-9.430414091903433
0.30006607750965136	0.7996280161982618	4.602500553471165	-13.300618284153623
0.3001064872062109	0.7998970173346314	4.60246568703214	-10.88058938673576
0.30012103351676656	0.8005283776379715	4.602449139096669	-6.251569463423558
0.300279606003355	0.7998994686350623	4.602131487072013	-11.961091431587436
0.2996798751154298	0.8009011814484692	4.602009984948968	-3.8009939013930802
0.2996384382511565	0.7996901786202447	4.60186875016644	-9.949663104850508
0.30023269129495644	0.8004079005308049	4.602251658463831	-7.457629849886541
0.29971001774078343	0.8005082922352722	4.602101936104272	-5.013698317942645
0.30007041071223317	0.8001293697646489	4.602497596315588	-8.696556467541015
0.3002080837106831	0.799900976536876	4.602305890504315	-11.481365772452161
0.29981079095348473	0.8004126606124534	4.602343384341157	-5.765024155213677
0.3005226046513183	0.7996344547521357	4.6011568065496755	-16.73087249884879
0.29947908520983524	0.7998960349693438	4.601165623564512	-7.532558507125586
0.2997162921382529	0.8007000404151187	4.602119933903488	-4.339498065322367
0.29984529343656857	0.8006705571186922	4.60240271405373	-4.729855424751898
0.3004358913600329	0.8002979680334354	4.601572378268817	-9.290808433005235
0.30006607750965136	0.7996280161982618	4.602500553471165	-13.300618284153623
0.2999464113692983	0.799894750717866	4.602508025950871	-9.947508850359238
0.30024864331986006	0.8004742545501106	4.602213267155018	-7.089990850619945
0.300279606003355	0.7998994686350623	4.602131487072013	-11.961091431587436
0.29965191221202625	0.8010055268137901	4.601916559116892	-3.6319715081881965
0.29922979789666826	0.7995389608163687	4.59955632825769	-8.953834878751863
0.300184257220734	0.8004240403915872	4.602352631040611	-7.137383806756936
0.29960728504128664	0.8006163069064534	4.601751259463588	-4.37395159627243
0.30007041071223317	0.8001293697646489	4.602497596315588	-8.696556467541015
0.30022084047374953	0.8000812832985641	4.602278532083344	-9.910720283542563
0.2997622137865484	0.8005939294226724	4.602239673241035	-4.810429087624891
0.300314112286375	0.7996867177727753	4.602029052015315	-14.466106194619169
0.29947908520983524	0.7998960349693438	4.601165623564512	-7.532558507125586
0.2997162921382529	0.8007000404151187	4.602119933903488	-4.339498065322367
0.2993457307734565	0.8009857150091662	4.600382043553564	-3.54472553493264
0.3004358913600329	0.8002979680334354	4.601572378268817	-9.290808433005235
0.30006607750965136	0.7996280161982618	4.602500553471165	-13.300618284153623
0.2999159599969765	0.7998936765102473	4.602487071047032	-9.782692619969641
0.29997500989675935	0.8005348607258226	4.602519262131274	-5.699854277525127
0.300279606003355	0.7998994686350623	4.602131487072013	-11.961091431587436
0.29965191221202625	0.8010055268137901	4.601916559116892	-3.6319715081881965
0.29922979789666826	0.7995389608163687	4.59955632825769	-8.953834878751863
0.2997349343131312	0.8000073788134877	4.602171085565797	-7.942550603509434
0.29960728504128664	0.8006163069064534	4.601751259463588	-4.37395159627243
0.3001404963833838	0.8002619788008688	4.602423688488854	-8.050422726106987
0.29977821837611635	0.7998390697749334	4.602276449214111	-9.471694963861813
0.2995335500070019	0.8007945865093039	4.601434506677734	-3.8173267802068125
0.3004062913882385	0.7997085334975221	4.60169702119679	-14.916045307148986
0.2994717715483257	0.7998780072454726	4.601127258171783	-7.623199959615722
0.299709747353368	0.8007015362282254	4.602101151663189	-4.321766945701714
0.2994878214365218	0.800994909140818	4.6012107502531405	-3.5604640659082536
0.30044339034175993	0.800317089080795	4.6015394096817435	-9.17560779027682
0.30013856461589955	0.7995548699098652	4.602426383893676	-14.641931667674594
0.2998956893715019	0.7999001320670608	4.602467981121485	-9.613515305378492
0.30007790408838153	0.8008986611944395	4.602492039422641	-4.4739137838081025
0.300279606003355	0.7998994686350623	4.602131487072013	-11.961091431587436
0.2996855777004775	0.801007705176015	4.602028077745389	-3.653705762422134
0.29922979789666826	0.7995389608163687	4.59955632825769	-8.953834878751863
0.29975063492906395	0.7999463273458087	4.602211469964559	-8.47080728207392
0.2994781281915917	0.801203585563791	4.601160633735517	-3.599755898691556
0.30017481820799935	0.8002897674774876	4.602369577628333	-8.014514612960856
0.29964096093141845	0.7997404310591911	4.601877839393734	-9.535134865813138
0.2995404796833065	0.8007909269290592	4.601466590050303	-3.832284031924165
0.3004359424834388	0.7996467932124228	4.60157215541324	-15.876335941794306
0.2994061873284675	0.7998403497911832	4.600759317213211	-7.582843947178211
0.299709747353368	0.8007015362282254	4.602101151663189	-4.321766945701714
0.2994801367813079	0.8008862242940378	4.601171095826829	-3.6374826534006948
0.30044339034175993	0.800317089080795	4.6015394096817435	-9.17560779027682
0.30013856461589955	0.7995548699098652	4.602426383893676	-14.641931667674594
0.30000004733472546	0.799965558887484	4.60252238464637	-9.646157037195728
0.2999813168100012	0.801505501427578	4.602520639349631	-3.573957027594634
0.300279606003355	0.7998994686350623	4.602131487072013	-11.961091431587436
0.2996652669371938	0.8012649916604985	4.601962153540896	-3.5593487241100803
0.2990001353471662	0.7993593329675142	4.5975237380376415	-9.17638820003361
0.29975063492906395	0.7999463273458087	4.602211469964559	-8.47080728207392
0.2994452484584087	0.8012748544867571	4.600983638293084	-3.7003424093360335
0.30002104226141363	0.8005840774526913	4.602520170773746	-5.607782461528299
0.299626977813492	0.7997369489354328	4.601826656899438	-9.486647784420267
0.29975240662481084	0.8013524083945882	4.602215872260386	-3.574288400707191
0.3004359424834388	0.7996467932124228	4.60157215541324	-15.876335941794306
0.29941775937536486	0.8000040144070913	4.600827363932696	-6.580574339574012
0.29948072813627025	0.8000235384783597	4.601174168315267	-6.714886724922324
0.2994243759790901	0.8009989737626925	4.600865669590331	-3.546535097020768
0.30136399847104517	0.8008575286344437	4.593219925512505	-9.784086189369726
0.30013856461589955	0.7995548699098652	4.602426383893676	-14.641931667674594
0.30000004733472546	0.799965558887484	4.60252238464637	-9.646157037195728
0.2999813168100012	0.801505501427578	4.602520639349631	-3.573957027594634
0.300279606003355	0.7998994686350623	4.602131487072013	-11.961091431587436
0.2996708849908877	0.8012706275758809	4.601980801211458	-3.5601616245640697
0.2990001353471662	0.7993593329675142	4.5975237380376415	-9.17638820003361
0.29927168046754443	0.8001556686972162	4.599870137950792	-5.2790052666455365
0.2994477429856445	0.8012470672926518	4.60099744560805	-3.6631682315221727
0.30002104226141363	0.8005840774526913	4.602520170773746	-5.607782461528299
0.29954751615042124	0.799838381040159	4.6014986764869255	-8.268764203391356
0.29975240662481084	0.8013524083945882	4.602215872260386	-3.574288400707191
0.3004359424834388	0.7996467932124228	4.60157215541324	-15.876335941794306
0.2994585008102706	0.8002567651140754	4.601056277795186	-5.383905451701532
0.29936630271056935	0.7996847888217335	4.6005145233844145	-8.521076280924238
0.2991808374049913	0.8011683201104416	4.599167247872266	-3.8111604325366883
0.30127272762191043	0.8008760822794959	4.594423206659704	-9.12598853358373
0.30013856461589955	0.7995548699098652	4.602426383893676	-14.641931667674594
0.29990727473251333	0.800485108511191	4.6024793947814215	-5.723264470440317
0.30007312880255266	0.8014607532919712	4.60249564554876	-3.5423522578519
0.3005747815135635	0.8000044895767365	4.6008705157159016	-12.889388647365745
0.2996364146534429	0.8012360476456011	4.601861413136418	-3.555500772282188
0.2984543774580249	0.7992500678075145	4.590577639446265	-7.313720721944564
0.29902438798238634	0.8004401237481558	4.597763290613012	-3.8484307844349575
0.2994477429856445	0.8012470672926518	4.60099744560805	-3.6631682315221727
0.30002104226141363	0.8005840774526913	4.602520170773746	-5.607782461528299
0.29954751615042124	0.799838381040159	4.6014986764869255	-8.268764203391356
0.29975680434683	0.8013849051295098	4.6022266640289695	-3.594703438975009
0.3004359424834388	0.7996467932124228	4.60157215541324	-15.876335941794306
0.2994585008102706	0.8002567651140754	4.601056277795186	-5.383905451701532
0.2996899331247389	0.8001292971024989	4.602041677321902	-6.920284192327746
0.29891375929044495	0.8010678887934166	4.5966227902621	-3.968589757516983
0.3012130114061062	0.8008961261534947	4.595165401300855	-8.65416878128939
0.30013856461589955	0.7995548699098652	4.602426383893676	-14.641931667674594
0.29990727473251333	0.800485108511191	4.6024793947814215	-5.723264470440317
0.30079699839410867	0.8016979891190226	4.599346352456514	-3.7240885890141087
0.3005747815135635	0.8000044895767365	4.6008705157159016	-12.889388647365745
0.2996364146534429	0.8012360476456011	4.601861413136418	-3.555500772282188
0.2979427876030774	0.7988860172029125	4.581361770427314	-7.492491435462149
0.29902438798238634	0.8004401237481558	4.597763290613012	-3.8484307844349575
0.29969930661604083	0.8013212880226636	4.602070302101789	-3.5771496963174956
0.30001509396423637	0.800578902894704	4.602521245518791	-5.613734728505743
0.29955209870530625	0.7998456386172761	4.6015193068086315	-8.237408886045296
0.29975680434683	0.8013849051295098	4.6022266640289695	-3.594703438975009
0.30027303152517776	0.8000171166873075	4.602149653588869	-10.792856347406767
0.2994839378227989	0.8003692137424457	4.601190783803886	-4.967438250059659
0.2996899331247389	0.8001292971024989	4.602041677321902	-6.920284192327746
0.29891375929044495	0.8010678887934166	4.5966227902621	-3.968589757516983
0.3008131738531195	0.8009259954980408	4.599216126080587	-6.623262140724823
0.30013856461589955	0.7995548699098652	4.602426383893676	-14.641931667674594
0.3001649563310582	0.8008363827633669	4.602386331701792	-4.912169375872098
0.3013121654050323	0.8019030385262698	4.593913494406755	-3.9863698866381094
0.30057646232025004	0.8000172988887356	4.600860840624233	-12.767473270202021
0.2996364146534429	0.8012360476456011	4.601861413136418	-3.555500772282188
0.29736084956450126	0.7984724348957274	4.567696809551608	-7.7038296314264425
0.2991361582120789	0.800306751712374	4.59879127148478	-4.363593559675527
0.29969930661604083	0.8013212880226636	4.602070302101789	-3.5771496963174956
0.30034910359033756	0.8010569479819031	4.601913018073641	-4.5505690594057215
0.29935712793001734	0.7999423047649407	4.600455962165754	-6.710075523660023
0.2998339848022328	0.8014467287553924	4.602384579428125	-3.6027590883293863
0.30027303152517776	0.8000171166873075	4.602149653588869	-10.792856347406767
0.2988448278802611	0.8006543873891226	4.595850271526464	-3.549453816022984
0.2996899331247389	0.8001292971024989	4.602041677321902	-6.920284192327746
0.29758962688482676	0.8006068122400805	4.5734728918858245	-5.452003642033748
0.3005190572525374	0.8010303724737766	4.601175282500515	-5.086915991850367
0.30013856461589955	0.7995548699098652	4.602426383893676	-14.641931667674594
0.29998948612080023	0.8012893585067289	4.602521831949295	-3.5819660883051743
0.3013121654050323	0.8019030385262698	4.593913494406755	-3.9863698866381094
0.30057646232025004	0.8000172988887356	4.600860840624233	-12.767473270202021
0.2997701531360718	0.8018555658512979	4.602258236753285	-4.568743130517661
0.29736084956450126	0.7984724348957274	4.567696809551608	-7.7038296314264425
0.2991361582120789	0.800306751712374	4.59879127148478	-4.363593559675527
0.29969930661604083	0.8013212880226636	4.602070302101789	-3.5771496963174956
0.30034910359033756	0.8010569479819031	4.601913018073641	-4.5505690594057215
0.29961432269924176	0.8001831501570404	4.601778649755973	-6.2975834821972665
0.2994483856147379	0.8017385044642761	4.6010009925074336	-4.937508294432664
0.30027303152517776	0.8000171166873075	4.602149653588869	-10.792856347406767
0.29883568379142306	0.8006425173115478	4.595744223489799	-3.5492327984726053
0.3001485887202666	0.8006307890521503	4.602411991618621	-5.79982517410065
0.29877704884966527	0.8010202848086698	4.595044337077049	-4.072500921921822
0.3004993103004881	0.8009490447458034	4.601275830776706	-5.388809826909289
0.30013856461589955	0.7995548699098652	4.602426383893676	-14.641931667674594
0.3003004115142278	0.8016473889906693	4.602071149268171	-3.5459103230452333
0.3013121654050323	0.8019030385262698	4.593913494406755	-3.9863698866381094
0.30041134384634127	0.79984293038549	4.601676365857959	-13.452533719563842
0.2997701531360718	0.8018555658512979	4.602258236753285	-4.568743130517661
0.29736084956450126	0.7984724348957274	4.567696809551608	-7.7038296314264425
0.2991361582120789	0.800306751712374	4.59879127148478	-4.363593559675527
0.2998830189081607	0.8012358063343318	4.602453961778334	-3.5709958525412766
0.3012087391258425	0.8018004387533184	4.595217133285861	-4.063003291962285
0.2996239733188752	0.8003123950311912	4.601815404332985	-5.6445483174549445
0.2994765717183636	0.8017487587757476	4.6011524988274894	-4.902918509586541
0.30027303152517776	0.8000171166873075	4.602149653588869	-10.792856347406767
0.29905079879840796	0.8005954800268991	4.598017470052055	-3.645195226112792
0.3002188208239043	0.8003400790427496	4.602282971892703	-7.863779465850246
0.29877704884966527	0.8010202848086698	4.595044337077049	-4.072500921921822
0.3005216779393186	0.8012303015812268	4.601161645295715	-4.362389004287625
0.30013856461589955	0.7995548699098652	4.602426383893676	-14.641931667674594
0.3003004115142278	0.8016473889906693	4.602071149268171	-3.5459103230452333
0.3032695919806309	0.8036025115595027	4.549071226058543	-3.595861897082984
0.30041134384634127	0.79984293038549	4.601676365857959	-13.452533719563842
0.2999795514592009	0.8011482708865828	4.60252029394347	-3.7255127174631903
0.29736084956450126	0.7984724348957274	4.567696809551608	-7.7038296314264425
0.2991361582120789	0.800306751712374	4.59879127148478	-4.363593559675527
0.2998830189081607	0.8012358063343318	4.602453961778334	-3.5709958525412766
0.3021293870934887	0.8021925484021523	4.579850937687993	-4.768131655192733
0.29974018290229004	0.8007266435160022	4.602184860036261	-4.307248422875516
0.29971522395519623	0.8014638411810517	4.602116897679103	-3.710687927924859
0.3003218497312228	0.8002553083794206	4.602004448410133	-9.021835108760735
0.29924201341310097	0.8002987534593176	4.59964966632798	-4.623365038555119
0.30022993514923335	0.8005181614686916	4.602258033793309	-6.736677974719665
0.2988526716156551	0.801046728982545	4.5959405725499565	-4.013880247841222
0.30051280978773354	0.8022750307363556	4.601207515265597	-4.316970279399501
0.3005315869650165	0.800062950307834	4.601109461150696	-11.999897523559998
0.2998303485770703	0.8015072781892533	4.602378476631063	-3.6668443863874494
0.3032695919806309	0.8036025115595027	4.549071226058543	-3.595861897082984
0.30035429051441753	0.80000636818388	4.601894775814542	-11.401637950503101
0.30002597906070066	0.8010365582457419	4.602519010099599	-3.992708443758061
0.2985299693764335	0.7994925081797986	4.5917174344864575	-6.141119311192921
0.2991361582120789	0.800306751712374	4.59879127148478	-4.363593559675527
0.3007845037635249	0.8018658086617425	4.59944515388265	-3.5606431281958546
0.30093798430354796	0.8014615589046532	4.598123311889061	-4.516083184737077
0.29974018290229004	0.8007266435160022	4.602184860036261	-4.307248422875516
0.29991479664066356	0.8010971659620666	4.602486086595363	-3.7371763423499402
0.3004457230511545	0.8006865118333916	4.601529039465921	-6.58880792555855
0.2990371950843106	0.800066838293622	4.597887418129195	-4.991596751950036
0.300194007799778	0.8005841708461685	4.6023341895257	-6.211381387599849
0.2988526716156551	0.801046728982545	4.5959405725499565	-4.013880247841222
0.3006245254664103	0.8022974543847319	4.600572224366599	-4.168886766177482
0.30047835250866367	0.8000459611430888	4.601378279044849	-11.817942609772462
0.3002558171888371	0.8022799684293168	4.602195172487051	-4.935345762492864
0.30468463826611825	0.804223480236015	4.492793206235676	-3.9761307350189394
0.299963044583171	0.8001028468940424	4.602515556143408	-8.354220963789338
0.30002597906070066	0.8010365582457419	4.602519010099599	-3.992708443758061
0.2985299693764335	0.7994925081797986	4.5917174344864575	-6.141119311192921
0.2991361582120789	0.800306751712374	4.59879127148478	-4.363593559675527
0.300955201911492	0.801608705242205	4.597960331198983	-4.11547603392858
0.30160878810338654	0.802252652763911	4.5895813888495836	-3.7185637877697078
0.2998732557010303	0.8007190742297868	4.602442064070967	-4.6213030659315315
0.3010189797511016	0.8023766295218763	4.597330785991798	-3.774037264583458
0.3004457230511545	0.8006865118333916	4.601529039465921	-6.58880792555855
0.2994581943191392	0.8004246811609198	4.601054617678509	-4.686861044252529
0.300194007799778	0.8005841708461685	4.6023341895257	-6.211381387599849
0.29973076206827387	0.80124395523377	4.602159939338173	-3.5430042188570843
0.30012688528863335	0.8016318568120292	4.602441885275216	-3.5939441092783504
0.30047835250866367	0.8000459611430888	4.601378279044849	-11.817942609772462
0.300329982772348	0.8021648430083049	4.601977941507341	-4.353980953877924
0.3032232609320341	0.803161289782735	4.550575329477686	-4.084704169516664
0.2999497383616022	0.8000658486738591	4.6025097534961015	-8.567880137174676
0.29985398015925857	0.8011799971031105	4.602415775688123	-3.5958432240469937
0.2983207990461041	0.79936214166038	4.588423805439749	-6.098170181607923
0.2991361582120789	0.800306751712374	4.59879127148478	-4.363593559675527
0.30077249791896216	0.801477937571222	4.599538619483569	-4.136159808521411
0.30221497562922106	0.8025178868193746	4.577991799467357	-3.980695391989199
0.3002275301814583	0.8009172506553137	4.602263534740201	-4.7605760746443355
0.3005860977658127	0.8018352589629457	4.600804831702121	-3.546558469664447
0.30055262670784283	0.80094542496811	4.6009954032664675	-5.5749313081438165
0.29902599275142033	0.8000783235371531	4.597778934056145	-4.914845575576442
0.300194007799778	0.8005841708461685	4.6023341895257	-6.211381387599849
0.2996706611874331	0.8015673018431165	4.601980064390259	-3.9479806308168603
0.30012688528863335	0.8016318568120292	4.602441885275216	-3.5939441092783504
0.30045196193138085	0.8000959134169298	4.601501036720486	-11.167071267677336
0.3006190989265652	0.802426868107465	4.600605967253203	-4.575840671748167
0.30528437290390775	0.8045770029208571	4.4628993997198005	-4.111477235533629
0.2999497383616022	0.8000658486738591	4.6025097534961015	-8.567880137174676
0.29936066906798375	0.8013456274009116	4.60047866445441	-3.91933878469806
0.2983207990461041	0.79936214166038	4.588423805439749	-6.098170181607923
0.29910052780965496	0.8002868205398438	4.598477133551553	-4.352225556036517
0.3010711621906534	0.8014067336080475	4.596785442464147	-5.058681330151763
0.30309902575704	0.8032342993527118	4.554502581443586	-3.780771269265614
0.30010600467730275	0.8009067187139088	4.602466199699523	-4.509443674084065
0.3006428602524887	0.8017264476213557	4.600456038136424	-3.5840100630927667
0.30055262670784283	0.80094542496811	4.6009954032664675	-5.5749313081438165
0.29897746011865267	0.7999425631486271	4.597294445612845	-5.361140069088521
0.300194007799778	0.8005841708461685	4.6023341895257	-6.211381387599849
0.2998175976871964	0.8012905867129698	4.602356031638993	-3.5424868016415703
0.30012688528863335	0.8016318568120292	4.602441885275216	-3.5939441092783504
0.30044988133099937	0.800099851592245	4.601510418597664	-11.116894563641344
0.3003433548697066	0.802176962099837	4.601932921824817	-4.363658493938084
0.3066174957741539	0.805432554726263	4.383566133052848	-4.298044205337026
0.2999497383616022	0.8000658486738591	4.6025097534961015	-8.567880137174676
0.29922609127799743	0.8012317769857289	4.599527711107616	-3.8722566607750615
0.29890701145218945	0.7998693382628943	4.596549264829348	-5.48572598050933
0.2982309341427751	0.8000503517013096	4.586874414621579	-3.65517252645017
0.30018467280500916	0.8009833809254693	4.6023518644330235	-4.430218378448751
0.30309902575704	0.8032342993527118	4.554502581443586	-3.780771269265614
0.29977147434282014	0.8006465647394162	4.602261264777626	-4.638085409098421
0.3005453604835055	0.8018731062795992	4.601035294372727	-3.5696582558861483
0.30055808228907266	0.8009926461267584	4.60096510545069	-5.368809587799966
0.29700344495063363	0.798562092290756	4.557625673838158	-5.745855372272233
0.3002603310778547	0.8012915107175549	4.6021835233070885	-3.7961855989894833
0.2998175976871964	0.8012905867129698	4.602356031638993	-3.5424868016415703
0.30012688528863335	0.8016318568120292	4.602441885275216	-3.5939441092783504
0.300444273863898	0.8001264484161756	4.601535488326859	-10.834125015477824
0.3004025815318718	0.802207694257047	4.601712025208553	-4.336420175181548
0.30723520106955055	0.8058820776937857	4.340781712073446	-4.268358613264202
0.299898281081958	0.8005427774321904	4.6024706509661355	-5.414009206299814
0.2986284924364932	0.8007360592959112	4.5931172196737915	-3.7177189166673035
0.299329330012514	0.8004795196390159	4.600273393497001	-4.231476209655274
0.2919156486614819	0.7959974215357833	4.275738701834578	-3.87888541384111
0.3001670818576146	0.8011807817816148	4.602382802921854	-3.885795532208361
0.29921590300948103	0.8007214908663216	4.599448344204869	-3.627484211232219
0.29977147434282014	0.8006465647394162	4.602261264777626	-4.638085409098421
0.3005453604835055	0.8018731062795992	4.601035294372727	-3.5696582558861483
0.3005530832234007	0.8013386251705633	4.600992879397537	-4.115688191228245
0.2966169687270839	0.7982966854945397	4.545297881689931	-5.808195521953438
0.3000162994666251	0.8011325490278874	4.6025210562945125	-3.7889174092709306
0.300343481871535	0.8017825041829002	4.6019324856772075	-3.598868927829062
0.2999156779527929	0.8014849577731488	4.602486833619348	-3.5897127728290643
0.300444273863898	0.8001264484161756	4.601535488326859	-10.834125015477824
0.30176793369367677	0.8033402754677701	4.586894436931385	-5.1278374761285646
0.3092185068874665	0.8075630223846005	4.177618038486237	-3.9847770625543646
0.299898281081958	0.8005427774321904	4.6024706509661355	-5.414009206299814
0.2988030069317445	0.8008808218296	4.595358422630315	-3.757045374578948
0.2964139619725418	0.7987169721348174	4.538224040985692	-3.8869690005773423
0.28924001462221144	0.7943798102999445	4.023635958006457	-4.14051799414508
0.30074018218769255	0.8016605104360427	4.599783036302687	-3.722876526970505
0.29921590300948103	0.8007214908663216	4.599448344204869	-3.627484211232219
0.2997157345148718	0.8004906398207415	4.602118350327398	-5.103931654482697
0.300108986104978	0.8014951058771114	4.602462994802182	-3.542601057392175
0.30051111840450767	0.8013014682351988	4.601216174540441	-4.139167215796788
0.29669168616396957	0.798385009679866	4.547797682469222	-5.610528302604822
0.30010670390241884	0.801584325829498	4.602465456043617	-3.5710092432151876
0.29801893170222093	0.8002684684995793	4.582899226655248	-3.653875098715541
0.2997715045880481	0.8013276620684646	4.602261333891158	-3.555597533307071
0.30033807649515937	0.8002000218011396	4.601950906074677	-9.563434414707984
0.2991136981712511	0.8010482693503619	4.5985947299993555	-3.696149884512373
0.3092185068874665	0.8075630223846005	4.177618038486237	-3.9847770625543646
0.2997579360866697	0.8005795335020038	4.602229409966889	-4.85521734028655
0.2987774866909705	0.8008688180571683	4.595049690703802	-3.7652647008496
0.29707213592006915	0.7991878321525742	4.559660444304828	-3.806294103815671
0.2878873163397213	0.7935976347851629	3.8689368573876637	-4.376387579187511
0.30091789773552324	0.8016058591421776	4.59830970339318	-4.059903368131917
0.29921590300948103	0.8007214908663216	4.599448344204869	-3.627484211232219
0.2997157345148718	0.8004906398207415	4.602118350327398	-5.103931654482697
0.30001812535660155	0.8014163996075716	4.602520742014814	-3.5425615529261343
0.30060245099688254	0.8013423655537619	4.600707648639349	-4.1936958484903295
0.2956884929132176	0.7974564277472443	4.509576917860699	-7.168086214687634
0.300107558580461	0.8015509132238018	4.6024645404164195	-3.554796928053677
0.3005174527158253	0.8018625018504593	4.601183598091999	-3.5741156142445414
0.2997715045880481	0.8013276620684646	4.602261333891158	-3.555597533307071
0.3002260980436392	0.8004228909717108	4.6022667830308865	-7.327719578383308
0.2989334347128819	0.8011731556161428	4.5968345770991474	-4.196526054813799
0.3092185068874665	0.8075630223846005	4.177618038486237	-3.9847770625543646
0.2998706843864952	0.8004983573072323	4.602438772018093	-5.537692846809488
0.29802756527373936	0.8005378247198622	4.583069890910779	-4.130134619599189
0.29710460087192486	0.7992082445269152	4.560605704103282	-3.8071850656823605
0.2837336008309645	0.7911545592255934	3.2795436750255806	-5.459415939161898
0.30091789773552324	0.8016058591421776	4.59830970339318	-4.059903368131917
0.29921590300948103	0.8007214908663216	4.599448344204869	-3.627484211232219
0.2997157345148718	0.8004906398207415	4.602118350327398	-5.103931654482697
0.29961468448285317	0.8013314495446757	4.601780044418803	-3.63247840987421
0.3006269772427284	0.8013628523990409	4.600556882343077	-4.182657757529236
0.29028978587429327	0.7946105683524349	4.131081092822202	-4.452437043470494
0.300107558580461	0.8015509132238018	4.6024645404164195	-3.554796928053677
0.3005174527158253	0.8018625018504593	4.601183598091999	-3.5741156142445414
0.30717290328641733	0.8060224894773365	4.34526967687609	-3.9420959422170894
0.30011794924990304	0.8006381380271134	4.60245282452981	-5.659661122891502
0.3016374513314276	0.8032261479753997	4.589116150343603	-5.016815567558819
0.3145274061965134	0.8110662452209256	3.547294730665089	-4.730429706750511
0.2998567543478709	0.8004904825497756	4.602419788073304	-5.530954947639701
0.2988005098006297	0.8005212733638637	4.595328500965647	-3.573640765150972
0.2977572958993335	0.7997174252606222	4.577373776241841	-3.6846668947193004
0.2837336008309645	0.7911545592255934	3.2795436750255806	-5.459415939161898
0.30091789773552324	0.8016058591421776	4.59830970339318	-4.059903368131917
0.29766830918400183	0.799917350370336	4.575338474350523	-3.579880179030348
0.2999870657011111	0.8005666139255314	4.602521548177135	-5.582499725614655
0.29961468448285317	0.8013314495446757	4.601780044418803	-3.63247840987421
0.3006269772427284	0.8013628523990409	4.600556882343077	-4.182657757529236
0.2913727389866574	0.7953511748684723	4.230374221695867	-4.282107393251452
0.30099858077850405	0.8021476298885469	4.597536566801585	-3.5596655503434764
0.3005174527158253	0.8018625018504593	4.601183598091999	-3.5741156142445414
0.30252184833786144	0.8028451687707285	4.5707237894617005	-3.7662602861441687
0.30011794924990304	0.8006381380271134	4.60245282452981	-5.659661122891502
0.3016374513314276	0.8032261479753997	4.589116150343603	-5.016815567558819
0.3145274061965134	0.8110662452209256	3.547294730665089	-4.730429706750511
0.2998567543478709	0.8004904825497756	4.602419788073304	-5.530954947639701
0.29798123938265014	0.7999829585280486	4.58214541250676	-3.5830206190624825
0.2970732929359528	0.7991230437709024	4.559694313463855	-3.9249900793460126
0.2837336008309645	0.7911545592255934	3.2795436750255806	-5.459415939161898
0.30121719885265646	0.8017991454363479	4.595114519423032	-4.080162140006041
0.2964043577692951	0.7988636820312942	4.537879169401431	-3.6775911483497383
0.3001877443662952	0.8008163173042644	4.602346144922196	-5.056562423400463
0.29961468448285317	0.8013314495446757	4.601780044418803	-3.63247840987421
0.3006269772427284	0.8013628523990409	4.600556882343077	-4.182657757529236
0.2871957159736058	0.792761496843245	3.78277393751471	-4.496448744603706
0.30099858077850405	0.8021476298885469	4.597536566801585	-3.5596655503434764
0.3008398265274756	0.8020521378497649	4.598995841676315	-3.5626758340653577
0.3024887871173181	0.8028300292854295	4.571552078080931	-3.7551077689699746
0.30011794924990304	0.8006381380271134	4.60245282452981	-5.659661122891502
0.3026584061180965	0.8039206385445158	4.567186769213908	-5.063011225197084
0.3086078835373385	0.8071011113349522	4.232044089695659	-3.9558693690986964
0.2994031214279181	0.8002767266116662	4.6007410645085205	-5.130098839889206
0.29798123938265014	0.7999829585280486	4.58214541250676	-3.5830206190624825
0.2970732929359528	0.7991230437709024	4.559694313463855	-3.9249900793460126
0.2864547287933214	0.7928983080417393	3.6851505243451936	-4.994367925706353
0.301337798339206	0.8016069058597775	4.593573862675662	-4.971454108145004
0.29621326360472694	0.7987895903742521	4.5308255220211455	-3.644691463335662
0.29990916402825807	0.8010667374048753	4.602481128788762	-3.7793471383385135
0.3026129016137145	0.8032549807279709	4.568386110442813	-3.598907438141171
0.30112361673860055	0.8016758732900098	4.596209811781256	-4.239692081894071
0.28734072186277776	0.7927347238706294	3.8012357698798103	-4.681518721389779
0.30099858077850405	0.8021476298885469	4.597536566801585	-3.5596655503434764
0.3011463749406087	0.8022740319552877	4.595951507135296	-3.5736645625093937
0.3021759361943301	0.8026867677278849	4.578848893048595	-3.664244299528767
0.3003523996337992	0.8008243315425786	4.601901457148064	-5.514152504069339
0.3026584061180965	0.8039206385445158	4.567186769213908	-5.063011225197084
0.3075496813808863	0.8063915075349302	4.317533939893067	-3.8633138501991624
0.3007580651366649	0.8014543999592686	4.59964907090044	-4.172910236615182
0.29800981998361276	0.7999757201325385	4.582718302169438	-3.5972971872896
0.298377405593211	0.7998826244684705	4.58935832161286	-4.142200340295052
0.2864547287933214	0.7928983080417393	3.6851505243451936	-4.994367925706353
0.30104574570739023	0.8014360157820054	4.597054464234948	-4.871243326501012
0.30137249688592527	0.8022492426904153	4.593103646148201	-3.5717611882498304
0.29990916402825807	0.8010667374048753	4.602481128788762	-3.7793471383385135
0.30296698974149033	0.8034918276402931	4.5585072440270284	-3.608004656695952
0.301988884626016	0.8021098677271671	4.58274407437956	-4.723139742995146
0.29247058921395697	0.7962793142511387	4.319062250732668	-3.8850497649319093
0.30059998346165945	0.8018031946565386	4.6007224838862495	-3.5445180837383194
0.3140613509025688	0.8105159435665206	3.613914438631708	-5.0728950601850205
0.30139606639353317	0.8018930895808452	4.59277737778181	-4.148130175801573
0.30042858476816753	0.800942660181932	4.601603960140047	-5.204473494099083
0.3026584061180965	0.8039206385445158	4.567186769213908	-5.063011225197084
0.30787121308740245	0.8066071186252878	4.292742407321095	-3.890071509034277
0.3010431682276143	0.8018972141789618	4.5970813849020535	-3.6803718141269153
0.29800981998361276	0.7999757201325385	4.582718302169438	-3.5972971872896
0.2980568788388629	0.7996293552411496	4.58364378542328	-4.258309715682029
0.2864547287933214	0.7928983080417393	3.6851505243451936	-4.994367925706353
0.3008133162317683	0.8012699500506825	4.599214968193285	-4.911714042615183
0.3022122668589935	0.8029128000668933	4.578051761380569	-3.567527289845809
0.30031814836915977	0.8012718726368854	4.602016292733579	-3.906050115602584
0.30298719959152415	0.8035046654658116	4.557905577659563	-3.6082237432003463
0.301988884626016	0.8021098677271671	4.58274407437956	-4.723139742995146
0.29247058921395697	0.7962793142511387	4.319062250732668	-3.8850497649319093
0.30248395190808075	0.8031324174523334	4.5716722992492835	-3.581175288813003
0.3145630129654861	0.810856106754699	3.5421156514929892	-5.158449522729003
0.3011229650831929	0.8014544388214792	4.596217131767221	-5.005018541064314
0.301447234230801	0.8019626594729016	4.592049950063562	-4.0599538224932195
0.3026584061180965	0.8039206385445158	4.567186769213908	-5.063011225197084
0.3115682605232663	0.8090932374257226	3.9333991269867647	-4.27928174554298
0.3012440272247683	0.8020632974322696	4.59478436597775	-3.646579133335843
0.29630192775130904	0.7989885018278955	4.534143692874883	-3.6150716924429194
0.2980568788388629	0.7996293552411496	4.58364378542328	-4.258309715682029
0.2864547287933214	0.7928983080417393	3.6851505243451936	-4.994367925706353
0.30106832798587413	0.8015426362120354	4.596815761230564	-4.5377338155585765
0.3022122668589935	0.8029128000668933	4.578051761380569	-3.567527289845809
0.30012493990028	0.8010242242634756	4.602444334764163	-4.189895608585198
0.3031668795960319	0.8032773432994756	4.552376752778757	-3.7867400403471105
0.3036229688412341	0.8030967741749273	4.536892868534808	-5.200716383798833
0.29051588031436537	0.7951807377442075	4.152779753600363	-3.9983214742493587
0.30061741069674097	0.8016554574200887	4.600616404815323	-3.6287365723115137
0.31483892637222066	0.8110491154590697	3.501553705256643	-5.192723201293288
0.30570014818847807	0.8046562991126266	4.440063937804524	-4.690429423698362
0.3004313677486205	0.8013319056548035	4.601591993984824	-3.939219693723077
0.3026584061180965	0.8039206385445158	4.567186769213908	-5.063011225197084
0.3115682605232663	0.8090932374257226	3.9333991269867647	-4.27928174554298
0.30122841794840866	0.8020573867896846	4.594977331377711	-3.6416534660084583
0.2962936076947721	0.7989833253895406	4.53383566505631	-3.615458439370789
0.2980568788388629	0.7996293552411496	4.58364378542328	-4.258309715682029
0.282802719956801	0.7906406438031754	3.123790180236524	-5.883269531726414
0.30106832798587413	0.8015426362120354	4.596815761230564	-4.5377338155585765
0.30270167560517386	0.803355608277729	4.5660271292796155	-3.62665243984556
0.3000628491833952	0.8009454645034233	4.602502634558307	-4.296239217933787
0.30116207624278424	0.8020322656949336	4.595770278687356	-3.6220729484010956
0.3036229688412341	0.8030967741749273	4.536892868534808	-5.200716383798833
0.2906986607575241	0.7952888456634087	4.169947826139464	-3.9783308237569193
0.3006247051320716	0.8016581578321832	4.6005711021473905	-3.630949818844507
0.31278985970414025	0.8095962856481937	3.7846198283996197	-5.015321268055239
0.30433099831095817	0.8036937540256025	4.50873465280996	-4.756785185970204
0.3004313677486205	0.8013319056548035	4.601591993984824	-3.939219693723077
0.30351230136944635	0.8049982569464739	4.5408410801085	-7.834380068024778
0.3090569814561417	0.8073870679882577	4.1923778191731005	-4.010554549790856
0.30169401268556656	0.8023652797091385	4.588173989763272	-3.6528728412485005
0.2963887126815533	0.7990367010500575	4.537315404175705	-3.6100233214507638
0.29794254841166257	0.7995981081330267	4.581356849465813	-4.1383908726830825
0.282802719956801	0.7906406438031754	3.123790180236524	-5.883269531726414
0.3009768682489854	0.8014811539486504	4.5977510267781945	-4.537973581076887
0.30270167560517386	0.803355608277729	4.5660271292796155	-3.62665243984556
0.2988631207199549	0.7998497053950735	4.5960599121705945	-5.441009244595343
0.30116207624278424	0.8020322656949336	4.595770278687356	-3.6220729484010956
0.3036229688412341	0.8030967741749273	4.536892868534808	-5.200716383798833
0.2906986607575241	0.7952888456634087	4.169947826139464	-3.9783308237569193
0.29434647854063545	0.7973927145877362	4.442710860200097	-3.9098265333698494
0.31278985970414025	0.8095962856481937	3.7846198283996197	-5.015321268055239
0.3062987908540825	0.8048868737232263	4.404148553540205	-5.388450208077932
0.3004313677486205	0.8013319056548035	4.601591993984824	-3.939219693723077
0.3027221792565895	0.8039022150791695	4.565471085132542	-4.823499465017137
0.31103742787874616	0.8091822669075422	3.993398313764957	-4.383920370246741
0.29600004375561045	0.798654601012831	4.52252413487242	-3.6492883063275983
0.3086147286093789	0.8065923012708862	4.231454639591317	-5.032371961615939
0.2987751185342427	0.8000933895832449	4.595020711631795	-4.286126095591763
0.282802719956801	0.7906406438031754	3.123790180236524	-5.883269531726414
0.30080367171182143	0.8012408991159924	4.599292943555664	-5.003056538921047
0.3032170465373628	0.8038621135262964	4.550775442539783	-3.830842643708853
0.2988631207199549	0.7998497053950735	4.5960599121705945	-5.441009244595343
0.2937233515915875	0.7969868726540847	4.4055408084434395	-3.939188421364414
0.3050548819683875	0.8039805303821304	4.474763226085929	-5.61865661633608
0.2906986607575241	0.7952888456634087	4.169947826139464	-3.9783308237569193
0.2900020757976984	0.7944525682574525	4.102729942882732	-4.413654774194285
0.31278985970414025	0.8095962856481937	3.7846198283996197	-5.015321268055239
0.30367099035949136	0.8029803471909198	4.535141533560181	-5.898339787178611
0.2997936037931891	0.8006163292315737	4.602309387686644	-4.804664052513447
0.3027221792565895	0.8039022150791695	4.565471085132542	-4.823499465017137
0.3000351025149806	0.8019570825447178	4.602516223724784	-4.323345175895987
0.2955136379989308	0.7983602532349364	4.501885164634387	-3.6564636341174444
0.3086147286093789	0.8065923012708862	4.231454639591317	-5.032371961615939
0.2987751185342427	0.8000933895832449	4.595020711631795	-4.286126095591763
0.2873100191121233	0.7936005696641992	3.7973443099841933	-5.323426140697254
0.30080367171182143	0.8012408991159924	4.599292943555664	-5.003056538921047
0.30557011449788823	0.8058585582134301	4.44739150705965	-5.045849750905915
0.2988631207199549	0.7998497053950735	4.5960599121705945	-5.441009244595343
0.291416705276584	0.7956077087640373	4.234157643112468	-3.9537831779391297
0.3050548819683875	0.8039805303821304	4.474763226085929	-5.61865661633608
0.2914123587796419	0.7957510746100307	4.233784476009606	-3.913380148174764
0.28481110160992484	0.7911902678950891	3.4490092131374372	-4.865676612121057
0.31503799591568205	0.8110076189806489	3.4718157788572226	-5.736896381730088
0.3022072859554146	0.8020879359135703	4.578161828212721	-5.423091739423292
0.2997936037931891	0.8006163292315737	4.602309387686644	-4.804664052513447
0.3019612250051321	0.8033794898416932	4.583290367053796	-4.770424490196656
0.3003495418977116	0.8022072193718325	4.601911486966294	-4.445813922303039
0.29266793780341194	0.7968602141660848	4.333726704384396	-4.1050570083007125
0.30651715214757647	0.8051552389955808	4.39015602408427	-4.9253969742498995
0.2987751185342427	0.8000933895832449	4.595020711631795	-4.286126095591763
0.2873100191121233	0.7936005696641992	3.7973443099841933	-5.323426140697254
0.2972294918337295	0.7990916766441538	4.564143807160716	-4.245109755081077
0.30561951728574466	0.8058924946609429	4.444627512033658	-5.050016056958957
0.3001387970873601	0.801303130517698	4.6024260615002754	-3.6618002857077476
0.2900433203972037	0.7947704948165312	4.106845041093876	-4.047574358704041
0.30537717554610155	0.8042145222458561	4.457952300389611	-5.557669622520603
0.29373214704741624	0.7970976956159251	4.406092481481509	-3.8087538464193775
0.27932633100689697	0.7876933099370005	2.465519436475627	-5.80867529955805
0.31503799591568205	0.8110076189806489	3.4718157788572226	-5.736896381730088
0.3022072859554146	0.8020879359135703	4.578161828212721	-5.423091739423292
0.2997936037931891	0.8006163292315737	4.602309387686644	-4.804664052513447
0.3010843910586156	0.8024751370573182	4.596642864817546	-3.871233841454818
0.3003319339207627	0.8021316816839681	4.601971484018809	-4.252135646300071
0.2966062546766037	0.7992190798343971	4.544934848057202	-3.6131970717440334
0.30651715214757647	0.8051552389955808	4.39015602408427	-4.9253969742498995
0.302115446061597	0.8022773422468226	4.580146824459942	-4.443512542654363
0.2873100191121233	0.7936005696641992	3.7973443099841933	-5.323426140697254
0.29757544314309503	0.7993158859585839	4.5731300048957495	-4.251098833190379
0.3040856236687611	0.8048227751401101	4.51906078084387	-4.864999266723021
0.3001387970873601	0.801303130517698	4.6024260615002754	-3.6618002857077476
0.2900433203972037	0.7947704948165312	4.106845041093876	-4.047574358704041
0.30337571690897525	0.8029247323398292	4.545545061409866	-5.2176582055982
0.2933038568286952	0.7967781337798333	4.3783307178045145	-3.875137195912517
0.27932633100689697	0.7876933099370005	2.465519436475627	-5.80867529955805
0.3172660334521856	0.812537904318519	3.1119428287976065	-6.134061201310845
0.3021222351627418	0.8020443727782383	4.5800029742276855	-5.3600007412278465
0.2997936037931891	0.8006163292315737	4.602309387686644	-4.804664052513447
0.2998864804459313	0.8016041351113944	4.602457951211794	-3.748010133004324
0.3001785224172108	0.8020262330411643	4.60236303339034	-4.2445247637268935
0.29864884341446324	0.8007414462267088	4.593394264064377	-3.7062337813455413
0.31164329190032036	0.808502847346317	3.9246911532772435	-5.944315767328654
0.302115446061597	0.8022773422468226	4.580146824459942	-4.443512542654363
0.2873100191121233	0.7936005696641992	3.7973443099841933	-5.323426140697254
0.29757544314309503	0.7993158859585839	4.5731300048957495	-4.251098833190379
0.3051151139692188	0.8055608368331951	4.471700430067086	-5.065722986905074
0.2990336381277471	0.800446354131292	4.597853108316853	-3.8482160987256027
0.2913418850501589	0.7955490561803504	4.227707612234265	-3.967471667659372
0.3009697484512974	0.8016076878336128	4.597820324363605	-4.143482724664315
0.29282510309642984	0.7964782184118175	4.345126656773271	-3.891615634826241
0.27932633100689697	0.7876933099370005	2.465519436475627	-5.80867529955805
0.3172660334521856	0.812537904318519	3.1119428287976065	-6.134061201310845
0.3021222351627418	0.8020443727782383	4.5800029742276855	-5.3600007412278465
0.30122555110574994	0.8019815643562493	4.595012507093549	-3.733258714275956
0.2964275629088633	0.799208439937187	4.538710850806927	-3.696765903798843
0.3001785224172108	0.8020262330411643	4.60236303339034	-4.2445247637268935
0.29643705770576645	0.7997306090521158	4.539049595697382	-5.015162330017826
0.31819915326091686	0.8129499234468247	2.9464764875858687	-7.23816546224657
0.3022683457986735	0.8023450852567826	4.576795421345775	-4.5605769457382515
0.2873100191121233	0.7936005696641992	3.7973443099841933	-5.323426140697254
0.2925144128615907	0.7964981369063299	4.32235231062398	-3.830195439998054
0.30449482491681856	0.8050985278086763	4.501505129493308	-4.877066496305632
0.3016548222530359	0.8021152480123527	4.588830201211859	-4.030985554423641
0.2913418850501589	0.7955490561803504	4.227707612234265	-3.967471667659372
0.299463487970133	0.8005974113723894	4.601083158866613	-4.152383238657267
0.2867699033055348	0.7926124849889269	3.7273450919330817	-4.4370755649267934
0.2785027889255443	0.7871548796999484	2.2918719647590744	-5.99911089258746
0.3172660334521856	0.812537904318519	3.1119428287976065	-6.134061201310845
0.3021222351627418	0.8020443727782383	4.5800029742276855	-5.3600007412278465
0.3047427144559554	0.8042962311615063	4.490055682603931	-3.91795698320427
0.29619266801942246	0.7990394220467769	4.530043500605931	-3.6924139381014207
0.2985632776409164	0.8009206586453044	4.59220152897212	-4.187401699000865
0.2962064516725167	0.7995650826720714	4.530567340092817	-4.975085199339232
0.3179164117934665	0.8128250789286131	2.99753332689224	-6.872305823566334
0.2970636900588408	0.7991490255504294	4.559412804304823	-3.863494771660105
0.28579083034344815	0.7926855983205007	3.5930198730142067	-5.807327311375623
0.28847729741806427	0.7940171839180149	3.9386590106988333	-4.349108924845419
0.302300719263816	0.8034965623484281	4.576055839003103	-4.399118189423306
0.29978796705245986	0.8010055783486784	4.60229759480336	-3.7478753905417648
0.2913418850501589	0.7955490561803504	4.227707612234265	-3.967471667659372
0.3002209680985128	0.8010511074477746	4.602278250154772	-4.296114099326811
0.2898956487773151	0.7947472958187148	4.092032816500707	-4.053779542206483
0.2785027889255443	0.7871548796999484	2.2918719647590744	-5.99911089258746
0.3140828479660331	0.8104688502135399	3.6108893504855613	-5.2343152002873445
0.3021222351627418	0.8020443727782383	4.5800029742276855	-5.3600007412278465
0.309776485643576	0.8076703388556469	4.124624026962333	-4.361086057475991
0.29619266801942246	0.7990394220467769	4.530043500605931	-3.6924139381014207
0.2985632776409164	0.8009206586453044	4.59220152897212	-4.187401699000865
0.2921201495809865	0.7971243721059837	4.292062171527436	-6.509867332151839
0.3179164117934665	0.8128250789286131	2.99753332689224	-6.872305823566334
0.297636194180993	0.7992210655847841	4.574584494907717	-4.686374225090881
0.2733969678164371	0.7846946312653857	1.0639157778591533	-8.211447659972249
0.28058416658576835	0.7886044883499425	2.717649448811604	-5.455265175402568
0.30142316825331117	0.8028917403536739	4.5923953452714095	-4.340590150504529
0.30151591914174947	0.8017005655956814	4.5910323304359615	-5.078814077633172
0.29129942191631986	0.7955185019638719	4.224022089706498	-3.973304246349496
0.29871205118675104	0.8002975721939176	4.594228323929826	-3.741520195818623
0.2894703165562774	0.7944443605911429	4.048151217532547	-4.09684331329426
0.2785027889255443	0.7871548796999484	2.2918719647590744	-5.99911089258746
0.3161716488971025	0.8118615650855091	3.294911244401794	-5.691297883650202
0.3021222351627418	0.8020443727782383	4.5800029742276855	-5.3600007412278465
0.3105449649152726	0.8081099550853386	4.04654095933592	-4.622994424246195
0.29619266801942246	0.7990394220467769	4.530043500605931	-3.6924139381014207
0.2936851146816937	0.7979936452127551	4.403133501740774	-5.544839451578776
0.2921201495809865	0.7971243721059837	4.292062171527436	-6.509867332151839
0.3170910996183026	0.812297170475963	3.141993953843852	-6.54498633835719
0.29727068339596135	0.7988553341040294	4.565276539032169	-5.189462171788506
0.2733543784734216	0.7846714625386175	1.0525766519692827	-8.237891951403292
0.28058416658576835	0.7886044883499425	2.717649448811604	-5.455265175402568
0.30142316825331117	0.8028917403536739	4.5923953452714095	-4.340590150504529
0.30151591914174947	0.8017005655956814	4.5910323304359615	-5.078814077633172
0.28590313622105124	0.7915052641011068	3.608914542646387	-5.770290315448067
0.2958445086180344	0.7984252937192089	4.516181841529622	-3.7746452949571463
0.2887842590327372	0.7937504896770943	3.9735581574338887	-4.370350692669728
0.2773004198654175	0.7863174706014681	2.0261676932259096	-6.381243554265927
0.3001207416607496	0.8013336356109073	4.602449491914371	-3.6169624474681825
0.31114687206251074	0.8076561149756603	3.981258600767661	-8.7798804940619
0.3101382555832529	0.807849804683338	4.088601253300777	-4.539509822309145
0.29544569074019167	0.7985061479904119	4.498813720487695	-3.691516408629079
0.2936851146816937	0.7979936452127551	4.403133501740774	-5.544839451578776
0.2921201495809865	0.7971243721059837	4.292062171527436	-6.509867332151839
0.3025410592316901	0.8028167925728305	4.570237474562785	-3.8327301386276273
0.2929151601592793	0.7959923466072657	4.351547606814259	-5.365530207228309
0.2733543784734216	0.7846714625386175	1.0525766519692827	-8.237891951403292
0.2743326282857057	0.7845813058568097	1.3084525310588022	-6.894573372493968
0.30142316825331117	0.8028917403536739	4.5923953452714095	-4.340590150504529
0.30151591914174947	0.8017005655956814	4.5910323304359615	-5.078814077633172
0.28590313622105124	0.7915052641011068	3.608914542646387	-5.770290315448067
0.2958445086180344	0.7984252937192089	4.516181841529622	-3.7746452949571463
0.2887842590327372	0.7937504896770943	3.9735581574338887	-4.370350692669728
0.2784868346471598	0.7871437680884457	2.2884409671643535	-6.003842601366921
0.3001207416607496	0.8013336356109073	4.602449491914371	-3.6169624474681825
0.29910689378716837	0.8003336366280503	4.5985341911205815	-4.226770175527616
0.3101382555832529	0.807849804683338	4.088601253300777	-4.539509822309145
0.2941075757460495	0.797801973812375	4.428919066714855	-3.993720891845612
0.29178456599636643	0.7963481522105982	4.265055605317281	-4.320337767605855
0.2921201495809865	0.7971243721059837	4.292062171527436	-6.509867332151839
0.30543265858707297	0.8047324274861474	4.454953488039084	-4.006799094302348
0.2929151601592793	0.7959923466072657	4.351547606814259	-5.365530207228309
0.2733543784734216	0.7846714625386175	1.0525766519692827	-8.237891951403292
0.2743326282857057	0.7845813058568097	1.3084525310588022	-6.894573372493968
0.3039780263962416	0.8046730225123164	4.523398914611598	-4.5905783947047984
0.30151591914174947	0.8017005655956814	4.5910323304359615	-5.078814077633172
0.281926213467144	0.7889082942525755	2.969213586481346	-6.556904624966847
0.292900686860413	0.7964761006084651	4.35052114938801	-3.949147050926035
0.2887842590327372	0.7937504896770943	3.9735581574338887	-4.370350692669728
0.2796169464411057	0.7876881432502629	2.525178022733805	-6.119524046727541
0.31042049005753697	0.8083675025171122	4.0595893194614385	-4.11107718891516
0.3019529961447869	0.8021026627803381	4.583451414949812	-4.6617829254794945
0.3101382555832529	0.807849804683338	4.088601253300777	-4.539509822309145
0.29547609506973727	0.7988435301629263	4.500193805567297	-4.222658268042532
0.2882792092995203	0.7944402146131526	3.9156377114353154	-6.05696369111562
0.2928421450615762	0.7974560107652178	4.346347948059983	-5.696146568759732
0.29199258670646117	0.7963273381255587	4.2819290463898625	-4.013977147164539
0.2931912090582679	0.796161860926246	4.370724214216509	-5.397897535959444
0.2766561905589921	0.7867363343546029	1.8778551885671284	-7.27829182205728
0.2743326282857057	0.7845813058568097	1.3084525310588022	-6.894573372493968
0.3039780263962416	0.8046730225123164	4.523398914611598	-4.5905783947047984
0.30151591914174947	0.8017005655956814	4.5910323304359615	-5.078814077633172
0.281926213467144	0.7889082942525755	2.969213586481346	-6.556904624966847
0.292900686860413	0.7964761006084651	4.35052114938801	-3.949147050926035
0.2887842590327372	0.7937504896770943	3.9735581574338887	-4.370350692669728
0.2812712830354323	0.7887466980682478	2.8486981889631475	-5.797207305726793
0.31160846708151535	0.8091578361894098	3.928739844744445	-4.25603910636401
0.30247459141109256	0.8023651259746662	4.571904371398308	-5.004089289439104
0.3101382555832529	0.807849804683338	4.088601253300777	-4.539509822309145
0.29547609506973727	0.7988435301629263	4.500193805567297	-4.222658268042532
0.2882792092995203	0.7944402146131526	3.9156377114353154	-6.05696369111562
0.2928421450615762	0.7974560107652178	4.346347948059983	-5.696146568759732
0.3015317227229709	0.8022928784406543	4.590791512157247	-3.6157809385401753
0.2931912090582679	0.796161860926246	4.370724214216509	-5.397897535959444
0.2766561905589921	0.7867363343546029	1.8778551885671284	-7.27829182205728
0.27384789174603424	0.7843073705921029	1.1828585540218577	-6.994605443133571
0.30319594615612255	0.8041595896132651	4.5514520254934006	-4.614022087583525
0.30151591914174947	0.8017005655956814	4.5910323304359615	-5.078814077633172
0.2817186010266561	0.7887552812688584	2.931474642544675	-6.6805748551193
0.292900686860413	0.7964761006084651	4.35052114938801	-3.949147050926035
0.2844866985569701	0.7913989736143481	3.3992097763460105	-4.8586384305615
0.28759859165594737	0.7931846206865129	3.8335477400778837	-4.317850430661529
0.31160846708151535	0.8091578361894098	3.928739844744445	-4.25603910636401
0.30241652356683657	0.8024131117089971	4.573324453912191	-4.672414752759524
0.3191650396788585	0.8140753463823772	2.7660286551964663	-5.871355260287485
0.30298844317789986	0.8038925251819508	4.557868421519892	-4.222188297216995
0.294088862333951	0.7981365835957566	4.427814642122657	-4.9883698651877335
0.3017178363255796	0.8029904884098006	4.58776757645017	-4.075128348892867
0.3060815724986242	0.8048845200319583	4.41759476437746	-4.813354346905365
0.29288864648653096	0.7959195509215882	4.349665640689932	-5.619404138229288
0.2766561905589921	0.7867363343546029	1.8778551885671284	-7.27829182205728
0.27384789174603424	0.7843073705921029	1.1828585540218577	-6.994605443133571
0.3044293450527365	0.8050089352530981	4.504426896676566	-4.711948580935452
0.30372365411993996	0.8033318362351536	4.533194384632844	-4.57191819036172
0.28674920638271584	0.7920876474838131	3.724604727218282	-5.521166904380191
0.292900686860413	0.7964761006084651	4.35052114938801	-3.949147050926035
0.2907010325484822	0.7950992696423292	4.170168406335635	-4.051151030691343
0.2874269522738089	0.7928679827506316	3.8121147390321766	-4.530126224099012
0.31261145792055967	0.8098989348826658	3.807278030247337	-4.3507897288790875
0.3043204735971778	0.803796387021242	4.509189924138021	-4.399819931102562
0.3191650396788585	0.8140753463823772	2.7660286551964663	-5.871355260287485
0.3028816026273373	0.8036161553095029	4.561004216148186	-3.7893738725049015
0.2918893460530223	0.7966747708574471	4.27360884741945	-5.109420762499145
0.2983893161193502	0.8009149745007454	4.589550871840649	-4.5261493022824
0.3060815724986242	0.8048845200319583	4.41759476437746	-4.813354346905365
0.30264964653158233	0.8020118344191521	4.567419250945942	-7.550133096535308
0.2766561905589921	0.7867363343546029	1.8778551885671284	-7.27829182205728
0.27384789174603424	0.7843073705921029	1.1828585540218577	-6.994605443133571
0.3061409099008166	0.806146452314945	4.413968512607836	-4.720057072298504
0.30622729818306144	0.8051817507820556	4.408626171353772	-4.240714122947738
0.28278901200093676	0.7896159102880439	3.1214318451380807	-5.829858143916122
0.292900686860413	0.7964761006084651	4.35052114938801	-3.949147050926035
0.28962253296582097	0.7944242037402379	4.064063274430212	-4.130505396855894
0.2874269522738089	0.7928679827506316	3.8121147390321766	-4.530126224099012
0.3133666423304013	0.8104370291769404	3.709186748713194	-4.442987522929968
0.30135034921549975	0.8018750161385431	4.59340516963857	-4.115128199366157
0.3017905902864784	0.8029011958055213	4.586491316787419	-3.7948789035459187
0.3190803586221992	0.8149303647633478	2.782221958898917	-5.93526462379752
0.2918893460530223	0.7966747708574471	4.27360884741945	-5.109420762499145
0.2938471797965898	0.7975807909220813	4.413236402380111	-3.927005335283635
0.30036340750522983	0.8011361803101781	4.601862059583286	-4.326441584477802
0.30264964653158233	0.8020118344191521	4.567419250945942	-7.550133096535308
0.2766561905589921	0.7867363343546029	1.8778551885671284	-7.27829182205728
0.2721761499235477	0.7832534587001699	0.7316892192731078	-7.444680160932762
0.3061409099008166	0.806146452314945	4.413968512607836	-4.720057072298504
0.3136198787110821	0.8097205367694751	3.675016904134635	-6.833367267738696
0.2835727304208788	0.790129649028978	3.253246455531976	-5.667829119521716
0.29503914441040063	0.7980379803860679	4.4794719437532775	-3.682418857289041
0.28962253296582097	0.7944242037402379	4.064063274430212	-4.130505396855894
0.2890117678113268	0.7942199604644369	3.9988161514966074	-4.160451408150953
0.3125932546630304	0.8098492277736126	3.8095720696178885	-4.366135009852269
0.3017148579299111	0.8020801634097855	4.587818696058679	-4.224203136854482
0.3017905902864784	0.8029011958055213	4.586491316787419	-3.7948789035459187
0.3190803586221992	0.8149303647633478	2.782221958898917	-5.93526462379752
0.29284658809669717	0.7970890581631971	4.346665875366002	-4.338725021729202
0.2945205520813574	0.7979197574837686	4.4524006371919915	-3.759111250417967
0.30036340750522983	0.8011361803101781	4.601862059583286	-4.326441584477802
0.30264964653158233	0.8020118344191521	4.567419250945942	-7.550133096535308
0.2766561905589921	0.7867363343546029	1.8778551885671284	-7.27829182205728
0.2818257414552255	0.7897123388794753	2.9510040163960287	-5.347939644757288
0.3049205452882262	0.8050583313418412	4.481463554990147	-3.978641595947887
0.30866790425434326	0.8068658255600455	4.226859563845262	-4.359651850652829
0.2835727304208788	0.790129649028978	3.253246455531976	-5.667829119521716
0.2929114672043595	0.7965845186836829	4.35128589868322	-3.8406279891751707
0.29952262127119583	0.8011007391035052	4.601382932404	-3.5435783353057317
0.2890117678113268	0.7942199604644369	3.9988161514966074	-4.160451408150953
0.3113582623906517	0.8089693683487671	3.9574717619831112	-4.2390801607256385
0.3023916484049927	0.802545986648856	4.573922474192052	-4.204924825324149
0.29913864039950666	0.8011493073775177	4.598812682850763	-3.8279106632633955
0.31201068731755843	0.8100879918100939	3.881239335456778	-5.0173027334419
0.29284658809669717	0.7970890581631971	4.346665875366002	-4.338725021729202
0.2945205520813574	0.7979197574837686	4.4524006371919915	-3.759111250417967
0.30036340750522983	0.8011361803101781	4.601862059583286	-4.326441584477802
0.2989266021965081	0.8001422429672282	4.596761470434867	-4.444848088773288
0.2852545991952233	0.7920184572387639	3.5153881601900254	-4.935787700870594
0.2818257414552255	0.7897123388794753	2.9510040163960287	-5.347939644757288
0.3049205452882262	0.8050583313418412	4.481463554990147	-3.978641595947887
0.3077301755580256	0.8061326323058482	4.303744313868089	-4.5190035052575634
0.2835727304208788	0.790129649028978	3.253246455531976	-5.667829119521716
0.2930624137260501	0.7966760441584843	4.361871868115083	-3.836144734430894
0.2918847100814254	0.7963026991668447	4.273232732344983	-4.092039536307933
0.2890117678113268	0.7942199604644369	3.9988161514966074	-4.160451408150953
0.3157280145926154	0.8120997123528841	3.365670169529957	-4.780496549966293
0.3063235759147753	0.8053626877193057	4.4025843229079396	-4.009673944494709
0.30316325028190144	0.8039853757790696	4.552491622927826	-4.162009057638008
0.3034123188363231	0.804281144567764	4.544302785453946	-4.5392721652410915
0.29469161479394546	0.798015570401918	4.46162761717828	-3.735299304427784
0.2945205520813574	0.7979197574837686	4.4524006371919915	-3.759111250417967
0.30036340750522983	0.8011361803101781	4.601862059583286	-4.326441584477802
0.3009269879199283	0.8015540234533709	4.598225851639109	-4.210688671932621
0.2852545991952233	0.7920184572387639	3.5153881601900254	-4.935787700870594
0.2818257414552255	0.7897123388794753	2.9510040163960287	-5.347939644757288
0.31077823269707683	0.8091990189226687	4.021670884295892	-4.765051146194745
0.30831570065662806	0.8064531370650503	4.256767997604351	-4.79351263298418
0.2835727304208788	0.790129649028978	3.253246455531976	-5.667829119521716
0.2915082087792096	0.7953981795934575	4.241969793970108	-4.364584036236286
0.2922965741347413	0.7966012798981388	4.305808534349891	-4.106705306593684
0.2871006630432882	0.7928345055925526	3.7705579150436193	-4.3905152257563795
0.3133951448078189	0.8102717677727123	3.705372862545387	-4.5889659113906465
0.3063235759147753	0.8053626877193057	4.4025843229079396	-4.009673944494709
0.30316325028190144	0.8039853757790696	4.552491622927826	-4.162009057638008
0.3015891102349357	0.8029998624065303	4.589896027963687	-4.332555471885871
0.29235057397903597	0.7965368944217229	4.309953792406566	-3.9527068786189483
0.29638121915514937	0.7991638561173894	4.537044510642285	-3.684698305627113
0.30036340750522983	0.8011361803101781	4.601862059583286	-4.326441584477802
0.30013765321855856	0.8010381369353574	4.602427642614676	-4.175118446527885
0.2935870678177104	0.7972490784625814	4.396893888784344	-3.7750075794032263
0.28612608959282926	0.7926146487409546	3.640095434726572	-4.873370673863793
0.31737547793426973	0.8136397808045226	3.0929862174361	-5.409915120604729
0.30961918352165513	0.8073130737157339	4.139878926541165	-4.997902089987441
0.28830838734077036	0.7932482181204461	3.919053351790281	-4.843985480904012
0.29911080547700564	0.8007595316673244	4.598569050158958	-3.556661654536028
0.2825592263608447	0.7905192335505669	3.081619458996301	-6.049247169143911
0.28903982948523665	0.7941807017527974	4.001895696094135	-4.143291722813745
0.3115217562518089	0.809024239703741	3.9387680490270864	-4.3092664505585425
0.3024799147817715	0.8030879560937396	4.571772498033329	-3.573431431361154
0.3059831593979102	0.8059009477363186	4.423531402753567	-4.3058606638443715
0.3033357119926217	0.8042863669098816	4.546887512168971	-4.731156584956559
0.2930884259407725	0.7970029452337425	4.363673104776642	-3.876205542252758
0.29638121915514937	0.7991638561173894	4.537044510642285	-3.684698305627113
0.2952719107177998	0.7975256701002386	4.490748243355291	-5.301723470962507
0.3027574127996986	0.8032174854461996	4.564505757917865	-3.5863127278487843
0.2935870678177104	0.7972490784625814	4.396893888784344	-3.7750075794032263
0.28285660087154174	0.7905638065737859	3.1330417162694593	-5.542117928066049
0.31737547793426973	0.8136397808045226	3.0929862174361	-5.409915120604729
0.3110399402245758	0.8081538971110688	3.993120983846537	-5.612518771879324
0.28782259184492703	0.7930090167053288	3.8610760377813875	-4.70662938858375
0.29879426827107836	0.800859483475554	4.595253439646932	-3.7337552029371537
0.29834418461519174	0.8010016047630933	4.588813761714735	-4.9591146423482515
0.28903982948523665	0.7941807017527974	4.001895696094135	-4.143291722813745
0.3096496891771905	0.8079685549859563	4.136939878575636	-4.010449015535282
0.3024799147817715	0.8030879560937396	4.571772498033329	-3.573431431361154
0.3046563919606741	0.8049854127222676	4.49411245420042	-4.196364022945729
0.3033357119926217	0.8042863669098816	4.546887512168971	-4.731156584956559
0.2930884259407725	0.7970029452337425	4.363673104776642	-3.876205542252758
0.2988831986843508	0.8007737114721164	4.596286158764395	-3.5814945513963377
0.29742496545713526	0.7991871433893155	4.569368370172841	-4.339190054389375
0.2997108149965909	0.8014017038421142	4.60210424482659	-3.6383120659010064
0.2918252233045633	0.796151417973503	4.268387514556299	-3.951408081298222
0.2838801186677309	0.7912219672358672	3.3032695138253843	-5.362470745166334
0.31737547793426973	0.8136397808045226	3.0929862174361	-5.409915120604729
0.3110399402245758	0.8081538971110688	3.993120983846537	-5.612518771879324
0.2880441276828535	0.7931180989969199	3.887807970338023	-4.764353020645225
0.2973961007738114	0.8000141018106937	4.568620928756846	-3.910513671852695
0.29834418461519174	0.8010016047630933	4.588813761714735	-4.9591146423482515
0.28903982948523665	0.7941807017527974	4.001895696094135	-4.143291722813745
0.30901235651033004	0.8078835886116446	4.196409535311131	-4.343502982802721
0.3024799147817715	0.8030879560937396	4.571772498033329	-3.573431431361154
0.30392021916294365	0.8043436159837877	4.52568179323002	-3.8670929451413523
0.3040076043984993	0.8047674713494147	4.52221791958322	-4.852632845287424
0.2888921391460543	0.794224483063172	3.985599520904482	-4.229895685511171
0.2997260646758052	0.8013160389827229	4.602147181848365	-3.564018140216988
0.2965834690148939	0.7984086206497393	4.544158964796624	-5.175022256181874
0.305616047131732	0.8053192955483773	4.444822457728396	-3.7442549903714557
0.2939564657384852	0.7975704151103593	4.419900852807059	-3.814277213446603
0.27372874349740517	0.7846942489802451	1.1516277935319206	-7.447559025514815
0.31737547793426973	0.8136397808045226	3.0929862174361	-5.409915120604729
0.3110399402245758	0.8081538971110688	3.993120983846537	-5.612518771879324
0.28783547299389056	0.792964240200685	3.8626437982457458	-4.836459791855258
0.2940121808701889	0.7977063118341952	4.423252495000914	-3.943058265377924
0.3090051824377732	0.8080643538587162	4.197055830969679	-4.821018368587626
0.2891175500690628	0.7941576622701757	4.010383802160801	-4.146877655133425
0.30870733312334225	0.8076333829213296	4.223434134053307	-4.234733344388885
0.3028938292024631	0.8033558980698317	4.560651147392432	-3.5841910935669743
0.3057972737944599	0.8058620417520094	4.434480467417914	-4.538504926881116
0.3042254473757566	0.8049098032453572	4.513250357031133	-4.842402709156964
0.2888921391460543	0.794224483063172	3.985599520904482	-4.229895685511171
0.2995619621039214	0.80116421708851	4.601562998665568	-3.5488021267223386
0.2965834690148939	0.7984086206497393	4.544158964796624	-5.175022256181874
0.30703966804924854	0.806265424565092	4.354737753439519	-3.8213145896607905
0.29937405511662724	0.8011709090678708	4.600563349672471	-3.6340617998457807
0.27741073719144227	0.7871335138657108	2.051148413487129	-6.818038397661992
0.31563067900404373	0.812361630528269	3.380931754020304	-5.009024947526603
0.30955213738640247	0.8074515261996478	4.146305741414033	-4.477843584821023
0.2953764670530443	0.7979005790264398	4.495637100099651	-4.217601928950223
0.29078236945397323	0.7956518397994888	4.177698820242346	-4.325045645824014
0.3090051824377732	0.8080643538587162	4.197055830969679	-4.821018368587626
0.2891175500690628	0.7941576622701757	4.010383802160801	-4.146877655133425
0.30844542559833193	0.8076897624236177	4.245896316972771	-4.797939099463425
0.300934451032653	0.8016646368572699	4.598156390995443	-3.9504938960962894
0.30479994438670505	0.8051736976879376	4.487325054080267	-4.451004370628815
0.3030614970362115	0.8043491237257082	4.555658564143915	-5.782135180956583
0.29131899134691297	0.7957238756864461	4.2257228284827155	-3.9307480216273385
0.30389735082604974	0.8038926906379943	4.52657566735102	-3.6726094879810685
0.29476050908175033	0.7975423191871134	4.465261059245471	-4.128511814036962
0.3082629630435761	0.8071872788673459	4.261139593360052	-3.988625601592436
0.2955274868164716	0.7983616068815843	4.502505513773398	-3.6591618331809475
0.2674217011087047	0.7805159292142944	-0.7042054085952777	-8.930322728954032
0.30768242800790657	0.8069043452264901	4.307423884174236	-4.098246397325388
0.30655951595545794	0.8054419416831529	4.387386136808036	-4.181911407850148
0.29693305266767933	0.7990665251882758	4.55549155496143	-3.859906260444893
0.2825321683290723	0.7900290708990583	3.0768966682382515	-5.0885406501463954
0.3082809766745081	0.8076116732586506	4.259649511238837	-4.894792828896738
0.2891175500690628	0.7941576622701757	4.010383802160801	-4.146877655133425
0.30829796448585295	0.8075487316996994	4.258241311615189	-4.664018659884254
0.29928133214870123	0.8005912652329333	4.599939967255121	-3.8851517487959804
0.30479994438670505	0.8051736976879376	4.487325054080267	-4.451004370628815
0.3030614970362115	0.8043491237257082	4.555658564143915	-5.782135180956583
0.2911486289492942	0.7956224407802358	4.210788537271213	-3.9499316807017806
0.30389735082604974	0.8038926906379943	4.52657566735102	-3.6726094879810685
0.29476050908175033	0.7975423191871134	4.465261059245471	-4.128511814036962
0.3082178293709521	0.8071532668992778	4.2648587868071575	-3.9814741231047135
0.2930390794996689	0.7966376793342427	4.360250313597925	-3.857842530292265
0.2674217011087047	0.7805159292142944	-0.7042054085952777	-8.930322728954032
0.30767260924475365	0.8068997802344721	4.308177721544177	-4.1011026493767195
0.305147696979753	0.8045358390159769	4.470028463680781	-3.9993895591008295
0.29693305266767933	0.7990665251882758	4.55549155496143	-3.859906260444893
0.2913446354012652	0.7956818424229481	4.227945702972417	-3.9169186624860712
0.3082809766745081	0.8076116732586506	4.259649511238837	-4.894792828896738
0.28744273395940534	0.7929818290120149	3.8140977325862155	-4.398665874915768
0.30724481145312565	0.8066360794764239	4.340085919700869	-4.118569705880872
0.30516285586430525	0.8043163802726829	4.469246981279618	-4.586850179745191
0.30504129440441663	0.8053599056409909	4.475449138297561	-4.531407746509787
0.3030614970362115	0.8043491237257082	4.555658564143915	-5.782135180956583
0.2948446502480006	0.7981927925678568	4.4696342293303735	-3.804481627406525
0.30305412388821557	0.803221038880417	4.5558840210347284	-3.7552806561083685
0.29476050908175033	0.7975423191871134	4.465261059245471	-4.128511814036962
0.3082178293709521	0.8071532668992778	4.2648587868071575	-3.9814741231047135
0.28125422998432464	0.7891736407120188	2.84550291725461	-5.306379608278828
0.27803484064176764	0.7875172303572714	2.190181256494864	-6.6324937034031315
0.30614509991530126	0.8056830801033336	4.413711119812396	-3.778950128335092
0.305147696979753	0.8045358390159769	4.470028463680781	-3.9993895591008295
0.29662944770029526	0.7988643848662862	4.5457192706323495	-3.8711387915157447
0.28143406900742846	0.788744703794968	2.879053416552933	-6.076443077174035
0.31150440881979014	0.8103463701834314	3.9407652731932474	-7.658009450515382
0.28744273395940534	0.7929818290120149	3.8140977325862155	-4.398665874915768
0.307956036518571	0.8072156651491262	4.286029799233395	-4.373098706503194
0.30516285586430525	0.8043163802726829	4.469246981279618	-4.586850179745191
0.30504129440441663	0.8053599056409909	4.475449138297561	-4.531407746509787
0.30344518948223187	0.8046216716596125	4.543175731815167	-5.859246599458388
0.2905770800420995	0.7955677475220733	4.1585652819925745	-4.458227646434883
0.30305412388821557	0.803221038880417	4.5558840210347284	-3.7552806561083685
0.2906098845101093	0.7950580828155552	4.161651040090145	-4.042766766028581
0.3082178293709521	0.8071532668992778	4.2648587868071575	-3.9814741231047135
0.28326720068987477	0.7902363485738685	3.2025895208929382	-5.054828366556326
0.2772185090172077	0.7870430620661587	2.007540727662338	-6.965627198410736
0.3040306494854658	0.8038432354722373	4.521291708284144	-3.841850308990951
0.30221943064487156	0.8020393584157848	4.577893022720598	-5.694486297394253
0.29638054638705885	0.7986541368420235	4.53702016237641	-3.9673772634241518
0.2866672953755229	0.7922487623600489	3.713717321639807	-4.877413892412632
0.3172668549107841	0.8144396036901761	3.1118009921072267	-9.030229925000832
0.28744273395940534	0.7929818290120149	3.8140977325862155	-4.398665874915768
0.3076666264324984	0.8069152612764448	4.308636580380155	-4.135006739971684
0.30516285586430525	0.8043163802726829	4.469246981279618	-4.586850179745191
0.30504129440441663	0.8053599056409909	4.475449138297561	-4.531407746509787
0.30344518948223187	0.8046216716596125	4.543175731815167	-5.859246599458388
0.3008177321902224	0.8021027532695829	4.599178954982944	-3.603585481619649
0.30305412388821557	0.803221038880417	4.5558840210347284	-3.7552806561083685
0.28466026345842455	0.7909521124926321	3.4259847988328493	-5.15956001831679
0.30260197650818943	0.8032918954485356	4.568670975911725	-3.6265542777894852
0.2818599114647208	0.7893599214402617	2.957208324318733	-5.267486743534002
0.2804181517933207	0.7889623029644798	2.6852784887104275	-5.912509327367044
0.3045575484017838	0.804188527530016	4.498666147484563	-3.8804887321152464
0.30221943064487156	0.8020393584157848	4.577893022720598	-5.694486297394253
0.29255764953526797	0.7962275682733535	4.325579482458089	-4.00723185450628
0.2841989253495251	0.7906382490501762	3.354152584108177	-5.270417003301319
0.3172668549107841	0.8144396036901761	3.1118009921072267	-9.030229925000832
0.28725219607237007	0.7928599527935954	3.7899898597710897	-4.420916910309238
0.3055345249544955	0.8050067710915636	4.449367552297905	-3.7436082146589014
0.30516285586430525	0.8043163802726829	4.469246981279618	-4.586850179745191
0.29934727974874537	0.8013346830916493	4.600392166025584	-3.9152968158352923
0.30344518948223187	0.8046216716596125	4.543175731815167	-5.859246599458388
0.30247265829121106	0.8029458567989795	4.571952189532099	-3.618053172501745
0.30305412388821557	0.803221038880417	4.5558840210347284	-3.7552806561083685
0.28516098581957633	0.7913206785174813	3.5015406754235014	-4.983693663366677
0.3045179292465068	0.8044440538988624	4.500463961275367	-3.6444918898622713
0.2818599114647208	0.7893599214402617	2.957208324318733	-5.267486743534002
0.2804181517933207	0.7889623029644798	2.6852784887104275	-5.912509327367044
0.3045575484017838	0.804188527530016	4.498666147484563	-3.8804887321152464
0.30221943064487156	0.8020393584157848	4.577893022720598	-5.694486297394253
0.2902004135596104	0.7946303340401553	4.1223629126442365	-4.297944935958297
0.2843025061057337	0.790684164458846	3.370465811854938	-5.30745987915363
0.3172668549107841	0.8144396036901761	3.1118009921072267	-9.030229925000832
0.28725219607237007	0.7928599527935954	3.7899898597710897	-4.420916910309238
0.3055345249544955	0.8050067710915636	4.449367552297905	-3.7436082146589014
0.30602453145572506	0.8049675410364056	4.421047488352469	-4.4276142659278594
0.2999353957103732	0.8017374051221737	4.602501516086383	-3.932020998703914
0.3033261841293884	0.8043709623933462	4.547204880344597	-5.0793031693222845
0.30239192551917743	0.802907649530376	4.573915846211112	-3.605305009024941
0.30305412388821557	0.803221038880417	4.5558840210347284	-3.7552806561083685
0.2841593299316169	0.7906435104289166	3.3478882435807362	-5.203209451203667
0.3117740720029595	0.8093124189128029	3.9093785270032013	-4.253122174841491
0.28194569654188567	0.7892955975730915	2.9727330178691806	-5.420289742879683
0.28149722918657744	0.7896318699825403	2.890759745787366	-5.649438185442702
0.3045575484017838	0.804188527530016	4.498666147484563	-3.8804887321152464
0.3021105358594559	0.801885195384453	4.580250576587327	-6.113271034805171
0.29562354448223443	0.7982548530214707	4.506755570162671	-3.817749382715089
0.2843025061057337	0.790684164458846	3.370465811854938	-5.30745987915363
0.3172668549107841	0.8144396036901761	3.1118009921072267	-9.030229925000832
0.2857901181503904	0.7917814760305729	3.5929186737582546	-4.789782037730469
0.3056669374253035	0.8051321638282853	4.4419514857460465	-3.7283777385722194
0.3028819732204725	0.802939366877955	4.5609935364399705	-4.056864117207691
0.2978742703724593	0.8001365704637737	4.579928752410551	-3.6236909288881813
0.3033261841293884	0.8043709623933462	4.547204880344597	-5.0793031693222845
0.31192224167285093	0.8092946620211428	3.891823152128256	-4.3608747999634385
0.3024959976675064	0.8028314680364097	4.571372362876587	-3.7602246784620954
0.2841593299316169	0.7906435104289166	3.3478882435807362	-5.203209451203667
0.3123881662591488	0.8097361794158747	3.8351890683360113	-4.3265445813350665
0.28194569654188567	0.7892955975730915	2.9727330178691806	-5.420289742879683
0.28149722918657744	0.7896318699825403	2.890759745787366	-5.649438185442702
0.3046008773960643	0.8042323030186095	4.496682020589497	-3.859457643017385
0.3028686462687481	0.8024822216882151	4.561376727581561	-5.671627082466542
0.29562354448223443	0.7982548530214707	4.506755570162671	-3.817749382715089
0.2836559980293106	0.7903032598155246	3.2668903825680764	-5.320837365289494
0.3172668549107841	0.8144396036901761	3.1118009921072267	-9.030229925000832
0.28952269084673393	0.7943622112599573	4.05365234919201	-4.138400339257611
0.30609520242602206	0.8054428942616019	4.416764921586647	-3.743765034634934
0.3046216325742933	0.8041910120437711	4.495724946398728	-3.954299356650121
0.304100497657218	0.804442608889542	4.518451979473321	-3.837653530672105
0.3025736175907091	0.8036512300290423	4.569404847141536	-4.318229430202214
0.30033520794187923	0.8015104812898538	4.601960562836079	-3.589630167264791
0.29614888086948654	0.7984011948181481	4.52836679187054	-4.211482619080598
0.28319369834259106	0.7900026627292301	3.1902635076584436	-5.404158370798626
0.3123881662591488	0.8097361794158747	3.8351890683360113	-4.3265445813350665
0.28336334550885356	0.7902648296972543	3.2186310213686604	-5.082787365031086
0.28149722918657744	0.7896318699825403	2.890759745787366	-5.649438185442702
0.3023400779038506	0.8025874524006699	4.575142561677125	-4.015410222825381
0.29763857982725717	0.799166865107033	4.57464085849639	-4.898121208374538
0.294229184468924	0.7973264350450433	4.436010825189034	-3.899351907221397
0.2836559980293106	0.7903032598155246	3.2668903825680764	-5.320837365289494
0.3172668549107841	0.8144396036901761	3.1118009921072267	-9.030229925000832
0.29289308186577184	0.7966159372864136	4.349980957824469	-3.814789075386047
0.30594052381755554	0.8053169381340897	4.42607326852285	-3.7445342387060014
0.3038548835165084	0.8039889249718893	4.528221750028332	-3.617163306705753
0.3014536286738941	0.8025884939458361	4.591957203049738	-3.6688760752486402
0.2988134702274208	0.8010046284921378	4.595483120151489	-3.9781117815592593
0.30108662740652353	0.8021635334507646	4.5966185890545335	-3.54967173929911
0.2964326497067501	0.798560065424491	4.538892444083823	-4.280509725352394
0.2862985901133666	0.7919724855054687	3.6638792202498998	-5.020253381815902
0.31236266577699173	0.8097198915299519	3.8383448590895597	-4.322863636408144
0.283487895340937	0.7902811851510534	3.2392743832983237	-5.1662143648050565
0.2893541919152413	0.7947453838033566	4.035856235770007	-4.5324793420755665
0.2996449065725564	0.8008154623478605	4.601891927946506	-3.9205418261101865
0.29763857982725717	0.799166865107033	4.57464085849639	-4.898121208374538
0.29283260796849436	0.7965445487830879	4.3456648419911215	-3.8376660813277415
0.2836559980293106	0.7903032598155246	3.2668903825680764	-5.320837365289494
0.31231526600165327	0.810507945781225	3.8441935012001878	-5.764976808999073
0.2935733351374744	0.7970459303421025	4.396012278381469	-3.7786315361822824
0.30381587172073565	0.803807031334411	4.529717999712023	-3.6962169602360397
0.30105103553520635	0.8020955232429614	4.596999006176241	-3.549193000590555
0.3017467231095584	0.8029278757615311	4.587267176550246	-3.8953957135561934
0.3004895929692481	0.8020827626533317	4.601323878279888	-3.87979576189164
0.3008293128427001	0.8018655820970405	4.599083585702237	-3.5763117018711004
0.29784309039961937	0.799561222982667	4.579261089536503	-4.067042985138341
0.28443284212991604	0.7907347616272397	3.3908403638969906	-5.378395414702987
0.3090873525750305	0.8076131084385217	4.189622500543005	-3.9648110926109483
0.28405265102131183	0.7907109591175203	3.3309326874172425	-4.968378265007761
0.287112728250954	0.7930396502212653	3.7721135189887818	-4.422219121629304
0.2993465870092934	0.8006284333957506	4.600387641975453	-3.8974430395273663
0.29763857982725717	0.799166865107033	4.57464085849639	-4.898121208374538
0.29724131959519084	0.7992460194088624	4.564470796778184	-3.8975917297160807
0.2970700684034015	0.7997601335811722	4.5595998888538425	-3.8504036354197915
0.3071000666001753	0.806792384739961	4.350467656022948	-4.760259438090879
0.2935733351374744	0.7970459303421025	4.396012278381469	-3.7786315361822824
0.30788174159189863	0.806910601869504	4.291913132050249	-3.9406276244137555
0.3011179660515635	0.8021403495471784	4.596273144195331	-3.5499241785607207
0.30175119548725376	0.8029334774714934	4.587188956484684	-3.9005846705580867
0.29942551297276254	0.8013600121401097	4.600872207935253	-3.8609362127824634
0.30031047617985657	0.8012648073730649	4.602040407366282	-3.91001487045812
0.29783671095100156	0.799555144759675	4.579123287109991	-4.071663824261765
0.28443284212991604	0.7907347616272397	3.3908403638969906	-5.378395414702987
0.3090873525750305	0.8076131084385217	4.189622500543005	-3.9648110926109483
0.2685217653054449	0.7806290072253684	-0.35187391276987967	-9.132592194635
0.287112728250954	0.7930396502212653	3.7721135189887818	-4.422219121629304
0.29815049273181304	0.799482519272463	4.585418998982192	-4.984064519618272
0.29753128539207374	0.7991007055414279	4.5720496255806315	-4.881022370989002
0.2976793610525386	0.7995294983838346	4.5755955590352	-3.9009196223274287
0.29734943011639164	0.79994988324483	4.567394781118116	-3.8493145041113284
0.30671601183362684	0.8066337750318264	4.376998309910494	-5.098957895368141
0.2935733351374744	0.7970459303421025	4.396012278381469	-3.7786315361822824
0.3110562964229789	0.8092351644057041	3.9913139316936945	-4.453349127272704
0.3011179660515635	0.8021403495471784	4.596273144195331	-3.5499241785607207
0.30175119548725376	0.8029334774714934	4.587188956484684	-3.9005846705580867
0.3008525613990533	0.8023923029584588	4.598888079961795	-4.0243637009057815
0.3000191880058067	0.8012961442947935	4.60252054375974	-3.5913189243021844
0.29783671095100156	0.799555144759675	4.579123287109991	-4.071663824261765
0.28443284212991604	0.7907347616272397	3.3908403638969906	-5.378395414702987
0.3115278805470486	0.809410844385409	3.938062235122464	-4.29969670682595
0.2751717686197882	0.7850175707530687	1.5203170173109082	-6.798394256061265
0.29310143940388456	0.7968707362883529	4.364571693166191	-3.784297072515791
0.2984119818530468	0.7996437578925437	4.58991337648231	-5.030776697335658
0.29753128539207374	0.7991007055414279	4.5720496255806315	-4.881022370989002
0.30564381276995906	0.8044211306866456	4.443259271745808	-5.4516502703081295
0.30847602947812913	0.8078879676999485	4.243307006087003	-5.440456635777059
0.30671601183362684	0.8066337750318264	4.376998309910494	-5.098957895368141
0.2935733351374744	0.7970459303421025	4.396012278381469	-3.7786315361822824
0.308699007066964	0.8076730344465048	4.224158764902123	-4.323365713384382
0.29969271478693327	0.8014221002546962	4.602050263646726	-3.6756167297924716
0.30208202955041485	0.8031215758569806	4.58084814941357	-3.8421460470013775
0.3019814770179196	0.803221457505109	4.582891128794856	-4.218149382783466
0.30057707660148786	0.8014327954064675	4.60085729763765	-3.9324950885687384
0.29783671095100156	0.799555144759675	4.579123287109991	-4.071663824261765
0.2828314925273917	0.7896809974333512	3.1287341404725413	-5.704961129648556
0.30387929246376966	0.8041434242394234	4.527277834560273	-3.6610054710549136
0.2751717686197882	0.7850175707530687	1.5203170173109082	-6.798394256061265
0.2991895815051918	0.8011801631178884	4.599238493973938	-3.8217189148714867
0.29766596865806394	0.7991458544194158	4.575283873131875	-5.057232011803981
0.3013913526128611	0.8016322469152902	4.592843074190997	-5.01485772446952
0.30511112577489474	0.8040891192076651	4.471904351223606	-5.304336839507919
0.308239471608776	0.807703578799556	4.263077922698442	-5.329683500740345
0.30671601183362684	0.8066337750318264	4.376998309910494	-5.098957895368141
0.29509199949162285	0.7981638499519735	4.482080039706422	-3.6634674806628693
0.308699007066964	0.8076730344465048	4.224158764902123	-4.323365713384382
0.29969271478693327	0.8014221002546962	4.602050263646726	-3.6756167297924716
0.3000088739010173	0.8016148033547374	4.602521990926977	-3.652755091397051
0.3019814770179196	0.803221457505109	4.582891128794856	-4.218149382783466
0.30057707660148786	0.8014327954064675	4.60085729763765	-3.9324950885687384
0.302988939388162	0.8035621181339536	4.557853591327041	-3.644902642186314
0.2828314925273917	0.7896809974333512	3.1287341404725413	-5.704961129648556
0.30355047628996285	0.803983683957713	4.539492975229631	-3.7032238587194577
0.2751717686197882	0.7850175707530687	1.5203170173109082	-6.798394256061265
0.2991895815051918	0.8011801631178884	4.599238493973938	-3.8217189148714867
0.29847436109884207	0.8000537628645746	4.590884514373942	-3.894228271919088
0.30128619612135393	0.8014054945833491	4.594250882344644	-5.727416915518839
0.3057065067970836	0.8045068469351587	4.439701285531766	-5.268124479481929
0.30925962364587095	0.8084389331210228	4.17381923434171	-5.568867044776351
0.3065427341011571	0.8065088887089854	4.3884855370653515	-5.0613575604128
0.29602937870920937	0.7987225005362936	4.523693217483174	-3.627659642550338
0.30549826174246536	0.8054118489755561	4.451367973714282	-3.9414700089104873
0.29969271478693327	0.8014221002546962	4.602050263646726	-3.6756167297924716
0.30134738563560254	0.8024660651905527	4.593445144402433	-3.6159842314248793
0.3022628883743515	0.8033581683269414	4.576919065683698	-4.087780805409337
0.3006176985210269	0.8014673600213015	4.600614627343179	-3.9171949164154514
0.3033285660303776	0.8038260477511799	4.547125625564655	-3.687423837230603
0.2828314925273917	0.7896809974333512	3.1287341404725413	-5.704961129648556
0.30354948019631595	0.8039380856251549	4.539528336337378	-3.661658268460462
0.2751717686197882	0.7850175707530687	1.5203170173109082	-6.798394256061265
0.29821549873974434	0.8004742591274103	4.586600160918303	-3.743989342131547
0.29910118236212646	0.8005319248539418	4.598483018926811	-3.776333562680054
0.30128619612135393	0.8014054945833491	4.594250882344644	-5.727416915518839
0.3035378583259284	0.8034060694713236	4.539940176985869	-4.020142191566816
0.31001882578889833	0.8091067271766613	4.100638033716101	-6.3088102397638375
0.3065427341011571	0.8065088887089854	4.3884855370653515	-5.0613575604128
0.29010203683052105	0.7946618442122382	4.112674010135765	-4.159158008954887
0.30583852460796473	0.8056456879820753	4.432080536668524	-3.9657788951347026
0.2983812656627419	0.800432556594635	4.589420880384482	-3.5845764398502933
0.3006802530039544	0.8018128871411319	4.600208663910629	-3.5536191597878917
0.30225837457295773	0.8033579987415704	4.577021106098663	-4.094679472084272
0.3006176985210269	0.8014673600213015	4.600614627343179	-3.9171949164154514
0.3037471403369937	0.8041133783541001	4.532317081131947	-3.7072329878425476
0.2828314925273917	0.7896809974333512	3.1287341404725413	-5.704961129648556
0.30665314679756067	0.8059627822127451	4.381200573108114	-3.7757770543182723
0.2751717686197882	0.7850175707530687	1.5203170173109082	-6.798394256061265
0.29821549873974434	0.8004742591274103	4.586600160918303	-3.743989342131547
0.29910118236212646	0.8005319248539418	4.598483018926811	-3.776333562680054
0.30128619612135393	0.8014054945833491	4.594250882344644	-5.727416915518839
0.3031619425604169	0.802717508558846	4.552532980880694	-5.496140812792821
0.31001882578889833	0.8091067271766613	4.100638033716101	-6.3088102397638375
0.30409455806219826	0.8044257704616785	4.5186953560340095	-3.818111246742041
0.2960417446829894	0.7989108720394134	4.52418345888436	-3.673425317506193
0.30506597483919595	0.8051052836947411	4.4742018793007405	-3.896575891576144
0.29835071412593595	0.8004283396442098	4.588921665185637	-3.5952681014597943
0.3006802530039544	0.8018128871411319	4.600208663910629	-3.5536191597878917
0.30225837457295773	0.8033579987415704	4.577021106098663	-4.094679472084272
0.3006195938131493	0.801468614892501	4.600602902191109	-3.917232141179615
0.3026118959383526	0.8032174028962131	4.568412382693659	-3.5841072717889437
0.28447277192202897	0.7907965830574363	3.3970483257309154	-5.2742717960044185
0.31084351318868564	0.8090839200639606	4.014613493291575	-4.420939148457807
0.2751717686197882	0.7850175707530687	1.5203170173109082	-6.798394256061265
0.29821549873974434	0.8004742591274103	4.586600160918303	-3.743989342131547
0.2992321736278443	0.8005500052430616	4.599574597968685	-3.902643059895409
0.3021729428451571	0.8020257405132505	4.578913981615976	-5.607827355564162
0.3029586651767207	0.8028616008357243	4.5587538865178745	-4.406932900401958
0.314587795820815	0.8122651756292644	3.538503450108638	-6.879455025540719
0.3034007154832028	0.8039404224367588	4.544698055669097	-3.7681984791314322
0.29459480782075304	0.7981373032712527	4.4564418721846115	-3.9903736148127544
0.3033845297196065	0.8039342160200594	4.545247177543075	-3.7742075408380913
0.293600674146134	0.7973077072551585	4.397765527737786	-3.8099229566031205
0.298776593868883	0.8004565262464292	4.595038771849301	-3.6067892534321286
0.3022220948621467	0.8027922377006383	4.57783385677568	-3.6022054670906876
0.29902185550557	0.8001489259808027	4.597738551397655	-4.637027276258137
0.30309860395378085	0.8035359669706985	4.554515652345642	-3.5955470726022876
0.286130660098084	0.7919989195604858	3.6407294380831816	-4.747579712851038
0.3057436159225841	0.8052852521952188	4.4375767653267655	-3.7073492760379043
0.27643092754941073	0.7858315687655661	1.8250165037519466	-6.471548883646058
0.29513278833042683	0.7983122925277579	4.484073637475428	-3.7166594206791546
0.29942941417681984	0.8005647004082602	4.600894543749503	-4.179507315682956
0.3021729428451571	0.8020257405132505	4.578913981615976	-5.607827355564162
0.3030465001710357	0.8028698722939346	4.556116568196971	-4.572034978966754
0.314587795820815	0.8122651756292644	3.538503450108638	-6.879455025540719
0.3034007154832028	0.8039404224367588	4.544698055669097	-3.7681984791314322
0.29052124159614934	0.7956512051912431	4.153288080264727	-4.796667759399017
0.3032135682926137	0.8037662631736439	4.550887278801112	-3.7024477836132954
0.2906078898759471	0.7956605288690395	4.16146372174589	-4.6459632785085025
0.29701455848559877	0.7996424134796289	4.557958079478023	-3.728513306030753
0.3022220948621467	0.8027922377006383	4.57783385677568	-3.6022054670906876
0.2992485561929431	0.8003021917845605	4.599699045681753	-4.626575392520628
0.30135558530680756	0.8024205025361518	4.593334327037411	-3.579632726912422
0.28500620033746993	0.7910995577729449	3.478452243057141	-5.306238420161357
0.3117047254496915	0.8098586618518794	3.9175193953942906	-4.929314433442389
0.2865497302511009	0.7923092513698845	3.697973603066827	-4.627319375368928
0.28897765351878973	0.7942759926774151	3.9950617748983333	-4.216402924459414
0.2994975856457376	0.8006010044758117	4.601260283740729	-4.204246578959257
0.30222855402379023	0.8020585161300321	4.577690119472815	-5.630649981471227
0.3030465001710357	0.8028698722939346	4.556116568196971	-4.572034978966754
0.314587795820815	0.8122651756292644	3.538503450108638	-6.879455025540719
0.3034007154832028	0.8039404224367588	4.544698055669097	-3.7681984791314322
0.2963599890854365	0.7990162434593031	4.536273987366866	-3.610830261037637
0.29477867687665743	0.7977142351210483	4.466211308865815	-3.8330354419061843
0.28869536777770927	0.7944861436438057	3.9635488362513054	-5.0900728619195945
0.2944326683303091	0.7979901037655975	4.4475464750558595	-3.9281930099695463
0.2999489429190532	0.8013964075247986	4.602509350529999	-3.5431816493951374
0.29924809815943165	0.8003014761977867	4.599695602768323	-4.628039592540601
0.29946265949548384	0.8009957021107862	4.601078710568605	-3.5537126929932255
0.28562144574022025	0.7915255774203761	3.5688082716504232	-5.137717814083944
0.3117047254496915	0.8098586618518794	3.9175193953942906	-4.929314433442389
0.28761556492267176	0.7931726316519031	3.835651223734785	-4.324019851907324
0.28897765351878973	0.7942759926774151	3.9950617748983333	-4.216402924459414
0.2994975856457376	0.8006010044758117	4.601260283740729	-4.204246578959257
0.3042493330538713	0.8032495047175442	4.512238227643957	-6.570075980505953
0.3036414456975404	0.8032720978247369	4.536221750816895	-4.5836697772232755
0.31013124701166556	0.8090259206963084	4.089311554600661	-5.607535094450052
0.30312950592923227	0.8037510431974435	4.553553347852073	-3.7505819374658245
0.29275762130960015	0.7963978523930496	4.340262139181785	-3.938433775712557
0.297022275120342	0.7989047944450924	4.5581881573629035	-4.397186299579178
0.2883716079080385	0.7945761383072237	3.9264248714356125	-6.422899019667655
0.2923127922291147	0.7964348150681821	4.307056568093779	-3.881333388857362
0.30179628377423645	0.8025953398265122	4.586389207669647	-3.559822960368244
0.2992664326886416	0.8003607986531479	4.599831779656106	-4.466762571426934
0.29266712030735254	0.7958549459555897	4.333666761723366	-5.274400843921098
0.2893925773944748	0.794292342154892	4.039935312996542	-4.141246739943588
0.3146932445457384	0.8121406909121645	3.5230652082532186	-6.034432360175298
0.28766979713631	0.7932068086444074	3.8423528713588326	-4.317806753754178
0.2890897893612917	0.7942804112287176	4.007358903752657	-4.156199057830481
0.2995150555526322	0.8004035784530626	4.601346529072409	-4.91217630823862
0.2993170344587148	0.8004705661803022	4.600190175004659	-4.233717868797125
0.29666505447469993	0.7988755951829587	4.546913076373979	-3.8926627857654843
0.3093751124735006	0.8084943717893945	4.163058715203642	-5.482491602858664
0.3027556069448121	0.8034543444900499	4.564555536486091	-3.6851766598449336
0.2905678887566426	0.7950382560761093	4.157698772122227	-4.040327646563686
0.297022275120342	0.7989047944450924	4.5581881573629035	-4.397186299579178
0.2905453533470217	0.7960620443651325	4.155570667994206	-6.511120024311359
0.2923127922291147	0.7964348150681821	4.307056568093779	-3.881333388857362
0.30179628377423645	0.8025953398265122	4.586389207669647	-3.559822960368244
0.3002709556586155	0.8010125308184961	4.602155299812895	-4.524038797288793
0.29266712030735254	0.7958549459555897	4.333666761723366	-5.274400843921098
0.2846820579254248	0.7911391368962235	3.4293256376573664	-4.84108814479021
0.3222631899687776	0.8177433897217787	2.1242742467281697	-8.7811688106897
0.2915403208102499	0.7955945432219929	4.244691524690119	-4.038945924455198
0.2890897893612917	0.7942804112287176	4.007358903752657	-4.156199057830481
0.29960746776631025	0.8004905784752108	4.601751976885146	-4.811908739380294
0.2973215626068029	0.799320801868679	4.566652250311193	-3.855123217382613
0.29517320959835897	0.7977484280300129	4.486032856750704	-4.274892931681656
0.3048437420562029	0.8050456912081999	4.4852131991224296	-4.053139763460874
0.30406737469423784	0.8044151969278963	4.519804700140941	-3.828628138775837
0.29858629993077196	0.800775236197161	4.592529645228897	-3.8251846301908152
0.29672680593418094	0.798847311564031	4.548953387695009	-4.034249928039855
0.2905453533470217	0.7960620443651325	4.155570667994206	-6.511120024311359
0.2923127922291147	0.7964348150681821	4.307056568093779	-3.881333388857362
0.2957902938607532	0.7986651151975372	4.513914255763512	-3.6396820970223134
0.3002709556586155	0.8010125308184961	4.602155299812895	-4.524038797288793
0.2927245593389748	0.7957609451627069	4.33786220059708	-5.879862517556397
0.28263491074902425	0.7896801889150156	3.094790761185808	-5.414445414381104
0.3093173690604411	0.8084136993009394	4.168455553615247	-5.31615817416295
0.29182642168484685	0.7958049044458712	4.268485472287866	-3.987212202761439
0.2916336563345665	0.7960017532239888	4.252543853016879	-3.9462666126169905
0.2983444780731048	0.79970954416951	4.58881862040542	-4.60690503243424
0.29739801740429334	0.7993785400531319	4.5686708175157715	-3.8406356490636657
0.29522272858699	0.7977711690418743	4.488410773889761	-4.2998747907414625
0.3048437420562029	0.8050456912081999	4.4852131991224296	-4.053139763460874
0.30406737469423784	0.8044151969278963	4.519804700140941	-3.828628138775837
0.29849718550344534	0.8003825151434611	4.5912301276023	-3.5558097179835233
0.29614530039312376	0.7984330448732253	4.528228839361315	-4.124001751220579
0.290331623200378	0.7960169665195366	4.135134834960228	-7.089933577760929
0.2923023050664811	0.7964326032197118	4.30624984820996	-3.885618784821885
0.2967856631574271	0.7993833436968137	4.5508625779699665	-3.6311443846274036
0.3002709556586155	0.8010125308184961	4.602155299812895	-4.524038797288793
0.29270478109696857	0.7953413175580047	4.336421290441839	-8.436372941330584
0.2819346086496581	0.7891152108225509	2.9707305614525326	-5.831922728878832
0.3093173690604411	0.8084136993009394	4.168455553615247	-5.31615817416295
0.29460424934892254	0.7974617844525611	4.45695175921456	-4.085913561825594
0.2927726630756219	0.7967815442523567	4.341350389565178	-3.8848208357441942
0.29826989304463386	0.7996482166166651	4.587556034272542	-4.64998047059215
0.29503440143272314	0.7978625107819463	4.479236539000864	-3.849400476073628
0.29533128219707155	0.7978531353099887	4.493537755040669	-4.266535172881341
0.30160171340902064	0.802594330296955	4.589694955434391	-3.5883534019331247
0.3091500264238654	0.8080949134230879	4.183907466870396	-4.635843475419433
0.29849718550344534	0.8003825151434611	4.5912301276023	-3.5558097179835233
0.29719592569488834	0.7988853616255123	4.563208221114636	-4.862723549239873
0.2926116745377269	0.7969117430656008	4.3295856189752095	-4.300135825124932
0.29128525298888663	0.795554513425856	4.2227883073190275	-3.944487397124427
0.296639328359083	0.7993572290594201	4.546051815267256	-3.6980111746829243
0.2994002513424208	0.8006489430348341	4.600723892396234	-3.9287633300368565
0.29272575059312017	0.7957862195588571	4.337948862490117	-5.758330710205377
0.2895500671141835	0.7940564101914344	4.056516898067231	-4.708608268557554
0.3080817048505189	0.8075629381640842	4.27595261820307	-5.189493362226579
0.2938300080448185	0.7971156272384362	4.412178381022553	-3.8520329569908576
0.2927726630756219	0.7967815442523567	4.341350389565178	-3.8848208357441942
0.29823578990928307	0.7996421306342211	4.586960198436636	-4.591970631773811
0.29454042143847575	0.79766865474641	4.453487394310298	-3.7310807947742317
0.2970434917752184	0.7991221414001731	4.558817680241567	-3.8890828608851606
0.30259858768156045	0.8032589724339617	4.568759094963784	-3.605945907493119
0.31410243490697304	0.8117505310851605	3.6081290331305143	-6.025913047361267
0.2981562975886133	0.8001294941474074	4.585526191748808	-3.5676352184935114
0.29719592569488834	0.7988853616255123	4.563208221114636	-4.862723549239873
0.2797064606793486	0.788001042396973	2.543383693863458	-5.6601307107314405
0.28712590132856397	0.7929215674564485	3.7738103016482207	-4.371034781707683
0.29373923082385883	0.797188753219321	4.406536231272978	-3.75142347208305
0.2994002513424208	0.8006489430348341	4.600723892396234	-3.9287633300368565
0.2899597794489453	0.7936265310732094	4.0984922410884685	-8.115356558378618
0.2895500671141835	0.7940564101914344	4.056516898067231	-4.708608268557554
0.32174477049948597	0.8171851532556161	2.238347164280996	-7.755831145755663
0.2938300080448185	0.7971156272384362	4.412178381022553	-3.8520329569908576
0.29166444214248133	0.7962000315099332	4.255114760677368	-4.184793810863941
0.2982656390507754	0.7996638535716059	4.587482345146598	-4.584853626000224
0.2938268251649724	0.7971521214331609	4.411981946938483	-3.810403154081853
0.2973279798847724	0.7993796704993791	4.566823927176669	-3.7650107318037005
0.31244005839023264	0.8107079840883317	3.828747120895584	-6.263014669320385
0.31410243490697304	0.8117505310851605	3.6081290331305143	-6.025913047361267
0.2920322165100041	0.7955940268438576	4.285094515940319	-4.739378011265625
0.3029652372067459	0.8033597645474916	4.5585592261962224	-3.59164545466382
0.2797064606793486	0.788001042396973	2.543383693863458	-5.6601307107314405
0.2898393488416659	0.7946346724621766	4.086328224850794	-4.06893278135548
0.29373923082385883	0.797188753219321	4.406536231272978	-3.75142347208305
0.29473286680680355	0.7971770512308796	4.463808924283215	-5.299038301829866
0.2899597794489453	0.7936265310732094	4.0984922410884685	-8.115356558378618
0.2896524224121124	0.794261014220586	4.067160574970808	-4.37441390168849
0.32174477049948597	0.8171851532556161	2.238347164280996	-7.755831145755663
0.2938300080448185	0.7971156272384362	4.412178381022553	-3.8520329569908576
0.294184753505211	0.7976149916707244	4.433436925681796	-3.7245763808763366
0.2982656390507754	0.7996638535716059	4.587482345146598	-4.584853626000224
0.2857013178565589	0.7913017679381034	3.580260829461767	-6.105740545855807
0.2970475358800717	0.7991756046592392	4.558937162760254	-3.800440701987985
0.307005474109028	0.8068429830129143	4.357139047196264	-5.164811153003817
0.31410243490697304	0.8117505310851605	3.6081290331305143	-6.025913047361267
0.2917038343094706	0.7952872457277457	4.25839055883399	-5.092802876656141
0.3046640485719724	0.8046957629376356	4.4937556392489855	-3.7113215991319235
0.2797064606793486	0.788001042396973	2.543383693863458	-5.6601307107314405
0.2890487126970212	0.7942239052876746	4.002868916695652	-4.149117797756853
0.29303246016691126	0.7966004643232983	4.359789328029183	-3.892549476275417
0.29473286680680355	0.7971770512308796	4.463808924283215	-5.299038301829866
0.2894812771097526	0.7933640005159167	4.049304728448499	-7.824707749247443
0.29109847424670804	0.7953440590895935	4.206336580974974	-4.030851743357263
0.32174477049948597	0.8171851532556161	2.238347164280996	-7.755831145755663
0.2959798789837488	0.7990537831542787	4.521715519731051	-3.9217327742230834
0.2882691311985549	0.7934194479769451	3.914455970473986	-4.422274085037012
0.29875710040906744	0.8000710201090412	4.594798387691872	-4.317158127471311
0.2857013178565589	0.7913017679381034	3.580260829461767	-6.105740545855807
0.2994949684418971	0.8010061569360218	4.601247100284175	-3.5576858873163903
0.30595153762111504	0.8060314766922511	4.425418384379834	-4.754765134298116
0.3091807987938392	0.8082506543247685	4.181087052192776	-5.052047657105835
0.2917038343094706	0.7952872457277457	4.25839055883399	-5.092802876656141
0.3046640485719724	0.8046957629376356	4.4937556392489855	-3.7113215991319235
0.27939499221827846	0.787793573627735	2.47969065623355	-5.731269005518436
0.2890487126970212	0.7942239052876746	4.002868916695652	-4.149117797756853
0.29653392802066625	0.7991565591184038	4.542454109827961	-3.6105510393874987
0.301476360949721	0.8012950260348315	4.591624176388268	-7.084518478924747
0.2894812771097526	0.7933640005159167	4.049304728448499	-7.824707749247443
0.2905922741442216	0.7953915662367593	4.159995855770169	-4.1151106674158
0.3142337441869142	0.8115932553435976	3.589525016765005	-5.225405783583515
0.2959798789837488	0.7990537831542787	4.521715519731051	-3.9217327742230834
0.29065651224817723	0.7951639357236998	4.166018567815264	-3.9913568610103525
0.2994876688521531	0.8003715259742984	4.601209968632303	-4.968120008403219
0.2902075833740874	0.7943285170826666	4.123065267780329	-5.15412519397447
0.3007446707617686	0.801700274702682	4.599749711940408	-3.67414846118319
0.30595153762111504	0.8060314766922511	4.425418384379834	-4.754765134298116
0.31364512714677567	0.811361112581537	3.6715749103992006	-5.689255694630859
0.2911211411534897	0.7949138828066475	4.208351712576303	-5.112409770586338
0.3046640485719724	0.8046957629376356	4.4937556392489855	-3.7113215991319235
0.27939499221827846	0.787793573627735	2.47969065623355	-5.731269005518436
0.29249183613902957	0.7966228533247794	4.320659761841663	-3.9337134756489913
0.2946291076445053	0.7976635137636909	4.458289961186017	-3.7824630189270128
0.3059450332457539	0.8049023027901547	4.425805283191978	-4.455425845977486
0.2899254683641029	0.7940443030796795	4.095041446244115	-5.588834226275092
0.2943461310224759	0.7977170077806617	4.442691212582528	-3.713555497986138
0.31386512925745186	0.8113275709604161	3.6413133380283345	-5.146051107598401
0.2959798789837488	0.7990537831542787	4.521715519731051	-3.9217327742230834
0.29065651224817723	0.7951639357236998	4.166018567815264	-3.9913568610103525
0.2988646888234604	0.7999658536492322	4.596077727319695	-4.9374390969257576
0.2902075833740874	0.7943285170826666	4.123065267780329	-5.15412519397447
0.3007446707617686	0.801700274702682	4.599749711940408	-3.67414846118319
0.3059513557635072	0.8059999058106091	4.425429207538422	-4.651024925256912
0.31364512714677567	0.811361112581537	3.6715749103992006	-5.689255694630859
0.2911211411534897	0.7949138828066475	4.208351712576303	-5.112409770586338
0.3007360093721839	0.8020905910684833	4.59981383567786	-3.642971491458656
0.27939499221827846	0.787793573627735	2.47969065623355	-5.731269005518436
0.29249183613902957	0.7966228533247794	4.320659761841663	-3.9337134756489913
0.28763749249966264	0.7930587594853303	3.838364426178088	-4.428134187924514
0.3032600687287535	0.8032390193368335	4.549382144076591	-3.968780236827368
0.2894035549613758	0.7937345032726609	4.04109914737466	-5.512789661561221
0.2888596217931461	0.7939617398771698	3.98198225169885	-4.18847347230208
0.31386512925745186	0.8113275709604161	3.6413133380283345	-5.146051107598401
0.29368465288448165	0.7971972824751667	4.403104338710144	-3.7431215048684328
0.290419557054159	0.7949755776333685	4.143597949465002	-4.030200291256223
0.2988646888234604	0.7999658536492322	4.596077727319695	-4.9374390969257576
0.2902075833740874	0.7943285170826666	4.123065267780329	-5.15412519397447
0.30198670165239416	0.8025093057279781	4.582787467379445	-3.72104747385872
0.30744709170225704	0.8071011925032366	4.325226510548445	-5.034638122981933
0.30781209162472434	0.80712211315646	4.297378506892132	-4.372857715553833
0.2911211411534897	0.7949138828066475	4.208351712576303	-5.112409770586338
0.30072738410746497	0.8020846874641323	4.59987694645861	-3.642780975749699
0.2809781295559859	0.7888181780026204	2.793364608713288	-5.408219983748298
0.29249183613902957	0.7966228533247794	4.320659761841663	-3.9337134756489913
0.287329871912854	0.7928314714565633	3.799861655934142	-4.502689866916848
0.302364098285798	0.8026591484603437	4.574577581133007	-3.8993514552756556
0.28745835267644104	0.7923354896584504	3.816057796714907	-6.362333790274257
0.2888047363650582	0.7939236280781458	3.975852745378325	-4.195918266868284
0.31386512925745186	0.8113275709604161	3.6413133380283345	-5.146051107598401
0.2932210665948448	0.7968509211047361	4.37275269409993	-3.7837725526990624
0.2903994552928128	0.7949773453112338	4.141670091284074	-4.023895667659484
0.2988646888234604	0.7999658536492322	4.596077727319695	-4.9374390969257576
0.28738409044946966	0.7924899140989707	3.806716515721763	-5.47447423353604
0.29662641820607993	0.7989699363170549	4.545617114056229	-3.712364342759967
0.30554289868495615	0.8057551215175642	4.4489037554991295	-4.735800898419614
0.30781209162472434	0.80712211315646	4.297378506892132	-4.372857715553833
0.2911211411534897	0.7949138828066475	4.208351712576303	-5.112409770586338
0.3063955987275361	0.8059853670121704	4.398003969239268	-3.9393516481945188
0.28540915085922397	0.7917947048325491	3.5380579914131527	-4.6073584583422775
0.291839019718995	0.7962236953078946	4.269514388922813	-4.0228567984362815
0.2891911851126898	0.7938361709150191	4.018369988316884	-4.709012664144645
0.299351274940937	0.8007247893765136	4.600418163646292	-3.7336462901939633
0.28745835267644104	0.7923354896584504	3.816057796714907	-6.362333790274257
0.2888047363650582	0.7939236280781458	3.975852745378325	-4.195918266868284
0.31386512925745186	0.8113275709604161	3.6413133380283345	-5.146051107598401
0.2911920438591001	0.7952610602863895	4.2146219277574914	-4.240241460333834
0.2903994552928128	0.7949773453112338	4.141670091284074	-4.023895667659484
0.29621210764201816	0.7982726279387822	4.530781742079288	-4.749396085845202
0.2897332925504112	0.7941369971942422	4.075495975380363	-4.802497887695608
0.29662641820607993	0.7989699363170549	4.545617114056229	-3.712364342759967
0.309201970426112	0.8083415633546339	4.179141086042371	-5.332062754332576
0.30781209162472434	0.80712211315646	4.297378506892132	-4.372857715553833
0.2911211411534897	0.7949138828066475	4.208351712576303	-5.112409770586338
0.30809445637892485	0.8072053483696658	4.274921264305987	-4.165738385364137
0.286295472722552	0.7924030974191721	3.6634520451659958	-4.4826539781754215
0.29140698632013173	0.7955296558103299	4.233322964145558	-4.022452435360534
0.2891911851126898	0.7938361709150191	4.018369988316884	-4.709012664144645
0.299351274940937	0.8007247893765136	4.600418163646292	-3.7336462901939633
0.28745835267644104	0.7923354896584504	3.816057796714907	-6.362333790274257
0.28829200320222387	0.7935675921696054	3.9171364395738943	-4.268685730653871
0.31386512925745186	0.8113275709604161	3.6413133380283345	-5.146051107598401
0.2921238503536199	0.7959260527251618	4.292353718396706	-4.066360128256994
0.28977673056361264	0.7946243130191583	4.079946194812715	-4.067225365862191
0.29621210764201816	0.7982726279387822	4.530781742079288	-4.749396085845202
0.2897332925504112	0.7941369971942422	4.075495975380363	-4.802497887695608
0.3007060855718021	0.8019564379748906	4.600029600484038	-3.5590795598200318
0.3013160140339936	0.8026252013809416	4.593862919969233	-3.863481790857641
0.3077476200496345	0.8071031082869836	4.302394302490079	-4.429454213080085
0.290971740373259	0.7948304555191501	4.194975025218368	-5.072076787042975
0.30809445637892485	0.8072053483696658	4.274921264305987	-4.165738385364137
0.2853805754879128	0.7919416595926467	3.533884519334494	-4.684403373305143
0.2934168499892382	0.7970221285993125	4.385833064336611	-3.7602142111768
0.29070915530735586	0.7949097423946605	4.1709234091434055	-4.3564867180791325
0.29809671052776593	0.7998806271439054	4.584409830581989	-3.7624976137162784
0.29266596234975273	0.7963323634975048	4.333581843381352	-3.951853419686132
0.28829200320222387	0.7935675921696054	3.9171364395738943	-4.268685730653871
0.31386512925745186	0.8113275709604161	3.6413133380283345	-5.146051107598401
0.2911229038212517	0.7953515300967353	4.208508201823838	-4.037999118729227
0.2892030833144258	0.7942588103546748	4.019655335081421	-4.126186814772286
0.29621210764201816	0.7982726279387822	4.530781742079288	-4.749396085845202
0.2897332925504112	0.7941369971942422	4.075495975380363	-4.802497887695608
0.3004015895206473	0.8016225696133983	4.601716013942105	-3.5533653475901064
0.3017932381529837	0.8031484595120982	4.586443869290991	-4.36969907406147
0.2979673381052681	0.8004012034063034	4.581863812766098	-3.9099619503700502
0.2914414721350779	0.7950518231340528	4.236280388584332	-5.372740161219641
0.3070541337739542	0.8064503774276631	4.353718368153367	-4.009621394981351
0.2938606294737206	0.7977129831068865	4.414063032362834	-4.160766780730113
0.2980202030530273	0.8001251386049888	4.5829244049013615	-3.565105775582695
0.29070915530735586	0.7949097423946605	4.1709234091434055	-4.3564867180791325
0.2986774784173032	0.8002600808622319	4.593777067974079	-3.76420035211755
0.29263711946405263	0.7963113700198582	4.331462335724411	-3.9566407083086395
0.28306199160683554	0.790042166662283	3.168041743023027	-5.176524747478139
0.31386512925745186	0.8113275709604161	3.6413133380283345	-5.146051107598401
0.29461889503990984	0.7976230346208263	4.45774093170004	-3.8226312818722237
0.2892030833144258	0.7942588103546748	4.019655335081421	-4.126186814772286
0.2949749056003111	0.7975165667177886	4.47626451602865	-4.589882546898835
0.293974213938709	0.7970402817274982	4.420971896375328	-4.135394938414186
0.297268025767458	0.7995620439794053	4.565203968621206	-3.5822237988939767
0.3020641921356296	0.8034455502687196	4.581217938793598	-4.760159848498406
0.3031487654920477	0.8039623383803984	4.55294876403802	-4.128417240011758
0.2914414721350779	0.7950518231340528	4.236280388584332	-5.372740161219641
0.3078745786812087	0.8070493711185897	4.292477437624839	-4.137468884369227
0.2938606294737206	0.7977129831068865	4.414063032362834	-4.160766780730113
0.3032592324831355	0.8041242522000903	4.5494094027619445	-4.368346119071952
0.29301217062078544	0.7965433044321387	4.358373587492504	-3.9498217799629787
0.30556646461005416	0.8052185640611548	4.447594743382646	-3.7069008907559384
0.2958585106833363	0.7987104910390609	4.516762715857376	-3.636883891094576
0.2805323499469101	0.788236545335138	2.707575391709724	-6.036961179494938
0.3125517026197752	0.8104248680590356	3.814796191381212	-4.984971716327671
0.30118990353692504	0.8023139317893375	4.59544303252164	-3.5802047328763855
0.2874020212631379	0.7931400165403929	3.808977043385428	-4.3403073194075406
0.2938565422843721	0.7969400179246584	4.413812021139033	-4.194845834401481
0.2924041089115656	0.7958381998251802	4.314034577520789	-4.709514252779781
0.3004078948201704	0.801965946711174	4.601690493735965	-3.7684613091614887
0.30031864011297915	0.8020321584599462	4.602014727049577	-4.016888805574668
0.311861782763433	0.8099505652632191	3.8990129330231897	-4.9040712728128675
0.29960361267945523	0.8010108712642895	4.60173677011813	-3.5980157394758336
0.305928173106385	0.8056283315716383	4.4268062027612425	-3.856947978355577
0.2944182876888342	0.7980332163998666	4.446744823034476	-4.024780875865747
0.3033450819106521	0.8041649702733613	4.5465745197127125	-4.32103451551101
0.29301217062078544	0.7965433044321387	4.358373587492504	-3.9498217799629787
0.30556646461005416	0.8052185640611548	4.447594743382646	-3.7069008907559384
0.2901908752359777	0.7949109895547674	4.121427741476797	-4.0238417157740365
0.2805323499469101	0.788236545335138	2.707575391709724	-6.036961179494938
0.31553331530964573	0.8126471519734565	3.3961029621131993	-5.8812856254808334
0.30118990353692504	0.8023139317893375	4.59544303252164	-3.5802047328763855
0.2868495349348201	0.7927836253551158	3.737848727504994	-4.4121798551573495
0.2926405822531646	0.7962669569599278	4.331717236795394	-4.024659571341307
0.2930536753508982	0.7965460858960625	4.361265254003979	-3.9832875460553394
0.3000549527470971	0.801546832210055	4.602507285635506	-3.5693470688056603
0.30007778199804175	0.8019542630828519	4.602492134461476	-4.231914848645852
0.3179788661506324	0.8141060437295041	2.9863242443457905	-5.60838122556054
0.3014140605524176	0.802537098393053	4.592524548428056	-3.641470594896081
0.311187795151608	0.8093367471736523	3.976688582885856	-4.488458986889725
0.296020683806087	0.7991514536679982	4.523347597801882	-4.067565887933773
0.3043684157531591	0.8046503338172452	4.50710710369533	-3.891902965972963
0.2966836274661547	0.7988718957927577	4.547530750741355	-3.922742438505299
0.3033834250178797	0.8037499053790869	4.5452845603995025	-3.611500294429809
0.28577200475303177	0.7919016707578574	3.590343140918823	-4.618264175098328
0.28876709340940504	0.7938508990639402	3.9716314322924164	-4.235273031177566
0.32181670421356	0.8171532892182332	2.2226794709477358	-7.434259942450769
0.2983432949976035	0.8003227410002288	4.588799027332746	-3.5567319788246525
0.2868495349348201	0.7927836253551158	3.737848727504994	-4.4121798551573495
0.2926405822531646	0.7962669569599278	4.331717236795394	-4.024659571341307
0.29304616888807444	0.796545582846037	4.360743548991655	-3.976963523504759
0.2979935827326195	0.800063693223131	4.58239383340336	-3.5627844473674184
0.30029762691535583	0.8020924052505372	4.602079475753852	-4.20634841687148
0.31638140941449794	0.8129822263404239	3.2607695126305636	-5.312143739186663
0.30187866799530977	0.802872131109672	4.584875417474567	-3.6736873373650916
0.311187795151608	0.8093367471736523	3.976688582885856	-4.488458986889725
0.2928944192618757	0.7970662117256975	4.3500759965275595	-4.205220435699337
0.3012271563522173	0.8024088367536593	4.594992821093637	-3.6362171424664673
0.2966836274661547	0.7988718957927577	4.547530750741355	-3.922742438505299
0.30396346615668046	0.8041442464163246	4.523977064781816	-3.633959213948815
0.2812365860716715	0.7886933742860641	2.8421938734286183	-5.886510813779319
0.29423700965932725	0.7976530944398936	4.436462096324138	-3.7230145787690363
0.31650742629050477	0.8133574279378176	3.240046770975332	-6.150280395790596
0.2983432949976035	0.8003227410002288	4.588799027332746	-3.5567319788246525
0.2868495349348201	0.7927836253551158	3.737848727504994	-4.4121798551573495
0.29247593534759225	0.7961642597605028	4.319464640189516	-4.028168024997605
0.29629209975317666	0.7988376237484165	4.533779763455612	-3.6443459979937254
0.29575161192250304	0.798089636830612	4.512278378372483	-4.364761933321662
0.30029762691535583	0.8020924052505372	4.602079475753852	-4.20634841687148
0.3131147016772301	0.8107165248392947	3.7425453842438623	-4.82695159010516
0.30521936096069197	0.8052870404506278	4.466313740467596	-4.0448931211177825
0.311187795151608	0.8093367471736523	3.976688582885856	-4.488458986889725
0.29113788769536475	0.7959430458906572	4.209837212157737	-4.423700572061051
0.3017945727846359	0.80280891454168	4.586419927260795	-3.66465279988297
0.29676682691228295	0.7989230195401475	4.550255343581885	-3.927987139408142
0.30400895473977807	0.8041730959736809	4.522163794129628	-3.6350687623624625
0.2924568379360947	0.7965153171895331	4.318025915045876	-3.860582711081367
0.2952065159945206	0.7984727274582771	4.487634940103639	-3.8413347657462467
0.3106890935502349	0.8092117559801519	4.0312387800292075	-4.964308525763363
0.29838488443726835	0.8003585762271591	4.589479393252684	-3.556973558923649
0.28502443942780464	0.7914906098530042	3.4811853124001146	-4.678543918748844
0.2930047561546219	0.7966113316139974	4.357855202376074	-3.8638215570457515
0.296435546371491	0.7989414277106612	4.538995736308619	-3.6339020831210167
0.29575161192250304	0.798089636830612	4.512278378372483	-4.364761933321662
0.28465270420285693	0.7912199443879282	3.424824943232549	-4.7509526932358614
0.3040453694872367	0.8045939978843483	4.520697313216244	-4.225972307059253
0.30847191523271533	0.8076367541901868	4.243655646106002	-4.591414300838712
0.32739924233981094	0.8204084353120272	0.8489299806791294	-7.3116253894728676
0.2933068297826523	0.7974062359099798	4.378529746865625	-4.341479174012547
0.2997113785672602	0.8014114326517875	4.60210587300039	-3.6484006509962015
0.29714004426664287	0.7990307268038549	4.561625650673762	-4.252215941846713
0.301764814703044	0.802719814039007	4.586949529977172	-3.6016363399907654
0.2911464410650602	0.7956657633581852	4.210594855585314	-3.9760008078429925
0.29646797902595984	0.7991809179231626	4.540146523852276	-3.6477781592417484
0.3106890935502349	0.8092117559801519	4.0312387800292075	-4.964308525763363
0.29108596493259425	0.7954876697264591	4.205222278742878	-3.9410588257919867
0.294657419890909	0.7981296113118024	4.4598065735473	-3.9008579952941576
0.29592069439968055	0.7984823987578624	4.519318713753586	-3.7628538022347637
0.29479870754770554	0.7977589408550922	4.467255168786098	-3.792126006255101
0.29575161192250304	0.798089636830612	4.512278378372483	-4.364761933321662
0.28337021201277107	0.7903385910126997	3.219773142156658	-4.998593763890209
0.3050249156278364	0.8052748369857432	4.4762734993232005	-4.3165710830258615
0.30979977798150987	0.8085466184869736	4.122344142223144	-4.715464057003712
0.3149048292063371	0.811676204657243	3.4917527163071735	-4.693411332960595
0.29311524274897816	0.7972986781718121	4.365522972630085	-4.405503426356493
0.2972375066493099	0.7998050076347589	4.564365537094539	-3.7411111433034483
0.29735114966898407	0.7991453967196487	4.5674403442769576	-4.319579535839028
0.30223949172740544	0.8030263769680912	4.5774457686719865	-3.602740655732396
0.2922924437669106	0.7963418631693852	4.305490269226398	-3.8442446339005567
0.295807566432917	0.7987318862672403	4.5146398885855525	-3.6658986688842923
0.3120600818629866	0.8101715804155268	3.875294511947879	-5.170029616173259
0.29766072299415236	0.8000906363494902	4.575161300107136	-3.735619992510185
0.2927416385474249	0.7968923330994574	4.339103329776434	-4.069440946133228
0.2961239958039896	0.7985681789057375	4.527405342020124	-3.8243263010605872
0.29630296858794225	0.7986094717409201	4.534182178348866	-3.9564594006830784
0.29299921568834053	0.7963665724376047	4.357467479765687	-4.273596070944991
0.28643816310090137	0.7922711401604015	3.6829052842688093	-4.594304090784835
0.30659707622137955	0.8065306042971914	4.384915311304115	-5.007581796082474
0.30455903273525753	0.8047778560831931	4.498598487251824	-3.8979890931906045
0.307004732786941	0.8063678960106694	4.357190977575341	-3.9368823768775076
0.2925507769170452	0.7969554839029331	4.325067761959439	-4.529180892137879
0.28788307564371035	0.7934283604292526	3.8684231053773486	-4.276925402533618
0.2987447203888235	0.8002517882883785	4.594643750146396	-3.8553910209681916
0.30267976834596555	0.8033086663842699	4.566616592717379	-3.605274273294002
0.2925752433294944	0.7965319072493843	4.326887326576489	-3.8238626622774428
0.29608670723662645	0.7989669906624818	4.525953083398215	-3.694497712788709
0.30696884685078646	0.8066076411270864	4.359698252508991	-4.4652993737360305
0.29766072299415236	0.8000906363494902	4.575161300107136	-3.735619992510185
0.29299861495032326	0.7970196563815484	4.357425421588389	-3.9812657198679764
0.2961239958039896	0.7985681789057375	4.527405342020124	-3.8243263010605872
0.29630296858794225	0.7986094717409201	4.534182178348866	-3.9564594006830784
0.29299921568834053	0.7963665724376047	4.357467479765687	-4.273596070944991
0.2859114566838261	0.7918675036829159	3.610087120799036	-4.7598797139845175
0.30413977729053066	0.804855505924462	4.516833604581606	-4.85258182390784
0.30667680554142795	0.8062395068433514	4.379623723467358	-4.0606180790164395
0.31321561197225684	0.810966727624552	3.7292603856512816	-5.308415516596147
0.29246885104037895	0.796905323948745	4.318931361397569	-4.546709122399028
0.2872674503604989	0.793041616542224	3.791933283045776	-4.3551625536532335
0.3014376542417727	0.8022457651421414	4.592188136063138	-3.6016758891124336
0.30131200729736846	0.8023196366272148	4.593915568915833	-3.553082020702135
0.2979403759617222	0.8002873011590327	4.581312128762315	-3.7441530586680667
0.2981834839693542	0.8001597971348802	4.586023732209608	-3.5637648411746774
0.30696884685078646	0.8066076411270864	4.359698252508991	-4.4652993737360305
0.29766072299415236	0.8000906363494902	4.575161300107136	-3.735619992510185
0.29299861495032326	0.7970196563815484	4.357425421588389	-3.9812657198679764
0.2955971179163293	0.7981609959635699	4.505595531444032	-3.9481842926340507
0.29974890728232784	0.8011935253643384	4.6022071468932335	-3.550470716943055
0.30170680066142397	0.8026551359444297	4.587956542168387	-3.5843402910785596
0.2859114566838261	0.7918675036829159	3.610087120799036	-4.7598797139845175
0.30337349568407784	0.8044374835996875	4.545620019005114	-5.22518453894419
0.30667680554142795	0.8062395068433514	4.379623723467358	-4.0606180790164395
0.31321561197225684	0.810966727624552	3.7292603856512816	-5.308415516596147
0.29246885104037895	0.796905323948745	4.318931361397569	-4.546709122399028
0.28600122396339855	0.7922633990063341	3.622693732042941	-4.538244657556382
0.3014376542417727	0.8022457651421414	4.592188136063138	-3.6016758891124336
0.30131200729736846	0.8023196366272148	4.593915568915833	-3.553082020702135
0.3020141848202442	0.803185089798124	4.582237682207062	-4.0689513321085435
0.29760338320737806	0.7997767272466173	4.573803524404187	-3.575278286904674
0.3103294605744384	0.8088563135189332	4.069033605863187	-4.630057813714411
0.29766072299415236	0.8000906363494902	4.575161300107136	-3.735619992510185
0.28896732377736595	0.7943642021705549	3.9939226614902013	-4.331875179462672
0.2955971179163293	0.7981609959635699	4.505595531444032	-3.9481842926340507
0.2966012076416286	0.7988553623804596	4.544763437180955	-3.854952832043927
0.30170680066142397	0.8026551359444297	4.587956542168387	-3.5843402910785596
0.2973060774874711	0.7999126564379783	4.566236292140024	-3.8357395183877774
0.3045429880180157	0.8054841636271421	4.499328683998401	-6.535864356968586
0.3118215129306528	0.8101612550933442	3.9037815448096156	-5.681614555026019
0.31385445829094366	0.8113358356620796	3.6427923119800845	-5.185876721964522
0.2958680874244992	0.799141642662292	4.517158876999666	-4.308986369625281
0.28600122396339855	0.7922633990063341	3.622693732042941	-4.538244657556382
0.3014376542417727	0.8022457651421414	4.592188136063138	-3.6016758891124336
0.30436511345004275	0.8045648598993258	4.507251307498852	-3.770623162258228
0.3020141848202442	0.803185089798124	4.582237682207062	-4.0689513321085435
0.2988586648425242	0.80071915208195	4.596009154949122	-3.562363239791459
0.3088278060553813	0.8078196736108614	4.21287158590044	-4.4666569038084605
0.29740973377193736	0.7999374149075087	4.568974988996365	-3.761828677267454
0.2855866407702676	0.7919107792584332	3.563797763231011	-4.581533526388196
0.2955971179163293	0.7981609959635699	4.505595531444032	-3.9481842926340507
0.2966012076416286	0.7988553623804596	4.544763437180955	-3.854952832043927
0.2946267573287639	0.7975419728497101	4.458163700637613	-3.95461123100182
0.2974037156819399	0.8000127342683329	4.56881892335655	-3.897680524466021
0.3045429880180157	0.8054841636271421	4.499328683998401	-6.535864356968586
0.3118215129306528	0.8101612550933442	3.9037815448096156	-5.681614555026019
0.30896077391265775	0.8077475801040468	4.201045039088735	-4.157647886334649
0.2958680874244992	0.799141642662292	4.517158876999666	-4.308986369625281
0.28600362758911757	0.7922648833327023	3.6230301813370214	-4.537873965393878
0.30074915469374924	0.8017264749356302	4.599716220881741	-3.6474260716774056
0.29589317986940283	0.7988897462636192	4.518192526732183	-3.758485916222834
0.3020141848202442	0.803185089798124	4.582237682207062	-4.0689513321085435
0.29867957913025767	0.8005786883017512	4.593804828291319	-3.55751753279052
0.3059671693653437	0.8058241797431442	4.424486833484092	-4.149174434273323
0.2904289323755556	0.7949851743090601	4.1444957072991375	-4.027273010168647
0.28855498319505035	0.7937597942275425	3.9475803363296755	-4.224730276766085
0.2955971179163293	0.7981609959635699	4.505595531444032	-3.9481842926340507
0.296114581034367	0.7984661199184834	4.52703998196507	-4.002393156703467
0.30355792638328766	0.8031053017755054	4.539228183913101	-4.983846420657764
0.29727044738788616	0.7999136577059708	4.565270097346087	-3.881478859691839
0.3041662057712698	0.8051683174480387	4.515736032014765	-6.188112445438229
0.3065386328474852	0.8061368249631332	4.388753787086509	-4.035914983196951
0.3118952307718078	0.8096990318752212	3.8950398090847558	-4.381616185270923
0.30103917759425247	0.8028785923521641	4.597122934295592	-5.242982241676393
0.2845551036695715	0.7912357930365504	3.4097982713691546	-4.736244079310481
0.30074915469374924	0.8017264749356302	4.599716220881741	-3.6474260716774056
0.2951110608114597	0.7982961798662411	4.483013752711349	-3.7163185329610773
0.3015821662560823	0.8026869603975968	4.590006134348146	-3.685204104645022
0.29969350585489163	0.8010969395117341	4.602052691352645	-3.5788819389817323
0.30621141096368354	0.8060082171413777	4.409614253858733	-4.204419001867366
0.2915628590155032	0.7957332166658804	4.246595644696198	-3.9225218581719776
0.2871450389052506	0.7928378281108818	3.7762722609199737	-4.398392471148803
0.29514655318913696	0.7978831458759356	4.4847426549281915	-3.9317972488019626
0.296114581034367	0.7984661199184834	4.52703998196507	-4.002393156703467
0.30341318495651254	0.8029809358767627	4.5442732269207555	-5.088386055614559
0.3001150163753359	0.802081257165068	4.602456240824597	-4.54935200987087
0.3041662057712698	0.8051683174480387	4.515736032014765	-6.188112445438229
0.30439995852783563	0.8047145788748897	4.505724209424206	-3.970880412433199
0.30691975623149215	0.8061811475956342	4.363107253141201	-3.811342641436064
0.2985152549657687	0.8012929091055088	4.591500045574201	-5.761138396495091
0.2845551036695715	0.7912357930365504	3.4097982713691546	-4.736244079310481
0.30157278435218193	0.8024005979887165	4.590154131565232	-3.5673902540765816
0.2790647657831383	0.7873946263230722	2.4111022260832966	-6.092789953495246
0.30010823098950556	0.8016263504971427	4.602463814922126	-3.599450473181454
0.299117695975499	0.8006630635757721	4.59863008269932	-3.6215205519470954
0.30621141096368354	0.8060082171413777	4.409614253858733	-4.204419001867366
0.2880628331587604	0.7934019298438716	3.8900426236796255	-4.308332053769839
0.2871450389052506	0.7928378281108818	3.7762722609199737	-4.398392471148803
0.29514655318913696	0.7978831458759356	4.4847426549281915	-3.9317972488019626
0.296114581034367	0.7984661199184834	4.52703998196507	-4.002393156703467
0.3031440857075827	0.8028149902414631	4.5530960099744435	-5.019547437692917
0.3001150163753359	0.802081257165068	4.602456240824597	-4.54935200987087
0.3034487702329953	0.8045421102627733	4.5430523040576	-5.465422012390373
0.3071162732916302	0.8067199295143271	4.349315656851725	-4.5085189765880544
0.30449845963351574	0.8044523121138227	4.50134168928572	-3.6441318058400505
0.2985152549657687	0.8012929091055088	4.591500045574201	-5.761138396495091
0.282610543631336	0.7899012065090936	3.090556420669227	-5.085761118396849
0.3008414055340778	0.8019184930359333	4.59898256829369	-3.555611040979744
0.2790647657831383	0.7873946263230722	2.4111022260832966	-6.092789953495246
0.29882227366010583	0.8006561945112529	4.595587187999171	-3.551783981180507
0.29930505929401385	0.8007870364022531	4.600107671733391	-3.621006073389757
0.3115401743543028	0.8092730627141337	3.936644264019031	-4.212493728392821
0.2880628331587604	0.7934019298438716	3.8900426236796255	-4.308332053769839
0.2871450389052506	0.7928378281108818	3.7762722609199737	-4.398392471148803
0.29514655318913696	0.7978831458759356	4.4847426549281915	-3.9317972488019626
0.28991301150518695	0.794532784691804	4.09378570018512	-4.1850097581912875
0.3031440857075827	0.8028149902414631	4.5530960099744435	-5.019547437692917
0.29207310368203887	0.7964704639598892	4.288343958479046	-4.154433827924849
0.3034487702329953	0.8045421102627733	4.5430523040576	-5.465422012390373
0.3092470080220063	0.8082777075877356	4.174986597862331	-4.996233790401133
0.3012120610492205	0.8018048137119305	4.595176924722386	-4.057823102218913
0.2985152549657687	0.8012929091055088	4.591500045574201	-5.761138396495091
0.28021081728303227	0.7882151627217645	2.6444636216299036	-5.693688358561566
0.30103875093894883	0.8020316725740874	4.597127367091738	-3.564890466349758
0.2790647657831383	0.7873946263230722	2.4111022260832966	-6.092789953495246
0.2992137904080017	0.8009850396911128	4.599431757044823	-3.572770412850349
0.30143112341629014	0.8022028022152305	4.592281813494304	-3.634800532140395
0.3130567560919911	0.8104395814569468	3.7501279864288426	-4.465584106387987
0.29291416549005156	0.7966352079559821	4.3514771311456935	-3.8107299731199964
0.29066013188206774	0.7954517094711344	4.1663567023557375	-4.129266391487723
0.2987343359723767	0.8000956265708807	4.594512857503475	-4.202880866818844
0.29289190191291686	0.7965164554361063	4.3498970925795994	-3.8929748512816467
0.3031440857075827	0.8028149902414631	4.5530960099744435	-5.019547437692917
0.297002295599204	0.7992952709727829	4.557591226284815	-3.6296184581169353
0.3034487702329953	0.8045421102627733	4.5430523040576	-5.465422012390373
0.3022263038268621	0.8032289924176639	4.577740241010069	-3.8638904018510587
0.3019413607851179	0.80218613466092	4.583677976167605	-4.361040928625657
0.29824389318840566	0.8010246379152083	4.587102828988933	-5.348388274690008
0.28021081728303227	0.7882151627217645	2.6444636216299036	-5.693688358561566
0.2979480710892851	0.7999040871817963	4.581470323384436	-3.620910572230188
0.2835567401181221	0.7904655608168597	3.2506184069426993	-4.961399669387724
0.2992280059204586	0.8010114102121687	4.599542510363339	-3.583002689626934
0.30143112341629014	0.8022028022152305	4.592281813494304	-3.634800532140395
0.3130567560919911	0.8104395814569468	3.7501279864288426	-4.465584106387987
0.29065668889031027	0.7951594799007352	4.166035072195316	-3.9932000848772278
0.29066013188206774	0.7954517094711344	4.1663567023557375	-4.129266391487723
0.29580532868592657	0.7981924638234777	4.514546047492021	-4.176956434206969
0.2944223336774775	0.7972466028184334	4.446970576630566	-4.331588977737692
0.30530475834851906	0.8041944679332783	4.46182007897666	-5.42413080673644
0.2896799213064414	0.7942123961769297	4.070002263451362	-4.51309207264111
0.30005887176909196	0.8019977721847853	4.602505055231593	-4.399345460372426
0.3018788862217258	0.802780645680491	4.584871317486618	-3.593247194547798
0.30007675048646276	0.8009873419037361	4.602492931471712	-4.202853132797831
0.2991562908503931	0.8016005688602645	4.598963159011921	-5.181222212625423
0.28021081728303227	0.7882151627217645	2.6444636216299036	-5.693688358561566
0.29805553239913757	0.7999791603984475	4.583617613403555	-3.615870888592247
0.28516025349597346	0.7914467665724464	3.501432003138736	-4.77108204955034
0.29891645743130063	0.8008069693313074	4.596652062166656	-3.5883317799082155
0.3032607329491017	0.8035630885487728	4.549360487830786	-3.599825329857918
0.3120784849554273	0.8097574195112205	3.8730733905651564	-4.335540392555952
0.294800393830397	0.7979832185963694	4.467342863062708	-3.6797829324208813
0.28893660383180403	0.7942581009151498	3.9905287107853087	-4.229307706800302
0.30703760911443695	0.8053788283717975	4.354882674419542	-5.471115002280811
0.29671448906846803	0.7990422982232116	4.548549474251494	-3.6938658905801924
0.2982924565387676	0.7998692520328184	4.587943861297586	-4.035892022737047
0.2896799213064414	0.7942123961769297	4.070002263451362	-4.51309207264111
0.30005887176909196	0.8019977721847853	4.602505055231593	-4.399345460372426
0.3018788862217258	0.802780645680491	4.584871317486618	-3.593247194547798
0.30007675048646276	0.8009873419037361	4.602492931471712	-4.202853132797831
0.2872548922157912	0.7940880728854425	3.7903335225020767	-8.01246048694502
0.28021081728303227	0.7882151627217645	2.6444636216299036	-5.693688358561566
0.29390085910649577	0.7971185500480921	4.416524786463496	-3.906019292810443
0.2844885043182218	0.791010868185547	3.399489893228459	-4.874980775057626
0.3054070958512102	0.8045465983266437	4.456338956936701	-4.402699537590639
0.30455588854369886	0.8044505286190621	4.49874178254454	-3.647935771109177
0.3120784849554273	0.8097574195112205	3.8730733905651564	-4.335540392555952
0.29190832388097465	0.7959991664929519	4.275146272581549	-3.877343285280733
0.28893660383180403	0.7942581009151498	3.9905287107853087	-4.229307706800302
0.30369336045868817	0.8032719019224365	4.534317827268567	-4.70587507407454
0.2932280308339607	0.7968977687537393	4.373224552728639	-3.7728128917436736
0.2930450663611405	0.7965633180866822	4.360666875052879	-3.9498313923593065
0.29408707655536254	0.7973409742181742	4.427709066346857	-3.7789302533114224
0.2983800915703248	0.8011770551177635	4.58940186805491	-5.636625736137585
0.2990126351430809	0.8008375595590629	4.5976479378541795	-3.5676411214271697
0.30007675048646276	0.8009873419037361	4.602492931471712	-4.202853132797831
0.2872548922157912	0.7940880728854425	3.7903335225020767	-8.01246048694502
0.28021081728303227	0.7882151627217645	2.6444636216299036	-5.693688358561566
0.2941444589897383	0.797280494903081	4.43108558204329	-3.88951462212646
0.28875447825946365	0.7941319796066704	3.970213588573197	-4.242888092748663
0.3073102435862919	0.8060330897275236	4.335324078202964	-4.074676760136365
0.30861875510637726	0.8071198548280163	4.231107686739052	-3.9493756880056017
0.3120784849554273	0.8097574195112205	3.8730733905651564	-4.335540392555952
0.2910257767667223	0.7955611689959506	4.199838971454069	-3.970561748635605
0.2899835612142959	0.7943639526552684	4.1008771549187895	-4.597846802023769
0.30383504273057427	0.8033609313585239	4.52898462093092	-4.733325351265897
0.29265828003645367	0.7967108112139526	4.3330181245419	-3.8978055003372214
0.2926497409040899	0.7963671228265168	4.332390840772529	-3.8999204527102513
0.2969756292503761	0.7990699498803701	4.556788292501672	-3.9048489548521204
0.2957889564106705	0.7992786097553259	4.513857944101408	-4.95685514605014
0.29465091297576784	0.7978598771701308	4.45945872469353	-3.685411075963504
0.30007675048646276	0.8009873419037361	4.602492931471712	-4.202853132797831
0.2872548922157912	0.7940880728854425	3.7903335225020767	-8.01246048694502
0.2848807881512152	0.7912091359407791	3.4595695500154022	-4.895906199805069
0.2936949415938118	0.7969861073598682	4.403753577130353	-3.914047011775458
0.28576232834221815	0.7923008540361739	3.5889659134835528	-4.776283865591831
0.3002942797738141	0.8013079933897442	4.602089381731193	-3.807022829585631
0.30861875510637726	0.8071198548280163	4.231107686739052	-3.9493756880056017
0.31370138492786376	0.8109946558962656	3.6638826399501117	-4.6791798987035005
0.29490960622960943	0.7979692909851841	4.472961840969418	-3.6821251308499825
0.2899835612142959	0.7943639526552684	4.1008771549187895	-4.597846802023769
0.30318787904740097	0.8029857051958503	4.551709520553283	-4.507780988777943
0.29265828003645367	0.7967108112139526	4.3330181245419	-3.8978055003372214
0.29425847203047634	0.7974503615565585	4.437696667533461	-3.7721839117295106
0.3018373074266574	0.8022297059503004	4.5856438917573215	-4.052618450904298
0.29349417999656524	0.7974876432134097	4.390893915072115	-4.223067822530834
0.2916437638837508	0.796022498893998	4.253388974505037	-3.9574752155071797
0.3003051365043478	0.8011207387273585	4.602056843226146	-4.257109499538947
0.2880389740465815	0.7941554244350586	3.887191675365823	-5.527765374868256
0.28462152947437036	0.790888064489031	3.420035606119278	-5.263193173464892
0.29383828869566403	0.797102136524729	4.412688953667666	-3.8753514049055324
0.28576232834221815	0.7923008540361739	3.5889659134835528	-4.776283865591831
0.3002942797738141	0.8013079933897442	4.602089381731193	-3.807022829585631
0.31349840410134727	0.8105266573823146	3.691487818241228	-4.461027228057276
0.31370138492786376	0.8109946558962656	3.6638826399501117	-4.6791798987035005
0.29490960622960943	0.7979692909851841	4.472961840969418	-3.6821251308499825
0.28991833256982036	0.7943168587444045	4.09432229379385	-4.6162599811497405
0.29978810886670976	0.8003958372603126	4.602297895395738	-5.7738631658315835
0.29265828003645367	0.7967108112139526	4.3330181245419	-3.8978055003372214
0.29441067532789783	0.7974602628453556	4.446319633206724	-3.8683051084667452
0.3018373074266574	0.8022297059503004	4.5856438917573215	-4.052618450904298
0.293178078225712	0.7973800786437903	4.369829301185051	-4.515619724594911
0.2892239126168977	0.7945439615773776	4.021902088216295	-4.322258185454856
0.3003051365043478	0.8011207387273585	4.602056843226146	-4.257109499538947
0.2880389740465815	0.7941554244350586	3.887191675365823	-5.527765374868256
0.28462152947437036	0.790888064489031	3.420035606119278	-5.263193173464892
0.2989057053629868	0.8005186619486427	4.596534980894594	-3.6264891452476693
0.28576232834221815	0.7923008540361739	3.5889659134835528	-4.776283865591831
0.3002942797738141	0.8013079933897442	4.602089381731193	-3.807022829585631
0.316279338790281	0.8125815474209657	3.2774380274138384	-4.882705072311408
0.30867718290000673	0.8076978611700671	4.226054869256727	-4.4089869748430335
0.30015371863116874	0.8015787846320717	4.602404237569732	-3.5537390626655396
0.28991833256982036	0.7943168587444045	4.09432229379385	-4.6162599811497405
0.2998546190171264	0.800489088185603	4.602416706506667	-5.530825151826682
0.2866443714277337	0.7930901938208457	3.7106583118558945	-5.161010917264122
0.2933747168185672	0.7968169298884247	4.383050498486693	-3.879625762878721
0.30238305391439857	0.8025580069873529	4.574127654862922	-4.157725245373923
0.29097625602224086	0.7958719979111378	4.195382607776853	-4.5279277137925895
0.2892239126168977	0.7945439615773776	4.021902088216295	-4.322258185454856
0.29802955048685087	0.7997701638924217	4.583109028238225	-3.8779156063018556
0.2951895860280009	0.7988210177087266	4.486821971747553	-4.758762296375359
0.28462152947437036	0.790888064489031	3.420035606119278	-5.263193173464892
0.2960751064794834	0.7985207852171805	4.525498438920607	-3.8504685570339063
0.2839537599454565	0.7911798739904605	3.3151132852173975	-5.144644508477337
0.29886091765413475	0.800388166836142	4.596034841704264	-3.75274630067955
0.3149785099246894	0.8116859366155544	3.480743586837478	-4.682059910327963
0.30867718290000673	0.8076978611700671	4.226054869256727	-4.4089869748430335
0.3030367084811561	0.8034343823834552	4.5564143926599465	-3.5892441376349487
0.29456441084146795	0.797630984265343	4.454794237155818	-3.7753302066136367
0.2998546190171264	0.800489088185603	4.602416706506667	-5.530825151826682
0.28686980248259103	0.7932349587647863	3.740511950426712	-5.12485225839077
0.29590486948321215	0.7982507665137166	4.518671914909938	-4.192231785531184
0.30238305391439857	0.8025580069873529	4.574127654862922	-4.157725245373923
0.2917137869671962	0.79636478374558	4.259215752532536	-4.484712407985872
0.2892239126168977	0.7945439615773776	4.021902088216295	-4.322258185454856
0.29764048157889345	0.7994857162590736	4.574685748759868	-3.938283309247134
0.3041701442006951	0.8048882539550786	4.515571871384618	-4.899362465754511
0.28294808361910834	0.7896318857755544	3.148683123352969	-6.106043137547529
0.2960751064794834	0.7985207852171805	4.525498438920607	-3.8504685570339063
0.2833550872603505	0.79082566836632	3.2172567841048485	-5.312254909760212
0.297762470204731	0.7995868556984702	4.577489686733991	-3.894806934916466
0.3149785099246894	0.8116859366155544	3.480743586837478	-4.682059910327963
0.3075077297254697	0.8068271445273085	4.3206923565040665	-4.160591636024849
0.3052146788097013	0.80502319929293	4.466558009215833	-3.70714246126151
0.29456441084146795	0.797630984265343	4.454794237155818	-3.7753302066136367
0.29923008304668475	0.8001638409500763	4.599558524082562	-5.121573985327819
0.28693477847539234	0.7932794989410704	3.7490223172222183	-5.12296771527185
0.2960670490064305	0.7983440722500393	4.525181867068477	-4.222622137630514
0.30370159362588367	0.8037059181943573	4.53401340780166	-3.7166464118907134
0.29359628393695675	0.7977414364323724	4.3974844875771835	-4.763181743488805
0.2892239126168977	0.7945439615773776	4.021902088216295	-4.322258185454856
0.2964425193919113	0.798763399061214	4.539244043272938	-3.8380067361471992
0.3041701442006951	0.8048882539550786	4.515571871384618	-4.899362465754511
0.28320500508653296	0.7898087850478405	3.1921631139406568	-6.01867511452347
0.2950094688877998	0.7977610225527016	4.477995380748382	-3.9984877072383256
0.2894706064782619	0.7945348256802414	4.048181744979472	-4.118112799955754
0.297762470204731	0.7995868556984702	4.577489686733991	-3.894806934916466
0.3135173733842505	0.8107356531815333	3.688925468611352	-4.509246731859811
0.3075077297254697	0.8068271445273085	4.3206923565040665	-4.160591636024849
0.30448451070870763	0.8045163989358939	4.5019682031750055	-3.664876280289951
0.30523768302079735	0.8049807051125863	4.465355767525829	-3.6847887647970543
0.29812573463271497	0.7996090282281593	4.584958031322553	-4.459111456278966
0.2892310623424837	0.7947916417356844	4.022672293300211	-4.885719979589403
0.2960698377195008	0.7984052330827125	4.52529150690228	-4.0739873901447625
0.309596362413486	0.8073715714641693	4.14207152680274	-4.766899924420157
0.29359628393695675	0.7977414364323724	4.3974844875771835	-4.763181743488805
0.2892239126168977	0.7945439615773776	4.021902088216295	-4.322258185454856
0.29762288916252194	0.7995890328585041	4.574269104989296	-3.738128304241175
0.30463220569523625	0.8052005392599034	4.495235736642678	-4.916509245361488
0.28351714194686345	0.790027249788837	3.2440993366583335	-5.902325802500631
0.29600786857414374	0.7984051743722357	4.5228368180510286	-3.9861401071134326
0.2894373709931269	0.7945704575531126	4.044676726973388	-4.161373352342513
0.297762470204731	0.7995868556984702	4.577489686733991	-3.894806934916466
0.31425826621100783	0.8112884595129347	3.586031607937734	-4.647253409373839
0.3081375341389541	0.8072367521746732	4.271425075344355	-4.172866352387159
0.30425706332390406	0.8043470221876422	4.511909443938928	-3.647822175121112
0.3035942849973665	0.8040792520157907	4.537927961446103	-3.786435877435151
0.303278539373106	0.803096097144392	4.548778282552542	-4.358026711196123
0.2892310623424837	0.7947916417356844	4.022672293300211	-4.885719979589403
0.29368234264411347	0.7970586266612932	4.4029584123256384	-3.8177423061368287
0.309596362413486	0.8073715714641693	4.14207152680274	-4.766899924420157
0.2964113753152087	0.7994930658695114	4.538131249016107	-4.260735514694868
0.2892239126168977	0.7945439615773776	4.021902088216295	-4.322258185454856
0.29762288916252194	0.7995890328585041	4.574269104989296	-3.738128304241175
0.30463220569523625	0.8052005392599034	4.495235736642678	-4.916509245361488
0.286593668306855	0.7921127173087495	3.7038737373244563	-5.121899390052577
0.28867483682546535	0.7935664574898657	3.9612257800083968	-4.600060814710298
0.2894373709931269	0.7945704575531126	4.044676726973388	-4.161373352342513
0.2996031429809002	0.8006739617847517	4.601734907189529	-4.196600835015852
0.3167899252371055	0.8134155357919738	3.1930144373196154	-5.749852465478799
0.3081375341389541	0.8072367521746732	4.271425075344355	-4.172866352387159
0.30395523110893147	0.8036602990443121	4.524303119032277	-4.095770531000005
0.3013158844931129	0.802375177174252	4.5938646246614985	-3.5694947975751825
0.3033064261232235	0.8031063404710548	4.547860116115899	-4.384170531877189
0.2892310623424837	0.7947916417356844	4.022672293300211	-4.885719979589403
0.2933211424064599	0.796806610057263	4.379486690883633	-3.8552619035792386
0.309596362413486	0.8073715714641693	4.14207152680274	-4.766899924420157
0.2964922190362907	0.7995229765741735	4.540999748210767	-4.193266059805294
0.2855124271679426	0.792140264063608	3.5530735518367393	-4.8149442371396916
0.29618879915154483	0.7986670102926813	4.5298961251212475	-3.7434377149509075
0.30463220569523625	0.8052005392599034	4.495235736642678	-4.916509245361488
0.2867192721464938	0.7921095173027053	3.7206337230630964	-5.376378148572817
0.2968515434196419	0.7989618750463979	4.5529584904655716	-3.9605901444807747
0.293485463132651	0.7970009220110374	4.390326431677328	-3.7770744313442846
0.300545675019483	0.8012398556777944	4.601033578523134	-4.382574920646215
0.3167899252371055	0.8134155357919738	3.1930144373196154	-5.749852465478799
0.3148674498799659	0.812063509220402	3.4973170549910817	-5.402185013766929
0.30395523110893147	0.8036602990443121	4.524303119032277	-4.095770531000005
0.30003399617693427	0.8013950835735895	4.602516605957343	-3.547204249099897
0.30774263628653103	0.8058732460329704	4.302780301330038	-5.45155041569715
0.29148279232669183	0.7963971196391227	4.239808251906277	-5.105501504789947
0.29529867585457814	0.7980542388638924	4.492010141055942	-3.812212491143584
0.309596362413486	0.8073715714641693	4.14207152680274	-4.766899924420157
0.2956264600431438	0.7990677028380124	4.506883125886485	-4.587410941585734
0.28185875931581716	0.7895352079315544	2.9569993168503235	-5.189063493123632
0.3001545670144049	0.8015061380280657	4.602402929847863	-3.5427671366578073
0.30463220569523625	0.8052005392599034	4.495235736642678	-4.916509245361488
0.2867192721464938	0.7921095173027053	3.7206337230630964	-5.376378148572817
0.29653642862303436	0.7988679693210958	4.542540751240896	-3.769731193937613
0.2807371022675308	0.7887947518072762	2.747226239399739	-5.397614969654255
0.3010123955460827	0.8015276581805302	4.597397660948933	-4.462817961237728
0.3167899252371055	0.8134155357919738	3.1930144373196154	-5.749852465478799
0.3148674498799659	0.812063509220402	3.4973170549910817	-5.402185013766929
0.30305086085076843	0.8030788503350242	4.555983625003816	-4.003463238826273
0.30003399617693427	0.8013950835735895	4.602516605957343	-3.547204249099897
0.30773215281919497	0.8058665933367837	4.303591448560649	-5.448816951617307
0.2918979515467506	0.7965222895477507	4.274306438963568	-4.571432027865494
0.2956464591577683	0.7982109073689697	4.5077557953326775	-3.9137303625912594
0.309596362413486	0.8073715714641693	4.14207152680274	-4.766899924420157
0.29357939604224986	0.7979867593867158	4.39640160874619	-5.856870190788369
0.28143555874943027	0.7892655238290911	2.879329989928301	-5.267062079828683
0.2976479131234865	0.8001450035416274	4.574860821284238	-3.8352607723401153
0.30463220569523625	0.8052005392599034	4.495235736642678	-4.916509245361488
0.2895429229190374	0.7940060606367221	4.055770079271606	-4.842747886998841
0.29653642862303436	0.7988679693210958	4.542540751240896	-3.769731193937613
0.2807371022675308	0.7887947518072762	2.747226239399739	-5.397614969654255
0.296471760925953	0.798436421298723	4.540280029839415	-4.76933776893602
0.3167899252371055	0.8134155357919738	3.1930144373196154	-5.749852465478799
0.30517127801823773	0.8055030552348228	4.468811802948029	-4.71672095320174
0.30465643887739174	0.803974952482915	4.494110269563147	-4.561756046397737
0.30114244474533897	0.8020137287758179	4.59599648467681	-3.6268632406792918
0.30773215281919497	0.8058665933367837	4.303591448560649	-5.448816951617307
0.2918979515467506	0.7965222895477507	4.274306438963568	-4.571432027865494
0.2930954056547185	0.7964534361970907	4.364155269293106	-4.211186625929558
0.309596362413486	0.8073715714641693	4.14207152680274	-4.766899924420157
0.29357939604224986	0.7979867593867158	4.39640160874619	-5.856870190788369
0.28143555874943027	0.7892655238290911	2.879329989928301	-5.267062079828683
0.2972574048498724	0.7996963311322478	4.564913243870056	-3.6166740722257726
0.3082133820239781	0.8076606405061001	4.265224163298542	-5.229571278328961
0.29628120598362173	0.7984506396006754	4.53337523997632	-4.312294867775765
0.29653642862303436	0.7988679693210958	4.542540751240896	-3.769731193937613
0.2763122063105171	0.7859464288156877	1.796964535280051	-6.349485704884945
0.296471760925953	0.798436421298723	4.540280029839415	-4.76933776893602
0.33047788316998283	0.8225009008706007	-0.04198442795804358	-8.188962102174075
0.29544226625965586	0.7988474686824358	4.498657700418217	-4.295401181281822
0.3076544434548935	0.8056483119631092	4.309569861636763	-6.217811338706608
0.3014576752240716	0.8022315447540612	4.591898299363213	-3.624896441045446
0.30773215281919497	0.8058665933367837	4.303591448560649	-5.448816951617307
0.2961028884665136	0.7989785350817616	4.526584993135411	-3.694630977678817
0.2926639261588997	0.7965054494486674	4.333432487647193	-3.8164377999797887
0.309596362413486	0.8073715714641693	4.14207152680274	-4.766899924420157
0.291520881303374	0.7966432392630385	4.243045115300212	-6.094949780575242
0.28143555874943027	0.7892655238290911	2.879329989928301	-5.267062079828683
0.2989655869566	0.8007588769860795	4.597172332935794	-3.5515539776451748
0.30553084051730706	0.8058178595040671	4.449571400518146	-4.9900269698253
0.2955094677392971	0.797894769740849	4.5016979847355065	-4.482162019957763
0.29596160253454745	0.7982075259360972	4.5209791142127065	-4.419291078708455
0.2817804914365317	0.789358603635093	2.9427699231861064	-5.239255639785724
0.296471760925953	0.798436421298723	4.540280029839415	-4.76933776893602
0.31966605023603833	0.8152943430095003	2.6687547252256545	-5.942223196409258
0.29544226625965586	0.7988474686824358	4.498657700418217	-4.295401181281822
0.3033704785233439	0.802922193766511	4.54572175727596	-5.213282444464067
0.3054399798214288	0.8047465882152259	4.454555482369811	-3.9900807135282452
0.30773215281919497	0.8058665933367837	4.303591448560649	-5.448816951617307
0.2973929966733949	0.799903423519033	4.568540052932924	-3.730026076125675
0.29107436149724525	0.7956850048908475	4.204187271248284	-4.043567779410895
0.309596362413486	0.8073715714641693	4.14207152680274	-4.766899924420157
0.29343688076154395	0.7973707060431885	4.387149713966615	-4.057667110082143
0.28143555874943027	0.7892655238290911	2.879329989928301	-5.267062079828683
0.2989655869566	0.8007588769860795	4.597172332935794	-3.5515539776451748
0.3065597876720054	0.8058406388881956	4.387368313148601	-3.7576260425895622
0.2955094677392971	0.797894769740849	4.5016979847355065	-4.482162019957763
0.2971141847095721	0.798940976207193	4.5608827352052375	-4.472967081564124
0.2817804914365317	0.789358603635093	2.9427699231861064	-5.239255639785724
0.29665214413633084	0.7985780929437063	4.546481690238054	-4.681602758486931
0.31966605023603833	0.8152943430095003	2.6687547252256545	-5.942223196409258
0.29544226625965586	0.7988474686824358	4.498657700418217	-4.295401181281822
0.30308520441421777	0.8031026127753778	4.55492995327003	-4.003046333588291
0.31080535144503413	0.8084878844526512	4.0187442854040665	-4.28276510238709
0.30773215281919497	0.8058665933367837	4.303591448560649	-5.448816951617307
0.2966926370989021	0.799449809421117	4.54782913785978	-3.767732678236526
0.30246324718550366	0.8034959639529728	4.572184451173115	-4.099332522352171
0.3103873762924515	0.8079058306306701	4.063034453452655	-4.8617960652102745
0.2916190162812145	0.7961284729244059	4.251317944184837	-4.114830661757889
0.28143555874943027	0.7892655238290911	2.879329989928301	-5.267062079828683
0.2989655869566	0.8007588769860795	4.597172332935794	-3.5515539776451748
0.3111591617124937	0.8088304365929045	3.9798879340296467	-4.218484061210804
0.29498883235219764	0.7975444441192722	4.476963378685669	-4.528049707216068
0.2969079946141157	0.7991898600017983	4.554719898125887	-3.6681976251091957
0.2816483417466528	0.7893229431484036	2.9186055814193477	-5.237025498850466
0.2973502822658941	0.7989955812054471	4.567417364305397	-4.827808037662367
0.31966605023603833	0.8152943430095003	2.6687547252256545	-5.942223196409258
0.29600512730636946	0.7988789485331803	4.5227273454659995	-3.669016266823429
0.2985782958590985	0.7999053233655192	4.592416171336292	-4.466249737536789
0.31305875842718106	0.8099394792462986	3.7498665263602105	-4.698432445739809
0.3045050769837973	0.8033990722424452	4.501043791507872	-6.711392452383844
0.2966926370989021	0.799449809421117	4.54782913785978	-3.767732678236526
0.3011818004943168	0.8023680468497725	4.595539122615736	-3.625680364872534
0.3103873762924515	0.8079058306306701	4.063034453452655	-4.8617960652102745
0.2799118951498903	0.788128441155099	2.5848626023125694	-5.622316701899763
0.28143555874943027	0.7892655238290911	2.879329989928301	-5.267062079828683
0.28643962911953325	0.7919633910061915	3.683104092578522	-5.295922239919075
0.2974464657581459	0.7997659535746248	4.5699196990359665	-3.584021842874205
0.29506567293897495	0.7976352113557656	4.480784466931754	-4.400290546497173
0.29776118577366056	0.7997577266497188	4.577460938957275	-3.644479623171746
0.2788951804952693	0.7875030250598792	2.3754553530212674	-5.811175689489003
0.2971867120502407	0.7986921905253422	4.56294943921627	-5.696129171472178
0.31966605023603833	0.8152943430095003	2.6687547252256545	-5.942223196409258
0.2961750373965304	0.7989004067339773	4.529370690067869	-3.618999106506247
0.2959632345648337	0.798133651388039	4.5210450087648075	-4.666988344772514
0.3125835239182557	0.8096297995228198	3.810797013651003	-4.607627466012369
0.3040925088780726	0.8031449956275651	4.518779240072058	-6.558706928521111
0.2956161486107343	0.7988298238287629	4.506431619641741	-3.970785510721247
0.302945854962177	0.8035461420230531	4.559132077366659	-3.654683086454323
0.3103873762924515	0.8079058306306701	4.063034453452655	-4.8617960652102745
0.2799118951498903	0.788128441155099	2.5848626023125694	-5.622316701899763
0.2960915361146958	0.7988470027980988	4.526141934943938	-3.622644803570962
0.28643962911953325	0.7919633910061915	3.683104092578522	-5.295922239919075
0.2974464657581459	0.7997659535746248	4.5699196990359665	-3.584021842874205
0.2959768686216011	0.7983186999463181	4.5215944542182855	-4.137772794197661
0.29891693340877823	0.8006669881460879	4.59665721845247	-3.549711724702342
0.28914645568750624	0.7944597039438344	4.013525263941247	-4.281332647824328
0.2979705037517425	0.7990500053163816	4.581928109549118	-6.5614255650116675
0.31966605023603833	0.8152943430095003	2.6687547252256545	-5.942223196409258
0.29700763693508764	0.7994518827915751	4.557751201096315	-3.5903542824058343
0.2972793237745413	0.7992092220811591	4.565511989038693	-4.028005083460106
0.3125835239182557	0.8096297995228198	3.810797013651003	-4.607627466012369
0.30432219643242775	0.8032617754755436	4.509115474655117	-6.788855058715854
0.30283055351377647	0.8037459510310337	4.562462218685812	-4.114788703040415
0.302945854962177	0.8035461420230531	4.559132077366659	-3.654683086454323
0.31106147646286014	0.8083298419470331	3.990741076965528	-5.044321321795983
0.28357002400260145	0.790576996976467	3.2528018282821134	-4.897604759586816
0.2932013689120374	0.7967857739604428	4.371415461306517	-3.812971023018415
0.2810538760149937	0.7880918607796532	2.8077443143814222	-8.034638697794138
0.2995773140625982	0.8008493389663915	4.6016290676491876	-3.7734104614061694
0.2943502650827636	0.7974116823474409	4.442924861482372	-3.884390018262873
0.2972218092037585	0.7995525104485017	4.563930664155969	-3.581120114829054
0.2916240892663857	0.7957485777957226	4.2517429815702	-3.93279014135675
0.2979705037517425	0.7990500053163816	4.581928109549118	-6.5614255650116675
0.31966605023603833	0.8152943430095003	2.6687547252256545	-5.942223196409258
0.29738087000567054	0.7992961042753046	4.5682231750215925	-3.9815402697895133
0.2972793237745413	0.7992092220811591	4.565511989038693	-4.028005083460106
0.302965158056334	0.8034041262431061	4.558561573162361	-3.586281654998974
0.30432219643242775	0.8032617754755436	4.509115474655117	-6.788855058715854
0.31006655420286855	0.8088822202862019	4.095844817061121	-5.221846099298304
0.302945854962177	0.8035461420230531	4.559132077366659	-3.654683086454323
0.31106147646286014	0.8083298419470331	3.990741076965528	-5.044321321795983
0.27984944707651	0.7881163632399208	2.572298469045718	-5.6121479552001166
0.2922821807973577	0.796258488715411	4.304698718434202	-3.8441989964786893
0.2840332512263756	0.7901951015399973	3.3278370526573986	-6.497494486258235
0.3004345511712077	0.8014596330725265	4.601578211055584	-3.7160156205133728
0.2915143251368297	0.7961282902905104	4.242488995240371	-4.250830057962497
0.2971775309699754	0.7995096066646915	4.562690727530334	-3.5835656112746266
0.2920014064864022	0.7960049838520696	4.282634893678732	-3.8961002209553053
0.2950629461257675	0.7977342029956751	4.480649879872203	-4.131325909197926
0.31966605023603833	0.8152943430095003	2.6687547252256545	-5.942223196409258
0.2969386939682282	0.7989708221876027	4.555664411556762	-4.067031474041897
0.2969466188401357	0.7992858623268677	4.555906702120502	-3.6140449640260144
0.302965158056334	0.8034041262431061	4.558561573162361	-3.586281654998974
0.30432219643242775	0.8032617754755436	4.509115474655117	-6.788855058715854
0.31006655420286855	0.8088822202862019	4.095844817061121	-5.221846099298304
0.31176228878610435	0.8092670735094634	3.9107651972189923	-4.271657220928333
0.31106147646286014	0.8083298419470331	3.990741076965528	-5.044321321795983
0.27894693353705485	0.787525312337797	2.386364347191648	-5.808680911658211
0.29028458454504064	0.795094925555539	4.130575897345258	-4.0520759204533565
0.2897388101871211	0.7942389748776035	4.0760623027779275	-4.535139292737085
0.3032131689936349	0.80320539805028	4.55090010974929	-3.9715628692097935
0.29577402276557496	0.7988348935020217	4.513227966728181	-3.7954653900838196
0.29520349533393836	0.7981730371241135	4.487490099599818	-3.664582542398711
0.2937960700076002	0.7971542285335601	4.410078647904586	-3.7921653358409886
0.28998454507996596	0.7942121220090242	4.100975698381404	-5.069517505765219
0.30774216413731925	0.8069803331277171	4.302816857011611	-4.165916774062818
0.2983274724430534	0.80011745333502	4.588535642513845	-3.6505078540352844
0.2969437010396124	0.7991698700062412	4.555817567981242	-3.7147276427080644
0.3001141269544972	0.8015925868783687	4.602457259848859	-3.572942688062642
0.3036820239795228	0.8030078422731051	4.534735881728668	-5.797364144580822
0.31006655420286855	0.8088822202862019	4.095844817061121	-5.221846099298304
0.3070536545064012	0.8059965252705108	4.353752175179203	-3.872920660468857
0.30950362864076814	0.8076964790185467	4.150927597949431	-4.0484267675185945
0.27894693353705485	0.787525312337797	2.386364347191648	-5.808680911658211
0.2900172153735041	0.7948702522586427	4.104242440162562	-4.052136991323568
0.28710880490715857	0.7924390475103799	3.7716078300490796	-5.077134118555504
0.30771474748479366	0.8060487933892169	4.304935740886922	-4.733464674444203
0.2987201096018094	0.8008638266557693	4.594331787500671	-3.8220047116538964
0.29963392880272943	0.8011235673605717	4.601852344050218	-3.548890045211505
0.2937960700076002	0.7971542285335601	4.410078647904586	-3.7921653358409886
0.2896137501996056	0.7937648303725553	4.063151460076613	-5.97292048117991
0.30774216413731925	0.8069803331277171	4.302816857011611	-4.165916774062818
0.3011251897461634	0.801738772865242	4.596192124833217	-4.076127648751387
0.2969437010396124	0.7991698700062412	4.555817567981242	-3.7147276427080644
0.29626137535276775	0.7988713563056291	4.532635813393112	-3.6201700737695734
0.30542968444432805	0.8047177746753337	4.455115018832683	-4.030903188091517
0.3124940230150294	0.8106875077645673	3.8220193291571536	-6.016466429594477
0.30640502799675523	0.8055595275226077	4.397400466461481	-3.826375725011526
0.30950362864076814	0.8076964790185467	4.150927597949431	-4.0484267675185945
0.291692420497361	0.7962723402881693	4.257442998694236	-4.293510218156522
0.2906251264901513	0.7953784186300736	4.163081118029262	-4.071836343842839
0.2910521220081783	0.7950818744942092	4.20219978187494	-4.447224737514928
0.30771474748479366	0.8060487933892169	4.304935740886922	-4.733464674444203
0.29924530060820254	0.8013646409484293	4.599674528797676	-4.147491162309835
0.2960070101887172	0.7987081529070653	4.522802546492533	-3.628417689481063
0.2946506090512628	0.7977548277987054	4.459442467045416	-3.716421648311983
0.2896137501996056	0.7937648303725553	4.063151460076613	-5.97292048117991
0.31431576186311394	0.8113249128908296	3.577817196050635	-4.652306554814825
0.30152905184917267	0.8020586875914472	4.590832386870281	-3.966480492841108
0.2934684449666649	0.7969503994669862	4.38921632889015	-3.803380281745369
0.29864109392663296	0.8003112608759078	4.593289256076405	-3.6622343287066723
0.30542968444432805	0.8047177746753337	4.455115018832683	-4.030903188091517
0.3124940230150294	0.8106875077645673	3.8220193291571536	-6.016466429594477
0.3062302079192932	0.805441463700585	4.4084449310694565	-3.814924689670957
0.30966326364823277	0.8078435141118836	4.135629062981288	-4.03839737784775
0.2914186160040791	0.7960447776152837	4.234321628230337	-4.217854439747807
0.2920557304607464	0.796574292185901	4.286965292096012	-4.415464028567202
0.2910521220081783	0.7950818744942092	4.20219978187494	-4.447224737514928
0.30771474748479366	0.8060487933892169	4.304935740886922	-4.733464674444203
0.302420290506676	0.8034630347711708	4.573233353974043	-4.088597376762213
0.29489996387428824	0.7978521753616216	4.4724705422397495	-3.7581313719872593
0.29350829662199446	0.7971504293514695	4.391811320917531	-3.7599890880418574
0.2896137501996056	0.7937648303725553	4.063151460076613	-5.97292048117991
0.31431576186311394	0.8113249128908296	3.577817196050635	-4.652306554814825
0.2985336522152765	0.8000639864992	4.591771505528756	-3.954232316708497
0.2957518287719961	0.7987161235593352	4.512287590745372	-3.6833902186718754
0.29858757919682255	0.8001880980810165	4.592547722031331	-3.7849998289151427
0.30854702893427605	0.8070356394586021	4.237263866640813	-3.968709736190551
0.3124940230150294	0.8106875077645673	3.8220193291571536	-6.016466429594477
0.30360097662452157	0.8037539436634885	4.537687221405819	-3.6241874156018943
0.3095267273094381	0.8077446959637066	4.148729718515606	-4.028504141381054
0.2914186160040791	0.7960447776152837	4.234321628230337	-4.217854439747807
0.2920557304607464	0.796574292185901	4.286965292096012	-4.415464028567202
0.2929755025170374	0.7965692106552689	4.355804560216836	-3.8895392553184713
0.30109917731748365	0.8019875676691339	4.59648143078122	-3.623723131167556
0.302420290506676	0.8034630347711708	4.573233353974043	-4.088597376762213
0.29431763202177735	0.7972615834076606	4.441075855457924	-4.126599556243279
0.29135427823392407	0.7956472041296533	4.228779860375579	-3.9205251554268044
0.2896137501996056	0.7937648303725553	4.063151460076613	-5.97292048117991
0.31431576186311394	0.8113249128908296	3.577817196050635	-4.652306554814825
0.3006792358301554	0.8012198249336969	4.600215578092739	-4.758445574329689
0.294073052840964	0.7976890684525794	4.426878871527551	-3.8556218797889965
0.2878924410531822	0.7928000585902534	3.869557466404234	-5.4880545697643415
0.304090435190118	0.8039744417620635	4.518864084434794	-3.7248898442563547
0.30561056758872324	0.8057655430345146	4.445130041319414	-4.622340583723501
0.30280831734259356	0.8029604921893484	4.5630891531740145	-3.905031466480641
0.3095267273094381	0.8077446959637066	4.148729718515606	-4.028504141381054
0.2914408933740402	0.7961824400118009	4.236230853484832	-4.500257648987807
0.287818627936969	0.7937012018049807	3.860593257967614	-4.6197380139192115
0.29325719998159905	0.7967145316903788	4.375195624216835	-3.919267928317745
0.29847799783322315	0.8001767022411055	4.590939931679206	-3.696066774320168
0.3023808065731213	0.8034345381607069	4.574181184964486	-4.083078480465106
0.29431763202177735	0.7972615834076606	4.441075855457924	-4.126599556243279
0.29163381188592663	0.7958142542238231	4.252556866857262	-3.9014131399960803
0.2896137501996056	0.7937648303725553	4.063151460076613	-5.97292048117991
0.309238620193292	0.8076344889386061	4.175761869278058	-3.9704642574225817
0.3006792358301554	0.8012198249336969	4.600215578092739	-4.758445574329689
0.29732259600488004	0.7994258271232731	4.566679923892152	-3.6985734746752863
0.2822541947606657	0.7890874224529106	3.0279543666956545	-6.634154982227313
0.30488722288604403	0.8046045730291609	4.4830976469682104	-3.687302640987789
0.30212630826390224	0.8031417787836591	4.579916450491878	-3.8262630856421262
0.303258132695509	0.8032874496509343	4.54944524134985	-3.873319644820776
0.31350745309436445	0.8104389424160551	3.690265939175293	-4.512397977919176
0.28999983791250206	0.7952611746641973	4.102506175776418	-4.704157702485625
0.287818627936969	0.7937012018049807	3.860593257967614	-4.6197380139192115
0.2972802423586432	0.7993585978242675	4.56553697651898	-3.7508404471846903
0.29263221216432106	0.7961960232032917	4.331100896699682	-4.143307904945359
0.3023808065731213	0.8034345381607069	4.574181184964486	-4.083078480465106
0.2930686687272871	0.7965885267466342	4.3623056185971345	-3.934755362795726
0.28947118359982926	0.7946479931206851	4.0482425107150535	-4.215540411463453
0.2896137501996056	0.7937648303725553	4.063151460076613	-5.97292048117991
0.309238620193292	0.8076344889386061	4.175761869278058	-3.9704642574225817
0.30148843856396446	0.8016956945173513	4.59144513786409	-5.022291368687414
0.2973398887193645	0.7994532764027565	4.567141424530753	-3.6798385422289286
0.2822541947606657	0.7890874224529106	3.0279543666956545	-6.634154982227313
0.30599599785815884	0.8051221667632723	4.422762433082346	-4.022791439651963
0.30168282178825945	0.8030847000904204	4.58836293880237	-4.400238913406006
0.3029818472432195	0.8030866259361185	4.558065319748094	-3.8920680858777263
0.3118530113663769	0.8092843977704046	3.900052992400274	-4.316310854855432
0.2899020135378469	0.7948820407531475	4.092675731708438	-4.120084020118087
0.2852087700433177	0.792129178575485	3.5086199665002935	-5.282128886736143
0.30436329707557996	0.8036005304380542	4.50733057780875	-5.2049379162608265
0.29070851321880287	0.7947318411189452	4.170863751631769	-4.839376501429287
0.302141307611697	0.8032531427861754	4.579596393218016	-4.030373047629619
0.2930686687272871	0.7965885267466342	4.3623056185971345	-3.934755362795726
0.29567412092991624	0.7988608330298335	4.50895623601263	-3.9536114957254602
0.2896137501996056	0.7937648303725553	4.063151460076613	-5.97292048117991
0.309238620193292	0.8076344889386061	4.175761869278058	-3.9704642574225817
0.30148843856396446	0.8016956945173513	4.59144513786409	-5.022291368687414
0.302859509693069	0.8032484030010967	4.561638406233795	-3.6030833807420652
0.27925650437932786	0.7871822230360921	2.4510593318333553	-7.156382797569997
0.30533663975009356	0.8045076614851071	4.46012376554618	-4.374665257257127
0.30104339754845316	0.8029616493652505	4.597078992436983	-5.614260436583899
0.3029818472432195	0.8030866259361185	4.558065319748094	-3.8920680858777263
0.3118530113663769	0.8092843977704046	3.900052992400274	-4.316310854855432
0.29128637615747294	0.7956280630634313	4.222886182312294	-3.9224536344964065
0.2788935554530877	0.7882357260987282	2.375112377598155	-7.046167850003373
0.3014977503119028	0.8017281686659922	4.591306104673549	-4.916397959576443
0.2895520483716966	0.7939265862621561	4.056723918520739	-5.126105774439046
0.30111251155182844	0.802473937542501	4.596333974892815	-3.8340589535286824
0.2930686687272871	0.7965885267466342	4.3623056185971345	-3.934755362795726
0.2965722932039981	0.7995225817191698	4.543776515260785	-4.057502814247758
0.2896137501996056	0.7937648303725553	4.063151460076613	-5.97292048117991
0.3113180363759774	0.8090824015012605	3.9620326476178365	-4.182817330769519
0.30148843856396446	0.8016956945173513	4.59144513786409	-5.022291368687414
0.29805646192566326	0.7999356542776245	4.583635683425591	-3.6569063707507397
0.27925650437932786	0.7871822230360921	2.4510593318333553	-7.156382797569997
0.30933299383557944	0.807033309434415	4.166998514982754	-5.269907394346899
0.30104339754845316	0.8029616493652505	4.597078992436983	-5.614260436583899
0.29438854886945787	0.7970829829096651	4.445080465705261	-4.784491778283253
0.312652074601829	0.8099981872210975	3.802147426006343	-4.342694993766997
0.29128637615747294	0.7956280630634313	4.222886182312294	-3.9224536344964065
0.2834035136781375	0.7911150746165678	3.225305593498728	-6.091264692208984
0.30523098686443	0.803962946987264	4.465706266778376	-6.318462822270725
0.2895520483716966	0.7939265862621561	4.056723918520739	-5.126105774439046
0.30111251155182844	0.802473937542501	4.596333974892815	-3.8340589535286824
0.30658792176459343	0.8057953531935959	4.385518818775554	-3.7683044228158993
0.2965722932039981	0.7995225817191698	4.543776515260785	-4.057502814247758
0.28979123065126394	0.7938992532226968	4.081427526579111	-5.864542528136761
0.311368912195577	0.8091172320844541	3.956261562103876	-4.1885876004449045
0.30148843856396446	0.8016956945173513	4.59144513786409	-5.022291368687414
0.3031095218738556	0.8033385231223831	4.554176753237641	-3.6649983843418
0.27925650437932786	0.7871822230360921	2.4510593318333553	-7.156382797569997
0.305447189130049	0.8045875129761763	4.454163037564954	-4.366252105358639
0.2967016722073152	0.799464862004819	4.548127553517589	-3.780516122375956
0.2942804461335135	0.7970424852445208	4.438955902499371	-4.682352495002336
0.30933045126565606	0.8075278672089051	4.167235780553659	-4.077857386274497
0.29453983961534447	0.7975630460526159	4.453455627526766	-3.8370453560690825
0.2834035136781375	0.7911150746165678	3.225305593498728	-6.091264692208984
0.30523098686443	0.803962946987264	4.465706266778376	-6.318462822270725
0.2897529164044353	0.7940867027004735	4.077508773585118	-5.0033015385965935
0.30111251155182844	0.802473937542501	4.596333974892815	-3.8340589535286824
0.30658792176459343	0.8057953531935959	4.385518818775554	-3.7683044228158993
0.2976277151110184	0.8001976090378277	4.574383706685121	-3.9650207079090523
0.28982171047200367	0.7937501330662718	4.084534496078976	-6.7507298104364795
0.31581962286614546	0.812854689033434	3.3512200465222115	-5.955195217041183
0.30655094155372203	0.8050427446765248	4.387948208456162	-5.46777619704115
0.30206461313892446	0.8027285841550362	4.5812092475904755	-3.5771847836361594
0.28377167686802945	0.7902490409636235	3.2857300262793245	-5.663317755247718
0.2989380402184973	0.8002816747396627	4.596883591769927	-4.068510420115
0.2941148478293948	0.7976531023872807	4.429347304301678	-3.783536495966495
0.29419697896833985	0.7968749801297218	4.4341471191881245	-5.112010259515231
0.30812585435477463	0.8064803421016634	4.272374839682524	-4.351819424729403
0.3023459515067041	0.8028651522185803	4.575004942298537	-3.6118657630377955
0.2836783800180059	0.7912758856945251	3.270545990474427	-5.980558505945003
0.30322568116187915	0.8027798101670761	4.550497289867063	-5.408203929542641
0.2897529164044353	0.7940867027004735	4.077508773585118	-5.0033015385965935
0.30137948800141107	0.8026695610965614	4.593007448927388	-3.8675773219607024
0.3104443675897532	0.8084592477119418	4.057098312908138	-4.089095105743681
0.2976277151110184	0.8001976090378277	4.574383706685121	-3.9650207079090523
0.28982171047200367	0.7937501330662718	4.084534496078976	-6.7507298104364795
0.31581962286614546	0.812854689033434	3.3512200465222115	-5.955195217041183
0.30655094155372203	0.8050427446765248	4.387948208456162	-5.46777619704115
0.3007727186126559	0.8022249586437648	4.599536914385849	-3.794289205215877
0.27782614114258125	0.7868084207064555	2.144122301513937	-6.052171030168745
0.2987501136877412	0.8001392109491352	4.594711305689714	-4.114410610753396
0.28820862443055667	0.7939131992252791	3.90733969555925	-4.491629328860535
0.2992729372253469	0.8003753644077305	4.599879283266143	-4.4334331193994725
0.3101490842699315	0.8078487210595882	4.087502827066719	-4.560228585135401
0.3023459515067041	0.8028651522185803	4.575004942298537	-3.6118657630377955
0.2816010714618796	0.7896901159675096	2.9099195279032743	-5.610975036784931
0.30322568116187915	0.8027798101670761	4.550497289867063	-5.408203929542641
0.2897529164044353	0.7940867027004735	4.077508773585118	-5.0033015385965935
0.29324135733110374	0.7969294552858812	4.374126131028448	-3.7707420155996934
0.300406794027375	0.8019275205559513	4.6016949777540335	-3.7118357653680674
0.29588062419355665	0.7990584860914226	4.51767609948402	-4.073362529928631
0.28982171047200367	0.7937501330662718	4.084534496078976	-6.7507298104364795
0.31581962286614546	0.812854689033434	3.3512200465222115	-5.955195217041183
0.30655094155372203	0.8050427446765248	4.387948208456162	-5.46777619704115
0.30320819639767327	0.8038361456600935	4.551059764027355	-3.798971522450688
0.27782614114258125	0.7868084207064555	2.144122301513937	-6.052171030168745
0.2986762199411469	0.8000710503140251	4.5937604164364885	-4.165238793414538
0.28820862443055667	0.7939131992252791	3.90733969555925	-4.491629328860535
0.2899501273912991	0.7944778850980886	4.097522687401992	-4.302613172445077
0.31146034380672377	0.8086499588058979	3.945824983816013	-4.9489938809467695
0.30176630007866484	0.8029213838594432	4.586923304818116	-3.8582495862026587
0.2816010714618796	0.7896901159675096	2.9099195279032743	-5.610975036784931
0.29448606571441416	0.7976217445840652	4.450505028128779	-3.7420330656467318
0.2897529164044353	0.7940867027004735	4.077508773585118	-5.0033015385965935
0.2949293658274626	0.7979052001170065	4.473965730099054	-3.7259654779452367
0.3011574182692401	0.8023081043120733	4.59582429940772	-3.590048836516619
0.2921126794183307	0.7971494820267497	4.291473254867453	-6.6834212724784425
0.2883738025037729	0.7927747398990307	3.9266800435511913	-7.110000263688103
0.31581962286614546	0.812854689033434	3.3512200465222115	-5.955195217041183
0.30693944663526496	0.8052551367650348	4.361742786639122	-5.7210557427772
0.3032107008986206	0.803684837171637	4.550979383355557	-3.6321514546213756
0.27782614114258125	0.7868084207064555	2.144122301513937	-6.052171030168745
0.2986762199411469	0.8000710503140251	4.5937604164364885	-4.165238793414538
0.28820862443055667	0.7939131992252791	3.90733969555925	-4.491629328860535
0.29316094570744594	0.7960456861139765	4.368659066575064	-5.856553291363226
0.311803051083818	0.8088536679980333	3.9059623102214855	-5.079533871773191
0.300890607278516	0.8025331289810537	4.598556478034845	-4.332694995689997
0.28536968349467584	0.7922413136426966	3.532291579427773	-5.280521847871488
0.29567389137244077	0.7985326401329166	4.508946305370362	-3.635897917443483
0.29360377754244527	0.7968627534514305	4.3979640760249366	-4.023495606260849
0.2954357180750797	0.7983274104810938	4.498359037206803	-3.6535144433217903
0.29994177831265384	0.801273595647224	4.602505435833186	-3.5718054495365914
0.2921126794183307	0.7971494820267497	4.291473254867453	-6.6834212724784425
0.2921857105009292	0.7956174652055945	4.2972067827811316	-4.9988012937376425
0.31581962286614546	0.812854689033434	3.3512200465222115	-5.955195217041183
0.30693944663526496	0.8052551367650348	4.361742786639122	-5.7210557427772
0.2931863072901875	0.7963945862976582	4.370390342938816	-4.518936520052041
0.2814484383216715	0.7894172153335289	2.881720181133441	-5.352074727837153
0.29910240232009866	0.8003218214906251	4.598493976682752	-4.251926788895995
0.28975361494010593	0.7945752605231098	4.077580350679473	-4.078917213487311
0.29813120455653047	0.7997327987781262	4.585060402609911	-4.110684350274
0.311803051083818	0.8088536679980333	3.9059623102214855	-5.079533871773191
0.300890607278516	0.8025331289810537	4.598556478034845	-4.332694995689997
0.28536968349467584	0.7922413136426966	3.532291579427773	-5.280521847871488
0.295571611266516	0.7984501344348288	4.504469250783333	-3.641118595853439
0.29360377754244527	0.7968627534514305	4.3979640760249366	-4.023495606260849
0.2953510585483712	0.7982509552022885	4.49445910155421	-3.6645736269688056
0.30064587034546036	0.8020719704001787	4.600436642141848	-3.691764265922994
0.2941442707241593	0.7980214969692457	4.431074557897883	-4.462027875634593
0.2906195291644691	0.7948416957489858	4.162556219176345	-4.3855766846975754
0.31549758958291557	0.812632043015536	3.401645970255106	-5.909335802584917
0.30693944663526496	0.8052551367650348	4.361742786639122	-5.7210557427772
0.2931863072901875	0.7963945862976582	4.370390342938816	-4.518936520052041
0.2813023355171652	0.7893307990265408	2.8545090990942685	-5.387600352348688
0.30296132320965485	0.8029141080207411	4.5586752088973705	-4.259178241877776
0.2813954001087317	0.7894296500659034	2.871866699086675	-5.4190924579629804
0.29813120455653047	0.7997327987781262	4.585060402609911	-4.110684350274
0.311803051083818	0.8088536679980333	3.9059623102214855	-5.079533871773191
0.303069668484826	0.8037952515285418	4.555408061623902	-3.8824686918851423
0.28536968349467584	0.7922413136426966	3.532291579427773	-5.280521847871488
0.29333644677041026	0.797112122481717	4.380507676439695	-3.810033296657391
0.2934028218246973	0.79671730329034	4.384908585274123	-4.061131948208906
0.295582545473082	0.7982949700486857	4.504952862170632	-3.7345798618522332
0.2896855351504572	0.794278802909105	4.070581458995305	-4.3783927778506655
0.2941442707241593	0.7980214969692457	4.431074557897883	-4.462027875634593
0.2906195291644691	0.7948416957489858	4.162556219176345	-4.3855766846975754
0.31549758958291557	0.812632043015536	3.401645970255106	-5.909335802584917
0.30693944663526496	0.8052551367650348	4.361742786639122	-5.7210557427772
0.2929368457150347	0.7962438176569916	4.353081642391456	-4.497150932697283
0.2813023355171652	0.7893307990265408	2.8545090990942685	-5.387600352348688
0.30296132320965485	0.8029141080207411	4.5586752088973705	-4.259178241877776
0.2865327472064635	0.7926986024451425	3.695687895632491	-4.531351177030102
0.2982633037699582	0.7998103459050713	4.587441815680367	-4.13473547747125
0.311803051083818	0.8088536679980333	3.9059623102214855	-5.079533871773191
0.303069668484826	0.8037952515285418	4.555408061623902	-3.8824686918851423
0.28454398054600993	0.7918323219679174	3.4080796978469783	-5.825749893576295
0.2932296516008062	0.7968800641330788	4.373334297425245	-3.776027979814316
0.2934028218246973	0.79671730329034	4.384908585274123	-4.061131948208906
0.29478658787233575	0.7978450320843854	4.466624054593191	-3.709026236551657
0.2866918684503405	0.7923482779903469	3.716990557942363	-4.697637701895264
0.2941442707241593	0.7980214969692457	4.431074557897883	-4.462027875634593
0.2923313510272892	0.7963859942900514	4.308481499324282	-3.8468207383950155
0.3107923669376545	0.8092141482189711	4.020146464072683	-4.780874679721377
0.3053870745365194	0.8043247161569247	4.457419524347493	-5.113546212756923
0.2930207006485035	0.7964260284953477	4.358969287468577	-4.168146418885803
0.282653488194026	0.790195643545129	3.098015025483604	-5.138282365871434
0.3030044179304815	0.8032645860034394	4.55738974915258	-3.6647691969443175
0.28874109648438584	0.7939903926516307	3.9687078427880307	-4.176860289612482
0.2982633037699582	0.7998103459050713	4.587441815680367	-4.13473547747125
0.30170667182347877	0.8023911871767111	4.587958741092292	-3.6356685989562596
0.30083649019511993	0.8019437472726675	4.599023805424914	-3.5483492077734615
0.28564470855731633	0.79239829367011	3.5721504226356404	-5.179087945815954
0.29468459196744984	0.7978167351944003	4.46125457189508	-3.6952121021645494
0.2934028218246973	0.79671730329034	4.384908585274123	-4.061131948208906
0.29478658787233575	0.7978450320843854	4.466624054593191	-3.709026236551657
0.2866918684503405	0.7923482779903469	3.716990557942363	-4.697637701895264
0.29407111114696455	0.7980492217442001	4.426763769499334	-4.711626603939263
0.2923313510272892	0.7963859942900514	4.308481499324282	-3.8468207383950155
0.3107923669376545	0.8092141482189711	4.020146464072683	-4.780874679721377
0.3053870745365194	0.8043247161569247	4.457419524347493	-5.113546212756923
0.29525782021374697	0.7978472518775611	4.49008103903184	-4.159673909882211
0.282653488194026	0.790195643545129	3.098015025483604	-5.138282365871434
0.3045936121359995	0.8042328236541361	4.497016022377563	-3.8508425630397074
0.2901052072599958	0.7948685888425153	4.112987767819374	-4.031863957729132
0.3010400225217424	0.8015206367285477	4.597114150428917	-4.547870333289955
0.3066925016613506	0.8058152448372831	4.378574492221671	-3.798596209103269
0.3023145452370301	0.8029353031769688	4.57573678638628	-3.5716962971181587
0.2944111754495659	0.7979864927568545	4.4463475853799	-3.947368444442926
0.3025335384316477	0.8031868230930364	4.5704282997343935	-3.590030723234614
0.2952440793602143	0.7977495523119549	4.489428478997876	-4.401877679157327
0.29478658787233575	0.7978450320843854	4.466624054593191	-3.709026236551657
0.29323949998452636	0.7967569752484065	4.37400058236148	-3.8564932686445514
0.29072023931411417	0.7958118157677312	4.171952592721014	-4.874529955396624
0.293426078980427	0.7971047712470114	4.386440196799655	-3.7680637819891976
0.30241384537207994	0.8035039378721779	4.573389137256014	-4.203838976007831
0.3057883741478034	0.8045564535814882	4.434996008282779	-5.296599969858052
0.285988268586523	0.7919195510184691	3.6208792986404825	-4.745254234777696
0.28557401156538265	0.7920270928836329	3.5619766730790072	-4.622742028909451
0.3064989873100357	0.8055540730211553	4.391338204377546	-3.910479983902321
0.2901052072599958	0.7948685888425153	4.112987767819374	-4.031863957729132
0.30177831751477374	0.8020010025060366	4.586710318740818	-4.604764081719902
0.3066925016613506	0.8058152448372831	4.378574492221671	-3.798596209103269
0.30315609074693034	0.8038693831924878	4.552717840643276	-3.914685817091118
0.2944111754495659	0.7979864927568545	4.4463475853799	-3.947368444442926
0.306864107814671	0.8058903846133856	4.366942504200436	-3.839690642651819
0.29415128889618286	0.7970385368698325	4.431485276778004	-4.431136477629878
0.2957852542335187	0.7983443755890993	4.513701975277214	-3.837309498408289
0.29463372597661747	0.7972800516930577	4.458537900187423	-4.646404596678565
0.29072023931411417	0.7958118157677312	4.171952592721014	-4.874529955396624
0.28286100018606725	0.7901974562964742	3.1337958115476408	-5.015291554169055
0.30007799736275326	0.801685760670417	4.602491966714592	-3.682408616612225
0.3065194326442189	0.8053588440466893	4.390007374645039	-4.309570508240894
0.285988268586523	0.7919195510184691	3.6208792986404825	-4.745254234777696
0.29111017167535574	0.7954417054368139	4.207377146449338	-3.9588540163967503
0.31601635700723274	0.8117053537186248	3.3199039257419054	-5.817112787877327
0.2898805757419357	0.7947173282427484	4.090508648084074	-4.054349451436132
0.3023879110397899	0.802397629694844	4.5740117889878205	-4.65862976638108
0.2987654185260154	0.8005824054888597	4.594901427578044	-3.550058879006791
0.30995072075594127	0.8091249351019245	4.107438166843971	-6.634058992160241
0.2944988330231954	0.7977082417439942	4.451208194124147	-3.700546565127924
0.2982061534120378	0.8000961820948843	4.586432956751856	-3.6004613669249688
0.2940555755454706	0.7968541007291751	4.42584147417954	-4.838900468106951
0.2966028667899659	0.7991141073221598	4.544819814423991	-3.6037889893250936
0.2946385292151081	0.7972648047963016	4.458795539771327	-4.709785469139806
0.29072023931411417	0.7958118157677312	4.171952592721014	-4.874529955396624
0.28286100018606725	0.7901974562964742	3.1337958115476408	-5.015291554169055
0.30007799736275326	0.801685760670417	4.602491966714592	-3.682408616612225
0.3033977668861255	0.8032287677961902	4.544798285595317	-4.215247470059256
0.28555581667773994	0.7916305643431536	3.5593502254222966	-4.821940739359942
0.2986330166348545	0.8002832806658079	4.593179167054651	-3.689554087080004
0.31206952264397325	0.8091327005061755	3.874155500390657	-4.84670747309076
0.2965042227583975	0.798982263649947	4.541420092043044	-3.6342651684018357
0.29856582396413706	0.799854783163084	4.5922380801483556	-4.610055535639866
0.3004193674072175	0.8015631557399246	4.601643039546392	-3.592651137449362
0.30562893006282715	0.8058358572804958	4.444098116396576	-4.8177020609987675
0.294759886419394	0.7982112821301274	4.465228432969316	-3.918233739032284
0.29903481084598	0.800657158901777	4.597864434142385	-3.5831231437430047
0.29713050337818264	0.7992404661658236	4.561352330344468	-3.7827063807372756
0.295962813552007	0.7988005629151231	4.521028012578282	-3.640682234819141
0.29469696680320406	0.7977205655638783	4.461911579225975	-3.7661661490753113
0.29158663399857376	0.7963076740107683	4.2485987472878	-4.569266777153204
0.290043500096515	0.7949900890819854	4.106862933017088	-4.1207162024306525
0.30007799736275326	0.801685760670417	4.602491966714592	-3.682408616612225
0.3032147171791743	0.803100950289171	4.550850351947181	-4.221856428635485
0.28555581667773994	0.7916305643431536	3.5593502254222966	-4.821940739359942
0.2973074770765652	0.7995354041791806	4.566273986191464	-3.5986185867181293
0.31206952264397325	0.8091327005061755	3.874155500390657	-4.84670747309076
0.2988196741098405	0.8002415967290338	4.595556538622669	-3.978627867926069
0.29856582396413706	0.799854783163084	4.5922380801483556	-4.610055535639866
0.3004193674072175	0.8015631557399246	4.601643039546392	-3.592651137449362
0.30687794770961696	0.8067197591055979	4.365991561176447	-5.018382461307379
0.29335503423900555	0.7973685228212428	4.381744534833632	-4.169764487879076
0.2978995659598248	0.7998374885778113	4.580463268871941	-3.6536047374051437
0.2985906080813525	0.8003608163239191	4.592590456755829	-3.5885175076108453
0.2955969165562602	0.7986006049286389	4.505586665594896	-3.680606539821307
0.298595977468279	0.8000179222902393	4.5926659883096725	-4.165637855128953
0.2966296854173642	0.8002187366893907	4.545727282727936	-6.852505702559969
0.2887980308760271	0.7942448222805724	3.9751018233853666	-4.337851652477375
0.30937635826758075	0.808123970361354	4.1629419128474225	-4.359282632631398
0.3028083304694286	0.8028365607787674	4.563088784529968	-4.1867604641475245
0.2964838254116466	0.7988495665074903	4.540704965978662	-3.749156899363001
0.2964595902328177	0.7990265727215796	4.539849878059775	-3.607332985145896
0.31085382209282336	0.8083423331833678	4.01349511454427	-4.606772902509334
0.2988196741098405	0.8002415967290338	4.595556538622669	-3.978627867926069
0.29856582396413706	0.799854783163084	4.5922380801483556	-4.610055535639866
0.3004193674072175	0.8015631557399246	4.601643039546392	-3.592651137449362
0.30566532722534956	0.8057182568774313	4.442042721806138	-4.374899396302134
0.29179275896185247	0.7960087387043164	4.26572835736631	-3.8829425693237916
0.29828353545290814	0.8001045307953913	4.587791131950458	-3.634875288092057
0.2985906080813525	0.8003608163239191	4.592590456755829	-3.5885175076108453
0.29574931045605074	0.7986890699821357	4.512180576662376	-3.6656790873009415
0.3005143250566964	0.8010804829463486	4.601199733337845	-4.869695374497686
0.296259196693921	0.79963825872091	4.532554337783715	-5.12986638952885
0.2887980308760271	0.7942448222805724	3.9751018233853666	-4.337851652477375
0.30716868813726755	0.8065299867962293	4.34557193661057	-4.020333113577733
0.30385563876547883	0.803394814559459	4.528192633208257	-4.663934035781401
0.2964495132878675	0.7988290092894755	4.539492605192427	-3.747511448400255
0.2966203648831003	0.7985358203591705	4.545412717040665	-4.76024665904414
0.31563999219471484	0.811457413563169	3.3794756054038673	-5.718369025075946
0.29899118687716786	0.8003169245123107	4.597433865073582	-4.068310201164821
0.29856582396413706	0.799854783163084	4.5922380801483556	-4.610055535639866
0.29371260592662596	0.796627644072696	4.404865763488079	-4.862827737477755
0.30314157278721193	0.803883730472794	4.553174986770821	-3.9619726359038827
0.29235969237578713	0.7963428364751451	4.3106508816945475	-3.8342198949885447
0.29542163127667137	0.7984813339257343	4.497715083823805	-3.686317408515806
0.2982593880144018	0.8001812421076416	4.587373734235534	-3.571904822468987
0.29574931045605074	0.7986890699821357	4.512180576662376	-3.6656790873009415
0.30068441675672086	0.8012619691198161	4.600180253173172	-4.6177511478113535
0.296259196693921	0.79963825872091	4.532554337783715	-5.12986638952885
0.2847103231564491	0.7918316375167512	3.433651294756495	-5.43347061778251
0.30716868813726755	0.8065299867962293	4.34557193661057	-4.020333113577733
0.30187366299613794	0.8021407568291725	4.584969319542091	-4.359822213510831
0.29554796004675116	0.79820199912041	4.503419085930954	-3.8252836581655636
0.2966203648831003	0.7985358203591705	4.545412717040665	-4.76024665904414
0.3181004110068231	0.8130587779535954	2.964397991577953	-6.4872978566783965
0.29899118687716786	0.8003169245123107	4.597433865073582	-4.068310201164821
0.2984581013462121	0.7997957870556334	4.590635127364809	-4.567692511738127
0.29371260592662596	0.796627644072696	4.404865763488079	-4.862827737477755
0.30314157278721193	0.803883730472794	4.553174986770821	-3.9619726359038827
0.2930909009603415	0.7967692234120642	4.363844136958526	-3.791210868144824
0.29533752993435863	0.7984380860681449	4.493829249092565	-3.69918532421328
0.2978160666353035	0.8000990461466778	4.578674559950401	-3.625984484792183
0.29574931045605074	0.7986890699821357	4.512180576662376	-3.6656790873009415
0.30068441675672086	0.8012619691198161	4.600180253173172	-4.6177511478113535
0.296259196693921	0.79963825872091	4.532554337783715	-5.12986638952885
0.28799915012957095	0.7937732017593143	3.88242039659469	-4.510747635574652
0.30716868813726755	0.8065299867962293	4.34557193661057	-4.020333113577733
0.30315412104272377	0.8030123521096807	4.552779986896809	-4.354444571397011
0.29580414202183025	0.7987193287921114	4.51449626379272	-3.6596562930140824
0.29368258479912357	0.796565169938351	4.402973710556251	-5.027927481572407
0.3074623859673603	0.8065221533138398	4.324086363028292	-3.8365238881003814
0.29961527461557347	0.8007910908702254	4.601782316550463	-3.93036452846244
0.2984245729450072	0.7997733555879386	4.590112532629557	-4.5687260747412966
0.29527578542186106	0.7976667258929659	4.490931367756072	-4.7431191482830615
0.3043981628291623	0.8047732251135401	4.505803203298448	-4.096266208128335
0.2939641954642624	0.7973846337686953	4.420367702689421	-3.725506797585237
0.2943723166049812	0.7977782961802262	4.444168282684722	-3.734152844163737
0.2982732225410433	0.8003522274701905	4.58761358269377	-3.5817396304674602
0.29551140172341206	0.798246186309064	4.501784812214633	-3.7395698581609524
0.3028470521188195	0.8028230039564291	4.5619938558212	-4.296241562975339
0.2950887450586029	0.7988384755846365	4.481920259160586	-5.090028507547788
0.28232552647903253	0.790117220748901	3.0405873134406747	-5.397658783975011
0.30667140435093554	0.806185571005824	4.379984204589165	-3.9764408237051603
0.30348235351068853	0.8032371397215402	4.541888454790549	-4.353076284889741
0.2959223555233271	0.7991960371416214	4.519386462266868	-4.359834723774964
0.2955866914681878	0.7978424366163922	4.505135923672741	-4.838236093472416
0.3074623859673603	0.8065221533138398	4.324086363028292	-3.8365238881003814
0.30156701633869804	0.8019675961491415	4.590244683628841	-4.259866502875523
0.29702845171947934	0.7987985008530657	4.558371888740247	-4.775386044488961
0.29503507931829903	0.7971841607663074	4.479270197779664	-6.242246426313391
0.3032454101916691	0.804045940351055	4.549858948096625	-4.177637314543136
0.29697142720966996	0.7991973859282033	4.556661118925937	-3.7030169878290815
0.2946573001486916	0.7977933483435635	4.459800176151721	-3.69875032844332
0.29869352871871196	0.8007250871837167	4.593988048613422	-3.649819755226023
0.2953537567060211	0.7981434813344502	4.494584500923355	-3.7450733556006357
0.3033450420371075	0.8032221384820527	4.546575853507492	-4.139619732369211
0.2950887450586029	0.7988384755846365	4.481920259160586	-5.090028507547788
0.28232552647903253	0.790117220748901	3.0405873134406747	-5.397658783975011
0.306701736786996	0.8061984782101446	4.377956004846694	-3.9668383653873187
0.30409484854063307	0.8036431200052018	4.518683461803949	-4.394219284545624
0.2970425547214919	0.7998141293756115	4.558789971780724	-3.994305212485843
0.29732346178638225	0.7991481015598424	4.566703100612793	-4.259202296921577
0.30344848241523964	0.8037446976254817	4.543062229816488	-3.6024957101897677
0.30118708860845844	0.8017157685258095	4.5954764878359144	-4.247683251092165
0.2959606565817047	0.7980494466990956	4.520940908402945	-4.97869394609258
0.29505331329755763	0.7977462464081677	4.480173837996973	-4.089255138628231
0.30334561529388826	0.8041233791794598	4.546556676184078	-4.206258812541822
0.2960333868087851	0.7983652366671814	4.523852283613974	-4.113121443880504
0.29480814718792314	0.7978560389159604	4.467745706546222	-3.7099058254481205
0.29869352871871196	0.8007250871837167	4.593988048613422	-3.649819755226023
0.29321042867586916	0.7968309238806571	4.372030990830275	-3.7898898695794614
0.30138055185934937	0.8018930180212663	4.592992767475809	-4.121200788981949
0.2951611725765332	0.7987729329209133	4.485451130487101	-4.656967779330833
0.29242109561078683	0.7963898851260796	4.315323425953401	-3.829554834837901
0.30550489982688517	0.8052256015264534	4.451002774137371	-3.726110665750391
0.30409484854063307	0.8036431200052018	4.518683461803949	-4.394219284545624
0.29713357541262403	0.7995983202355736	4.561440435082006	-3.6105676769909385
0.2961368525233271	0.7984795962440846	4.527902842524953	-4.004246300992064
0.3035174126414605	0.8037338651142009	4.540661426206043	-3.6090191100342963
0.3011494945137933	0.8016813251145628	4.595915696471369	-4.273873762339914
0.2952020694038082	0.7977133451767162	4.487421694628208	-4.429447062828333
0.29505331329755763	0.7977462464081677	4.480173837996973	-4.089255138628231
0.30334561529388826	0.8041233791794598	4.546556676184078	-4.206258812541822
0.2960333868087851	0.7983652366671814	4.523852283613974	-4.113121443880504
0.29480814718792314	0.7978560389159604	4.467745706546222	-3.7099058254481205
0.29869352871871196	0.8007250871837167	4.593988048613422	-3.649819755226023
0.2914202677641059	0.7956319916213519	4.234463358459372	-3.939006471845012
0.2990512699077828	0.8003767560792334	4.598021940718182	-4.0199756199319285
0.29448602392737483	0.7983998124708708	4.45050272401016	-4.965932063203643
0.29265669890205886	0.7965527227132702	4.332902029582457	-3.8123279731188253
0.30550489982688517	0.8052256015264534	4.451002774137371	-3.726110665750391
0.30409484854063307	0.8036431200052018	4.518683461803949	-4.394219284545624
0.2984255027037203	0.8004779133699678	4.590127175977614	-3.5938608363958338
0.29616827995495837	0.7984807808827269	4.529111992139705	-4.04631542084705
0.30579608693276217	0.805155131676213	4.434549265996891	-3.7817558483319704
0.2991607125953189	0.8003566686655571	4.599000367919292	-4.26290779595605
0.29600460992041167	0.7983827354794023	4.52270667521721	-4.029746023132743
0.29746661538777397	0.7996021783138504	4.5704321966902555	-3.617897350953406
0.3059974842691841	0.8060605368326716	4.422673296862019	-4.7501488283940425
0.2958147075935751	0.798467453179494	4.514939022021184	-3.7056767784489297
0.29334557141334217	0.7970157619412037	4.381115285582929	-3.765011830352158
0.29869352871871196	0.8007250871837167	4.593988048613422	-3.649819755226023
0.29036420759444403	0.7949385554689784	4.138279908242724	-4.035990822222926
0.29903758237793066	0.8003792683263331	4.597891146261226	-3.9931539800577056
0.29001291349774705	0.7956288847924564	4.103812900640159	-6.122727940522045
0.2901734211806556	0.7949783408757021	4.119714128193634	-4.038962294938786
0.30550489982688517	0.8052256015264534	4.451002774137371	-3.726110665750391
0.30303810031200856	0.8027039126240416	4.556372117128441	-5.182108298066786
0.2984255027037203	0.8004779133699678	4.590127175977614	-3.5938608363958338
0.29616827995495837	0.7984807808827269	4.529111992139705	-4.04631542084705
0.3084570287481258	0.8068437095940438	4.244915708424441	-4.114754643766292
0.29923495539680856	0.8003430419363567	4.599595918433212	-4.456512936277844
0.29502772977684255	0.797786226424087	4.478905028797083	-3.971887965553112
0.297929589960294	0.7998489729800049	4.581089395994997	-3.6618805080999373
0.2991019911222716	0.8015604857407265	4.5984902849351785	-5.165635095729885
0.30101080844048556	0.8018316414897763	4.597413716140789	-3.7398562531437456
0.29067527939654914	0.7953653539549989	4.1677703129954695	-4.025293292581284
0.29875241736700375	0.800762619959914	4.594740072526805	-3.64716727446688
0.2943296125856895	0.7979437381068456	4.441755917515721	-3.97168064058188
0.303559983771939	0.8037127463780643	4.539154962375228	-3.6291977830981565
0.29001291349774705	0.7956288847924564	4.103812900640159	-6.122727940522045
0.292502733887597	0.7966955110130574	4.321477388856644	-4.021373862507111
0.31089662882653857	0.8091206133788248	4.0088397857408165	-4.427108727707422
0.29786326879426606	0.7996321375853951	4.579694283429788	-3.9365950475891367
0.30013075732168604	0.8019866786871811	4.602436897271701	-4.223235550409726
0.29385067528280434	0.7968769812108532	4.413451412270007	-4.345920024862352
0.30879754525240843	0.8070423458263849	4.2155383723167015	-4.198178763470309
0.3009166185126783	0.8013209754796713	4.59832143716865	-4.984982655119367
0.29410903428121077	0.7972267735697834	4.429004999157825	-3.9385616497128817
0.30025002291043057	0.8014415784605685	4.602209827378872	-3.598562927469131
0.29874213075274303	0.8012877655174577	4.5946112094416	-5.034957851658883
0.3010122111225032	0.801832817280663	4.597399527874978	-3.7395181295301603
0.29455467663201357	0.7979576259819375	4.454264651747879	-3.7716202663756047
0.29875241736700375	0.800762619959914	4.594740072526805	-3.64716727446688
0.2921434324765781	0.7965773693143721	4.2938941184071355	-4.275311109832162
0.303559983771939	0.8037127463780643	4.539154962375228	-3.6291977830981565
0.28634453255651543	0.793323768172994	3.67016342915724	-7.075186119599836
0.2947224658804751	0.7981400468647699	4.4632605527438285	-3.8481881181798814
0.3082226221324963	0.8070308075271738	4.264464810988483	-3.892601634809199
0.30166915147916396	0.8022453606567337	4.588592051355597	-3.7914800952985317
0.30013075732168604	0.8019866786871811	4.602436897271701	-4.223235550409726
0.29385067528280434	0.7968769812108532	4.413451412270007	-4.345920024862352
0.3024155791954971	0.8030288487381088	4.573347270408981	-3.5715522990428283
0.3009166185126783	0.8013209754796713	4.59832143716865	-4.984982655119367
0.29410903428121077	0.7972267735697834	4.429004999157825	-3.9385616497128817
0.30025002291043057	0.8014415784605685	4.602209827378872	-3.598562927469131
0.29874213075274303	0.8012877655174577	4.5946112094416	-5.034957851658883
0.3010122111225032	0.801832817280663	4.597399527874978	-3.7395181295301603
0.2957258292009523	0.7988164863855505	4.511179704560414	-3.816980354146585
0.2994228729556661	0.8010847008307622	4.600857006531066	-3.5534323620089827
0.287321161602159	0.7935634362883607	3.798757669064736	-5.173046513911748
0.3035370423521578	0.8036988865606322	4.539969041652784	-3.6275659243689926
0.29221136010986526	0.7970925142087804	4.299207827966584	-6.006485716480838
0.2974091407802985	0.8000509367046525	4.568959627176013	-3.968254778658662
0.3082226221324963	0.8070308075271738	4.264464810988483	-3.892601634809199
0.3104973295129795	0.808172006793276	4.051552750137223	-4.416671272400247
0.3011355275863643	0.8028162954277052	4.596075270160601	-4.730810094789102
0.29614436379871	0.798695201105451	4.528192732074085	-3.6837854389466616
0.30190006238209777	0.8027099223316689	4.5844711993782585	-3.5618791881055767
0.3009166185126783	0.8013209754796713	4.59832143716865	-4.984982655119367
0.29032623852459927	0.794630490297096	4.134614079242838	-4.4580454463304156
0.3004712597980278	0.8014015514516314	4.601411955671388	-3.8527260811459243
0.2965824375348508	0.7995793700493009	4.544123718641591	-4.180636824913431
0.30111647177112516	0.8018982905607527	4.5962898385789765	-3.747131751004182
0.2957258292009523	0.7988164863855505	4.511179704560414	-3.816980354146585
0.29864218513188867	0.8009612147788007	4.593304078577253	-4.153641764523295
0.287321161602159	0.7935634362883607	3.798757669064736	-5.173046513911748
0.30517339601949744	0.8051838003594285	4.468702252784813	-3.911280103197252
0.29122208104425373	0.7966119853121666	4.217263078689326	-7.059607242793094
0.2974091407802985	0.8000509367046525	4.568959627176013	-3.968254778658662
0.3133698364208819	0.810508848177312	3.7087597550518723	-4.436844996952274
0.30456280054561397	0.8045772110768888	4.498426640562298	-3.6725149469752294
0.3035997150911971	0.8045681586637262	4.5377326409686125	-5.1388454486262285
0.29203496129952666	0.7959818936432095	4.285313177157384	-3.928662755291718
0.30662432115257243	0.8059222039077466	4.3831142309954805	-3.7673850607225257
0.3009166185126783	0.8013209754796713	4.59832143716865	-4.984982655119367
0.28833419669200944	0.7932630773109323	3.9220675505539573	-4.84636503683122
0.30064782980064586	0.8013696057433475	4.6004239674045495	-4.202458033399398
0.2981396353318239	0.8006864276763606	4.585217601164584	-4.333923415735955
0.3011086348726426	0.801520751690938	4.596377028253377	-4.710160037401616
0.2957258292009523	0.7988164863855505	4.511179704560414	-3.816980354146585
0.29864218513188867	0.8009612147788007	4.593304078577253	-4.153641764523295
0.2877196349988614	0.7938124884597488	3.848485561851624	-5.08837243279421
0.304378331957887	0.8047791770533389	4.5066734309903005	-4.140296002883591
0.29565841410053717	0.7988512120657743	4.508275544045501	-3.9558504132945007
0.3026450413025512	0.8034181033311841	4.5675411671965644	-3.728053472879596
0.30828821607406176	0.8067596741735737	4.259049756205894	-4.055828845374964
0.30456280054561397	0.8045772110768888	4.498426640562298	-3.6725149469752294
0.3035997150911971	0.8045681586637262	4.5377326409686125	-5.1388454486262285
0.2860644702292634	0.7920227701749294	3.631527434702145	-4.653579712246431
0.30975235843395876	0.8083049893828432	4.12697990953554	-4.256623868200886
0.30102274668394136	0.8013017743721808	4.597292330760008	-5.377043272655958
0.28833419669200944	0.7932630773109323	3.9220675505539573	-4.84636503683122
0.30064782980064586	0.8013696057433475	4.6004239674045495	-4.202458033399398
0.2956517589129109	0.7992210674266677	4.507986381900325	-5.09942095701693
0.3035923872449284	0.8033331395976164	4.537996154069953	-4.294118829280086
0.29600403623789473	0.7990255061767413	4.522683752717281	-3.843219129352068
0.2935887575614626	0.7976209218737251	4.397002236629058	-4.400144530748795
0.2871014528644109	0.7934146420371382	3.770659793612508	-5.1835240717260564
0.3036915686258102	0.8041499706803054	4.534383990062242	-3.797219063894982
0.29565841410053717	0.7988512120657743	4.508275544045501	-3.9558504132945007
0.3015127730492547	0.802614641768499	4.591079973164816	-3.6546373101734924
0.30828821607406176	0.8067596741735737	4.259049756205894	-4.055828845374964
0.30741880558779894	0.8069266056172267	4.3273290029097895	-4.531859538860192
0.3018876894037783	0.8033326950417861	4.584705528231889	-4.779253720877141
0.2860644702292634	0.7920227701749294	3.631527434702145	-4.653579712246431
0.3093351514198953	0.8079864558417381	4.166797124495705	-4.166643402824203
0.29878684978607073	0.7998852454674914	4.595163717449791	-5.057299085377568
0.28833419669200944	0.7932630773109323	3.9220675505539573	-4.84636503683122
0.300598352322567	0.8013159937915183	4.600732257147967	-4.260095792332948
0.298873612263977	0.8011576209834287	4.596178637998259	-4.266074044449175
0.3039741093860524	0.8036116812912265	4.523554657596024	-4.249399575394718
0.2928023326078091	0.7966816660767432	4.343490305214532	-3.8073277446931524
0.29369609197899443	0.7976650455342867	4.403826102971083	-4.320370331049913
0.2871014528644109	0.7934146420371382	3.770659793612508	-5.1835240717260564
0.3104848493110065	0.8088090936280192	4.052862059285005	-4.33415706087176
0.29402098982771435	0.7977986064434877	4.423779571456098	-4.105942891883469
0.30940710495809864	0.8080272589905856	4.160054266194152	-4.161541570236636
0.30828821607406176	0.8067596741735737	4.259049756205894	-4.055828845374964
0.3037444388935981	0.803997010927159	4.5324182715181225	-3.625739837073911
0.3018876894037783	0.8033326950417861	4.584705528231889	-4.779253720877141
0.2860644702292634	0.7920227701749294	3.631527434702145	-4.653579712246431
0.305625683082528	0.8051375438158195	4.444280833932363	-3.7113783946309455
0.29873153518497286	0.7998427632522669	4.594477369722765	-5.082136415603716
0.2864791780577886	0.7917246266068947	3.68845925469265	-6.373194754232311
0.2991261458521747	0.8003148180767056	4.598704279299216	-4.31876365757422
0.2983900373349107	0.8008572809255835	4.5895624857426665	-4.340409853678844
0.3039741093860524	0.8036116812912265	4.523554657596024	-4.249399575394718
0.2928023326078091	0.7966816660767432	4.343490305214532	-3.8073277446931524
0.29369609197899443	0.7976650455342867	4.403826102971083	-4.320370331049913
0.2916454341701839	0.7960221323873902	4.253528533633921	-3.956027803812053
0.3106217541671347	0.8089501991624205	4.038414076722353	-4.430753617727071
0.2980251176108432	0.8004593211672083	4.583021582402566	-3.949353269003055
0.3103062339969108	0.8086249978255728	4.07143008866217	-4.226257069326378
0.3067449057770886	0.8057180786081343	4.375053614948559	-3.9304062159614084
0.3057228510120187	0.8055744108219595	4.438767266128757	-3.9713366025643566
0.3022162480132831	0.8035638304038464	4.577963608375667	-4.822206308075311
0.2860644702292634	0.7920227701749294	3.631527434702145	-4.653579712246431
0.305625683082528	0.8051375438158195	4.444280833932363	-3.7113783946309455
0.297702723983951	0.7992076282389068	4.576134999188003	-4.903680647818032
0.2866870842389565	0.7918920688596107	3.7163537543543734	-6.1864800613096795
0.29982242695229483	0.8010469058069811	4.602364723721217	-3.7204939227908147
0.29803930304351783	0.8005885959812481	4.583300721881781	-4.245899877460803
0.3013728831515809	0.8020924467730178	4.5930983439181	-3.7179155073966834
0.2957985222728844	0.7985447587252898	4.514260309200331	-3.645807863761142
0.2936432536523415	0.7976302965528247	4.400481264015227	-4.32418748093626
0.29620100559350393	0.7992866903382139	4.530360592154632	-4.096698491277327
0.30735644894814	0.8067802573729866	4.331935679024621	-4.2660324187515535
0.29061590394997766	0.7954404053027461	4.16221609127735	-4.158466326323997
0.3115780219531275	0.8094706057411731	3.9322694229220603	-4.332431384708956
0.3020237323424548	0.8020524660368749	4.582044921688086	-5.037434846290106
0.29977710513837885	0.8016642072589582	4.602273974060888	-4.005017292261248
0.29953019735454667	0.8014631671262669	4.601418812029199	-3.926972038842602
0.287235051001144	0.7928616174699936	3.7878027699406003	-4.411938172626987
0.30524071885490683	0.8048794453664562	4.465196714076693	-3.689625356074875
0.2981969686899982	0.7995358594246292	4.586267775133339	-4.892584265932354
0.2866870842389565	0.7918920688596107	3.7163537543543734	-6.1864800613096795
0.29103788464745584	0.7947521713907362	4.200924826696036	-5.56393687249768
0.29803930304351783	0.8005885959812481	4.583300721881781	-4.245899877460803
0.30322089689883	0.8033396897466317	4.55065150049311	-3.751759079724728
0.29647894764194066	0.7988334574309903	4.540533336116598	-3.766710681603625
0.2936432536523415	0.7976302965528247	4.400481264015227	-4.32418748093626
0.29789108015714016	0.8004505918959364	4.580284670139534	-4.1428590676236325
0.30735644894814	0.8067802573729866	4.331935679024621	-4.2660324187515535
0.28954979722420954	0.7947182369048459	4.056488694381882	-4.231188444661926
0.30616103533224565	0.8058872268563579	4.412730602831677	-4.024361246912643
0.3020237323424548	0.8020524660368749	4.582044921688086	-5.037434846290106
0.29977710513837885	0.8016642072589582	4.602273974060888	-4.005017292261248
0.29953019735454667	0.8014631671262669	4.601418812029199	-3.926972038842602
0.287235051001144	0.7928616174699936	3.7878027699406003	-4.411938172626987
0.3128151686929932	0.8103179373632777	3.7813796415082077	-4.4786084466525455
0.2983707737127269	0.7996069185042646	4.589250493181866	-5.071178403364498
0.28926262186482243	0.7938147938366044	4.026065938568628	-4.898760903232777
0.29640260245670336	0.798533634604476	4.537816039234991	-4.300238148360854
0.2970981064769592	0.7999552224640003	4.560417454562244	-4.252569262065831
0.3089420567479189	0.807163639529192	4.2027204902425614	-4.1732599279328975
0.2967649156668767	0.7993515618539411	4.5501935314454744	-3.6208466235480596
0.2942176040042042	0.7978183237159716	4.435341867396598	-3.893881541898484
0.2894795251808067	0.7948256310182753	4.049120432551176	-4.515063570027083
0.30735644894814	0.8067802573729866	4.331935679024621	-4.2660324187515535
0.2922743826048648	0.7966085429078726	4.304096563977498	-4.149306413459283
0.30468203022245705	0.8046893272833213	4.492915349637567	-3.697849628890456
0.3020237323424548	0.8020524660368749	4.582044921688086	-5.037434846290106
0.29977710513837885	0.8016642072589582	4.602273974060888	-4.005017292261248
0.29953019735454667	0.8014631671262669	4.601418812029199	-3.926972038842602
0.2894478594735251	0.7945069206582571	4.045784036205203	-4.114319303496688
0.3128151686929932	0.8103179373632777	3.7813796415082077	-4.4786084466525455
0.30089106872381655	0.8016188908591573	4.5985523673047535	-3.987015572721768
0.28908775300358186	0.793732586665069	4.007136712103391	-4.821802178145146
0.29640260245670336	0.798533634604476	4.537816039234991	-4.300238148360854
0.2995714640180613	0.8016205343103757	4.601604169218493	-4.248690424503136
0.3089420567479189	0.807163639529192	4.2027204902425614	-4.1732599279328975
0.295276226150306	0.7983787036005088	4.490952187742311	-3.6888825990602196
0.2942176040042042	0.7978183237159716	4.435341867396598	-3.893881541898484
0.2874110880518283	0.7939848917172204	3.8101188644634743	-6.737989161921833
0.3061710573723287	0.8059285854896264	4.412112639194711	-4.090456928217427
0.28649659622082535	0.7924945866459769	3.690812816540434	-4.455182181974218
0.30468203022245705	0.8046893272833213	4.492915349637567	-3.697849628890456
0.3020237323424548	0.8020524660368749	4.582044921688086	-5.037434846290106
0.30002741499000357	0.8018551237059025	4.602518626749189	-4.059915474355547
0.30400072352085017	0.8045475789185984	4.522493441206154	-4.182750284123483
0.28941814163462887	0.7944430186326561	4.042643752333699	-4.104246221098126
0.3128151686929932	0.8103179373632777	3.7813796415082077	-4.4786084466525455
0.3030081348746232	0.802824569227256	4.557278007537952	-4.637412108211884
0.2891339823661521	0.7938319932848035	4.01217068856211	-4.6294088723733875
0.2923302540179305	0.7959843414941428	4.308397367510218	-4.193303641018253
0.29931385204574373	0.8016208551433555	4.600168389581923	-4.830212427920814
0.3017416124511162	0.8026038320469433	4.587356315008159	-3.55903768072391
0.297314350386061	0.7998873966470634	4.566458815413321	-3.7848155743602865
0.29415047153226326	0.7977530895193772	4.431437468183262	-3.868077868568676
0.2874110880518283	0.7939848917172204	3.8101188644634743	-6.737989161921833
0.3005033768370588	0.8020429022610466	4.601255443457137	-3.790215834465255
0.28649659622082535	0.7924945866459769	3.690812816540434	-4.455182181974218
0.30605722881128977	0.8056646887214263	4.419072280295978	-3.808353313586821
0.29498475999618556	0.798166281482725	4.476759223178271	-3.691626826390382
0.30002741499000357	0.8018551237059025	4.602518626749189	-4.059915474355547
0.30400072352085017	0.8045475789185984	4.522493441206154	-4.182750284123483
0.28941814163462887	0.7944430186326561	4.042643752333699	-4.104246221098126
0.3128151686929932	0.8103179373632777	3.7813796415082077	-4.4786084466525455
0.3030081348746232	0.802824569227256	4.557278007537952	-4.637412108211884
0.28660794558182395	0.7919606913632217	3.7057867769606325	-5.676387361019113
0.2943103006762903	0.797437205891997	4.440658992686463	-3.8178616812739845
0.29931385204574373	0.8016208551433555	4.600168389581923	-4.830212427920814
0.3024157502855065	0.803183862539563	4.57334313744795	-3.635833857412222
0.297314350386061	0.7998873966470634	4.566458815413321	-3.7848155743602865
0.29350748001757143	0.7973566021747899	4.391758306046403	-3.9487371983924744
0.2874110880518283	0.7939848917172204	3.8101188644634743	-6.737989161921833
0.29510253079143506	0.7983401570606024	4.482596361413366	-3.7641000287982163
0.28649659622082535	0.7924945866459769	3.690812816540434	-4.455182181974218
0.3221810311157633	0.8165207855890603	2.142531677865274	-6.032339174515717
0.2985069386693958	0.8006682697176549	4.591376223972846	-3.7385512316610328
0.3002352149693374	0.8019233461421255	4.602245754248572	-3.9011657175951475
0.3022664126235085	0.803338821235742	4.57683925375758	-4.036411631401197
0.28941814163462887	0.7944430186326561	4.042643752333699	-4.104246221098126
0.31796350108004984	0.8139015504397243	2.9890855293928134	-5.285911153608705
0.30314882541875054	0.8027270254434693	4.552946877068726	-5.411292034798416
0.2837040445194519	0.7898107289513998	3.2747315595375497	-7.451379520959954
0.29127322935981026	0.7953231837843332	4.221739755625187	-4.215929424708428
0.29850529938955905	0.8010884274937301	4.591351735083311	-4.873349872740061
0.30207051002393914	0.8033932577861632	4.581087325861411	-4.560910428712411
0.297314350386061	0.7998873966470634	4.566458815413321	-3.7848155743602865
0.28855385928969124	0.7938644618528085	3.9474516988566375	-4.197803594840481
0.2874110880518283	0.7939848917172204	3.8101188644634743	-6.737989161921833
0.2944272970698807	0.7978678091590643	4.447247294920772	-3.7732335420071186
0.2806487710569856	0.7884964968376146	2.7301720766327855	-5.606734494308425
0.3201733313058156	0.8151778298411407	2.567705904786573	-5.581726784164919
0.29894221591114684	0.8009532769419203	4.596927848764419	-3.724787971816302
0.299392501586069	0.8013113666224377	4.600677113042931	-3.812273108406206
0.3032151381760341	0.803374435166755	4.550836817202613	-3.7041532911085637
0.28941814163462887	0.7944430186326561	4.042643752333699	-4.104246221098126
0.31796350108004984	0.8139015504397243	2.9890855293928134	-5.285911153608705
0.30426665487629584	0.8034139077445963	4.511500665490478	-5.755113156939895
0.2846657767054212	0.7907350278018621	3.4268303644175604	-5.8396163563911845
0.2927411352863091	0.7964935174681038	4.339066799999238	-3.8382581246187675
0.2985775038844618	0.8011467439712565	4.592404908663967	-4.911817804746887
0.3010238574372629	0.8026320413450175	4.59728096439838	-4.362331680810455
0.29765502617619055	0.800065897658863	4.5750278734858165	-3.7078201233153214
0.28855385928969124	0.7938644618528085	3.9474516988566375	-4.197803594840481
0.28513401583574366	0.7921367867702351	3.4975349587979743	-5.463922226649242
0.2900528231292015	0.7948925590124389	4.107790746162832	-4.048212851960957
0.2806487710569856	0.7884964968376146	2.7301720766327855	-5.606734494308425
0.3201733313058156	0.8151778298411407	2.567705904786573	-5.581726784164919
0.2973751734933502	0.7998848797734335	4.5680738137075165	-3.7216473138919612
0.2991205797120961	0.8012212464389012	4.598655484443689	-4.0004999862851855
0.30113289288656	0.8018881660580037	4.596105153195483	-3.780539223469871
0.2890687099292517	0.7942091065512352	4.005056871603374	-4.141039570291396
0.30781413276318004	0.8068966350505012	4.2972190304545546	-3.9696353451462603
0.3035213758615643	0.8032342145534904	4.540521944865534	-4.441992015585353
0.28928494426560925	0.793863578900935	4.028460287702074	-4.793292174834023
0.2971118136093597	0.7995100827252334	4.560814281522174	-3.5854846597026393
0.30803127727893376	0.8073667515791542	4.280015311001985	-4.642756738901885
0.29987127242909833	0.8017122350085937	4.602439530720022	-3.9707228424353334
0.2967036754833083	0.7995674264842861	4.54819360806086	-3.9597270743694075
0.293578222636795	0.7973195548734181	4.396326262144714	-3.8367113772645896
0.2873145863516505	0.7934791029512563	3.7979237875089193	-4.93642898368387
0.29003878424460167	0.7948828092090293	4.106393288029595	-4.0494038172529505
0.2829760339351585	0.7902360941310045	3.1534452817732044	-4.991397152901297
0.3201733313058156	0.8151778298411407	2.567705904786573	-5.581726784164919
0.30864960096577554	0.8075612165067259	4.228444400321847	-4.172166705984467
0.29540033465778365	0.7986247841159058	4.496737778355643	-3.868822198192314
0.2999059259026088	0.8011817365056592	4.602478134978574	-3.624882676105935
0.2890687099292517	0.7942091065512352	4.005056871603374	-4.141039570291396
0.30781413276318004	0.8068966350505012	4.2972190304545546	-3.9696353451462603
0.30904331142278485	0.8064426108788483	4.193614977210218	-7.151298293114251
0.28928494426560925	0.793863578900935	4.028460287702074	-4.793292174834023
0.2952447150151514	0.7978972761900902	4.489458708221942	-4.026296080892056
0.29901072664449263	0.8011503706897957	4.59762907579799	-4.007490513918206
0.29928096423933725	0.8012411467942416	4.599937322532014	-3.820795771683379
0.2967036754833083	0.7995674264842861	4.54819360806086	-3.9597270743694075
0.2947400731335929	0.7982548139117093	4.464188231457818	-4.024503117124688
0.2873145863516505	0.7934791029512563	3.7979237875089193	-4.93642898368387
0.3015924579939007	0.8026639796590909	4.5898427723458814	-3.6514223495015097
0.2829760339351585	0.7902360941310045	3.1534452817732044	-4.991397152901297
0.3201733313058156	0.8151778298411407	2.567705904786573	-5.581726784164919
0.308728135818811	0.8073380841844164	4.221620610299516	-3.9255892053814643
0.29699810871309096	0.799752874087631	4.557465628165472	-3.929168149452936
0.3042151800128963	0.8038119360226511	4.51368367195197	-4.162327104359189
0.2862517586370104	0.7922445636171179	3.6574516817824865	-4.525778394202707
0.30602973949866785	0.8053672134241937	4.420733592548597	-3.7556105897936938
0.30398614627461124	0.8031914539470475	4.523075574044588	-5.913250318761465
0.2885245574022905	0.7932514875101091	3.9440934705909454	-5.2603968930069245
0.2954249039107283	0.7980465554634075	4.497864863527227	-3.9570115034754982
0.2989472642215154	0.8011290528878078	4.596981121561066	-4.05825007114695
0.310897064082917	0.8092619894784553	4.008792356521573	-4.729867591589008
0.29677540833176375	0.7996164224385096	4.55053242752328	-3.9600411198101986
0.29077879643311594	0.7957059311650885	4.177369408547998	-4.453300893068194
0.2873145863516505	0.7934791029512563	3.7979237875089193	-4.93642898368387
0.31395798246205453	0.8109292033594968	3.628396012602463	-4.51906883645235
0.28718222205453187	0.793082534359516	3.781045227360929	-4.411454853552376
0.317311336804328	0.8133526234102728	3.1041104748931674	-5.08465824722378
0.3085878440379091	0.8071385750061818	4.233767058560317	-3.9261984677522728
0.29764002373493725	0.800159609031425	4.574674944799276	-3.871629395116238
0.30807566546355225	0.8064102049917558	4.27644052126152	-4.434089048274927
0.2830143470761109	0.7902462093443787	3.1599603584034632	-4.985500526614647
0.30602973949866785	0.8053672134241937	4.420733592548597	-3.7556105897936938
0.3015921673254628	0.8020477362107908	4.589847400696216	-4.091515284119906
0.29935009559263337	0.8008107080577572	4.600410505964001	-3.626834657208483
0.2974684611312748	0.799576492684576	4.5704789394382415	-3.6392471185084405
0.2996993280051084	0.8014368705996642	4.602070366415013	-3.6887340271744833
0.3190958110775371	0.8147864558137419	2.7792723811126296	-5.625926826252883
0.3055965264330254	0.8056244573853572	4.4459168440798145	-4.248521445771136
0.28839141188885864	0.7941935528259946	3.9287257949869123	-4.837111267163328
0.2858023424435397	0.792518505808373	3.594654984205003	-5.206766978473429
0.31627316546562856	0.8125299448510439	3.278442813298942	-4.8686532059392915
0.28718222205453187	0.793082534359516	3.781045227360929	-4.411454853552376
0.3165444167415845	0.8128088496875878	3.233933758061463	-4.9482110551781116
0.30331398988843356	0.8037546638693062	4.547609739754374	-3.635651870813196
0.2945179388140809	0.7980468104919058	4.45225741042677	-3.923957630256976
0.30192501511732917	0.8024431716582378	4.583993968647844	-3.7549833868621523
0.29206186871483925	0.7964074849997278	4.287452743155335	-4.058930005180265
0.3170933965494904	0.8123759022066843	3.141601356666916	-6.252043575990564
0.3059344786073784	0.8052037626968218	4.426432202950415	-3.835773978933397
0.30153428937544846	0.8023555609912397	4.590752165219503	-3.57518099302916
0.30068404152449646	0.801751463205784	4.600182820621396	-3.586027837779855
0.2996993280051084	0.8014368705996642	4.602070366415013	-3.6887340271744833
0.31945857911021225	0.8150331868480675	2.709340879715629	-5.684146994702868
0.3055965264330254	0.8056244573853572	4.4459168440798145	-4.248521445771136
0.30011194661984314	0.801943391059435	4.602459724429102	-4.140026454445867
0.28632592790001304	0.793007481674801	3.667621145679367	-5.629823808835137
0.31627316546562856	0.8125299448510439	3.278442813298942	-4.8686532059392915
0.2845214230553157	0.7913222566384669	3.4045906634950125	-4.765493194577745
0.3165444167415845	0.8128088496875878	3.233933758061463	-4.9482110551781116
0.3035886156924384	0.803942602859299	4.538131571717498	-3.646950651548865
0.28811861440829667	0.793758014161644	3.8966857667638974	-4.359588631652383
0.30192501511732917	0.8024431716582378	4.583993968647844	-3.7549833868621523
0.2857401193471728	0.7922796390001764	3.585801403493199	-4.768245328694072
0.30670764579910825	0.8057966586123129	4.3775598238260995	-3.819197392180418
0.30592748301276157	0.8052124710577137	4.4268471103246885	-3.820483111954145
0.3035250056424973	0.803957497346709	4.540394060759384	-3.693090326638382
0.30068404152449646	0.801751463205784	4.600182820621396	-3.586027837779855
0.2993046371105401	0.8011837869286189	4.600104736917384	-3.705228996641271
0.31751888413723806	0.813660983007427	3.0679658775877163	-5.299785612737019
0.3059529489595066	0.8058664466840879	4.42533437808512	-4.269021743037717
0.30552752192593763	0.8054878034099188	4.449754891448967	-4.04505633050824
0.28632592790001304	0.793007481674801	3.667621145679367	-5.629823808835137
0.31624833521808343	0.812504413999222	3.2824803978615202	-4.863525247532805
0.29940828757293925	0.8014004136253134	4.600771766675883	-3.9683406273291775
0.31849947728047523	0.8140899486009324	2.8913690864034756	-5.257547687094583
0.3058467730527726	0.805241125884201	4.431598609004435	-3.7460242345293198
0.28811861440829667	0.793758014161644	3.8966857667638974	-4.359588631652383
0.3013089500768927	0.8022733505206262	4.593955633138587	-3.5516960649739007
0.28721789859339986	0.7932306499168152	3.7856118028145285	-4.552440473707392
0.30093219482869443	0.8020563561020138	4.59817744866435	-3.5476805895524794
0.3059003294426862	0.8052221115139737	4.428452946996425	-3.7911074228527797
0.3040576701949453	0.8042883599010581	4.520198947602837	-3.6868997562285974
0.29748000853162077	0.799800231585316	4.570770599654053	-3.5875052132102505
0.29661061915670917	0.7994132245693177	4.545082872153239	-3.7968885699501467
0.3118884400454792	0.8098665037616638	3.8958473510828027	-4.663946888617038
0.30594414309561535	0.805758617343356	4.425858198951815	-4.045828350532915
0.3017693606499875	0.8030318621417031	4.5868691991089525	-4.092449951636916
0.28632592790001304	0.793007481674801	3.667621145679367	-5.629823808835137
0.31624833521808343	0.812504413999222	3.2824803978615202	-4.863525247532805
0.3027725004285417	0.8036825755889647	4.564088591526254	-4.055352906544702
0.313752109380511	0.8108625338327449	3.6569198225898774	-4.518128942205188
0.3058467730527726	0.805241125884201	4.431598609004435	-3.7460242345293198
0.280276708563985	0.7884786419827486	2.657481259307665	-5.488831942328411
0.2955650915925721	0.7983397361041181	4.504180321746201	-3.684955859280496
0.29042341093577445	0.79519265544769	4.1439670941323525	-4.043437255313944
0.30617988658703044	0.805307406078422	4.41156739351478	-3.9330658728149857
0.30642588668725784	0.8054884330953512	4.396062286070185	-3.9277311847893426
0.3040579372668301	0.8042884952374224	4.52018811034993	-3.6868728935436836
0.2928080821829765	0.7967620849551715	4.343903975223474	-3.8453346699128828
0.29523282756485064	0.7984947404305524	4.488892719525335	-3.8469194617090245
0.31098303496376	0.8092483306191227	3.999387099581699	-4.569934394967814
0.30583113052285366	0.8058220000588013	4.432511968784795	-4.3604538717634815
0.31671060387115113	0.8127302698158463	3.206300975964916	-4.952722826762544
0.28632592790001304	0.793007481674801	3.667621145679367	-5.629823808835137
0.31624833521808343	0.812504413999222	3.2824803978615202	-4.863525247532805
0.3039985022420496	0.8045427987459336	4.522582283759195	-4.17446871609084
0.313752109380511	0.8108625338327449	3.6569198225898774	-4.518128942205188
0.30503572985185684	0.8048016784699148	4.475729508953163	-3.6691150714885508
0.2783004909858939	0.7871709903987377	2.248178927391212	-5.91043274274524
0.2998575355455829	0.8012953282749615	4.602420904053711	-3.5439275351032977
0.2947985359263659	0.7980876500007285	4.467246242111043	-3.730745523924514
0.30617988658703044	0.805307406078422	4.41156739351478	-3.9330658728149857
0.30642588668725784	0.8054884330953512	4.396062286070185	-3.9277311847893426
0.304155484294663	0.804339691677066	4.516182136041619	-3.6791918610506276
0.2928080821829765	0.7967620849551715	4.343903975223474	-3.8453346699128828
0.29605540010944903	0.7990825278468933	4.524723043174901	-3.879829178123317
0.3133709265436133	0.8108364241073913	3.7086140014840567	-4.748676849095682
0.30682663833470836	0.8065168790548495	4.369507429893025	-4.472215691809646
0.3210292011912382	0.8155837445417476	2.3913858709497053	-5.8947109999494955
0.28632592790001304	0.793007481674801	3.667621145679367	-5.629823808835137
0.3160935053845808	0.8124046889205698	3.3075178068399147	-4.83949534331563
0.3022563472944103	0.8032930123189975	4.57706686909261	-3.9504598261886574
0.313752109380511	0.8108625338327449	3.6569198225898774	-4.518128942205188
0.3034563680203458	0.8037658594381479	4.542789985197227	-3.6049053103154494
0.2783004909858939	0.7871709903987377	2.248178927391212	-5.91043274274524
0.29666175708020726	0.7991098488908018	4.546803055699842	-3.61651955321811
0.29316116512109475	0.7971893569471443	4.36867407215292	-4.077383839809351
0.3062689555337729	0.8053578202512068	4.406023367235462	-3.9536726782824596
0.30774017458953423	0.8063240159747318	4.302970871275216	-4.108902562463731
0.29667571872113424	0.7992895832014535	4.547268154552487	-3.6222786172420705
0.2928080821829765	0.7967620849551715	4.343903975223474	-3.8453346699128828
0.2968520476822252	0.799586646333772	4.552974365682655	-3.8091552704262206
0.3126436519992436	0.8104148341541262	3.803212705267689	-4.817288824157694
0.3068128633209522	0.8065073083311585	4.370446851507694	-4.470743926211327
0.3210292011912382	0.8155837445417476	2.3913858709497053	-5.8947109999494955
0.28505515346640703	0.7922615873449819	3.485780195094346	-6.140304132603408
0.3056639818914672	0.80527499867166	4.442118930323231	-3.709475209312332
0.29948434509925376	0.8013044344811661	4.601192884774256	-3.7047890604722022
0.313752109380511	0.8108625338327449	3.6569198225898774	-4.518128942205188
0.2931912897978317	0.7967485850482221	4.370729711572022	-3.837627384146362
0.2783004909858939	0.7871709903987377	2.248178927391212	-5.91043274274524
0.29666175708020726	0.7991098488908018	4.546803055699842	-3.61651955321811
0.29303563033993313	0.7970374450584117	4.360010160847275	-3.9686765719515398
0.30468068246348207	0.8045405267008722	4.49297844303783	-3.652974653411545
0.30774017458953423	0.8063240159747318	4.302970871275216	-4.108902562463731
0.29508712021583894	0.798149955034361	4.481840445789482	-3.6630666897269233
0.2978728040869425	0.8000053358111406	4.579897572394931	-3.565319458845532
0.2968520476822252	0.799586646333772	4.552974365682655	-3.8091552704262206
0.3107472496286994	0.8091439526932309	4.025005511749678	-4.676108699481792
0.3062320321286818	0.8060126643440287	4.408331262392964	-4.1841532788443905
0.31301309701241903	0.8101909303331156	3.7558189153844275	-4.39706962479411
0.2943638343365043	0.7983783537764375	4.443690567725736	-5.215249073243302
0.30421516955717615	0.8042950758998498	4.513684112678851	-3.6379406972717394
0.2998331965694064	0.80150378325767	4.602383267735284	-3.660445890719849
0.31440995084749085	0.8114603704191143	3.564288967522061	-4.7453202444592355
0.2955683410965847	0.7983445149153932	4.504324381476473	-3.682922429168392
0.2783004909858939	0.7871709903987377	2.248178927391212	-5.91043274274524
0.2974236935556867	0.7997022608186414	4.569335610182523	-3.5756524125621327
0.29046307532742277	0.795335235325539	4.147757723605513	-4.1657621863724
0.30497143310471264	0.8047735300326552	4.478946649084409	-3.6666577043136757
0.3040801082058222	0.8040592352326038	4.5192859698014844	-3.6512872573060404
0.2853108534844233	0.7912866494559662	3.5236672578771815	-5.28936548098724
0.29993229924405806	0.8013033656912469	4.602499467695798	-3.554488903467808
0.3023090277651855	0.8031673152245202	4.575864338555586	-3.6892918969902873
0.32580119267369995	0.8193384909690777	1.2740146677306323	-6.92412857233375
0.3058168293821706	0.8055669532545697	4.433344864351158	-3.868565472709532
0.31301309701241903	0.8101909303331156	3.7558189153844275	-4.39706962479411
0.2943638343365043	0.7983783537764375	4.443690567725736	-5.215249073243302
0.30754927477323	0.8067410209530002	4.317564636648937	-3.979706182895855
0.29985262516625705	0.8015183095118337	4.6024137879494695	-3.6622015205439062
0.3044211126524903	0.8045521445509535	4.504791199227525	-3.718458329329537
0.2945843252080825	0.7976717305783539	4.45587471739852	-3.748611626611118
0.276888649882702	0.7862213017239347	1.931849863435927	-6.2564680873790355
0.2974236935556867	0.7997022608186414	4.569335610182523	-3.5756524125621327
0.2916394616414589	0.7960021740256457	4.2530293764343865	-3.943061321807801
0.30893405045103084	0.8076198632876974	4.203436097349751	-4.020851032588851
0.30483603430716916	0.804514091140607	4.485586245556988	-3.7235084688163624
0.2878809098759127	0.7930948018922576	3.868160657478823	-4.596443250881181
0.2999868222270786	0.8011931026372021	4.602521516389078	-3.67187653853851
0.3023090277651855	0.8031673152245202	4.575864338555586	-3.6892918969902873
0.3265517100331874	0.8198575446704292	1.077555856225251	-7.110456237080337
0.30587393570073107	0.8056084745660753	4.430006781575958	-3.875593965890129
0.3171506081057621	0.812811659495097	3.131805592670405	-5.243311839655673
0.2957914389826027	0.7993715028924823	4.513962455471792	-5.342616531619988
0.3043402211998952	0.8045928233707865	4.5083347843374755	-3.8299051499579404
0.30372405000791186	0.8041184408603309	4.533179642350431	-3.728910437135939
0.3050734115465957	0.8050264231642427	4.473824861051922	-3.7833287394024087
0.2945843252080825	0.7976717305783539	4.45587471739852	-3.748611626611118
0.276696367817622	0.7860875358641167	1.8872260201997637	-6.310274119275105
0.30286312897250944	0.8032751489974546	4.561534847091458	-3.593310334761121
0.28900491456863325	0.7942541704827036	3.9980628664423086	-4.1822283764552015
0.3084868617182043	0.8073158818645552	4.242388275537967	-3.983116376127721
0.30327506264201926	0.8035995066027736	4.548892208111822	-3.596384152101934
0.28513587460642453	0.7911902535064378	3.4978112660779006	-5.267284560160493
0.2972284728434836	0.7992061984204287	4.564115570761034	-3.9614408818113116
0.3037556695004354	0.804176245686321	4.531997117675069	-3.775745399766442
0.3265517100331874	0.8198575446704292	1.077555856225251	-7.110456237080337
0.30681364664911503	0.8062307667511149	4.37039348136259	-3.9146101807467852
0.3171506081057621	0.812811659495097	3.131805592670405	-5.243311839655673
0.2955687687970404	0.7992528394297218	4.504343334787161	-5.487152688003509
0.3043402211998952	0.8045928233707865	4.5083347843374755	-3.8299051499579404
0.30529496006873486	0.8052125715627017	4.46233937401009	-3.838843454833504
0.30019888085985263	0.801773153084422	4.602324616675495	-3.6908669876407396
0.2945843252080825	0.7976717305783539	4.45587471739852	-3.748611626611118
0.276696367817622	0.7860875358641167	1.8872260201997637	-6.310274119275105
0.3025607130509786	0.8029789256792358	4.569736128010313	-3.6409504289846017
0.29674953829953354	0.7993926741215271	4.549694878326577	-3.6576760175658043
0.3119048510961908	0.8094547474625552	3.893894986545194	-4.253155297304046
0.30327506264201926	0.8035995066027736	4.548892208111822	-3.596384152101934
0.2848780733772157	0.790992315971294	3.4591590607332146	-5.397517044676646
0.2948293188200466	0.7973890161644304	4.468842665333953	-4.705241588275228
0.3043283048745244	0.8047500137014424	4.508851269223415	-4.1493153665581115
0.31315095862414466	0.8107194957776463	3.7377838209877483	-4.78625914299388
0.30681364664911503	0.8062307667511149	4.37039348136259	-3.9146101807467852
0.31814582552930504	0.8134485279848099	2.9561674639576796	-5.511774829775678
0.2952103554684102	0.7990656451249942	4.487818910962633	-5.75016893144817
0.3067645620682248	0.8064752069514597	4.373725884783245	-4.469631730389618
0.30529496006873486	0.8052125715627017	4.46233937401009	-3.838843454833504
0.30043729768470456	0.8018847604437978	4.6015662383323335	-3.6353608164901114
0.2893481149766346	0.7941095781376629	4.035209111902594	-4.322642981972814
0.276696367817622	0.7860875358641167	1.8872260201997637	-6.310274119275105
0.30208322962285156	0.8026552518612672	4.580823156349942	-3.6324010423192528
0.29250847190803014	0.7967984466038629	4.321907418893707	-4.204345782173741
0.29939260606085305	0.8011506045377103	4.6006777476710115	-3.6036672290223803
0.29923068453315627	0.8006255149563787	4.599563153219949	-3.763529246913661
0.29201892475175323	0.7952731233793623	4.2840345740666885	-6.064638739789436
0.298508348385019	0.7995902022180148	4.591397261955197	-5.559846558831279
0.30193887019878474	0.8028167154835419	4.583726296418895	-3.5918289215922456
0.31315095862414466	0.8107194957776463	3.7377838209877483	-4.78625914299388
0.2980494868340231	0.8007110699711907	4.583499876604328	-4.611606454654685
0.3162307098373525	0.8121616642305229	3.285342675535913	-5.108272294611696
0.3038658782209988	0.8046880965333271	4.527797312559609	-4.909354968843933
0.30634968466301127	0.8061409918942024	4.400929908059171	-4.305614517279336
0.30050330899588673	0.8020082006265826	4.601255784930871	-3.7352851673939966
0.3011213748933125	0.8024220222476393	4.596234976400815	-3.739068997005738
0.28588271366613444	0.7919122851109973	3.6060335174958382	-4.669468236639055
0.276696367817622	0.7860875358641167	1.8872260201997637	-6.310274119275105
0.307111912569201	0.8059370198692244	4.349625882697777	-3.998447800981327
0.29697883192644137	0.7998328411734503	4.556885102014124	-4.141163362939776
0.30139987888529157	0.8021512816317047	4.592724080190147	-3.6667587617485866
0.3025358624604825	0.8030686703125262	4.570369392565152	-3.5803945325997857
0.29201892475175323	0.7952731233793623	4.2840345740666885	-6.064638739789436
0.298508348385019	0.7995902022180148	4.591397261955197	-5.559846558831279
0.2991159521067207	0.8009458588188594	4.598614681269516	-3.590339299533974
0.31315095862414466	0.8107194957776463	3.7377838209877483	-4.78625914299388
0.2980494868340231	0.8007110699711907	4.583499876604328	-4.611606454654685
0.31680477258649603	0.8125317113353807	3.19052047623833	-5.25026268915693
0.3050118267563839	0.8053584157992333	4.476930347477546	-4.588205451870809
0.3066501838161454	0.8063445456453021	4.3813976607149625	-4.323065061228893
0.3003342007829473	0.8018787092707261	4.601963933840961	-3.7113430050158795
0.3011213748933125	0.8024220222476393	4.596234976400815	-3.739068997005738
0.28278297963324034	0.7897962742806448	3.1203934331104906	-5.344974200738892
0.276696367817622	0.7860875358641167	1.8872260201997637	-6.310274119275105
0.307111912569201	0.8059370198692244	4.349625882697777	-3.998447800981327
0.2975059882958536	0.8001504007383007	4.571421912755478	-4.044305519316684
0.3021133119781778	0.8027252579295335	4.5801919470720245	-3.596090957970147
0.29923620698715425	0.8004105488311208	4.599605485825213	-4.251924764336673
0.2882880725221979	0.7930365469510057	3.916676158431096	-5.522565470662789
0.298508348385019	0.7995902022180148	4.591397261955197	-5.559846558831279
0.29448967321953373	0.7977242307948658	4.450703878519955	-3.6961594590862363
0.31315095862414466	0.8107194957776463	3.7377838209877483	-4.78625914299388
0.2988615039524343	0.8013677232862125	4.59604151840596	-5.033728447600319
0.31680477258649603	0.8125317113353807	3.19052047623833	-5.25026268915693
0.3088102706736409	0.80822536457981	4.214418037943487	-5.944936265088673
0.3067534401952539	0.8064160869304292	4.374477612303217	-4.333162338955681
0.2992178642811191	0.801156673921822	4.599463703243827	-3.7508106696020613
0.30140255975995844	0.8025870097981666	4.5926865152563	-3.7090391181861015
0.28278297963324034	0.7897962742806448	3.1203934331104906	-5.344974200738892
0.28278396532962147	0.7900971464239639	3.1205631357991974	-5.024948413166972
0.30455555795740946	0.8044370576176653	4.49875684314099	-3.6503166756716663
0.2983464187791623	0.8011307473535476	4.588850730388038	-5.521924792499669
0.29844613697919914	0.800324755413856	4.590449933220512	-3.5620441881223854
0.2989318154021611	0.8002104149156678	4.596817292982273	-4.247393003887005
0.2909005989495424	0.7949299838073314	4.18852688727223	-4.600937985058197
0.3018541750251577	0.8023658493514938	4.585332559537981	-3.800644440460112
0.29630858264908755	0.798753649197039	4.534389574364487	-3.7301270474635926
0.3056841770550315	0.8056752468985491	4.440973040692842	-4.232157806820834
0.29882278122451233	0.8012704922501528	4.59559316443077	-4.753029191179362
0.3153507922670775	0.8115708769019535	3.4242882685227376	-4.940468673272612
0.3085635202041558	0.8080240773466486	4.235852993222651	-5.775384344962659
0.30133287479490106	0.802488641231016	4.59363960856316	-3.6465808599281555
0.2993699676412803	0.8010665928580791	4.600537680792404	-3.560325875175404
0.3000910546549789	0.8018174733101057	4.602480929906607	-3.882365021292925
0.294163391908	0.7976868327200412	4.432192414559575	-3.7821943876071256
0.2879486335568471	0.793502596200593	3.8763452189218137	-4.274623492901411
0.3026803837846351	0.8031748622458404	4.5666000984929	-3.5820603601314627
0.297984665042108	0.8009643148222269	4.582214509695066	-5.90640643835138
0.29844613697919914	0.800324755413856	4.590449933220512	-3.5620441881223854
0.29877979847774194	0.799913363968667	4.595077925882969	-4.922541862763729
0.2909005989495424	0.7949299838073314	4.18852688727223	-4.600937985058197
0.3018541750251577	0.8023658493514938	4.585332559537981	-3.800644440460112
0.2954563798443046	0.7980633600161936	4.499299964061367	-3.96333425665797
0.3021956775938543	0.803139673694522	4.578417384176804	-3.7503856000310645
0.29882278122451233	0.8012704922501528	4.59559316443077	-4.753029191179362
0.31214524264228216	0.8094939951393763	3.8649877904580276	-4.343796614684042
0.30849557742036154	0.8079769703075415	4.2416482061307885	-5.766914567335322
0.3016940314242993	0.802682793257035	4.588173672325006	-3.608178381108651
0.2974832997153849	0.7996824397823742	4.570853483044665	-3.5820622964565345
0.3000573279527538	0.8018029276554475	4.602505952186739	-3.8984764590190295
0.29307697634514046	0.7968512417828971	4.362881102028851	-3.785276747879024
0.28735711019477095	0.7931192034533465	3.8033090715217517	-4.34818657516361
0.3026803837846351	0.8031748622458404	4.5666000984929	-3.5820603601314627
0.297984665042108	0.8009643148222269	4.582214509695066	-5.90640643835138
0.29911598803832284	0.8007581074670277	4.598614998915632	-3.5583836764009398
0.29877979847774194	0.799913363968667	4.595077925882969	-4.922541862763729
0.2948738669916282	0.7978087968705387	4.47113618655998	-3.7880086597899743
0.3067908969050192	0.8057852878959774	4.371940980784576	-3.8890536882654025
0.29315802818679904	0.7967839666807349	4.368459493194392	-3.7995887805776096
0.3027631950145789	0.8034944457344532	4.564346151214606	-3.7270271873357235
0.2999005029221746	0.8022451497639467	4.602472886315095	-5.869562279561055
0.3150099715390353	0.8112195760001671	3.476026156644321	-5.099617837269806
0.30849557742036154	0.8079769703075415	4.2416482061307885	-5.766914567335322
0.30139437129968544	0.8024661805462205	4.5928010280506415	-3.5924230244679647
0.2974013614835324	0.7996298983367539	4.56875777396123	-3.5835710674269956
0.3020433223421714	0.8026064738438389	4.581646553687489	-3.652400065697992
0.2921240420654092	0.7962395814788562	4.292368817720356	-3.859652057644186
0.28434451026157936	0.7911560860500436	3.377050589908606	-4.772198263417238
0.31614578625713385	0.8120113221558571	3.29909031535231	-5.263666144807707
0.297984665042108	0.8009643148222269	4.582214509695066	-5.90640643835138
0.2954335321557832	0.798267390721083	4.498259241796244	-3.680815854006301
0.2987233025304824	0.7998830285506078	4.594372602514211	-4.894413647838649
0.29516884979245567	0.7979659919019956	4.485822323018296	-3.8217569894552392
0.30621373180525363	0.8054068496300557	4.40947006991947	-3.8373465950146883
0.29315802818679904	0.7967839666807349	4.368459493194392	-3.7995887805776096
0.30516958925822885	0.8048526048385191	4.468899119163598	-3.6800783653904547
0.2999005029221746	0.8022451497639467	4.602472886315095	-5.869562279561055
0.3150099715390353	0.8112195760001671	3.476026156644321	-5.099617837269806
0.30849557742036154	0.8079769703075415	4.2416482061307885	-5.766914567335322
0.3024168761349243	0.8026174690044369	4.573315933399741	-4.06714057544535
0.295939149640465	0.7987756337858217	4.520069856444898	-3.6377591674527503
0.3020433223421714	0.8026064738438389	4.581646553687489	-3.652400065697992
0.2890181003082594	0.7942003412155072	3.9995117804603155	-4.151451488713784
0.2901369665325725	0.7949035618851141	4.116125238759598	-4.02951235540382
0.31941208192594955	0.814198305057413	2.7183777611586852	-6.035962880041858
0.297923722450924	0.8008248971945648	4.5809677423535895	-5.420517106205313
0.2954335321557832	0.798267390721083	4.498259241796244	-3.680815854006301
0.29908832613080555	0.8006154696844857	4.598366638438714	-3.650313688648927
0.29516884979245567	0.7979659919019956	4.485822323018296	-3.8217569894552392
0.302761695016468	0.8031206512657232	4.564387587837652	-3.6407079715209445
0.2960252940034652	0.7986857313252836	4.5235309458631265	-3.6407451138538134
0.3048010491351273	0.8045064057606999	4.4872720206680405	-3.7089895305631053
0.3010515687667159	0.8025973665471363	4.596993400301911	-4.20799105003836
0.3150099715390353	0.8112195760001671	3.476026156644321	-5.099617837269806
0.30572845903304363	0.805977241240245	4.438446170191277	-5.097876438398849
0.3009342108491665	0.8020259504004351	4.598158635104071	-3.5471642130073198
0.295939149640465	0.7987756337858217	4.520069856444898	-3.6377591674527503
0.30092711101803704	0.8019747410678436	4.598224710458745	-3.556765299504767
0.29198675842921157	0.7961912430523042	4.281462182298515	-3.888313035473015
0.2901369665325725	0.7949035618851141	4.116125238759598	-4.02951235540382
0.31970877029528927	0.8143983237301275	2.6603442518951885	-6.1116974786875256
0.29841421676147806	0.8007366929376646	4.589948842259688	-3.980930453208642
0.301269162966018	0.8019668765804253	4.594468511486015	-3.8031228707790756
0.29908832613080555	0.8006154696844857	4.598366638438714	-3.650313688648927
0.29236165397981234	0.7960683907189179	4.310800735036992	-4.070834334810115
0.30272780208527594	0.8030982402515492	4.565317863575395	-3.6394627783678217
0.2988993543831943	0.8008271086256039	4.596465280788606	-3.6129930777972286
0.3048010491351273	0.8045064057606999	4.4872720206680405	-3.7089895305631053
