#cosmological_parameters--w	prior	post
#sampler=emcee
#n_varied=1
#module_0=mass_function_like 1.1
#timestamp=2025-08-26T12:48:45.713913
#platform=Linux-5.14.21-150500.55.97_13.0.78-cray_shasta_c-x86_64-with-glibc2.31
#platform_version=#1 SMP Thu Mar 13 20:09:44 UTC 2025 (330b47d)
#uuid=68420c973772465da131dd882919f512
#cosmosis_git_version=
#csl_git_version=
#cwd_git_version=5ff5d9a45b876d0c2ecc0c6da8da4c99a4c65ef7
#walkers=16
#samples=1500
#nsteps=100
#a=2.0
#random_start=False
#start_points=
#covmat=
#start_method=
#start_input=
## START_OF_PARAMS_INI
## [runtime]
## sampler = emcee
## root = /global/homes/x/xintang/cosmosis-standard-library
## resume = F
## verbosity = debug
## 
## [emcee]
## walkers = 16
## samples = 1500
## 
## [output]
## filename = mf_xt/output/mf_w_lowz2.txt
## format = text
## lock = F
## new_file = T
## 
## [pipeline]
## modules = mass_function_like
## values = mf_xt/values_fit.ini
## likelihoods = mass_function_like_m_n
## priors = mf_xt/priors_fit.ini
## 
## [likelihoods]
## mass_function_like = mass_function_like_m_n
## 
## [mass_function_like]
## file = mf_xt/likelihood/mass_function_like_m_n.py
## z_min = 0.3
## z_max = 0.5
## mass_min = 1e13
## mass_max = 5e14
## area_deg2 = 20000.0
## 
## END_OF_PARAMS_INI
## START_OF_VALUES_INI
## [cosmological_parameters]
## w = -1.50 -1.00 -0.50
## h0 = 0.7
## omega_m = 0.318
## omega_b = 0.04
## omega_k = 0.0
## sigma8_input = 0.80
## yhe = 0.245341
## tau = 0.08
## n_s = 0.96
## a_s = 2.1e-9
## k_s = 0.05
## n_run = 0.0
## wa = 0.0
## 
## END_OF_VALUES_INI
## START_OF_PRIORS_INI
## [cosmological_parameters]
## w = normal -1.0 0.1
## 
## END_OF_PRIORS_INI
-1.0003725574011437	1.3836401931418236	-6.78754761745798
-0.9999874626656025	1.3836471252334432	-6.761198766510455
-1.0006756343391274	1.3836243090046705	-6.84648334488141
-0.9981851113072743	1.3834824420443317	-7.357377953089164
-0.9986194136818545	1.3835518321635885	-7.104901835447295
-1.000618496664041	1.3836280061865094	-6.832656760606742
-0.9998176963430704	1.3836454713615145	-6.7668166382340225
-1.0000336980026816	1.3836470763149118	-6.761501558595672
-1.0002024744074516	1.3836450832983973	-6.7692479533055305
-0.9991555347150697	1.3836114770118084	-6.889089287227026
-0.9985089904751351	1.3835359776225191	-7.162645377049198
-0.9999930108803539	1.3836471306502913	-6.761193985271444
-1.0000728253881395	1.3836468679158231	-6.762358796104953
-1.001037420120746	1.3835933210673346	-6.96033646889305
-1.0022678413379171	1.3833899778759826	-7.704883260514702
-1.001680068119875	1.3835060016483098	-7.280442903074619
-0.9988389971758335	1.3835797367147948	-7.004144662851855
-1.000632985904107	1.3836270995349411	-6.836133955427933
-1.0002413096912475	1.3836442215743265	-6.7725703285631935
-0.9972362674756873	1.3832652222193837	-8.147626252117002
-0.9992093726238462	1.3836158785102848	-6.873140281897974
-1.0008167480539953	1.3836137792234957	-6.885040738605922
-1.0007910316175879	1.3836158465416797	-6.87739844733759
-1.0001132248909557	1.3836464920988845	-6.763879295254631
-1.0001305344111058	1.3836462811310568	-6.7646506673912725
-0.9994060460251857	1.383629494026471	-6.8239263811556805
-0.9985089904751351	1.3835359776225191	-7.162645377049198
-1.000305093732886	1.3836424789833885	-6.778994520057454
-0.9984632314539104	1.3835290502144684	-7.188000878380359
-1.0018774249463935	1.383470896871214	-7.408836740760679
-1.0021602263060903	1.3834138042080046	-7.6181098618758085
-1.001680068119875	1.3835060016483098	-7.280442903074619
-0.9988521424026926	1.383581254239496	-6.9981960695429475
-1.0003338974458253	1.3836415587174644	-6.7825404675495875
-1.0000144796521138	1.3836471226096647	-6.761279715967129
-0.9979753949771196	1.3834421818177474	-7.503667906202816
-0.9999331572497621	1.383646909695018	-6.761842019308459
-0.9998827600781135	1.3836464458327167	-6.76340855795933
-1.0012317941355353	1.383571267253064	-7.041299812370635
-1.0012232503988898	1.3835723160157618	-7.037637820248801
-1.0007184468904933	1.383621324795958	-6.857409159641985
-0.9993629193527811	1.3836268395051279	-6.833361679328986
-0.9983881489053038	1.3835172298951073	-7.230829587240704
-0.9996147814411354	1.3836397134257763	-6.787164552460769
-0.9980751737229678	1.3834618852828433	-7.431597344448717
-1.0018774249463935	1.383470896871214	-7.408836740760679
-1.002381967804695	1.3833634445615508	-7.802138112281968
-1.0014712799255931	1.3835388998617082	-7.16009373039709
-0.9986336796668408	1.3835537915300407	-7.098046973608824
-1.0009179514140003	1.3836050013527577	-6.91734471745041
-1.001645930823545	1.3835116786788861	-7.259905437575682
-0.9988651294199273	1.3835827365310052	-6.993083418181433
-0.9999740914839558	1.3836470995301207	-6.7612497541850605
-0.9998816535867219	1.3836464327990041	-6.7634078520120156
-1.0008142193732477	1.3836139854332923	-6.884295001224565
-1.0011484670007995	1.3835811842700847	-7.005175448534786
-1.0003270430322455	1.383641785235434	-6.781667569427461
-1.0002955593342262	1.3836427653266785	-6.777986781107009
-0.9977241267823507	1.3833881531475403	-7.700404894668021
-0.9994531700943314	1.3836321819453943	-6.814321429666926
-0.9980751737229678	1.3834618852828433	-7.431597344448717
-1.0020767078670427	1.383431497314429	-7.5530881329388855
-1.002381967804695	1.3833634445615508	-7.802138112281968
-1.001727321000789	1.3834979512006926	-7.310246976444037
-0.9986336796668408	1.3835537915300407	-7.098046973608824
-1.000624985990161	1.383627602718286	-6.8342189398785305
-1.001645930823545	1.3835116786788861	-7.259905437575682
-0.9979902541733442	1.383445179178293	-7.492797983721917
-0.9999740914839558	1.3836470995301207	-6.7612497541850605
-0.9995823607617867	1.3836384119660161	-6.79187194609935
-1.0014367744975887	1.383543917044835	-7.141853089377446
-1.0018636043697882	1.3834734820303263	-7.399178929579562
-0.9983280389742146	1.3835073604090937	-7.266687373925852
-0.9998707805769153	1.3836462982097157	-6.763889677812767
-0.9978038945331711	1.383405989131609	-7.635726639905294
-0.9994553294032757	1.3836322997897341	-6.813734407237225
-0.9989647094379074	1.3835935417652832	-6.953768308079173
-1.0023441128447714	1.3833723898412298	-7.768982197028248
-1.0032611343225761	1.3831153832391867	-8.707719454167687
-1.0022189230414957	1.383400952119477	-7.664798138987177
-0.9991384553773754	1.3836100201358423	-6.89409560456375
-1.0010243956477731	1.383594663770522	-6.955369284419691
-1.001645930823545	1.3835116786788861	-7.259905437575682
-0.9986438349633546	1.38355517391235	-7.092825528195795
-1.00006491826573	1.3836469223736196	-6.762139836138639
-0.9993370794587698	1.3836251599104816	-6.839602627852399
-1.0004358983545945	1.383637632723904	-6.797076955888414
-1.0018636043697882	1.3834734820303263	-7.399178929579562
-0.9981579470237876	1.3834774751343224	-7.3752842735372095
-0.9998707805769153	1.3836462982097157	-6.763889677812767
-0.9978038945331711	1.383405989131609	-7.635726639905294
-0.9994152530003342	1.38363003664	-6.822181303721834
-0.9989647094379074	1.3835935417652832	-6.953768308079173
-1.0023441128447714	1.3833723898412298	-7.768982197028248
-1.0032611343225761	1.3831153832391867	-8.707719454167687
-1.0021160662127133	1.3834232462818516	-7.583020329636823
-0.998872642330598	1.383583586326943	-6.990072597154273
-1.0001797465507491	1.3836455176515556	-6.767620356853487
-1.0026019167687985	1.3833086345490933	-8.002400535702991
-0.998450603425346	1.3835271016054034	-7.194732422352565
-1.0011561206284292	1.383580302347307	-7.008137075702782
-0.999278056094469	1.3836210729425442	-6.8542843511456955
-0.9995027629307929	1.3836347708575312	-6.804930852157634
-1.0016355709445819	1.383513378476943	-7.25344530257002
-0.9978416666856412	1.3834142129578875	-7.605551793827743
-0.9995581973754116	1.3836373736147263	-6.79569722218472
-0.9979534092278998	1.3834377064032586	-7.520060749478814
-0.9997290709282682	1.3836434629645855	-6.773869127324531
-0.9979856192465548	1.3834442466016885	-7.496616973775995
-1.0020788180720894	1.3834310588638388	-7.554849110056916
-1.0027396655477019	1.3832718447270178	-8.137232588934681
-1.0017691786860832	1.3834906334315165	-7.336669068571486
-0.998872642330598	1.383583586326943	-6.990072597154273
-1.000739142208298	1.3836198165324765	-6.862813340941326
-1.0026019167687985	1.3833086345490933	-8.002400535702991
-0.9956531809672501	1.3827023913075072	-10.200745802659835
-1.0007427394513222	1.3836195499980535	-6.863872998080245
-0.999278056094469	1.3836210729425442	-6.8542843511456955
-1.0003609765398032	1.3836406178895666	-6.786060887562828
-1.0016355709445819	1.383513378476943	-7.25344530257002
-0.9971999425438018	1.3832551170047804	-8.184206500286193
-0.9980463546993257	1.3834562965946386	-7.452339117108088
-0.9979534092278998	1.3834377064032586	-7.520060749478814
-0.9986066095108123	1.383550056239913	-7.111692394146373
-0.9979856192465548	1.3834442466016885	-7.496616973775995
-1.0039174774302808	1.3828798016218429	-9.568098041632961
-1.0030642653041595	1.3831776469999673	-8.481118644023525
-1.0013450594668403	1.3835566738442142	-7.094634347985629
-0.998872642330598	1.383583586326943	-6.990072597154273
-1.00064115009384	1.3836265794205393	-6.838006899578598
-1.0026019167687985	1.3833086345490933	-8.002400535702991
-0.998079713302641	1.3834627580426782	-7.42832813294901
-1.0006228469034322	1.3836277361794251	-6.83359632903497
-1.0001664392493044	1.3836457479914954	-6.766709419695443
-1.0000736762621205	1.383646861683101	-6.762401773561269
-1.0016355709445819	1.383513378476943	-7.25344530257002
-0.9971999425438018	1.3832551170047804	-8.184206500286193
-0.9980463546993257	1.3834562965946386	-7.452339117108088
-0.9979534092278998	1.3834377064032586	-7.520060749478814
-0.9981928665003855	1.3834838465184096	-7.3522093213766695
-0.9992119370538549	1.3836160809323266	-6.8721545129492805
-1.0054658018860927	1.3821533835797801	-12.216982868376444
-1.0017038770657898	1.3835019732399148	-7.29502753517197
-1.0011821486487857	1.3835772593212896	-7.019027313153667
-0.9994140714268104	1.383629967478037	-6.8222126913993355
-1.0013148240116307	1.383560694983603	-7.080100625523923
-1.0026019167687985	1.3833086345490933	-8.002400535702991
-0.998079713302641	1.3834627580426782	-7.42832813294901
-1.000225391194899	1.383644593033144	-6.771158295598677
-0.9998303577205915	1.3836456941675328	-6.765941963135085
-1.0014155039618902	1.3835469505193747	-7.130013318508574
-1.0020159696318616	1.3834439264148515	-7.507817435124513
-0.997425854733378	1.3833158218999972	-7.963943513319863
-0.9980813037684511	1.383463063331233	-7.427816237269058
-0.9977687323060929	1.3833982053165872	-7.663883086019234
-0.9981928665003855	1.3834838465184096	-7.3522093213766695
-0.9992026977643818	1.383615348549935	-6.875179395017771
-1.003979522656819	1.3828553030638742	-9.657692738399025
-1.0003949662824008	1.3836393331744692	-6.790644894017933
-1.0025677861966418	1.3833174567950977	-7.97044041265714
-0.9990192375500943	1.3835990383435237	-6.933962271441127
-1.0013148240116307	1.383560694983603	-7.080100625523923
-1.0026019167687985	1.3833086345490933	-8.002400535702991
-0.9999661016025508	1.3836470756376136	-6.761310630694593
-1.000225391194899	1.383644593033144	-6.771158295598677
-1.0008374628154009	1.383612065894322	-6.891339500116391
-1.0010060299205956	1.3835965282826244	-6.948625173458594
-1.0017073562882262	1.3835013798179336	-7.297345296412497
-0.9972828009776635	1.3832779745663317	-8.101785760829339
-0.9980813037684511	1.383463063331233	-7.427816237269058
-0.998352003178796	1.383511338416546	-7.252462651546986
-0.9974278360032471	1.3833163317113715	-7.96148901695315
-0.9997161508191074	1.3836431045748063	-6.77514823631274
-1.003979522656819	1.3828553030638742	-9.657692738399025
-1.0003778702277868	1.3836399937972286	-6.7883179050877835
-1.0025677861966418	1.3833174567950977	-7.97044041265714
-0.9984332579711911	1.3835243990634392	-7.204982254841475
-1.0001146774312022	1.3836464755470197	-6.763922428316411
-1.0021480178983921	1.3834164340480903	-7.608213084520425
-0.9999565445988675	1.3836470386740867	-6.761436280721694
-1.0006655816331478	1.3836249831471619	-6.8437669527377905
-1.000859631157814	1.3836101848063067	-6.898229416889231
-0.9999235908620845	1.383646841174863	-6.762033794992663
-1.0017453626640205	1.383494818551233	-7.3211595211497045
-0.9971500760824215	1.3832410297758817	-8.235323792003847
-0.9980813037684511	1.383463063331233	-7.427816237269058
-0.9983219206806585	1.383506335582581	-7.2703334798254104
-0.9975060828649137	1.3833361519588472	-7.889603638081407
-0.9991276430266746	1.3836090827582355	-6.897569417745066
-1.0022129415594332	1.3834022775754076	-7.66010726909193
-1.001834661686071	1.383478833917564	-7.379645132835918
-1.0026310517656187	1.3833010114230126	-8.030440487762549
-0.9987535668895887	1.3835694533177445	-7.04134363640465
-0.9993194470442557	1.3836239754764024	-6.843663492092711
-1.0021480178983921	1.3834164340480903	-7.608213084520425
-1.0006165917056946	1.3836281238261043	-6.832440143996161
-1.0006896391780307	1.3836233529828872	-6.849820562861076
-1.0010436323188212	1.3835926746718366	-6.962973380298189
-0.9990398343427815	1.383601037188216	-6.926910659895496
-1.001035286641651	1.3835935421711618	-6.9596025742166825
-0.9972073773699212	1.3832571960349795	-8.177749022159983
-0.998379989454721	1.3835159113843403	-7.235630797014717
-0.999692785654558	1.3836424140599788	-6.77759199455704
-0.9980652999975724	1.3834599798877112	-7.438983095590366
-0.9992829390536597	1.3836214242726426	-6.85303612442316
-1.0018313821828397	1.3834794350576998	-7.377593234120548
-0.9996479398317818	1.3836409357745787	-6.7828737663667065
-1.0017268096542657	1.3834980395135776	-7.309540491134177
-0.9985537903935002	1.3835425569813844	-7.139134998698891
-0.9979710900502843	1.383441309313478	-7.5066328245595075
-1.0012704263675405	1.3835664339349139	-7.0591473333552015
-1.0006456714647503	1.3836262885106614	-6.839036178998847
-1.0008866460139205	1.383607826034981	-6.906919361252827
-1.0004815533478677	1.3836355384113388	-6.804892414468329
-0.9986728910194957	1.383559072180374	-7.079171771393435
-1.0008402120825324	1.3836118352754994	-6.892173286791237
-0.9974469902921801	1.3833212401642698	-7.943456218026649
-0.9971796774098846	1.3832494221170653	-8.205909097985435
-0.9999283514600966	1.3836468764170173	-6.7619327336029045
-0.9982734255537197	1.3834980801267536	-7.30058886850644
-1.0012901164442862	1.38356391307069	-7.068263911045063
-1.00183266722427	1.3834791996349354	-7.378657580090616
-1.0006026518054154	1.3836289736327525	-6.82912002328068
-1.0018757284255453	1.383471215236361	-7.407787093800132
-0.9984444114446647	1.3835261403050065	-7.198468803015745
-0.9979710900502843	1.383441309313478	-7.5066328245595075
-1.002008888393616	1.3834453514637808	-7.502391681927218
-1.0002004162572184	1.383645124758873	-6.76905276623806
-1.0004195417773567	1.3836383323275336	-6.794586186567615
-0.9999485773857559	1.383647000878418	-6.761552704036867
-0.9979882426564339	1.3834447747122114	-7.494243137722128
-1.0016684195398424	1.3835079519046345	-7.273067280839582
-0.9974500343040235	1.383322016840148	-7.941538831646275
-0.9971796774098846	1.3832494221170653	-8.205909097985435
-1.0010078038994739	1.3835963496576913	-6.948950759916388
-0.9989323976637836	1.3835901443552663	-6.966427123855383
-1.0016120684925425	1.3835171948514486	-7.239589262441585
-1.0021371501534801	1.3834187625537548	-7.599811150263723
-0.9992579851736146	1.383619603792552	-6.859409822990771
-1.0014824817009882	1.3835372454929926	-7.165829340417328
-0.9983692460944829	1.383514165177663	-7.241578479066769
-0.9981815143672028	1.3834817885928465	-7.359774400336234
-1.002008888393616	1.3834453514637808	-7.502391681927218
-1.0003919525311342	1.383639451753348	-6.790425169575959
-1.0004064613191688	1.383638872552482	-6.792393961202534
-0.9993913517012385	1.3836286104551017	-6.827169623292381
-0.9989910181019631	1.3835962308691527	-6.944012861127994
-1.0016684195398424	1.3835079519046345	-7.273067280839582
-0.9974500343040235	1.383322016840148	-7.941538831646275
-0.9976470898065543	1.38337032377376	-7.764670097533327
-1.0028554441317912	1.383239455033192	-8.254982930164687
-0.999608813373312	1.383639481743836	-6.788140325913167
-1.0026217878892347	1.383303444505874	-8.021161496965941
-1.0008588362930042	1.383610253103772	-6.898097208819589
-0.9991873542943134	1.3836141134405324	-6.879680814335328
-1.0023757955952837	1.3833649128571526	-7.79651109800782
-0.9987069498363323	1.383563534156393	-7.062624666108777
-0.9982467417521498	1.3834934373684982	-7.317247499775066
-1.0023278846907937	1.3833761807359994	-7.75556878411991
-1.0005281815175047	1.3836331843069092	-6.813699317104529
-1.0004063710165998	1.3836388762225242	-6.792371631867733
-0.999790496898674	1.3836449385152076	-6.768702704413155
-0.9988566793875516	1.3835817739915386	-6.996519135628985
-1.0027855737832845	1.383259162027575	-8.183139540534281
-0.9980987209831345	1.3834663899976822	-7.41545450590662
-0.9990058377357214	1.3835977151622951	-6.938804855234366
-1.0019233258045963	1.3834621739851496	-7.4410607422424295
-1.0007102627830458	1.383621909431632	-6.8553962998469515
-1.0027813319279912	1.3832603427279977	-8.178948745627306
-1.0008588362930042	1.383610253103772	-6.898097208819589
-0.9982732185865442	1.383498044390188	-7.300241479944481
-1.0022353856092312	1.383397285651583	-7.677985298622232
-1.0000903782214074	1.3836467246815356	-6.762952501018366
-0.9982467417521498	1.3834934373684982	-7.317247499775066
-1.0019369132567306	1.383459551444476	-7.450473883935983
-1.0007153401715014	1.3836215475146327	-6.8564622363503425
-1.0002708909244007	1.3836434639980348	-6.77529164329271
-0.999712292424062	1.3836429943102184	-6.7755280393404185
-0.9988566793875516	1.3835817739915386	-6.996519135628985
-1.0029849090466545	1.383201648991841	-8.393303869712812
-0.9981152443353307	1.3834695178969059	-7.404143900056347
-0.9990058377357214	1.3835977151622951	-6.938804855234366
-1.0040824249470974	1.3828138234202467	-9.809858619224588
-1.0004738843062837	1.383635904775894	-6.80354424179908
-1.0021601020904558	1.3834138310406214	-7.617905853047609
-1.0007328160446958	1.3836202821249128	-6.861242177475059
-0.9978102745535266	1.3834073882161342	-7.630051988774661
-1.0022353856092312	1.383397285651583	-7.677985298622232
-1.0002072276924054	1.383644985926856	-6.769634296225797
-0.9975916495832361	1.3833571255061845	-7.813504987224557
-1.0017832735663132	1.3834881298620654	-7.3460951894145055
-1.0006519345699578	1.3836258821585057	-6.840420042683852
-1.0012648018143513	1.3835671469112016	-7.056365009442987
-1.0000272198217095	1.3836470960467462	-6.761413465550601
-0.9991209520659555	1.3836084968291635	-6.899915401742566
-1.0023968005716462	1.3833599004436687	-7.815147579879646
-0.9979493055637758	1.383436865709143	-7.523188159265203
-0.9991559341067243	1.3836115107310714	-6.889023166857868
-1.0039015058871554	1.3828860456833054	-9.545395820330699
-1.000344969493304	1.3836411828951154	-6.783877254013607
-1.0016082138336604	1.3835178155059422	-7.237348464543143
-0.9999015251885566	1.3836466482282566	-6.762700203955085
-0.9979564671413137	1.3834383317654544	-7.517276289182384
-1.0019882277928285	1.3834494806048723	-7.487479320991293
-1.0004766636194524	1.3836357726823754	-6.803984375380331
-0.9986637152266334	1.3835578502429045	-7.083312152205655
-1.0017832735663132	1.3834881298620654	-7.3460951894145055
-1.0019485487744921	1.3834572909763523	-7.45875200346201
-1.0033391408615744	1.3830896400080093	-8.801766294224464
-0.9986774574468439	1.3835596771524354	-7.077006005348165
-1.0012037373499496	1.3835746839122978	-7.028856999479035
-1.0025892516978188	1.3833119218749481	-7.98975040562921
-0.9979493055637758	1.383436865709143	-7.523188159265203
-0.999175481514818	1.3836131415560606	-6.883202003012621
-1.0039015058871554	1.3828860456833054	-9.545395820330699
-1.000148537260973	1.383646029926786	-6.765673283539763
-1.0016269607910007	1.3835147830219083	-7.248606504264373
-0.9994007109405328	1.383629175723841	-6.824892726837347
-0.9956412212417703	1.3826971854795211	-10.219450084514499
-1.0023052887885888	1.3833814152727413	-7.735729209964485
-0.99912774204743	1.3836090913958898	-6.897567192559684
-0.9986700235169855	1.3835586912204123	-7.080123394055238
-1.0024625523239064	1.3833439248952821	-7.873038041278367
-1.0004732341355111	1.3836359355653303	-6.803307599196337
-1.0033391408615744	1.3830896400080093	-8.801766294224464
-0.9986774574468439	1.3835596771524354	-7.077006005348165
-1.00023911877958	1.3836442742031436	-6.772272565634884
-1.0009948342232362	1.3835976483360948	-6.9444232484265145
-0.9989059569646006	1.3835872865845156	-6.976361728496413
-0.9991534049860428	1.3836112969367982	-6.8894081249088766
-1.0039015058871554	1.3828860456833054	-9.545395820330699
-1.0017067923641136	1.3835014760839712	-7.296847806836389
-1.001142420505678	1.3835818768620913	-7.002277277302699
-0.9980727036538541	1.3834614095323876	-7.433735548234623
-0.9969950313858935	1.3831956412740927	-8.401569006209733
-1.0006844648524305	1.3836237084859704	-6.848547767401328
-0.9991399821863137	1.383610151560688	-6.893775183854913
-0.9981414881225038	1.3834744297727413	-7.386284271551721
-1.0024625523239064	1.3833439248952821	-7.873038041278367
-0.9999459925336088	1.3836469872523596	-6.761593263722534
-1.0017545831942327	1.3834932049834068	-7.327211322811908
-0.999206744987868	1.3836156704169673	-6.87413001650153
-1.0005949033836974	1.3836294375908842	-6.82739261532302
-1.0021802413648944	1.3834094604722211	-7.633578861666566
-0.9988030030392401	1.3835754930064774	-7.019305726976624
-0.9991502233389774	1.383611027074	-6.8904658519505055
-1.0039015058871554	1.3828860456833054	-9.545395820330699
-1.0009558155817557	1.3836014539213646	-6.930473177859021
-1.0012764674712913	1.3835656646324177	-7.061733115123413
-0.9980727036538541	1.3834614095323876	-7.433735548234623
-0.9985691636784353	1.3835447684637254	-7.1311324357279595
-1.0006334148554172	1.3836270723737278	-6.8362319651745755
-0.9991399821863137	1.383610151560688	-6.893775183854913
-0.9990987132311553	1.3836065172006962	-6.906740656609309
-1.0024625523239064	1.3833439248952821	-7.873038041278367
-0.999857834825739	1.3836461225458423	-6.764452450542803
-1.0017545831942327	1.3834932049834068	-7.327211322811908
-0.9973006114310492	1.383282798160372	-8.083436560999097
-1.000521262195814	1.3836335473788417	-6.812219771640238
-1.0021802413648944	1.3834094604722211	-7.633578861666566
-0.9979730013859076	1.3834416969236043	-7.505664211649069
-0.9991859914533675	1.3836140025969814	-6.879852687138669
-1.0026076884298938	1.383307131145311	-8.008167488362478
-1.000848906008602	1.3836111010221088	-6.894936830440417
-1.000610878413242	1.3836284744708927	-6.830984002056798
-0.9980727036538541	1.3834614095323876	-7.433735548234623
-0.9985691636784353	1.3835447684637254	-7.1311324357279595
-1.0003833384553171	1.3836397856741147	-6.788945556405286
-1.0000956152175642	1.3836466759791894	-6.763135401869722
-0.9998543734649954	1.383646072738296	-6.764645582146519
-1.0042371162040302	1.382749475406358	-10.043712351603558
-0.9989977754947931	1.383596910394739	-6.941973665498186
-1.0009667922006213	1.3836003987347218	-6.934495713725176
-0.9980333600482143	1.383453749457683	-7.461339909245883
-1.000521262195814	1.3836335473788417	-6.812219771640238
-1.0020852175340618	1.383429726484463	-7.559949921545341
-0.9979730013859076	1.3834416969236043	-7.505664211649069
-1.0004903085087504	1.3836351129709934	-6.806414788633659
-1.0026076884298938	1.383307131145311	-8.008167488362478
-1.000848906008602	1.3836111010221088	-6.894936830440417
-1.0000509157455308	1.3836470034720239	-6.761811966746873
-0.9982841806178679	1.383499931285076	-7.293325089177198
-0.9987664086268493	1.3835710457088854	-7.035190587627659
-0.9995627797188901	1.3836375750139702	-6.7949565038546575
-1.0000956152175642	1.3836466759791894	-6.763135401869722
-0.9997898074735612	1.3836449240477724	-6.768704387810644
-1.0050355618728235	1.3823792889239293	-11.393430349278262
-0.9982169871829139	1.3834881763573863	-7.336572455275419
-1.0009628300710927	1.383600781005391	-6.9330654979827315
-0.9980333600482143	1.383453749457683	-7.461339909245883
-0.9992262938806198	1.3836172020347226	-6.868442458817233
-1.0026882314048569	1.383285803688378	-8.085899366097838
-0.9982564654374922	1.383495137454148	-7.3116879534114645
-1.0018308159868599	1.383479538733794	-7.377064552729295
-1.0026076884298938	1.383307131145311	-8.008167488362478
-1.000848906008602	1.3836111010221088	-6.894936830440417
-1.0000314168248075	1.3836470837418369	-6.761465587216206
-0.9982270596126691	1.3834899672118295	-7.329948022142304
-0.9988258635534987	1.383578203272931	-7.0094468932329494
-0.9994965415534911	1.383634459572313	-6.8061735663838405
-0.9999282992069386	1.3836468760424947	-6.761935565198055
-1.0001539056768822	1.383645948744812	-6.7659329653014755
-1.0050355618728235	1.3823792889239293	-11.393430349278262
-0.9980350036390693	1.3834540725577573	-7.46059807828777
-1.0005306216898584	1.3836330551237936	-6.813934065070642
-0.9989415658382162	1.3835911189489394	-6.962534528476712
-0.9985130167750799	1.3835365771371213	-7.1606863514465005
-1.0043442479208102	1.3827035085928077	-10.212254658930338
-0.9981013140788414	1.3834668826813206	-7.414083605582048
-1.0012309243074191	1.3835713743601512	-7.041070961263351
-1.0026076884298938	1.383307131145311	-8.008167488362478
-1.0001429219341462	1.383646111758718	-6.76528963836812
-0.9992298931566088	1.383617479865169	-6.8673705975071435
-0.9982270596126691	1.3834899672118295	-7.329948022142304
-0.9986510116620093	1.3835561446158793	-7.08929192803217
-0.9996417565665597	1.3836407161748008	-6.783579187145273
-0.9995245732305117	1.3836358315620236	-6.801005686136741
-1.0000759032042026	1.3836468450278605	-6.762460105910841
-1.0031675230301123	1.3831454729853663	-8.598097593504331
-0.9979523749848946	1.3834374946825567	-7.5205084654219085
-1.0009548721227575	1.38360154405414	-6.930337945370089
-0.9989415658382162	1.3835911189489394	-6.962534528476712
-1.0004105794904694	1.3836387043167813	-6.793060934049918
-1.0048765124137515	1.3824581144266073	-11.106003394920355
-0.9976893137502159	1.383380169545434	-7.729616978640534
-1.0022051429683847	1.3834040003171302	-7.653700673366513
-1.0025772993725963	1.3833150094898816	-7.978896910831106
-1.0005270016954693	1.3836332465533296	-6.813144350516411
-1.0002607154366943	1.3836437344657344	-6.774396658678158
-0.9985302232687369	1.3835391209106929	-7.15151181513257
-0.9993530278098434	1.3836262044419392	-6.835912912626113
-0.9993468487153632	1.3836258027626498	-6.837010594837524
-0.9995245732305117	1.3836358315620236	-6.801005686136741
-1.0003383656775158	1.3836414085260949	-6.783066431290714
-1.0015619528409292	1.3835251482588167	-7.210383988692153
-0.9993445624087414	1.3836256531708793	-6.837752051121656
-1.0007618855491633	1.3836181096131797	-6.869170314878703
-0.9988813280869614	1.3835845617502298	-6.986705710187618
-1.000441582985248	1.383637383316038	-6.79796477061105
-1.0047676482132564	1.3825106096184125	-10.915037952669872
-0.9978065293749425	1.3834065674235314	-7.633073174358419
-1.0022051429683847	1.3834040003171302	-7.653700673366513
-1.0028083874405964	1.383252781091856	-8.206419113816095
-1.0005190307173277	1.3836336634484045	-6.811637124476124
-1.000202987370991	1.383645072899042	-6.769314892270388
-0.9985327650310417	1.3835394941699743	-7.149900011675334
-0.9993530278098434	1.3836262044419392	-6.835912912626113
-0.9996175656386531	1.383639820290644	-6.78671683334009
-0.9986641627130806	1.3835579100298248	-7.0831228737486045
-1.0002390583365253	1.3836442756482679	-6.772258031832306
-1.0004303779316777	1.3836378718344773	-6.7962004726202885
-0.9994819548645377	1.383633714554562	-6.808594308408247
-1.0006818702528872	1.3836238857405923	-6.847875577579186
-0.9998214273327211	1.383645538682806	-6.76657653928293
-1.000441582985248	1.383637383316038	-6.79796477061105
-1.0043478204218936	1.3827019559716291	-10.21626199385771
-0.9978065293749425	1.3834065674235314	-7.633073174358419
-1.0018737444805934	1.3834715871737533	-7.406223861999697
-1.0028083874405964	1.383252781091856	-8.206419113816095
-1.0007901873072744	1.383615913293652	-6.877150876023479
-1.0013548904300853	1.3835553466888042	-7.099989163169089
-1.0004517628605831	1.3836369286085708	-6.799647603670206
-0.9997263045933593	1.3836433876339	-6.7740346949514345
-0.9989052414603948	1.383587208279679	-6.9769539081665775
-0.9985918283924786	1.3835479857288695	-7.119266914401164
-1.0002390583365253	1.3836442756482679	-6.772258031832306
-1.0019143704698201	1.383463892377895	-7.4348120994493545
-0.9989235263996975	1.3835891933220736	-6.969735719166387
-0.9999733963317498	1.3836470977049227	-6.761254461051905
-0.9998214273327211	1.383645538682806	-6.76657653928293
-1.0005056892580626	1.383634347011395	-6.809288830022268
-1.0024602035294212	1.383344503022372	-7.871436471216739
-0.9978065293749425	1.3834065674235314	-7.633073174358419
-1.001972698820365	1.3834525560608875	-7.476196114940309
-1.0028777986843656	1.3832330468292942	-8.278006111532855
-1.0014389320916506	1.3835436068144618	-7.142676111343784
-1.0013548904300853	1.3835553466888042	-7.099989163169089
-1.0004574778743316	1.3836366687924058	-6.800608995833954
-1.000305328887126	1.3836424718062152	-6.779007092638803
-0.9982713349929575	1.3834977189573523	-7.302131142231536
-0.9985918283924786	1.3835479857288695	-7.119266914401164
-1.0006372415300324	1.383626829254301	-6.837083630842296
-1.001524288988684	1.3835309602466297	-7.188856902703934
-0.9993860617369427	1.3836282870831387	-6.828173025780688
-0.9999733963317498	1.3836470977049227	-6.761254461051905
-0.9996210462853486	1.3836399527967886	-6.786362578463463
-1.001002393237086	1.383596893482593	-6.947153743273827
-1.0022256854347136	1.3833994493099662	-7.670426052042583
-0.9981325267031788	1.3834727602669639	-7.3929978114893995
-1.0019317538716408	1.383460549441651	-7.446537764938995
-1.0028698125389117	1.3832353418922563	-8.269333858951317
-1.0006922107911647	1.3836231753037107	-6.850481938590036
-1.000897677626987	1.3836068418365812	-6.910585069980016
-1.0004491828447424	1.3836370448312805	-6.799154691145654
-0.9978690225936998	1.3834200798573728	-7.584215123295522
-0.9983816098083531	1.38351617375206	-7.234636463282595
-0.9985918283924786	1.3835479857288695	-7.119266914401164
-1.0008619240457088	1.3836099874396524	-6.899266858009557
-1.001524288988684	1.3835309602466297	-7.188856902703934
-1.0002285689564534	1.3836445209042882	-6.771311916743055
-1.0001765680194674	1.383645574279406	-6.767369215659521
-1.0002883890445908	1.383642974680629	-6.77720299046639
-0.9998809422847749	1.3836464243557032	-6.763436574992937
-1.0022256854347136	1.3833994493099662	-7.670426052042583
-0.9981325267031788	1.3834727602669639	-7.3929978114893995
-1.0019317538716408	1.383460549441651	-7.446537764938995
-1.0019978550340747	1.383447561855822	-7.494107506726475
-1.0005670005597769	1.3836310586109415	-6.821476689897512
-1.0017563224939348	1.383492899657546	-7.32840813922757
-1.0003940048742461	1.3836393711006345	-6.790549466308385
-0.9984275798174925	1.3835235078311632	-7.208045982899599
-0.9990606815246449	1.3836030171327738	-6.9193023151643125
-0.9985918283924786	1.3835479857288695	-7.119266914401164
-1.0008619240457088	1.3836099874396524	-6.899266858009557
-1.0009581255907662	1.383601232860297	-6.931317341085464
-1.0006628178072496	1.3836251667204005	-6.84308649390315
-1.0005129043970795	1.3836339795466537	-6.810680429500712
-0.9990100437858218	1.3835981324273814	-6.937175379697634
-0.9996088301355527	1.3836394823995384	-6.788171654948875
-1.0022256854347136	1.3833994493099662	-7.670426052042583
-0.9973612211541343	1.3832989754028115	-8.025457627152702
-1.0006611002596324	1.3836252804150166	-6.842761866445344
-1.0019978550340747	1.383447561855822	-7.494107506726475
-0.9998017576914614	1.3836451680920363	-6.767855943594194
-1.0017563224939348	1.383492899657546	-7.32840813922757
-1.0005736630387287	1.3836306786285808	-6.822754889155728
-0.9989346305108382	1.3835903824852591	-6.965425199867617
-0.9991066761453629	1.3836072317172177	-6.904179389883172
-0.9985918283924786	1.3835479857288695	-7.119266914401164
-1.001984021813084	1.3834503159649414	-7.484630355911728
-1.0020444428087663	1.3834381457727651	-7.528662649883677
-0.9998356902849576	1.383645783208558	-6.765666414953521
-0.9998305544724567	1.3836456975033407	-6.76590292620753
-0.9990100437858218	1.3835981324273814	-6.937175379697634
-0.9996089178411086	1.3836394858299308	-6.788162282413382
-1.0022256854347136	1.3833994493099662	-7.670426052042583
-0.999436405841672	1.383631251173916	-6.817497220468817
-1.0006094447972047	1.383628561944639	-6.830732852368677
-1.0013963836695428	1.3835496387250528	-7.120380065702666
-0.9995342665906093	1.38363628771225	-6.799542546904888
-1.0035065036649855	1.3830323546950531	-9.011335362511424
-1.0005736630387287	1.3836306786285808	-6.822754889155728
-0.9974449225973301	1.3833207120659992	-7.945890273385937
-0.9985491168224793	1.3835418799929402	-7.141490964401505
-0.998340089005771	1.3835093678672428	-7.259279154078234
-1.001984021813084	1.3834503159649414	-7.484630355911728
-1.002018691866363	1.383443377250115	-7.509644397265037
-0.9998261577417896	1.383645622036144	-6.76618462244542
-1.0008146657821293	1.3836139490758523	-6.8845051625812905
-0.998953319362152	1.3835923560747987	-6.958096347670805
-0.9996089178411086	1.3836394858299308	-6.788162282413382
-1.0022256854347136	1.3833994493099662	-7.670426052042583
-1.000742757272553	1.3836195486743845	-6.863812187765082
-1.001048251030228	1.3835921915815623	-6.964677624906465
-1.0013963836695428	1.3835496387250528	-7.120380065702666
-0.9992272326934439	1.3836172746271769	-6.867926645859988
-1.0017617224778224	1.3834919497882376	-7.331672335364913
-1.0006035999002292	1.3836289164507032	-6.8291966053760405
-0.9992197523125637	1.3836166937699934	-6.869954533422885
-0.9985491168224793	1.3835418799929402	-7.141490964401505
-0.9984041138312897	1.383519790459507	-7.221119672667152
-1.0017998863383288	1.3834851535511359	-7.3564095606553215
-1.002221307480738	1.3834004227464818	-7.666767048423944
-0.9996896483355608	1.3836423171849	-6.778009495308901
-1.0002938228973766	1.3836428164979298	-6.777704211370103
-0.998953319362152	1.3835923560747987	-6.958096347670805
-0.9996089178411086	1.3836394858299308	-6.788162282413382
-1.002165250396342	1.383412717628738	-7.621442337733248
-1.0011733812835129	1.3835782919108561	-7.015424550694258
-1.001038536680491	1.3835932051708446	-6.960562445415045
-1.0011903749835	1.3835762834626137	-7.022741025082499
-0.9983170385758193	1.383505515134917	-7.273590271049155
-1.0017617224778224	1.3834919497882376	-7.331672335364913
-0.9996383301867187	1.383640592839989	-6.784067420366731
-0.9988662397653507	1.3835828624791973	-6.992918705182565
-0.9989934568412528	1.38359647663616	-6.943468357898962
-0.998613409343891	1.3835510014103005	-7.1082116813852245
-1.001646874997049	1.3835115232298856	-7.260397264288854
-1.00205854594907	1.3834352525214593	-7.539448973323878
-0.9997171855664937	1.383643133892491	-6.775096902297065
-1.0004782066824396	1.3836356990111245	-6.804293089352809
-0.998953319362152	1.3835923560747987	-6.958096347670805
-0.9993313860207996	1.383624780860022	-6.840717166725322
-1.0009940207214627	1.383597729232946	-6.944247143837771
-1.0007866650073507	1.3836161910009914	-6.876005507408328
-1.001038536680491	1.3835932051708446	-6.960562445415045
-1.0011903749835	1.3835762834626137	-7.022741025082499
-0.9985618410341454	1.3835437180321275	-7.134416740961784
-1.001703024311818	1.3835021185023488	-7.2945318257170015
-0.9990881302197905	1.383605557767878	-6.910193052800168
-0.9988662397653507	1.3835828624791973	-6.992918705182565
-0.9988645697571594	1.3835826730008631	-6.99319325111551
-0.9986127248969975	1.3835509064821103	-7.1083994527133605
-1.0014290436779307	1.3835450248010093	-7.137746093314178
-1.0019726679596912	1.3834525621487213	-7.476171119605152
-1.0000424529615928	1.3836470429799836	-6.761635586897345
-1.0006476166985434	1.3836261627232693	-6.839436330183778
-0.9987705983794175	1.3835715616754465	-7.033315259713752
-0.9993377774391488	1.3836252061566758	-6.839489619628484
-1.0009940207214627	1.383597729232946	-6.944247143837771
-1.000801190823991	1.3836150377558585	-6.88043164615165
-1.0001905433249882	1.383645317754746	-6.768340428122281
-1.0012385040855176	1.3835704384741887	-7.044604325443734
-0.9986001552264117	1.3835491548231738	-7.11501587452973
-1.001703024311818	1.3835021185023488	-7.2945318257170015
-0.9991343746800051	1.3836096677329501	-6.895256619587903
-0.9995098722458096	1.3836351218319096	-6.80359552477835
-0.9991297557782258	1.3836092668424045	-6.896856514846286
-0.99924510371859	1.3836186396728967	-6.863279646371701
-1.00104900073448	1.383592112965634	-6.964798145883034
-1.0025299954254092	1.3833270892500513	-7.934894356876648
-1.0004089719355356	1.3836387701904782	-6.792800045701265
-1.0006877717165201	1.3836234815959787	-6.849421314095988
-0.9987705983794175	1.3835715616754465	-7.033315259713752
-0.9976833551993096	1.3833787909360526	-7.734067430475175
-1.0013192500339163	1.3835601120600816	-7.082073339878548
-1.0010361463181858	1.3835934531330465	-6.960034912413418
-1.0006536429084958	1.3836257706400896	-6.840921157318637
-1.000670326697543	1.383624666198609	-6.844904954717043
-1.0003056546888103	1.3836424618532415	-6.779033581955218
-1.001703024311818	1.3835021185023488	-7.2945318257170015
-0.9992899814196645	1.38362192677346	-6.851182710956662
-0.9994535532283154	1.3836322028889667	-6.814260109071492
-0.9991297557782258	1.3836092668424045	-6.896856514846286
-0.9988291412145951	1.383578587577913	-7.00795773763838
-1.001851730770244	1.3834756877504075	-7.391058120480946
-1.0025299954254092	1.3833270892500513	-7.934894356876648
-1.0002421592257988	1.383644201038149	-6.772604450406763
-1.000583591567091	1.383630104136822	-6.824960936087015
-0.9977139002237999	1.3833858204833438	-7.7085835689850875
-0.9976774934306346	1.3833774312544436	-7.739472111393157
-1.001311393974131	1.3835611453849117	-7.078328285495635
-1.00172530789745	1.3834982987256308	-7.3085868370024905
-1.0009417572739858	1.3836027877545256	-6.925358842113028
-1.000614445442058	1.3836282559326176	-6.831746500671816
-1.0008569647923575	1.3836104136599139	-6.897494493733541
-1.0027138558654964	1.3832788824097464	-8.110439287219828
-0.9992899814196645	1.38362192677346	-6.851182710956662
-0.9999146295349345	1.3836467686868656	-6.762321918102408
-0.9986308256357568	1.3835534011706958	-7.099832675816094
-0.9999324912585552	1.3836469052211724	-6.761847499959043
-1.001754111059533	1.3834932878122221	-7.326909003455889
-1.0025299954254092	1.3833270892500513	-7.934894356876648
-0.9998651594776724	1.3836462239943579	-6.764112677124874
-1.000236556793712	1.3836443351368484	-6.772074721588654
-0.9968332569757548	1.3831457200236006	-8.583512883376391
-0.9990259336903842	1.3835996928339045	-6.931425331282135
-1.0014292170904606	1.3835450000180978	-7.137752052484535
-1.001324834413585	1.38355937378151	-7.084983764573507
-1.0009417572739858	1.3836027877545256	-6.925358842113028
-1.0006505784572586	1.3836259704762286	-6.840126163072031
-1.001063450387155	1.383590586756384	-6.970673512394512
-1.0027138558654964	1.3832788824097464	-8.110439287219828
-0.9988912657270638	1.3835856685082817	-6.982402500357161
-0.9996138818791547	1.3836396787325187	-6.78724738173091
-0.998552865452973	1.383542423172821	-7.139541081116567
-0.999977443924737	1.3836471076538543	-6.761230847663643
-1.0008975098550215	1.3836068568956879	-6.910592375116345
-1.0019957143693234	1.3834479893004847	-7.49256957374454
-0.9996064737038459	1.3836393899453927	-6.788256352470989
-1.0004780614482192	1.3836357059552673	-6.804307350270509
-0.9959252812825875	1.3828169664613794	-9.782702982587377
-1.0000967372607563	1.3836466651878	-6.763170381961142
-1.0014752844300268	1.383538309885207	-7.1622491474915115
-1.001324834413585	1.38355937378151	-7.084983764573507
-0.9998108873674412	1.3836453449132913	-6.767156548410369
-1.0004847802069958	1.383635382500226	-6.805571228864854
-1.002241041894187	1.383396019654106	-7.683256896717716
-1.0036666913519445	1.3829749018191597	-9.221432553953
-0.9985593823943782	1.3835433641383996	-7.1359977504303105
-0.9979303428565472	1.3834329590581087	-7.537246561757502
-0.9981188250655257	1.3834701921359762	-7.401530702082707
-1.0000601880673776	1.3836469519625083	-6.762034392010174
-1.0008271167638014	1.383612926985633	-6.888359937880624
-1.0008282222468696	1.3836128354881705	-6.888558479317576
-0.9992586766044158	1.3836196550738389	-6.859319865553421
-1.0004424142341657	1.3836373465749514	-6.798209894200872
-0.9959252812825875	1.3828169664613794	-9.782702982587377
-1.00048121423882	1.3836355547354988	-6.804922409082813
-1.0014126552006912	1.383547353356879	-7.129284908265073
-1.0017315492883099	1.3834972199457887	-7.3129369463366265
-0.9969391463196657	1.3831786918300601	-8.462894674871542
-1.0000855838090503	1.3836467668632624	-6.762760114647949
-1.0021535278453422	1.3834152489836478	-7.612151104218219
-1.0023747423805036	1.383365163023993	-7.795534672771171
-0.9995806064840611	1.3836383385466204	-6.792208353628053
-0.9986115664731426	1.3835507457097558	-7.10933742179074
-0.9988184604031634	1.3835773313017363	-7.012716230603886
-0.9997173677934457	1.383643139044472	-6.7750648261209045
-1.0023295444893165	1.3833757942162956	-7.756826575324634
-1.0002815464529835	1.3836431696724216	-6.776395856617757
-0.9985655685163602	1.3835442534086182	-7.1324681469800995
-0.9999907693667258	1.3836471288324514	-6.761194214331993
-0.9964489835901812	1.3830166472155407	-9.054467717741076
-1.0008637349869332	1.3836098311862983	-6.899542313215967
-1.0002754549317738	1.3836433393217091	-6.775773272915982
-1.0017315492883099	1.3834972199457887	-7.3129369463366265
-0.9950192150177041	1.3824067221406877	-11.279213086384159
-0.999913458444922	1.3836467586206431	-6.762333428139782
-1.001518650668946	1.3835318180999665	-7.185982151023397
-1.0023747423805036	1.383365163023993	-7.795534672771171
-0.9997502174122745	1.3836440135256245	-6.771867812751155
-0.9986064073985133	1.3835500280757351	-7.111842130551775
-0.9981130361480429	1.3834691014637512	-7.4061470772574385
-0.9997907522797541	1.3836449438622596	-6.768671209187209
-1.0023458717288936	1.3833719773842599	-7.771098030482361
-0.9998628607524321	1.3836461927340198	-6.764250901754124
-0.9985655685163602	1.3835442534086182	-7.1324681469800995
-1.0000139666589438	1.3836471233393028	-6.761277651426665
-0.9963538165469235	1.3829824004040066	-9.178363083703726
-0.999129428368858	1.3836092383444334	-6.89733874864578
-1.000697164278713	1.3836228311911052	-6.851693359677511
-1.0005469828094202	1.3836321735829908	-6.817264640882532
-0.9950192150177041	1.3824067221406877	-11.279213086384159
-0.9998582063361907	1.383646127820526	-6.76445769047686
-0.9991747953821142	1.383613084959612	-6.8831851840440175
-1.0017545502502805	1.383493210763643	-7.327150684206774
-1.0002915579486915	1.3836428827908087	-6.777602902862783
-0.9984902077345776	1.3835331594584446	-7.17303487826009
-0.9981130361480429	1.3834691014637512	-7.4061470772574385
-0.999790064696353	1.383644929451095	-6.76870088435973
-1.0023458717288936	1.3833719773842599	-7.771098030482361
-0.9997582152124277	1.3836442100985058	-6.771181492211102
-0.9985801533125149	1.3835463348618828	-7.125246538610092
-0.9999458575572401	1.3836469865224756	-6.761594132445057
-0.9981094267059029	1.3834684197236633	-7.40867071930274
-0.999428021518754	1.3836307751235306	-6.819166172087496
-1.0006505466397988	1.3836259725461533	-6.84009799780745
-1.0011308494606719	1.3835831920675459	-6.997564065916139
-0.9950192150177041	1.3824067221406877	-11.279213086384159
-1.000603646909228	1.38362891361313	-6.829208354053925
-0.9995430571160501	1.3836366932527213	-6.798164201186499
-1.0009622102007727	1.3836008406691573	-6.932617982525347
-1.0008672695427154	1.383609525269695	-6.900785860263876
-0.9987056910922782	1.3835633713152506	-7.063231846377601
-0.9991805521657133	1.383613558355025	-6.881213935223171
-1.0004874636660357	1.3836352520513957	-6.805825148440557
-1.0017190546716024	1.383499375644483	-7.30466867693945
-1.0002458245182337	1.3836441116079927	-6.7729443012133
-0.9985801533125149	1.3835463348618828	-7.125246538610092
-0.9999298265443863	1.3836468868769873	-6.761923331686092
-0.9981094267059029	1.3834684197236633	-7.40867071930274
-0.9994817288392404	1.3836337028428771	-6.808644198031738
-0.9992822377570086	1.3836213739608076	-6.853235678931639
-1.0011308494606719	1.3835831920675459	-6.997564065916139
-0.9950192150177041	1.3824067221406877	-11.279213086384159
-1.0002347719908677	1.3836443771982962	-6.771904403958244
-1.000119148867441	1.3836464232700503	-6.7641031422716935
-1.001190459238582	1.3835762734327446	-7.02282780829929
-1.0007643925389582	1.3836179182950001	-6.870058868723776
-1.000126523760175	1.3836463326795865	-6.764461803229255
-0.9991051282877161	1.3836070933236086	-6.9049021004842315
-1.0003534661120221	1.3836408861780636	-6.78504373795743
-1.0007174281484874	1.383621397935269	-6.856999189085844
-1.0004265385752593	1.3836380363348717	-6.795563719337822
-0.9995931606181642	1.3836388571785503	-6.790399795152087
-1.0000067069663467	1.383647130843511	-6.761228738311419
-0.9981094267059029	1.3834684197236633	-7.40867071930274
-0.9993889221838134	1.3836284622878092	-6.8275738127201535
-0.9998522771907344	1.3836460419912622	-6.764806422499866
-1.0015242117511054	1.3835309720195705	-7.188583454623085
-0.9950192150177041	1.3824067221406877	-11.279213086384159
-1.0001473171771609	1.3836460479751467	-6.765540484969295
-1.000112611493929	1.3836464990252526	-6.76380711455402
-1.0003979677823662	1.3836392141748908	-6.79114388526783
-1.0007643925389582	1.3836179182950001	-6.870058868723776
-1.000048105308141	1.3836470173866473	-6.761764734777716
-0.9998329243081295	1.3836457373783402	-6.765871567816991
-1.0004325832732528	1.3836377766782662	-6.796486301267682
-1.000781161137681	1.3836166224565298	-6.874583564779541
-1.0000318636502894	1.3836470823280704	-6.76148678553177
-0.999377168953747	1.3836277371670722	-6.8301744142148975
-0.999719175349099	1.3836431899684534	-6.774779444037093
-0.9981094267059029	1.3834684197236633	-7.40867071930274
-1.0002172414388826	1.3836447734005426	-6.770370883160117
-0.9994520326060152	1.3836321196794374	-6.814346086299433
-1.0015242117511054	1.3835309720195705	-7.188583454623085
-0.9951038332747324	1.3824485106626	-11.126336293830589
-1.000030941357674	1.3836470852243001	-6.761456890906185
-1.0000152826583941	1.3836471214146986	-6.761282999142848
-1.0004093284715083	1.3836387556028016	-6.792867976056373
-1.0008750942020217	1.3836088435995604	-6.903213322694299
-1.0000283481886516	1.3836470929116909	-6.761437310543567
-0.9997361395422637	1.383643651975623	-6.773234323935279
-0.9999728807440533	1.3836470963199787	-6.761266893730576
-1.000781161137681	1.3836166224565298	-6.874583564779541
-0.9996908337390591	1.3836423539038358	-6.7776946901861965
-0.9992728662276282	1.3836206969165348	-6.8555004570341564
-0.9999281130552233	1.3836468747060395	-6.761940089036932
-0.9987918715548295	1.3835741543756794	-7.0242058447016404
-1.000275375651713	1.3836433415052032	-6.775764087891903
-0.9992464117555953	1.3836187383305758	-6.862652063541439
-1.0015242117511054	1.3835309720195705	-7.188583454623085
-0.9951038332747324	1.3824485106626	-11.126336293830589
-1.0007052494466522	1.3836222642535807	-6.853725405645883
-1.0001382282700115	1.3836461777399494	-6.765067235886006
-0.9998658287191786	1.383646232996051	-6.764092901732857
-1.0015361765243533	1.3835291411769823	-7.195684388648228
-0.999819751078526	1.3836455086089963	-6.76659292338115
-1.000882371317175	1.3836082041356124	-6.905670701703116
-0.999311749568741	1.3836234486598746	-6.845544042537711
-1.0010658906126566	1.3835903269527734	-6.971128775429887
-0.9989453150378611	1.3835915150742129	-6.961071434368651
-0.9989406166156612	1.3835910184349303	-6.962849375042748
-0.9999136322985697	1.3836467601236884	-6.762333747011703
-0.9987918715548295	1.3835741543756794	-7.0242058447016404
-1.0004576698371297	1.38363666000869	-6.800666776419618
-0.9990189558262922	1.3835990107091427	-6.934050174948359
-1.0012623543282784	1.3835674561701747	-7.055417459443953
-0.9968750840408844	1.3831588781051043	-8.535592629892408
-1.0004467371306116	1.3836371543894876	-6.798889549534453
-0.9993794586851411	1.3836278795165087	-6.829805389894817
-0.999946448527416	1.3836469897046701	-6.76156637585014
-1.0015963384050963	1.3835197182775016	-7.230398466956569
-1.0002944767875206	1.3836427972637615	-6.777806683538059
-1.0009201879233445	1.3836047958019675	-6.918313457500607
-0.9980847649632848	1.3834637268303878	-7.425389914321994
-1.0013463147037425	1.3835565049286054	-7.0953691366975145
-0.9985364634342379	1.383540036128715	-7.148009417606636
-0.9989406166156612	1.3835910184349303	-6.962849375042748
-1.000103427951687	1.3836465982256214	-6.763423850620003
-0.9992313465878856	1.3836175916892832	-6.866749584098404
-0.9999960829308792	1.3836471323255095	-6.761195011776349
-0.9987642933950622	1.3835707845520067	-7.03643503986487
-1.0012623543282784	1.3835674561701747	-7.055417459443953
-0.9968750840408844	1.3831588781051043	-8.535592629892408
-1.0001019864116782	1.3836466130312726	-6.763397121757622
-0.999009657065039	1.3835980941362396	-6.937257195561408
-1.0006770171169972	1.3836242154838456	-6.846580120861351
-1.0015963384050963	1.3835197182775016	-7.230398466956569
-1.0006653632814095	1.3836249976778685	-6.843742638138467
-1.0002746776858498	1.3836433607011258	-6.775664055827337
-0.9984448544151818	1.383526209203182	-7.198359933289113
-1.0015524740942265	1.3835266243020188	-7.205345346470724
-0.9988077833158021	1.3835760640615768	-7.017445312190597
-0.9983200350300847	1.3835060189776738	-7.271586544502465
-1.000103427951687	1.3836465982256214	-6.763423850620003
-0.9999533608036753	1.3836470243319492	-6.761484299154617
-0.9999773833046949	1.3836471075169356	-6.761229946280309
-0.9988768333044782	1.3835840579213845	-6.988271007305171
-1.000660315107435	1.3836253322906256	-6.842609852527881
-0.9965437651803376	1.3830498551362487	-8.933080943173792
-0.9994765650188367	1.3836334338837057	-6.809867837423763
-0.9987992962892213	1.383575048622627	-7.020960408869247
-1.0006770171169972	1.3836242154838456	-6.846580120861351
-1.0015963384050963	1.3835197182775016	-7.230398466956569
-1.001016732349218	1.3835954458591837	-6.9527327849390606
-1.0001497601050644	1.3836460116882274	-6.765687465332036
-0.9985054037377361	1.3835354421933224	-7.164762831042237
-1.001955224184602	1.3834559880120783	-7.4632967114524815
-0.9989505296959678	1.3835920636967287	-6.959256982295169
-0.9985561059168915	1.383542891586519	-7.1376415900938746
-1.0007788147946937	1.3836168054684592	-6.8738458785966445
-0.9999533608036753	1.3836470243319492	-6.761484299154617
-0.9997692028132965	1.3836444697256114	-6.77026299322891
-0.9977373526590656	1.3833911544432091	-7.6893726051996305
-0.999918482836416	1.383646800840283	-6.762211520498609
-0.9962213255499177	1.3829332140626958	-9.358653396612162
-0.9995716618034675	1.3836379594121506	-6.79342080066461
-0.9988974254978804	1.3835863495660448	-6.980006088833747
-1.0006770171169972	1.3836242154838456	-6.846580120861351
-1.0015963384050963	1.3835197182775016	-7.230398466956569
-1.00050284662089	1.383634490356474	-6.808677254780502
-0.9999425469748968	1.3836469680501762	-6.76163037564022
-0.9985054037377361	1.3835354421933224	-7.164762831042237
-1.0022929126064322	1.3833842606816442	-7.725871578457578
-0.998981315653893	1.3835952472028308	-6.9476741101506185
-0.9993558904296893	1.3836263892357528	-6.835092236369354
-1.0004859036754559	1.3836353279735898	-6.80569097324349
-0.9999770532391589	1.3836471067649894	-6.761237501920981
-0.9990486489167357	1.3836018796484995	-6.923593359120555
-0.996619498176904	1.3830757434638832	-8.838445812913527
-1.0004480332438792	1.3836370964032998	-6.799011275501789
-0.9962213255499177	1.3829332140626958	-9.358653396612162
-0.999938790637601	1.3836469457633787	-6.761701100211591
-0.999725845823285	1.3836433750670505	-6.774040403487151
-1.00103907393467	1.3835931493605955	-6.960889026645245
-1.0010764567714803	1.3835891951336377	-6.975486906199265
-1.0000230562468302	1.383647106513155	-6.7613563910874
-0.9999111730410244	1.383646738581249	-6.762401080824545
-1.0002902038462436	1.3836429221790623	-6.777295340760391
-1.0020209200953947	1.3834429271910824	-7.511069390883621
-0.9998933518295628	1.383646564401068	-6.762972412787996
-0.9987669552392147	1.383571113123576	-7.034939625636657
-1.0005145422911133	1.3836338954042138	-6.810892449133521
-1.00005383739834	1.383646988169408	-6.761871061428332
-0.9991547363134556	1.3836114095576915	-6.889215079503426
-0.996619498176904	1.3830757434638832	-8.838445812913527
-1.0006384433594626	1.383626752596519	-6.837242810923436
-0.9964418875801974	1.3830141248930832	-9.062962676323519
-0.999938790637601	1.3836469457633787	-6.761701100211591
-0.9992961877559543	1.3836223655089375	-6.8494519642845155
-1.00103907393467	1.3835931493605955	-6.960889026645245
-1.0007994617247904	1.3836151761402107	-6.880209722609379
-1.0000253277264928	1.3836471010179945	-6.761392189171748
-0.9998967690925928	1.3836466002616687	-6.762832671090623
-0.9992110251620493	1.383616009027935	-6.8724345255184405
-1.0016260565621422	1.3835149300955167	-7.247612647179521
-0.9998933518295628	1.383646564401068	-6.762972412787996
-0.9989188525595153	1.3835886891032776	-6.971481689528076
-1.0003944047702393	1.3836393553365416	-6.790625299180633
-1.0001084950276036	1.3836465445341302	-6.7636366034863755
-0.9997296685868836	1.383643479139035	-6.773702296375806
-0.99895866873187	1.3835929145521817	-6.956372022866518
-1.0015300204331734	1.3835300849663845	-7.192414979459084
-0.9964418875801974	1.3830141248930832	-9.062962676323519
-1.0000460608676893	1.3836470270125043	-6.76170918852409
-0.9996025981120061	1.383639236679652	-6.788806436815879
-1.0011023455762265	1.3835863748042097	-6.986000569775868
-1.0013125728509875	1.3835609907182236	-7.079106899174832
-0.9999911761070013	1.3836471291996266	-6.761194016524431
-0.9998969538640393	1.3836466021673741	-6.762840909527057
-0.9995726970210025	1.383638003700888	-6.793371921545351
-1.0013200712510066	1.3835600036872941	-7.082781164001076
-0.9998800437911719	1.383646413618079	-6.7635166571202365
-0.99900707217487	1.3835978378093852	-6.93817458110684
-1.0004090386876052	1.383638767460283	-6.79281578405768
-0.9995926837867652	1.3836388377678028	-6.790382104532755
-0.9996851473323887	1.383642176482566	-6.778461744692438
-0.999298362527981	1.383622518335574	-6.849103921498067
-1.0015300204331734	1.3835300849663845	-7.192414979459084
-0.9979812558925942	1.3834433667041217	-7.499565806271895
-0.9999854021850153	1.3836471224378708	-6.7611999725747935
-0.9996025981120061	1.383639236679652	-6.788806436815879
-1.0011321605557664	1.3835830437164793	-6.998006044872474
-1.0008923564545813	1.3836073180905792	-6.90880224720917
-1.0001297552768633	1.3836462912710872	-6.764642610624198
-0.9998426675842297	1.3836458954182282	-6.76525227398008
-1.000240475695318	1.383644241664679	-6.772384733136623
-1.0009353575046729	1.3836033884096035	-6.923625519533168
-0.9998954882392336	1.383646586957274	-6.762927694198789
-0.997813604944746	1.383408116925799	-7.627144844453491
-1.0006541011760917	1.3836257406752528	-6.840950903924185
-1.0003593131319908	1.38364067779634	-6.785681816621089
-0.9997302891858076	1.3836434958965163	-6.773675677320304
-0.9992608109101895	1.3836198130671562	-6.85911246593551
-1.0012033846658668	1.3835747263599787	-7.0287576780449
-0.9979812558925942	1.3834433667041217	-7.499565806271895
-0.9999854021850153	1.3836471224378708	-6.7611999725747935
-0.9994764394110823	1.3836334273081676	-6.809855766608154
-1.0010582535275712	1.38359113806625	-6.968381698934835
-1.0014108860805355	1.3835476031160685	-7.127855190112558
-1.000006634798567	1.3836471308916534	-6.761228496119408
-0.9999243593076913	1.3836468470169643	-6.762031341634836
-1.000240475695318	1.383644241664679	-6.772384733136623
-1.0009974258737124	1.3835973901740033	-6.945695652247338
-0.9998186973629553	1.383645489560371	-6.76664278681397
-0.9980845681786455	1.3834636891395682	-7.425547747859276
-1.0005704316253736	1.3836308634807197	-6.822290037668791
-1.001427414475433	1.3835452574884473	-7.136430825700802
-0.9997511971714008	1.383644037950305	-6.771852011722061
-0.9992608109101895	1.3836198130671562	-6.85911246593551
-1.0012033846658668	1.3835747263599787	-7.0287576780449
-0.9979812558925942	1.3834433667041217	-7.499565806271895
-1.0000345764624214	1.3836470733160933	-6.761506844056133
-0.9995333588688123	1.3836362453954152	-6.799585322026736
-1.0009461302640184	1.3836023749688564	-6.926934087844759
-1.001310417697257	1.3835612733656169	-7.077589294613004
-1.0004324582043085	1.3836377820877572	-6.796457562694118
-0.9998361636796161	1.3836457909756872	-6.7656700616961745
-0.9994547732819277	1.383632269483976	-6.813791520166226
-1.001400896989963	1.3835490074738566	-7.123247762323945
-1.0000116203657585	1.383647126341036	-6.761258794730732
-0.9980845681786455	1.3834636891395682	-7.425547747859276
-1.0011123816245748	1.3835852634487464	-6.989761672508924
-1.0015214605335334	1.383531390984926	-7.1876609555283455
-1.0005417436335184	1.383632458784458	-6.816181402615431
-0.9992892697333691	1.3836218762170858	-6.851178127251904
-1.0011651431642599	1.38357925516302	-7.012074134231264
-0.9980307160637155	1.3834532291315955	-7.463392148105009
-1.0009453031199007	1.3836024531932563	-6.926615590432099
-0.9992014113784262	1.3836152459033555	-6.875347847258228
-1.0015524135909062	1.3835266336948195	-7.205274038746902
-1.0011992942878383	1.3835752177532388	-7.027116639584713
-1.0002930401009922	1.3836428394676414	-6.77765761109579
-1.0002756957588212	1.3836433326851094	-6.7758136281718055
-0.9994547732819277	1.383632269483976	-6.813791520166226
-1.001878042770072	1.38347078086037	-7.409322493065411
-0.999808542710544	1.3836453002979967	-6.767356894434431
-0.9978781209297973	1.3834220145532528	-7.576886913489398
-1.0012870908215823	1.383564302953531	-7.066538052377652
-1.0013676923162345	1.3835536039790866	-7.106052336899305
-0.999986142124463	1.3836471234906453	-6.761199964071439
-0.9992892697333691	1.3836218762170858	-6.851178127251904
-1.0011651431642599	1.38357925516302	-7.012074134231264
-0.9980307160637155	1.3834532291315955	-7.463392148105009
-1.001333831694701	1.3835581777431916	-7.088873679395681
-0.9976272951078053	1.3833656466674087	-7.7827781506706
-1.0015223009831287	1.3835312630785193	-7.188205299918583
-1.0011602110495972	1.3835798286087007	-7.010113879274657
-1.0009537314317096	1.3836016529104893	-6.929664605776292
-1.000109546590981	1.3836465330699013	-6.763738434585042
-0.9993788615299849	1.3836278424427344	-6.82984648339297
-1.0024770272033554	1.3833403499043728	-7.886337400861905
-1.0002314837760327	1.3836444538557526	-6.77158058467269
-0.9989570343210044	1.3835927442223028	-6.9567671223968075
-1.0000909963290696	1.3836467190760857	-6.762976113788437
-1.0021208813718248	1.3834222262030134	-7.5871616820568555
-0.9998895752205424	1.383646523411085	-6.763108940963934
-1.000670975675552	1.383624622674822	-6.845163566915155
-1.0008982541564992	1.3836067900661975	-6.910718159317538
-0.9965137746021979	1.383039444716467	-8.970965120909916
-1.0016083162476073	1.383517799035065	-7.237281120314844
-0.9973031414487588	1.3832834807904109	-8.08188306188866
-1.0015223009831287	1.3835312630785193	-7.188205299918583
-1.0007351446850672	1.383620111207282	-6.861724181165183
-1.0002226403183396	1.3836446546571135	-6.770885680560601
-1.0007484648735387	1.3836191231093349	-6.865411180100685
-0.9993788615299849	1.3836278424427344	-6.82984648339297
-1.0024770272033554	1.3833403499043728	-7.886337400861905
-1.00064698013144	1.383626203928157	-6.839242655839756
-0.9985901070260315	1.3835477431827787	-7.120077456015944
-0.9996470987541348	1.3836409061282142	-6.783013095793201
-1.0020444054845232	1.3834381534034235	-7.528631334913351
-0.9997200585931625	1.383643214733118	-6.774750715910679
-0.9993585197041635	1.3836265582441836	-6.834324098765895
-1.0006200694274696	1.3836279087879368	-6.832996611931114
-0.9961280715812078	1.3828975416086684	-9.488371419969939
-1.0016083162476073	1.383517799035065	-7.237281120314844
-0.9973724344223283	1.3833019280494327	-8.01454633905877
-1.001439959469179	1.383543458929037	-7.143001003960396
-1.0010587806848867	1.3835910822657465	-6.968626361021626
-0.9998991104264748	1.3836466241573786	-6.76281040348654
-1.0006103088122984	1.3836285092503624	-6.830877688470403
-0.9994154602132198	1.3836300487545645	-6.822006981548913
-1.001852381298799	1.3834755672688739	-7.392286457998011
-1.0009892130287612	1.3835982059718674	-6.942365749400705
-0.9980965728371204	1.3834659813444616	-7.4172111020882125
-0.999865367325411	1.3836462267948275	-6.764102653293502
-1.00170921312264	1.3835010626177506	-7.2986077270646375
-0.9990917780156419	1.3836058897340373	-6.908930346611731
-0.9981914279344946	1.3834835864468746	-7.353063466413385
-1.0005694343383287	1.3836309203193975	-6.821816708774726
-0.9966017169097423	1.3830697166946044	-8.860746279058207
-1.0016083162476073	1.383517799035065	-7.237281120314844
-0.9996927614304267	1.3836424133157492	-6.77759212568643
-1.0008938366513704	1.3836071858947143	-6.909354977792038
-1.0012076890265218	1.3835742074534418	-7.03065357622652
-1.0001896494358702	1.3836453347472546	-6.768236434552253
-1.0003722070266188	1.3836402061891477	-6.787503176598557
-0.9989920033298392	1.3835963302283283	-6.943742938992501
-1.001852381298799	1.3834755672688739	-7.392286457998011
-1.0016937910761983	1.3835036866821906	-7.288913462265525
-0.99817347754701	1.3834803238791171	-7.3650898612755595
-0.9998012728092386	1.3836451584678635	-6.767887584658291
-1.0011811562641655	1.3835773765866621	-7.018773596751227
-0.9985890540246818	1.3835475946654177	-7.1202642564784195
-0.9988275413534141	1.3835784001287832	-7.009034481829701
-1.0010789786474794	1.3835889233465952	-6.976833307910367
-0.9966017169097423	1.3830697166946044	-8.860746279058207
-1.0017636514025428	1.3834916097791965	-7.333270944121284
-0.9999015530158172	1.3836466485022463	-6.762705299878224
-1.0008938366513704	1.3836071858947143	-6.909354977792038
-1.0033513757492132	1.3830855471220602	-8.817196963247955
-1.000388256869284	1.3836395959228536	-6.789876819136713
-1.0009400262131918	1.3836029506286065	-6.924993306491764
-0.9992537960373307	1.3836192920749857	-6.860545070474796
-1.0019213793163395	1.383462548168818	-7.439410209742864
-1.0022192687412832	1.383400875405379	-7.6650238900622645
-0.9989251490264103	1.3835893678619096	-6.9689103034184745
-1.0004169236647222	1.3836384418255707	-6.794029116367636
-1.0008846926889001	1.3836079990349912	-6.906263842634091
-0.9982703309184612	1.3834975453360994	-7.3025197704986615
-0.999797397680876	1.3836450807076952	-6.768156460739944
-1.001034046213362	1.3835936705141125	-6.958970062944406
-0.9974862776364206	1.383331193086623	-7.9069822370438585
-1.0016062110506305	1.3835181373957226	-7.2360716309544015
-0.9999547031367358	1.3836470305023898	-6.7614475690724145
-1.0007847361363673	1.383616342552495	-6.875785455695796
-1.0033513757492132	1.3830855471220602	-8.817196963247955
-0.9993606429378131	1.3836266942200326	-6.834058133524929
-1.00032817474646	1.3836417481594703	-6.781735581875501
-0.9992537960373307	1.3836192920749857	-6.860545070474796
-1.0008700486779816	1.383609283857578	-6.901758190102345
-1.0022330448127506	1.3833978086358933	-7.676077479159174
-0.9986836158714122	1.383560489733981	-7.07381089044614
-0.9993229567080096	1.3836242137117194	-6.8428866388635825
-0.9989857853939956	1.3835957015293294	-6.946255944446976
-0.9982703309184612	1.3834975453360994	-7.3025197704986615
-1.0004864293197633	1.3836353024185246	-6.805729034012502
-1.0014965053925537	1.3835351566731837	-7.173447695845375
-0.9971199477746937	1.3832323980516563	-8.26708379937347
-1.000957203613177	1.383601321154827	-6.93082654637695
-0.999121639359084	1.3836085572219055	-6.899792905958875
-1.0007722708901607	1.3836173129762914	-6.872226516387293
-1.0033513757492132	1.3830855471220602	-8.817196963247955
-0.9998153550704099	1.3836454284051798	-6.766873473240958
-0.999659919462174	1.3836413503540705	-6.781250708465462
-0.9999322056983605	1.3836469032893142	-6.7618491596450845
-1.0009761239676866	1.3835994921926664	-6.937504754930337
-1.0022756053806925	1.3833882141002491	-7.711044072817915
-1.0000523404579813	1.3836469961165039	-6.761858711594478
-0.9990008457397633	1.3835972176308935	-6.940646454561203
-0.9998077519466113	1.3836452851269794	-6.7673772832180905
-0.9982703309184612	1.3834975453360994	-7.3025197704986615
-1.0016588865784672	1.38350953785867	-7.267541588561828
-1.0018367201818117	1.3834784560413673	-7.381400688686816
-0.9975967214197505	1.3833583456959666	-7.808904892436034
-1.0009053630741083	1.383606148977883	-6.9131793360215354
-0.9988116939542344	1.3835765295297608	-7.015733958724071
-1.0007605113717069	1.3836182142153561	-6.868958233807963
-1.0030894191929078	1.3831699075452055	-8.509155370826367
-0.9976138054607787	1.3833624368737305	-7.793580034541074
-0.9990682803131322	1.3836037280139362	-6.9168666129830445
-0.999396749443369	1.3836289375309772	-6.8257942617650205
-1.0013844777952867	1.3835512941543988	-7.11447097902847
-1.0022756053806925	1.3833882141002491	-7.711044072817915
-0.99965361865343	1.3836411340908183	-6.782105655334793
-0.9995393626206609	1.3836365237529187	-6.798781591684112
-0.9999244435066482	1.3836468476534967	-6.762025618952405
-1.000385077910548	1.3836397188428213	-6.789386131363792
-1.0015803913857517	1.383522251246073	-7.221207304301164
-1.002023279804575	1.383442450034301	-7.51339541776212
-0.996700586193692	1.383102826519418	-8.739790629850221
-1.0011748820859108	1.3835781156968912	-7.015974993263499
-0.9991840301008426	1.3836138427488645	-6.880220682150856
-1.000603420483147	1.3836289272787068	-6.829249068987181
-1.0035374607845826	1.3830214516525579	-9.051054604231803
-0.9976138054607787	1.3833624368737305	-7.793580034541074
-1.0001981313556847	1.3836451702909758	-6.768893024961443
-0.999396749443369	1.3836289375309772	-6.8257942617650205
-1.001078800952408	1.383588942517935	-6.976652165124715
-1.0025086757033475	1.3833324604034527	-7.915190194517364
-1.0003889038075524	1.3836395707841045	-6.789908457088934
-1.0003565533687628	1.383640776577442	-6.785342235860378
-0.9986628035968799	1.3835577283816551	-7.0835533674044395
-1.000385077910548	1.3836397188428213	-6.789386131363792
-1.0019880497200004	1.3834495160082212	-7.487562113692439
-1.001900083686445	1.3834666171919063	-7.424648928468351
-0.996700586193692	1.383102826519418	-8.739790629850221
-1.0012005061879774	1.3835750723373124	-7.027284072886782
-0.9999860741387995	1.3836471233962004	-6.761200102001625
-1.0035471878209385	1.3830180060208301	-9.065075505143358
-1.0042263990486286	1.3827540106467684	-10.026754143149427
-0.998749988052186	1.383569006599197	-7.042953982226839
-0.9990184896229568	1.3835989649616687	-6.934029023794034
-0.9995336685672004	1.3836362598424201	-6.799543416690325
-1.0024295418847107	1.3833519994042027	-7.843564082799185
-1.0020210109654852	1.3834429088265503	-7.511131934520522
-1.0005343090233416	1.3836328587860598	-6.8146887630789745
-1.00094232199225	1.383602734555827	-6.925806187192572
-0.9978875912810183	1.3834240195628795	-7.569768423092684
-1.0009333136422673	1.3836035793749388	-6.922547430721134
-1.0019887646924404	1.3834493738425861	-7.487942488788258
-1.001900083686445	1.3834666171919063	-7.424648928468351
-0.998808186039272	1.3835761120668317	-7.017268640721712
-1.0012193326494203	1.3835727944871838	-7.035930544147784
-0.9995744504532932	1.3836380784718458	-6.793155601123148
-1.003555160464576	1.3830151747962367	-9.07499821073805
-1.002844173813244	1.3832426668586837	-8.242870326947918
-0.9987482786607442	1.3835687927771236	-7.043523707253871
-0.9990184896229568	1.3835989649616687	-6.934029023794034
-0.999352764393105	1.3836261873961393	-6.835920965123087
-1.002007877983889	1.3834455543927717	-7.501855998320146
-1.0012045745743907	1.3835745830974175	-7.029069415763895
-1.000790117852016	1.3836159187816772	-6.8771000538504925
-0.9999350138806057	1.3836469219328953	-6.76177708271126
-0.997490279661535	1.3833321982838158	-7.903400460460043
-1.0009333136422673	1.3836035793749388	-6.922547430721134
-1.0005710080053805	1.3836308305855705	-6.822384242177396
-1.0016844227482893	1.3835052690929333	-7.28295586709915
-0.9988849289094899	1.3835849639158364	-6.98499544820379
-1.0012328546579128	1.383571136562304	-7.04144254717402
-0.9994709757600188	1.3836331397603565	-6.810624726830858
-1.001164765549871	1.3835792991533726	-7.011973622886852
-1.0043388079082114	1.382705870389463	-10.203128785521267
-0.9985749613562512	1.383545596335872	-7.127877332086817
-0.9994787546891377	1.383633548258976	-6.809254488111302
-0.9993944401731576	1.3836287979574866	-6.826370375922137
-1.002007877983889	1.3834455543927717	-7.501855998320146
-1.001187938821215	1.3835765731605334	-7.021844166043158
-1.0004244304991186	1.383638126030252	-6.795215966925337
-0.9998503290061603	1.3836460130223611	-6.764850219904485
-0.997490279661535	1.3833321982838158	-7.903400460460043
-1.0013260516730424	1.3835592124407021	-7.085214215909985
-1.0000088153956153	1.3836471292071209	-6.761246453703178
-1.0021569893284714	1.383414502944524	-7.615133315567201
-0.999286036803042	1.3836216459203505	-6.852171549744532
-1.0009945139158374	1.3835976801962413	-6.944406318649574
-0.9995201760124971	1.3836356215397319	-6.801814090438704
-1.0008223915817391	1.3836133166969953	-6.886746788042671
-1.0043388079082114	1.382705870389463	-10.203128785521267
-0.9987467735129916	1.383568604261294	-7.044672462373361
-0.9995825407039282	1.383638419479487	-6.791710316866281
-0.9993944401731576	1.3836287979574866	-6.826370375922137
-1.0020452214145272	1.383437986560959	-7.529278931132656
-1.0010379001739185	1.38359327125413	-6.960436829598121
-1.0001272544613538	1.3836463234077843	-6.764486093943223
-0.999944596737763	1.3836469796166075	-6.761615343703305
-0.9978450910610519	1.383414951465923	-7.602585798747938
-1.0010187448108694	1.3835952410431973	-6.953091809716595
-1.0000047547904423	1.3836471319622794	-6.7612269714050495
-1.0021864776001166	1.3834080988778903	-7.639075004099386
-0.9996607717412932	1.3836413793021056	-6.781180863851944
-1.0009945139158374	1.3835976801962413	-6.944406318649574
-1.0010281390416873	1.3835942795982288	-6.957094559956558
-1.000380770833608	1.3836398837712947	-6.788841667995101
-1.0028076956334766	1.3832529753541687	-8.205221041282442
-0.9976557092780718	1.383372348143235	-7.757018651471958
-0.9995825407039282	1.383638419479487	-6.791710316866281
-0.99930627915662	1.3836230706622539	-6.847115837390191
-1.0022372561291852	1.3833968673433021	-7.679991986921911
-1.0011023244264032	1.3835863771356287	-6.98599096364606
-1.0005279628867263	1.383633195852193	-6.813599654043761
-0.9990899757253969	1.3836057258836627	-6.90989639255482
-0.9988282864396296	1.3835784874593031	-7.008260733660578
-1.0018474528522037	1.383476478990625	-7.388448050234009
-0.9995392205835889	1.3836365172091516	-6.798807980733773
-1.0018032675189756	1.3834845444054313	-7.358869800171166
-0.999529463112429	1.3836360628445528	-6.800191419319353
-1.001276041335834	1.3835657190181432	-7.061654296924907
-1.0010281390416873	1.3835942795982288	-6.957094559956558
-1.0007833600359508	1.3836164504453847	-6.87512599004653
-1.0020595498701348	1.3834350458093023	-7.540248251079764
-0.9993023482410386	1.383622797193842	-6.848102113244218
-0.9990962194894817	1.3836062921321213	-6.907638937410134
-0.9995474257132485	1.3836368919184294	-6.79718481369113
-1.0022372561291852	1.3833968673433021	-7.679991986921911
-1.000632338844662	1.3836271404719576	-6.836011132647969
-1.0005165101807572	1.3836337939543397	-6.811417231644901
-0.9990751927595602	1.3836043696710825	-6.914981253831649
-0.9988282864396296	1.3835784874593031	-7.008260733660578
-1.0014838775447774	1.3835370384642862	-7.166751966576836
-0.9996866067068771	1.3836422223248723	-6.7783040035865065
-1.0018032675189756	1.3834845444054313	-7.358869800171166
-0.998696072349175	1.3835621217267517	-7.06803190316987
-1.0011046574534346	1.3835861196882095	-6.9865903334551485
-0.9998389569344156	1.3836458363492323	-6.765464171681898
-1.0004520960344392	1.3836369135514632	-6.7997121035023795
-1.0013967395675263	1.3835495890217062	-7.120743487672305
-0.9993023482410386	1.383622797193842	-6.848102113244218
-0.9991657035152999	1.3836123305614618	-6.885840904409108
-0.9996054085728793	1.3836393479729632	-6.788584842113163
-1.0022372561291852	1.3833968673433021	-7.679991986921911
-0.9998864422401208	1.3836464883244395	-6.763261053576434
-0.9992449312667934	1.3836186266530877	-6.8632899411927335
-0.9989753988283339	1.383594642714632	-6.949665088816511
-0.9979811994632153	1.3834433553123149	-7.499572091052565
-1.0011592820870165	1.3835799363448171	-7.00912208808522
-0.999800425633146	1.3836451415962856	-6.767877811466964
-1.0014570974798744	1.3835409764393882	-7.1523028801933215
-0.9989974030826109	1.3835968730637431	-6.942038165252507
-1.0014994823705912	1.3835347107236953	-7.175452169161502
-0.9994764909155625	1.3836334300046065	-6.809857488721122
-1.0010477702681113	1.383592241965944	-6.96461974311549
-1.0013967395675263	1.3835495890217062	-7.120743487672305
-0.9993023482410386	1.383622797193842	-6.848102113244218
-0.9991649178618468	1.3836122649838078	-6.885906326479758
-0.9987996278461326	1.383575088427292	-7.020724658771528
-1.0026957288928453	1.3832837853794948	-8.093272452407513
-0.9998589078581117	1.3836461377430558	-6.764443289757907
-0.9987679205463238	1.3835712321036724	-7.034728636599216
-0.99841311563949	1.3835212229939995	-7.216438340469927
-0.9970080296643612	1.3831995387682139	-8.38680579912575
-1.0011924988661207	1.383576030415396	-7.023838048297067
-0.9998256367745092	1.3836456129659607	-6.766300640780788
-1.0014570974798744	1.3835409764393882	-7.1523028801933215
-0.9989888480119428	1.3835960116755333	-6.944975710235897
-1.0014994823705912	1.3835347107236953	-7.175452169161502
-0.9992705100345407	1.3836205253121956	-6.856248372632493
-1.0011449987985543	1.3835815819802464	-7.003566295385104
-1.001598742814009	1.3835193341634138	-7.231700087521328
-1.0000517938791658	1.383646998962385	-6.761847745219248
-0.9999331366151418	1.3836469095570691	-6.761842526085888
-0.9984899471074806	1.3835331201057706	-7.173083692838642
-1.0026957288928453	1.3832837853794948	-8.093272452407513
-0.9998589078581117	1.3836461377430558	-6.764443289757907
-0.9977595592349957	1.3833961543516062	-7.670702190987692
-0.9985842663634091	1.3835469180061921	-7.12328642669176
-0.9970080296643612	1.3831995387682139	-8.38680579912575
-1.0021943872626933	1.3834063663197473	-7.645163618861346
-1.0007282271741875	1.3836206173518197	-6.859836472757767
-1.0004588040156634	1.3836366080364415	-6.800919529733973
-0.9989888480119428	1.3835960116755333	-6.944975710235897
-1.001886169963752	1.383469251236073	-7.41480722160066
-0.9987846179199991	1.3835732754126615	-7.027475345526593
-1.0011449987985543	1.3835815819802464	-7.003566295385104
-1.001936652584848	1.383459601930961	-7.450334660329237
-1.000148085850284	1.3836460366217282	-6.765660141471228
-0.9999364765966511	1.3836469313315423	-6.761766951698872
-0.9982717950871112	1.3834977984816343	-7.30195701714451
-1.001486697815828	1.3835366195729015	-7.16847209495399
-0.9998889109216068	1.383646516053514	-6.763132004143162
-0.9983975155883832	1.3835187352782072	-7.22549326125924
-0.9983569211408898	1.383512147685818	-7.249917826631733
-0.9973569451826392	1.3832978461543022	-8.029581382437616
-1.0021943872626933	1.3834063663197473	-7.645163618861346
-1.001082429736272	1.3835885503859826	-6.977764157804697
-0.999608800737217	1.3836394812495207	-6.788156915125182
-0.9997238319620857	1.3836433196534226	-6.774379247976391
-1.0005932216855769	1.383629537494269	-6.827011220781717
-0.9979597910112549	1.383439010456793	-7.515011017694481
-1.000513193714573	1.3836339647032472	-6.810736722304657
-1.001936652584848	1.383459601930961	-7.450334660329237
-1.0002317232989506	1.383644448308317	-6.771612623991402
-0.9996096185676072	1.3836395132095431	-6.7878117759972
-0.998251010094213	1.3834941848081537	-7.314744273676258
-1.0003483054821678	1.3836410672572355	-6.78421154309242
-0.9993991034260072	1.3836290792580492	-6.82545214583913
-0.9983960268500975	1.3835184965994005	-7.2260007503662465
-1.000203998241567	1.3836450523285528	-6.769345270231519
-0.9970790752319135	1.3832205430176399	-8.310967340270029
-1.0035743534074257	1.3830083329786222	-9.098884155918224
-1.0005338333157565	1.3836328841922303	-6.814571063202856
-0.999608800737217	1.3836394812495207	-6.788156915125182
-0.9996886720712848	1.383642286838721	-6.778031139789392
-1.0005990733913974	1.3836291886462668	-6.8282959454165
-0.9979597910112549	1.383439010456793	-7.515011017694481
-1.0021719405762228	1.3834112667993488	-7.6272506146176875
-1.001936652584848	1.383459601930961	-7.450334660329237
-1.0008507488706164	1.3836109444106381	-6.8956381537412845
-0.9995937822292753	1.3836388824488184	-6.7902089120839575
-0.9987803945951975	1.3835727612255098	-7.02920962099452
-1.000141894396108	1.3836461263916986	-6.765261177418421
-0.9994049702047252	1.3836294300698178	-6.824025154129372
-0.998702448781479	1.3835629511344467	-7.064798482908007
-1.0001582322598297	1.3836458812202783	-6.766190565869632
-0.9970790752319135	1.3832205430176399	-8.310967340270029
-1.0013427550161638	1.3835569835410093	-7.093891289909127
-1.0014057654489363	1.3835483242678097	-7.125636259753758
-0.9997461384037926	1.3836439108071794	-6.77220592223425
-0.9996673008157009	1.3836415986553192	-6.780531661675835
-0.9997802193591533	1.3836447179161764	-6.76934104861386
-0.9987603965929366	1.3835703022623407	-7.038094971344437
-1.0031323415319116	1.383156554919054	-8.557617710757683
-1.001958645736565	1.3834553184366127	-7.465970906391154
-1.0003296092856335	1.3836417009786222	-6.781959574882642
-1.000297750154355	1.38364270033496	-6.778155441561765
-0.9990242214063249	1.3835995258994873	-6.932331105112237
-1.000141894396108	1.3836461263916986	-6.765261177418421
-0.9997496186548006	1.3836439985517797	-6.77188155914504
-0.9989090604517213	1.383587625637781	-6.975622649475802
-1.0005254676547173	1.3836333272798733	-6.812956690247469
-0.9970790752319135	1.3832205430176399	-8.310967340270029
-1.0009207056579246	1.3836047481472542	-6.918425185633177
-1.0012160925894085	1.3835731890333802	-7.034192629502901
-0.9996776911950223	1.3836419389443926	-6.779314231793351
-1.0012925746566645	1.3835635956305283	-7.069668901346324
-0.9976748694830526	1.3833768214966389	-7.741177309683409
-0.9986543642431801	1.3835565963131793	-7.087792762245476
-1.0031323415319116	1.383156554919054	-8.557617710757683
-1.001958645736565	1.3834553184366127	-7.465970906391154
-0.9998129788751374	1.3836453842476237	-6.76708677909223
-0.9997008992527182	1.3836426600298297	-6.776744382880031
-0.9985509431717053	1.3835421448080996	-7.140188468483164
-0.999741187605225	1.3836437838998965	-6.772630188343174
-0.9995453512243938	1.383636797817223	-6.797644806055553
-0.9986058684914815	1.3835499529595288	-7.111960699701795
-1.0012073121831497	1.3835742529573019	-7.03066263160686
-0.9970790752319135	1.3832205430176399	-8.310967340270029
-1.001213260741936	1.3835735330112848	-7.032690047310981
-0.9993045231942853	1.3836229486933167	-6.847293786091525
-0.999677105777316	1.3836419200587289	-6.7793235490036
-1.0011211515834575	1.3835842840490264	-6.993387627589948
-0.9976748694830526	1.3833768214966389	-7.741177309683409
-0.9986543642431801	1.3835565963131793	-7.087792762245476
-1.0031323415319116	1.383156554919054	-8.557617710757683
-1.0019337441548741	1.3834601647698554	-7.44842000608209
-0.9997511804039748	1.3836440375331127	-6.771853666168145
-1.0011390526226576	1.3835822610488218	-7.000791664577456
-0.9982600268474705	1.3834957577641047	-7.30934481840777
-0.9991206092487012	1.3836084666880075	-6.899943133142381
-1.000417092470138	1.3836384347862487	-6.7940515012257805
-0.9987491500935824	1.3835689018182618	-7.043240263808503
-1.0012087756558143	1.3835740761633766	-7.030949488115703
-0.9971992084492322	1.3832549114271384	-8.185643587584854
-1.001211051604505	1.3835738007932423	-7.032138734588075
-0.9993045231942853	1.3836229486933167	-6.847293786091525
-1.0002856944962766	1.3836430520254208	-6.776851804510968
-1.0017275792628475	1.38349790658721	-7.310482332744512
-0.9978547464135256	1.383417027445167	-7.5956877708419865
-0.9990663229358321	1.3836035454496733	-6.917714265562594
-1.0031323415319116	1.383156554919054	-8.557617710757683
-1.0019337441548741	1.3834601647698554	-7.44842000608209
-0.9994971484160202	1.3836344901069053	-6.805950152541792
-1.0030282810807638	1.3831886087774754	-8.441446136939573
-0.9983003354619374	1.3835026901155836	-7.2834342513292905
-0.9994522913599291	1.3836321338549604	-6.81440298710909
-1.000417092470138	1.3836384347862487	-6.7940515012257805
-0.9986969480343565	1.3835622358714226	-7.067273986747396
-1.0007062611520494	1.3836221928519363	-6.854304077960814
-0.9977542934402345	1.3833949731950523	-7.67581989445641
-1.001129898896269	1.3835832995168915	-6.9972961026437535
-0.9993045231942853	1.3836229486933167	-6.847293786091525
-1.000573658733455	1.3836306788755575	-6.82275386817921
-1.0017451662930836	1.3834948528231552	-7.321093821185691
-0.9978451518648931	1.3834149645684122	-7.602493256885016
-0.9989888563743728	1.3835960125210987	-6.944972270947386
-1.0031323415319116	1.383156554919054	-8.557617710757683
-1.0013615813392596	1.38355443790551	-7.103047581613104
-0.9998812259237975	1.383646427728622	-6.763410844765217
-1.0025297268942697	1.3833271571847015	-7.934877659246106
-0.9983003354619374	1.3835026901155836	-7.2834342513292905
-0.9996192628326264	1.38363988505315	-6.786647578760871
-0.9999913415844098	1.383647129344273	-6.761194027555656
-0.9985889814035459	1.383547584418704	-7.120233231331657
-1.0007062611520494	1.3836221928519363	-6.854304077960814
-0.9977542934402345	1.3833949731950523	-7.67581989445641
-1.0008447380431305	1.3836114539746054	-6.893478387689232
-1.000003749469783	1.3836471323897548	-6.761213340140372
-0.9993002206074714	1.3836226485327705	-6.8484203346415535
-1.0018221548120978	1.3834811206847184	-7.3715202342778685
-0.9978451518648931	1.3834149645684122	-7.602493256885016
-0.9997606318493849	1.3836442682371044	-6.770934093423138
-1.0031323415319116	1.383156554919054	-8.557617710757683
-1.0010796560662878	1.3835888502316074	-6.976832673220198
-0.9988364650845317	1.3835794424177053	-7.004864523047125
-1.002670387539732	1.3832905846120631	-8.068342485052177
-0.9996041625520725	1.3836392987284218	-6.788739911862894
-0.9996339157441025	1.3836404322085603	-6.784563055783726
-0.9993327290302179	1.3836248705653253	-6.840622804823726
-0.998355692597006	1.383511945750904	-7.250150304142046
-1.0006613802877626	1.3836252618984288	-6.842774752114623
-0.9977542934402345	1.3833949731950523	-7.67581989445641
-1.0008447380431305	1.3836114539746054	-6.893478387689232
-0.9999683447256354	1.3836470829898613	-6.761302047724079
-0.999692099333527	1.3836423929516601	-6.777616334360427
-1.0018221548120978	1.3834811206847184	-7.3715202342778685
-0.9978451518648931	1.3834149645684122	-7.602493256885016
-0.9997606318493849	1.3836442682371044	-6.770934093423138
-1.0031323415319116	1.383156554919054	-8.557617710757683
-1.0010796560662878	1.3835888502316074	-6.976832673220198
-1.00000430051478	1.3836471321679595	-6.761222553005075
-1.0024171197842584	1.3833550096901084	-7.832973208889184
-1.0003902184322013	1.3836395195714395	-6.7900121309765415
-0.9995949482811809	1.383638929747935	-6.789929553694133
-0.9991322635139829	1.3836094847622227	-6.896217674135892
-0.9998661457368117	1.3836462372444922	-6.764079888770694
-1.0001457692703493	1.383646070658672	-6.765470985621702
-0.9976815281191789	1.383378367499573	-7.735999472810763
-1.0008447380431305	1.3836114539746054	-6.893478387689232
-0.9995841990321436	1.3836384885704374	-6.791587607493415
-0.9997423679149489	1.3836438143781185	-6.7725629051991945
-1.0016041897400183	1.383518461856582	-7.235005404081605
-0.9978451518648931	1.3834149645684122	-7.602493256885016
-0.9995686166523948	1.3836378285130515	-6.793950120226477
-1.0031323415319116	1.383156554919054	-8.557617710757683
-1.001319870019318	1.3835600302492863	-7.08279507747538
-1.0004150359860782	1.3836385203491939	-6.793912942897151
-1.0024171197842584	1.3833550096901084	-7.832973208889184
-1.000557266084579	1.3836316058182299	-6.819316372112078
-1.0001725752098756	1.3836456439825278	-6.767128562983634
-0.9994750871319179	1.3836333564167271	-6.8098910303170435
-1.0001030940273214	1.3836466016737574	-6.763427147779072
-1.0006907994594247	1.3836232728980238	-6.850446957377368
-0.9976815281191789	1.383378367499573	-7.735999472810763
-1.0010873512106413	1.3835880164599168	-6.980026538988377
-0.9998154624068895	1.3836454303865173	-6.766867305904176
-1.000234341709117	1.3836443872908493	-6.771896514876709
-1.0016392395956488	1.3835127777700837	-7.255727967684943
-0.9978451518648931	1.3834149645684122	-7.602493256885016
-0.9995686166523948	1.3836378285130515	-6.793950120226477
-1.0044027323427775	1.382677930488574	-10.304349263117325
-1.001319870019318	1.3835600302492863	-7.08279507747538
-1.0007585098625429	1.3836183662321022	-6.868168562391812
-1.0024171197842584	1.3833550096901084	-7.832973208889184
-1.000939295228228	1.3836030193163924	-6.92484710584144
-1.0000012740592257	1.3836471330115196	-6.761210444968045
-1.000041608039821	1.383647046531232	-6.761629455243556
-1.0000392364267203	1.3836470561178218	-6.761590710088443
-1.0006867290273511	1.3836235532548307	-6.849311521461976
-0.9980014305194455	1.3834474190942507	-7.485072077078415
-1.001210657298096	1.3835738485380094	-7.031741358555944
-0.9998934502823464	1.3836465654505643	-6.762968529986009
-0.9987767538075922	1.3835723165303189	-7.030907967326073
-1.0016392395956488	1.3835127777700837	-7.255727967684943
-0.9998857754372794	1.3836464807301445	-6.763251662263306
-0.9996498641054365	1.3836410033354478	-6.782587197904853
-1.0016511670917938	1.3835108154544298	-7.262846642630392
-1.0013675317644175	1.3835536259363463	-7.106049144720001
-1.0007585098625429	1.3836183662321022	-6.868168562391812
-1.0024171197842584	1.3833550096901084	-7.832973208889184
-1.0010795004784014	1.3835888670285375	-6.9769042863051265
-0.999909909881365	1.3836467272812072	-6.76244432039321
-0.9998715564431255	1.3836463082053159	-6.763878603704979
-0.9993016050651986	1.383622745318433	-6.84823612655876
-1.0008557367383961	1.383610518824409	-6.897032892156292
-0.9976386806008352	1.3833683416274374	-7.772993774709385
-1.000952486117918	1.3836017716024396	-6.929270265689087
-1.0004428354952533	1.383637327928888	-6.798258986096037
-0.9990873504098723	1.3836054866289629	-6.910559573295163
-1.0021778450726555	1.3834099826346564	-7.631923915730841
-1.0001190613384496	1.3836464243125652	-6.764112566213634
-0.9990814163725916	1.383604943298654	-6.912596770084544
-1.0018367413037403	1.3834784521618377	-7.381410709871958
-0.9998831325857279	1.383646450193055	-6.763389964400403
-1.0002769316839144	1.383643298534803	-6.775988523723431
-1.0012361683224125	1.3835707274866142	-7.043121162276265
-1.0008611015096418	1.3836100583021855	-6.899099525337913
-0.9995198527776247	1.3836356060249233	-6.802072838540611
-0.999209744172451	1.3836159078790322	-6.873002074061476
-0.9993016050651986	1.383622745318433	-6.84823612655876
-1.000242058778544	1.3836442034700673	-6.7725857917210295
-0.9976386806008352	1.3833683416274374	-7.772993774709385
-1.000722140585718	1.383621058741404	-6.858400285860704
-1.0006550281242783	1.3836256800005011	-6.841166364609284
-0.9990873504098723	1.3836054866289629	-6.910559573295163
-1.0005440213897716	1.3836323351290545	-6.816781689164368
-1.000031114529691	1.383647084686983	-6.76146272524811
-0.9980864271619522	1.3834640450423552	-7.424127028172652
-1.0018367413037403	1.3834784521618377	-7.381410709871958
-0.9992964613889358	1.383622384763818	-6.849361662619252
-1.0000244477769908	1.383647103207991	-6.761389024210288
-1.001773798427319	1.383489815049643	-7.339694222903972
-1.0019450987523928	1.3834579626348529	-7.4566612837585895
-1.0001642816291403	1.3836457836699974	-6.766609218411396
-0.9993074961206906	1.383623155011538	-6.846618218169805
-0.9993124809454027	1.3836234989701592	-6.8453621831597005
-1.0003442862878567	1.3836412064402805	-6.783717348459412
-0.9979570537298446	1.383438451619544	-7.517256984083257
-1.000758099957097	1.3836183973154335	-6.868072787622521
-1.0003500955451414	1.3836410047481444	-6.784596640430889
-0.9989861236485813	1.3835957358298827	-6.946204873669333
-1.000776192528913	1.383617009350584	-6.87336950438328
-1.000253680309901	1.3836439154076994	-6.773658240683037
-0.9985807801908482	1.3835464238493465	-7.1248694651455855
-1.0011714592452883	1.3835785172545123	-7.01471784639724
-0.9988791770771549	1.3835843208914622	-6.9871400255972524
-1.0004615831561705	1.3836364801421779	-6.8014770094856605
-1.0012316562671053	1.383571284234666	-7.041312472551919
-1.002356446645419	1.3833694910530456	-7.780043050098001
-0.9998776904276212	1.3836463851111063	-6.7635711083931795
-0.9997647112156102	1.383644365052078	-6.770592093189862
-0.9993462733637349	1.3836257651669328	-6.837265077211207
-1.0006888228440471	1.3836234092471569	-6.849582095468286
-0.9962136487422737	1.3829303103003368	-9.368853287914051
-1.0006588600041566	1.3836254282674272	-6.842024077586226
-0.9996999168307653	1.383642630597258	-6.776777261922454
-0.9982332129671945	1.3834910562717164	-7.325846390566901
-1.0005889647035235	1.3836297891215812	-6.825980240933465
-1.0019042061580483	1.3834658330380636	-7.4273806521594805
-0.9985807801908482	1.3835464238493465	-7.1248694651455855
-1.001246908375462	1.383569394067841	-7.048355012371225
-0.9999263591846196	1.3836468619441964	-6.761989514049294
-1.0005288882338994	1.3836331469544831	-6.813725189345175
-1.0012358561932593	1.38357076606616	-7.043064219887409
-1.0027646060482098	1.383264980762591	-8.161456175596127
-1.0004138632086466	1.3836385689549073	-6.793548773241795
-1.0000366136519137	1.3836470660647056	-6.761557727597127
-0.9992461223457436	1.3836187165168017	-6.86263044886916
-1.0009826795621144	1.383598850136591	-6.9401051690522895
-0.9970739956431203	1.383219058017857	-8.315722224910132
-1.0006291820238504	1.383627339591724	-6.835268799821394
-0.999719184667458	1.3836431902301314	-6.774774735008478
-0.9978748575474453	1.3834213215704985	-7.579236472785848
-1.0006535069662532	1.3836257795249338	-6.840856395437825
-1.0032735733144822	1.3831113189804165	-8.723234375531712
-0.9995909671924904	1.3836387677008	-6.790521757501951
-1.0015359053200845	1.3835291828350678	-7.195427145497357
-0.999924831043637	1.3836468505740809	-6.762026826751168
-1.0002543091125224	1.3836438994364453	-6.773693516526966
-1.0012358561932593	1.38357076606616	-7.043064219887409
-1.0027646060482098	1.383264980762591	-8.161456175596127
-1.000094968699152	1.38364668213999	-6.763119242850188
-1.002126342508771	1.3834210664694506	-7.5909915871257585
-0.9993355049931251	1.383625055411973	-6.839819480916343
-1.0009642542568502	1.3836006437790882	-6.933354728912066
-0.9970739956431203	1.383219058017857	-8.315722224910132
-1.0011075598697898	1.3835857986494224	-6.9879437693373045
-1.0000048463185285	1.3836471319183408	-6.761226602645248
-0.9978748575474453	1.3834213215704985	-7.579236472785848
-1.000190470773209	1.3836453191369087	-6.768333743569324
-1.0032231085736438	1.383127711648806	-8.663612265204327
-0.9995771895777121	1.3836381946600211	-6.79269924490683
-1.0024748510719257	1.3833408887012704	-7.884557305790593
-0.9998184490391687	1.383645485055112	-6.7666604715469845
-1.0000961914081068	1.3836466704533312	-6.763142690338114
-1.0013572452397295	1.3835550273606425	-7.100813829635655
-1.0025581512527988	1.3833199262010711	-7.960728700519834
-1.0002602991992033	1.3836437453090256	-6.774335795217842
-1.0022482708140261	1.3833943970100209	-7.688490447442122
-0.9991560400724455	1.383611519674715	-6.889066557546202
-1.0007738872711776	1.3836171880172563	-6.872582026590221
-0.9974178631876552	1.3833137615667976	-7.971484588916382
-1.0017098188900586	1.383500959060841	-7.298797399468965
-1.0003329658115052	1.3836415897810994	-6.782285149792379
-0.9985463774042129	1.3835414821601317	-7.142471977850159
-1.0001921506838287	1.3836452869984162	-6.768470005848741
-1.0032231085736438	1.383127711648806	-8.663612265204327
-0.9994355596471265	1.3836312034470835	-6.817620999987622
-1.0019736844354168	1.3834523615801506	-7.4768814312851255
-0.9996028400030855	1.3836392462895235	-6.788829732622115
-1.000079155787065	1.3836468198107497	-6.762583967228053
-1.0002075616841741	1.383644979000044	-6.769650534242439
-1.0025581512527988	1.3833199262010711	-7.960728700519834
-1.0001771270278945	1.3836455643934804	-6.767386492265979
-1.0024187952305574	1.3833546045743126	-7.834481164482961
-0.9991994651141834	1.3836150902875104	-6.875935000591691
-0.9995444156334187	1.3836367552369273	-6.797688564917501
-0.9969978653522044	1.3831964924705062	-8.398645411454435
-1.001348360456697	1.3835562292966217	-7.096452950265709
-1.000524131641015	1.3836333973938253	-6.812916491306422
-0.9985463774042129	1.3835414821601317	-7.142471977850159
-1.0001921506838287	1.3836452869984162	-6.768470005848741
-1.0032231085736438	1.383127711648806	-8.663612265204327
-0.9994207009525675	1.3836303537233632	-6.820713598515196
-1.0017953872217564	1.3834859623288787	-7.353883798542055
-0.9997325780189328	1.383643557366883	-6.773582047733511
-1.0000504462712048	1.383647005851367	-6.7617980951117485
-1.0002008156127213	1.3836451167471653	-6.769093163847184
-1.0039887582673979	1.3828516234668942	-9.670448157468154
-1.0001771270278945	1.3836455643934804	-6.767386492265979
-1.0024187952305574	1.3833546045743126	-7.834481164482961
-0.9982660893973364	1.3834968107937795	-7.305154635459282
-0.9996391347998198	1.383640621908046	-6.784013799272441
-0.9969978653522044	1.3831964924705062	-8.398645411454435
-1.0011538200986538	1.3835805680516782	-7.007238310956615
-1.0013127133709772	1.3835609722729638	-7.079196369290738
-0.9988639268203439	1.3835825999792042	-6.993352271098333
-1.0001889414069054	1.3836453481499187	-6.768218182128287
-1.003008673109508	1.3831945273986872	-8.419322074581045
-0.9994207009525675	1.3836303537233632	-6.820713598515196
-1.0018796820844573	1.3834704728557494	-7.410561135994015
-0.9996206675594009	1.3836399384376563	-6.786480673349186
-0.9992225025238629	1.383616907976411	-6.869200398691156
-1.0005371487237407	1.3836327066551102	-6.815283899949943
-1.002026239485955	1.3834418507699588	-7.515091202926197
-1.0003164355611571	1.3836421265194627	-6.780297353219011
-1.0023423456373912	1.3833728039384308	-7.767935550051885
-0.9982660893973364	1.3834968107937795	-7.305154635459282
-0.9994199526473483	1.383630310346115	-6.820827095608484
-0.9969978653522044	1.3831964924705062	-8.398645411454435
-1.000276541591814	1.3836433093300808	-6.775966619397069
-1.0020518784379149	1.383436622836482	-7.534155679128277
-1.000071420419156	1.3836468780488673	-6.762344253614455
-1.0001921666273965	1.3836452866920468	-6.768468475060797
-1.003008673109508	1.3831945273986872	-8.419322074581045
-0.9994206596050174	1.383630351328018	-6.820723271764157
-1.0018796820844573	1.3834704728557494	-7.410561135994015
-0.9973614049015418	1.3832990238880005	-8.025360966988913
-0.998890635748026	1.383585598640503	-6.982432417250811
-1.0005371487237407	1.3836327066551102	-6.815283899949943
-1.0020223388637188	1.3834426403686955	-7.5123515128448055
-1.0003164355611571	1.3836421265194627	-6.780297353219011
-1.0022320945197813	1.383398020795419	-7.6757287549163555
-0.9984561355338857	1.3835279572181944	-7.1919279207117315
-0.9994199526473483	1.383630310346115	-6.820827095608484
-0.9992376589439268	1.3836180748983922	-6.8652227339700165
-1.0002801109958652	1.3836432099841807	-6.776372294823053
-1.0021324672099132	1.3834197622726132	-7.596244518738015
-1.0006600946407413	1.383625346845944	-6.842631794833581
-0.999979165759058	1.383647111389401	-6.761224924441812
-1.0033803373700163	1.3830757990559246	-8.852948196969399
-0.9994797060695702	1.3836335978039789	-6.809158117460342
-1.0016384030649244	1.3835129148625234	-7.255280210886111
-0.9979109553574558	1.3834289277167537	-7.551887120845773
-0.9988295946076068	1.3835786406535537	-7.007806072698173
-1.000689697390469	1.38362334896816	-6.849825320346224
-1.0020223388637188	1.3834426403686955	-7.5123515128448055
-1.0004352536203607	1.3836376608069791	-6.797006475115214
-1.0022320945197813	1.383398020795419	-7.6757287549163555
-0.998155143535069	1.383476958323871	-7.377412739496077
-0.9994642549155875	1.3836327819529073	-6.81211516350479
-0.9991437770106855	1.3836104772023095	-6.892635113097058
-1.0013770788345762	1.383552315786849	-7.110911783620347
-1.00140890190901	1.3835478828632204	-7.127447628102365
-1.000662088656276	1.3836252150232424	-6.84292708140663
-1.000950606629562	1.3836019504444725	-6.928912403099048
-1.0024293891834333	1.3833520365024519	-7.8435184555982636
-0.998076987861366	1.3834622343084142	-7.430802037099905
-1.0007181512257044	1.3836213460335318	-6.8573698738446645
-0.9990926657803706	1.3836059703233754	-6.90888043653936
-0.9985826577223792	1.3835466901360844	-7.123923604697099
-1.000687072293995	1.3836235296758221	-6.849399979707379
-1.0018799423676001	1.383470423927406	-7.411004207620522
-1.0003588279198061	1.3836406952188793	-6.7856595852925
-1.0022320945197813	1.383398020795419	-7.6757287549163555
-0.9992317932800309	1.3836176260144506	-6.866686774906418
-0.9995238960610492	1.3836357993446466	-6.801400118563307
-0.998819302395865	1.3835774307510604	-7.0123305412569295
-1.0013657363873572	1.3835538712986934	-7.104915457432605
-1.0013821924238107	1.383551610297859	-7.113544764333069
-1.0007198352269315	1.3836212249549844	-6.857657374992707
-1.001422865918139	1.3835459057216308	-7.134096715229306
-1.0024293891834333	1.3833520365024519	-7.8435184555982636
-0.9969183036441056	1.3831722904711843	-8.486906306746613
-1.0009309365097716	1.3836038009534197	-6.922094567744939
-0.9990926657803706	1.3836059703233754	-6.90888043653936
-1.0004669079774116	1.3836362329397125	-6.802303041788585
-1.0004264968127667	1.383638038116116	-6.795547233147007
-1.0020139742671388	1.383444328475246	-7.5057827228126435
-1.0003485018467955	1.38364106041582	-6.784216962780639
-1.0025935874005576	1.3833107983124644	-7.994296934698781
-0.9994338103635748	1.3836311045574612	-6.818185543687397
-1.0010672822792772	1.383590178519498	-6.972136100798835
-0.998630680816379	1.3835533813413494	-7.099979993623841
-1.001164346209242	1.3835793479879321	-7.011883287916619
-1.001674154910426	1.3835069933594757	-7.277010945075602
-1.0003368886101152	1.3836414583958996	-6.7827400571666345
-1.0015083573767178	1.383533375993886	-7.179848471000276
-1.0043516175842349	1.3827003043127097	-10.223397628592249
-0.9969183036441056	1.3831722904711843	-8.486906306746613
-1.0006592573261557	1.3836254020815764	-6.84229000381771
-0.9990873326061578	1.3836054850040918	-6.9105596009970665
-0.9990324559688084	1.3836003260200662	-6.929518906634505
-1.001388019277456	1.3835508032169515	-7.115989898291571
-1.0020090847049545	1.383445312025097	-7.502672310231182
-1.0003485018467955	1.38364106041582	-6.784216962780639
-1.0025935874005576	1.3833107983124644	-7.994296934698781
-0.9994338103635748	1.3836311045574612	-6.818185543687397
-1.0009211380860465	1.3836047083240026	-6.9184604108232985
-0.9990383072416313	1.383600890444606	-6.927196685416609
-0.9999404803249173	1.3836469559630948	-6.761687615636865
-1.0013792217839383	1.3835520204562164	-7.1119727249783065
-1.000103456714885	1.3836465979280883	-6.763425899827201
-1.0005665952874183	1.3836310815816948	-6.821466936468499
-1.0043516175842349	1.3827003043127097	-10.223397628592249
-0.9969183036441056	1.3831722904711843	-8.486906306746613
-1.0018247300525398	1.3834806511044488	-7.37315744367838
-1.0010223279508133	1.3835948753707303	-6.95453913774563
-0.9990324559688084	1.3836003260200662	-6.929518906634505
-1.0013861134150104	1.3835510675727174	-7.1155501726151655
-1.0011718169253596	1.383578475347353	-7.015135988810467
-0.9990704128136394	1.3836039264758286	-6.9164138215522115
-1.0025935874005576	1.3833107983124644	-7.994296934698781
-0.9999588729477388	1.3836470485209595	-6.761391004872404
-1.0014776391463576	1.3835379622203385	-7.163087160207602
-0.9990383072416313	1.383600890444606	-6.927196685416609
-0.9999404803249173	1.3836469559630948	-6.761687615636865
-1.0020876005839723	1.3834292292827708	-7.561015348858203
-0.9998874262748755	1.3836464994505016	-6.7632388434454835
-1.0000544485290002	1.3836469848605655	-6.761893431380127
-1.0039391739917125	1.3828712785058317	-9.599183305222482
-0.9965952170931519	1.3830675057605426	-8.868706328467972
-1.0023584422293736	1.3833690206052163	-7.78174874982821
-1.0010223279508133	1.3835948753707303	-6.95453913774563
-0.999739575938066	1.3836437420580792	-6.772864830341537
-1.0003701770089963	1.3836402815417814	-6.7872521917684505
-1.0004290433615903	1.3836379291823746	-6.79591170527426
-0.9997253358217769	1.383643361072141	-6.774248664935034
-1.0022146201660218	1.3834019059686935	-7.661434156969282
-1.0002554109202648	1.3836438713557715	-6.773755380701304
-1.0004264141841905	1.383638041639857	-6.795485814487405
-0.9990383072416313	1.383600890444606	-6.927196685416609
-1.000560295990108	1.3836314365128544	-6.819999588294837
-1.0021189760381546	1.3834226301201673	-7.585114421110502
-0.9992690262169448	1.3836204169591053	-6.856560176024856
-0.9992061658329421	1.3836156244584414	-6.874129008202901
-1.0039391739917125	1.3828712785058317	-9.599183305222482
-0.9962880565441855	1.3829582068817228	-9.26755552778677
-1.0025086359728326	1.3833324703704715	-7.915180618004858
-1.0018863034706171	1.3834692260535177	-7.414994643786389
-0.9989098397933189	1.3835877106288694	-6.9747809878786775
-1.0009385393613663	1.3836030902860392	-6.924463981896855
-1.0003134468662598	1.3836422206457826	-6.779937321544054
-1.0006177100621618	1.3836280548066362	-6.832598459622218
-1.0022146201660218	1.3834019059686935	-7.661434156969282
-0.9999493374912652	1.3836470047581915	-6.761542414630579
-1.0003294670749283	1.3836417056650079	-6.781939353045805
-0.9986454085719141	1.3835553871958288	-7.092400184783456
-1.0010433359684512	1.3835927055955277	-6.9626142202138555
-1.0020892741890315	1.3834288797608334	-7.562931272453932
-0.9992912455695121	1.3836220164505442	-6.850999247589926
-0.9992005607617865	1.3836151779379011	-6.8755080431018705
-1.002013065387206	1.3834445114800227	-7.5053524811199415
-0.9981043835865202	1.3834674650133283	-7.411906988054451
-1.0020328306165902	1.3834405130768936	-7.5198646672939145
-1.003365465295395	1.3830808152599556	-8.835008880759933
-0.999066217700115	1.383603535623502	-6.917754176973153
-1.0009431670713271	1.383602654886459	-6.926270259219194
-0.9997567545096243	1.3836441746742516	-6.771261099836132
-1.0001152762011762	1.3836464686625531	-6.763933678126998
-1.0011791332836375	1.3835776153276518	-7.017943791740124
-0.9996072673794846	1.3836394211471201	-6.788220450448978
-0.9986008637119799	1.3835492539750582	-7.114529040123319
-0.9986683758551249	1.3835584719495202	-7.081149901001034
-1.0010433359684512	1.3835927055955277	-6.9626142202138555
-1.0020675841158044	1.3834333878888847	-7.546040205942178
-0.9993347150911351	1.3836250028921828	-6.840147351531817
-0.9986178572545963	1.3835516171642472	-7.105984038662083
-1.0025392109202311	1.38332475348781	-7.943510029470221
-0.9981043835865202	1.3834674650133283	-7.411906988054451
-1.000457810946397	1.3836366535495488	-6.800667717926625
-1.0013954104820755	1.3835497745720067	-7.119847261771806
-0.9990726622351509	1.3836041353261752	-6.915446404405804
-1.000601336941088	1.3836290527868451	-6.828796618731004
-0.999100119384786	1.383606643836599	-6.9063832299303005
-0.9995228457392811	1.383635749283255	-6.8014805901916615
-1.0010892980311588	1.3835878045826466	-6.980499479028651
-0.9995126296370699	1.3836352565991479	-6.803292713899652
-0.9988423803022027	1.3835801289244445	-7.002565712405845
-0.9994519495249938	1.3836321151265232	-6.814403005837527
-1.00031588833313	1.3836421438207305	-6.780303370888027
-1.0015232808984027	1.383531113857909	-7.188374603395776
-0.9992907300494087	1.3836219798995404	-6.8511184114740935
-0.9984192409161436	1.3835221931286212	-7.212472223495686
-1.0025392109202311	1.38332475348781	-7.943510029470221
-0.9973658261770492	1.383300189506205	-8.020148328859417
-1.0004181684352864	1.3836383898506674	-6.794192365859934
-1.0011499085064577	1.3835810186140198	-7.005559389872108
-0.9988854771755541	1.3835850250363704	-6.984942454433406
-1.0005897619638953	1.383629742133978	-6.826243386548397
-0.9986230588888091	1.3835523347514966	-7.103687398586859
-0.9996408455178343	1.383640683495578	-6.783650831079903
-1.0006755265483183	1.3836243162868067	-6.846538006234403
-0.9997397171310388	1.383643745734087	-6.772880286620268
-0.9994033253488692	1.3836293320607158	-6.8245947372664
-0.9994835375865944	1.383633796421458	-6.808425809892247
-1.0001470522979679	1.383646051873764	-6.765513554672399
-1.0015755729851195	1.383523011581109	-7.21807816438277
-0.9997383577854313	1.3836437102602588	-6.772926117087735
-0.9984192409161436	1.3835221931286212	-7.212472223495686
-1.0025392109202311	1.38332475348781	-7.943510029470221
-0.9973414547730447	1.3832937399564926	-8.044232689339047
-1.0007144295679167	1.3836216126123053	-6.856377577360572
-1.0012368660709114	1.3835706412088125	-7.043306257646158
-0.9988688096685371	1.3835831535143812	-6.991579764606241
-1.0005236745373067	1.3836334213416297	-6.812801281382589
-0.9985392581325165	1.38354044475251	-7.1463877365679185
-0.9995220304001389	1.3836357103457613	-6.801526345891698
-1.0005846602988766	1.3836300417094267	-6.825073453852649
-0.9975038275287382	1.3833355892423667	-7.892214113103958
-0.9994033253488692	1.3836293320607158	-6.8245947372664
-0.9994044661939162	1.3836294000669715	-6.8241327742413285
-0.9990455362930827	1.3836015830442898	-6.924605448295117
-0.9997455345592166	1.3836438954596533	-6.772280823367356
-0.9996184039202259	1.383639852314276	-6.7866491202423145
-0.9975264115519592	1.3833412011021669	-7.871556587064833
-1.0001267598418049	1.3836463296898063	-6.764473797928506
-0.9973414547730447	1.3832937399564926	-8.044232689339047
-1.0011268227089503	1.3835836466218105	-6.995882928017272
-1.0013590338448752	1.383554784443105	-7.101953296128785
-0.9988688096685371	1.3835831535143812	-6.991579764606241
-0.9996841715455302	1.3836421457120482	-6.778464696090548
-0.9978084259351995	1.3834069832486056	-7.632151393659697
-0.9993051498064669	1.3836229922531083	-6.847254645610051
-1.0005029705117015	1.383634484125899	-6.808666740791274
-0.9982516687014952	1.3834942999762143	-7.314345474215165
-0.9994033253488692	1.3836293320607158	-6.8245947372664
-0.99925780400412	1.3836195903478659	-6.8594815594495735
-0.9998646313467907	1.3836462168590673	-6.764198175947224
-0.9991525712104202	1.3836112263150104	-6.8899727446489445
-0.9993903921948238	1.3836285520088745	-6.8272611748683385
-0.9975264115519592	1.3833412011021669	-7.871556587064833
-1.0008565241662863	1.3836104514103094	-6.897315448333725
-0.997767183310299	1.3833978595741905	-7.664704694359669
-1.0013259449795726	1.3835592265882382	-7.085136756702434
-1.000521307412597	1.3836335450217596	-6.812228848804486
-0.9988674686135486	1.383583001725616	-6.99189399562007
-0.9997071951071071	1.3836428463574157	-6.775998467940498
-0.9975592456577231	1.3833492690047138	-7.841215577600349
-0.9987525356418995	1.3835693247264444	-7.0417145319634855
-1.001892331579883	1.3834680871522698	-7.419323743000003
-0.9983552789645296	1.383511877728455	-7.250428155886181
-0.9993148749513975	1.38362366327607	-6.84483603766597
-0.9990049265097274	1.3835976245301287	-6.939222018192478
-1.0003587330780048	1.3836406986216183	-6.785632830580128
-0.9991192285716023	1.3836083451772268	-6.900159295413441
-0.999467634389147	1.3836329624355	-6.811345978796466
-0.9980562612986514	1.383458227085725	-7.445046733898266
-1.0015159084168115	1.383532234176273	-7.184252179519063
-0.9972509053217947	1.383269257015194	-8.133287482791935
-1.0008142845637635	1.3836139801251417	-6.884334125806141
-1.0002266899947838	1.383644563674994	-6.771229798376493
-0.9988869624561434	1.3835851904639793	-6.984009763162415
-1.0003866553865692	1.3836396579732828	-6.789488131077058
-0.996863465099691	1.383155240533638	-8.549029869171095
-0.9987525356418995	1.3835693247264444	-7.0417145319634855
-1.0016725723338615	1.383507258182081	-7.27586989578077
-0.9984671921522331	1.383529658097772	-7.185769089829178
-0.9991592198001306	1.3836117875254563	-6.887858774098117
-0.9990511837713936	1.3836021204808977	-6.922909207143423
-1.0003366828945521	1.3836414653241067	-6.7827545825958815
-0.9992048829353033	1.3836155225353524	-6.874323000310154
-0.9986772830905692	1.3835596540915562	-7.076950070823472
-0.9982442489512241	1.383493000005417	-7.319112471009559
-1.0015159084168115	1.383532234176273	-7.184252179519063
-0.9977097995324521	1.383384882183603	-7.711642665146061
-0.9995771242827393	1.3836381918990686	-6.79272568232774
-1.0003973193333648	1.3836392399600477	-6.791093422777322
-0.9976560723170299	1.3833724332435313	-7.757382080198985
-1.0015841908026197	1.3835216500677257	-7.2234447001598685
-0.996863465099691	1.383155240533638	-8.549029869171095
-0.9987863137997649	1.383573481383049	-7.026527012197054
-1.0023450415723312	1.383372172093883	-7.770149164521203
-0.9991922602064515	1.3836145109139768	-6.877844213823191
-0.9987715928115538	1.3835716838816496	-7.0330911805053855
-0.9984617062612814	1.383528815711352	-7.188477257137683
-0.9998529153916645	1.3836460513985804	-6.764777773060734
-0.9992365042288801	1.3836179868030551	-6.865460957522392
-0.9984572919064993	1.3835281356795934	-7.191246982701191
-0.9983232011311395	1.3835065503703503	-7.269260306925878
-1.001817129038796	1.383482035195499	-7.368475031161637
-0.998056011256198	1.3834581784808795	-7.445163190374359
-1.0008952148761723	1.383607062608955	-6.909634773521664
-1.0004806621659075	1.3836355812867942	-6.804713326690548
-0.9981987077285485	1.3834849004003213	-7.348670914366562
-1.0009756581002154	1.383599537656255	-6.9374843060517835
-0.996863465099691	1.383155240533638	-8.549029869171095
-0.9988985565704741	1.3835864742112587	-6.979329112468915
-1.0023450415723312	1.383372172093883	-7.770149164521203
-0.9994044115651418	1.383629396813494	-6.82409401212396
-0.9988199276641446	1.3835775045567884	-7.012277844000446
-0.9987504265163896	1.3835690613981337	-7.042940993219986
-1.0002372555117591	1.383644318583788	-6.772190535065351
-0.9999961326791709	1.3836471323448725	-6.761194933525889
-0.9987967972551985	1.3835747482504261	-7.022299776015101
-0.9990694254687402	1.3836038346447694	-6.916577546759631
-1.0018679816670226	1.3834726653172644	-7.402833961777481
-0.9979276972887198	1.3834324111663219	-7.539543956009258
-1.0005973134128683	1.3836292939270214	-6.827927394024067
-1.0005948188810079	1.3836294426176208	-6.827465894207035
-0.9993274055532105	1.3836245139281884	-6.841717521365391
-1.001010842076825	1.383596043007467	-6.950208333415892
-0.9973380791815731	1.3832928419705022	-8.047707979321899
-0.9988985565704741	1.3835864742112587	-6.979329112468915
-1.0023450415723312	1.383372172093883	-7.770149164521203
-0.9996985548546427	1.383642589633898	-6.776850899720951
-0.9988121452363774	1.3835765831457079	-7.0156273133768146
-0.9994821890156653	1.383633726681906	-6.808575591598314
-1.0001731356666554	1.3836456342947276	-6.767120932101032
-1.0009606572485035	1.3836009899752257	-6.931963590286482
-0.9989800107471017	1.3835951141888796	-6.948088756216079
-0.9996350572305429	1.383640473931432	-6.784573996216654
-1.0018352360357188	1.3834787285273409	-7.380240733330932
-0.9984324560557589	1.3835242733918247	-7.2053164123929925
-1.0010415278945382	1.3835928940749258	-6.961869368555536
-1.000878730248765	1.3836085247501761	-6.904341607291993
-0.9979048811648853	1.3834276569460184	-7.557100538405344
-1.0012840067907802	1.3835646994207424	-7.065434746464677
-0.9970790449455238	1.3832205341711674	-8.311003503058847
-0.9986111537230925	1.383550688393637	-7.109544538192228
-1.0015792231133975	1.3835224358105864	-7.220309637699106
-0.9987349878920274	1.3835671203110151	-7.049932547482497
-0.9989861230624264	1.3835957357704538	-6.9462051158726315
-0.9995199457227533	1.3836356104872258	-6.802054479573008
-0.9992356982898707	1.3836179252374756	-6.8656400379132645
-1.000263839614416	1.3836436525255742	-6.774640188339323
-0.9989800107471017	1.3835951141888796	-6.948088756216079
-1.000293209877786	1.3836428344910594	-6.777659281277135
-1.0018352360357188	1.3834787285273409	-7.380240733330932
-0.9986422349150974	1.3835549567913918	-7.09404417228938
-1.0010415278945382	1.3835928940749258	-6.961869368555536
-1.00144162050634	1.383543219608466	-7.1441270185585815
-0.9979108549773579	1.3834289067463994	-7.551991658560741
-1.0012840067907802	1.3835646994207424	-7.065434746464677
-0.9970790449455238	1.3832205341711674	-8.311003503058847
-0.9985098918323976	1.3835361119751233	-7.162271234726498
-1.00051186197858	1.3836340329584251	-6.810304330385052
-0.9990093195622046	1.3835980607061895	-6.937789997658202
-1.0004716647282124	1.383636009711889	-6.803019236009451
-1.0002612180606312	1.383643721348921	-6.774408603899797
-1.0002564055549206	1.3836438459022513	-6.773971458090974
-0.999917272236435	1.3836467908985377	-6.762233450048471
-0.9986556270387632	1.3835567661597357	-7.0873223341033835
-0.999050323617475	1.3836020388311046	-6.9231158077114925
-1.002704861552688	1.3832813192917204	-8.102362052647939
-0.9989762146033794	1.3835947262657642	-6.9494858523296354
-1.0010415278945382	1.3835928940749258	-6.961869368555536
-1.00144162050634	1.383543219608466	-7.1441270185585815
-0.9979181980901063	1.383430438133079	-7.5459392722527205
-1.0012840067907802	1.3835646994207424	-7.065434746464677
-0.9981852786575813	1.3834824724151495	-7.357251501266777
-0.9989056172897888	1.3835872494168604	-6.976890090059486
-1.00051186197858	1.3836340329584251	-6.810304330385052
-0.9980977850366477	1.3834662120043408	-7.416896449476563
-1.0022652798897638	1.3833905584437325	-7.703020284392171
-1.0005150834317558	1.3836338675455975	-6.8109179169995855
-0.9997980800114767	1.3836450945085927	-6.768114995633896
-1.0001100491325916	1.3836465275521017	-6.763738693422582
-0.9984391477821516	1.3835253201103828	-7.201269737663207
-0.9995806309024413	1.3836383395706815	-6.792204232432922
-1.002699974653413	1.3832826399362272	-8.097038607194404
-0.9987240702756003	1.3835657332596005	-7.054666468823272
-1.0010506251965012	1.3835919424275047	-6.965243291171443
-1.0017487082935372	1.3834942340578866	-7.323478476730363
-0.9979181980901063	1.383430438133079	-7.5459392722527205
-1.0009124119419666	1.3836055083150889	-6.91567555983114
-0.9982649042244857	1.3834966052251705	-7.305365554623043
-0.9989274864827513	1.3835896188304468	-6.968170150192018
-1.0002054775580445	1.3836450220413379	-6.769483110182745
-0.9980977850366477	1.3834662120043408	-7.416896449476563
-1.001573229356203	1.38352338056232	-7.216998459592805
-1.0004949919406887	1.3836348822416136	-6.807179258942478
-1.0001499093730972	1.3836460094516738	-6.765700241589023
-1.0003346352851663	1.383641534053977	-6.782622083521192
-0.9984391477821516	1.3835253201103828	-7.201269737663207
-0.9992179695328234	1.3836165545101013	-6.870847289491191
-1.0027869240980505	1.3832587857962662	-8.184715844946998
-0.9987529882215075	1.383569381173896	-7.041603797141267
-1.0010506251965012	1.3835919424275047	-6.965243291171443
-1.0017487082935372	1.3834942340578866	-7.323478476730363
-0.9976623306855122	1.383373898201486	-7.752351167864302
-1.0007398256552018	1.383619765992676	-6.8629724800033225
-0.9982649042244857	1.3834966052251705	-7.305365554623043
-0.9991783116900592	1.3836133745087462	-6.8821341912673635
-1.0002596900949154	1.383643761145411	-6.774238325787248
-0.9980977850366477	1.3834662120043408	-7.416896449476563
-1.0019747016393843	1.3834521607644517	-7.477259942781214
-0.9998062887776604	1.383645256890798	-6.767576469198918
-1.0009241227024503	1.3836044329542216	-6.9196673300724925
-0.9994325430178566	1.3836310327213517	-6.818276240660596
-0.9984391477821516	1.3835253201103828	-7.201269737663207
-0.999574443889928	1.38363807819254	-6.7931567227148335
-1.0027869240980505	1.3832587857962662	-8.184715844946998
-0.9977880003877801	1.383402485978458	-7.648291967231181
-1.001387700470993	1.3835508474628213	-7.116075453766179
-1.0015833915265178	1.3835217766563686	-7.222543273111126
-0.996313587964884	1.3829676514080484	-9.23255690135446
-1.0007398256552018	1.383619765992676	-6.8629724800033225
-0.9978177513675152	1.3834090226379818	-7.623940706899982
-0.9994242820848033	1.3836305605367871	-6.81996633316119
-1.0002790372625907	1.3836432400029852	-6.776140790166263
-0.9980977850366477	1.3834662120043408	-7.416896449476563
-1.0019747016393843	1.3834521607644517	-7.477259942781214
-0.9998098778618325	1.38364532577131	-6.767313499131463
-0.9999901743258541	1.3836471282654874	-6.761194319207085
-0.999432094962883	1.3836310072861218	-6.818311190692375
-0.9991793445155878	1.3836134593214762	-6.881977111545585
-1.00031135197011	1.3836422860902164	-6.77981094268147
-1.0022994056543082	1.3833827697745278	-7.730900378424792
-0.9977880003877801	1.383402485978458	-7.648291967231181
-1.001387700470993	1.3835508474628213	-7.116075453766179
-1.0015833915265178	1.3835217766563686	-7.222543273111126
-0.9970309305919526	1.3832063644351908	-8.361842672604089
-1.0012639959116838	1.3835672488094433	-7.055898009461059
-0.9996393233265664	1.383640628709543	-6.783999491081488
-0.9989964310624494	1.3835967755620602	-6.942099312811601
-1.0003462352353947	1.3836411391507695	-6.784103452681391
-0.9987023112215921	1.3835629332844006	-7.0648366961594835
-1.0012128701092202	1.383573580397589	-7.032772477851885
-0.9997821004798224	1.3836447590826362	-6.769282997226873
-0.9990081265550694	1.383597942446143	-6.9379590727344445
-0.999432094962883	1.3836310072861218	-6.818311190692375
-0.9990612275829572	1.383603068410131	-6.919279181988267
-0.9999224448391382	1.3836468323525322	-6.762110704982625
-1.0022994056543082	1.3833827697745278	-7.730900378424792
-0.9977880003877801	1.383402485978458	-7.648291967231181
-1.0009105375046847	1.383605679165309	-6.914830284524972
-1.0017880178438523	1.3834872827021842	-7.348885317883038
-0.9970309305919526	1.3832063644351908	-8.361842672604089
-1.001307945069945	1.3835615970773814	-7.077021109999883
-1.0011179557317955	1.3835846418417683	-6.992253496321322
-0.9990196413284137	1.3835990779364333	-6.933838362220503
-1.0011115854174986	1.3835853519856611	-6.989486959296497
-0.9984617135332667	1.3835288168299942	-7.188472699989006
-1.0001792348358336	1.383645526836362	-6.767602447648796
-0.9998512823646742	1.3836460272459281	-6.764835341772627
-0.998981775418308	1.383595294027743	-6.9476430391081
-0.9993939088309223	1.3836287657674193	-6.826406811649001
-0.997685507015906	1.38337928920401	-7.732681332832447
-0.9995305551077276	1.383636114167337	-6.8001953428813176
-1.0027150357467816	1.3832785621373658	-8.11252520008993
-0.9979995034683904	1.3834470337740319	-7.4858699241169555
-1.0009011707209066	1.38360652765927	-6.911910931852487
-1.001834503627932	1.3834788629146362	-7.379814191040204
-0.9970309305919526	1.3832063644351908	-8.361842672604089
-1.0015650440507633	1.3835246649486395	-7.212397767891231
-1.0019902314577334	1.3834490820299135	-7.488597083138372
-0.9987683795161233	1.3835712886418656	-7.034663614723508
-1.0011115854174986	1.3835853519856611	-6.989486959296497
-0.9984617135332667	1.3835288168299942	-7.188472699989006
-0.9994319833868175	1.3836310009490385	-6.8183919575978384
-0.9993856586088422	1.3836282623254366	-6.828180698559373
-0.9990564981004346	1.3836026233009568	-6.920852869344545
-0.9997322307730079	1.3836435480747347	-6.773617357876526
-0.9982929319966749	1.3835014290342822	-7.288232550101469
-0.9998287926453858	1.3836456674947673	-6.766098135350711
-1.0033422572123716	1.3830885989289985	-8.80667267463391
-0.9978010612885015	1.3834053665198347	-7.63816369550452
-1.0011450837408666	1.383581572254001	-7.003776027779282
-1.00194304174474	1.3834583625315908	-7.454824889439416
-0.9970309305919526	1.3832063644351908	-8.361842672604089
-1.0015650440507633	1.3835246649486395	-7.212397767891231
-1.0015818142899653	1.383522026270284	-7.2216379083398445
-0.9987683795161233	1.3835712886418656	-7.034663614723508
-0.9996170015699541	1.3836397987028102	-6.786924685148384
-0.9984617135332667	1.3835288168299942	-7.188472699989006
-0.9994421530078187	1.3836315734293467	-6.816567684153079
-0.9995217117504571	1.3836356951101985	-6.801529199798468
-0.9992059958395292	1.3836156109623388	-6.874207465136818
-0.9998222827382051	1.3836455539214239	-6.766452315415181
-0.9983666104857073	1.383513735027411	-7.243695362119577
-0.9991435450478772	1.3836104573384302	-6.892657827429436
-1.0015717006758662	1.383523620941955	-7.216348368397635
-0.9975238537704415	1.3833405680851731	-7.87388246805503
-1.0010009192552396	1.3835970411249054	-6.9466429924420465
-1.0010916886090795	1.3835875438917213	-6.981625805569834
-0.9977513627163183	1.3833943146110028	-7.677535773551419
-1.0014706548398258	1.3835389918097858	-7.159994892179071
-1.0015818142899653	1.383522026270284	-7.2216379083398445
-0.9988729016078347	1.3835836155533998	-6.989848298001268
-0.9999709988891662	1.3836470910394594	-6.761275858334263
-0.9984617135332667	1.3835288168299942	-7.188472699989006
-0.9993760240621749	1.3836276657941318	-6.830591781431201
-0.998460741342821	1.383528667231996	-7.189555169353287
-1.0000185451430554	1.3836471158965644	-6.7613153327301925
-1.0001174571293843	1.3836464432838187	-6.76406661068771
-0.998479756890235	1.3835315761370415	-7.1788555177645925
-0.9991717394363959	1.38361283231462	-6.884227467440715
-1.0015398939984486	1.3835285694163582	-7.197618762328075
-0.9972853143752916	1.383278657190631	-8.099010113187004
-1.001002440667151	1.3835968887281231	-6.947173343055267
-1.0013368626453665	1.3835577730060522	-7.090773855525166
-0.9977513627163183	1.3833943146110028	-7.677535773551419
-1.0014706548398258	1.3835389918097858	-7.159994892179071
-1.0015818142899653	1.383522026270284	-7.2216379083398445
-0.9991548379286619	1.3836114181463395	-6.889255810689482
-0.9998916847203906	1.383646546482691	-6.763064743399969
-0.9994884876527466	1.3836340508486114	-6.807601126370303
-0.9996416542430396	1.3836407125086043	-6.78357271253164
-0.9979710585733019	1.3834413029270323	-7.506462503222927
-1.0005493691250251	1.3836320427709043	-6.8176969761497555
-1.0005066818138626	1.383634296769656	-6.809392715280496
-0.9985553397543203	1.3835427809314085	-7.137990838681047
-0.999027189515694	1.3835998150807622	-6.931137620349526
-1.0015398939984486	1.3835285694163582	-7.197618762328075
-0.9972853143752916	1.383278657190631	-8.099010113187004
-1.0011842692866257	1.3835770084055188	-7.0204542608467815
-1.0017000323790572	1.3835026275881888	-7.2926248881450535
-0.9983309662686342	1.3835078494128592	-7.264757177096903
-1.0014706548398258	1.3835389918097858	-7.159994892179071
-1.0013704392921103	1.383553227900013	-7.107673899711624
-0.9991224682117967	1.3836086299907155	-6.899123674194914
-0.9995783604043477	1.38363824409525	-6.792369458851413
-0.9989850192040999	1.3835956237918787	-6.946321181237037
-0.9995633866349737	1.383637601531155	-6.794596178435676
-0.9979710585733019	1.3834413029270323	-7.506462503222927
-1.000788064839932	1.3836160807830842	-6.876857166834399
-0.999634333882626	1.3836404475072113	-6.784543862690619
-0.998515232928281	1.383536906429818	-7.1592238531622385
-0.999027189515694	1.3835998150807622	-6.931137620349526
-1.0013057670682464	1.383561881710855	-7.0756354830366694
-0.9972853143752916	1.383278657190631	-8.099010113187004
-1.0005202154969293	1.3836336018845188	-6.81210862152728
-1.001743754090087	1.3834950991763462	-7.320759997438015
-0.9984798714393021	1.3835315935506285	-7.179046335797125
-1.001349437801499	1.3835560839736751	-7.096896256122561
-1.000606874054426	1.3836287182867841	-6.830042846769063
-0.9983627531242303	1.38351310422607	-7.2458284384947245
-0.9988266414378368	1.3835782945769108	-7.009177593825552
-0.999018919982458	1.3835990071926398	-6.93398799964449
-0.9990365887980679	1.3836007250354805	-6.928068706591317
-0.9978810084501283	1.3834226268332595	-7.575136707444847
-1.0013948560244372	1.3835498519262355	-7.11981239393148
-0.999634333882626	1.3836404475072113	-6.784543862690619
-0.9982237535750875	1.3834893805245803	-7.3320947709222395
-1.0000207848151377	1.383647111492254	-6.76134649918785
-1.0007876435601557	1.3836161139737881	-6.876703990684815
-0.9972853143752916	1.383278657190631	-8.099010113187004
-1.0001572495927307	1.3836458967209602	-6.766153163355515
-1.0004651126645563	1.3836363166031445	-6.801929426992217
-0.998544688737899	1.383541236549201	-7.143686865538774
-1.001358433459663	1.3835548660194643	-7.101468192931437
-1.001019636709806	1.3835951501416817	-6.953603219063316
-0.9977400596649194	1.3833917665767748	-7.687104293377391
-0.9991877077711301	1.3836141421594268	-6.879450871875083
-1.0001522543568182	1.3836459740232225	-6.765895836131692
-0.9995669324558292	1.3836377557177901	-6.794118740056002
-0.9978810084501283	1.3834226268332595	-7.575136707444847
-1.0024547970951079	1.3833458316537735	-7.865992899515927
-0.999634333882626	1.3836404475072113	-6.784543862690619
-0.9980167834246366	1.3834504756934412	-7.4739779446416135
-1.0011986642876758	1.3835752932889536	-7.026565377547018
-1.0006201163360797	1.3836279058791674	-6.833008654978128
-0.9971640291491122	1.3832449965593268	-8.222029457199866
-0.9999985906186679	1.383647132993363	-6.761200345724203
-1.00078932965226	1.383615981027684	-6.877018363043466
-0.9985806771645319	1.3835464092271168	-7.125313038907782
-1.0008804374114626	1.3836083745909058	-6.905025389199225
-1.0012861435142035	1.3835644248357246	-7.066374788857417
-0.997535199759042	1.3833433710812897	-7.863535010737243
-0.9998778164840254	1.383646386652102	-6.76357654950131
-1.0001416782061938	1.3836461294569755	-6.7652598556003785
-0.9998691924566329	1.3836462775620109	-6.763933586105477
-0.9978810084501283	1.3834226268332595	-7.575136707444847
-1.0027604751594865	1.3832661219373739	-8.157174012766738
-0.9997576485491374	1.3836441963813941	-6.771194645027097
-0.9991659910321198	1.3836123545447556	-6.885783272536639
-1.00081428296056	1.383613980255688	-6.884333585508501
-1.0005537452402526	1.383631801403126	-6.818581474774518
-0.9961244769151596	1.3828961491336245	-9.492921619142113
-1.0003495949704975	1.383641022260511	-6.784552288238681
-1.0008523965129918	1.3836108041019128	-6.895923677363903
-0.9986494197837288	1.3835559297466518	-7.090390712383962
-1.0010317226745673	1.3835939105088202	-6.958247541314892
-1.0018845119142543	1.3834695638349326	-7.413845359421703
-0.997535199759042	1.3833433710812897	-7.863535010737243
-1.0001799892765824	1.3836455132856966	-6.767625941704214
-0.998226504721503	1.3834898688175383	-7.329819128634721
-0.9989929158311517	1.3835964221665238	-6.943540347724261
-0.99783133151587	1.383411976942978	-7.61394637872819
-1.0027604751594865	1.3832661219373739	-8.157174012766738
-0.9997911098686452	1.383644951338332	-6.768615657632787
-0.9979320791193356	1.3834333182542466	-7.536490043136583
-1.0001993398918962	1.383645146273056	-6.769019891388735
-1.0005886002960924	1.3836298105772529	-6.825918361032388
-0.9961244769151596	1.3828961491336245	-9.492921619142113
-1.0003067497668658	1.3836424283217073	-6.779321602778566
-1.001823346328287	1.3834809035010371	-7.3720917321794
-0.9987074277433661	1.38356359594075	-7.0626035489836525
-1.0011519903297272	1.3835807790066916	-7.00635013235548
-1.0016880759468691	1.383504653072561	-7.285329224818741
-0.997535199759042	1.3833433710812897	-7.863535010737243
-0.9990127636219726	1.3835984013093758	-6.936420888541813
-0.998226504721503	1.3834898688175383	-7.329819128634721
-0.9989929158311517	1.3835964221665238	-6.943540347724261
-0.9986487528611787	1.3835558396511722	-7.090688032216485
-1.0016178171294228	1.3835162664794682	-7.242838874921823
-1.0018302602258342	1.3834796404679675	-7.376906833962593
-0.9989329650957407	1.3835902049183355	-6.965734166747381
-1.0002137544698773	1.3836448485440114	-6.770186719071259
-1.000528068793813	1.383633190260131	-6.813689707352918
-0.9961244769151596	1.3828961491336245	-9.492921619142113
-1.0003237245591028	1.3836418932131727	-6.781239962036232
-1.0012796502503165	1.383565257854524	-7.063245818399128
-0.998711960078358	1.3835641807506938	-7.0606843688894845
-1.0009813238978702	1.3835989832630544	-6.939580310160837
-1.00225847998682	1.3833920965001376	-7.697088605721256
-0.997535199759042	1.3833433710812897	-7.863535010737243
-0.9995735684612962	1.3836380408998208	-6.793287771016769
-0.9987390037639644	1.383567627517316	-7.048158664258388
-0.9989733279322255	1.3835944303159435	-6.950683627944736
-0.9986487528611787	1.3835558396511722	-7.090688032216485
-1.0018074201059424	1.3834837947207128	-7.361577800272164
-1.0010674776583357	1.3835901576651286	-6.97215043049324
-0.9989748137115323	1.3835945827463778	-6.950214822818884
-1.0011039243304551	1.3835862006463124	-6.98642791179642
-1.0011491863181217	1.383581101632993	-7.005385406576712
-0.9961244769151596	1.3828961491336245	-9.492921619142113
-1.0002248475908535	1.3836446052707254	-6.771022831805843
-1.0011793900744062	1.3835775850453005	-7.018436286773481
-0.998711960078358	1.3835641807506938	-7.0606843688894845
-1.0009428271337508	1.383602686942474	-6.926119542895897
-1.0016816554624766	1.3835057348379571	-7.281581208818249
-0.9973749357529007	1.383302584977611	-8.011770311055914
-0.9999278163059818	1.3836468725683968	-6.761942520063849
-0.9987390037639644	1.383567627517316	-7.048158664258388
-0.9990899113113672	1.383605720021622	-6.909885192743642
-0.9986585152184347	1.3835571540217224	-7.085944080569285
-1.0019667562648864	1.3834537265824074	-7.4715359957886935
-1.0009017592606615	1.3836064746044716	-6.911974858734743
-0.9992681549199496	1.3836203532316214	-6.85703991185646
-1.000120735382851	1.3836464042410472	-6.764197448398151
-1.0012324123584724	1.383571191081615	-7.041317322900681
-0.9974960940210517	1.3833336558351104	-7.899055973797124
-1.0002421045045633	1.3836442023631244	-6.772591950732837
-1.0021155977159548	1.3834233454078932	-7.583080740401099
-0.9990246248666459	1.3835995652601427	-6.9323284692242435
-1.0006170485123882	1.383628095649349	-6.832506478614939
-1.0016816554624766	1.3835057348379571	-7.281581208818249
-0.9966740700131727	1.3830940425788172	-8.770980909427523
-1.0002386030114774	1.3836442865228267	-6.772233411690035
-0.998502310498041	1.383534979400467	-7.166616156371999
-0.9999498905868471	1.3836470075450167	-6.761529891143061
-0.9987112663374678	1.3835640913700338	-7.060740449383331
-1.0023052608462215	1.3833814217142248	-7.73590704143127
-1.0009017592606615	1.3836064746044716	-6.911974858734743
-0.9992144056020786	1.3836162751647787	-6.871738963749711
-1.0005721420413909	1.3836307657669047	-6.822438714860871
-1.0012324123584724	1.383571191081615	-7.041317322900681
-0.9980396251480883	1.3834549796146804	-7.457411679221923
-1.0002421045045633	1.3836442023631244	-6.772591950732837
-1.0022383756339934	1.3833966168187382	-7.680533157048393
-0.9993921382587553	1.3836286582978574	-6.827111706790129
-1.0016018311809753	1.3835188399360636	-7.2330865275754475
-1.0016758394248368	1.383506711203789	-7.277489837627674
-0.9966740700131727	1.3830940425788172	-8.770980909427523
-0.9993819872426896	1.383628036104271	-6.82897715342777
-0.9985068771450127	1.3835356622996766	-7.16404788046451
-0.998518601241908	1.3835374059786572	-7.157745612908386
-0.9975012479961926	1.3833349450138543	-7.894019727537301
-1.0017193423482431	1.3834993261871578	-7.305405778807616
-0.9991042066943534	1.3836070108103589	-6.905094985396879
-0.9991160055296292	1.3836080607814987	-6.901382596339444
-1.0001685075882152	1.3836457133523166	-6.766865272051937
-1.001388491997263	1.3835507375913578	-7.1165738063139
-0.9981482136355615	1.3834756774557049	-7.382519106035192
-1.0002411366447297	1.3836442257486095	-6.772545011041332
-1.001214894340673	1.383573334679731	-7.033874914034477
-0.9979708718602315	1.383441265042301	-7.507751431946282
-1.001953181991868	1.383456387098013	-7.46222892728907
-1.0016758394248368	1.383506711203789	-7.277489837627674
-0.9973831813553908	1.3833047461017423	-8.004066473592871
-0.9998279719285772	1.3836456534098132	-6.766122166382219
-0.9987163857121294	1.3835647498106796	-7.058107582774179
-0.9983459409374953	1.3835103375235682	-7.255696556218516
-0.9974482604874352	1.3833215643656818	-7.942547675501052
-1.0014776900373032	1.3835379547003637	-7.163313300299274
-0.9995360699858163	1.383636371539778	-6.799068006379658
-0.9985320787464413	1.3835393934523486	-7.150385707708654
-0.9990396121630483	1.3836010158528127	-6.926965096546288
-1.0011579191319635	1.3835800942568726	-7.008864650449281
-0.999193290143389	1.3836145940530433	-6.877639664400803
-0.9995455032453413	1.3836368047276812	-6.79762401575052
-1.000745006598062	1.383619381351123	-6.864411158250919
-0.9979250934023909	1.383431871223241	-7.540792766225547
-1.0009138088735654	1.3836053807598105	-6.915921105785991
-1.0007273971025867	1.3836206777654383	-6.859657095495632
-0.9973552848137881	1.383297407171872	-8.029961003818366
-0.9995666698071459	1.383637744339879	-6.794360582378928
-0.9987613446364538	1.383570419737199	-7.037833405545852
-0.9988471780494846	1.3835806831702016	-7.000852485747693
-0.9975621346180118	1.3833499737116461	-7.83873519673618
-1.0010070543289789	1.3835964251716053	-6.948861374292859
-0.9995591580209178	1.383637416010155	-6.795451910401331
-0.9988698227549725	1.383583268062422	-6.991262184544256
-0.9992986561734531	1.3836225389345291	-6.849069371183336
-0.9997556591780338	1.383644147970817	-6.771488488457062
-0.9991300889919451	1.3836092958345843	-6.896617355744557
-0.9984668989844364	1.383529613156485	-7.185805590461326
-1.0006649306219897	1.3836250264560779	-6.843626290895979
-0.9975677421070825	1.383351339169798	-7.834087053171339
-1.0004160831976234	1.3836384768313137	-6.793992826836709
-1.0007273971025867	1.3836206777654383	-6.859657095495632
-0.9968953907882647	1.3831652031748014	-8.51262994469121
-0.9995191561463874	1.383635572552103	-6.802108519316297
-0.9987278337878793	1.383566212749118	-7.052823211157685
-0.998568445127886	1.3835446656250874	-7.131254690835484
-0.9989834975725678	1.3835954692334322	-6.946699530991873
-1.0010070543289789	1.3835964251716053	-6.948861374292859
-0.999241250999004	1.3836183480903552	-6.864297970385845
-0.999003614434445	1.3835974938829185	-6.93948903236196
-0.9992986561734531	1.3836225389345291	-6.849069371183336
-0.9998467848216223	1.3836459593481367	-6.765041988193339
-0.9987522767429492	1.3835692924263716	-7.041662197857833
-0.9976775397679231	1.383377442016202	-7.739293625698489
-1.0001866235746257	1.3836453916747506	-6.768143863765484
-0.9959829568868307	1.3828403013240278	-9.697078981022937
-1.0003093743400757	1.3836423474685662	-6.77946538670497
-1.000813607081015	1.383614035268567	-6.883980715702035
-0.9968953907882647	1.3831652031748014	-8.51262994469121
-1.0000447366103244	1.3836470330244657	-6.761692809861267
-0.9989898841762886	1.3835961163938153	-6.94477184331416
-0.9986170040265385	1.3835514991995503	-7.106334359991868
-0.9988439655502526	1.3835803123102308	-7.001570679069983
-1.0005686146125403	1.3836309669638012	-6.821681419191327
-0.999241250999004	1.3836183480903552	-6.864297970385845
-0.999003614434445	1.3835974938829185	-6.93948903236196
-1.0000628157859692	1.3836469358015326	-6.762118044663641
-1.0004325143541763	1.3836377796593524	-6.796481675201335
-0.9987481546069615	1.3835687772482774	-7.043628187373266
-0.9979554985659049	1.38343813378698	-7.518368142504629
-0.9992888482281196	1.3836218462505485	-6.851389634498105
-0.9963833717712599	1.382993133105435	-9.140282707922063
-1.0011755619201983	1.38357803580127	-7.016308374882124
-1.0010643552410767	1.3835904904887206	-6.970856557668733
-0.9949279603110067	1.3823608537623449	-11.447026568888708
-1.0005050690234918	1.3836343783567564	-6.809211748497663
-0.9984448849567402	1.3835262139527924	-7.198340571931111
-0.9992865713473473	1.3836216840705597	-6.852110640350846
-0.9987377061707045	1.3835674638071072	-7.0484830213568195
-1.0009305319595116	1.3836038386062972	-6.921641922221959
-0.9987627537474706	1.383570594178211	-7.036846453858841
-0.9989708496357204	1.3835941755690662	-6.951825363793126
-1.0000628157859692	1.3836469358015326	-6.762118044663641
-1.0004325143541763	1.3836377796593524	-6.796481675201335
-0.9987570521652963	1.3835698871266913	-7.0396221147525235
-0.9971728299608078	1.3832474885711556	-8.212585093992006
-0.9995624215160955	1.3836375593462023	-6.7949701801619495
-0.9973716235834396	1.3833017149633244	-8.015340493463867
-1.002953748309118	1.3832109016390002	-8.359910040625795
-1.0010643552410767	1.3835904904887206	-6.970856557668733
-0.9963696019751939	1.382988143601755	-9.15793206181254
-1.0005350435847706	1.3836328195108007	-6.814810254268544
-0.9985814346800735	1.3835465167143361	-7.124381240042208
-0.9992171574049401	1.383616490966249	-6.8709483978091
-0.9984408340800561	1.3835255831743851	-7.200677678707682
-1.002155453197554	1.3834148341683385	-7.614232291105605
-0.9987974929939453	1.3835748319377004	-7.021410566116423
-1.00009675761048	1.3836466649909216	-6.763170762137632
-1.0001004856118487	1.3836466282247715	-6.763301143086035
-1.0004325143541763	1.3836377796593524	-6.796481675201335
-0.9987514835357383	1.3835691934246044	-7.041981747953274
-0.9991782705050885	1.3836133711245406	-6.8821751616689815
-1.0002246874206595	1.3836446088708307	-6.771006425752554
-0.9988386749266072	1.3835796992963765	-7.004167208474257
-1.0052012598952222	1.3822944778677986	-11.702975520891233
-1.0018438194142403	1.3834771495910645	-7.385680427714968
-0.9974106929048417	1.3833119075310292	-7.978414272187942
-0.999309504108621	1.3836232938638804	-6.846280012948167
-0.9985090494053308	1.3835359864088936	-7.162609583124216
-0.9991100247238898	1.3836075302930766	-6.903501341792733
-0.9990265907215258	1.38359975681151	-6.931342234309067
-1.002155453197554	1.3834148341683385	-7.614232291105605
-0.9976074093664602	1.383360908595696	-7.799817046852931
-0.9990594043555051	1.3836028970843588	-6.920248342298862
-0.9998266744811862	1.3836456310059073	-6.766143996635532
-1.0007994632888804	1.3836151760151676	-6.8802102368244835
-0.9983578975669538	1.3835123080726501	-7.248434013504184
-0.9997145770345155	1.3836430597792198	-6.775215701412148
-1.0006872358044925	1.3836235184401322	-6.8493883419603065
-0.9996826665863792	1.383642098067911	-6.778753587843267
-1.005300654472451	1.3822422862008652	-11.892523242537633
-1.0018438194142403	1.3834771495910645	-7.385680427714968
-0.9973427789218062	1.3832940918997612	-8.042366790245405
-0.9992856853481418	1.383621620821588	-6.852222358000644
-0.9986170961237946	1.3835515119361397	-7.106323245890189
-0.9990392638140053	1.383600982391727	-6.926874478793252
-0.9991158600370588	1.3836080479189774	-6.901381268097458
-1.000855062007181	1.3836105765408748	-6.896860200762106
-0.998042101236216	1.3834554647142197	-7.455435292697499
-0.9988865447303441	1.3835851439608047	-6.984180297576099
-0.9999169298996433	1.3836467880606023	-6.762226449340645
-1.0007357845823461	1.3836200641451	-6.861874912494647
-0.9975793690207765	1.3833541603758022	-7.824046001397164
-0.9988025993418819	1.383575444675878	-7.01935803740482
-1.0010387923688913	1.3835931786133977	-6.960609023200062
-0.9993352192563856	1.383625036420827	-6.839856715557571
-1.002561616624143	1.3833190391062267	-7.964075572580241
-1.001018152221611	1.3835953013953624	-6.953007785046393
-0.9973427789218062	1.3832940918997612	-8.042366790245405
-0.9993050119846051	1.383622982675604	-6.847294955378004
-0.9986193354206813	1.3835518213586517	-7.104915745310335
-0.9999952682194495	1.3836471319731936	-6.761194665676667
-0.9991158600370588	1.3836080479189774	-6.901381268097458
-0.9999569282202904	1.3836470403337706	-6.761430847588755
-0.9983615315898603	1.3835129041561296	-7.246323655139525
-0.9985414401571283	1.383540763251919	-7.145626926131111
-0.9999535089973509	1.3836470250220145	-6.761472515371338
-1.0008701972478604	1.3836092709301717	-6.9017400943936105
-0.9975793690207765	1.3833541603758022	-7.824046001397164
-0.9977693553214914	1.383398344308593	-7.663445583045028
-1.0010387923688913	1.3835931786133977	-6.960609023200062
-0.998365265447504	1.3835135152398248	-7.244075218790899
-1.0029614744692636	1.383208616541076	-8.368045435382676
-1.0000008005431735	1.3836471330606375	-6.761193796596583
-0.9972732607216427	1.3832753777380742	-8.110284947616263
-0.9986523864826318	1.3835563299830713	-7.088873362762137
-0.9987447573786519	1.3835683513907584	-7.045165310380062
-1.000021734769124	1.3836471094726714	-6.761350263750633
-0.9999923110956009	1.3836471301367184	-6.761193657959471
-1.0006273194754018	1.3836274566064701	-6.834670863120712
-0.9983615315898603	1.3835129041561296	-7.246323655139525
-0.998765934835544	1.3835709872511748	-7.035735071185457
-0.9996027893733079	1.3836392442785832	-6.788829511115637
-1.0009416810183702	1.383602794935663	-6.925288821826022
-0.9980077713994004	1.3834486843528286	-7.480052864414262
-0.998000766868928	1.3834472864370622	-7.485310527731868
-1.0010383749816432	1.3835932219625557	-6.960542770266429
-0.9984375220537046	1.3835250662260479	-7.2027104197449265
-1.0010789730096419	1.3835889239549042	-6.976830803906977
-1.000291539832147	1.3836428833189944	-6.777590154391195
-0.9975330400354852	1.383342838519355	-7.8653253552977835
-0.9986523864826318	1.3835563299830713	-7.088873362762137
-0.9998674286899377	1.3836462543350683	-6.764064817782022
-1.001248414812125	1.3835692061155243	-7.048579392018993
-0.9997140551728636	1.3836430448704726	-6.77525921653571
-1.000437102194895	1.383637580176242	-6.79718627120053
-0.9979436306631917	1.3834357003502127	-7.527809824533057
-0.9991607359969562	1.3836119148893407	-6.887189294023986
-0.9996027893733079	1.3836392442785832	-6.788829511115637
-1.0013334853434694	1.3835582239346185	-7.088918835876735
-0.9980077713994004	1.3834486843528286	-7.480052864414262
-0.998000766868928	1.3834472864370622	-7.485310527731868
-1.0012296456530734	1.3835715316710748	-7.040312129956694
-0.9983667968932978	1.3835137654732939	-7.243393951963258
-1.0010968859686922	1.3835869751512653	-6.983454869723355
-1.000291539832147	1.3836428833189944	-6.777590154391195
-0.9985570650797011	1.3835430300334701	-7.13736020340526
-0.9986523864826318	1.3835563299830713	-7.088873362762137
-0.9999552806749555	1.3836470331017794	-6.761439661407012
-1.0019065317064795	1.3834653899352904	-7.429337934376681
-0.9996401468588593	1.3836406583785215	-6.783874124020418
-1.000437102194895	1.383637580176242	-6.79718627120053
-0.9983795067712149	1.383515833177454	-7.236205713591688
-0.9988457416738219	1.3835805174785034	-7.001180294446431
-0.999564617463979	1.3836376551950473	-6.794540092680405
-1.0005765202775498	1.3836305143111596	-6.823375269604361
-0.9981010443706532	1.3834668314685696	-7.4142163702616815
-0.998116326897578	1.3834697218748415	-7.403846570649496
-1.0012296456530734	1.3835715316710748	-7.040312129956694
-0.9983667968932978	1.3835137654732939	-7.243393951963258
-1.0001579542237427	1.3836458856158411	-6.766172888696893
-1.0001910561404037	1.3836453079702415	-6.76842736010532
-0.9989858446301335	1.3835957075369696	-6.9462275368261
-0.9985486421517931	1.3835418111125033	-7.14161794274654
-0.9999427145101686	1.3836469690113138	-6.76163147363972
-1.0039100914169636	1.3828826923482302	-9.557466022241842
-0.9994896869271621	1.3836341121210656	-6.8071652135835095
-1.0007661779625814	1.3836177816591637	-6.870355620423757
-0.9989232643643682	1.3835891651112289	-6.96980262751396
-0.9988819679175401	1.3835846333058104	-6.986257985398032
-1.0004510015928005	1.3836369629708456	-6.799601956853516
-1.000313286522456	1.3836422256704233	-6.779908076715861
-0.998448354111017	1.383526752844441	-7.196252439960849
-0.9981056774818104	1.383467710202535	-7.411233761722247
-1.0013219423585016	1.383559756512721	-7.083217545812051
-0.9978872285079632	1.3834239429238029	-7.569539517312985
-0.9999882375721514	1.3836471261749455	-6.761198437743406
-1.0000864724667966	1.3836467592183053	-6.762821172350318
-0.9995220230680476	1.383635709995307	-6.801527758127175
-0.9985678072012224	1.3835445742820374	-7.131530490913523
-0.9998676202542188	1.3836462568728263	-6.764059283188171
-1.0039100914169636	1.3828826923482302	-9.557466022241842
-0.9996700969343789	1.3836416912910456	-6.780189129180003
-1.001046761321666	1.383592347629454	-6.9638516241534685
-0.9987253965114897	1.3835659023900349	-7.054021418414561
-0.9996317357219561	1.3836403521637568	-6.785012573476588
-0.999106356409308	1.3836072031493216	-6.904282039022919
-1.0002540439317276	1.3836439061767185	-6.773688722788659
-0.998448354111017	1.383526752844441	-7.196252439960849
-0.9964020152648378	1.3829998583849579	-9.115179204815993
-1.002608471838505	1.3833069268260672	-8.008194574376516
-0.9979018613262723	1.3834270237979713	-7.5585725196602525
-1.0000661307351304	1.3836469144289745	-6.762174533986544
-1.0001660540275545	1.3836457543956775	-6.766660142601774
-0.9997984593481607	1.3836451021609637	-6.768097121489253
-0.9978199858335451	1.3834095100043837	-7.62301607931866
-0.9997776237265158	1.3836446605323305	-6.769607203483726
-1.0039100914169636	1.3828826923482302	-9.557466022241842
-0.999375811765825	1.3836276525450968	-6.830632202904103
-1.001661950615892	1.3835090291001977	-7.2694740105173405
-0.9987253965114897	1.3835659023900349	-7.054021418414561
-0.9999441243936048	1.3836469769885114	-6.761621124256654
-0.9988955120556466	1.3835861384117198	-6.980698481277268
-1.0001460557982618	1.3836460664778707	-6.765478544691229
-0.9989051712810048	1.3835872005964842	-6.97698608000621
-0.9994438777280753	1.3836316694936144	-6.8159200544038425
-1.002608471838505	1.3833069268260672	-8.008194574376516
-0.9980565671639099	1.3834582865332612	-7.444664441039657
-0.9995219961645263	1.3836357087093445	-6.801528009007588
-1.000261777754547	1.3836437067130423	-6.7744357572755005
-0.9998028840397183	1.383645190357591	-6.767707587719535
-0.9978687743503865	1.3834200269542025	-7.584477432910414
-0.9999103148916377	1.383646730921748	-6.762435200967309
-1.0023699943071873	1.383366289441876	-7.791540724332043
-0.9991016184399262	1.3836067786213069	-6.906138943344722
-1.0011117059716772	1.3835853385843078	-6.989571253665563
-0.9986552767310334	1.383556719059176	-7.08732384524303
-0.9999441243936048	1.3836469769885114	-6.761621124256654
-0.9979408270337966	1.3834351234274438	-7.529041703031726
-1.0000506008413026	1.383647005070424	-6.761809998195195
-0.9989082958434511	1.3835875421944097	-6.975706004333214
-0.9997482495995437	1.3836439641794744	-6.7721070667126595
-1.0024051927245714	1.3833578854905644	-7.822452147294374
-0.9973396839612848	1.3832932690213886	-8.044978829281453
-0.9995219961645263	1.3836357087093445	-6.801528009007588
-1.0005734977813223	1.3836306881074218	-6.822799888634274
-1.001818404885077	1.3834818032763774	-7.369160761199159
-0.9988381358191907	1.3835796366739486	-7.004303028125742
-1.0005168909308064	1.3836337742809635	-6.811449326067748
-1.0016451443589687	1.3835118080945887	-7.2588815946606715
-0.9991625348268787	1.3836120656968713	-6.886860498106325
-1.001551148380553	1.3835268300277563	-7.203823344756904
-0.998633322111938	1.3835537426701952	-7.098236546612604
-0.9998239018883628	1.3836455825654348	-6.766361967107884
-0.9970500738117286	1.3832120298668684	-8.34089507541806
-1.0000664701261708	1.3836469121787973	-6.762217406877475
-0.9988375881725862	1.3835795730298555	-7.004573067283054
-0.9995522208410555	1.3836371077839218	-6.796425599729649
-1.0024051927245714	1.3833578854905644	-7.822452147294374
-0.9972989113891993	1.3832823391085112	-8.0857259278173
-0.9991934626989215	1.3836146079717795	-6.877683318334945
-1.0000747914681054	1.383646853404496	-6.762462098015096
-1.001818404885077	1.3834818032763774	-7.369160761199159
-0.9992067429279765	1.3836156702535651	-6.874130683491895
-1.000339178622769	1.3836413809857737	-6.783143941143953
-1.0016451443589687	1.3835118080945887	-7.2588815946606715
-0.9994338139848281	1.383631104762492	-6.818184716467919
-1.001551148380553	1.3835268300277563	-7.203823344756904
-0.9984873548589625	1.3835327283265457	-7.174664606082215
-0.9999916987544806	1.383647129647147	-6.761193855889428
-0.9969427201255102	1.383179785081133	-8.459241724244372
-1.0004145840101337	1.383638539097608	-6.793668034740388
-0.9983186668540176	1.383505789035292	-7.272194034016399
-0.9996018610255898	1.3836392073605337	-6.788912730040761
-1.0024051927245714	1.3833578854905644	-7.822452147294374
-0.9975318195441423	1.3833425373545472	-7.866027497429531
-0.9993623103568502	1.3836268006886319	-6.833425781962745
-1.0015630724983762	1.383524973310922	-7.2104509506445185
-1.0018614921268256	1.3834738754457692	-7.397953336613728
-0.9992612670092624	1.3836198467711007	-6.858617542316576
-0.9997408830699263	1.3836437760135083	-6.772747479544028
-1.0021786511760737	1.3834098070453307	-7.6320864320207935
-0.9994768997513693	1.383633451399175	-6.809793243321808
-1.0012103646510795	1.3835738839632519	-7.031752577232694
-0.9994644149048554	1.383632790522974	-6.812108021003802
-0.9998592949505066	1.3836461431971332	-6.764441995353387
-0.9969427201255102	1.383179785081133	-8.459241724244372
-1.000284838520325	1.383643076443548	-6.776821888363486
-0.9983186668540176	1.383505789035292	-7.272194034016399
-0.9997164712700967	1.3836431136656469	-6.775135490454369
-1.0024051927245714	1.3833578854905644	-7.822452147294374
-0.9979049744884969	1.3834276764979885	-7.556875813067861
-0.9993623103568502	1.3836268006886319	-6.833425781962745
-1.001431214468921	1.3835447143498785	-7.138751222592222
-1.0008540667986177	1.3836106615878558	-6.896812487878659
-0.9991942644394867	1.3836146726030072	-6.877492962149981
-0.9971695996772793	1.383246574793338	-8.215447716172458
-1.0021277852963224	1.3834207595793186	-7.592393191763979
-0.9994768997513693	1.383633451399175	-6.809793243321808
-1.0004234443262767	1.3836381678378082	-6.79521203591471
-0.999641254383849	1.3836406981718257	-6.78363926800373
-0.9985686540911399	1.3835446955371404	-7.131315617848585
-0.9982128708127873	1.3834874415560916	-7.339244744761352
-1.0001883066969086	1.383645360122076	-6.768172412415394
-0.9983186668540176	1.383505789035292	-7.272194034016399
-1.0006476511889146	1.383626160489556	-6.839456739557747
-1.0024165301829098	1.3833551521864353	-7.832340232703405
-0.99729740477977	1.3832819320464604	-8.086357674727394
-0.9993623103568502	1.3836268006886319	-6.833425781962745
-1.0009260930406159	1.383604250676687	-6.919992096893733
-1.0009413007466121	1.3836028307379022	-6.9252693437337145
-0.9990182956087121	1.3835989459170872	-6.934028778343005
-0.9982306596237184	1.3834906048243238	-7.327486591869096
-1.0021277852963224	1.3834207595793186	-7.592393191763979
-1.0000050981639206	1.3836471317931172	-6.761226610221053
-0.999567681123282	1.3836377881121227	-6.793950115923923
-0.9992465441924394	1.3836187483099835	-6.8625224767895805
-1.0003289765140233	1.383641721815342	-6.78180651912046
-0.9982144603485417	1.3834877255003344	-7.337612392510902
-1.0017294805071695	1.383497577951447	-7.311146668298944
-0.9986335194308682	1.3835537696353901	-7.098167553348113
-1.0006476511889146	1.383626160489556	-6.839456739557747
-1.0020922459240733	1.383428258442341	-7.564921571320833
-0.9972411460410335	1.3832665693343358	-8.143335426938467
-0.9984641281814445	1.3835291879805294	-7.187435766812924
-0.9997807452828681	1.3836447294611318	-6.7693283487301485
-1.0009413007466121	1.3836028307379022	-6.9252693437337145
-0.9985796668021039	1.3835462657730286	-7.125487008132487
-0.9983631980826365	1.3835131770668467	-7.245630701750711
-1.0034713220757254	1.38304462924501	-8.966380295456442
-1.000069564204298	1.383646891133755	-6.762252926213772
-0.9990240686029205	1.3835995109880908	-6.932325401703025
-0.9992544447358811	1.3836193404600883	-6.860453126628611
-1.0003289765140233	1.383641721815342	-6.78180651912046
-0.9983218464005351	1.383506323117511	-7.270403702836735
-1.0017294805071695	1.383497577951447	-7.311146668298944
-0.9995597860947097	1.3836374436785603	-6.795222796006021
-1.0006476511889146	1.383626160489556	-6.839456739557747
-1.0016822945463482	1.3835056273456474	-7.281816121358071
-0.9972411460410335	1.3832665693343358	-8.143335426938467
-0.9989976591042862	1.3835968987291198	-6.941928209995712
-0.999906652118892	1.3836466974013355	-6.76255490943856
-1.000467029868362	1.3836362272477838	-6.802271062138011
-0.9985796668021039	1.3835462657730286	-7.125487008132487
-0.9985396350867908	1.3835404998086944	-7.146292220947837
-1.0033539149973394	1.383084695802212	-8.82083516566348
-0.9995252870423255	1.3836358654730718	-6.800948170996388
-0.9988872885064491	1.383585226749287	-6.983930989141359
-0.9993001412954895	1.383622642982367	-6.848439644646284
-1.0007590937462187	1.3836183219269036	-6.8683054924890286
-0.9983365578099258	1.383508781096695	-7.26169504398966
-1.0004097834437067	1.383638736969144	-6.792923885220378
-0.9994777834565617	1.383633497586769	-6.809416343042332
-1.0009667524216521	1.3836004025804425	-6.934483692092953
-1.0016822945463482	1.3835056273456474	-7.281816121358071
-0.9975314988258892	1.3833424581903517	-7.866007974116176
-0.9991477735249453	1.3836108185944418	-6.891450423687949
-0.9998866153732885	1.3836464902890022	-6.763248895989627
-1.0003745817352387	1.3836401175188622	-6.787819385952989
-0.999497117047694	1.3836344885294949	-6.8059565131897415
-0.9985396350867908	1.3835404998086944	-7.146292220947837
-1.0033539149973394	1.383084695802212	-8.82083516566348
-0.9994737599678173	1.3836332866641075	-6.810146833798072
-0.9989685076112208	1.3835939342652754	-6.952457637848954
-0.9995112994835855	1.3836351916829437	-6.803471343155733
-1.00080274783253	1.3836149128885493	-6.880895308890797
-0.9965741856937199	1.3830603229096252	-8.894389232785432
-1.0002677259755635	1.3836435492327814	-6.775015182496011
-0.9994463601962496	1.383631807241066	-6.815669260498659
-1.0006923308271105	1.3836231669939725	-6.850552213325384
-1.0021299118831482	1.3834203068611821	-7.593890779048423
-0.997352927095039	1.383296783344472	-8.033521861506975
-0.9990169173601191	1.3835988105188393	-6.935049609755419
-0.9998084547283503	1.3836452986131265	-6.767359146194641
-1.0005138723758131	1.3836339298517497	-6.810762517538568
-0.999486130600771	1.3836339300047078	-6.807834867619404
-0.9989915817608309	1.3835962877254264	-6.9438440821488125
-1.0033539149973394	1.383084695802212	-8.82083516566348
-0.9994378170077993	1.383631330606845	-6.817383284988495
-0.9999485932981041	1.3836470009602309	-6.761552417107701
-0.9995030627163058	1.3836347857594846	-6.804933716905081
-1.0000041570053293	1.3836471322286463	-6.761217229504552
-0.9965741856937199	1.3830603229096252	-8.894389232785432
-1.0002875567604224	1.3836429986481578	-6.777199289637336
-0.999719412101255	1.3836431966142348	-6.77476331806019
-1.0008979827803774	1.3836068144389881	-6.910718377088617
-1.0024555291046293	1.3833456519334968	-7.867511507561857
-0.998090208067796	1.3834647678314653	-7.422082845819095
-0.9994938063374552	1.383634321491481	-6.806388769198893
-0.9998084547283503	1.3836452986131265	-6.767359146194641
-1.0005170676188364	1.3836337651465584	-6.811426171347077
-0.9991630145290278	1.38361210585875	-6.88674206076818
-0.9993008999359643	1.3836226960477043	-6.848375177586396
-1.0053149952845186	1.3822346743489582	-11.920683297858112
-0.9996873470921438	1.3836422455006414	-6.778081185699148
-1.000231235900383	1.3836444595905997	-6.771567652180507
-0.9999698193998743	1.3836470875492497	-6.761280335898121
-0.999781271515271	1.3836447409851793	-6.76930023734138
-0.9965741856937199	1.3830603229096252	-8.894389232785432
-0.9999122143617079	1.3836467477767664	-6.762336866250734
-0.999719412101255	1.3836431966142348	-6.77476331806019
-1.0005446642444296	1.383632300135723	-6.816781377705702
-1.0024555291046293	1.3833456519334968	-7.867511507561857
-0.9982300131359017	1.383490490417727	-7.3276620370635905
-0.9997048088455823	1.3836427762017987	-6.776305461038516
-1.0004060440752398	1.383638889503129	-6.792362432021252
-0.9986409494780075	1.3835547821766145	-7.094518833404183
-0.9992408712014867	1.3836183192660443	-6.8643982802997
-0.999631966554691	1.3836403606618377	-6.785035959801581
-1.0053149952845186	1.3822346743489582	-11.920683297858112
-0.9996454801890086	1.3836408488778618	-6.783062587645814
-1.0003635015212025	1.3836405264248852	-6.786266294677018
-0.9999912231351532	1.383647129241013	-6.7611939866807225
-0.9993721849277781	1.3836274255044354	-6.8314660232536895
-0.9965741856937199	1.3830603229096252	-8.894389232785432
-0.999894880697363	1.3836465805892917	-6.7629516318316485
-0.9996768025799662	1.3836419102640651	-6.779331072708795
-1.0004942061864819	1.383634921104943	-6.807098031102384
-1.0024555291046293	1.3833456519334968	-7.867511507561857
-0.9984207020169523	1.383522423986718	-7.212008220072463
-0.9998972300875161	1.3836466050099354	-6.762837382559874
-1.000945511437541	1.383602433498755	-6.926580987278566
-0.9983504956445178	1.3835110898617433	-7.253089777052052
-0.9992589915504113	1.3836196784165629	-6.859308930835413
-0.9989511783755078	1.383592131752681	-6.959222861360598
-1.0053149952845186	1.3822346743489582	-11.920683297858112
-0.9996454801890086	1.3836408488778618	-6.783062587645814
-1.0004378428763594	1.383637547773462	-6.797351326512951
-0.999620866678256	1.3836399459888982	-6.786469489927049
-0.9991471950568872	1.383610769279131	-6.891581524990669
-0.9955663036017981	1.3826642499051096	-10.33835165791893
-1.0010833977211533	1.383588445561571	-6.978355048966961
-0.9974075405152029	1.3833110907836652	-7.98153816370528
-1.0003569205028633	1.3836407634804126	-6.785394291262877
-1.0015222484354396	1.383531271077721	-7.188171104930313
-0.9992330460287395	1.3836177221729793	-6.8664821156070195
-0.9998703174722366	1.3836462922147805	-6.763893960440964
-1.0006985219439166	1.3836227364473743	-6.852320707625826
-0.9983504956445178	1.3835110898617433	-7.253089777052052
-1.0000849794858786	1.38364677201703	-6.762734367738219
-0.9991776721233783	1.3836133219358475	-6.882293138647363
-1.0053149952845186	1.3822346743489582	-11.920683297858112
-0.9994916082911656	1.3836342099862005	-6.806943680737743
-1.000106265772924	1.383646568471956	-6.763574013297987
-0.9988657294184733	1.383582804605075	-6.992984879508905
-0.9997513581613693	1.383644041954485	-6.771842899383101
-0.9961144554756112	1.3828922602801306	-9.507997253957512
-1.000439109058625	1.3836374922544126	-6.797685708209836
-0.9974365839459864	1.3833185779993822	-7.953356451248617
-1.0003569205028633	1.3836407634804126	-6.785394291262877
-1.0023273895379454	1.383376295989614	-7.755152084553379
-0.997694332229771	1.3833813278993472	-7.724549485085358
-1.0005000671498732	1.3836346297349618	-6.808185857645066
-1.0006100754357672	1.3836285234908146	-6.830786903806539
-0.9989346759286316	1.383590387323829	-6.965405521770982
-1.000159497444945	1.3836458611209337	-6.766341300038581
-1.0002472036593122	1.3836440776102221	-6.7729896831698735
-1.0053149952845186	1.3822346743489582	-11.920683297858112
-0.9994916082911656	1.3836342099862005	-6.806943680737743
-1.000108983323686	1.3836465392244388	-6.763668758051343
-0.9988657294184733	1.383582804605075	-6.992984879508905
-0.9999804735443482	1.3836471140285573	-6.761223390708343
-0.9961144554756112	1.3828922602801306	-9.507997253957512
-1.0001830210097193	1.383645458258181	-6.767860351019115
-0.9983059113837365	1.3835036362806932	-7.280341589887939
-1.0004128490613424	1.3836386108753085	-6.7934448404255505
-1.0027021063888408	1.3832820641458503	-8.098898117744875
-0.9990090020870488	1.3835980292495074	-6.937814414865178
-1.0003954785425977	1.3836393129287983	-6.790759176367638
-1.000547856030032	1.3836321257811988	-6.817556006385663
-0.9989346759286316	1.383590387323829	-6.965405521770982
-1.0001552170954389	1.383645928475345	-6.76607199850372
-1.0000973779961568	1.3836466589689742	-6.7632329805075635
-1.0054037860517526	1.3821870879080251	-12.093674249127869
-0.9995673151846763	1.3836377722852105	-6.794044199056161
-1.0000672798158257	1.383646906764	-6.762221770881922
-0.9992759267341336	1.3836209189879638	-6.85507426664355
-0.9999555457145527	1.383647034283506	-6.761439202014579
-0.995606767482351	1.3826821084949745	-10.274856570002102
-1.0006076457505075	1.3836286714247754	-6.8301307583280515
-0.998127621364119	1.3834718430048758	-7.396018795519418
-0.9997088199717911	1.3836428938022396	-6.775910246599601
-1.0026743840586982	1.38328951658801	-8.071965813020908
-0.9979520437502615	1.3834374268526388	-7.520731760097091
-1.0003819469103228	1.3836398389205657	-6.788863505794076
-1.0007546885852412	1.3836186553496463	-6.86705856144842
-0.9996037632187795	1.3836392829133413	-6.788774554251299
-1.0002812808387707	1.383643177147168	-6.776399578158599
-1.0000008164968188	1.3836471330593476	-6.761193804048454
-1.0032242856244504	1.383127332203279	-8.664754587687362
-0.9997838215749592	1.3836447964371084	-6.769075517082131
-1.0019809185117234	1.3834509311851766	-7.482093235230753
-0.9990470240457092	1.383601724934208	-6.924310524183881
-0.9999559357956486	1.3836470360099757	-6.7614390326500455
-0.9957793553019106	1.3827564410093054	-10.003596343922354
-1.0004743798000248	1.3836358812829475	-6.803630844763854
-0.9973684254556511	1.3833008738635577	-8.018364679587027
-0.9991066218867016	1.383607226870015	-6.904251117744491
-1.0020267105400378	1.383441755312026	-7.515278129143178
-0.9979520437502615	1.3834374268526388	-7.520731760097091
-0.9987641344822744	1.3835707649137858	-7.036398089722168
-1.0007546885852412	1.3836186553496463	-6.86705856144842
-0.998487668944493	1.3835327758316085	-7.1746856884237245
-0.9993837700927061	1.3836281461277489	-6.828887081368875
-0.9995971125719044	1.383639017178695	-6.7898391987541515
-1.0029208812657693	1.383220555724245	-8.324399319945234
-1.0003290642216776	1.3836417189295815	-6.781787377739377
-1.0017229041743503	1.3834987131529812	-7.3071232775575155
-0.9990470240457092	1.383601724934208	-6.924310524183881
-1.0002506815866985	1.3836439910297855	-6.773329773270561
-0.9957793553019106	1.3827564410093054	-10.003596343922354
-1.0004858322925554	1.3836353314418566	-6.805703266958497
-0.9969647777640107	1.3831865043915887	-8.435106646122776
-0.9990140783298426	1.3835985310156966	-6.935659641049323
-1.0019842094941256	1.3834502787268521	-7.484709134610855
-0.9979520437502615	1.3834374268526388	-7.520731760097091
-0.9992107298002804	1.3836159857202728	-6.87283379936326
-1.0012325634840282	1.383571172455573	-7.041335815241313
-0.9998225356863836	1.3836455584135505	-6.766405413243487
-0.9993837700927061	1.3836281461277489	-6.828887081368875
-0.999479072148566	1.383633564801361	-6.809181426076744
-1.0021430724518028	1.3834174951159972	-7.604339546934364
-1.000352809667234	1.3836409093596163	-6.784884089811879
-1.0017781268358075	1.38348904634047	-7.342866413200612
-0.9990470240457092	1.383601724934208	-6.924310524183881
-1.0002150428853385	1.3836448209205543	-6.770258212663802
-0.9970290620426876	1.383205809475371	-8.364650662212185
-1.000360369546283	1.3836406397821865	-6.785859606861834
-0.9971168884461243	1.3832315164810765	-8.270871509312952
-0.9990140783298426	1.3835985310156966	-6.935659641049323
-1.0023565799791554	1.3833694596327732	-7.780171920683246
-0.99820652455678	1.3834863053844093	-7.343594997169006
-0.999517236708857	1.3836354800729171	-6.802225511405049
-1.00125249299732	1.3835686961572642	-7.050552037133647
-0.9998225356863836	1.3836455584135505	-6.766405413243487
-0.9994979117234304	1.3836345284608076	-6.805650250670605
-0.9999017200049991	1.3836466501448101	-6.7626925167646466
-1.0012973302186792	1.3835629798078661	-7.071705809274899
-1.0002369286815915	1.383644326332673	-6.7721759279037865
-1.002050500146532	1.3834369055501345	-7.533463755292523
-0.9990470240457092	1.383601724934208	-6.924310524183881
-0.9999636567175637	1.383647067050972	-6.76134515037056
-0.9970290620426876	1.383205809475371	-8.364650662212185
-1.001198136813339	1.383575356501507	-7.026197579753233
-0.9971129398244368	1.383230377269815	-8.274470407234599
-0.9996202837862249	1.3836399238725308	-6.7865711565892095
-1.0006032136308933	1.3836289397584562	-6.82921158381232
-0.99820652455678	1.3834863053844093	-7.343594997169006
-0.9998405359714542	1.383645861653861	-6.765440658421937
-1.00125249299732	1.3835686961572642	-7.050552037133647
-0.999536739358406	1.3836364025715784	-6.798927680915217
-0.9995747248474862	1.3836380901449137	-6.792906479287822
-1.0000945822639873	1.3836466858024479	-6.763118516481411
-1.0012973302186792	1.3835629798078661	-7.071705809274899
-1.000456711722381	1.383636703812813	-6.800438986993099
-1.0029923632649882	1.3831994211971983	-8.400740100562551
-0.9990470240457092	1.383601724934208	-6.924310524183881
-0.9993812529444354	1.3836279906967424	-6.829125871445821
-0.9970290620426876	1.383205809475371	-8.364650662212185
-1.0015827981666645	1.3835218705908612	-7.222201327912394
-0.9982673222413094	1.3834970244819078	-7.304607236230954
-0.9994877826357734	1.3836340147612702	-6.807749879771649
-1.0002919137088329	1.3836428724120107	-6.77761789263387
-0.9967861529493226	1.3831306924494235	-8.637735679241803
-1.0009820594163579	1.3835989110578182	-6.940010984946381
-1.000717446237095	1.3836213966375248	-6.857004539900457
-0.9997979996914774	1.3836450928864488	-6.768128642994403
-1.0003129423185968	1.3836422364479426	-6.77989094450413
-1.0002072395211414	1.3836449856817248	-6.769635332101631
-1.0012317947743525	1.3835712671743747	-7.04130013654958
-1.000544613412284	1.383632302904239	-6.816775675243029
-1.0033875299460446	1.3830733651359135	-8.862039426521534
-0.9990470240457092	1.383601724934208	-6.924310524183881
-0.9993498172711718	1.3836259962136377	-6.836595348167933
-0.999994787131042	1.383647131733981	-6.761194248683366
-1.000432258850669	1.383637790706982	-6.796475889953743
-0.9970723650928749	1.38321858078521	-8.318325707760637
-0.9995005238527854	1.3836346592715991	-6.805385303873657
-1.0010084228195895	1.3835962872635275	-6.949490017103061
-0.9967861529493226	1.3831306924494235	-8.637735679241803
-1.0005469362250292	1.3836321761309684	-6.81725584664945
-1.0003553710150856	1.3836408186647629	-6.785183805605438
-1.0003068134500324	1.383642426368025	-6.779313036564561
-1.0008829897713978	1.3836081495458612	-6.905790960234928
-1.0007327396757615	1.3836202877210593	-6.861211374904015
-1.0012534349817745	1.3835685781300042	-7.051422070050242
-1.0013692481819934	1.3835533910634863	-7.106902169322694
-1.0033875299460446	1.3830733651359135	-8.862039426521534
-0.9981029142977887	1.3834671863846042	-7.412369951463535
-0.9995088220629395	1.3836350703043883	-6.803714800496584
-1.0005161946796255	1.3836338102453172	-6.811344791985231
-1.0004407671046802	1.3836374193106524	-6.797828385266222
-0.9970723650928749	1.38321858078521	-8.318325707760637
-0.9994890228480103	1.3836340782101881	-6.807564471954511
-1.0010903265807702	1.3835876924900443	-6.981317392924604
-0.9967861529493226	1.3831306924494235	-8.637735679241803
-1.0007321494736934	1.3836203309500894	-6.86090097401493
-1.0002844937824118	1.3836430862570694	-6.776797801998765
-1.000155462778104	1.3836459246589121	-6.766098984597784
-1.0008448313653189	1.3836114460908897	-6.893563443950462
-1.0003541826539504	1.383640860825063	-6.785126647294282
-1.0005262247429758	1.383633287468675	-6.813120218148705
-1.0010329917964589	1.3835937794901034	-6.95875982524384
-1.002406170276858	1.3833576503226193	-7.822935273217258
-0.9988294494591621	1.3835786236642482	-7.007930339294803
-0.9998474022577473	1.3836459687891338	-6.765027055239406
-1.0004374695796852	1.3836375641110235	-6.7972264607963275
-0.9998029191543644	1.3836451910496952	-6.767705865943313
-0.9984646706100567	1.3835292712758998	-7.187357642411091
-0.9989348940913139	1.3835904105628452	-6.965290312555937
-1.0014462686244185	1.383542548445982	-7.14626110387035
-0.9967861529493226	1.3831306924494235	-8.637735679241803
-0.9998113844858639	1.3836453543020724	-6.767101363746977
-0.9998648548213951	1.3836462198817159	-6.764130588707981
-0.9999598858210013	1.383647052635313	-6.7613899576767675
-1.0008320058958717	1.3836125214021426	-6.889774567969539
-1.00083985442707	1.3836118653197476	-6.892123632154923
-1.0004996530125696	1.3836346504360324	-6.808024673435103
-1.0010329917964589	1.3835937794901034	-6.95875982524384
-1.0023278277655336	1.3833761939873814	-7.7555471418330555
-0.9988008216929385	1.3835752316620746	-7.020584046015461
-0.9998474022577473	1.3836459687891338	-6.765027055239406
-1.0000881688257293	1.3836467444055893	-6.762856268221774
-0.9996641444910891	1.3836414931465377	-6.780758499528051
-0.9990160669694333	1.383598726882249	-6.935118872032851
-0.9984177303779395	1.3835219542348363	-7.213779223445656
-1.0011745641666512	1.383578153043602	-7.0158174767200014
-0.997810237955293	1.383407380202059	-7.630084704837556
-0.9995612183966145	1.3836375066279074	-6.795149370914826
-1.0000057757702392	1.3836471314247047	-6.761227717000684
-0.9995792416012407	1.3836382812111747	-6.792278185650789
-1.0008320058958717	1.3836125214021426	-6.889774567969539
-1.0006063871413673	1.3836287478244202	-6.829939071621905
-0.9998459731908907	1.3836459468797848	-6.76504061857899
-1.0007821132076382	1.3836165480392029	-6.8748096339328235
-1.0023095823266446	1.3833804245665036	-7.739952094517712
-0.9988008216929385	1.3835752316620746	-7.020584046015461
-0.9996087332548251	1.3836394786093869	-6.788167538567956
-0.9999185959758872	1.383646801761924	-6.762212573834122
-0.9996829108866294	1.38364210581739	-6.778729902148651
-0.9986347512277303	1.3835539378821717	-7.097880258351577
-0.9984177303779395	1.3835219542348363	-7.213779223445656
-1.0011745641666512	1.383578153043602	-7.0158174767200014
-0.9957086566270948	1.3827263516954722	-10.1121916706093
-0.9992849954224259	1.3836215715153835	-6.852339187707124
-1.0004085703534198	1.3836387866059963	-6.792848331399757
-0.9987816896650841	1.3835729190890729	-7.028567331116921
-1.000930079922603	1.3836038806595594	-6.921278854354402
-1.0006063871413673	1.3836287478244202	-6.829939071621905
-0.9998806658864975	1.3836464210611488	-6.763474345280537
-1.0007140734076188	1.3836216380511075	-6.856320353814527
-1.0007938663987082	1.383615621899731	-6.878226066405409
-0.9986639804196581	1.383557885676728	-7.083268143445148
-0.9996545935078178	1.3836411678104388	-6.782059815445663
-1.0000822238059144	1.383646795054968	-6.762686720589105
-0.9995498207944298	1.3836370000268245	-6.796961571869728
-0.9984969974371751	1.383534182257488	-7.169042948239014
-0.9984177303779395	1.3835219542348363	-7.213779223445656
-1.0009087436806672	1.3836058423388233	-6.914364393008924
-0.995894990453607	1.382804577923882	-9.827941002570522
-0.9997014509702998	1.3836426765165242	-6.776715920076617
-1.0005706814208377	1.3836308492284766	-6.822367862059499
-0.9987816896650841	1.3835729190890729	-7.028567331116921
-1.002306563947066	1.3833811212305858	-7.73690700866534
-1.0002292227206924	1.383644505939897	-6.771498479344432
-0.9998784987264255	1.3836463949647069	-6.7635686472985626
-1.0005847678800983	1.3836300354190012	-6.825067488502727
-1.0004553431829486	1.383636766221968	-6.800288489911112
-0.9978523869742466	1.3834165210072618	-7.596482661908426
-0.9995330520238505	1.3836362310720594	-6.7996017537044375
-1.0000191858827199	1.3836471146877762	-6.761321167743588
-0.9991385272491926	1.3836100263276618	-6.8941437999031026
-0.9984969974371751	1.383534182257488	-7.169042948239014
-0.9984177303779395	1.3835219542348363	-7.213779223445656
-1.000311019274574	1.3836422964432231	-6.779761344989301
-0.9978865828214273	1.3834238064841466	-7.5702693710668845
-0.9989181314749715	1.3835886111174085	-6.971509360739185
-1.001149042640716	1.3835811181431719	-7.005343078219323
-0.9993775556235915	1.383627761242595	-6.829961329611335
-1.002306563947066	1.3833811212305858	-7.73690700866534
-1.0002292227206924	1.383644505939897	-6.771498479344432
-1.0002266994369233	1.3836445634609458	-6.771230700110793
-1.0006054861254965	1.3836288024202725	-6.829838415561543
-1.0012934818371453	1.3835634783295296	-7.069931521228204
-0.9978512854013512	1.3834162843713587	-7.598550699155586
-0.9997452039305643	1.383643887040831	-6.772272107156299
-1.0011041450784985	1.3835861762749624	-6.986427667946868
-0.9990116962963298	1.3835982958821464	-6.936702629640896
-0.9985175599727117	1.3835372516709556	-7.158162727783323
-0.9996732748166557	1.3836417956254095	-6.77981946487216
-0.9995745521648501	1.3836380827996593	-6.793097985180869
-0.9978865828214273	1.3834238064841466	-7.5702693710668845
-0.9990507572109422	1.383602079999052	-6.9230159660164485
-1.0010953232936615	1.383587146436799	-6.983106108123433
-0.9993775556235915	1.383627761242595	-6.829961329611335
-1.001687830591685	1.3835046944873695	-7.28519059887954
-1.0000896432373285	1.383646731297181	-6.762946839412048
-1.0002740565834403	1.3836433777421346	-6.775629691609777
-1.0008017016629864	1.3836149968148592	-6.880545178061592
-1.0017868481957541	1.3834874917689475	-7.348264315265068
-0.9993968236136307	1.3836289420050272	-6.825776197083604
-0.9993647654263667	1.3836269569445039	-6.833195067490301
-1.0011115138174658	1.3835853599443602	-6.989454187409622
-0.9997962639582131	1.3836450576739447	-6.768174663190351
-0.9988781942004089	1.383584210680081	-6.987891396476672
-0.9996732748166557	1.3836417956254095	-6.77981946487216
-0.9997088794030806	1.3836428955325835	-6.775910561518932
-0.9977606543167463	1.3833963996382257	-7.67019379375262
-0.9987802047303539	1.3835727380676883	-7.029349834276854
-1.0015246870482732	1.3835308995629223	-7.189241621962699
-0.9994369014350254	1.3836312790929872	-6.8174542325020235
-1.001687830591685	1.3835046944873695	-7.28519059887954
-1.000042422896798	1.3836470431075722	-6.761636771412071
-1.0003915967073749	1.3836394656936195	-6.7902193370719885
-1.0005408789530565	1.383632505590588	-6.816021302436917
-1.0014667641075132	1.3835395632453265	-7.1574470938973125
-0.9999789898826191	1.3836471110214292	-6.761227308995575
-1.0002128125236944	1.383644868634169	-6.77004064524966
-1.000695132363149	1.3836229726425662	-6.851389268065308
-0.9996125015620866	1.3836396253407117	-6.787614137798537
-0.9989120707424295	1.383587953589207	-6.97428235323047
-0.9996732748166557	1.3836417956254095	-6.77981946487216
-0.9998421215415182	1.3836458868122983	-6.765246653672369
-0.9977606543167463	1.3833963996382257	-7.67019379375262
-0.9990342968499893	1.3836005039639838	-6.9285521238915555
-1.0015246870482732	1.3835308995629223	-7.189241621962699
-0.9998210800284371	1.3836455324748698	-6.766586685731059
-1.0008991995631644	1.3836067050999612	-6.910925795107463
-1.0022649307759197	1.3833906375216956	-7.702655778790761
-1.0001653783531235	1.3836457655926968	-6.7666138632992485
-0.9998232222544605	1.383645570574115	-6.766378239991356
-1.0004892852438025	1.3836351630901909	-6.806278526999988
-0.9994666636755526	1.3836329107109322	-6.8114723998185385
-1.000159387296884	1.3836458628771606	-6.766332361310929
-0.9999327477747104	1.3836469069495907	-6.7618415116891155
-0.9996125015620866	1.3836396253407117	-6.787614137798537
-0.9977496341849444	1.3833939257776025	-7.679402808495832
-0.9994847352670263	1.3836338582054286	-6.808314637599835
-0.9996878356345061	1.3836422607631267	-6.778046771106046
-0.9977606543167463	1.3833963996382257	-7.67019379375262
-0.998814581892883	1.3835768722882469	-7.014318858743648
-1.0015246870482732	1.3835308995629223	-7.189241621962699
-0.9995808124216463	1.3836383471813887	-6.7921828863593845
-1.0005460563057673	1.3836322242182275	-6.817131478174351
-1.0022649307759197	1.3833906375216956	-7.702655778790761
-1.0002788207257436	1.3836432460428258	-6.776118611198566
-0.999726087888884	1.38364338170045	-6.774040080204076
-1.0006037538530532	1.3836289071569272	-6.829296642439621
-0.9994002059896289	1.3836291454499372	-6.825412278645693
-0.9989383232187733	1.3835907752132912	-6.963982464142989
-1.0010244482063548	1.3835946583863057	-6.955704141247674
-0.9996177356721779	1.3836398267918646	-6.786714386773723
-0.9977496341849444	1.3833939257776025	-7.679402808495832
-0.998456816517449	1.38352806232964	-7.191768142207513
-0.9997352201090945	1.3836436276731496	-6.773259214550494
-0.9982294262624302	1.3834903865246724	-7.3286635660440975
-0.9991494018856969	1.383610957235078	-6.890699847668429
-1.001759895342367	1.3834922715118767	-7.330929239184535
-0.9995590751933664	1.3836374123584256	-6.7955198596228135
-1.0002970443885828	1.3836427213242415	-6.778102089316571
-1.0013784658896603	1.383552124682233	-7.111603518989518
-1.0005559206976091	1.3836316807015794	-6.819169319625292
-1.0004910852235043	1.3836350748578436	-6.806508618380653
-1.000936439944533	1.383603287104195	-6.923736809578115
-0.9995651359520848	1.3836376777556725	-6.794544302049559
-0.9989259529388994	1.3835894542382081	-6.968678347523419
-1.0014877637782524	1.383536461039687	-7.168953244344091
-0.9990392134633953	1.3836009775542348	-6.926939061538068
-0.9977496341849444	1.3833939257776025	-7.679402808495832
-0.997199637546003	1.383255031598993	-8.185576360033563
-0.9994269801468588	1.3836307155050762	-6.819724950744915
-0.9983424369738954	1.3835097573334054	-7.257652690297954
-0.9989920892063728	1.3835963388842853	-6.943713608576605
-1.001759895342367	1.3834922715118767	-7.330929239184535
-0.9993981616694921	1.3836290226238774	-6.825569549117704
-0.9999265001442907	1.3836468629812415	-6.761982613774616
-1.0013744448275663	1.3835526781634797	-7.109708964590598
-1.000120755581713	1.3836464039971552	-6.764194654674319
-1.0006792188966245	1.3836240661772043	-6.847393635150596
-1.0001450820534774	1.3836460806525688	-6.765462467064764
-0.999977478706377	1.3836471077322476	-6.761230646419573
-0.998166707864629	1.3834790850900003	-7.369679420916002
-1.0015567490647828	1.383525959710146	-7.207510132779812
-0.9988666080845922	1.3835829042309853	-6.992836800176468
-0.9977496341849444	1.3833939257776025	-7.679402808495832
-0.997199637546003	1.383255031598993	-8.185576360033563
-0.9993344962234673	1.383624988328852	-6.840318193007074
-0.9981805166866714	1.383481607116307	-7.360108893089448
-0.9986194202717975	1.3835518330733847	-7.104898135324232
-1.0009779895757591	1.3835993099121662	-6.9384186279864695
-0.9989809681402029	1.3835952117961168	-6.947841053463865
-1.0000612222169682	1.3836469456846885	-6.762046609789593
-1.0005355584228464	1.3836327919514668	-6.81514556168003
-1.0007012436083007	1.3836225459627718	-6.85272282340602
-1.0000437645748546	1.3836470373257803	-6.7616879924848865
-0.9990231802882266	1.3835994242552154	-6.932590282070316
-0.999977478706377	1.3836471077322476	-6.761230646419573
-0.998166707864629	1.3834790850900003	-7.369679420916002
-1.0015567490647828	1.383525959710146	-7.207510132779812
-0.9990692056319234	1.3836038141848988	-6.9166711874899915
-0.9984161280157559	1.3835217005695573	-7.214573768607212
-0.9978592194864826	1.3834179860323281	-7.592356108430066
-1.0001669441373975	1.3836457395754305	-6.766795880923465
-0.9978796378476749	1.3834223363098304	-7.575792611807903
-0.9986194202717975	1.3835518330733847	-7.104898135324232
-1.0020933929124458	1.3834280183983871	-7.565833933793204
-0.9993468036333587	1.3836257998180113	-6.837087480323342
-0.9999191900900335	1.3836468065806036	-6.762152610468089
-1.000464526968467	1.3836363438274593	-6.801769338944939
-1.0019357955183668	1.3834597678782345	-7.449300901412785
-1.000119534995407	1.3836464186619246	-6.7641178841282406
-0.9987242151653106	1.3835657517454598	-7.054482614711764
-0.9999959386276549	1.3836471322679438	-6.761195045361527
-0.998166707864629	1.3834790850900003	-7.369679420916002
-1.0012624125574305	1.383567448819423	-7.055335499232268
-0.9989780209065089	1.3835949110293042	-6.949134011337792
-0.9983434865483218	1.3835099312519015	-7.257306749835116
-0.9976459220529773	1.383370048943648	-7.7666693296099805
-0.9997604950704511	1.383644264962117	-6.770935434077343
-0.9982045817904606	1.3834859567653237	-7.344559555225462
-0.9987336476220855	1.3835669506754285	-7.050335748824894
-1.0009675120550792	1.3836003291138448	-6.9345753853491505
-0.9987865219494283	1.38357350664372	-7.02631975276237
-1.0003088823585813	1.3836423626771088	-6.779424996800173
-1.0011011905359117	1.383586502062862	-6.9853473171715095
-1.0019357955183668	1.3834597678782345	-7.449300901412785
-1.0010419397499442	1.3835928511705553	-6.961857930115207
-0.9991823116458634	1.3836137023804564	-6.880958340591393
-1.0001725697164874	1.3836456440773286	-6.767128160557481
-0.998166707864629	1.3834790850900003	-7.369679420916002
-1.0012624125574305	1.383567448819423	-7.055335499232268
-0.999545605494144	1.3836368093743334	-6.797637161378621
-0.9972421752583221	1.3832668532273904	-8.142061537072884
-0.9976459220529773	1.383370048943648	-7.7666693296099805
-1.000787696779172	1.383616109781885	-6.876721324927187
-0.9974344487165213	1.383318030423273	-7.955964161866556
-0.9991586060346921	1.383611735902438	-6.888039848752609
-1.00091621065154	1.3836051609947813	-6.916975362913357
-0.9987865219494283	1.38357350664372	-7.02631975276237
-1.0001291376129375	1.3836462992665273	-6.764643910205653
-1.001095264695056	1.3835871528550692	-6.983111756695836
-1.0012020712546033	1.3835748843276239	-7.027951039431121
-0.9999949184013992	1.3836471318015486	-6.7611945429137315
-0.9992663485085089	1.3836202208671327	-6.857304614337945
-1.0006798353299913	1.3836240242888858	-6.847474169386394
-0.9983074200846986	1.3835038917541969	-7.279032423865749
-1.0018004183757805	1.3834850577762885	-7.357310643965883
-0.999503537438009	1.383634809338908	-6.804823216116567
-0.9983151037311777	1.3835051893208463	-7.2742016040768185
-0.9976459220529773	1.383370048943648	-7.7666693296099805
-1.000787696779172	1.383616109781885	-6.876721324927187
-0.9974344487165213	1.383318030423273	-7.955964161866556
-0.9979478920306197	1.3834365757367812	-7.52370337748907
-1.0006725344550078	1.3836245179630222	-6.845566420211703
-0.9987865219494283	1.38357350664372	-7.02631975276237
-0.9998222515066665	1.3836455533663368	-6.766454484089222
-1.0008364150789781	1.3836121535834638	-6.8910087556603585
-1.0012111788222227	1.3835737853857109	-7.032263055482286
-0.9996374382475075	1.3836405605414623	-6.784079973365952
-1.0005787661763001	1.3836303845783395	-6.82398411922253
-1.0012061973081625	1.38357438749537	-7.029846036369948
-0.9983085803939962	1.3835040880785023	-7.278641340281006
-1.0018004183757805	1.3834850577762885	-7.357310643965883
-0.9995167333570868	1.3836354557602732	-6.802338154968706
-0.998606433098666	1.3835500316572562	-7.111827542458736
-0.9974485136177801	1.3833216289547483	-7.942746582392116
-1.0004690776786676	1.3836361313992498	-6.802693851775551
-0.9974344487165213	1.383318030423273	-7.955964161866556
-0.9985284173389405	1.3835388553162644	-7.152356093672888
-1.0006353249240914	1.3836269512047223	-6.836620589418227
-0.9987837974954594	1.3835731756660785	-7.027769918295399
-0.9995237886323008	1.3836357942293447	-6.801439947031899
-1.0012999270218377	1.3835626425795757	-7.073247571045855
-1.0005291341056037	1.3836331339475954	-6.813718634665266
-0.9999478200294739	1.3836469969552148	-6.7615522013205895
-0.9999782177218891	1.383647109369299	-6.761226919492223
-1.0022426879326358	1.3833956506345215	-7.684276430657154
-0.9983342936745927	1.3835084042145558	-7.262548091392343
-1.0018004183757805	1.3834850577762885	-7.357310643965883
-0.9985248006786813	1.3835383224408	-7.154286565341535
-0.9985793759822884	1.383546224462696	-7.125480273139766
-0.9974485136177801	1.3833216289547483	-7.942746582392116
-0.9995245585364794	1.3836358308634191	-6.801008495704231
-0.9974344487165213	1.383318030423273	-7.955964161866556
-0.998530695799553	1.3835391903510084	-7.150838492603064
-1.0006353249240914	1.3836269512047223	-6.836620589418227
-0.9987837974954594	1.3835731756660785	-7.027769918295399
-0.9994572922989454	1.3836324065102417	-6.813488293521277
-1.001477045421802	1.3835380499337777	-7.16297907632841
-1.0010968611875488	1.3835869778694434	-6.983471962362357
-0.9999478200294739	1.3836469969552148	-6.7615522013205895
-0.9990561727231053	1.3836025925962505	-6.921292778602403
-1.0032450659478336	1.3831206104423914	-8.689598851773509
-0.9983191684289953	1.3835058733541767	-7.271659586606522
-1.000349496790226	1.3836410256923621	-6.78452021378265
-0.9985248006786813	1.3835383224408	-7.154286565341535
-0.9992732686802757	1.3836207261721276	-6.855367524321876
-0.9972989987914039	1.3832823627162392	-8.085557513637502
-1.0000067128968153	1.3836471308395317	-6.761228775568301
-0.9978759603947894	1.383421555880456	-7.5786627076827005
-0.9985116573973548	1.3835363749075384	-7.16112236793752
-1.0001850905392264	1.3836454201672954	-6.7679384190405925
-0.9997765754543338	1.3836446371663007	-6.76959853947278
-0.9995558726945735	1.3836372706395097	-6.795872831036478
-1.0010335737589702	1.3835937193569194	-6.958878740763997
-1.0003915616377772	1.383639467066872	-6.790213609927547
-0.9999232482992136	1.3836468385515022	-6.762048654073734
-0.9993086874710896	1.3836232374420496	-6.846353457588878
-1.0032450659478336	1.3831206104423914	-8.689598851773509
-0.9981882103978906	1.3834830040145654	-7.35496070589535
-1.0004318406321235	1.3836378087761032	-6.79644190841297
-0.9990287780938799	1.3835999694931345	-6.9306807267201105
-0.9991226475267277	1.383608645724563	-6.899071597529145
-0.997584093776013	1.383355302948526	-7.820150850128361
-0.9994460256128536	1.3836317887116003	-6.815751831461139
-0.9976843857108771	1.3833790296158814	-7.734050778166292
-0.9983685426921942	1.3835140504453214	-7.242184787937638
