#cosmological_parameters--omega_m	cosmological_parameters--sigma8_input	cosmological_parameters--w	prior	post
#sampler=emcee
#n_varied=3
#module_0=mass_function_like 1.1
#timestamp=2025-10-02T05:44:18.758295
#platform=Linux-5.14.21-150500.55.97_13.0.78-cray_shasta_c-x86_64-with-glibc2.31
#platform_version=#1 SMP Thu Mar 13 20:09:44 UTC 2025 (330b47d)
#uuid=7280588a1bc946259fd2f5144dac666b
#cosmosis_git_version=
#csl_git_version=
#cwd_git_version=5ff5d9a45b876d0c2ecc0c6da8da4c99a4c65ef7
#walkers=16
#samples=1500
#nsteps=100
#a=2.0
#random_start=False
#start_points=
#covmat=
#start_method=
#start_input=
## START_OF_PARAMS_INI
## [runtime]
## sampler = emcee
## root = /global/homes/x/xintang/cosmosis-standard-library
## resume = T
## verbosity = debug
## 
## [emcee]
## walkers = 16
## samples = 1500
## 
## [output]
## filename = mf_xt/output/mf_w_lowz3.txt
## format = text
## lock = F
## new_file = T
## 
## [pipeline]
## modules = mass_function_like
## values = mf_xt/values_fit.ini
## likelihoods = hmf_counts
## priors = mf_xt/priors_fit.ini
## 
## [likelihoods]
## mass_function_like = hmf_counts
## 
## [mass_function_like]
## file = mf_xt/likelihoods/hmf_counts.py
## z_min = 0.3
## z_max = 0.5
## mass_min = 1e13
## mass_max = 5e14
## area_deg2 = 20000.0
## 
## END_OF_PARAMS_INI
## START_OF_VALUES_INI
## [cosmological_parameters]
## omega_m = 0.1 0.3 0.5
## sigma8_input = 0.6 0.8 1.0
## w = -1.50 -1.00 -0.50
## h0 = 0.7
## omega_b = 0.04
## omega_k = 0.0
## yhe = 0.245341
## tau = 0.08
## n_s = 0.96
## a_s = 2.1e-9
## k_s = 0.05
## n_run = 0.0
## wa = 0.0
## 
## END_OF_VALUES_INI
## START_OF_PRIORS_INI
## [cosmological_parameters]
## omega_m = normal 0.3 0.01
## sigma8 = normal 0.81 0.01
## w = normal -1.0 0.1
## 
## END_OF_PRIORS_INI
0.2994916273217994	0.8001774432064049	-0.9994713500396861	5.984863330311523	-2.2094379135599276
0.29935948483743374	0.8002672222199129	-1.000149143829914	5.9841171071887675	-2.1652179083763894
0.300181455339322	0.7997616808103436	-0.9987788476803814	5.985930326900027	-2.4273720350651526
0.2999660603788674	0.7996703809979469	-0.9993630204109365	5.9861434711109975	-2.2308330150354525
0.29870933833671526	0.8007661338409483	-0.9999743125753953	5.977840447112701	-2.1670557956548713
0.29959527682617004	0.8009379190692033	-1.001073150129388	5.98529293095307	-2.37222978765531
0.2997102984001804	0.799529655630774	-1.001154826642955	5.9856832014368	-2.405271244610744
0.3001842423430573	0.8003733254027136	-0.9996363392359533	5.985993179087814	-2.1820261491785686
0.29993377900692914	0.8000616431218982	-0.9983459867847578	5.986010803664828	-2.6531531710077276
0.3006163521528219	0.7996222291375229	-1.0010148764211761	5.984218569161301	-2.351051220981474
0.2996398565341297	0.7998136954021519	-0.9990658275098271	5.98547736725814	-2.3160147761642254
0.3001565848386565	0.8000424741593816	-0.9985303310106883	5.985938927344862	-2.549204407073673
0.29998187047963015	0.8002153694190216	-0.9986400317378421	5.986075398669007	-2.4921481076922394
0.2991740489746748	0.7998093458514585	-1.0016721988431263	5.982618729820528	-2.676566813835821
0.30026298188846434	0.7998195236816432	-0.9969446941847757	5.985356975700726	-3.855037513766418
0.30040185853677376	0.8003514065373736	-1.0030103973981441	5.984908941707627	-3.819191813894494
0.2989764969145531	0.8004164710653429	-1.0011587157671475	5.980864593809207	-2.4118184167391465
0.2992021889444908	0.8003115729247356	-1.0004685925910692	5.982976026397971	-2.20310694395301
0.3002644340003831	0.7996611848495826	-0.9989238684710138	5.985761988094078	-2.367472247103228
0.2998026455434873	0.7996754175928825	-0.9996035374566619	5.9859669147153145	-2.1864368790666813
0.29791720349557593	0.8006125373259378	-0.9989918205382725	5.964428490064697	-2.362918304242535
0.29959527682617004	0.8009379190692033	-1.001073150129388	5.98529293095307	-2.37222978765531
0.2995803039407621	0.7994581300735901	-1.0020655362164	5.985075471846493	-2.9431258049624844
0.3006669710009538	0.8004354273498709	-0.9993361958947676	5.983923234375181	-2.239371578810749
0.29993377900692914	0.8000616431218982	-0.9983459867847578	5.986010803664828	-2.6531531710077276
0.3013730349644864	0.7992339183165543	-1.0015360809773657	5.9766254154432925	-2.602580324799904
0.2995885604025418	0.7997909843078832	-0.9991189867787196	5.985284295823668	-2.2984700976346986
0.3001565848386565	0.8000424741593816	-0.9985303310106883	5.985938927344862	-2.549204407073673
0.29998187047963015	0.8002153694190216	-0.9986400317378421	5.986075398669007	-2.4921481076922394
0.299332095940157	0.7998618313611784	-1.000980245517528	5.983890994520749	-2.338713758556281
0.30026298188846434	0.7998195236816432	-0.9969446941847757	5.985356975700726	-3.855037513766418
0.30057519867406546	0.800430735379609	-1.0033393552499348	5.983957685502759	-4.202005896744737
0.29875414551461754	0.800643698892017	-1.0018997117666906	5.978228305516692	-2.829916014285831
0.2992021889444908	0.8003115729247356	-1.0004685925910692	5.982976026397971	-2.20310694395301
0.3002644602979878	0.7996583173488356	-0.9989597111235727	5.9857657114568745	-2.353421634941956
0.2998734409255377	0.7996975797482737	-0.9991946324738178	5.986057000910999	-2.275073551827906
0.29786234236260684	0.8006269074743395	-0.9990300739022361	5.963274579044972	-2.3503191810878175
0.29959527682617004	0.8009379190692033	-1.001073150129388	5.98529293095307	-2.37222978765531
0.29971071356991297	0.7992709872871087	-1.0020917117104775	5.985532321663104	-2.96239587974409
0.30023848991010316	0.8007637479482643	-0.9999773133216717	5.985885104829881	-2.158992351298716
0.29944313192279637	0.7998115092646763	-0.9976833455987281	5.984350663092465	-3.13310463312593
0.3013730349644864	0.7992339183165543	-1.0015360809773657	5.9766254154432925	-2.602580324799904
0.2997308867863488	0.7997708971634445	-1.000524004681336	5.985793679096144	-2.210686252377588
0.30098140219836067	0.7998099109908937	-0.9968552276191933	5.980859286709164	-3.960219938681986
0.30128007385923933	0.7999656416309506	-0.9984188370303398	5.977851568507884	-2.6184938039901517
0.2994039041287838	0.799613229452839	-1.0012630699309957	5.98431309902932	-2.454785147366268
0.30027548267963855	0.7998193564171073	-0.9969431374319417	5.98532284377835	-3.8562893983838773
0.3002542692307062	0.8000954469853536	-1.0014438812402664	5.985742013890036	-2.543257694702856
0.2994808420855643	0.8001695769431434	-1.0004851136912036	5.984810126284979	-2.204464777101852
0.2990501537608027	0.8003890469666975	-1.0004595785584838	5.981647917737098	-2.2029889843269874
0.30094231162382773	0.7996938326250889	-0.9971453788610537	5.981322318675904	-3.643090895948024
0.30022847913345657	0.7997613608575193	-0.9976305924814981	5.985627799578692	-3.177396033606742
0.2970084118714541	0.8009657340395139	-0.9984205201488394	5.94129678226596	-2.6543154680024994
0.29945152470929814	0.8015789126533086	-1.0020439471883302	5.984456506022267	-2.9273224022006463
0.29973381271701927	0.7993315420842849	-1.0016804713310756	5.985674040207423	-2.678514281472408
0.3009318233142559	0.8000455701694815	-0.9981565640783229	5.981658131505434	-2.7779599272952638
0.29944313192279637	0.7998115092646763	-0.9976833455987281	5.984350663092465	-3.13310463312593
0.3013966914862627	0.7992245317703419	-1.001552967505942	5.976295196807535	-2.6126336591480657
0.298122400925837	0.8002984626154593	-0.99953044754078	5.968531602358167	-2.2152616294867347
0.3006590200668524	0.7997417449631802	-0.99780153564989	5.983756318232748	-3.0365600068953302
0.30128007385923933	0.7999656416309506	-0.9984188370303398	5.977851568507884	-2.6184938039901517
0.2994039041287838	0.799613229452839	-1.0012630699309957	5.98431309902932	-2.454785147366268
0.3002291697643573	0.7998126124849952	-0.9968751058267784	5.985418675666085	-3.933305011863479
0.30041532088722345	0.8003318320559664	-1.001370670078453	5.985213123730236	-2.5060563194539016
0.29792124844348933	0.8003463502866025	-1.0022761847417492	5.964304426732848	-3.1311886216966407
0.2995913567535347	0.8004616832188549	-1.0010219252770012	5.9852823546722576	-2.3528235809311226
0.3004078083057918	0.800369704890955	-0.9989017003038009	5.985277666567757	-2.3764840375195
0.30015517087336996	0.7996976628473627	-0.9982307738606229	5.98589261969393	-2.725075606500452
0.2951688377605211	0.8018371235616518	-0.9989727775429125	5.869416115530605	-2.4650191276289277
0.2983568917051152	0.8026884014615863	-1.0021035300725183	5.972449251468359	-2.9844795306966914
0.30051428789476203	0.7991047505558649	-1.0008183777129682	5.984813570452706	-2.2844305900504427
0.3009318233142559	0.8000455701694815	-0.9981565640783229	5.981658131505434	-2.7779599272952638
0.2994422081490351	0.7998128668825464	-0.9976898716895175	5.984347024364696	-3.1277211258278035
0.30213671438050294	0.7988572809494224	-1.0018977873844588	5.9631616961831835	-2.843367173833153
0.2980814781985143	0.8002590385163639	-0.9994530587663241	5.967750931000721	-2.2301795800864586
0.3006590200668524	0.7997417449631802	-0.99780153564989	5.983756318232748	-3.0365600068953302
0.30241293295035826	0.7998617281125814	-0.9980525426874103	5.956868661136413	-2.8744108401825184
0.2989310439325147	0.7995648117189864	-1.0025671899169746	5.980126659175696	-3.372594119259773
0.30019900562249396	0.799728477549058	-0.9961466394293942	5.9852290821769785	-4.8594499493441035
0.3016442771606192	0.8003701637214166	-1.0023804469856015	5.972367954453022	-3.2116435682274993
0.2970832888512959	0.800340990484774	-1.0022527179479161	5.943379761217738	-3.1327285528791897
0.29918250328643536	0.8010627969954971	-1.0011120957388666	5.982766175520189	-2.3905125429215355
0.30035090283086674	0.8010457295440638	-0.997877377808743	5.985328577518363	-2.976197104841571
0.3001030058711648	0.7997128105450829	-0.9983252394806964	5.985976225562931	-2.6661399911562196
0.2951688377605211	0.8018371235616518	-0.9989727775429125	5.869416115530605	-2.4650191276289277
0.2984931520219458	0.8024620594432925	-1.0020223603418363	5.974612066537813	-2.9211937915378057
0.30051428789476203	0.7991047505558649	-1.0008183777129682	5.984813570452706	-2.2844305900504427
0.3009318233142559	0.8000455701694815	-0.9981565640783229	5.981658131505434	-2.7779599272952638
0.299924253027196	0.79949447279873	-0.9990965583757558	5.986100019392389	-2.30504814026056
0.3058184904594005	0.7951255376724414	-1.001697381552662	5.816751306412813	-2.858002672435644
0.2978635333927948	0.8004371331809961	-0.998654169779338	5.963256506982598	-2.5084733042983682
0.3008414025330328	0.7998580725325489	-0.9986491450171424	5.982538486178049	-2.4915653520272887
0.3027839997934259	0.7998147958219527	-0.9980034716258601	5.947216937223839	-2.9194898140631445
0.2989310439325147	0.7995648117189864	-1.0025671899169746	5.980126659175696	-3.372594119259773
0.30019900562249396	0.799728477549058	-0.9961466394293942	5.9852290821769785	-4.8594499493441035
0.3016442771606192	0.8003701637214166	-1.0023804469856015	5.972367954453022	-3.2116435682274993
0.29821814474218344	0.8002567481163683	-1.0010388674649615	5.970240514670724	-2.3738965504418665
0.29918250328643536	0.8010627969954971	-1.0011120957388666	5.982766175520189	-2.3905125429215355
0.30037256861500977	0.8011622244593173	-0.9978382354395823	5.9852418195850685	-3.006399280910985
0.29869707958989294	0.8000305774152383	-0.9967442386295987	5.977151510669837	-4.093725642756572
0.2951688377605211	0.8018371235616518	-0.9989727775429125	5.869416115530605	-2.4650191276289277
0.29887689883482005	0.802196653926387	-1.0011680289488745	5.979794522032842	-2.417199167206183
0.3010186615881051	0.7987716081301933	-1.0022902235751656	5.980718904393639	-3.1262916016998634
0.30165157404631704	0.8003570086735551	-1.0001306495210145	5.972530180133047	-2.17577672609025
0.29971810055438897	0.7987275774727506	-0.9996751828803085	5.985766905955014	-2.177488230505052
0.3058184904594005	0.7951255376724414	-1.001697381552662	5.816751306412813	-2.858002672435644
0.2975412343964822	0.8007392484938968	-0.9969801520490238	5.955485902202693	-3.8460871806019865
0.3008414025330328	0.7998580725325489	-0.9986491450171424	5.982538486178049	-2.4915653520272887
0.3008122187122132	0.8000641853982206	-0.9982642262381553	5.982720376040293	-2.7070692060035935
0.2985461001373745	0.7997973115620224	-1.0021994145539788	5.97535852247853	-3.057117105480245
0.3000251896264221	0.7996532667970722	-0.9956699082330677	5.9852288604283554	-5.570263086209275
0.30394127412881256	0.7988452867585967	-1.0026414724602755	5.908152440120098	-3.5155045077906877
0.29821814474218344	0.8002567481163683	-1.0010388674649615	5.970240514670724	-2.3738965504418665
0.29886836619848034	0.8010365515002311	-1.001976284381368	5.979571257448743	-2.8829209611648814
0.3000038479705797	0.8011314186223153	-0.9988525830139059	5.986103615428867	-2.3955625270646195
0.2987784689977162	0.8010109824025563	-0.9987465252845457	5.9786302678594385	-2.4496175415506567
0.2944435705128044	0.8021727558149849	-0.9995819446550962	5.8317912360058015	-2.3438120531513507
0.2988110546678428	0.8017190743576199	-1.0013733221574779	5.979007262048552	-2.5134304619755055
0.3010186615881051	0.7987716081301933	-1.0022902235751656	5.980718904393639	-3.1262916016998634
0.30165157404631704	0.8003570086735551	-1.0001306495210145	5.972530180133047	-2.17577672609025
0.2992485263223584	0.7987116799780398	-0.9987310090244246	5.9832654374045084	-2.452131051351433
0.30384596905784417	0.7964572432017842	-1.001526477072847	5.912095621168084	-2.6619113870566418
0.2975412343964822	0.8007392484938968	-0.9969801520490238	5.955485902202693	-3.8460871806019865
0.30057617982381335	0.7996947377412419	-0.998164150627936	5.9843410846575615	-2.770078853072274
0.2993152472365811	0.8018439922271163	-0.996654503654053	5.983265468725168	-4.194549774876631
0.2985461001373745	0.7997973115620224	-1.0021994145539788	5.97535852247853	-3.057117105480245
0.3000251896264221	0.7996532667970722	-0.9956699082330677	5.9852288604283554	-5.570263086209275
0.30546474802783075	0.79783944809107	-1.0043120725717325	5.835922464218659	-5.706869274887519
0.2983965816144894	0.7998383223275343	-1.0007291410016008	5.973288182825277	-2.2705298432107472
0.2988719725814728	0.8010375772491777	-1.002105851800348	5.979585557875257	-2.97923290014543
0.3004444948094306	0.8012015914375702	-0.9991876257483082	5.98514864197596	-2.2780026199795396
0.29752244048281157	0.8020403150393829	-0.9985783489031049	5.955376957352135	-2.554172593359974
0.29334333236810123	0.8027418844210713	-0.9991287567463311	5.764575444702058	-2.516453030910344
0.2984225788780904	0.8014193164825768	-1.0000293207535866	5.973728187785693	-2.1713600601691523
0.3011896727690172	0.7980478561988285	-1.003214308593618	5.9785763222767985	-4.057173642139229
0.2998486841344377	0.8015473253490364	-0.9981536493967121	5.985884584766887	-2.7753935565230625
0.2992308533416689	0.7978819956948391	-0.9992810320530314	5.983185739094707	-2.253750714635161
0.3021347497859523	0.7978886519674147	-0.9989034851818803	5.96332361726982	-2.3978016917504608
0.2975412343964822	0.8007392484938968	-0.9969801520490238	5.955485902202693	-3.8460871806019865
0.3014964335063717	0.7987835731190116	-0.9991104481020022	5.974933386426334	-2.311724662203427
0.2993035916223814	0.8012968021360716	-0.9970172526625541	5.983299755524216	-3.7775523652924914
0.2989658651555913	0.8003612633462005	-1.0008956439804342	5.980782234461169	-2.3128541769672823
0.3000251896264221	0.7996532667970722	-0.9956699082330677	5.9852288604283554	-5.570263086209275
0.30546474802783075	0.79783944809107	-1.0043120725717325	5.835922464218659	-5.706869274887519
0.2944489965878645	0.8020685052711053	-1.001576263507616	5.831977093010283	-2.7703028867253296
0.2983859690620057	0.8018069876281071	-1.0020319837406342	5.9729375905101305	-2.93016679671359
0.3004444948094306	0.8012015914375702	-0.9991876257483082	5.98514864197596	-2.2780026199795396
0.2956589077648359	0.8037979140548952	-1.0010053345483723	5.891893573901537	-2.440112370201466
0.290075542405079	0.8046026433725454	-0.9990243120054649	5.493647626630195	-2.8222822667740504
0.29905681911057275	0.8005038485891028	-1.0006654991778896	5.9816994223415625	-2.2456901740610826
0.3007822423854977	0.7980133575575511	-1.0023961952203049	5.982822914425219	-3.214914589371597
0.29996553673351156	0.8017043161149975	-0.9977907106726568	5.985919531199974	-3.04292693012591
0.3006915405934335	0.7974686103202686	-0.9988060327121938	5.9837070978942055	-2.417618958675609
0.30560773140065234	0.7960772916955274	-0.9972073418288171	5.828546313457888	-3.73257207322796
0.2975412343964822	0.8007392484938968	-0.9969801520490238	5.955485902202693	-3.8460871806019865
0.30423250416936687	0.7965413255930479	-0.9994767952493865	5.8965853728711615	-2.2968267485141745
0.29711498609867354	0.8018274359451448	-0.9977925963689152	5.9443093601564945	-3.083881625165504
0.2937313892923055	0.8022855447996611	-0.9979334899288839	5.7894785935334445	-3.1283030165084122
0.30012187366284276	0.799588648291575	-0.9951929578375699	5.984939869084212	-6.367385380379107
0.3043350458262259	0.7983874621377075	-1.0039340265601644	5.891432577924058	-5.084494279517606
0.2943994388104163	0.8020717769603654	-1.0016102709796837	5.8292084409274985	-2.7926570960900854
0.2988617702665851	0.8017993326601344	-1.00361902752984	5.979036815107019	-4.561344497263281
0.3003974494628686	0.8012509712431606	-0.9990504146704376	5.985334601757676	-2.3214195961676536
0.2965016008086007	0.8033882524766109	-1.0003763179328038	5.924968452479011	-2.246868944440716
0.2830524326077516	0.8066608114444751	-0.9999003203547856	4.550068818374666	-3.5962973270871315
0.3011507771003454	0.7990889274660522	-0.9995601208900522	5.979538403395289	-2.199315115865594
0.30132450314733394	0.7975572822560292	-1.0033023662961402	5.976852693656072	-4.163743263980761
0.29996553673351156	0.8017043161149975	-0.9977907106726568	5.985919531199974	-3.04292693012591
0.30168349173101205	0.7977187694520221	-1.0002021386612696	5.9719967527064055	-2.18084008789337
0.30560773140065234	0.7960772916955274	-0.9972073418288171	5.828546313457888	-3.73257207322796
0.2975412343964822	0.8007392484938968	-0.9969801520490238	5.955485902202693	-3.8460871806019865
0.30737171999804785	0.7926792495222454	-0.9997164370740762	5.714454218705512	-2.4443038367132175
0.29711498609867354	0.8018274359451448	-0.9977925963689152	5.9443093601564945	-3.083881625165504
0.2937313892923055	0.8022855447996611	-0.9979334899288839	5.7894785935334445	-3.1283030165084122
0.29676629842919533	0.801263372853572	-0.9964726684928586	5.933263285127069	-4.472979189786528
0.3043350458262259	0.7983874621377075	-1.0039340265601644	5.891432577924058	-5.084494279517606
0.2895099657584238	0.8037702880554624	-1.0019002447251908	5.43578487930227	-3.3723636240012578
0.30141287602624894	0.7996354406109906	-1.0011943339990055	5.976117102737451	-2.4320490413057563
0.3002547065810108	0.8012396736224238	-0.998848685698019	5.985778864307107	-2.3976517135074724
0.2935970789979832	0.8049816870550254	-1.0013648355283455	5.781089392158945	-2.706712200638096
0.284863461619302	0.8059031232723537	-0.9998662779538026	4.840594652919254	-3.3071305045204547
0.30132774704632054	0.7989958581340421	-0.9997834755836055	5.9773526125140455	-2.175488210421059
0.30132450314733394	0.7975572822560292	-1.0033023662961402	5.976852693656072	-4.163743263980761
0.29985130974401886	0.8018242112150771	-0.9974575595855549	5.985735773626086	-3.332138412114862
0.29904474368064915	0.7970533063095468	-0.9964882744277785	5.9809903337472266	-4.404891365874451
0.30560773140065234	0.7960772916955274	-0.9972073418288171	5.828546313457888	-3.73257207322796
0.2967383363188589	0.8003621549570744	-0.9968142225724236	5.932469809014976	-4.056287238787234
0.30962170919957405	0.7908344870775866	-1.0003427145549857	5.523277205481104	-2.643994587407537
0.2972095780400626	0.801585948145339	-0.9976123007856035	5.946952188800829	-3.2318615033814737
0.29114342708258834	0.8048339980920575	-0.9986374074221275	5.593882265616443	-2.8858166531433795
0.297478911857806	0.8010199787723707	-0.9949258405804945	5.953102735955971	-6.880456695179683
0.3043350458262259	0.7983874621377075	-1.0039340265601644	5.891432577924058	-5.084494279517606
0.292911593074935	0.8025886266213893	-1.0016985087501074	5.734797707474997	-2.9404905376069044
0.3052350066114951	0.797153701528154	-1.0017564769886516	5.848988786067683	-2.8630080523827486
0.3002547065810108	0.8012396736224238	-0.998848685698019	5.985778864307107	-2.3976517135074724
0.29432805503539355	0.804235669921778	-1.0001523281428266	5.825313559149478	-2.3242339656007545
0.2845375187623449	0.8060427049231486	-0.9999020540710308	4.790727407955826	-3.3556094269219034
0.3014702449142438	0.7988119889799561	-0.9997906154146351	5.975359225115727	-2.1769564138436808
0.30176525555277417	0.7971725356146644	-1.004046540760459	5.969770157310951	-5.168423766669046
0.300426174838733	0.800159183042495	-0.9997383024640567	5.985257968504393	-2.171295199345386
0.29904474368064915	0.7970533063095468	-0.9964882744277785	5.9809903337472266	-4.404891365874451
0.30560773140065234	0.7960772916955274	-0.9972073418288171	5.828546313457888	-3.73257207322796
0.2984088422452088	0.8001024543880585	-0.9983795108262832	5.973379303488988	-2.646339561071139
0.3172256114664069	0.7842479421777449	-1.0020154167834412	4.502357970551664	-4.388507902993744
0.29835452319221634	0.8005331069576843	-0.9966030456089909	5.972054583168756	-4.270316383653153
0.2906781280972807	0.805424875346491	-0.9978318680395142	5.5514479990868155	-3.4458190608950074
0.297478911857806	0.8010199787723707	-0.9949258405804945	5.953102735955971	-6.880456695179683
0.3041079980485381	0.7984750982612167	-1.0038865947091422	5.901035996994633	-5.005580351778608
0.292911593074935	0.8025886266213893	-1.0016985087501074	5.734797707474997	-2.9404905376069044
0.30789108009730826	0.7960063362045046	-1.0030704609194596	5.674352405726685	-4.197066729754434
0.30038509102304706	0.8007473892943543	-0.9991043708059646	5.985387934687437	-2.3033087343546734
0.29230622956704	0.8054265634147099	-0.9993803364002111	5.690179801225963	-2.5230968309041835
0.29053314796027063	0.8038225413419944	-0.9998402619401381	5.538061804227227	-2.6110241347032845
0.3007535449197419	0.7993562411165024	-0.9998269123368261	5.983328870052953	-2.1664611636451285
0.3023862843080753	0.7954525949496094	-1.0048159758602533	5.956538072581095	-6.425561157261329
0.30594837551695075	0.7981143286279082	-0.9996813895803777	5.8092485856669835	-2.353275823925168
0.29904474368064915	0.7970533063095468	-0.9964882744277785	5.9809903337472266	-4.404891365874451
0.30560773140065234	0.7960772916955274	-0.9972073418288171	5.828546313457888	-3.73257207322796
0.2984088422452088	0.8001024543880585	-0.9983795108262832	5.973379303488988	-2.646339561071139
0.3172256114664069	0.7842479421777449	-1.0020154167834412	4.502357970551664	-4.388507902993744
0.29835452319221634	0.8005331069576843	-0.9966030456089909	5.972054583168756	-4.270316383653153
0.2906781280972807	0.805424875346491	-0.9978318680395142	5.5514479990868155	-3.4458190608950074
0.29678970917473113	0.8027659142326	-0.9942381335202817	5.932979726569722	-8.260478700174023
0.30053503192478126	0.8005796429777856	-1.0025223323693115	5.984420113918516	-3.326656374427346
0.2924875512551798	0.8026456016655845	-1.0020702932295993	5.703770781329674	-3.228267201760011
0.30620079585342147	0.7968086728712843	-1.0019241593447141	5.793735052212016	-3.030980815426572
0.3025711378791093	0.8002088153764948	-0.9983455685508014	5.952978910612297	-2.686528506023455
0.28429717360051754	0.8103940569120283	-0.997914035120162	4.753058170614844	-4.17935250169217
0.2906575009248332	0.803785400066527	-0.9998193617176354	5.549756441393342	-2.600512724241767
0.296097739471963	0.8021605300909863	-0.9989050112113781	5.909971381584516	-2.450886168470273
0.3018843820645138	0.7961084552335437	-1.0038673523403365	5.9676672182187325	-4.912880662907671
0.3059633224541067	0.7980940039915426	-0.9996618990902314	5.80835772868073	-2.356449125299096
0.29904474368064915	0.7970533063095468	-0.9964882744277785	5.9809903337472266	-4.404891365874451
0.3076722180778305	0.795770271592285	-0.9974335353145847	5.691525529532233	-3.64841099137207
0.2997719362491609	0.7978601765851657	-1.0018659979327742	5.985735354963764	-2.7986561301908646
0.3200471554650074	0.7821195795480472	-1.0020521926855221	3.976516731818448	-4.94116042108344
0.3029107163724893	0.7982041620547878	-0.9970091408481423	5.943360906821555	-3.8259844325661003
0.28652808275334596	0.8072450105174249	-0.997652613128087	5.078431234990462	-4.065321835393802
0.29678970917473113	0.8027659142326	-0.9942381335202817	5.932979726569722	-8.260478700174023
0.29970568914641316	0.8005619432953085	-1.0002709688895666	5.985732752150604	-2.173171610319308
0.28779208455032884	0.8040010410669013	-1.0032407706653534	5.240478389893386	-4.8273225938931965
0.30620079585342147	0.7968086728712843	-1.0019241593447141	5.793735052212016	-3.030980815426572
0.30223320217077343	0.8005097360406	-0.9982858158833796	5.961086636713235	-2.715204724737914
0.28531508776875325	0.8085320519854473	-0.9994654793943538	4.907921995939262	-3.2877083123013904
0.29383780644600377	0.8004809242460895	-1.000772067512259	5.796276566353518	-2.4595667489200057
0.296097739471963	0.8021605300909863	-0.9989050112113781	5.909971381584516	-2.450886168470273
0.3018843820645138	0.7961084552335437	-1.0038673523403365	5.9676672182187325	-4.912880662907671
0.31874465999595275	0.7920759612477549	-1.0009832803798717	4.229309783915624	-4.094506988634721
0.2996441330562589	0.7975896554817962	-0.9968039630042878	5.985025578718118	-4.015168598313399
0.30711038715326133	0.7961667627835801	-0.9991481835024992	5.7333452108366645	-2.5416386124627435
0.29978501576128935	0.7973267526467913	-1.002180912862644	5.985700607590062	-3.0317279470044545
0.33099274369228565	0.7705078078290979	-1.0021534034201238	1.1831868525572018	-7.812498098986606
0.3027374835737078	0.7978504321295106	-0.9981667238717205	5.948532391100529	-2.8046141455477445
0.2867418504981015	0.806696391017714	-0.9985976812735056	5.1071785517862685	-3.3924492432841413
0.29915633332855024	0.8008100400025958	-0.9958013227390549	5.9817292059506	-5.3697625247096
0.29019417545872817	0.8048013811849204	-0.9999151113937242	5.505398182775437	-2.6405486253839143
0.28741732185120794	0.804962842505828	-1.0015839431143343	5.194425126980338	-3.412274138559308
0.30552862664941854	0.7968887368422232	-1.0013992523295214	5.833243059252865	-2.6721649036952186
0.30268334203967767	0.8003299673464798	-0.9982767538564633	5.950019416377185	-2.7316237529960885
0.2854891746882004	0.8083989408326248	-0.9994815223627588	4.933335820649421	-3.2590279779688958
0.29147331876280197	0.8012494847744779	-1.0010613596872107	5.622591728927049	-2.7304940124736694
0.2956771272541835	0.8027026486294014	-0.9991542014168756	5.892697605105479	-2.380262878922384
0.30168476011059014	0.7964524885074963	-1.003277129530829	5.971440455700984	-4.1395047876874305
0.31874465999595275	0.7920759612477549	-1.0009832803798717	4.229309783915624	-4.094506988634721
0.2996441330562589	0.7975896554817962	-0.9968039630042878	5.985025578718118	-4.015168598313399
0.31332165463203904	0.795183193906653	-0.9965766970564679	5.0982511569214575	-5.175960160379339
0.29978501576128935	0.7973267526467913	-1.002180912862644	5.985700607590062	-3.0317279470044545
0.33099274369228565	0.7705078078290979	-1.0021534034201238	1.1831868525572018	-7.812498098986606
0.3028094322182746	0.7974710143862012	-0.998149732349194	5.946533796285877	-2.817437625581732
0.2867418504981015	0.806696391017714	-0.9985976812735056	5.1071785517862685	-3.3924492432841413
0.29533361466195557	0.8026225894427087	-0.9966623889722706	5.876736774766054	-4.291505862301979
0.28763194775165896	0.8066630587922453	-0.999165431870571	5.221291110463653	-3.048220659993376
0.2875579353366662	0.8048780477454446	-1.0015289713271347	5.2120277646513955	-3.3630194265810474
0.3047876783528458	0.7968382716412725	-1.0022240448705746	5.871312878919396	-3.1810308323375853
0.30268334203967767	0.8003299673464798	-0.9982767538564633	5.950019416377185	-2.7316237529960885
0.28594373102361953	0.8076253161698113	-0.9999313960100048	4.998275794743104	-3.1472227194323112
0.29104051289203653	0.8018594301845714	-1.00084774619161	5.584771537881168	-2.6934302284309544
0.29432461465854776	0.8030650313313837	-0.9995497957380829	5.825109389686528	-2.3554937270641894
0.301985995886831	0.7962846208045313	-1.0042326933312893	5.965552834795869	-5.454159466547811
0.3077287911441536	0.7970385877074792	-0.9989501215700052	5.687443342764631	-2.6556478061184734
0.3002575190045033	0.7972852464359689	-0.9965156657831755	5.985230908315126	-4.366204555560406
0.31332165463203904	0.795183193906653	-0.9965766970564679	5.0982511569214575	-5.175960160379339
0.29978501576128935	0.7973267526467913	-1.002180912862644	5.985700607590062	-3.0317279470044545
0.32720781264606313	0.7736637723100489	-1.0018925856459617	2.284665078812522	-6.518125630027372
0.29868983262191773	0.7998363272571296	-0.9982645828749247	5.9774362413274	-2.7117155449403576
0.2867418504981015	0.806696391017714	-0.9985976812735056	5.1071785517862685	-3.3924492432841413
0.301551605735385	0.7969733283532929	-0.99768269123197	5.973863619963536	-3.143676475037923
0.28763194775165896	0.8066630587922453	-0.999165431870571	5.221291110463653	-3.048220659993376
0.2875579353366662	0.8048780477454446	-1.0015289713271347	5.2120277646513955	-3.3630194265810474
0.3023159561583117	0.7977410693161189	-1.001976588185718	5.959155908071349	-2.90350998357599
0.30274186123738045	0.8019073909974217	-0.9979893990366532	5.9483783767133165	-2.928849849799354
0.28390271384204563	0.8091439284586552	-0.9995996852885296	4.690548396901499	-3.482431151671995
0.28971179310344625	0.802435546954624	-1.0012525435064759	5.456855068756994	-2.977285646991078
0.2964161312468249	0.801955402908022	-0.9996576861557016	5.921943082611932	-2.2433009714373213
0.301985995886831	0.7962846208045313	-1.0042326933312893	5.965552834795869	-5.454159466547811
0.3077287911441536	0.7970385877074792	-0.9989501215700052	5.687443342764631	-2.6556478061184734
0.29940677599977583	0.7986696522630562	-0.9974647580239335	5.984088571584184	-3.3271234577238964
0.30261146059782473	0.7983923555730138	-0.9986297231312005	5.951977002545441	-2.5316815309979077
0.29409038100366536	0.8015638273767243	-1.0012554079619294	5.811472731883516	-2.6240606314885717
0.32720781264606313	0.7736637723100489	-1.0018925856459617	2.284665078812522	-6.518125630027372
0.2983955029109691	0.8003152871365032	-0.9985929382576121	5.973198472069368	-2.5287441587878616
0.2930470184456196	0.8023899534870395	-1.0009283922779337	5.744406659661398	-2.5602540741278075
0.30074876720791904	0.797650048968649	-0.9978901058276676	5.983143673421058	-2.9681119312036905
0.2878310119339814	0.8065101324573245	-0.9992148246870616	5.24571733998214	-3.0092071957692026
0.2921817533884657	0.8039734216041539	-1.0004510986900186	5.68053444285501	-2.502728683905711
0.3023159561583117	0.7977410693161189	-1.001976588185718	5.959155908071349	-2.90350998357599
0.31408314768963874	0.7984065166809907	-0.9970573325229062	4.994061308915331	-4.723745104854391
0.28390271384204563	0.8091439284586552	-0.9995996852885296	4.690548396901499	-3.482431151671995
0.2888298995078027	0.8022266241440021	-1.0012290796075347	5.36223826088724	-3.0610562572556983
0.29513644799607636	0.8020470498806602	-0.99996210281779	5.867898755466086	-2.277111183161395
0.301985995886831	0.7962846208045313	-1.0042326933312893	5.965552834795869	-5.454159466547811
0.310299843967254	0.7957323101310965	-0.9988800276719992	5.4556728721005845	-2.914809606190212
0.30067931559023453	0.7976632021314976	-0.9967205598924422	5.983324433023624	-4.115481158440419
0.3051605036600713	0.798171790589999	-0.9995563498033685	5.853005686347359	-2.3264089845670526
0.29409038100366536	0.8015638273767243	-1.0012554079619294	5.811472731883516	-2.6240606314885717
0.31439458750153504	0.7834957286303607	-1.001673868989227	4.9500086791838545	-3.710268899795876
0.2974200703018008	0.8008336023831333	-0.9990027281489122	5.9528396039547555	-2.370552321588791
0.29206651550277063	0.8029933866127543	-1.0013151938859381	5.671382149663481	-2.7924354952008397
0.3011566177463178	0.7976982822671428	-0.9980441446080807	5.979289426179063	-2.8579770376073004
0.2878310119339814	0.8065101324573245	-0.9992148246870616	5.24571733998214	-3.0092071957692026
0.29337407064180815	0.8032782380018603	-1.0007898986024024	5.766623621461408	-2.4940999842905835
0.3101072762826206	0.793748413831021	-1.0024793604726323	5.475076987066468	-3.7969774840090667
0.31408314768963874	0.7984065166809907	-0.9970573325229062	4.994061308915331	-4.723745104854391
0.28390271384204563	0.8091439284586552	-0.9995996852885296	4.690548396901499	-3.482431151671995
0.2888298995078027	0.8022266241440021	-1.0012290796075347	5.36223826088724	-3.0610562572556983
0.29513644799607636	0.8020470498806602	-0.99996210281779	5.867898755466086	-2.277111183161395
0.301985995886831	0.7962846208045313	-1.0042326933312893	5.965552834795869	-5.454159466547811
0.3207508645623601	0.7910729869752099	-0.9977007550890662	3.832913290965163	-5.270824391138948
0.30067931559023453	0.7976632021314976	-0.9967205598924422	5.983324433023624	-4.115481158440419
0.30998480493581565	0.7969739329660488	-0.9990622007533413	5.487643896347459	-2.8150460731921836
0.2884458888052171	0.803193809268698	-1.0020342685882284	5.318475177808766	-3.585997929499383
0.3132257703578618	0.7847003678743539	-1.001914895356402	5.111381168744474	-3.707284220227093
0.2974200703018008	0.8008336023831333	-0.9990027281489122	5.9528396039547555	-2.370552321588791
0.29206651550277063	0.8029933866127543	-1.0013151938859381	5.671382149663481	-2.7924354952008397
0.2958063902247129	0.7988486856340526	-0.9975550213527488	5.897938806984061	-3.330909203317529
0.2878310119339814	0.8065101324573245	-0.9992148246870616	5.24571733998214	-3.0092071957692026
0.2831264893931137	0.8071675229020672	-1.0018557590133919	4.5624205246709435	-4.214899018392697
0.3026359538998942	0.7974643354744236	-1.0023066773125968	5.951162214927195	-3.1693518091218484
0.3136224659777363	0.7978667852421535	-0.9976855794811588	5.058043794060437	-4.057399763440403
0.28390271384204563	0.8091439284586552	-0.9995996852885296	4.690548396901499	-3.482431151671995
0.28949674307805723	0.7993670130609015	-1.0025737684171399	5.434246273715308	-3.9243502560963126
0.2974859592301724	0.801644344518053	-0.9992344242160961	5.9545382074744335	-2.295036535736836
0.3024602160273299	0.7957958666870637	-1.0041349025362754	5.955051332295374	-5.315146856426759
0.3207508645623601	0.7910729869752099	-0.9977007550890662	3.832913290965163	-5.270824391138948
0.30067931559023453	0.7976632021314976	-0.9967205598924422	5.983324433023624	-4.115481158440419
0.30998480493581565	0.7969739329660488	-0.9990622007533413	5.487643896347459	-2.8150460731921836
0.2884458888052171	0.803193809268698	-1.0020342685882284	5.318475177808766	-3.585997929499383
0.3132257703578618	0.7847003678743539	-1.001914895356402	5.111381168744474	-3.707284220227093
0.2905634230201447	0.803702132976503	-0.9993853627880027	5.540905703321463	-2.671038560106987
0.29468316403314865	0.8010220248684422	-1.0018650459324248	5.844651874441732	-2.939299888621937
0.29596033989432763	0.7991049363508427	-0.9977089557937404	5.9043128047256985	-3.191760245326229
0.2878310119339814	0.8065101324573245	-0.9992148246870616	5.24571733998214	-3.0092071957692026
0.27772021453326634	0.8143805773565259	-1.0011481082131213	3.5041594079084235	-4.884197620456712
0.3026359538998942	0.7974643354744236	-1.0023066773125968	5.951162214927195	-3.1693518091218484
0.3140503213306152	0.7977762568224619	-0.9976116770638557	4.998826665960182	-4.1806820201054915
0.29258106892151353	0.8048879198463379	-0.9991524555030472	5.710930909429878	-2.5627389108490046
0.28979954460028745	0.7982643295138729	-1.002729224195985	5.465550632707034	-4.043805839934196
0.2974859592301724	0.801644344518053	-0.9992344242160961	5.9545382074744335	-2.295036535736836
0.3016605127986999	0.7966343830649274	-1.000805534073593	5.972350559719838	-2.2929075885927306
0.3207508645623601	0.7910729869752099	-0.9977007550890662	3.832913290965163	-5.270824391138948
0.30067931559023453	0.7976632021314976	-0.9967205598924422	5.983324433023624	-4.115481158440419
0.30998480493581565	0.7969739329660488	-0.9990622007533413	5.487643896347459	-2.8150460731921836
0.28794238305833	0.8050273783301661	-1.0017757729325298	5.259081217714621	-3.4653869911348094
0.308657466592996	0.7902065710718751	-1.0020839047998231	5.611193745745311	-3.330307175057044
0.2905634230201447	0.803702132976503	-0.9993853627880027	5.540905703321463	-2.671038560106987
0.2937239807858886	0.8008090522677395	-1.0027653073153686	5.788845085643358	-3.7571430903746412
0.295586268194961	0.7992192221628958	-0.9977873056218114	5.888519574695627	-3.1434871435227
0.28626013188093513	0.8067296407129952	-1.000096655099946	5.0422491709933634	-3.1045643818332795
0.2865738666775454	0.8083694966091802	-1.001559798496156	5.084742589221199	-3.507757531180183
0.3026359538998942	0.7974643354744236	-1.0023066773125968	5.951162214927195	-3.1693518091218484
0.3108892286626821	0.7980232961439053	-0.9976417451178606	5.393014945104911	-3.76043730600159
0.2889952995501279	0.8062323999997921	-0.9994483377274116	5.380637141230033	-2.8181405381239193
0.28983281352589435	0.7983435521661214	-1.0026864436059861	5.468950264791665	-3.9979182773430972
0.29423381869435156	0.8002417002952933	-1.0007013311093003	5.819900690235963	-2.4164432188190315
0.30335929529664896	0.796139494209115	-1.0005292508356407	5.929731187977463	-2.267663801453441
0.32133746538767755	0.7909350442718848	-0.9976061628071868	3.7094458490732816	-5.474075127380738
0.2993916922983405	0.7980565948254162	-0.9969902543486413	5.98386639800647	-3.806247460872142
0.31070084032334117	0.8006246001999405	-0.9974321363167834	5.413299903427253	-3.9271178765548367
0.28795320565620325	0.804989113837465	-1.0017809864659883	5.260384652301987	-3.4673589286353987
0.30780134635344397	0.7909318816614334	-1.001613272005867	5.68173436079004	-2.941607005858634
0.2889592057225617	0.804898649043287	-0.9991461101435517	5.376637369972334	-2.898593406546249
0.30176373712762167	0.7979128399879025	-1.001258741992625	5.970536452903299	-2.46662927307293
0.2926635025005673	0.7998373149524282	-0.9961448537947789	5.71630543234116	-5.131178735324083
0.27824923826485115	0.8112853844589878	-0.9994961912515847	3.6206786462914313	-4.569125918870036
0.3022927445217604	0.8004862498585824	-0.9997721033569493	5.9598835336959475	-2.1937546131217367
0.3065978424918821	0.7960811144259001	-1.0013108800045758	5.768425969692509	-2.6932304815327717
0.30873268333761517	0.798108102467584	-0.9974454419645276	5.6045444380371165	-3.724435899791281
0.2844453048225964	0.8096743655328733	-0.9997601873071624	4.776423931934159	-3.378297037563999
0.2924305533888769	0.7954412087281433	-1.0034018916025882	5.699108264433253	-4.564082075817478
0.29423381869435156	0.8002417002952933	-1.0007013311093003	5.819900690235963	-2.4164432188190315
0.30097430447755463	0.7961824873287439	-0.9999536290276305	5.981423064161985	-2.1636959062619514
0.3214651753129158	0.7870752258145413	-0.9991351337105888	3.682363361994276	-4.596506058295717
0.29938916784705993	0.79832015613363	-0.9980569513000788	5.984115166242415	-2.8437704652294578
0.31070084032334117	0.8006246001999405	-0.9974321363167834	5.413299903427253	-3.9271178765548367
0.29058496873817136	0.8035607554814951	-1.000974523325191	5.542907964658635	-2.7779571821571416
0.32166238308275974	0.7811149514775607	-1.0014961478718114	3.6397633907063596	-4.917153915329397
0.2974583014024481	0.7998303352884136	-0.9988682967099776	5.953804321329436	-2.4214584606482177
0.29938137726567604	0.7991335193532276	-1.0013488307972478	5.984165080087163	-2.495794430179618
0.2967104513492716	0.7985808777371287	-0.9963510981443531	5.9313981418851025	-4.633090760802924
0.27824923826485115	0.8112853844589878	-0.9994961912515847	3.6206786462914313	-4.569125918870036
0.3021661219617241	0.8004841663577734	-0.9998073423247273	5.962707240135945	-2.188359364865743
0.3128426154856033	0.7963631772673391	-1.0003891868943493	5.161498081873025	-3.0121195903021443
0.3180592257408961	0.797896434010444	-0.9968350434743891	4.354990498456577	-5.6095505568055115
0.2763857444395364	0.8169640162968564	-1.0020003366522308	3.197804122039713	-5.681982853642069
0.2924305533888769	0.7954412087281433	-1.0034018916025882	5.699108264433253	-4.564082075817478
0.2931191623526816	0.8009129616288055	-1.0008249766288992	5.749405854784572	-2.5216759206422923
0.29920567118428826	0.7974385301623714	-1.000127421432541	5.98301391460183	-2.165115805639001
0.30728697289426665	0.7950180486085212	-0.9992535887818124	5.720641791456037	-2.52358304745645
0.28231739746073303	0.7987076046801623	-0.9991742552716062	4.42276326222398	-3.8442290310742644
0.31070084032334117	0.8006246001999405	-0.9974321363167834	5.413299903427253	-3.9271178765548367
0.29058496873817136	0.8035607554814951	-1.000974523325191	5.542907964658635	-2.7779571821571416
0.31278618694976107	0.7854650955000054	-1.0020748237641777	5.168521389496432	-3.76677412526597
0.29989742023966814	0.7992217688723033	-0.9977684068945293	5.985867904324686	-3.0615577308343296
0.2991069104442352	0.7992329708925646	-1.0009948019628023	5.982131991429914	-2.345875680552136
0.2967104513492716	0.7985808777371287	-0.9963510981443531	5.9313981418851025	-4.633090760802924
0.28524873329618394	0.807364171667718	-0.999437712351511	4.898154362544713	-3.302892901494803
0.30227785058675866	0.8004508146725383	-0.9998121612239471	5.960224737101981	-2.1905273081121948
0.3123713799324335	0.7941575885988629	-1.0000877527397019	5.220913925559993	-2.925577885119443
0.3180592257408961	0.797896434010444	-0.9968350434743891	4.354990498456577	-5.6095505568055115
0.2763857444395364	0.8169640162968564	-1.0020003366522308	3.197804122039713	-5.681982853642069
0.2912876828878073	0.7953895877482849	-1.003570572812902	5.606009720922616	-4.870698106377217
0.2931191623526816	0.8009129616288055	-1.0008249766288992	5.749405854784572	-2.5216759206422923
0.3109291882390176	0.7874075001656533	-0.9991652293201083	5.38889889782645	-2.8804619052412344
0.30757731319317444	0.7945136843060975	-0.9994025406501709	5.699073293729242	-2.509274768160168
0.2819431545024554	0.7998594477610963	-0.999352559877833	4.3559002122036805	-3.8636399367697845
0.31650071095522003	0.7995627915514921	-0.9965925305622464	4.6242216652131996	-5.630518431415466
0.28526391803598256	0.8052814530487216	-1.0011144574728432	4.900346858726117	-3.4741539523738894
0.31278618694976107	0.7854650955000054	-1.0020748237641777	5.168521389496432	-3.76677412526597
0.29989742023966814	0.7992217688723033	-0.9977684068945293	5.985867904324686	-3.0615577308343296
0.3036391339413037	0.7972526856954572	-1.0009556265086688	5.919907377435307	-2.3941612231000855
0.3002353695213331	0.7957049869973588	-0.9976061364798057	5.985605994564725	-3.1980249971623884
0.29224150311051555	0.8034467264349379	-0.9993792896388182	5.685178883761933	-2.528213113158176
0.294002746078951	0.8009674817803939	-1.0016853976554314	5.80619221651972	-2.8612993982988533
0.3123713799324335	0.7941575885988629	-1.0000877527397019	5.220913925559993	-2.925577885119443
0.3180592257408961	0.797896434010444	-0.9968350434743891	4.354990498456577	-5.6095505568055115
0.2862507485767811	0.8098636161944883	-1.001178727822279	5.040890474291874	-3.360468502668308
0.29133461277186207	0.7957860152671982	-1.003364353203884	5.610158895058351	-4.606366216289086
0.30197155647700796	0.8004017791634169	-0.9992225472377212	5.966704121400215	-2.286099103670023
0.3111663234206328	0.7885173966196652	-0.9993169170323926	5.362712293962362	-2.865361720224497
0.30757731319317444	0.7945136843060975	-0.9994025406501709	5.699073293729242	-2.509274768160168
0.2819431545024554	0.7998594477610963	-0.999352559877833	4.3559002122036805	-3.8636399367697845
0.31650071095522003	0.7995627915514921	-0.9965925305622464	4.6242216652131996	-5.630518431415466
0.28449730704784176	0.8056598948444135	-1.0010643719218528	4.784445429526372	-3.569959880478578
0.31565662628638624	0.7817660284289217	-1.002426039376975	4.760225501039518	-4.463533162942635
0.2938864397518695	0.8016621077510637	-0.9966507551653935	5.7987305511645415	-4.3839320848771
0.3161353027546257	0.7881898363793561	-1.0007952946768797	4.684397918151941	-3.5778761087187867
0.3002353695213331	0.7957049869973588	-0.9976061364798057	5.985605994564725	-3.1980249971623884
0.2924964828760095	0.8031736094115517	-0.9993027015690757	5.704631360345073	-2.527022981918864
0.294002746078951	0.8009674817803939	-1.0016853976554314	5.80619221651972	-2.8612993982988533
0.31026007061115585	0.7913939314073446	-1.0018748449157653	5.459648520847825	-3.33075132484171
0.31485749037207444	0.7935398953066705	-0.9979878673477586	4.882241983078318	-3.995319630839033
0.28612616854027734	0.8099974278164933	-1.0012526039110243	5.02367507005841	-3.4105663775393324
0.28443229003494175	0.79806501071125	-1.0037778824681	4.7736879301722475	-5.982577035808998
0.301270651909407	0.8004302958656385	-0.9993210356622465	5.978073686747259	-2.248992323489481
0.3111663234206328	0.7885173966196652	-0.9993169170323926	5.362712293962362	-2.865361720224497
0.30757731319317444	0.7945136843060975	-0.9994025406501709	5.699073293729242	-2.509274768160168
0.27849704619099686	0.7993393093364978	-1.0001321369775202	3.6742835321806018	-4.474097727111762
0.3174432373145427	0.8015143887695187	-0.996111162074403	4.464080724672398	-6.43093678374497
0.2861373458682276	0.8048502805213832	-1.0011715217660835	5.025234996702102	-3.373371147189709
0.313416157892049	0.7857632098952244	-1.0021972019770122	5.085961670001918	-3.9447023865376174
0.2938864397518695	0.8016621077510637	-0.9966507551653935	5.7987305511645415	-4.3839320848771
0.3202936802957906	0.78622436689657	-1.0016293688599187	3.926869475867374	-4.706324948344605
0.3002353695213331	0.7957049869973588	-0.9976061364798057	5.985605994564725	-3.1980249971623884
0.29212356325833705	0.8008024503861174	-1.0006063495150592	5.675959856036444	-2.537620480385284
0.2956044035498832	0.8011081406682263	-1.0026050875847796	5.8892238529226395	-3.498982789198437
0.31153722355192914	0.7908447003354862	-1.0024186809347588	5.320339380441102	-3.8975560118873984
0.3162173425681677	0.7933385425261553	-0.998023368186823	4.670963164217491	-4.181442141734343
0.28612616854027734	0.8099974278164933	-1.0012526039110243	5.02367507005841	-3.4105663775393324
0.28443229003494175	0.79806501071125	-1.0037778824681	4.7736879301722475	-5.982577035808998
0.301270651909407	0.8004302958656385	-0.9993210356622465	5.978073686747259	-2.248992323489481
0.3111663234206328	0.7885173966196652	-0.9993169170323926	5.362712293962362	-2.865361720224497
0.30757731319317444	0.7945136843060975	-0.9994025406501709	5.699073293729242	-2.509274768160168
0.28209205363279366	0.7987673943885356	-0.9999311565976265	4.38269656532586	-3.762812770817872
0.31842837456723544	0.8015327143881269	-0.9958182248230175	4.287270209617062	-7.039269586228685
0.28634346026669916	0.805670512784797	-1.000856453803024	5.053627454658297	-3.2271762890915596
0.308812960675392	0.7913220964012267	-1.001107122996878	5.597766852353715	-2.773671051139928
0.2938864397518695	0.8016621077510637	-0.9966507551653935	5.7987305511645415	-4.3839320848771
0.3082868866427676	0.7901887465808963	-1.002348715192186	5.642531243447153	-3.514158761765869
0.3002353695213331	0.7957049869973588	-0.9976061364798057	5.985605994564725	-3.1980249971623884
0.29212356325833705	0.8008024503861174	-1.0006063495150592	5.675959856036444	-2.537620480385284
0.2956044035498832	0.8011081406682263	-1.0026050875847796	5.8892238529226395	-3.498982789198437
0.31153722355192914	0.7908447003354862	-1.0024186809347588	5.320339380441102	-3.8975560118873984
0.32262262222315746	0.7923195529302017	-0.9976652783749862	3.4269817902384476	-5.706539207822256
0.2865124683407474	0.8096351314766983	-1.0013077264283265	5.076516459032982	-3.384112598106176
0.2884787701938615	0.7986334198901699	-1.0027068434735895	5.322109486441457	-4.165576793719685
0.29799404128444035	0.8024739526628286	-0.9997621205723491	5.966047336576501	-2.188464554728945
0.3111008478897128	0.7881065543644392	-0.9987693582122162	5.369949674437054	-3.047933673282854
0.31565273016166434	0.7918335554298475	-1.001134559063279	4.761065348967467	-3.6216266602431197
0.28209205363279366	0.7987673943885356	-0.9999311565976265	4.38269656532586	-3.762812770817872
0.3144585286761193	0.7973171309179825	-0.9980018136856709	4.9407246229320965	-3.927586614611725
0.2796738079366063	0.8076521602067711	-1.001533651412257	3.9202814944276936	-4.657745258491265
0.308812960675392	0.7913220964012267	-1.001107122996878	5.597766852353715	-2.773671051139928
0.2938864397518695	0.8016621077510637	-0.9966507551653935	5.7987305511645415	-4.3839320848771
0.3071510956893901	0.79184665277535	-1.001858593189357	5.73030595152401	-3.0495076584932894
0.29641111719646557	0.7982196036964423	-0.9970076108098742	5.92132139920947	-3.848640028687745
0.2948266826417845	0.8006924724317848	-1.0002265175355205	5.852350889796493	-2.302505784576657
0.3007059670323476	0.8001737737915879	-1.0013373913688184	5.983588139712777	-2.4907292172313076
0.3134333045055064	0.7898445469016957	-1.0024713459610457	5.083595790519004	-4.1812672237021875
0.32262262222315746	0.7923195529302017	-0.9976652783749862	3.4269817902384476	-5.706539207822256
0.28846488958061056	0.8075240979508044	-1.0000746907816913	5.320875376877079	-2.825227286252489
0.3031539130765462	0.7959196985531546	-1.000539961772284	5.936419101342432	-2.263157924726732
0.31203221011367194	0.798506069156407	-0.9984046570212772	5.262171860691519	-3.342606972995786
0.3111008478897128	0.7881065543644392	-0.9987693582122162	5.369949674437054	-3.047933673282854
0.3113121413369737	0.7915308943125369	-1.0032950976846033	5.345803926174352	-4.786867359246304
0.28209205363279366	0.7987673943885356	-0.9999311565976265	4.38269656532586	-3.762812770817872
0.3147298577394176	0.7976052555317792	-0.9978525708341893	4.901095400031744	-4.078778957549394
0.2796738079366063	0.8076521602067711	-1.001533651412257	3.9202814944276936	-4.657745258491265
0.3101906327616995	0.7927850478188911	-1.0003493430964587	5.466918435301185	-2.701254590992331
0.2938864397518695	0.8016621077510637	-0.9966507551653935	5.7987305511645415	-4.3839320848771
0.30689031444521747	0.7914908629416441	-1.0020431251820356	5.748578633954917	-3.16293970138749
0.2977211917404162	0.7966855951509718	-0.9965019490556952	5.959592864310071	-4.409307431036904
0.2953119818218327	0.7999350532212007	-0.9992405930680235	5.876253110611704	-2.3717692929563254
0.2954161650716012	0.8044988263336189	-0.9999448855381882	5.881111652616015	-2.2641464462246983
0.3082134405033867	0.7910973070725373	-0.9999929317675329	5.6488664907388895	-2.4959745544023306
0.3246423777455136	0.7914205042699278	-0.9975228091992654	2.9496287892741755	-6.308557614387791
0.28706512895791936	0.8066870231417899	-1.0005376859351212	5.149600618065733	-3.0494068371938283
0.3017627310900316	0.7952019651207807	-1.0008788934154471	5.970594790589649	-2.317433792340916
0.3122194483222233	0.8005967557543393	-0.9983313386110053	5.239455709711266	-3.408829153969335
0.3111008478897128	0.7881065543644392	-0.9987693582122162	5.369949674437054	-3.047933673282854
0.3100317401894531	0.7925488269223384	-1.0037923402672402	5.4822713693716825	-5.292877730157107
0.28616690559303376	0.7990752709615246	-1.000239001508632	5.029394157303997	-3.126504763887695
0.31444373833588335	0.7968563562934455	-0.9979248524395397	4.942846320303037	-3.9816390315872887
0.2846362936817742	0.8052345484886608	-1.0013410654152302	4.805862235764399	-3.6702294173441974
0.3101906327616995	0.7927850478188911	-1.0003493430964587	5.466918435301185	-2.701254590992331
0.2914655011730601	0.8025970832137885	-0.9978782982705909	5.621756085703632	-3.3385791987678797
0.3043224720004614	0.7871031897096525	-1.0038316490440637	5.892016620056546	-4.937468930466259
0.3006237553690046	0.7929188210510091	-0.9963893161649602	5.9835723120606135	-4.53095821255086
0.2936197952259957	0.8008015144443484	-0.9989602062305237	5.782580394404966	-2.5562706365110097
0.2967440681925698	0.8031082241427564	-0.9999498710320331	5.933163932431405	-2.2120133052580897
0.3082134405033867	0.7910973070725373	-0.9999929317675329	5.6488664907388895	-2.4959745544023306
0.3269911745670823	0.7903694504903161	-0.9973281563624462	2.3431950577755174	-7.09615243661807
0.28706512895791936	0.8066870231417899	-1.0005376859351212	5.149600618065733	-3.0494068371938283
0.3054735692108289	0.7897660889489774	-1.0014250079640066	5.836268185836709	-2.6829563386612767
0.3160815533650441	0.8031539975212446	-0.9989781559001834	4.693035516318227	-3.639654990855311
0.3066690669641897	0.790142129755982	-0.997762607061921	5.763536950528052	-3.289066502869699
0.310345645382103	0.7927994124674927	-1.0044482574772553	5.450018276159907	-6.311004489029502
0.2852895694299451	0.7984725142837187	-1.0006287359110118	4.904165914525938	-3.314661914238977
0.31444373833588335	0.7968563562934455	-0.9979248524395397	4.942846320303037	-3.9816390315872887
0.2795194582653217	0.808749566332442	-1.001163685918327	3.8888388607749347	-4.506092250709831
0.3070857369627492	0.789812869405168	-1.0021192946586668	5.734906605731389	-3.2344612671922235
0.29135510181249696	0.8026397198565066	-0.997934276549042	5.612284833719997	-3.305434657106133
0.31237310483752556	0.7882631796216445	-1.0015219786258136	5.220585080201389	-3.350792741065262
0.3033071463125226	0.7946955928688693	-0.996838724877734	5.930983751068163	-4.029009805073691
0.2945856638170238	0.800902672577244	-0.9989609780767005	5.839540357910972	-2.4992674894398634
0.30322081438706344	0.8008205113789794	-0.9992088667445794	5.934269996579289	-2.322535907630325
0.305441817761197	0.7885353249292755	-1.0009129416695028	5.838060941895263	-2.461369629601224
0.32547582175675843	0.7911528735544348	-0.9974002192971104	2.740744103854465	-6.6297514688317305
0.29482303934556636	0.801039375629193	-1.0008394111511532	5.852129679108451	-2.423504397337844
0.30545013377698527	0.7895639507898518	-1.001452474773292	5.8375442426667234	-2.696002443505762
0.30715178974580887	0.8042412811647945	-0.9994580990652576	5.7304143520778155	-2.4665971485191847
0.3066690669641897	0.790142129755982	-0.997762607061921	5.763536950528052	-3.289066502869699
0.310345645382103	0.7927994124674927	-1.0044482574772553	5.450018276159907	-6.311004489029502
0.2852895694299451	0.7984725142837187	-1.0006287359110118	4.904165914525938	-3.314661914238977
0.31444373833588335	0.7968563562934455	-0.9979248524395397	4.942846320303037	-3.9816390315872887
0.2915035890959322	0.8067943249041557	-1.0004239735996403	5.6252155388157865	-2.5536487130064467
0.3080804585037032	0.7898853503647272	-1.0018640393964913	5.659526737456324	-3.1240179296088195
0.29165753329468297	0.8023543959225525	-0.9977507432293548	5.637932806302625	-3.4244324201449574
0.31237310483752556	0.7882631796216445	-1.0015219786258136	5.220585080201389	-3.350792741065262
0.3033071463125226	0.7946955928688693	-0.996838724877734	5.930983751068163	-4.029009805073691
0.2948975060907601	0.8005474213685322	-0.9990170480963557	5.8559439875588595	-2.462631752301675
0.3004039028444133	0.8031905283636012	-0.9986231606877806	5.9852590458870445	-2.5019906973063435
0.30252611588430217	0.784168317484068	-1.0021553977835782	5.954030923465362	-3.0436976962591498
0.32547582175675843	0.7911528735544348	-0.9974002192971104	2.740744103854465	-6.6297514688317305
0.293620170871737	0.8007155065011117	-1.0008128295804528	5.782625384624746	-2.484886374328587
0.3052875837437489	0.7894868481142108	-1.0019445346543563	5.846187747763365	-2.9931627514493773
0.30715178974580887	0.8042412811647945	-0.9994580990652576	5.7304143520778155	-2.4665971485191847
0.3066690669641897	0.790142129755982	-0.997762607061921	5.763536950528052	-3.289066502869699
0.3074304686127224	0.7960813038173297	-1.0023045223963476	5.709844657553227	-3.4092707807590648
0.2877741647252033	0.7991414849396281	-1.0006836417024094	5.238790908619074	-2.9932970909632166
0.311770653501836	0.7980143711300824	-0.9982160607835499	5.29326897649243	-3.4273064828090414
0.2915035890959322	0.8067943249041557	-1.0004239735996403	5.6252155388157865	-2.5536487130064467
0.3080804585037032	0.7898853503647272	-1.0018640393964913	5.659526737456324	-3.1240179296088195
0.2933645950441718	0.8007428319187785	-0.9982759841999371	5.765877911587164	-2.916803015629843
0.3101840874406891	0.7949619406870058	-1.0006567046127206	5.467569769704829	-2.7578554699475664
0.2965497572912369	0.7966297110611739	-0.9985113978666744	5.926537847187823	-2.6182401645514313
0.2948975060907601	0.8005474213685322	-0.9990170480963557	5.8559439875588595	-2.462631752301675
0.3055564212304214	0.8038245563288794	-0.9979827334777137	5.831596965089767	-3.0507448258545704
0.30252611588430217	0.784168317484068	-1.0021553977835782	5.954030923465362	-3.0436976962591498
0.31718254522869893	0.7936424023243653	-0.9982886557275701	4.509823780107892	-4.164396342289054
0.29387727516470263	0.8006437353812137	-1.0028560657584782	5.798322865125582	-3.84016430253084
0.29840028025499693	0.7870807400284042	-1.0040613256770736	5.972549283124728	-5.188223521046119
0.3044662715544947	0.8038661671419629	-0.9994528083106368	5.886416638820567	-2.311552596659265
0.3066690669641897	0.790142129755982	-0.997762607061921	5.763536950528052	-3.289066502869699
0.3074304686127224	0.7960813038173297	-1.0023045223963476	5.709844657553227	-3.4092707807590648
0.2831620623768802	0.7966944843416985	-1.0016265361299872	4.5684565197607805	-4.063215054205961
0.3067041114853623	0.7982523463408129	-0.9987370579394598	5.761364212577006	-2.6708994262472183
0.2915035890959322	0.8067943249041557	-1.0004239735996403	5.6252155388157865	-2.5536487130064467
0.3080804585037032	0.7898853503647272	-1.0018640393964913	5.659526737456324	-3.1240179296088195
0.29329839160510196	0.8008053317547469	-0.9982556142522165	5.761459598275563	-2.933958916035751
0.3116497425526004	0.798498938313397	-0.9998155218515834	5.3075853084315465	-2.8429291452179744
0.29930875015592395	0.7958400246489782	-0.9978284576323762	5.98354460620286	-3.0165044856726935
0.293896556917093	0.8023897860879667	-0.9994319848558787	5.799893298358631	-2.402129324912119
0.3055564212304214	0.8038245563288794	-0.9979827334777137	5.831596965089767	-3.0507448258545704
0.30252611588430217	0.784168317484068	-1.0021553977835782	5.954030923465362	-3.0436976962591498
0.31718254522869893	0.7936424023243653	-0.9982886557275701	4.509823780107892	-4.164396342289054
0.29645823093003026	0.7997749044231165	-1.0027510344958626	5.923070467485412	-3.6087306296096004
0.3019318198494322	0.7881039228867375	-1.0032597078451682	5.966978593335161	-4.122894519402972
0.30183131504939037	0.8171711262580624	-0.9995849093345585	5.9693923286866095	-2.2057836882997606
0.3072034788852146	0.7900449023290644	-0.9993155810393807	5.726695556035908	-2.501484655001489
0.30891878243267606	0.7982405336203496	-1.0020459832960529	5.588236814960812	-3.3250321982056157
0.27966451635257694	0.7970082599389487	-1.0019696938206621	3.9183160571898465	-4.939186671510791
0.2989861618594964	0.801647826673895	-0.9990673311241991	5.980986685312962	-2.3201553627777347
0.2915035890959322	0.8067943249041557	-1.0004239735996403	5.6252155388157865	-2.5536487130064467
0.30706823328494626	0.7895920812493995	-1.0020938025815165	5.736150708435624	-3.21361554002896
0.29375036056832277	0.8006579441426372	-0.9988986186008028	5.790818900571056	-2.5720689289711043
0.3116497425526004	0.798498938313397	-0.9998155218515834	5.3075853084315465	-2.8429291452179744
0.30062857783582464	0.7910520572593619	-0.999603454901247	5.984186104871037	-2.188230205886361
0.2981003476988969	0.7935134064213971	-1.0007586642613977	5.9680973448517465	-2.28368286707376
0.30597958002277503	0.8031217977126331	-0.9984941002770351	5.807279244807621	-2.7471702948239844
0.30252611588430217	0.784168317484068	-1.0021553977835782	5.954030923465362	-3.0436976962591498
0.31783602751475915	0.793068794258754	-0.998108316752255	4.3953712069385364	-4.397165021956651
0.2970483074605633	0.799982324943161	-1.0024872150570325	5.942297761576427	-3.3366308982798927
0.3019318198494322	0.7881039228867375	-1.0032597078451682	5.966978593335161	-4.122894519402972
0.3027235220495453	0.8200597895569416	-0.9990591704908088	5.94903739797019	-2.3547912475273707
0.3072034788852146	0.7900449023290644	-0.9993155810393807	5.726695556035908	-2.501484655001489
0.30891878243267606	0.7982405336203496	-1.0020459832960529	5.588236814960812	-3.3250321982056157
0.28434850394596717	0.7951352085258842	-1.002241051764247	4.761071758452728	-4.305498646464274
0.29709897822313264	0.8021170881514094	-0.9989558323836913	5.9440353667004135	-2.396666366084096
0.2919996040398355	0.8054396092169588	-1.0000872242312784	5.666137459749846	-2.4803539113453343
0.30706823328494626	0.7895920812493995	-1.0020938025815165	5.736150708435624	-3.21361554002896
0.29375036056832277	0.8006579441426372	-0.9988986186008028	5.790818900571056	-2.5720689289711043
0.31135652842681905	0.7980383823731835	-0.9998907205308784	5.34131523110439	-2.8054144468111835
0.3032022549623175	0.7874577463515091	-0.9998671890919284	5.934896451594954	-2.2128242280458164
0.29864813513331756	0.7966588156160405	-1.0005572958374978	5.977016295728879	-2.22593843615274
0.30634125704479487	0.7986268977024722	-0.9996900087034207	5.785107008479253	-2.3765196583050336
0.3005118562552333	0.7765346983852077	-1.0034570360415627	5.9842619787105145	-4.3473025073162495
0.32042450469301864	0.7884457636495221	-0.9979454540682496	3.9001565000252665	-5.008999252484566
0.29688147658271913	0.799163599953918	-1.0040939870205625	5.936705539743382	-5.272768133510869
0.30523601673068923	0.7915997670219574	-1.0020811073984925	5.848873611329763	-3.0908997880530666
0.30297978742295933	0.8209428514929534	-0.9990595088673754	5.941729626141594	-2.3621015898062723
0.30705315496387064	0.7901611138349443	-0.9993373989163774	5.737412591018588	-2.4857277269280846
0.30891878243267606	0.7982405336203496	-1.0020459832960529	5.588236814960812	-3.3250321982056157
0.28434850394596717	0.7951352085258842	-1.002241051764247	4.761071758452728	-4.305498646464274
0.2974049699487997	0.8017326513552622	-0.9990521477964249	5.952453691727102	-2.353976864152968
0.2853993865628792	0.812380992494537	-0.9992083218918091	4.920248616337748	-3.3367113211751267
0.3036482207622888	0.7935450993246206	-1.0011341754879783	5.919557626396402	-2.462972086817042
0.28776599620357435	0.8119025527957369	-0.9966777552581606	5.237263407789236	-4.912452380873198
0.311428484937012	0.7981514055712238	-0.9998722663226483	5.333117362178089	-2.8143934606842977
0.3134414328021234	0.7731233400143949	-1.0002461313097482	5.082805909849179	-3.073797750585306
0.29864813513331756	0.7966588156160405	-1.0005572958374978	5.977016295728879	-2.22593843615274
0.30803007497408214	0.7985310823303751	-0.9989037835291686	5.663698912775807	-2.697399890804
0.30546289746940614	0.7655604824312007	-1.0042751137158727	5.8360394440798515	-5.649418039599205
0.31313889441415566	0.7934245548316743	-0.998208144482654	5.122856248308848	-3.602934010188152
0.29688147658271913	0.799163599953918	-1.0040939870205625	5.936705539743382	-5.272768133510869
0.30523601673068923	0.7915997670219574	-1.0020811073984925	5.848873611329763	-3.0908997880530666
0.30297978742295933	0.8209428514929534	-0.9990595088673754	5.941729626141594	-2.3621015898062723
0.29886082364733807	0.7985676232434499	-0.9992885648413549	5.979655596938686	-2.255368225696726
0.30891878243267606	0.7982405336203496	-1.0020459832960529	5.588236814960812	-3.3250321982056157
0.29276272679711196	0.7937110086703137	-1.0021766205631215	5.724042016830259	-3.290027193907685
0.2941823388524258	0.8028526577059583	-0.9988221204515149	5.816874241598746	-2.5777624676443134
0.2904966074680825	0.8071505112259939	-0.9992387061693089	5.534568191256895	-2.713692016217337
0.3043029944272278	0.7947806666914481	-1.0007830467696426	5.893560054434314	-2.365175460742936
0.29140841578179516	0.8068002390771701	-0.9979762972683216	5.6168881522204135	-3.2694712637279775
0.30656526518065247	0.797583440447445	-1.000132935953877	5.7706550996904244	-2.377819973587526
0.3136701014277593	0.757779003309916	-1.0017865098711143	5.051651571648138	-3.6801824413668935
0.2984131846012967	0.7969919305875682	-1.0010276456256746	5.973526799425846	-2.3667868065383377
0.30803007497408214	0.7985310823303751	-0.9989037835291686	5.663698912775807	-2.697399890804
0.30546289746940614	0.7655604824312007	-1.0042751137158727	5.8360394440798515	-5.649418039599205
0.31313889441415566	0.7934245548316743	-0.998208144482654	5.122856248308848	-3.602934010188152
0.2975891095165131	0.7987456924600433	-1.00377829279029	5.9563937783129575	-4.799731686722481
0.30347367951804044	0.7935370775975039	-1.001557946535665	5.925715910909586	-2.6658879307230183
0.30130153292945827	0.827550035101738	-0.9988419544868272	5.9776325244474044	-2.408676719291247
0.2996416677645437	0.7977160744233535	-0.9996727158738965	5.985522152050459	-2.1779110309341316
0.3069922403418221	0.7980115617582976	-1.001859238056403	5.741539554453713	-3.0384306816688955
0.28411287643903316	0.8128838092375296	-1.0007473758531784	4.724138114009822	-3.524576578880822
0.2904138090881245	0.804028733368325	-0.99879989662113	5.526622224349633	-2.8776357474437804
0.2904966074680825	0.8071505112259939	-0.9992387061693089	5.534568191256895	-2.713692016217337
0.3043029944272278	0.7947806666914481	-1.0007830467696426	5.893560054434314	-2.365175460742936
0.2926832046133898	0.8053988830442206	-0.9983547263341515	5.7183566978308775	-2.9157259436216734
0.30875699347802416	0.7981983504060147	-0.9998084158355831	5.602743008654863	-2.5482643642310796
0.3136701014277593	0.757779003309916	-1.0017865098711143	5.051651571648138	-3.6801824413668935
0.30088123673010514	0.7948208616016887	-1.001714974363282	5.982139570024486	-2.703636358174805
0.30803007497408214	0.7985310823303751	-0.9989037835291686	5.663698912775807	-2.697399890804
0.30492246837486003	0.7877049405623752	-1.0025616234344175	5.864687947511781	-3.48271381673206
0.31516469789455975	0.7927804391514137	-0.9979883264490164	4.836126865060142	-4.041669404893109
0.2975891095165131	0.7987456924600433	-1.00377829279029	5.9563937783129575	-4.799731686722481
0.3025540118949198	0.7921580011893792	-1.002417270560929	5.953262474105058	-3.2631263512221
0.303793734750462	0.8339555860938194	-0.9989828485030228	5.914155671107549	-2.4167284018220716
0.3041509053210746	0.7933309685616708	-0.9993214864957896	5.899996423798858	-2.3269388324736964
0.3096147703870227	0.7832850480043654	-1.001885260968166	5.523772759328509	-3.2738850396471975
0.2834427179465173	0.8134690945092545	-1.0009344695515956	4.615407911090216	-3.6911508059519917
0.2911952658175033	0.803341310096686	-0.9990175247907417	5.598504534751289	-2.719899934887774
0.29017197463029554	0.8089204632681236	-0.9993414784880673	5.503197421883399	-2.7190444342743803
0.30451376972639177	0.7950967322298935	-1.0005861014016093	5.884281756293152	-2.324956083733465
0.2939706801815939	0.8071792485451887	-0.9977812236995925	5.804159881973569	-3.2332374542412117
0.3109691221170385	0.799815323442623	-0.999402983406503	5.384543496217095	-2.8237468683761726
0.3146575621250994	0.7549678350043052	-1.0019352997178381	4.911761611244621	-3.9209440206075286
0.29751704664694506	0.7953014432263831	-1.0025927134359238	5.95500812283498	-3.4215957189466364
0.3073723301296307	0.8028545160366007	-0.9986029207589312	5.714315668528658	-2.782771761680263
0.3106458457169352	0.7818338838118452	-1.0025375951188502	5.4191773931569545	-3.9064796020203145
0.31315346347741835	0.787908385810723	-1.0000130985287268	5.121101501912788	-3.0238218050888026
0.29970494603918124	0.796999726732738	-1.002341205472546	5.985460171398047	-3.1648655739461153
0.3022201397471642	0.7916573472675446	-1.0027292358304678	5.961151978854647	-3.548217506225595
0.303793734750462	0.8339555860938194	-0.9989828485030228	5.914155671107549	-2.4167284018220716
0.3128733250096494	0.7816864918276832	-1.000631792347561	5.157537075651412	-3.061824270563598
0.3096147703870227	0.7832850480043654	-1.001885260968166	5.523772759328509	-3.2738850396471975
0.28598278977073177	0.8101507919000748	-1.0003063950841236	5.003753910795369	-3.159075734182678
0.2944696808961791	0.7998711439695705	-1.0001199122351432	5.833246651852615	-2.3145285809392853
0.29017197463029554	0.8089204632681236	-0.9993414784880673	5.503197421883399	-2.7190444342743803
0.30406132466154306	0.7944182737311719	-1.001008859476986	5.903646837845749	-2.4298266657438807
0.29418737505914067	0.8066323345204129	-0.9978247376035512	5.816999885910085	-3.1849083940453022
0.310287139027932	0.8003915808300079	-0.9992512845599253	5.457015342109737	-2.78804851413435
0.3177748521500667	0.7340916669412805	-1.0014672882098867	4.4063350262320595	-4.135236512663309
0.29751704664694506	0.7953014432263831	-1.0025927134359238	5.95500812283498	-3.4215957189466364
0.30995642474819607	0.8064238555738593	-0.9975608405593575	5.4902200739789535	-3.733990579475112
0.30990805895352064	0.7826940635207627	-1.0025543759062252	5.494995114804536	-3.8454230675089063
0.3250350088797851	0.7803009297945841	-0.9999451726739453	2.852411019393876	-5.292845272681043
0.3032635518468414	0.7928614978140988	-1.0018792558667589	5.932739084334507	-2.8614924161420916
0.3035327642115037	0.8140420245526082	-1.0007315525128135	5.923740644425896	-2.3206337313644614
0.3057230003701023	0.8513929432047138	-0.9973982318604692	5.822067391696705	-3.5507076637713775
0.3128733250096494	0.7816864918276832	-1.000631792347561	5.157537075651412	-3.061824270563598
0.3096147703870227	0.7832850480043654	-1.001885260968166	5.523772759328509	-3.2738850396471975
0.28598278977073177	0.8101507919000748	-1.0003063950841236	5.003753910795369	-3.159075734182678
0.2944696808961791	0.7998711439695705	-1.0001199122351432	5.833246651852615	-2.3145285809392853
0.2850362681057336	0.8153425327128404	-0.99772543278885	4.866344473932931	-4.21588811683183
0.3025859845569018	0.7962432672189359	-1.0005330961920689	5.952718727530082	-2.2454131988276638
0.29418737505914067	0.8066323345204129	-0.9978247376035512	5.816999885910085	-3.1849083940453022
0.31012373448571023	0.7962342109062777	-0.999891415111864	5.473718928530563	-2.6730169594439372
0.31769366199088445	0.7348105647508775	-1.0014432598201561	4.420736994566484	-4.107806693790392
0.3007661153822541	0.8175103350925274	-1.0005360082371946	5.983220488614105	-2.215573187136389
0.31112336455422746	0.8044021881761905	-0.9977453653151986	5.367269153840939	-3.698838730208476
0.31056168384930977	0.7819668260236232	-1.0026574454163384	5.4280705882793585	-4.011197274308809
0.3250350088797851	0.7803009297945841	-0.9999451726739453	2.852411019393876	-5.292845272681043
0.30642256828431647	0.7757554131187065	-1.0014698732098448	5.779814574554064	-2.7625158097003917
0.3031604420507936	0.8076926751080457	-1.0012981896504336	5.936143283149707	-2.519445638754857
0.3057230003701023	0.8513929432047138	-0.9973982318604692	5.822067391696705	-3.5507076637713775
0.31371195737274205	0.7891029921243671	-1.0005224933530368	5.04606699282558	-3.1499491847094774
0.31357898737077794	0.7679520438047809	-1.002489729171369	5.063915090104182	-4.217718480686109
0.27974330444892825	0.8177082957525009	-1.0004434955820305	3.934491110089644	-4.247511430588142
0.2921029361950043	0.8013865113402183	-1.0001334427272999	5.674350543701318	-2.474136200911137
0.2850362681057336	0.8153425327128404	-0.99772543278885	4.866344473932931	-4.21588811683183
0.30051125002071466	0.7597688137126003	-1.0026064077984886	5.98452296675125	-3.4051400031062045
0.29418737505914067	0.8066323345204129	-0.9978247376035512	5.816999885910085	-3.1849083940453022
0.3124337165167976	0.7947269984957925	-1.0001909808897478	5.213181161964816	-2.938907617991286
0.31000754315467116	0.7563427620683196	-1.001005289828769	5.485364387405234	-2.846623027103824
0.3007661153822541	0.8175103350925274	-1.0005360082371946	5.983220488614105	-2.215573187136389
0.3121426335804475	0.8039809996729272	-0.9972905971319161	5.248584723210115	-4.228326426708918
0.31056168384930977	0.7819668260236232	-1.0026574454163384	5.4280705882793585	-4.011197274308809
0.329753429714991	0.7772798430795249	-0.9999181978354377	1.559836284145999	-6.586027282401633
0.30092949810227865	0.7584189166773533	-1.0026385426549937	5.981501588772446	-3.4391606206191483
0.3031604420507936	0.8076926751080457	-1.0012981896504336	5.936143283149707	-2.519445638754857
0.3040951009401661	0.8747502752284844	-0.9956288516589531	5.901364912308535	-5.720159462623515
0.31125508520678596	0.8082592408033249	-0.999561678180578	5.352775196389324	-2.8259696189006505
0.31357898737077794	0.7679520438047809	-1.002489729171369	5.063915090104182	-4.217718480686109
0.2863058749615066	0.813755365280006	-0.9999469218474362	5.048524074036285	-3.0966824891384395
0.28666717906128714	0.8150615884857626	-0.9998687539177663	5.097348085554651	-3.0503054718055216
0.2850362681057336	0.8153425327128404	-0.99772543278885	4.866344473932931	-4.21588811683183
0.30460454442453677	0.7753278821968232	-1.0007356778082415	5.880133309870714	-2.3653696500661434
0.2974845345492233	0.8070219573811901	-0.9991010598900535	5.954491280913935	-2.3352478659147167
0.31410253319120157	0.8061020075753101	-0.9979922601087029	4.991560754731988	-3.8832445094429504
0.31000754315467116	0.7563427620683196	-1.001005289828769	5.485364387405234	-2.846623027103824
0.3007661153822541	0.8175103350925274	-1.0005360082371946	5.983220488614105	-2.215573187136389
0.3121426335804475	0.8039809996729272	-0.9972905971319161	5.248584723210115	-4.228326426708918
0.3086334992463616	0.7886689697250082	-1.0023033297002688	5.613217705180217	-3.5051865118841636
0.3213651856035814	0.781803284795395	-1.0008655053253852	3.7037762833994288	-4.580221740319167
0.29966678765562327	0.7575926626769754	-1.002757714732846	5.985234115890641	-3.5531159074386167
0.31808004421088926	0.8023260035758493	-1.0024943270490194	4.3514184410403285	-4.933981796847769
0.3040951009401661	0.8747502752284844	-0.9956288516589531	5.901364912308535	-5.720159462623515
0.31125508520678596	0.8082592408033249	-0.999561678180578	5.352775196389324	-2.8259696189006505
0.31023029911672684	0.7809042740365948	-1.0019791174716794	5.462678572363409	-3.4012654440335908
0.2863058749615066	0.813755365280006	-0.9999469218474362	5.048524074036285	-3.0966824891384395
0.28803796594354986	0.8148254537907235	-1.0016702235062749	5.270578741583845	-3.3874609214031484
0.2850362681057336	0.8153425327128404	-0.99772543278885	4.866344473932931	-4.21588811683183
0.30460454442453677	0.7753278821968232	-1.0007356778082415	5.880133309870714	-2.3653696500661434
0.29161440737588634	0.8124324306080488	-0.9989524119852237	5.634523827429873	-2.7074599379338204
0.31410253319120157	0.8061020075753101	-0.9979922601087029	4.991560754731988	-3.8832445094429504
0.31000754315467116	0.7563427620683196	-1.001005289828769	5.485364387405234	-2.846623027103824
0.30019790367935706	0.8171950579057699	-1.0004376858341626	5.985964109974268	-2.194873782021639
0.3121426335804475	0.8039809996729272	-0.9972905971319161	5.248584723210115	-4.228326426708918
0.3065372605888524	0.7915959111692609	-1.0018905977339647	5.772311919727857	-3.029058898440068
0.31978008592119467	0.7782499534883366	-1.0008850139842387	4.02987136001342	-4.26034681444413
0.29966678765562327	0.7575926626769754	-1.002757714732846	5.985234115890641	-3.5531159074386167
0.3167508711860934	0.8211497983839231	-1.0037525641270815	4.582507003408388	-6.13792774422793
0.3040951009401661	0.8747502752284844	-0.9956288516589531	5.901364912308535	-5.720159462623515
0.3080697136485701	0.8110284244865068	-0.9981929408313645	5.660404852758713	-3.07518003212326
0.30969481120814946	0.7883703606875687	-1.0010407367223373	5.516168539295691	-2.8291260331172765
0.2924273753355286	0.8009001217585203	-1.0002107863824417	5.6994440746605015	-2.454113482952156
0.2925341776595021	0.8129547385226596	-1.0017935619774376	5.7073161584225245	-3.029246142050927
0.2932471791740121	0.8065765453097535	-0.9984721279374987	5.758049852558807	-2.8086913494677983
0.30377269675136387	0.7683260666702151	-1.0002385963067504	5.915000467451617	-2.2408791306592972
0.28298133354483324	0.8159866503693616	-0.9996512824175339	4.5379883979915485	-3.6281531567217007
0.3126865687283228	0.8072582880220044	-0.9980393619272913	5.181232182175357	-3.6598910560305526
0.31000754315467116	0.7563427620683196	-1.001005289828769	5.485364387405234	-2.846623027103824
0.29345648112464284	0.8228005712977625	-0.9996623487066894	5.772075620969684	-2.392706329444497
0.3123378112505448	0.8031122665823008	-0.9963818425043123	5.224407032296727	-5.299770802094867
0.3065372605888524	0.7915959111692609	-1.0018905977339647	5.772311919727857	-3.029058898440068
0.32356971130337275	0.775111849412016	-1.000978425934222	3.208465197263128	-5.113774395408266
0.29966678765562327	0.7575926626769754	-1.002757714732846	5.985234115890641	-3.5531159074386167
0.3167508711860934	0.8211497983839231	-1.0037525641270815	4.582507003408388	-6.13792774422793
0.30328413651185754	0.8532950054271197	-0.9969343722930486	5.931771850945794	-3.9199921239294175
0.3080697136485701	0.8110284244865068	-0.9981929408313645	5.660404852758713	-3.07518003212326
0.30969481120814946	0.7883703606875687	-1.0010407367223373	5.516168539295691	-2.8291260331172765
0.284285822955392	0.7616088743127233	-1.002667789580225	4.751136861741616	-4.698439333587812
0.2925341776595021	0.8129547385226596	-1.0017935619774376	5.7073161584225245	-3.029246142050927
0.2943653568248075	0.8054162490788245	-0.9985645505094071	5.827320473429538	-2.689684802505397
0.30209724519394726	0.7772958407444153	-0.9995906147640303	5.964168950919008	-2.2100105062090396
0.28310179980928274	0.8160650118047729	-0.9996514096820431	4.558417593561984	-3.6077621863550178
0.31187228812381873	0.80518430353426	-0.9985493358218529	5.281308169947529	-3.2436177362636087
0.3092341717975076	0.7390872641163968	-1.0023508239090717	5.559543555168255	-3.5992216379066866
0.3032318134121993	0.8291592732395509	-0.9996726756880383	5.933941071033638	-2.2294973571596923
0.3123378112505448	0.8031122665823008	-0.9963818425043123	5.224407032296727	-5.299770802094867
0.30119462248040907	0.7843959320709163	-1.002077203868984	5.978818164601094	-2.9588077539362843
0.31252039126157755	0.7881518603814814	-1.001295862445319	5.202284568061457	-3.2521840994457145
0.2991517842360726	0.7613058124903361	-1.0026983147157358	5.982208122724122	-3.496070394998961
0.3109480572966312	0.7577983739042939	-1.0026704352316733	5.386513163682325	-4.064896511498587
0.30328413651185754	0.8532950054271197	-0.9969343722930486	5.931771850945794	-3.9199921239294175
0.3080697136485701	0.8110284244865068	-0.9981929408313645	5.660404852758713	-3.07518003212326
0.3091322049548027	0.7919210500106161	-1.000921646523461	5.569141209451928	-2.7330223355903485
0.284285822955392	0.7616088743127233	-1.002667789580225	4.751136861741616	-4.698439333587812
0.2920830115731331	0.8122713224222556	-1.0018830090280704	5.672598702844543	-3.1240582931671907
0.2956185954455405	0.7941109303123556	-0.9995557990073302	5.890176122674967	-2.289352177044128
0.29643147940904774	0.7630124679901862	-1.0013659221035043	5.9224045345503615	-2.566277742950268
0.28310179980928274	0.8160650118047729	-0.9996514096820431	4.558417593561984	-3.6077621863550178
0.31180780056043766	0.8054713367805073	-0.9988495923605044	5.288982575488043	-3.0940778984606743
0.30378410785194987	0.6795869387512913	-1.0013344770487975	5.914483115124622	-2.5585087053001727
0.3041953602557377	0.8503313565314032	-0.9985353863437777	5.898057024715039	-2.633842475923208
0.3046881360914781	0.8065713875341384	-0.9984594802777241	5.8761577576384205	-2.697422753275905
0.30010153668634076	0.8286383992991109	-1.0023907272219026	5.9858321904244125	-3.206870393544227
0.31252039126157755	0.7881518603814814	-1.001295862445319	5.202284568061457	-3.2521840994457145
0.29649674326868336	0.7465024241981585	-1.0040396521140391	5.923989539662555	-5.205262841960236
0.31037968301756635	0.7582663950033687	-1.0026286223632592	5.447134937248045	-3.963608794757313
0.3013657835121071	0.8771987297338533	-0.9954985806331282	5.975829555924714	-5.856035195950686
0.307610125965458	0.8104226719192803	-0.9982291660086795	5.696442639048323	-3.0161273725674302
0.30960067644105016	0.7834962656697951	-1.0021247818372367	5.525078842228783	-3.4485984278856385
0.28930064679623396	0.7955470535491771	-1.0005628479541306	5.413772882964589	-2.790535105321429
0.2941835734967447	0.7809709052476675	-1.0029093882150457	5.816592204422109	-3.878972844183095
0.28476247630723495	0.7793605818471481	-1.000744073866314	4.825231194016448	-3.4226163630514232
0.29643147940904774	0.7630124679901862	-1.0013659221035043	5.9224045345503615	-2.566277742950268
0.2758784842952191	0.8311793699798374	-0.9988682748532459	3.076867878179911	-5.298446733761665
0.31726963149945564	0.7679534039717004	-1.0006023820222032	4.494950513910267	-3.717763964463261
0.303647939818347	0.6850983174526671	-1.0013735333229594	5.919537863469383	-2.5728961948690205
0.3041953602557377	0.8503313565314032	-0.9985353863437777	5.898057024715039	-2.633842475923208
0.3025251586936761	0.8111436889847825	-0.9975386655327784	5.953984477241038	-3.290068815778495
0.30010153668634076	0.8286383992991109	-1.0023907272219026	5.9858321904244125	-3.206870393544227
0.3116494701329783	0.7918558765127499	-1.0014230336816663	5.307517494611531	-3.2099962946250145
0.29649674326868336	0.7465024241981585	-1.0040396521140391	5.923989539662555	-5.205262841960236
0.3078628280619421	0.7627177375232413	-1.0023819671317664	5.676765503721092	-3.508753051622059
0.30329660452909996	0.7995831432226916	-0.9974914064965328	5.931516858575561	-3.355174333961985
0.30686047189067994	0.8094034938969441	-0.9983116826329874	5.750696624159618	-2.909381264358954
0.309395827903592	0.7839114372886821	-1.0021654472699015	5.544527149686728	-3.4608415971303836
0.2804007839231341	0.8007002984295877	-0.9998530800712394	4.065522084338592	-4.082873677508904
0.29395780755922246	0.7815901516761888	-1.0028595471169381	5.80322021980761	-3.8396595903766304
0.2828123749277948	0.7788877454609406	-1.0002954345306383	4.509092875558681	-3.652507818501644
0.2961209336279512	0.7653447180384862	-1.0015534324018063	5.910813080545108	-2.6784621305507024
0.2758784842952191	0.8311793699798374	-0.9988682748532459	3.076867878179911	-5.298446733761665
0.3188673670349485	0.7615910957631585	-1.0009539888716357	4.206236318854586	-4.10712161550115
0.307061430940321	0.6482437868308059	-1.001377133540873	5.73675565828617	-2.757583263916417
0.3068071564351658	0.8338750342053749	-0.9989483020096049	5.754427320653006	-2.589128979152635
0.3025251586936761	0.8111436889847825	-0.9975386655327784	5.953984477241038	-3.290068815778495
0.30010153668634076	0.8286383992991109	-1.0023907272219026	5.9858321904244125	-3.206870393544227
0.31733842667207657	0.8015683712035668	-1.0013752614623468	4.482969753230882	-4.010493815158534
0.29823681408349434	0.7651607896819553	-1.0021631760884104	5.970391428329962	-3.0334669591402834
0.306250759350397	0.7604178955165399	-1.0026170790583557	5.7904671003274935	-3.6096032726414187
0.3005331666661706	0.7967912175864177	-0.9978696856600151	5.98452127232132	-2.98284838841381
0.30686047189067994	0.8094034938969441	-0.9983116826329874	5.750696624159618	-2.909381264358954
0.309395827903592	0.7839114372886821	-1.0021654472699015	5.544527149686728	-3.4608415971303836
0.28365924684393534	0.7933718155645353	-1.0002055280520465	4.651066337124062	-3.50203669781928
0.2995170254610929	0.725017898564344	-1.002230632514438	5.984754409653369	-3.072919502842006
0.2828123749277948	0.7788877454609406	-1.0002954345306383	4.509092875558681	-3.652507818501644
0.2947130960550075	0.7629411814920608	-1.0015652545215288	5.84629025004651	-2.7495688454077056
0.2758784842952191	0.8311793699798374	-0.9988682748532459	3.076867878179911	-5.298446733761665
0.31703023791745955	0.7439530499564054	-1.0010198346789088	4.535972496985254	-3.8013589097868827
0.307061430940321	0.6482437868308059	-1.001377133540873	5.73675565828617	-2.757583263916417
0.30970253378573337	0.84924538843558	-0.9999014621404455	5.515473222948278	-2.630867486231362
0.30399233918867724	0.7911673411076143	-0.9995385978810927	5.906465012167247	-2.2760055702583477
0.29699862769071184	0.8630625901989804	-1.0022765096715098	5.940869214241222	-3.1545228005900823
0.31733842667207657	0.8015683712035668	-1.0013752614623468	4.482969753230882	-4.010493815158534
0.299163636691026	0.6918781219300307	-1.0020783422317137	5.982456024505659	-2.95539906271501
0.306250759350397	0.7604178955165399	-1.0026170790583557	5.7904671003274935	-3.6096032726414187
0.30618911325674286	0.8005167393985333	-0.9967060796114661	5.794101407650002	-4.322328509864322
0.30686047189067994	0.8094034938969441	-0.9983116826329874	5.750696624159618	-2.909381264358954
0.3033292654942059	0.7924668248213003	-1.0015686666158656	5.930626438348117	-2.667099437327561
0.2872936016172136	0.7880704336145482	-1.000593480470384	5.178889107486438	-3.0318158189149385
0.2995170254610929	0.725017898564344	-1.002230632514438	5.984754409653369	-3.072919502842006
0.2844921624029507	0.7823298753994047	-1.0004071570279152	4.783696094225712	-3.392496047843628
0.2988330884440521	0.8064367058813834	-1.0006070540956082	5.9793426791194815	-2.234357298725472
0.2758784842952191	0.8311793699798374	-0.9988682748532459	3.076867878179911	-5.298446733761665
0.31703023791745955	0.7439530499564054	-1.0010198346789088	4.535972496985254	-3.8013589097868827
0.307061430940321	0.6482437868308059	-1.001377133540873	5.73675565828617	-2.757583263916417
0.3054205199374151	0.8759814428921737	-0.9990749930948529	5.839216553901952	-2.4593337538487496
0.3047661150730237	0.7646761034017335	-0.9992178857943158	5.872559668172198	-2.3818550168983164
0.29699862769071184	0.8630625901989804	-1.0022765096715098	5.940869214241222	-3.1545228005900823
0.3129873464575699	0.798741538256006	-1.001435330821688	5.142710668977099	-3.3816775623599717
0.298128853969197	0.6668909095111957	-1.0022049506132897	5.968420490046953	-3.068516202846552
0.306250759350397	0.7604178955165399	-1.0026170790583557	5.7904671003274935	-3.6096032726414187
0.30618911325674286	0.8005167393985333	-0.9967060796114661	5.794101407650002	-4.322328509864322
0.3055388617210893	0.8089150486596568	-0.9986895873746953	5.832688712861085	-2.6216140562932253
0.3010753515897679	0.8171923696754418	-1.0007598230933277	5.980358745985516	-2.271780952728502
0.29569321085167966	0.793603181655064	-0.9988654167494563	5.893362989952185	-2.4832095482150534
0.30017960300835284	0.7367407029356521	-1.002115581064992	5.98578444738508	-2.980715372966521
0.2812604628048754	0.7917214972728263	-1.0000552122197823	4.2303180938935	-3.9152547770762727
0.2988330884440521	0.8064367058813834	-1.0006070540956082	5.9793426791194815	-2.234357298725472
0.2846169764412794	0.8223393964889407	-0.9982449184008765	4.802828433138516	-3.8991795460160708
0.31530445623955183	0.7498788763459506	-1.00098068738451	4.814989526421161	-3.5076810935136367
0.30724556029929084	0.622765471096003	-1.0010955023894557	5.72361879122269	-2.643034647434832
0.301682507400444	0.8702474781351035	-1.000495969373141	5.9720030627065555	-2.219012054163848
0.30395120030898287	0.7645608486034667	-1.000907370487442	5.908068432281649	-2.389347695936525
0.29586312976846163	0.8279364840514972	-1.000774427852952	5.9005710542623415	-2.355682560759364
0.3179503407687422	0.7787758975104013	-1.0011742238557566	4.375026909097244	-4.024290679559897
0.298128853969197	0.6668909095111957	-1.0022049506132897	5.968420490046953	-3.068516202846552
0.30282814555607335	0.7644020130359931	-1.0032356922927494	5.945653996087899	-4.115628348074565
0.30560467707591543	0.7857967175038809	-0.9977376975216498	5.8288515914986165	-3.2436843256642787
0.3058685144383177	0.8143283203753768	-0.9981367313219727	5.813798620678211	-2.9596838212239494
0.2992482105542039	0.8056560066173248	-1.00015014143596	5.9833424537736635	-2.1660191007595797
0.29409008591353014	0.7730881876063179	-0.9984289749148082	5.811410689212066	-2.7794142799008075
0.30017960300835284	0.7367407029356521	-1.002115581064992	5.98578444738508	-2.980715372966521
0.2812604628048754	0.7917214972728263	-1.0000552122197823	4.2303180938935	-3.9152547770762727
0.29715759466437414	0.8182299497122114	-1.0009993568768525	5.945723241581917	-2.383772542313337
0.27894637174971876	0.8297503310487319	-0.9977465908665696	3.769639312608924	-5.295983747259889
0.31503912819463536	0.7469810967773842	-1.0009612796390208	4.855246430549652	-3.4604445190095596
0.3039845346581629	0.6385490425842023	-1.0014923495593029	5.90667558017939	-2.6480975716951525
0.30108248182721475	0.9256838177487413	-0.9990610452592315	5.980266601418743	-2.322602658892384
0.30395120030898287	0.7645608486034667	-1.000907370487442	5.908068432281649	-2.389347695936525
0.2919792435858171	0.8583694227356669	-1.000710588886836	5.664481603643671	-2.57455005765818
0.3179503407687422	0.7787758975104013	-1.0011742238557566	4.375026909097244	-4.024290679559897
0.30080570443672483	0.709467233639431	-1.0006053717634136	5.982905395804867	-2.230612780422941
0.3024506165904247	0.7992818996399041	-1.0023328550793402	5.95586979874287	-3.18705119825091
0.305747798071887	0.7880731113435675	-0.997652174134779	5.820707990059644	-3.322992542555541
0.30571403716686985	0.8023113066643311	-0.9983747530039111	5.822786342638489	-2.7993959111096895
0.29998355685406464	0.8041923646157334	-1.0006513428398922	5.98614695349026	-2.237731381717441
0.2929173842886561	0.7656838814033136	-0.9980376670429283	5.735159753645657	-3.1064362015473854
0.2921000460188231	0.7176291863114139	-1.0025435739441888	5.673799664806214	-3.657134531904372
0.2812604628048754	0.7917214972728263	-1.0000552122197823	4.2303180938935	-3.9152547770762727
0.29630389575991367	0.8436816541157355	-1.0010915538447906	5.917804010492531	-2.4472958405495016
0.27894637174971876	0.8297503310487319	-0.9977465908665696	3.769639312608924	-5.295983747259889
0.31282117123935643	0.7504976359573685	-1.0009504960030764	5.164212185873158	-3.148008037374847
0.303703855723918	0.6459363413685371	-1.0014720809381013	5.917468430517838	-2.626596601636484
0.2968066253845126	0.9071531086159685	-0.9988071425516724	5.935110165131456	-2.466065952229136
0.30395120030898287	0.7645608486034667	-1.000907370487442	5.908068432281649	-2.389347695936525
0.2915082412068097	0.8573351410793214	-1.000603471274043	5.6256014718627	-2.587281050630901
0.3115424592420954	0.7689148684282309	-1.0004778843998883	5.320016272298104	-2.8678834848785337
0.294652799771173	0.6845935884342264	-1.000401220877667	5.843198717404782	-2.332155696283401
0.30482011021473693	0.8341318106450034	-1.002919813587274	5.869575939769977	-3.8364623527274198
0.3059321348174552	0.7859764430736704	-0.9975245839503468	5.809912016056989	-3.445842331833626
0.3047408832607856	0.7995258812642836	-0.9983491184475362	5.873653376793257	-2.764430777782806
0.2988478355496898	0.8175804635044965	-1.0009356772368183	5.979488328552886	-2.327648590796546
0.29126149108228205	0.7275455248546958	-0.9965444164069394	5.603764774326644	-4.71163912298862
0.29267682574889237	0.7140656170350328	-1.0024903142422006	5.717715028938581	-3.564082007590006
0.2812604628048754	0.7917214972728263	-1.0000552122197823	4.2303180938935	-3.9152547770762727
0.29630389575991367	0.8436816541157355	-1.0010915538447906	5.917804010492531	-2.4472958405495016
0.27894637174971876	0.8297503310487319	-0.9977465908665696	3.769639312608924	-5.295983747259889
0.3039653277492401	0.7572544914846554	-0.9996544834679522	5.907544427872089	-2.2582001338299236
0.303703855723918	0.6459363413685371	-1.0014720809381013	5.917468430517838	-2.626596601636484
0.30210453047151575	0.8749860903123287	-0.9994002536418648	5.964006290437858	-2.2450134524682355
0.3048019299239934	0.736995006216072	-0.9998498058019295	5.870875734860681	-2.2776399031033296
0.2909066372010563	0.9310923374682182	-0.999632097576212	5.572716515174518	-2.5958428423494
0.3079081516256597	0.7427112772253546	-0.9992431138065304	5.673446563242639	-2.573719861747061
0.2938614838141057	0.6876836468248176	-1.0014619146716213	5.797655753202469	-2.740389794700115
0.3027457057005747	0.803621995397826	-1.0024059530028897	5.948185588286806	-3.258086712045978
0.3103310974621416	0.7473883438484055	-0.995833261426409	5.451643558371877	-5.851779816519404
0.30444918053719167	0.7866100708945313	-0.9992941167990602	5.88716856693296	-2.3466529182586235
0.29829560527430465	0.8370999624840181	-1.0008746770034895	5.971606457852343	-2.3151673951516356
0.2980224949751506	0.6714350582089841	-0.9958844222987235	5.965769988142969	-5.2611621500616055
0.29267682574889237	0.7140656170350328	-1.0024903142422006	5.717715028938581	-3.564082007590006
0.28538806269175127	0.7940077406703514	-1.0005068206766907	4.918613114889384	-3.2744295471053118
0.30019364329358184	0.8245969207963301	-1.000934910522565	5.985938326240248	-2.3211541131430202
0.2763490322312824	0.8513059956698599	-0.9980001373526192	3.189128163235239	-5.6800791928898775
0.29750157837237473	0.7473074878891496	-0.9989520728966521	5.95490405704263	-2.38719038297054
0.303703855723918	0.6459363413685371	-1.0014720809381013	5.917468430517838	-2.626596601636484
0.3004894369814528	0.8337202820449982	-0.9996172040029716	5.984964448317419	-2.1854768997882497
0.30805585954841475	0.681139313314886	-0.9992126765364411	5.661654158519515	-2.59402542279481
0.2910805340728653	0.8824081382870956	-1.0002731040451782	5.588381426332699	-2.5708714072423113
0.2990005275983787	0.7733623518375453	-0.9988922812377301	5.981113440299427	-2.3844891610201246
0.2996686225517907	0.614815940239252	-1.002116474766771	5.985396489412427	-2.9819875509432556
0.30337731230565396	0.7988704385539754	-1.0026232883308097	5.928794243617318	-3.4774596977398176
0.3061177224705375	0.7352476064515625	-0.9974032963818189	5.798699733133624	-3.5699203384265203
0.301228429421658	0.8209715205640604	-0.9993744969712348	5.978604760828329	-2.235744345125841
0.29777709328024765	0.8399514087899606	-1.0011399030453136	5.961397977379018	-2.423476154151505
0.2982281639115312	0.6952606259351799	-0.9966399954413905	5.9699080205965585	-4.226498761076873
0.2917540198252279	0.6938589471913409	-1.002755660053979	5.645808889419929	-3.890409642009838
0.28799697385908196	0.7984486799287418	-1.0003203267646135	5.265801204590641	-2.898612392844118
0.2993903113720096	0.8298887497283411	-1.0009094170876967	5.984269564662781	-2.3138572446362113
0.2763490322312824	0.8513059956698599	-0.9980001373526192	3.189128163235239	-5.6800791928898775
0.3083622677318877	0.7054371546316737	-0.9975581231039918	5.636233771512641	-3.5902306192420586
0.303703855723918	0.6459363413685371	-1.0014720809381013	5.917468430517838	-2.626596601636484
0.3004894369814528	0.8337202820449982	-0.9996172040029716	5.984964448317419	-2.1854768997882497
0.3089868241644911	0.64090635547012	-0.998427966797469	5.582230910513356	-3.0091501252317876
0.2910805340728653	0.8824081382870956	-1.0002731040451782	5.588381426332699	-2.5708714072423113
0.2990005275983787	0.7733623518375453	-0.9988922812377301	5.981113440299427	-2.3844891610201246
0.29947128347223145	0.6616467129796236	-1.0011641260323698	5.984704052445614	-2.410664840253866
0.3031786442397177	0.8919150984802469	-1.003323679560303	5.935098279445823	-4.231008168131654
0.30494709047655444	0.7499430950187441	-0.9979277401868869	5.863586283797524	-3.059540536677339
0.30087205329559785	0.8085467933402659	-0.9995768042118446	5.9823581782646835	-2.1940764876536667
0.301560696842041	0.7924540713082657	-0.9994448464784207	5.973975234814844	-2.225586502662935
0.29551997010759556	0.7661696887732774	-0.9980165583625111	5.885619476529602	-2.9719953163537944
0.2974548977204907	0.6894107940482953	-1.0015166516499348	5.953666778073076	-2.6146752221729717
0.2963911299113963	0.7603567516709234	-1.001992384594018	5.920851321349639	-2.9531169296998794
0.29669511227050194	0.7857602728326247	-0.9991917966266126	5.931525443592683	-2.3300792454689585
0.2850347002589387	0.8449786920411209	-0.998581954610818	4.866267993414917	-3.6412004089707946
0.3096227509359337	0.6962915717604873	-0.9973784894146205	5.522839223987724	-3.8682809266975866
0.303703855723918	0.6459363413685371	-1.0014720809381013	5.917468430517838	-2.626596601636484
0.3004894369814528	0.8337202820449982	-0.9996172040029716	5.984964448317419	-2.1854768997882497
0.3089868241644911	0.64090635547012	-0.998427966797469	5.582230910513356	-3.0091501252317876
0.29309122897062534	0.8723602836937784	-1.000215020734775	5.747511620372803	-2.4063893941042114
0.2990005275983787	0.7733623518375453	-0.9988922812377301	5.981113440299427	-2.3844891610201246
0.3024314876679265	0.6240547089988471	-1.0016935972073113	5.95646544277883	-2.7159905013420538
0.3031786442397177	0.8919150984802469	-1.003323679560303	5.935098279445823	-4.231008168131654
0.3019249790293492	0.7846207376763765	-0.9982827482249327	5.967494348750134	-2.7107595179819866
0.3019197079001646	0.8282425646589311	-0.9999599908530049	5.967743045603891	-2.177290503913502
0.30402216141778604	0.80773705658027	-0.9982318483857312	5.90512428739007	-2.8050840429133608
0.2955312010293031	0.7663177648864183	-0.9980191652763437	5.886122511237624	-2.969235441178319
0.2979831168568063	0.6224265704511388	-1.0031329407121907	5.9653396638084555	-3.976600595379958
0.2963911299113963	0.7603567516709234	-1.001992384594018	5.920851321349639	-2.9531169296998794
0.29669511227050194	0.7857602728326247	-0.9991917966266126	5.931525443592683	-2.3300792454689585
0.2875603618542825	0.8015686470975041	-0.9994696500854194	5.212432468216714	-2.9824281503447923
0.3066631480737291	0.7106214478564671	-0.9984105094032171	5.7640554824701935	-2.837629270381531
0.303703855723918	0.6459363413685371	-1.0014720809381013	5.917468430517838	-2.626596601636484
0.30421549426157485	0.8808173955220628	-1.0000349574564715	5.897317497302214	-2.247847104202589
0.3093422582343024	0.6255457674301759	-0.9981283715482758	5.549605423515234	-3.229539288277235
0.2913471884088312	0.923279263735264	-1.0011189729761993	5.611751170562858	-2.7644027604588324
0.2990005275983787	0.7733623518375453	-0.9988922812377301	5.981113440299427	-2.3844891610201246
0.3024314876679265	0.6240547089988471	-1.0016935972073113	5.95646544277883	-2.7159905013420538
0.3031786442397177	0.8919150984802469	-1.003323679560303	5.935098279445823	-4.231008168131654
0.2958509646410513	0.7917870856841869	-0.9987846243898337	5.900023188807534	-2.5110328529099952
0.30551958885699665	0.8588144025022578	-1.0008032717616142	5.833807949722695	-2.4310956068328142
0.30202614545785955	0.7940736829150955	-0.9984943594648854	5.965529842997181	-2.5887716610485443
0.29649837916032973	0.7822021580129705	-0.9986900313514493	5.92477697433318	-2.5290716409555545
0.2979831168568063	0.6224265704511388	-1.0031329407121907	5.9653396638084555	-3.976600595379958
0.29540218488377973	0.7482134234341526	-1.0023559366119903	5.880192476669551	-3.282263763835429
0.29723222515179726	0.7706193283694649	-0.9994260472160926	5.947850158608629	-2.255558350884245
0.2947263549385794	0.7160294842444678	-1.0005413100185698	5.847098205754216	-2.352594200006072
0.30852148076676533	0.6954055731522779	-0.9982936704766985	5.622945767436391	-3.0484031284412083
0.303703855723918	0.6459363413685371	-1.0014720809381013	5.917468430517838	-2.626596601636484
0.30421549426157485	0.8808173955220628	-1.0000349574564715	5.897317497302214	-2.247847104202589
0.3093422582343024	0.6255457674301759	-0.9981283715482758	5.549605423515234	-3.229539288277235
0.2913471884088312	0.923279263735264	-1.0011189729761993	5.611751170562858	-2.7644027604588324
0.2989923994022423	0.7618906908648407	-0.998538480458796	5.98098642095878	-2.549781392366148
0.3024314876679265	0.6240547089988471	-1.0016935972073113	5.95646544277883	-2.7159905013420538
0.3031786442397177	0.8919150984802469	-1.003323679560303	5.935098279445823	-4.231008168131654
0.29120670746287225	0.790067371570821	-0.9990029281126325	5.599509841915294	-2.723735567960814
0.30551958885699665	0.8588144025022578	-1.0008032717616142	5.833807949722695	-2.4310956068328142
0.3001542851667255	0.7739230841522801	-0.9990245942785858	5.986002927370828	-2.3299372329334798
0.29903632446224804	0.8238839533473676	-1.0004504324077919	5.981516020572247	-2.2016982937096934
0.2979831168568063	0.6224265704511388	-1.0031329407121907	5.9653396638084555	-3.976600595379958
0.29540218488377973	0.7482134234341526	-1.0023559366119903	5.880192476669551	-3.282263763835429
0.29723222515179726	0.7706193283694649	-0.9994260472160926	5.947850158608629	-2.255558350884245
0.29452319170192404	0.7133042946290603	-1.0006196929130196	5.836173171115565	-2.380309118019891
0.30852148076676533	0.6954055731522779	-0.9982936704766985	5.622945767436391	-3.0484031284412083
0.303703855723918	0.6459363413685371	-1.0014720809381013	5.917468430517838	-2.626596601636484
0.30421549426157485	0.8808173955220628	-1.0000349574564715	5.897317497302214	-2.247847104202589
0.3093422582343024	0.6255457674301759	-0.9981283715482758	5.549605423515234	-3.229539288277235
0.2924040895636761	0.9096169982212539	-1.0010270795184817	5.697627496350118	-2.642189483713797
0.299013244918021	0.7913108335142653	-0.9994458354974852	5.981285734876406	-2.218157691106785
0.3024314876679265	0.6240547089988471	-1.0016935972073113	5.95646544277883	-2.7159905013420538
0.3031786442397177	0.8919150984802469	-1.003323679560303	5.935098279445823	-4.231008168131654
0.29120670746287225	0.790067371570821	-0.9990029281126325	5.599509841915294	-2.723735567960814
0.30551958885699665	0.8588144025022578	-1.0008032717616142	5.833807949722695	-2.4310956068328142
0.30294755521593664	0.8039926701488631	-0.9982333551935036	5.9425730573016615	-2.766684411279538
0.2988710834367745	0.8211701270882169	-1.00033581588096	5.979791616101334	-2.1865051863598133
0.2979831168568063	0.6224265704511388	-1.0031329407121907	5.9653396638084555	-3.976600595379958
0.2956753529324983	0.7349000352693629	-1.002438175390895	5.892359421496161	-3.342618133033744
0.2986846900802171	0.7532193544908052	-0.9992704053294746	5.977492701405695	-2.262405995136091
0.2944940211014275	0.716006646415467	-1.0006253008125638	5.834570949537318	-2.38341427816673
0.306752290897132	0.7604763758498118	-0.9999592728341403	5.758202273017693	-2.3868354749018668
0.303703855723918	0.6459363413685371	-1.0014720809381013	5.917468430517838	-2.626596601636484
0.30421549426157485	0.8808173955220628	-1.0000349574564715	5.897317497302214	-2.247847104202589
0.30779401180054755	0.7026359923624125	-0.998704146998192	5.682352456264767	-2.765553516335216
0.2924040895636761	0.9096169982212539	-1.0010270795184817	5.697627496350118	-2.642189483713797
0.29673660594837087	0.7521404451593015	-0.9991880204791861	5.9328878485321015	-2.3297693691493064
0.3024314876679265	0.6240547089988471	-1.0016935972073113	5.95646544277883	-2.7159905013420538
0.3031786442397177	0.8919150984802469	-1.003323679560303	5.935098279445823	-4.231008168131654
0.28841944155601446	0.7896234027688585	-0.9988447913380653	5.315556123024801	-3.0693797477418387
0.30551958885699665	0.8588144025022578	-1.0008032717616142	5.833807949722695	-2.4310956068328142
0.30180020724176465	0.802857866952474	-0.9982816429504844	5.969818149636264	-2.708962800969605
0.2988710834367745	0.8211701270882169	-1.00033581588096	5.979791616101334	-2.1865051863598133
0.2986634670881937	0.6437663321100542	-1.0029226313247823	5.976810827935517	-3.732425186698854
0.2948113861253619	0.7444736357983058	-1.002542139176106	5.851237824470285	-3.4779820085461104
0.2961893332285602	0.6956503942628236	-0.9989254590384848	5.91350587962158	-2.438830541987345
0.2944940211014275	0.716006646415467	-1.0006253008125638	5.834570949537318	-2.38341427816673
0.306752290897132	0.7604763758498118	-0.9999592728341403	5.758202273017693	-2.3868354749018668
0.2984914060199907	0.6949379957614854	-1.0005760953447118	5.974773644475343	-2.2321320967692113
0.30421549426157485	0.8808173955220628	-1.0000349574564715	5.897317497302214	-2.247847104202589
0.3084084743077162	0.6685186515883803	-0.9979638068884368	5.63245001271326	-3.2631452435259156
0.29287868833268066	0.8894596585526989	-1.0011708041221392	5.7325355793201425	-2.6651774746513865
0.29230680705794365	0.7719728337866661	-0.9993818690398585	5.6902243252375335	-2.5224167537412434
0.3018537651112345	0.6344481163732083	-1.0015297412035893	5.968870286904605	-2.6068794158470316
0.30165313609924344	0.8458815473862281	-1.0025205732952664	5.972187558450305	-3.3374073968450197
0.28649148985604067	0.8666010000970137	-0.9991710157718519	5.07373592546047	-3.194259975945341
0.317247121674404	0.8303834180689833	-1.0004622954355031	4.498842801638288	-3.6863295177739435
0.30187149407118685	0.7826666655577379	-0.998666935113876	5.968568214358286	-2.496699190555616
0.3075320496784293	0.8473119636993356	-1.0015713837830007	5.7023871936089465	-2.896955145131879
0.29877807441626364	0.6487285709468391	-1.002770595829322	5.978320197026835	-3.573261163372888
0.29547295210582614	0.7540652304264546	-1.0023657624151705	5.883418862979283	-3.2882454197002744
0.2924227664715504	0.6297820886290451	-0.9981673976026039	5.698929256449605	-3.05404430751953
0.2944940211014275	0.716006646415467	-1.0006253008125638	5.834570949537318	-2.38341427816673
0.30590235554694095	0.8076680818368596	-1.0009833242988013	5.8119321664039	-2.5119024018582
0.29733840712697596	0.7156808022496165	-1.0002490771441641	5.950746032670406	-2.20615645192537
0.30421549426157485	0.8808173955220628	-1.0000349574564715	5.897317497302214	-2.247847104202589
0.3084084743077162	0.6685186515883803	-0.9979638068884368	5.63245001271326	-3.2631452435259156
0.29287868833268066	0.8894596585526989	-1.0011708041221392	5.7325355793201425	-2.6651774746513865
0.2876577962123221	0.6947706320224631	-0.9984386193643641	5.224397650592939	-3.360698529846056
0.30228892511977556	0.6682748179771842	-1.0010342164839299	5.959920146543775	-2.3826459114958904
0.3010305627685787	0.8270948490615524	-1.002192818543236	5.980618796992173	-3.0461583885074948
0.27325927452281557	0.9003673387135231	-0.9994525288637784	2.410822536287305	-5.787203070285323
0.3204885647775452	0.8368736770252178	-1.0003134263097317	3.8872581727293367	-4.276318672350324
0.3042570677782859	0.8212662995397861	-0.9987930561751549	5.895483551735839	-2.5121075527716075
0.29740281785142547	0.8565979866493378	-1.0004158116755903	5.952434097218406	-2.225123348844159
0.29657778236914956	0.6421690470453564	-1.0011769074451167	5.927542394629018	-2.473117922762139
0.29547295210582614	0.7540652304264546	-1.0023657624151705	5.883418862979283	-3.2882454197002744
0.29270200124414775	0.646227993196499	-0.9987424966241797	5.71978652281114	-2.7103171591704234
0.29364132358759043	0.7015506361275472	-1.0006770814741732	5.783982767195453	-2.4462565272739036
0.30590235554694095	0.8076680818368596	-1.0009833242988013	5.8119321664039	-2.5119024018582
0.2988725263381092	0.7619741999813792	-1.001056716721486	5.979757700947493	-2.371634165855676
0.3041770197637112	0.9359293681529637	-1.0011842835653741	5.898861920839924	-2.5051497980888904
0.3125212217243515	0.6743554710541682	-0.99775990661203	5.2020136494790545	-3.8514907020474443
0.28829862209029816	0.986875011564965	-1.0012579816287617	5.30147916693305	-3.1355377113440133
0.2876577962123221	0.6947706320224631	-0.9984386193643641	5.224397650592939	-3.360698529846056
0.30536108507701765	0.6564532006552558	-1.0011610928059043	5.842395944909951	-2.551523418707946
0.30075846116813926	0.8188839437282653	-1.0020495702089653	5.983083164130305	-2.932966703738119
0.28589027670629213	0.8276568238925656	-0.9989079935851818	4.990688436724744	-3.3686624792734765
0.3204885647775452	0.8368736770252178	-1.0003134263097317	3.8872581727293367	-4.276318672350324
0.30551222276380696	0.8354209088707589	-0.9985702980053618	5.834144316371422	-2.6793056505360795
0.29740281785142547	0.8565979866493378	-1.0004158116755903	5.952434097218406	-2.225123348844159
0.29657778236914956	0.6421690470453564	-1.0011769074451167	5.927542394629018	-2.473117922762139
0.2929687053008655	0.7233544599454969	-1.0025155726440071	5.738657586733507	-3.5658369916578065
0.29270200124414775	0.646227993196499	-0.9987424966241797	5.71978652281114	-2.7103171591704234
0.29364132358759043	0.7015506361275472	-1.0006770814741732	5.783982767195453	-2.4462565272739036
0.30713076697471725	0.8226915308472449	-1.0011918534230992	5.731859303782555	-2.6755172538060226
0.2985844772774719	0.7532820659975462	-1.0009050728206126	5.976110037019756	-2.3206393573672504
0.3041770197637112	0.9359293681529637	-1.0011842835653741	5.898861920839924	-2.5051497980888904
0.3125212217243515	0.6743554710541682	-0.99775990661203	5.2020136494790545	-3.8514907020474443
0.29078494975290725	0.9512967595865572	-1.0010279876231265	5.561530924540371	-2.7788422972444593
0.2876577962123221	0.6947706320224631	-0.9984386193643641	5.224397650592939	-3.360698529846056
0.30201434264002924	0.6636969718332069	-1.000646419093578	5.965860743510827	-2.2568995501219185
0.2988964201520508	0.8417627520509985	-1.0027286225049417	5.979707806307533	-3.529453908156893
0.28781085386286004	0.8272078592840281	-0.9991145014848618	5.24325389460647	-3.042000449737669
0.3133597079394058	0.8074671952216037	-1.0008838792935846	5.0937214744888575	-3.195986882815477
0.30797460234807505	0.8886821561521465	-0.9978519024948326	5.667967388556047	-3.31276905335422
0.29647392527594324	0.8150283741015816	-1.0000851606297079	5.9240031403354525	-2.2223991553434015
0.29657778236914956	0.6421690470453564	-1.0011769074451167	5.927542394629018	-2.473117922762139
0.2929687053008655	0.7233544599454969	-1.0025155726440071	5.738657586733507	-3.5658369916578065
0.29270200124414775	0.646227993196499	-0.9987424966241797	5.71978652281114	-2.7103171591704234
0.2970866493889681	0.7583503631895274	-1.0013414877465774	5.943641479367545	-2.5327248691970796
0.30713076697471725	0.8226915308472449	-1.0011918534230992	5.731859303782555	-2.6755172538060226
0.2975220155279264	0.7339465248342962	-1.000514479730871	5.9554542480613915	-2.239060104766873
0.30386407019260137	0.9398228963128701	-1.0014588970079084	5.911407906459518	-2.625395964933686
0.31030774089350616	0.6721100484579967	-0.9983680072663371	5.4547887360978216	-3.1717998506200225
0.29078494975290725	0.9512967595865572	-1.0010279876231265	5.561530924540371	-2.7788422972444593
0.2875985151931195	0.6434761440642125	-0.9981768423096196	5.21701919547562	-3.5292270865356503
0.30201434264002924	0.6636969718332069	-1.000646419093578	5.965860743510827	-2.2568995501219185
0.2988964201520508	0.8417627520509985	-1.0027286225049417	5.979707806307533	-3.529453908156893
0.28781085386286004	0.8272078592840281	-0.9991145014848618	5.24325389460647	-3.042000449737669
0.311922450119161	0.8011651730805036	-1.0007471397003154	5.275417522644256	-2.973183060879256
0.30611866009895883	0.8186248886074025	-0.998722076224757	5.798897856258534	-2.6404076466628092
0.29783505620305123	0.8155359388209332	-0.9998927928379662	5.96273403486174	-2.1838885819359453
0.29887535623366196	0.6846620273868622	-1.000585750508259	5.979828244561544	-2.2293427116030546
0.28909483190941265	0.6904327651661555	-1.0036200694866428	5.390900817176027	-5.151760927925187
0.29270200124414775	0.646227993196499	-0.9987424966241797	5.71978652281114	-2.7103171591704234
0.2972138220432593	0.7591990414771932	-1.0013046058687092	5.947270479893483	-2.51167635908147
0.3083820273018861	0.8615748546132558	-1.0013252435199642	5.6347897957830755	-2.8337809954018267
0.2971403295437749	0.7324306533066587	-1.0004341564146915	5.9452715175696005	-2.2351330151311766
0.3041131852425578	0.9475067930714538	-1.0014968637168289	5.901466023502939	-2.6555336673277683
0.3096917135289982	0.6714851314743706	-0.9985372459776953	5.51641597964293	-3.014831457357345
0.2800986932920471	0.9543354629610524	-1.0006520541254358	4.005838215601081	-4.218467049050695
0.2875985151931195	0.6434761440642125	-0.9981768423096196	5.21701919547562	-3.5292270865356503
0.30201434264002924	0.6636969718332069	-1.000646419093578	5.965860743510827	-2.2568995501219185
0.2968585907727874	0.8059973356539949	-1.0019076073305624	5.936645309799792	-2.8767548618973473
0.2836269914711869	0.8753725787671894	-0.9986632509103867	4.645703131420898	-3.8213809075817586
0.3160163946425208	0.77208744980623	-1.0006927446301526	4.703521036269279	-3.5306315303722897
0.3090840689666294	0.8734692888962237	-0.9979590879048517	5.573359706688853	-3.3263120862951556
0.29783505620305123	0.8155359388209332	-0.9998927928379662	5.96273403486174	-2.1838885819359453
0.29887535623366196	0.6846620273868622	-1.000585750508259	5.979828244561544	-2.2293427116030546
0.28710626091057745	0.7576925826410675	-1.0018173494221874	5.154761841273625	-3.597168652587812
0.28908691460698	0.6408537560375303	-0.9987861700458913	5.3906186846156485	-3.0195723521451585
0.2972138220432593	0.7591990414771932	-1.0013046058687092	5.947270479893483	-2.51167635908147
0.30730105492405846	0.8568562680342018	-1.0011784298418636	5.719573067885053	-2.68140809758364
0.2961155384390981	0.7225924005192716	-1.0006295740971163	5.910704491482445	-2.3081823645072497
0.3041131852425578	0.9475067930714538	-1.0014968637168289	5.901466023502939	-2.6555336673277683
0.3035579587758819	0.7357769556400533	-1.0001481531871554	5.9228730670275365	-2.22642586910108
0.2818860821695258	0.9306316703806634	-1.000651594545475	4.3455781931318205	-3.878484320428236
0.2875985151931195	0.6434761440642125	-0.9981768423096196	5.21701919547562	-3.5292270865356503
0.30201434264002924	0.6636969718332069	-1.000646419093578	5.965860743510827	-2.2568995501219185
0.2970138916399186	0.804369527493373	-1.0018668206841173	5.941411051086182	-2.8436011642897183
0.28198102026066285	0.9310445780338261	-0.9971711114150074	4.362351232985729	-5.235431736489064
0.31304046732010815	0.7622163879456613	-1.0007279763177932	5.135874080640247	-3.1074831381617285
0.3114220545453282	0.895976166155369	-0.9973001485581581	5.333488407677592	-4.133449935221492
0.29783505620305123	0.8155359388209332	-0.9998927928379662	5.96273403486174	-2.1838885819359453
0.29839380344912	0.7136338422522167	-1.000901376616448	5.973229556959726	-2.32221063258066
0.28223384677000496	0.7767111093888893	-1.0022127409643078	4.407743703663185	-4.635510098099873
0.28908691460698	0.6408537560375303	-0.9987861700458913	5.3906186846156485	-3.0195723521451585
0.29534291211964114	0.741188519771056	-1.0018319043148687	5.877559386452386	-2.883931416759541
0.30730105492405846	0.8568562680342018	-1.0011784298418636	5.719573067885053	-2.68140809758364
0.2876045310862276	0.701424832445515	-1.000602557929286	5.217913115985857	-2.994864669971003
0.31066619877210067	0.945643402987352	-1.0017273932110067	5.417181342155173	-3.2765820405776953
0.3035579587758819	0.7357769556400533	-1.0001481531871554	5.9228730670275365	-2.22642586910108
0.2818860821695258	0.9306316703806634	-1.000651594545475	4.3455781931318205	-3.878484320428236
0.2875985151931195	0.6434761440642125	-0.9981768423096196	5.21701919547562	-3.5292270865356503
0.30201434264002924	0.6636969718332069	-1.000646419093578	5.965860743510827	-2.2568995501219185
0.3013992197742799	0.9099027426348558	-1.0032484926606275	5.975852802638268	-4.10102188190415
0.28198102026066285	0.9310445780338261	-0.9971711114150074	4.362351232985729	-5.235431736489064
0.31304046732010815	0.7622163879456613	-1.0007279763177932	5.135874080640247	-3.1074831381617285
0.31066461137004353	0.8911603666866358	-0.9975402204297963	5.417197313603245	-3.8245456363295682
0.31123612282590285	0.8488855408548366	-0.997900012756647	5.354696739635266	-3.5891119351770513
0.2995406824783777	0.6382211572425587	-1.0000989720368598	5.985114165048705	-2.1617994788776773
0.28223384677000496	0.7767111093888893	-1.0022127409643078	4.407743703663185	-4.635510098099873
0.2888216297529423	0.6365990719366993	-0.9986570160349845	5.361299530552216	-3.108951772613935
0.2924814353391367	0.6952956631770711	-1.0004387934844012	5.7035158179662435	-2.4776959516145975
0.30328954720453605	0.8252002048194894	-1.0010611444446138	5.932007612319283	-2.420950306920715
0.28507397754203023	0.7080503438917262	-1.0005948553285728	4.87222109302807	-3.3388497351117117
0.31066563605043657	0.9263295910165391	-1.0002430730762175	5.417387601722373	-2.738899196695195
0.3035579587758819	0.7357769556400533	-1.0001481531871554	5.9228730670275365	-2.22642586910108
0.2818860821695258	0.9306316703806634	-1.000651594545475	4.3455781931318205	-3.878484320428236
0.2875985151931195	0.6434761440642125	-0.9981768423096196	5.21701919547562	-3.5292270865356503
0.3020119635147371	0.6633956582737548	-1.0006456453482517	5.965908688931302	-2.256746797384187
0.30311282512721843	0.9064363985068493	-1.002192765468778	5.937480705366989	-3.0893567180768056
0.28198102026066285	0.9310445780338261	-0.9971711114150074	4.362351232985729	-5.235431736489064
0.3100806021077831	0.7813349538137764	-1.0008291085942085	5.478042452419999	-2.794253372763393
0.3134989211113762	0.8854270203756122	-0.9957940436575785	5.074180658456742	-6.288179051580967
0.31123612282590285	0.8488855408548366	-0.997900012756647	5.354696739635266	-3.5891119351770513
0.2995406824783777	0.6382211572425587	-1.0000989720368598	5.985114165048705	-2.1617994788776773
0.28223384677000496	0.7767111093888893	-1.0022127409643078	4.407743703663185	-4.635510098099873
0.2915121119998987	0.6620804858609033	-0.9985661505456501	5.625845508026049	-2.8897314022014884
0.2917796184204151	0.6927307378099664	-1.0004572086738814	5.648285699191789	-2.5358168882100776
0.30328954720453605	0.8252002048194894	-1.0010611444446138	5.932007612319283	-2.420950306920715
0.28507397754203023	0.7080503438917262	-1.0005948553285728	4.87222109302807	-3.3388497351117117
0.3134553748421856	0.9336774263324491	-0.9995229262918219	5.080922577065495	-3.104170170145961
0.30226456476203256	0.7099153284823407	-1.0002298578177686	5.9605256082122375	-2.1946576884384106
0.2818860821695258	0.9306316703806634	-1.000651594545475	4.3455781931318205	-3.878484320428236
0.2875985151931195	0.6434761440642125	-0.9981768423096196	5.21701919547562	-3.5292270865356503
0.30465626982812954	0.6640634920588857	-1.000672614051656	5.877742653705382	-2.351496281109548
0.30311282512721843	0.9064363985068493	-1.002192765468778	5.937480705366989	-3.0893567180768056
0.28829871279448965	0.931573056735298	-0.9976431796586852	5.301291176314994	-3.850937067334012
0.3100806021077831	0.7813349538137764	-1.0008291085942085	5.478042452419999	-2.794253372763393
0.3076837494692092	0.8338341136478518	-0.9970425692364792	5.6905321683863415	-4.042003175230859
0.31123612282590285	0.8488855408548366	-0.997900012756647	5.354696739635266	-3.5891119351770513
0.29714547661715407	0.639275134710402	-0.9997134560514657	5.945423893662462	-2.213722217796078
0.2746976668278783	0.7754597562891236	-1.0025871940159592	2.7847945193411894	-6.587424637132686
0.2915121119998987	0.6620804858609033	-0.9985661505456501	5.625845508026049	-2.8897314022014884
0.2917796184204151	0.6927307378099664	-1.0004572086738814	5.648285699191789	-2.5358168882100776
0.3033765290122677	0.7852161174467279	-1.0005041656910652	5.929152067744624	-2.2634487934471252
0.2771544989672931	0.6571177718755719	-1.0003921294883966	3.376577242296415	-4.797485464233679
0.3134553748421856	0.9336774263324491	-0.9995229262918219	5.080922577065495	-3.104170170145961
0.30347007405688137	0.715376448328001	-1.0003986100960092	5.925954503448617	-2.2488946640175467
0.27847179702268465	0.9937068518697186	-1.0008227484165757	3.668818054839962	-4.602030755832798
0.2875985151931195	0.6434761440642125	-0.9981768423096196	5.21701919547562	-3.5292270865356503
0.30465626982812954	0.6640634920588857	-1.000672614051656	5.877742653705382	-2.351496281109548
0.30311282512721843	0.9064363985068493	-1.002192765468778	5.937480705366989	-3.0893567180768056
0.2881526646515794	0.8714814211863513	-0.9977544917211044	5.284120628089046	-3.77515707030859
0.3051534963397308	0.7439437015240543	-1.0005262898009712	5.853363046084429	-2.3434071600093596
0.3070304624698785	0.8264600994386377	-0.9975675983087816	5.738736676149033	-3.4788515175655856
0.30982943234230303	0.8328452314777282	-0.9980873838132065	5.50289791185679	-3.3036240328448816
0.29948507940184016	0.7440203554201081	-1.0006855124358145	5.984820305273225	-2.2475239793804382
0.2746976668278783	0.7754597562891236	-1.0025871940159592	2.7847945193411894	-6.587424637132686
0.28967538801172843	0.661803386703991	-0.9982717998461038	5.453032120419854	-3.2323553680347263
0.2958240264938647	0.6731434026958775	-0.999952902718724	5.89897563322284	-2.246159210663059
0.30324224330440785	0.7845601126682575	-1.0005035919421694	5.933596129283155	-2.2588835370393143
0.2771544989672931	0.6571177718755719	-1.0003921294883966	3.376577242296415	-4.797485464233679
0.30979461503604866	0.9333242419553643	-0.9996538061129278	5.506491106717928	-2.6592294380375305
0.30347007405688137	0.715376448328001	-1.0003986100960092	5.925954503448617	-2.2488946640175467
0.27847179702268465	0.9937068518697186	-1.0008227484165757	3.668818054839962	-4.602030755832798
0.2875985151931195	0.6434761440642125	-0.9981768423096196	5.21701919547562	-3.5292270865356503
0.3056733670574423	0.6200654717369574	-1.0009075572801382	5.82519286589706	-2.472331631015896
0.304001219956736	0.8875418445947505	-1.0011190769904448	5.9060580953738135	-2.4702091180005628
0.2888750719124788	0.8766368845193304	-0.9974950209078562	5.3670356469750615	-3.916177804529646
0.3037400998567866	0.6815773943588177	-1.0028552208184613	5.915820168760469	-3.72228914642627
0.3069746501268816	0.8243023537884114	-0.9975254746767677	5.742634632009442	-3.5129814927099394
0.30982943234230303	0.8328452314777282	-0.9980873838132065	5.50289791185679	-3.3036240328448816
0.29412289607108283	0.6986635572175472	-0.9995538187944187	5.813457810910377	-2.3664998657685192
0.2746976668278783	0.7754597562891236	-1.0025871940159592	2.7847945193411894	-6.587424637132686
0.2850293895061104	0.697058905001118	-0.9996104090122244	4.865566035894581	-3.3058103563507117
0.2891332577859808	0.6800217890424899	-0.9994076933214229	5.395721544660448	-2.811638499461294
0.31646217652397607	0.672938953570537	-1.0003332588270428	4.631147685145219	-3.53486418476216
0.2771544989672931	0.6571177718755719	-1.0003921294883966	3.376577242296415	-4.797485464233679
0.3110479151509399	0.9817777331747488	-1.000599717895303	5.375869388760721	-2.836146701989973
0.3124584218095909	0.7243047746568879	-1.0007827946104515	5.210077509451697	-3.0484839676133895
0.27847179702268465	0.9937068518697186	-1.0008227484165757	3.668818054839962	-4.602030755832798
0.29330647740555205	0.7284083437261437	-0.9992007078623003	5.762121350742259	-2.497036131792388
0.3079935702216894	0.6084258216870213	-1.0007817458072625	5.666653136979498	-2.591748085547529
0.304001219956736	0.8875418445947505	-1.0011190769904448	5.9060580953738135	-2.4702091180005628
0.28816614938864116	0.878118432443508	-0.9974749802386459	5.2856506300507045	-4.015261493122771
0.3038991597977234	0.707113169510363	-1.0020265109317452	5.909946944781518	-2.988773394159103
0.30471285419246635	0.8377451626058746	-0.997787124284689	5.874869703606445	-3.157061525329274
0.3172175239482425	0.8174051637490857	-0.9982962392169944	4.50380872316845	-4.165816395206375
0.2935743201247023	0.6986693745219306	-0.9995633840674794	5.7797131767776	-2.3985210502240673
0.2770806800991675	0.7602579378807969	-1.002011687386369	3.359491049859745	-5.5285256955883675
0.28672381918013357	0.6987420197945424	-0.9996828331839944	5.1048796022018506	-3.0575008845249103
0.2888209317740739	0.7439967630741232	-0.9987835269188102	5.361237695412843	-3.050234576715024
0.31646217652397607	0.672938953570537	-1.0003332588270428	4.631147685145219	-3.53486418476216
0.2834825511930041	0.6629397869256933	-1.00097840815248	4.621991078165961	-3.7002413395963183
0.3110479151509399	0.9817777331747488	-1.000599717895303	5.375869388760721	-2.836146701989973
0.3163529265062432	0.667266459907607	-1.002289030528851	4.6488165081191966	-4.457152172113567
0.27847179702268465	0.9937068518697186	-1.0008227484165757	3.668818054839962	-4.602030755832798
0.2896183139777853	0.7943662363077894	-0.9996039757788469	5.44726465267183	-2.7251214646076996
0.3072071078263515	0.6633988935865264	-1.00006386678488	5.726457297698657	-2.419318027897676
0.3055483095695713	0.7793754815158498	-1.0006098562020762	5.832232226121912	-2.382190454315653
0.2883468797070741	0.8759635353383209	-0.9974125683119903	5.306858714806246	-4.052526164663625
0.3038991597977234	0.707113169510363	-1.0020265109317452	5.909946944781518	-2.988773394159103
0.30598812630637423	0.8667394725178051	-0.9983533101861165	5.806745655077641	-2.828038905572946
0.3132541608682715	0.8384380585428235	-0.9991427641621856	5.107768873476072	-3.1686506804296535
0.2935743201247023	0.6986693745219306	-0.9995633840674794	5.7797131767776	-2.3985210502240673
0.2770806800991675	0.7602579378807969	-1.002011687386369	3.359491049859745	-5.5285256955883675
0.28672381918013357	0.6987420197945424	-0.9996828331839944	5.1048796022018506	-3.0575008845249103
0.28030981089896767	0.6937886171207399	-0.9993171630036092	4.047628470260014	-4.180349841219078
0.31646217652397607	0.672938953570537	-1.0003332588270428	4.631147685145219	-3.53486418476216
0.2834825511930041	0.6629397869256933	-1.00097840815248	4.621991078165961	-3.7002413395963183
0.3110479151509399	0.9817777331747488	-1.000599717895303	5.375869388760721	-2.836146701989973
0.3163529265062432	0.667266459907607	-1.002289030528851	4.6488165081191966	-4.457152172113567
0.27847179702268465	0.9937068518697186	-1.0008227484165757	3.668818054839962	-4.602030755832798
0.2896183139777853	0.7943662363077894	-0.9996039757788469	5.44726465267183	-2.7251214646076996
0.3072071078263515	0.6633988935865264	-1.00006386678488	5.726457297698657	-2.419318027897676
0.3045088621754383	0.78760350512153	-1.0006180289775475	5.8845012291739085	-2.3317736469736
0.29605261165614416	0.7891159033356498	-0.9984958105304758	5.9081470147661985	-2.645747020751971
0.3038991597977234	0.707113169510363	-1.0020265109317452	5.909946944781518	-2.988773394159103
0.30589734609574004	0.8661196719672294	-0.9983565771175739	5.812141020947029	-2.821310120469998
0.31532485001425475	0.8477655876204125	-0.9991331292945645	4.811876804712236	-3.4679292019875643
0.3040979547561479	0.659373286013819	-0.9980012637862642	5.902003604510472	-2.966635626217678
0.27487761675027333	0.7725518990490183	-1.0025613583568287	2.830170789187918	-6.517215626859894
0.2867909394796061	0.7060708661307291	-0.9995889482945762	5.113764670417886	-3.0608066611725278
0.27971458668294824	0.6873572678454793	-0.9992988230076034	3.9286549680734195	-4.304021880695768
0.31646217652397607	0.672938953570537	-1.0003332588270428	4.631147685145219	-3.53486418476216
0.2854280454470705	0.6503324312296821	-1.0018456199427854	4.924289904638384	-3.8465445413149855
0.3110479151509399	0.9817777331747488	-1.000599717895303	5.375869388760721	-2.836146701989973
0.31401786702596807	0.6742158538262382	-1.0022137312312545	5.003421507663427	-4.040908232443632
0.27847179702268465	0.9937068518697186	-1.0008227484165757	3.668818054839962	-4.602030755832798
0.2896183139777853	0.7943662363077894	-0.9996039757788469	5.44726465267183	-2.7251214646076996
0.30209483844956786	0.7210168450631556	-0.9993452035796448	5.9642063391837095	-2.2571168715623404
0.3067331426657893	0.7872056931322052	-1.0011762443564929	5.759424289421581	-2.641082117600895
0.29460667682715325	0.7863501011116166	-0.9984503996288421	5.840609780450912	-2.7379235225416707
0.3038991597977234	0.707113169510363	-1.0020265109317452	5.909946944781518	-2.988773394159103
0.3087774538189394	0.8134561405639704	-0.9988954458004571	5.600890038033198	-2.763424275944759
0.3114167284684721	0.8103242377571185	-0.9991957756557394	5.334428734296349	-2.9260133996965614
0.30194489139310166	0.6794461856110106	-0.9982395805045837	5.967101551255458	-2.7383332293124267
0.27487761675027333	0.7725518990490183	-1.0025613583568287	2.830170789187918	-6.517215626859894
0.2867909394796061	0.7060708661307291	-0.9995889482945762	5.113764670417886	-3.0608066611725278
0.27971458668294824	0.6873572678454793	-0.9992988230076034	3.9286549680734195	-4.304021880695768
0.3181816611932593	0.6671849860001438	-1.0004515093924229	4.333295305981324	-3.8500321230152386
0.29227583302264504	0.7389225390981538	-1.0015126099525027	5.6877413408365305	-2.878309851745123
0.30850075804458443	0.9075910628973445	-1.000242807621803	5.624852133310359	-2.5314071985418387
0.3120744505555773	0.6859940107458247	-1.0018253012117873	5.25704115042916	-3.5002737215674813
0.27847179702268465	0.9937068518697186	-1.0008227484165757	3.668818054839962	-4.602030755832798
0.2906530463194588	0.8266796334899006	-0.9996094753771487	5.549334176745291	-2.622165742401008
0.30033381052552244	0.7269098301804572	-0.9992240960458654	5.985582269068205	-2.2668672210617427
0.2998332195099907	0.8595411358647109	-1.001613035854747	5.985900344857581	-2.637446732661121
0.29529748820835555	0.7876714937610005	-0.9984720951901151	5.875484707342076	-2.691214957697702
0.30431313471893073	0.7071383905708494	-1.0020854936769925	5.892936398038186	-3.0505050674588308
0.30425157824371796	0.8047989891622155	-0.9987533065515559	5.895712217710255	-2.5292431764087695
0.31183681841352323	0.8164264077858213	-0.9990248844804325	5.285570624462816	-3.0303270228286063
0.30194489139310166	0.6794461856110106	-0.9982395805045837	5.967101551255458	-2.7383332293124267
0.27487761675027333	0.7725518990490183	-1.0025613583568287	2.830170789187918	-6.517215626859894
0.2859811486797404	0.6807821120282341	-0.9995846442596791	5.003519930032983	-3.171697135927186
0.27385758075188904	0.6127570088487854	-0.9991324839771195	2.569001467827748	-5.710856145318557
0.3181816611932593	0.6671849860001438	-1.0004515093924229	4.333295305981324	-3.8500321230152386
0.30323698146813105	0.7177355162000955	-1.000851882050181	5.933742987473764	-2.345628251771174
0.3072622113535711	0.8483044521618863	-1.0007878071451006	5.722439917025673	-2.5379980744444257
0.31180213826827613	0.6877824286897445	-1.0017971332824283	5.289555694830973	-3.4493755289191412
0.2800585322317836	0.9275854707997465	-1.0005611354907202	3.997843090344246	-4.205925583939974
0.28698092010232795	0.8325882483411898	-0.9998406738630045	5.1386860415995175	-3.010389138692612
0.29728003568241346	0.6661977177331776	-0.999591061424503	5.9491701267676085	-2.2249749198539526
0.29574357548636526	0.8736135256726304	-1.0013954901622832	5.89548639990925	-2.607994112739571
0.29529748820835555	0.7876714937610005	-0.9984720951901151	5.875484707342076	-2.691214957697702
0.3024539891832012	0.7237453814393124	-1.0013403631244793	5.955969374528638	-2.520075325021037
0.30425157824371796	0.8047989891622155	-0.9987533065515559	5.895712217710255	-2.5292431764087695
0.31183681841352323	0.8164264077858213	-0.9990248844804325	5.285570624462816	-3.0303270228286063
0.30194489139310166	0.6794461856110106	-0.9982395805045837	5.967101551255458	-2.7383332293124267
0.28142164196116193	0.7657120246544915	-1.00219077487406	4.26015260592652	-4.76534997894811
0.2805847904610693	0.6812337064713775	-1.0000393274739963	4.1014176332148224	-4.04384044699944
0.28623134660404503	0.6909396335206985	-0.9989781162378444	5.038238223739377	-3.2944687603931513
0.31945505389055673	0.6630736075456163	-1.0001829144433976	4.09367223544324	-4.057846992329711
0.302617157362974	0.743558280070129	-1.000990487946129	5.951872901118838	-2.374699084960378
0.30890801009145774	0.85990954037674	-1.000869362568154	5.589368509238944	-2.695929726475492
0.3091373171611674	0.7186199722683634	-1.0017304830423899	5.568566964653433	-3.1267431846883884
0.2800585322317836	0.9275854707997465	-1.0005611354907202	3.997843090344246	-4.205925583939974
0.28796326969910363	0.820685959925353	-0.9998552723565088	5.261754088763133	-2.8865258426331133
0.29694145285646073	0.7119050068513972	-0.9999886952732935	5.939395958214151	-2.205448044807566
0.29558008499161503	0.8723817876705859	-1.0014045686495396	5.888392633688958	-2.6199605027908968
0.2940697824706401	0.844253580737552	-0.9973395047624051	5.8099782062771546	-3.618592071711756
0.3024539891832012	0.7237453814393124	-1.0013403631244793	5.955969374528638	-2.520075325021037
0.3221810868125866	0.9180851185217321	-0.9985296286723104	3.526058357220669	-5.009173169720392
0.3118636240086847	0.8166911861389609	-0.9990182694412355	5.28239345490855	-3.0352444021411538
0.30194489139310166	0.6794461856110106	-0.9982395805045837	5.967101551255458	-2.7383332293124267
0.28142164196116193	0.7657120246544915	-1.00219077487406	4.26015260592652	-4.76534997894811
0.2866547924761132	0.6930332221279393	-1.0004004421687054	5.095688680775708	-3.0795935479623617
0.2956881463578713	0.7506916471424864	-0.9988601388317565	5.893144144420417	-2.4854889039649644
0.3145657633685634	0.6845028408349144	-1.0010278926213112	4.925309377043289	-3.415029322476345
0.3066846149720929	0.7190450646638823	-1.0023899304020405	5.762463542758283	-3.42994701570386
0.30890801009145774	0.85990954037674	-1.000869362568154	5.589368509238944	-2.695929726475492
0.3077772533382976	0.7262475744201994	-1.001875193371847	5.6835653528008585	-3.107640422191846
0.2800585322317836	0.9275854707997465	-1.0005611354907202	3.997843090344246	-4.205925583939974
0.29518958825252384	0.7229610295305324	-0.9992099894633052	5.870438006016567	-2.3862295595378136
0.30149725758978313	0.7682520197095278	-1.0003239753502293	5.974955368298061	-2.1899037626805233
0.2956138421681427	0.8343671326852149	-1.0006097168954224	5.88995902738581	-2.324474966758391
0.2903697913858455	0.8212776296817075	-0.9987586585225647	5.522387881556399	-2.899794413915031
0.3021809258151715	0.7246301155949766	-1.0013474078601803	5.9622965552967635	-2.517471206827775
0.32109420278589873	0.9073777777890046	-0.998684488877127	3.7612560334114438	-4.695746021488487
0.3053209767725903	0.7899957332614332	-0.998954308869722	5.84455087518103	-2.496970190501143
0.30618706590558953	0.6313500110295813	-0.9977895997051763	5.794526301676544	-3.2362856339866797
0.28246379876203687	0.7397964679868833	-1.0018418905950877	4.4484081204103445	-4.319889153255322
0.2861854851389769	0.647248423278369	-1.0005959764801582	5.031947654124871	-3.179253149393424
0.2956881463578713	0.7506916471424864	-0.9988601388317565	5.893144144420417	-2.4854889039649644
0.3161166866003545	0.6794777993367479	-1.0009878805012704	4.687382787485778	-3.637930303792298
0.3066846149720929	0.7190450646638823	-1.0023899304020405	5.762463542758283	-3.42994701570386
0.30890801009145774	0.85990954037674	-1.000869362568154	5.589368509238944	-2.695929726475492
0.313684718663838	0.7143027291759888	-1.0033485304991498	5.049251260383084	-5.1480826566386675
0.288594703168929	0.8619952418322132	-1.001178717641928	5.335696069962094	-3.065657967263152
0.2961028360246531	0.7320778159871033	-0.9993204554344589	5.910206993455718	-2.3168435232986706
0.30149725758978313	0.7682520197095278	-1.0003239753502293	5.974955368298061	-2.1899037626805233
0.2907648902410516	0.863425456954547	-1.0005945729415626	5.5597155806019956	-2.651316713134939
0.28815685435245947	0.8664182137123958	-0.9985514367286376	5.284764106828408	-3.2389371809776257
0.2974097311068763	0.7305469017051022	-1.0002429626239104	5.952619101515003	-2.2036395411584895
0.31747312186365084	0.8403280895592344	-0.998467112050571	4.459502092167012	-4.1098293861605
0.30447902974908947	0.772469142776161	-0.9995959744347979	5.885852818451245	-2.2876641852041883
0.30618706590558953	0.6313500110295813	-0.9977895997051763	5.794526301676544	-3.2362856339866797
0.27610676001838086	0.6451204516228592	-1.0027970959038293	3.131343746379279	-6.446438858464099
0.2861854851389769	0.647248423278369	-1.0005959764801582	5.031947654124871	-3.179253149393424
0.2956881463578713	0.7506916471424864	-0.9988601388317565	5.893144144420417	-2.4854889039649644
0.3161166866003545	0.6794777993367479	-1.0009878805012704	4.687382787485778	-3.637930303792298
0.30729775946965265	0.7182847006317136	-1.0025318622578705	5.719562535041088	-3.600516739434487
0.30890801009145774	0.85990954037674	-1.000869362568154	5.589368509238944	-2.695929726475492
0.313684718663838	0.7143027291759888	-1.0033485304991498	5.049251260383084	-5.1480826566386675
0.29764933943221566	0.8086950762271212	-1.0019617728052672	5.9583490645985995	-2.8933535435695257
0.2961028360246531	0.7320778159871033	-0.9993204554344589	5.910206993455718	-2.3168435232986706
0.30165848530156286	0.7695261460742184	-1.0003211112716308	5.9724114946503155	-2.192065239004422
0.2907648902410516	0.863425456954547	-1.0005945729415626	5.5597155806019956	-2.651316713134939
0.28144407419343276	0.8733101767894973	-0.9976586285027632	4.264283504031712	-4.873880185492223
0.301178068213278	0.7202595199067977	-1.0003930191993622	5.979222570970021	-2.194935350254812
0.3172806129885559	0.8174997915436143	-0.9988248661667827	4.493002544472716	-3.900351059307553
0.30353298947304974	0.8506316464468	-1.0005964820887716	5.9237416551227415	-2.2875308267061865
0.30618706590558953	0.6313500110295813	-0.9977895997051763	5.794526301676544	-3.2362856339866797
0.27610676001838086	0.6451204516228592	-1.0027970959038293	3.131343746379279	-6.446438858464099
0.2861854851389769	0.647248423278369	-1.0005959764801582	5.031947654124871	-3.179253149393424
0.2996873545815402	0.6591168908047718	-0.997451241347904	5.985355973428504	-3.337448924595101
0.3098035868106725	0.7252844120974762	-1.000889939123181	5.505578346396146	-2.786114085619988
0.30729775946965265	0.7182847006317136	-1.0025318622578705	5.719562535041088	-3.600516739434487
0.30890801009145774	0.85990954037674	-1.000869362568154	5.589368509238944	-2.695929726475492
0.313684718663838	0.7143027291759888	-1.0033485304991498	5.049251260383084	-5.1480826566386675
0.28729951214224514	0.8696193908543431	-1.0010667080601554	5.179600665321082	-3.1756605785587126
0.30291859083035916	0.7251871640676845	-1.0008819703497458	5.943539761990079	-2.3456097682418733
0.30165848530156286	0.7695261460742184	-1.0003211112716308	5.9724114946503155	-2.192065239004422
0.2907648902410516	0.863425456954547	-1.0005945729415626	5.5597155806019956	-2.651316713134939
0.27446669893062736	0.8807096790759696	-0.9954608395972002	2.7253920013960116	-9.169390441203523
0.3024799040919508	0.7281210645406031	-1.0002662393698663	5.9554163520537795	-2.203072122732502
0.3172806129885559	0.8174997915436143	-0.9988248661667827	4.493002544472716	-3.900351059307553
0.3066276290904196	0.8475307751162284	-1.0005969448140748	5.766524363793822	-2.444906897358207
0.30618706590558953	0.6313500110295813	-0.9977895997051763	5.794526301676544	-3.2362856339866797
0.2754337943289589	0.6451500400758925	-1.0029483909353545	2.96824256193542	-6.768996374190812
0.28591205087706323	0.6446893399144765	-1.0005926866554866	4.993800401424402	-3.2166350635538157
0.2970947137681037	0.6701926974333797	-0.9973162750943435	5.943605958335562	-3.5080623302231597
0.3103093283829081	0.6492601892949138	-1.0009015589197514	5.454717618792793	-2.8408105807308948
0.30744822428203544	0.7315183890106616	-1.0023765151954243	5.708506901749038	-3.472059304825402
0.31324021807036445	0.9487280954206458	-1.0012758361284975	5.1095712571048875	-3.335491406301246
0.3155863901860622	0.7119574931456343	-1.0038716543068806	4.770742237235771	-6.116442237381472
0.2846496611411589	0.8194909162661956	-1.0014869253052503	4.807894455000854	-3.744267897948527
0.30390523375036177	0.6904704346532374	-1.0013211142356313	5.909827997384252	-2.556857986899434
0.30165848530156286	0.7695261460742184	-1.0003211112716308	5.9724114946503155	-2.192065239004422
0.2907648902410516	0.863425456954547	-1.0005945729415626	5.5597155806019956	-2.651316713134939
0.27446669893062736	0.8807096790759696	-0.9954608395972002	2.7253920013960116	-9.169390441203523
0.3024799040919508	0.7281210645406031	-1.0002662393698663	5.9554163520537795	-2.203072122732502
0.3172806129885559	0.8174997915436143	-0.9988248661667827	4.493002544472716	-3.900351059307553
0.30998754298703163	0.8804301588516861	-1.000597635455971	5.487396584754318	-2.724394710803896
0.30629919897400637	0.6281306969276003	-0.9976835083319591	5.787501672497234	-3.330311165908137
0.2754337943289589	0.6451500400758925	-1.0029483909353545	2.96824256193542	-6.768996374190812
0.2967547047274679	0.7049965969119316	-1.000795689381537	5.933478154641064	-2.3292278010133183
0.2948549018568827	0.7157944420835872	-0.9981738648357211	5.853642604756798	-2.8946365979726654
0.31166655595840753	0.7879368859684277	-1.0010748780831322	5.305569109952303	-3.0531322309018654
0.3069735952492814	0.7251704157608361	-1.0025229699578755	5.742696095375835	-3.5686638130559336
0.31324021807036445	0.9487280954206458	-1.0012758361284975	5.1095712571048875	-3.335491406301246
0.31293993414167104	0.7070894343933691	-1.0032938097907855	5.148417580649441	-4.982528947517092
0.2846496611411589	0.8194909162661956	-1.0014869253052503	4.807894455000854	-3.744267897948527
0.30390523375036177	0.6904704346532374	-1.0013211142356313	5.909827997384252	-2.556857986899434
0.30223158834544267	0.7645861808391599	-1.0003067246789081	5.961264881031244	-2.2016959165170498
0.29235504917565197	0.8575518461040392	-1.0013409310406138	5.693853247413974	-2.7822610666355088
0.282344272909575	0.8945289072134773	-0.9966422661578775	4.42698230346469	-5.766151948517284
0.3024799040919508	0.7281210645406031	-1.0002662393698663	5.9554163520537795	-2.203072122732502
0.31138536599726624	0.7851877441922076	-0.9993909063867504	5.338018173540237	-2.8728934394174788
0.3102564493486267	0.883355728235374	-1.0006407057523736	5.460175226352474	-2.761410099544266
0.30629919897400637	0.6281306969276003	-0.9976835083319591	5.787501672497234	-3.330311165908137
0.27650038123266557	0.6499037531423115	-1.0028432491975174	3.2246049034000155	-6.4009589043854955
0.2967547047274679	0.7049965969119316	-1.000795689381537	5.933478154641064	-2.3292278010133183
0.2948549018568827	0.7157944420835872	-0.9981738648357211	5.853642604756798	-2.8946365979726654
0.31552752219735886	0.7739925990419523	-1.00116360029126	4.780582091521002	-3.6143336494159923
0.3060485260257549	0.7244547095036864	-1.0021909850509128	5.803006161554417	-3.2230000751179846
0.30166019414666806	0.9284138472946339	-0.9995391405578439	5.972377675155829	-2.2100806361635223
0.30981581502445044	0.7683890591860312	-1.0022538891955706	5.504164393953824	-3.5725841448085074
0.2846934067559739	0.8364514860187642	-1.0002258797826422	4.814707982976115	-3.3401119525841114
0.30390274787291627	0.6907339035745942	-1.0013191410997602	5.909925306290438	-2.555649051368187
0.3021185187387393	0.7811904293262211	-1.0003251595064815	5.963723623083074	-2.2012513755996634
0.28964063584856864	0.8839352580993584	-1.0011724276021114	5.449518660316341	-2.94932275055898
0.2847977988768529	0.8769252536244044	-0.9972165903444471	4.8302475543416525	-4.720193144520423
0.3024727009631744	0.7291788425198028	-1.0002674137653635	5.955594691977741	-2.203044969990013
0.31354504190656896	0.7987595630797915	-0.9991785151589105	5.0687949746295	-3.1968817584768745
0.30326630173946906	0.7938255210185863	-1.0008147821685762	5.93279268898485	-2.335291386317036
0.30629919897400637	0.6281306969276003	-0.9976835083319591	5.787501672497234	-3.330311165908137
0.2771802466122869	0.6519789004257801	-1.0027758227468926	3.3820785347739335	-6.173765917458189
0.2939391337917676	0.6743626246972696	-1.0010470576598016	5.802444205292641	-2.5451163569007527
0.2993039929386828	0.6705867814951285	-0.9967294983382473	5.983212579547262	-4.1051837163578515
0.32465974523341196	0.8030289821597195	-1.0007705679538905	2.945624654117756	-5.309500156965322
0.3060485260257549	0.7244547095036864	-1.0021909850509128	5.803006161554417	-3.2230000751179846
0.30166019414666806	0.9284138472946339	-0.9995391405578439	5.972377675155829	-2.2100806361635223
0.3137630002592208	0.7894659465917797	-1.0033216904610713	5.038516955697732	-5.12558501375298
0.2846934067559739	0.8364514860187642	-1.0002258797826422	4.814707982976115	-3.3401119525841114
0.30390274787291627	0.6907339035745942	-1.0013191410997602	5.909925306290438	-2.555649051368187
0.3019865081505039	0.7797372226785733	-1.0002688462699243	5.96643483067432	-2.1923837681623404
0.28964063584856864	0.8839352580993584	-1.0011724276021114	5.449518660316341	-2.94932275055898
0.28575216532895903	0.8557774694880786	-0.9976164957779192	4.970881499064837	-4.203654248552646
0.3026043021894735	0.7356064358313862	-0.9998018043003277	5.952255604203004	-2.199234763746005
0.31258112323695636	0.8105716443091301	-0.9991965262731285	5.194713929731348	-3.0655823852234096
0.30326630173946906	0.7938255210185863	-1.0008147821685762	5.93279268898485	-2.335291386317036
0.30930102782060126	0.6567254190242159	-0.9981882223253962	5.553459798235151	-3.184975101363209
0.27947189904029723	0.694639152860536	-1.0024809343363525	3.878847120932444	-5.394520149894849
0.2958151945137257	0.6983913168765501	-1.0010003379129069	5.8985564991634964	-2.4313636213737846
0.295476613300046	0.7140365914427657	-0.9976454081437705	5.88358717642318	-3.2665849044214603
0.32072620081199726	0.7981329510034357	-1.0016914809173705	3.8381494618693806	-4.8329130970200085
0.3020361483480045	0.7078569844465087	-1.0018119512694998	5.965275858904695	-2.782600107226992
0.30148965083332835	0.9464890999148778	-0.9994037738165205	5.975056445440981	-2.233107017138269
0.313472843516964	0.7946475013367824	-1.0023089419436708	5.078315394942301	-4.04425232204364
0.2846647204444006	0.83592786222255	-1.0002965791889882	4.8103111245475665	-3.3514186619974717
0.30390274787291627	0.6907339035745942	-1.0013191410997602	5.909925306290438	-2.555649051368187
0.3051142540899056	0.7533393324193398	-1.0000399298536882	5.855391463550012	-2.2898752071836785
0.28964063584856864	0.8839352580993584	-1.0011724276021114	5.449518660316341	-2.94932275055898
0.28575216532895903	0.8557774694880786	-0.9976164957779192	4.970881499064837	-4.203654248552646
0.312207833355123	0.6671245408359565	-1.0010471465779995	5.240958715820197	-3.1066324198306763
0.31258112323695636	0.8105716443091301	-0.9991965262731285	5.194713929731348	-3.0655823852234096
0.30317447105936646	0.8087002650782003	-1.0007420099083135	5.935755656281277	-2.311633384606079
0.30659406180294774	0.6764156638572136	-0.9984198824640558	5.768636423873412	-2.827269863558305
0.27947189904029723	0.694639152860536	-1.0024809343363525	3.878847120932444	-5.394520149894849
0.30121537555780925	0.7345237666633085	-1.0004193435889401	5.9787750365653745	-2.199243011840273
0.2814403636642029	0.6672874120472418	-0.9953961956578968	4.262809262444036	-7.7405038058564495
0.32072620081199726	0.7981329510034357	-1.0016914809173705	3.8381494618693806	-4.8329130970200085
0.3016368183757177	0.7076230623581229	-1.0018237905727225	5.972607335172161	-2.7832117955167446
0.3014910631662556	0.9441967577001763	-0.9994269981586131	5.975036754365921	-2.228314735833645
0.313052565294539	0.7925666992422892	-1.0022552413228059	5.134067908238028	-3.943954068858768
0.28691347632563485	0.8189278322643608	-1.0004989304595828	5.129871561771484	-3.061697047555594
0.30412738217445007	0.6890648917928012	-1.001253495270689	5.900914537160731	-2.5341097913691035
0.2941180971469334	0.7217892849613016	-0.9988766723164404	5.813122518631456	-2.5588866395030045
0.28964063584856864	0.8839352580993584	-1.0011724276021114	5.449518660316341	-2.94932275055898
0.28575216532895903	0.8557774694880786	-0.9976164957779192	4.970881499064837	-4.203654248552646
0.30126350971933724	0.7341989556284556	-1.0007489067805433	5.978159190627659	-2.2712376327189556
0.30927645274503673	0.8099142061890752	-0.9997394733353264	5.555903246388605	-2.600613991036245
0.30251171425651774	0.8620451630169953	-1.000224290473525	5.954623459907457	-2.199976456282452
0.30659406180294774	0.6764156638572136	-0.9984198824640558	5.768636423873412	-2.827269863558305
0.27947189904029723	0.694639152860536	-1.0024809343363525	3.878847120932444	-5.394520149894849
0.301195450118688	0.7352412497234947	-1.0003848866469645	5.979016605932348	-2.193955823611385
0.2929272993271754	0.7129590914933553	-0.9978751255504351	5.735828289142069	-3.2263668390603693
0.3166141948052968	0.7878172481229234	-1.0017701693707306	4.605855497628445	-4.114922695696359
0.302048972464401	0.7045072809104896	-1.001860877703532	5.965004933659511	-2.8161380163984724
0.3014910631662556	0.9441967577001763	-0.9994269981586131	5.975036754365921	-2.228314735833645
0.313052565294539	0.7925666992422892	-1.0022552413228059	5.134067908238028	-3.943954068858768
0.2775755440584784	0.8683871889744692	-0.9998137772325073	3.4718866624380826	-4.678824836716485
0.30412738217445007	0.6890648917928012	-1.001253495270689	5.900914537160731	-2.5341097913691035
0.2941180971469334	0.7217892849613016	-0.9988766723164404	5.813122518631456	-2.5588866395030045
0.292073939843939	0.8747624428146933	-1.0009948534598725	5.672007883092434	-2.656020903835028
0.2931309010979075	0.8386929003248633	-0.9988702531484435	5.750183102719185	-2.6246676845032004
0.2996900404318771	0.7512553943433016	-1.001436386834065	5.9855859827240465	-2.5396183777610304
0.3180276594620049	0.7769248210216654	-0.9991008404192264	4.361146564962595	-3.9286703994551013
0.30197481372343776	0.9195280150324266	-0.9998822767477384	5.966669378600658	-2.180390050836264
0.30659406180294774	0.6764156638572136	-0.9984198824640558	5.768636423873412	-2.827269863558305
0.29163020598031747	0.7416638288473033	-1.001362597700791	5.635809424465978	-2.851490297222054
0.2998829830616607	0.7559119021959584	-0.9999960576487454	5.986101052153856	-2.15874106587097
0.2931485581670145	0.7080626228620077	-0.9972802307852835	5.7510883845672724	-3.7366215064837816
0.3166141948052968	0.7878172481229234	-1.0017701693707306	4.605855497628445	-4.114922695696359
0.3112073111412898	0.6352725395258885	-1.0026849784799972	5.357789947189959	-4.108227008483736
0.3014910631662556	0.9441967577001763	-0.9994269981586131	5.975036754365921	-2.228314735833645
0.313052565294539	0.7925666992422892	-1.0022552413228059	5.134067908238028	-3.943954068858768
0.29541489765254103	0.8280523509521766	-0.9994993726142204	5.881041168677917	-2.308216490340123
0.30412738217445007	0.6890648917928012	-1.001253495270689	5.900914537160731	-2.5341097913691035
0.2941180971469334	0.7217892849613016	-0.9988766723164404	5.813122518631456	-2.5588866395030045
0.2914770826829012	0.8838463720853785	-1.0010711929569998	5.622911547062184	-2.7341558479394656
0.2911997761974521	0.864436025518169	-0.9981147386813949	5.598772112363629	-3.188934519803472
0.3011942653019438	0.7312031185221569	-1.002024885097829	5.978833161710149	-2.9188449229613482
0.3180276594620049	0.7769248210216654	-0.9991008404192264	4.361146564962595	-3.9286703994551013
0.3015976626932663	0.9599074065939253	-0.9996420258612787	5.97340048006878	-2.193793174855851
0.30055063946962873	0.7593417144105211	-0.9994798157297154	5.984639969038938	-2.2081340436458845
0.29163020598031747	0.7416638288473033	-1.001362597700791	5.635809424465978	-2.851490297222054
0.3033719088190617	0.780701336446537	-1.0014030550456734	5.929222244156866	-2.5782477712795453
0.2931485581670145	0.7080626228620077	-0.9972802307852835	5.7510883845672724	-3.7366215064837816
0.31741071563492773	0.7892886768875315	-1.0017831632656187	4.470345439587076	-4.259143749054234
0.3086881598736642	0.6544127135356063	-1.0021756339995365	5.608512238633512	-3.4050347646356833
0.3028449587627612	0.9310225148020924	-0.999627379515511	5.945693623639923	-2.2234978187900962
0.3130668976185522	0.7923573232814581	-1.0022585109665572	5.132195407292322	-3.948108224430605
0.2934410026432267	0.8611304017263466	-0.9986368048058077	5.770974371062586	-2.7091805455815106
0.2977686768684157	0.6153255092660873	-1.0005398059434016	5.9612609336397115	-2.238314885435396
0.2941180971469334	0.7217892849613016	-0.9988766723164404	5.813122518631456	-2.5588866395030045
0.2912132409274447	0.8868981367282872	-1.001398239504847	5.600036089068947	-2.905082076096239
0.2928245671102931	0.8551239267402815	-0.9985186725258062	5.728625615422527	-2.8127481776132184
0.3037437240946436	0.8174438317682158	-1.0031301399121708	5.91560227847269	-4.023382793603631
0.318151647570268	0.7744400387248577	-0.9985617700519117	4.338654544904996	-4.179435289695691
0.3015976626932663	0.9599074065939253	-0.9996420258612787	5.97340048006878	-2.193793174855851
0.30055063946962873	0.7593417144105211	-0.9994798157297154	5.984639969038938	-2.2081340436458845
0.2906263818251321	0.6754369387444006	-1.0028736545776138	5.546433034777616	-4.110421348869826
0.3038628550895365	0.7918606310207408	-1.0012628644485553	5.911481529205693	-2.527666669607507
0.293434635101996	0.6851073490329165	-0.9971577268495605	5.770245510697456	-3.8413585540055317
0.31741071563492773	0.7892886768875315	-1.0017831632656187	4.470345439587076	-4.259143749054234
0.3086881598736642	0.6544127135356063	-1.0021756339995365	5.608512238633512	-3.4050347646356833
0.30360630606634487	0.9492764028974954	-0.9996928725789918	5.921137584166838	-2.2401036193796857
0.3130668976185522	0.7923573232814581	-1.0022585109665572	5.132195407292322	-3.948108224430605
0.2934410026432267	0.8611304017263466	-0.9986368048058077	5.770974371062586	-2.7091805455815106
0.2977686768684157	0.6153255092660873	-1.0005398059434016	5.9612609336397115	-2.238314885435396
0.2972810278070043	0.7445328779934994	-0.9996511769578015	5.949199384943098	-2.216968913629204
0.2896657231809164	0.9308089366723695	-1.0031418575339908	5.451689567444816	-4.500607743831382
0.29351752968519934	0.8215139672206002	-0.9988019530122446	5.775985645009653	-2.627160811917408
0.3003410500463092	0.8275999025452532	-1.0042090374780133	5.984702142255251	-5.398663891179617
0.309577820587071	0.7908239709697592	-0.9986453649732243	5.527404529956859	-2.9486401733181067
0.3015976626932663	0.9599074065939253	-0.9996420258612787	5.97340048006878	-2.193793174855851
0.3072640193141234	0.6676315115360019	-0.9981005121210087	5.722159232060344	-3.0756745123761586
0.2986093005151733	0.6661446819183037	-1.0025651444462307	5.976170294163268	-3.374751731576879
0.305356208703829	0.8084496901252676	-1.00183162185596	5.842556917424224	-2.918830419574954
0.29376869463948385	0.6797287001010641	-0.9974184109496976	5.791690455169037	-3.5625807704622003
0.31741071563492773	0.7892886768875315	-1.0017831632656187	4.470345439587076	-4.259143749054234
0.3087771412822029	0.6572159199367733	-1.0021773181628024	5.600741436592398	-3.413963755705299
0.30360630606634487	0.9492764028974954	-0.9996928725789918	5.921137584166838	-2.2401036193796857
0.3147473314607921	0.7824151395130821	-1.002195078019194	4.898509673302395	-4.130685072864073
0.29380909268534217	0.8619021676046446	-0.9981467741740314	5.794361128558734	-2.9720802986124966
0.2977686768684157	0.6153255092660873	-1.0005398059434016	5.9612609336397115	-2.238314885435396
0.2964919280035623	0.7684928988619323	-0.9994427301816434	5.92462114460678	-2.275432226882268
0.2896657231809164	0.9308089366723695	-1.0031418575339908	5.451689567444816	-4.500607743831382
0.29221215680586876	0.8585539090793003	-1.000272741759102	5.682913290265017	-2.476317992505617
0.3003410500463092	0.8275999025452532	-1.0042090374780133	5.984702142255251	-5.398663891179617
0.3057600353285981	0.784308921472364	-0.9988779948163088	5.820216538035153	-2.551438158727409
0.3015976626932663	0.9599074065939253	-0.9996420258612787	5.97340048006878	-2.193793174855851
0.3072640193141234	0.6676315115360019	-0.9981005121210087	5.722159232060344	-3.0756745123761586
0.3000772009296951	0.810442594829773	-1.001129292053906	5.9860759528053755	-2.3941682389306074
0.30580650233949747	0.8065696619797835	-1.0014917632342815	5.817480902779949	-2.7372366491368885
0.3011870487783235	0.7160401334560244	-0.9991075105907603	5.979084266872377	-2.3085209852445416
0.3167408103350997	0.7902862993204204	-1.0017663408908146	4.5847398663642185	-4.134084397297881
0.3087771412822029	0.6572159199367733	-1.0021773181628024	5.600741436592398	-3.413963755705299
0.30352850596418623	0.9552670314230337	-0.9997267423216184	5.923914012565826	-2.2337527302358406
0.3147473314607921	0.7824151395130821	-1.002195078019194	4.898509673302395	-4.130685072864073
0.3034701022931494	0.8317307865448981	-0.9996716782113577	5.925956078365806	-2.2375474231984587
0.2977538996556802	0.631180509969912	-1.0008019819634602	5.960912525213002	-2.3033406031069763
0.2953349756631633	0.9072886908488391	-0.9984485923326883	5.877236914146352	-2.7024788816686387
0.2982795973396439	0.8019909417720031	-1.0006742598387706	5.971347859864943	-2.258234013998992
0.2720820312229899	0.9145796324665026	-0.9990469778558357	2.089059202019342	-6.218951849248043
0.3003410500463092	0.8275999025452532	-1.0042090374780133	5.984702142255251	-5.398663891179617
0.3084531741007098	0.8091203592299007	-0.9978029193225606	5.628647397690537	-3.3906549406712028
0.3015976626932663	0.9599074065939253	-0.9996420258612787	5.97340048006878	-2.193793174855851
0.3076109732315369	0.6596144804362065	-0.9977943751557493	5.696291711046718	-3.32995250462053
0.29768055555352485	0.709874023564998	-1.0021032466296806	5.95904922272957	-2.9976333959778483
0.3062601483484057	0.7769576885305878	-1.0018432540010567	5.7900523517644	-2.9792195360744405
0.3011870487783235	0.7160401334560244	-0.9991075105907603	5.979084266872377	-2.3085209852445416
0.3151564333629354	0.7912908143526812	-1.0016726163846827	4.837442274046229	-3.8219210963425176
0.3087771412822029	0.6572159199367733	-1.0021773181628024	5.600741436592398	-3.413963755705299
0.30352850596418623	0.9552670314230337	-0.9997267423216184	5.923914012565826	-2.2337527302358406
0.31556539103507286	0.7964921030929092	-1.0026995422004128	4.774398150972029	-4.705577873506645
0.3067540569646871	0.8213556099379096	-0.9998986221834898	5.758082576465978	-2.3883756581719977
0.2977538996556802	0.631180509969912	-1.0008019819634602	5.960912525213002	-2.3033406031069763
0.2953349756631633	0.9072886908488391	-0.9984485923326883	5.877236914146352	-2.7024788816686387
0.30041104497183524	0.8642324440970176	-1.0002894971932654	5.985320537474655	-2.175574445042111
0.28579208734600264	0.8748268933340834	-0.998578031571446	4.976744508121575	-3.5329029990989316
0.2990339010244392	0.8484076480385541	-1.0027049127565353	5.981136953946333	-3.5046971863842202
0.3084531741007098	0.8091203592299007	-0.9978029193225606	5.628647397690537	-3.3906549406712028
0.3015976626932663	0.9599074065939253	-0.9996420258612787	5.97340048006878	-2.193793174855851
0.3067406405582968	0.7226440305096359	-0.9982063324773921	5.758827479910392	-2.9681699812595665
0.29768055555352485	0.709874023564998	-1.0021032466296806	5.95904922272957	-2.9976333959778483
0.3078932110755869	0.7448980368087467	-1.0031143152707176	5.674170664351141	-4.246372700829351
0.3030488549105462	0.6996866368400396	-0.9987269327020961	5.939610901405197	-2.497512400965113
0.32012226091542784	0.7791207161041798	-1.0008224575004472	3.961608774190477	-4.308796473617026
0.3087771412822029	0.6572159199367733	-1.0021773181628024	5.600741436592398	-3.413963755705299
0.30352850596418623	0.9552670314230337	-0.9997267423216184	5.923914012565826	-2.2337527302358406
0.31403185047715776	0.7992150153916397	-1.0016437293857445	5.001570286369013	-3.6402862200978525
0.31172149767489393	0.6878809765112159	-1.0001458156582217	5.299200915927225	-2.8499186810011334
0.2977538996556802	0.631180509969912	-1.0008019819634602	5.960912525213002	-2.3033406031069763
0.2916913661009899	0.9261287555671558	-0.9980996457765596	5.640821964102628	-3.1574761563960294
0.2973438735110021	0.9131513110741211	-0.9991315168344944	5.950856764972035	-2.329181118697103
0.28579208734600264	0.8748268933340834	-0.998578031571446	4.976744508121575	-3.5329029990989316
0.29210196572079583	0.9293983712673173	-1.002384577230961	5.6739904799443135	-3.5134777060765376
0.3071911410088332	0.8184037606696879	-0.9981565448015902	5.727437056352212	-3.032208156089471
0.3015976626932663	0.9599074065939253	-0.9996420258612787	5.97340048006878	-2.193793174855851
0.3067406405582968	0.7226440305096359	-0.9982063324773921	5.758827479910392	-2.9681699812595665
0.29766416709738974	0.7099517938848577	-1.002103137234043	5.958667781694411	-2.997927259163381
0.31087408777748604	0.7550818273538615	-1.0034089857264727	5.3943595336037315	-4.877333763126787
0.3021051373236413	0.7014857029273746	-0.9993186445532458	5.963988289731075	-2.2638253154880505
0.3188545436580651	0.7865801071155459	-1.0007283492290693	4.208673910350865	-4.034753295479947
0.3085404303545706	0.6594569803893098	-1.0021402510116781	5.621245730824247	-3.3645716307988014
0.305315622984396	0.9674368282902974	-0.9998987392198907	5.844889766501779	-2.301567846012717
0.3189489008785349	0.9243551953019933	-1.0011991409540477	4.190793398276167	-4.219769374027653
0.30988752908828254	0.7407189103933267	-0.9993405235961961	5.497331614935728	-2.7249851642605343
0.2977538996556802	0.631180509969912	-1.0008019819634602	5.960912525213002	-2.3033406031069763
0.2906071820969165	0.9316986640258917	-0.9979947243906623	5.544843320434356	-3.327720850075221
0.29613457139438565	0.9272792293369452	-0.9987492056542758	5.911383601899982	-2.5155187965670818
0.2770386439743562	0.8333049151275891	-0.9979858878211907	3.349847332674967	-5.530076685261024
0.29210196572079583	0.9293983712673173	-1.002384577230961	5.6739904799443135	-3.5134777060765376
0.3071911410088332	0.8184037606696879	-0.9981565448015902	5.727437056352212	-3.032208156089471
0.30741434142642826	0.9479891913558778	-1.0001640196318953	5.711305878690021	-2.4389401119141416
0.3028539979744446	0.7172090796377296	-0.999874985768055	5.945442214131675	-2.2019315292235992
0.2959897891517083	0.7057372593425303	-1.0024815649817522	5.905452654273541	-3.3685306082057647
0.31087408777748604	0.7550818273538615	-1.0034089857264727	5.3943595336037315	-4.877333763126787
0.3021051373236413	0.7014857029273746	-0.9993186445532458	5.963988289731075	-2.2638253154880505
0.3245354906560815	0.8090023923248765	-0.9988201181592432	2.976148403019031	-5.419421070485989
0.3085404303545706	0.6594569803893098	-1.0021402510116781	5.621245730824247	-3.3645716307988014
0.305315622984396	0.9674368282902974	-0.9998987392198907	5.844889766501779	-2.301567846012717
0.3189489008785349	0.9243551953019933	-1.0011991409540477	4.190793398276167	-4.219769374027653
0.31522217440689443	0.7676123453259254	-0.9993555211621861	4.827575781732075	-3.391229188651569
0.2980344819514245	0.611286120605339	-1.0007234379413639	5.966827043631124	-2.2754127072906023
0.2906071820969165	0.9316986640258917	-0.9979947243906623	5.544843320434356	-3.327720850075221
0.2927967337846078	0.9126796442250699	-0.9983312844247311	5.726595066317644	-2.921789780429277
0.2770386439743562	0.8333049151275891	-0.9979858878211907	3.349847332674967	-5.530076685261024
0.2937153361095921	0.917530564403402	-1.0019325059815916	5.788497787704826	-3.0423180863353005
0.3071911410088332	0.8184037606696879	-0.9981565448015902	5.727437056352212	-3.032208156089471
0.30748182153528986	0.9478509264630423	-1.000170075355115	5.706279804039298	-2.4442768944022077
0.30941197555282557	0.728169110461667	-0.997384693225806	5.542901107239166	-3.8434630025750014
0.2959897891517083	0.7057372593425303	-1.0024815649817522	5.905452654273541	-3.3685306082057647
0.31404671281988167	0.7850427104348601	-1.004039391734936	4.9988029782497	-6.1300741623319075
0.3021051373236413	0.7014857029273746	-0.9993186445532458	5.963988289731075	-2.2638253154880505
0.3160824028388104	0.7684837253280034	-0.9990079924796016	4.692901908455344	-3.628716790082006
0.3085404303545706	0.6594569803893098	-1.0021402510116781	5.621245730824247	-3.3645716307988014
0.3050896590441299	0.9694799039579115	-0.9998704351744344	5.856645532470587	-2.290907080698368
0.3189489008785349	0.9243551953019933	-1.0011991409540477	4.190793398276167	-4.219769374027653
0.31522217440689443	0.7676123453259254	-0.9993555211621861	4.827575781732075	-3.391229188651569
0.2980344819514245	0.611286120605339	-1.0007234379413639	5.966827043631124	-2.2754127072906023
0.2906071820969165	0.9316986640258917	-0.9979947243906623	5.544843320434356	-3.327720850075221
0.2927967337846078	0.9126796442250699	-0.9983312844247311	5.726595066317644	-2.921789780429277
0.2770386439743562	0.8333049151275891	-0.9979858878211907	3.349847332674967	-5.530076685261024
0.2937153361095921	0.917530564403402	-1.0019325059815916	5.788497787704826	-3.0423180863353005
0.3006394083730675	0.8216415814001164	-0.998119463331796	5.983948481504487	-2.800935703094436
0.3113174928928235	0.9570374891978586	-1.0006503583349589	5.345720142556507	-2.877985626028698
0.3112587348486043	0.7312555099749639	-0.9966834143869201	5.351823978787927	-4.79202398591611
0.29652399229462817	0.6810606452454064	-1.0020222309484157	5.925551899010797	-2.970184001838307
0.31404671281988167	0.7850427104348601	-1.004039391734936	4.9988029782497	-6.1300741623319075
0.3054477497415447	0.625646759352638	-0.9996732018318034	5.837774291665616	-2.3256448432492594
0.3160824028388104	0.7684837253280034	-0.9990079924796016	4.692901908455344	-3.628716790082006
0.30909707021056176	0.7191046005949273	-1.0018416140045574	5.572216508563713	-3.1960047282016717
0.3051195484956334	0.9407805152969594	-0.9998539723160803	5.85511956755032	-2.2931694647301253
0.314554065350942	0.929575004434575	-1.0007716592645903	4.927035653651771	-3.328746548234406
0.3124881727325833	0.7279031897454987	-0.9994443795361945	5.206381791051081	-2.993163692985126
0.2980344819514245	0.611286120605339	-1.0007234379413639	5.966827043631124	-2.2754127072906023
0.2906071820969165	0.9316986640258917	-0.9979947243906623	5.544843320434356	-3.327720850075221
0.2895355557951699	0.9447268958376318	-0.9986223686619238	5.438551661765059	-3.0488607760315336
0.29416740560159577	0.8951327137160247	-0.9993172942637377	5.816050426312657	-2.4119500990724845
0.2937153361095921	0.917530564403402	-1.0019325059815916	5.788497787704826	-3.0423180863353005
0.29835947264940726	0.9145749990164278	-0.9973827386194832	5.972370364953344	-3.4151050511109187
0.3113174928928235	0.9570374891978586	-1.0006503583349589	5.345720142556507	-2.877985626028698
0.3112587348486043	0.7312555099749639	-0.9966834143869201	5.351823978787927	-4.79202398591611
0.29652399229462817	0.6810606452454064	-1.0020222309484157	5.925551899010797	-2.970184001838307
0.30953643441343826	0.813262523727023	-1.002876265522247	5.531037965973483	-4.129446008989944
0.3054477497415447	0.625646759352638	-0.9996732018318034	5.837774291665616	-2.3256448432492594
0.32035309573325993	0.7013637350752056	-0.9986784323154874	3.9148396610567975	-4.544786518131692
0.3098308597979384	0.7977349791917778	-1.0014479362542632	5.502835669946826	-3.0286008627889984
0.30379383234120805	0.9423550873706202	-0.9997250211009833	5.914199917914528	-2.243760645983558
0.31090515303313515	0.9339088698820743	-1.0004167328532367	5.391549021056221	-2.7861106059939402
0.3124881727325833	0.7279031897454987	-0.9994443795361945	5.206381791051081	-2.993163692985126
0.2978455602193568	0.6004261939813031	-1.0007561886208753	5.962932872846649	-2.288278986439183
0.2906071820969165	0.9316986640258917	-0.9979947243906623	5.544843320434356	-3.327720850075221
0.28669638923424556	0.9544285123212564	-0.999021229646513	5.101191321146526	-3.215881353485546
0.2786038329897065	0.8389546050059287	-0.9981075488486597	3.6970106355203827	-5.096078690950708
0.2926428754430818	0.9255027566601111	-1.0019647532720173	5.715340096249218	-3.1386696028271963
0.301136510934064	0.8876537482326252	-0.9975463401773199	5.979410209907747	-3.2576645862026448
0.3113174928928235	0.9570374891978586	-1.0006503583349589	5.345720142556507	-2.877985626028698
0.3112587348486043	0.7312555099749639	-0.9966834143869201	5.351823978787927	-4.79202398591611
0.2933215954487659	0.7701395783184023	-1.0010443325692693	5.763109549474772	-2.583699018168393
0.30964577224949197	0.8182796633042747	-1.002961920465281	5.520526257662775	-4.230749088020323
0.30666534159450765	0.6477752542618953	-0.9990467433625573	5.763990189982044	-2.5440075321966535
0.32035309573325993	0.7013637350752056	-0.9986784323154874	3.9148396610567975	-4.544786518131692
0.3098308597979384	0.7977349791917778	-1.0014479362542632	5.502835669946826	-3.0286008627889984
0.30379383234120805	0.9423550873706202	-0.9997250211009833	5.914199917914528	-2.243760645983558
0.3105146753613017	0.9075565686823694	-1.0002905597168839	5.433373306734977	-2.727657633976521
0.3095469337467995	0.7344544856433907	-1.0003185727049473	5.530444723492943	-2.6338905087350977
0.29716851725424026	0.6219232882125316	-1.000650831749954	5.946061865954242	-2.2777053512944363
0.2906071820969165	0.9316986640258917	-0.9979947243906623	5.544843320434356	-3.327720850075221
0.28669638923424556	0.9544285123212564	-0.999021229646513	5.101191321146526	-3.215881353485546
0.27637818846343754	0.8071965471096151	-0.9978562650014982	3.19598983641869	-5.781002115046917
0.2926428754430818	0.9255027566601111	-1.0019647532720173	5.715340096249218	-3.1386696028271963
0.301136510934064	0.8876537482326252	-0.9975463401773199	5.979410209907747	-3.2576645862026448
0.3113174928928235	0.9570374891978586	-1.0006503583349589	5.345720142556507	-2.877985626028698
0.3021430759355218	0.81973173477803	-0.9972622306564353	5.962830876374262	-3.541547233796102
0.2937888912086959	0.6631727085041652	-1.0004106269349224	5.793271724939196	-2.3834515392185764
0.302215769906782	0.8625425753327393	-1.0010234219643233	5.961568966725397	-2.3768094366104124
0.30666534159450765	0.6477752542618953	-0.9990467433625573	5.763990189982044	-2.5440075321966535
0.3182919967313671	0.6984005186659189	-0.9988128321465797	4.313113327272919	-4.085327581367704
0.30641122106763036	0.7414389509355008	-1.001250567220371	5.780572543941483	-2.6529135861470845
0.30379383234120805	0.9423550873706202	-0.9997250211009833	5.914199917914528	-2.243760645983558
0.30502564917524083	0.9142131874623967	-0.9996575367612986	5.859877905533767	-2.305360676064038
0.3101674727449434	0.7120299841416533	-1.0003825941590647	5.469274688739894	-2.703267704467656
0.2970284937282669	0.6163553900470843	-1.0007462138539018	5.941992428379722	-2.306436393183999
0.2906071820969165	0.9316986640258917	-0.9979947243906623	5.544843320434356	-3.327720850075221
0.28669638923424556	0.9544285123212564	-0.999021229646513	5.101191321146526	-3.215881353485546
0.27637818846343754	0.8071965471096151	-0.9978562650014982	3.19598983641869	-5.781002115046917
0.2930164628975806	0.9213433995122164	-1.0017798304953793	5.7421621756163	-2.984862152347291
0.3049975174113742	0.8125693325386104	-0.9987589236456301	5.861216602839443	-2.56093353220084
0.30552908563307	0.9499554400183733	-0.9999081246256776	5.833315156006927	-2.3127896752415946
0.31112434331467154	0.7325599088869064	-0.9966919478354692	5.366867286380704	-4.765781531814162
0.29459683774580214	0.668182476134343	-1.0004643909271955	5.84018792307765	-2.3451945883890915
0.30088549437715073	0.900941589386028	-1.0009513997278086	5.982203758218323	-2.3304202268933905
0.30025747264959607	0.7762098942928942	-1.0003298717829228	5.985832616154147	-2.1798824263475414
0.32074824287489273	0.7090956075795939	-0.998763416083627	3.833645148783456	-4.586563268095722
0.3148215416057762	0.7935881336553484	-1.0018102235684838	4.887615194423085	-3.859643878536338
0.29467261212313783	0.8973876660118557	-0.9991032835268719	5.844224004775906	-2.4446429584616176
0.3009233394306277	0.9232138628624054	-0.9995151235440736	5.981894983970619	-2.2045902953808536
0.3101674727449434	0.7120299841416533	-1.0003825941590647	5.469274688739894	-2.703267704467656
0.2970284937282669	0.6163553900470843	-1.0007462138539018	5.941992428379722	-2.306436393183999
0.2893085217714394	0.9426589638123738	-0.9976406064352786	5.4143526472916665	-3.7394981614479956
0.28669638923424556	0.9544285123212564	-0.999021229646513	5.101191321146526	-3.215881353485546
0.27637818846343754	0.8071965471096151	-0.9978562650014982	3.19598983641869	-5.781002115046917
0.2932263522375775	0.9756928227562385	-1.0023254767770633	5.756487605591364	-3.3803523541790774
0.3061148699312581	0.7979779711154673	-0.9983819681606082	5.799080445017569	-2.81889013335491
0.2979205735147657	0.946532912410342	-0.9988445093421833	5.964482687279769	-2.4204779119638715
0.31112434331467154	0.7325599088869064	-0.9966919478354692	5.366867286380704	-4.765781531814162
0.29235278376937357	0.7494881836270937	-1.0000544734641799	5.693769788992558	-2.451773499446954
0.30333730784801305	0.8772605483368857	-1.000681319896035	5.93045818954817	-2.300790133326138
0.30224694751577347	0.8747012521464708	-1.0000733504162227	5.9609253830428734	-2.185090585130869
0.32074824287489273	0.7090956075795939	-0.998763416083627	3.833645148783456	-4.586563268095722
0.3148215416057762	0.7935881336553484	-1.0018102235684838	4.887615194423085	-3.859643878536338
0.2941756359765998	0.8999478959063242	-0.9990365164744611	5.816507021339662	-2.495115147529118
0.3100080176663957	0.9032816185892749	-0.9998305015470899	5.485365993209536	-2.664185215852802
0.3106741734099343	0.6689031179112566	-1.0012252733179032	5.416404563088332	-3.0054850400496376
0.2970284937282669	0.6163553900470843	-1.0007462138539018	5.941992428379722	-2.306436393183999
0.28872900146088015	0.947744509434251	-0.9974743974281914	5.350673543988512	-3.9509109642815137
0.28669638923424556	0.9544285123212564	-0.999021229646513	5.101191321146526	-3.215881353485546
0.27637818846343754	0.8071965471096151	-0.9978562650014982	3.19598983641869	-5.781002115046917
0.2932263522375775	0.9756928227562385	-1.0023254767770633	5.756487605591364	-3.3803523541790774
0.3085789782735203	0.8472316787713834	-0.9977408151414228	5.617919980851324	-3.451518569769947
0.2979205735147657	0.946532912410342	-0.9988445093421833	5.964482687279769	-2.4204779119638715
0.30544981832352386	0.7870833183301662	-0.9968902046782181	5.837183377606003	-4.064438083308609
0.2926068490598274	0.7422541117605301	-1.000092060744952	5.712875689870344	-2.4337583151397837
0.30447287703773507	0.8627382259371705	-1.001066390557431	5.886079513335717	-2.468870843892801
0.30255346201161215	0.8730539219362955	-1.0002100938284588	5.953566469555685	-2.199908617580345
0.3003723416291656	0.7541461508455651	-0.9983468283397174	5.9853396774792875	-2.653515135351399
0.31343028769887676	0.8015443502919786	-1.0016722616958154	5.084166556418285	-3.575119704186573
0.2941478652712765	0.9021637666273872	-0.9991327329623549	5.814894505728868	-2.4649356930061304
0.31476355956135343	0.9381146635389312	-0.9987686817378942	4.896280255908971	-3.5217974811840005
0.3106741734099343	0.6689031179112566	-1.0012252733179032	5.416404563088332	-3.0054850400496376
0.2970284937282669	0.6163553900470843	-1.0007462138539018	5.941992428379722	-2.306436393183999
0.29430789698810333	0.8549820373946477	-0.9978924218816366	5.82394723998379	-3.125817004274614
0.2987888774397243	0.9473998371221859	-0.9989124216487455	5.978776287136705	-2.379063438774912
0.27637818846343754	0.8071965471096151	-0.9978562650014982	3.19598983641869	-5.781002115046917
0.2932263522375775	0.9756928227562385	-1.0023254767770633	5.756487605591364	-3.3803523541790774
0.30815563026664294	0.8664590167888802	-0.9988262964429397	5.653529113517348	-2.739406315251048
0.2979205735147657	0.946532912410342	-0.9988445093421833	5.964482687279769	-2.4204779119638715
0.30934673352082154	0.8123622819282263	-0.995772259835744	5.548468690859185	-5.848689238978519
0.2926068490598274	0.7422541117605301	-1.000092060744952	5.712875689870344	-2.4337583151397837
0.3131167093770145	0.9505051252254966	-1.0017761431012402	5.125771459129146	-3.5986694656941385
0.30311388148591223	0.8641655022729267	-1.0003752823799277	5.937681186365485	-2.2338300613886117
0.3003723416291656	0.7541461508455651	-0.9983468283397174	5.9853396774792875	-2.653515135351399
0.31343028769887676	0.8015443502919786	-1.0016722616958154	5.084166556418285	-3.575119704186573
0.2938761579071123	0.9238437486782735	-1.0000741108643731	5.798662033236129	-2.347417723083394
0.31476355956135343	0.9381146635389312	-0.9987686817378942	4.896280255908971	-3.5217974811840005
0.3106741734099343	0.6689031179112566	-1.0012252733179032	5.416404563088332	-3.0054850400496376
0.2970284937282669	0.6163553900470843	-1.0007462138539018	5.941992428379722	-2.306436393183999
0.29430789698810333	0.8549820373946477	-0.9978924218816366	5.82394723998379	-3.125817004274614
0.2987888774397243	0.9473998371221859	-0.9989124216487455	5.978776287136705	-2.379063438774912
0.2784952837586874	0.8208899409809307	-0.9979533855124925	3.673695983110358	-5.229817064733814
0.2914554741894409	0.9579825037128443	-1.0018557265341337	5.620952725065227	-3.156379934745554
0.30815563026664294	0.8664590167888802	-0.9988262964429397	5.653529113517348	-2.739406315251048
0.29402961364083297	0.9213661444283847	-0.9986660138289852	5.807852975406393	-2.6581465459087052
0.30817098527467074	0.8047353011985611	-0.9961095578320525	5.651587738942716	-5.245860234547045
0.2926068490598274	0.7422541117605301	-1.000092060744952	5.712875689870344	-2.4337583151397837
0.2957133255555628	0.8826185002923874	-0.9999192598787612	5.8942913028389405	-2.2515023288339187
0.30311388148591223	0.8641655022729267	-1.0003752823799277	5.937681186365485	-2.2338300613886117
0.3003723416291656	0.7541461508455651	-0.9983468283397174	5.9853396774792875	-2.653515135351399
0.31343028769887676	0.8015443502919786	-1.0016722616958154	5.084166556418285	-3.575119704186573
0.29067062173513436	0.9505531608990077	-1.000963140009256	5.550936641771647	-2.765789443026928
0.31508696786590706	0.9593623198147001	-0.9985762505665742	4.847985167693233	-3.6629739322849755
0.3106433146335014	0.6674180031058804	-1.0012202686218072	5.419694333036257	-3.0000101191207635
0.2970284937282669	0.6163553900470843	-1.0007462138539018	5.941992428379722	-2.306436393183999
0.29430789698810333	0.8549820373946477	-0.9978924218816366	5.82394723998379	-3.125817004274614
0.2987888774397243	0.9473998371221859	-0.9989124216487455	5.978776287136705	-2.379063438774912
0.2784952837586874	0.8208899409809307	-0.9979533855124925	3.673695983110358	-5.229817064733814
0.2914554741894409	0.9579825037128443	-1.0018557265341337	5.620952725065227	-3.156379934745554
0.31224873176179574	0.8991550381499637	-0.9984930933649515	5.2358988305077965	-3.3189546721531933
0.2941966964207418	0.9189894421498507	-0.9984589752920487	5.817659117727574	-2.7561841602632438
0.30817098527467074	0.8047353011985611	-0.9961095578320525	5.651587738942716	-5.245860234547045
0.2926068490598274	0.7422541117605301	-1.000092060744952	5.712875689870344	-2.4337583151397837
0.29461472434693187	0.898453711227432	-0.9998235270707806	5.841161991317875	-2.3088526475828814
0.30470020353545035	0.92876395692826	-1.000278588989224	5.875706070785708	-2.284013146782928
0.29769888566501107	0.6468590397273131	-0.9963687492910149	5.959034582751222	-4.582657890243105
0.310519226124618	0.7686762099463649	-1.0015079027059786	5.4327852379174875	-3.130567074975188
0.2899629152870553	0.9438540752485877	-1.0001582890647782	5.482452917304714	-2.667369049581806
0.31496813486568376	0.9572266212411966	-0.9985611641414848	4.865840698532377	-3.652944826580967
0.3106433146335014	0.6674180031058804	-1.0012202686218072	5.419694333036257	-3.0000101191207635
0.2970284937282669	0.6163553900470843	-1.0007462138539018	5.941992428379722	-2.306436393183999
0.2880741335382759	0.8881693293263375	-0.9965021563440892	5.274426317923815	-5.094430026448219
0.2979038433573668	0.9501899706487869	-0.9987078813072134	5.964116675862166	-2.481864513746408
0.2784952837586874	0.8208899409809307	-0.9979533855124925	3.673695983110358	-5.229817064733814
0.2923617451094629	0.9128209523638927	-1.0010592568582652	5.694398727631596	-2.658143087857934
0.30574397082199656	0.7863617381459205	-0.9975433685181787	5.820901761818641	-3.418083564322478
0.2993004232879449	0.9446808790345693	-1.000090166286845	5.983722073372041	-2.1628833810132395
0.30809415401078677	0.8047771260360094	-0.9961143315561377	5.657837951035795	-5.23328213259429
0.2914059900642402	0.6087606604055309	-1.001325578757369	5.616796625918463	-2.8518601300653668
0.29840846248337555	0.8647785465700338	-0.9992665467279093	5.973477661731022	-2.267394833145363
0.3078944287886455	0.9328913402717129	-1.00007648683549	5.674559195743481	-2.4715547363892396
0.29493526603879333	0.7161480815190178	-0.996407055352854	5.857266404699381	-4.635153788108532
0.30923548530647016	0.7734306435842503	-1.0004421095620963	5.559688800476877	-2.622027991808565
0.28859504874628145	0.9518874380017459	-1.0007073099939656	5.335779937880396	-2.9022383066245325
0.31496813486568376	0.9572266212411966	-0.9985611641414848	4.865840698532377	-3.652944826580967
0.3106433146335014	0.6674180031058804	-1.0012202686218072	5.419694333036257	-3.0000101191207635
0.29676255319187167	0.6113022522852376	-1.000778605432313	5.933733897251992	-2.323649032073112
0.2880741335382759	0.8881693293263375	-0.9965021563440892	5.274426317923815	-5.094430026448219
0.29434091629872733	0.9264537128371646	-0.9985693747133071	5.825941041624659	-2.68803312205661
0.2784952837586874	0.8208899409809307	-0.9979533855124925	3.673695983110358	-5.229817064733814
0.2915738286049621	0.9202665973686108	-1.001266264758942	5.631087524535495	-2.8096644229270638
0.30574397082199656	0.7863617381459205	-0.9975433685181787	5.820901761818641	-3.418083564322478
0.30066168548406624	0.9393111053573122	-1.0014374950331921	5.983877059752612	-2.5415679954639385
0.30809415401078677	0.8047771260360094	-0.9961143315561377	5.657837951035795	-5.23328213259429
0.2922403179906623	0.6341472623679287	-1.0001628299491896	5.685104867640442	-2.4650106185939844
0.2964772281635011	0.8801225980844508	-0.9998391124880136	5.92411861645053	-2.2249814487807935
0.30787709931026336	0.9349519325430405	-1.0000717621642683	5.675925792541085	-2.470074153159084
0.29493526603879333	0.7161480815190178	-0.996407055352854	5.857266404699381	-4.635153788108532
0.30812485921320454	0.7378225697756935	-1.0008065182081443	5.656070307997276	-2.6095252733852368
0.2883776420833279	0.9784258958523581	-1.0006594912267075	5.310751753600196	-2.9151771974546152
0.3101318533888229	0.8884781476210966	-0.9989019846752175	5.472836970404572	-2.888660193368011
0.3170533825294949	0.6933319829914636	-1.001424226527411	4.531978818203777	-3.986826480750471
0.29676255319187167	0.6113022522852376	-1.000778605432313	5.933733897251992	-2.323649032073112
0.2848904458960326	0.8645492793278782	-0.9970710116147667	4.84424744299862	-4.858704226694373
0.29544411182071495	0.9151304665709623	-0.9987080412810526	5.882305474372935	-2.56380691250937
0.2794133063472055	0.8239139141383843	-0.9980496565230313	3.8669195479963054	-4.966355088421322
0.29209645006133605	0.9100074637952518	-1.0014014787418761	5.673740802452285	-2.833410126968902
0.303313125118124	0.7597478268133683	-0.998047928077945	5.931094998269089	-2.9040442763280794
0.30556459667105196	0.9495856434041359	-1.0015298739998	5.831228811470078	-2.7446234187211527
0.30486116318936557	0.8257457732298085	-0.9971509382043047	5.867609122326256	-3.7503355839051
0.29357830830414394	0.6531669973048715	-1.0000685396199456	5.779978661683147	-2.3659106764227698
0.2964772281635011	0.8801225980844508	-0.9998391124880136	5.92411861645053	-2.2249814487807935
0.30787709931026336	0.9349519325430405	-1.0000717621642683	5.675925792541085	-2.470074153159084
0.29449831904896656	0.7108897960905202	-0.9963600710013323	5.834164597159667	-4.719780124658303
0.3112035078611222	0.755739171818014	-1.0009627048393914	5.358530235748727	-2.9580941672511507
0.2889891603985798	0.9710040021358521	-1.0005975526758744	5.379958720649217	-2.831769475941922
0.3101318533888229	0.8884781476210966	-0.9989019846752175	5.472836970404572	-2.888660193368011
0.3170533825294949	0.6933319829914636	-1.001424226527411	4.531978818203777	-3.986826480750471
0.29676255319187167	0.6113022522852376	-1.000778605432313	5.933733897251992	-2.323649032073112
0.28518214958021637	0.8583268717168195	-0.9971621090711058	4.887923381188632	-4.718632982215166
0.30054744560691293	0.9058699768526035	-0.9987754279430158	5.984596055451476	-2.4303340907360678
0.29025100032086687	0.7979072627218045	-0.9992011167146767	5.510922633306388	-2.7481351492840016
0.28390107221766897	0.9811595349446547	-1.0013940088055047	4.690194976019216	-3.8129342417544603
0.3070986116282912	0.7495845757733803	-0.9980476543099461	5.734027499819025	-3.10141041640021
0.30556459667105196	0.9495856434041359	-1.0015298739998	5.831228811470078	-2.7446234187211527
0.3055922592002023	0.8176759584100124	-0.997590328922624	5.829512377203962	-3.367739803223351
0.2934712686079558	0.6545742978567755	-1.0000446704668153	5.7730477500304085	-2.3722953040555614
0.284426993139358	0.8727488083237671	-1.0006661297225043	4.77355461790188	-3.4539952330388246
0.3065138029991338	0.912684650362193	-0.9997157577462537	5.774017330509691	-2.3847756346044253
0.2955565174943161	0.7337147769164637	-0.9968544267081532	5.886952102291942	-4.0543854049261805
0.31214241182009117	0.7453755793894601	-1.0015269887075144	5.248862108981161	-3.3252283867244437
0.2883274396053415	0.9949130437868716	-1.0009747065672259	5.304878684270898	-3.0159750892335975
0.3101318533888229	0.8884781476210966	-0.9989019846752175	5.472836970404572	-2.888660193368011
0.3136578859756187	0.7289798103003493	-1.001371091858177	5.053386276491063	-3.438078256420715
0.29676255319187167	0.6113022522852376	-1.000778605432313	5.933733897251992	-2.323649032073112
0.2848747945646936	0.8641967210749977	-0.9985882749136146	4.84221067206317	-3.662676499026479
0.29813654657653865	0.8848632228693365	-0.9974518299004962	5.9684825659004055	-3.353847718963305
0.28669645158558527	0.7933268829231598	-0.9995743340467146	5.101238456101683	-3.0755568551704613
0.2839448938329174	0.9812956964784844	-1.0013898576585822	4.697240762353228	-3.803677052318765
0.30776398790569626	0.7408884888913929	-0.9979438999395563	5.684560599378337	-3.225920231440078
0.30677348586377184	0.9166338981428298	-1.0015061568178507	5.756655538598671	-2.806174909551964
0.3055922592002023	0.8176759584100124	-0.997590328922624	5.829512377203962	-3.367739803223351
0.2934712686079558	0.6545742978567755	-1.0000446704668153	5.7730477500304085	-2.3722953040555614
0.284426993139358	0.8727488083237671	-1.0006661297225043	4.77355461790188	-3.4539952330388246
0.3065138029991338	0.912684650362193	-0.9997157577462537	5.774017330509691	-2.3847756346044253
0.2955565174943161	0.7337147769164637	-0.9968544267081532	5.886952102291942	-4.0543854049261805
0.30973457776891244	0.7558679369823751	-1.0012674891306594	5.512279169620415	-2.9286694880710638
0.2919199897939132	0.9479604702903244	-1.0004145080816975	5.6597281022504315	-2.5176036284729495
0.3041155292079277	0.8245958044472392	-0.9980568053532317	5.901292814171962	-2.9266015270286285
0.3136578859756187	0.7289798103003493	-1.001371091858177	5.053386276491063	-3.438078256420715
0.29676255319187167	0.6113022522852376	-1.000778605432313	5.933733897251992	-2.323649032073112
0.2848747945646936	0.8641967210749977	-0.9985882749136146	4.84221067206317	-3.662676499026479
0.29833093073712835	0.8851661421668795	-0.9974351724551048	5.971911639712188	-3.365966948874858
0.28274342802752117	0.799705009588761	-0.9996928007194293	4.497218417973648	-3.6640141428993838
0.28516129300065934	0.8981990912378914	-1.0005872572376568	4.885216147135691	-3.32418287875156
0.31614438094419905	0.7458132213600358	-0.9986918201536881	4.68287877066765	-3.7706603065248947
0.30677348586377184	0.9166338981428298	-1.0015061568178507	5.756655538598671	-2.806174909551964
0.30574988642508705	0.8339269021738572	-0.9979538769683569	5.820654217270221	-3.082693416508828
0.29034230483354134	0.7186574769072949	-0.999827444582275	5.5198126493404525	-2.62995729386705
0.2911236731004169	0.8459481459616691	-1.0002492820486741	5.592220514531955	-2.564681862030402
0.3065138029991338	0.912684650362193	-0.9997157577462537	5.774017330509691	-2.3847756346044253
0.2941276833983874	0.7295886729300316	-0.9976691133315636	5.813477354769326	-3.3165568758801456
0.30973457776891244	0.7558679369823751	-1.0012674891306594	5.512279169620415	-2.9286694880710638
0.29040045044895213	0.9606406939673429	-1.0005225682624244	5.525399105955694	-2.6706333287462254
0.3059742705804354	0.805132985509229	-0.9982565521104342	5.807557992381792	-2.887723803775568
0.31436599894416284	0.7337736895668752	-1.0006080792383345	4.954241401413809	-3.2596237222753652
0.29676255319187167	0.6113022522852376	-1.000778605432313	5.933733897251992	-2.323649032073112
0.2861403560467432	0.8372737738011529	-0.9988214557868437	5.0256514168719	-3.3690964736601163
0.2959791625702892	0.8361477273372986	-0.9981394324245908	5.905160763984306	-2.86620036351146
0.2917651214722305	0.7850526278133453	-1.0002191345826834	5.647100994916393	-2.5071246041043267
0.2911540138935112	0.8794913882737649	-0.9998207593699622	5.594910560409118	-2.555331555893134
0.31614438094419905	0.7458132213600358	-0.9986918201536881	4.68287877066765	-3.7706603065248947
0.2985420123342801	0.8969233488182088	-1.0004093575923227	5.975532498901378	-2.200977309847582
0.30574988642508705	0.8339269021738572	-0.9979538769683569	5.820654217270221	-3.082693416508828
0.29034230483354134	0.7186574769072949	-0.999827444582275	5.5198126493404525	-2.62995729386705
0.29159127118929823	0.8455638284013833	-1.000175898254459	5.632634369680829	-2.518368573834948
0.30694057358709065	0.9977581059216786	-1.0008699906070908	5.745273864978331	-2.540072754806501
0.29294184952812174	0.6846370779719195	-0.9969329936394429	5.736611750931094	-4.116737506329467
0.3121018103572078	0.7248540270831806	-1.0031629694407318	5.253400229356994	-4.723225250400792
0.2903788341580271	0.8706806929942844	-1.0002641481632855	5.523331868243918	-2.63505970801641
0.3059742705804354	0.805132985509229	-0.9982565521104342	5.807557992381792	-2.887723803775568
0.31074864926643275	0.7882735343065312	-1.0006188235024778	5.408483065359966	-2.8078387233682713
0.29676255319187167	0.6113022522852376	-1.000778605432313	5.933733897251992	-2.323649032073112
0.28782258160283136	0.7897864349191779	-0.9992241975018616	5.244691830175944	-3.007801156443528
0.2971045515873967	0.8628352912684704	-0.9991361934869495	5.94421410211542	-2.334371719274732
0.2918458956426876	0.7569379653093685	-1.0002392230086958	5.653719567018155	-2.502199366433021
0.29066925192452775	0.9544050713360674	-0.9995047476573965	5.550842955766468	-2.6374388485567284
0.30828944262639396	0.72510277282243	-0.9980963905631244	5.6424140360244595	-3.158389100056044
0.2985420123342801	0.8969233488182088	-1.0004093575923227	5.975532498901378	-2.200977309847582
0.3116561511159027	0.8781137028302353	-0.9972356729998632	5.306458148378268	-4.225279972684249
0.29034230483354134	0.7186574769072949	-0.999827444582275	5.5198126493404525	-2.62995729386705
0.29144323617573714	0.8970896369796555	-1.0001390821485139	5.620077514836986	-2.5286605564854554
0.3017102667712613	0.9244479400370745	-1.0006456693364745	5.971523611161248	-2.2511382863788443
0.2897663307294982	0.6779716323029374	-0.9959004547189075	5.461689270484605	-5.739771646064362
0.3121018103572078	0.7248540270831806	-1.0031629694407318	5.253400229356994	-4.723225250400792
0.2903788341580271	0.8706806929942844	-1.0002641481632855	5.523331868243918	-2.63505970801641
0.30536641308134355	0.8003639659514074	-0.9981681897719012	5.84200979451659	-2.909698467152092
0.31074864926643275	0.7882735343065312	-1.0006188235024778	5.408483065359966	-2.8078387233682713
0.29681643490457604	0.609706228651262	-1.0007845165311633	5.935463310856862	-2.3238349243211314
0.28782258160283136	0.7897864349191779	-0.9992241975018616	5.244691830175944	-3.007801156443528
0.2971045515873967	0.8628352912684704	-0.9991361934869495	5.94421410211542	-2.334371719274732
0.2916254578513936	0.7562299501235819	-1.0002729890235311	5.6355010106059815	-2.523743698110888
0.29066925192452775	0.9544050713360674	-0.9995047476573965	5.550842955766468	-2.6374388485567284
0.3068578308329445	0.7296272523405445	-0.9981752781713595	5.750853818596237	-2.9969910488120384
0.2985420123342801	0.8969233488182088	-1.0004093575923227	5.975532498901378	-2.200977309847582
0.3116561511159027	0.8781137028302353	-0.9972356729998632	5.306458148378268	-4.225279972684249
0.2904504468922059	0.7190264025513768	-0.9998316384419786	5.530198277676645	-2.6193445830101343
0.2909380739809685	0.8821184432446316	-1.000011435302686	5.575576995339947	-2.569325762960357
0.3044721412936952	0.9115813768614303	-0.9996987468027579	5.8861647413219425	-2.274307022139886
0.2933311482729349	0.7059398396708049	-0.9964186610666979	5.763160301534599	-4.713999708952242
0.314498637825718	0.6991830718391443	-1.00357207255755	4.934479038625726	-5.544741053670874
0.2902716369203925	0.8369537324401325	-0.9995004367106898	5.512951798532901	-2.6761870982304234
0.3072317050553188	0.8063550214584881	-0.9978824698139221	5.724457531010186	-3.2323443118879442
0.3064427905157639	0.7810584652125494	-1.0005409539468615	5.7786071380415365	-2.4210806334576205
0.29681643490457604	0.609706228651262	-1.0007845165311633	5.935463310856862	-2.3238349243211314
0.2899755298530384	0.8113043902183142	-0.999462231442926	5.483705049362587	-2.7122592125268703
0.2977085423937902	0.8771583768988038	-0.9996711502962696	5.959910220838588	-2.2038339046766344
0.2868548550439336	0.6613929495435591	-1.0007449754807143	5.122167588746923	-3.1258254260059415
0.29066925192452775	0.9544050713360674	-0.9995047476573965	5.550842955766468	-2.6374388485567284
0.3013895488922082	0.7560829836155429	-0.9985921303138403	5.976416182278409	-2.526463698090301
0.3055851295920794	0.8454991353527448	-1.0012186383925314	5.830126900972061	-2.5892847210157584
0.31209707625485755	0.8503580714457177	-0.9982185721795845	5.254314573917094	-3.4642382241156664
0.2904504468922059	0.7190264025513768	-0.9998316384419786	5.530198277676645	-2.6193445830101343
0.2909380739809685	0.8821184432446316	-1.000011435302686	5.575576995339947	-2.569325762960357
0.30316668998164453	0.9220633081552857	-0.9999521648205808	5.936029776140796	-2.209110972330226
0.2933311482729349	0.7059398396708049	-0.9964186610666979	5.763160301534599	-4.713999708952242
0.314498637825718	0.6991830718391443	-1.00357207255755	4.934479038625726	-5.544741053670874
0.28966138798144736	0.7955969135045433	-0.9990325210334033	5.451688224621909	-2.861490307203633
0.3072317050553188	0.8063550214584881	-0.9978824698139221	5.724457531010186	-3.2323443118879442
0.30619163290104173	0.7730050926241832	-1.0013873048507027	5.794391697106502	-2.7050957141243
0.29674171648194786	0.668895199839691	-1.0007122877301329	5.933062092639679	-2.3062153148872913
0.2915292497298113	0.7655170172920956	-0.9997625514457439	5.627398647959951	-2.527099366639134
0.290126869257832	0.9575242446632527	-0.9979096643277282	5.498557489329402	-3.43720671538132
0.2810256768617148	0.6916382630330581	-1.0007218374010318	4.186018772508257	-4.055984973822481
0.29066925192452775	0.9544050713360674	-0.9995047476573965	5.550842955766468	-2.6374388485567284
0.3013895488922082	0.7560829836155429	-0.9985921303138403	5.976416182278409	-2.526463698090301
0.3049549233302204	0.8419130751322191	-1.0011533536063304	5.86334668048138	-2.5273047169256753
0.31209707625485755	0.8503580714457177	-0.9982185721795845	5.254314573917094	-3.4642382241156664
0.28791864420846597	0.7116690490126921	-1.0000707751112343	5.256373478486273	-2.8896019510784416
0.29649007220641227	0.8682378150944586	-1.000469028254507	5.92456055279408	-2.2617497981008476
0.30313604237628394	0.9235735109878938	-0.9999376245114072	5.936995514285932	-2.2084078783270025
0.2913999185428627	0.6919889751511377	-0.9962152914451758	5.615646311461022	-5.133006344170282
0.3080880833286132	0.6977381322034286	-1.003026211442363	5.658626160312605	-4.163195071082401
0.28966138798144736	0.7955969135045433	-0.9990325210334033	5.451688224621909	-2.861490307203633
0.3047406477095547	0.7838255748014467	-0.9977103862806058	5.8735386976705195	-3.221422289897382
0.3120301674604124	0.792603014802412	-1.001807958773914	5.262381436376018	-3.4832270014303495
0.29674171648194786	0.668895199839691	-1.0007122877301329	5.933062092639679	-2.3062153148872913
0.29393290595533855	0.8152880958367057	-1.0001048590746873	5.802120817245147	-2.345011411814788
0.290126869257832	0.9575242446632527	-0.9979096643277282	5.498557489329402	-3.43720671538132
0.2772559674259465	0.6793623710549803	-1.000589780337404	3.399697037059903	-4.810178665798068
0.29066925192452775	0.9544050713360674	-0.9995047476573965	5.550842955766468	-2.6374388485567284
0.3013895488922082	0.7560829836155429	-0.9985921303138403	5.976416182278409	-2.526463698090301
0.3049549233302204	0.8419130751322191	-1.0011533536063304	5.86334668048138	-2.5273047169256753
0.31209707625485755	0.8503580714457177	-0.9982185721795845	5.254314573917094	-3.4642382241156664
0.28906502148347885	0.7204332158053662	-1.0001436222028044	5.388299710599503	-2.7606921908280047
0.28633610666733716	0.8798704321100798	-1.0019331819999044	5.05247275308608	-3.7787471175110445
0.3046039376616405	0.9357955049237268	-0.9998202533783478	5.880186692346495	-2.270054250489313
0.2913999185428627	0.6919889751511377	-0.9962152914451758	5.615646311461022	-5.133006344170282
0.30975817262951166	0.6838690769872364	-1.0033708852818177	5.509491709034342	-4.715042452354532
0.28651949030975427	0.7811131444321762	-0.9982437671487723	5.077394592514824	-3.6253124001113664
0.31234150200193345	0.6934821851872472	-0.9976067386575869	5.224319774438962	-3.959314879248515
0.3120301674604124	0.792603014802412	-1.001807958773914	5.262381436376018	-3.4832270014303495
0.2967660221428958	0.6720769756031619	-1.0007147420694396	5.933850911037763	-2.306155360711972
0.29342277785024456	0.8096313754717653	-1.0001016735930686	5.769869744838111	-2.3771791047743633
0.290126869257832	0.9575242446632527	-0.9979096643277282	5.498557489329402	-3.43720671538132
0.28518385683946085	0.7182714370534568	-1.0000502258661634	4.888578900850419	-3.2568597106569968
0.29066925192452775	0.9544050713360674	-0.9995047476573965	5.550842955766468	-2.6374388485567284
0.3013895488922082	0.7560829836155429	-0.9985921303138403	5.976416182278409	-2.526463698090301
0.30289451354684144	0.8351178579054764	-1.000828167840632	5.944244181287399	-2.327913361120114
0.3127414212026965	0.8472150886644769	-0.998227631867266	5.174293381987738	-3.5388598610771425
0.28120086015860196	0.6976854449614263	-1.0011336141192821	4.21906696981949	-4.163358815245207
0.28332007211780835	0.8279914772863972	-1.0036234650260993	4.594413072034917	-5.952026102527776
0.29924715453589407	0.9968740231265502	-1.0009652820884969	5.9832890478106115	-2.334061179575148
0.2913999185428627	0.6919889751511377	-0.9962152914451758	5.615646311461022	-5.133006344170282
0.30975817262951166	0.6838690769872364	-1.0033708852818177	5.509491709034342	-4.715042452354532
0.28651949030975427	0.7811131444321762	-0.9982437671487723	5.077394592514824	-3.6253124001113664
0.31234150200193345	0.6934821851872472	-0.9976067386575869	5.224319774438962	-3.959314879248515
0.3120301674604124	0.792603014802412	-1.001807958773914	5.262381436376018	-3.4832270014303495
0.29769947506844036	0.633671000526465	-1.0008859142940016	5.959668200739801	-2.3307000880156155
0.29313945196262886	0.8099770070125167	-1.0002793958845075	5.7508300177818565	-2.409007433050272
0.290126869257832	0.9575242446632527	-0.9979096643277282	5.498557489329402	-3.43720671538132
0.2883303252497405	0.7256128598334394	-0.9997671246212662	5.305260262318935	-2.848896556667004
0.29066925192452775	0.9544050713360674	-0.9995047476573965	5.550842955766468	-2.6374388485567284
0.30061236150917453	0.7181534490579936	-0.997515505612085	5.9839859490424825	-3.280439432975607
0.3030482116853416	0.837031682867324	-1.0008898481795103	5.939671953867861	-2.351953009415678
0.3127414212026965	0.8472150886644769	-0.998227631867266	5.174293381987738	-3.5388598610771425
0.28120086015860196	0.6976854449614263	-1.0011336141192821	4.21906696981949	-4.163358815245207
0.28536225629674655	0.8668540675398481	-1.0019092030688554	4.914669561321671	-3.8997655817020584
0.29924715453589407	0.9968740231265502	-1.0009652820884969	5.9832890478106115	-2.334061179575148
0.2913999185428627	0.6919889751511377	-0.9962152914451758	5.615646311461022	-5.133006344170282
0.30928455086975687	0.68751537766891	-1.0032760990942808	5.554618452220961	-4.555100719899134
0.296394349820803	0.8060063308022477	-0.9982376907984571	5.921010664990445	-2.785239197918872
0.31149474095839036	0.6932216290965558	-0.9978175531747985	5.325286015540527	-3.682029821306301
0.30717191148809153	0.8046364683784953	-1.0016393103890582	5.728853578857573	-2.9104343511243735
0.2991659791626977	0.689427956724584	-1.0008869928775286	5.982652226146743	-2.308024594876483
0.29313945196262886	0.8099770070125167	-1.0002793958845075	5.7508300177818565	-2.409007433050272
0.2913030292814447	0.9226398213437974	-0.9982970713682766	5.607838021056976	-3.061342428041373
0.28942398414187454	0.8325938264700372	-0.9996444397578541	5.426902639439359	-2.7399148133191913
0.29066925192452775	0.9544050713360674	-0.9995047476573965	5.550842955766468	-2.6374388485567284
0.30061236150917453	0.7181534490579936	-0.997515505612085	5.9839859490424825	-3.280439432975607
0.30623718646207215	0.8569706465569679	-1.0015278549692173	5.791540325896625	-2.7827195066047867
0.3128065138972031	0.8722373654207953	-0.9983286913111281	5.165995863117298	-3.483938235007206
0.2901891170441716	0.8467012895195372	-1.0010497735532837	5.504847294659776	-2.8436773354099563
0.28587668309722825	0.8519550410082921	-1.0014240648449213	4.988727718035538	-3.5301898835200483
0.29924715453589407	0.9968740231265502	-1.0009652820884969	5.9832890478106115	-2.334061179575148
0.28934930298034806	0.7513796904935724	-0.9981491564596707	5.418811501637602	-3.3454515359545702
0.3096695346365658	0.7022505138588644	-1.0030702399831934	5.518198698633802	-4.351980365938055
0.294765968777232	0.8149876996450377	-0.9987796206660129	5.849119637259762	-2.5639463997394634
0.31149474095839036	0.6932216290965558	-0.9978175531747985	5.325286015540527	-3.682029821306301
0.3086720827859369	0.8009206819375082	-1.0016913869918205	5.6100013790217345	-3.0606963770898874
0.2991659791626977	0.689427956724584	-1.0008869928775286	5.982652226146743	-2.308024594876483
0.2869829480508149	0.8327156968852888	-1.0010060830677239	5.138900700354384	-3.193309434360458
0.2938429014561949	0.9463737602588725	-0.9991501437894172	5.796584092580687	-2.477443865931619
0.2911693737161326	0.8228877813867107	-0.998752841718445	5.596191944734644	-2.8289038742021804
0.29057426523813285	0.9330976725914352	-0.9998104052887185	5.541945341437174	-2.6089623166033498
0.3028758937842644	0.7740160242505928	-0.9991301482622756	5.94477786035612	-2.335489311205598
0.3063653950485279	0.8544045904445209	-1.0015381734734212	5.783459948249421	-2.796978118024507
0.3042640583822501	0.8577541948021422	-0.9988093802140242	5.895187669540329	-2.504776342665272
0.2958783103231765	0.8141066808870734	-1.0001889466050724	5.90122610374911	-2.2506378474868995
0.2859395680216947	0.8519705320779593	-1.0014243854084166	4.997589336977916	-3.521382080121321
0.29924715453589407	0.9968740231265502	-1.0009652820884969	5.9832890478106115	-2.334061179575148
0.28855193947134555	0.742016235689539	-0.9980563486013461	5.330690179373602	-3.49761420453014
0.3050847642265913	0.6966535061907737	-1.002117259180396	5.856671242228292	-3.1110251003889813
0.2970820717085078	0.803286652175663	-0.9988797273861728	5.943535239642337	-2.4270806561952085
0.31097727512075474	0.6965228144236438	-0.9978413647922665	5.383433687068546	-3.605604314677393
0.3086720827859369	0.8009206819375082	-1.0016913869918205	5.6100013790217345	-3.0606963770898874
0.2991659791626977	0.689427956724584	-1.0008869928775286	5.982652226146743	-2.308024594876483
0.2871312015532524	0.8329088209093813	-1.000984890067792	5.158091150012906	-3.166225429835622
0.2947016573008553	0.9402398155835126	-0.9990813505626748	5.84576514512292	-2.450448176264848
0.2823416054627301	0.7993826245000264	-0.9987147263495686	4.4269924331630195	-4.015703102556375
0.29206017424431474	0.9591074728233048	-0.9992929545290115	5.670940356932138	-2.5628957947273507
0.3050735756953558	0.736406679174338	-0.9990970671171797	5.857422901678183	-2.433689234417579
0.3066044562361017	0.8598827445898649	-1.0015597963396436	5.767953658646281	-2.8245450796724008
0.3024058861131726	0.852806553512361	-0.9988013572438421	5.957156240579626	-2.4462790083019526
0.290916623508988	0.819220481160636	-0.9996062694722931	5.5736231241764855	-2.5982850122807193
0.28300249098242103	0.8712971043514429	-1.0024972982148659	4.541281128818166	-4.746791032558311
0.29924715453589407	0.9968740231265502	-1.0009652820884969	5.9832890478106115	-2.334061179575148
0.28855193947134555	0.742016235689539	-0.9980563486013461	5.330690179373602	-3.49761420453014
0.31322034048046343	0.6355024969817965	-1.0026166597879562	5.1119401602310575	-4.2873434388774
0.30234356084856173	0.7879545694732287	-0.9977719285606925	5.958459915378764	-3.086117008915469
0.30941002606286955	0.6955813928316215	-0.99824549129661	5.5432726501913185	-3.1583570778875236
0.3154083129923649	0.7909174018645093	-1.0019123215891093	4.798906122703842	-4.017572125981756
0.2991659791626977	0.689427956724584	-1.0008869928775286	5.982652226146743	-2.308024594876483
0.2871312015532524	0.8329088209093813	-1.000984890067792	5.158091150012906	-3.166225429835622
0.2966247793112303	0.926503287222215	-0.9989272930743494	5.929151409253343	-2.422578549996153
0.2959571707390368	0.7504752835812141	-0.9982994641456364	5.904302584474156	-2.7627864531230237
0.29336236453266207	0.889392549795879	-0.9989609774460068	5.765824516370557	-2.5729835954758897
0.3050735756953558	0.736406679174338	-0.9990970671171797	5.857422901678183	-2.433689234417579
0.3221038267830521	0.8523869538961935	-1.000944140448435	3.5432291554150757	-4.766789171672088
0.3024058861131726	0.852806553512361	-0.9988013572438421	5.957156240579626	-2.4462790083019526
0.2926999993955112	0.814340882076778	-0.9993199880959105	5.719696352813088	-2.5075093073810706
0.2944811431883585	0.8657458095991482	-1.002041350676073	5.833672259584111	-3.0758848370760266
0.29797137199498974	0.9013260723089627	-0.999931537183133	5.9655926254788305	-2.1799137118062113
0.28855193947134555	0.742016235689539	-0.9980563486013461	5.330690179373602	-3.49761420453014
0.31322034048046343	0.6355024969817965	-1.0026166597879562	5.1119401602310575	-4.2873434388774
0.3104800168540147	0.7656919362448175	-0.9964658013209331	5.436391223432935	-4.9786040073014135
0.31029671851972224	0.7316649763986711	-0.9987848227732185	5.455983623593675	-2.9550465869609246
0.3154083129923649	0.7909174018645093	-1.0019123215891093	4.798906122703842	-4.017572125981756
0.29571598781608255	0.6873556017726683	-1.0017765980975208	5.894247900750484	-2.830547939930115
0.28864051339167185	0.8400457735216197	-1.0008131756176972	5.340946774997063	-2.9266294836324978
0.2959442464249885	0.938794793701424	-0.9989635840072241	5.903870124538658	-2.433968391100647
0.2965443536609382	0.776649648310292	-0.998549477630264	5.926356858889643	-2.5985437227980457
0.2934804623833693	0.9027740521613903	-0.9988969668516131	5.773586829970618	-2.590287378211478
0.30838029227019964	0.6521057040509839	-0.9988054439010539	5.634951676866738	-2.766855735638412
0.3124857785963069	0.8207478727245392	-1.0001163205144754	5.206695505447174	-2.94091962554357
0.3024058861131726	0.852806553512361	-0.9988013572438421	5.957156240579626	-2.4462790083019526
0.2926999993955112	0.814340882076778	-0.9993199880959105	5.719696352813088	-2.5075093073810706
0.29300582197214303	0.8349590675382582	-1.001049791203991	5.74152178324487	-2.607010479944684
0.29907324993880835	0.8893781543176591	-0.9996262428887711	5.981868204651752	-2.1873607365504117
0.2917589537080457	0.7175471893175612	-0.9997217328260455	5.646591426188583	-2.5116256462982944
0.31322034048046343	0.6355024969817965	-1.0026166597879562	5.1119401602310575	-4.2873434388774
0.3104800168540147	0.7656919362448175	-0.9964658013209331	5.436391223432935	-4.9786040073014135
0.31029671851972224	0.7316649763986711	-0.9987848227732185	5.455983623593675	-2.9550465869609246
0.3075491862443743	0.8053416767595449	-1.0015896081934348	5.701092110278573	-2.9086942996061182
0.29808530691070007	0.7075874359191101	-1.001559523217952	5.967717663985823	-2.6246317311700835
0.28244570340051606	0.8422093230151855	-1.0016513195595373	4.445266529422604	-4.201115020114578
0.2959442464249885	0.938794793701424	-0.9989635840072241	5.903870124538658	-2.433968391100647
0.30027773084963977	0.7896310712562853	-0.9989317320121602	5.985726785801354	-2.364530826963481
0.2905720379172841	0.9421531773185714	-0.9983489165602601	5.541600868758362	-3.096502716931898
0.30838029227019964	0.6521057040509839	-0.9988054439010539	5.634951676866738	-2.766855735638412
0.3127871635874309	0.8331279452595781	-1.0002125523625731	5.168609495766317	-2.985037021778668
0.303761653461823	0.8347646858066421	-0.9987673191730916	5.915343358814979	-2.5029484893378973
0.2832183517016344	0.8969751109422988	-0.9977967249387851	4.5778081986503025	-4.447124584446726
0.29106672578573256	0.8175672098645244	-1.0015047446248442	5.587039363994478	-2.9745080792762053
0.30284589044924026	0.9232151693514797	-0.998741100770552	5.945594814141375	-2.484804305712599
0.28807809320829847	0.7320394624435664	-0.9999246485959004	5.275509926108455	-2.8701622797271256
0.31322034048046343	0.6355024969817965	-1.0026166597879562	5.1119401602310575	-4.2873434388774
0.3104800168540147	0.7656919362448175	-0.9964658013209331	5.436391223432935	-4.9786040073014135
0.31029671851972224	0.7316649763986711	-0.9987848227732185	5.455983623593675	-2.9550465869609246
0.3080284735122379	0.793778820707681	-1.0017882483981644	5.66372769145005	-3.0685597489989496
0.29808530691070007	0.7075874359191101	-1.001559523217952	5.967717663985823	-2.6246317311700835
0.28244570340051606	0.8422093230151855	-1.0016513195595373	4.445266529422604	-4.201115020114578
0.2966575988823171	0.9575446730332481	-0.9988764286001149	5.930248170958283	-2.4418350645737625
0.29266403170195365	0.9188589433732821	-0.9990504006200221	5.717042276451427	-2.589717338045996
0.2975079615682755	0.9847646798896755	-0.9988697382019447	5.955054365437689	-2.419818918812809
0.30838029227019964	0.6521057040509839	-0.9988054439010539	5.634951676866738	-2.766855735638412
0.3127871635874309	0.8331279452595781	-1.0002125523625731	5.168609495766317	-2.985037021778668
0.30329555871429015	0.8243219392892496	-0.9989965919328903	5.931815640166128	-2.3938360352965944
0.28308251118313066	0.8873466512439913	-0.9984744073088191	4.555046006752791	-4.010182109014449
0.29106672578573256	0.8175672098645244	-1.0015047446248442	5.587039363994478	-2.9745080792762053
0.3015837991000153	0.9492572728306055	-0.9991172585127744	5.973588458177545	-2.311133944514296
0.2863196836833509	0.7363360306616065	-0.9996373779136704	5.050407670393507	-3.117327645465811
0.31322034048046343	0.6355024969817965	-1.0026166597879562	5.1119401602310575	-4.2873434388774
0.3104800168540147	0.7656919362448175	-0.9964658013209331	5.436391223432935	-4.9786040073014135
0.31029671851972224	0.7316649763986711	-0.9987848227732185	5.455983623593675	-2.9550465869609246
0.3080284735122379	0.793778820707681	-1.0017882483981644	5.66372769145005	-3.0685597489989496
0.2992561832280068	0.697508818562264	-1.001552650782707	5.983282664576111	-2.605587249836388
0.28921005107884373	0.7967746088659642	-1.0018635039279813	5.403880896799969	-3.378630624330831
0.2966575988823171	0.9575446730332481	-0.9988764286001149	5.930248170958283	-2.4418350645737625
0.29554244869584534	0.8222079549459045	-1.0001429907042723	5.886819677287325	-2.2621290107727203
0.2975079615682755	0.9847646798896755	-0.9988697382019447	5.955054365437689	-2.419818918812809
0.30838029227019964	0.6521057040509839	-0.9988054439010539	5.634951676866738	-2.766855735638412
0.31075064383473383	0.8162881704192244	-1.0008868841744842	5.408248475266803	-2.8823131635056845
0.30329555871429015	0.8243219392892496	-0.9989965919328903	5.931815640166128	-2.3938360352965944
0.2816872477915784	0.8827578234576786	-0.9983905310201526	4.3092555309951495	-4.303785430330019
0.28957342461249624	0.821835624309429	-1.0015301337854523	5.442485080723691	-3.1336549393189665
0.29920472432379125	0.9983473102078944	-0.9998263255679858	5.983005692603992	-2.1668216573270094
0.2863196836833509	0.7363360306616065	-0.9996373779136704	5.050407670393507	-3.117327645465811
0.31322034048046343	0.6355024969817965	-1.0026166597879562	5.1119401602310575	-4.2873434388774
0.3104800168540147	0.7656919362448175	-0.9964658013209331	5.436391223432935	-4.9786040073014135
0.31029671851972224	0.7316649763986711	-0.9987848227732185	5.455983623593675	-2.9550465869609246
0.30777669578415273	0.7916968962651832	-1.0018716169642456	5.683609383650917	-3.1050154059148847
0.2992561832280068	0.697508818562264	-1.001552650782707	5.983282664576111	-2.605587249836388
0.29949396348715707	0.7817463062334657	-0.9992537441660824	5.98486130810012	-2.259335088220938
0.2966575988823171	0.9575446730332481	-0.9988764286001149	5.930248170958283	-2.4418350645737625
0.29554244869584534	0.8222079549459045	-1.0001429907042723	5.886819677287325	-2.2621290107727203
0.30048508703476323	0.9287902040386894	-0.9997400469978172	5.98498959181561	-2.1715325294648213
0.30830595601151894	0.6692971344417477	-0.999183060138481	5.641191621886948	-2.6232738442547525
0.31075064383473383	0.8162881704192244	-1.0008868841744842	5.408248475266803	-2.8823131635056845
0.30329555871429015	0.8243219392892496	-0.9989965919328903	5.931815640166128	-2.3938360352965944
0.2816872477915784	0.8827578234576786	-0.9983905310201526	4.3092555309951495	-4.303785430330019
0.29062464384638514	0.841973463498251	-1.0011363509921942	5.546618438035763	-2.836817727714264
0.29923513712667765	0.9755722352069416	-0.9997661200096863	5.9832417066828265	-2.1709284898205743
0.2866593273031717	0.7367487131343591	-0.9995927921976172	5.096293486821036	-3.0777517741745903
0.3121667667408696	0.6855565026678782	-1.0002518358327608	5.24601528205227	-2.9110054544334494
0.3104800168540147	0.7656919362448175	-0.9964658013209331	5.436391223432935	-4.9786040073014135
0.31029671851972224	0.7316649763986711	-0.9987848227732185	5.455983623593675	-2.9550465869609246
0.30398136924472513	0.8026045288173361	-1.001642549689647	5.906778113961891	-2.7346184644394365
0.2992561832280068	0.697508818562264	-1.001552650782707	5.983282664576111	-2.605587249836388
0.2968877337238778	0.8015282537598096	-0.9990484812770356	5.937693241488809	-2.369798541563874
0.2966575988823171	0.9575446730332481	-0.9988764286001149	5.930248170958283	-2.4418350645737625
0.29554244869584534	0.8222079549459045	-1.0001429907042723	5.886819677287325	-2.2621290107727203
0.3014241886371371	0.9217350893439669	-0.999951941950543	5.976027835900696	-2.1691119179178155
0.32254816800784725	0.6040439365548047	-0.99888259365792	3.444007685353056	-4.92540699062775
0.31075064383473383	0.8162881704192244	-1.0008868841744842	5.408248475266803	-2.8823131635056845
0.30429646574403596	0.7870382530589812	-0.998806900777666	5.893800254014165	-2.5074518592685155
0.28089383762611025	0.8978838037744343	-0.9982372220525366	4.160786945158453	-4.5460724348483375
0.29163940810323463	0.8380748831348939	-1.0008976495150468	5.636631744696369	-2.657549758659134
0.29923513712667765	0.9755722352069416	-0.9997661200096863	5.9832417066828265	-2.1709284898205743
0.2880052351819125	0.7623084555682271	-0.9996113423563062	5.266790049805909	-2.9045487319085304
0.3121667667408696	0.6855565026678782	-1.0002518358327608	5.24601528205227	-2.9110054544334494
0.3104800168540147	0.7656919362448175	-0.9964658013209331	5.436391223432935	-4.9786040073014135
0.31029671851972224	0.7316649763986711	-0.9987848227732185	5.455983623593675	-2.9550465869609246
0.30398136924472513	0.8026045288173361	-1.001642549689647	5.906778113961891	-2.7346184644394365
0.2992561832280068	0.697508818562264	-1.001552650782707	5.983282664576111	-2.605587249836388
0.29673010960004353	0.8084509144735633	-0.9988818247688113	5.932646085819235	-2.4374277504775614
0.2966575988823171	0.9575446730332481	-0.9988764286001149	5.930248170958283	-2.4418350645737625
0.2958655784943995	0.8208522176156414	-1.000044564038308	5.900702212522719	-2.2446388038294574
0.3014241886371371	0.9217350893439669	-0.999951941950543	5.976027835900696	-2.1691119179178155
0.32254816800784725	0.6040439365548047	-0.99888259365792	3.444007685353056	-4.92540699062775
0.31497773014077196	0.8248329462682422	-1.0004150074159606	4.8644989053435435	-3.3130315211884866
0.3061366403025027	0.7007423693358372	-0.9980733101259617	5.797692140045216	-3.0191674740588166
0.2845361238896157	0.8581381703999587	-0.9988948581075014	4.790451129033555	-3.573931827143441
0.294753913674731	0.8255163665165113	-1.0003831817156603	5.848555067678023	-2.324058199177455
0.29923513712667765	0.9755722352069416	-0.9997661200096863	5.9832417066828265	-2.1709284898205743
0.2810443749613187	0.7069893324359436	-0.9991203479284768	4.189552225326499	-4.0940596012721455
0.3121667667408696	0.6855565026678782	-1.0002518358327608	5.24601528205227	-2.9110054544334494
0.3104800168540147	0.7656919362448175	-0.9964658013209331	5.436391223432935	-4.9786040073014135
0.31674630882954363	0.6951608031693525	-0.9987387078498421	4.5838956777835955	-3.8479718620990644
0.30398136924472513	0.8026045288173361	-1.001642549689647	5.906778113961891	-2.7346184644394365
0.2985251870516071	0.7296132857540285	-1.0007797661041393	5.9752637498276595	-2.2828394345743295
0.2992573349068351	0.7850177208550677	-0.9990943918977915	5.983370754245487	-2.3087635232770767
0.2966575988823171	0.9575446730332481	-0.9988764286001149	5.930248170958283	-2.4418350645737625
0.2962495494163354	0.8871206229863443	-0.9994782528069415	5.915826508841032	-2.277098337122685
0.3014241886371371	0.9217350893439669	-0.999951941950543	5.976027835900696	-2.1691119179178155
0.3175153486361885	0.644146855756762	-0.9991543112782368	4.452196569043392	-3.8207176953077377
0.3130834029402203	0.8800802957646343	-1.0007984585604421	5.13026047846579	-3.132952541352277
0.3029659054226214	0.7866426186831281	-0.9983419528764039	5.942049086857375	-2.6991973995978267
0.2872512730649686	0.8683628541992763	-0.9990648089199612	5.173475596312473	-3.128079254921486
0.2914936339170913	0.8514951919106183	-1.0005592014358	5.624362562755669	-2.579176994999324
0.29923513712667765	0.9755722352069416	-0.9997661200096863	5.9832417066828265	-2.1709284898205743
0.2810443749613187	0.7069893324359436	-0.9991203479284768	4.189552225326499	-4.0940596012721455
0.31370531565273185	0.6510516952280458	-1.0003096241837546	5.046986338688411	-3.116132478223763
0.3104800168540147	0.7656919362448175	-0.9964658013209331	5.436391223432935	-4.9786040073014135
0.3119724271878559	0.765754089977241	-0.9991167127165104	5.26943544408644	-3.0152468372288865
0.2983806068068784	0.8931801630446512	-1.0027657274883444	5.972674883753622	-3.573634807168877
0.3002667978666432	0.708179048339034	-1.001044695212418	5.985759042837685	-2.361118070146972
0.301357590734327	0.7940156859292407	-0.9990913987377082	5.97691297692791	-2.3158523982988264
0.29875154949595073	0.9008162215397639	-0.9986990171565704	5.978291746627005	-2.4718005355192103
0.2962495494163354	0.8871206229863443	-0.9994782528069415	5.915826508841032	-2.277098337122685
0.3014241886371371	0.9217350893439669	-0.999951941950543	5.976027835900696	-2.1691119179178155
0.3175153486361885	0.644146855756762	-0.9991543112782368	4.452196569043392	-3.8207176953077377
0.3138314997144713	0.8402555647061314	-1.00052093230841	5.029604027469661	-3.166205456058476
0.29635601177028076	0.8050721807312273	-0.9999923359417288	5.919776263721704	-2.225064516923905
0.2852798470482247	0.8171076291407646	-0.9990824491396818	4.902712908152894	-3.3934218543130594
0.296291754770092	0.9178498090811675	-1.0012198983375729	5.917339696726878	-2.5021573126398726
0.29923513712667765	0.9755722352069416	-0.9997661200096863	5.9832417066828265	-2.1709284898205743
0.2810443749613187	0.7069893324359436	-0.9991203479284768	4.189552225326499	-4.0940596012721455
0.31209723632080494	0.6713545756407591	-1.0000149924029045	5.2544538735046356	-2.8904777595207722
0.3104800168540147	0.7656919362448175	-0.9964658013209331	5.436391223432935	-4.9786040073014135
0.318103390714668	0.7959097074713687	-0.9981069087975258	4.347326551195575	-4.44565698820691
0.2983806068068784	0.8931801630446512	-1.0027657274883444	5.972674883753622	-3.573634807168877
0.3064604220262777	0.7386428669938878	-1.0000245707374043	5.777484223776126	-2.3675548689732313
0.2857084754362715	0.792245704111438	-1.0000114142999255	4.964931139457666	-3.179971548062123
0.2951489580318305	0.9203459039013506	-0.9988092456612392	5.8684355820707825	-2.531575618387029
0.2961962118830687	0.9282268108178472	-0.999220697668553	5.913795131951527	-2.3396382893026306
0.3021498134358572	0.9274145875620233	-1.0002921125659574	5.963056762217734	-2.1982069905109665
0.3175153486361885	0.644146855756762	-0.9991543112782368	4.452196569043392	-3.8207176953077377
0.30658663417106624	0.907419632306058	-1.000146283242119	5.769249699293621	-2.3798790842006134
0.29635601177028076	0.8050721807312273	-0.9999923359417288	5.919776263721704	-2.225064516923905
0.2830131554169172	0.8074999177293181	-0.9989692746923476	4.543351953568215	-3.792420538423305
0.29625817805857163	0.9180375229979467	-1.0012246904564226	5.916088367207778	-2.505346817569005
0.29923513712667765	0.9755722352069416	-0.9997661200096863	5.9832417066828265	-2.1709284898205743
0.29365084176539685	0.7327689475326644	-0.997920561550346	5.784394263096815	-3.1441902417757452
0.31381224286056736	0.6307908023567337	-1.0000481765492475	5.032279137504789	-3.1131357066505227
0.31089600927733957	0.7680344812976476	-0.996279299379829	5.3918622462356565	-5.270373125532818
0.318103390714668	0.7959097074713687	-0.9981069087975258	4.347326551195575	-4.44565698820691
0.29783543762648973	0.888228576413204	-1.0031235053319538	5.962255052128235	-3.9683442238481845
0.3064604220262777	0.7386428669938878	-1.0000245707374043	5.777484223776126	-2.3675548689732313
0.2857084754362715	0.792245704111438	-1.0000114142999255	4.964931139457666	-3.179971548062123
0.2972797152041583	0.9224973050573053	-0.9992605661228814	5.949142432774886	-2.2936285780710133
0.29622483347035933	0.9235204756535499	-1.0001463228833132	5.91490903559835	-2.2342245088168857
0.29976331044275734	0.9153984766933198	-1.0001127881831944	5.985888771959003	-2.1616248485963983
0.3175153486361885	0.644146855756762	-0.9991543112782368	4.452196569043392	-3.8207176953077377
0.3065807196517591	0.8995104612931522	-1.000140579583725	5.769639173944045	-2.379231547515344
0.29635601177028076	0.8050721807312273	-0.9999923359417288	5.919776263721704	-2.225064516923905
0.28743714471042586	0.8533358794730561	-0.9991865869304922	5.197009770575269	-3.0663739122419518
0.2967022433456051	0.9106619945962973	-1.0011954824604343	5.931722064076564	-2.477312713356116
0.29923513712667765	0.9755722352069416	-0.9997661200096863	5.9832417066828265	-2.1709284898205743
0.29574047847218987	0.8103998963068558	-1.000518724591732	5.895438445760762	-2.2998257074217445
0.31430069937928584	0.6183673341226206	-1.0000379597982454	4.9636194320194065	-3.181591597778386
0.31036695941122683	0.7645288283294824	-0.9967260125652829	5.448264330893997	-4.6446550932822195
0.316995598635904	0.7904609465964851	-0.9982893683371502	4.541771339752248	-4.132208061836192
0.29783543762648973	0.888228576413204	-1.0031235053319538	5.962255052128235	-3.9683442238481845
0.3064604220262777	0.7386428669938878	-1.0000245707374043	5.777484223776126	-2.3675548689732313
0.2857084754362715	0.792245704111438	-1.0000114142999255	4.964931139457666	-3.179971548062123
0.3026730723074502	0.9093957137565833	-0.9996245441960545	5.9504358915929325	-2.2191333511527054
0.30887508786794293	0.9743412228100035	-1.0007923747075151	5.592302201547859	-2.669245565078022
0.3031346051026846	0.9449387939129057	-1.000137104458068	5.937039832119751	-2.211644606198263
0.3028067133916361	0.7126330576822278	-0.9995506663563919	5.946771222400143	-2.2337960831349353
0.31055995218337634	0.8902368346404196	-1.0001568010604915	5.428605337845651	-2.721174611491593
0.29611267522014006	0.7906619380640448	-1.0000114551524877	5.910613041468664	-2.2342898658432526
0.28151502675089984	0.8644257456572307	-0.9993950891795403	4.277680041795479	-3.932323047364248
0.2967022433456051	0.9106619945962973	-1.0011954824604343	5.931722064076564	-2.477312713356116
0.29923513712667765	0.9755722352069416	-0.9997661200096863	5.9832417066828265	-2.1709284898205743
0.2959525900592854	0.8182799377029033	-1.0007824548776951	5.9042312698274975	-2.3542938297778244
0.31430069937928584	0.6183673341226206	-1.0000379597982454	4.9636194320194065	-3.181591597778386
0.3103937830792274	0.7641471788264569	-0.9967174451612659	5.445477125946622	-4.657274829443354
0.32101454560421067	0.8125053956717234	-0.9979321105425246	3.777900074652586	-5.141999862112846
0.29783543762648973	0.888228576413204	-1.0031235053319538	5.962255052128235	-3.9683442238481845
0.3064604220262777	0.7386428669938878	-1.0000245707374043	5.777484223776126	-2.3675548689732313
0.2857084754362715	0.792245704111438	-1.0000114142999255	4.964931139457666	-3.179971548062123
0.3021628927656791	0.9106350464612906	-0.999590114032609	5.962770591845807	-2.2116148812863266
0.3135498419174776	0.9931214375079298	-1.00103111562817	5.068125277835157	-3.2730713634907938
0.30314259995954207	0.9448758030614355	-1.0001379000364294	5.936788894400682	-2.211916729643259
0.31635957259874653	0.6495283687091741	-0.9991854560917449	4.647958265593038	-3.615636339435591
0.31136228201609273	0.8882878078366482	-1.0002109473854925	5.34066002974416	-2.812912332172144
0.29611267522014006	0.7906619380640448	-1.0000114551524877	5.910613041468664	-2.2342898658432526
0.29267020951786804	0.9092402375296162	-0.9999647873017602	5.717540313193789	-2.427447351922998
0.3012605603512343	0.8303070697375624	-1.000648516987282	5.978203427040595	-2.2452662028431716
0.2994974913673062	0.9735953283786821	-0.9997751706502398	5.98490441570877	-2.1686014162480935
0.29483371256700347	0.7767131328101808	-0.9993912914573574	5.852698362244071	-2.358112477885781
0.31430069937928584	0.6183673341226206	-1.0000379597982454	4.9636194320194065	-3.181591597778386
0.3103937830792274	0.7641471788264569	-0.9967174451612659	5.445477125946622	-4.657274829443354
0.32186829561594466	0.8423963614234735	-0.9977022394399215	3.5947937668389587	-5.506619878011295
0.30105114955889495	0.8355239167511639	-1.0025208896104612	5.980327196553023	-3.3291675819608857
0.3147174281951916	0.6971341406233614	-1.0000350363457724	4.9031559929698725	-3.2420110225230436
0.28047590370465725	0.7930422256720802	-1.0000113937539954	4.080217830510293	-4.06468603420123
0.3079917367171904	0.8925880704039205	-0.9984968552450821	5.666717266758098	-2.8858903589647875
0.3135498419174776	0.9931214375079298	-1.00103111562817	5.068125277835157	-3.2730713634907938
0.30299038117160765	0.9441701509752963	-1.000124835653446	5.941456840795708	-2.2066031494613165
0.31506925375104505	0.6043525257160396	-0.9995328727970498	4.850746564292139	-3.332479857183271
0.3098384502813287	0.8924364128347362	-1.0002790093072158	5.502190105749691	-2.6575906461640946
0.2958418418193646	0.7999909966168229	-1.0000077835944208	5.899718117445113	-2.2451634290522318
0.29423395961363535	0.8553756988000563	-0.9999859863092031	5.819933399245137	-2.3249135542064963
0.2949427463763698	0.9329897037659842	-1.000944325700138	5.858245859130254	-2.4516767540732713
0.29937324889566597	0.9708048257917077	-0.9997801468258869	5.984203016245427	-2.1688096170782423
0.29483371256700347	0.7767131328101808	-0.9993912914573574	5.852698362244071	-2.358112477885781
0.31430069937928584	0.6183673341226206	-1.0000379597982454	4.9636194320194065	-3.181591597778386
0.3103937830792274	0.7641471788264569	-0.9967174451612659	5.445477125946622	-4.657274829443354
0.31245200352684066	0.8392877246188257	-0.9998818762333929	5.21090686092678	-2.936151972463694
0.30364126940215347	0.8693890731205958	-1.0021740075448287	5.91963898801471	-3.0924462262425303
0.3147174281951916	0.6971341406233614	-1.0000350363457724	4.9031559929698725	-3.2420110225230436
0.28047590370465725	0.7930422256720802	-1.0000113937539954	4.080217830510293	-4.06468603420123
0.30658450347093424	0.9071017393541743	-0.9989549206903446	5.769336478418355	-2.572008660429473
0.312570677062243	0.9861388009304515	-1.0009781357082155	5.196012071261057	-3.1260725009051473
0.297957746738044	0.9999570858729192	-1.0002540657048486	5.965312298351286	-2.192019235378744
0.31506925375104505	0.6043525257160396	-0.9995328727970498	4.850746564292139	-3.332479857183271
0.30973254999853467	0.9169007812500667	-1.0009581888040373	5.512510964091159	-2.80233344305005
0.2968987762223045	0.8213083456470737	-1.0000250901156587	5.93808154167784	-2.20695770753371
0.29423395961363535	0.8553756988000563	-0.9999859863092031	5.819933399245137	-2.3249135542064963
0.2949427463763698	0.9329897037659842	-1.000944325700138	5.858245859130254	-2.4516767540732713
0.29871280889159024	0.965167853634256	-0.9999536870275021	5.977885105757839	-2.16723725840556
0.28622892685308815	0.8111513730214909	-0.9991127073676017	5.037917875251497	-3.2481055813517914
0.31080227202709027	0.6596872772409342	-1.0000288987610377	5.402724071257049	-2.74236559975869
0.3102679525133888	0.7932157066846013	-0.9975244452762438	5.458708855104702	-3.797117569702608
0.31238453423456386	0.8400675053665116	-0.9998712173439398	5.219285247466207	-2.928242890545487
0.30199226602210527	0.867465485783674	-1.0017741626387329	5.966166515582644	-2.7575187713564997
0.30969276929941925	0.7812834699450554	-1.0000094966832564	5.516420629782083	-2.6284767827266435
0.28047590370465725	0.7930422256720802	-1.0000113937539954	4.080217830510293	-4.06468603420123
0.3061994318536881	0.9020175351193104	-0.9988247736661923	5.793935683360858	-2.59944523424788
0.312570677062243	0.9861388009304515	-1.0009781357082155	5.196012071261057	-3.1260725009051473
0.297957746738044	0.9999570858729192	-1.0002540657048486	5.965312298351286	-2.192019235378744
0.31506925375104505	0.6043525257160396	-0.9995328727970498	4.850746564292139	-3.332479857183271
0.30973254999853467	0.9169007812500667	-1.0009581888040373	5.512510964091159	-2.80233344305005
0.29356144197795186	0.8283210833043829	-1.0006493236117124	5.778873289676216	-2.4446729731542796
0.2949314287411702	0.8592289125018929	-1.000062074080448	5.857717252061503	-2.2879965689920017
0.2949427463763698	0.9329897037659842	-1.000944325700138	5.858245859130254	-2.4516767540732713
0.29871280889159024	0.965167853634256	-0.9999536870275021	5.977885105757839	-2.16723725840556
0.289517875100217	0.8329997540030528	-0.9993456188948272	5.43677339494546	-2.7845116054979986
0.3115586378474298	0.6498786308866629	-0.9999409731242686	5.318158799101465	-2.827169506560213
0.30750542398182545	0.8396104598743779	-0.9981369983441594	5.704339033256968	-3.068341592062513
0.31187868120690543	0.8290204477621574	-0.9998972036481458	5.280653653319314	-2.8658229805274456
0.30175446419885865	0.8655124987473084	-1.0019408710840878	5.970590445596618	-2.866085589479762
0.3082765318996953	0.8076740245085587	-1.0000390124164713	5.643664540218454	-2.501571676267046
0.28903425342390904	0.7463606398043041	-0.999893008292858	5.384930955533733	-2.7616934903814894
0.3061994318536881	0.9020175351193104	-0.9988247736661923	5.793935683360858	-2.59944523424788
0.312570677062243	0.9861388009304515	-1.0009781357082155	5.196012071261057	-3.1260725009051473
0.297957746738044	0.9999570858729192	-1.0002540657048486	5.965312298351286	-2.192019235378744
0.31506925375104505	0.6043525257160396	-0.9995328727970498	4.850746564292139	-3.332479857183271
0.31045980710074433	0.8743083966693344	-1.000763954453201	5.439102513506017	-2.81426936595241
0.2984851174520224	0.8607515484190555	-1.0004289799464725	5.974685970889695	-2.2048668077119515
0.30582997588990607	0.9091294678405137	-1.0001002838255775	5.81622592052354	-2.3307084509180624
0.2887126886707899	0.9970667967936595	-1.0013391751692138	5.349062863030993	-3.1266390129536754
0.2975544552394395	0.9343960296011125	-1.000110110204379	5.956265465657875	-2.1911270941386967
0.289517875100217	0.8329997540030528	-0.9993456188948272	5.43677339494546	-2.7845116054979986
0.3115586378474298	0.6498786308866629	-0.9999409731242686	5.318158799101465	-2.827169506560213
0.30750542398182545	0.8396104598743779	-0.9981369983441594	5.704339033256968	-3.068341592062513
0.31187868120690543	0.8290204477621574	-0.9998972036481458	5.280653653319314	-2.8658229805274456
0.3027511389646362	0.8610235248192869	-1.001281637822999	5.9482435599610906	-2.4996112755789657
0.30795806946878174	0.8221388375000038	-0.9998528444825451	5.669514086663157	-2.478909946412414
0.2872198611386964	0.7397954800515386	-0.9998926750816111	5.16950919524734	-2.9771259459763293
0.30421477977075456	0.9275268608173239	-0.9984500057584794	5.897227551063008	-2.6813145771422917
0.312570677062243	0.9861388009304515	-1.0009781357082155	5.196012071261057	-3.1260725009051473
0.297957746738044	0.9999570858729192	-1.0002540657048486	5.965312298351286	-2.192019235378744
0.31506925375104505	0.6043525257160396	-0.9995328727970498	4.850746564292139	-3.332479857183271
0.30545116898238645	0.880308602277634	-1.0005265149303653	5.837579440478999	-2.359192661787551
0.29874037543547527	0.7933732814161483	-1.0005136419411769	5.978223056130298	-2.216222591168992
0.3043797493660964	0.9693034056352263	-1.001799655290856	5.890096557242849	-2.8497833824622845
0.2887126886707899	0.9970667967936595	-1.0013391751692138	5.349062863030993	-3.1266390129536754
0.2956364272916571	0.8920663828848768	-1.000061237238359	5.890965496345313	-2.254728476361482
0.289517875100217	0.8329997540030528	-0.9993456188948272	5.43677339494546	-2.7845116054979986
0.3068618714317194	0.7256364074528692	-1.0001162934652206	5.750742443814517	-2.3968888810131537
0.30750542398182545	0.8396104598743779	-0.9981369983441594	5.704339033256968	-3.068341592062513
0.3163101621755402	0.8118192105998802	-0.999852449284802	4.656061478227464	-3.4923802089988314
0.3024939627380808	0.8596360706895944	-1.0016038201022883	5.95494165510955	-2.663196650733326
0.30181326532757136	0.8779910993993005	-1.0003274108761393	5.969724502115302	-2.1956073942791896
0.2872198611386964	0.7397954800515386	-0.9998926750816111	5.16950919524734	-2.9771259459763293
0.3045230552069905	0.9516546515088905	-0.9976812537529302	5.883610546514919	-3.23651573814399
0.312570677062243	0.9861388009304515	-1.0009781357082155	5.196012071261057	-3.1260725009051473
0.297957746738044	0.9999570858729192	-1.0002540657048486	5.965312298351286	-2.192019235378744
0.312675958004365	0.639719246432597	-0.9997029999032735	5.182765550655257	-2.9772963712690954
0.3034105335427477	0.8645809287937979	-1.0004555690569528	5.928000445360935	-2.2559934827735066
0.29877082300641955	0.7853362964924179	-1.0005237405561356	5.978601422134011	-2.217845868346126
0.3045856102493435	0.9683207847840699	-1.0018492000288046	5.8808594339185065	-2.8924394480294877
0.2887126886707899	0.9970667967936595	-1.0013391751692138	5.349062863030993	-3.1266390129536754
0.2956364272916571	0.8920663828848768	-1.000061237238359	5.890965496345313	-2.254728476361482
0.2908922413846774	0.8601874338294829	-0.9994935522663874	5.571400358309996	-2.6187143707964307
0.3068618714317194	0.7256364074528692	-1.0001162934652206	5.750742443814517	-2.3968888810131537
0.30750542398182545	0.8396104598743779	-0.9981369983441594	5.704339033256968	-3.068341592062513
0.3163101621755402	0.8118192105998802	-0.999852449284802	4.656061478227464	-3.4923802089988314
0.29905487273548653	0.9339155937030186	-1.0022458447322553	5.981450999091551	-3.088763115991666
0.30234627282791465	0.8818404033459808	-1.0002728805273138	5.958640813646092	-2.2005749756421906
0.28643081551260413	0.7317750411639945	-0.9998369433367886	5.065554350111562	-3.083730787541789
0.30502051906694977	0.9457530271001776	-0.9977728870360498	5.859893457634513	-3.184362745242055
0.3079893788969893	0.941620620238807	-1.000781975600702	5.666988067659959	-2.5914595198301225
0.297957746738044	0.9999570858729192	-1.0002540657048486	5.965312298351286	-2.192019235378744
0.312675958004365	0.639719246432597	-0.9997029999032735	5.182765550655257	-2.9772963712690954
0.304090321577445	0.8761914705357171	-1.0004455808973276	5.902505937598891	-2.279761195547634
0.30767462208048707	0.7422460248840105	-1.001786433706265	5.6915108300894115	-3.0400278977901127
0.3045856102493435	0.9683207847840699	-1.0018492000288046	5.8808594339185065	-2.8924394480294877
0.2983668242556882	0.8531013948239322	-1.0006800056027343	5.972810082310225	-2.2583228124441845
0.2916304952949029	0.8995888118596603	-0.9998791135319153	5.635925742030136	-2.5112753154933527
0.2880089527509867	0.8374187736983187	-0.9989975448568533	5.267193201294208	-3.0583702853712795
0.3017946265999662	0.6934154346656378	-1.0018144111366658	5.969901490195081	-2.7799754075870062
0.31770020405788735	0.7945538630331425	-0.9964841886878537	4.4190653528368635	-5.9726745818459825
0.3163101621755402	0.8118192105998802	-0.999852449284802	4.656061478227464	-3.4923802089988314
0.29905487273548653	0.9339155937030186	-1.0022458447322553	5.981450999091551	-3.088763115991666
0.30096120688255024	0.9139938608935735	-1.0003715558140556	5.981543021708797	-2.189452008843352
0.2910004632679595	0.7340274014977999	-1.0002562883474155	5.5812079266076715	-2.576396074854788
0.30489924406288027	0.944064292134106	-0.9978258742598414	5.865920214675215	-3.1353812415675844
0.3142828796259869	0.9050223296338185	-1.0011131680987677	4.9661043085372905	-3.4077429264568826
0.297957746738044	0.9999570858729192	-1.0002540657048486	5.965312298351286	-2.192019235378744
0.31411416693492866	0.608655949666496	-0.9994345086582744	4.990104987392208	-3.21163976274989
0.30831023434199667	0.8863658157712442	-1.0008255601041147	5.640835466181474	-2.630534788275523
0.30767462208048707	0.7422460248840105	-1.001786433706265	5.6915108300894115	-3.0400278977901127
0.30396353882056404	0.944297172295935	-1.0014113100908606	5.907521728031035	-2.604009818680887
0.2988921709278516	0.8604167629115167	-1.0004504722219716	5.98002294522363	-2.2031508043722505
0.2916304952949029	0.8995888118596603	-0.9998791135319153	5.635925742030136	-2.5112753154933527
0.295098614570497	0.8556606738017665	-0.999568417014412	5.866042308913862	-2.3115130956896195
0.3019536919977738	0.6901888873812317	-1.00184469792401	5.966914810117886	-2.803636372211769
0.31770020405788735	0.7945538630331425	-0.9964841886878537	4.4190653528368635	-5.9726745818459825
0.3163101621755402	0.8118192105998802	-0.999852449284802	4.656061478227464	-3.4923802089988314
0.29873845347954814	0.9275890301421075	-1.0021880870725646	5.977972633382078	-3.045419254163508
0.30096120688255024	0.9139938608935735	-1.0003715558140556	5.981543021708797	-2.189452008843352
0.28753003105809033	0.7034851061991686	-1.0001421551776488	5.208667880284571	-2.940252316755272
0.30489924406288027	0.944064292134106	-0.9978258742598414	5.865920214675215	-3.1353812415675844
0.3262545611327823	0.896959955115351	-1.0017796269020343	2.5395012627797193	-6.187361368958467
0.29832866547287146	0.9776296350797752	-1.0009274506748738	5.972159714004678	-2.332315351316052
0.31336862901899826	0.6443288716885717	-0.9996131946749154	5.092560827594266	-3.0785920509584095
0.3119263072420984	0.8381719619891826	-1.0003382670229999	5.274979774356666	-2.8917547757915827
0.30633011074735683	0.7352311222717148	-1.0024975074907452	5.785506130197925	-3.5028254529443554
0.30396353882056404	0.944297172295935	-1.0014113100908606	5.907521728031035	-2.604009818680887
0.29907015401973996	0.8628951488983699	-1.0003727082178113	5.981839504444445	-2.18933946231619
0.290563185326113	0.8485449719722088	-0.9999475806503888	5.540902024414402	-2.604299274925131
0.29784597620403225	0.9108997175815557	-0.999360152652291	5.96294995495086	-2.254824063694427
0.3024563373518825	0.69536212865494	-1.001919675140454	5.955817294186745	-2.8657950862582586
0.31770020405788735	0.7945538630331425	-0.9964841886878537	4.4190653528368635	-5.9726745818459825
0.3163101621755402	0.8118192105998802	-0.999852449284802	4.656061478227464	-3.4923802089988314
0.29873845347954814	0.9275890301421075	-1.0021880870725646	5.977972633382078	-3.045419254163508
0.3058088615950522	0.9445067438574729	-1.0005692169930576	5.817438952198632	-2.387995124289386
0.28753003105809033	0.7034851061991686	-1.0001421551776488	5.208667880284571	-2.940252316755272
0.3034306475467975	0.9236143213689935	-0.9984675304102928	5.927205381646347	-2.642118638649988
0.3262545611327823	0.896959955115351	-1.0017796269020343	2.5395012627797193	-6.187361368958467
0.2989737268749939	0.9738138465335529	-1.0009828412780066	5.980855036265818	-2.3428977022695863
0.31336862901899826	0.6443288716885717	-0.9996131946749154	5.092560827594266	-3.0785920509584095
0.30209957838163515	0.7978534644870379	-0.9993497409381271	5.964107229004728	-2.256266669739855
0.30464266856442734	0.7090372877812345	-1.0022560334840993	5.878143176400576	-3.2003639601529503
0.30396353882056404	0.944297172295935	-1.0014113100908606	5.907521728031035	-2.604009818680887
0.301932036530235	0.9027464035022653	-0.9991223004341768	5.967467174153049	-2.3152754267349644
0.2888618486746753	0.8378361469410796	-0.9998782093299573	5.365876701372728	-2.781336839598551
0.29650986048880756	0.90360549488381	-0.9989121664427724	5.92520497961991	-2.4326052084649303
0.3026978289196977	0.6788479229070365	-1.0019777257435156	5.949582543394639	-2.91367847455375
0.31770020405788735	0.7945538630331425	-0.9964841886878537	4.4190653528368635	-5.9726745818459825
0.3152717310865097	0.7526911417385956	-0.9997679867233151	4.820037974348893	-3.334041898765931
0.29873845347954814	0.9275890301421075	-1.0021880870725646	5.977972633382078	-3.045419254163508
0.3058088615950522	0.9445067438574729	-1.0005692169930576	5.817438952198632	-2.387995124289386
0.2915492458557768	0.6942833061061403	-1.0000598749438996	5.629093110469281	-2.5165840313759453
0.2991295250390934	0.9856999854495735	-0.9979951562479564	5.982179914538922	-2.8900145097326613
0.32164158850097446	0.8065217731118085	-1.0010040762872925	3.644327345063167	-4.687046100626511
0.2989737268749939	0.9738138465335529	-1.0009828412780066	5.980855036265818	-2.3428977022695863
0.31336862901899826	0.6443288716885717	-0.9996131946749154	5.092560827594266	-3.0785920509584095
0.29046767175355565	0.8377348667974337	-0.9989804014664481	5.53179112970197	-2.799731722480418
0.30312817296926725	0.7202682132079926	-1.0027147300088046	5.936873699170947	-3.558634841250777
0.30210176866258315	0.9758430092777752	-1.0016818653072608	5.963940926649583	-2.7013690687632437
0.301932036530235	0.9027464035022653	-0.9991223004341768	5.967467174153049	-2.3152754267349644
0.28888008394115944	0.8368620727232494	-0.9998794420174456	5.367906125260597	-2.7792800981569235
0.29650986048880756	0.90360549488381	-0.9989121664427724	5.92520497961991	-2.4326052084649303
0.3026978289196977	0.6788479229070365	-1.0019777257435156	5.949582543394639	-2.91367847455375
0.31559253621976985	0.8090155268549591	-0.9968368145254048	4.770033301808746	-5.192421087972014
0.3266944282579073	0.6707764631018409	-0.9998351576750197	2.4232056590178512	-5.7261105065783955
0.29873845347954814	0.9275890301421075	-1.0021880870725646	5.977972633382078	-3.045419254163508
0.3058088615950522	0.9445067438574729	-1.0005692169930576	5.817438952198632	-2.387995124289386
0.2915492458557768	0.6942833061061403	-1.0000598749438996	5.629093110469281	-2.5165840313759453
0.2991295250390934	0.9856999854495735	-0.9979951562479564	5.982179914538922	-2.8900145097326613
0.33037066482887145	0.7639052720087416	-1.001837487674737	1.3741142889642632	-7.391366840324411
0.2978656718998652	0.9747923570871424	-1.0002999181821604	5.96338823800933	-2.198753051552657
0.3075990474245571	0.728807068626814	-0.9996299976391495	5.69743506385956	-2.47128420547571
0.2970370160053883	0.8834563019708952	-0.9996607578309018	5.942267392726164	-2.222556735424776
0.30312817296926725	0.7202682132079926	-1.0027147300088046	5.936873699170947	-3.558634841250777
0.3040709430047788	0.9693125538279794	-1.0041243881305408	5.902456104136899	-5.3517243607566805
0.301932036530235	0.9027464035022653	-0.9991223004341768	5.967467174153049	-2.3152754267349644
0.28888008394115944	0.8368620727232494	-0.9998794420174456	5.367906125260597	-2.7792800981569235
0.29650986048880756	0.90360549488381	-0.9989121664427724	5.92520497961991	-2.4326052084649303
0.3026978289196977	0.6788479229070365	-1.0019777257435156	5.949582543394639	-2.91367847455375
0.31559253621976985	0.8090155268549591	-0.9968368145254048	4.770033301808746	-5.192421087972014
0.3266944282579073	0.6707764631018409	-0.9998351576750197	2.4232056590178512	-5.7261105065783955
0.2985609403202205	0.9012116088840378	-1.0040913203283501	5.974978108838961	-5.2302704593680645
0.3097873222300822	0.9721961026490977	-1.0009812476174256	5.5071629932286115	-2.8159702518819003
0.29292950904641163	0.7418633824824655	-0.9999594905172919	5.736210224075471	-2.4088249794708148
0.30500349472399757	0.91859105317256	-0.9983872531298846	5.860864672861544	-2.754419974931034
0.3353850853502236	0.7550879435730393	-1.0020741308866563	-0.27456690940954176	-9.209524897969741
0.2978656718998652	0.9747923570871424	-1.0002999181821604	5.96338823800933	-2.198753051552657
0.3078945158279245	0.719738164663717	-0.9996564681163278	5.6745467162557475	-2.4907469176820882
0.2970370160053883	0.8834563019708952	-0.9996607578309018	5.942267392726164	-2.222556735424776
0.3030460582398092	0.712364732410382	-1.0025741008867934	5.939445863979938	-3.419530351144192
0.3040709430047788	0.9693125538279794	-1.0041243881305408	5.902456104136899	-5.3517243607566805
0.301932036530235	0.9027464035022653	-0.9991223004341768	5.967467174153049	-2.3152754267349644
0.28841345541614966	0.8409630268159992	-0.9997906797009893	5.314927250033119	-2.8373834491913534
0.29650986048880756	0.90360549488381	-0.9989121664427724	5.92520497961991	-2.4326052084649303
0.3028706658031264	0.6283147547494823	-1.0026221860673845	5.944622113995458	-3.459977180070971
0.31559253621976985	0.8090155268549591	-0.9968368145254048	4.770033301808746	-5.192421087972014
0.31837273213574496	0.8191355401334671	-1.0003992644011308	4.298375116487974	-3.876668879935509
0.2985609403202205	0.9012116088840378	-1.0040913203283501	5.974978108838961	-5.2302704593680645
0.3097873222300822	0.9721961026490977	-1.0009812476174256	5.5071629932286115	-2.8159702518819003
0.2887012449367312	0.6663006135981346	-1.0003526979568444	5.347853968059107	-2.8206473308155093
0.3082281430455477	0.8817500891505226	-0.9986025035686883	5.647560178046503	-2.8497907903740023
0.3353850853502236	0.7550879435730393	-1.0020741308866563	-0.27456690940954176	-9.209524897969741
0.29774685682755886	0.9811886492678067	-1.0002668446388714	5.960782686669599	-2.197749135594595
0.30768708097761494	0.6190062173612769	-1.000311777295623	5.690708587714103	-2.472765465430352
0.29970681531983095	0.8074408343972019	-1.0009551473508824	5.985694116143731	-2.3282507376985278
0.29740770774676345	0.761917246437098	-1.0015015709750297	5.952456886349651	-2.607413896889952
0.3040709430047788	0.9693125538279794	-1.0041243881305408	5.902456104136899	-5.3517243607566805
0.301932036530235	0.9027464035022653	-0.9991223004341768	5.967467174153049	-2.3152754267349644
0.28841345541614966	0.8409630268159992	-0.9997906797009893	5.314927250033119	-2.8373834491913534
0.29650986048880756	0.90360549488381	-0.9989121664427724	5.92520497961991	-2.4326052084649303
0.30394017394299816	0.6477775334143444	-1.001990825761332	5.908346494884247	-2.9644217135002666
0.31559253621976985	0.8090155268549591	-0.9968368145254048	4.770033301808746	-5.192421087972014
0.31837273213574496	0.8191355401334671	-1.0003992644011308	4.298375116487974	-3.876668879935509
0.30041380403978574	0.9176791611846918	-1.0038930665214514	5.984555550486517	-4.931942656069326
0.3099809835817115	0.9829410565183917	-1.0009478097331228	5.488024434293771	-2.823307635043597
0.2900536976507006	0.6629316055434804	-1.0003497829806902	5.491518748225183	-2.6767412933991244
0.3082281430455477	0.8817500891505226	-0.9986025035686883	5.647560178046503	-2.8497907903740023
0.3353850853502236	0.7550879435730393	-1.0020741308866563	-0.27456690940954176	-9.209524897969741
0.29774685682755886	0.9811886492678067	-1.0002668446388714	5.960782686669599	-2.197749135594595
0.30768708097761494	0.6190062173612769	-1.000311777295623	5.690708587714103	-2.472765465430352
0.29952341181778236	0.8038093447028943	-1.000998736440599	5.984983962549218	-2.3444196129605688
0.30197833835257026	0.7743915312043562	-1.0012612547192425	5.9665208663906615	-2.472161313507362
0.30230409654553114	0.9344793663876954	-1.003690807887177	5.958944110151609	-4.677589321557203
0.2947064494872592	0.952324429432633	-1.0003311857417896	5.846055648395786	-2.319722683062783
0.2884520822530395	0.8175200031349612	-0.9998661132590082	5.319396600014456	-2.828328959756605
0.2958897598172892	0.9241406220432955	-0.9984828114009711	5.901584052890152	-2.659050198793798
0.30394017394299816	0.6477775334143444	-1.001990825761332	5.908346494884247	-2.9644217135002666
0.31559253621976985	0.8090155268549591	-0.9968368145254048	4.770033301808746	-5.192421087972014
0.3227361579540811	0.8709425684309599	-0.9999180842916989	3.401504789676459	-4.744358419243305
0.30041380403978574	0.9176791611846918	-1.0038930665214514	5.984555550486517	-4.931942656069326
0.3099809835817115	0.9829410565183917	-1.0009478097331228	5.488024434293771	-2.823307635043597
0.2900536976507006	0.6629316055434804	-1.0003497829806902	5.491518748225183	-2.6767412933991244
0.3092855102048172	0.8768884852702779	-0.9978866314371907	5.554842702597318	-3.398878496587338
0.3346342586947233	0.7585787456128446	-1.0021131830834322	-0.011713136052035056	-8.976280383830213
0.29774685682755886	0.9811886492678067	-1.0002668446388714	5.960782686669599	-2.197749135594595
0.30768708097761494	0.6190062173612769	-1.000311777295623	5.690708587714103	-2.472765465430352
0.29903243524404527	0.6911207188498459	-0.9995681520885522	5.981479285334494	-2.196138834531162
0.30197833835257026	0.7743915312043562	-1.0012612547192425	5.9665208663906615	-2.472161313507362
0.3001151326218955	0.9396207211940947	-1.0027228645730302	5.985732540572979	-3.5175506434487325
0.2923137517820621	0.9687418122924953	-1.000731498835268	5.690750704884188	-2.553601870507343
0.2884520822530395	0.8175200031349612	-0.9998661132590082	5.319396600014456	-2.828328959756605
0.2958897598172892	0.9241406220432955	-0.9984828114009711	5.901584052890152	-2.659050198793798
0.30394017394299816	0.6477775334143444	-1.001990825761332	5.908346494884247	-2.9644217135002666
0.31559253621976985	0.8090155268549591	-0.9968368145254048	4.770033301808746	-5.192421087972014
0.32340553221515816	0.8650650395931204	-0.9998640456963538	3.2470739021975845	-4.900810291610256
0.30041380403978574	0.9176791611846918	-1.0038930665214514	5.984555550486517	-4.931942656069326
0.3099809835817115	0.9829410565183917	-1.0009478097331228	5.488024434293771	-2.823307635043597
0.2902215527315125	0.6645005513337011	-1.0003626131502659	5.508072788422465	-2.6617395444163083
0.3092855102048172	0.8768884852702779	-0.9978866314371907	5.554842702597318	-3.398878496587338
0.3202328855704508	0.8341094249237946	-1.0023675420900924	3.9390409624380496	-5.23334515111619
0.29916632206282323	0.9683578230018354	-0.9999740349164681	5.9826943895263	-2.1622028106408795
0.30768708097761494	0.6190062173612769	-1.000311777295623	5.690708587714103	-2.472765465430352
0.29903243524404527	0.6911207188498459	-0.9995681520885522	5.981479285334494	-2.196138834531162
0.2997419609530047	0.8293954176479822	-1.0002407130924982	5.985833699861739	-2.170235485723045
0.3001151326218955	0.9396207211940947	-1.0027228645730302	5.985732540572979	-3.5175506434487325
0.2923137517820621	0.9687418122924953	-1.000731498835268	5.690750704884188	-2.553601870507343
0.2876582113219928	0.8152577296244914	-0.9999415426641216	5.224570608024319	-2.9207533912017745
0.2958897598172892	0.9241406220432955	-0.9984828114009711	5.901584052890152	-2.659050198793798
0.3062023073804022	0.6245086830448443	-1.0022755427776286	5.793567528798654	-3.3009162379061436
0.31559253621976985	0.8090155268549591	-0.9968368145254048	4.770033301808746	-5.192421087972014
0.32340553221515816	0.8650650395931204	-0.9998640456963538	3.2470739021975845	-4.900810291610256
0.2991690058621203	0.822823957739171	-1.0021826958391313	5.9824785534079945	-3.0368044618729675
0.31036789438266843	0.9858169996657823	-1.000949689395017	5.4486582526020655	-2.863285572732245
0.29690626845414525	0.7389737011648108	-0.9994944180806157	5.93830086270731	-2.25164091607172
0.3092855102048172	0.8768884852702779	-0.9978866314371907	5.554842702597318	-3.398878496587338
0.31651233511437316	0.8389175643428398	-1.0007635677170839	4.62285431132052	-3.6304458339479204
0.29916632206282323	0.9683578230018354	-0.9999740349164681	5.9826943895263	-2.1622028106408795
0.30770779056202263	0.6189522728864121	-1.0003117170174907	5.689114482635278	-2.4743516915201953
0.2973749276808485	0.6861129198094191	-0.999717606495257	5.951710507041801	-2.2069481501811854
0.2997419609530047	0.8293954176479822	-1.0002407130924982	5.985833699861739	-2.170235485723045
0.2969929426652095	0.9065622694192992	-1.002109361400589	5.940735078400753	-3.021005195581534
0.2915648753683724	0.9857580833023872	-1.000751920032507	5.630384610808037	-2.6196183098195567
0.2906025654086215	0.8388995130558472	-1.0008536669122963	5.544574195894213	-2.7358472734663772
0.296835703402225	0.8963285359298464	-0.9988208887082849	5.93603613778489	-2.458973070685693
0.30637041835655504	0.6159943620953416	-1.0022285663003732	5.783010042174829	-3.273057238296496
0.31124182648481746	0.845728744731158	-0.9984913875990267	5.354162408607718	-3.201885962290052
0.32340553221515816	0.8650650395931204	-0.9998640456963538	3.2470739021975845	-4.900810291610256
0.2991690058621203	0.822823957739171	-1.0021826958391313	5.9824785534079945	-3.0368044618729675
0.304163359886306	0.9582769776778861	-0.9998228918319237	5.899500121670585	-2.2505375581506675
0.29690626845414525	0.7389737011648108	-0.9994944180806157	5.93830086270731	-2.25164091607172
0.3092855102048172	0.8768884852702779	-0.9978866314371907	5.554842702597318	-3.398878496587338
0.31651233511437316	0.8389175643428398	-1.0007635677170839	4.62285431132052	-3.6304458339479204
0.29916632206282323	0.9683578230018354	-0.9999740349164681	5.9826943895263	-2.1622028106408795
0.30770779056202263	0.6189522728864121	-1.0003117170174907	5.689114482635278	-2.4743516915201953
0.2973749276808485	0.6861129198094191	-0.999717606495257	5.951710507041801	-2.2069481501811854
0.2952015191045211	0.9640932120515381	-0.9988856270806321	5.8709803318787035	-2.4976271631013933
0.2962283681108248	0.9359842928369324	-1.0020835948485194	5.914826413838401	-3.026506749691234
0.2915648753683724	0.9857580833023872	-1.000751920032507	5.630384610808037	-2.6196183098195567
0.2906025654086215	0.8388995130558472	-1.0008536669122963	5.544574195894213	-2.7358472734663772
0.2957645753710414	0.9209973541448722	-0.9982975993333013	5.89633050041081	-2.7727069869470444
0.3073756792593903	0.6029317708750169	-1.0025189814286435	5.71384903169136	-3.593987627561283
0.31124182648481746	0.845728744731158	-0.9984913875990267	5.354162408607718	-3.201885962290052
0.31688402985119635	0.8600889535400467	-1.0001015711453496	4.560816681834928	-3.5862245942623696
0.2974408690198488	0.8212203466854737	-1.0023241016532023	5.953153688457685	-3.182504747065825
0.30919678420235536	0.9806188014552673	-1.0007370055751328	5.5632381605658985	-2.6826308426703953
0.2884839744700591	0.6960402249006401	-0.998949221966914	5.323020090995261	-3.0202156215031657
0.30800308521542846	0.8973146455689751	-0.9974901953279818	5.665607696948621	-3.62111451235595
0.3200575165763649	0.8422072877262844	-1.0004734811577332	3.9746384524741556	-4.2125341801902865
0.29891770539959556	0.9291867801813467	-0.9999384467851891	5.980312520300019	-2.1650670602573276
0.3077207095291166	0.6311304626755614	-1.000188277106062	5.6881209671718596	-2.4636944360809805
0.29731920242710597	0.677333072665653	-0.9997096297264435	5.950231923871294	-2.2092355274031013
0.2952015191045211	0.9640932120515381	-0.9988856270806321	5.8709803318787035	-2.4976271631013933
0.2960104556668037	0.9366999446246346	-1.0021686040174866	5.906352055648327	-3.101481447538376
0.29193798324047204	0.9800046395239679	-1.0005338743690195	5.661174695503612	-2.5370383378745123
0.28797389590685446	0.8380297245028987	-1.0011545328959437	5.262966972144006	-3.1279532124086638
0.2863646356095242	0.9391871531345831	-0.9989177360255712	5.056495142679459	-3.298738109369033
0.3073756792593903	0.6029317708750169	-1.0025189814286435	5.71384903169136	-3.593987627561283
0.3116498824431536	0.8188135597305298	-0.9980433099220245	5.307379281250697	-3.5308526064176746
0.32249726853706717	0.9429887678906488	-1.0001565846764995	3.455532833667644	-4.694247901705853
0.29628925101145215	0.8049254312565847	-1.0029026654117248	5.916899954145589	-3.7708421375697467
0.30919678420235536	0.9806188014552673	-1.0007370055751328	5.5632381605658985	-2.6826308426703953
0.2884839744700591	0.6960402249006401	-0.998949221966914	5.323020090995261	-3.0202156215031657
0.30379533670585307	0.9111334192356423	-0.99913166745973	5.914108914126251	-2.3658640712605976
0.3200575165763649	0.8422072877262844	-1.0004734811577332	3.9746384524741556	-4.2125341801902865
0.29876160391850315	0.904592057845244	-0.9999161017020806	5.978501041530701	-2.1673888441928897
0.30284688211108796	0.6527795895901278	-0.9999639976146889	5.9456457641695035	-2.199345216455649
0.29731920242710597	0.677333072665653	-0.9997096297264435	5.950231923871294	-2.2092355274031013
0.2952015191045211	0.9640932120515381	-0.9988856270806321	5.8709803318787035	-2.4976271631013933
0.29632776663430055	0.9366181248795044	-1.002275545268888	5.9184841229759355	-3.1760019683100085
0.29193798324047204	0.9800046395239679	-1.0005338743690195	5.661174695503612	-2.5370383378745123
0.2948275541172448	0.8389221297205115	-1.0010090475754005	5.852347626849628	-2.481194798335814
0.2863646356095242	0.9391871531345831	-0.9989177360255712	5.056495142679459	-3.298738109369033
0.3073756792593903	0.6029317708750169	-1.0025189814286435	5.71384903169136	-3.593987627561283
0.3116498824431536	0.8188135597305298	-0.9980433099220245	5.307379281250697	-3.5308526064176746
0.31920044329221486	0.9294310918669452	-1.0003314632448201	4.142878911268325	-4.022923049706606
0.29930671182711294	0.8476212457043248	-1.0013867170174013	5.983670126092612	-2.5157097769854673
0.30919678420235536	0.9806188014552673	-1.0007370055751328	5.5632381605658985	-2.6826308426703953
0.29508121176041463	0.7866813509259092	-0.9995186489466268	5.865185544079009	-2.3206111675148575
0.3017442746325467	0.9154917675275088	-0.9984080490981936	5.970830332397836	-2.6317556911116666
0.30767403051970144	0.9028914948305906	-1.0005000775624795	5.6917032917852834	-2.5000851469223067
0.2946321059852838	0.8992257542524162	-1.0005596240580295	5.842082428029808	-2.361534381070105
0.3029494277776498	0.6483148102959371	-0.9999276369771403	5.942673634852039	-2.202913816903962
0.2971756049039671	0.6759153976151847	-0.9997263267287074	5.94627973460481	-2.211419399596001
0.29380054692882	0.9709676818417453	-0.998704284275737	5.793919481879535	-2.653982698374924
0.2969081371862691	0.9494163406031754	-1.0028628503649035	5.9379616438450045	-3.7083472774325186
0.29193798324047204	0.9800046395239679	-1.0005338743690195	5.661174695503612	-2.5370383378745123
0.2948275541172448	0.8389221297205115	-1.0010090475754005	5.852347626849628	-2.481194798335814
0.2863646356095242	0.9391871531345831	-0.9989177360255712	5.056495142679459	-3.298738109369033
0.30128055368846585	0.6940277670300468	-1.0010315316278335	5.977917226130076	-2.3637682962176125
0.31087885625462025	0.8173182813851406	-0.9981119650994201	5.394243716917512	-3.3958452346701646
0.3143718327048196	0.9337491536540293	-1.0008794378101329	4.953382970730546	-3.3347843941647977
0.29600487467072145	0.8562674784025665	-1.0023210898666592	5.906095012858584	-3.226462476119325
0.30919678420235536	0.9806188014552673	-1.0007370055751328	5.5632381605658985	-2.6826308426703953
0.2900606502685188	0.6896237919990915	-1.0003554765346223	5.492209834148444	-2.676632071743451
0.3017442746325467	0.9154917675275088	-0.9984080490981936	5.970830332397836	-2.6317556911116666
0.3139362089318571	0.8742457777717407	-1.000556207572495	5.015064452445202	-3.18777836053998
0.29477403919356776	0.9023317964443837	-1.000702139990467	5.849591535970115	-2.387272270873643
0.3046177374147236	0.6026173147491389	-0.9988241156893443	5.879482888397961	-2.5144756205703924
0.29639330823416865	0.7302241137646893	-1.0001536889699005	5.921127209266704	-2.2284389568361824
0.29380054692882	0.9709676818417453	-0.998704284275737	5.793919481879535	-2.653982698374924
0.29692272607240267	0.9493532946806184	-1.0028596485661947	5.938412564126796	-3.7041923084575465
0.2932158030423137	0.9690292293744983	-1.0003704836097527	5.756036013041601	-2.414868887837067
0.2993388016391892	0.9802133697895083	-1.0016275666040386	5.9838511527360305	-2.648420576673664
0.2863646356095242	0.9391871531345831	-0.9989177360255712	5.056495142679459	-3.298738109369033
0.30128055368846585	0.6940277670300468	-1.0010315316278335	5.977917226130076	-2.3637682962176125
0.31087885625462025	0.8173182813851406	-0.9981119650994201	5.394243716917512	-3.3958452346701646
0.3143718327048196	0.9337491536540293	-1.0008794378101329	4.953382970730546	-3.3347843941647977
0.29600487467072145	0.8562674784025665	-1.0023210898666592	5.906095012858584	-3.226462476119325
0.3074907217618714	0.8397829094398563	-1.000024300565055	5.70561492565551	-2.4394204380782583
0.2881149434285279	0.6888600738082874	-1.0002382380014694	5.279893831347527	-2.8759813075908998
0.30067510717421897	0.9295779403492163	-0.9981073339895442	5.983711560035488	-2.809217273478964
0.3139362089318571	0.8742457777717407	-1.000556207572495	5.015064452445202	-3.18777836053998
0.29477403919356776	0.9023317964443837	-1.000702139990467	5.849591535970115	-2.387272270873643
0.3046177374147236	0.6026173147491389	-0.9988241156893443	5.879482888397961	-2.5144756205703924
0.3031403118454674	0.8066032505155807	-1.0004260489210153	5.9368526494321845	-2.242237146365879
0.29380054692882	0.9709676818417453	-0.998704284275737	5.793919481879535	-2.653982698374924
0.29692272607240267	0.9493532946806184	-1.0028596485661947	5.938412564126796	-3.7041923084575465
0.2932158030423137	0.9690292293744983	-1.0003704836097527	5.756036013041601	-2.414868887837067
0.2993388016391892	0.9802133697895083	-1.0016275666040386	5.9838511527360305	-2.648420576673664
0.2863646356095242	0.9391871531345831	-0.9989177360255712	5.056495142679459	-3.298738109369033
0.30128055368846585	0.6940277670300468	-1.0010315316278335	5.977917226130076	-2.3637682962176125
0.31087885625462025	0.8173182813851406	-0.9981119650994201	5.394243716917512	-3.3958452346701646
0.3150127131951697	0.9555057521879158	-1.001014480149727	4.859210271849429	-3.476014244840348
0.2959536423666467	0.8510716473171982	-1.0022910287881381	5.904042026619867	-3.2033999053431
0.3131131033375939	0.7859069833569365	-1.000566414552292	5.126386080765919	-3.078696056371732
0.2885772897120746	0.6906549770380743	-1.000244307696566	5.33377498182834	-2.822616001783005
0.30031266967746156	0.9292795862277947	-0.9985279915782388	5.985572365674548	-2.5505109749702886
0.31350696596872757	0.8715563228241192	-1.0005510324874798	5.073963687508317	-3.1279421404609957
0.28214365328677615	0.9230816831520847	-1.0008040218853276	4.391891605476352	-3.87309822880247
0.3046177374147236	0.6026173147491389	-0.9988241156893443	5.879482888397961	-2.5144756205703924
0.30591418902749523	0.7612055663115914	-1.0004415792965815	5.81127160887177	-2.3703298707777734
0.29380054692882	0.9709676818417453	-0.998704284275737	5.793919481879535	-2.653982698374924
0.2966954332782256	0.9263019213958623	-1.0027262821940113	5.931197080926893	-3.57539238019109
0.2932158030423137	0.9690292293744983	-1.0003704836097527	5.756036013041601	-2.414868887837067
0.2993388016391892	0.9802133697895083	-1.0016275666040386	5.9838511527360305	-2.648420576673664
0.2863646356095242	0.9391871531345831	-0.9989177360255712	5.056495142679459	-3.298738109369033
0.3012367961016385	0.7004769897133154	-1.0010449633387635	5.978466597346145	-2.368371891828698
0.3049952426658794	0.8483764840665499	-0.9990582402497932	5.861362925723788	-2.442667366012338
0.3147448863623359	0.9528224532300862	-1.001006677254154	4.899060478604557	-3.4333674254052617
0.2961701806684459	0.8417422705798496	-1.0024429265228811	5.912533542688718	-3.3262871442476607
0.3172206295394539	0.7399002043245119	-1.0012205233113158	4.503344625217018	-3.916367858665886
0.2885772897120746	0.6906549770380743	-1.000244307696566	5.33377498182834	-2.822616001783005
0.30346983931653787	0.9934767723003624	-0.9980662509992527	5.9257836240774004	-2.8962920930737646
0.31350696596872757	0.8715563228241192	-1.0005510324874798	5.073963687508317	-3.1279421404609957
0.2800117810520597	0.9149473670954389	-1.0017567196565267	3.9883707309986787	-4.723676790026264
0.3046177374147236	0.6026173147491389	-0.9988241156893443	5.879482888397961	-2.5144756205703924
0.3111537201370084	0.670476855576631	-1.0011930140206693	5.364070989154041	-3.0435794070737954
0.29380054692882	0.9709676818417453	-0.998704284275737	5.793919481879535	-2.653982698374924
0.2966954332782256	0.9263019213958623	-1.0027262821940113	5.931197080926893	-3.57539238019109
0.2932158030423137	0.9690292293744983	-1.0003704836097527	5.756036013041601	-2.414868887837067
0.299227246892664	0.9817125495383368	-1.001630105920019	5.983050918660243	-2.650524613925139
0.2863646356095242	0.9391871531345831	-0.9989177360255712	5.056495142679459	-3.298738109369033
0.30003502341172905	0.7352617061353969	-1.0018343748683847	5.985995137995522	-2.777106760138233
0.30515133133289757	0.8335699698634804	-0.9992932088582631	5.853463467557891	-2.380415048102872
0.3012255242404769	0.9463270715917452	-1.0000115784734396	5.978659962727219	-2.1662456677719053
0.2862547705760687	0.8897130220714007	-1.0030187161041475	5.041057225821849	-4.7728505166784565
0.3172206295394539	0.7399002043245119	-1.0012205233113158	4.503344625217018	-3.916367858665886
0.2885772897120746	0.6906549770380743	-1.000244307696566	5.33377498182834	-2.822616001783005
0.30689150636805057	0.9519139626104527	-0.9989133156267196	5.748646173499489	-2.6083578021601195
0.31648215993617285	0.8354167982012234	-1.0012875686646516	4.6277786452890375	-3.822786704021599
0.2800117810520597	0.9149473670954389	-1.0017567196565267	3.9883707309986787	-4.723676790026264
0.3046177374147236	0.6026173147491389	-0.9988241156893443	5.879482888397961	-2.5144756205703924
0.31711794950045713	0.6023042973337273	-1.0006954837233004	4.521024357368782	-3.7140352839328497
0.29380054692882	0.9709676818417453	-0.998704284275737	5.793919481879535	-2.653982698374924
0.2966954332782256	0.9263019213958623	-1.0027262821940113	5.931197080926893	-3.57539238019109
0.29383611038291535	0.9631083194191468	-1.000392449436781	5.7961941408642135	-2.377949136244456
0.2998566614298746	0.9838994846226936	-1.0016259586083156	5.985934600952029	-2.645099728581548
0.2863646356095242	0.9391871531345831	-0.9989177360255712	5.056495142679459	-3.298738109369033
0.30003502341172905	0.7352617061353969	-1.0018343748683847	5.985995137995522	-2.777106760138233
0.30502368997620904	0.8248894707843551	-0.9993210739215421	5.859959165833938	-2.3671089529171114
0.3012255242404769	0.9463270715917452	-1.0000115784734396	5.978659962727219	-2.1662456677719053
0.2863337036288534	0.8829478424299269	-1.0029244251586449	5.051903622104758	-4.658494072155124
0.3172206295394539	0.7399002043245119	-1.0012205233113158	4.503344625217018	-3.916367858665886
0.2885772897120746	0.6906549770380743	-1.000244307696566	5.33377498182834	-2.822616001783005
0.30452730727981275	0.9608315044851499	-0.9982708732693277	5.88353746775849	-2.80205721389191
0.3158425105153816	0.918151596868273	-1.0013456421740248	4.7311532829573455	-3.7470520626136956
0.27750145244292224	0.9250941882622972	-1.0012492663322965	3.455168273541358	-4.977629452702376
0.3046177374147236	0.6026173147491389	-0.9988241156893443	5.879482888397961	-2.5144756205703924
0.31711794950045713	0.6023042973337273	-1.0006954837233004	4.521024357368782	-3.7140352839328497
0.28720658609651034	0.9928504717888101	-0.9975433047367931	5.16751055363943	-4.071504213470917
0.2966954332782256	0.9263019213958623	-1.0027262821940113	5.931197080926893	-3.57539238019109
0.2887904939049681	0.9734159744073219	-1.0001739018800364	5.357902871184273	-2.792905444539861
0.2992869767037033	0.991904720655463	-1.0016392603084048	5.9834931479270095	-2.6557610570018655
0.2793598069171452	0.9479240235956895	-0.9963353397448111	3.8554101785233197	-6.730838204402668
0.30003502341172905	0.7352617061353969	-1.0018343748683847	5.985995137995522	-2.777106760138233
0.30092326499131566	0.878259791722	-0.9990957270945968	5.981866541054936	-2.309493989947347
0.3013684628748859	0.9429664075929747	-0.9998915614945785	5.976805476605077	-2.1699014509626435
0.2938962054884768	0.9153216013853631	-1.0009900917801688	5.799838966469093	-2.526615810801463
0.3172206295394539	0.7399002043245119	-1.0012205233113158	4.503344625217018	-3.916367858665886
0.2914921409925958	0.6289571190400565	-0.9999798306285984	5.624251172960734	-2.520619901745582
0.3029525150689525	0.9207374093530071	-0.998477334213421	5.942466866033415	-2.620845452142616
0.30809812889484106	0.9195539075997399	-1.001326175541259	5.658183122684643	-2.8107609500387456
0.2793823319487744	0.8852821273729694	-1.001078605996988	3.8606701688527716	-4.499224702858959
0.30483292333109424	0.6049613278615993	-0.9988650327395759	5.869319370594967	-2.5073828039493673
0.31711794950045713	0.6023042973337273	-1.0006954837233004	4.521024357368782	-3.7140352839328497
0.28720970794300255	0.992812166833715	-0.9975484895843076	5.167911168067883	-4.0666735583253395
0.2966954332782256	0.9263019213958623	-1.0027262821940113	5.931197080926893	-3.57539238019109
0.2887904939049681	0.9734159744073219	-1.0001739018800364	5.357902871184273	-2.792905444539861
0.30314283476547477	0.9377220254289526	-1.0015492289890313	5.9366624604118465	-2.6500590455579163
0.2793598069171452	0.9479240235956895	-0.9963353397448111	3.8554101785233197	-6.730838204402668
0.29900482671494377	0.7458581618985414	-1.001560371071554	5.981095930519759	-2.6122611780136236
0.29684790024658175	0.9123022148009371	-0.9986359224517206	5.936397818094871	-2.5439424280162832
0.3013684628748859	0.9429664075929747	-0.9998915614945785	5.976805476605077	-2.1699014509626435
0.30256287685274136	0.7984992772677585	-1.0008801400380074	5.953289096614342	-2.3352285759542175
0.3172206295394539	0.7399002043245119	-1.0012205233113158	4.503344625217018	-3.916367858665886
0.2914921409925958	0.6289571190400565	-0.9999798306285984	5.624251172960734	-2.520619901745582
0.3029525150689525	0.9207374093530071	-0.998477334213421	5.942466866033415	-2.620845452142616
0.3057759392229425	0.921846344520987	-1.000922892867008	5.819319561652428	-2.4833248252351225
0.2793823319487744	0.8852821273729694	-1.001078605996988	3.8606701688527716	-4.499224702858959
0.30483292333109424	0.6049613278615993	-0.9988650327395759	5.869319370594967	-2.5073828039493673
0.31711794950045713	0.6023042973337273	-1.0006954837233004	4.521024357368782	-3.7140352839328497
0.2940604778618571	0.9686940978628364	-0.9986821942523961	5.809693071003385	-2.648041029517226
0.29621510437536047	0.9296698023002175	-1.0024640941845981	5.914238755295649	-3.3437461399634927
0.28918492587285183	0.9771109370243334	-1.0001359726621017	5.401339451443465	-2.7473086056894944
0.30314283476547477	0.9377220254289526	-1.0015492289890313	5.9366624604118465	-2.6500590455579163
0.2793598069171452	0.9479240235956895	-0.9963353397448111	3.8554101785233197	-6.730838204402668
0.29900482671494377	0.7458581618985414	-1.001560371071554	5.981095930519759	-2.6122611780136236
0.3008635654451446	0.9185146450463495	-0.9980743032054082	5.98225537595278	-2.8342141890811323
0.3013684628748859	0.9429664075929747	-0.9998915614945785	5.976805476605077	-2.1699014509626435
0.3090501194551979	0.8978477872188133	-1.0014077043869263	5.576547125401448	-2.9330790619826805
0.31522620310665533	0.756775092184153	-1.0011433696750731	4.826917847813957	-3.5591949688178373
0.2914921409925958	0.6289571190400565	-0.9999798306285984	5.624251172960734	-2.520619901745582
0.3029525150689525	0.9207374093530071	-0.998477334213421	5.942466866033415	-2.620845452142616
0.3049430999516392	0.9268677520391486	-1.0011210002067974	5.863935500017594	-2.5131755996428025
0.28122349014179504	0.9025297422955529	-1.0009015572381614	4.223342265201233	-4.072185308473684
0.3038772421882107	0.6982009780123921	-0.9991482035784942	5.910968204962865	-2.364000828934058
0.31711794950045713	0.6023042973337273	-1.0006954837233004	4.521024357368782	-3.7140352839328497
0.2937120954865672	0.9719410247528927	-0.998694686990166	5.7883956097973295	-2.6636764741527132
0.29621510437536047	0.9296698023002175	-1.0024640941845981	5.914238755295649	-3.3437461399634927
0.28918492587285183	0.9771109370243334	-1.0001359726621017	5.401339451443465	-2.7473086056894944
0.30780025352816176	0.9357241730956973	-1.002570262380888	5.681619429796924	-3.674258900970231
0.28908888343590716	0.9437506264386314	-0.9984682190291841	5.390789876727022	-3.1780872987233026
0.29900482671494377	0.7458581618985414	-1.001560371071554	5.981095930519759	-2.6122611780136236
0.3010792933073614	0.9032786744006542	-0.9984305046520177	5.980221981751312	-2.6094806505268924
0.3013684628748859	0.9429664075929747	-0.9998915614945785	5.976805476605077	-2.1699014509626435
0.30139560555123635	0.9283896935809705	-1.0009176770368566	5.976388836919847	-2.3244020951096385
0.31522620310665533	0.756775092184153	-1.0011433696750731	4.826917847813957	-3.5591949688178373
0.2970726846814132	0.7339310664367158	-1.0008662616938138	5.943286122411981	-2.340839891105399
0.3066569222619028	0.9002103067142941	-0.9983901992968295	5.764466874829973	-2.848725184269701
0.3049430999516392	0.9268677520391486	-1.0011210002067974	5.863935500017594	-2.5131755996428025
0.2854974576632372	0.9080088202036747	-1.0009049726209647	4.934509897830035	-3.3622910098712193
0.3038772421882107	0.6982009780123921	-0.9991482035784942	5.910968204962865	-2.364000828934058
0.31239521037772283	0.6656742355232346	-1.0006008851286923	5.217945263063321	-2.9944107008224634
0.2937120954865672	0.9719410247528927	-0.998694686990166	5.7883956097973295	-2.6636764741527132
0.29621510437536047	0.9296698023002175	-1.0024640941845981	5.914238755295649	-3.3437461399634927
0.29756400277702183	0.9062153748717741	-1.0004601140999019	5.956488520149222	-2.228225826974878
0.30780025352816176	0.9357241730956973	-1.002570262380888	5.681619429796924	-3.674258900970231
0.28908888343590716	0.9437506264386314	-0.9984682190291841	5.390789876727022	-3.1780872987233026
0.29771975413123053	0.6477452526375489	-1.0019058269000765	5.9599903028314	-2.851953559755813
0.3067005081719151	0.8843050495761186	-0.9984128238037557	5.761559512526854	-2.8385516665269295
0.3055368759780467	0.9537216740342656	-0.9978107089836625	5.832644890011191	-3.1807930404833558
0.3010294493783949	0.9288359324652896	-1.0009335584476344	5.980827111068109	-2.3254006884368863
0.31522620310665533	0.756775092184153	-1.0011433696750731	4.826917847813957	-3.5591949688178373
0.2903628570482271	0.7691637372468622	-1.0025604018059482	5.521469113515332	-3.825239955349252
0.30654815866418905	0.904655706872237	-0.9983482979249159	5.771641202306041	-2.8664581365532786
0.3042943871904069	0.9248569139079964	-1.0007919472379863	5.893929352023211	-2.367589286557826
0.28030089167420275	0.8675654157700774	-1.0023031955715176	4.045629938100751	-5.072608578051154
0.3038772421882107	0.6982009780123921	-0.9991482035784942	5.910968204962865	-2.364000828934058
0.31239521037772283	0.6656742355232346	-1.0006008851286923	5.217945263063321	-2.9944107008224634
0.2937120954865672	0.9719410247528927	-0.998694686990166	5.7883956097973295	-2.6636764741527132
0.30052377789346907	0.9110284688322496	-1.00079934175891	5.984765853979443	-2.278946973136808
0.2958108283468962	0.9013595051964108	-1.0003736760397517	5.898416740365279	-2.272987368039834
0.30780025352816176	0.9357241730956973	-1.002570262380888	5.681619429796924	-3.674258900970231
0.28908888343590716	0.9437506264386314	-0.9984682190291841	5.390789876727022	-3.1780872987233026
0.29771975413123053	0.6477452526375489	-1.0019058269000765	5.9599903028314	-2.851953559755813
0.3067005081719151	0.8843050495761186	-0.9984128238037557	5.761559512526854	-2.8385516665269295
0.3055368759780467	0.9537216740342656	-0.9978107089836625	5.832644890011191	-3.1807930404833558
0.3057973732012559	0.9539394054616365	-1.001445087576581	5.818017423671855	-2.711571260767804
0.31522620310665533	0.756775092184153	-1.0011433696750731	4.826917847813957	-3.5591949688178373
0.2903628570482271	0.7691637372468622	-1.0025604018059482	5.521469113515332	-3.825239955349252
0.30654815866418905	0.904655706872237	-0.9983482979249159	5.771641202306041	-2.8664581365532786
0.3033850357090878	0.9330076948350325	-1.001777910610278	5.928719135684349	-2.797473737286947
0.28030089167420275	0.8675654157700774	-1.0023031955715176	4.045629938100751	-5.072608578051154
0.3038772421882107	0.6982009780123921	-0.9991482035784942	5.910968204962865	-2.364000828934058
0.31239521037772283	0.6656742355232346	-1.0006008851286923	5.217945263063321	-2.9944107008224634
0.29409693420231026	0.9709517082901682	-0.9988005540205988	5.8118666551581075	-2.5922744393774817
0.29819208694585897	0.9024771558577583	-1.000803914425061	5.969794455773446	-2.2952543088726074
0.29838772896200266	0.8647384532172997	-1.0004089800528866	5.973164065016247	-2.2032761329581962
0.3071995854343341	0.9411869602412374	-1.0022328200505368	5.726750091349969	-3.3323401355386872
0.28997507900702046	0.9397326599290109	-0.9986955986448363	5.4835892400280795	-2.9679361277683416
0.295736734900674	0.63149598462694	-1.0027939195811706	5.894902071883296	-3.6802146854201805
0.3061074585377196	0.8931760677346604	-0.9982228862980704	5.799506362144955	-2.916348811621658
0.3055368759780467	0.9537216740342656	-0.9978107089836625	5.832644890011191	-3.1807930404833558
0.30407310392188924	0.9534706838813448	-1.0025708569873548	5.902888174675235	-3.4536379132943065
0.31522620310665533	0.756775092184153	-1.0011433696750731	4.826917847813957	-3.5591949688178373
0.28467904998422433	0.6976505544080498	-1.0029019367442482	4.812090908977393	-4.8751944435209
0.30654815866418905	0.904655706872237	-0.9983482979249159	5.771641202306041	-2.8664581365532786
0.3033850357090878	0.9330076948350325	-1.001777910610278	5.928719135684349	-2.797473737286947
0.28030089167420275	0.8675654157700774	-1.0023031955715176	4.045629938100751	-5.072608578051154
0.2948891355619925	0.7102813218085469	-0.9987602934576558	5.855487997616249	-2.566276957308334
0.3186024824941124	0.6784097168743239	-0.9997837178179197	4.255905404132351	-3.8968486381652507
0.30017943084876253	0.9385657202668733	-0.9985796242482899	5.9859076672390135	-2.5231392151519625
0.29438697790192203	0.8950521081775922	-1.0011227823465811	5.828576400372807	-2.5491846283342205
0.29838772896200266	0.8647384532172997	-1.0004089800528866	5.973164065016247	-2.2032761329581962
0.30184918078005407	0.940735214631452	-1.001134061955369	5.9690078651377165	-2.4135219002297914
0.284218830524126	0.9392466480945788	-0.9975134965372289	4.740633832645451	-4.525239126402105
0.295736734900674	0.63149598462694	-1.0027939195811706	5.894902071883296	-3.6802146854201805
0.31410881886981556	0.9561987706286053	-0.9960185736295188	4.990083080446756	-6.038421462559664
0.3055368759780467	0.9537216740342656	-0.9978107089836625	5.832644890011191	-3.1807930404833558
0.30407310392188924	0.9534706838813448	-1.0025708569873548	5.902888174675235	-3.4536379132943065
0.31522620310665533	0.756775092184153	-1.0011433696750731	4.826917847813957	-3.5591949688178373
0.2914527685644684	0.7870002885989168	-1.0027863012454494	5.620505517956037	-3.946787172321063
0.3069577608784426	0.8847824023358721	-0.9985660388431704	5.744014523312355	-2.7715731269271124
0.3037143201200019	0.9343966815765313	-1.0018018850644332	5.917026308491729	-2.8246166844517964
0.2806128366429365	0.8686926863789642	-1.0023067078921684	4.106592957517941	-5.01402675301687
0.28962725067753775	0.6982518162260218	-0.9981437113127919	5.448027584832538	-3.320693518835675
0.30547592976946975	0.7754617056326558	-0.9989738868128506	5.836187838135787	-2.4979039220823562
0.3001440462331711	0.9703064976466715	-0.9981420812297039	5.9858931780559494	-2.7835800542729423
0.29218942172683676	0.8968474025145426	-1.0015697383941498	5.681020649012904	-2.9172912781566573
0.3055549518700594	0.798674843516328	-1.0001872907898006	5.831880312464876	-2.319914258964615
0.3014832625812804	0.9402597796844224	-1.0005742684035699	5.975152689115154	-2.231361010028971
0.28423161974059413	0.9325328408615043	-0.9976632379849686	4.742687414888408	-4.391884997930262
0.3004877067917189	0.6620354284049309	-1.0023915629788376	5.9846942495027236	-3.2093042623779127
0.31410881886981556	0.9561987706286053	-0.9960185736295188	4.990083080446756	-6.038421462559664
0.3055619394411844	0.9929243802824286	-0.9972034824851547	5.8311026405026976	-3.733749641902202
0.30407310392188924	0.9534706838813448	-1.0025708569873548	5.902888174675235	-3.4536379132943065
0.315269416125553	0.7561741949694191	-1.001143010394323	4.82032885003569	-3.565805372114159
0.2914527685644684	0.7870002885989168	-1.0027863012454494	5.620505517956037	-3.946787172321063
0.30528096830989	0.8742077230112186	-0.9990224405291684	5.846678605173992	-2.469604632015063
0.3034527442303221	0.9204905378309385	-1.0012412563130266	5.92648526828841	-2.502757484204018
0.2806128366429365	0.8686926863789642	-1.0023067078921684	4.106592957517941	-5.01402675301687
0.2899823376615046	0.7155145489618492	-0.9990467554674312	5.484356290352768	-2.8236367454107345
0.30235573455473774	0.8156668248669902	-0.9995722267343573	5.958412941789987	-2.218588240199921
0.3001440462331711	0.9703064976466715	-0.9981420812297039	5.9858931780559494	-2.7835800542729423
0.2963172701870791	0.8934751551752111	-1.000730184505303	5.918330364904783	-2.3258120780368827
0.3054329626142769	0.791186869775877	-1.0003282759967842	5.8385787156530995	-2.3268125134399753
0.3014832625812804	0.9402597796844224	-1.0005742684035699	5.975152689115154	-2.231361010028971
0.28205569951852916	0.93023668823416	-0.9971250429925018	4.375766650013935	-5.270026266403187
0.3004877067917189	0.6620354284049309	-1.0023915629788376	5.9846942495027236	-3.2093042623779127
0.31760924913499833	0.9572103153855044	-0.9952867389787103	4.434630500785316	-7.7533733484528415
0.3055619394411844	0.9929243802824286	-0.9972034824851547	5.8311026405026976	-3.733749641902202
0.3056748033516133	0.9510023295720859	-1.0015708201308817	5.825029178558667	-2.773553744853656
0.315269416125553	0.7561741949694191	-1.001143010394323	4.82032885003569	-3.565805372114159
0.29049614974223376	0.7809908864161366	-1.0030750766013983	5.534080864334815	-4.342523200964219
0.30528096830989	0.8742077230112186	-0.9990224405291684	5.846678605173992	-2.469604632015063
0.3046974467453493	0.9121939784468787	-1.0014496944157791	5.875734407428332	-2.6561022438372888
0.2806128366429365	0.8686926863789642	-1.0023067078921684	4.106592957517941	-5.01402675301687
0.28880574965169725	0.7347501047819972	-0.9994561284882448	5.35959852363681	-2.837625482419975
0.30235573455473774	0.8156668248669902	-0.9995722267343573	5.958412941789987	-2.218588240199921
0.2988512212362816	0.9649093879352859	-0.9983660509301786	5.979437565032264	-2.6480363779032023
0.2963172701870791	0.8934751551752111	-1.000730184505303	5.918330364904783	-2.3258120780368827
0.3025860948995993	0.8231319161471495	-1.0004537936539775	5.952719787167567	-2.231060123039228
0.3011440154189086	0.9358793600228518	-1.0008546361789694	5.979589141206831	-2.30081910709849
0.2865029373960982	0.9037841639594401	-0.9977344188244364	5.0750593801788835	-4.000671796704099
0.3004877067917189	0.6620354284049309	-1.0023915629788376	5.9846942495027236	-3.2093042623779127
0.3152184989295825	0.9362946873834421	-0.9956121195483553	4.827193294658841	-6.820848136201917
0.3055619394411844	0.9929243802824286	-0.9972034824851547	5.8311026405026976	-3.733749641902202
0.3073543181536183	0.9890859296436121	-1.0018627536167806	5.715566047675214	-3.066878727429309
0.30150922229746063	0.8008490092226979	-1.0016050497348081	5.974651948801932	-2.6439874830918937
0.29049614974223376	0.7809908864161366	-1.0030750766013983	5.534080864334815	-4.342523200964219
0.30684697688721035	0.8486386662625274	-0.9983183971612548	5.751622665874926	-2.904314733840259
0.3053991577414359	0.9138013968094273	-1.0010603521329713	5.840358778833423	-2.5125185623774193
0.2806128366429365	0.8686926863789642	-1.0023067078921684	4.106592957517941	-5.01402675301687
0.2829133622058539	0.6711682547124567	-0.9988864620753302	4.526341563873062	-3.841361069269409
0.3023878054829886	0.818304420298146	-0.9995238234224785	5.957650105420653	-2.2274028631409966
0.2988512212362816	0.9649093879352859	-0.9983660509301786	5.979437565032264	-2.6480363779032023
0.30148633410413955	0.8560272882433326	-1.0008427798501198	5.975088058510824	-2.3016342534627476
0.31095378551067293	0.7811704383319893	-1.0018686207626586	5.38606784550338	-3.4004918554625014
0.30150316335080696	0.9358899582066149	-1.0007208594045394	5.974846035540153	-2.2665174749493104
0.28957934210071196	0.8883569100415828	-0.9982545839423486	5.443066638619569	-3.252682752250764
0.3004877067917189	0.6620354284049309	-1.0023915629788376	5.9846942495027236	-3.2093042623779127
0.31252184231398283	0.9301174215495343	-0.9971083515420419	5.201768761528778	-4.461047327117872
0.3055619394411844	0.9929243802824286	-0.9972034824851547	5.8311026405026976	-3.733749641902202
0.2996114237292014	0.954226523232679	-1.0019912988913655	5.985216296595379	-2.887668278682188
0.30036132319251824	0.8717010358193902	-1.0002062377166163	5.985514618803209	-2.167704879890734
0.29049614974223376	0.7809908864161366	-1.0030750766013983	5.534080864334815	-4.342523200964219
0.3069181939592117	0.8406423186728925	-0.9983801859900618	5.746731289592547	-2.872066899272638
0.30534858905244033	0.8892215727270554	-1.0022585018145278	5.84287745196852	-3.2374177009936878
0.2806128366429365	0.8686926863789642	-1.0023067078921684	4.106592957517941	-5.01402675301687
0.2829133622058539	0.6711682547124567	-0.9988864620753302	4.526341563873062	-3.841361069269409
0.3001476763551813	0.7935881532124839	-1.000057763549893	5.9860603093894715	-2.1595408775118594
0.29841703376453255	0.9715011438790153	-0.9982403939284301	5.97348579656075	-2.731612623820796
0.30267850067778396	0.8526506461819052	-1.0003022979226117	5.950293119144108	-2.212023002016876
0.31095378551067293	0.7811704383319893	-1.0018686207626586	5.38606784550338	-3.4004918554625014
0.299768713133268	0.9115172498891672	-1.0022239517228018	5.985654751613374	-3.0666327710900356
0.29371907603625885	0.8819618990360255	-0.9990039200143543	5.788869879791876	-2.5342211354278126
0.3004877067917189	0.6620354284049309	-1.0023915629788376	5.9846942495027236	-3.2093042623779127
0.31252184231398283	0.9301174215495343	-0.9971083515420419	5.201768761528778	-4.461047327117872
0.3029662070557019	0.9324193658661237	-0.9987022181401805	5.942093384375992	-2.5063732332380386
0.2996114237292014	0.954226523232679	-1.0019912988913655	5.985216296595379	-2.887668278682188
0.2968459612012689	0.9006021519729617	-1.0000605059376848	5.936429530982324	-2.2092523866850646
0.29049614974223376	0.7809908864161366	-1.0030750766013983	5.534080864334815	-4.342523200964219
0.303879700394694	0.7562481083242361	-1.0002756167479157	5.910905343757724	-2.2485515798462874
0.30534858905244033	0.8892215727270554	-1.0022585018145278	5.84287745196852	-3.2374177009936878
0.28807108751882476	0.8853662297937337	-1.0022744871648643	5.274416088239408	-3.8194487289328807
0.28636271980142813	0.7296402628042427	-0.9995278354730408	5.056281314711429	-3.1280235187007417
0.3001476763551813	0.7935881532124839	-1.000057763549893	5.9860603093894715	-2.1595408775118594
0.2993166517545297	0.9886471294605228	-0.998094185332598	5.983653087149994	-2.8185094855915143
0.3047373942786379	0.8357237057262008	-1.0003876507903477	5.873947481337137	-2.299368930336886
0.31095378551067293	0.7811704383319893	-1.0018686207626586	5.38606784550338	-3.4004918554625014
0.299768713133268	0.9115172498891672	-1.0022239517228018	5.985654751613374	-3.0666327710900356
0.2955517022405335	0.8808572817487672	-0.9979427055582054	5.88702112994487	-3.0245857108444483
0.3004877067917189	0.6620354284049309	-1.0023915629788376	5.9846942495027236	-3.2093042623779127
0.31107269806137383	0.9141284162959865	-0.9974537585354493	5.372822138678705	-3.9485981546226387
0.30475867612478597	0.8984780373564364	-0.9994127812718048	5.872927284155477	-2.333104232038867
0.30067733543571634	0.9744841582233906	-1.0018645653066114	5.983701771098738	-2.800055818658705
0.29033321633871984	0.9557366831651444	-0.9992258066758435	5.518906017215131	-2.7333106646229046
0.29049614974223376	0.7809908864161366	-1.0030750766013983	5.534080864334815	-4.342523200964219
0.303879700394694	0.7562481083242361	-1.0002756167479157	5.910905343757724	-2.2485515798462874
0.30254043334049874	0.8868240527864887	-1.0010214325147133	5.9538483437435605	-2.3841573629243396
0.288423485557811	0.8963286513643175	-1.0017995588511548	5.315929163996265	-3.4237743608614943
0.2924906184487308	0.8127764926639243	-1.0007602340511186	5.704186563546921	-2.548354423438047
0.2976346179454408	0.8126865650494393	-1.0005190490998244	5.958180885831701	-2.237093854625834
0.2993166517545297	0.9886471294605228	-0.998094185332598	5.983653087149994	-2.8185094855915143
0.304757682005882	0.8358408338939833	-1.0003886001240985	5.872984276901965	-2.3005459180064154
0.31232186670942397	0.755265113550869	-1.0024109498201956	5.226736887774425	-3.9841946033323232
0.299768713133268	0.9115172498891672	-1.0022239517228018	5.985654751613374	-3.0666327710900356
0.2955517022405335	0.8808572817487672	-0.9979427055582054	5.88702112994487	-3.0245857108444483
0.3005391420674195	0.6617892495377636	-1.0024019910672948	5.98442766885158	-3.2181524068594323
0.31107269806137383	0.9141284162959865	-0.9974537585354493	5.372822138678705	-3.9485981546226387
0.30475867612478597	0.8984780373564364	-0.9994127812718048	5.872927284155477	-2.333104232038867
0.30067733543571634	0.9744841582233906	-1.0018645653066114	5.983701771098738	-2.800055818658705
0.2892975482925122	0.9760276415754161	-0.9990423665739754	5.41341130190578	-2.8960277611664242
0.29049614974223376	0.7809908864161366	-1.0030750766013983	5.534080864334815	-4.342523200964219
0.303879700394694	0.7562481083242361	-1.0002756167479157	5.910905343757724	-2.2485515798462874
0.3021973342871267	0.9202755461222056	-1.0012124987272186	5.961954620245166	-2.4541868525116968
0.2935320181930515	0.8500297332116769	-1.001295870978621	5.776911610395511	-2.677561605691115
0.2871860664566216	0.7757202355424071	-1.0013428554826052	5.165094890437306	-3.312484397747337
0.2976346179454408	0.8126865650494393	-1.0005190490998244	5.958180885831701	-2.237093854625834
0.2993166517545297	0.9886471294605228	-0.998094185332598	5.983653087149994	-2.8185094855915143
0.3064636369895579	0.8416776924396261	-1.0002959554449578	5.777272122605077	-2.384416272239455
0.31232186670942397	0.755265113550869	-1.0024109498201956	5.226736887774425	-3.9841946033323232
0.2998190294340935	0.902932375344085	-1.0026836117995117	5.985645677407108	-3.4792396915361063
0.29390081508409627	0.8813271935831893	-0.9979216829102411	5.799953264462038	-3.1268161076137577
0.2983352963887245	0.758590845724614	-1.000431525770391	5.972304016458761	-2.2077402843954452
0.30937757413012423	0.8769218578181915	-0.9981187663122073	5.5462980829109725	-3.2387433871696416
0.31070194107793064	0.8686679323055735	-0.9995551688592836	5.413501909835569	-2.7660837705299937
0.30067733543571634	0.9744841582233906	-1.0018645653066114	5.983701771098738	-2.800055818658705
0.2892975482925122	0.9760276415754161	-0.9990423665739754	5.41341130190578	-2.8960277611664242
0.2972683687549873	0.8103769246706997	-1.0018953363111889	5.948680856469981	-2.8561402026377998
0.303879700394694	0.7562481083242361	-1.0002756167479157	5.910905343757724	-2.2485515798462874
0.3021973342871267	0.9202755461222056	-1.0012124987272186	5.961954620245166	-2.4541868525116968
0.29415870763235086	0.8313824029908855	-1.001629383187936	5.815433290649818	-2.8177707224593895
0.2885658137006682	0.7974203642281947	-1.0006398725877856	5.33244596426469	-2.8890096470238573
0.2981156345871183	0.8325590738779698	-1.0009956949542858	5.968365782281831	-2.3598826552122087
0.2993166517545297	0.9886471294605228	-0.998094185332598	5.983653087149994	-2.8185094855915143
0.305431021702227	0.8351018230085572	-1.0004764397936659	5.8386781843561	-2.3487781701427632
0.3122606477356395	0.759550744973362	-1.0023030263597716	5.234286906742354	-3.8832016600436967
0.2998190294340935	0.902932375344085	-1.0026836117995117	5.985645677407108	-3.4792396915361063
0.29386336235903865	0.8885804799723249	-0.9973832281156515	5.797535535313201	-3.5898321006521465
0.29811305738341126	0.7592258845862085	-1.0005064701659576	5.968353929957311	-2.224619795540412
0.30937757413012423	0.8769218578181915	-0.9981187663122073	5.5462980829109725	-3.2387433871696416
0.31538725913240695	0.8631272853987787	-1.000159509246277	4.802329527551065	-3.3476436116157666
0.30067733543571634	0.9744841582233906	-1.0018645653066114	5.983701771098738	-2.800055818658705
0.2892975482925122	0.9760276415754161	-0.9990423665739754	5.41341130190578	-2.8960277611664242
0.2972683687549873	0.8103769246706997	-1.0018953363111889	5.948680856469981	-2.8561402026377998
0.300321433431821	0.6781471120530392	-1.0016715472509718	5.985513216984182	-2.6729076884866663
0.30000566786824157	0.9335086448582297	-1.0021568166875177	5.985936764215425	-3.0126245361218897
0.29387948572610656	0.8252527164850388	-1.001619309288724	5.798734934736961	-2.8286930232150613
0.2879718994862388	0.7952350479394548	-1.000617743590416	5.262774427547369	-2.9534821052707096
0.2981156345871183	0.8325590738779698	-1.0009956949542858	5.968365782281831	-2.3598826552122087
0.29990037731727404	0.9666060604615722	-0.9985256696284223	5.986011211853459	-2.5513412718661286
0.30383185745229535	0.8181561201906429	-1.001431781756922	5.912651360126723	-2.6097170411622628
0.3107382627789005	0.7701358869232261	-1.0021456645519167	5.4093878863881875	-3.5802835413683605
0.298237353290029	0.8991208710666379	-1.0012759625267267	5.970553496610917	-2.474733097720348
0.29386336235903865	0.8885804799723249	-0.9973832281156515	5.797535535313201	-3.5898321006521465
0.29556092749892116	0.7438752551384797	-1.0005577309619547	5.887627141209787	-2.315402912316376
0.30924971374572996	0.8755669725547033	-0.9981951502050158	5.558220621721402	-3.1757477218643277
0.31538725913240695	0.8631272853987787	-1.000159509246277	4.802329527551065	-3.3476436116157666
0.30067733543571634	0.9744841582233906	-1.0018645653066114	5.983701771098738	-2.800055818658705
0.2892975482925122	0.9760276415754161	-0.9990423665739754	5.41341130190578	-2.8960277611664242
0.2972683687549873	0.8103769246706997	-1.0018953363111889	5.948680856469981	-2.8561402026377998
0.30188686397860526	0.6103475041908448	-1.0015568014895873	5.968247057837565	-2.6228492390689064
0.30085465812889717	0.9697305358101629	-1.0024622581968412	5.982214179392408	-3.2742641563159713
0.2947497569969978	0.8267537291129126	-1.0014911944237408	5.848233076756917	-2.706166842007913
0.2879718994862388	0.7952350479394548	-1.000617743590416	5.262774427547369	-2.9534821052707096
0.3013483219480882	0.7799638723799218	-1.0017117800271564	5.976933147828705	-2.7063121794949705
0.29990037731727404	0.9666060604615722	-0.9985256696284223	5.986011211853459	-2.5513412718661286
0.30263974395116694	0.8055237710643987	-1.0021439512871255	5.9510984507555635	-3.0374182562177507
0.3153636577243162	0.7224108398598451	-1.0024674583665918	4.805655206861008	-4.455555614707958
0.298237353290029	0.8991208710666379	-1.0012759625267267	5.970553496610917	-2.474733097720348
0.294419638757802	0.8955934499738631	-0.9977490737223452	5.830214026327757	-3.2328311959844553
0.29249122480626566	0.6129073968000831	-0.9994533430000773	5.704246051506276	-2.4936628566224623
0.3036590262523859	0.9037165088636304	-0.9984325440843521	5.919104306269634	-2.6697435954024913
0.3085761487149164	0.8438840992886667	-1.000338039159923	5.618412170324761	-2.548283539946836
0.30067733543571634	0.9744841582233906	-1.0018645653066114	5.983701771098738	-2.800055818658705
0.2892975482925122	0.9760276415754161	-0.9990423665739754	5.41341130190578	-2.8960277611664242
0.2968533194766192	0.8107519306660986	-1.0018761256877293	5.936485533789327	-2.855229235067437
0.30188686397860526	0.6103475041908448	-1.0015568014895873	5.968247057837565	-2.6228492390689064
0.30085465812889717	0.9697305358101629	-1.0024622581968412	5.982214179392408	-3.2742641563159713
0.29481916556488597	0.8122799258767706	-1.0022779889958353	5.851704828836681	-3.244988038740395
0.2903826898718066	0.792482772185587	-1.0008149183230979	5.523673042647332	-2.7444830834942158
0.307165496770024	0.7733227022001042	-1.0021875575552839	5.729208527541246	-3.293949672543917
0.30750585346848236	0.959847900889191	-0.9981550396496092	5.704310142363886	-3.056696112338921
0.30263974395116694	0.8055237710643987	-1.0021439512871255	5.9510984507555635	-3.0374182562177507
0.314576398379849	0.7246191123268693	-1.0024153796161195	4.923520866175429	-4.291037269542678
0.29477204040929134	0.9348761357033276	-1.0010348768974788	5.849458161830196	-2.4932438730306536
0.294419638757802	0.8955934499738631	-0.9977490737223452	5.830214026327757	-3.2328311959844553
0.29249122480626566	0.6129073968000831	-0.9994533430000773	5.704246051506276	-2.4936628566224623
0.3115787186484439	0.8759484146972484	-0.9961134591036839	5.315080630044205	-5.5770279705424475
0.31262672206987513	0.9852978896713851	-0.9996000400444469	5.188990968202592	-2.9839632931003557
0.30067733543571634	0.9744841582233906	-1.0018645653066114	5.983701771098738	-2.800055818658705
0.2892975482925122	0.9760276415754161	-0.9990423665739754	5.41341130190578	-2.8960277611664242
0.2968533194766192	0.8107519306660986	-1.0018761256877293	5.936485533789327	-2.855229235067437
0.30188686397860526	0.6103475041908448	-1.0015568014895873	5.968247057837565	-2.6228492390689064
0.2987001801637451	0.9135256998164958	-1.002396479980894	5.9774347039017055	-3.2202988063839104
0.29481916556488597	0.8122799258767706	-1.0022779889958353	5.851704828836681	-3.244988038740395
0.2952119341986264	0.7768123428498036	-1.0010974500021246	5.87148142733348	-2.496025963344449
0.306665366719121	0.7678554112126206	-1.002094369772745	5.7638146310111775	-3.1862136916259036
0.30750585346848236	0.959847900889191	-0.9981550396496092	5.704310142363886	-3.056696112338921
0.3091695388322824	0.6981678693093492	-1.0030644267770503	5.565297770192986	-4.298709661820764
0.3211661432490348	0.692593452405217	-1.0026158834804424	3.745799275237781	-5.653041781734961
0.29477204040929134	0.9348761357033276	-1.0010348768974788	5.849458161830196	-2.4932438730306536
0.2948300768295753	0.8812850037911943	-0.998445097336981	5.852408103695211	-2.7294914349409964
0.29249122480626566	0.6129073968000831	-0.9994533430000773	5.704246051506276	-2.4936628566224623
0.3115787186484439	0.8759484146972484	-0.9961134591036839	5.315080630044205	-5.5770279705424475
0.31262901843406815	0.9849086133967301	-0.999603817359613	5.18870113667586	-2.9836776008035883
0.2999446222417939	0.9695697008498363	-1.0017616197905117	5.985999019055418	-2.7290995631527384
0.2892975482925122	0.9760276415754161	-0.9990423665739754	5.41341130190578	-2.8960277611664242
0.2968533194766192	0.8107519306660986	-1.0018761256877293	5.936485533789327	-2.855229235067437
0.29736929731138384	0.7415686476353899	-1.0006545183437119	5.951545114857681	-2.273145929681532
0.2987001801637451	0.9135256998164958	-1.002396479980894	5.9774347039017055	-3.2202988063839104
0.2948132486236254	0.8121505244612518	-1.0023035398130462	5.8513922537651215	-3.266982444098934
0.29509635658301997	0.8183419955401355	-1.001081009555791	5.865882494862812	-2.494816920344097
0.3140733075828769	0.7400748448311837	-1.0019795447475413	4.995683656268578	-3.8687999125487993
0.3052278274237636	0.9338714942030913	-0.9986921634116654	5.849433098059891	-2.603953055965902
0.3091695388322824	0.6981678693093492	-1.0030644267770503	5.565297770192986	-4.298709661820764
0.3211661432490348	0.692593452405217	-1.0026158834804424	3.745799275237781	-5.653041781734961
0.29477204040929134	0.9348761357033276	-1.0010348768974788	5.849458161830196	-2.4932438730306536
0.2948300768295753	0.8812850037911943	-0.998445097336981	5.852408103695211	-2.7294914349409964
0.29249122480626566	0.6129073968000831	-0.9994533430000773	5.704246051506276	-2.4936628566224623
0.3101971799868501	0.8569097007196753	-0.9963551974254485	5.4655928900388	-5.094137092128682
0.3057351177299179	0.8575590389379002	-0.9995523045021305	5.82170161930722	-2.3583051157196167
0.2998402406277065	0.968869591997873	-1.001746954271694	5.9858893100037065	-2.7195974160120997
0.29126441230557387	0.9629533426263945	-0.9997439876781664	5.604613778799763	-2.551556410580883
0.29721225610073815	0.807470847263308	-1.0019107568329795	5.947129387927157	-2.8684637355088167
0.29888669105509114	0.6286327371485425	-1.0004323017083891	5.9799628894778305	-2.2001585062591023
0.29561328129264614	0.7640676594884732	-1.0009332441061782	5.889909465434927	-2.416190407601219
0.3010106103454136	0.8301815985146516	-0.9999072713592547	5.981062421468929	-2.16511925879316
0.29110650295615736	0.7804369455246049	-1.0014171696147462	5.59059765092022	-2.924524513120584
0.3141852407005029	0.7398781324091477	-1.0019822855903755	4.979867776286142	-3.886260355461104
0.3052278274237636	0.9338714942030913	-0.9986921634116654	5.849433098059891	-2.603953055965902
0.31634128537532546	0.6655037608509276	-1.003718453649403	4.650290134283985	-6.023381006982838
0.3211661432490348	0.692593452405217	-1.0026158834804424	3.745799275237781	-5.653041781734961
0.2944883399414158	0.9229230534958162	-1.001064465088608	5.8342208804470514	-2.520268442304709
0.2948300768295753	0.8812850037911943	-0.998445097336981	5.852408103695211	-2.7294914349409964
0.29249122480626566	0.6129073968000831	-0.9994533430000773	5.704246051506276	-2.4936628566224623
0.3101971799868501	0.8569097007196753	-0.9963551974254485	5.4655928900388	-5.094137092128682
0.3057351177299179	0.8575590389379002	-0.9995523045021305	5.82170161930722	-2.3583051157196167
0.2998402406277065	0.968869591997873	-1.001746954271694	5.9858893100037065	-2.7195974160120997
0.29126441230557387	0.9629533426263945	-0.9997439876781664	5.604613778799763	-2.551556410580883
0.29721225610073815	0.807470847263308	-1.0019107568329795	5.947129387927157	-2.8684637355088167
0.29888669105509114	0.6286327371485425	-1.0004323017083891	5.9799628894778305	-2.2001585062591023
0.29409993179887917	0.7695643688641126	-1.0010957434280292	5.812055461177866	-2.5546811930143436
0.3010106103454136	0.8301815985146516	-0.9999072713592547	5.981062421468929	-2.16511925879316
0.29110650295615736	0.7804369455246049	-1.0014171696147462	5.59059765092022	-2.924524513120584
0.30814507152120585	0.7986636172181317	-1.0013924422465632	5.654361622551961	-2.847621256341653
0.3084085968310449	0.9371141503648843	-0.9979895465864898	5.632444918268569	-3.244704145825259
0.31634128537532546	0.6655037608509276	-1.003718453649403	4.650290134283985	-6.023381006982838
0.3211661432490348	0.692593452405217	-1.0026158834804424	3.745799275237781	-5.653041781734961
0.2944883399414158	0.9229230534958162	-1.001064465088608	5.8342208804470514	-2.520268442304709
0.2948300768295753	0.8812850037911943	-0.998445097336981	5.852408103695211	-2.7294914349409964
0.29249122480626566	0.6129073968000831	-0.9994533430000773	5.704246051506276	-2.4936628566224623
0.3101971799868501	0.8569097007196753	-0.9963551974254485	5.4655928900388	-5.094137092128682
0.3057349357592783	0.8575583775115904	-0.999552307270599	5.821712055496011	-2.3582941840672156
0.2998402406277065	0.968869591997873	-1.001746954271694	5.9858893100037065	-2.7195974160120997
0.2961227833647576	0.9156696176812448	-1.0002184243613061	5.911003088107173	-2.243176548281844
0.29721225610073815	0.807470847263308	-1.0019107568329795	5.947129387927157	-2.8684637355088167
0.3043856931574659	0.6421538279138355	-1.0012740379924534	5.889916836752728	-2.554398954377338
0.29388462727499515	0.6845537448270655	-1.001113081808046	5.799118652366019	-2.574691024251365
0.2997433260280591	0.8357800932611477	-0.9996434625406625	5.9858337541629	-2.1813155921589216
0.2917354314270588	0.7043464997055483	-1.0005252168591927	5.644640256628562	-2.5519485688058845
0.30814507152120585	0.7986636172181317	-1.0013924422465632	5.654361622551961	-2.847621256341653
0.3084085968310449	0.9371141503648843	-0.9979895465864898	5.632444918268569	-3.244704145825259
0.31634128537532546	0.6655037608509276	-1.003718453649403	4.650290134283985	-6.023381006982838
0.3211661432490348	0.692593452405217	-1.0026158834804424	3.745799275237781	-5.653041781734961
0.29517825335676917	0.9198613123523721	-1.000707343612658	5.869898297543398	-2.368120777701267
0.2972895546127867	0.9242800749156953	-1.0000659712447957	5.949436729154669	-2.196380625166811
0.29249122480626566	0.6129073968000831	-0.9994533430000773	5.704246051506276	-2.4936628566224623
0.3101971799868501	0.8569097007196753	-0.9963551974254485	5.4655928900388	-5.094137092128682
0.3057349357592783	0.8575583775115904	-0.999552307270599	5.821712055496011	-2.3582941840672156
0.2998402406277065	0.968869591997873	-1.001746954271694	5.9858893100037065	-2.7195974160120997
0.2961227833647576	0.9156696176812448	-1.0002184243613061	5.911003088107173	-2.243176548281844
0.29589303501674313	0.7264503447454368	-1.001992984026573	5.9016351116152554	-2.972751470908329
0.3043856931574659	0.6421538279138355	-1.0012740379924534	5.889916836752728	-2.554398954377338
0.29275865910401067	0.6649740440579972	-1.0013552333236388	5.7238925950225426	-2.7597060768309998
0.2997639811191314	0.864145022045586	-1.000091772840992	5.9858905720769044	-2.160741443628204
0.2917354314270588	0.7043464997055483	-1.0005252168591927	5.644640256628562	-2.5519485688058845
0.30814507152120585	0.7986636172181317	-1.0013924422465632	5.654361622551961	-2.847621256341653
0.3084085968310449	0.9371141503648843	-0.9979895465864898	5.632444918268569	-3.244704145825259
0.31192001476523173	0.6692543248885577	-1.0032055076046669	5.2752219937833615	-4.750866385540121
0.3271678675475734	0.6284329516748145	-1.0038074130345132	2.29497956263703	-8.501692524525703
0.28952485231641784	0.9727022766561133	-1.0004086475655207	5.437517573144332	-2.738996981624469
0.2972895546127867	0.9242800749156953	-1.0000659712447957	5.949436729154669	-2.196380625166811
0.29249122480626566	0.6129073968000831	-0.9994533430000773	5.704246051506276	-2.4936628566224623
0.30891709405745627	0.809605804297943	-0.9974386617407969	5.5882686629187415	-3.7473243818391015
