#cosmological_parameters--omega_m	cosmological_parameters--sigma8_input	cosmological_parameters--w	prior	post
#sampler=emcee
#n_varied=3
#module_0=mass_function_like 1.1
#timestamp=2025-08-26T01:07:46.811203
#platform=Linux-5.14.21-150500.55.97_13.0.78-cray_shasta_c-x86_64-with-glibc2.31
#platform_version=#1 SMP Thu Mar 13 20:09:44 UTC 2025 (330b47d)
#uuid=c6be7980e8494c1a89d5d53513120bbd
#cosmosis_git_version=
#csl_git_version=
#cwd_git_version=5ff5d9a45b876d0c2ecc0c6da8da4c99a4c65ef7
#walkers=32
#samples=1000
#nsteps=100
#a=2.0
#random_start=False
#start_points=
#covmat=
#start_method=
#start_input=
## START_OF_PARAMS_INI
## [runtime]
## sampler = emcee
## root = /global/homes/x/xintang/cosmosis-standard-library
## resume = F
## verbosity = debug
## 
## [emcee]
## walkers = 32
## samples = 1000
## 
## [output]
## filename = mf_xt/output/mf_w_lowz1.txt
## format = text
## lock = F
## new_file = T
## 
## [pipeline]
## modules = mass_function_like
## values = mf_xt/values_fit.ini
## likelihoods = mass_function_like_m_n
## priors = mf_xt/priors_fit.ini
## 
## [likelihoods]
## mass_function_like = mass_function_like_m_n
## 
## [mass_function_like]
## file = mf_xt/likelihood/mass_function_like_m_n.py
## z_min = 0.3
## z_max = 0.5
## mass_min = 1e13
## mass_max = 5e14
## area_deg2 = 20000.0
## 
## END_OF_PARAMS_INI
## START_OF_VALUES_INI
## [cosmological_parameters]
## omega_m = 0.1 0.3 0.5
## sigma8_input = 0.6 0.8 1.0
## w = -1.00  -1.50 -0.50
## h0 = 0.7
## omega_b = 0.04
## omega_k = 0.0
## yhe = 0.245341
## tau = 0.08
## n_s = 0.96
## a_s = 2.1e-9
## k_s = 0.05
## n_run = 0.0
## wa = 0.0
## 
## END_OF_VALUES_INI
## START_OF_PRIORS_INI
## [cosmological_parameters]
## omega_m = normal 0.3 0.01
## sigma8 = normal 0.81 0.01
## w = normal -1.0 0.1
## 
## END_OF_PRIORS_INI
0.2998836011485694	0.800324959146374	-0.9995	6.679236454847128	-4587.35381117281
0.2994939238733383	0.8004963036718202	-0.9995	6.678023633080315	-4758.788886904252
0.3012075515176283	0.8002754124719376	-0.9995	6.672013294971567	-3933.4056941707663
0.2996998373546462	0.7996020334604823	-0.9995	6.678853710241871	-4864.809967986248
0.300965207295863	0.7996143002497014	-0.9995	6.674646072690264	-4199.212710350152
0.2999206224815144	0.799733836963165	-0.9995	6.679272694357994	-4708.556408776126
0.30027970809549664	0.8002413637146931	-0.9995	6.678913015216768	-4401.999859568387
0.2995933848399296	0.800576541240738	-0.9995	6.678477518868204	-4686.681334815312
0.30026473518972413	0.7993509090156848	-0.9995	6.678953774706809	-4618.51700866179
0.29932110432361914	0.8001742765050048	-0.9995	6.676999701613157	-4929.831617174244
0.29982787901783126	0.7992552793052095	-0.9995	6.679156070147686	-4873.860138679351
0.29989845188751385	0.8004220057054692	-0.9995	6.679252638214452	-4556.748725329793
0.30064841928103514	0.7998242692852285	-0.9995	6.677201960490109	-4310.472285561009
0.29940723023404353	0.7995174044486388	-0.9995	6.677547318333039	-5044.911393752849
0.30135001642571524	0.7996871233368449	-0.9995	6.670191476561694	-3993.4705972611227
0.29958143157399275	0.7999993300059032	-0.9995	6.678428200673949	-4831.873782372433
0.30005895273438854	0.8000696976276626	-0.9995	6.679286821185741	-4556.061961633713
0.3002890415112282	0.7996003676453343	-0.9995	6.678886473334135	-4546.787705112093
0.29904355987545095	0.799977808334302	-0.9995	6.674730309750963	-5130.790295960847
0.3001460960513476	0.8004450382039389	-0.9995	6.679197478029103	-4423.352333230046
0.2995721489055925	0.800029096152881	-0.9995	6.678388915515271	-4829.663818117672
0.30047368660005436	0.7997255507692118	-0.9995	6.678182303334845	-4422.203163415764
0.29983956598742517	0.7999168763864031	-0.9995	6.679175502948246	-4707.51276443214
0.29990481227377447	0.8000968952435491	-0.9995	6.67925889479408	-4630.220550461985
0.30034638239875544	0.8001849655140171	-0.9995	6.6787042944793615	-4381.0332623206905
0.2999184563109006	0.7999279050308397	-0.9995	6.679270951444041	-4663.278113552934
0.29994167334940847	0.8006761232432733	-0.9995	6.679287188319353	-4474.960636581662
0.3000875922079169	0.800805671770938	-0.9995	6.679265836335761	-4370.130081681453
0.29993186061785654	0.800322912943625	-0.9995	6.679280983433205	-4562.682792762145
0.3001458386788771	0.8006637332358013	-0.9995	6.679197853708917	-4373.025642113483
0.30062376939313706	0.8007279948021989	-0.9995	6.6773587570311275	-4118.487176661121
0.3000237982194778	0.80103622000096	-0.9995	6.679301366533949	-4349.744690470074
0.29993849722825244	0.8002773709499568	-0.9995	6.679285285355537	-4569.963285452393
0.29944870275849617	0.8007663917019587	-0.9995	6.677784555067751	-4718.105398099462
0.30210130006819474	0.800132587118514	-0.9995	6.657226888427223	-3544.2952693459
0.2996998373546462	0.7996020334604823	-0.9995	6.678853710241871	-4864.809967986248
0.30104244124452784	0.7996191036871257	-0.9995	6.673870779568736	-4159.6646086052115
0.29980476649195686	0.8000321899812034	-0.9995	6.679113617696885	-4698.428309900156
0.30027970809549664	0.8002413637146931	-0.9995	6.678913015216768	-4401.999859568387
0.2995933848399296	0.800576541240738	-0.9995	6.678477518868204	-4686.681334815312
0.30028390416417905	0.7995467271936749	-0.9995	6.678901190438008	-4562.101049744955
0.29932110432361914	0.8001742765050048	-0.9995	6.676999701613157	-4929.831617174244
0.29984926767196596	0.7993656450800364	-0.9995	6.6791905971366266	-4835.416093715827
0.29989845188751385	0.8004220057054692	-0.9995	6.679252638214452	-4556.748725329793
0.30130211841239707	0.7997617290136881	-0.9995	6.670826636510682	-4000.309467881662
0.29940723023404353	0.7995174044486388	-0.9995	6.677547318333039	-5044.911393752849
0.30211593313923063	0.7993071983502996	-0.9995	6.656918333061727	-3710.801927442513
0.29958143157399275	0.7999993300059032	-0.9995	6.678428200673949	-4831.873782372433
0.30005895273438854	0.8000696976276626	-0.9995	6.679286821185741	-4556.061961633713
0.3004346642936666	0.8000909398773196	-0.9995	6.678359533069257	-4357.684963257643
0.2992403271046107	0.7999938104258478	-0.9995	6.676418683770255	-5018.299047507999
0.3001460960513476	0.8004450382039389	-0.9995	6.679197478029103	-4423.352333230046
0.2995721489055925	0.800029096152881	-0.9995	6.678388915515271	-4829.663818117672
0.30047368660005436	0.7997255507692118	-0.9995	6.678182303334845	-4422.203163415764
0.29983956598742517	0.7999168763864031	-0.9995	6.679175502948246	-4707.51276443214
0.29990481227377447	0.8000968952435491	-0.9995	6.67925889479408	-4630.220550461985
0.30034638239875544	0.8001849655140171	-0.9995	6.6787042944793615	-4381.0332623206905
0.29991805234105984	0.7999148862475869	-0.9995	6.679270621216171	-4666.623027477586
0.30023281808074614	0.8004804365010799	-0.9995	6.6790331770165885	-4370.837362324776
0.30056602045699793	0.8011850405339076	-0.9995	6.677702302521499	-4045.5310112289726
0.29997324216801835	0.8003791703316228	-0.9995	6.679300618402339	-4527.951427961655
0.3001458389419797	0.8006635096717404	-0.9995	6.679197853325212	-4373.076970817627
0.30062376939313706	0.8007279948021989	-0.9995	6.6773587570311275	-4118.487176661121
0.3000237982194778	0.80103622000096	-0.9995	6.679301366533949	-4349.744690470074
0.300026668723611	0.8004390239345082	-0.9995	6.679300642206105	-4486.238209133403
0.29944870275849617	0.8007663917019587	-0.9995	6.677784555067751	-4718.105398099462
0.3032263258196239	0.7996432444672823	-0.9995	6.627258306838341	-3144.8706735460983
0.2996998373546462	0.7996020334604823	-0.9995	6.678853710241871	-4864.809967986248
0.30104244124452784	0.7996191036871257	-0.9995	6.673870779568736	-4159.6646086052115
0.29985519922188403	0.8000368937881321	-0.9995	6.6791993619834855	-4670.618054377105
0.3004865151650406	0.8001361522090887	-0.9995	6.678120713281126	-4320.97020040865
0.2995933848399296	0.800576541240738	-0.9995	6.678477518868204	-4686.681334815312
0.30030487314001714	0.7995292593057354	-0.9995	6.67883946015268	-4555.30903797583
0.29963919745590595	0.8001638706667603	-0.9995	6.678653305931077	-4761.185635921942
0.29984926767196596	0.7993656450800364	-0.9995	6.6791905971366266	-4835.416093715827
0.29998642231876715	0.8004301875208282	-0.9995	6.679303276543061	-4509.145483092215
0.30130211841239707	0.7997617290136881	-0.9995	6.670826636510682	-4000.309467881662
0.29939813364782497	0.7995867830278127	-0.9995	6.677492982780798	-5032.637378894651
0.3028314279790475	0.7989431958550499	-0.9995	6.639219276307534	-3458.6472470316307
0.29958143157399275	0.7999993300059032	-0.9995	6.678428200673949	-4831.873782372433
0.3000909880762399	0.8000825447572446	-0.9995	6.6792628041601105	-4536.349588783165
0.3004346642936666	0.8000909398773196	-0.9995	6.678359533069257	-4357.684963257643
0.2992403271046107	0.7999938104258478	-0.9995	6.676418683770255	-5018.299047507999
0.3001460960513476	0.8004450382039389	-0.9995	6.679197478029103	-4423.352333230046
0.2995721489055925	0.800029096152881	-0.9995	6.678388915515271	-4829.663818117672
0.30047368660005436	0.7997255507692118	-0.9995	6.678182303334845	-4422.203163415764
0.29983956598742517	0.7999168763864031	-0.9995	6.679175502948246	-4707.51276443214
0.30025745108988783	0.7995792773676282	-0.9995	6.678972792991777	-4568.24388899543
0.30034638239875544	0.8001849655140171	-0.9995	6.6787042944793615	-4381.0332623206905
0.29991805234105984	0.7999148862475869	-0.9995	6.679270621216171	-4666.623027477586
0.3003409976621033	0.8007948610629324	-0.9995	6.678722801282401	-4244.36468659468
0.30056602045699793	0.8011850405339076	-0.9995	6.677702302521499	-4045.5310112289726
0.29997324216801835	0.8003791703316228	-0.9995	6.679300618402339	-4527.951427961655
0.3001458389419797	0.8006635096717404	-0.9995	6.679197853325212	-4373.076970817627
0.30087387655026576	0.8010327910193249	-0.9995	6.675485897184677	-3929.256688308595
0.3000237982194778	0.80103622000096	-0.9995	6.679301366533949	-4349.744690470074
0.30013727707803883	0.8006984225640515	-0.9995	6.679209973329426	-4369.429137792772
0.2997012113560849	0.8006085130370316	-0.9995	6.678857825041536	-4622.3016522049
0.3032263258196239	0.7996432444672823	-0.9995	6.627258306838341	-3144.8706735460983
0.29975866428611697	0.7996863730824758	-0.9995	6.679012983676223	-4806.159406029049
0.30104244124452784	0.7996191036871257	-0.9995	6.673870779568736	-4159.6646086052115
0.29985519922188403	0.8000368937881321	-0.9995	6.6791993619834855	-4670.618054377105
0.3012041776784471	0.7997822836969086	-0.9995	6.672053978903849	-4043.5454112914067
0.2995933848399296	0.800576541240738	-0.9995	6.678477518868204	-4686.681334815312
0.30030487314001714	0.7995292593057354	-0.9995	6.67883946015268	-4555.30903797583
0.29963919745590595	0.8001638706667603	-0.9995	6.678653305931077	-4761.185635921942
0.29984926767196596	0.7993656450800364	-0.9995	6.6791905971366266	-4835.416093715827
0.30018837337482673	0.8003549878518769	-0.9995	6.6791267756684825	-4422.518710115148
0.3016562908469567	0.7995743929919552	-0.9995	6.665587701461636	-3870.629865798541
0.29966391207711707	0.7996210737359262	-0.9995	6.678739422850661	-4879.554665191181
0.30568385056979835	0.7983430908302334	-0.9995	6.5177734118112145	-2399.373714954018
0.29958143157399275	0.7999993300059032	-0.9995	6.678428200673949	-4831.873782372433
0.3000909880762399	0.8000825447572446	-0.9995	6.6792628041601105	-4536.349588783165
0.3005463215464856	0.8000064331554582	-0.9995	6.677811862149428	-4320.3730862427565
0.2994024911544354	0.8000107261173133	-0.9995	6.677519114207561	-4925.728924854207
0.30025999044933627	0.8003400905617959	-0.9995	6.678966223141469	-4389.324357655952
0.2995721489055925	0.800029096152881	-0.9995	6.678388915515271	-4829.663818117672
0.30047368660005436	0.7997255507692118	-0.9995	6.678182303334845	-4422.203163415764
0.3003855723715165	0.79985895609956	-0.9995	6.678560868041815	-4436.433399204028
0.30041409912808814	0.7995728845959345	-0.9995	6.678446807870783	-4488.4821532694905
0.30034638239875544	0.8001849655140171	-0.9995	6.6787042944793615	-4381.0332623206905
0.29991805234105984	0.7999148862475869	-0.9995	6.679270621216171	-4666.623027477586
0.3003409976621033	0.8007948610629324	-0.9995	6.678722801282401	-4244.36468659468
0.30056602045699793	0.8011850405339076	-0.9995	6.677702302521499	-4045.5310112289726
0.300079757890516	0.8004824318751969	-0.9995	6.679272391704702	-4448.77114441538
0.3002003238614291	0.8007661451076576	-0.9995	6.67910355006291	-4321.808874923243
0.30151066496280554	0.8014809385699401	-0.9995	6.667893655160958	-3535.6099137556453
0.30003115062257607	0.8010651311607934	-0.9995	6.679299346503765	-4339.355061986151
0.30013727707803883	0.8006984225640515	-0.9995	6.679209973329426	-4369.429137792772
0.2997012113560849	0.8006085130370316	-0.9995	6.678857825041536	-4622.3016522049
0.3048083556055908	0.7996530902516065	-0.9995	6.563702780161117	-2502.8697069069704
0.29969939976810567	0.7999232477374255	-0.9995	6.678852395813125	-4787.103668147971
0.30104244124452784	0.7996191036871257	-0.9995	6.673870779568736	-4159.6646086052115
0.29985519922188403	0.8000368937881321	-0.9995	6.6791993619834855	-4670.618054377105
0.3012041776784471	0.7997822836969086	-0.9995	6.672053978903849	-4043.5454112914067
0.2999618431322658	0.8003948600392349	-0.9995	6.679296918577423	-4530.227389659369
0.30039655220530237	0.7995028883597279	-0.9995	6.678517930052548	-4513.952738449135
0.29963919745590595	0.8001638706667603	-0.9995	6.678653305931077	-4761.185635921942
0.3000535440697835	0.7994168717475052	-0.9995	6.679289863473155	-4714.07081540578
0.30018837337482673	0.8003549878518769	-0.9995	6.6791267756684825	-4422.518710115148
0.30188826338227226	0.7994662663086506	-0.9995	6.661476505306048	-3783.7563942621086
0.29966391207711707	0.7996210737359262	-0.9995	6.678739422850661	-4879.554665191181
0.30568385056979835	0.7983430908302334	-0.9995	6.5177734118112145	-2399.373714954018
0.29958574029215895	0.8000212435371095	-0.9995	6.678446142782496	-4824.215154052864
0.3000909880762399	0.8000825447572446	-0.9995	6.6792628041601105	-4536.349588783165
0.3006855008080408	0.7998821553333807	-0.9995	6.6769546415210765	-4278.529309962362
0.2994030705162705	0.8000098896021454	-0.9995	6.677522574267472	-4925.655288762697
0.30025999044933627	0.8003400905617959	-0.9995	6.678966223141469	-4389.324357655952
0.2995721489055925	0.800029096152881	-0.9995	6.678388915515271	-4829.663818117672
0.30047368660005436	0.7997255507692118	-0.9995	6.678182303334845	-4422.203163415764
0.3003855723715165	0.79985895609956	-0.9995	6.678560868041815	-4436.433399204028
0.3007088731733437	0.7994131609893121	-0.9995	6.676791692430768	-4374.421342508589
0.3008840910140897	0.800201004997357	-0.9995	6.675396113704229	-4107.575120982666
0.29991805234105984	0.7999148862475869	-0.9995	6.679270621216171	-4666.623027477586
0.3003409976621033	0.8007948610629324	-0.9995	6.678722801282401	-4244.36468659468
0.30056602045699793	0.8011850405339076	-0.9995	6.677702302521499	-4045.5310112289726
0.3000574199306106	0.800527973135482	-0.9995	6.679287713068042	-4449.697311237407
0.3002003238614291	0.8007661451076576	-0.9995	6.67910355006291	-4321.808874923243
0.3018098405428481	0.8016251856586095	-0.9995	6.662926584357516	-3371.3035911844427
0.30015269826161295	0.801200790350237	-0.9995	6.679187614514701	-4247.0352133698325
0.3002479665911548	0.8008943763670748	-0.9995	6.678996761158555	-4268.582876577213
0.2997012113560849	0.8006085130370316	-0.9995	6.678857825041536	-4622.3016522049
0.3048083556055908	0.7996530902516065	-0.9995	6.563702780161117	-2502.8697069069704
0.29969939976810567	0.7999232477374255	-0.9995	6.678852395813125	-4787.103668147971
0.30104244124452784	0.7996191036871257	-0.9995	6.673870779568736	-4159.6646086052115
0.29985519922188403	0.8000368937881321	-0.9995	6.6791993619834855	-4670.618054377105
0.3020506407329839	0.7987893166286605	-0.9995	6.658278561231336	-3852.9245101855727
0.2999618431322658	0.8003948600392349	-0.9995	6.679296918577423	-4530.227389659369
0.3002574967001475	0.7999232071909232	-0.9995	6.678972675557265	-4487.426387448703
0.3004966667869707	0.8007411340575378	-0.9995	6.678070808823801	-4178.60271443886
0.3002281913754275	0.7992392674257842	-0.9995	6.679043841791103	-4664.358192871082
0.30078706535262617	0.8008239811513448	-0.9995	6.676206838963678	-4017.1150105552097
0.30188826338227226	0.7994662663086506	-0.9995	6.661476505306048	-3783.7563942621086
0.30038742792825246	0.8002967750776374	-0.9995	6.67855369631225	-4334.429869998656
0.3081163284554453	0.7975865581574867	-0.9995	6.349930260326845	-1689.206934060905
0.29958574029215895	0.8000212435371095	-0.9995	6.678446142782496	-4824.215154052864
0.3000909880762399	0.8000825447572446	-0.9995	6.6792628041601105	-4536.349588783165
0.30086391730569245	0.7998595907569883	-0.9995	6.675572432754825	-4194.260360333891
0.2994665214773798	0.8000138334296468	-0.9995	6.677881201639714	-4890.344196120366
0.30025999044933627	0.8003400905617959	-0.9995	6.678966223141469	-4389.324357655952
0.30082359141956455	0.7996838668116156	-0.9995	6.675912684178298	-4254.291807246977
0.3010397761864552	0.7990784934700947	-0.9995	6.6738985257206025	-4283.73677565884
0.30035243821833435	0.7999265079754153	-0.9995	6.678683134821487	-4437.7720395633005
0.30116091496629854	0.7994335154263656	-0.9995	6.67256558051532	-4142.740198920311
0.3012203632187614	0.8001361626183765	-0.9995	6.671857766381672	-3957.720986456104
0.29991805234105984	0.7999148862475869	-0.9995	6.679270621216171	-4666.623027477586
0.30148727950763515	0.8005018934589622	-0.9995	6.668244196641043	-3751.3478107167607
0.30056602045699793	0.8011850405339076	-0.9995	6.677702302521499	-4045.5310112289726
0.3000574199306106	0.800527973135482	-0.9995	6.679287713068042	-4449.697311237407
0.3003479537304004	0.8008127702706881	-0.9995	6.678698839317702	-4236.839072568644
0.30216778571097574	0.8023297598728436	-0.9995	6.655807723866646	-3077.5176654256716
0.30015269826161295	0.801200790350237	-0.9995	6.679187614514701	-4247.0352133698325
0.3004050325019226	0.8007719062457118	-0.9995	6.678483941672132	-4217.467871109875
0.3003402888340253	0.7998780283986694	-0.9995	6.678725215857389	-4455.311779488558
0.30574966863454783	0.7993790053708649	-0.9995	6.514010751274684	-2202.269023595723
0.29978893016058006	0.7999169307235122	-0.9995	6.679081445924636	-4734.391045914598
0.3012928758802246	0.7997359279683978	-0.9995	6.670946558101868	-4010.4959417087
0.29985519922188403	0.8000368937881321	-0.9995	6.6791993619834855	-4670.618054377105
0.3020506407329839	0.7987893166286605	-0.9995	6.658278561231336	-3852.9245101855727
0.30039814093462613	0.8007304824994367	-0.9995	6.6785116172910755	-4230.25483595435
0.3002574967001475	0.7999232071909232	-0.9995	6.678972675557265	-4487.426387448703
0.3006087654713995	0.800864202490018	-0.9995	6.677451221314358	-4095.563326271209
0.3002281913754275	0.7992392674257842	-0.9995	6.679043841791103	-4664.358192871082
0.30078706535262617	0.8008239811513448	-0.9995	6.676206838963678	-4017.1150105552097
0.30227702060947736	0.799396019110312	-0.9995	6.653380084030276	-3617.2442990660743
0.30047469872747823	0.8001741398839698	-0.9995	6.678177503900853	-4318.2321950178275
0.31437305178270825	0.7946045991921137	-0.9995	5.646381110568135	-527.9148773284065
0.29958574029215895	0.8000212435371095	-0.9995	6.678446142782496	-4824.215154052864
0.30017467533398723	0.8000584048901336	-0.9995	6.679151640948682	-4498.617537604901
0.30086391730569245	0.7998595907569883	-0.9995	6.675572432754825	-4194.260360333891
0.2994665214773798	0.8000138334296468	-0.9995	6.677881201639714	-4890.344196120366
0.30025999044933627	0.8003400905617959	-0.9995	6.678966223141469	-4389.324357655952
0.30082359141956455	0.7996838668116156	-0.9995	6.675912684178298	-4254.291807246977
0.3013506890693449	0.7989895509844334	-0.9995	6.67018239349996	-4148.643766908339
0.30035243821833435	0.7999265079754153	-0.9995	6.678683134821487	-4437.7720395633005
0.30116091496629854	0.7994335154263656	-0.9995	6.67256558051532	-4142.740198920311
0.3017558263204996	0.7997491184174621	-0.9995	6.663889567971404	-3785.5698051455915
0.2999361640501521	0.7998797286434712	-0.9995	6.679283823167735	-4665.374809101874
0.3015031884916631	0.8005236920765211	-0.9995	6.668006320102858	-3739.2880448060196
0.30056602045699793	0.8011850405339076	-0.9995	6.677702302521499	-4045.5310112289726
0.3000574199306106	0.800527973135482	-0.9995	6.679287713068042	-4449.697311237407
0.3003479537304004	0.8008127702706881	-0.9995	6.678698839317702	-4236.839072568644
0.3025677859847384	0.8031171147631302	-0.9995	6.646336573993105	-2765.781198129172
0.3001885744078062	0.8011320458527784	-0.9995	6.6791263967738015	-4244.601077578964
0.3004200231465745	0.8007469650445216	-0.9995	6.678422101091908	-4215.557783201087
0.30064756318107794	0.8003248474428006	-0.9995	6.677207507942761	-4197.099396567042
0.30574966863454783	0.7993790053708649	-0.9995	6.514010751274684	-2202.269023595723
0.29978893016058006	0.7999169307235122	-0.9995	6.679081445924636	-4734.391045914598
0.30188978849916054	0.7996149634263386	-0.9995	6.661447695452402	-3751.2140926355537
0.29985519922188403	0.8000368937881321	-0.9995	6.6791993619834855	-4670.618054377105
0.3030756847392679	0.7978885824819353	-0.9995	6.632005015233373	-3566.7453785558846
0.30060223119398416	0.8009086566123086	-0.9995	6.677490786255161	-4088.901105749815
0.3002574967001475	0.7999232071909232	-0.9995	6.678972675557265	-4487.426387448703
0.30073966900572074	0.800923505138064	-0.9995	6.67656864712008	-4018.334824821707
0.3003378749493809	0.7996873356242881	-0.9995	6.678733400903104	-4501.104753505536
0.30078706535262617	0.8008239811513448	-0.9995	6.676206838963678	-4017.1150105552097
0.30227702060947736	0.799396019110312	-0.9995	6.653380084030276	-3617.2442990660743
0.30166672671239214	0.7999944568510634	-0.9995	6.665414308641193	-3775.1161036552153
0.31437305178270825	0.7946045991921137	-0.9995	5.646381110568135	-527.9148773284065
0.29958574029215895	0.8000212435371095	-0.9995	6.678446142782496	-4824.215154052864
0.3004537662562161	0.800160763022797	-0.9995	6.678274679233798	-4331.941979975203
0.30090882786027456	0.7998238587598376	-0.9995	6.675174357912143	-4179.949011967906
0.2994665214773798	0.8000138334296468	-0.9995	6.677881201639714	-4890.344196120366
0.30025999044933627	0.8003400905617959	-0.9995	6.678966223141469	-4389.324357655952
0.30082359141956455	0.7996838668116156	-0.9995	6.675912684178298	-4254.291807246977
0.3014581041617968	0.7989656548866687	-0.9995	6.668673859576954	-4100.933336442668
0.30035243821833435	0.7999265079754153	-0.9995	6.678683134821487	-4437.7720395633005
0.30116091496629854	0.7994335154263656	-0.9995	6.67256558051532	-4142.740198920311
0.3025076765979185	0.7996621810853954	-0.9995	6.647861988711458	-3456.932795523238
0.3019067627417115	0.7997099989027431	-0.9995	6.661125477544303	-3723.0022805070957
0.30244829828837255	0.800346831222598	-0.9995	6.649333375765959	-3344.545397636221
0.30056602045699793	0.8011850405339076	-0.9995	6.677702302521499	-4045.5310112289726
0.3000574199306106	0.800527973135482	-0.9995	6.679287713068042	-4449.697311237407
0.3003479537304004	0.8008127702706881	-0.9995	6.678698839317702	-4236.839072568644
0.3025677859847384	0.8031171147631302	-0.9995	6.646336573993105	-2765.781198129172
0.3001885744078062	0.8011320458527784	-0.9995	6.6791263967738015	-4244.601077578964
0.3004200231465745	0.8007469650445216	-0.9995	6.678422101091908	-4215.557783201087
0.30078113359691844	0.8005190771469805	-0.9995	6.676253349829025	-4087.489680698764
0.30574966863454783	0.7993790053708649	-0.9995	6.514010751274684	-2202.269023595723
0.30020821084991894	0.7996779792491109	-0.9995	6.67908743952008	-4570.639308998393
0.30188978849916054	0.7996149634263386	-0.9995	6.661447695452402	-3751.2140926355537
0.29985519922188403	0.8000368937881321	-0.9995	6.6791993619834855	-4670.618054377105
0.30341638180603375	0.7973926091379052	-0.9995	6.620945875087207	-3515.2727205413194
0.30053294899094424	0.8010659409817481	-0.9995	6.677884025175457	-4088.133704519223
0.3002574967001475	0.7999232071909232	-0.9995	6.678972675557265	-4487.426387448703
0.300725467518794	0.8010158243589859	-0.9995	6.676672682706075	-4004.9332055146065
0.30068680692336414	0.8000171161128077	-0.9995	6.676945679560296	-4247.153736557141
0.30078706535262617	0.8008239811513448	-0.9995	6.676206838963678	-4017.1150105552097
0.30231742650487936	0.7993731732747097	-0.9995	6.652451870282613	-3603.4563046793737
0.30307253903829795	0.799976361080208	-0.9995	6.632101717600875	-3145.762013871958
0.3221141718266226	0.7919906160277465	-0.9995	4.234121220423252	-4.689272181825369
0.29958574029215895	0.8000212435371095	-0.9995	6.678446142782496	-4824.215154052864
0.3004537662562161	0.800160763022797	-0.9995	6.678274679233798	-4331.941979975203
0.30090882786027456	0.7998238587598376	-0.9995	6.675174357912143	-4179.949011967906
0.2994665214773798	0.8000138334296468	-0.9995	6.677881201639714	-4890.344196120366
0.30044051311174547	0.8005058226370567	-0.9995	6.678333939302101	-4259.911240222615
0.3012755985982641	0.8005735913591665	-0.9995	6.671168439390733	-3836.194387186018
0.30204353866698497	0.7983126633054286	-0.9995	6.658423946892887	-3960.68532955488
0.30035243821833435	0.7999265079754153	-0.9995	6.678683134821487	-4437.7720395633005
0.30116091496629854	0.7994335154263656	-0.9995	6.67256558051532	-4142.740198920311
0.3025072516888378	0.799662450396032	-0.9995	6.647872643154299	-3457.097070290167
0.3019067627417115	0.7997099989027431	-0.9995	6.661125477544303	-3723.0022805070957
0.30457733409134535	0.8005845969134741	-0.9995	6.574544261391237	-2429.7048903673935
0.30056602045699793	0.8011850405339076	-0.9995	6.677702302521499	-4045.5310112289726
0.3000574199306106	0.800527973135482	-0.9995	6.679287713068042	-4449.697311237407
0.3003479537304004	0.8008127702706881	-0.9995	6.678698839317702	-4236.839072568644
0.30273840466533175	0.8056685913732142	-0.9995	6.641809897754646	-2264.1886835859377
0.3001885744078062	0.8011320458527784	-0.9995	6.6791263967738015	-4244.601077578964
0.3004433593693523	0.8007256571791428	-0.9995	6.678321360658238	-4208.711404179175
0.30109735930150255	0.800304678182129	-0.9995	6.673283211127229	-3980.2790697001064
0.30574966863454783	0.7993790053708649	-0.9995	6.514010751274684	-2202.269023595723
0.3003113476031863	0.7999427346175797	-0.9995	6.67881951166015	-4455.134132217041
0.30188978849916054	0.7996149634263386	-0.9995	6.661447695452402	-3751.2140926355537
0.29985519922188403	0.8000368937881321	-0.9995	6.6791993619834855	-4670.618054377105
0.30341638180603375	0.7973926091379052	-0.9995	6.620945875087207	-3515.2727205413194
0.30053294899094424	0.8010659409817481	-0.9995	6.677884025175457	-4088.133704519223
0.3002574967001475	0.7999232071909232	-0.9995	6.678972675557265	-4487.426387448703
0.30073837246227925	0.8010389211886404	-0.9995	6.676578228844939	-3993.5854402058585
0.30070911516838333	0.800459168663273	-0.9995	6.676789976700043	-4136.3930468260805
0.30078706535262617	0.8008239811513448	-0.9995	6.676206838963678	-4017.1150105552097
0.3027622559752396	0.7991851866871575	-0.9995	6.641153907946466	-3440.17663058398
0.30307253903829795	0.799976361080208	-0.9995	6.632101717600875	-3145.762013871958
0.3221141718266226	0.7919906160277465	-0.9995	4.234121220423252	-4.689272181825369
0.29958574029215895	0.8000212435371095	-0.9995	6.678446142782496	-4824.215154052864
0.3004537662562161	0.800160763022797	-0.9995	6.678274679233798	-4331.941979975203
0.30174697086677926	0.7996988204217506	-0.9995	6.664044662263322	-3800.6013674671985
0.29971542416791963	0.7998495249327179	-0.9995	6.678899281289178	-4796.339119549279
0.30044051311174547	0.8005058226370567	-0.9995	6.678333939302101	-4259.911240222615
0.3012755985982641	0.8005735913591665	-0.9995	6.671168439390733	-3836.194387186018
0.30265593060337287	0.7979084041213232	-0.9995	6.644034361460536	-3757.04443617352
0.30035243821833435	0.7999265079754153	-0.9995	6.678683134821487	-4437.7720395633005
0.30566253634505486	0.7978344745099055	-0.9995	6.518982609014863	-2495.33619041254
0.3031790321882742	0.799961704207035	-0.9995	6.628772970039783	-3103.151650671165
0.30194007254720184	0.7996768591165988	-0.9995	6.660484790868168	-3714.451075918906
0.30457733409134535	0.8005845969134741	-0.9995	6.574544261391237	-2429.7048903673935
0.30056602045699793	0.8011850405339076	-0.9995	6.677702302521499	-4045.5310112289726
0.3005066251923174	0.8005447949257931	-0.9995	6.678020852882746	-4217.905720700245
0.30064147002330527	0.8004434083436329	-0.9995	6.677246779356203	-4173.4445524921975
0.30273840466533175	0.8056685913732142	-0.9995	6.641809897754646	-2264.1886835859377
0.3003136553939358	0.8015429423621538	-0.9995	6.678812299779475	-4090.4195838003243
0.3004433593693523	0.8007256571791428	-0.9995	6.678321360658238	-4208.711404179175
0.30109735930150255	0.800304678182129	-0.9995	6.673283211127229	-3980.2790697001064
0.30574966863454783	0.7993790053708649	-0.9995	6.514010751274684	-2202.269023595723
0.3003113476031863	0.7999427346175797	-0.9995	6.67881951166015	-4455.134132217041
0.30188978849916054	0.7996149634263386	-0.9995	6.661447695452402	-3751.2140926355537
0.29985519922188403	0.8000368937881321	-0.9995	6.6791993619834855	-4670.618054377105
0.30341638180603375	0.7973926091379052	-0.9995	6.620945875087207	-3515.2727205413194
0.30086901700038654	0.8006378091680568	-0.9995	6.675528245575396	-4018.1069191782103
0.3002574967001475	0.7999232071909232	-0.9995	6.678972675557265	-4487.426387448703
0.30073837246227925	0.8010389211886404	-0.9995	6.676578228844939	-3993.5854402058585
0.3015533757917359	0.7993529980301931	-0.9995	6.667239316558444	-3968.495625279093
0.3007753940787822	0.8008755004597581	-0.9995	6.676298018423147	-4011.4509672412005
0.3033939947184681	0.799373253121671	-0.9995	6.621708197565251	-3125.758227730124
0.3037609709803342	0.7994070388159076	-0.9995	6.608579684735618	-2964.6484059945333
0.3221141718266226	0.7919906160277465	-0.9995	4.234121220423252	-4.689272181825369
0.29958574029215895	0.8000212435371095	-0.9995	6.678446142782496	-4824.215154052864
0.3004865912568221	0.8001532820835714	-0.9995	6.678120343054122	-4317.043951215183
0.30198450900712087	0.7992579980069038	-0.9995	6.65961281831348	-3783.0429238577653
0.29971542416791963	0.7998495249327179	-0.9995	6.678899281289178	-4796.339119549279
0.30044051311174547	0.8005058226370567	-0.9995	6.678333939302101	-4259.911240222615
0.3014482247829863	0.800393263904764	-0.9995	6.668817423199922	-3792.9434989095575
0.30265593060337287	0.7979084041213232	-0.9995	6.644034361460536	-3757.04443617352
0.30066784238824534	0.799856489039092	-0.9995	6.677074131032514	-4293.283027857134
0.30566253634505486	0.7978344745099055	-0.9995	6.518982609014863	-2495.33619041254
0.3031790321882742	0.799961704207035	-0.9995	6.628772970039783	-3103.151650671165
0.30194007254720184	0.7996768591165988	-0.9995	6.660484790868168	-3714.451075918906
0.3071663012036505	0.8004962556890524	-0.9995	6.422524833602985	-1570.470164509939
0.3006139779004554	0.8013811819974264	-0.9995	6.677419353998962	-3979.0313131466733
0.3005066251923174	0.8005447949257931	-0.9995	6.678020852882746	-4217.905720700245
0.30064147002330527	0.8004434083436329	-0.9995	6.677246779356203	-4173.4445524921975
0.3032217241561045	0.8067873782770645	-0.9995	6.627406665620063	-1922.4968869597346
0.3003050538258278	0.8015874344703887	-0.9995	6.678838909126938	-4084.697723283909
0.3092283397449691	0.7971846194240273	-0.9995	6.253492926067317	-1415.0348965406356
0.30109735930150255	0.800304678182129	-0.9995	6.673283211127229	-3980.2790697001064
0.3100420339174433	0.7989317709685471	-0.9995	6.175091972314792	-993.8310295737152
0.3003113476031863	0.7999427346175797	-0.9995	6.67881951166015	-4455.134132217041
0.30188978849916054	0.7996149634263386	-0.9995	6.661447695452402	-3751.2140926355537
0.29985519922188403	0.8000368937881321	-0.9995	6.6791993619834855	-4670.618054377105
0.30497012893057135	0.7986785786196734	-0.9995	6.555793290377688	-2612.2761359686247
0.30086901700038654	0.8006378091680568	-0.9995	6.675528245575396	-4018.1069191782103
0.3002574967001475	0.7999232071909232	-0.9995	6.678972675557265	-4487.426387448703
0.30103383141493506	0.8017244364821698	-0.9995	6.673960161337666	-3705.2164805373754
0.30193771099895084	0.7988777246668367	-0.9995	6.660530578732924	-3887.6359822783465
0.30101083912775817	0.8010900700016246	-0.9995	6.674195219599165	-3851.2047344885536
0.30421055628585303	0.7987850050492947	-0.9995	6.590660277128517	-2896.3868080011307
0.3037609709803342	0.7994070388159076	-0.9995	6.608579684735618	-2964.6484059945333
0.3221141718266226	0.7919906160277465	-0.9995	4.234121220423252	-4.689272181825369
0.29958574029215895	0.8000212435371095	-0.9995	6.678446142782496	-4824.215154052864
0.3004865912568221	0.8001532820835714	-0.9995	6.678120343054122	-4317.043951215183
0.30208757072312	0.7991963994890748	-0.9995	6.657514440690061	-3747.7442869629217
0.30097788766740907	0.7998904135778511	-0.9995	6.674522876859847	-4130.694393213718
0.30044051311174547	0.8005058226370567	-0.9995	6.678333939302101	-4259.911240222615
0.3014482247829863	0.800393263904764	-0.9995	6.668817423199922	-3792.9434989095575
0.3034589728164437	0.7969668945769468	-0.9995	6.619481733585717	-3585.0759510225103
0.30066784238824534	0.799856489039092	-0.9995	6.677074131032514	-4293.283027857134
0.3098455976692172	0.7948957950666605	-0.9995	6.194625230989722	-1545.9666880382977
0.3031790321882742	0.799961704207035	-0.9995	6.628772970039783	-3103.151650671165
0.30194007254720184	0.7996768591165988	-0.9995	6.660484790868168	-3714.451075918906
0.3071663012036505	0.8004962556890524	-0.9995	6.422524833602985	-1570.470164509939
0.3006139779004554	0.8013811819974264	-0.9995	6.677419353998962	-3979.0313131466733
0.3005066251923174	0.8005447949257931	-0.9995	6.678020852882746	-4217.905720700245
0.30064147002330527	0.8004434083436329	-0.9995	6.677246779356203	-4173.4445524921975
0.3050360070291762	0.8107457054275294	-0.9995	6.552497364320638	-920.6137078779556
0.30030297630163816	0.8021303363771908	-0.9995	6.678845225113427	-3966.5676356309773
0.30924626892473284	0.7971772251420695	-0.9995	6.251836753167797	-1410.9676129979114
0.30109735930150255	0.800304678182129	-0.9995	6.673283211127229	-3980.2790697001064
0.3100420339174433	0.7989317709685471	-0.9995	6.175091972314792	-993.8310295737152
0.3003113476031863	0.7999427346175797	-0.9995	6.67881951166015	-4455.134132217041
0.30188978849916054	0.7996149634263386	-0.9995	6.661447695452402	-3751.2140926355537
0.2998589022047198	0.8000358473497604	-0.9995	6.679204655371034	-4668.897096546807
0.30497012893057135	0.7986785786196734	-0.9995	6.555793290377688	-2612.2761359686247
0.30063909926586424	0.8012440526332277	-0.9995	6.677261958952059	-3996.8472982839394
0.3002574967001475	0.7999232071909232	-0.9995	6.678972675557265	-4487.426387448703
0.30103383141493506	0.8017244364821698	-0.9995	6.673960161337666	-3705.2164805373754
0.3025002538961047	0.7982841977799642	-0.9995	6.648047850585266	-3749.353241368079
0.30179774346483906	0.8016802495453192	-0.9995	6.663144790483342	-3365.64180241813
0.30421055628585303	0.7987850050492947	-0.9995	6.590660277128517	-2896.3868080011307
0.304459606631673	0.7993294068654702	-0.9995	6.579863741763891	-2695.648063749305
0.3221141718266226	0.7919906160277465	-0.9995	4.234121220423252	-4.689272181825369
0.29958574029215895	0.8000212435371095	-0.9995	6.678446142782496	-4824.215154052864
0.3012829644767098	0.8002700072318144	-0.9995	6.671074209067703	-3898.312444618639
0.30208757072312	0.7991963994890748	-0.9995	6.657514440690061	-3747.7442869629217
0.30097788766740907	0.7998904135778511	-0.9995	6.674522876859847	-4130.694393213718
0.3037419998063229	0.79925785249404	-0.9995	6.609291385557597	-3000.948649090085
0.3013768987032037	0.8006223875558178	-0.9995	6.66982494811578	-3777.675541399465
0.3034589728164437	0.7969668945769468	-0.9995	6.619481733585717	-3585.0759510225103
0.30066784238824534	0.799856489039092	-0.9995	6.677074131032514	-4293.283027857134
0.3098455976692172	0.7948957950666605	-0.9995	6.194625230989722	-1545.9666880382977
0.30445296850046205	0.7999701312317364	-0.9995	6.580159555979662	-2583.779845405511
0.3026155592592138	0.7988087103296313	-0.9995	6.645098447117904	-3584.6510345160327
0.3071663012036505	0.8004962556890524	-0.9995	6.422524833602985	-1570.470164509939
0.30096787434293615	0.8009263473400033	-0.9995	6.674620294591628	-3907.1117480233106
0.3005066251923174	0.8005447949257931	-0.9995	6.678020852882746	-4217.905720700245
0.3013384438182941	0.8000233206147866	-0.9995	6.670347039036551	-3925.374229877807
0.30745732244071133	0.8162820620945531	-0.9995	6.401245908386514	-149.07887524222633
0.3001745151085589	0.8031304918204334	-0.9995	6.679151920694624	-3813.1752538661476
0.30924626892473284	0.7971772251420695	-0.9995	6.251836753167797	-1410.9676129979114
0.30109735930150255	0.800304678182129	-0.9995	6.673283211127229	-3980.2790697001064
0.3102717547527377	0.7989355775650905	-0.9995	6.151759469808249	-939.9976451006521
0.3004381520854998	0.7999120572377405	-0.9995	6.6783443120600605	-4397.23439861561
0.3028142822717785	0.7994301745900877	-0.9995	6.639703274783967	-3367.080346065494
0.2998589022047198	0.8000358473497604	-0.9995	6.679204655371034	-4668.897096546807
0.30483006843205074	0.799028364667057	-0.9995	6.5626563930187345	-2604.4340848124352
0.3016756639194341	0.8007245786636901	-0.9995	6.665264950455732	-3616.600214256583
0.30365602365927363	0.8076450620543251	-0.9995	6.612471653324356	-1660.4287982264639
0.30163556502443284	0.801415696468506	-0.9995	6.665928833564459	-3492.0993276942468
0.30346207443113854	0.7962799894174876	-0.9995	6.619374401476483	-3730.1306098107434
0.30217706327765276	0.8024252427923274	-0.9995	6.655606175735679	-3055.3785132402927
0.30854843540929827	0.7976254663486841	-0.9995	6.313925458575476	-1552.6488745785402
0.3052167436138749	0.7989499679638313	-0.9995	6.543232128645675	-2470.042165077601
0.3221141718266226	0.7919906160277465	-0.9995	4.234121220423252	-4.689272181825369
0.29958574029215895	0.8000212435371095	-0.9995	6.678446142782496	-4824.215154052864
0.3012829644767098	0.8002700072318144	-0.9995	6.671074209067703	-3898.312444618639
0.30208199155422455	0.7992075942850486	-0.9995	6.657630754150889	-3747.967475114874
0.30115189310651735	0.8002096214243165	-0.9995	6.672669909665988	-3974.762128800382
0.30546379831960035	0.7989128829559672	-0.9995	6.53003873792386	-2383.925594269066
0.3013768987032037	0.8006223875558178	-0.9995	6.66982494811578	-3777.675541399465
0.30363388602991004	0.7976309772835812	-0.9995	6.613278559918323	-3368.542042006229
0.300692073071946	0.7998506269916779	-0.9995	6.676909372625635	-4282.3941998626615
0.3153731242401716	0.7911409993039055	-0.9995	5.497639453791439	-645.6499820437205
0.30703210414952953	0.7986468174547336	-0.9995	6.432051754461048	-1878.7388686697022
0.3026155592592138	0.7988087103296313	-0.9995	6.645098447117904	-3584.6510345160327
0.3132960872929046	0.8010997268847148	-0.9995	5.795374511807504	-246.78234383922882
0.30096787434293615	0.8009263473400033	-0.9995	6.674620294591628	-3907.1117480233106
0.3005953340645498	0.8005087372727757	-0.9995	6.677532085068133	-4181.720090943538
0.3019092650273122	0.8000135722162225	-0.9995	6.661077733587613	-3657.6025509652977
0.31016956014324376	0.8224445866664892	-0.9995	6.162204430774938	-62.39209005109858
0.30093113880630684	0.8015538655299362	-0.9995	6.674969100927147	-3789.732922064538
0.30924626892473284	0.7971772251420695	-0.9995	6.251836753167797	-1410.9676129979114
0.30109735930150255	0.800304678182129	-0.9995	6.673283211127229	-3980.2790697001064
0.3102717547527377	0.7989355775650905	-0.9995	6.151759469808249	-939.9976451006521
0.3010632120557434	0.8008154338420522	-0.9995	6.673652098932809	-3885.4043193110733
0.3028142822717785	0.7994301745900877	-0.9995	6.639703274783967	-3367.080346065494
0.2998589022047198	0.8000358473497604	-0.9995	6.679204655371034	-4668.897096546807
0.3085566156990507	0.799721163545337	-0.9995	6.313225837203996	-1276.6749736277727
0.3016756639194341	0.8007245786636901	-0.9995	6.665264950455732	-3616.600214256583
0.30546841253101203	0.8132776511557641	-0.9995	6.529786520263553	-602.2332961106688
0.3020159282931404	0.80116702345012	-0.9995	6.658984363894779	-3371.651134646613
0.30336461921594277	0.7965224579870619	-0.9995	6.622700885968742	-3723.426946814073
0.30217706327765276	0.8024252427923274	-0.9995	6.655606175735679	-3055.3785132402927
0.3140578802480928	0.7962774848632381	-0.9995	5.691184212961613	-450.04323173170405
0.3064117092206948	0.7985489791258997	-0.9995	6.473754122656487	-2103.399073243338
0.3221141718266226	0.7919906160277465	-0.9995	4.234121220423252	-4.689272181825369
0.29958574029215895	0.8000212435371095	-0.9995	6.678446142782496	-4824.215154052864
0.3012829644767098	0.8002700072318144	-0.9995	6.671074209067703	-3898.312444618639
0.30208199155422455	0.7992075942850486	-0.9995	6.657630754150889	-3747.967475114874
0.3018620556230801	0.7999615095368188	-0.9995	6.6619679425929785	-3690.4559158141637
0.3055178478417899	0.7988880813156323	-0.9995	6.52707097428447	-2368.076690493798
0.30212595192991404	0.8009118149915079	-0.9995	6.656705840268673	-3374.0224778291195
0.30363388602991004	0.7976309772835812	-0.9995	6.613278559918323	-3368.542042006229
0.300692073071946	0.7998506269916779	-0.9995	6.676909372625635	-4282.3941998626615
0.31543957928502253	0.7919536294451406	-0.9995	5.4874011558177145	-562.6586155574141
0.30703210414952953	0.7986468174547336	-0.9995	6.432051754461048	-1878.7388686697022
0.3027006833709671	0.798669980775708	-0.9995	6.642835744959108	-3574.7064752380134
0.31619085558460835	0.8011404378628993	-0.9995	5.3685851755019804	-26.683692449105106
0.3012722995692785	0.8006311757621788	-0.9995	6.671210467340268	-3825.3350201253875
0.3005953340645498	0.8005087372727757	-0.9995	6.677532085068133	-4181.720090943538
0.3019092650273122	0.8000135722162225	-0.9995	6.661077733587613	-3657.6025509652977
0.31016956014324376	0.8224445866664892	-0.9995	6.162204430774938	-62.39209005109858
0.30093113880630684	0.8015538655299362	-0.9995	6.674969100927147	-3789.732922064538
0.3085525095982823	0.8001338808596857	-0.9995	6.313577096166645	-1227.2644773356592
0.30109735930150255	0.800304678182129	-0.9995	6.673283211127229	-3980.2790697001064
0.3102717547527377	0.7989355775650905	-0.9995	6.151759469808249	-939.9976451006521
0.3010632120557434	0.8008154338420522	-0.9995	6.673652098932809	-3885.4043193110733
0.3028142822717785	0.7994301745900877	-0.9995	6.639703274783967	-3367.080346065494
0.2998589022047198	0.8000358473497604	-0.9995	6.679204655371034	-4668.897096546807
0.31115392751206	0.7986202497965974	-0.9995	6.057253703588754	-779.1360042168552
0.30173151489035843	0.8007478023126826	-0.9995	6.6643134792325345	-3586.0226631435576
0.30586400062337726	0.8145070700804005	-0.9995	6.507371681755355	-442.8984837988262
0.3020159282931404	0.80116702345012	-0.9995	6.658984363894779	-3371.651134646613
0.3039030743163967	0.7968343535261792	-0.9995	6.603134252713621	-3411.9224167050556
0.30217706327765276	0.8024252427923274	-0.9995	6.655606175735679	-3055.3785132402927
0.31752345205449006	0.7951882623004091	-0.9995	5.143947338780138	-108.78166504008534
0.3067038942938277	0.7986455390640282	-0.9995	6.4545932047961205	-1988.077980673969
0.3221141718266226	0.7919906160277465	-0.9995	4.234121220423252	-4.689272181825369
0.29958574029215895	0.8000212435371095	-0.9995	6.678446142782496	-4824.215154052864
0.3012829644767098	0.8002700072318144	-0.9995	6.671074209067703	-3898.312444618639
0.30212592648910114	0.7991694169342538	-0.9995	6.65670638112489	-3735.477380063849
0.30239366089788666	0.7992622760017399	-0.9995	6.650656135839842	-3591.63352046712
0.30753697251385714	0.7987003154530353	-0.9995	6.395274424937009	-1709.2342704851064
0.30212595192991404	0.8009118149915079	-0.9995	6.656705840268673	-3374.0224778291195
0.30581046522219846	0.7987385570298915	-0.9995	6.510496667818311	-2286.037079405739
0.300692073071946	0.7998506269916779	-0.9995	6.676909372625635	-4282.3941998626615
0.32235363137055006	0.7872081331510669	-0.9995	4.180880021057998	-49.899854835368714
0.30817341265026477	0.7983245848431922	-0.9995	6.345280826552658	-1567.940267070667
0.3027006833709671	0.798669980775708	-0.9995	6.642835744959108	-3574.7064752380134
0.31619085558460835	0.8011404378628993	-0.9995	5.3685851755019804	-26.683692449105106
0.3012722995692785	0.8006311757621788	-0.9995	6.671210467340268	-3825.3350201253875
0.3005953340645498	0.8005087372727757	-0.9995	6.677532085068133	-4181.720090943538
0.30216737983176917	0.7999162996536843	-0.9995	6.655816521634401	-3558.9592035225137
0.31016956014324376	0.8224445866664892	-0.9995	6.162204430774938	-62.39209005109858
0.3026181534106893	0.8059129143265141	-0.9995	6.645030561900679	-2268.395204871827
0.3085525095982823	0.8001338808596857	-0.9995	6.313577096166645	-1227.2644773356592
0.3019710806719695	0.7992239922256916	-0.9995	6.659878403233142	-3796.7660100941494
0.315464480473337	0.7978755207937194	-0.9995	5.483553416759095	-176.31942557197777
0.3010632120557434	0.8008154338420522	-0.9995	6.673652098932809	-3885.4043193110733
0.3028142822717785	0.7994301745900877	-0.9995	6.639703274783967	-3367.080346065494
0.2998589022047198	0.8000358473497604	-0.9995	6.679204655371034	-4668.897096546807
0.3122471289805386	0.7985960504650502	-0.9995	5.929343356980459	-570.6893676526412
0.30361543475540315	0.8005782407061424	-0.9995	6.613947355957315	-2805.6799260025605
0.30586400062337726	0.8145070700804005	-0.9995	6.507371681755355	-442.8984837988262
0.30182332762406827	0.8018693652148862	-0.9995	6.662681580186748	-3316.5454807797064
0.31045467398614296	0.7960425597199791	-0.9995	6.132803157527528	-1226.3049644971297
0.30217706327765276	0.8024252427923274	-0.9995	6.655606175735679	-3055.3785132402927
0.31752345205449006	0.7951882623004091	-0.9995	5.143947338780138	-108.78166504008534
0.3067038942938277	0.7986455390640282	-0.9995	6.4545932047961205	-1988.077980673969
0.3221141718266226	0.7919906160277465	-0.9995	4.234121220423252	-4.689272181825369
0.29958574029215895	0.8000212435371095	-0.9995	6.678446142782496	-4824.215154052864
0.3012829644767098	0.8002700072318144	-0.9995	6.671074209067703	-3898.312444618639
0.30212592648910114	0.7991694169342538	-0.9995	6.65670638112489	-3735.477380063849
0.30298369072266995	0.7991027937567659	-0.9995	6.634792146667465	-3358.097697148636
0.31188964655533735	0.7969213651636169	-0.9995	5.972485722255971	-791.1048174451765
0.30212595192991404	0.8009118149915079	-0.9995	6.656705840268673	-3374.0224778291195
0.30581046522219846	0.7987385570298915	-0.9995	6.510496667818311	-2286.037079405739
0.30115049224440726	0.7997010291333357	-0.9995	6.672686036287994	-4087.9254828844378
0.32235363137055006	0.7872081331510669	-0.9995	4.180880021057998	-49.899854835368714
0.3105197677854852	0.7967200085853975	-0.9995	6.125976627007541	-1128.1809500667598
0.3037889380733664	0.7974417850297996	-0.9995	6.607523939691173	-3338.4564540021797
0.31619085558460835	0.8011404378628993	-0.9995	5.3685851755019804	-26.683692449105106
0.3012592753387335	0.8006574035504342	-0.9995	6.671375326416488	-3825.9025832940124
0.3005953340645498	0.8005087372727757	-0.9995	6.677532085068133	-4181.720090943538
0.302994861866733	0.7996845068163694	-0.9995	6.634458210306141	-3236.7042909860743
0.31016956014324376	0.8224445866664892	-0.9995	6.162204430774938	-62.39209005109858
0.3107193826330912	0.800127746944399	-0.9995	6.104778378137114	-725.1525575044968
0.3114841902378574	0.7993777880828931	-0.9995	6.019871071213704	-643.7742257376668
0.3019710806719695	0.7992239922256916	-0.9995	6.659878403233142	-3796.7660100941494
0.315464480473337	0.7978755207937194	-0.9995	5.483553416759095	-176.31942557197777
0.3010632120557434	0.8008154338420522	-0.9995	6.673652098932809	-3885.4043193110733
0.3028142822717785	0.7994301745900877	-0.9995	6.639703274783967	-3367.080346065494
0.2998589022047198	0.8000358473497604	-0.9995	6.679204655371034	-4668.897096546807
0.31278805735496085	0.798053723469429	-0.9995	5.861632143741358	-520.8898582070714
0.30361543475540315	0.8005782407061424	-0.9995	6.613947355957315	-2805.6799260025605
0.30647491632894064	0.8164177845544343	-0.9995	6.4696814909762885	-245.24521016998224
0.30182332762406827	0.8018693652148862	-0.9995	6.662681580186748	-3316.5454807797064
0.31045467398614296	0.7960425597199791	-0.9995	6.132803157527528	-1226.3049644971297
0.30217706327765276	0.8024252427923274	-0.9995	6.655606175735679	-3055.3785132402927
0.31752345205449006	0.7951882623004091	-0.9995	5.143947338780138	-108.78166504008534
0.3067038942938277	0.7986455390640282	-0.9995	6.4545932047961205	-1988.077980673969
0.3221141718266226	0.7919906160277465	-0.9995	4.234121220423252	-4.689272181825369
0.299654710305899	0.8000071293563945	-0.9995	6.678708073445938	-4790.701219558022
0.3013512018972374	0.8005630920323195	-0.9995	6.67017546547471	-3802.505013180246
0.30212592648910114	0.7991694169342538	-0.9995	6.65670638112489	-3735.477380063849
0.30298369072266995	0.7991027937567659	-0.9995	6.634792146667465	-3358.097697148636
0.31736163135843093	0.7955810548886703	-0.9995	5.172172981179937	-106.85556890549542
0.301992109017519	0.8013353147176893	-0.9995	6.659461706621798	-3348.470302079128
0.3066407063259936	0.7986315784568878	-0.9995	6.458809295769742	-2011.6758670153954
0.3015524358848855	0.8007676677974659	-0.9995	6.667253912426798	-3664.6662538154046
0.32235363137055006	0.7872081331510669	-0.9995	4.180880021057998	-49.899854835368714
0.3105197677854852	0.7967200085853975	-0.9995	6.125976627007541	-1128.1809500667598
0.3037889380733664	0.7974417850297996	-0.9995	6.607523939691173	-3338.4564540021797
0.31619085558460835	0.8011404378628993	-0.9995	5.3685851755019804	-26.683692449105106
0.3012592753387335	0.8006574035504342	-0.9995	6.671375326416488	-3825.9025832940124
0.30335165371113904	0.7996680203713288	-0.9995	6.6231362853132385	-3086.591340352229
0.302994861866733	0.7996845068163694	-0.9995	6.634458210306141	-3236.7042909860743
0.31016956014324376	0.8224445866664892	-0.9995	6.162204430774938	-62.39209005109858
0.3107193826330912	0.800127746944399	-0.9995	6.104778378137114	-725.1525575044968
0.32210201404463307	0.7987767571811126	-0.9995	4.236809074164411	-163.79713276100063
0.3019710806719695	0.7992239922256916	-0.9995	6.659878403233142	-3796.7660100941494
0.3156947547449617	0.7978316699970337	-0.9995	5.447677565787705	-156.59644608380947
0.30163868552571316	0.8001031665870552	-0.9995	6.66587774704929	-3765.0755382937587
0.30312458421402916	0.7992925921842254	-0.9995	6.6304890657573985	-3258.0718482961147
0.2998589022047198	0.8000358473497604	-0.9995	6.679204655371034	-4668.897096546807
0.31291020717021545	0.7980620296341779	-0.9995	5.845936952420787	-499.785738946608
0.30361543475540315	0.8005782407061424	-0.9995	6.613947355957315	-2805.6799260025605
0.30647491632894064	0.8164177845544343	-0.9995	6.4696814909762885	-245.24521016998224
0.30182332762406827	0.8018693652148862	-0.9995	6.662681580186748	-3316.5454807797064
0.3153162839241889	0.7938870076574023	-0.9995	5.506361432078359	-431.02096238761857
0.30266364871874557	0.8033625016086839	-0.9995	6.643829075825824	-2683.561660425531
0.31752345205449006	0.7951882623004091	-0.9995	5.143947338780138	-108.78166504008534
0.30785944070903326	0.7984108323273813	-0.9995	6.370450157016153	-1650.8774214989546
0.3221141718266226	0.7919906160277465	-0.9995	4.234121220423252	-4.689272181825369
0.2999958794841068	0.8001453933144457	-0.9995	6.6793041134169435	-4571.109584225536
0.3013906590916723	0.8005226111531452	-0.9995	6.669634534763945	-3792.5240826729955
0.3021213387441201	0.7992436717125568	-0.9995	6.656803807973674	-3721.8070847328904
0.30298369072266995	0.7991027937567659	-0.9995	6.634792146667465	-3358.097697148636
0.31736163135843093	0.7955810548886703	-0.9995	5.172172981179937	-106.85556890549542
0.301992109017519	0.8013353147176893	-0.9995	6.659461706621798	-3348.470302079128
0.30768825265025374	0.7982372324854609	-0.9995	6.3837580542395305	-1728.8051992197206
0.3015524358848855	0.8007676677974659	-0.9995	6.667253912426798	-3664.6662538154046
0.32235363137055006	0.7872081331510669	-0.9995	4.180880021057998	-49.899854835368714
0.31612944769738716	0.7947469773250847	-0.9995	5.378508783196459	-264.69335341149065
0.30448475327314245	0.7966899376764528	-0.9995	6.578739138705389	-3186.1451746165626
0.31742740452811863	0.8023007580076057	-0.9995	5.16073205537675	-5.601009914357681
0.3012592753387335	0.8006574035504342	-0.9995	6.671375326416488	-3825.9025832940124
0.3047419157207348	0.7990459688340242	-0.9995	6.566875374797441	-2635.641011354592
0.302994861866733	0.7996845068163694	-0.9995	6.634458210306141	-3236.7042909860743
0.31016956014324376	0.8224445866664892	-0.9995	6.162204430774938	-62.39209005109858
0.31623943301489943	0.8022670967313333	-0.9995	5.36070827508317	-10.581927950289383
0.3212166808092685	0.7987964260182031	-0.9995	4.4285664754982825	-92.89762499452868
0.3019710806719695	0.7992239922256916	-0.9995	6.659878403233142	-3796.7660100941494
0.3156947547449617	0.7978316699970337	-0.9995	5.447677565787705	-156.59644608380947
0.30163868552571316	0.8001031665870552	-0.9995	6.66587774704929	-3765.0755382937587
0.30312458421402916	0.7992925921842254	-0.9995	6.6304890657573985	-3258.0718482961147
0.30012783816062244	0.8003548269575814	-0.9995	6.679222485333643	-4453.674456083864
0.3150154248543189	0.7976808000411912	-0.9995	5.551989280531712	-232.78458150764317
0.3040147369057475	0.8005648248507764	-0.9995	6.598713636198346	-2649.0430040063475
0.30493772566389427	0.8280093351040513	-0.9995	6.557398524650798	-11.220527059814467
0.30689346367438336	0.8001282342408328	-0.9995	6.441704991159984	-1705.4380888427813
0.3153162839241889	0.7938870076574023	-0.9995	5.506361432078359	-431.02096238761857
0.30266364871874557	0.8033625016086839	-0.9995	6.643829075825824	-2683.561660425531
0.3225092086363834	0.7935397092591632	-0.9995	4.145981831129017	-29.401957089428482
0.3088728062236729	0.7983359274632927	-0.9995	6.2856707468959545	-1364.9469854041604
0.3221141718266226	0.7919906160277465	-0.9995	4.234121220423252	-4.689272181825369
0.2999958794841068	0.8001453933144457	-0.9995	6.6793041134169435	-4571.109584225536
0.3013906590916723	0.8005226111531452	-0.9995	6.669634534763945	-3792.5240826729955
0.3021213387441201	0.7992436717125568	-0.9995	6.656803807973674	-3721.8070847328904
0.3056979101585359	0.7988313681067962	-0.9995	6.516973297436465	-2311.512113754313
0.31736163135843093	0.7955810548886703	-0.9995	5.172172981179937	-106.85556890549542
0.3087451034344265	0.7988070328598098	-0.9995	6.296920027916107	-1340.0101680305258
0.30768825265025374	0.7982372324854609	-0.9995	6.3837580542395305	-1728.8051992197206
0.3015524358848855	0.8007676677974659	-0.9995	6.667253912426798	-3664.6662538154046
0.32235363137055006	0.7872081331510669	-0.9995	4.180880021057998	-49.899854835368714
0.31612944769738716	0.7947469773250847	-0.9995	5.378508783196459	-264.69335341149065
0.3049522382947897	0.7963300759762478	-0.9995	6.556680877668292	-3057.882219153481
0.31742740452811863	0.8023007580076057	-0.9995	5.16073205537675	-5.601009914357681
0.301309818461071	0.8006055491279964	-0.9995	6.670726076305387	-3813.0349847967022
0.3047419157207348	0.7990459688340242	-0.9995	6.566875374797441	-2635.641011354592
0.3031239406876249	0.799749648166306	-0.9995	6.630509171211209	-3168.0144477043814
0.31016956014324376	0.8224445866664892	-0.9995	6.162204430774938	-62.39209005109858
0.31625973601713975	0.8024514017032544	-0.9995	5.3574091215748405	-8.569926502076903
0.3212166808092685	0.7987964260182031	-0.9995	4.4285664754982825	-92.89762499452868
0.3019710806719695	0.7992239922256916	-0.9995	6.659878403233142	-3796.7660100941494
0.31587409517425524	0.7978714990742184	-0.9995	5.419369710303631	-139.05288098224273
0.30201436235048607	0.8000427005386122	-0.9995	6.659015919914921	-3602.8852529452233
0.3055280037086217	0.7985832036793443	-0.9995	6.526510073297523	-2416.2983651324575
0.30762252845768745	0.7991400533132482	-0.9995	6.388789497868924	-1620.5709519976808
0.3150154248543189	0.7976808000411912	-0.9995	5.551989280531712	-232.78458150764317
0.30497608581761837	0.8004190257036065	-0.9995	6.555497047988686	-2309.9611521050947
0.30493772566389427	0.8280093351040513	-0.9995	6.557398524650798	-11.220527059814467
0.30689346367438336	0.8001282342408328	-0.9995	6.441704991159984	-1705.4380888427813
0.3153162839241889	0.7938870076574023	-0.9995	5.506361432078359	-431.02096238761857
0.30266364871874557	0.8033625016086839	-0.9995	6.643829075825824	-2683.561660425531
0.3197812192649911	0.7946906902829238	-0.9995	4.722821020261924	-11.789082358850557
0.3088728062236729	0.7983359274632927	-0.9995	6.2856707468959545	-1364.9469854041604
0.3221141718266226	0.7919906160277465	-0.9995	4.234121220423252	-4.689272181825369
0.30138663165607366	0.7997798540838279	-0.9995	6.669690461562071	-3955.3543887234173
0.3013906590916723	0.8005226111531452	-0.9995	6.669634534763945	-3792.5240826729955
0.30935778838857453	0.797241912346798	-0.9995	6.241463180683498	-1371.2964659556226
0.3071276307326368	0.798253307463794	-0.9995	6.425288599006054	-1906.9097393825434
0.31736163135843093	0.7955810548886703	-0.9995	5.172172981179937	-106.85556890549542
0.3087451034344265	0.7988070328598098	-0.9995	6.296920027916107	-1340.0101680305258
0.30875590363270905	0.7989814455107657	-0.9995	6.295974956183761	-1314.9766936029205
0.3025946044869511	0.8008869782484029	-0.9995	6.6456443360916655	-3173.576889743013
0.32235363137055006	0.7872081331510669	-0.9995	4.180880021057998	-49.899854835368714
0.3207354759682702	0.7940945964954691	-0.9995	4.529504380156647	-3.824172829310049
0.3116674902115571	0.7928098897604231	-0.9995	5.998652559126295	-1309.893722556179
0.31742740452811863	0.8023007580076057	-0.9995	5.16073205537675	-5.601009914357681
0.301309818461071	0.8006055491279964	-0.9995	6.670726076305387	-3813.0349847967022
0.3047419157207348	0.7990459688340242	-0.9995	6.566875374797441	-2635.641011354592
0.30337490586521776	0.7999793089542905	-0.9995	6.6223542503147925	-3016.929897271183
0.31016956014324376	0.8224445866664892	-0.9995	6.162204430774938	-62.39209005109858
0.31625973601713975	0.8024514017032544	-0.9995	5.3574091215748405	-8.569926502076903
0.3212166808092685	0.7987964260182031	-0.9995	4.4285664754982825	-92.89762499452868
0.3019710806719695	0.7992239922256916	-0.9995	6.659878403233142	-3796.7660100941494
0.3190944648930744	0.8017464180426457	-0.9995	4.856311250545941	-49.02243394025329
0.305771150160809	0.800677922849082	-0.9995	6.512773327417168	-1988.7559777685633
0.3055280037086217	0.7985832036793443	-0.9995	6.526510073297523	-2416.2983651324575
0.30762252845768745	0.7991400533132482	-0.9995	6.388789497868924	-1620.5709519976808
0.3167601940589298	0.7965869116504422	-0.9995	5.274783673845269	-116.2309682004526
0.3068097826889725	0.7994387729967272	-0.9995	6.44743849695505	-1832.5329864399057
0.30493772566389427	0.8280093351040513	-0.9995	6.557398524650798	-11.220527059814467
0.30689346367438336	0.8001282342408328	-0.9995	6.441704991159984	-1705.4380888427813
0.31648574998330714	0.793263432655743	-0.9995	5.320404435749641	-308.4986114620608
0.3034760996875185	0.8026196610166819	-0.9995	6.618887853122368	-2497.682838499301
0.3197812192649911	0.7946906902829238	-0.9995	4.722821020261924	-11.789082358850557
0.3088728062236729	0.7983359274632927	-0.9995	6.2856707468959545	-1364.9469854041604
0.3221141718266226	0.7919906160277465	-0.9995	4.234121220423252	-4.689272181825369
0.30138663165607366	0.7997798540838279	-0.9995	6.669690461562071	-3955.3543887234173
0.3013914502006158	0.8006685108816484	-0.9995	6.6696235300062305	-3760.958338064605
0.30935778838857453	0.797241912346798	-0.9995	6.241463180683498	-1371.2964659556226
0.3095154966695662	0.7971550494481243	-0.9995	6.226580813967573	-1338.8678311477668
0.31736163135843093	0.7955810548886703	-0.9995	5.172172981179937	-106.85556890549542
0.3119339383048979	0.8003535210374979	-0.9995	5.967209780984652	-484.9924394801025
0.3113824765865433	0.7984356784956915	-0.9995	6.031500332094169	-749.729167569392
0.3025946044869511	0.8008869782484029	-0.9995	6.6456443360916655	-3173.576889743013
0.32235363137055006	0.7872081331510669	-0.9995	4.180880021057998	-49.899854835368714
0.3207354759682702	0.7940945964954691	-0.9995	4.529504380156647	-3.824172829310049
0.3116674902115571	0.7928098897604231	-0.9995	5.998652559126295	-1309.893722556179
0.31742740452811863	0.8023007580076057	-0.9995	5.16073205537675	-5.601009914357681
0.30343775727890343	0.8004236434305673	-0.9995	6.620213322766931	-2906.8048412125027
0.3047419157207348	0.7990459688340242	-0.9995	6.566875374797441	-2635.641011354592
0.30337490586521776	0.7999793089542905	-0.9995	6.6223542503147925	-3016.929897271183
0.31016956014324376	0.8224445866664892	-0.9995	6.162204430774938	-62.39209005109858
0.31625973601713975	0.8024514017032544	-0.9995	5.3574091215748405	-8.569926502076903
0.32154300054740825	0.7954704338223526	-0.9995	4.358799835382037	-27.885206399770446
0.3017151045835615	0.799861919756176	-0.9995	6.664596279647432	-3780.662182188097
0.3190944648930744	0.8017464180426457	-0.9995	4.856311250545941	-49.02243394025329
0.3061526460825866	0.8007891462131816	-0.9995	6.49002892922236	-1845.3254453015738
0.3069438035869599	0.7982240203402726	-0.9995	6.438222157038814	-1972.7192185835763
0.3087927009631727	0.7989088477730097	-0.9995	6.29274624717131	-1314.0843886980722
0.31781866755941873	0.7959225345162984	-0.9995	5.09177963034479	-65.78175777598055
0.3070605197750962	0.7992787490119596	-0.9995	6.430049500837578	-1775.6159899314496
0.2956434842953796	0.8522687162437613	-0.9995	6.584408052887181	-8.87691726473405
0.30725916824048605	0.7998019750796623	-0.9995	6.4158265805917924	-1638.6131848328632
0.31794540102037194	0.7921922922003769	-0.9995	5.069117109400366	-199.36724208377566
0.3035032579927321	0.804175121876142	-0.9995	6.617940115491994	-2228.686133698811
0.3197812192649911	0.7946906902829238	-0.9995	4.722821020261924	-11.789082358850557
0.30957757123056645	0.7979982014619339	-0.9995	6.220654844927328	-1217.0810968208436
0.3221141718266226	0.7919906160277465	-0.9995	4.234121220423252	-4.689272181825369
0.3048327419186421	0.8086726929206205	-0.9995	6.562527226049195	-1194.4270785956198
0.30163439569621187	0.8006394392702126	-0.9995	6.665947951851221	-3653.542982693287
0.30935778838857453	0.797241912346798	-0.9995	6.241463180683498	-1371.2964659556226
0.3095154966695662	0.7971550494481243	-0.9995	6.226580813967573	-1338.8678311477668
0.31736163135843093	0.7955810548886703	-0.9995	5.172172981179937	-106.85556890549542
0.3119339383048979	0.8003535210374979	-0.9995	5.967209780984652	-484.9924394801025
0.31447280455245774	0.7978399517089718	-0.9995	5.631993840241991	-288.1299569208378
0.3025946044869511	0.8008869782484029	-0.9995	6.6456443360916655	-3173.576889743013
0.32235363137055006	0.7872081331510669	-0.9995	4.180880021057998	-49.899854835368714
0.3207354759682702	0.7940945964954691	-0.9995	4.529504380156647	-3.824172829310049
0.3116674902115571	0.7928098897604231	-0.9995	5.998652559126295	-1309.893722556179
0.31760156809617945	0.8017376735271864	-0.9995	5.130228201087986	-4.700398051950659
0.30343775727890343	0.8004236434305673	-0.9995	6.620213322766931	-2906.8048412125027
0.3061082265648736	0.7981131059710076	-0.9995	6.492752039471062	-2282.3811332121104
0.30337490586521776	0.7999793089542905	-0.9995	6.6223542503147925	-3016.929897271183
0.31016956014324376	0.8224445866664892	-0.9995	6.162204430774938	-62.39209005109858
0.3156853770302423	0.8038881031519821	-0.9995	5.449148935405935	-7.025930012436186
0.32154300054740825	0.7954704338223526	-0.9995	4.358799835382037	-27.885206399770446
0.3017151045835615	0.799861919756176	-0.9995	6.664596279647432	-3780.662182188097
0.3190944648930744	0.8017464180426457	-0.9995	4.856311250545941	-49.02243394025329
0.3061526460825866	0.8007891462131816	-0.9995	6.49002892922236	-1845.3254453015738
0.30697954581814	0.7982130421919967	-0.9995	6.43573389917262	-1962.4197728227114
0.3087927009631727	0.7989088477730097	-0.9995	6.29274624717131	-1314.0843886980722
0.31781866755941873	0.7959225345162984	-0.9995	5.09177963034479	-65.78175777598055
0.3070605197750962	0.7992787490119596	-0.9995	6.430049500837578	-1775.6159899314496
0.2956434842953796	0.8522687162437613	-0.9995	6.584408052887181	-8.87691726473405
0.30725916824048605	0.7998019750796623	-0.9995	6.4158265805917924	-1638.6131848328632
0.32008467609577923	0.7893701984937417	-0.9995	4.66233312894837	-128.84277425895198
0.3035032579927321	0.804175121876142	-0.9995	6.617940115491994	-2228.686133698811
0.321059283745864	0.793888481425866	-0.9995	4.461837038866137	-3.812719054051782
0.31132018115984683	0.7978487903244073	-0.9995	6.038571690851443	-819.8083614169717
0.3221141718266226	0.7919906160277465	-0.9995	4.234121220423252	-4.689272181825369
0.3040165617803704	0.8105669696842708	-0.9995	6.598640355632538	-1190.1231005309364
0.30163439569621187	0.8006394392702126	-0.9995	6.665947951851221	-3653.542982693287
0.30935778838857453	0.797241912346798	-0.9995	6.241463180683498	-1371.2964659556226
0.3095154966695662	0.7971550494481243	-0.9995	6.226580813967573	-1338.8678311477668
0.3232661575766655	0.7934615620823506	-0.9995	3.972733756399052	-62.5701028426529
0.3119339383048979	0.8003535210374979	-0.9995	5.967209780984652	-484.9924394801025
0.31447280455245774	0.7978399517089718	-0.9995	5.631993840241991	-288.1299569208378
0.3045791221212029	0.8001348048603449	-0.9995	6.57446240130575	-2506.454927535171
0.32226790583867904	0.7880818849247526	-0.9995	4.200006046108818	-34.385641156919384
0.3237525495480372	0.7882436754443705	-0.9995	3.8583861481503803	-4.31135899535257
0.31228725643335054	0.7920950435737618	-0.9995	5.924420845015629	-1235.6478312460047
0.31760156809617945	0.8017376735271864	-0.9995	5.130228201087986	-4.700398051950659
0.30761819240129284	0.7975029968315757	-0.9995	6.389119920994618	-1859.7993913388593
0.3061082265648736	0.7981131059710076	-0.9995	6.492752039471062	-2282.3811332121104
0.3063159998475134	0.7989823663252499	-0.9995	6.479844927941253	-2067.564991146173
0.31016956014324376	0.8224445866664892	-0.9995	6.162204430774938	-62.39209005109858
0.3156853770302423	0.8038881031519821	-0.9995	5.449148935405935	-7.025930012436186
0.32154300054740825	0.7954704338223526	-0.9995	4.358799835382037	-27.885206399770446
0.3017151045835615	0.799861919756176	-0.9995	6.664596279647432	-3780.662182188097
0.3188207531045107	0.8013583448723283	-0.9995	4.908200461205453	-29.298955317798644
0.3034005901833714	0.8142702075252437	-0.9995	6.6214841303339895	-944.6658428500482
0.30820605128381173	0.7982057777813525	-0.9995	6.342607809947458	-1574.6061091173724
0.31017744434968164	0.797530169852365	-0.9995	6.161402330855864	-1119.2238561426
0.31781866755941873	0.7959225345162984	-0.9995	5.09177963034479	-65.78175777598055
0.30724471008936327	0.7989723181312584	-0.9995	6.41687507691559	-1761.831065988664
0.2956434842953796	0.8522687162437613	-0.9995	6.584408052887181	-8.87691726473405
0.30725916824048605	0.7998019750796623	-0.9995	6.4158265805917924	-1638.6131848328632
0.32008467609577923	0.7893701984937417	-0.9995	4.66233312894837	-128.84277425895198
0.3035032579927321	0.804175121876142	-0.9995	6.617940115491994	-2228.686133698811
0.321059283745864	0.793888481425866	-0.9995	4.461837038866137	-3.812719054051782
0.3116150228131804	0.7977326328691329	-0.9995	6.0047604235566965	-769.2988712621175
0.3221141718266226	0.7919906160277465	-0.9995	4.234121220423252	-4.689272181825369
0.3040165617803704	0.8105669696842708	-0.9995	6.598640355632538	-1190.1231005309364
0.30163439569621187	0.8006394392702126	-0.9995	6.665947951851221	-3653.542982693287
0.30935778838857453	0.797241912346798	-0.9995	6.241463180683498	-1371.2964659556226
0.3095154966695662	0.7971550494481243	-0.9995	6.226580813967573	-1338.8678311477668
0.3232661575766655	0.7934615620823506	-0.9995	3.972733756399052	-62.5701028426529
0.3119339383048979	0.8003535210374979	-0.9995	5.967209780984652	-484.9924394801025
0.31447280455245774	0.7978399517089718	-0.9995	5.631993840241991	-288.1299569208378
0.3045791221212029	0.8001348048603449	-0.9995	6.57446240130575	-2506.454927535171
0.32226790583867904	0.7880818849247526	-0.9995	4.200006046108818	-34.385641156919384
0.3237525495480372	0.7882436754443705	-0.9995	3.8583861481503803	-4.31135899535257
0.31612434309430204	0.7928795345716111	-0.9995	5.379331997196369	-382.7877522869304
0.31760156809617945	0.8017376735271864	-0.9995	5.130228201087986	-4.700398051950659
0.3079964592143084	0.7979557706745692	-0.9995	6.359587398479709	-1673.3694498230414
0.3061082265648736	0.7981131059710076	-0.9995	6.492752039471062	-2282.3811332121104
0.3104477438626932	0.7981925005674412	-0.9995	6.133527439207983	-979.106313899039
0.3167364551767464	0.8059096555587216	-0.9995	5.278759538893988	-29.571698695654582
0.3156853770302423	0.8038881031519821	-0.9995	5.449148935405935	-7.025930012436186
0.31862544683167354	0.7996630901715557	-0.9995	4.944767849912708	-5.4451433434879135
0.3017151045835615	0.799861919756176	-0.9995	6.664596279647432	-3780.662182188097
0.31951685168919347	0.7995072743887995	-0.9995	4.7747666990203275	-23.46401201134497
0.3034005901833714	0.8142702075252437	-0.9995	6.6214841303339895	-944.6658428500482
0.3090063197844929	0.7979315210875761	-0.9995	6.2737352180074595	-1379.9690556858886
0.31017744434968164	0.797530169852365	-0.9995	6.161402330855864	-1119.2238561426
0.31865401038222313	0.7958602625265551	-0.9995	4.939443681609756	-27.901328064280623
0.30724471008936327	0.7989723181312584	-0.9995	6.41687507691559	-1761.831065988664
0.2956434842953796	0.8522687162437613	-0.9995	6.584408052887181	-8.87691726473405
0.3078692559122087	0.8006972056931468	-0.9995	6.36967825525104	-1341.87968442581
0.32208219334445387	0.7863554327406705	-0.9995	4.2411878838009835	-90.47277217146086
0.3035032579927321	0.804175121876142	-0.9995	6.617940115491994	-2228.686133698811
0.321059283745864	0.793888481425866	-0.9995	4.461837038866137	-3.812719054051782
0.31543990827277313	0.7946948497144267	-0.9995	5.487350360951957	-356.8122264877934
0.3221141718266226	0.7919906160277465	-0.9995	4.234121220423252	-4.689272181825369
0.3038183432236681	0.8112789181068083	-0.9995	6.606405473441539	-1160.7843892917626
0.30163439569621187	0.8006394392702126	-0.9995	6.665947951851221	-3653.542982693287
0.3096954277506196	0.7971501406204127	-0.9995	6.209297601972777	-1290.5369477785182
0.3095154966695662	0.7971550494481243	-0.9995	6.226580813967573	-1338.8678311477668
0.3232661575766655	0.7934615620823506	-0.9995	3.972733756399052	-62.5701028426529
0.3119339383048979	0.8003535210374979	-0.9995	5.967209780984652	-484.9924394801025
0.31447280455245774	0.7978399517089718	-0.9995	5.631993840241991	-288.1299569208378
0.3045791221212029	0.8001348048603449	-0.9995	6.57446240130575	-2506.454927535171
0.3229402800875585	0.7881551575748963	-0.9995	4.048021945832036	-12.767161600562073
0.3237525495480372	0.7882436754443705	-0.9995	3.8583861481503803	-4.31135899535257
0.31860099885043286	0.7925119872965923	-0.9995	4.949318407141175	-125.07016104642251
0.31760156809617945	0.8017376735271864	-0.9995	5.130228201087986	-4.700398051950659
0.31030694881818466	0.7964825078106618	-0.9995	6.148138228606808	-1211.0793680140857
0.3079170672878892	0.7988087384000692	-0.9995	6.365904426105372	-1577.7112565618977
0.3104477438626932	0.7981925005674412	-0.9995	6.133527439207983	-979.106313899039
0.3167364551767464	0.8059096555587216	-0.9995	5.278759538893988	-29.571698695654582
0.3156853770302423	0.8038881031519821	-0.9995	5.449148935405935	-7.025930012436186
0.31862544683167354	0.7996630901715557	-0.9995	4.944767849912708	-5.4451433434879135
0.3020154529886958	0.799885293838986	-0.9995	6.658993944561985	-3635.3537999651962
0.3194970303471777	0.7995794798493594	-0.9995	4.778633236516359	-23.923129219930527
0.303676856062273	0.8138602516742863	-0.9995	6.611707845796831	-921.6410269233389
0.3090063197844929	0.7979315210875761	-0.9995	6.2737352180074595	-1379.9690556858886
0.30939954151102916	0.80045994745341	-0.9995	6.237547295222397	-979.092480672469
0.31865401038222313	0.7958602625265551	-0.9995	4.939443681609756	-27.901328064280623
0.30724471008936327	0.7989723181312584	-0.9995	6.41687507691559	-1761.831065988664
0.2956434842953796	0.8522687162437613	-0.9995	6.584408052887181	-8.87691726473405
0.3078692559122087	0.8006972056931468	-0.9995	6.36967825525104	-1341.87968442581
0.326718142594947	0.7794274996761841	-0.9995	3.1100084796905847	-32.02862043526169
0.3035032579927321	0.804175121876142	-0.9995	6.617940115491994	-2228.686133698811
0.3214140883356549	0.7925959943281609	-0.9995	4.386488302074046	-4.108173401631742
0.31543990827277313	0.7946948497144267	-0.9995	5.487350360951957	-356.8122264877934
0.3221141718266226	0.7919906160277465	-0.9995	4.234121220423252	-4.689272181825369
0.3040476432966194	0.816448633580568	-0.9995	6.5973871170268605	-612.2581647628261
0.30163439569621187	0.8006394392702126	-0.9995	6.665947951851221	-3653.542982693287
0.3096954277506196	0.7971501406204127	-0.9995	6.209297601972777	-1290.5369477785182
0.3095154966695662	0.7971550494481243	-0.9995	6.226580813967573	-1338.8678311477668
0.3210461361183441	0.7941208770300412	-0.9995	4.464604970750859	-4.197873126032302
0.3119339383048979	0.8003535210374979	-0.9995	5.967209780984652	-484.9924394801025
0.3154824293375167	0.7972687238718092	-0.9995	5.480776107354211	-203.3036304391491
0.3045791221212029	0.8001348048603449	-0.9995	6.57446240130575	-2506.454927535171
0.3229402800875585	0.7881551575748963	-0.9995	4.048021945832036	-12.767161600562073
0.3237525495480372	0.7882436754443705	-0.9995	3.8583861481503803	-4.31135899535257
0.31860099885043286	0.7925119872965923	-0.9995	4.949318407141175	-125.07016104642251
0.31760156809617945	0.8017376735271864	-0.9995	5.130228201087986	-4.700398051950659
0.31030694881818466	0.7964825078106618	-0.9995	6.148138228606808	-1211.0793680140857
0.3079170672878892	0.7988087384000692	-0.9995	6.365904426105372	-1577.7112565618977
0.3104477438626932	0.7981925005674412	-0.9995	6.133527439207983	-979.106313899039
0.31735186182941055	0.8044984886809634	-0.9995	5.173868653575424	-28.4972084823749
0.3156853770302423	0.8038881031519821	-0.9995	5.449148935405935	-7.025930012436186
0.31862544683167354	0.7996630901715557	-0.9995	4.944767849912708	-5.4451433434879135
0.3079683273538508	0.794955357853046	-0.9995	6.361832994219563	-2142.017314542833
0.3194970303471777	0.7995794798493594	-0.9995	4.778633236516359	-23.923129219930527
0.3071146717090818	0.8097824468258681	-0.9995	6.426211430670154	-581.0123725505756
0.3045422483712412	0.8160837403355509	-0.9995	6.5761440969799825	-550.670054162314
0.31490133129323156	0.7974654040645599	-0.9995	5.569055826756989	-257.53183513006206
0.31865401038222313	0.7958602625265551	-0.9995	4.939443681609756	-27.901328064280623
0.30724471008936327	0.7989723181312584	-0.9995	6.41687507691559	-1761.831065988664
0.3030297064039692	0.8344385662288373	-0.9995	6.63340859383894	-1.770652164811363
0.3081157311656169	0.8002710573764011	-0.9995	6.349978736547371	-1327.7857153164766
0.3336554455194299	0.7679602982654318	-0.9995	1.0158591327536315	-11.511612357450703
0.3127611653364688	0.7981139995056623	-0.9995	5.865067494586734	-520.6692315214121
0.32055276087760964	0.7951197199720998	-0.9995	4.56722429984919	-4.025523641764007
0.31309626819162745	0.8033026103818561	-0.9995	5.821742995575034	-161.55367837573593
0.3221141718266226	0.7919906160277465	-0.9995	4.234121220423252	-4.689272181825369
0.3044097419551457	0.8189763625021707	-0.9995	6.582075077755338	-373.03459963976036
0.30163439569621187	0.8006394392702126	-0.9995	6.665947951851221	-3653.542982693287
0.3096954277506196	0.7971501406204127	-0.9995	6.209297601972777	-1290.5369477785182
0.3095154966695662	0.7971550494481243	-0.9995	6.226580813967573	-1338.8678311477668
0.3210461361183441	0.7941208770300412	-0.9995	4.464604970750859	-4.197873126032302
0.3119339383048979	0.8003535210374979	-0.9995	5.967209780984652	-484.9924394801025
0.3154824293375167	0.7972687238718092	-0.9995	5.480776107354211	-203.3036304391491
0.3045791221212029	0.8001348048603449	-0.9995	6.57446240130575	-2506.454927535171
0.32238797423365917	0.7897703762334022	-0.9995	4.173197246875263	-8.221436664674782
0.3237525495480372	0.7882436754443705	-0.9995	3.8583861481503803	-4.31135899535257
0.3207910574027263	0.7899361267782911	-0.9995	4.5179638586929	-61.473945242912514
0.3066781442489607	0.8268752038345877	-0.9995	6.456316145260562	-4.477754412095319
0.31201542771383456	0.7963551464718651	-0.9995	5.957451682578281	-820.6703398823333
0.3079170672878892	0.7988087384000692	-0.9995	6.365904426105372	-1577.7112565618977
0.3104477438626932	0.7981925005674412	-0.9995	6.133527439207983	-979.106313899039
0.31734651734525277	0.8044966627892924	-0.9995	5.1747958782644226	-28.269520579692607
0.3156853770302423	0.8038881031519821	-0.9995	5.449148935405935	-7.025930012436186
0.31862544683167354	0.7996630901715557	-0.9995	4.944767849912708	-5.4451433434879135
0.31016715277633683	0.7956323100723038	-0.9995	6.16244922042333	-1355.4068078154282
0.3194970303471777	0.7995794798493594	-0.9995	4.778633236516359	-23.923129219930527
0.3100360668120287	0.8146563505191441	-0.9995	6.175691013032678	-28.381083524977683
0.3075879076127537	0.8119077918748546	-0.9995	6.391422488611774	-354.31693224527254
0.3145584845272789	0.7992938708636932	-0.9995	5.6195568396551	-200.45845675181323
0.322242823136929	0.789010014100497	-0.9995	4.205588292806683	-19.507374289900724
0.30724471008936327	0.7989723181312584	-0.9995	6.41687507691559	-1761.831065988664
0.2963031628596065	0.8534307287248115	-0.9995	6.610971174097237	-3.5868380750654367
0.3081157311656169	0.8002710573764011	-0.9995	6.349978736547371	-1327.7857153164766
0.3336554455194299	0.7679602982654318	-0.9995	1.0158591327536315	-11.511612357450703
0.3127611653364688	0.7981139995056623	-0.9995	5.865067494586734	-520.6692315214121
0.32055276087760964	0.7951197199720998	-0.9995	4.56722429984919	-4.025523641764007
0.31327831022571945	0.8061212831071809	-0.9995	5.797736586057971	-54.06130054128783
0.3221141718266226	0.7919906160277465	-0.9995	4.234121220423252	-4.689272181825369
0.3078334042746143	0.8135367001289339	-0.9995	6.3724930856624695	-232.39559201409423
0.30163439569621187	0.8006394392702126	-0.9995	6.665947951851221	-3653.542982693287
0.3096954277506196	0.7971501406204127	-0.9995	6.209297601972777	-1290.5369477785182
0.31319999376182583	0.7981694203928951	-0.9995	5.808105021748993	-445.11876923587516
0.3210461361183441	0.7941208770300412	-0.9995	4.464604970750859	-4.197873126032302
0.3119339383048979	0.8003535210374979	-0.9995	5.967209780984652	-484.9924394801025
0.3167013925946498	0.7959451193774651	-0.9995	5.284621625307082	-146.4306971737118
0.30572248963949517	0.800092242554019	-0.9995	6.515569759939552	-2097.05772772577
0.32238797423365917	0.7897703762334022	-0.9995	4.173197246875263	-8.221436664674782
0.3237525495480372	0.7882436754443705	-0.9995	3.8583861481503803	-4.31135899535257
0.3207910574027263	0.7899361267782911	-0.9995	4.5179638586929	-61.473945242912514
0.3066781442489607	0.8268752038345877	-0.9995	6.456316145260562	-4.477754412095319
0.31201542771383456	0.7963551464718651	-0.9995	5.957451682578281	-820.6703398823333
0.3079170672878892	0.7988087384000692	-0.9995	6.365904426105372	-1577.7112565618977
0.3104477438626932	0.7981925005674412	-0.9995	6.133527439207983	-979.106313899039
0.3176987246068891	0.8034666014983036	-0.9995	5.1130799347576925	-24.029886931735533
0.3156853770302423	0.8038881031519821	-0.9995	5.449148935405935	-7.025930012436186
0.31862544683167354	0.7996630901715557	-0.9995	4.944767849912708	-5.4451433434879135
0.3126857516133567	0.795752881274784	-0.9995	5.874662728331287	-740.3572817097388
0.32081770538829635	0.7944957642592454	-0.9995	4.512419910140684	-3.9284351831596585
0.3100360668120287	0.8146563505191441	-0.9995	6.175691013032678	-28.381083524977683
0.3075879076127537	0.8119077918748546	-0.9995	6.391422488611774	-354.31693224527254
0.3145584845272789	0.7992938708636932	-0.9995	5.6195568396551	-200.45845675181323
0.322242823136929	0.789010014100497	-0.9995	4.205588292806683	-19.507374289900724
0.30724471008936327	0.7989723181312584	-0.9995	6.41687507691559	-1761.831065988664
0.2963031628596065	0.8534307287248115	-0.9995	6.610971174097237	-3.5868380750654367
0.31931977082790897	0.7860966221582555	-0.9995	4.813036474095586	-399.2988157247436
0.3336554455194299	0.7679602982654318	-0.9995	1.0158591327536315	-11.511612357450703
0.3127611653364688	0.7981139995056623	-0.9995	5.865067494586734	-520.6692315214121
0.32055276087760964	0.7951197199720998	-0.9995	4.56722429984919	-4.025523641764007
0.313309647840568	0.809303148052041	-0.9995	5.79357057011052	-5.5138334823556345
0.3221141718266226	0.7919906160277465	-0.9995	4.234121220423252	-4.689272181825369
0.30771334519684285	0.8191778943816631	-0.9995	6.381825727681905	-44.45840743436357
0.30163439569621187	0.8006394392702126	-0.9995	6.665947951851221	-3653.542982693287
0.3136894074739038	0.7954907911339606	-0.9995	5.742304813377335	-573.5749052574115
0.3180887228406858	0.7935710767364128	-0.9995	5.043294728274459	-125.19013613787759
0.3210461361183441	0.7941208770300412	-0.9995	4.464604970750859	-4.197873126032302
0.3142955798281035	0.7984134689077008	-0.9995	5.6574861852017975	-276.7620444858881
0.3167013925946498	0.7959451193774651	-0.9995	5.284621625307082	-146.4306971737118
0.30572248963949517	0.800092242554019	-0.9995	6.515569759939552	-2097.05772772577
0.32238797423365917	0.7897703762334022	-0.9995	4.173197246875263	-8.221436664674782
0.3237525495480372	0.7882436754443705	-0.9995	3.8583861481503803	-4.31135899535257
0.3207910574027263	0.7899361267782911	-0.9995	4.5179638586929	-61.473945242912514
0.3066781442489607	0.8268752038345877	-0.9995	6.456316145260562	-4.477754412095319
0.3122246003127497	0.79678449521498	-0.9995	5.932099934277801	-735.4920367118141
0.3079170672878892	0.7988087384000692	-0.9995	6.365904426105372	-1577.7112565618977
0.31119150574145715	0.7987334860362371	-0.9995	6.053055194504857	-760.4583944218975
0.3176987246068891	0.8034666014983036	-0.9995	5.1130799347576925	-24.029886931735533
0.3156853770302423	0.8038881031519821	-0.9995	5.449148935405935	-7.025930012436186
0.31862544683167354	0.7996630901715557	-0.9995	4.944767849912708	-5.4451433434879135
0.3127765265271462	0.7977244019297945	-0.9995	5.863106047815844	-549.26614797666
0.3208966201160286	0.7943099166828255	-0.9995	4.4959605369421425	-3.9050640393343983
0.3063357162617881	0.824345439953269	-0.9995	6.478597695560767	-14.18926341590135
0.3028798436623956	0.8244612079349926	-0.9995	6.637836700710999	-269.5108067780402
0.3114898442216533	0.8100341672275744	-0.9995	6.0192215971208975	-55.45048268441783
0.322242823136929	0.789010014100497	-0.9995	4.205588292806683	-19.507374289900724
0.30724471008936327	0.7989723181312584	-0.9995	6.41687507691559	-1761.831065988664
0.2964687742354205	0.8517908007108744	-0.9995	6.61695642130805	-1.5802704383211044
0.31931977082790897	0.7860966221582555	-0.9995	4.813036474095586	-399.2988157247436
0.3336554455194299	0.7679602982654318	-0.9995	1.0158591327536315	-11.511612357450703
0.3127611653364688	0.7981139995056623	-0.9995	5.865067494586734	-520.6692315214121
0.32065330516777213	0.7949155193685998	-0.9995	4.546509126544583	-4.059868728398692
0.30834421364853315	0.822157098745632	-0.9995	6.331174691248364	-2.1034869094903996
0.3214635956479344	0.793269858488284	-0.9995	4.3758745076200505	-4.36702470164089
0.30805093052178745	0.8224142095177541	-0.9995	6.355216786976955	-1.8124826692379497
0.303844683138094	0.8117846217516343	-0.9995	6.605396256148477	-1097.8713470880691
0.31373485892976244	0.7957099366606444	-0.9995	5.736072449207823	-547.4536830129023
0.3180887228406858	0.7935710767364128	-0.9995	5.043294728274459	-125.19013613787759
0.32205272644413424	0.7913105515576394	-0.9995	4.2476904802111095	-4.191688667974144
0.3142955798281035	0.7984134689077008	-0.9995	5.6574861852017975	-276.7620444858881
0.31956676622309393	0.7963773327236163	-0.9995	4.765012496164149	-3.920742652365857
0.30572248963949517	0.800092242554019	-0.9995	6.515569759939552	-2097.05772772577
0.32238797423365917	0.7897703762334022	-0.9995	4.173197246875263	-8.221436664674782
0.3237525495480372	0.7882436754443705	-0.9995	3.8583861481503803	-4.31135899535257
0.3207910574027263	0.7899361267782911	-0.9995	4.5179638586929	-61.473945242912514
0.3066781442489607	0.8268752038345877	-0.9995	6.456316145260562	-4.477754412095319
0.31263446769835007	0.7965759878821757	-0.9995	5.881155328206942	-673.9898268940522
0.3079170672878892	0.7988087384000692	-0.9995	6.365904426105372	-1577.7112565618977
0.31377915166323495	0.7973571416242144	-0.9995	5.729979095518047	-414.7361950748568
0.3176987246068891	0.8034666014983036	-0.9995	5.1130799347576925	-24.029886931735533
0.3126692169145593	0.8121301769997825	-0.9995	5.876758912169423	-2.5234725684290265
0.31665293149984575	0.8041063904815777	-0.9995	5.292703560617424	-6.222631477686905
0.3127765265271462	0.7977244019297945	-0.9995	5.863106047815844	-549.26614797666
0.3208966201160286	0.7943099166828255	-0.9995	4.4959605369421425	-3.9050640393343983
0.31124693484954197	0.8142568499122976	-0.9995	6.046836480760991	-3.7674674910660393
0.3028798436623956	0.8244612079349926	-0.9995	6.637836700710999	-269.5108067780402
0.3114898442216533	0.8100341672275744	-0.9995	6.0192215971208975	-55.45048268441783
0.322242823136929	0.789010014100497	-0.9995	4.205588292806683	-19.507374289900724
0.30724471008936327	0.7989723181312584	-0.9995	6.41687507691559	-1761.831065988664
0.2964687742354205	0.8517908007108744	-0.9995	6.61695642130805	-1.5802704383211044
0.31931977082790897	0.7860966221582555	-0.9995	4.813036474095586	-399.2988157247436
0.3310686128419102	0.773302643803299	-0.9995	1.8530106787076623	-7.441561797589955
0.3127611653364688	0.7981139995056623	-0.9995	5.865067494586734	-520.6692315214121
0.32036544028631075	0.7955768898412326	-0.9995	4.605548408033753	-4.154038537142371
0.30834421364853315	0.822157098745632	-0.9995	6.331174691248364	-2.1034869094903996
0.3214635956479344	0.793269858488284	-0.9995	4.3758745076200505	-4.36702470164089
0.30805093052178745	0.8224142095177541	-0.9995	6.355216786976955	-1.8124826692379497
0.3098166854926116	0.8082045525705712	-0.9995	6.197467628005944	-276.35888305392484
0.3138273954315968	0.7955154200518298	-0.9995	5.723319876201475	-547.3643948182389
0.3180887228406858	0.7935710767364128	-0.9995	5.043294728274459	-125.19013613787759
0.3216506064558858	0.7923464294867987	-0.9995	4.3355603987719835	-3.839004849419373
0.3142955798281035	0.7984134689077008	-0.9995	5.6574861852017975	-276.7620444858881
0.31972741619643796	0.7960082973640814	-0.9995	4.733449449372783	-4.037064848857627
0.3073953445760439	0.799241229437966	-0.9995	6.40584859131809	-1675.9426986847914
0.32238797423365917	0.7897703762334022	-0.9995	4.173197246875263	-8.221436664674782
0.3237525495480372	0.7882436754443705	-0.9995	3.8583861481503803	-4.31135899535257
0.3207910574027263	0.7899361267782911	-0.9995	4.5179638586929	-61.473945242912514
0.3076927085238227	0.824073120697862	-0.9995	6.3834153761477275	-2.994288551309605
0.31297489273689477	0.7961461969158241	-0.9995	5.837564990640574	-647.6568406664124
0.3079170672878892	0.7988087384000692	-0.9995	6.365904426105372	-1577.7112565618977
0.3197445873426243	0.7955965300465545	-0.9995	4.730060551657601	-5.503070462153033
0.3176987246068891	0.8034666014983036	-0.9995	5.1130799347576925	-24.029886931735533
0.30942501142165085	0.8186644835468498	-0.9995	6.235149996818954	-2.8467645845394784
0.31665293149984575	0.8041063904815777	-0.9995	5.292703560617424	-6.222631477686905
0.3127765265271462	0.7977244019297945	-0.9995	5.863106047815844	-549.26614797666
0.3208966201160286	0.7943099166828255	-0.9995	4.4959605369421425	-3.9050640393343983
0.31124693484954197	0.8142568499122976	-0.9995	6.046836480760991	-3.7674674910660393
0.3028798436623956	0.8244612079349926	-0.9995	6.637836700710999	-269.5108067780402
0.3186505856375921	0.7965999750086318	-0.9995	4.940082475184418	-16.85972756928303
0.3205275796749239	0.7926341149086855	-0.9995	4.572396561758453	-17.877247649921244
0.3090868894273963	0.7977486741577485	-0.9995	6.266446400981565	-1381.164167209912
0.29811741113976414	0.8479125890892276	-0.9995	6.661583494226779	-1.7972935775114642
0.31931977082790897	0.7860966221582555	-0.9995	4.813036474095586	-399.2988157247436
0.33069774291276816	0.7740062080265208	-0.9995	1.9675470986181591	-7.3092624224013
0.3127611653364688	0.7981139995056623	-0.9995	5.865067494586734	-520.6692315214121
0.32036544028631075	0.7955768898412326	-0.9995	4.605548408033753	-4.154038537142371
0.30834421364853315	0.822157098745632	-0.9995	6.331174691248364	-2.1034869094903996
0.3214635956479344	0.793269858488284	-0.9995	4.3758745076200505	-4.36702470164089
0.30805093052178745	0.8224142095177541	-0.9995	6.355216786976955	-1.8124826692379497
0.3119407632283401	0.805661869781727	-0.9995	5.966395065933806	-169.01453664824334
0.3138273954315968	0.7955154200518298	-0.9995	5.723319876201475	-547.3643948182389
0.3180887228406858	0.7935710767364128	-0.9995	5.043294728274459	-125.19013613787759
0.3218554342805079	0.7918461536347036	-0.9995	4.291004160362201	-3.9506495949449967
0.3145320329426819	0.7988193966461062	-0.9995	5.623404291074239	-227.08573493679287
0.31972741619643796	0.7960082973640814	-0.9995	4.733449449372783	-4.037064848857627
0.3073953445760439	0.799241229437966	-0.9995	6.40584859131809	-1675.9426986847914
0.32238797423365917	0.7897703762334022	-0.9995	4.173197246875263	-8.221436664674782
0.32052216655189436	0.7951025552014024	-0.9995	4.573507598391739	-3.850165819027456
0.32781076062615067	0.7827870593846818	-0.9995	2.8121121652849363	-29.545034153716976
0.3080031527735241	0.8232157175559072	-0.9995	6.359051926728368	-2.6472334985471964
0.31297489273689477	0.7961461969158241	-0.9995	5.837564990640574	-647.6568406664124
0.3129046947609252	0.7974541603854928	-0.9995	5.846648463946948	-548.9946286548253
0.3197445873426243	0.7955965300465545	-0.9995	4.730060551657601	-5.503070462153033
0.30666667980071516	0.8283561239066635	-0.9995	6.457081100483881	-16.942368881265175
0.31208092596443715	0.8130253384313404	-0.9995	5.94956033751914	-2.2382671303992563
0.3184151375803749	0.7998272045587337	-0.9995	4.983717737789523	-4.182372046564448
0.3127765265271462	0.7977244019297945	-0.9995	5.863106047815844	-549.26614797666
0.3208966201160286	0.7943099166828255	-0.9995	4.4959605369421425	-3.9050640393343983
0.31124693484954197	0.8142568499122976	-0.9995	6.046836480760991	-3.7674674910660393
0.3028798436623956	0.8244612079349926	-0.9995	6.637836700710999	-269.5108067780402
0.3203646113704941	0.7961593413273067	-0.9995	4.605717216953909	-6.7582516694811225
0.3205275796749239	0.7926341149086855	-0.9995	4.572396561758453	-17.877247649921244
0.3093783838268139	0.7976183616202761	-0.9995	6.239533782294979	-1317.4394977723146
0.29811741113976414	0.8479125890892276	-0.9995	6.661583494226779	-1.7972935775114642
0.31931977082790897	0.7860966221582555	-0.9995	4.813036474095586	-399.2988157247436
0.33069774291276816	0.7740062080265208	-0.9995	1.9675470986181591	-7.3092624224013
0.3127611653364688	0.7981139995056623	-0.9995	5.865067494586734	-520.6692315214121
0.3204142476485591	0.7946910527637854	-0.9995	4.595596663026698	-3.88990615371
0.3086264391260322	0.8207387631108743	-0.9995	6.307226938334502	-2.2565305632080666
0.3220926343904499	0.7920452976151588	-0.9995	4.238881726759753	-4.717931712967077
0.30805093052178745	0.8224142095177541	-0.9995	6.355216786976955	-1.8124826692379497
0.3119407632283401	0.805661869781727	-0.9995	5.966395065933806	-169.01453664824334
0.3117462282376713	0.8050601358332172	-0.9995	5.989434809252867	-216.8368255562929
0.3180887228406858	0.7935710767364128	-0.9995	5.043294728274459	-125.19013613787759
0.3218554342805079	0.7918461536347036	-0.9995	4.291004160362201	-3.9506495949449967
0.3145320329426819	0.7988193966461062	-0.9995	5.623404291074239	-227.08573493679287
0.31972741619643796	0.7960082973640814	-0.9995	4.733449449372783	-4.037064848857627
0.3073953445760439	0.799241229437966	-0.9995	6.40584859131809	-1675.9426986847914
0.32279306182524153	0.7893037681275891	-0.9995	4.081685861463782	-6.091013530378106
0.3205290327234116	0.7950565010206828	-0.9995	4.5720982755156765	-3.7959064563182583
0.32781076062615067	0.7827870593846818	-0.9995	2.8121121652849363	-29.545034153716976
0.3080031527735241	0.8232157175559072	-0.9995	6.359051926728368	-2.6472334985471964
0.31297489273689477	0.7961461969158241	-0.9995	5.837564990640574	-647.6568406664124
0.31142172323357054	0.8054870308935056	-0.9995	6.027025390188774	-231.30291982017866
0.3200404472102691	0.7944771579729804	-0.9995	4.671206576372288	-8.858564237510063
0.30666667980071516	0.8283561239066635	-0.9995	6.457081100483881	-16.942368881265175
0.31208092596443715	0.8130253384313404	-0.9995	5.94956033751914	-2.2382671303992563
0.3184151375803749	0.7998272045587337	-0.9995	4.983717737789523	-4.182372046564448
0.3127765265271462	0.7977244019297945	-0.9995	5.863106047815844	-549.26614797666
0.3208966201160286	0.7943099166828255	-0.9995	4.4959605369421425	-3.9050640393343983
0.31124693484954197	0.8142568499122976	-0.9995	6.046836480760991	-3.7674674910660393
0.30711420779608417	0.8168246759121602	-0.9995	6.426244435480875	-159.19298826379415
0.3203646113704941	0.7961593413273067	-0.9995	4.605717216953909	-6.7582516694811225
0.3205275796749239	0.7926341149086855	-0.9995	4.572396561758453	-17.877247649921244
0.30809940631039096	0.8121158534155001	-0.9995	6.351302285406195	-274.5783841156332
0.2987518297843967	0.8464096491136728	-0.9995	6.671514553874603	-2.1507862937451687
0.31931977082790897	0.7860966221582555	-0.9995	4.813036474095586	-399.2988157247436
0.33069774291276816	0.7740062080265208	-0.9995	1.9675470986181591	-7.3092624224013
0.3131468562572928	0.8011662833154221	-0.9995	5.8151050510606	-260.6830817644695
0.3204142476485591	0.7946910527637854	-0.9995	4.595596663026698	-3.88990615371
0.3086264391260322	0.8207387631108743	-0.9995	6.307226938334502	-2.2565305632080666
0.3220926343904499	0.7920452976151588	-0.9995	4.238881726759753	-4.717931712967077
0.30805093052178745	0.8224142095177541	-0.9995	6.355216786976955	-1.8124826692379497
0.30592395125876015	0.8216152909566254	-0.9995	6.5038382057293695	-89.4770718384341
0.3141608855411701	0.8016160513310466	-0.9995	5.676650801759595	-135.94187954245842
0.32443007972277393	0.7817985949190559	-0.9995	3.6951602220047466	-87.08113915403595
0.3218554342805079	0.7918461536347036	-0.9995	4.291004160362201	-3.9506495949449967
0.3173216621359527	0.7956061074196739	-0.9995	5.179104302549711	-108.96298865554297
0.31972741619643796	0.7960082973640814	-0.9995	4.733449449372783	-4.037064848857627
0.3078318132619078	0.7990886812837655	-0.9995	6.372617703463225	-1564.6853509689017
0.32279306182524153	0.7893037681275891	-0.9995	4.081685861463782	-6.091013530378106
0.3205290327234116	0.7950565010206828	-0.9995	4.5720982755156765	-3.7959064563182583
0.32781076062615067	0.7827870593846818	-0.9995	2.8121121652849363	-29.545034153716976
0.3080031527735241	0.8232157175559072	-0.9995	6.359051926728368	-2.6472334985471964
0.31143741262143265	0.8048413756843462	-0.9995	6.025232160945665	-263.5574460341434
0.31142172323357054	0.8054870308935056	-0.9995	6.027025390188774	-231.30291982017866
0.32006878535670913	0.7945107600911013	-0.9995	4.665523469841884	-8.136616579794481
0.306816358276631	0.8244993605783791	-0.9995	6.4469904975332195	-3.9456996283196037
0.3140810505674791	0.8085593175150847	-0.9995	5.687924272890682	-2.484716076825266
0.3184151375803749	0.7998272045587337	-0.9995	4.983717737789523	-4.182372046564448
0.3127765265271462	0.7977244019297945	-0.9995	5.863106047815844	-549.26614797666
0.32015184705770217	0.7959796197307131	-0.9995	4.6488194991251	-3.995580907503747
0.31129216951212446	0.8141319181673521	-0.9995	6.0417387368574325	-3.864509147177678
0.3124124462941178	0.808059599338637	-0.9995	5.908960083288406	-53.45525378568723
0.3203646113704941	0.7961593413273067	-0.9995	4.605717216953909	-6.7582516694811225
0.3205275796749239	0.7926341149086855	-0.9995	4.572396561758453	-17.877247649921244
0.3095964190245062	0.8091289524591814	-0.9995	6.2188479078406775	-253.1262778940206
0.2902342183898088	0.8697122195098975	-0.9995	6.202451746020456	-1.9665029802881282
0.31931977082790897	0.7860966221582555	-0.9995	4.813036474095586	-399.2988157247436
0.33069774291276816	0.7740062080265208	-0.9995	1.9675470986181591	-7.3092624224013
0.3131468562572928	0.8011662833154221	-0.9995	5.8151050510606	-260.6830817644695
0.3204142476485591	0.7946910527637854	-0.9995	4.595596663026698	-3.88990615371
0.3048725453215751	0.8296036163851656	-0.9995	6.560595708756182	-2.3995510089710024
0.32239639641096546	0.7908563485605078	-0.9995	4.171311337324665	-3.983637795028402
0.30661125332179884	0.8260887867184474	-0.9995	6.460760845885218	-1.7254740306282628
0.2926827125513806	0.8567240926017834	-0.9995	6.411590720281588	-63.413228565140976
0.3141608855411701	0.8016160513310466	-0.9995	5.676650801759595	-135.94187954245842
0.32443007972277393	0.7817985949190559	-0.9995	3.6951602220047466	-87.08113915403595
0.3208427748146036	0.7941208659740326	-0.9995	4.507197888448826	-3.6380807814449154
0.3173216621359527	0.7956061074196739	-0.9995	5.179104302549711	-108.96298865554297
0.31972741619643796	0.7960082973640814	-0.9995	4.733449449372783	-4.037064848857627
0.3098188900035807	0.7998821748665468	-0.9995	6.197251193798113	-943.504791825437
0.32279306182524153	0.7893037681275891	-0.9995	4.081685861463782	-6.091013530378106
0.3205290327234116	0.7950565010206828	-0.9995	4.5720982755156765	-3.7959064563182583
0.32781076062615067	0.7827870593846818	-0.9995	2.8121121652849363	-29.545034153716976
0.3080031527735241	0.8232157175559072	-0.9995	6.359051926728368	-2.6472334985471964
0.3158786467407265	0.8005221095522441	-0.9995	5.418647086726273	-53.053176113857184
0.31142172323357054	0.8054870308935056	-0.9995	6.027025390188774	-231.30291982017866
0.32006878535670913	0.7945107600911013	-0.9995	4.665523469841884	-8.136616579794481
0.30285148625661185	0.836147059676672	-0.9995	6.638649328951969	-3.394326378251181
0.3140810505674791	0.8085593175150847	-0.9995	5.687924272890682	-2.484716076825266
0.3184151375803749	0.7998272045587337	-0.9995	4.983717737789523	-4.182372046564448
0.3127765265271462	0.7977244019297945	-0.9995	5.863106047815844	-549.26614797666
0.31910783926218594	0.7979897225808624	-0.9995	4.853756591962524	-3.4365605671835464
0.31129216951212446	0.8141319181673521	-0.9995	6.0417387368574325	-3.864509147177678
0.3126918515268234	0.808940557733831	-0.9995	5.873888722415554	-23.988524154965294
0.32496578691396366	0.7855347633896699	-0.9995	3.5628516171430014	-4.691871425106678
0.3205275796749239	0.7926341149086855	-0.9995	4.572396561758453	-17.877247649921244
0.3095964190245062	0.8091289524591814	-0.9995	6.2188479078406775	-253.1262778940206
0.2902342183898088	0.8697122195098975	-0.9995	6.202451746020456	-1.9665029802881282
0.31560558962988133	0.7990678903144581	-0.9995	5.461632059828899	-114.98282350419316
0.33069774291276816	0.7740062080265208	-0.9995	1.9675470986181591	-7.3092624224013
0.3172338332091474	0.7941509745848265	-0.9995	5.194279162906641	-176.3340197030971
0.3204142476485591	0.7946910527637854	-0.9995	4.595596663026698	-3.88990615371
0.3080900435022988	0.8224549598837213	-0.9995	6.352060178964765	-1.7962269720440798
0.32347420359020546	0.7885916270135812	-0.9995	3.9241130273381235	-4.272404913272524
0.30661125332179884	0.8260887867184474	-0.9995	6.460760845885218	-1.7254740306282628
0.3043258712823552	0.8309767382574196	-0.9995	6.585738386552672	-2.3029047329315144
0.3149562549230838	0.8002881071207052	-0.9995	5.560856391688853	-121.20559415499302
0.32443007972277393	0.7817985949190559	-0.9995	3.6951602220047466	-87.08113915403595
0.3208427748146036	0.7941208659740326	-0.9995	4.507197888448826	-3.6380807814449154
0.31700155253840645	0.7965896544928092	-0.9995	5.234040254729225	-98.09215263835864
0.31972741619643796	0.7960082973640814	-0.9995	4.733449449372783	-4.037064848857627
0.31194292379241456	0.7989085213654482	-0.9995	5.966137054753089	-599.1987134000244
0.3219437402365816	0.7914504867355974	-0.9995	4.271665520457342	-4.350714564832137
0.3205290327234116	0.7950565010206828	-0.9995	4.5720982755156765	-3.7959064563182583
0.34106636821090447	0.7557113968686678	-0.9995	-1.7529287918577308	-9.92822062811948
0.3099588254452729	0.818677367791951	-0.9995	6.183413177063121	-3.0366747758487325
0.3158786467407265	0.8005221095522441	-0.9995	5.418647086726273	-53.053176113857184
0.31147582721572314	0.8054148552893048	-0.9995	6.020831146884539	-228.90866828183474
0.32006878535670913	0.7945107600911013	-0.9995	4.665523469841884	-8.136616579794481
0.29989012515435687	0.843436992979864	-0.9995	6.679243835901675	-2.2801575480943352
0.3140810505674791	0.8085593175150847	-0.9995	5.687924272890682	-2.484716076825266
0.3184151375803749	0.7998272045587337	-0.9995	4.983717737789523	-4.182372046564448
0.3138928843547653	0.7982545469707746	-0.9995	5.714243019835784	-338.27230399949684
0.31910783926218594	0.7979897225808624	-0.9995	4.853756591962524	-3.4365605671835464
0.31129216951212446	0.8141319181673521	-0.9995	6.0417387368574325	-3.864509147177678
0.3126918515268234	0.808940557733831	-0.9995	5.873888722415554	-23.988524154965294
0.32496578691396366	0.7855347633896699	-0.9995	3.5628516171430014	-4.691871425106678
0.32113036007689666	0.7918461909816146	-0.9995	4.446843613413657	-12.560461133243953
0.3095964190245062	0.8091289524591814	-0.9995	6.2188479078406775	-253.1262778940206
0.2902342183898088	0.8697122195098975	-0.9995	6.202451746020456	-1.9665029802881282
0.31560558962988133	0.7990678903144581	-0.9995	5.461632059828899	-114.98282350419316
0.33069774291276816	0.7740062080265208	-0.9995	1.9675470986181591	-7.3092624224013
0.3172338332091474	0.7941509745848265	-0.9995	5.194279162906641	-176.3340197030971
0.3204142476485591	0.7946910527637854	-0.9995	4.595596663026698	-3.88990615371
0.3080900435022988	0.8224549598837213	-0.9995	6.352060178964765	-1.7962269720440798
0.3230890062662028	0.7892611583502755	-0.9995	4.013793146506439	-4.313072962417712
0.30661125332179884	0.8260887867184474	-0.9995	6.460760845885218	-1.7254740306282628
0.3043258712823552	0.8309767382574196	-0.9995	6.585738386552672	-2.3029047329315144
0.3149562549230838	0.8002881071207052	-0.9995	5.560856391688853	-121.20559415499302
0.32450619522455937	0.7823294452465718	-0.9995	3.6765361763891153	-65.90944104638133
0.32371167778807697	0.7881097530318151	-0.9995	3.868085880682284	-4.329704641446059
0.320121820795833	0.7951593287940462	-0.9995	4.654865837612109	-4.181627241007133
0.31972741619643796	0.7960082973640814	-0.9995	4.733449449372783	-4.037064848857627
0.31194292379241456	0.7989085213654482	-0.9995	5.966137054753089	-599.1987134000244
0.3219437402365816	0.7914504867355974	-0.9995	4.271665520457342	-4.350714564832137
0.3205290327234116	0.7950565010206828	-0.9995	4.5720982755156765	-3.7959064563182583
0.34106636821090447	0.7557113968686678	-0.9995	-1.7529287918577308	-9.92822062811948
0.3099588254452729	0.818677367791951	-0.9995	6.183413177063121	-3.0366747758487325
0.3158786467407265	0.8005221095522441	-0.9995	5.418647086726273	-53.053176113857184
0.31147582721572314	0.8054148552893048	-0.9995	6.020831146884539	-228.90866828183474
0.32006878535670913	0.7945107600911013	-0.9995	4.665523469841884	-8.136616579794481
0.30053817767229846	0.8415809924968836	-0.9995	6.677856022275396	-1.898207249336533
0.3124197661765744	0.8122521024385145	-0.9995	5.908051238906291	-2.2837568320811723
0.3184151375803749	0.7998272045587337	-0.9995	4.983717737789523	-4.182372046564448
0.3138928843547653	0.7982545469707746	-0.9995	5.714243019835784	-338.27230399949684
0.31910783926218594	0.7979897225808624	-0.9995	4.853756591962524	-3.4365605671835464
0.3161304781486735	0.8038446405752827	-0.9995	5.37834257178603	-3.037801165947334
0.3126918515268234	0.808940557733831	-0.9995	5.873888722415554	-23.988524154965294
0.32496578691396366	0.7855347633896699	-0.9995	3.5628516171430014	-4.691871425106678
0.32113036007689666	0.7918461909816146	-0.9995	4.446843613413657	-12.560461133243953
0.32037664929543747	0.7908304307054539	-0.9995	4.603265015763937	-60.178613455610574
0.2902342183898088	0.8697122195098975	-0.9995	6.202451746020456	-1.9665029802881282
0.31560558962988133	0.7990678903144581	-0.9995	5.461632059828899	-114.98282350419316
0.33069774291276816	0.7740062080265208	-0.9995	1.9675470986181591	-7.3092624224013
0.3172338332091474	0.7941509745848265	-0.9995	5.194279162906641	-176.3340197030971
0.3204142476485591	0.7946910527637854	-0.9995	4.595596663026698	-3.88990615371
0.3080900435022988	0.8224549598837213	-0.9995	6.352060178964765	-1.7962269720440798
0.3230890062662028	0.7892611583502755	-0.9995	4.013793146506439	-4.313072962417712
0.30661125332179884	0.8260887867184474	-0.9995	6.460760845885218	-1.7254740306282628
0.3043258712823552	0.8309767382574196	-0.9995	6.585738386552672	-2.3029047329315144
0.31427125316626886	0.8022499289735532	-0.9995	5.660960863631503	-103.77997193922447
0.32450619522455937	0.7823294452465718	-0.9995	3.6765361763891153	-65.90944104638133
0.32371167778807697	0.7881097530318151	-0.9995	3.868085880682284	-4.329704641446059
0.3198269145670447	0.7952337975136576	-0.9995	4.713771492065749	-6.587485626516976
0.3209557397374542	0.7938351109757024	-0.9995	4.483589058590607	-3.673449797707124
0.31194292379241456	0.7989085213654482	-0.9995	5.966137054753089	-599.1987134000244
0.3230657514797831	0.7901020157083469	-0.9995	4.019159741674613	-5.100147314394761
0.3205290327234116	0.7950565010206828	-0.9995	4.5720982755156765	-3.7959064563182583
0.34106636821090447	0.7557113968686678	-0.9995	-1.7529287918577308	-9.92822062811948
0.30852149231589004	0.8219274489947849	-0.9995	6.316225041861333	-2.5303151707698923
0.3158786467407265	0.8005221095522441	-0.9995	5.418647086726273	-53.053176113857184
0.31147582721572314	0.8054148552893048	-0.9995	6.020831146884539	-228.90866828183474
0.32118886804497154	0.7930894232170838	-0.9995	4.434463553174117	-4.036944594190738
0.30053817767229846	0.8415809924968836	-0.9995	6.677856022275396	-1.898207249336533
0.3124197661765744	0.8122521024385145	-0.9995	5.908051238906291	-2.2837568320811723
0.3184151375803749	0.7998272045587337	-0.9995	4.983717737789523	-4.182372046564448
0.3151423106282916	0.7977093509210945	-0.9995	5.532856342491831	-217.3505213771787
0.3208470911500914	0.7942395012823885	-0.9995	4.5062981512091	-3.679600912735717
0.3162651468583796	0.8036078337597161	-0.9995	5.356529186686922	-2.969982874372553
0.3126918515268234	0.808940557733831	-0.9995	5.873888722415554	-23.988524154965294
0.32703592480171134	0.7821282258805742	-0.9995	3.024598048891245	-5.985769679878534
0.32113036007689666	0.7918461909816146	-0.9995	4.446843613413657	-12.560461133243953
0.3157064346219173	0.8030522348692064	-0.9995	5.44584375564739	-14.376927532807143
0.2902342183898088	0.8697122195098975	-0.9995	6.202451746020456	-1.9665029802881282
0.31731036628072623	0.7967633044017925	-0.9995	5.18106029444568	-72.19822377449638
0.33069774291276816	0.7740062080265208	-0.9995	1.9675470986181591	-7.3092624224013
0.3172338332091474	0.7941509745848265	-0.9995	5.194279162906641	-176.3340197030971
0.3186696137090062	0.7981321485294127	-0.9995	4.936531818092636	-4.155518078624436
0.3080900435022988	0.8224549598837213	-0.9995	6.352060178964765	-1.7962269720440798
0.3230890062662028	0.7892611583502755	-0.9995	4.013793146506439	-4.313072962417712
0.30661125332179884	0.8260887867184474	-0.9995	6.460760845885218	-1.7254740306282628
0.3034946473740962	0.8333481781003756	-0.9995	6.618241396963812	-1.6852875079510437
0.31427125316626886	0.8022499289735532	-0.9995	5.660960863631503	-103.77997193922447
0.32450619522455937	0.7823294452465718	-0.9995	3.6765361763891153	-65.90944104638133
0.32371167778807697	0.7881097530318151	-0.9995	3.868085880682284	-4.329704641446059
0.3198269145670447	0.7952337975136576	-0.9995	4.713771492065749	-6.587485626516976
0.32303479701651755	0.7895223115572431	-0.9995	4.026294830349369	-4.143315714689808
0.31194292379241456	0.7989085213654482	-0.9995	5.966137054753089	-599.1987134000244
0.3230657514797831	0.7901020157083469	-0.9995	4.019159741674613	-5.100147314394761
0.3205290327234116	0.7950565010206828	-0.9995	4.5720982755156765	-3.7959064563182583
0.33648439709028805	0.7642648243365713	-0.9995	0.023748043101102123	-8.667472832728356
0.31089303622466463	0.8162914581934825	-0.9995	6.086013007350919	-2.5249170480289482
0.3158786467407265	0.8005221095522441	-0.9995	5.418647086726273	-53.053176113857184
0.3118429617869107	0.8049743883554332	-0.9995	5.978025478879066	-210.60832875444547
0.32118886804497154	0.7930894232170838	-0.9995	4.434463553174117	-4.036944594190738
0.30053817767229846	0.8415809924968836	-0.9995	6.677856022275396	-1.898207249336533
0.31307043645782645	0.8108228098482472	-0.9995	5.825122652319804	-2.344091834756002
0.31765254777472723	0.8014219036749616	-0.9995	5.121241983615061	-3.920918102718691
0.3151423106282916	0.7977093509210945	-0.9995	5.532856342491831	-217.3505213771787
0.32048343395431167	0.7949176701671427	-0.9995	4.581448865506957	-3.5675362186393045
0.3162651468583796	0.8036078337597161	-0.9995	5.356529186686922	-2.969982874372553
0.3126918515268234	0.808940557733831	-0.9995	5.873888722415554	-23.988524154965294
0.32703592480171134	0.7821282258805742	-0.9995	3.024598048891245	-5.985769679878534
0.32113036007689666	0.7918461909816146	-0.9995	4.446843613413657	-12.560461133243953
0.3118126570571257	0.812221794923861	-0.9995	5.981609864563892	-8.47137751203661
0.2902342183898088	0.8697122195098975	-0.9995	6.202451746020456	-1.9665029802881282
0.31570474531654225	0.8001367754826711	-0.9995	5.446109071022921	-73.16109666263397
0.33069774291276816	0.7740062080265208	-0.9995	1.9675470986181591	-7.3092624224013
0.31709238685711816	0.7955318531642369	-0.9995	5.218555755943271	-129.869696944922
0.31427170569759505	0.8086709728444993	-0.9995	5.660896280716363	-3.0029828753963077
0.3080900435022988	0.8224549598837213	-0.9995	6.352060178964765	-1.7962269720440798
0.3230890062662028	0.7892611583502755	-0.9995	4.013793146506439	-4.313072962417712
0.30661125332179884	0.8260887867184474	-0.9995	6.460760845885218	-1.7254740306282628
0.3034946473740962	0.8333481781003756	-0.9995	6.618241396963812	-1.6852875079510437
0.31285091000044285	0.806132792676769	-0.9995	5.853574759112789	-78.90072434510093
0.32450619522455937	0.7823294452465718	-0.9995	3.6765361763891153	-65.90944104638133
0.32371167778807697	0.7881097530318151	-0.9995	3.868085880682284	-4.329704641446059
0.3198269145670447	0.7952337975136576	-0.9995	4.713771492065749	-6.587485626516976
0.32303479701651755	0.7895223115572431	-0.9995	4.026294830349369	-4.143315714689808
0.313311958362432	0.7978561522233968	-0.9995	5.793263021094585	-450.5485659659078
0.3230657514797831	0.7901020157083469	-0.9995	4.019159741674613	-5.100147314394761
0.31963672323259634	0.7970041417518431	-0.9995	4.751299701742253	-3.761879622825065
0.33648439709028805	0.7642648243365713	-0.9995	0.023748043101102123	-8.667472832728356
0.31089303622466463	0.8162914581934825	-0.9995	6.086013007350919	-2.5249170480289482
0.3158786467407265	0.8005221095522441	-0.9995	5.418647086726273	-53.053176113857184
0.3118429617869107	0.8049743883554332	-0.9995	5.978025478879066	-210.60832875444547
0.32118886804497154	0.7930894232170838	-0.9995	4.434463553174117	-4.036944594190738
0.30053817767229846	0.8415809924968836	-0.9995	6.677856022275396	-1.898207249336533
0.31347367517526814	0.8099608192005642	-0.9995	5.771604584667013	-2.380937488612606
0.31765254777472723	0.8014219036749616	-0.9995	5.121241983615061	-3.920918102718691
0.3153827958410012	0.7986279896328046	-0.9995	5.496152158880578	-150.9309854655918
0.31859269158022163	0.7991039370289692	-0.9995	4.950863297323976	-3.3694819852306503
0.3162651468583796	0.8036078337597161	-0.9995	5.356529186686922	-2.969982874372553
0.3126918515268234	0.808940557733831	-0.9995	5.873888722415554	-23.988524154965294
0.32063202012694325	0.7942281496666121	-0.9995	4.55090292571724	-3.9536989514654817
0.32020095336823506	0.7940930297555544	-0.9995	4.6389116133821595	-9.30494663759345
0.3118126570571257	0.812221794923861	-0.9995	5.981609864563892	-8.47137751203661
0.2902342183898088	0.8697122195098975	-0.9995	6.202451746020456	-1.9665029802881282
0.31570474531654225	0.8001367754826711	-0.9995	5.446109071022921	-73.16109666263397
0.33069774291276816	0.7740062080265208	-0.9995	1.9675470986181591	-7.3092624224013
0.31709238685711816	0.7955318531642369	-0.9995	5.218555755943271	-129.869696944922
0.3141362650699563	0.8094775639755445	-0.9995	5.6801342476698675	-4.883450638821431
0.3080900435022988	0.8224549598837213	-0.9995	6.352060178964765	-1.7962269720440798
0.3231742448368214	0.7890998215311039	-0.9995	3.9940760795254833	-4.315518693230617
0.30661125332179884	0.8260887867184474	-0.9995	6.460760845885218	-1.7254740306282628
0.3034946473740962	0.8333481781003756	-0.9995	6.618241396963812	-1.6852875079510437
0.31285091000044285	0.806132792676769	-0.9995	5.853574759112789	-78.90072434510093
0.32450619522455937	0.7823294452465718	-0.9995	3.6765361763891153	-65.90944104638133
0.3249702188028663	0.7854904165339577	-0.9995	3.5617450629951075	-4.739323380809871
0.3198269145670447	0.7952337975136576	-0.9995	4.713771492065749	-6.587485626516976
0.32303479701651755	0.7895223115572431	-0.9995	4.026294830349369	-4.143315714689808
0.313311958362432	0.7978561522233968	-0.9995	5.793263021094585	-450.5485659659078
0.32207626420378743	0.7908886450048332	-0.9995	4.242496992333066	-5.354334649758208
0.31963672323259634	0.7970041417518431	-0.9995	4.751299701742253	-3.761879622825065
0.33694929326441697	0.7633973095172705	-0.9995	-0.14694716538925112	-8.752356307019186
0.31089303622466463	0.8162914581934825	-0.9995	6.086013007350919	-2.5249170480289482
0.3158786467407265	0.8005221095522441	-0.9995	5.418647086726273	-53.053176113857184
0.3118429617869107	0.8049743883554332	-0.9995	5.978025478879066	-210.60832875444547
0.32172016285012944	0.7918375559530805	-0.9995	4.3204768271294824	-4.493404964998604
0.30053817767229846	0.8415809924968836	-0.9995	6.677856022275396	-1.898207249336533
0.31347367517526814	0.8099608192005642	-0.9995	5.771604584667013	-2.380937488612606
0.32144369131636286	0.7930831533920873	-0.9995	4.380144711952919	-3.9042878855054433
0.31611327781392035	0.7980700846107962	-0.9995	5.38111558876731	-112.00815397925875
0.31860534550952835	0.7990149053188104	-0.9995	4.948509790665565	-3.2935678728752755
0.3156750296032215	0.8051707925432865	-0.9995	5.450771433000843	-2.6956987635442813
0.31291973029774023	0.8092379341684214	-0.9995	5.844707043478465	-13.36179280131104
0.3209504355632179	0.7938304207054607	-0.9995	4.484700446867472	-3.679204573935741
0.32020095336823506	0.7940930297555544	-0.9995	4.6389116133821595	-9.30494663759345
0.3118126570571257	0.812221794923861	-0.9995	5.981609864563892	-8.47137751203661
0.28862342610406666	0.8736394318948334	-0.9995	6.032172030262042	-3.038673692890119
0.31903965120476957	0.7959591763162368	-0.9995	4.866762608313781	-14.749568585282343
0.33069774291276816	0.7740062080265208	-0.9995	1.9675470986181591	-7.3092624224013
0.31998607621124714	0.7937527428192702	-0.9995	4.682087986701303	-17.816051521367257
0.3141362650699563	0.8094775639755445	-0.9995	5.6801342476698675	-4.883450638821431
0.3080900435022988	0.8224549598837213	-0.9995	6.352060178964765	-1.7962269720440798
0.3231742448368214	0.7890998215311039	-0.9995	3.9940760795254833	-4.315518693230617
0.30661125332179884	0.8260887867184474	-0.9995	6.460760845885218	-1.7254740306282628
0.3034946473740962	0.8333481781003756	-0.9995	6.618241396963812	-1.6852875079510437
0.31284842176441424	0.8061399562766581	-0.9995	5.85389448912883	-78.84624640805578
0.32450619522455937	0.7823294452465718	-0.9995	3.6765361763891153	-65.90944104638133
0.32438195912520007	0.7865877247437191	-0.9995	3.7069045443955626	-4.729909238505009
0.32195513314054697	0.7909188896478025	-0.9995	4.2691648422144794	-6.407817206684456
0.32303479701651755	0.7895223115572431	-0.9995	4.026294830349369	-4.143315714689808
0.31598991543999516	0.7964447797826023	-0.9995	5.40091721941922	-191.2204870894065
0.32207626420378743	0.7908886450048332	-0.9995	4.242496992333066	-5.354334649758208
0.32037368473708777	0.7955219373732354	-0.9995	4.603869049478982	-4.057474763463523
0.33694929326441697	0.7633973095172705	-0.9995	-0.14694716538925112	-8.752356307019186
0.3150578931887936	0.8071091271705767	-0.9995	5.54560346188461	-3.6319044080146625
0.3158786467407265	0.8005221095522441	-0.9995	5.418647086726273	-53.053176113857184
0.3118429617869107	0.8049743883554332	-0.9995	5.978025478879066	-210.60832875444547
0.32344318958854834	0.7887466697384793	-0.9995	3.9313885078870907	-4.217365261808668
0.30053817767229846	0.8415809924968836	-0.9995	6.677856022275396	-1.898207249336533
0.31347367517526814	0.8099608192005642	-0.9995	5.771604584667013	-2.380937488612606
0.32144369131636286	0.7930831533920873	-0.9995	4.380144711952919	-3.9042878855054433
0.3220168289995599	0.788329423833912	-0.9995	4.255600402330886	-39.720473943078986
0.31860534550952835	0.7990149053188104	-0.9995	4.948509790665565	-3.2935678728752755
0.31553809613898975	0.805481545769531	-0.9995	5.472142040187757	-2.676239040290673
0.31291973029774023	0.8092379341684214	-0.9995	5.844707043478465	-13.36179280131104
0.32041585420052004	0.7953795935863964	-0.9995	4.595268684625738	-3.939075776189453
0.32020095336823506	0.7940930297555544	-0.9995	4.6389116133821595	-9.30494663759345
0.3118126570571257	0.812221794923861	-0.9995	5.981609864563892	-8.47137751203661
0.28862342610406666	0.8736394318948334	-0.9995	6.032172030262042	-3.038673692890119
0.31903965120476957	0.7959591763162368	-0.9995	4.866762608313781	-14.749568585282343
0.33069774291276816	0.7740062080265208	-0.9995	1.9675470986181591	-7.3092624224013
0.32086876427236605	0.7925279172590155	-0.9995	4.50177758703229	-11.073624073022632
0.3118758777134194	0.8144672967655124	-0.9995	5.97412184098974	-4.065606070363371
0.3080900435022988	0.8224549598837213	-0.9995	6.352060178964765	-1.7962269720440798
0.32527558191006334	0.7842979954081136	-0.9995	3.4850289938485917	-6.779950703915328
0.30549317993153746	0.8288228640650477	-0.9995	6.52842906950897	-1.6693344181876775
0.3034946473740962	0.8333481781003756	-0.9995	6.618241396963812	-1.6852875079510437
0.31662492382209556	0.798426609966835	-0.9995	5.297363737857795	-66.1328046710427
0.32450619522455937	0.7823294452465718	-0.9995	3.6765361763891153	-65.90944104638133
0.3250278153502512	0.7854547667738633	-0.9995	3.547346492278846	-4.660952369701592
0.32195513314054697	0.7909188896478025	-0.9995	4.2691648422144794	-6.407817206684456
0.32303479701651755	0.7895223115572431	-0.9995	4.026294830349369	-4.143315714689808
0.31598991543999516	0.7964447797826023	-0.9995	5.40091721941922	-191.2204870894065
0.32207626420378743	0.7908886450048332	-0.9995	4.242496992333066	-5.354334649758208
0.32008497182623985	0.7961592086385579	-0.9995	4.662273732005955	-4.083506620497106
0.33694929326441697	0.7633973095172705	-0.9995	-0.14694716538925112	-8.752356307019186
0.31457497533780027	0.8082049532292962	-0.9995	5.617154667822769	-3.657673535199711
0.3158786467407265	0.8005221095522441	-0.9995	5.418647086726273	-53.053176113857184
0.3118429617869107	0.8049743883554332	-0.9995	5.978025478879066	-210.60832875444547
0.32344318958854834	0.7887466697384793	-0.9995	3.9313885078870907	-4.217365261808668
0.2967995229323341	0.8511181713348943	-0.9995	6.628088931006923	-1.5240015365056845
0.31347367517526814	0.8099608192005642	-0.9995	5.771604584667013	-2.380937488612606
0.32144369131636286	0.7930831533920873	-0.9995	4.380144711952919	-3.9042878855054433
0.3220168289995599	0.788329423833912	-0.9995	4.255600402330886	-39.720473943078986
0.31860534550952835	0.7990149053188104	-0.9995	4.948509790665565	-3.2935678728752755
0.3125462898901209	0.8121591244527728	-0.9995	5.892257248275449	-2.2622634160886506
0.31291973029774023	0.8092379341684214	-0.9995	5.844707043478465	-13.36179280131104
0.32041585420052004	0.7953795935863964	-0.9995	4.595268684625738	-3.939075776189453
0.32020095336823506	0.7940930297555544	-0.9995	4.6389116133821595	-9.30494663759345
0.315561567649502	0.8048826736715444	-0.9995	5.468492259760064	-3.4151907586263004
0.29679212325583865	0.8516980782412966	-0.9995	6.627851832281545	-2.276475355405614
0.31903965120476957	0.7959591763162368	-0.9995	4.866762608313781	-14.749568585282343
0.3235543775676064	0.7895890438819689	-0.9995	3.9052606853233973	-7.638421297581275
0.32243810889969593	0.7903466190180092	-0.9995	4.161960543337129	-4.711979730782248
0.31292242728757036	0.8108212383394733	-0.9995	5.844358563297483	-2.7979735696082386
0.3080900435022988	0.8224549598837213	-0.9995	6.352060178964765	-1.7962269720440798
0.32527558191006334	0.7842979954081136	-0.9995	3.4850289938485917	-6.779950703915328
0.3056220080667634	0.8285311561485005	-0.9995	6.521269324796437	-1.6939338672885906
0.3034946473740962	0.8333481781003756	-0.9995	6.618241396963812	-1.6852875079510437
0.31662492382209556	0.798426609966835	-0.9995	5.297363737857795	-66.1328046710427
0.32450619522455937	0.7823294452465718	-0.9995	3.6765361763891153	-65.90944104638133
0.3250278153502512	0.7854547667738633	-0.9995	3.547346492278846	-4.660952369701592
0.32195513314054697	0.7909188896478025	-0.9995	4.2691648422144794	-6.407817206684456
0.3240387949157942	0.7872753975266463	-0.9995	3.7899858932921364	-4.65041841753035
0.3144549123860206	0.8022423063430253	-0.9995	5.6345817378725425	-90.87594653228265
0.32079736989862706	0.7938828459508207	-0.9995	4.516651224808603	-3.991804442836136
0.3244783903928778	0.7871656961843143	-0.9995	3.6833462171795386	-5.183061650341509
0.3388422896371612	0.7597217659233232	-0.9995	-0.8643131229753966	-9.0144923601027
0.3090894715233012	0.8202499829066775	-0.9995	6.266211735445683	-1.9709942542131493
0.31711421633487297	0.7988704879131439	-0.9995	5.214822194526034	-32.026673455735605
0.3118429617869107	0.8049743883554332	-0.9995	5.978025478879066	-210.60832875444547
0.32344318958854834	0.7887466697384793	-0.9995	3.9313885078870907	-4.217365261808668
0.2967995229323341	0.8511181713348943	-0.9995	6.628088931006923	-1.5240015365056845
0.3117760265069461	0.8135047965817404	-0.9995	5.985930196848715	-2.4665810615746135
0.32144369131636286	0.7930831533920873	-0.9995	4.380144711952919	-3.9042878855054433
0.3220168289995599	0.788329423833912	-0.9995	4.255600402330886	-39.720473943078986
0.31860534550952835	0.7990149053188104	-0.9995	4.948509790665565	-3.2935678728752755
0.3129603008640362	0.811435835457276	-0.9995	5.839457205878511	-2.5017482494842858
0.31257224156761293	0.8098803484658603	-0.9995	5.888997908138126	-14.847260952539354
0.32041585420052004	0.7953795935863964	-0.9995	4.595268684625738	-3.939075776189453
0.3191281164864488	0.7974982238658517	-0.9995	4.849879996714428	-3.4499767666186543
0.31779070460512493	0.7998666941671623	-0.9995	5.096758346576131	-4.498531237673127
0.29679212325583865	0.8516980782412966	-0.9995	6.627851832281545	-2.276475355405614
0.3133909850763093	0.8096715874545419	-0.9995	5.782711791740506	-3.1185236210657665
0.3235543775676064	0.7895890438819689	-0.9995	3.9052606853233973	-7.638421297581275
0.3223969986820676	0.7901497728523358	-0.9995	4.171176448487506	-5.804860468930736
0.3114279243159938	0.8139260867806538	-0.9995	6.026316927449786	-3.460740847809232
0.3080900435022988	0.8224549598837213	-0.9995	6.352060178964765	-1.7962269720440798
0.32582375339197545	0.7832049547805113	-0.9995	3.3449730020623805	-6.956575892432392
0.3056220080667634	0.8285311561485005	-0.9995	6.521269324796437	-1.6939338672885906
0.3034946473740962	0.8333481781003756	-0.9995	6.618241396963812	-1.6852875079510437
0.3175717041097468	0.7974591643006138	-0.9995	5.135480271707739	-40.89022644417408
0.31650256680678124	0.80189247771979	-0.9995	5.317630642248808	-8.898482746289552
0.3246914251995391	0.7861535839716898	-0.9995	3.6309718063880285	-4.555549544949404
0.32195513314054697	0.7909188896478025	-0.9995	4.2691648422144794	-6.407817206684456
0.3240387949157942	0.7872753975266463	-0.9995	3.7899858932921364	-4.65041841753035
0.3144549123860206	0.8022423063430253	-0.9995	5.6345817378725425	-90.87594653228265
0.32079736989862706	0.7938828459508207	-0.9995	4.516651224808603	-3.991804442836136
0.3248385206148826	0.7865834292576287	-0.9995	3.5945436666304555	-5.765836472571424
0.3388422896371612	0.7597217659233232	-0.9995	-0.8643131229753966	-9.0144923601027
0.3090894715233012	0.8202499829066775	-0.9995	6.266211735445683	-1.9709942542131493
0.31711421633487297	0.7988704879131439	-0.9995	5.214822194526034	-32.026673455735605
0.3118429617869107	0.8049743883554332	-0.9995	5.978025478879066	-210.60832875444547
0.3243302834169373	0.7869475230099043	-0.9995	3.719490742567723	-4.4315822997356005
0.2967995229323341	0.8511181713348943	-0.9995	6.628088931006923	-1.5240015365056845
0.31218903362535233	0.8123725637747569	-0.9995	5.936441494710349	-2.969727480225659
0.32144369131636286	0.7930831533920873	-0.9995	4.380144711952919	-3.9042878855054433
0.3220168289995599	0.788329423833912	-0.9995	4.255600402330886	-39.720473943078986
0.32133365274680864	0.7933719411205863	-0.9995	4.403680500703119	-3.9722712625393646
0.3129603008640362	0.811435835457276	-0.9995	5.839457205878511	-2.5017482494842858
0.31257224156761293	0.8098803484658603	-0.9995	5.888997908138126	-14.847260952539354
0.31996313166953644	0.7961244282307908	-0.9995	4.686671068033954	-3.531583364048222
0.3191281164864488	0.7974982238658517	-0.9995	4.849879996714428	-3.4499767666186543
0.3132106211499506	0.8111885349554571	-0.9995	5.806701642472591	-3.2615510253121
0.2981400635380499	0.8484425403775632	-0.9995	6.662007380097743	-3.4424529338184637
0.31347142921340504	0.8093420573622876	-0.9995	5.771907173051285	-3.620958663569046
0.3229310136446099	0.7906766392590426	-0.9995	4.050147264463768	-6.402712133513822
0.32196216465132593	0.7914877816936462	-0.9995	4.267620817450446	-4.188559606047708
0.31243365694573594	0.8117798231155268	-0.9995	5.906325073088961	-3.1183884580475514
0.3080900435022988	0.8224549598837213	-0.9995	6.352060178964765	-1.7962269720440798
0.3251106731231146	0.784626819525988	-0.9995	3.52657467483065	-6.733449775888706
0.3056220080667634	0.8285311561485005	-0.9995	6.521269324796437	-1.6939338672885906
0.3034946473740962	0.8333481781003756	-0.9995	6.618241396963812	-1.6852875079510437
0.3153874560030679	0.8035109121569954	-0.9995	5.4954351870784475	-17.189774213873413
0.3177458042911069	0.8010701876739097	-0.9995	5.104736348618861	-3.5146097559434217
0.32559316688040246	0.7838367237658843	-0.9995	3.4042532434695496	-6.060899012721228
0.32195513314054697	0.7909188896478025	-0.9995	4.2691648422144794	-6.407817206684456
0.3324960274627919	0.7714041521466898	-0.9995	1.3993451939975743	-6.908648288800764
0.3143637298728696	0.8026499637815103	-0.9995	5.647720519006366	-84.26644752219308
0.319516146395821	0.7964259305610183	-0.9995	4.774904347594616	-4.068066005025271
0.3248385206148826	0.7865834292576287	-0.9995	3.5945436666304555	-5.765836472571424
0.3338184089374976	0.7694955634983671	-0.9995	0.9608802829911123	-9.282301847166835
0.3056436115079223	0.827939566111479	-0.9995	6.520052444048435	-1.9413670824391538
0.31711421633487297	0.7988704879131439	-0.9995	5.214822194526034	-32.026673455735605
0.3118429617869107	0.8049743883554332	-0.9995	5.978025478879066	-210.60832875444547
0.3246983021423862	0.7861741876283331	-0.9995	3.6292735547272015	-4.5358069590779495
0.2967995229323341	0.8511181713348943	-0.9995	6.628088931006923	-1.5240015365056845
0.31218903362535233	0.8123725637747569	-0.9995	5.936441494710349	-2.969727480225659
0.3211932068754405	0.793625043021282	-0.9995	4.433544109984104	-3.859432001189526
0.3220168289995599	0.788329423833912	-0.9995	4.255600402330886	-39.720473943078986
0.32045695799704027	0.7952473914141829	-0.9995	4.5868685458468486	-3.8532417501641225
0.31285689999986893	0.8116562008663553	-0.9995	5.85280481027705	-2.470707553901846
0.31269668433266523	0.8107174911613426	-0.9995	5.873275233093464	-5.193237172778881
0.32403425829389576	0.7878352864791813	-0.9995	3.791076339621712	-4.552429065267871
0.3191281164864488	0.7974982238658517	-0.9995	4.849879996714428	-3.4499767666186543
0.3132106211499506	0.8111885349554571	-0.9995	5.806701642472591	-3.2615510253121
0.2981400635380499	0.8484425403775632	-0.9995	6.662007380097743	-3.4424529338184637
0.31347142921340504	0.8093420573622876	-0.9995	5.771907173051285	-3.620958663569046
0.3266991914443649	0.7825543469325827	-0.9995	3.1150700793959634	-5.278023253252314
0.32196216465132593	0.7914877816936462	-0.9995	4.267620817450446	-4.188559606047708
0.3147337998856892	0.8071078404972354	-0.9995	5.593879902952519	-2.5822748707298366
0.3080900435022988	0.8224549598837213	-0.9995	6.352060178964765	-1.7962269720440798
0.3251106731231146	0.784626819525988	-0.9995	3.52657467483065	-6.733449775888706
0.30560149378510976	0.8290929205708282	-0.9995	6.5224205351870825	-2.723930803735895
0.3034946473740962	0.8333481781003756	-0.9995	6.618241396963812	-1.6852875079510437
0.3153874560030679	0.8035109121569954	-0.9995	5.4954351870784475	-17.189774213873413
0.313809943206545	0.809109120304129	-0.9995	5.725731541470209	-2.4840970178390354
0.32433630916229866	0.7864812765737486	-0.9995	3.718024480095288	-5.232411590466121
0.32195513314054697	0.7909188896478025	-0.9995	4.2691648422144794	-6.407817206684456
0.3303813419182625	0.7754807066881518	-0.9995	2.0641745145383212	-6.4242121462759645
0.3143637298728696	0.8026499637815103	-0.9995	5.647720519006366	-84.26644752219308
0.319516146395821	0.7964259305610183	-0.9995	4.774904347594616	-4.068066005025271
0.32448603485306926	0.7873466992193272	-0.9995	3.681474684181585	-5.908383557197676
0.33461066597360295	0.7678222258844236	-0.9995	0.6898132026286112	-8.52179132550049
0.3056436115079223	0.827939566111479	-0.9995	6.520052444048435	-1.9413670824391538
0.31711421633487297	0.7988704879131439	-0.9995	5.214822194526034	-32.026673455735605
0.3118429617869107	0.8049743883554332	-0.9995	5.978025478879066	-210.60832875444547
0.3246983021423862	0.7861741876283331	-0.9995	3.6292735547272015	-4.5358069590779495
0.2967995229323341	0.8511181713348943	-0.9995	6.628088931006923	-1.5240015365056845
0.3085145922356918	0.822445811676067	-0.9995	6.316812793609685	-4.473589961531573
0.3211932068754405	0.793625043021282	-0.9995	4.433544109984104	-3.859432001189526
0.32290268981641274	0.7879768581583608	-0.9995	4.05663819417612	-15.656470311877566
0.32045695799704027	0.7952473914141829	-0.9995	4.5868685458468486	-3.8532417501641225
0.3105456195189836	0.8170113483481465	-0.9995	6.123253743114361	-2.3251833776510864
0.31269668433266523	0.8107174911613426	-0.9995	5.873275233093464	-5.193237172778881
0.3254528717462283	0.7849443051815531	-0.9995	3.4400607976604687	-4.833038535387399
0.3191281164864488	0.7974982238658517	-0.9995	4.849879996714428	-3.4499767666186543
0.3132106211499506	0.8111885349554571	-0.9995	5.806701642472591	-3.2615510253121
0.2995785157458792	0.8443875998988597	-0.9995	6.678415953427841	-2.570643116473864
0.31347142921340504	0.8093420573622876	-0.9995	5.771907173051285	-3.620958663569046
0.3266991914443649	0.7825543469325827	-0.9995	3.1150700793959634	-5.278023253252314
0.32196216465132593	0.7914877816936462	-0.9995	4.267620817450446	-4.188559606047708
0.31082225154158427	0.8155820309727171	-0.9995	6.093698556163583	-2.5736395133647587
0.3049888026860517	0.8292777790990111	-0.9995	6.5548634371084145	-2.5215523140209744
0.3251106731231146	0.784626819525988	-0.9995	3.52657467483065	-6.733449775888706
0.30560149378510976	0.8290929205708282	-0.9995	6.5224205351870825	-2.723930803735895
0.3034946473740962	0.8333481781003756	-0.9995	6.618241396963812	-1.6852875079510437
0.31909876272332327	0.7966004873376298	-0.9995	4.855490510501185	-7.51856406297513
0.313809943206545	0.809109120304129	-0.9995	5.725731541470209	-2.4840970178390354
0.3240227264476187	0.7871939996960674	-0.9995	3.7938472684246016	-4.911222642310291
0.32195513314054697	0.7909188896478025	-0.9995	4.2691648422144794	-6.407817206684456
0.3303813419182625	0.7754807066881518	-0.9995	2.0641745145383212	-6.4242121462759645
0.3143637298728696	0.8026499637815103	-0.9995	5.647720519006366	-84.26644752219308
0.32023325233265154	0.7955596785502261	-0.9995	4.632381698526453	-3.587130730561901
0.3197836667077466	0.7967369828899438	-0.9995	4.722336856294191	-3.8846034765059585
0.3296517455127699	0.777327179426335	-0.9995	2.2831741385398536	-7.924195706820663
0.3056436115079223	0.827939566111479	-0.9995	6.520052444048435	-1.9413670824391538
0.31711421633487297	0.7988704879131439	-0.9995	5.214822194526034	-32.026673455735605
0.3118429617869107	0.8049743883554332	-0.9995	5.978025478879066	-210.60832875444547
0.3246983021423862	0.7861741876283331	-0.9995	3.6292735547272015	-4.5358069590779495
0.2967995229323341	0.8511181713348943	-0.9995	6.628088931006923	-1.5240015365056845
0.30420265393641166	0.8322476220243089	-0.9995	6.590992697764017	-1.9162912915760497
0.3224798556254533	0.7909267012615252	-0.9995	4.15258465360408	-4.0992999819337825
0.3230769841024033	0.7877124120505945	-0.9995	4.0165682219973196	-14.649610250342787
0.32045695799704027	0.7952473914141829	-0.9995	4.5868685458468486	-3.8532417501641225
0.3105456195189836	0.8170113483481465	-0.9995	6.123253743114361	-2.3251833776510864
0.31017389662852624	0.8174831408749188	-0.9995	6.161763335270511	-1.9883378123215572
0.3254528717462283	0.7849443051815531	-0.9995	3.4400607976604687	-4.833038535387399
0.31926101183201205	0.7973439025350619	-0.9995	4.824371314345656	-3.351384167821349
0.3132106211499506	0.8111885349554571	-0.9995	5.806701642472591	-3.2615510253121
0.2995785157458792	0.8443875998988597	-0.9995	6.678415953427841	-2.570643116473864
0.31347142921340504	0.8093420573622876	-0.9995	5.771907173051285	-3.620958663569046
0.3266991914443649	0.7825543469325827	-0.9995	3.1150700793959634	-5.278023253252314
0.32196216465132593	0.7914877816936462	-0.9995	4.267620817450446	-4.188559606047708
0.31082225154158427	0.8155820309727171	-0.9995	6.093698556163583	-2.5736395133647587
0.3049888026860517	0.8292777790990111	-0.9995	6.5548634371084145	-2.5215523140209744
0.3251106731231146	0.784626819525988	-0.9995	3.52657467483065	-6.733449775888706
0.30560149378510976	0.8290929205708282	-0.9995	6.5224205351870825	-2.723930803735895
0.30176986866798805	0.8371854738466735	-0.9995	6.66364202280057	-2.8243690877734373
0.31909876272332327	0.7966004873376298	-0.9995	4.855490510501185	-7.51856406297513
0.313809943206545	0.809109120304129	-0.9995	5.725731541470209	-2.4840970178390354
0.3240227264476187	0.7871939996960674	-0.9995	3.7938472684246016	-4.911222642310291
0.32195513314054697	0.7909188896478025	-0.9995	4.2691648422144794	-6.407817206684456
0.3303813419182625	0.7754807066881518	-0.9995	2.0641745145383212	-6.4242121462759645
0.3143637298728696	0.8026499637815103	-0.9995	5.647720519006366	-84.26644752219308
0.32023325233265154	0.7955596785502261	-0.9995	4.632381698526453	-3.587130730561901
0.3197836667077466	0.7967369828899438	-0.9995	4.722336856294191	-3.8846034765059585
0.3267548669437092	0.7829088683910594	-0.9995	3.1001896724322813	-6.8597230523606765
0.30524677806767014	0.8288555038701185	-0.9995	6.541660797853277	-2.0181046192755243
0.3164797117532901	0.8005721117690101	-0.9995	5.3213997009525595	-25.867446000563113
0.3118429617869107	0.8049743883554332	-0.9995	5.978025478879066	-210.60832875444547
0.3267497372828347	0.7826259379772288	-0.9995	3.1015619748068173	-5.701806560085981
0.2967995229323341	0.8511181713348943	-0.9995	6.628088931006923	-1.5240015365056845
0.30420265393641166	0.8322476220243089	-0.9995	6.590992697764017	-1.9162912915760497
0.32276397704919974	0.7904474250946276	-0.9995	4.088310942827736	-4.313202328206028
0.31704720262756236	0.8018103326835375	-0.9995	5.226268611184352	-3.287424907752282
0.3190452801428856	0.7979645244176231	-0.9995	4.865690719705239	-3.2911444898730364
0.3159346008988956	0.8049633930468194	-0.9995	5.40974666927478	-3.151194583582667
0.31017389662852624	0.8174831408749188	-0.9995	6.161763335270511	-1.9883378123215572
0.32548688077733756	0.7848817238015359	-0.9995	3.4313987395191026	-4.8488024795031714
0.31926101183201205	0.7973439025350619	-0.9995	4.824371314345656	-3.351384167821349
0.3132106211499506	0.8111885349554571	-0.9995	5.806701642472591	-3.2615510253121
0.2995785157458792	0.8443875998988597	-0.9995	6.678415953427841	-2.570643116473864
0.31347142921340504	0.8093420573622876	-0.9995	5.771907173051285	-3.620958663569046
0.3266991914443649	0.7825543469325827	-0.9995	3.1150700793959634	-5.278023253252314
0.32196216465132593	0.7914877816936462	-0.9995	4.267620817450446	-4.188559606047708
0.31082225154158427	0.8155820309727171	-0.9995	6.093698556163583	-2.5736395133647587
0.304432519096504	0.8306443559827223	-0.9995	6.581068070605836	-2.4995056334878587
0.3251106731231146	0.784626819525988	-0.9995	3.52657467483065	-6.733449775888706
0.3053672061277435	0.8296212924312051	-0.9995	6.535269690221764	-2.5694164619682063
0.30342273056445235	0.8334221810185127	-0.9995	6.620728775726018	-1.834554962946715
0.31914174001691126	0.796557671402484	-0.9995	4.847273143935089	-7.192546323877687
0.313809943206545	0.809109120304129	-0.9995	5.725731541470209	-2.4840970178390354
0.32445294458135493	0.786153163432775	-0.9995	3.68957170481612	-5.595359384912951
0.31725437669491646	0.80216815607667	-0.9995	5.190736622659816	-3.5302430306390384
0.3295911781635055	0.7771902582558103	-0.9995	2.301115072788565	-6.772819120911986
0.3143637298728696	0.8026499637815103	-0.9995	5.647720519006366	-84.26644752219308
0.32023325233265154	0.7955596785502261	-0.9995	4.632381698526453	-3.587130730561901
0.3197836667077466	0.7967369828899438	-0.9995	4.722336856294191	-3.8846034765059585
0.3316947405849493	0.7728948117375833	-0.9995	1.6565212945740364	-6.638672072132335
0.3106960626854436	0.8168620082259104	-0.9995	6.107275413455506	-2.7930959666948123
0.3164797117532901	0.8005721117690101	-0.9995	5.3213997009525595	-25.867446000563113
0.3118429617869107	0.8049743883554332	-0.9995	5.978025478879066	-210.60832875444547
0.3269667181469003	0.7821681874925246	-0.9995	3.0432847602383832	-5.670273779509809
0.2967995229323341	0.8511181713348943	-0.9995	6.628088931006923	-1.5240015365056845
0.30420265393641166	0.8322476220243089	-0.9995	6.590992697764017	-1.9162912915760497
0.32276397704919974	0.7904474250946276	-0.9995	4.088310942827736	-4.313202328206028
0.31505530984041924	0.8063523323551756	-0.9995	5.545992426355076	-2.6645056346760274
0.3126416224542692	0.81097026344245	-0.9995	5.880251106928784	-4.505121092189353
0.30929260354059523	0.8189067900013866	-0.9995	6.247541795496783	-3.0521679380787994
0.31017389662852624	0.8174831408749188	-0.9995	6.161763335270511	-1.9883378123215572
0.32548688077733756	0.7848817238015359	-0.9995	3.4313987395191026	-4.8488024795031714
0.31926101183201205	0.7973439025350619	-0.9995	4.824371314345656	-3.351384167821349
0.30808700009119455	0.8224533703872992	-0.9995	6.352306345935295	-1.7945473506196041
0.2995785157458792	0.8443875998988597	-0.9995	6.678415953427841	-2.570643116473864
0.31347142921340504	0.8093420573622876	-0.9995	5.771907173051285	-3.620958663569046
0.32598755704370025	0.7839856999365726	-0.9995	3.302538592812325	-5.1402840870649555
0.32196216465132593	0.7914877816936462	-0.9995	4.267620817450446	-4.188559606047708
0.30715510947960867	0.8256489640314936	-0.9995	6.42332623998427	-4.140322885412935
0.30498003060063833	0.8293892710070839	-0.9995	6.555300674393729	-2.2740197153836927
0.3251106731231146	0.784626819525988	-0.9995	3.52657467483065	-6.733449775888706
0.31338685058706317	0.8094994786502044	-0.9995	5.783265355108431	-3.728132401527712
0.30342273056445235	0.8334221810185127	-0.9995	6.620728775726018	-1.834554962946715
0.32153138398514214	0.7917811916337806	-0.9995	4.3613017167320205	-6.356290727538829
0.3166345931382303	0.8031507538339582	-0.9995	5.295755753937909	-2.8731140059495477
0.32445294458135493	0.786153163432775	-0.9995	3.68957170481612	-5.595359384912951
0.31088953441231	0.8163283201459051	-0.9995	6.086394399725782	-2.590179152465476
0.32594724717228435	0.7839440679817381	-0.9995	3.3130060192121067	-4.937385430567165
0.31512480074231136	0.8037707964871685	-0.9995	5.535506210837086	-21.437419608619493
0.32023325233265154	0.7955596785502261	-0.9995	4.632381698526453	-3.587130730561901
0.3197836667077466	0.7967369828899438	-0.9995	4.722336856294191	-3.8846034765059585
0.32887286206823035	0.7786087360935373	-0.9995	2.511093378254921	-6.701363690009563
0.3114751034626647	0.8151219376096126	-0.9995	6.0209142009159	-3.032637025938424
0.31539137234065395	0.8034596065172857	-0.9995	5.494832485666961	-17.74670323754242
0.3118429617869107	0.8049743883554332	-0.9995	5.978025478879066	-210.60832875444547
0.32592722567648563	0.7843087441085096	-0.9995	3.318199041913118	-5.665712438841496
0.2967995229323341	0.8511181713348943	-0.9995	6.628088931006923	-1.5240015365056845
0.3026127323062883	0.8360768399586461	-0.9995	6.645172347788586	-1.6369180702521664
0.32303572033424893	0.7899200731430145	-0.9995	4.026082141721549	-4.426288222497401
0.31504170772809054	0.8068576408186028	-0.9995	5.5480393414237055	-2.8857646229825464
0.3121544155252179	0.8127042467174439	-0.9995	5.940655114511911	-2.4149029828506077
0.30929260354059523	0.8189067900013866	-0.9995	6.247541795496783	-3.0521679380787994
0.31017389662852624	0.8174831408749188	-0.9995	6.161763335270511	-1.9883378123215572
0.32548688077733756	0.7848817238015359	-0.9995	3.4313987395191026	-4.8488024795031714
0.31926101183201205	0.7973439025350619	-0.9995	4.824371314345656	-3.351384167821349
0.30815391984486107	0.822286831360781	-0.9995	6.3468721541281035	-1.7990260501687239
0.30352645625712865	0.8341692511680769	-0.9995	6.61712472964299	-2.441557041516182
0.31347142921340504	0.8093420573622876	-0.9995	5.771907173051285	-3.620958663569046
0.32598755704370025	0.7839856999365726	-0.9995	3.302538592812325	-5.1402840870649555
0.32211159490156976	0.7911695127361966	-0.9995	4.2346910528545685	-4.245139197289436
0.30715510947960867	0.8256489640314936	-0.9995	6.42332623998427	-4.140322885412935
0.30305740620579197	0.833796588430638	-0.9995	6.632565534774123	-3.385566578146161
0.3240302526277203	0.7870829961626905	-0.9995	3.7920389915499095	-5.200279102226793
0.312454483258983	0.8118388494098789	-0.9995	5.9037334320687584	-2.8254076319194503
0.30342273056445235	0.8334221810185127	-0.9995	6.620728775726018	-1.834554962946715
0.32153138398514214	0.7917811916337806	-0.9995	4.3613017167320205	-6.356290727538829
0.3170094632529409	0.8023872495853485	-0.9995	5.232694997544467	-2.9672583759770994
0.3204280159427236	0.7946523222599328	-0.9995	4.592785021529355	-3.9135323890887115
0.31088953441231	0.8163283201459051	-0.9995	6.086394399725782	-2.590179152465476
0.3221114791033225	0.7920033805433254	-0.9995	4.23471665762686	-4.7119169569728445
0.31512480074231136	0.8037707964871685	-0.9995	5.535506210837086	-21.437419608619493
0.31725516938375303	0.8016126065981449	-0.9995	5.190599846000158	-2.987524876093186
0.31721753193299296	0.8025707118012778	-0.9995	5.197087168992037	-4.656850725113874
0.32887286206823035	0.7786087360935373	-0.9995	2.511093378254921	-6.701363690009563
0.30867360955912576	0.8216696671660241	-0.9995	6.303146684389409	-2.837838137675229
0.31539137234065395	0.8034596065172857	-0.9995	5.494832485666961	-17.74670323754242
0.3126049760650748	0.8037946396108846	-0.9995	5.884877090304654	-187.3433413049583
0.3233299253515604	0.789194060398347	-0.9995	3.957877113763292	-4.293484606500666
0.2967995229323341	0.8511181713348943	-0.9995	6.628088931006923	-1.5240015365056845
0.3026127323062883	0.8360768399586461	-0.9995	6.645172347788586	-1.6369180702521664
0.32303572033424893	0.7899200731430145	-0.9995	4.026082141721549	-4.426288222497401
0.31346927660543267	0.8105106239534124	-0.9995	5.772197136941919	-3.0146532297994995
0.3119375817708228	0.8131742009821831	-0.9995	5.966774905634793	-2.4234918890765584
0.31062992809596884	0.8160083419258475	-0.9995	6.114327341682859	-2.590710844479851
0.30990889125166476	0.8181373970039465	-0.9995	6.1883735691236055	-1.9565685915721858
0.3270661183326699	0.7815103896532778	-0.9995	3.0164303903197465	-5.13744917766102
0.31926101183201205	0.7973439025350619	-0.9995	4.824371314345656	-3.351384167821349
0.30863305158955384	0.8212432224006133	-0.9995	6.306656299570708	-1.8687036908770516
0.30352645625712865	0.8341692511680769	-0.9995	6.61712472964299	-2.441557041516182
0.31309455479705617	0.8100944336168997	-0.9995	5.821967371644665	-3.924943166879724
0.32878839830413076	0.7781455837795271	-0.9995	2.5354448137238035	-5.626579110567331
0.32211159490156976	0.7911695127361966	-0.9995	4.2346910528545685	-4.245139197289436
0.30715510947960867	0.8256489640314936	-0.9995	6.42332623998427	-4.140322885412935
0.3027068662641471	0.8341558438410328	-0.9995	6.64266857345031	-6.123246149826782
0.3240302526277203	0.7870829961626905	-0.9995	3.7920389915499095	-5.200279102226793
0.312454483258983	0.8118388494098789	-0.9995	5.9037334320687584	-2.8254076319194503
0.30342273056445235	0.8334221810185127	-0.9995	6.620728775726018	-1.834554962946715
0.3188716789444569	0.7980370474103999	-0.9995	4.89860286739691	-3.4059889038182902
0.3126037357037039	0.8127207791789288	-0.9995	5.885033429866093	-3.767728290254814
0.3227343954188627	0.7901978233771291	-0.9995	4.095040523004177	-4.051767162490246
0.31088953441231	0.8163283201459051	-0.9995	6.086394399725782	-2.590179152465476
0.3221114791033225	0.7920033805433254	-0.9995	4.23471665762686	-4.7119169569728445
0.31512480074231136	0.8037707964871685	-0.9995	5.535506210837086	-21.437419608619493
0.3160693272279367	0.8041557228878662	-0.9995	5.388187810517662	-2.805263515822775
0.3128402836232592	0.8122234096889285	-0.9995	5.854939780681503	-3.9507864531882877
0.3298647096810139	0.7767712044155173	-0.9995	2.2197997766539728	-7.269323064853223
0.30795712974855044	0.8232167433140726	-0.9995	6.362724629133867	-2.3563539302945866
0.31539137234065395	0.8034596065172857	-0.9995	5.494832485666961	-17.74670323754242
0.31574463090807325	0.7995802509626639	-0.9995	5.43983718615292	-87.41380943868043
0.32030571145069753	0.7958335319891162	-0.9995	4.6176946107152546	-4.553960459321395
0.2967995229323341	0.8511181713348943	-0.9995	6.628088931006923	-1.5240015365056845
0.30173279932226255	0.8382432893243961	-0.9995	6.664291230854031	-1.5523850788507492
0.32303572033424893	0.7899200731430145	-0.9995	4.026082141721549	-4.426288222497401
0.3111716648859167	0.8161263204472375	-0.9995	6.05527371669408	-4.189399699324406
0.3119375817708228	0.8131742009821831	-0.9995	5.966774905634793	-2.4234918890765584
0.31059399821902656	0.8161144345445032	-0.9995	6.11814020698651	-2.5319466839195854
0.30990889125166476	0.8181373970039465	-0.9995	6.1883735691236055	-1.9565685915721858
0.3270661183326699	0.7815103896532778	-0.9995	3.0164303903197465	-5.13744917766102
0.31656654959822883	0.8028099141115204	-0.9995	5.307051370357319	-3.2887185528230223
0.3066499764521419	0.826262865549438	-0.9995	6.458193264239988	-2.068043474769631
0.30352645625712865	0.8341692511680769	-0.9995	6.61712472964299	-2.441557041516182
0.31309455479705617	0.8100944336168997	-0.9995	5.821967371644665	-3.924943166879724
0.32921708897488566	0.7774411215200326	-0.9995	2.41111275747827	-5.742299498911587
0.32421913912078487	0.7867022261786236	-0.9995	3.746470699550536	-5.250122097788426
0.30411298816056176	0.8328613722098681	-0.9995	6.594720840265593	-2.9720246495701463
0.30645933696148236	0.8249740431129802	-0.9995	6.470689028400338	-6.0680359528480405
0.3240302526277203	0.7870829961626905	-0.9995	3.7920389915499095	-5.200279102226793
0.3124494828544275	0.8118524772376436	-0.9995	5.904356081596781	-2.818509470113348
0.3034304733279311	0.8334047225751624	-0.9995	6.6204634620419665	-1.8314445116945581
0.3188716789444569	0.7980370474103999	-0.9995	4.89860286739691	-3.4059889038182902
0.3126037357037039	0.8127207791789288	-0.9995	5.885033429866093	-3.767728290254814
0.31839425577036434	0.7987383886584567	-0.9995	4.987560971582289	-4.0314208763297845
0.31088953441231	0.8163283201459051	-0.9995	6.086394399725782	-2.590179152465476
0.3221114791033225	0.7920033805433254	-0.9995	4.23471665762686	-4.7119169569728445
0.31512480074231136	0.8037707964871685	-0.9995	5.535506210837086	-21.437419608619493
0.3160693272279367	0.8041557228878662	-0.9995	5.388187810517662	-2.805263515822775
0.3128402836232592	0.8122234096889285	-0.9995	5.854939780681503	-3.9507864531882877
0.3298647096810139	0.7767712044155173	-0.9995	2.2197997766539728	-7.269323064853223
0.30795712974855044	0.8232167433140726	-0.9995	6.362724629133867	-2.3563539302945866
0.30939724316122896	0.8188250275546842	-0.9995	6.237763303153876	-2.571780813104745
0.31574463090807325	0.7995802509626639	-0.9995	5.43983718615292	-87.41380943868043
0.32037191330529285	0.795703481350925	-0.9995	4.6042299397183575	-4.597331235568412
0.2967995229323341	0.8511181713348943	-0.9995	6.628088931006923	-1.5240015365056845
0.29786463765254084	0.8475010261635353	-0.9995	6.656505336535469	-2.4611527533109037
0.3224369968984997	0.7910940360043865	-0.9995	4.162210049193773	-4.201799755829898
0.31117291150556536	0.81612352582384	-0.9995	6.055134440754225	-4.190747332777212
0.31387104385382375	0.8088733338165685	-0.9995	5.71727491033669	-2.603806985044522
0.31059399821902656	0.8161144345445032	-0.9995	6.11814020698651	-2.5319466839195854
0.30990889125166476	0.8181373970039465	-0.9995	6.1883735691236055	-1.9565685915721858
0.324647576775489	0.7863002764287585	-0.9995	3.641788993792074	-4.5126503959135835
0.31656654959822883	0.8028099141115204	-0.9995	5.307051370357319	-3.2887185528230223
0.3081803474877723	0.8220937016963208	-0.9995	6.344713773206687	-1.8298519778988602
0.30352645625712865	0.8341692511680769	-0.9995	6.61712472964299	-2.441557041516182
0.3092790067979882	0.8194658995276427	-0.9995	6.248804362524643	-1.951377605985508
0.3311876260555215	0.7734629997916361	-0.9995	1.815964103414982	-6.446875094697505
0.32418198359319633	0.7867771267679582	-0.9995	3.7554625458021147	-5.240160260448935
0.30411298816056176	0.8328613722098681	-0.9995	6.594720840265593	-2.9720246495701463
0.30645933696148236	0.8249740431129802	-0.9995	6.470689028400338	-6.0680359528480405
0.3240302526277203	0.7870829961626905	-0.9995	3.7920389915499095	-5.200279102226793
0.3124494828544275	0.8118524772376436	-0.9995	5.904356081596781	-2.818509470113348
0.30110807349552315	0.8392865442818216	-0.9995	6.673165063952796	-1.776295453662284
0.32033868945134103	0.7948339658126327	-0.9995	4.610992755319743	-3.9046645913759184
0.31277703388751416	0.8123086462178728	-0.9995	5.863041223496773	-3.7088930928105333
0.31791370335790986	0.7997033379062297	-0.9995	5.074800358334243	-4.1397374596505765
0.3165251199559793	0.803426491674525	-0.9995	5.3139062505126695	-2.8793718684553404
0.32234570559350373	0.7914027445906376	-0.9995	4.182651405952479	-4.429487673767303
0.31512480074231136	0.8037707964871685	-0.9995	5.535506210837086	-21.437419608619493
0.31668193688093116	0.803943128221139	-0.9995	5.287869107813343	-5.635964482187525
0.31002589831435007	0.8187502097178443	-0.9995	6.176711013261761	-3.9343901745038377
0.33904516607270224	0.7585291276648625	-0.9995	-0.9433207699142954	-11.646192155876067
0.3053831654204487	0.8297913126253369	-0.9995	6.5344118485906275	-3.2976165217599718
0.3053455056023014	0.8298994946385958	-0.9995	6.536432047589022	-3.358209430025619
0.3145743931059055	0.804674511679226	-0.9995	5.617239526282868	-25.96326156817762
0.32037191330529285	0.795703481350925	-0.9995	4.6042299397183575	-4.597331235568412
0.2967995229323341	0.8511181713348943	-0.9995	6.628088931006923	-1.5240015365056845
0.29786463765254084	0.8475010261635353	-0.9995	6.656505336535469	-2.4611527533109037
0.3224369968984997	0.7910940360043865	-0.9995	4.162210049193773	-4.201799755829898
0.3119983724853391	0.8142332031341737	-0.9995	5.959499486825484	-4.288395247318727
0.31387104385382375	0.8088733338165685	-0.9995	5.71727491033669	-2.603806985044522
0.3082779891502254	0.8212319876160633	-0.9995	6.33667867645395	-3.16979254767525
0.30990889125166476	0.8181373970039465	-0.9995	6.1883735691236055	-1.9565685915721858
0.324647576775489	0.7863002764287585	-0.9995	3.641788993792074	-4.5126503959135835
0.3176311554777343	0.8004437314808149	-0.9995	5.125015980909998	-3.659946501840418
0.306135657406003	0.8269987066393325	-0.9995	6.491072739291001	-1.682469804954719
0.30352645625712865	0.8341692511680769	-0.9995	6.61712472964299	-2.441557041516182
0.3082454215438702	0.8217296348387729	-0.9995	6.339369316129606	-2.058722678096373
0.3311876260555215	0.7734629997916361	-0.9995	1.815964103414982	-6.446875094697505
0.32418198359319633	0.7867771267679582	-0.9995	3.7554625458021147	-5.240160260448935
0.2986593815386885	0.8457447907016421	-0.9995	6.670317909016154	-1.7063952625851417
0.3083156631909491	0.8203305074459769	-0.9995	6.333552926783669	-7.821764346207273
0.3236201945746883	0.787602918364545	-0.9995	3.8897362395795185	-6.4195975914923356
0.3113184190511493	0.8137847579360546	-0.9995	6.038771149223099	-5.323391455704917
0.30110807349552315	0.8392865442818216	-0.9995	6.673165063952796	-1.776295453662284
0.32129713238714275	0.7927219635196125	-0.9995	4.411464958732775	-4.413234677815982
0.31325327245341683	0.8110842017129051	-0.9995	5.801058044687712	-3.2404963392458326
0.31567118142634315	0.8048675792732664	-0.9995	5.4513745618233855	-2.9270351814856355
0.3138390891992978	0.8094785090222342	-0.9995	5.721702248979591	-2.6374830629637014
0.32234570559350373	0.7914027445906376	-0.9995	4.182651405952479	-4.429487673767303
0.31512480074231136	0.8037707964871685	-0.9995	5.535506210837086	-21.437419608619493
0.31668193688093116	0.803943128221139	-0.9995	5.287869107813343	-5.635964482187525
0.31208407608890476	0.8136888300019741	-0.9995	5.949179723698	-2.9761472793041666
0.33904516607270224	0.7585291276648625	-0.9995	-0.9433207699142954	-11.646192155876067
0.2985889495824159	0.8458561113874088	-0.9995	6.669348881905378	-1.822423397237955
0.3053455056023014	0.8298994946385958	-0.9995	6.536432047589022	-3.358209430025619
0.3145743931059055	0.804674511679226	-0.9995	5.617239526282868	-25.96326156817762
0.32037191330529285	0.795703481350925	-0.9995	4.6042299397183575	-4.597331235568412
0.2967995229323341	0.8511181713348943	-0.9995	6.628088931006923	-1.5240015365056845
0.29786463765254084	0.8475010261635353	-0.9995	6.656505336535469	-2.4611527533109037
0.3224369968984997	0.7910940360043865	-0.9995	4.162210049193773	-4.201799755829898
0.3119983724853391	0.8142332031341737	-0.9995	5.959499486825484	-4.288395247318727
0.31621140228358474	0.8037831715518616	-0.9995	5.365256378309116	-2.886620173348799
0.3082779891502254	0.8212319876160633	-0.9995	6.33667867645395	-3.16979254767525
0.30990889125166476	0.8181373970039465	-0.9995	6.1883735691236055	-1.9565685915721858
0.324647576775489	0.7863002764287585	-0.9995	3.641788993792074	-4.5126503959135835
0.3176311554777343	0.8004437314808149	-0.9995	5.125015980909998	-3.659946501840418
0.305700018906265	0.8281511634937866	-0.9995	6.516853120651305	-1.6286598737275
0.30338685020915296	0.8345351489156384	-0.9995	6.621950426614003	-2.483377138608976
0.30933984181326163	0.8190375092156162	-0.9995	6.243140972826447	-2.378005117502246
0.3311876260555215	0.7734629997916361	-0.9995	1.815964103414982	-6.446875094697505
0.32418198359319633	0.7867771267679582	-0.9995	3.7554625458021147	-5.240160260448935
0.2986593815386885	0.8457447907016421	-0.9995	6.670317909016154	-1.7063952625851417
0.3083156631909491	0.8203305074459769	-0.9995	6.333552926783669	-7.821764346207273
0.3199249872981146	0.7955630719157414	-0.9995	4.69427860416006	-4.164357477058659
0.3113184190511493	0.8137847579360546	-0.9995	6.038771149223099	-5.323391455704917
0.30110807349552315	0.8392865442818216	-0.9995	6.673165063952796	-1.776295453662284
0.32129713238714275	0.7927219635196125	-0.9995	4.411464958732775	-4.413234677815982
0.31325327245341683	0.8110842017129051	-0.9995	5.801058044687712	-3.2404963392458326
0.3161336167911671	0.8037303786852719	-0.9995	5.377836244489056	-3.259821174358028
0.31112602052478744	0.8159425236593679	-0.9995	6.060362534720242	-3.0535526628310086
0.32234570559350373	0.7914027445906376	-0.9995	4.182651405952479	-4.429487673767303
0.31512480074231136	0.8037707964871685	-0.9995	5.535506210837086	-21.437419608619493
0.3178101191039478	0.8014443519747914	-0.9995	5.093302485826166	-5.489455862608997
0.31208407608890476	0.8136888300019741	-0.9995	5.949179723698	-2.9761472793041666
0.33401259114057785	0.7695589348952776	-0.9995	0.8950224178296211	-12.356833939029586
0.2985889495824159	0.8458561113874088	-0.9995	6.669348881905378	-1.822423397237955
0.30568755933749847	0.8290946856720791	-0.9995	6.517562542222368	-3.516429811604393
0.3145743931059055	0.804674511679226	-0.9995	5.617239526282868	-25.96326156817762
0.32037191330529285	0.795703481350925	-0.9995	4.6042299397183575	-4.597331235568412
0.2967995229323341	0.8511181713348943	-0.9995	6.628088931006923	-1.5240015365056845
0.29786463765254084	0.8475010261635353	-0.9995	6.656505336535469	-2.4611527533109037
0.3156350772954464	0.804798752395141	-0.9995	5.457025988137285	-3.2230542580430113
0.3030628197326642	0.8343045176657594	-0.9995	6.632399874736214	-1.8548150593446255
0.3153999410327297	0.805691831612197	-0.9995	5.493513279252435	-2.660450808114623
0.30705383619874493	0.8245175684300278	-0.9995	6.430521172716578	-2.0541421274996203
0.31406103828031773	0.8081594186544809	-0.9995	5.690740210707396	-3.271041615162879
0.324647576775489	0.7863002764287585	-0.9995	3.641788993792074	-4.5126503959135835
0.3176311554777343	0.8004437314808149	-0.9995	5.125015980909998	-3.659946501840418
0.305700018906265	0.8281511634937866	-0.9995	6.516853120651305	-1.6286598737275
0.30338685020915296	0.8345351489156384	-0.9995	6.621950426614003	-2.483377138608976
0.30947596239177994	0.8187915218625066	-0.9995	6.2303348820580595	-2.246165115021313
0.3329219822330305	0.7700586814012593	-0.9995	1.2600196275503204	-7.316003913840575
0.32326198538526973	0.7889325280070691	-0.9995	3.973704377987684	-4.320520916155278
0.2985423592408776	0.8460534284760942	-0.9995	6.668680615396925	-1.70942636984425
0.3083156631909491	0.8203305074459769	-0.9995	6.333552926783669	-7.821764346207273
0.3199249872981146	0.7955630719157414	-0.9995	4.69427860416006	-4.164357477058659
0.3161478127527175	0.8038266357030326	-0.9995	5.3755449148260634	-3.006897462681623
0.30110807349552315	0.8392865442818216	-0.9995	6.673165063952796	-1.776295453662284
0.3245397583251358	0.7869568072245225	-0.9995	3.6683055050298337	-4.960177276320779
0.31325327245341683	0.8110842017129051	-0.9995	5.801058044687712	-3.2404963392458326
0.3117833795954786	0.8130049158158572	-0.9995	5.985064024854493	-3.9594021562449218
0.31112602052478744	0.8159425236593679	-0.9995	6.060362534720242	-3.0535526628310086
0.32234570559350373	0.7914027445906376	-0.9995	4.182651405952479	-4.429487673767303
0.31306043509201925	0.8091634312085099	-0.9995	5.82642937434596	-10.898570079526483
0.3196422218047356	0.7972862389322879	-0.9995	4.750219811178042	-4.6389988470308055
0.3094146647676765	0.8195081726202684	-0.9995	6.236124634871555	-2.021867997815537
0.3413751763451016	0.754775444030439	-0.9995	-1.8802218896310863	-11.009779715256029
0.2985889495824159	0.8458561113874088	-0.9995	6.669348881905378	-1.822423397237955
0.30412823205680545	0.8324965593386686	-0.9995	6.594092698736018	-2.039164437012845
0.3145743931059055	0.804674511679226	-0.9995	5.617239526282868	-25.96326156817762
0.32037191330529285	0.795703481350925	-0.9995	4.6042299397183575	-4.597331235568412
0.29333765174662546	0.8603732623722401	-0.9995	6.457369777063986	-1.8084973109260591
0.29786463765254084	0.8475010261635353	-0.9995	6.656505336535469	-2.4611527533109037
0.3156350772954464	0.804798752395141	-0.9995	5.457025988137285	-3.2230542580430113
0.30547256786524246	0.8278939239941282	-0.9995	6.529559203111777	-3.2385639020565655
0.3153999410327297	0.805691831612197	-0.9995	5.493513279252435	-2.660450808114623
0.30705383619874493	0.8245175684300278	-0.9995	6.430521172716578	-2.0541421274996203
0.31406103828031773	0.8081594186544809	-0.9995	5.690740210707396	-3.271041615162879
0.324647576775489	0.7863002764287585	-0.9995	3.641788993792074	-4.5126503959135835
0.315995069037869	0.8036608194684339	-0.9995	5.40009303067922	-4.506968754780298
0.305700018906265	0.8281511634937866	-0.9995	6.516853120651305	-1.6286598737275
0.3043503680700732	0.8320455274341952	-0.9995	6.584675686584637	-2.283846637083366
0.30950543727573016	0.8187254100256073	-0.9995	6.227537509295997	-2.2439615798556236
0.33425794474375814	0.7673739074272359	-0.9995	0.8112703079782668	-8.518833603481179
0.3290077816048587	0.7775379219136583	-0.9995	2.4720472301342977	-5.900081226696681
0.2985423592408776	0.8460534284760942	-0.9995	6.668680615396925	-1.70942636984425
0.3083156631909491	0.8203305074459769	-0.9995	6.333552926783669	-7.821764346207273
0.3199249872981146	0.7955630719157414	-0.9995	4.69427860416006	-4.164357477058659
0.3161478127527175	0.8038266357030326	-0.9995	5.3755449148260634	-3.006897462681623
0.30110807349552315	0.8392865442818216	-0.9995	6.673165063952796	-1.776295453662284
0.3245397583251358	0.7869568072245225	-0.9995	3.6683055050298337	-4.960177276320779
0.31325327245341683	0.8110842017129051	-0.9995	5.801058044687712	-3.2404963392458326
0.3117833795954786	0.8130049158158572	-0.9995	5.985064024854493	-3.9594021562449218
0.3053756905899909	0.8285485209591217	-0.9995	6.534813951713614	-2.0093791223935558
0.32342469010818636	0.7890517229589326	-0.9995	3.9357236649873775	-4.381865722310253
0.31306043509201925	0.8091634312085099	-0.9995	5.82642937434596	-10.898570079526483
0.3196422218047356	0.7972862389322879	-0.9995	4.750219811178042	-4.6389988470308055
0.3094146647676765	0.8195081726202684	-0.9995	6.236124634871555	-2.021867997815537
0.3413751763451016	0.754775444030439	-0.9995	-1.8802218896310863	-11.009779715256029
0.2985889495824159	0.8458561113874088	-0.9995	6.669348881905378	-1.822423397237955
0.30068867612867095	0.8414815318998178	-0.9995	6.676932824259193	-2.6359895379789755
0.3145743931059055	0.804674511679226	-0.9995	5.617239526282868	-25.96326156817762
0.32037191330529285	0.795703481350925	-0.9995	4.6042299397183575	-4.597331235568412
0.29333765174662546	0.8603732623722401	-0.9995	6.457369777063986	-1.8084973109260591
0.29786463765254084	0.8475010261635353	-0.9995	6.656505336535469	-2.4611527533109037
0.3156350772954464	0.804798752395141	-0.9995	5.457025988137285	-3.2230542580430113
0.30547256786524246	0.8278939239941282	-0.9995	6.529559203111777	-3.2385639020565655
0.3161266415646902	0.8043525283558134	-0.9995	5.378961357530226	-2.8692433170415264
0.30632387573079367	0.8269397618163963	-0.9995	6.479347177017592	-1.863297778945304
0.31406103828031773	0.8081594186544809	-0.9995	5.690740210707396	-3.271041615162879
0.32370650061007217	0.7881460849835128	-0.9995	3.869313342433437	-4.3092507068700945
0.3131399545681522	0.8106063408728222	-0.9995	5.816012168044681	-2.3941131329885774
0.30167437290976046	0.8382637599391919	-0.9995	6.665286575105501	-1.485627866688656
0.30320021969100774	0.834786331579114	-0.9995	6.62809716795663	-1.9448625680329403
0.30950543727573016	0.8187254100256073	-0.9995	6.227537509295997	-2.2439615798556236
0.32893225285990213	0.7782391126939153	-0.9995	2.4939279205636224	-5.9636760294898306
0.3290077816048587	0.7775379219136583	-0.9995	2.4720472301342977	-5.900081226696681
0.2985423592408776	0.8460534284760942	-0.9995	6.668680615396925	-1.70942636984425
0.3083156631909491	0.8203305074459769	-0.9995	6.333552926783669	-7.821764346207273
0.318280941768934	0.7987876709585009	-0.9995	5.008340038514417	-4.735570035719592
0.31532870687375925	0.8055156171712042	-0.9995	5.504457926202029	-3.0660392327127752
0.30110807349552315	0.8392865442818216	-0.9995	6.673165063952796	-1.776295453662284
0.3237805083011464	0.7885581472531777	-0.9995	3.851741323005731	-4.968811949956839
0.31325327245341683	0.8110842017129051	-0.9995	5.801058044687712	-3.2404963392458326
0.31004377683533846	0.8172394561475892	-0.9995	6.174916932719791	-2.865056512516892
0.3053756905899909	0.8285485209591217	-0.9995	6.534813951713614	-2.0093791223935558
0.32017543379261315	0.7956593715544324	-0.9995	4.644063554709614	-3.556093193585216
0.31974751686617536	0.7959021424647218	-0.9995	4.729482086410796	-4.2296082246694215
0.3196422218047356	0.7972862389322879	-0.9995	4.750219811178042	-4.6389988470308055
0.3094146647676765	0.8195081726202684	-0.9995	6.236124634871555	-2.021867997815537
0.3413751763451016	0.754775444030439	-0.9995	-1.8802218896310863	-11.009779715256029
0.29527926600073906	0.8544924352310563	-0.9995	6.567877550851309	-2.5645363281855946
0.2974660746236169	0.849596529937844	-0.9995	6.647200309244809	-1.7228983374853755
0.3145743931059055	0.804674511679226	-0.9995	5.617239526282868	-25.96326156817762
0.32037191330529285	0.795703481350925	-0.9995	4.6042299397183575	-4.597331235568412
0.29333765174662546	0.8603732623722401	-0.9995	6.457369777063986	-1.8084973109260591
0.29786463765254084	0.8475010261635353	-0.9995	6.656505336535469	-2.4611527533109037
0.3142418247001921	0.8080933792083714	-0.9995	5.665156344355193	-2.6004608958651154
0.30547256786524246	0.8278939239941282	-0.9995	6.529559203111777	-3.2385639020565655
0.3161266415646902	0.8043525283558134	-0.9995	5.378961357530226	-2.8692433170415264
0.3057056392235121	0.8284454946479217	-0.9995	6.516532603565798	-1.8281326667329214
0.31406103828031773	0.8081594186544809	-0.9995	5.690740210707396	-3.271041615162879
0.32370650061007217	0.7881460849835128	-0.9995	3.869313342433437	-4.3092507068700945
0.3135496305531357	0.8096720201982034	-0.9995	5.761341757677853	-2.464024227507055
0.3014294136209602	0.8389234249843592	-0.9995	6.669088081811267	-1.491930166836184
0.30320021969100774	0.834786331579114	-0.9995	6.62809716795663	-1.9448625680329403
0.30702145706768097	0.8244866067190548	-0.9995	6.432799901543763	-2.278126046331021
0.33001176498718976	0.7762746978743448	-0.9995	2.175774010078651	-6.539451708836811
0.3270563208619328	0.7816527923776967	-0.9995	3.019081705390893	-5.143084532440223
0.2995427080680891	0.8436759367110055	-0.9995	6.678258618755246	-1.4793741866518015
0.3083156631909491	0.8203305074459769	-0.9995	6.333552926783669	-7.821764346207273
0.3160531889463259	0.8039090755122992	-0.9995	5.390779821577999	-3.237832659479645
0.31938609244743343	0.7965149048088741	-0.9995	4.800201296408019	-4.68089938948647
0.30110807349552315	0.8392865442818216	-0.9995	6.673165063952796	-1.776295453662284
0.3237805083011464	0.7885581472531777	-0.9995	3.851741323005731	-4.968811949956839
0.31325327245341683	0.8110842017129051	-0.9995	5.801058044687712	-3.2404963392458326
0.3101875609612429	0.816868040901049	-0.9995	6.160372206614998	-3.000603096885893
0.3053756905899909	0.8285485209591217	-0.9995	6.534813951713614	-2.0093791223935558
0.32017543379261315	0.7956593715544324	-0.9995	4.644063554709614	-3.556093193585216
0.31974751686617536	0.7959021424647218	-0.9995	4.729482086410796	-4.2296082246694215
0.3196422218047356	0.7972862389322879	-0.9995	4.750219811178042	-4.6389988470308055
0.3043646880345295	0.8313745265467479	-0.9995	6.584051690116375	-1.5734000103028123
0.3372255844990472	0.7633458003066826	-0.9995	-0.24941650816832572	-10.808248006195173
0.29527926600073906	0.8544924352310563	-0.9995	6.567877550851309	-2.5645363281855946
0.2974660746236169	0.849596529937844	-0.9995	6.647200309244809	-1.7228983374853755
0.31177061327019684	0.8118271561570259	-0.9995	5.986567514527529	-13.135650163006098
0.3283954300159629	0.7783684544189813	-0.9995	2.6478019693529666	-6.765681117620462
0.2945147435726644	0.857534943177968	-0.9995	6.528864007942067	-1.6970320264476673
0.30867250307017874	0.8220165464809139	-0.9995	6.3032426507989	-4.212995002993004
0.3130498776955686	0.8106731156030942	-0.9995	5.827807658963707	-2.54563733781049
0.3073233473504464	0.8238952643816376	-0.9995	6.411147116233746	-2.0330563350420796
0.3161266415646902	0.8043525283558134	-0.9995	5.378961357530226	-2.8692433170415264
0.30422654013820183	0.8319332069604803	-0.9995	6.589985990611044	-1.6015426053729378
0.3125014523674276	0.8119829755953808	-0.9995	5.897872641834892	-2.37287459507259
0.32370650061007217	0.7881460849835128	-0.9995	3.869313342433437	-4.3092507068700945
0.3135496305531357	0.8096720201982034	-0.9995	5.761341757677853	-2.464024227507055
0.3014985271370449	0.8387579434481903	-0.9995	6.668076280407901	-1.497318178511863
0.2998614469950328	0.8429718296720818	-0.9995	6.679208213634272	-1.479908106677751
0.30702145706768097	0.8244866067190548	-0.9995	6.432799901543763	-2.278126046331021
0.3297340312491187	0.7768808044814035	-0.9995	2.258741126692357	-6.690334583336053
0.3270563208619328	0.7816527923776967	-0.9995	3.019081705390893	-5.143084532440223
0.3031397402907492	0.8344465003017784	-0.9995	6.63001435284343	-1.5216882337180113
0.3076906014857968	0.821974426315979	-0.9995	6.383577442243499	-6.549550456479388
0.3158657560457481	0.8043351528628938	-0.9995	5.420693123794232	-3.165930448018875
0.31938609244743343	0.7965149048088741	-0.9995	4.800201296408019	-4.68089938948647
0.30110807349552315	0.8392865442818216	-0.9995	6.673165063952796	-1.776295453662284
0.3237805083011464	0.7885581472531777	-0.9995	3.851741323005731	-4.968811949956839
0.3123553450376305	0.8128421038595701	-0.9995	5.916031443315694	-2.486392996472171
0.3101875609612429	0.816868040901049	-0.9995	6.160372206614998	-3.000603096885893
0.3080116292364395	0.822846921800304	-0.9995	6.358373183199339	-1.9319996355090812
0.3186556823754294	0.7985828145353956	-0.9995	4.939131773845661	-3.2669081317024347
0.3188104419307698	0.7979285051731764	-0.9995	4.910140570155885	-3.8917826862115596
0.3196422218047356	0.7972862389322879	-0.9995	4.750219811178042	-4.6389988470308055
0.30449425811086606	0.8310123457018646	-0.9995	6.578312418474773	-1.5974453808227977
0.3372255844990472	0.7633458003066826	-0.9995	-0.24941650816832572	-10.808248006195173
0.29527926600073906	0.8544924352310563	-0.9995	6.567877550851309	-2.5645363281855946
0.30060928352055	0.8412972736924954	-0.9995	6.677448066268131	-1.7287935816310203
0.31177061327019684	0.8118271561570259	-0.9995	5.986567514527529	-13.135650163006098
0.322800161273347	0.7902186772247625	-0.9995	4.080067427857039	-4.118371000485303
0.2952998050881362	0.8556178243852587	-0.9995	6.568845037262648	-1.989609714705736
0.30867250307017874	0.8220165464809139	-0.9995	6.3032426507989	-4.212995002993004
0.30787937020946055	0.8230620264165888	-0.9995	6.368881823821527	-1.8267993346316995
0.3073233473504464	0.8238952643816376	-0.9995	6.411147116233746	-2.0330563350420796
0.31615377638274844	0.8042907503021981	-0.9995	5.374581741190992	-2.870717806719698
0.30181240870706294	0.8377284434867978	-0.9995	6.662880071703011	-1.5192243780161796
0.30833680340293895	0.8222488709746676	-0.9995	6.331792743413926	-2.2421362907595626
0.32370650061007217	0.7881460849835128	-0.9995	3.869313342433437	-4.3092507068700945
0.3136549291986687	0.8094069200766653	-0.9995	5.7470187412069205	-2.5092096685006258
0.3002544670906596	0.8418702387297257	-0.9995	6.678980430809055	-1.465888624789919
0.3003124961581976	0.8417988587596853	-0.9995	6.678815929065758	-1.4804182110025348
0.30702145706768097	0.8244866067190548	-0.9995	6.432799901543763	-2.278126046331021
0.3297340312491187	0.7768808044814035	-0.9995	2.258741126692357	-6.690334583336053
0.32754310758633887	0.780709204841488	-0.9995	2.886190320747009	-5.28002973328341
0.3031397402907492	0.8344465003017784	-0.9995	6.63001435284343	-1.5216882337180113
0.3076906014857968	0.821974426315979	-0.9995	6.383577442243499	-6.549550456479388
0.3150853388522673	0.8062115531046372	-0.9995	5.541466956871571	-2.748524861496864
0.32019752733512413	0.7945637414346249	-0.9995	4.639603646044765	-6.052406097258295
0.30110807349552315	0.8392865442818216	-0.9995	6.673165063952796	-1.776295453662284
0.32526805313992446	0.7854687501702592	-0.9995	3.486931650899965	-5.068523623979967
0.312692365083178	0.8121713726225949	-0.9995	5.87382354128682	-2.7041609444884127
0.3101875609612429	0.816868040901049	-0.9995	6.160372206614998	-3.000603096885893
0.3080116292364395	0.822846921800304	-0.9995	6.358373183199339	-1.9319996355090812
0.3186556823754294	0.7985828145353956	-0.9995	4.939131773845661	-3.2669081317024347
0.3188915202685754	0.7975857133152991	-0.9995	4.894856508020217	-4.474179037716334
0.32084688778082027	0.7950376850402417	-0.9995	4.506340547579631	-6.187409852516547
0.30449425811086606	0.8310123457018646	-0.9995	6.578312418474773	-1.5974453808227977
0.3372255844990472	0.7633458003066826	-0.9995	-0.24941650816832572	-10.808248006195173
0.29527926600073906	0.8544924352310563	-0.9995	6.567877550851309	-2.5645363281855946
0.3031805938631259	0.8349589716676082	-0.9995	6.628723311699428	-2.219729193024836
0.31177061327019684	0.8118271561570259	-0.9995	5.986567514527529	-13.135650163006098
0.322800161273347	0.7902186772247625	-0.9995	4.080067427857039	-4.118371000485303
0.2952998050881362	0.8556178243852587	-0.9995	6.568845037262648	-1.989609714705736
0.3070524478544066	0.8255045400260165	-0.9995	6.430619094614578	-2.6109909563318965
0.30802775844329305	0.8227982442915085	-0.9995	6.357079670190885	-1.921255141138957
0.30351005055034186	0.8326314019189306	-0.9995	6.617701923980423	-3.548728452489666
0.3124069396512274	0.8131467455536453	-0.9995	5.909643440764205	-3.662558425892337
0.30181240870706294	0.8377284434867978	-0.9995	6.662880071703011	-1.5192243780161796
0.30833680340293895	0.8222488709746676	-0.9995	6.331792743413926	-2.2421362907595626
0.32370650061007217	0.7881460849835128	-0.9995	3.869313342433437	-4.3092507068700945
0.3136549291986687	0.8094069200766653	-0.9995	5.7470187412069205	-2.5092096685006258
0.3002544670906596	0.8418702387297257	-0.9995	6.678980430809055	-1.465888624789919
0.29902984348305994	0.8448577501849032	-0.9995	6.674598179973394	-1.5938315389382538
0.30702145706768097	0.8244866067190548	-0.9995	6.432799901543763	-2.278126046331021
0.3297340312491187	0.7768808044814035	-0.9995	2.258741126692357	-6.690334583336053
0.32754310758633887	0.780709204841488	-0.9995	2.886190320747009	-5.28002973328341
0.3031397402907492	0.8344465003017784	-0.9995	6.63001435284343	-1.5216882337180113
0.3076906014857968	0.821974426315979	-0.9995	6.383577442243499	-6.549550456479388
0.3129755210662596	0.810992972647285	-0.9995	5.837483463605467	-2.3589738777078955
0.3121925052173945	0.8138159080641278	-0.9995	5.936018280929238	-4.430842309945911
0.30110807349552315	0.8392865442818216	-0.9995	6.673165063952796	-1.776295453662284
0.32526805313992446	0.7854687501702592	-0.9995	3.486931650899965	-5.068523623979967
0.312692365083178	0.8121713726225949	-0.9995	5.87382354128682	-2.7041609444884127
0.3101875609612429	0.816868040901049	-0.9995	6.160372206614998	-3.000603096885893
0.3032961680649686	0.8340771960541088	-0.9995	6.624980578747605	-1.5222000679103385
0.3186556823754294	0.7985828145353956	-0.9995	4.939131773845661	-3.2669081317024347
0.3188915202685754	0.7975857133152991	-0.9995	4.894856508020217	-4.474179037716334
0.32084688778082027	0.7950376850402417	-0.9995	4.506340547579631	-6.187409852516547
0.30654874003285404	0.8265081858431997	-0.9995	6.4648742182206735	-2.062613126819171
0.3329648277208307	0.7712287408363316	-0.9995	1.2459048649899587	-9.915985775864877
0.29527926600073906	0.8544924352310563	-0.9995	6.567877550851309	-2.5645363281855946
0.3033544796190655	0.8345510140820259	-0.9995	6.623041530736572	-2.299475236199015
0.3182988013281969	0.7991271034194477	-0.9995	5.005073548066099	-3.518152634841721
0.3174349910732402	0.8007298212175992	-0.9995	5.159409629690373	-4.044416462493217
0.2952998050881362	0.8556178243852587	-0.9995	6.568845037262648	-1.989609714705736
0.30957770615908237	0.8197334060787248	-0.9995	6.220641921961578	-3.61568110833141
0.30526085972487255	0.8287901220386272	-0.9995	6.540920973086269	-2.0821608823896334
0.3034955930251983	0.8328097954072651	-0.9995	6.618208345321124	-2.983083210590179
0.30455826299310235	0.8299668396306878	-0.9995	6.575415390738767	-3.9045689038843694
0.30181240870706294	0.8377284434867978	-0.9995	6.662880071703011	-1.5192243780161796
0.30775491428033147	0.8234284329137507	-0.9995	6.378610720833754	-1.878246406117464
0.3238390885419632	0.7878265511677477	-0.9995	3.837793485752393	-4.3835789174520485
0.3136549291986687	0.8094069200766653	-0.9995	5.7470187412069205	-2.5092096685006258
0.2985065658395969	0.8463047033186107	-0.9995	6.668152470352906	-1.5435554196808159
0.301851923226108	0.8381678839630746	-0.9995	6.662156100133208	-1.8502081942467417
0.30702145706768097	0.8244866067190548	-0.9995	6.432799901543763	-2.278126046331021
0.3297340312491187	0.7768808044814035	-0.9995	2.258741126692357	-6.690334583336053
0.32754310758633887	0.780709204841488	-0.9995	2.886190320747009	-5.28002973328341
0.3031385613306055	0.834449187066119	-0.9995	6.630051362180337	-1.52174778018035
0.3080146634397252	0.8215895884173936	-0.9995	6.358130048049858	-4.298286107348034
0.3129755210662596	0.810992972647285	-0.9995	5.837483463605467	-2.3589738777078955
0.3121925052173945	0.8138159080641278	-0.9995	5.936018280929238	-4.430842309945911
0.30110807349552315	0.8392865442818216	-0.9995	6.673165063952796	-1.776295453662284
0.3203492565831423	0.795607881407204	-0.9995	4.6088429808774	-4.143383774145603
0.312692365083178	0.8121713726225949	-0.9995	5.87382354128682	-2.7041609444884127
0.31083943083149684	0.8157750321566488	-0.9995	6.091837894556177	-2.1737970705953717
0.3032961680649686	0.8340771960541088	-0.9995	6.624980578747605	-1.5222000679103385
0.31745946020743887	0.8012804725644229	-0.9995	5.155140444634491	-2.989700477572149
0.319750109697641	0.7959108770982042	-0.9995	4.728970032965931	-4.185834701323715
0.32814815517334556	0.7789674537494956	-0.9995	2.717710999996496	-6.239220620839761
0.30654874003285404	0.8265081858431997	-0.9995	6.4648742182206735	-2.062613126819171
0.3329648277208307	0.7712287408363316	-0.9995	1.2459048649899587	-9.915985775864877
0.29527926600073906	0.8544924352310563	-0.9995	6.567877550851309	-2.5645363281855946
0.303393667951829	0.8340674635908956	-0.9995	6.621719287473844	-1.6156422516814004
0.31564371994797197	0.805312373602574	-0.9995	5.455674329257318	-2.7158108191129475
0.3174349910732402	0.8007298212175992	-0.9995	5.159409629690373	-4.044416462493217
0.2952998050881362	0.8556178243852587	-0.9995	6.568845037262648	-1.989609714705736
0.30691875746657254	0.8261643243503076	-0.9995	6.439958173903932	-3.866718936589251
0.30526085972487255	0.8287901220386272	-0.9995	6.540920973086269	-2.0821608823896334
0.3034955930251983	0.8328097954072651	-0.9995	6.618208345321124	-2.983083210590179
0.3082247626524829	0.8220103734183414	-0.9995	6.341070594861812	-1.8228225385400592
0.30181240870706294	0.8377284434867978	-0.9995	6.662880071703011	-1.5192243780161796
0.30910420655950976	0.8200687342794376	-0.9995	6.264871312919096	-1.8850741808684308
0.32006181853417615	0.7960821752501906	-0.9995	4.66692138381913	-3.7882996582178805
0.31080876646480415	0.8152880634037075	-0.9995	6.095157035856824	-3.605111363113542
0.2985065658395969	0.8463047033186107	-0.9995	6.668152470352906	-1.5435554196808159
0.301851923226108	0.8381678839630746	-0.9995	6.662156100133208	-1.8502081942467417
0.30781222920395857	0.8226199023820994	-0.9995	6.374149572634284	-2.287370506143983
0.3297340312491187	0.7768808044814035	-0.9995	2.258741126692357	-6.690334583336053
0.3300878307557462	0.7755295963815563	-0.9995	2.1529164003780576	-6.129901645089081
0.29935143631249883	0.8435782201263278	-0.9995	6.677201024026473	-2.4277174633435408
0.307256483529994	0.8235891136784489	-0.9995	6.416021432204827	-3.355891366080657
0.3129755210662596	0.810992972647285	-0.9995	5.837483463605467	-2.3589738777078955
0.3154445528913014	0.8063431096976369	-0.9995	5.4866331282491645	-3.999288824624304
0.30086158522774675	0.8398626613817567	-0.9995	6.675592552786842	-1.8736882843913882
0.3203492565831423	0.795607881407204	-0.9995	4.6088429808774	-4.143383774145603
0.3121654042005753	0.8134398219336737	-0.9995	5.939318901493321	-2.8129049776055712
0.31083943083149684	0.8157750321566488	-0.9995	6.091837894556177	-2.1737970705953717
0.3032961680649686	0.8340771960541088	-0.9995	6.624980578747605	-1.5222000679103385
0.31762110353602174	0.8009047596021527	-0.9995	5.126787749174208	-3.0204812576443247
0.31810761994373904	0.7995982542681999	-0.9995	5.039874698175719	-3.360304538951585
0.3282724082360333	0.778691920278654	-0.9995	2.6826588609855735	-6.39658803626484
0.3096155995285389	0.819602853391098	-0.9995	6.217005426844011	-3.450021376053442
0.3329648277208307	0.7712287408363316	-0.9995	1.2459048649899587	-9.915985775864877
0.29527926600073906	0.8544924352310563	-0.9995	6.567877550851309	-2.5645363281855946
0.30043586136038203	0.8406987724530294	-0.9995	6.678354322682829	-2.5065005461166194
0.31564371994797197	0.805312373602574	-0.9995	5.455674329257318	-2.7158108191129475
0.31808822847926804	0.7991829717119984	-0.9995	5.043384150719181	-4.764038449967369
0.2952998050881362	0.8556178243852587	-0.9995	6.568845037262648	-1.989609714705736
0.3064246963612711	0.8275456932641756	-0.9995	6.472920581637547	-4.755871985168531
0.30496175600141473	0.8296129368696807	-0.9995	6.556209085222324	-1.8952749616541062
0.3034955930251983	0.8328097954072651	-0.9995	6.618208345321124	-2.983083210590179
0.3082247626524829	0.8220103734183414	-0.9995	6.341070594861812	-1.8228225385400592
0.30181240870706294	0.8377284434867978	-0.9995	6.662880071703011	-1.5192243780161796
0.30908943238043024	0.8201032426732185	-0.9995	6.26621529331813	-1.8836677049993504
0.32006181853417615	0.7960821752501906	-0.9995	4.66692138381913	-3.7882996582178805
0.31080876646480415	0.8152880634037075	-0.9995	6.095157035856824	-3.605111363113542
0.2985065658395969	0.8463047033186107	-0.9995	6.668152470352906	-1.5435554196808159
0.30281606911852915	0.8358838738768084	-0.9995	6.639652971908532	-2.2250788539796247
0.3078726872652334	0.8224982233540102	-0.9995	6.369408174429356	-2.244568032201112
0.326924244602753	0.7823709927582356	-0.9995	3.0547294611658296	-6.036634531376199
0.3300878307557462	0.7755295963815563	-0.9995	2.1529164003780576	-6.129901645089081
0.3036239215590923	0.8331933539183272	-0.9995	6.61364016097793	-1.5523516296147406
0.307256483529994	0.8235891136784489	-0.9995	6.416021432204827	-3.355891366080657
0.31241119274046053	0.8123445297232005	-0.9995	5.909115672105898	-2.245236895984064
0.32316054378955134	0.7892150687225646	-0.9995	3.9972502551715725	-4.209999673094238
0.30086158522774675	0.8398626613817567	-0.9995	6.675592552786842	-1.8736882843913882
0.3203492565831423	0.795607881407204	-0.9995	4.6088429808774	-4.143383774145603
0.3108727585498265	0.8164602236165126	-0.9995	6.088219805896074	-2.8295695974530872
0.31083943083149684	0.8157750321566488	-0.9995	6.091837894556177	-2.1737970705953717
0.3032961680649686	0.8340771960541088	-0.9995	6.624980578747605	-1.5222000679103385
0.3152679598340119	0.8063860103161093	-0.9995	5.513751210845195	-2.9687702858679668
0.31810761994373904	0.7995982542681999	-0.9995	5.039874698175719	-3.360304538951585
0.3196655501511208	0.7970002719660587	-0.9995	4.74563488457896	-3.8965754015316794
0.3096155995285389	0.819602853391098	-0.9995	6.217005426844011	-3.450021376053442
0.3329648277208307	0.7712287408363316	-0.9995	1.2459048649899587	-9.915985775864877
0.2939159318462422	0.8579641993388332	-0.9995	6.494224771812352	-3.6580978520663656
0.30043586136038203	0.8406987724530294	-0.9995	6.678354322682829	-2.5065005461166194
0.3178002011463228	0.8006160437378175	-0.9995	5.095068394062443	-3.0625492717648317
0.3173903504663901	0.8008649273992219	-0.9995	5.167182751590829	-3.9027433762005757
0.2952998050881362	0.8556178243852587	-0.9995	6.568845037262648	-1.989609714705736
0.3068247091245448	0.8266054006982402	-0.9995	6.446420925136975	-4.942907863828966
0.30371548711529484	0.8326589882136086	-0.9995	6.61027997579059	-1.903079433035046
0.3046971061654212	0.8300289102766955	-0.9995	6.568990166664008	-2.4078565208317
0.3082247626524829	0.8220103734183414	-0.9995	6.341070594861812	-1.8228225385400592
0.3002051898833406	0.8416680853564816	-0.9995	6.679093683869073	-1.6920357991154695
0.3116855601612246	0.8138153321856277	-0.9995	5.996542616902199	-2.2961790420428843
0.32006181853417615	0.7960821752501906	-0.9995	4.66692138381913	-3.7882996582178805
0.3080078138287335	0.8226553495686101	-0.9995	6.358678786731922	-1.79064767556671
0.2985065658395969	0.8463047033186107	-0.9995	6.668152470352906	-1.5435554196808159
0.30281606911852915	0.8358838738768084	-0.9995	6.639652971908532	-2.2250788539796247
0.3078726872652334	0.8224982233540102	-0.9995	6.369408174429356	-2.244568032201112
0.32925913448815847	0.7776703488439758	-0.9995	2.3988194433294754	-6.195780761048891
0.3238207540767642	0.7885170780828621	-0.9995	3.8421625743818075	-5.10153265789034
0.30374796124818265	0.8335640935895168	-0.9995	6.6090681307208055	-2.3090734131443984
0.307256483529994	0.8235891136784489	-0.9995	6.416021432204827	-3.355891366080657
0.31241119274046053	0.8123445297232005	-0.9995	5.909115672105898	-2.245236895984064
0.32431549655697045	0.786585855584587	-0.9995	3.723087334249988	-5.03711687662743
0.3016372449542772	0.8380145720459582	-0.9995	6.665901343108668	-1.664624666093335
0.3211233296426121	0.7939811049779716	-0.9995	4.448328922357925	-4.267322738799683
0.3111083945341849	0.8156934539803581	-0.9995	6.0623220526746575	-2.3507106988557513
0.3116169564370372	0.8140130149178365	-0.9995	6.004535814010101	-2.2412703137765355
0.301968703999522	0.8374576160938914	-0.9995	6.659925221121529	-1.4849433092115127
0.3171031076089243	0.8025523572070205	-0.9995	5.216722748897977	-3.66364719001203
0.31810761994373904	0.7995982542681999	-0.9995	5.039874698175719	-3.360304538951585
0.3196655501511208	0.7970002719660587	-0.9995	4.74563488457896	-3.8965754015316794
0.30916836081027166	0.8207208549235807	-0.9995	6.259009998573573	-3.6886024733049556
0.3329648277208307	0.7712287408363316	-0.9995	1.2459048649899587	-9.915985775864877
0.2939159318462422	0.8579641993388332	-0.9995	6.494224771812352	-3.6580978520663656
0.30075859487991036	0.840003563945337	-0.9995	6.6764268673510685	-2.1387087792603836
0.31568163840332825	0.8053840515201061	-0.9995	5.449735283246502	-2.8736265494020135
0.31691488107106863	0.8017045899342888	-0.9995	5.248738190068218	-4.514661574827221
0.29361256106069794	0.8605188768530285	-0.9995	6.475307317293639	-2.484337551676278
0.3054610525541091	0.8299275999291863	-0.9995	6.530188723316492	-4.850424260983168
0.30371548711529484	0.8326589882136086	-0.9995	6.61027997579059	-1.903079433035046
0.304671896653018	0.8301047054320306	-0.9995	6.570171106627795	-2.368177805074838
0.30608525800812786	0.8270544206459235	-0.9995	6.494152373182779	-1.7248402996778438
0.3002051898833406	0.8416680853564816	-0.9995	6.679093683869073	-1.6920357991154695
0.3116855601612246	0.8138153321856277	-0.9995	5.996542616902199	-2.2961790420428843
0.32432813959216716	0.7870235644663088	-0.9995	3.72001231823034	-4.4273610600464846
0.30378994115175356	0.8325317935846802	-0.9995	6.607485928641424	-1.8070146505965141
0.30138300020015396	0.8392136050755195	-0.9995	6.66974075054207	-1.619081468233679
0.301977386132847	0.8382060459166032	-0.9995	6.659753918718321	-2.774645671177881
0.30414024753003654	0.8309566240926906	-0.9995	6.593595950260331	-4.080413104638884
0.3273386705017176	0.781008692148915	-0.9995	2.9422896743027738	-5.203954140076203
0.3238207540767642	0.7885170780828621	-0.9995	3.8421625743818075	-5.10153265789034
0.30374796124818265	0.8335640935895168	-0.9995	6.6090681307208055	-2.3090734131443984
0.307256483529994	0.8235891136784489	-0.9995	6.416021432204827	-3.355891366080657
0.31241119274046053	0.8123445297232005	-0.9995	5.909115672105898	-2.245236895984064
0.32431549655697045	0.786585855584587	-0.9995	3.723087334249988	-5.03711687662743
0.30237449014701845	0.836460078977949	-0.9995	6.651113181018761	-1.495591947233745
0.32359108758668653	0.7885858848522024	-0.9995	3.89660713069662	-4.282858587870751
0.3111083945341849	0.8156934539803581	-0.9995	6.0623220526746575	-2.3507106988557513
0.3116169564370372	0.8140130149178365	-0.9995	6.004535814010101	-2.2412703137765355
0.3010737806142413	0.8397365606050222	-0.9995	6.673539174272598	-1.471670715586363
0.3171031076089243	0.8025523572070205	-0.9995	5.216722748897977	-3.66364719001203
0.31810761994373904	0.7995982542681999	-0.9995	5.039874698175719	-3.360304538951585
0.3154142895099347	0.806109425758026	-0.9995	5.491302592829781	-3.084521716310663
0.30835262716242523	0.822704349411026	-0.9995	6.3304722957377795	-3.8583058252865907
0.3329648277208307	0.7712287408363316	-0.9995	1.2459048649899587	-9.915985775864877
0.2939159318462422	0.8579641993388332	-0.9995	6.494224771812352	-3.6580978520663656
0.30200984798297115	0.8369889107552406	-0.9995	6.659106753736934	-1.7831718810198698
0.3188371028019126	0.7985657287262449	-0.9995	4.905121988461085	-3.388295498832397
0.31254770301609025	0.8115999800787408	-0.9995	5.892079943410197	-2.9101124093019575
0.28882050385637364	0.8736770677661065	-0.9995	6.054398528183418	-2.1134299348345227
0.3054610525541091	0.8299275999291863	-0.9995	6.530188723316492	-4.850424260983168
0.30292273281123405	0.8346935739092873	-0.9995	6.636592362880879	-1.788217845499343
0.3074427871789046	0.8239633455167815	-0.9995	6.402328793357865	-1.7425428215155438
0.30608525800812786	0.8270544206459235	-0.9995	6.494152373182779	-1.7248402996778438
0.2992653046484178	0.8437239220936771	-0.9995	6.676605312012017	-2.668278800465286
0.3116855601612246	0.8138153321856277	-0.9995	5.996542616902199	-2.2961790420428843
0.32432813959216716	0.7870235644663088	-0.9995	3.72001231823034	-4.4273610600464846
0.3034904032155383	0.8333630978796563	-0.9995	6.618389625275	-1.680048789656297
0.30138300020015396	0.8392136050755195	-0.9995	6.66974075054207	-1.619081468233679
0.3016842519513742	0.8389287711535108	-0.9995	6.665120675131661	-2.6823594245165765
0.30414024753003654	0.8309566240926906	-0.9995	6.593595950260331	-4.080413104638884
0.32641084784145413	0.7830884243315915	-0.9995	3.191639779787985	-5.143145189899476
0.3238207540767642	0.7885170780828621	-0.9995	3.8421625743818075	-5.10153265789034
0.3024164643931667	0.8368722923034241	-0.9995	6.650107697492986	-2.158305048101992
0.3088629855084558	0.8201468703478153	-0.9995	6.286541637694711	-2.3526636727989967
0.31130194721736953	0.8149157936181487	-0.9995	6.040634143789164	-2.1046565736934024
0.32431549655697045	0.786585855584587	-0.9995	3.723087334249988	-5.03711687662743
0.30237449014701845	0.836460078977949	-0.9995	6.651113181018761	-1.495591947233745
0.32359108758668653	0.7885858848522024	-0.9995	3.89660713069662	-4.282858587870751
0.31366775971016203	0.8093833137099616	-0.9995	5.745265920836556	-2.505744616310966
0.3092156746910483	0.8199260475450134	-0.9995	6.2546608982540555	-1.9576923945985847
0.30593854275187016	0.8273483236298216	-0.9995	6.502972748231251	-1.7772673665470293
0.3158947211331691	0.8049523690815132	-0.9995	5.41609339880414	-2.959197307949591
0.31810761994373904	0.7995982542681999	-0.9995	5.039874698175719	-3.360304538951585
0.3154142895099347	0.806109425758026	-0.9995	5.491302592829781	-3.084521716310663
0.30835262716242523	0.822704349411026	-0.9995	6.3304722957377795	-3.8583058252865907
0.3281430973647261	0.780558734526735	-0.9995	2.7191345519079375	-9.525401065622408
0.2939159318462422	0.8579641993388332	-0.9995	6.494224771812352	-3.6580978520663656
0.3020075442594611	0.8370752873134293	-0.9995	6.6591530285417235	-1.6668829255164468
0.3188371028019126	0.7985657287262449	-0.9995	4.905121988461085	-3.388295498832397
0.31254770301609025	0.8115999800787408	-0.9995	5.892079943410197	-2.9101124093019575
0.28882050385637364	0.8736770677661065	-0.9995	6.054398528183418	-2.1134299348345227
0.30234959521103005	0.8379816721464074	-0.9995	6.651701210031723	-6.3637028057477725
0.30292273281123405	0.8346935739092873	-0.9995	6.636592362880879	-1.788217845499343
0.3073896255655349	0.8241012894143698	-0.9995	6.406271368316164	-1.7390774748709301
0.3067134397814136	0.825624059444276	-0.9995	6.453952829816867	-1.7089616251201143
0.2992653046484178	0.8437239220936771	-0.9995	6.676605312012017	-2.668278800465286
0.3116855601612246	0.8138153321856277	-0.9995	5.996542616902199	-2.2961790420428843
0.32432813959216716	0.7870235644663088	-0.9995	3.72001231823034	-4.4273610600464846
0.30413203606220296	0.8318036175227203	-0.9995	6.593935588213471	-1.6634812114510265
0.2999930269518995	0.8432940034233416	-0.9995	6.6793039551932	-2.641827579681239
0.3016842519513742	0.8389287711535108	-0.9995	6.665120675131661	-2.6823594245165765
0.30414024753003654	0.8309566240926906	-0.9995	6.593595950260331	-4.080413104638884
0.32641084784145413	0.7830884243315915	-0.9995	3.191639779787985	-5.143145189899476
0.3238207540767642	0.7885170780828621	-0.9995	3.8421625743818075	-5.10153265789034
0.30244889637659117	0.8371907946463113	-0.9995	6.649318730993793	-3.482604762004092
0.3088016694978802	0.820454133694259	-0.9995	6.291957268560626	-2.0503897461347798
0.3122149867908292	0.8129605666981348	-0.9995	5.933274686809538	-2.2449910114445704
0.32431549655697045	0.786585855584587	-0.9995	3.723087334249988	-5.03711687662743
0.302613297672208	0.8356059647422821	-0.9995	6.645157574692361	-1.6084040747791608
0.32359108758668653	0.7885858848522024	-0.9995	3.89660713069662	-4.282858587870751
0.31542453379871455	0.8054553261255581	-0.9995	5.489722983771761	-2.816473288601438
0.3092156746910483	0.8199260475450134	-0.9995	6.2546608982540555	-1.9576923945985847
0.30474757151922005	0.8305902223407231	-0.9995	6.566607021659653	-1.595959606647451
0.3158947211331691	0.8049523690815132	-0.9995	5.41609339880414	-2.959197307949591
0.31810761994373904	0.7995982542681999	-0.9995	5.039874698175719	-3.360304538951585
0.31407631984338974	0.8089746184465294	-0.9995	5.688590296643159	-2.709887849999287
0.30835262716242523	0.822704349411026	-0.9995	6.3304722957377795	-3.8583058252865907
0.32882092774447624	0.7791890075778249	-0.9995	2.526074818048594	-9.319706724312189
0.2963696116739032	0.8514323904130225	-0.9995	6.613405601318901	-2.7623601768054318
0.3020075442594611	0.8370752873134293	-0.9995	6.6591530285417235	-1.6668829255164468
0.32022688679744565	0.795725639730724	-0.9995	4.633669450726791	-3.8015087173912088
0.3131676069217915	0.8105353104371268	-0.9995	5.812374838076138	-2.405745628841615
0.28882050385637364	0.8736770677661065	-0.9995	6.054398528183418	-2.1134299348345227
0.3025447931879799	0.8368618186877096	-0.9995	6.646924336462256	-3.1429747743318117
0.3003246247180725	0.8409529590383462	-0.9995	6.678777292272281	-2.6089514532180313
0.3073896255655349	0.8241012894143698	-0.9995	6.406271368316164	-1.7390774748709301
0.3109983469614663	0.8152112205202335	-0.9995	6.074486018886226	-2.5171947127381387
0.2992653046484178	0.8437239220936771	-0.9995	6.676605312012017	-2.668278800465286
0.3116855601612246	0.8138153321856277	-0.9995	5.996542616902199	-2.2961790420428843
0.3241442816350293	0.7874132859953317	-0.9995	3.764572519952135	-4.387622974669857
0.30413203606220296	0.8318036175227203	-0.9995	6.593935588213471	-1.6634812114510265
0.2930383122491026	0.8602418531292442	-0.9995	6.436978716605225	-4.508557606286487
0.3016842519513742	0.8389287711535108	-0.9995	6.665120675131661	-2.6823594245165765
0.30414024753003654	0.8309566240926906	-0.9995	6.593595950260331	-4.080413104638884
0.32641084784145413	0.7830884243315915	-0.9995	3.191639779787985	-5.143145189899476
0.3203059558132768	0.7951536616818905	-0.9995	4.617644990856446	-3.556164012228452
0.30244889637659117	0.8371907946463113	-0.9995	6.649318730993793	-3.482604762004092
0.3088016694978802	0.820454133694259	-0.9995	6.291957268560626	-2.0503897461347798
0.3137987319232576	0.8094308962801786	-0.9995	5.72727918486056	-2.4731635539704833
0.32431549655697045	0.786585855584587	-0.9995	3.723087334249988	-5.03711687662743
0.2998668461545802	0.8422213047523985	-0.9995	6.679215548577449	-2.3703062813554787
0.3235680032575694	0.7886335695604021	-0.9995	3.9020503105661875	-4.278043987409115
0.31542453379871455	0.8054553261255581	-0.9995	5.489722983771761	-2.816473288601438
0.3092156746910483	0.8199260475450134	-0.9995	6.2546608982540555	-1.9576923945985847
0.3037110984344434	0.8331402933846992	-0.9995	6.610442940359558	-1.5449166146762714
0.3158947211331691	0.8049523690815132	-0.9995	5.41609339880414	-2.959197307949591
0.31810761994373904	0.7995982542681999	-0.9995	5.039874698175719	-3.360304538951585
0.30876760600289427	0.8201158957615015	-0.9995	6.29494962320026	-3.0756052933603897
0.30019115626666976	0.8420359601308173	-0.9995	6.679121494718764	-1.4657696183240674
0.3319634213211904	0.7731422292762944	-0.9995	1.5710026855305546	-9.866217999653447
0.295264486783663	0.8541732472112354	-0.9995	6.567178771199689	-3.8077999089639327
0.2993710936087821	0.843884957020776	-0.9995	6.677326582065627	-1.6804445314492735
0.3205605979330807	0.7950148953667123	-0.9995	4.565613261481181	-3.844379172603235
0.30960572095940403	0.8185928594153694	-0.9995	6.217954822560529	-2.0949375808930597
0.28882050385637364	0.8736770677661065	-0.9995	6.054398528183418	-2.1134299348345227
0.3025447931879799	0.8368618186877096	-0.9995	6.646924336462256	-3.1429747743318117
0.3003246247180725	0.8409529590383462	-0.9995	6.678777292272281	-2.6089514532180313
0.30937417188859373	0.8191568792421672	-0.9995	6.239928705325694	-2.0438975415319494
0.31090674131851215	0.815436601093056	-0.9995	6.084519167365498	-2.47511989164167
0.2992653046484178	0.8437239220936771	-0.9995	6.676605312012017	-2.668278800465286
0.31283389696545233	0.8113357973303946	-0.9995	5.855759641710966	-2.3241953974623986
0.31793811406354766	0.8010030544834003	-0.9995	5.070424517525966	-4.706170970664685
0.30413203606220296	0.8318036175227203	-0.9995	6.593935588213471	-1.6634812114510265
0.2930946186543067	0.8599947195549246	-0.9995	6.440882740662955	-4.921741066379882
0.3014450206517465	0.839403006449966	-0.9995	6.66886377489033	-2.272504853402946
0.30244015185052325	0.835742941688697	-0.9995	6.649532493042139	-2.1006709562369306
0.32641084784145413	0.7830884243315915	-0.9995	3.191639779787985	-5.143145189899476
0.3203059558132768	0.7951536616818905	-0.9995	4.617644990856446	-3.556164012228452
0.30244889637659117	0.8371907946463113	-0.9995	6.649318730993793	-3.482604762004092
0.30879928942106993	0.820430500409993	-0.9995	6.292166726731432	-2.0934448371895424
0.31600380544716633	0.8043274466652512	-0.9995	5.398695254356445	-2.7753965392402993
0.32061563074210003	0.7944833466575327	-0.9995	4.554283043837097	-3.6360632642154425
0.3014857647065781	0.8382036552722851	-0.9995	6.668266714493633	-1.9988328843015424
0.3233548329048967	0.7890858895259132	-0.9995	3.9520630982319704	-4.242722601016343
0.31570703946667666	0.8048140681829842	-0.9995	5.445748754271506	-2.8938170294675842
0.3092156746910483	0.8199260475450134	-0.9995	6.2546608982540555	-1.9576923945985847
0.30478208844390725	0.8305907013080672	-0.9995	6.5649623488834425	-1.6491760136732534
0.3158947211331691	0.8049523690815132	-0.9995	5.41609339880414	-2.959197307949591
0.31832217317527556	0.7991674221449534	-0.9995	5.000794048986261	-3.3559179272438833
0.3087442939569174	0.8198844157491645	-0.9995	6.296990814285289	-4.285196402443637
0.30019115626666976	0.8420359601308173	-0.9995	6.679121494718764	-1.4657696183240674
0.3319634213211904	0.7731422292762944	-0.9995	1.5710026855305546	-9.866217999653447
0.2974349554957835	0.8482564967198692	-0.9995	6.646406931767144	-3.8834427725878573
0.2985449885414254	0.8456817198013848	-0.9995	6.668718906587284	-2.4885365418136907
0.3205605979330807	0.7950148953667123	-0.9995	4.565613261481181	-3.844379172603235
0.30788339559308375	0.822771562970581	-0.9995	6.3685645679249365	-1.8223507186160486
0.29178634473436094	0.8657368444313613	-0.9995	6.3419835341964	-2.6055007727947004
0.29727383331602214	0.8507735444231952	-0.9995	6.642144274366046	-3.475509970980738
0.30080321952993383	0.8398197601719795	-0.9995	6.676078390243864	-2.314927425321722
0.30937417188859373	0.8191568792421672	-0.9995	6.239928705325694	-2.0438975415319494
0.3108622096098262	0.8155302022668943	-0.9995	6.089366210271196	-2.4886184021639064
0.3045424354936323	0.8313855633595111	-0.9995	6.576135597241146	-1.8961934828636817
0.31283389696545233	0.8113357973303946	-0.9995	5.855759641710966	-2.3241953974623986
0.320080976160537	0.7961561066999028	-0.9995	4.663076180509924	-4.05238707781613
0.3066254573074062	0.8257991951724689	-0.9995	6.459820775648888	-1.7220096044630449
0.2930946186543067	0.8599947195549246	-0.9995	6.440882740662955	-4.921741066379882
0.30065736881482	0.841630635150855	-0.9995	6.6771435295167105	-2.8589050727960927
0.3037697250984814	0.8319164737139337	-0.9995	6.6082500617195965	-3.86699645713073
0.3256239036006583	0.7846527442293743	-0.9995	3.3963820196310524	-4.947887520529842
0.3192868806161793	0.797294313939334	-0.9995	4.819385378796429	-3.353388727467685
0.30073706161554675	0.8412377488754841	-0.9995	6.6765878991846375	-2.2913834443624683
0.30879928942106993	0.820430500409993	-0.9995	6.292166726731432	-2.0934448371895424
0.3136123072693393	0.8101385731309776	-0.9995	5.7528296523356595	-2.9041256866788707
0.3182101655677243	0.7999295259411062	-0.9995	5.02125354829054	-3.3148399519659986
0.3018258955739349	0.8373983061465685	-0.9995	6.662634725075623	-1.8808046184960396
0.3233548329048967	0.7890858895259132	-0.9995	3.9520630982319704	-4.242722601016343
0.3134733822700317	0.8091727750520951	-0.9995	5.771644049338177	-4.305666624554321
0.306456008886695	0.8259453966603523	-0.9995	6.470903944584775	-2.0328971032171967
0.30478208844390725	0.8305907013080672	-0.9995	6.5649623488834425	-1.6491760136732534
0.3158947211331691	0.8049523690815132	-0.9995	5.41609339880414	-2.959197307949591
0.31832217317527556	0.7991674221449534	-0.9995	5.000794048986261	-3.3559179272438833
0.30822924617624015	0.8204793184191046	-0.9995	6.340701735164384	-8.251755492244502
0.30043641690494133	0.8415096248037177	-0.9995	6.678351899735606	-1.4945712628439303
0.3324936599628852	0.7720889271387413	-0.9995	1.4001145093921497	-9.638251745026938
0.2998151200238033	0.8426067309588592	-0.9995	6.679133295282208	-1.8095399185871255
0.2979787924148823	0.8471514626456781	-0.9995	6.658877797799514	-2.5919184755512017
0.32305531996608144	0.789428427333182	-0.9995	4.021565304618228	-4.18595570184673
0.30391169494839804	0.8332541337763794	-0.9995	6.602797411463586	-2.5992029457470505
0.29178634473436094	0.8657368444313613	-0.9995	6.3419835341964	-2.6055007727947004
0.29727383331602214	0.8507735444231952	-0.9995	6.642144274366046	-3.475509970980738
0.30080321952993383	0.8398197601719795	-0.9995	6.676078390243864	-2.314927425321722
0.3092864941583901	0.8193475794627244	-0.9995	6.248109329541132	-2.0531734935446533
0.3108622096098262	0.8155302022668943	-0.9995	6.089366210271196	-2.4886184021639064
0.3042243059334268	0.832126311147005	-0.9995	6.590080395214274	-1.8047357649877522
0.31296936470655057	0.8110499037806314	-0.9995	5.838282093852602	-2.331054765284218
0.3210687614277466	0.7937906065281537	-0.9995	4.459840657813684	-3.7346837756501277
0.3092347992098975	0.8202097105640839	-0.9995	6.252896616074581	-2.5011796040205763
0.29611260834575076	0.8520566388486488	-0.9995	6.603745128942567	-3.012935813533229
0.294471226332047	0.8570215726111472	-0.9995	6.526467506952947	-1.9623673137348234
0.30592503016838485	0.8271235130980753	-0.9995	6.503774285828847	-2.2269244151654064
0.32420342048788864	0.787519311742035	-0.9995	3.75027638174246	-4.634615664709109
0.3192868806161793	0.797294313939334	-0.9995	4.819385378796429	-3.353388727467685
0.294996121245816	0.8571440456910351	-0.9995	6.554110185377329	-4.107644877262384
0.30879928942106993	0.820430500409993	-0.9995	6.292166726731432	-2.0934448371895424
0.3136123072693393	0.8101385731309776	-0.9995	5.7528296523356595	-2.9041256866788707
0.3182101655677243	0.7999295259411062	-0.9995	5.02125354829054	-3.3148399519659986
0.3018258955739349	0.8373983061465685	-0.9995	6.662634725075623	-1.8808046184960396
0.3233548329048967	0.7890858895259132	-0.9995	3.9520630982319704	-4.242722601016343
0.3134733822700317	0.8091727750520951	-0.9995	5.771644049338177	-4.305666624554321
0.306456008886695	0.8259453966603523	-0.9995	6.470903944584775	-2.0328971032171967
0.3012032369808084	0.8395016784978888	-0.9995	6.6720653021502745	-1.4881483731996763
0.31624416990786225	0.8041386961662104	-0.9995	5.359938918332711	-2.9389725004330725
0.31545086779049747	0.805939985441875	-0.9995	5.485657620913038	-2.916292146110287
0.30822924617624015	0.8204793184191046	-0.9995	6.340701735164384	-8.251755492244502
0.29892862091664435	0.8458490119495975	-0.9995	6.67356493260894	-1.9470017297920208
0.3324936599628852	0.7720889271387413	-0.9995	1.4001145093921497	-9.638251745026938
0.2998151200238033	0.8426067309588592	-0.9995	6.679133295282208	-1.8095399185871255
0.2990988416590044	0.8444705750446081	-0.9995	6.6752437665324695	-1.8897857316572182
0.32305531996608144	0.789428427333182	-0.9995	4.021565304618228	-4.18595570184673
0.30391169494839804	0.8332541337763794	-0.9995	6.602797411463586	-2.5992029457470505
0.29178634473436094	0.8657368444313613	-0.9995	6.3419835341964	-2.6055007727947004
0.29727383331602214	0.8507735444231952	-0.9995	6.642144274366046	-3.475509970980738
0.3028031478339206	0.8342510993070723	-0.9995	6.640016009416131	-4.206819316987248
0.3092574462960338	0.8194339776117526	-0.9995	6.250802638690448	-2.028044966299557
0.3108622096098262	0.8155302022668943	-0.9995	6.089366210271196	-2.4886184021639064
0.3043928719517216	0.8317031523557731	-0.9995	6.582817578389088	-1.8038618623476825
0.3047764942976526	0.8309696353863352	-0.9995	6.565229709432661	-2.250077978535355
0.3234735266398277	0.7885692987142789	-0.9995	3.924271933756694	-4.293377559609786
0.30805174986321027	0.8229255411190947	-0.9995	6.355150819011666	-2.2183334751048314
0.2957894220709516	0.852820349207285	-0.9995	6.590659365827253	-3.4478226780648917
0.294471226332047	0.8570215726111472	-0.9995	6.526467506952947	-1.9623673137348234
0.30913370115416766	0.8198020374392658	-0.9995	6.262181714441981	-1.941087912503276
0.3283033226418365	0.7789112542391208	-0.9995	2.6739138354707284	-5.671858956183144
0.3192868806161793	0.797294313939334	-0.9995	4.819385378796429	-3.353388727467685
0.29533604776918904	0.8552913574455765	-0.9995	6.570541946253767	-1.6833341177189443
0.30881516937720155	0.8204006570659421	-0.9995	6.290768142566439	-2.083119027539734
0.3058521797179304	0.8269074805155778	-0.9995	6.508064161055421	-3.5200658971437466
0.3182101655677243	0.7999295259411062	-0.9995	5.02125354829054	-3.3148399519659986
0.3018258955739349	0.8373983061465685	-0.9995	6.662634725075623	-1.8808046184960396
0.3233548329048967	0.7890858895259132	-0.9995	3.9520630982319704	-4.242722601016343
0.3117219773669069	0.8134600257469728	-0.9995	5.992280431358813	-2.8371479024302975
0.306456008886695	0.8259453966603523	-0.9995	6.470903944584775	-2.0328971032171967
0.3020621930206428	0.8375840878120149	-0.9995	6.65804099803826	-1.7733099446628415
0.31624416990786225	0.8041386961662104	-0.9995	5.359938918332711	-2.9389725004330725
0.31545086779049747	0.805939985441875	-0.9995	5.485657620913038	-2.916292146110287
0.30688089100305266	0.8243857533281648	-0.9995	6.442570893330744	-3.762426228957006
0.2971234316493381	0.8504976559803054	-0.9995	6.63793097093005	-1.7045000229845542
0.3324936599628852	0.7720889271387413	-0.9995	1.4001145093921497	-9.638251745026938
0.2998151200238033	0.8426067309588592	-0.9995	6.679133295282208	-1.8095399185871255
0.29878727518924303	0.8454330165739501	-0.9995	6.671950690977072	-1.6699123638050803
0.32305531996608144	0.789428427333182	-0.9995	4.021565304618228	-4.18595570184673
0.3032090342783895	0.8350238029871301	-0.9995	6.627814693310805	-2.604908639630727
0.29178634473436094	0.8657368444313613	-0.9995	6.3419835341964	-2.6055007727947004
0.29727383331602214	0.8507735444231952	-0.9995	6.642144274366046	-3.475509970980738
0.305065968002124	0.8293683321738619	-0.9995	6.550984039317479	-1.8823684199045996
0.3104273470710286	0.8168886257132617	-0.9995	6.135656363611757	-2.0163117020375143
0.31083911208148224	0.8155765877873838	-0.9995	6.091872444735527	-2.500419227047205
0.30612153228001443	0.8271493226091537	-0.9995	6.491938411033905	-1.6530056942634221
0.3047764942976526	0.8309696353863352	-0.9995	6.565229709432661	-2.250077978535355
0.3234735266398277	0.7885692987142789	-0.9995	3.924271933756694	-4.293377559609786
0.30817300015322086	0.8226639043618856	-0.9995	6.345314540787458	-2.2839194416265496
0.2973604538633445	0.8489324861869825	-0.9995	6.644468179272534	-2.25262035958278
0.294471226332047	0.8570215726111472	-0.9995	6.526467506952947	-1.9623673137348234
0.3089028425585	0.8204685070660547	-0.9995	6.283001170203006	-1.86387045989939
0.3283033226418365	0.7789112542391208	-0.9995	2.6739138354707284	-5.671858956183144
0.3178554320115353	0.8003532275628952	-0.9995	5.085221936717396	-3.0776486864539336
0.29533604776918904	0.8552913574455765	-0.9995	6.570541946253767	-1.6833341177189443
0.30881516937720155	0.8204006570659421	-0.9995	6.290768142566439	-2.083119027539734
0.3030989787766609	0.8339973197997844	-0.9995	6.631285851019225	-2.342551710886159
0.3182101655677243	0.7999295259411062	-0.9995	5.02125354829054	-3.3148399519659986
0.30208723361373135	0.8367731212306013	-0.9995	6.657521477518749	-1.8166104232984068
0.3233548329048967	0.7890858895259132	-0.9995	3.9520630982319704	-4.242722601016343
0.3117219773669069	0.8134600257469728	-0.9995	5.992280431358813	-2.8371479024302975
0.308377612402258	0.8211921758112024	-0.9995	6.3283822504978655	-2.551837071200085
0.3020621930206428	0.8375840878120149	-0.9995	6.65804099803826	-1.7733099446628415
0.3127954263853835	0.8119723391934311	-0.9995	5.860689516391359	-2.7925958640615125
0.3152510062859384	0.8063937953799807	-0.9995	5.5163382346415375	-2.9111884181714203
0.30748822520319363	0.8231344932803618	-0.9995	6.398936614841478	-3.002325094789011
0.2971234316493381	0.8504976559803054	-0.9995	6.63793097093005	-1.7045000229845542
0.3296271188634973	0.7774202996374678	-0.9995	2.290473337551201	-8.171153832892333
0.2998151200238033	0.8426067309588592	-0.9995	6.679133295282208	-1.8095399185871255
0.3002904284912765	0.8408796015013493	-0.9995	6.678882454767473	-3.1714288953099175
0.32305531996608144	0.789428427333182	-0.9995	4.021565304618228	-4.18595570184673
0.30241964833450996	0.8372380211962448	-0.9995	6.650030707996715	-3.370482316184413
0.29616143671608175	0.8533873166880718	-0.9995	6.605631357886974	-2.232228764436062
0.29109411786256995	0.8673276892443045	-0.9995	6.282730515081223	-1.9764140406960884
0.305065968002124	0.8293683321738619	-0.9995	6.550984039317479	-1.8823684199045996
0.3104273470710286	0.8168886257132617	-0.9995	6.135656363611757	-2.0163117020375143
0.30854017724813404	0.821216124227359	-0.9995	6.314631061162467	-1.8759290450255914
0.30612153228001443	0.8271493226091537	-0.9995	6.491938411033905	-1.6530056942634221
0.30932044832719263	0.8203083761934397	-0.9995	6.244950413210859	-3.476135842995177
0.3234735266398277	0.7885692987142789	-0.9995	3.924271933756694	-4.293377559609786
0.30817300015322086	0.8226639043618856	-0.9995	6.345314540787458	-2.2839194416265496
0.2973604538633445	0.8489324861869825	-0.9995	6.644468179272534	-2.25262035958278
0.29449666968556754	0.8569706690670934	-0.9995	6.527870975561443	-1.929257221393284
0.3089028425585	0.8204685070660547	-0.9995	6.283001170203006	-1.86387045989939
0.32548417806144553	0.7849130864052885	-0.9995	3.4320875409728897	-4.884619790714322
0.3178554320115353	0.8003532275628952	-0.9995	5.085221936717396	-3.0776486864539336
0.29533604776918904	0.8552913574455765	-0.9995	6.570541946253767	-1.6833341177189443
0.30881516937720155	0.8204006570659421	-0.9995	6.290768142566439	-2.083119027539734
0.30152636274677236	0.8376982145725903	-0.9995	6.667655282136527	-3.2134175743493163
0.3182101655677243	0.7999295259411062	-0.9995	5.02125354829054	-3.3148399519659986
0.30208723361373135	0.8367731212306013	-0.9995	6.657521477518749	-1.8166104232984068
0.31823014239429187	0.8001231801584304	-0.9995	5.017613739729409	-3.836299675493951
0.3117219773669069	0.8134600257469728	-0.9995	5.992280431358813	-2.8371479024302975
0.308377612402258	0.8211921758112024	-0.9995	6.3283822504978655	-2.551837071200085
0.3012627951802101	0.8390709820819394	-0.9995	6.671330939974391	-1.554670635614789
0.30992328241859535	0.8186117500703554	-0.9995	6.186946528514181	-2.5988732701937813
0.321414387265403	0.7931240689507665	-0.9995	4.386424288546927	-3.873359817618244
0.30646591919500643	0.8252846166308153	-0.9995	6.470263643128437	-4.19738153933211
0.2971234316493381	0.8504976559803054	-0.9995	6.63793097093005	-1.7045000229845542
0.3286352731547416	0.7797345304591166	-0.9995	2.5794098550768685	-10.71172007300536
0.2998151200238033	0.8426067309588592	-0.9995	6.679133295282208	-1.8095399185871255
0.3002904284912765	0.8408796015013493	-0.9995	6.678882454767473	-3.1714288953099175
0.32305531996608144	0.789428427333182	-0.9995	4.021565304618228	-4.18595570184673
0.30241964833450996	0.8372380211962448	-0.9995	6.650030707996715	-3.370482316184413
0.29616143671608175	0.8533873166880718	-0.9995	6.605631357886974	-2.232228764436062
0.29109411786256995	0.8673276892443045	-0.9995	6.282730515081223	-1.9764140406960884
0.3055977348889227	0.8280865268742773	-0.9995	6.522631018876886	-1.8810037379266262
0.3104273470710286	0.8168886257132617	-0.9995	6.135656363611757	-2.0163117020375143
0.30836807253440385	0.8218947335116769	-0.9995	6.329181008604978	-1.8616191068611396
0.30285831937069296	0.8344775046062154	-0.9995	6.638454250185806	-2.706887678117436
0.30904537926028675	0.8210825350726747	-0.9995	6.27020976849807	-3.9946361205636194
0.3163377162820612	0.80397379030591	-0.9995	5.34469933174456	-3.0093281220654164
0.30817300015322086	0.8226639043618856	-0.9995	6.345314540787458	-2.2839194416265496
0.2981634391941464	0.84695229315294	-0.9995	6.662439420342212	-1.8855624576213312
0.29449666968556754	0.8569706690670934	-0.9995	6.527870975561443	-1.929257221393284
0.3089028425585	0.8204685070660547	-0.9995	6.283001170203006	-1.86387045989939
0.32548417806144553	0.7849130864052885	-0.9995	3.4320875409728897	-4.884619790714322
0.3178554320115353	0.8003532275628952	-0.9995	5.085221936717396	-3.0776486864539336
0.29733958236741487	0.8501851288468015	-0.9995	6.643915088411351	-2.181892732594232
0.30662701823990907	0.8261048866953086	-0.9995	6.459717344549762	-1.767725426646603
0.30152636274677236	0.8376982145725903	-0.9995	6.667655282136527	-3.2134175743493163
0.3127372643182233	0.8105313557145168	-0.9995	5.868114686748777	-5.756965500124897
0.30208723361373135	0.8367731212306013	-0.9995	6.657521477518749	-1.8166104232984068
0.31823014239429187	0.8001231801584304	-0.9995	5.017613739729409	-3.836299675493951
0.3101923301858859	0.8171290190928252	-0.9995	6.159886225219596	-2.3113953405062073
0.3051323209300855	0.8290107358586809	-0.9995	6.547600607663229	-2.2948868840040415
0.3040319996608712	0.8322663968280227	-0.9995	6.598019091983872	-1.5469425072766967
0.3099220207864333	0.8186153008285396	-0.9995	6.187071715878124	-2.6000679494572925
0.3197085672796688	0.7968973046026749	-0.9995	4.7371660772240425	-3.87517071855304
0.30646591919500643	0.8252846166308153	-0.9995	6.470263643128437	-4.19738153933211
0.2971234316493381	0.8504976559803054	-0.9995	6.63793097093005	-1.7045000229845542
0.3286352731547416	0.7797345304591166	-0.9995	2.5794098550768685	-10.71172007300536
0.2998151200238033	0.8426067309588592	-0.9995	6.679133295282208	-1.8095399185871255
0.30052846945255524	0.8402960949029327	-0.9995	6.677907798498779	-3.05468144634375
0.32305531996608144	0.789428427333182	-0.9995	4.021565304618228	-4.18595570184673
0.2999531030019707	0.8435242836487824	-0.9995	6.679293201668079	-3.0706755505968975
0.29616143671608175	0.8533873166880718	-0.9995	6.605631357886974	-2.232228764436062
0.29109411786256995	0.8673276892443045	-0.9995	6.282730515081223	-1.9764140406960884
0.3055977348889227	0.8280865268742773	-0.9995	6.522631018876886	-1.8810037379266262
0.30450208974293524	0.8318573132437938	-0.9995	6.577960138042986	-2.856469041834057
0.30780493279307464	0.8231331795393763	-0.9995	6.37471931878814	-1.7735684655200554
0.30375158580711953	0.8324853006031231	-0.9995	6.608932217969295	-2.0744309589129717
0.3065343704731007	0.8267448482405741	-0.9995	6.465814210911546	-2.5455031874875687
0.3163377162820612	0.80397379030591	-0.9995	5.34469933174456	-3.0093281220654164
0.30817300015322086	0.8226639043618856	-0.9995	6.345314540787458	-2.2839194416265496
0.2993613633189751	0.8439935812639033	-0.9995	6.677264914258448	-1.5840006951549377
0.29449666968556754	0.8569706690670934	-0.9995	6.527870975561443	-1.929257221393284
0.3089028425585	0.8204685070660547	-0.9995	6.283001170203006	-1.86387045989939
0.3287795798908133	0.7775401267335197	-0.9995	2.5379831048516706	-7.273961946103148
0.31338072334304357	0.8107998772736957	-0.9995	5.784085412394844	-3.263526625114836
0.3016970377190708	0.8382247788220376	-0.9995	6.664904513210454	-1.491140547394357
0.31089267293611644	0.8161787885289324	-0.9995	6.08605257984418	-2.3090449813364113
0.30152636274677236	0.8376982145725903	-0.9995	6.667655282136527	-3.2134175743493163
0.3177923280248651	0.8007389398699136	-0.9995	5.096469515588193	-3.1347531214095063
0.30208723361373135	0.8367731212306013	-0.9995	6.657521477518749	-1.8166104232984068
0.324291111745484	0.7867064987119627	-0.9995	3.7290136491522503	-4.844665250404148
0.3101923301858859	0.8171290190928252	-0.9995	6.159886225219596	-2.3113953405062073
0.3051323209300855	0.8290107358586809	-0.9995	6.547600607663229	-2.2948868840040415
0.3040319996608712	0.8322663968280227	-0.9995	6.598019091983872	-1.5469425072766967
0.3077827639709787	0.8235732199388702	-0.9995	6.376447123170378	-2.210719577341793
0.3197085672796688	0.7968973046026749	-0.9995	4.7371660772240425	-3.87517071855304
0.30646591919500643	0.8252846166308153	-0.9995	6.470263643128437	-4.19738153933211
0.29625209610736675	0.8525398164708624	-0.9995	6.6090702803681225	-1.5357991179575592
0.3261794353417259	0.7845751416071335	-0.9995	3.252490024252165	-10.226952743546736
0.3000368892423876	0.8419523770174554	-0.9995	6.679297394229181	-1.9543097511696743
0.30052846945255524	0.8402960949029327	-0.9995	6.677907798498779	-3.05468144634375
0.32499828904039996	0.785166988628956	-0.9995	3.554731923573294	-5.364530019975623
0.3004536542588584	0.8421793412652521	-0.9995	6.678275187377299	-2.9274585611480823
0.29616143671608175	0.8533873166880718	-0.9995	6.605631357886974	-2.232228764436062
0.28683122721890797	0.8791760846451251	-0.9995	5.812221315510049	-3.0633613645961137
0.3055977348889227	0.8280865268742773	-0.9995	6.522631018876886	-1.8810037379266262
0.30450208974293524	0.8318573132437938	-0.9995	6.577960138042986	-2.856469041834057
0.30780493279307464	0.8231331795393763	-0.9995	6.37471931878814	-1.7735684655200554
0.30382977888543106	0.8322957834226099	-0.9995	6.6059681667537316	-2.066930997505702
0.3052228700375487	0.8299243870705382	-0.9995	6.542912341164579	-2.4140588832328422
0.3163377162820612	0.80397379030591	-0.9995	5.34469933174456	-3.0093281220654164
0.30705646562555394	0.82518747074973	-0.9995	6.430335662687076	-1.9349458782133926
0.2968609783898178	0.850371289618353	-0.9995	6.630036914964245	-2.05175031138487
0.2960814955578323	0.8527751783096026	-0.9995	6.602530812993761	-1.6486212255804578
0.3089028425585	0.8204685070660547	-0.9995	6.283001170203006	-1.86387045989939
0.3287795798908133	0.7775401267335197	-0.9995	2.5379831048516706	-7.273961946103148
0.3176978770489212	0.8008868380614037	-0.9995	5.113229938116536	-3.071978185060754
0.3027011032529923	0.8350313634533839	-0.9995	6.64282440439357	-2.2391112963806226
0.3108354000690376	0.8162564968064325	-0.9995	6.0922747250297	-2.222881954570777
0.30152636274677236	0.8376982145725903	-0.9995	6.667655282136527	-3.2134175743493163
0.3178053893566183	0.800718487488925	-0.9995	5.09414474760632	-3.144742249497371
0.30451362337623067	0.8309685996961428	-0.9995	6.5774402183979195	-1.5961785937160808
0.324291111745484	0.7867064987119627	-0.9995	3.7290136491522503	-4.844665250404148
0.3101923301858859	0.8171290190928252	-0.9995	6.159886225219596	-2.3113953405062073
0.3051323209300855	0.8290107358586809	-0.9995	6.547600607663229	-2.2948868840040415
0.3035269392585094	0.8333156709473718	-0.9995	6.617107695644126	-1.6340174984882019
0.30564241540291753	0.828399284177501	-0.9995	6.520119940414794	-1.644087249860398
0.32080553395971334	0.7946981293825239	-0.9995	4.514952981566273	-4.35841558342687
0.30646591919500643	0.8252846166308153	-0.9995	6.470263643128437	-4.19738153933211
0.29625209610736675	0.8525398164708624	-0.9995	6.6090702803681225	-1.5357991179575592
0.3261794353417259	0.7845751416071335	-0.9995	3.252490024252165	-10.226952743546736
0.2981867721034139	0.8464379096008154	-0.9995	6.66286522128541	-3.1258418301407627
0.3014279395337498	0.8382346104144406	-0.9995	6.669109141749972	-2.277407878713971
0.32499828904039996	0.785166988628956	-0.9995	3.554731923573294	-5.364530019975623
0.30531793331315743	0.829310863888709	-0.9995	6.537902124694252	-1.7096348735478877
0.2922929693480646	0.8637684787261948	-0.9995	6.382312590960842	-1.8105110537666267
0.2911137491205486	0.866829521527903	-0.9995	6.284476924847446	-1.9201232267808095
0.3055977348889227	0.8280865268742773	-0.9995	6.522631018876886	-1.8810037379266262
0.30504867646134165	0.830199793093341	-0.9995	6.551858528253673	-2.039045599552752
0.3086668374783956	0.8214257531109024	-0.9995	6.303733838925588	-2.1875113749704482
0.3014301344223408	0.8386779579641623	-0.9995	6.66907777598038	-1.5295388404475183
0.30531308047322236	0.8297817612754591	-0.9995	6.538160077735515	-2.6505099465402644
0.3163377162820612	0.80397379030591	-0.9995	5.34469933174456	-3.0093281220654164
0.30705320094833594	0.8251948859984661	-0.9995	6.430565980222164	-1.933858430985273
0.2967626753679018	0.8506629361528799	-0.9995	6.626902844442251	-2.001366414444325
0.2960814955578323	0.8527751783096026	-0.9995	6.602530812993761	-1.6486212255804578
0.31560919379751134	0.8048040609842594	-0.9995	5.461069543268865	-3.3517735447917527
0.3287795798908133	0.7775401267335197	-0.9995	2.5379831048516706	-7.273961946103148
0.3176978770489212	0.8008868380614037	-0.9995	5.113229938116536	-3.071978185060754
0.3027011032529923	0.8350313634533839	-0.9995	6.64282440439357	-2.2391112963806226
0.3108354000690376	0.8162564968064325	-0.9995	6.0922747250297	-2.222881954570777
0.307986119258437	0.8229897972264115	-0.9995	6.360413694260307	-2.045143707217983
0.3178053893566183	0.800718487488925	-0.9995	5.09414474760632	-3.144742249497371
0.3045485936267969	0.830878162082467	-0.9995	6.575855678401512	-1.6000165133852544
0.3209171993695459	0.7940314618771513	-0.9995	4.491658050983545	-3.661881085068587
0.3101923301858859	0.8171290190928252	-0.9995	6.159886225219596	-2.3113953405062073
0.30623648502482	0.8262402622792755	-0.9995	6.48483547098618	-2.590710100758262
0.3001686026235658	0.8410497338154483	-0.9995	6.679162064086833	-3.770049928236565
0.3058086397266824	0.8279438144782366	-0.9995	6.510602720938236	-1.638090386130303
0.3193501531663606	0.7976186264639388	-0.9995	4.807162060502119	-3.7276124329239657
0.3076962492585708	0.8226286310918386	-0.9995	6.38314293505994	-3.056960044480885
0.29625209610736675	0.8525398164708624	-0.9995	6.6090702803681225	-1.5357991179575592
0.3261794353417259	0.7845751416071335	-0.9995	3.252490024252165	-10.226952743546736
0.30109138517655	0.8391499042980761	-0.9995	6.673348590292234	-2.1371190664095696
0.30094262470012084	0.8394556499732041	-0.9995	6.67486149168381	-2.331842626418979
0.32499828904039996	0.785166988628956	-0.9995	3.554731923573294	-5.364530019975623
0.3053239836409935	0.8292718160401962	-0.9995	6.537580189262368	-1.687491188789867
0.2922929693480646	0.8637684787261948	-0.9995	6.382312590960842	-1.8105110537666267
0.2876016593139018	0.8768807236887576	-0.9995	5.910709939467411	-2.8296993639891337
0.3055977348889227	0.8280865268742773	-0.9995	6.522631018876886	-1.8810037379266262
0.30504867646134165	0.830199793093341	-0.9995	6.551858528253673	-2.039045599552752
0.3086668374783956	0.8214257531109024	-0.9995	6.303733838925588	-2.1875113749704482
0.3022180192520971	0.8366756480143378	-0.9995	6.654706151296832	-1.5411094864108783
0.30531308047322236	0.8297817612754591	-0.9995	6.538160077735515	-2.6505099465402644
0.3163377162820612	0.80397379030591	-0.9995	5.34469933174456	-3.0093281220654164
0.30769813027146414	0.8235317170892245	-0.9995	6.382998149928035	-1.8427338264022453
0.29645470160259924	0.851423509455599	-0.9995	6.616458494677138	-2.165640696422267
0.2960814955578323	0.8527751783096026	-0.9995	6.602530812993761	-1.6486212255804578
0.31271668090313187	0.8117294414448296	-0.9995	5.870734332349804	-2.2747438715429036
0.3287553570244413	0.7775917055654182	-0.9995	2.544951410294767	-7.243005576281552
0.3176978770489212	0.8008868380614037	-0.9995	5.113229938116536	-3.071978185060754
0.3027011032529923	0.8350313634533839	-0.9995	6.64282440439357	-2.2391112963806226
0.3106120158368787	0.8167843890165005	-0.9995	6.116229797699377	-2.216270663789585
0.3054848960923114	0.8288899207845809	-0.9995	6.528883772592936	-1.7068567586429975
0.31319724889673317	0.8104512456051601	-0.9995	5.808467306098574	-2.4259668179837526
0.3045485936267969	0.830878162082467	-0.9995	6.575855678401512	-1.6000165133852544
0.3189419863010374	0.7975809506260573	-0.9995	4.885309973166761	-4.125461729808274
0.3094306141661064	0.8190639200051119	-0.9995	6.234621780560365	-2.0068340798755973
0.30623648502482	0.8262402622792755	-0.9995	6.48483547098618	-2.590710100758262
0.2981026597546014	0.8460919413089496	-0.9995	6.661304698276153	-5.884345321965585
0.3059530591725591	0.8278460905693169	-0.9995	6.502109630750249	-1.8477372799350515
0.3193501531663606	0.7976186264639388	-0.9995	4.807162060502119	-3.7276124329239657
0.3076962492585708	0.8226286310918386	-0.9995	6.38314293505994	-3.056960044480885
0.29625209610736675	0.8525398164708624	-0.9995	6.6090702803681225	-1.5357991179575592
0.3261794353417259	0.7845751416071335	-0.9995	3.252490024252165	-10.226952743546736
0.30057123819020315	0.8404807252908102	-0.9995	6.677672632960467	-2.151884417059035
0.30246760764607517	0.8358966694492138	-0.9995	6.648858760835356	-1.69401086366015
0.3222457589666456	0.791192817534117	-0.9995	4.2049352382997345	-3.942444562377565
0.30565649150209095	0.828500623507758	-0.9995	6.5193247177440625	-1.7464812568586368
0.2922929693480646	0.8637684787261948	-0.9995	6.382312590960842	-1.8105110537666267
0.2876016593139018	0.8768807236887576	-0.9995	5.910709939467411	-2.8296993639891337
0.303660269311101	0.832920797567712	-0.9995	6.612316341161259	-1.7087905620937267
0.30504867646134165	0.830199793093341	-0.9995	6.551858528253673	-2.039045599552752
0.31106511246617974	0.8165597322449383	-0.9995	6.067120628864167	-5.145304454057815
0.3022180192520971	0.8366756480143378	-0.9995	6.654706151296832	-1.5411094864108783
0.30531308047322236	0.8297817612754591	-0.9995	6.538160077735515	-2.6505099465402644
0.3163377162820612	0.80397379030591	-0.9995	5.34469933174456	-3.0093281220654164
0.30769813027146414	0.8235317170892245	-0.9995	6.382998149928035	-1.8427338264022453
0.29716367705412094	0.8495270173672762	-0.9995	6.639080559043601	-2.103720194520042
0.2960814955578323	0.8527751783096026	-0.9995	6.602530812993761	-1.6486212255804578
0.31271668090313187	0.8117294414448296	-0.9995	5.870734332349804	-2.2747438715429036
0.3287553570244413	0.7775917055654182	-0.9995	2.544951410294767	-7.243005576281552
0.3176978770489212	0.8008868380614037	-0.9995	5.113229938116536	-3.071978185060754
0.3026509707701144	0.8351515588888592	-0.9995	6.644165968190196	-2.2525896451964353
0.31483437030225586	0.8066026281198415	-0.9995	5.579011486987945	-2.9890642071558275
0.3054848960923114	0.8288899207845809	-0.9995	6.528883772592936	-1.7068567586429975
0.31319724889673317	0.8104512456051601	-0.9995	5.808467306098574	-2.4259668179837526
0.3045485936267969	0.830878162082467	-0.9995	6.575855678401512	-1.6000165133852544
0.3189419863010374	0.7975809506260573	-0.9995	4.885309973166761	-4.125461729808274
0.3068544669085578	0.8254883673964051	-0.9995	6.444385615307631	-1.7336023811811785
0.3055716116088183	0.8277058643337404	-0.9995	6.524089918712605	-3.0416127170822733
0.2981026597546014	0.8460919413089496	-0.9995	6.661304698276153	-5.884345321965585
0.3061658920404609	0.8273763626242423	-0.9995	6.489213075037103	-1.9324014787422605
0.3193501531663606	0.7976186264639388	-0.9995	4.807162060502119	-3.7276124329239657
0.3076962492585708	0.8226286310918386	-0.9995	6.38314293505994	-3.056960044480885
0.29625209610736675	0.8525398164708624	-0.9995	6.6090702803681225	-1.5357991179575592
0.3261794353417259	0.7845751416071335	-0.9995	3.252490024252165	-10.226952743546736
0.30057123819020315	0.8404807252908102	-0.9995	6.677672632960467	-2.151884417059035
0.29936714419192806	0.8436327963688466	-0.9995	6.6773016659411475	-2.17565837298903
0.3222457589666456	0.791192817534117	-0.9995	4.2049352382997345	-3.942444562377565
0.3055341501930345	0.828770634114049	-0.9995	6.526170106514881	-1.710610849872639
0.2922929693480646	0.8637684787261948	-0.9995	6.382312590960842	-1.8105110537666267
0.28769237798469927	0.876619859167599	-0.9995	5.921916399952625	-2.788361746016289
0.3023642171164449	0.8364569646221146	-0.9995	6.651356585441745	-1.4934841393245097
0.3048935464557756	0.8306656146293803	-0.9995	6.559570213736029	-2.217737937389879
0.30332171075910214	0.8336168782509115	-0.9995	6.624135386474524	-1.9357112084551709
0.3025815257077366	0.8358440336945681	-0.9995	6.645982823411675	-1.5077195325095936
0.30494319285894234	0.8306292845064969	-0.9995	6.557128420106707	-2.4463438186723607
0.3163377162820612	0.80397379030591	-0.9995	5.34469933174456	-3.0093281220654164
0.3157288223637202	0.8046504945454753	-0.9995	5.442324933562878	-3.107421211000082
0.29716367705412094	0.8495270173672762	-0.9995	6.639080559043601	-2.103720194520042
0.2960814955578323	0.8527751783096026	-0.9995	6.602530812993761	-1.6486212255804578
0.31271668090313187	0.8117294414448296	-0.9995	5.870734332349804	-2.2747438715429036
0.3287553570244413	0.7775917055654182	-0.9995	2.544951410294767	-7.243005576281552
0.3188489762236702	0.7985085746799913	-0.9995	4.902884674907775	-3.3511528505970523
0.3062806114346264	0.8269936111190033	-0.9995	6.4820737983463985	-1.796474758964898
0.3132954335195153	0.809982640112522	-0.9995	5.795461435950947	-2.852199717276144
0.3054848960923114	0.8288899207845809	-0.9995	6.528883772592936	-1.7068567586429975
0.31015902147783797	0.8182003708113561	-0.9995	6.163275611374333	-3.0200423516595816
0.30356670009142056	0.8329778569743741	-0.9995	6.615697450599502	-1.998739943244626
0.3189419863010374	0.7975809506260573	-0.9995	4.885309973166761	-4.125461729808274
0.3068544669085578	0.8254883673964051	-0.9995	6.444385615307631	-1.7336023811811785
0.3055716116088183	0.8277058643337404	-0.9995	6.524089918712605	-3.0416127170822733
0.2981026597546014	0.8460919413089496	-0.9995	6.661304698276153	-5.884345321965585
0.3061658920404609	0.8273763626242423	-0.9995	6.489213075037103	-1.9324014787422605
0.3193501531663606	0.7976186264639388	-0.9995	4.807162060502119	-3.7276124329239657
0.3076962492585708	0.8226286310918386	-0.9995	6.38314293505994	-3.056960044480885
0.29625209610736675	0.8525398164708624	-0.9995	6.6090702803681225	-1.5357991179575592
0.32833952589466153	0.7801279114179044	-0.9995	2.6636605586392395	-9.224248462589312
0.3000461778892499	0.8416654127878838	-0.9995	6.6792935363229216	-2.63675987653175
0.2995427884853713	0.8432380891167078	-0.9995	6.678258986464655	-2.0251259791935325
0.3222457589666456	0.791192817534117	-0.9995	4.2049352382997345	-3.942444562377565
0.3055341501930345	0.828770634114049	-0.9995	6.526170106514881	-1.710610849872639
0.2922929693480646	0.8637684787261948	-0.9995	6.382312590960842	-1.8105110537666267
0.2892416719546164	0.8722556073940361	-0.9995	6.100596086649766	-2.179897701771388
0.30189253418812506	0.8375617163555199	-0.9995	6.661395770044088	-1.502483907609225
0.300463230640494	0.840519610327999	-0.9995	6.678231285178738	-2.856020181214733
0.30332171075910214	0.8336168782509115	-0.9995	6.624135386474524	-1.9357112084551709
0.30180045114756554	0.8376374488156596	-0.9995	6.663096076636348	-1.6209146801244874
0.30494319285894234	0.8306292845064969	-0.9995	6.557128420106707	-2.4463438186723607
0.3163377162820612	0.80397379030591	-0.9995	5.34469933174456	-3.0093281220654164
0.3157550544323597	0.8045963245069128	-0.9995	5.438195497477116	-3.1056640066861494
0.29716367705412094	0.8495270173672762	-0.9995	6.639080559043601	-2.103720194520042
0.2960814955578323	0.8527751783096026	-0.9995	6.602530812993761	-1.6486212255804578
0.3142154781603828	0.8081729087160007	-0.9995	5.668905101668596	-2.5735346936168675
0.3287553570244413	0.7775917055654182	-0.9995	2.544951410294767	-7.243005576281552
0.3188489762236702	0.7985085746799913	-0.9995	4.902884674907775	-3.3511528505970523
0.30649944087983044	0.8267737775306833	-0.9995	6.468090539558144	-2.390750108526735
0.3132954335195153	0.809982640112522	-0.9995	5.795461435950947	-2.852199717276144
0.3029799836991588	0.8349536625075638	-0.9995	6.634902684073939	-1.5156871918029644
0.31015902147783797	0.8182003708113561	-0.9995	6.163275611374333	-3.0200423516595816
0.2989509182864658	0.8438879003398765	-0.9995	6.673801336101841	-5.679105043746878
0.3189419863010374	0.7975809506260573	-0.9995	4.885309973166761	-4.125461729808274
0.3068544669085578	0.8254883673964051	-0.9995	6.444385615307631	-1.7336023811811785
0.3055716116088183	0.8277058643337404	-0.9995	6.524089918712605	-3.0416127170822733
0.2981026597546014	0.8460919413089496	-0.9995	6.661304698276153	-5.884345321965585
0.3061658920404609	0.8273763626242423	-0.9995	6.489213075037103	-1.9324014787422605
0.31728132443178014	0.8018710869157722	-0.9995	5.186083327727992	-3.0835538732533863
0.3071495395991143	0.8239987617111536	-0.9995	6.423724615913683	-2.7911095414637987
0.29625209610736675	0.8525398164708624	-0.9995	6.6090702803681225	-1.5357991179575592
0.324767384753906	0.7870461959966748	-0.9995	3.6121874605701243	-7.35074878060958
0.3037579960261184	0.8329064341415822	-0.9995	6.60869152764859	-1.5415736295741578
0.2995427884853713	0.8432380891167078	-0.9995	6.678258986464655	-2.0251259791935325
0.3222457589666456	0.791192817534117	-0.9995	4.2049352382997345	-3.942444562377565
0.302379796432176	0.8359398784412004	-0.9995	6.650987043017212	-2.000073430156645
0.2922929693480646	0.8637684787261948	-0.9995	6.382312590960842	-1.8105110537666267
0.29176119515962484	0.8660098720451603	-0.9995	6.339914672321255	-3.153204481804197
0.29968834242919135	0.8428153069819251	-0.9995	6.678818546102988	-2.120408546312106
0.3014921217475691	0.8382441569635247	-0.9995	6.668172061762355	-1.8848285075812115
0.3033711299646294	0.8334235578391886	-0.9995	6.622481612118088	-2.083727190641559
0.30094139389164587	0.8398402346163439	-0.9995	6.67487308601406	-1.6050538436088289
0.29978593752667937	0.8426735362141808	-0.9995	6.679075084597779	-1.825793769239473
0.3186060341241601	0.7987210913614025	-0.9995	4.948381669163146	-3.232790128052793
0.31617767907469485	0.8036145266904223	-0.9995	5.3707176970911	-3.3158217032778285
0.29716367705412094	0.8495270173672762	-0.9995	6.639080559043601	-2.103720194520042
0.2960814955578323	0.8527751783096026	-0.9995	6.602530812993761	-1.6486212255804578
0.3142154781603828	0.8081729087160007	-0.9995	5.668905101668596	-2.5735346936168675
0.3287553570244413	0.7775917055654182	-0.9995	2.544951410294767	-7.243005576281552
0.31911948074148055	0.7979496906121999	-0.9995	4.851531479190969	-3.4192536103912357
0.30649944087983044	0.8267737775306833	-0.9995	6.468090539558144	-2.390750108526735
0.3132954335195153	0.809982640112522	-0.9995	5.795461435950947	-2.852199717276144
0.30211221776710523	0.8373804739777606	-0.9995	6.656996878831825	-1.6659383857257755
0.30828156784093075	0.8225298829807941	-0.9995	6.336382368790508	-2.6022663356488938
0.2989509182864658	0.8438879003398765	-0.9995	6.673801336101841	-5.679105043746878
0.3189419863010374	0.7975809506260573	-0.9995	4.885309973166761	-4.125461729808274
0.3068544669085578	0.8254883673964051	-0.9995	6.444385615307631	-1.7336023811811785
0.3055716116088183	0.8277058643337404	-0.9995	6.524089918712605	-3.0416127170822733
0.2983827821404628	0.8450671708839124	-0.9995	6.66622723028417	-7.759705944504782
0.3045636826979948	0.8310527640077998	-0.9995	6.5751681994703155	-1.5910481031927723
0.31728132443178014	0.8018710869157722	-0.9995	5.186083327727992	-3.0835538732533863
0.3050832128740334	0.8294277342035176	-0.9995	6.550108932696505	-1.7402490779829787
0.29269241424858483	0.8622512192962937	-0.9995	6.412300150738771	-1.8133395240737844
0.324767384753906	0.7870461959966748	-0.9995	3.6121874605701243	-7.35074878060958
0.3042049757180522	0.8318853371999192	-0.9995	6.590895094363155	-1.5578266229348756
0.2995427884853713	0.8432380891167078	-0.9995	6.678258986464655	-2.0251259791935325
0.3222457589666456	0.791192817534117	-0.9995	4.2049352382997345	-3.942444562377565
0.302379796432176	0.8359398784412004	-0.9995	6.650987043017212	-2.000073430156645
0.2925120624955383	0.8631480401203189	-0.9995	6.39895815795658	-1.798081557989141
0.29176119515962484	0.8660098720451603	-0.9995	6.339914672321255	-3.153204481804197
0.29968834242919135	0.8428153069819251	-0.9995	6.678818546102988	-2.120408546312106
0.301402607960597	0.8385035790237471	-0.9995	6.66946765285455	-1.8279336293367265
0.3033694337511301	0.8334282456691885	-0.9995	6.622538779293926	-2.0829118635600494
0.30094139389164587	0.8398402346163439	-0.9995	6.67487308601406	-1.6050538436088289
0.29978593752667937	0.8426735362141808	-0.9995	6.679075084597779	-1.825793769239473
0.3186060341241601	0.7987210913614025	-0.9995	4.948381669163146	-3.232790128052793
0.3128397538378025	0.8114458667499627	-0.9995	5.855007805233379	-2.2900445495494406
0.29716367705412094	0.8495270173672762	-0.9995	6.639080559043601	-2.103720194520042
0.2972189219909923	0.8496735303868439	-0.9995	6.64063222384927	-1.6311048599434166
0.3142154781603828	0.8081729087160007	-0.9995	5.668905101668596	-2.5735346936168675
0.3287553570244413	0.7775917055654182	-0.9995	2.544951410294767	-7.243005576281552
0.31803356494594387	0.8004521323594258	-0.9995	5.05325687501232	-3.5621947961707896
0.306317472827246	0.8271954232049837	-0.9995	6.4797518836952435	-2.329401300599457
0.3164846704435836	0.8033006947309819	-0.9995	5.320582400142408	-2.844101046145701
0.30211221776710523	0.8373804739777606	-0.9995	6.656996878831825	-1.6659383857257755
0.30828156784093075	0.8225298829807941	-0.9995	6.336382368790508	-2.6022663356488938
0.3057494098033902	0.8278187184755981	-0.9995	6.514025632873601	-1.7546753467764198
0.31896282263550646	0.7973976048408535	-0.9995	4.881360986781817	-4.634704715060491
0.3072116420135205	0.8243529399143797	-0.9995	6.419265295654327	-1.7879697575273212
0.30351261130592355	0.8330325454599027	-0.9995	6.617612007377689	-2.1777646287102055
0.30513831987515416	0.8291736275088558	-0.9995	6.547292542613178	-1.915247286700577
0.30588086710635215	0.8278560584879213	-0.9995	6.506381208697325	-1.6777458017077382
0.3170924339033193	0.8023590647069981	-0.9995	5.2185477146135	-3.166885653771338
0.3050832128740334	0.8294277342035176	-0.9995	6.550108932696505	-1.7402490779829787
0.28996973243430496	0.8694398114843601	-0.9995	6.176272861113031	-3.4609116954605987
0.324767384753906	0.7870461959966748	-0.9995	3.6121874605701243	-7.35074878060958
0.30726571413689757	0.8244248654129331	-0.9995	6.415351188714633	-1.7336259270356802
0.2995427884853713	0.8432380891167078	-0.9995	6.678258986464655	-2.0251259791935325
0.318860250874432	0.7983001676261569	-0.9995	4.900758883077636	-3.244244294147954
0.29779796759556126	0.8485732895742065	-0.9995	6.6550594647592085	-1.5715626473361475
0.2925120624955383	0.8631480401203189	-0.9995	6.39895815795658	-1.798081557989141
0.29176119515962484	0.8660098720451603	-0.9995	6.339914672321255	-3.153204481804197
0.2982634318423087	0.8463992481525371	-0.9995	6.664225853478664	-2.5746399280967776
0.301402607960597	0.8385035790237471	-0.9995	6.66946765285455	-1.8279336293367265
0.30439269092414606	0.8307882792022977	-0.9995	6.582825530534823	-2.3685867076458145
0.30094139389164587	0.8398402346163439	-0.9995	6.67487308601406	-1.6050538436088289
0.3018676474951561	0.8376936169885236	-0.9995	6.661863662479385	-1.4842944031675014
0.3186060341241601	0.7987210913614025	-0.9995	4.948381669163146	-3.232790128052793
0.3128397538378025	0.8114458667499627	-0.9995	5.855007805233379	-2.2900445495494406
0.2991698717050718	0.8443149423955695	-0.9995	6.675858633379997	-1.8327809183191643
0.2972189219909923	0.8496735303868439	-0.9995	6.64063222384927	-1.6311048599434166
0.3142154781603828	0.8081729087160007	-0.9995	5.668905101668596	-2.5735346936168675
0.326132134549967	0.7831090348465702	-0.9995	3.264861917622308	-5.161737935118456
0.31821423658490866	0.8001198602572405	-0.9995	5.020512126455072	-3.729673854937788
0.3125010645678995	0.8125418498320786	-0.9995	5.897921121656237	-2.5566265592581647
0.3158995809742991	0.8045569483838076	-0.9995	5.415320822518728	-2.757416973340847
0.3018165571991839	0.8380532002295972	-0.9995	6.662804798020666	-1.5740487680000612
0.30520699844235405	0.8298077417061571	-0.9995	6.543740034416812	-2.04142612932573
0.3057494098033902	0.8278187184755981	-0.9995	6.514025632873601	-1.7546753467764198
0.3175337994231901	0.8007631261878548	-0.9995	5.1421335872468905	-3.3756277177276655
0.3039450035580036	0.8318443940402819	-0.9995	6.601488932946895	-2.4974327050352354
0.30351261130592355	0.8330325454599027	-0.9995	6.617612007377689	-2.1777646287102055
0.30513831987515416	0.8291736275088558	-0.9995	6.547292542613178	-1.915247286700577
0.30588086710635215	0.8278560584879213	-0.9995	6.506381208697325	-1.6777458017077382
0.31720395030914117	0.802186288285174	-0.9995	5.199424667113206	-3.312310448087075
0.3050832128740334	0.8294277342035176	-0.9995	6.550108932696505	-1.7402490779829787
0.28996973243430496	0.8694398114843601	-0.9995	6.176272861113031	-3.4609116954605987
0.324767384753906	0.7870461959966748	-0.9995	3.6121874605701243	-7.35074878060958
0.30726571413689757	0.8244248654129331	-0.9995	6.415351188714633	-1.7336259270356802
0.3002128273968575	0.8415155660540843	-0.9995	6.6790777208059335	-1.9148140749186968
0.31904484359037716	0.7979945250773803	-0.9995	4.865773861400548	-3.3045854669886197
0.29779796759556126	0.8485732895742065	-0.9995	6.6550594647592085	-1.5715626473361475
0.2925120624955383	0.8631480401203189	-0.9995	6.39895815795658	-1.798081557989141
0.29176119515962484	0.8660098720451603	-0.9995	6.339914672321255	-3.153204481804197
0.3007644849915146	0.84009820421319	-0.9995	6.676382011798944	-1.9010245920440294
0.3038489043294694	0.8319722543357693	-0.9995	6.605233875623156	-2.849102342912744
0.30439269092414606	0.8307882792022977	-0.9995	6.582825530534823	-2.3685867076458145
0.30057403997209814	0.8406675397312964	-0.9995	6.677656588862368	-1.761846157004408
0.3043007065922683	0.8311892021423256	-0.9995	6.586823812346298	-1.960286860693854
0.3121140161292342	0.8121880591266146	-0.9995	5.94555726441347	-4.306281378690368
0.3128397538378025	0.8114458667499627	-0.9995	5.855007805233379	-2.2900445495494406
0.2965929212397462	0.8510098356439818	-0.9995	6.621263269917337	-2.252121921046408
0.2972189219909923	0.8496735303868439	-0.9995	6.64063222384927	-1.6311048599434166
0.3107187852145359	0.8162820634749129	-0.9995	6.104842415933433	-2.040468086565909
0.326132134549967	0.7831090348465702	-0.9995	3.264861917622308	-5.161737935118456
0.31821423658490866	0.8001198602572405	-0.9995	5.020512126455072	-3.729673854937788
0.3125010645678995	0.8125418498320786	-0.9995	5.897921121656237	-2.5566265592581647
0.31621645148277583	0.8038765913535684	-0.9995	5.364437704844086	-2.803304130273254
0.3030433649219472	0.8350102430804341	-0.9995	6.632993848069505	-1.671261652366324
0.30507586709474205	0.8300076251859108	-0.9995	6.550482064492774	-1.8218053430246588
0.3067809153146229	0.8254143484462838	-0.9995	6.449400135789761	-1.73849404090201
0.3175337994231901	0.8007631261878548	-0.9995	5.1421335872468905	-3.3756277177276655
0.3039450035580036	0.8318443940402819	-0.9995	6.601488932946895	-2.4974327050352354
0.30351261130592355	0.8330325454599027	-0.9995	6.617612007377689	-2.1777646287102055
0.30513831987515416	0.8291736275088558	-0.9995	6.547292542613178	-1.915247286700577
0.3022703127986805	0.836645262596761	-0.9995	6.653532597290937	-1.4967055664783082
0.31720395030914117	0.802186288285174	-0.9995	5.199424667113206	-3.312310448087075
0.3050832128740334	0.8294277342035176	-0.9995	6.550108932696505	-1.7402490779829787
0.29510656175165684	0.8557445227105852	-0.9995	6.559575508858462	-1.5918737691385552
0.32537847975513234	0.7858770529565792	-0.9995	3.4589680249018864	-7.848689745910625
0.3067473151636291	0.8256371364536221	-0.9995	6.451672888723504	-1.6933260118688231
0.2999772301855277	0.8421107065718174	-0.9995	6.679301605987945	-1.9475802169557426
0.3186493769801807	0.7988787782440506	-0.9995	4.940307889565728	-3.261598944231965
0.29565897498329835	0.8544417184295185	-0.9995	6.585081707332053	-1.7076139304602957
0.2901853796093313	0.8695176501501294	-0.9995	6.197670331245549	-2.0298820007384943
0.29176119515962484	0.8660098720451603	-0.9995	6.339914672321255	-3.153204481804197
0.3007644849915146	0.84009820421319	-0.9995	6.676382011798944	-1.9010245920440294
0.3038489043294694	0.8319722543357693	-0.9995	6.605233875623156	-2.849102342912744
0.30464842570674733	0.8302314732303819	-0.9995	6.571264890554453	-2.1905663967401736
0.30057403997209814	0.8406675397312964	-0.9995	6.677656588862368	-1.761846157004408
0.30464159768748095	0.8301532396342896	-0.9995	6.571582052848056	-2.4401002451863736
0.3121140161292342	0.8121880591266146	-0.9995	5.94555726441347	-4.306281378690368
0.3128397538378025	0.8114458667499627	-0.9995	5.855007805233379	-2.2900445495494406
0.2932611019704847	0.859665357653478	-0.9995	6.452240465049176	-4.262789854939552
0.29772257307770805	0.8483418392716516	-0.9995	6.653370831378298	-1.5999464315990632
0.3107187852145359	0.8162820634749129	-0.9995	6.104842415933433	-2.040468086565909
0.326132134549967	0.7831090348465702	-0.9995	3.264861917622308	-5.161737935118456
0.31821423658490866	0.8001198602572405	-0.9995	5.020512126455072	-3.729673854937788
0.31230506002030656	0.8131761116386046	-0.9995	5.922231687793465	-2.973239661565094
0.3158929237768307	0.8045411949395761	-0.9995	5.416379067429444	-2.7760508252893477
0.2992907370892444	0.8448136907862315	-0.9995	6.676788928927332	-1.7978967027650778
0.3049589108670659	0.8301948970580927	-0.9995	6.556350213372678	-1.6933514579296407
0.3067809153146229	0.8254143484462838	-0.9995	6.449400135789761	-1.73849404090201
0.3175337994231901	0.8007631261878548	-0.9995	5.1421335872468905	-3.3756277177276655
0.30434245967264834	0.8307522420773814	-0.9995	6.585019418267313	-2.863082538129982
0.3062595899984817	0.8268299204767947	-0.9995	6.483391863564739	-1.662597926994076
0.30472476440108703	0.8302425851093651	-0.9995	6.567687205081302	-1.809889045501631
0.30159041958642974	0.838622453943938	-0.9995	6.666657026005703	-1.5627068624964178
0.31720395030914117	0.802186288285174	-0.9995	5.199424667113206	-3.312310448087075
0.3050832128740334	0.8294277342035176	-0.9995	6.550108932696505	-1.7402490779829787
0.29510656175165684	0.8557445227105852	-0.9995	6.559575508858462	-1.5918737691385552
0.32537847975513234	0.7858770529565792	-0.9995	3.4589680249018864	-7.848689745910625
0.30460186926810073	0.8304474426538673	-0.9995	6.573418194506749	-1.969913205053226
0.2999772301855277	0.8421107065718174	-0.9995	6.679301605987945	-1.9475802169557426
0.3185278589868555	0.799128405378433	-0.9995	4.96289640512619	-3.2320642188533784
0.29565897498329835	0.8544417184295185	-0.9995	6.585081707332053	-1.7076139304602957
0.2946685924972275	0.8570674224662499	-0.9995	6.537184668507106	-1.6610393097739156
0.29176119515962484	0.8660098720451603	-0.9995	6.339914672321255	-3.153204481804197
0.3009454238495501	0.8397749091604002	-0.9995	6.674835067033708	-1.670740198552668
0.30370163268798694	0.832270490691573	-0.9995	6.610793775526332	-3.0878388969027526
0.30464842570674733	0.8302314732303819	-0.9995	6.571264890554453	-2.1905663967401736
0.30057403997209814	0.8406675397312964	-0.9995	6.677656588862368	-1.761846157004408
0.3004345593492418	0.8418648477852337	-0.9995	6.678359989170133	-1.926992930378617
0.3121140161292342	0.8121880591266146	-0.9995	5.94555726441347	-4.306281378690368
0.3128397538378025	0.8114458667499627	-0.9995	5.855007805233379	-2.2900445495494406
0.2932611019704847	0.859665357653478	-0.9995	6.452240465049176	-4.262789854939552
0.29772257307770805	0.8483418392716516	-0.9995	6.653370831378298	-1.5999464315990632
0.3107187852145359	0.8162820634749129	-0.9995	6.104842415933433	-2.040468086565909
0.32736770005008115	0.7804545438315759	-0.9995	2.934349168154139	-6.121582910356384
0.31821423658490866	0.8001198602572405	-0.9995	5.020512126455072	-3.729673854937788
0.31230506002030656	0.8131761116386046	-0.9995	5.922231687793465	-2.973239661565094
0.3158929237768307	0.8045411949395761	-0.9995	5.416379067429444	-2.7760508252893477
0.2960824788578236	0.8539369683726514	-0.9995	6.602569338813206	-3.223189617559532
0.3087492011470302	0.821128804736047	-0.9995	6.296561594754227	-2.0305121208729666
0.3067809153146229	0.8254143484462838	-0.9995	6.449400135789761	-1.73849404090201
0.3175337994231901	0.8007631261878548	-0.9995	5.1421335872468905	-3.3756277177276655
0.30420701244422077	0.8311395904993034	-0.9995	6.590809429781057	-2.6812690284387095
0.3062595899984817	0.8268299204767947	-0.9995	6.483391863564739	-1.662597926994076
0.30472476440108703	0.8302425851093651	-0.9995	6.567687205081302	-1.809889045501631
0.3014636680161814	0.8388774943158473	-0.9995	6.668592578002237	-1.5118213945841568
0.3179748285897708	0.8006482871841252	-0.9995	5.063831884151994	-3.730584930890502
0.30562359405517137	0.8282344011975895	-0.9995	6.521180147823406	-1.657742941233801
0.29510656175165684	0.8557445227105852	-0.9995	6.559575508858462	-1.5918737691385552
0.32537847975513234	0.7858770529565792	-0.9995	3.4589680249018864	-7.848689745910625
0.30508028416817196	0.8294034329608402	-0.9995	6.550257762163307	-1.7789968687897666
0.2999772301855277	0.8421107065718174	-0.9995	6.679301605987945	-1.9475802169557426
0.3185278589868555	0.799128405378433	-0.9995	4.96289640512619	-3.2320642188533784
0.29657373962259836	0.8520020254475587	-0.9995	6.620607897441438	-1.7419262008857217
0.2937937004962845	0.8593741667336945	-0.9995	6.486713430661105	-1.6597775567291748
0.2904724866491054	0.8697609087915774	-0.9995	6.225436645052827	-3.214919181116425
0.3004721458847499	0.840594458512923	-0.9995	6.6781895896277685	-2.5387338260330896
0.30030090760207734	0.8411936396983885	-0.9995	6.67885147138526	-2.116282275775175
0.30426023704540306	0.8311083606086657	-0.9995	6.588556099895076	-2.382523245897456
0.30057403997209814	0.8406675397312964	-0.9995	6.677656588862368	-1.761846157004408
0.3004345593492418	0.8418648477852337	-0.9995	6.678359989170133	-1.926992930378617
0.3121140161292342	0.8121880591266146	-0.9995	5.94555726441347	-4.306281378690368
0.3128397538378025	0.8114458667499627	-0.9995	5.855007805233379	-2.2900445495494406
0.2932611019704847	0.859665357653478	-0.9995	6.452240465049176	-4.262789854939552
0.29772257307770805	0.8483418392716516	-0.9995	6.653370831378298	-1.5999464315990632
0.3107187852145359	0.8162820634749129	-0.9995	6.104842415933433	-2.040468086565909
0.32736770005008115	0.7804545438315759	-0.9995	2.934349168154139	-6.121582910356384
0.31821423658490866	0.8001198602572405	-0.9995	5.020512126455072	-3.729673854937788
0.3120558302988649	0.8139826076883281	-0.9995	5.952588977335052	-3.7700755614358616
0.3176116739419564	0.8006040019282721	-0.9995	5.128448903121271	-3.373526100508652
0.2960824788578236	0.8539369683726514	-0.9995	6.602569338813206	-3.223189617559532
0.3087492011470302	0.821128804736047	-0.9995	6.296561594754227	-2.0305121208729666
0.3086285925629037	0.8213266429380632	-0.9995	6.307041150227214	-1.921712781593179
0.3175337994231901	0.8007631261878548	-0.9995	5.1421335872468905	-3.3756277177276655
0.30399905310475844	0.8314998801049956	-0.9995	6.599342069636808	-3.2246617422888413
0.3062595899984817	0.8268299204767947	-0.9995	6.483391863564739	-1.662597926994076
0.30427081110375925	0.8314237107412832	-0.9995	6.588105060890232	-1.7092235900611534
0.30261470751586494	0.8365846962553212	-0.9995	6.645120721342597	-2.785102225807872
0.3179748285897708	0.8006482871841252	-0.9995	5.063831884151994	-3.730584930890502
0.30562359405517137	0.8282344011975895	-0.9995	6.521180147823406	-1.657742941233801
0.29510656175165684	0.8557445227105852	-0.9995	6.559575508858462	-1.5918737691385552
0.3261686089656385	0.7843097755212396	-0.9995	3.255323722327723	-8.087985665236936
0.30300922382060624	0.8347061917493632	-0.9995	6.634027058297679	-1.5449327881989028
0.2999772301855277	0.8421107065718174	-0.9995	6.679301605987945	-1.9475802169557426
0.31915409555249363	0.7980985657361335	-0.9995	4.844907316139916	-3.8444644224429334
0.29657373962259836	0.8520020254475587	-0.9995	6.620607897441438	-1.7419262008857217
0.2937937004962845	0.8593741667336945	-0.9995	6.486713430661105	-1.6597775567291748
0.2912960431636579	0.8671853236349601	-0.9995	6.300509875265671	-2.704348853232549
0.3004721458847499	0.840594458512923	-0.9995	6.6781895896277685	-2.5387338260330896
0.30030090760207734	0.8411936396983885	-0.9995	6.67885147138526	-2.116282275775175
0.30426023704540306	0.8311083606086657	-0.9995	6.588556099895076	-2.382523245897456
0.30128290503227106	0.8387118154902036	-0.9995	6.671074971701067	-2.019205786143381
0.3004345593492418	0.8418648477852337	-0.9995	6.678359989170133	-1.926992930378617
0.31255196364897236	0.8110752611402304	-0.9995	5.8915452410845806	-4.99592316025805
0.3128397538378025	0.8114458667499627	-0.9995	5.855007805233379	-2.2900445495494406
0.2932611019704847	0.859665357653478	-0.9995	6.452240465049176	-4.262789854939552
0.29772257307770805	0.8483418392716516	-0.9995	6.653370831378298	-1.5999464315990632
0.3107187852145359	0.8162820634749129	-0.9995	6.104842415933433	-2.040468086565909
0.32482588656735184	0.7865660863694193	-0.9995	3.5976809790350948	-5.598780553229853
0.31807304991387797	0.8003991729207883	-0.9995	5.046128532362576	-3.6463906928175733
0.31849303357743736	0.7992060327470388	-0.9995	4.9693427438290705	-3.2284224686769853
0.3153757792354573	0.8058220963903009	-0.9995	5.4972312628226	-2.648753800342826
0.29354276774265375	0.8609818056407105	-0.9995	6.470824956183636	-3.266751304979122
0.3087492011470302	0.821128804736047	-0.9995	6.296561594754227	-2.0305121208729666
0.30911019232017434	0.8202107665572108	-0.9995	6.264326177757381	-1.9822437500244394
0.3175337994231901	0.8007631261878548	-0.9995	5.1421335872468905	-3.3756277177276655
0.30399905310475844	0.8314998801049956	-0.9995	6.599342069636808	-3.2246617422888413
0.3058345550942858	0.8277720063940849	-0.9995	6.5090940325689175	-1.6467636608350418
0.30427081110375925	0.8314237107412832	-0.9995	6.588105060890232	-1.7092235900611534
0.30261470751586494	0.8365846962553212	-0.9995	6.645120721342597	-2.785102225807872
0.3195105410369289	0.797143348337902	-0.9995	4.775998140541767	-3.519264546366478
0.30562359405517137	0.8282344011975895	-0.9995	6.521180147823406	-1.657742941233801
0.2961581019976349	0.8525873507035799	-0.9995	6.605503297007317	-1.62734428926683
0.3261686089656385	0.7843097755212396	-0.9995	3.255323722327723	-8.087985665236936
0.3027439969111385	0.8353217529718818	-0.9995	6.641656603068512	-1.5719539529081175
0.2999772301855277	0.8421107065718174	-0.9995	6.679301605987945	-1.9475802169557426
0.31915409555249363	0.7980985657361335	-0.9995	4.844907316139916	-3.8444644224429334
0.29615157735475317	0.8530153034064716	-0.9995	6.605252414027957	-1.6158283436495982
0.28945747010000783	0.871489188227423	-0.9995	6.123579514849057	-2.3000982164563037
0.2912960431636579	0.8671853236349601	-0.9995	6.300509875265671	-2.704348853232549
0.30305221047839703	0.8333874338675006	-0.9995	6.632724254288016	-5.528893717668714
0.30030090760207734	0.8411936396983885	-0.9995	6.67885147138526	-2.116282275775175
0.3049947644098577	0.8290672248294261	-0.9995	6.554565840760295	-3.1911985451485467
0.30128290503227106	0.8387118154902036	-0.9995	6.671074971701067	-2.019205786143381
0.3004345593492418	0.8418648477852337	-0.9995	6.678359989170133	-1.926992930378617
0.3123786809182484	0.811528559249463	-0.9995	5.913145491931165	-4.642271635976111
0.3135707543459651	0.8098631881477993	-0.9995	5.758477330717545	-2.3982266070811935
0.2932611019704847	0.859665357653478	-0.9995	6.452240465049176	-4.262789854939552
0.29696742963755524	0.8503843592894146	-0.9995	6.633321783294308	-1.6069191407660366
0.3107187852145359	0.8162820634749129	-0.9995	6.104842415933433	-2.040468086565909
0.3310019761789919	0.7739144576493793	-0.9995	1.8736915632962883	-6.294052920502454
0.31614005909139975	0.8043588761866134	-0.9995	5.376796660940819	-2.913278976459331
0.32243740530692555	0.7912567651988243	-0.9995	4.1621184137739435	-4.556874493779968
0.31558374531375594	0.8053969778332536	-0.9995	5.465038608290147	-2.6870636758432873
0.2871879934987208	0.8796785755056311	-0.9995	5.858566645366102	-3.637086950409264
0.3087492011470302	0.821128804736047	-0.9995	6.296561594754227	-2.0305121208729666
0.30986821890728544	0.8182913044961247	-0.9995	6.192395476299669	-1.9595220483361224
0.3175337994231901	0.8007631261878548	-0.9995	5.1421335872468905	-3.3756277177276655
0.30599846984311846	0.8269871063972228	-0.9995	6.499395996016192	-2.136802345830274
0.30694037470368374	0.8251896615222137	-0.9995	6.438460193172533	-1.7079132948364428
0.30678185792782425	0.8252620852945413	-0.9995	6.449336213544235	-1.8899872475115203
0.3026936657261211	0.8364585863179568	-0.9995	6.643025023089802	-3.0476432543526535
0.3195105410369289	0.797143348337902	-0.9995	4.775998140541767	-3.519264546366478
0.30562359405517137	0.8282344011975895	-0.9995	6.521180147823406	-1.657742941233801
0.29641937257442014	0.8518761716840564	-0.9995	6.6151997345061275	-1.6183414188652065
0.3280500980880682	0.7800291575647216	-0.9995	2.7452641845589674	-5.908222741549631
0.30223923174858086	0.8365349398361657	-0.9995	6.654233404190936	-1.616501554159722
0.2979820807989151	0.8476825503380524	-0.9995	6.658944208799664	-1.565204180152353
0.31915409555249363	0.7980985657361335	-0.9995	4.844907316139916	-3.8444644224429334
0.29615157735475317	0.8530153034064716	-0.9995	6.605252414027957	-1.6158283436495982
0.29332843443935447	0.8610424511348572	-0.9995	6.456755263160243	-1.961534878809676
0.28599251557326444	0.8819429338582192	-0.9995	5.698256098484006	-2.865278511489425
0.30305221047839703	0.8333874338675006	-0.9995	6.632724254288016	-5.528893717668714
0.30030090760207734	0.8411936396983885	-0.9995	6.67885147138526	-2.116282275775175
0.3049015212945891	0.8292655503979184	-0.9995	6.559179643303647	-3.30553570935081
0.30128290503227106	0.8387118154902036	-0.9995	6.671074971701067	-2.019205786143381
0.30025018317295604	0.8423491632244859	-0.9995	6.678991240210047	-1.9367584728233904
0.3123786809182484	0.811528559249463	-0.9995	5.913145491931165	-4.642271635976111
0.3125038352098499	0.8124920389108256	-0.9995	5.897574723534785	-2.4828767880568883
0.2932611019704847	0.859665357653478	-0.9995	6.452240465049176	-4.262789854939552
0.29696742963755524	0.8503843592894146	-0.9995	6.633321783294308	-1.6069191407660366
0.3107187852145359	0.8162820634749129	-0.9995	6.104842415933433	-2.040468086565909
0.3310019761789919	0.7739144576493793	-0.9995	1.8736915632962883	-6.294052920502454
0.3123726520638746	0.8128893913385241	-0.9995	5.913891602841696	-2.651881791117111
0.32243740530692555	0.7912567651988243	-0.9995	4.1621184137739435	-4.556874493779968
0.31558374531375594	0.8053969778332536	-0.9995	5.465038608290147	-2.6870636758432873
0.2871879934987208	0.8796785755056311	-0.9995	5.858566645366102	-3.637086950409264
0.3087492011470302	0.821128804736047	-0.9995	6.296561594754227	-2.0305121208729666
0.31067134871468594	0.816399032993793	-0.9995	6.109915781358053	-2.0360757340101703
0.3175337994231901	0.8007631261878548	-0.9995	5.1421335872468905	-3.3756277177276655
0.30599846984311846	0.8269871063972228	-0.9995	6.499395996016192	-2.136802345830274
0.30694037470368374	0.8251896615222137	-0.9995	6.438460193172533	-1.7079132948364428
0.3092169899476258	0.8199569467391261	-0.9995	6.254539679837023	-1.9886584169151433
0.3008287489250682	0.8412590358173577	-0.9995	6.675870074406191	-3.1192532717437302
0.31990774406020567	0.7964159964697576	-0.9995	4.697712830476927	-3.7785280279587035
0.30559524153627243	0.8283287363094771	-0.9995	6.522770559064057	-1.6432924963320232
0.29641937257442014	0.8518761716840564	-0.9995	6.6151997345061275	-1.6183414188652065
0.3280500980880682	0.7800291575647216	-0.9995	2.7452641845589674	-5.908222741549631
0.30273206084247295	0.8352358353106898	-0.9995	6.641983416075329	-1.6927158309570753
0.2979820807989151	0.8476825503380524	-0.9995	6.658944208799664	-1.565204180152353
0.31915409555249363	0.7980985657361335	-0.9995	4.844907316139916	-3.8444644224429334
0.2933004684360525	0.8604349794499475	-0.9995	6.454885582428556	-1.8555247532314247
0.29332843443935447	0.8610424511348572	-0.9995	6.456755263160243	-1.961534878809676
0.28599251557326444	0.8819429338582192	-0.9995	5.698256098484006	-2.865278511489425
0.3058994546308798	0.8270316708229947	-0.9995	6.5052863736011535	-2.6452179956875295
0.30030090760207734	0.8411936396983885	-0.9995	6.67885147138526	-2.116282275775175
0.29921840203912525	0.8441074323925563	-0.9995	6.676249721447983	-1.984912628878794
0.30128290503227106	0.8387118154902036	-0.9995	6.671074971701067	-2.019205786143381
0.3007773881364009	0.8409771742374582	-0.9995	6.676282536737116	-1.929562717177479
0.3158802313672134	0.804471729097198	-0.9995	5.418395456929058	-2.872110172103792
0.3107141803321432	0.816614792574642	-0.9995	6.105335897361776	-2.3304784311299116
0.2970856186993672	0.8496754374428286	-0.9995	6.636836106482811	-2.2480816221200755
0.296568292384825	0.8514184279047963	-0.9995	6.62042111252995	-1.66350894326715
0.31090461779047424	0.8158588913429726	-0.9995	6.084750752528562	-2.060949013004647
0.3310019761789919	0.7739144576493793	-0.9995	1.8736915632962883	-6.294052920502454
0.31494149019747597	0.8070480760234279	-0.9995	5.563063551703846	-2.8187054274283296
0.32243740530692555	0.7912567651988243	-0.9995	4.1621184137739435	-4.556874493779968
0.31558374531375594	0.8053969778332536	-0.9995	5.465038608290147	-2.6870636758432873
0.2871879934987208	0.8796785755056311	-0.9995	5.858566645366102	-3.637086950409264
0.3088337331577374	0.8209249992023132	-0.9995	6.289129990799655	-2.031725283996831
0.3105934679003333	0.8165995105897214	-0.9995	6.118196387533237	-2.031213353630017
0.3175337994231901	0.8007631261878548	-0.9995	5.1421335872468905	-3.3756277177276655
0.30599846984311846	0.8269871063972228	-0.9995	6.499395996016192	-2.136802345830274
0.30502501896931344	0.8296978977170254	-0.9995	6.5530501201004	-1.6267453090101274
0.3092169899476258	0.8199569467391261	-0.9995	6.254539679837023	-1.9886584169151433
0.2993596188745296	0.8448323104021283	-0.9995	6.677253758380907	-2.211388847013218
0.31990774406020567	0.7964159964697576	-0.9995	4.697712830476927	-3.7785280279587035
0.3049217046136234	0.8299504527948485	-0.9995	6.558188316791391	-1.6223066585072523
0.29641937257442014	0.8518761716840564	-0.9995	6.6151997345061275	-1.6183414188652065
0.3280500980880682	0.7800291575647216	-0.9995	2.7452641845589674	-5.908222741549631
0.30273206084247295	0.8352358353106898	-0.9995	6.641983416075329	-1.6927158309570753
0.2982239355791971	0.8470237525346748	-0.9995	6.663532174175989	-1.572949514740694
0.32064398330293054	0.7945560008789327	-0.9995	4.548433965251824	-3.596713123663285
0.2933004684360525	0.8604349794499475	-0.9995	6.454885582428556	-1.8555247532314247
0.29457976856866147	0.8578213181763499	-0.9995	6.53240965446385	-2.468968289439358
0.28599251557326444	0.8819429338582192	-0.9995	5.698256098484006	-2.865278511489425
0.30183659576043614	0.8374696264176434	-0.9995	6.662438778373939	-1.7178613970246488
0.30030090760207734	0.8411936396983885	-0.9995	6.67885147138526	-2.116282275775175
0.3020390961660762	0.8371076784359871	-0.9995	6.658514632437665	-1.5530846095045021
0.30128290503227106	0.8387118154902036	-0.9995	6.671074971701067	-2.019205786143381
0.30035433316387955	0.842274629275756	-0.9995	6.678676438355076	-2.409885238087547
0.3158802313672134	0.804471729097198	-0.9995	5.418395456929058	-2.872110172103792
0.3107141803321432	0.816614792574642	-0.9995	6.105335897361776	-2.3304784311299116
0.2970856186993672	0.8496754374428286	-0.9995	6.636836106482811	-2.2480816221200755
0.296568292384825	0.8514184279047963	-0.9995	6.62042111252995	-1.66350894326715
0.31090461779047424	0.8158588913429726	-0.9995	6.084750752528562	-2.060949013004647
0.3310019761789919	0.7739144576493793	-0.9995	1.8736915632962883	-6.294052920502454
0.31494149019747597	0.8070480760234279	-0.9995	5.563063551703846	-2.8187054274283296
0.3238225015627311	0.7881989035314161	-0.9995	3.8417462947785634	-4.41269332738521
0.31558374531375594	0.8053969778332536	-0.9995	5.465038608290147	-2.6870636758432873
0.28478488117779766	0.8866632043560527	-0.9995	5.521804994441521	-2.850805257909048
0.3088337331577374	0.8209249992023132	-0.9995	6.289129990799655	-2.031725283996831
0.3105934679003333	0.8165995105897214	-0.9995	6.118196387533237	-2.031213353630017
0.3175337994231901	0.8007631261878548	-0.9995	5.1421335872468905	-3.3756277177276655
0.3072744548622371	0.8236986186966265	-0.9995	6.4147157305965745	-2.805556061666218
0.30502501896931344	0.8296978977170254	-0.9995	6.5530501201004	-1.6267453090101274
0.3134976250823314	0.8099975261617842	-0.9995	5.768374783994287	-2.3802802766844335
0.3001168646631583	0.8424225187142284	-0.9995	6.679235911562724	-1.5486981881711053
0.31990774406020567	0.7964159964697576	-0.9995	4.697712830476927	-3.7785280279587035
0.3049217046136234	0.8299504527948485	-0.9995	6.558188316791391	-1.6223066585072523
0.29641937257442014	0.8518761716840564	-0.9995	6.6151997345061275	-1.6183414188652065
0.3280500980880682	0.7800291575647216	-0.9995	2.7452641845589674	-5.908222741549631
0.30600019756892244	0.826181640053857	-0.9995	6.499292343979686	-5.410534731918961
0.3016409199101516	0.8382174493437206	-0.9995	6.66584110755254	-1.4925336713738329
0.32064398330293054	0.7945560008789327	-0.9995	4.548433965251824	-3.596713123663285
0.2933004684360525	0.8604349794499475	-0.9995	6.454885582428556	-1.8555247532314247
0.29457976856866147	0.8578213181763499	-0.9995	6.53240965446385	-2.468968289439358
0.28599251557326444	0.8819429338582192	-0.9995	5.698256098484006	-2.865278511489425
0.30184127729820864	0.8374612586657743	-0.9995	6.662352687865708	-1.712836318462875
0.30300069802061697	0.8351109447425976	-0.9995	6.634283255255527	-1.6619378072854811
0.3020390961660762	0.8371076784359871	-0.9995	6.658514632437665	-1.5530846095045021
0.30380894498329764	0.8327121145175811	-0.9995	6.606763888881257	-1.5688218951367823
0.3005910347672636	0.8416373645730405	-0.9995	6.677557587829629	-2.3481707794394104
0.3158802313672134	0.804471729097198	-0.9995	5.418395456929058	-2.872110172103792
0.3107141803321432	0.816614792574642	-0.9995	6.105335897361776	-2.3304784311299116
0.2970856186993672	0.8496754374428286	-0.9995	6.636836106482811	-2.2480816221200755
0.296568292384825	0.8514184279047963	-0.9995	6.62042111252995	-1.66350894326715
0.31090461779047424	0.8158588913429726	-0.9995	6.084750752528562	-2.060949013004647
0.3310019761789919	0.7739144576493793	-0.9995	1.8736915632962883	-6.294052920502454
0.3191607493902022	0.7968782821522479	-0.9995	4.843632612339523	-5.118389111050103
0.3238225015627311	0.7881989035314161	-0.9995	3.8417462947785634	-4.41269332738521
0.3187630590723485	0.7983943752715504	-0.9995	4.919042269548005	-3.2582024234928424
0.28478488117779766	0.8866632043560527	-0.9995	5.521804994441521	-2.850805257909048
0.31558149518377654	0.8050298945174679	-0.9995	5.4653892374999415	-2.9703165025048364
0.3105934679003333	0.8165995105897214	-0.9995	6.118196387533237	-2.031213353630017
0.3175337994231901	0.8007631261878548	-0.9995	5.1421335872468905	-3.3756277177276655
0.3072744548622371	0.8236986186966265	-0.9995	6.4147157305965745	-2.805556061666218
0.30502501896931344	0.8296978977170254	-0.9995	6.5530501201004	-1.6267453090101274
0.3134976250823314	0.8099975261617842	-0.9995	5.768374783994287	-2.3802802766844335
0.29899654247017454	0.8459877324783234	-0.9995	6.674269563239383	-2.7845705312673577
0.3184680015605396	0.7993361103992945	-0.9995	4.97396879010973	-3.302061526839161
0.3049217046136234	0.8299504527948485	-0.9995	6.558188316791391	-1.6223066585072523
0.29641937257442014	0.8518761716840564	-0.9995	6.6151997345061275	-1.6183414188652065
0.3280500980880682	0.7800291575647216	-0.9995	2.7452641845589674	-5.908222741549631
0.30600019756892244	0.826181640053857	-0.9995	6.499292343979686	-5.410534731918961
0.3016409199101516	0.8382174493437206	-0.9995	6.66584110755254	-1.4925336713738329
0.32064398330293054	0.7945560008789327	-0.9995	4.548433965251824	-3.596713123663285
0.2933004684360525	0.8604349794499475	-0.9995	6.454885582428556	-1.8555247532314247
0.29457976856866147	0.8578213181763499	-0.9995	6.53240965446385	-2.468968289439358
0.28599251557326444	0.8819429338582192	-0.9995	5.698256098484006	-2.865278511489425
