#cosmological_parameters--omega_m	cosmological_parameters--sigma8_input	cosmological_parameters--w	prior	post
#sampler=emcee
#n_varied=3
#module_0=mass_function_like 1.1
#timestamp=2025-08-26T01:01:03.837775
#platform=Linux-5.14.21-150500.55.97_13.0.78-cray_shasta_c-x86_64-with-glibc2.31
#platform_version=#1 SMP Thu Mar 13 20:09:44 UTC 2025 (330b47d)
#uuid=5dac40d25e4e4b348132de34ddc9372e
#cosmosis_git_version=
#csl_git_version=
#cwd_git_version=5ff5d9a45b876d0c2ecc0c6da8da4c99a4c65ef7
#walkers=32
#samples=1000
#nsteps=100
#a=2.0
#random_start=False
#start_points=
#covmat=
#start_method=
#start_input=
## START_OF_PARAMS_INI
## [runtime]
## sampler = emcee
## root = /global/homes/x/xintang/cosmosis-standard-library
## resume = F
## verbosity = debug
## 
## [emcee]
## walkers = 32
## samples = 1000
## 
## [output]
## filename = mf_xt/output/mf_w_highz1.txt
## format = text
## lock = F
## new_file = T
## 
## [pipeline]
## modules = mass_function_like
## values = mf_xt/values_fit.ini
## likelihoods = mass_function_like_m_n
## priors = mf_xt/priors_fit.ini
## 
## [likelihoods]
## mass_function_like = mass_function_like_m_n
## 
## [mass_function_like]
## file = mf_xt/likelihood/mass_function_like_m_n.py
## z_min = 0.8
## z_max = 1.0
## mass_min = 1e13
## mass_max = 5e14
## area_deg2 = 20000.0
## 
## END_OF_PARAMS_INI
## START_OF_VALUES_INI
## [cosmological_parameters]
## omega_m = 0.1 0.3 0.5
## sigma8_input = 0.6 0.8 1.0
## w = -1.00  -1.50 -0.50
## h0 = 0.7
## omega_b = 0.04
## omega_k = 0.0
## yhe = 0.245341
## tau = 0.08
## n_s = 0.96
## a_s = 2.1e-9
## k_s = 0.05
## n_run = 0.0
## wa = 0.0
## 
## END_OF_VALUES_INI
## START_OF_PRIORS_INI
## [cosmological_parameters]
## omega_m = normal 0.3 0.01
## sigma8 = normal 0.81 0.01
## w = normal -1.0 0.1
## 
## END_OF_PRIORS_INI
0.2992122732837787	0.7991149497256127	-0.9995	6.676201631412956	-6804.728047433211
0.30059944271140426	0.7998500604055127	-0.9995	6.6775075404889215	-5384.345141084587
0.2999549797730812	0.8005663860523379	-0.9995	6.67929406420604	-5347.162075385886
0.3007326449760988	0.7999516673170197	-0.9995	6.676620355005186	-5239.261920118575
0.30020326073980674	0.8006615670521746	-0.9995	6.679097623668465	-5135.580985530175
0.29953754005574657	0.8014259256003883	-0.9995	6.6782348523100055	-5096.464110561255
0.3009343839288934	0.7996251218055487	-0.9995	6.674938831677329	-5313.619273450026
0.3000458333480584	0.8001010432388922	-0.9995	6.6792936948312285	-5578.452016425394
0.300649200379193	0.7993601994496363	-0.9995	6.677196892648478	-5659.058027279824
0.30032782526069113	0.7994129342537823	-0.9995	6.6787668513024645	-5833.649637247447
0.3001660477076855	0.7995056781633517	-0.9995	6.679166339104061	-5879.690588146682
0.2997739299048129	0.7996852373620037	-0.9995	6.67904865987051	-6021.947110523811
0.3000293117660747	0.8003134937420111	-0.9995	6.679299902412048	-5456.392314333228
0.29984726521179195	0.800399141355006	-0.9995	6.679187558732554	-5518.417726293065
0.30036036919919396	0.799951966077707	-0.9995	6.678654868511561	-5471.794831741246
0.2999577659423066	0.799979250126206	-0.9995	6.679295279732054	-5712.070187746832
0.29967204777294987	0.8004768171895124	-0.9995	6.678766434994063	-5593.836649024877
0.3001400431940923	0.8005188903104472	-0.9995	6.6792061378291425	-5260.885993907876
0.3006100812064707	0.7995575775020931	-0.9995	6.677443202917756	-5559.634159993047
0.2999171887399271	0.7995636200847586	-0.9995	6.679269909786225	-6006.229076422824
0.30018316797790334	0.8004083842072716	-0.9995	6.679136445769554	-5301.479577871016
0.2996653978014844	0.8002901522059213	-0.9995	6.678744405153942	-5716.006094023939
0.30027382221725274	0.8000566695358201	-0.9995	6.678929305276894	-5461.346189991929
0.29984266952890315	0.7999339089605819	-0.9995	6.679180433924522	-5815.67022162122
0.30118814566735536	0.801277589891568	-0.9995	6.672245747675923	-4209.360764817068
0.29972805200220554	0.8003429460730819	-0.9995	6.678934419742678	-5642.286697631487
0.3006800107483357	0.8011170756864306	-0.9995	6.67699212522094	-4585.689469375305
0.3002042165847982	0.7997166329907349	-0.9995	6.679095676242667	-5719.558534162045
0.3003261375981186	0.8007140244724031	-0.9995	6.678772369645667	-5029.388771062471
0.3002784191590976	0.7999750696283304	-0.9995	6.678916612169436	-5509.115876963832
0.29993488866855494	0.8003622921608983	-0.9995	6.679283000882787	-5485.790733523313
0.30006797150604453	0.8007017021125417	-0.9995	6.679281097682029	-5194.525388810007
0.2992445521677978	0.7991732452416476	-0.9995	6.6764506911743045	-6741.6376497233405
0.30099705874847654	0.8001660121382071	-0.9995	6.674333567570631	-4949.618637208987
0.2999549797730812	0.8005663860523379	-0.9995	6.67929406420604	-5347.162075385886
0.3012676226809783	0.7994271589127576	-0.9995	6.671269862003546	-5228.278722198658
0.30020326073980674	0.8006615670521746	-0.9995	6.679097623668465	-5135.580985530175
0.29953754005574657	0.8014259256003883	-0.9995	6.6782348523100055	-5096.464110561255
0.3014529604369625	0.7992863336028938	-0.9995	6.668748728153307	-5199.779194355789
0.3000458333480584	0.8001010432388922	-0.9995	6.6792936948312285	-5578.452016425394
0.30059831958453775	0.7994486032398834	-0.9995	6.677514266683993	-5635.8334499555685
0.30032782526069113	0.7994129342537823	-0.9995	6.6787668513024645	-5833.649637247447
0.3001660477076855	0.7995056781633517	-0.9995	6.679166339104061	-5879.690588146682
0.30032242951182186	0.8001982900267667	-0.9995	6.678784394359731	-5343.440109236443
0.3000293117660747	0.8003134937420111	-0.9995	6.679299902412048	-5456.392314333228
0.29984726521179195	0.800399141355006	-0.9995	6.679187558732554	-5518.417726293065
0.3005399507371904	0.7998668517551611	-0.9995	6.677846464317238	-5411.346201759774
0.29998329637057375	0.8000200814663959	-0.9995	6.67930280325402	-5669.710762792253
0.29967204777294987	0.8004768171895124	-0.9995	6.678766434994063	-5593.836649024877
0.3001313317941064	0.8005412130395273	-0.9995	6.679217958109483	-5252.642448349638
0.3004460975900199	0.8000025801845561	-0.9995	6.678309183011091	-5386.394033779015
0.2999171887399271	0.7995636200847586	-0.9995	6.679269909786225	-6006.229076422824
0.30018856850329645	0.8004117149689036	-0.9995	6.679126407908022	-5296.125448409511
0.29961574601788027	0.800731214063222	-0.9995	6.678565942696325	-5470.886239177534
0.30027382221725274	0.8000566695358201	-0.9995	6.678929305276894	-5461.346189991929
0.29984266952890315	0.7999339089605819	-0.9995	6.679180433924522	-5815.67022162122
0.3016232337262222	0.8014150294008789	-0.9995	6.666129759660473	-3900.226728045234
0.29968535451226463	0.80049532118097	-0.9995	6.678809189395439	-5573.756958267494
0.30087161615423735	0.8013181739705055	-0.9995	6.675505624708562	-4363.749077259007
0.3005491056798786	0.7995093678190196	-0.9995	6.677796613071825	-5628.963361572827
0.3004303042429227	0.8008545848206673	-0.9995	6.678378389602813	-4883.751575140828
0.3003818317806211	0.8004070387922437	-0.9995	6.678575220766739	-5179.507272769448
0.3006166977886331	0.8015391968686516	-0.9995	6.677402617497675	-4385.29708622946
0.3000876443975536	0.8006958659298214	-0.9995	6.679265790608087	-5185.942219561908
0.299296602073295	0.7992751877394508	-0.9995	6.676830355093735	-6634.857091519966
0.30099705874847654	0.8001660121382071	-0.9995	6.674333567570631	-4949.618637208987
0.2999549797730812	0.8005663860523379	-0.9995	6.67929406420604	-5347.162075385886
0.3012676226809783	0.7994271589127576	-0.9995	6.671269862003546	-5228.278722198658
0.30020326073980674	0.8006615670521746	-0.9995	6.679097623668465	-5135.580985530175
0.3000941682990646	0.8009454223902	-0.9995	6.6792598599674555	-5032.407147518348
0.3014529604369625	0.7992863336028938	-0.9995	6.668748728153307	-5199.779194355789
0.2996731772001723	0.8005411189560843	-0.9995	6.678770132597764	-5552.817975684766
0.30059831958453775	0.7994486032398834	-0.9995	6.677514266683993	-5635.8334499555685
0.30031316004762204	0.7995877487544119	-0.9995	6.678813852233066	-5731.273524090784
0.3001660477076855	0.7995056781633517	-0.9995	6.679166339104061	-5879.690588146682
0.30089899747903526	0.7999513737460043	-0.9995	6.67526321597364	-5137.128554316983
0.3001132007702997	0.8008745395553719	-0.9995	6.679240126238218	-5062.982340212836
0.29984726521179195	0.800399141355006	-0.9995	6.679187558732554	-5518.417726293065
0.3005399507371904	0.7998668517551611	-0.9995	6.677846464317238	-5411.346201759774
0.3000690632345407	0.799942666147842	-0.9995	6.679280349658374	-5663.421143940045
0.29967204777294987	0.8004768171895124	-0.9995	6.678766434994063	-5593.836649024877
0.3000789969968123	0.8008785245282454	-0.9995	6.679272995682673	-5081.447064092962
0.301127502348541	0.8004729017937554	-0.9995	6.672947890580373	-4693.65289328295
0.2999171887399271	0.7995636200847586	-0.9995	6.679269909786225	-6006.229076422824
0.3001685869475685	0.8005438597859693	-0.9995	6.679162090515748	-5228.010849895084
0.29961574601788027	0.800731214063222	-0.9995	6.678565942696325	-5470.886239177534
0.30027382221725274	0.8000566695358201	-0.9995	6.678929305276894	-5461.346189991929
0.29984266952890315	0.7999339089605819	-0.9995	6.679180433924522	-5815.67022162122
0.3018679365353659	0.8015026164849823	-0.9995	6.661858263809425	-3726.428506304126
0.29999456399322894	0.8014227173714047	-0.9995	6.679304050559352	-4811.659619396275
0.30087161615423735	0.8013181739705055	-0.9995	6.675505624708562	-4363.749077259007
0.3005491056798786	0.7995093678190196	-0.9995	6.677796613071825	-5628.963361572827
0.30053148334266566	0.8014701443287672	-0.9995	6.677891825592544	-4472.099604132319
0.300282404386646	0.8009406132824122	-0.9995	6.678905437122216	-4921.669544761648
0.3006166977886331	0.8015391968686516	-0.9995	6.677402617497675	-4385.29708622946
0.3000876443975536	0.8006958659298214	-0.9995	6.679265790608087	-5185.942219561908
0.299296602073295	0.7992751877394508	-0.9995	6.676830355093735	-6634.857091519966
0.3010616113428535	0.8003073060980807	-0.9995	6.673669105093824	-4828.104397574742
0.3001707630620875	0.8008836153140347	-0.9995	6.679158398193332	-5022.613241999167
0.3011749046378233	0.7995672905363049	-0.9995	6.672402193770306	-5200.21263382025
0.30020326073980674	0.8006615670521746	-0.9995	6.679097623668465	-5135.580985530175
0.3001932451326519	0.8017189840248539	-0.9995	6.679117479903731	-4526.271755805628
0.3014529604369625	0.7992863336028938	-0.9995	6.668748728153307	-5199.779194355789
0.3002288077765371	0.8002738036924724	-0.9995	6.67904243331718	-5355.439531694237
0.30059831958453775	0.7994486032398834	-0.9995	6.677514266683993	-5635.8334499555685
0.30031316004762204	0.7995877487544119	-0.9995	6.678813852233066	-5731.273524090784
0.30010244834390304	0.7996429182802738	-0.9995	6.679251719994358	-5832.8670938641
0.30089899747903526	0.7999513737460043	-0.9995	6.67526321597364	-5137.128554316983
0.300115474174826	0.8008748979995927	-0.9995	6.6792375268849415	-5061.40888697929
0.2998337363025737	0.8004227030174018	-0.9995	6.67916598022479	-5512.362050698693
0.3005399507371904	0.7998668517551611	-0.9995	6.677846464317238	-5411.346201759774
0.2998525101124305	0.8002575349438262	-0.9995	6.679195431975524	-5603.85347943941
0.2998149882286838	0.8003181452222633	-0.9995	6.679133051532572	-5589.745197771591
0.3000108150298801	0.8011661448362831	-0.9995	6.679303613485843	-4952.10722336453
0.30090500335299813	0.8009444072673622	-0.9995	6.675209042965511	-4553.754653188051
0.2999336249169151	0.7996255903319569	-0.9995	6.679282170051927	-5954.973771262651
0.3001685869475685	0.8005438597859693	-0.9995	6.679162090515748	-5228.010849895084
0.299570920311405	0.8007898946804916	-0.9995	6.678383651414375	-5462.804838669262
0.3002925950759679	0.8002167785101982	-0.9995	6.678876138917797	-5350.555192113228
0.29997733831624596	0.7998348273142223	-0.9995	6.679301630550647	-5791.449947986906
0.3027285460177137	0.8016585409576441	-0.9995	6.642079381456293	-3219.13931262661
0.30029299297656614	0.8022413400543518	-0.9995	6.678874973888615	-4182.150439652864
0.30110812072050264	0.8014565171095737	-0.9995	6.673164540654163	-4156.646380206817
0.30060268705144594	0.7995770552694423	-0.9995	6.677488039900297	-5552.21791724516
0.30067962688321753	0.8027474461624926	-0.9995	6.67699473480824	-3709.9907829003487
0.300282404386646	0.8009406132824122	-0.9995	6.678905437122216	-4921.669544761648
0.3006166977886331	0.8015391968686516	-0.9995	6.677402617497675	-4385.29708622946
0.30036072289755733	0.8007978235074905	-0.9995	6.678653593266089	-4958.883413997388
0.29945106577925285	0.7994021737837741	-0.9995	6.677797554416664	-6441.316851274686
0.3015574265082101	0.8003656728100581	-0.9995	6.667176311667822	-4506.143494429235
0.3001707630620875	0.8008836153140347	-0.9995	6.679158398193332	-5022.613241999167
0.3016397056173724	0.7991162298541394	-0.9995	6.665861025751987	-5188.362530812322
0.30012433967571517	0.8008642475807564	-0.9995	6.679226896535415	-5062.289522365857
0.3001932451326519	0.8017189840248539	-0.9995	6.679117479903731	-4526.271755805628
0.3014529604369625	0.7992863336028938	-0.9995	6.668748728153307	-5199.779194355789
0.3002288077765371	0.8002738036924724	-0.9995	6.67904243331718	-5355.439531694237
0.30038918599222636	0.8001505203299505	-0.9995	6.678546869627473	-5331.01111076636
0.30031316004762204	0.7995877487544119	-0.9995	6.678813852233066	-5731.273524090784
0.30010244834390304	0.7996429182802738	-0.9995	6.679251719994358	-5832.8670938641
0.30089899747903526	0.7999513737460043	-0.9995	6.67526321597364	-5137.128554316983
0.30033566488081537	0.801282876438104	-0.9995	6.678740843749136	-4691.529946171128
0.2998337363025737	0.8004227030174018	-0.9995	6.67916598022479	-5512.362050698693
0.30074306065192014	0.7997710277062694	-0.9995	6.676543502648039	-5343.223407888274
0.29983920202040426	0.8002790319232589	-0.9995	6.679174918358989	-5598.843093421632
0.2998149882286838	0.8003181452222633	-0.9995	6.679133051532572	-5589.745197771591
0.3000108150298801	0.8011661448362831	-0.9995	6.679303613485843	-4952.10722336453
0.30090500335299813	0.8009444072673622	-0.9995	6.675209042965511	-4553.754653188051
0.2999511222031899	0.7997093422120214	-0.9995	6.679292253115095	-5889.277061962626
0.3001685869475685	0.8005438597859693	-0.9995	6.679162090515748	-5228.010849895084
0.2995746352584868	0.800790475111269	-0.9995	6.678399522493587	-5460.125135044863
0.3002925950759679	0.8002167785101982	-0.9995	6.678876138917797	-5350.555192113228
0.30075588589490837	0.8003509089755604	-0.9995	6.676447380879592	-4985.314602355858
0.30284447160229594	0.8017353854176649	-0.9995	6.638849104828859	-3127.605983477943
0.30029299297656614	0.8022413400543518	-0.9995	6.678874973888615	-4182.150439652864
0.30132544077607876	0.8012472765736633	-0.9995	6.670520232055738	-4150.064643866386
0.3006045234970225	0.7996310671638526	-0.9995	6.677476955017939	-5517.198577182927
0.30067962688321753	0.8027474461624926	-0.9995	6.67699473480824	-3709.9907829003487
0.30027785782415767	0.8012635512034033	-0.9995	6.678918173457971	-4736.425785178398
0.3010386808480733	0.8030952460748781	-0.9995	6.673909908789428	-3355.97127990548
0.3004392195524046	0.8011096437312412	-0.9995	6.678339629234127	-4730.281783157228
0.29945106577925285	0.7994021737837741	-0.9995	6.677797554416664	-6441.316851274686
0.30168188026452275	0.800456548202571	-0.9995	6.665160592189244	-4384.699908454428
0.30044614353040444	0.801385756507835	-0.9995	6.67830897806159	-4568.6157419911215
0.3016397056173724	0.7991162298541394	-0.9995	6.665861025751987	-5188.362530812322
0.30012433967571517	0.8008642475807564	-0.9995	6.679226896535415	-5062.289522365857
0.3001932451326519	0.8017189840248539	-0.9995	6.679117479903731	-4526.271755805628
0.3014529604369625	0.7992863336028938	-0.9995	6.668748728153307	-5199.779194355789
0.3002288077765371	0.8002738036924724	-0.9995	6.67904243331718	-5355.439531694237
0.3003987061549248	0.8003569837720275	-0.9995	6.678509365320325	-5199.297507364749
0.30022841609753287	0.8000301556436739	-0.9995	6.679043328742139	-5506.537748211642
0.3000159526580467	0.7998667500742547	-0.9995	6.679302925873706	-5745.911488746595
0.30089899747903526	0.7999513737460043	-0.9995	6.67526321597364	-5137.128554316983
0.30033566488081537	0.801282876438104	-0.9995	6.678740843749136	-4691.529946171128
0.2998337363025737	0.8004227030174018	-0.9995	6.67916598022479	-5512.362050698693
0.30054341160288983	0.800123788185898	-0.9995	6.677827717459424	-5251.468468686842
0.29993829190461485	0.8002150376482222	-0.9995	6.679285158865019	-5575.681378918238
0.30003280054004866	0.8008663660217041	-0.9995	6.679298818933063	-5116.951838097645
0.3000108150298801	0.8011661448362831	-0.9995	6.679303613485843	-4952.10722336453
0.30162235350681543	0.8021077210770062	-0.9995	6.6661440438048185	-3547.6292255142316
0.2999511222031899	0.7997093422120214	-0.9995	6.679292253115095	-5889.277061962626
0.3001685869475685	0.8005438597859693	-0.9995	6.679162090515748	-5228.010849895084
0.2996220163409625	0.8008861705423881	-0.9995	6.678589840077702	-5371.212937171913
0.30029266312317077	0.8005630100833723	-0.9995	6.6788759397918795	-5140.093533082062
0.30075588589490837	0.8003509089755604	-0.9995	6.676447380879592	-4985.314602355858
0.3030071861970448	0.8017031193415004	-0.9995	6.634088354191716	-3065.7918252926256
0.3003090481548666	0.8023724342285435	-0.9995	6.678826644500068	-4102.896881044428
0.3028796781403171	0.8015767566930568	-0.9995	6.6378414673511	-3185.263056415528
0.30040440037429134	0.8000500981218504	-0.9995	6.6784864999965645	-5383.291838299422
0.3009577304230056	0.805234059752378	-0.9995	6.674717960494448	-2440.847100327176
0.30027785782415767	0.8012635512034033	-0.9995	6.678918173457971	-4736.425785178398
0.3022290471710289	0.8058900652971842	-0.9995	6.65446094185684	-1705.318714628512
0.3004392195524046	0.8011096437312412	-0.9995	6.678339629234127	-4730.281783157228
0.29945106577925285	0.7994021737837741	-0.9995	6.677797554416664	-6441.316851274686
0.30168467412751215	0.8004842920264982	-0.9995	6.665113563730655	-4367.655142587529
0.30044614353040444	0.801385756507835	-0.9995	6.67830897806159	-4568.6157419911215
0.3014553754141109	0.7993737355961247	-0.9995	6.668713610330208	-5145.320000198028
0.29999710436755017	0.8010362738496085	-0.9995	6.679304156386763	-5037.198927428639
0.3001932451326519	0.8017189840248539	-0.9995	6.679117479903731	-4526.271755805628
0.30128071665411243	0.7994758536369915	-0.9995	6.671103022569595	-5190.6199357290325
0.3002288077765371	0.8002738036924724	-0.9995	6.67904243331718	-5355.439531694237
0.3003961118328877	0.8004968027979317	-0.9995	6.678519675389431	-5116.574073119208
0.30022841609753287	0.8000301556436739	-0.9995	6.679043328742139	-5506.537748211642
0.300056237308493	0.8000815974790093	-0.9995	6.679288385135868	-5583.994309159296
0.30089899747903526	0.7999513737460043	-0.9995	6.67526321597364	-5137.128554316983
0.3003730535776521	0.8013342947782384	-0.9995	6.678608353451205	-4640.206015554055
0.2998337363025737	0.8004227030174018	-0.9995	6.67916598022479	-5512.362050698693
0.3002998175762019	0.8004780451503803	-0.9995	6.678854745415201	-5186.918935957762
0.29993829190461485	0.8002150376482222	-0.9995	6.679285158865019	-5575.681378918238
0.30003280054004866	0.8008663660217041	-0.9995	6.679298818933063	-5116.951838097645
0.2999895108386818	0.8014566336688828	-0.9995	6.679303648197674	-4795.004036998129
0.30162235350681543	0.8021077210770062	-0.9995	6.6661440438048185	-3547.6292255142316
0.2999511222031899	0.7997093422120214	-0.9995	6.679292253115095	-5889.277061962626
0.3001685869475685	0.8005438597859693	-0.9995	6.679162090515748	-5228.010849895084
0.2996220163409625	0.8008861705423881	-0.9995	6.678589840077702	-5371.212937171913
0.3003104931765355	0.8005433916549696	-0.9995	6.678822168246825	-5141.015710613592
0.30075588589490837	0.8003509089755604	-0.9995	6.676447380879592	-4985.314602355858
0.3026406288708396	0.8023346489858071	-0.9995	6.644439594142641	-2947.3080678123306
0.30032412156772703	0.8024574900804167	-0.9995	6.678778924356871	-4049.504212766577
0.3047740172936226	0.8019393403390022	-0.9995	6.565347992711162	-2200.658442734845
0.30075789001721537	0.7999250104693524	-0.9995	6.676432211919225	-5239.956527012365
0.300514762809845	0.8104504968716933	-0.9995	6.677979294558202	-894.3517984707158
0.30027785782415767	0.8012635512034033	-0.9995	6.678918173457971	-4736.425785178398
0.30282813298693195	0.8076528263709168	-0.9995	6.639312517351335	-993.0516072991427
0.3004392195524046	0.8011096437312412	-0.9995	6.678339629234127	-4730.281783157228
0.29945106577925285	0.7994021737837741	-0.9995	6.677797554416664	-6441.316851274686
0.30235065050018667	0.8004873885771951	-0.9995	6.651676409440061	-3999.7388842547966
0.30044614353040444	0.801385756507835	-0.9995	6.67830897806159	-4568.6157419911215
0.3014553754141109	0.7993737355961247	-0.9995	6.668713610330208	-5145.320000198028
0.29999710436755017	0.8010362738496085	-0.9995	6.679304156386763	-5037.198927428639
0.3001932451326519	0.8017189840248539	-0.9995	6.679117479903731	-4526.271755805628
0.30110189642333185	0.7998419882549886	-0.9995	6.673233319671443	-5079.253944422452
0.3002288077765371	0.8002738036924724	-0.9995	6.67904243331718	-5355.439531694237
0.3003961118328877	0.8004968027979317	-0.9995	6.678519675389431	-5116.574073119208
0.30036076255673727	0.8048463285066149	-0.9995	6.678653450198482	-2867.9241832778976
0.30011369075418143	0.8002850634575901	-0.9995	6.679239570372268	-5420.821719714231
0.30089899747903526	0.7999513737460043	-0.9995	6.67526321597364	-5137.128554316983
0.3003730535776521	0.8013342947782384	-0.9995	6.678608353451205	-4640.206015554055
0.29998414460610445	0.8003417023238527	-0.9995	6.6793029413426215	-5467.481189098874
0.3002988067239149	0.8004778482413271	-0.9995	6.678857771018915	-5187.636010612091
0.29993829190461485	0.8002150376482222	-0.9995	6.679285158865019	-5575.681378918238
0.30003280054004866	0.8008663660217041	-0.9995	6.679298818933063	-5116.951838097645
0.2999895108386818	0.8014566336688828	-0.9995	6.679303648197674	-4795.004036998129
0.30162235350681543	0.8021077210770062	-0.9995	6.6661440438048185	-3547.6292255142316
0.30002952069647854	0.7999869831083174	-0.9995	6.679299840952597	-5660.822824386631
0.3001685869475685	0.8005438597859693	-0.9995	6.679162090515748	-5228.010849895084
0.3000612676097018	0.8005144823957491	-0.9995	6.679285429710207	-5312.537005632824
0.3003023185853739	0.8006990766602301	-0.9995	6.678847215674887	-5052.666970454551
0.30075588589490837	0.8003509089755604	-0.9995	6.676447380879592	-4985.314602355858
0.3026406288708396	0.8023346489858071	-0.9995	6.644439594142641	-2947.3080678123306
0.30032412156772703	0.8024574900804167	-0.9995	6.678778924356871	-4049.504212766577
0.30512880864987074	0.8021895403298704	-0.9995	6.547780807475254	-1968.854572814544
0.3016245272083597	0.8010341830726339	-0.9995	6.666108755056694	-4101.0976417831735
0.300514762809845	0.8104504968716933	-0.9995	6.677979294558202	-894.3517984707158
0.30027000662022385	0.8013144577068018	-0.9995	6.678939680435375	-4711.6301864135485
0.30335835612569684	0.8095211583740214	-0.9995	6.622911418975171	-468.43504152893945
0.30074706955810976	0.8009550700280161	-0.9995	6.676513633686929	-4639.111456357878
0.29945106577925285	0.7994021737837741	-0.9995	6.677797554416664	-6441.316851274686
0.30235065050018667	0.8004873885771951	-0.9995	6.651676409440061	-3999.7388842547966
0.30044614353040444	0.801385756507835	-0.9995	6.67830897806159	-4568.6157419911215
0.3014553754141109	0.7993737355961247	-0.9995	6.668713610330208	-5145.320000198028
0.29965546034258284	0.8014233373392691	-0.9995	6.678710660432534	-5026.153053873683
0.30030877597675015	0.8018677540600021	-0.9995	6.6788274852911105	-4377.434266911598
0.30110189642333185	0.7998419882549886	-0.9995	6.673233319671443	-5079.253944422452
0.30043308571750726	0.8005423314697954	-0.9995	6.678366382116655	-5066.792409117823
0.3003961118328877	0.8004968027979317	-0.9995	6.678519675389431	-5116.574073119208
0.30036076255673727	0.8048463285066149	-0.9995	6.678653450198482	-2867.9241832778976
0.3001386974445849	0.8003399498437396	-0.9995	6.679208013404528	-5371.2160877034175
0.30089899747903526	0.7999513737460043	-0.9995	6.67526321597364	-5137.128554316983
0.3003730535776521	0.8013342947782384	-0.9995	6.678608353451205	-4640.206015554055
0.29998414460610445	0.8003417023238527	-0.9995	6.6793029413426215	-5467.481189098874
0.3005020895851951	0.8005658033210437	-0.9995	6.678043728552392	-5010.955726349868
0.29993829190461485	0.8002150376482222	-0.9995	6.679285158865019	-5575.681378918238
0.30008444348467667	0.8011408015985664	-0.9995	6.679268544799678	-4922.830506728702
0.2999895108386818	0.8014566336688828	-0.9995	6.679303648197674	-4795.004036998129
0.3016679682230481	0.8021676453005393	-0.9995	6.665393608344708	-3494.8674810801613
0.30012659478238196	0.8001219844093026	-0.9995	6.679224067115568	-5514.037889926946
0.3001876000021845	0.8007348749322966	-0.9995	6.679128229506102	-5101.160381712131
0.3000612676097018	0.8005144823957491	-0.9995	6.679285429710207	-5312.537005632824
0.3003023185853739	0.8006990766602301	-0.9995	6.678847215674887	-5052.666970454551
0.300535396334942	0.8007881625215066	-0.9995	6.677870952132853	-4859.982369929012
0.3047713156478429	0.8032746140175261	-0.9995	6.565476933253448	-1711.1091833768958
0.3005848953246956	0.8039731142054511	-0.9995	6.677593685605945	-3160.238232441327
0.30718215418781514	0.8010454020305705	-0.9995	6.421387504422446	-1641.1665187742474
0.3016245272083597	0.8010341830726339	-0.9995	6.666108755056694	-4101.0976417831735
0.300514762809845	0.8104504968716933	-0.9995	6.677979294558202	-894.3517984707158
0.30027000662022385	0.8013144577068018	-0.9995	6.678939680435375	-4711.6301864135485
0.30335835612569684	0.8095211583740214	-0.9995	6.622911418975171	-468.43504152893945
0.30056079593021223	0.8013709368446632	-0.9995	6.677731737933486	-4511.016291684963
0.3007553645810508	0.7998903279475527	-0.9995	6.6764513200586695	-5262.570129198723
0.30235065050018667	0.8004873885771951	-0.9995	6.651676409440061	-3999.7388842547966
0.30044614353040444	0.801385756507835	-0.9995	6.67830897806159	-4568.6157419911215
0.3014553754141109	0.7993737355961247	-0.9995	6.668713610330208	-5145.320000198028
0.29965546034258284	0.8014233373392691	-0.9995	6.678710660432534	-5026.153053873683
0.3004418255543547	0.8022989030078814	-0.9995	6.678328149207795	-4069.7593146411696
0.30110189642333185	0.7998419882549886	-0.9995	6.673233319671443	-5079.253944422452
0.30043308571750726	0.8005423314697954	-0.9995	6.678366382116655	-5066.792409117823
0.3003961118328877	0.8004968027979317	-0.9995	6.678519675389431	-5116.574073119208
0.30036076255673727	0.8048463285066149	-0.9995	6.678653450198482	-2867.9241832778976
0.29996851056940343	0.8007214982217737	-0.9995	6.679299240389003	-5244.023821393571
0.30089899747903526	0.7999513737460043	-0.9995	6.67526321597364	-5137.128554316983
0.30055419099830893	0.8022252947241882	-0.9995	6.677768559997167	-4047.7821334359596
0.3000109370825669	0.8004017259976405	-0.9995	6.679303600211325	-5413.404562891703
0.3006013267671378	0.8005773566107707	-0.9995	6.677496228905818	-4944.345188032297
0.29993829190461485	0.8002150376482222	-0.9995	6.679285158865019	-5575.681378918238
0.3001543712524607	0.8018438955538273	-0.9995	6.679185045892268	-4478.577790679401
0.29976334313602665	0.8017816727255357	-0.9995	6.679024165953871	-4740.8461960568175
0.3023480031898912	0.8028989295180055	-0.9995	6.651738603411504	-2828.16525129527
0.30012659478238196	0.8001219844093026	-0.9995	6.679224067115568	-5514.037889926946
0.3001881500571476	0.8007342468971455	-0.9995	6.679127196090176	-5101.173004185541
0.3000612676097018	0.8005144823957491	-0.9995	6.679285429710207	-5312.537005632824
0.3003023185853739	0.8006990766602301	-0.9995	6.678847215674887	-5052.666970454551
0.300535396334942	0.8007881625215066	-0.9995	6.677870952132853	-4859.982369929012
0.3047713156478429	0.8032746140175261	-0.9995	6.565476933253448	-1711.1091833768958
0.3005848953246956	0.8039731142054511	-0.9995	6.677593685605945	-3160.238232441327
0.30718215418781514	0.8010454020305705	-0.9995	6.421387504422446	-1641.1665187742474
0.3017370051766119	0.8021383023601453	-0.9995	6.664218263392318	-3474.6913432910396
0.300032719175478	0.8130664809305972	-0.9995	6.679298845587979	-456.5693664797556
0.30029585304835477	0.8013972978814359	-0.9995	6.6788665531790965	-4649.1489610494455
0.3053637720969552	0.8149779691025848	-0.9995	6.5354539427698235	-80.92084620410795
0.30056079593021223	0.8013709368446632	-0.9995	6.677731737933486	-4511.016291684963
0.3007553645810508	0.7998903279475527	-0.9995	6.6764513200586695	-5262.570129198723
0.3046153478990483	0.8002648208362013	-0.9995	6.57279701716395	-2979.2882900144987
0.30044614353040444	0.801385756507835	-0.9995	6.67830897806159	-4568.6157419911215
0.3014553754141109	0.7993737355961247	-0.9995	6.668713610330208	-5145.320000198028
0.29965546034258284	0.8014233373392691	-0.9995	6.678710660432534	-5026.153053873683
0.3004418255543547	0.8022989030078814	-0.9995	6.678328149207795	-4069.7593146411696
0.300789826325896	0.8037019363843574	-0.9995	6.676185070184808	-3188.752169014307
0.30027844113325997	0.8008284972572697	-0.9995	6.678916550986743	-4990.1585341544815
0.3003961118328877	0.8004968027979317	-0.9995	6.678519675389431	-5116.574073119208
0.3003470615572056	0.8054016430374553	-0.9995	6.67870193968775	-2633.2590426926754
0.3003022615620245	0.8007640373684549	-0.9995	6.678847388050812	-5014.075863770523
0.30089899747903526	0.7999513737460043	-0.9995	6.67526321597364	-5137.128554316983
0.3006288886561094	0.8030420645880372	-0.9995	6.677326693601284	-3587.8734254320793
0.3000109370825669	0.8004017259976405	-0.9995	6.679303600211325	-5413.404562891703
0.3006013267671378	0.8005773566107707	-0.9995	6.677496228905818	-4944.345188032297
0.29993829190461485	0.8002150376482222	-0.9995	6.679285158865019	-5575.681378918238
0.29991332738249427	0.8026274242115617	-0.9995	6.679266637597074	-4183.609762439099
0.29976334313602665	0.8017816727255357	-0.9995	6.679024165953871	-4740.8461960568175
0.303117679908115	0.8034621294937883	-0.9995	6.630704558262879	-2263.4465630363725
0.30012659478238196	0.8001219844093026	-0.9995	6.679224067115568	-5514.037889926946
0.3001881500571476	0.8007342468971455	-0.9995	6.679127196090176	-5101.173004185541
0.3000686085203579	0.8005489036250798	-0.9995	6.679280662664871	-5287.006639516226
0.3003023185853739	0.8006990766602301	-0.9995	6.678847215674887	-5052.666970454551
0.3007364024024045	0.8008193719780816	-0.9995	6.676592755818865	-4723.09017921636
0.3047713156478429	0.8032746140175261	-0.9995	6.565476933253448	-1711.1091833768958
0.3005848953246956	0.8039731142054511	-0.9995	6.677593685605945	-3160.238232441327
0.30718215418781514	0.8010454020305705	-0.9995	6.421387504422446	-1641.1665187742474
0.3017370051766119	0.8021383023601453	-0.9995	6.664218263392318	-3474.6913432910396
0.300032719175478	0.8130664809305972	-0.9995	6.679298845587979	-456.5693664797556
0.3002299790814427	0.8014837133340639	-0.9995	6.679039746420694	-4638.243808649582
0.3053637720969552	0.8149779691025848	-0.9995	6.5354539427698235	-80.92084620410795
0.30056079593021223	0.8013709368446632	-0.9995	6.677731737933486	-4511.016291684963
0.3008296234974184	0.7998629688761476	-0.9995	6.6758628225728565	-5233.307877984007
0.305789157453265	0.8001403590852221	-0.9995	6.5117324782167305	-2515.4360504852975
0.3004908261058534	0.8017907364517591	-0.9995	6.678099646979263	-4317.373186394758
0.3014553754141109	0.7993737355961247	-0.9995	6.668713610330208	-5145.320000198028
0.3019674145569455	0.8009397485790393	-0.9995	6.659950598115795	-3966.1406614044954
0.29954875843476414	0.8042972611606933	-0.9995	6.678286103559218	-3525.674655618119
0.300789826325896	0.8037019363843574	-0.9995	6.676185070184808	-3188.752169014307
0.30027844113325997	0.8008284972572697	-0.9995	6.678916550986743	-4990.1585341544815
0.29997997571414725	0.8009481434366159	-0.9995	6.679302193450081	-5100.283955506755
0.30036115243018763	0.8058155066416999	-0.9995	6.678652042921048	-2454.82001863939
0.30034302593087414	0.8009130290201556	-0.9995	6.678715864363939	-4901.68843742257
0.30089899747903526	0.7999513737460043	-0.9995	6.67526321597364	-5137.128554316983
0.3006288886561094	0.8030420645880372	-0.9995	6.677326693601284	-3587.8734254320793
0.2999633503536619	0.8006669471460621	-0.9995	6.679297482327316	-5280.41208216761
0.3005479164359172	0.8008155736272835	-0.9995	6.6778031362064585	-4836.4991971479885
0.29993829190461485	0.8002150376482222	-0.9995	6.679285158865019	-5575.681378918238
0.29991332738249427	0.8026274242115617	-0.9995	6.679266637597074	-4183.609762439099
0.2995001715564932	0.8021561931327242	-0.9995	6.678055055945508	-4691.842621929438
0.303117679908115	0.8034621294937883	-0.9995	6.630704558262879	-2263.4465630363725
0.30012659478238196	0.8001219844093026	-0.9995	6.679224067115568	-5514.037889926946
0.3006054517665319	0.8011228246309422	-0.9995	6.677471339102217	-4625.634046063427
0.3003008393356057	0.8016406850952942	-0.9995	6.678851676780962	-4508.531844014626
0.3002639146924829	0.8008894564227277	-0.9995	6.678955943485658	-4962.971950067977
0.301393390727044	0.8001696475700066	-0.9995	6.669596509719138	-4712.595874673045
0.3047713156478429	0.8032746140175261	-0.9995	6.565476933253448	-1711.1091833768958
0.30095450150903963	0.8047137322616392	-0.9995	6.674748832656405	-2659.605292392598
0.3086606494222574	0.8009550896675349	-0.9995	6.304269956233961	-1204.3220543546647
0.3017370051766119	0.8021383023601453	-0.9995	6.664218263392318	-3474.6913432910396
0.300032719175478	0.8130664809305972	-0.9995	6.679298845587979	-456.5693664797556
0.3002787421051836	0.8014670898680871	-0.9995	6.678915712504189	-4619.346851762863
0.3053637720969552	0.8149779691025848	-0.9995	6.5354539427698235	-80.92084620410795
0.30056079593021223	0.8013709368446632	-0.9995	6.677731737933486	-4511.016291684963
0.3008296234974184	0.7998629688761476	-0.9995	6.6758628225728565	-5233.307877984007
0.3076870776380603	0.7991429610645729	-0.9995	6.383848385242365	-2149.8083546820008
0.3004386060175598	0.8034115268982489	-0.9995	6.678342322117002	-3501.563594287032
0.3025870933020949	0.8043468794103639	-0.9995	6.645838939541479	-2130.216051428622
0.30204350061585455	0.8009447603065794	-0.9995	6.658424724475211	-3922.743554140791
0.29954875843476414	0.8042972611606933	-0.9995	6.678286103559218	-3525.674655618119
0.3019814431649811	0.803130332660439	-0.9995	6.659673613229948	-2891.6579986245238
0.30023028430306936	0.8010657674769792	-0.9995	6.679039044008999	-4879.450895289256
0.29997997571414725	0.8009481434366159	-0.9995	6.679302193450081	-5100.283955506755
0.30036115243018763	0.8058155066416999	-0.9995	6.678652042921048	-2454.82001863939
0.30034302593087414	0.8009130290201556	-0.9995	6.678715864363939	-4901.68843742257
0.30089899747903526	0.7999513737460043	-0.9995	6.67526321597364	-5137.128554316983
0.3006288886561094	0.8030420645880372	-0.9995	6.677326693601284	-3587.8734254320793
0.2999633503536619	0.8006669471460621	-0.9995	6.679297482327316	-5280.41208216761
0.3005479164359172	0.8008155736272835	-0.9995	6.6778031362064585	-4836.4991971479885
0.29993829190461485	0.8002150376482222	-0.9995	6.679285158865019	-5575.681378918238
0.29991332738249427	0.8026274242115617	-0.9995	6.679266637597074	-4183.609762439099
0.29973535686371183	0.8025697826518731	-0.9995	6.678954018362278	-4324.985269987873
0.30429567698185594	0.8042899570138722	-0.9995	6.587039994647965	-1533.7098633846135
0.3001379749424572	0.8002225942337622	-0.9995	6.679209012886469	-5444.182749379078
0.3006054517665319	0.8011228246309422	-0.9995	6.677471339102217	-4625.634046063427
0.3003008393356057	0.8016406850952942	-0.9995	6.678851676780962	-4508.531844014626
0.3002741066499371	0.8010968109161395	-0.9995	6.6789285260325	-4835.15985054345
0.301393390727044	0.8001696475700066	-0.9995	6.669596509719138	-4712.595874673045
0.3047713156478429	0.8032746140175261	-0.9995	6.565476933253448	-1711.1091833768958
0.30096215069685506	0.8047330400741	-0.9995	6.674675528492907	-2648.095799173627
0.313571162689792	0.7985600066073445	-0.9995	5.758421914546185	-595.3596786466554
0.30184868457913955	0.8022111626293122	-0.9995	6.662216024944458	-3383.39246935164
0.300032719175478	0.8130664809305972	-0.9995	6.679298845587979	-456.5693664797556
0.3002787421051836	0.8014670898680871	-0.9995	6.678915712504189	-4619.346851762863
0.30497461307375	0.8148384332771418	-0.9995	6.555570322142577	-46.70538120432045
0.3002667031406161	0.801941657810378	-0.9995	6.678948545484127	-4360.375166936191
0.3004772221641062	0.8003130576888473	-0.9995	6.678165493340629	-5177.618588933914
0.3076870776380603	0.7991429610645729	-0.9995	6.383848385242365	-2149.8083546820008
0.300589583243386	0.8036783145599499	-0.9995	6.677566156305792	-3297.1522264028413
0.3025870933020949	0.8043468794103639	-0.9995	6.645838939541479	-2130.216051428622
0.30204350061585455	0.8009447603065794	-0.9995	6.658424724475211	-3922.743554140791
0.29975478894374213	0.805022176500373	-0.9995	6.679003555999644	-3070.4680016369357
0.3029436291798547	0.8059561093705693	-0.9995	6.635979434567739	-1443.6636436077772
0.3006763140008369	0.8007221221466537	-0.9995	6.67701719517156	-4814.762069219702
0.30038533495545994	0.8012221168261074	-0.9995	6.678561783170704	-4697.179139190578
0.3007333597012298	0.8084652634324181	-0.9995	6.676615116053261	-1374.3318122431106
0.300448456241531	0.8016982481533481	-0.9995	6.678298633307358	-4392.318631168693
0.300955815429864	0.8000865725642688	-0.9995	6.67473628263037	-5021.556482398109
0.3006288886561094	0.8030420645880372	-0.9995	6.677326693601284	-3587.8734254320793
0.2999403426289099	0.8015686552144318	-0.9995	6.679286403300573	-4759.322460415123
0.3025391142917238	0.807123276718667	-0.9995	6.647068691378019	-1218.5291046379753
0.29993829190461485	0.8002150376482222	-0.9995	6.679285158865019	-5575.681378918238
0.2996471587241698	0.8031439551810238	-0.9995	6.678681713480552	-4064.023440065842
0.29973535686371183	0.8025697826518731	-0.9995	6.678954018362278	-4324.985269987873
0.30429567698185594	0.8042899570138722	-0.9995	6.587039994647965	-1533.7098633846135
0.30035816593577375	0.8032709784788901	-0.9995	6.678662784122457	-3612.284670919455
0.3006054517665319	0.8011228246309422	-0.9995	6.677471339102217	-4625.634046063427
0.3003008393356057	0.8016406850952942	-0.9995	6.678851676780962	-4508.531844014626
0.3002741066499371	0.8010968109161395	-0.9995	6.6789285260325	-4835.15985054345
0.301393390727044	0.8001696475700066	-0.9995	6.669596509719138	-4712.595874673045
0.3047713156478429	0.8032746140175261	-0.9995	6.565476933253448	-1711.1091833768958
0.30096215069685506	0.8047330400741	-0.9995	6.674675528492907	-2648.095799173627
0.313571162689792	0.7985600066073445	-0.9995	5.758421914546185	-595.3596786466554
0.30184868457913955	0.8022111626293122	-0.9995	6.662216024944458	-3383.39246935164
0.3022159767423652	0.8138493039633032	-0.9995	6.654751433696681	-80.99864866707094
0.30023355132734764	0.8015147089491521	-0.9995	6.679031467197671	-4618.4827334227575
0.30497461307375	0.8148384332771418	-0.9995	6.555570322142577	-46.70538120432045
0.3002667031406161	0.801941657810378	-0.9995	6.678948545484127	-4360.375166936191
0.3004772221641062	0.8003130576888473	-0.9995	6.678165493340629	-5177.618588933914
0.3076870776380603	0.7991429610645729	-0.9995	6.383848385242365	-2149.8083546820008
0.3006873816839517	0.804478586389689	-0.9995	6.676941730413038	-2881.8226604905394
0.3025870933020949	0.8043468794103639	-0.9995	6.645838939541479	-2130.216051428622
0.30204350061585455	0.8009447603065794	-0.9995	6.658424724475211	-3922.743554140791
0.2994449681491517	0.8057240184497272	-0.9995	6.67776389653292	-2906.9873671806376
0.304785726802835	0.8115622325017008	-0.9995	6.564788293153333	-54.97770809003682
0.3007756790262606	0.800926282703497	-0.9995	6.676295808551297	-4638.837052659097
0.30038533495545994	0.8012221168261074	-0.9995	6.678561783170704	-4697.179139190578
0.30070693818674005	0.8131721269852197	-0.9995	6.676805390310843	-326.9005650148863
0.300448456241531	0.8016982481533481	-0.9995	6.678298633307358	-4392.318631168693
0.30103736749342497	0.8001547133962379	-0.9995	6.673923541728126	-4932.140336628136
0.3006288886561094	0.8030420645880372	-0.9995	6.677326693601284	-3587.8734254320793
0.2999403426289099	0.8015686552144318	-0.9995	6.679286403300573	-4759.322460415123
0.301718862262989	0.8083948223115224	-0.9995	6.664531760914562	-1100.4896046956346
0.29993829190461485	0.8002150376482222	-0.9995	6.679285158865019	-5575.681378918238
0.2996471587241698	0.8031439551810238	-0.9995	6.678681713480552	-4064.023440065842
0.2994616163989009	0.8030022375739936	-0.9995	6.677854913800537	-4242.393781986505
0.30843328667972947	0.8017339400982191	-0.9995	6.323702577197686	-1049.9937934245227
0.30066481035028686	0.8055028078307087	-0.9995	6.677094334300957	-2454.47279557443
0.3006054517665319	0.8011228246309422	-0.9995	6.677471339102217	-4625.634046063427
0.3003008393356057	0.8016406850952942	-0.9995	6.678851676780962	-4508.531844014626
0.3002741066499371	0.8010968109161395	-0.9995	6.6789285260325	-4835.15985054345
0.301393390727044	0.8001696475700066	-0.9995	6.669596509719138	-4712.595874673045
0.30859467922972494	0.8050638245872884	-0.9995	6.309961643000872	-322.02875525138734
0.30096215069685506	0.8047330400741	-0.9995	6.674675528492907	-2648.095799173627
0.32572356894608023	0.7961065356892321	-0.9995	3.370794201691481	-220.29294984559266
0.30184868457913955	0.8022111626293122	-0.9995	6.662216024944458	-3383.39246935164
0.3022159767423652	0.8138493039633032	-0.9995	6.654751433696681	-80.99864866707094
0.30408825612933255	0.8016177697586461	-0.9995	6.595735007415074	-2616.2421172694467
0.30497461307375	0.8148384332771418	-0.9995	6.555570322142577	-46.70538120432045
0.30021060140964384	0.8020167910709716	-0.9995	6.679082433541479	-4350.571269606392
0.3004772221641062	0.8003130576888473	-0.9995	6.678165493340629	-5177.618588933914
0.3112901759993749	0.7979245404025809	-0.9995	6.041963827825891	-1330.6155789596664
0.3006873816839517	0.804478586389689	-0.9995	6.676941730413038	-2881.8226604905394
0.30396159412571166	0.8049382167866446	-0.9995	6.600833058225833	-1435.8134952188852
0.30205694385631016	0.8009607884074855	-0.9995	6.658149108170139	-3907.1952153072966
0.3011217968701517	0.8042411305112313	-0.9995	6.673012057220788	-2789.686913034046
0.3039699364202744	0.8150542342526823	-0.9995	6.600502222405092	-12.930842139198168
0.3007756790262606	0.800926282703497	-0.9995	6.676295808551297	-4638.837052659097
0.30039913621520997	0.801317313543914	-0.9995	6.678507649718739	-4634.74871405083
0.30015523075431616	0.814965944748348	-0.9995	6.679183715374771	-174.90916664770097
0.300448456241531	0.8016982481533481	-0.9995	6.678298633307358	-4392.318631168693
0.304484217152147	0.8008907080551368	-0.9995	6.578763180972151	-2757.892208440601
0.3006288886561094	0.8030420645880372	-0.9995	6.677326693601284	-3587.8734254320793
0.2999403426289099	0.8015686552144318	-0.9995	6.679286403300573	-4759.322460415123
0.3033821556303707	0.8103484446556186	-0.9995	6.6221093147699595	-330.59180943819837
0.3002217891300484	0.8013755619222344	-0.9995	6.679058246219162	-4704.882604330874
0.2996471587241698	0.8031439551810238	-0.9995	6.678681713480552	-4064.023440065842
0.2994616163989009	0.8030022375739936	-0.9995	6.677854913800537	-4242.393781986505
0.31181346732357973	0.8024556991380114	-0.9995	5.981514147283768	-237.02217533552434
0.30066481035028686	0.8055028078307087	-0.9995	6.677094334300957	-2454.47279557443
0.3006054517665319	0.8011228246309422	-0.9995	6.677471339102217	-4625.634046063427
0.3003008393356057	0.8016406850952942	-0.9995	6.678851676780962	-4508.531844014626
0.3002741066499371	0.8010968109161395	-0.9995	6.6789285260325	-4835.15985054345
0.301393390727044	0.8001696475700066	-0.9995	6.669596509719138	-4712.595874673045
0.30859467922972494	0.8050638245872884	-0.9995	6.309961643000872	-322.02875525138734
0.301161370494749	0.8054530601534761	-0.9995	6.672560291179831	-2268.9936485050234
0.32572356894608023	0.7961065356892321	-0.9995	3.370794201691481	-220.29294984559266
0.3018665057081716	0.8022910716883194	-0.9995	6.661884980517014	-3335.9594369211623
0.3022159767423652	0.8138493039633032	-0.9995	6.654751433696681	-80.99864866707094
0.30408825612933255	0.8016177697586461	-0.9995	6.595735007415074	-2616.2421172694467
0.30497461307375	0.8148384332771418	-0.9995	6.555570322142577	-46.70538120432045
0.30021060140964384	0.8020167910709716	-0.9995	6.679082433541479	-4350.571269606392
0.3004772221641062	0.8003130576888473	-0.9995	6.678165493340629	-5177.618588933914
0.3112901759993749	0.7979245404025809	-0.9995	6.041963827825891	-1330.6155789596664
0.3011454525599388	0.8054763736517218	-0.9995	6.672743890474848	-2266.2904408908976
0.30396159412571166	0.8049382167866446	-0.9995	6.600833058225833	-1435.8134952188852
0.30205694385631016	0.8009607884074855	-0.9995	6.658149108170139	-3907.1952153072966
0.3011217968701517	0.8042411305112313	-0.9995	6.673012057220788	-2789.686913034046
0.3039699364202744	0.8150542342526823	-0.9995	6.600502222405092	-12.930842139198168
0.30209495089050925	0.8052973703689424	-0.9995	6.657360102141972	-1963.3252171025624
0.30039913621520997	0.801317313543914	-0.9995	6.678507649718739	-4634.74871405083
0.30015523075431616	0.814965944748348	-0.9995	6.679183715374771	-174.90916664770097
0.300448456241531	0.8016982481533481	-0.9995	6.678298633307358	-4392.318631168693
0.304484217152147	0.8008907080551368	-0.9995	6.578763180972151	-2757.892208440601
0.30084192436609225	0.8039521224864454	-0.9995	6.675760015119101	-3047.970870085787
0.2999403426289099	0.8015686552144318	-0.9995	6.679286403300573	-4759.322460415123
0.3033821556303707	0.8103484446556186	-0.9995	6.6221093147699595	-330.59180943819837
0.3002217891300484	0.8013755619222344	-0.9995	6.679058246219162	-4704.882604330874
0.2996471587241698	0.8031439551810238	-0.9995	6.678681713480552	-4064.023440065842
0.2996939623549778	0.8033436339198767	-0.9995	6.678835903109347	-3933.600746127962
0.31181346732357973	0.8024556991380114	-0.9995	5.981514147283768	-237.02217533552434
0.30066481035028686	0.8055028078307087	-0.9995	6.677094334300957	-2454.47279557443
0.3013848230353592	0.8072814700998425	-0.9995	6.669715524113892	-1533.0454795878165
0.30031108132344564	0.8018490574525803	-0.9995	6.6788203403612165	-4386.577819184933
0.3002741066499371	0.8010968109161395	-0.9995	6.6789285260325	-4835.15985054345
0.30139159110224784	0.8016634702519757	-0.9995	6.669621569330923	-3893.574079411809
0.30859467922972494	0.8050638245872884	-0.9995	6.309961643000872	-322.02875525138734
0.301161370494749	0.8054530601534761	-0.9995	6.672560291179831	-2268.9936485050234
0.32572356894608023	0.7961065356892321	-0.9995	3.370794201691481	-220.29294984559266
0.3018665057081716	0.8022910716883194	-0.9995	6.661884980517014	-3335.9594369211623
0.3022159767423652	0.8138493039633032	-0.9995	6.654751433696681	-80.99864866707094
0.3052184743472485	0.8016109315012374	-0.9995	6.543141825745744	-2153.5806378958123
0.30497461307375	0.8148384332771418	-0.9995	6.555570322142577	-46.70538120432045
0.29987739037129363	0.8024551999146744	-0.9995	6.679229032704942	-4297.227712917616
0.3004772221641062	0.8003130576888473	-0.9995	6.678165493340629	-5177.618588933914
0.31145077689833245	0.7978545474446227	-0.9995	6.023702740433278	-1303.7523406671858
0.3011454525599388	0.8054763736517218	-0.9995	6.672743890474848	-2266.2904408908976
0.3065400755167171	0.8083608957645269	-0.9995	6.465441259488388	-169.47878011788436
0.30136296360247655	0.8060716024110385	-0.9995	6.670015849401821	-1955.7830038738944
0.3011217968701517	0.8042411305112313	-0.9995	6.673012057220788	-2789.686913034046
0.3039699364202744	0.8150542342526823	-0.9995	6.600502222405092	-12.930842139198168
0.30209495089050925	0.8052973703689424	-0.9995	6.657360102141972	-1963.3252171025624
0.30039913621520997	0.801317313543914	-0.9995	6.678507649718739	-4634.74871405083
0.30015523075431616	0.814965944748348	-0.9995	6.679183715374771	-174.90916664770097
0.3007711723574132	0.8024036830253792	-0.9995	6.676330664286009	-3838.151610753408
0.304484217152147	0.8008907080551368	-0.9995	6.578763180972151	-2757.892208440601
0.30125089228942703	0.8050332908601728	-0.9995	6.67148054071146	-2399.8326549487524
0.2999403426289099	0.8015686552144318	-0.9995	6.679286403300573	-4759.322460415123
0.30470973857452266	0.8136593013615075	-0.9995	6.568396011108465	-2.539640536790781
0.3002241803612893	0.8013882420598981	-0.9995	6.679052914138261	-4696.220640984719
0.2996471587241698	0.8031439551810238	-0.9995	6.678681713480552	-4064.023440065842
0.2996939623549778	0.8033436339198767	-0.9995	6.678835903109347	-3933.600746127962
0.31430616425481156	0.8018474047632945	-0.9995	5.655972519881958	-60.1837673764751
0.30066481035028686	0.8055028078307087	-0.9995	6.677094334300957	-2454.47279557443
0.30139882726793443	0.8080565711095647	-0.9995	6.669520609682616	-1289.946922197336
0.30068095133108896	0.8031022375892629	-0.9995	6.67698572473364	-3531.4984976436035
0.2999955445749368	0.8020063868646573	-0.9995	6.679304099056138	-4478.569531345394
0.30139159110224784	0.8016634702519757	-0.9995	6.669621569330923	-3893.574079411809
0.31459294587187014	0.804227934403759	-0.9995	5.614533852213539	-14.729293753033959
0.301161370494749	0.8054530601534761	-0.9995	6.672560291179831	-2268.9936485050234
0.32572356894608023	0.7961065356892321	-0.9995	3.370794201691481	-220.29294984559266
0.30176962287144593	0.8027190582948525	-0.9995	6.663646372774476	-3179.3979893747774
0.3022159767423652	0.8138493039633032	-0.9995	6.654751433696681	-80.99864866707094
0.3052184743472485	0.8016109315012374	-0.9995	6.543141825745744	-2153.5806378958123
0.3066005616858873	0.8104839329785782	-0.9995	6.461467125464184	-18.269666596304674
0.2999732212166924	0.8025927331395882	-0.9995	6.679300612794023	-4169.334568628086
0.3004772221641062	0.8003130576888473	-0.9995	6.678165493340629	-5177.618588933914
0.31211546758565994	0.7977056304433762	-0.9995	5.945381424214315	-1155.0386750709158
0.2992648727096161	0.8080592782210888	-0.9995	6.676602137644863	-2032.0123158941074
0.3065400755167171	0.8083608957645269	-0.9995	6.465441259488388	-169.47878011788436
0.30191668193359683	0.8077177579220061	-0.9995	6.660935850137317	-1232.509465559131
0.3011217968701517	0.8042411305112313	-0.9995	6.673012057220788	-2789.686913034046
0.3039699364202744	0.8150542342526823	-0.9995	6.600502222405092	-12.930842139198168
0.30211284592372245	0.8053364876607152	-0.9995	6.656983608823246	-1942.3657939709014
0.302294123941552	0.8067429857547767	-0.9995	6.65298917501419	-1406.8517007419541
0.30015523075431616	0.814965944748348	-0.9995	6.679183715374771	-174.90916664770097
0.3007711723574132	0.8024036830253792	-0.9995	6.676330664286009	-3838.151610753408
0.304484217152147	0.8008907080551368	-0.9995	6.578763180972151	-2757.892208440601
0.30125089228942703	0.8050332908601728	-0.9995	6.67148054071146	-2399.8326549487524
0.2999403426289099	0.8015686552144318	-0.9995	6.679286403300573	-4759.322460415123
0.30470973857452266	0.8136593013615075	-0.9995	6.568396011108465	-2.539640536790781
0.30017105201795746	0.801549896534342	-0.9995	6.6791579043459635	-4634.88913648669
0.2996471587241698	0.8031439551810238	-0.9995	6.678681713480552	-4064.023440065842
0.2996939623549778	0.8033436339198767	-0.9995	6.678835903109347	-3933.600746127962
0.31430616425481156	0.8018474047632945	-0.9995	5.655972519881958	-60.1837673764751
0.30066481035028686	0.8055028078307087	-0.9995	6.677094334300957	-2454.47279557443
0.30139882726793443	0.8080565711095647	-0.9995	6.669520609682616	-1289.946922197336
0.30068095133108896	0.8031022375892629	-0.9995	6.67698572473364	-3531.4984976436035
0.2999955445749368	0.8020063868646573	-0.9995	6.679304099056138	-4478.569531345394
0.30139159110224784	0.8016634702519757	-0.9995	6.669621569330923	-3893.574079411809
0.31459294587187014	0.804227934403759	-0.9995	5.614533852213539	-14.729293753033959
0.3015141249813224	0.8059909949092533	-0.9995	6.667841326014877	-1928.4816203903986
0.32572356894608023	0.7961065356892321	-0.9995	3.370794201691481	-220.29294984559266
0.30176962287144593	0.8027190582948525	-0.9995	6.663646372774476	-3179.3979893747774
0.3022159767423652	0.8138493039633032	-0.9995	6.654751433696681	-80.99864866707094
0.3052184743472485	0.8016109315012374	-0.9995	6.543141825745744	-2153.5806378958123
0.3066005616858873	0.8104839329785782	-0.9995	6.461467125464184	-18.269666596304674
0.3025007320307207	0.8048128362126153	-0.9995	6.648035894862836	-1988.3816150093753
0.3004772221641062	0.8003130576888473	-0.9995	6.678165493340629	-5177.618588933914
0.3138084417895566	0.7973263372677103	-0.9995	5.725938875032336	-818.5438619593255
0.2992648727096161	0.8080592782210888	-0.9995	6.676602137644863	-2032.0123158941074
0.3065400755167171	0.8083608957645269	-0.9995	6.465441259488388	-169.47878011788436
0.30191668193359683	0.8077177579220061	-0.9995	6.660935850137317	-1232.509465559131
0.3011217968701517	0.8042411305112313	-0.9995	6.673012057220788	-2789.686913034046
0.3039699364202744	0.8150542342526823	-0.9995	6.600502222405092	-12.930842139198168
0.30242816694240693	0.806424082906605	-0.9995	6.64982422480921	-1463.1855376433339
0.30438669266794266	0.8085607733630853	-0.9995	6.583088835495289	-450.47864720432204
0.30015523075431616	0.814965944748348	-0.9995	6.679183715374771	-174.90916664770097
0.30134825310088587	0.8026992783727716	-0.9995	6.670215266189958	-3394.354930294313
0.3075658301735366	0.7994552001349967	-0.9995	6.393095267236214	-2075.910616623938
0.302925263260839	0.8049322220506432	-0.9995	6.636518372584128	-1789.1860512882583
0.2999403426289099	0.8015686552144318	-0.9995	6.679286403300573	-4759.322460415123
0.30470973857452266	0.8136593013615075	-0.9995	6.568396011108465	-2.539640536790781
0.30017105201795746	0.801549896534342	-0.9995	6.6791579043459635	-4634.88913648669
0.2996471587241698	0.8031439551810238	-0.9995	6.678681713480552	-4064.023440065842
0.2996939623549778	0.8033436339198767	-0.9995	6.678835903109347	-3933.600746127962
0.31430616425481156	0.8018474047632945	-0.9995	5.655972519881958	-60.1837673764751
0.30066481035028686	0.8055028078307087	-0.9995	6.677094334300957	-2454.47279557443
0.3016393601468243	0.8088934238015095	-0.9995	6.665866689855221	-990.5786595697459
0.30068095133108896	0.8031022375892629	-0.9995	6.67698572473364	-3531.4984976436035
0.2999955445749368	0.8020063868646573	-0.9995	6.679304099056138	-4478.569531345394
0.30139159110224784	0.8016634702519757	-0.9995	6.669621569330923	-3893.574079411809
0.31459294587187014	0.804227934403759	-0.9995	5.614533852213539	-14.729293753033959
0.3015141249813224	0.8059909949092533	-0.9995	6.667841326014877	-1928.4816203903986
0.32572356894608023	0.7961065356892321	-0.9995	3.370794201691481	-220.29294984559266
0.30302427807721627	0.8050547899052326	-0.9995	6.633572908868544	-1711.7695048127273
0.3022159767423652	0.8138493039633032	-0.9995	6.654751433696681	-80.99864866707094
0.3052184743472485	0.8016109315012374	-0.9995	6.543141825745744	-2153.5806378958123
0.3066005616858873	0.8104839329785782	-0.9995	6.461467125464184	-18.269666596304674
0.3025007320307207	0.8048128362126153	-0.9995	6.648035894862836	-1988.3816150093753
0.30102564403113163	0.8020423768840955	-0.9995	6.67404446991722	-3890.6413574567196
0.3138084417895566	0.7973263372677103	-0.9995	5.725938875032336	-818.5438619593255
0.2992648727096161	0.8080592782210888	-0.9995	6.676602137644863	-2032.0123158941074
0.3065400755167171	0.8083608957645269	-0.9995	6.465441259488388	-169.47878011788436
0.30191668193359683	0.8077177579220061	-0.9995	6.660935850137317	-1232.509465559131
0.3011217968701517	0.8042411305112313	-0.9995	6.673012057220788	-2789.686913034046
0.3039699364202744	0.8150542342526823	-0.9995	6.600502222405092	-12.930842139198168
0.30242816694240693	0.806424082906605	-0.9995	6.64982422480921	-1463.1855376433339
0.30374300913851154	0.8139389859997899	-0.9995	6.609253611255294	-6.154662747096413
0.2996759751119226	0.8202836645116953	-0.9995	6.6787792376697315	-36.32193923671839
0.30134825310088587	0.8026992783727716	-0.9995	6.670215266189958	-3394.354930294313
0.3075658301735366	0.7994552001349967	-0.9995	6.393095267236214	-2075.910616623938
0.3032538304010036	0.8051114615241345	-0.9995	6.626367136917722	-1613.4193444772739
0.301308874358991	0.8050379484075618	-0.9995	6.670738437872078	-2373.8410861997795
0.30470973857452266	0.8136593013615075	-0.9995	6.568396011108465	-2.539640536790781
0.3004080353626575	0.8023872334797045	-0.9995	6.6784717340243045	-4041.1631939884055
0.29976813103952477	0.8032099478244159	-0.9995	6.679035382236041	-3953.3556553629387
0.2999151304386728	0.8032742669831988	-0.9995	6.6792681840979995	-3841.4597162129558
0.31430616425481156	0.8018474047632945	-0.9995	5.655972519881958	-60.1837673764751
0.3004701705755328	0.8063012336560333	-0.9995	6.678198896459715	-2216.318156391271
0.3016393601468243	0.8088934238015095	-0.9995	6.665866689855221	-990.5786595697459
0.30068095133108896	0.8031022375892629	-0.9995	6.67698572473364	-3531.4984976436035
0.29997522945267957	0.802113902400165	-0.9995	6.679301130410128	-4430.189575475816
0.30139159110224784	0.8016634702519757	-0.9995	6.669621569330923	-3893.574079411809
0.31459294587187014	0.804227934403759	-0.9995	5.614533852213539	-14.729293753033959
0.3015141249813224	0.8059909949092533	-0.9995	6.667841326014877	-1928.4816203903986
0.32572356894608023	0.7961065356892321	-0.9995	3.370794201691481	-220.29294984559266
0.30302427807721627	0.8050547899052326	-0.9995	6.633572908868544	-1711.7695048127273
0.3022159767423652	0.8138493039633032	-0.9995	6.654751433696681	-80.99864866707094
0.30525096509425664	0.801776875196097	-0.9995	6.541441026204691	-2077.3025079191984
0.3066005616858873	0.8104839329785782	-0.9995	6.461467125464184	-18.269666596304674
0.3025007320307207	0.8048128362126153	-0.9995	6.648035894862836	-1988.3816150093753
0.30102564403113163	0.8020423768840955	-0.9995	6.67404446991722	-3890.6413574567196
0.3138084417895566	0.7973263372677103	-0.9995	5.725938875032336	-818.5438619593255
0.2992648727096161	0.8080592782210888	-0.9995	6.676602137644863	-2032.0123158941074
0.30665347984911073	0.8084675363586589	-0.9995	6.457960227797587	-146.7057429307002
0.30191668193359683	0.8077177579220061	-0.9995	6.660935850137317	-1232.509465559131
0.3011217968701517	0.8042411305112313	-0.9995	6.673012057220788	-2789.686913034046
0.3039699364202744	0.8150542342526823	-0.9995	6.600502222405092	-12.930842139198168
0.30230264063475415	0.8066236418355756	-0.9995	6.652793428846094	-1441.1594252595823
0.30374300913851154	0.8139389859997899	-0.9995	6.609253611255294	-6.154662747096413
0.2996759751119226	0.8202836645116953	-0.9995	6.6787792376697315	-36.32193923671839
0.30134825310088587	0.8026992783727716	-0.9995	6.670215266189958	-3394.354930294313
0.30791723868802834	0.7993353623837853	-0.9995	6.365890856094136	-1988.555347469442
0.303336901938361	0.8052258835414196	-0.9995	6.623629625579012	-1547.9545971195496
0.301308874358991	0.8050379484075618	-0.9995	6.670738437872078	-2373.8410861997795
0.30470973857452266	0.8136593013615075	-0.9995	6.568396011108465	-2.539640536790781
0.3020843700060705	0.8067798558812339	-0.9995	6.657581206699167	-1462.773674647967
0.3032745693639235	0.8034907883395137	-0.9995	6.6256901757144675	-2189.5074113025044
0.2999151304386728	0.8032742669831988	-0.9995	6.6792681840979995	-3841.4597162129558
0.31430616425481156	0.8018474047632945	-0.9995	5.655972519881958	-60.1837673764751
0.3004701705755328	0.8063012336560333	-0.9995	6.678198896459715	-2216.318156391271
0.3019702238011095	0.8125869269714837	-0.9995	6.659895289177907	-227.75799183226107
0.30068095133108896	0.8031022375892629	-0.9995	6.67698572473364	-3531.4984976436035
0.29997522945267957	0.802113902400165	-0.9995	6.679301130410128	-4430.189575475816
0.30139159110224784	0.8016634702519757	-0.9995	6.669621569330923	-3893.574079411809
0.3135210318445983	0.8043114563606734	-0.9995	5.7652126875969945	-2.9688219400790157
0.3015141249813224	0.8059909949092533	-0.9995	6.667841326014877	-1928.4816203903986
0.3177975399730174	0.7983018243561649	-0.9995	5.0955420528544355	-69.32617857856617
0.30302427807721627	0.8050547899052326	-0.9995	6.633572908868544	-1711.7695048127273
0.3077622444380623	0.8091700294647208	-0.9995	6.378042004729052	-22.49349201497958
0.30836017321665793	0.8015782511952846	-0.9995	6.329841717247575	-1112.7219759606676
0.3066005616858873	0.8104839329785782	-0.9995	6.461467125464184	-18.269666596304674
0.3005701866867393	0.8069439502926029	-0.9995	6.677678634021525	-1936.5976541297696
0.30145956752349956	0.8020128298820233	-0.9995	6.668652511531926	-3678.440153808003
0.32099284402753686	0.7948398726046624	-0.9995	4.475806696487748	-99.11486765168777
0.2992648727096161	0.8080592782210888	-0.9995	6.676602137644863	-2032.0123158941074
0.30665347984911073	0.8084675363586589	-0.9995	6.457960227797587	-146.7057429307002
0.30191668193359683	0.8077177579220061	-0.9995	6.660935850137317	-1232.509465559131
0.30045073439528824	0.8116870985278	-0.9995	6.678288390834721	-633.0837682504459
0.3039699364202744	0.8150542342526823	-0.9995	6.600502222405092	-12.930842139198168
0.30244333292271	0.8068962561308661	-0.9995	6.649454819454208	-1313.771464241253
0.2955335818720848	0.8230728477187115	-0.9995	6.579559743843351	-2.50568241582128
0.2996759751119226	0.8202836645116953	-0.9995	6.6787792376697315	-36.32193923671839
0.30134825310088587	0.8026992783727716	-0.9995	6.670215266189958	-3394.354930294313
0.30737352943371515	0.8032643141340965	-0.9995	6.4074595167608805	-928.6341097236303
0.303336901938361	0.8052258835414196	-0.9995	6.623629625579012	-1547.9545971195496
0.301308874358991	0.8050379484075618	-0.9995	6.670738437872078	-2373.8410861997795
0.30470973857452266	0.8136593013615075	-0.9995	6.568396011108465	-2.539640536790781
0.3020843700060705	0.8067798558812339	-0.9995	6.657581206699167	-1462.773674647967
0.3090877585418253	0.8014137732380966	-0.9995	6.2663674217376055	-961.4772921118226
0.3012285062076731	0.8055057221469756	-0.9995	6.671758060798743	-2221.294602940335
0.31437569929157216	0.8018747450347341	-0.9995	5.646000547701656	-54.29309629798478
0.30127563099368704	0.8059990944447315	-0.9995	6.671168026149925	-2015.5243553997868
0.3019702238011095	0.8125869269714837	-0.9995	6.659895289177907	-227.75799183226107
0.30068095133108896	0.8031022375892629	-0.9995	6.67698572473364	-3531.4984976436035
0.29997522945267957	0.802113902400165	-0.9995	6.679301130410128	-4430.189575475816
0.30139159110224784	0.8016634702519757	-0.9995	6.669621569330923	-3893.574079411809
0.3135210318445983	0.8043114563606734	-0.9995	5.7652126875969945	-2.9688219400790157
0.3030798864825484	0.8086512591455983	-0.9995	6.631875694583277	-695.0513760290638
0.3177975399730174	0.7983018243561649	-0.9995	5.0955420528544355	-69.32617857856617
0.30302427807721627	0.8050547899052326	-0.9995	6.633572908868544	-1711.7695048127273
0.3077622444380623	0.8091700294647208	-0.9995	6.378042004729052	-22.49349201497958
0.30836017321665793	0.8015782511952846	-0.9995	6.329841717247575	-1112.7219759606676
0.3066005616858873	0.8104839329785782	-0.9995	6.461467125464184	-18.269666596304674
0.3005701866867393	0.8069439502926029	-0.9995	6.677678634021525	-1936.5976541297696
0.30131162649702026	0.8039930437917828	-0.9995	6.670702377971772	-2813.080995862666
0.32099284402753686	0.7948398726046624	-0.9995	4.475806696487748	-99.11486765168777
0.2992087370512875	0.808116793723315	-0.9995	6.676173713040173	-2032.382397186029
0.30756970146856627	0.8088880836646006	-0.9995	6.392802296694127	-43.98470921951929
0.3018580097872577	0.8080459191619571	-0.9995	6.662043196462474	-1156.7415055508386
0.30072724071641355	0.8118151393859706	-0.9995	6.676659803012152	-550.7775350109546
0.3039699364202744	0.8150542342526823	-0.9995	6.600502222405092	-12.930842139198168
0.3033510513833167	0.811412475083331	-0.9995	6.623156471442055	-196.23143606047742
0.2955335818720848	0.8230728477187115	-0.9995	6.579559743843351	-2.50568241582128
0.2996759751119226	0.8202836645116953	-0.9995	6.6787792376697315	-36.32193923671839
0.29927416258063283	0.8099665210734125	-0.9995	6.676669998513432	-1387.1092246487271
0.30737352943371515	0.8032643141340965	-0.9995	6.4074595167608805	-928.6341097236303
0.30434564036647843	0.8060324509805094	-0.9995	6.584881247336366	-1008.6296800809555
0.301308874358991	0.8050379484075618	-0.9995	6.670738437872078	-2373.8410861997795
0.3046554677557997	0.8137498402601959	-0.9995	6.570937298183745	-2.7864312381097616
0.3020843700060705	0.8067798558812339	-0.9995	6.657581206699167	-1462.773674647967
0.3090877585418253	0.8014137732380966	-0.9995	6.2663674217376055	-961.4772921118226
0.3088394235647751	0.8013984811075998	-0.9995	6.288627153522691	-1030.8394619540504
0.31437569929157216	0.8018747450347341	-0.9995	5.646000547701656	-54.29309629798478
0.30127563099368704	0.8059990944447315	-0.9995	6.671168026149925	-2015.5243553997868
0.3019702238011095	0.8125869269714837	-0.9995	6.659895289177907	-227.75799183226107
0.30068095133108896	0.8031022375892629	-0.9995	6.67698572473364	-3531.4984976436035
0.3050479743326111	0.8010288747682239	-0.9995	6.551893973996696	-2455.9522130840514
0.30139159110224784	0.8016634702519757	-0.9995	6.669621569330923	-3893.574079411809
0.3135210318445983	0.8043114563606734	-0.9995	5.7652126875969945	-2.9688219400790157
0.3047828713367327	0.8125904651138098	-0.9995	6.564924907191502	-11.720575097696079
0.3177975399730174	0.7983018243561649	-0.9995	5.0955420528544355	-69.32617857856617
0.30248953147289215	0.8064262549676882	-0.9995	6.648315363537597	-1442.7071688985711
0.3077622444380623	0.8091700294647208	-0.9995	6.378042004729052	-22.49349201497958
0.30712242843476856	0.8037106516434551	-0.9995	6.4256592642682	-880.6150469530207
0.3066005616858873	0.8104839329785782	-0.9995	6.461467125464184	-18.269666596304674
0.3001770202923616	0.8128091476231389	-0.9995	6.6791475173906605	-474.87517525433736
0.30131162649702026	0.8039930437917828	-0.9995	6.670702377971772	-2813.080995862666
0.32099284402753686	0.7948398726046624	-0.9995	4.475806696487748	-99.11486765168777
0.2992087370512875	0.808116793723315	-0.9995	6.676173713040173	-2032.382397186029
0.30756970146856627	0.8088880836646006	-0.9995	6.392802296694127	-43.98470921951929
0.3018580097872577	0.8080459191619571	-0.9995	6.662043196462474	-1156.7415055508386
0.30072724071641355	0.8118151393859706	-0.9995	6.676659803012152	-550.7775350109546
0.3050861744062118	0.8133222618309938	-0.9995	6.5499583478581815	-2.994709372936496
0.3046417781011405	0.8112143931179336	-0.9995	6.571573678609061	-88.42424976432689
0.2955335818720848	0.8230728477187115	-0.9995	6.579559743843351	-2.50568241582128
0.2996759751119226	0.8202836645116953	-0.9995	6.6787792376697315	-36.32193923671839
0.30972317938900834	0.8026889796402106	-0.9995	6.206603111156015	-531.9598117904582
0.30737352943371515	0.8032643141340965	-0.9995	6.4074595167608805	-928.6341097236303
0.30745530452636877	0.8047706779771003	-0.9995	6.401396370405726	-571.3596390942984
0.301308874358991	0.8050379484075618	-0.9995	6.670738437872078	-2373.8410861997795
0.3046554677557997	0.8137498402601959	-0.9995	6.570937298183745	-2.7864312381097616
0.30399956185926497	0.8075159391431094	-0.9995	6.599321722979765	-735.8420881629036
0.3090877585418253	0.8014137732380966	-0.9995	6.2663674217376055	-961.4772921118226
0.3083591268301332	0.802388336833724	-0.9995	6.329929191498934	-899.4388150015186
0.31437569929157216	0.8018747450347341	-0.9995	5.646000547701656	-54.29309629798478
0.30294993412799615	0.80514563127839	-0.9995	6.635793641512617	-1706.7264266756126
0.30199428760285496	0.8130412046114966	-0.9995	6.659418283095695	-173.27714062661852
0.3009916092029255	0.8033631584519256	-0.9995	6.6743877542535675	-3250.9329748364767
0.3050106907154619	0.8022372203990776	-0.9995	6.55376909108012	-1995.5284642335669
0.3037679734287591	0.807000117273117	-0.9995	6.608316079511026	-913.1367634155017
0.3135210318445983	0.8043114563606734	-0.9995	5.7652126875969945	-2.9688219400790157
0.30622679951977966	0.8125219084376781	-0.9995	6.485439037012558	-8.856566089165707
0.3177975399730174	0.7983018243561649	-0.9995	5.0955420528544355	-69.32617857856617
0.3026223214143165	0.8063103637775272	-0.9995	6.644921350310286	-1436.171994333138
0.3077622444380623	0.8091700294647208	-0.9995	6.378042004729052	-22.49349201497958
0.3078363061723048	0.8037780792290075	-0.9995	6.372265726179689	-697.5284461678557
0.30546520295000373	0.8117754266440567	-0.9995	6.529961981886551	-14.6125853275121
0.3001770202923616	0.8128091476231389	-0.9995	6.6791475173906605	-474.87517525433736
0.30131162649702026	0.8039930437917828	-0.9995	6.670702377971772	-2813.080995862666
0.3215800208543842	0.7945156378800498	-0.9995	4.350817697931914	-80.01093471528134
0.2992087370512875	0.808116793723315	-0.9995	6.676173713040173	-2032.382397186029
0.3075851086483295	0.8093297695968958	-0.9995	6.391634832275384	-23.289809812652592
0.3018580097872577	0.8080459191619571	-0.9995	6.662043196462474	-1156.7415055508386
0.30072724071641355	0.8118151393859706	-0.9995	6.676659803012152	-550.7775350109546
0.3050861744062118	0.8133222618309938	-0.9995	6.5499583478581815	-2.994709372936496
0.3058723665873377	0.8103652670523681	-0.9995	6.506880751629799	-59.31302946917203
0.29586245861190374	0.8226978098656911	-0.9995	6.593707954619152	-2.59710469272353
0.2996759751119226	0.8202836645116953	-0.9995	6.6787792376697315	-36.32193923671839
0.30972317938900834	0.8026889796402106	-0.9995	6.206603111156015	-531.9598117904582
0.3052199520670186	0.8071784884194034	-0.9995	6.5430647004003415	-546.2874470707421
0.30745530452636877	0.8047706779771003	-0.9995	6.401396370405726	-571.3596390942984
0.301308874358991	0.8050379484075618	-0.9995	6.670738437872078	-2373.8410861997795
0.3046554677557997	0.8137498402601959	-0.9995	6.570937298183745	-2.7864312381097616
0.30399956185926497	0.8075159391431094	-0.9995	6.599321722979765	-735.8420881629036
0.3090877585418253	0.8014137732380966	-0.9995	6.2663674217376055	-961.4772921118226
0.3083591268301332	0.802388336833724	-0.9995	6.329929191498934	-899.4388150015186
0.31437569929157216	0.8018747450347341	-0.9995	5.646000547701656	-54.29309629798478
0.30294993412799615	0.80514563127839	-0.9995	6.635793641512617	-1706.7264266756126
0.30199428760285496	0.8130412046114966	-0.9995	6.659418283095695	-173.27714062661852
0.30455459782202315	0.8025052645272498	-0.9995	6.575582391708309	-2068.32668536982
0.3050106907154619	0.8022372203990776	-0.9995	6.55376909108012	-1995.5284642335669
0.30452439086499894	0.8069905437303031	-0.9995	6.576953634813769	-732.7011538145986
0.3135210318445983	0.8043114563606734	-0.9995	5.7652126875969945	-2.9688219400790157
0.30622679951977966	0.8125219084376781	-0.9995	6.485439037012558	-8.856566089165707
0.32679974960916336	0.7927986267628889	-0.9995	3.088171302740939	-29.86893045210325
0.3026223214143165	0.8063103637775272	-0.9995	6.644921350310286	-1436.171994333138
0.31043420919786335	0.8069157465401249	-0.9995	6.134940590386318	-9.107882526094986
0.3078363061723048	0.8037780792290075	-0.9995	6.372265726179689	-697.5284461678557
0.30546520295000373	0.8117754266440567	-0.9995	6.529961981886551	-14.6125853275121
0.29834877984900965	0.8153407768151069	-0.9995	6.665671558375017	-379.759515194898
0.30131162649702026	0.8039930437917828	-0.9995	6.670702377971772	-2813.080995862666
0.3215800208543842	0.7945156378800498	-0.9995	4.350817697931914	-80.01093471528134
0.2992087370512875	0.808116793723315	-0.9995	6.676173713040173	-2032.382397186029
0.3075851086483295	0.8093297695968958	-0.9995	6.391634832275384	-23.289809812652592
0.3046522577803293	0.8056142311978668	-0.9995	6.571086686037027	-1036.1520072557707
0.30072724071641355	0.8118151393859706	-0.9995	6.676659803012152	-550.7775350109546
0.3050861744062118	0.8133222618309938	-0.9995	6.5499583478581815	-2.994709372936496
0.3058723665873377	0.8103652670523681	-0.9995	6.506880751629799	-59.31302946917203
0.29586245861190374	0.8226978098656911	-0.9995	6.593707954619152	-2.59710469272353
0.2996759751119226	0.8202836645116953	-0.9995	6.6787792376697315	-36.32193923671839
0.30972317938900834	0.8026889796402106	-0.9995	6.206603111156015	-531.9598117904582
0.3150377060897456	0.8006363536125877	-0.9995	5.548641176102343	-95.48533099782688
0.3069521292896655	0.8053126733050294	-0.9995	6.437643690009075	-565.1560615618039
0.301308874358991	0.8050379484075618	-0.9995	6.670738437872078	-2373.8410861997795
0.3046554677557997	0.8137498402601959	-0.9995	6.570937298183745	-2.7864312381097616
0.30893788067992145	0.8038641782636354	-0.9995	6.2798756430676335	-460.66534801620935
0.3090877585418253	0.8014137732380966	-0.9995	6.2663674217376055	-961.4772921118226
0.3083591268301332	0.802388336833724	-0.9995	6.329929191498934	-899.4388150015186
0.3169658045766129	0.8003743482419642	-0.9995	5.240111573651104	-11.198521853372783
0.30294993412799615	0.80514563127839	-0.9995	6.635793641512617	-1706.7264266756126
0.30199428760285496	0.8130412046114966	-0.9995	6.659418283095695	-173.27714062661852
0.30455459782202315	0.8025052645272498	-0.9995	6.575582391708309	-2068.32668536982
0.3050106907154619	0.8022372203990776	-0.9995	6.55376909108012	-1995.5284642335669
0.3071177243860182	0.8050937160239588	-0.9995	6.425994196133608	-575.1097487721872
0.3135210318445983	0.8043114563606734	-0.9995	5.7652126875969945	-2.9688219400790157
0.30622679951977966	0.8125219084376781	-0.9995	6.485439037012558	-8.856566089165707
0.32679974960916336	0.7927986267628889	-0.9995	3.088171302740939	-29.86893045210325
0.3026223214143165	0.8063103637775272	-0.9995	6.644921350310286	-1436.171994333138
0.31043420919786335	0.8069157465401249	-0.9995	6.134940590386318	-9.107882526094986
0.30909357802741355	0.8042657136957179	-0.9995	6.265838391606906	-367.0331708123039
0.30546520295000373	0.8117754266440567	-0.9995	6.529961981886551	-14.6125853275121
0.29834877984900965	0.8153407768151069	-0.9995	6.665671558375017	-379.759515194898
0.3010213903472132	0.807877900309549	-0.9995	6.674088007103299	-1463.1974936292659
0.3215800208543842	0.7945156378800498	-0.9995	4.350817697931914	-80.01093471528134
0.2992087370512875	0.808116793723315	-0.9995	6.676173713040173	-2032.382397186029
0.3075851086483295	0.8093297695968958	-0.9995	6.391634832275384	-23.289809812652592
0.3046522577803293	0.8056142311978668	-0.9995	6.571086686037027	-1036.1520072557707
0.30072724071641355	0.8118151393859706	-0.9995	6.676659803012152	-550.7775350109546
0.30520365589591464	0.8131936556045409	-0.9995	6.543914024894763	-2.9478971164769643
0.30574748235701976	0.8105449784015586	-0.9995	6.514136431088932	-56.23615316552829
0.2853815051239481	0.8347563294301733	-0.9995	5.6108022361044245	-2.772502359842841
0.2993714932982952	0.820476416622704	-0.9995	6.677329094939761	-30.317200420565076
0.31158990829428507	0.8027553317538911	-0.9995	6.00767432696051	-227.28559737854772
0.3150377060897456	0.8006363536125877	-0.9995	5.548641176102343	-95.48533099782688
0.3069521292896655	0.8053126733050294	-0.9995	6.437643690009075	-565.1560615618039
0.3023264147664056	0.8065864127475311	-0.9995	6.65224316998345	-1445.150139403502
0.3046554677557997	0.8137498402601959	-0.9995	6.570937298183745	-2.7864312381097616
0.30893788067992145	0.8038641782636354	-0.9995	6.2798756430676335	-460.66534801620935
0.31477401126901455	0.7975555906690045	-0.9995	5.587947153425354	-561.070925108218
0.3083591268301332	0.802388336833724	-0.9995	6.329929191498934	-899.4388150015186
0.3169658045766129	0.8003743482419642	-0.9995	5.240111573651104	-11.198521853372783
0.3065870149620138	0.8041394115350443	-0.9995	6.462360367761232	-908.7553269931811
0.3046991706769675	0.8112455832403228	-0.9995	6.5688931730538425	-81.70196534572544
0.3027518172462229	0.8087559669342956	-0.9995	6.64144170752715	-746.5636590746884
0.3050106907154619	0.8022372203990776	-0.9995	6.55376909108012	-1995.5284642335669
0.3071177243860182	0.8050937160239588	-0.9995	6.425994196133608	-575.1097487721872
0.30935535673355036	0.8086488155668505	-0.9995	6.241690700250269	-2.1399603883451217
0.30622679951977966	0.8125219084376781	-0.9995	6.485439037012558	-8.856566089165707
0.32679974960916336	0.7927986267628889	-0.9995	3.088171302740939	-29.86893045210325
0.30192819102833673	0.8076772670842964	-0.9995	6.660714595101409	-1240.7279945179005
0.31080285485724896	0.8076444503975715	-0.9995	6.095795832976261	-5.860041006997665
0.30909357802741355	0.8042657136957179	-0.9995	6.265838391606906	-367.0331708123039
0.30546520295000373	0.8117754266440567	-0.9995	6.529961981886551	-14.6125853275121
0.29132851810460286	0.8235236260561324	-0.9995	6.303331206999198	-299.1746581313392
0.3010213903472132	0.807877900309549	-0.9995	6.674088007103299	-1463.1974936292659
0.3215800208543842	0.7945156378800498	-0.9995	4.350817697931914	-80.01093471528134
0.299662608270813	0.8079184062969873	-0.9995	6.678735032415581	-1932.1756210627793
0.3075851086483295	0.8093297695968958	-0.9995	6.391634832275384	-23.289809812652592
0.3046522577803293	0.8056142311978668	-0.9995	6.571086686037027	-1036.1520072557707
0.30072724071641355	0.8118151393859706	-0.9995	6.676659803012152	-550.7775350109546
0.30520365589591464	0.8131936556045409	-0.9995	6.543914024894763	-2.9478971164769643
0.30574748235701976	0.8105449784015586	-0.9995	6.514136431088932	-56.23615316552829
0.2853815051239481	0.8347563294301733	-0.9995	5.6108022361044245	-2.772502359842841
0.29956419081751956	0.820279725693559	-0.9995	6.6783545500925285	-30.79079834005325
0.31750011892202695	0.7998906482409702	-0.9995	5.148033386884769	-10.423802399219433
0.3150674805353958	0.8006323076238994	-0.9995	5.544159349887543	-93.48924576780303
0.3069521292896655	0.8053126733050294	-0.9995	6.437643690009075	-565.1560615618039
0.3023264147664056	0.8065864127475311	-0.9995	6.65224316998345	-1445.150139403502
0.3046554677557997	0.8137498402601959	-0.9995	6.570937298183745	-2.7864312381097616
0.30893788067992145	0.8038641782636354	-0.9995	6.2798756430676335	-460.66534801620935
0.31477401126901455	0.7975555906690045	-0.9995	5.587947153425354	-561.070925108218
0.3083591268301332	0.802388336833724	-0.9995	6.329929191498934	-899.4388150015186
0.32521832667577566	0.7924959548686048	-0.9995	3.4994841966795063	-11.97496725581416
0.30653138611511793	0.8045638552033173	-0.9995	6.466009175386423	-819.3489784915186
0.3053681426598124	0.8121008381367743	-0.9995	6.535219420229712	-8.94499209847518
0.3027518172462229	0.8087559669342956	-0.9995	6.64144170752715	-746.5636590746884
0.3050106907154619	0.8022372203990776	-0.9995	6.55376909108012	-1995.5284642335669
0.31154644267448467	0.8034009127701464	-0.9995	6.012702506134396	-158.61745487516177
0.30935535673355036	0.8086488155668505	-0.9995	6.241690700250269	-2.1399603883451217
0.30622679951977966	0.8125219084376781	-0.9995	6.485439037012558	-8.856566089165707
0.32579503293376266	0.7934694799236319	-0.9995	3.3523855780406953	-19.420712533111953
0.30225236833613883	0.8083990825142348	-0.9995	6.653938382701995	-954.4456623421739
0.31080285485724896	0.8076444503975715	-0.9995	6.095795832976261	-5.860041006997665
0.30909357802741355	0.8042657136957179	-0.9995	6.265838391606906	-367.0331708123039
0.3060191320702701	0.8113302203566505	-0.9995	6.49815444391343	-11.179392183906108
0.291933278606055	0.8230770373471157	-0.9995	6.353944228072551	-269.6453558718367
0.3010213903472132	0.807877900309549	-0.9995	6.674088007103299	-1463.1974936292659
0.3322962339521363	0.7868036272918407	-0.9995	1.4640705608545859	-7.952223268824904
0.299662608270813	0.8079184062969873	-0.9995	6.678735032415581	-1932.1756210627793
0.3075851086483295	0.8093297695968958	-0.9995	6.391634832275384	-23.289809812652592
0.3046522577803293	0.8056142311978668	-0.9995	6.571086686037027	-1036.1520072557707
0.30148155077380334	0.8145760405515609	-0.9995	6.668329234833413	-84.3898772563389
0.3052600000926515	0.8130649041271646	-0.9995	6.5409661934367325	-2.435674910188565
0.30574748235701976	0.8105449784015586	-0.9995	6.514136431088932	-56.23615316552829
0.28845806848413724	0.8312331885907677	-0.9995	6.013223282725871	-2.385291070012986
0.29956419081751956	0.820279725693559	-0.9995	6.6783545500925285	-30.79079834005325
0.31750011892202695	0.7998906482409702	-0.9995	5.148033386884769	-10.423802399219433
0.3255763161889786	0.7942632833335275	-0.9995	3.4085644493171565	-44.510004780226055
0.3069521292896655	0.8053126733050294	-0.9995	6.437643690009075	-565.1560615618039
0.30019224131755373	0.8099726719701976	-0.9995	6.6791194146893265	-1103.6822168686965
0.3046554677557997	0.8137498402601959	-0.9995	6.570937298183745	-2.7864312381097616
0.3099131078422355	0.8031430226377487	-0.9995	6.187955662851241	-415.9699876231504
0.31477401126901455	0.7975555906690045	-0.9995	5.587947153425354	-561.070925108218
0.3083591268301332	0.802388336833724	-0.9995	6.329929191498934	-899.4388150015186
0.32521832667577566	0.7924959548686048	-0.9995	3.4994841966795063	-11.97496725581416
0.30542718063000784	0.8061401617397115	-0.9995	6.532032750356537	-716.2817937808153
0.3053681426598124	0.8121008381367743	-0.9995	6.535219420229712	-8.94499209847518
0.29682410058346304	0.8176287368027756	-0.9995	6.628872512790402	-284.7273188615711
0.3050106907154619	0.8022372203990776	-0.9995	6.55376909108012	-1995.5284642335669
0.31154644267448467	0.8034009127701464	-0.9995	6.012702506134396	-158.61745487516177
0.30935535673355036	0.8086488155668505	-0.9995	6.241690700250269	-2.1399603883451217
0.30622679951977966	0.8125219084376781	-0.9995	6.485439037012558	-8.856566089165707
0.32579503293376266	0.7934694799236319	-0.9995	3.3523855780406953	-19.420712533111953
0.3032083420595484	0.8078197014994335	-0.9995	6.627836904454863	-853.9201049516314
0.3114968530783709	0.8065033386146269	-0.9995	6.018416044781969	-2.3706633322731996
0.30909357802741355	0.8042657136957179	-0.9995	6.265838391606906	-367.0331708123039
0.3060191320702701	0.8113302203566505	-0.9995	6.49815444391343	-11.179392183906108
0.291933278606055	0.8230770373471157	-0.9995	6.353944228072551	-269.6453558718367
0.3010213903472132	0.807877900309549	-0.9995	6.674088007103299	-1463.1974936292659
0.3322962339521363	0.7868036272918407	-0.9995	1.4640705608545859	-7.952223268824904
0.299662608270813	0.8079184062969873	-0.9995	6.678735032415581	-1932.1756210627793
0.3069594721049304	0.8108000672400614	-0.9995	6.437132938413676	-3.52487193921322
0.3046522577803293	0.8056142311978668	-0.9995	6.571086686037027	-1036.1520072557707
0.30225830821895583	0.814020410836676	-0.9995	6.653804418251182	-66.29831140060696
0.3052600000926515	0.8130649041271646	-0.9995	6.5409661934367325	-2.435674910188565
0.30574748235701976	0.8105449784015586	-0.9995	6.514136431088932	-56.23615316552829
0.28845806848413724	0.8312331885907677	-0.9995	6.013223282725871	-2.385291070012986
0.2970920363374137	0.8211859589648844	-0.9995	6.6370229349955885	-4.2399327232018145
0.31750011892202695	0.7998906482409702	-0.9995	5.148033386884769	-10.423802399219433
0.3255763161889786	0.7942632833335275	-0.9995	3.4085644493171565	-44.510004780226055
0.30958859275768663	0.8041723217653273	-0.9995	6.219598642946396	-305.89105482453
0.30019224131755373	0.8099726719701976	-0.9995	6.6791194146893265	-1103.6822168686965
0.3046554677557997	0.8137498402601959	-0.9995	6.570937298183745	-2.7864312381097616
0.3144354685269077	0.8010187088283083	-0.9995	5.637390440353487	-113.01327834462252
0.31477401126901455	0.7975555906690045	-0.9995	5.587947153425354	-561.070925108218
0.31103659235189374	0.8003852508725083	-0.9995	6.070272344600802	-740.223206807423
0.32521832667577566	0.7924959548686048	-0.9995	3.4994841966795063	-11.97496725581416
0.3093903683408969	0.8025001828115927	-0.9995	6.238409110421605	-636.5766703997904
0.3053681426598124	0.8121008381367743	-0.9995	6.535219420229712	-8.94499209847518
0.29778705151238094	0.8185603748135253	-0.9995	6.654818493265923	-82.63787345276374
0.3050106907154619	0.8022372203990776	-0.9995	6.55376909108012	-1995.5284642335669
0.31154644267448467	0.8034009127701464	-0.9995	6.012702506134396	-158.61745487516177
0.30935535673355036	0.8086488155668505	-0.9995	6.241690700250269	-2.1399603883451217
0.30622679951977966	0.8125219084376781	-0.9995	6.485439037012558	-8.856566089165707
0.32579503293376266	0.7934694799236319	-0.9995	3.3523855780406953	-19.420712533111953
0.305279936836585	0.8080991197963985	-0.9995	6.539915533318563	-374.64666680102107
0.3013147542136022	0.8168975987592316	-0.9995	6.6706613050992765	-1.9715054286424838
0.3084209547076954	0.8056090335844626	-0.9995	6.32474180736491	-269.85494672081524
0.3055443530724635	0.812365892061265	-0.9995	6.525604943349521	-2.584697661385377
0.291933278606055	0.8230770373471157	-0.9995	6.353944228072551	-269.6453558718367
0.30265246530524714	0.8105133901827007	-0.9995	6.6441263373325	-423.96044462515613
0.3322962339521363	0.7868036272918407	-0.9995	1.4640705608545859	-7.952223268824904
0.2939352390208409	0.8195368446254886	-0.9995	6.495397569638547	-470.8671657945692
0.3069594721049304	0.8108000672400614	-0.9995	6.437132938413676	-3.52487193921322
0.3043143188157722	0.8087981560573908	-0.9995	6.586237464089569	-422.7472354583548
0.30225830821895583	0.814020410836676	-0.9995	6.653804418251182	-66.29831140060696
0.3052600000926515	0.8130649041271646	-0.9995	6.5409661934367325	-2.435674910188565
0.30574748235701976	0.8105449784015586	-0.9995	6.514136431088932	-56.23615316552829
0.28758444834103963	0.8324199444624426	-0.9995	5.908574583328633	-3.1833281197181655
0.299557062488339	0.8188479551550286	-0.9995	6.678323230114017	-1.7943595067000047
0.31046890166684243	0.8075361579169855	-0.9995	6.131314687760117	-2.2544944804594493
0.3240517090362921	0.7949052209386035	-0.9995	3.7868806604779217	-12.961643692430213
0.30958859275768663	0.8041723217653273	-0.9995	6.219598642946396	-305.89105482453
0.30019224131755373	0.8099726719701976	-0.9995	6.6791194146893265	-1103.6822168686965
0.3046554677557997	0.8137498402601959	-0.9995	6.570937298183745	-2.7864312381097616
0.3144354685269077	0.8010187088283083	-0.9995	5.637390440353487	-113.01327834462252
0.31477401126901455	0.7975555906690045	-0.9995	5.587947153425354	-561.070925108218
0.31103659235189374	0.8003852508725083	-0.9995	6.070272344600802	-740.223206807423
0.32521832667577566	0.7924959548686048	-0.9995	3.4994841966795063	-11.97496725581416
0.31158054061207396	0.8026316840391963	-0.9995	6.008759593970726	-244.15004716216808
0.30588628870694445	0.8115890951342046	-0.9995	6.50606222460269	-8.420413732433328
0.29778705151238094	0.8185603748135253	-0.9995	6.654818493265923	-82.63787345276374
0.3065161176078591	0.8016021657912068	-0.9995	6.467005254912944	-1679.6116765940303
0.3066053688799856	0.809918714959708	-0.9995	6.46114970810679	-41.85979498855802
0.30935535673355036	0.8086488155668505	-0.9995	6.241690700250269	-2.1399603883451217
0.30622679951977966	0.8125219084376781	-0.9995	6.485439037012558	-8.856566089165707
0.325822567536163	0.7934578646295126	-0.9995	3.345279227511698	-19.896931130869575
0.305279936836585	0.8080991197963985	-0.9995	6.539915533318563	-374.64666680102107
0.3013147542136022	0.8168975987592316	-0.9995	6.6706613050992765	-1.9715054286424838
0.30840236951284505	0.8056750462566501	-0.9995	6.326305131158259	-263.53418107823427
0.3055443530724635	0.812365892061265	-0.9995	6.525604943349521	-2.584697661385377
0.291933278606055	0.8230770373471157	-0.9995	6.353944228072551	-269.6453558718367
0.30270322990671106	0.8105245474369586	-0.9995	6.642766938667513	-413.3246415321419
0.3322962339521363	0.7868036272918407	-0.9995	1.4640705608545859	-7.952223268824904
0.2939352390208409	0.8195368446254886	-0.9995	6.495397569638547	-470.8671657945692
0.3069594721049304	0.8108000672400614	-0.9995	6.437132938413676	-3.52487193921322
0.3043143188157722	0.8087981560573908	-0.9995	6.586237464089569	-422.7472354583548
0.30225830821895583	0.814020410836676	-0.9995	6.653804418251182	-66.29831140060696
0.3052600000926515	0.8130649041271646	-0.9995	6.5409661934367325	-2.435674910188565
0.30491944284884426	0.8116555965717606	-0.9995	6.558299608594975	-42.151633649998104
0.28666661219984013	0.8334448014617731	-0.9995	5.790408047162941	-3.1104424351220814
0.299557062488339	0.8188479551550286	-0.9995	6.678323230114017	-1.7943595067000047
0.3080751570950851	0.8100176418164851	-0.9995	6.353263387758684	-2.0806578823137762
0.3240517090362921	0.7949052209386035	-0.9995	3.7868806604779217	-12.961643692430213
0.30920932950447305	0.8049028722927066	-0.9995	6.255245448700409	-257.7511378883801
0.2971845354278976	0.8138686597340705	-0.9995	6.639669994526381	-922.5859894056983
0.30762287151176954	0.8107826055086073	-0.9995	6.388763347885462	-4.08409749505773
0.3144354685269077	0.8010187088283083	-0.9995	5.637390440353487	-113.01327834462252
0.31477401126901455	0.7975555906690045	-0.9995	5.587947153425354	-561.070925108218
0.31103659235189374	0.8003852508725083	-0.9995	6.070272344600802	-740.223206807423
0.32521832667577566	0.7924959548686048	-0.9995	3.4994841966795063	-11.97496725581416
0.30773947578645244	0.8073242121875726	-0.9995	6.37980677106478	-149.97181380621097
0.30588628870694445	0.8115890951342046	-0.9995	6.50606222460269	-8.420413732433328
0.3003630335741637	0.8160665990162772	-0.9995	6.67864523143035	-63.62420152812737
0.30650382705655443	0.8017970518424621	-0.9995	6.467805366402352	-1617.8030502242987
0.3066053688799856	0.809918714959708	-0.9995	6.46114970810679	-41.85979498855802
0.3097785676372655	0.8082688168165506	-0.9995	6.201202273127315	-2.218711473289254
0.3069808487725631	0.8106191991344414	-0.9995	6.435642950383221	-5.563487946840729
0.32438515064434364	0.794560094407676	-0.9995	3.706126338573531	-12.34544051554577
0.305279936836585	0.8080991197963985	-0.9995	6.539915533318563	-374.64666680102107
0.3013147542136022	0.8168975987592316	-0.9995	6.6706613050992765	-1.9715054286424838
0.30840236951284505	0.8056750462566501	-0.9995	6.326305131158259	-263.53418107823427
0.3043324499396556	0.8136643578797731	-0.9995	6.5854535859120915	-2.3079176980959346
0.2962330861321754	0.8187917487729186	-0.9995	6.608355997872154	-218.70004490129966
0.30270322990671106	0.8105245474369586	-0.9995	6.642766938667513	-413.3246415321419
0.3322962339521363	0.7868036272918407	-0.9995	1.4640705608545859	-7.952223268824904
0.2939352390208409	0.8195368446254886	-0.9995	6.495397569638547	-470.8671657945692
0.30680524998546527	0.8111564046774765	-0.9995	6.447747061486824	-2.1437106854361456
0.3043143188157722	0.8087981560573908	-0.9995	6.586237464089569	-422.7472354583548
0.29999537784565394	0.8184549297798801	-0.9995	6.679304091488646	-1.7092496769077314
0.3052600000926515	0.8130649041271646	-0.9995	6.5409661934367325	-2.435674910188565
0.30491944284884426	0.8116555965717606	-0.9995	6.558299608594975	-42.151633649998104
0.28666661219984013	0.8334448014617731	-0.9995	5.790408047162941	-3.1104424351220814
0.299557062488339	0.8188479551550286	-0.9995	6.678323230114017	-1.7943595067000047
0.3080751570950851	0.8100176418164851	-0.9995	6.353263387758684	-2.0806578823137762
0.3240517090362921	0.7949052209386035	-0.9995	3.7868806604779217	-12.961643692430213
0.30920932950447305	0.8049028722927066	-0.9995	6.255245448700409	-257.7511378883801
0.2994865712357955	0.8130546399825767	-0.9995	6.677986152830638	-567.4031556692095
0.30862907665853756	0.8098107114826043	-0.9995	6.306999378415609	-4.952973424879049
0.3144354685269077	0.8010187088283083	-0.9995	5.637390440353487	-113.01327834462252
0.31477401126901455	0.7975555906690045	-0.9995	5.587947153425354	-561.070925108218
0.31103659235189374	0.8003852508725083	-0.9995	6.070272344600802	-740.223206807423
0.32521832667577566	0.7924959548686048	-0.9995	3.4994841966795063	-11.97496725581416
0.30896211022757714	0.8061728779680645	-0.9995	6.277707099653986	-141.0543857144935
0.308455099511328	0.8096723991626811	-0.9995	6.321860659577904	-2.227682005903663
0.2954222800413665	0.8217512136780227	-0.9995	6.574526598211843	-44.152137773576655
0.30650382705655443	0.8017970518424621	-0.9995	6.467805366402352	-1617.8030502242987
0.3066053688799856	0.809918714959708	-0.9995	6.46114970810679	-41.85979498855802
0.3097785676372655	0.8082688168165506	-0.9995	6.201202273127315	-2.218711473289254
0.3069808487725631	0.8106191991344414	-0.9995	6.435642950383221	-5.563487946840729
0.32438515064434364	0.794560094407676	-0.9995	3.706126338573531	-12.34544051554577
0.305279936836585	0.8080991197963985	-0.9995	6.539915533318563	-374.64666680102107
0.3013147542136022	0.8168975987592316	-0.9995	6.6706613050992765	-1.9715054286424838
0.30840236951284505	0.8056750462566501	-0.9995	6.326305131158259	-263.53418107823427
0.3043324499396556	0.8136643578797731	-0.9995	6.5854535859120915	-2.3079176980959346
0.2962330861321754	0.8187917487729186	-0.9995	6.608355997872154	-218.70004490129966
0.30270322990671106	0.8105245474369586	-0.9995	6.642766938667513	-413.3246415321419
0.3322962339521363	0.7868036272918407	-0.9995	1.4640705608545859	-7.952223268824904
0.2939352390208409	0.8195368446254886	-0.9995	6.495397569638547	-470.8671657945692
0.3076988717021218	0.810254235032927	-0.9995	6.382941070881541	-2.1436595954626245
0.3052697764736205	0.8099141820011577	-0.9995	6.540451477900577	-144.52142100439923
0.29999537784565394	0.8184549297798801	-0.9995	6.679304091488646	-1.7092496769077314
0.3052600000926515	0.8130649041271646	-0.9995	6.5409661934367325	-2.435674910188565
0.30491944284884426	0.8116555965717606	-0.9995	6.558299608594975	-42.151633649998104
0.28666661219984013	0.8334448014617731	-0.9995	5.790408047162941	-3.1104424351220814
0.299557062488339	0.8188479551550286	-0.9995	6.678323230114017	-1.7943595067000047
0.3080102144337829	0.8099730678959246	-0.9995	6.35848652193428	-2.0725213774096876
0.3240517090362921	0.7949052209386035	-0.9995	3.7868806604779217	-12.961643692430213
0.32094817266457776	0.7936559894614228	-0.9995	4.485174508385384	-227.8964217439368
0.2994865712357955	0.8130546399825767	-0.9995	6.677986152830638	-567.4031556692095
0.3088606003292573	0.8095282061662811	-0.9995	6.286753007336028	-4.382486878769033
0.3144354685269077	0.8010187088283083	-0.9995	5.637390440353487	-113.01327834462252
0.31477401126901455	0.7975555906690045	-0.9995	5.587947153425354	-561.070925108218
0.31103659235189374	0.8003852508725083	-0.9995	6.070272344600802	-740.223206807423
0.32521832667577566	0.7924959548686048	-0.9995	3.4994841966795063	-11.97496725581416
0.3122797822607095	0.804298910114423	-0.9995	5.925338936458019	-35.5859309607645
0.308455099511328	0.8096723991626811	-0.9995	6.321860659577904	-2.227682005903663
0.3092224519465066	0.8082015100662322	-0.9995	6.254036098782082	-7.839207157429199
0.30650382705655443	0.8017970518424621	-0.9995	6.467805366402352	-1617.8030502242987
0.3066251050144384	0.8114972786475196	-0.9995	6.459844116048515	-1.9496360161140558
0.3104725312340033	0.8075613271481622	-0.9995	6.130934646074325	-2.284012833888978
0.3167497224502437	0.8014290836674322	-0.9995	5.276538187509211	-3.561180656904546
0.32441627682809193	0.7944829813077412	-0.9995	3.698531327580102	-11.276385458375326
0.305279936836585	0.8080991197963985	-0.9995	6.539915533318563	-374.64666680102107
0.3013147542136022	0.8168975987592316	-0.9995	6.6706613050992765	-1.9715054286424838
0.30840236951284505	0.8056750462566501	-0.9995	6.326305131158259	-263.53418107823427
0.3040058767971305	0.8139825552367203	-0.9995	6.5990689537412575	-2.4393646576517174
0.2962330861321754	0.8187917487729186	-0.9995	6.608355997872154	-218.70004490129966
0.30482196189462296	0.8104099036012702	-0.9995	6.563047615744219	-141.36024818762388
0.3322962339521363	0.7868036272918407	-0.9995	1.4640705608545859	-7.952223268824904
0.2939352390208409	0.8195368446254886	-0.9995	6.495397569638547	-470.8671657945692
0.3076988717021218	0.810254235032927	-0.9995	6.382941070881541	-2.1436595954626245
0.3052697764736205	0.8099141820011577	-0.9995	6.540451477900577	-144.52142100439923
0.29999537784565394	0.8184549297798801	-0.9995	6.679304091488646	-1.7092496769077314
0.3052600000926515	0.8130649041271646	-0.9995	6.5409661934367325	-2.435674910188565
0.30895728157775115	0.8081651456899506	-0.9995	6.278139731994598	-15.369783543833764
0.28666661219984013	0.8334448014617731	-0.9995	5.790408047162941	-3.1104424351220814
0.299557062488339	0.8188479551550286	-0.9995	6.678323230114017	-1.7943595067000047
0.3080350944731713	0.8101081059376164	-0.9995	6.35649048234626	-2.2099226743419536
0.3195592610865262	0.7984900767131213	-0.9995	4.766480727055704	-3.645106816729868
0.32094817266457776	0.7936559894614228	-0.9995	4.485174508385384	-227.8964217439368
0.3011968107207916	0.8130576804886241	-0.9995	6.672142418803192	-271.118576531528
0.3140497970721227	0.8039362450602328	-0.9995	5.692320209471058	-2.6899392339312325
0.3144354685269077	0.8010187088283083	-0.9995	5.637390440353487	-113.01327834462252
0.31744715387603334	0.7958672334216771	-0.9995	5.157288306440272	-396.0241450136052
0.31103659235189374	0.8003852508725083	-0.9995	6.070272344600802	-740.223206807423
0.32521832667577566	0.7924959548686048	-0.9995	3.4994841966795063	-11.97496725581416
0.3122797822607095	0.804298910114423	-0.9995	5.925338936458019	-35.5859309607645
0.308455099511328	0.8096723991626811	-0.9995	6.321860659577904	-2.227682005903663
0.3102466898505848	0.8073215547067047	-0.9995	6.1543309338398124	-5.236114693432317
0.30650382705655443	0.8017970518424621	-0.9995	6.467805366402352	-1617.8030502242987
0.3064370493665295	0.8116904717416901	-0.9995	6.472126175574511	-1.9355056538064783
0.3129532132368883	0.8049962943839016	-0.9995	5.840375532508707	-2.5521029260746477
0.3167497224502437	0.8014290836674322	-0.9995	5.276538187509211	-3.561180656904546
0.32065209798749433	0.7969478765846008	-0.9995	4.54675844188486	-8.786239021758691
0.305279936836585	0.8080991197963985	-0.9995	6.539915533318563	-374.64666680102107
0.3013147542136022	0.8168975987592316	-0.9995	6.6706613050992765	-1.9715054286424838
0.30840236951284505	0.8056750462566501	-0.9995	6.326305131158259	-263.53418107823427
0.3040058767971305	0.8139825552367203	-0.9995	6.5990689537412575	-2.4393646576517174
0.2962330861321754	0.8187917487729186	-0.9995	6.608355997872154	-218.70004490129966
0.30480020443173256	0.8105196842645241	-0.9995	6.564094385378075	-133.10561105770617
0.3322962339521363	0.7868036272918407	-0.9995	1.4640705608545859	-7.952223268824904
0.29672990217649786	0.8176680206007034	-0.9995	6.625836499433833	-293.0618094872424
0.3075451565306012	0.8103205112644648	-0.9995	6.394657262953828	-2.5548790903958576
0.29999985530439366	0.8186220577050046	-0.9995	6.679304198205516	-2.2886695630549934
0.29923001994252757	0.8192455700698933	-0.9995	6.676339851865674	-1.719439929177856
0.3052600000926515	0.8130649041271646	-0.9995	6.5409661934367325	-2.435674910188565
0.30895728157775115	0.8081651456899506	-0.9995	6.278139731994598	-15.369783543833764
0.28666661219984013	0.8334448014617731	-0.9995	5.790408047162941	-3.1104424351220814
0.299557062488339	0.8188479551550286	-0.9995	6.678323230114017	-1.7943595067000047
0.3108798156318116	0.8070939058338481	-0.9995	6.087452257399137	-2.295948108311121
0.3195592610865262	0.7984900767131213	-0.9995	4.766480727055704	-3.645106816729868
0.32094817266457776	0.7936559894614228	-0.9995	4.485174508385384	-227.8964217439368
0.30568405243391633	0.8092695625622291	-0.9995	6.517761937952649	-166.4403444233769
0.3140497970721227	0.8039362450602328	-0.9995	5.692320209471058	-2.6899392339312325
0.3144354685269077	0.8010187088283083	-0.9995	5.637390440353487	-113.01327834462252
0.3117917158759094	0.8021449342371069	-0.9995	5.984081381819326	-281.24813451442947
0.31103659235189374	0.8003852508725083	-0.9995	6.070272344600802	-740.223206807423
0.32521832667577566	0.7924959548686048	-0.9995	3.4994841966795063	-11.97496725581416
0.3122797822607095	0.804298910114423	-0.9995	5.925338936458019	-35.5859309607645
0.308455099511328	0.8096723991626811	-0.9995	6.321860659577904	-2.227682005903663
0.3102466898505848	0.8073215547067047	-0.9995	6.1543309338398124	-5.236114693432317
0.3078177970388044	0.8013877952464195	-0.9995	6.373714445610505	-1326.3800013899013
0.3064370493665295	0.8116904717416901	-0.9995	6.472126175574511	-1.9355056538064783
0.3129532132368883	0.8049962943839016	-0.9995	5.840375532508707	-2.5521029260746477
0.3167497224502437	0.8014290836674322	-0.9995	5.276538187509211	-3.561180656904546
0.32065209798749433	0.7969478765846008	-0.9995	4.54675844188486	-8.786239021758691
0.305279936836585	0.8080991197963985	-0.9995	6.539915533318563	-374.64666680102107
0.30211768994783345	0.816087488772022	-0.9995	6.656881144734426	-1.8434482305326032
0.30840236951284505	0.8056750462566501	-0.9995	6.326305131158259	-263.53418107823427
0.3040058767971305	0.8139825552367203	-0.9995	6.5990689537412575	-2.4393646576517174
0.2875568657281336	0.8290463234011607	-0.9995	5.905146245771721	-151.92483765173546
0.3044695411319966	0.8119612107736702	-0.9995	6.579420208657153	-50.91131307957136
0.3300785408170726	0.7881249211827864	-0.9995	2.1557111098886828	-10.36664090012299
0.29672990217649786	0.8176680206007034	-0.9995	6.625836499433833	-293.0618094872424
0.3075451565306012	0.8103205112644648	-0.9995	6.394657262953828	-2.5548790903958576
0.2997477396998685	0.8188891935116243	-0.9995	6.678986022015087	-2.1545730291409573
0.29923001994252757	0.8192455700698933	-0.9995	6.676339851865674	-1.719439929177856
0.3052600000926515	0.8130649041271646	-0.9995	6.5409661934367325	-2.435674910188565
0.3079229957493884	0.8093424333066778	-0.9995	6.365434890086064	-11.95310989261209
0.28666661219984013	0.8334448014617731	-0.9995	5.790408047162941	-3.1104424351220814
0.29941068198237514	0.8190659529095689	-0.9995	6.677567719680713	-1.7077098943167464
0.30712784313341995	0.8110103996816429	-0.9995	6.425273459636989	-2.046200316167054
0.3195592610865262	0.7984900767131213	-0.9995	4.766480727055704	-3.645106816729868
0.32094817266457776	0.7936559894614228	-0.9995	4.485174508385384	-227.8964217439368
0.30568405243391633	0.8092695625622291	-0.9995	6.517761937952649	-166.4403444233769
0.31064745948137834	0.8074934240929031	-0.9995	6.1124622312722305	-2.6657269137563606
0.3177216431635099	0.8016311622866032	-0.9995	5.109021016236308	-33.24917717945957
0.3117917158759094	0.8021449342371069	-0.9995	5.984081381819326	-281.24813451442947
0.31103659235189374	0.8003852508725083	-0.9995	6.070272344600802	-740.223206807423
0.32216710653446357	0.7956577030221992	-0.9995	4.2224011377589115	-6.435960483442127
0.3122797822607095	0.804298910114423	-0.9995	5.925338936458019	-35.5859309607645
0.31713770174452355	0.8006621749713538	-0.9995	5.21080009288897	-4.049279596434932
0.3102466898505848	0.8073215547067047	-0.9995	6.1543309338398124	-5.236114693432317
0.3078177970388044	0.8013877952464195	-0.9995	6.373714445610505	-1326.3800013899013
0.300518286941774	0.8177709273898605	-0.9995	6.677961091540132	-1.8733859257480763
0.31409581720206836	0.8038714039381085	-0.9995	5.685843885339567	-2.6984200622665195
0.31588304844488335	0.8022338805792252	-0.9995	5.417948058797641	-3.196327158258633
0.3214114372729144	0.7961574997312396	-0.9995	4.387055967850461	-9.982501733200774
0.30649626607234287	0.807607275496026	-0.9995	6.468296833896833	-264.71395441833715
0.30211768994783345	0.816087488772022	-0.9995	6.656881144734426	-1.8434482305326032
0.3067129781342342	0.8078334244697524	-0.9995	6.453983821156667	-208.5949741376608
0.3019520997248231	0.8162458264202288	-0.9995	6.660250731631926	-1.8916951707752432
0.2846141114845224	0.8326384645773186	-0.9995	5.495676371256678	-133.10476096441332
0.30927220347980267	0.8078680708484177	-0.9995	6.249435411455876	-14.70578258329367
0.3300785408170726	0.7881249211827864	-0.9995	2.1557111098886828	-10.36664090012299
0.3013913624439019	0.8139116857686333	-0.9995	6.669624751058697	-149.23399400934827
0.3075451565306012	0.8103205112644648	-0.9995	6.394657262953828	-2.5548790903958576
0.2997477396998685	0.8188891935116243	-0.9995	6.678986022015087	-2.1545730291409573
0.29817221818142103	0.8203343816785679	-0.9995	6.66260026642856	-1.8236752053183611
0.3052600000926515	0.8130649041271646	-0.9995	6.5409661934367325	-2.435674910188565
0.30775758770292677	0.8097706100449319	-0.9995	6.378403363467196	-6.419211389779111
0.28666661219984013	0.8334448014617731	-0.9995	5.790408047162941	-3.1104424351220814
0.29941068198237514	0.8190659529095689	-0.9995	6.677567719680713	-1.7077098943167464
0.30712784313341995	0.8110103996816429	-0.9995	6.425273459636989	-2.046200316167054
0.31924943848906207	0.7987725204023743	-0.9995	4.826599787589277	-3.615802135649954
0.3192210049710259	0.7968316749663555	-0.9995	4.832069037829186	-76.17116809787915
0.30271546143293987	0.8138581180354838	-0.9995	6.64243554434128	-47.38580905535869
0.31064745948137834	0.8074934240929031	-0.9995	6.1124622312722305	-2.6657269137563606
0.3115958762139162	0.8073063963617699	-0.9995	6.006982472467859	-16.712915445935288
0.31159548906582923	0.8028023935323517	-0.9995	6.007027364931372	-220.78744868967746
0.31103659235189374	0.8003852508725083	-0.9995	6.070272344600802	-740.223206807423
0.3134541332948235	0.8046862967574588	-0.9995	5.774235684735805	-3.0664610002803503
0.3122797822607095	0.804298910114423	-0.9995	5.925338936458019	-35.5859309607645
0.31713770174452355	0.8006621749713538	-0.9995	5.21080009288897	-4.049279596434932
0.3102466898505848	0.8073215547067047	-0.9995	6.1543309338398124	-5.236114693432317
0.3078177970388044	0.8013877952464195	-0.9995	6.373714445610505	-1326.3800013899013
0.300518286941774	0.8177709273898605	-0.9995	6.677961091540132	-1.8733859257480763
0.31409581720206836	0.8038714039381085	-0.9995	5.685843885339567	-2.6984200622665195
0.31588304844488335	0.8022338805792252	-0.9995	5.417948058797641	-3.196327158258633
0.31462700288280837	0.8031656615343616	-0.9995	5.609558131641776	-3.401952806764214
0.30649626607234287	0.807607275496026	-0.9995	6.468296833896833	-264.71395441833715
0.30211768994783345	0.816087488772022	-0.9995	6.656881144734426	-1.8434482305326032
0.3067129781342342	0.8078334244697524	-0.9995	6.453983821156667	-208.5949741376608
0.3019520997248231	0.8162458264202288	-0.9995	6.660250731631926	-1.8916951707752432
0.28199111505860996	0.8358402859617889	-0.9995	5.057704514149078	-124.65604892533695
0.3051912392232556	0.8125800479650422	-0.9995	6.544559374944862	-4.00416106681377
0.3269963555451962	0.7908954824761263	-0.9995	3.035288134696974	-11.031640445706355
0.29339832460811727	0.8240510013796503	-0.9995	6.4613936084112495	-40.35568391654879
0.30614942612106905	0.8116741815295724	-0.9995	6.490226990217767	-3.124258623783984
0.2993177809604512	0.8193616807336662	-0.9995	6.676977084220585	-2.214999451099697
0.29817221818142103	0.8203343816785679	-0.9995	6.66260026642856	-1.8236752053183611
0.30485534175245993	0.8135890405494518	-0.9995	6.561432480644296	-3.2163343878278035
0.30775758770292677	0.8097706100449319	-0.9995	6.378403363467196	-6.419211389779111
0.28043324161053956	0.8404974477916689	-0.9995	4.7650140289526	-3.8332539658684714
0.3051074898687993	0.8135681386598013	-0.9995	6.54887193451076	-6.484672985874123
0.30719920752552404	0.8108699032993872	-0.9995	6.420161253332388	-1.9622211544520738
0.31924943848906207	0.7987725204023743	-0.9995	4.826599787589277	-3.615802135649954
0.3192210049710259	0.7968316749663555	-0.9995	4.832069037829186	-76.17116809787915
0.30271546143293987	0.8138581180354838	-0.9995	6.64243554434128	-47.38580905535869
0.3105928089462017	0.8075613855093776	-0.9995	6.1182661914565415	-2.727828811731115
0.3115958762139162	0.8073063963617699	-0.9995	6.006982472467859	-16.712915445935288
0.31159548906582923	0.8028023935323517	-0.9995	6.007027364931372	-220.78744868967746
0.31103659235189374	0.8003852508725083	-0.9995	6.070272344600802	-740.223206807423
0.31470351952112896	0.8033214022533416	-0.9995	5.598336766769096	-2.8102381422026905
0.3091687340425933	0.8076457165159988	-0.9995	6.25897577859115	-25.99507614516068
0.31713770174452355	0.8006621749713538	-0.9995	5.21080009288897	-4.049279596434932
0.3107197963640733	0.8067706911897876	-0.9995	6.104734027874201	-6.4010270516159835
0.308183874049669	0.8015326167064286	-0.9995	6.344425226005969	-1175.4752299316197
0.300518286941774	0.8177709273898605	-0.9995	6.677961091540132	-1.8733859257480763
0.31409581720206836	0.8038714039381085	-0.9995	5.685843885339567	-2.6984200622665195
0.31588304844488335	0.8022338805792252	-0.9995	5.417948058797641	-3.196327158258633
0.31336028217101425	0.8044287434313654	-0.9995	5.786818499864593	-3.1890684857950067
0.30685184158866996	0.8076032922945316	-0.9995	6.444565532529063	-219.10102583674222
0.2984321486488406	0.8202154213056206	-0.9995	6.6670134090135384	-1.813923058634014
0.30549337758314854	0.809657044940528	-0.9995	6.528418211955005	-147.06815982727392
0.30224123124300156	0.8159382864373677	-0.9995	6.654188610887168	-1.9024369341377039
0.28199111505860996	0.8358402859617889	-0.9995	5.057704514149078	-124.65604892533695
0.30461796611895725	0.8132076225951258	-0.9995	6.572676142931014	-3.6370919139384927
0.3269963555451962	0.7908954824761263	-0.9995	3.035288134696974	-11.031640445706355
0.2967016066673071	0.8208098465406294	-0.9995	6.624907205424435	-24.163370681383483
0.30515379782223834	0.8128527009397711	-0.9995	6.546496038347655	-2.115767198592252
0.300469236352498	0.8180901544036019	-0.9995	6.6782032845376715	-2.1240349935532823
0.2946845050562237	0.8240719249644285	-0.9995	6.538031765823643	-2.1748960077712134
0.30485534175245993	0.8135890405494518	-0.9995	6.561432480644296	-3.2163343878278035
0.3075859745164951	0.8099737475727556	-0.9995	6.391569151485633	-5.957333386933136
0.28043324161053956	0.8404974477916689	-0.9995	4.7650140289526	-3.8332539658684714
0.3051074898687993	0.8135681386598013	-0.9995	6.54887193451076	-6.484672985874123
0.30719920752552404	0.8108699032993872	-0.9995	6.420161253332388	-1.9622211544520738
0.31924943848906207	0.7987725204023743	-0.9995	4.826599787589277	-3.615802135649954
0.31922657975211827	0.797212204327026	-0.9995	4.830997353487377	-51.09053319127047
0.30240116285464647	0.8142019585096568	-0.9995	6.650476283037529	-46.6459412587644
0.3067063559525043	0.8115700587833261	-0.9995	6.454428147501751	-2.5704789273669277
0.3115958762139162	0.8073063963617699	-0.9995	6.006982472467859	-16.712915445935288
0.3080825998199151	0.8076291948051985	-0.9995	6.352662099065741	-91.92151221120123
0.31103659235189374	0.8003852508725083	-0.9995	6.070272344600802	-740.223206807423
0.3120262904409284	0.8061059733708698	-0.9995	5.956145889462372	-2.835906044243435
0.3085784575366008	0.8084112481219156	-0.9995	6.311354529773885	-19.84354316749603
0.3204007868621831	0.797556394006731	-0.9995	4.598343675329086	-4.249207908914689
0.30815075015939236	0.8095625617662918	-0.9995	6.347130557506025	-3.741731556148588
0.3085142011480452	0.8013997588541831	-0.9995	6.316846092363329	-1119.4773094531695
0.29583639124045996	0.8229449977347987	-0.9995	6.592626008797607	-1.7906505282631304
0.31409581720206836	0.8038714039381085	-0.9995	5.685843885339567	-2.6984200622665195
0.3156985256817877	0.8022129933984677	-0.9995	5.447085655401461	-3.0631108143227177
0.31336028217101425	0.8044287434313654	-0.9995	5.786818499864593	-3.1890684857950067
0.30685184158866996	0.8076032922945316	-0.9995	6.444565532529063	-219.10102583674222
0.2984321486488406	0.8202154213056206	-0.9995	6.6670134090135384	-1.813923058634014
0.30164481497948226	0.8139446254290872	-0.9995	6.665777116726554	-121.38444878934749
0.30224123124300156	0.8159382864373677	-0.9995	6.654188610887168	-1.9024369341377039
0.28199111505860996	0.8358402859617889	-0.9995	5.057704514149078	-124.65604892533695
0.30461796611895725	0.8132076225951258	-0.9995	6.572676142931014	-3.6370919139384927
0.3269963555451962	0.7908954824761263	-0.9995	3.035288134696974	-11.031640445706355
0.2999400779519388	0.8176998836723162	-0.9995	6.67928624505098	-11.63965253179972
0.30455002640412315	0.8139295247431235	-0.9995	6.57579049691911	-3.409915728118465
0.300469236352498	0.8180901544036019	-0.9995	6.6782032845376715	-2.1240349935532823
0.2946845050562237	0.8240719249644285	-0.9995	6.538031765823643	-2.1748960077712134
0.30485534175245993	0.8135890405494518	-0.9995	6.561432480644296	-3.2163343878278035
0.30664131479648166	0.8112046195165044	-0.9995	6.4587688871803675	-2.8259724250850287
0.28043324161053956	0.8404974477916689	-0.9995	4.7650140289526	-3.8332539658684714
0.30398027276482764	0.8147618957818077	-0.9995	6.600091341898056	-6.665407303705601
0.30753457590930733	0.8105161161694624	-0.9995	6.395455027644628	-1.9860744898271623
0.3192468253978561	0.7985941532325244	-0.9995	4.827102758832407	-4.565580017022658
0.3173922118227172	0.7994780083802288	-0.9995	5.1668590378788775	-26.704486400184265
0.3039454245089759	0.8129426140161397	-0.9995	6.601472325530061	-29.368346661422244
0.3069353146187391	0.8111545499473033	-0.9995	6.438811254005719	-1.9488114972898476
0.3115958762139162	0.8073063963617699	-0.9995	6.006982472467859	-16.712915445935288
0.3081628786408517	0.8076846313178097	-0.9995	6.3461412597838365	-81.6036688576993
0.31103659235189374	0.8003852508725083	-0.9995	6.070272344600802	-740.223206807423
0.3120262904409284	0.8061059733708698	-0.9995	5.956145889462372	-2.835906044243435
0.309712615627116	0.8076529323675536	-0.9995	6.20762968670971	-8.907226072136096
0.3204007868621831	0.797556394006731	-0.9995	4.598343675329086	-4.249207908914689
0.30264263671609876	0.8155484174610468	-0.9995	6.644386554243834	-1.815893275556295
0.30850421899896346	0.8014370098780581	-0.9995	6.317695494398544	-1111.8889208178668
0.2948143571789378	0.8240052216387712	-0.9995	6.54484974097203	-1.9138085817198878
0.3137924093805186	0.8041800084583867	-0.9995	5.7281514157111095	-2.653887192482288
0.3095304856520398	0.8086290318762422	-0.9995	6.225153414491519	-2.55991557430853
0.31336028217101425	0.8044287434313654	-0.9995	5.786818499864593	-3.1890684857950067
0.3136086569525455	0.8019992064217555	-0.9995	5.753326478049877	-98.95082702989805
0.2984321486488406	0.8202154213056206	-0.9995	6.6670134090135384	-1.813923058634014
0.30164481497948226	0.8139446254290872	-0.9995	6.665777116726554	-121.38444878934749
0.30224123124300156	0.8159382864373677	-0.9995	6.654188610887168	-1.9024369341377039
0.2836683358133138	0.8341607995131846	-0.9995	5.345687922776758	-99.19129834628004
0.3055987152766444	0.8122935399211132	-0.9995	6.522576134565542	-2.7004262843101525
0.3269963555451962	0.7908954824761263	-0.9995	3.035288134696974	-11.031640445706355
0.2975954015093736	0.8205556656802176	-0.9995	6.650393728804586	-5.393962974953654
0.30455002640412315	0.8139295247431235	-0.9995	6.57579049691911	-3.409915728118465
0.30811116698893126	0.8101168817386135	-0.9995	6.350349048698558	-2.6434556966775524
0.2927420519603233	0.8261523772923727	-0.9995	6.415915149576968	-2.6781904517337622
0.3069526953803243	0.8114385743432145	-0.9995	6.437604333052283	-3.6358613197115606
0.30866769921793275	0.8090033409169755	-0.9995	6.303659149647439	-4.11879522985152
0.28043324161053956	0.8404974477916689	-0.9995	4.7650140289526	-3.8332539658684714
0.30398027276482764	0.8147618957818077	-0.9995	6.600091341898056	-6.665407303705601
0.30753457590930733	0.8105161161694624	-0.9995	6.395455027644628	-1.9860744898271623
0.3192468253978561	0.7985941532325244	-0.9995	4.827102758832407	-4.565580017022658
0.3173922118227172	0.7994780083802288	-0.9995	5.1668590378788775	-26.704486400184265
0.30518145393797097	0.8120389617347911	-0.9995	6.545066873753624	-15.517255787527008
0.3069353146187391	0.8111545499473033	-0.9995	6.438811254005719	-1.9488114972898476
0.3113713622899331	0.8075135639793855	-0.9995	6.032764796665633	-16.090580690154113
0.3081628786408517	0.8076846313178097	-0.9995	6.3461412597838365	-81.6036688576993
0.30915462896961604	0.8053269855781878	-0.9995	6.260268040453532	-211.41146814777937
0.3134026250356716	0.8047374153006481	-0.9995	5.78115240907614	-3.058063100517347
0.309712615627116	0.8076529323675536	-0.9995	6.20762968670971	-8.907226072136096
0.316240309879231	0.8019157638590352	-0.9995	5.360565873442955	-3.4063286235343746
0.30264263671609876	0.8155484174610468	-0.9995	6.644386554243834	-1.815893275556295
0.30980925838457446	0.8042028787678359	-0.9995	6.198196448033476	-270.60671108251273
0.2948143571789378	0.8240052216387712	-0.9995	6.54484974097203	-1.9138085817198878
0.3137924093805186	0.8041800084583867	-0.9995	5.7281514157111095	-2.653887192482288
0.3031152611757252	0.8152545720257357	-0.9995	6.630779937345297	-2.039422899049013
0.3138210735162472	0.8040266781198501	-0.9995	5.724193832602648	-2.9461782809828243
0.3120695068529197	0.8040393924194305	-0.9995	5.950939219946823	-61.67190429145578
0.29771673304284346	0.8209585600431306	-0.9995	6.653237658321986	-1.7656912107466365
0.302100216526473	0.8137462790596973	-0.9995	6.657249651019848	-97.91887419008704
0.30224123124300156	0.8159382864373677	-0.9995	6.654188610887168	-1.9024369341377039
0.29403730012105256	0.8237778281648575	-0.9995	6.501535249078202	-22.229000727510524
0.3048902343491518	0.8131382645210331	-0.9995	6.559732238362079	-2.0587883418700645
0.3269963555451962	0.7908954824761263	-0.9995	3.035288134696974	-11.031640445706355
0.3050957203372426	0.8130501147560816	-0.9995	6.549472369533261	-1.832526497263233
0.30487382505748195	0.8136547013626224	-0.9995	6.560533344855504	-4.142112977692886
0.30811116698893126	0.8101168817386135	-0.9995	6.350349048698558	-2.6434556966775524
0.2927420519603233	0.8261523772923727	-0.9995	6.415915149576968	-2.6781904517337622
0.3071805974816698	0.8110772799782546	-0.9995	6.421499297341384	-2.5865802463683707
0.30717245506419333	0.8107348657858053	-0.9995	6.422083640070836	-2.3562954798618154
0.28043324161053956	0.8404974477916689	-0.9995	4.7650140289526	-3.8332539658684714
0.3006424562613385	0.8182967447554005	-0.9995	6.677240448071535	-6.566846726463263
0.30753457590930733	0.8105161161694624	-0.9995	6.395455027644628	-1.9860744898271623
0.3192468253978561	0.7985941532325244	-0.9995	4.827102758832407	-4.565580017022658
0.3173922118227172	0.7994780083802288	-0.9995	5.1668590378788775	-26.704486400184265
0.3050690140253555	0.8122139516712218	-0.9995	6.550829682363943	-13.829822387681528
0.3068603651883688	0.811351355158669	-0.9995	6.4439811457212866	-2.252924243706852
0.3113713622899331	0.8075135639793855	-0.9995	6.032764796665633	-16.090580690154113
0.30886472769602547	0.8072308945603462	-0.9995	6.286387212686794	-63.72406505782102
0.3073358356671894	0.8087877128068062	-0.9995	6.410231773630157	-63.879186499043925
0.3147605240748334	0.803378569013955	-0.9995	5.589938843491516	-3.194902366158524
0.3086106293737126	0.8089064128121853	-0.9995	6.308589507252989	-6.3227085579325575
0.31410337012065015	0.8040653810325298	-0.9995	5.684778954509961	-3.3050849031169536
0.30264263671609876	0.8155484174610468	-0.9995	6.644386554243834	-1.815893275556295
0.30980925838457446	0.8042028787678359	-0.9995	6.198196448033476	-270.60671108251273
0.2948143571789378	0.8240052216387712	-0.9995	6.54484974097203	-1.9138085817198878
0.3137924093805186	0.8041800084583867	-0.9995	5.7281514157111095	-2.653887192482288
0.3031152611757252	0.8152545720257357	-0.9995	6.630779937345297	-2.039422899049013
0.3138210735162472	0.8040266781198501	-0.9995	5.724193832602648	-2.9461782809828243
0.31117798093661386	0.80534031510749	-0.9995	6.054567909213684	-38.48060278001151
0.29678361782529933	0.8219108101563937	-0.9995	6.627578626841538	-1.756037470429904
0.302100216526473	0.8137462790596973	-0.9995	6.657249651019848	-97.91887419008704
0.3000324628274319	0.8182008102642826	-0.9995	6.679298929134376	-2.2915488339867522
0.29403730012105256	0.8237778281648575	-0.9995	6.501535249078202	-22.229000727510524
0.3048902343491518	0.8131382645210331	-0.9995	6.559732238362079	-2.0587883418700645
0.33192161796080516	0.7863748550207948	-0.9995	1.5843557321322037	-12.171689780722849
0.3026942661632491	0.8154930399288921	-0.9995	6.643008847518054	-1.8194999575780955
0.3022953060262354	0.8163753503791549	-0.9995	6.652962049539838	-4.148565711383071
0.30811116698893126	0.8101168817386135	-0.9995	6.350349048698558	-2.6434556966775524
0.2927420519603233	0.8261523772923727	-0.9995	6.415915149576968	-2.6781904517337622
0.30694167662454663	0.8112922730448505	-0.9995	6.4383698265113125	-2.3820430626116504
0.30717245506419333	0.8107348657858053	-0.9995	6.422083640070836	-2.3562954798618154
0.28043324161053956	0.8404974477916689	-0.9995	4.7650140289526	-3.8332539658684714
0.29933327252308173	0.819732991042334	-0.9995	6.677081570667811	-6.764345958190374
0.30753457590930733	0.8105161161694624	-0.9995	6.395455027644628	-1.9860744898271623
0.31617068558087946	0.8017351490535487	-0.9995	5.371848837531884	-3.1819916357623743
0.3165046745775302	0.8004718300090036	-0.9995	5.317282783759344	-21.67310957335163
0.3050690140253555	0.8122139516712218	-0.9995	6.550829682363943	-13.829822387681528
0.3068603651883688	0.811351355158669	-0.9995	6.4439811457212866	-2.252924243706852
0.3113713622899331	0.8075135639793855	-0.9995	6.032764796665633	-16.090580690154113
0.30811037265030017	0.8084451138768641	-0.9995	6.350413475676515	-38.383902761594314
0.3073358356671894	0.8087877128068062	-0.9995	6.410231773630157	-63.879186499043925
0.3206154250493348	0.7975892707944153	-0.9995	4.554325448486489	-3.932136056807357
0.3086106293737126	0.8089064128121853	-0.9995	6.308589507252989	-6.3227085579325575
0.3112664880123081	0.8068522689773272	-0.9995	6.044635437652787	-2.65726545430688
0.30410508439462236	0.8140623150544343	-0.9995	6.595045608875338	-1.7916448810724575
0.30980925838457446	0.8042028787678359	-0.9995	6.198196448033476	-270.60671108251273
0.29411590204747345	0.8246655485437103	-0.9995	6.506191154735564	-2.37226405946684
0.3137924093805186	0.8041800084583867	-0.9995	5.7281514157111095	-2.653887192482288
0.30448685284880217	0.8138342330617924	-0.9995	6.578644955876179	-2.184263376173668
0.31360757393049943	0.804173967430994	-0.9995	5.75347385694016	-3.27981839190494
0.30909648407182455	0.8082382017537804	-0.9995	6.26557408596541	-9.756313268587336
0.29678361782529933	0.8219108101563937	-0.9995	6.627578626841538	-1.756037470429904
0.3044730215555678	0.8123375329000214	-0.9995	6.579264589127327	-31.745075001839375
0.3000324628274319	0.8182008102642826	-0.9995	6.679298929134376	-2.2915488339867522
0.29403730012105256	0.8237778281648575	-0.9995	6.501535249078202	-22.229000727510524
0.2984375734942178	0.8201753842220461	-0.9995	6.667098315380345	-1.7470477801339523
0.33192161796080516	0.7863748550207948	-0.9995	1.5843557321322037	-12.171689780722849
0.3028383415331942	0.8153366031783222	-0.9995	6.639023285014924	-1.8342521752879062
0.30129767636218296	0.8174489032043332	-0.9995	6.670884378605358	-4.31244538689328
0.31531840820725676	0.8022058817304776	-0.9995	5.506036048289442	-6.650680223945475
0.29558674729948037	0.8232585227927129	-0.9995	6.581920201316981	-1.8131472818697407
0.30694167662454663	0.8112922730448505	-0.9995	6.4383698265113125	-2.3820430626116504
0.3044477473895017	0.8134600234937522	-0.9995	6.580391914106103	-2.9091327632897173
0.28043324161053956	0.8404974477916689	-0.9995	4.7650140289526	-3.8332539658684714
0.29300311902737747	0.8262379033023515	-0.9995	6.434522481584965	-2.326495526408733
0.3032159658022497	0.8149071643125115	-0.9995	6.627592018104002	-1.9380484612222464
0.31617068558087946	0.8017351490535487	-0.9995	5.371848837531884	-3.1819916357623743
0.3165046745775302	0.8004718300090036	-0.9995	5.317282783759344	-21.67310957335163
0.30817158156850455	0.8092854563784133	-0.9995	6.345430471656583	-7.546159304024913
0.30662850750773973	0.8116385896519722	-0.9995	6.459618639409388	-2.4895286371709453
0.31071222613103294	0.8080398946773307	-0.9995	6.105545254898274	-12.086332214522159
0.30835621596902674	0.8084068256206027	-0.9995	6.3301724717051115	-28.67556512355503
0.3073358356671894	0.8087877128068062	-0.9995	6.410231773630157	-63.879186499043925
0.3206154250493348	0.7975892707944153	-0.9995	4.554325448486489	-3.932136056807357
0.3086106293737126	0.8089064128121853	-0.9995	6.308589507252989	-6.3227085579325575
0.3104076855805775	0.8077792609889825	-0.9995	6.137704602589393	-2.8931423060991523
0.3029771430759475	0.8152046077877586	-0.9995	6.63498729383689	-1.8067480259563347
0.30980925838457446	0.8042028787678359	-0.9995	6.198196448033476	-270.60671108251273
0.29411590204747345	0.8246655485437103	-0.9995	6.506191154735564	-2.37226405946684
0.3137924093805186	0.8041800084583867	-0.9995	5.7281514157111095	-2.653887192482288
0.30448685284880217	0.8138342330617924	-0.9995	6.578644955876179	-2.184263376173668
0.31360757393049943	0.804173967430994	-0.9995	5.75347385694016	-3.27981839190494
0.30909648407182455	0.8082382017537804	-0.9995	6.26557408596541	-9.756313268587336
0.29678361782529933	0.8219108101563937	-0.9995	6.627578626841538	-1.756037470429904
0.3069404402748547	0.8099041467828062	-0.9995	6.438455642266074	-26.69977006216546
0.29886863006435943	0.8193653956587258	-0.9995	6.6729042086538435	-3.1125881817403673
0.2942459181771033	0.8236360041992853	-0.9995	6.513756910187251	-19.240909507649892
0.2998713070262319	0.818584751035558	-0.9995	6.679221388902713	-1.7074704272484293
0.33192225157673877	0.7863742308090154	-0.9995	1.5841534696671924	-12.17450657112861
0.3016700757227301	0.8164880696113519	-0.9995	6.665358433711937	-2.124747803222725
0.2959016581725432	0.82328297651549	-0.9995	6.595322169636791	-4.225262552226479
0.31921572510418217	0.7984898214742288	-0.9995	4.833083741912714	-6.0088981012011855
0.2933780735910298	0.8256471801977531	-0.9995	6.460054651481116	-1.9251330712614418
0.30694167662454663	0.8112922730448505	-0.9995	6.4383698265113125	-2.3820430626116504
0.3049439918191453	0.8129569404305658	-0.9995	6.557088922771323	-2.8072690478836417
0.28043324161053956	0.8404974477916689	-0.9995	4.7650140289526	-3.8332539658684714
0.2891030854435331	0.8305423673779696	-0.9995	6.085590464055498	-2.3864911375642226
0.3055319473077558	0.8123854857118404	-0.9995	6.526291993231267	-2.537945817440063
0.31155697600519	0.8065365270648918	-0.9995	6.011485726387512	-2.5914899028825644
0.3165046745775302	0.8004718300090036	-0.9995	5.317282783759344	-21.67310957335163
0.30817158156850455	0.8092854563784133	-0.9995	6.345430471656583	-7.546159304024913
0.31144369795607113	0.8064792156096967	-0.9995	6.024513083761265	-2.4106259613580203
0.321260109048382	0.7972654083775358	-0.9995	4.419343014564731	-6.429430666062615
0.30788408708749343	0.809036397571833	-0.9995	6.368510052294296	-22.819458760588603
0.3073358356671894	0.8087877128068062	-0.9995	6.410231773630157	-63.879186499043925
0.3208926092253049	0.7973949024409819	-0.9995	4.496798597103725	-4.2807575689490935
0.3119637184964617	0.8056654382363264	-0.9995	5.9636513969972995	-4.45730046116558
0.3104076855805775	0.8077792609889825	-0.9995	6.137704602589393	-2.8931423060991523
0.30584404159191764	0.8120653869153586	-0.9995	6.508540087669884	-2.528712047904934
0.30980925838457446	0.8042028787678359	-0.9995	6.198196448033476	-270.60671108251273
0.29411590204747345	0.8246655485437103	-0.9995	6.506191154735564	-2.37226405946684
0.3137924093805186	0.8041800084583867	-0.9995	5.7281514157111095	-2.653887192482288
0.30448685284880217	0.8138342330617924	-0.9995	6.578644955876179	-2.184263376173668
0.31360757393049943	0.804173967430994	-0.9995	5.75347385694016	-3.27981839190494
0.30909648407182455	0.8082382017537804	-0.9995	6.26557408596541	-9.756313268587336
0.29678361782529933	0.8219108101563937	-0.9995	6.627578626841538	-1.756037470429904
0.3069404402748547	0.8099041467828062	-0.9995	6.438455642266074	-26.69977006216546
0.29886863006435943	0.8193653956587258	-0.9995	6.6729042086538435	-3.1125881817403673
0.2942459181771033	0.8236360041992853	-0.9995	6.513756910187251	-19.240909507649892
0.2998713070262319	0.818584751035558	-0.9995	6.679221388902713	-1.7074704272484293
0.33192225157673877	0.7863742308090154	-0.9995	1.5841534696671924	-12.17450657112861
0.3016700757227301	0.8164880696113519	-0.9995	6.665358433711937	-2.124747803222725
0.2959016581725432	0.82328297651549	-0.9995	6.595322169636791	-4.225262552226479
0.30795089158241074	0.8102476066711567	-0.9995	6.36322081353395	-2.434063841739011
0.2933780735910298	0.8256471801977531	-0.9995	6.460054651481116	-1.9251330712614418
0.30694167662454663	0.8112922730448505	-0.9995	6.4383698265113125	-2.3820430626116504
0.3049439918191453	0.8129569404305658	-0.9995	6.557088922771323	-2.8072690478836417
0.28046128832074224	0.8404659342467052	-0.9995	4.770497927884384	-3.8203410259682693
0.2891030854435331	0.8305423673779696	-0.9995	6.085590464055498	-2.3864911375642226
0.3055319473077558	0.8123854857118404	-0.9995	6.526291993231267	-2.537945817440063
0.31155697600519	0.8065365270648918	-0.9995	6.011485726387512	-2.5914899028825644
0.3165046745775302	0.8004718300090036	-0.9995	5.317282783759344	-21.67310957335163
0.30817158156850455	0.8092854563784133	-0.9995	6.345430471656583	-7.546159304024913
0.31144369795607113	0.8064792156096967	-0.9995	6.024513083761265	-2.4106259613580203
0.31790333339054555	0.8002193935094088	-0.9995	5.0766574658450825	-3.4162423990669506
0.30788408708749343	0.809036397571833	-0.9995	6.368510052294296	-22.819458760588603
0.3073358356671894	0.8087877128068062	-0.9995	6.410231773630157	-63.879186499043925
0.3208926092253049	0.7973949024409819	-0.9995	4.496798597103725	-4.2807575689490935
0.306233006387656	0.8118266239899568	-0.9995	6.485052355167397	-1.9172238255171692
0.31032221213448	0.8072684457803073	-0.9995	6.146563881564166	-4.920482656431172
0.30530885681791187	0.812583327678464	-0.9995	6.538384394744753	-2.773950485488058
0.30980925838457446	0.8042028787678359	-0.9995	6.198196448033476	-270.60671108251273
0.2940375202959142	0.8247698302473474	-0.9995	6.501548377202024	-2.2828511769313913
0.3137924093805186	0.8041800084583867	-0.9995	5.7281514157111095	-2.653887192482288
0.30448685284880217	0.8138342330617924	-0.9995	6.578644955876179	-2.184263376173668
0.3145437608801021	0.8032024776238059	-0.9995	5.621699295622257	-3.7246273386655773
0.30909648407182455	0.8082382017537804	-0.9995	6.26557408596541	-9.756313268587336
0.29678361782529933	0.8219108101563937	-0.9995	6.627578626841538	-1.756037470429904
0.30694100430288224	0.8105374159320324	-0.9995	6.438416494647051	-7.704205268403506
0.2945314090728429	0.82406486380282	-0.9995	6.529776764667277	-3.4455350361702397
0.2942459181771033	0.8236360041992853	-0.9995	6.513756910187251	-19.240909507649892
0.30088283894833445	0.8175101857579683	-0.9995	6.675407175266718	-1.7157261480450874
0.33192225157673877	0.7863742308090154	-0.9995	1.5841534696671924	-12.17450657112861
0.3016700757227301	0.8164880696113519	-0.9995	6.665358433711937	-2.124747803222725
0.2959016581725432	0.82328297651549	-0.9995	6.595322169636791	-4.225262552226479
0.30721018458377963	0.8110467559322928	-0.9995	6.419370389649332	-2.5894711398392314
0.2933780735910298	0.8256471801977531	-0.9995	6.460054651481116	-1.9251330712614418
0.30514303668030623	0.8131504940567568	-0.9995	6.547050066835322	-2.2250576907926423
0.3049439918191453	0.8129569404305658	-0.9995	6.557088922771323	-2.8072690478836417
0.28046128832074224	0.8404659342467052	-0.9995	4.770497927884384	-3.8203410259682693
0.2891030854435331	0.8305423673779696	-0.9995	6.085590464055498	-2.3864911375642226
0.3055319473077558	0.8123854857118404	-0.9995	6.526291993231267	-2.537945817440063
0.3073366217748233	0.8107052989203072	-0.9995	6.410174102976143	-1.9754323647477037
0.3165046745775302	0.8004718300090036	-0.9995	5.317282783759344	-21.67310957335163
0.30817158156850455	0.8092854563784133	-0.9995	6.345430471656583	-7.546159304024913
0.31144369795607113	0.8064792156096967	-0.9995	6.024513083761265	-2.4106259613580203
0.3184763279049746	0.799645148810397	-0.9995	4.972430734049483	-3.479260260153608
0.30788408708749343	0.809036397571833	-0.9995	6.368510052294296	-22.819458760588603
0.3073358356671894	0.8087877128068062	-0.9995	6.410231773630157	-63.879186499043925
0.3208926092253049	0.7973949024409819	-0.9995	4.496798597103725	-4.2807575689490935
0.306233006387656	0.8118266239899568	-0.9995	6.485052355167397	-1.9172238255171692
0.31172514971238713	0.8058578432178156	-0.9995	5.991908519420739	-5.019889139678363
0.30530885681791187	0.812583327678464	-0.9995	6.538384394744753	-2.773950485488058
0.3097795406659164	0.8042811314192387	-0.9995	6.201107120128636	-264.1009478438773
0.28795898039791534	0.8316766902430507	-0.9995	5.954373433021267	-2.5540938985073964
0.31009904312879827	0.8079159849330959	-0.9995	6.169350837723561	-2.2193750316340246
0.3011998735146305	0.8171241600942462	-0.9995	6.6721057160546415	-1.718471697087086
0.31372341920510743	0.8040357837626557	-0.9995	5.737643024914641	-3.456433446116071
0.30909648407182455	0.8082382017537804	-0.9995	6.26557408596541	-9.756313268587336
0.28907377205455353	0.8303461691412254	-0.9995	6.082391912730925	-2.635868256298311
0.30588256295991434	0.8117323510893011	-0.9995	6.506281463423418	-5.8515084553569086
0.29440769513761395	0.8242414504699623	-0.9995	6.522934829940867	-3.077341602990556
0.2942459181771033	0.8236360041992853	-0.9995	6.513756910187251	-19.240909507649892
0.2967229648002721	0.8218753947594334	-0.9995	6.625609399808923	-1.9537132810220328
0.33192225157673877	0.7863742308090154	-0.9995	1.5841534696671924	-12.17450657112861
0.300458979794998	0.8177392504728581	-0.9995	6.678250886049117	-2.3270957027412997
0.2959016581725432	0.82328297651549	-0.9995	6.595322169636791	-4.225262552226479
0.3139226328759806	0.804392680851645	-0.9995	5.710105667313519	-4.604544063607273
0.2933780735910298	0.8256471801977531	-0.9995	6.460054651481116	-1.9251330712614418
0.30534260940918734	0.8127400286215846	-0.9995	6.536586821814513	-1.881402037302518
0.3042679710955377	0.8136438743866117	-0.9995	6.588226311948473	-2.935494667742079
0.28046128832074224	0.8404659342467052	-0.9995	4.770497927884384	-3.8203410259682693
0.2891030854435331	0.8305423673779696	-0.9995	6.085590464055498	-2.3864911375642226
0.30520255230075594	0.812648068803722	-0.9995	6.543971446099695	-3.1599393666358626
0.3101424446096948	0.8080184104448584	-0.9995	6.164958285006563	-2.683328373518904
0.3124627238082793	0.8049399959794779	-0.9995	5.902706774702944	-8.03390994406613
0.30866358751600176	0.808825174436064	-0.9995	6.304015455073092	-6.796750048869875
0.31144369795607113	0.8064792156096967	-0.9995	6.024513083761265	-2.4106259613580203
0.3184763279049746	0.799645148810397	-0.9995	4.972430734049483	-3.479260260153608
0.30763149394076206	0.8097899231063544	-0.9995	6.388105699470758	-8.491850590655089
0.3073358356671894	0.8087877128068062	-0.9995	6.410231773630157	-63.879186499043925
0.3199420340668448	0.7982634028617474	-0.9995	4.690880584694206	-3.8742693931090244
0.306233006387656	0.8118266239899568	-0.9995	6.485052355167397	-1.9172238255171692
0.3116746757569666	0.8058169393778706	-0.9995	5.9978139281586795	-6.377160263030133
0.3055777594543731	0.8122974562581675	-0.9995	6.523747195655957	-2.836616354828223
0.3097795406659164	0.8042811314192387	-0.9995	6.201107120128636	-264.1009478438773
0.2874267034116186	0.8322391933148756	-0.9995	5.888865262813182	-2.7828256631425905
0.3145946825254936	0.8035712933112067	-0.9995	5.6142804082104565	-3.3334033657243847
0.3011998735146305	0.8171241600942462	-0.9995	6.6721057160546415	-1.718471697087086
0.31372341920510743	0.8040357837626557	-0.9995	5.737643024914641	-3.456433446116071
0.30909648407182455	0.8082382017537804	-0.9995	6.26557408596541	-9.756313268587336
0.2893836560511503	0.830025605745502	-0.9995	6.115770404108812	-2.4924455537712085
0.30570319081258096	0.8119984132541506	-0.9995	6.5166722710866605	-4.6588131759624805
0.30045315410205475	0.8179516828837762	-0.9995	6.678277455109155	-1.7041499169292091
0.29550165830495523	0.8223840133676065	-0.9995	6.578128808283308	-15.340398258424303
0.2967229648002721	0.8218753947594334	-0.9995	6.625609399808923	-1.9537132810220328
0.33192225157673877	0.7863742308090154	-0.9995	1.5841534696671924	-12.17450657112861
0.300458979794998	0.8177392504728581	-0.9995	6.678250886049117	-2.3270957027412997
0.29587068907201297	0.8233151648172841	-0.9995	6.594048154610235	-4.2065066573442635
0.3139226328759806	0.804392680851645	-0.9995	5.710105667313519	-4.604544063607273
0.2933780735910298	0.8256471801977531	-0.9995	6.460054651481116	-1.9251330712614418
0.30033812105925306	0.8179376518885737	-0.9995	6.678732569056647	-1.967575555008752
0.3048243367182683	0.8130359860011291	-0.9995	6.56293307445404	-3.2016914466822435
0.28364689300269275	0.8368078338967998	-0.9995	5.3421836559833045	-3.0543473894535547
0.2891030854435331	0.8305423673779696	-0.9995	6.085590464055498	-2.3864911375642226
0.31251551852263887	0.8054571312190606	-0.9995	5.8961131788576155	-2.485491805545041
0.3101424446096948	0.8080184104448584	-0.9995	6.164958285006563	-2.683328373518904
0.3124627238082793	0.8049399959794779	-0.9995	5.902706774702944	-8.03390994406613
0.30866358751600176	0.808825174436064	-0.9995	6.304015455073092	-6.796750048869875
0.31067725731254336	0.8076369099717771	-0.9995	6.1092850797188945	-4.06806579154604
0.3184763279049746	0.799645148810397	-0.9995	4.972430734049483	-3.479260260153608
0.30763149394076206	0.8097899231063544	-0.9995	6.388105699470758	-8.491850590655089
0.3049564097920725	0.81152143804769	-0.9995	6.5564742081754375	-47.241709903538926
0.3199420340668448	0.7982634028617474	-0.9995	4.690880584694206	-3.8742693931090244
0.306233006387656	0.8118266239899568	-0.9995	6.485052355167397	-1.9172238255171692
0.3116746757569666	0.8058169393778706	-0.9995	5.9978139281586795	-6.377160263030133
0.3055777594543731	0.8122974562581675	-0.9995	6.523747195655957	-2.836616354828223
0.31413432873972563	0.8017024401945841	-0.9995	5.680407953697029	-81.71335505948704
0.2874267034116186	0.8322391933148756	-0.9995	5.888865262813182	-2.7828256631425905
0.3248508506230248	0.7931941031760155	-0.9995	3.591480314870731	-6.1405043228069385
0.29824066570193947	0.8204923771421523	-0.9995	6.663827912448539	-2.068397557796345
0.31372341920510743	0.8040357837626557	-0.9995	5.737643024914641	-3.456433446116071
0.30974677988667504	0.8075175891763138	-0.9995	6.204305607513733	-11.218818750544242
0.2893836560511503	0.830025605745502	-0.9995	6.115770404108812	-2.4924455537712085
0.30570319081258096	0.8119984132541506	-0.9995	6.5166722710866605	-4.6588131759624805
0.30063631203496965	0.8177524637542435	-0.9995	6.6772797332809635	-1.704487748284512
0.29550165830495523	0.8223840133676065	-0.9995	6.578128808283308	-15.340398258424303
0.2967229648002721	0.8218753947594334	-0.9995	6.625609399808923	-1.9537132810220328
0.33192225157673877	0.7863742308090154	-0.9995	1.5841534696671924	-12.17450657112861
0.300458979794998	0.8177392504728581	-0.9995	6.678250886049117	-2.3270957027412997
0.2964137083235201	0.8227587495902737	-0.9995	6.614996758366255	-4.656650955712172
0.3139226328759806	0.804392680851645	-0.9995	5.710105667313519	-4.604544063607273
0.29478379596047116	0.8240904909863624	-0.9995	6.543260275400215	-1.8440587604278988
0.30033812105925306	0.8179376518885737	-0.9995	6.678732569056647	-1.967575555008752
0.3051904007799558	0.8126038117682125	-0.9995	6.544602897027371	-3.741111893197658
0.28364689300269275	0.8368078338967998	-0.9995	5.3421836559833045	-3.0543473894535547
0.28952118186530784	0.830075312459199	-0.9995	6.130276050810435	-2.3509261268929453
0.3139980560506381	0.8040363314674135	-0.9995	5.699576332326172	-2.7337647982881084
0.30958992690201165	0.8085730607019517	-0.9995	6.219470708380564	-2.5899597567216315
0.3124627238082793	0.8049399959794779	-0.9995	5.902706774702944	-8.03390994406613
0.3047638869294429	0.8131168708787191	-0.9995	6.565831104927614	-3.0347748522824496
0.31075055887199043	0.8075740891110023	-0.9995	6.101431618009537	-4.204167631889851
0.3228152632832855	0.7955863019674703	-0.9995	4.0766230048820145	-4.946756462545716
0.30763149394076206	0.8097899231063544	-0.9995	6.388105699470758	-8.491850590655089
0.3099623197469086	0.8073247423065265	-0.9995	6.183065124611975	-10.613911955792783
0.3152649684881214	0.8028792761295659	-0.9995	5.5142078835935	-3.2665025081067682
0.306233006387656	0.8118266239899568	-0.9995	6.485052355167397	-1.9172238255171692
0.3116746757569666	0.8058169393778706	-0.9995	5.9978139281586795	-6.377160263030133
0.3078283046742899	0.8100785177409948	-0.9995	6.372892427942654	-2.315992307164768
0.31413432873972563	0.8017024401945841	-0.9995	5.680407953697029	-81.71335505948704
0.28679401529189047	0.8329086643500901	-0.9995	5.807314037756088	-3.1552597066005443
0.3248508506230248	0.7931941031760155	-0.9995	3.591480314870731	-6.1405043228069385
0.2996858104464193	0.8186996499164793	-0.9995	6.678810622932303	-1.819769847748887
0.31112920564954344	0.8066594752144874	-0.9995	6.060008106361051	-2.949679250289778
0.31147906105482054	0.8060615203604095	-0.9995	6.02045998480871	-5.606301466554854
0.2925002149973811	0.826582933582621	-0.9995	6.398070322882663	-2.0315323373560794
0.30570319081258096	0.8119984132541506	-0.9995	6.5166722710866605	-4.6588131759624805
0.30164067868202243	0.8167406342347391	-0.9995	6.665845065621985	-1.775235430093156
0.2963891385463976	0.8215524886614615	-0.9995	6.614112596124642	-11.649503697544105
0.29672374663753626	0.8218761510211632	-0.9995	6.6256350178349255	-1.9479032631885769
0.33192225157673877	0.7863742308090154	-0.9995	1.5841534696671924	-12.17450657112861
0.3019252434968321	0.8160983180029858	-0.9995	6.660771385699729	-2.9668714618978704
0.2874003440930826	0.8322637340552984	-0.9995	5.885547553446612	-2.8109340544077543
0.31123875385738126	0.8068966645271993	-0.9995	6.0477562569761885	-2.734244180402695
0.29478379596047116	0.8240904909863624	-0.9995	6.543260275400215	-1.8440587604278988
0.30033812105925306	0.8179376518885737	-0.9995	6.678732569056647	-1.967575555008752
0.3072123157630688	0.8106076834530582	-0.9995	6.419216704979146	-2.9215136939142106
0.28336079798865976	0.8371503542315566	-0.9995	5.294988980439257	-3.086901540014196
0.28952118186530784	0.830075312459199	-0.9995	6.130276050810435	-2.3509261268929453
0.31973618263009196	0.7982795512115922	-0.9995	4.73171967426848	-3.7646814717857877
0.30958992690201165	0.8085730607019517	-0.9995	6.219470708380564	-2.5899597567216315
0.3124627238082793	0.8049399959794779	-0.9995	5.902706774702944	-8.03390994406613
0.3047638869294429	0.8131168708787191	-0.9995	6.565831104927614	-3.0347748522824496
0.30763585450669967	0.8107495687338646	-0.9995	6.387772828072771	-3.8601529228384646
0.313632462641713	0.8046092789724919	-0.9995	5.750084009921693	-3.8229959858892926
0.30763149394076206	0.8097899231063544	-0.9995	6.388105699470758	-8.491850590655089
0.3092594198796433	0.8080998523160577	-0.9995	6.250619915772532	-9.16080873693123
0.3152649684881214	0.8028792761295659	-0.9995	5.5142078835935	-3.2665025081067682
0.306233006387656	0.8118266239899568	-0.9995	6.485052355167397	-1.9172238255171692
0.3116746757569666	0.8058169393778706	-0.9995	5.9978139281586795	-6.377160263030133
0.3078283046742899	0.8100785177409948	-0.9995	6.372892427942654	-2.315992307164768
0.31413432873972563	0.8017024401945841	-0.9995	5.680407953697029	-81.71335505948704
0.29175527342330865	0.8274223779085574	-0.9995	6.339426616688197	-2.0796966007752964
0.3248508506230248	0.7931941031760155	-0.9995	3.591480314870731	-6.1405043228069385
0.30147362985888393	0.8167335499912595	-0.9995	6.668446273505229	-1.9544755509500327
0.3110265530073319	0.8067667614307372	-0.9995	6.071379842192698	-2.9143523779205793
0.31129417410411986	0.8062574408677716	-0.9995	6.041512354839341	-5.438179843496783
0.2925002149973811	0.826582933582621	-0.9995	6.398070322882663	-2.0315323373560794
0.30570319081258096	0.8119984132541506	-0.9995	6.5166722710866605	-4.6588131759624805
0.30335928976953946	0.8150127878955329	-0.9995	6.622880059531537	-2.117619578489455
0.2963891385463976	0.8215524886614615	-0.9995	6.614112596124642	-11.649503697544105
0.30130581599325246	0.8165668890087274	-0.9995	6.670778421269031	-5.200052464796929
0.33192225157673877	0.7863742308090154	-0.9995	1.5841534696671924	-12.17450657112861
0.3022217118463872	0.8158740520930629	-0.9995	6.654624180668314	-2.3006400151315134
0.29314487354638974	0.8259032627031074	-0.9995	6.444340404835264	-1.9423801631064013
0.3127993792670786	0.8053099446725063	-0.9995	5.8601836501975875	-2.826938396749892
0.2950028879853113	0.8238620960546259	-0.9995	6.554448555873471	-1.827840198112888
0.299848481007178	0.8184269708879524	-0.9995	6.679189408284271	-2.126229567366993
0.304347210206438	0.8137604950457046	-0.9995	6.5848130154154045	-1.8677596432426231
0.28336079798865976	0.8371503542315566	-0.9995	5.294988980439257	-3.086901540014196
0.2966678371106345	0.822091794037973	-0.9995	6.623787650703877	-1.786698160827667
0.31973618263009196	0.7982795512115922	-0.9995	4.73171967426848	-3.7646814717857877
0.30958992690201165	0.8085730607019517	-0.9995	6.219470708380564	-2.5899597567216315
0.3127162250075261	0.8047559003539859	-0.9995	5.8707923061000375	-6.801008821393344
0.30831084012118193	0.8096604727254971	-0.9995	6.333953880710963	-2.104912295000192
0.3149809737010633	0.8029133856577237	-0.9995	5.557156333150445	-2.97556019443077
0.3159074195770717	0.8022579764040055	-0.9995	5.41407421030518	-3.432096647243534
0.304370699745743	0.8132016018992034	-0.9995	6.58378911697301	-7.640180320208939
0.3068922823693788	0.8107104770610094	-0.9995	6.441786417013949	-5.555829412096196
0.31518003139780654	0.8029666544653773	-0.9995	5.527137432118237	-3.2729231232206226
0.30424393788504334	0.813754450469539	-0.9995	6.589249154449668	-2.3190760855663157
0.3116746757569666	0.8058169393778706	-0.9995	5.9978139281586795	-6.377160263030133
0.3078283046742899	0.8100785177409948	-0.9995	6.372892427942654	-2.315992307164768
0.31413432873972563	0.8017024401945841	-0.9995	5.680407953697029	-81.71335505948704
0.29175527342330865	0.8274223779085574	-0.9995	6.339426616688197	-2.0796966007752964
0.3248508506230248	0.7931941031760155	-0.9995	3.591480314870731	-6.1405043228069385
0.30147362985888393	0.8167335499912595	-0.9995	6.668446273505229	-1.9544755509500327
0.3110265530073319	0.8067667614307372	-0.9995	6.071379842192698	-2.9143523779205793
0.31129417410411986	0.8062574408677716	-0.9995	6.041512354839341	-5.438179843496783
0.2925002149973811	0.826582933582621	-0.9995	6.398070322882663	-2.0315323373560794
0.30570319081258096	0.8119984132541506	-0.9995	6.5166722710866605	-4.6588131759624805
0.30335928976953946	0.8150127878955329	-0.9995	6.622880059531537	-2.117619578489455
0.2963891385463976	0.8215524886614615	-0.9995	6.614112596124642	-11.649503697544105
0.30130581599325246	0.8165668890087274	-0.9995	6.670778421269031	-5.200052464796929
0.33192225157673877	0.7863742308090154	-0.9995	1.5841534696671924	-12.17450657112861
0.3022217118463872	0.8158740520930629	-0.9995	6.654624180668314	-2.3006400151315134
0.29314487354638974	0.8259032627031074	-0.9995	6.444340404835264	-1.9423801631064013
0.30927595831751026	0.808865706341242	-0.9995	6.249087184769261	-2.427046589451683
0.2968911192681946	0.8217441358132712	-0.9995	6.630978501287245	-1.8091575439302687
0.299848481007178	0.8184269708879524	-0.9995	6.679189408284271	-2.126229567366993
0.306269647750225	0.8118488579938274	-0.9995	6.482761783750691	-1.9088524521869044
0.28336079798865976	0.8371503542315566	-0.9995	5.294988980439257	-3.086901540014196
0.2907202390020146	0.8287642893999083	-0.9995	6.248734377411546	-2.3763881995404343
0.31973618263009196	0.7982795512115922	-0.9995	4.73171967426848	-3.7646814717857877
0.30958992690201165	0.8085730607019517	-0.9995	6.219470708380564	-2.5899597567216315
0.3127162250075261	0.8047559003539859	-0.9995	5.8707923061000375	-6.801008821393344
0.3085418811026233	0.8094192275796372	-0.9995	6.314485534453432	-2.1340163802861767
0.31636482736669985	0.801542857857569	-0.9995	5.340266324600757	-3.218804582932412
0.31551728971902354	0.8021357428117061	-0.9995	5.47537279718963	-4.923248836459242
0.304370699745743	0.8132016018992034	-0.9995	6.58378911697301	-7.640180320208939
0.3068922823693788	0.8107104770610094	-0.9995	6.441786417013949	-5.555829412096196
0.3157602399961744	0.8023979035276283	-0.9995	5.437378374625119	-3.380653525005904
0.30424393788504334	0.813754450469539	-0.9995	6.589249154449668	-2.3190760855663157
0.3116746757569666	0.8058169393778706	-0.9995	5.9978139281586795	-6.377160263030133
0.3078283046742899	0.8100785177409948	-0.9995	6.372892427942654	-2.315992307164768
0.31413432873972563	0.8017024401945841	-0.9995	5.680407953697029	-81.71335505948704
0.29175527342330865	0.8274223779085574	-0.9995	6.339426616688197	-2.0796966007752964
0.3248508506230248	0.7931941031760155	-0.9995	3.591480314870731	-6.1405043228069385
0.3031074939269942	0.8150907897328374	-0.9995	6.63102160577867	-1.7733793240299462
0.3115551130637624	0.8062035574878417	-0.9995	6.011701008728538	-3.1863363995637553
0.31043790034667523	0.8071650722906244	-0.9995	6.134555380074584	-4.751448404760755
0.2924577912035093	0.8266298807305638	-0.9995	6.394879630660892	-2.0355629260779615
0.3045882775911648	0.8132060049504034	-0.9995	6.574042742042273	-4.008306796760827
0.30335928976953946	0.8150127878955329	-0.9995	6.622880059531537	-2.117619578489455
0.2963891385463976	0.8215524886614615	-0.9995	6.614112596124642	-11.649503697544105
0.30130581599325246	0.8165668890087274	-0.9995	6.670778421269031	-5.200052464796929
0.33192225157673877	0.7863742308090154	-0.9995	1.5841534696671924	-12.17450657112861
0.29905344797130445	0.8192323423873913	-0.9995	6.674824394595062	-2.5604359876995932
0.2911053539670587	0.828167561778678	-0.9995	6.283730558053611	-2.115801938875558
0.30927595831751026	0.808865706341242	-0.9995	6.249087184769261	-2.427046589451683
0.2968911192681946	0.8217441358132712	-0.9995	6.630978501287245	-1.8091575439302687
0.299848481007178	0.8184269708879524	-0.9995	6.679189408284271	-2.126229567366993
0.306269647750225	0.8118488579938274	-0.9995	6.482761783750691	-1.9088524521869044
0.28336079798865976	0.8371503542315566	-0.9995	5.294988980439257	-3.086901540014196
0.2907202390020146	0.8287642893999083	-0.9995	6.248734377411546	-2.3763881995404343
0.31973618263009196	0.7982795512115922	-0.9995	4.73171967426848	-3.7646814717857877
0.3181131471572531	0.7997328626763389	-0.9995	5.03887369860867	-4.056909333868232
0.30673617952410176	0.8111754733036413	-0.9995	6.45242362540556	-2.3776201673190496
0.3085418811026233	0.8094192275796372	-0.9995	6.314485534453432	-2.1340163802861767
0.31116262764632074	0.8066609076151535	-0.9995	6.056282918458178	-2.7460549366424534
0.31551728971902354	0.8021357428117061	-0.9995	5.47537279718963	-4.923248836459242
0.3039555187161291	0.8135780827879551	-0.9995	6.601073556741962	-8.802233292558899
0.3057582703243594	0.8120138960574461	-0.9995	6.5135158126682065	-3.7664179230600574
0.3161988933331997	0.8019761778725405	-0.9995	5.367283472208285	-3.5070688413698434
0.30424393788504334	0.813754450469539	-0.9995	6.589249154449668	-2.3190760855663157
0.3116746757569666	0.8058169393778706	-0.9995	5.9978139281586795	-6.377160263030133
0.3078283046742899	0.8100785177409948	-0.9995	6.372892427942654	-2.315992307164768
0.31413432873972563	0.8017024401945841	-0.9995	5.680407953697029	-81.71335505948704
0.29175527342330865	0.8274223779085574	-0.9995	6.339426616688197	-2.0796966007752964
0.3248508506230248	0.7931941031760155	-0.9995	3.591480314870731	-6.1405043228069385
0.3031074939269942	0.8150907897328374	-0.9995	6.63102160577867	-1.7733793240299462
0.3115551130637624	0.8062035574878417	-0.9995	6.011701008728538	-3.1863363995637553
0.3093435448463505	0.8083506842309791	-0.9995	6.242795046831382	-3.7713723215806354
0.2924577912035093	0.8266298807305638	-0.9995	6.394879630660892	-2.0355629260779615
0.3045882775911648	0.8132060049504034	-0.9995	6.574042742042273	-4.008306796760827
0.3034270513874976	0.8149917965612598	-0.9995	6.620580792247454	-2.4014913367040958
0.2963891385463976	0.8215524886614615	-0.9995	6.614112596124642	-11.649503697544105
0.30130581599325246	0.8165668890087274	-0.9995	6.670778421269031	-5.200052464796929
0.33192225157673877	0.7863742308090154	-0.9995	1.5841534696671924	-12.17450657112861
0.29905344797130445	0.8192323423873913	-0.9995	6.674824394595062	-2.5604359876995932
0.2955800852040753	0.8233959043947078	-0.9995	6.58162596429403	-2.1912134776014547
0.30927595831751026	0.808865706341242	-0.9995	6.249087184769261	-2.427046589451683
0.2968911192681946	0.8217441358132712	-0.9995	6.630978501287245	-1.8091575439302687
0.299848481007178	0.8184269708879524	-0.9995	6.679189408284271	-2.126229567366993
0.306269647750225	0.8118488579938274	-0.9995	6.482761783750691	-1.9088524521869044
0.2835702816901133	0.8369189916297954	-0.9995	5.329625979599067	-3.057670592728547
0.2923919200772793	0.8268461966397539	-0.9995	6.389889797757673	-2.102488489259672
0.3131654526614872	0.8047020462718767	-0.9995	5.812658479400895	-2.7675122041618607
0.3181131471572531	0.7997328626763389	-0.9995	5.03887369860867	-4.056909333868232
0.3002322984885077	0.818198661561727	-0.9995	6.679034385371384	-1.7079695877550272
0.3011894547358984	0.8172684987780352	-0.9995	6.672230185466443	-1.8994207666343108
0.30567239696373116	0.8120260594995111	-0.9995	6.5184237617394665	-4.715598267004754
0.31551728971902354	0.8021357428117061	-0.9995	5.47537279718963	-4.923248836459242
0.3039555187161291	0.8135780827879551	-0.9995	6.601073556741962	-8.802233292558899
0.308868209585107	0.8089581480084868	-0.9995	6.286078492083279	-2.6999025848725164
0.31370171814513104	0.8042981982840506	-0.9995	5.740618797667134	-2.6494991381691815
0.3036517711444367	0.8143517535697791	-0.9995	6.612627035853496	-2.440972180190453
0.3116746757569666	0.8058169393778706	-0.9995	5.9978139281586795	-6.377160263030133
0.3078283046742899	0.8100785177409948	-0.9995	6.372892427942654	-2.315992307164768
0.31302061311712964	0.8036460406058858	-0.9995	5.831622368580357	-31.732653775328146
0.29276098374709747	0.8262665289899852	-0.9995	6.4172874167612655	-2.06628321110691
0.3248508506230248	0.7931941031760155	-0.9995	3.591480314870731	-6.1405043228069385
0.3031074939269942	0.8150907897328374	-0.9995	6.63102160577867	-1.7733793240299462
0.3115551130637624	0.8062035574878417	-0.9995	6.011701008728538	-3.1863363995637553
0.3093435448463505	0.8083506842309791	-0.9995	6.242795046831382	-3.7713723215806354
0.2924577912035093	0.8266298807305638	-0.9995	6.394879630660892	-2.0355629260779615
0.30308608212980115	0.8148606986057846	-0.9995	6.631684683750809	-3.1033168877256507
0.3034270513874976	0.8149917965612598	-0.9995	6.620580792247454	-2.4014913367040958
0.2963891385463976	0.8215524886614615	-0.9995	6.614112596124642	-11.649503697544105
0.30130581599325246	0.8165668890087274	-0.9995	6.670778421269031	-5.200052464796929
0.33192225157673877	0.7863742308090154	-0.9995	1.5841534696671924	-12.17450657112861
0.29905344797130445	0.8192323423873913	-0.9995	6.674824394595062	-2.5604359876995932
0.2914324658048711	0.8280294376999368	-0.9995	6.312290987386685	-2.636162990317363
0.3121003805689496	0.8060012021426447	-0.9995	5.947208148743131	-2.701082574819109
0.2942550440907673	0.8248355399659979	-0.9995	6.514281606315063	-2.1786479744926233
0.299848481007178	0.8184269708879524	-0.9995	6.679189408284271	-2.126229567366993
0.30640365850390294	0.8117065104676866	-0.9995	6.474269987137157	-1.9146952023197823
0.2835702816901133	0.8369189916297954	-0.9995	5.329625979599067	-3.057670592728547
0.2923919200772793	0.8268461966397539	-0.9995	6.389889797757673	-2.102488489259672
0.3131654526614872	0.8047020462718767	-0.9995	5.812658479400895	-2.7675122041618607
0.3181131471572531	0.7997328626763389	-0.9995	5.03887369860867	-4.056909333868232
0.3002322984885077	0.818198661561727	-0.9995	6.679034385371384	-1.7079695877550272
0.30564705500796124	0.8125101820609059	-0.9995	6.519858046995498	-1.8872985023986324
0.30610784752259557	0.8115950661094073	-0.9995	6.4927751915138145	-4.464391957076273
0.31551728971902354	0.8021357428117061	-0.9995	5.47537279718963	-4.923248836459242
0.3039555187161291	0.8135780827879551	-0.9995	6.601073556741962	-8.802233292558899
0.308868209585107	0.8089581480084868	-0.9995	6.286078492083279	-2.6999025848725164
0.3139713161137713	0.8040588990411062	-0.9995	5.703315828555567	-2.723482828027265
0.3048553274096182	0.8130714031743888	-0.9995	6.561433177037252	-2.6349728893804425
0.3116746757569666	0.8058169393778706	-0.9995	5.9978139281586795	-6.377160263030133
0.3077434366565318	0.8101699525994757	-0.9995	6.379500142041596	-2.2906943049989614
0.31302061311712964	0.8036460406058858	-0.9995	5.831622368580357	-31.732653775328146
0.29114711295734846	0.8280097447049812	-0.9995	6.2874361533604635	-2.4111935388363825
0.31647934535719424	0.8016145560563417	-0.9995	5.321460081301801	-3.1781197059525326
0.3031074939269942	0.8150907897328374	-0.9995	6.63102160577867	-1.7733793240299462
0.31139674605872	0.8064799316087502	-0.9995	6.029875094675452	-2.5303372045522625
0.3093435448463505	0.8083506842309791	-0.9995	6.242795046831382	-3.7713723215806354
0.2863863466733248	0.833368563237682	-0.9995	5.752646413815728	-3.272769446300754
0.3013771551314864	0.8166385980242021	-0.9995	6.669821417029302	-3.3487395960136244
0.3034270513874976	0.8149917965612598	-0.9995	6.620580792247454	-2.4014913367040958
0.3015056768380707	0.8163886887272009	-0.9995	6.667968884606687	-4.7163790831967916
0.2976514913979079	0.8207725104750221	-0.9995	6.651726735039697	-2.3998460050382757
0.33192225157673877	0.7863742308090154	-0.9995	1.5841534696671924	-12.17450657112861
0.29905344797130445	0.8192323423873913	-0.9995	6.674824394595062	-2.5604359876995932
0.286859807118571	0.8331378057243705	-0.9995	5.815980853504415	-2.7255540024573843
0.3089072277280925	0.809239669660997	-0.9995	6.282610669309701	-2.3821855191640005
0.29490406755528475	0.824077661555722	-0.9995	6.5494615609046924	-1.9837798526289951
0.299848481007178	0.8184269708879524	-0.9995	6.679189408284271	-2.126229567366993
0.30749242251002423	0.8107467376795794	-0.9995	6.39862222296661	-2.554107620590271
0.28490605023379445	0.8354407479450812	-0.9995	5.5401676005865195	-3.12774272941102
0.287820502980953	0.8320077976648714	-0.9995	5.93760346012533	-2.535848906763193
0.3124721488969114	0.805396947557479	-0.9995	5.901531707776559	-2.670449506210314
0.3080106430195876	0.8103623708345756	-0.9995	6.358452190373862	-3.8721496120944376
0.2989350060045176	0.8195302262588211	-0.9995	6.673633137258133	-1.7701192558683552
0.312447213488092	0.8056032004105008	-0.9995	5.904638580219499	-2.5726469539239485
0.30610784752259557	0.8115950661094073	-0.9995	6.4927751915138145	-4.464391957076273
0.31551728971902354	0.8021357428117061	-0.9995	5.47537279718963	-4.923248836459242
0.3039555187161291	0.8135780827879551	-0.9995	6.601073556741962	-8.802233292558899
0.30536009020702126	0.8125549628093093	-0.9995	6.535651363173173	-2.5919198172896643
0.3139713161137713	0.8040588990411062	-0.9995	5.703315828555567	-2.723482828027265
0.3041786047892003	0.8137952587764264	-0.9995	6.592000508388562	-2.489633826831298
0.31163066007954876	0.8058401203774034	-0.9995	6.002942928880152	-6.724209135562482
0.3077434366565318	0.8101699525994757	-0.9995	6.379500142041596	-2.2906943049989614
0.3130992533946154	0.8036801914416597	-0.9995	5.821352000828481	-26.940443333689473
0.29114711295734846	0.8280097447049812	-0.9995	6.2874361533604635	-2.4111935388363825
0.31647934535719424	0.8016145560563417	-0.9995	5.321460081301801	-3.1781197059525326
0.2982727976392959	0.8200002810754448	-0.9995	6.66438805833609	-3.193578096477676
0.31139674605872	0.8064799316087502	-0.9995	6.029875094675452	-2.5303372045522625
0.3092100047281613	0.8084767448392054	-0.9995	6.2551832628464314	-3.863626168944874
0.29229185381138584	0.8267180313077066	-0.9995	6.382226609984965	-2.3560329141220144
0.3004526686724614	0.8176705187339326	-0.9995	6.678279653675061	-2.891880966239471
0.30359350793322054	0.8148153361748556	-0.9995	6.614737701979605	-2.399090232881578
0.3005231457349882	0.8174909698040288	-0.9995	6.677935791010018	-3.969468067592029
0.300128072329159	0.8182837397468058	-0.9995	6.679222185702718	-1.7032977448984017
0.33192225157673877	0.7863742308090154	-0.9995	1.5841534696671924	-12.17450657112861
0.2983948300084263	0.8199025346282025	-0.9995	6.666421344800957	-2.881223151163093
0.286859807118571	0.8331378057243705	-0.9995	5.815980853504415	-2.7255540024573843
0.31124843751167486	0.8068922967547809	-0.9995	6.046667466039928	-2.763428991560666
0.29158676572302095	0.8277554551447215	-0.9995	6.325391643313525	-2.188616409333589
0.291796751444961	0.8273877375922223	-0.9995	6.342837764031451	-2.0605278628997397
0.30749242251002423	0.8107467376795794	-0.9995	6.39862222296661	-2.554107620590271
0.28490605023379445	0.8354407479450812	-0.9995	5.5401676005865195	-3.12774272941102
0.29012056110834794	0.8295219358381222	-0.9995	6.191287634240764	-2.8320746446975296
0.3100475007004258	0.8079283701025489	-0.9995	6.174542846684913	-2.2131367078371245
0.308952400706526	0.8093521343552634	-0.9995	6.27857680625916	-3.491178765821452
0.2999025345187071	0.8184893870452813	-0.9995	6.679256700709981	-1.7322620071614558
0.312447213488092	0.8056032004105008	-0.9995	5.904638580219499	-2.5726469539239485
0.30994773907214296	0.8078434678877564	-0.9995	6.184516635073001	-2.9015842785112316
0.3166466940906067	0.8008980144325197	-0.9995	5.293742077578999	-6.915206750700973
0.3055778748635429	0.812073507408396	-0.9995	6.523740758343482	-5.442880677835202
0.3068631026302946	0.8109896586805898	-0.9995	6.443793309740416	-2.7326864396411263
0.3139713161137713	0.8040588990411062	-0.9995	5.703315828555567	-2.723482828027265
0.3041786047892003	0.8137952587764264	-0.9995	6.592000508388562	-2.489633826831298
0.31019211777790157	0.8076371971517752	-0.9995	6.159907874317113	-2.66936722710615
0.3078697318099579	0.8100460265581885	-0.9995	6.369640804506881	-2.275987267814534
0.3084422863613982	0.8088629282451851	-0.9995	6.322943203270949	-10.702463827907525
0.29114711295734846	0.8280097447049812	-0.9995	6.2874361533604635	-2.4111935388363825
0.31647934535719424	0.8016145560563417	-0.9995	5.321460081301801	-3.1781197059525326
0.29914599914905826	0.8190265942067961	-0.9995	6.675657611043153	-3.5142380709937235
0.31139674605872	0.8064799316087502	-0.9995	6.029875094675452	-2.5303372045522625
0.3092367820844567	0.808447873278155	-0.9995	6.252713481931497	-3.882244613917063
0.28875001949544543	0.8306925306100738	-0.9995	6.0464938915459125	-2.7784614228518993
0.30086982284383634	0.8171482353613535	-0.9995	6.675521239411902	-3.661997691023279
0.30359350793322054	0.8148153361748556	-0.9995	6.614737701979605	-2.399090232881578
0.3005231457349882	0.8174909698040288	-0.9995	6.677935791010018	-3.969468067592029
0.300128072329159	0.8182837397468058	-0.9995	6.679222185702718	-1.7032977448984017
0.33192225157673877	0.7863742308090154	-0.9995	1.5841534696671924	-12.17450657112861
0.2983948300084263	0.8199025346282025	-0.9995	6.666421344800957	-2.881223151163093
0.28316789537692705	0.8373984959303648	-0.9995	5.262705468099833	-3.128344095784902
0.31124843751167486	0.8068922967547809	-0.9995	6.046667466039928	-2.763428991560666
0.29158676572302095	0.8277554551447215	-0.9995	6.325391643313525	-2.188616409333589
0.291796751444961	0.8273877375922223	-0.9995	6.342837764031451	-2.0605278628997397
0.3056868700278136	0.8125000353673691	-0.9995	6.517601744743978	-1.9458850757153883
0.28490605023379445	0.8354407479450812	-0.9995	5.5401676005865195	-3.12774272941102
0.29012056110834794	0.8295219358381222	-0.9995	6.191287634240764	-2.8320746446975296
0.31065927984734537	0.8072067049082898	-0.9995	6.111202963990083	-2.514882414239535
0.3047271514296208	0.8138579224893188	-0.9995	6.567574395117369	-4.787109719338808
0.2973579921548423	0.8210222630746863	-0.9995	6.6444031710408265	-2.9211274196721977
0.31322737524874866	0.804793319406517	-0.9995	5.804486918454154	-2.611716893310563
0.3103887201022948	0.8073936870195623	-0.9995	6.139676671491079	-2.9644017703672123
0.30914504126038117	0.8089929267655049	-0.9995	6.2611453000398285	-2.387307481100976
0.3048388912829509	0.812894700595012	-0.9995	6.562229854069109	-4.655218872227316
0.30354593306547034	0.814224016369853	-0.9995	6.61643599178622	-4.930815098621151
0.3139713161137713	0.8040588990411062	-0.9995	5.703315828555567	-2.723482828027265
0.3041786047892003	0.8137952587764264	-0.9995	6.592000508388562	-2.489633826831298
0.31019211777790157	0.8076371971517752	-0.9995	6.159907874317113	-2.66936722710615
0.3078697318099579	0.8100460265581885	-0.9995	6.369640804506881	-2.275987267814534
0.3084422863613982	0.8088629282451851	-0.9995	6.322943203270949	-10.702463827907525
0.29114711295734846	0.8280097447049812	-0.9995	6.2874361533604635	-2.4111935388363825
0.31647934535719424	0.8016145560563417	-0.9995	5.321460081301801	-3.1781197059525326
0.29914599914905826	0.8190265942067961	-0.9995	6.675657611043153	-3.5142380709937235
0.31088501872331903	0.8069973290836551	-0.9995	6.086886035275169	-2.469181438911251
0.31114453335493636	0.8066793631935323	-0.9995	6.058301079813754	-2.7425878906805163
0.28875001949544543	0.8306925306100738	-0.9995	6.0464938915459125	-2.7784614228518993
0.3004419005361467	0.8175932093254076	-0.9995	6.678327817890965	-3.7870641681810984
0.3000410737850588	0.8184921924417408	-0.9995	6.679295763031105	-1.883725591346165
0.3005231457349882	0.8174909698040288	-0.9995	6.677935791010018	-3.969468067592029
0.300128072329159	0.8182837397468058	-0.9995	6.679222185702718	-1.7032977448984017
0.33192225157673877	0.7863742308090154	-0.9995	1.5841534696671924	-12.17450657112861
0.30395640801817636	0.8141316561403172	-0.9995	6.601038376278748	-1.9567995793749198
0.28316789537692705	0.8373984959303648	-0.9995	5.262705468099833	-3.128344095784902
0.31124843751167486	0.8068922967547809	-0.9995	6.046667466039928	-2.763428991560666
0.2949771250768939	0.8238405111733372	-0.9995	6.55315783584436	-1.8781031597224853
0.2918781139909154	0.8272452591608935	-0.9995	6.349479036587379	-2.152000760477879
0.302471402798838	0.8159293749040477	-0.9995	6.648765039339677	-2.001870367035254
0.283282858407539	0.8372110238216547	-0.9995	5.2819900831982505	-3.109042746682464
0.29012056110834794	0.8295219358381222	-0.9995	6.191287634240764	-2.8320746446975296
0.3109442536612909	0.8070546266174252	-0.9995	6.080420757296801	-2.304964137610673
0.3022269898926403	0.8165081502126734	-0.9995	6.65450677840059	-4.958078229743789
0.29417152515426476	0.8244825966380454	-0.9995	6.509448603173357	-3.2631033208168922
0.31087908818540866	0.807129453123449	-0.9995	6.0875313995807065	-2.303724716749917
0.3036920494692662	0.8145754853560617	-0.9995	6.6111480518926555	-1.832133270825011
0.3093514682745068	0.8087802305926381	-0.9995	6.24205440386466	-2.3976750736004924
0.3024342035733933	0.815509767654795	-0.9995	6.649677463126595	-3.4668806714292213
0.30354593306547034	0.814224016369853	-0.9995	6.61643599178622	-4.930815098621151
0.3139713161137713	0.8040588990411062	-0.9995	5.703315828555567	-2.723482828027265
0.3041786047892003	0.8137952587764264	-0.9995	6.592000508388562	-2.489633826831298
0.3099529030236679	0.8079094932992609	-0.9995	6.18400280531751	-2.49730580690993
0.30829536553576503	0.809609489894604	-0.9995	6.335238751450408	-2.307341809889447
0.3084422863613982	0.8088629282451851	-0.9995	6.322943203270949	-10.702463827907525
0.28919769327262346	0.8300873567268316	-0.9995	6.0958550451485785	-3.354665380886349
0.31548106351093064	0.8026395201431951	-0.9995	5.480987561162858	-3.173093246999831
0.29914599914905826	0.8190265942067961	-0.9995	6.675657611043153	-3.5142380709937235
0.3107972730120313	0.8070674052586381	-0.9995	6.096398675828501	-2.5290979053682836
0.31149167329933186	0.8062914556663524	-0.9995	6.019011422217314	-3.010059625684793
0.29202176362774657	0.827245195345798	-0.9995	6.361042920252462	-2.0962463806065124
0.30392610620219085	0.8140402438845812	-0.9995	6.602232648755791	-2.616616369460342
0.30741798821379357	0.8104403585369477	-0.9995	6.4041714526102975	-2.615621558637814
0.30006023098906154	0.8179912765585547	-0.9995	6.679286059449984	-3.8988228696476686
0.30106819289835374	0.8172184918909247	-0.9995	6.6735990179697335	-1.7847224192699134
0.3212542818058936	0.7973016714644044	-0.9995	4.420581722888498	-6.849664767947646
0.3014343916837451	0.8166826436132234	-0.9995	6.6690168007982145	-2.4541327581035723
0.2821389661248486	0.8386460742277903	-0.9995	5.084221542863677	-3.3434500311924715
0.3075642154494158	0.8105282097958255	-0.9995	6.3932174214842945	-2.0168273529288143
0.29195084669863924	0.827206704449176	-0.9995	6.355359853966167	-2.058855531947682
0.2918781139909154	0.8272452591608935	-0.9995	6.349479036587379	-2.152000760477879
0.31222448267447844	0.8055265611824748	-0.9995	5.932114315017081	-3.30201006980338
0.29204112962137535	0.8273096571329887	-0.9995	6.362586109791456	-2.3900907720583096
0.2838845127924341	0.8362501962305875	-0.9995	5.380759558624101	-3.8604367310344454
0.3091614901668177	0.8087410635665951	-0.9995	6.259639687926711	-2.316593974738179
0.3022269898926403	0.8165081502126734	-0.9995	6.65450677840059	-4.958078229743789
0.29417152515426476	0.8244825966380454	-0.9995	6.509448603173357	-3.2631033208168922
0.3093793036630222	0.8086348982372055	-0.9995	6.2394475122942925	-2.143063499961853
0.3036920494692662	0.8145754853560617	-0.9995	6.6111480518926555	-1.832133270825011
0.3093514682745068	0.8087802305926381	-0.9995	6.24205440386466	-2.3976750736004924
0.3040898954917228	0.8138256299336171	-0.9995	6.595667972644128	-2.9683403824965584
0.30354593306547034	0.814224016369853	-0.9995	6.61643599178622	-4.930815098621151
0.3139713161137713	0.8040588990411062	-0.9995	5.703315828555567	-2.723482828027265
0.30534089232850825	0.812587074305114	-0.9995	6.536678543986607	-2.509854459462833
0.314328718242047	0.803458201426316	-0.9995	5.6527433660103465	-3.376583408169589
0.30829536553576503	0.809609489894604	-0.9995	6.335238751450408	-2.307341809889447
0.3084422863613982	0.8088629282451851	-0.9995	6.322943203270949	-10.702463827907525
0.28933131691972913	0.829936782983682	-0.9995	6.110200204973911	-3.3656337698047416
0.31995491634611817	0.7982999808192098	-0.9995	4.688310766407327	-4.095540983787699
0.3014649269844329	0.8166160955082883	-0.9995	6.668574142961601	-2.7070679555248223
0.310687316871598	0.8071100820544773	-0.9995	6.1082104887404824	-2.8725504283270453
0.31159348520117697	0.8061495172327228	-0.9995	6.007259702760652	-3.3087725504451244
0.29202176362774657	0.827245195345798	-0.9995	6.361042920252462	-2.0962463806065124
0.30386858851214343	0.8141237862945077	-0.9995	6.604474312928758	-2.4517486101712365
0.310569262256592	0.8072349436729309	-0.9995	6.1207576750671	-2.82664300660738
0.3020705399735644	0.8159712471724425	-0.9995	6.657868519399559	-2.740359172250832
0.30106819289835374	0.8172184918909247	-0.9995	6.6735990179697335	-1.7847224192699134
0.3236853024445065	0.7948338253742414	-0.9995	3.8743364388714707	-5.755266261600408
0.3014343916837451	0.8166826436132234	-0.9995	6.6690168007982145	-2.4541327581035723
0.28823525699473257	0.8317528513756692	-0.9995	5.987258308410256	-3.70402108055392
0.3075642154494158	0.8105282097958255	-0.9995	6.3932174214842945	-2.0168273529288143
0.29188986828601865	0.8271736077851509	-0.9995	6.35043301621957	-2.359354590973423
0.29572550781705714	0.8230562419682763	-0.9995	6.587947781200002	-1.8003444196633591
0.3120695345998452	0.8056861819012018	-0.9995	5.950935871025895	-3.252472727873946
0.28361840737748295	0.836633449489478	-0.9995	5.337521314059677	-3.481677972341595
0.28746996197856645	0.8322956476328778	-0.9995	5.894294934217349	-2.5051034373599137
0.30748420383610237	0.8104558848065209	-0.9995	6.399237663008552	-2.1922751511556093
0.299241771076528	0.8197942728151925	-0.9995	6.676429642808252	-6.125802607762999
0.29417152515426476	0.8244825966380454	-0.9995	6.509448603173357	-3.2631033208168922
0.30530759805914476	0.812692404999204	-0.9995	6.538451212523013	-2.1240508006238645
0.30362352115632063	0.8146499309741353	-0.9995	6.613654670458683	-1.834315250474564
0.31520870592457867	0.802609653094069	-0.9995	5.522780518808627	-3.3705302143308877
0.3040898954917228	0.8138256299336171	-0.9995	6.595667972644128	-2.9683403824965584
0.30589886288700036	0.8119696074461547	-0.9995	6.505321281512048	-2.8100435188815336
0.3139713161137713	0.8040588990411062	-0.9995	5.703315828555567	-2.723482828027265
0.30534089232850825	0.812587074305114	-0.9995	6.536678543986607	-2.509854459462833
0.30398751052130313	0.8143877251683593	-0.9995	6.5998029975226835	-2.328256453759341
0.30829536553576503	0.809609489894604	-0.9995	6.335238751450408	-2.307341809889447
0.3084422863613982	0.8088629282451851	-0.9995	6.322943203270949	-10.702463827907525
0.2935863865285997	0.8253886840132033	-0.9995	6.473632009507563	-1.9360461665378548
0.31995491634611817	0.7982999808192098	-0.9995	4.688310766407327	-4.095540983787699
0.3014664650643058	0.8166127434436786	-0.9995	6.668551599386053	-2.7214407867166237
0.310687316871598	0.8071100820544773	-0.9995	6.1082104887404824	-2.8725504283270453
0.31159348520117697	0.8061495172327228	-0.9995	6.007259702760652	-3.3087725504451244
0.29202176362774657	0.827245195345798	-0.9995	6.361042920252462	-2.0962463806065124
0.30535598571144185	0.8125955137942417	-0.9995	6.535871283604353	-2.360700531409533
0.310569262256592	0.8072349436729309	-0.9995	6.1207576750671	-2.82664300660738
0.29855629101644743	0.8198381712132814	-0.9995	6.668882720164248	-2.129747122534326
0.30039033831467976	0.8179796081684104	-0.9995	6.678542378310665	-1.7188158901887096
0.3236853024445065	0.7948338253742414	-0.9995	3.8743364388714707	-5.755266261600408
0.3000657036473821	0.8182009725521046	-0.9995	6.679282613463803	-2.0936724167390626
0.28601557686076984	0.8341895801225294	-0.9995	5.701483745625021	-3.1535059022402745
0.3065221463865696	0.8116181492344469	-0.9995	6.466612230870984	-1.9655142464897413
0.29240371398056536	0.8266163842307657	-0.9995	6.390786391864911	-2.24807046615015
0.2965913336886782	0.8221822835300125	-0.9995	6.621209168200499	-1.7995287018370565
0.3040811823283369	0.8140755160791627	-0.9995	6.596023952324552	-1.7998099571870139
0.29180340582984066	0.8274768759518377	-0.9995	6.34338341835875	-2.0891130101309354
0.28746996197856645	0.8322956476328778	-0.9995	5.894294934217349	-2.5051034373599137
0.31022126199695105	0.8077568530425212	-0.9995	6.15693321425862	-2.2280138919835597
0.299241771076528	0.8197942728151925	-0.9995	6.676429642808252	-6.125802607762999
0.29417152515426476	0.8244825966380454	-0.9995	6.509448603173357	-3.2631033208168922
0.3040197665324259	0.8140547263009004	-0.9995	6.598511583434142	-1.9964074648155794
0.30362352115632063	0.8146499309741353	-0.9995	6.613654670458683	-1.834315250474564
0.30776749880047355	0.8104488850047785	-0.9995	6.377634010233409	-2.488454871855252
0.3038057312941295	0.814083533829515	-0.9995	6.606886244894616	-3.3321695480927307
0.30176132066643235	0.816168560081945	-0.9995	6.663792945860191	-4.055034115494923
0.3139713161137713	0.8040588990411062	-0.9995	5.703315828555567	-2.723482828027265
0.30534089232850825	0.812587074305114	-0.9995	6.536678543986607	-2.509854459462833
0.30398751052130313	0.8143877251683593	-0.9995	6.5998029975226835	-2.328256453759341
0.30345272500352743	0.8145127192313467	-0.9995	6.619697648560281	-2.787229683721785
0.3084422863613982	0.8088629282451851	-0.9995	6.322943203270949	-10.702463827907525
0.2886418125726111	0.830691475815935	-0.9995	6.034262090131728	-3.653426178589376
0.313688969955345	0.8044560208037838	-0.9995	5.742364706118506	-3.1171979516549886
0.3014664650643058	0.8166127434436786	-0.9995	6.668551599386053	-2.7214407867166237
0.30971099077667746	0.8081090862801206	-0.9995	6.207787488986625	-2.716716016243325
0.31159348520117697	0.8061495172327228	-0.9995	6.007259702760652	-3.3087725504451244
0.29354295509612316	0.8254342892628055	-0.9995	6.4708370538567905	-1.9422110942984219
0.2994586062241003	0.8190910416395006	-0.9995	6.677838662207286	-1.7621719673870402
0.310569262256592	0.8072349436729309	-0.9995	6.1207576750671	-2.82664300660738
0.3014279294166947	0.8167964784944374	-0.9995	6.669109286214889	-1.9009928168396346
0.30012635375358043	0.8182534795820204	-0.9995	6.67922437195498	-1.7275838255433413
0.32091599386607694	0.7974994858427431	-0.9995	4.491910201281357	-5.243361602753353
0.29970639602252924	0.818567313385074	-0.9995	6.678873181832266	-2.3118196273918628
0.28267930614977155	0.8378207563597623	-0.9995	5.179272021043493	-3.4346797365067463
0.3065221463865696	0.8116181492344469	-0.9995	6.466612230870984	-1.9655142464897413
0.2910805483083544	0.8280894273268101	-0.9995	6.281521105912203	-2.396526707562929
0.2958413965550109	0.8230119067141599	-0.9995	6.592834285246825	-1.8470771473174334
0.3040811823283369	0.8140755160791627	-0.9995	6.596023952324552	-1.7998099571870139
0.2949133884565092	0.8241260210072805	-0.9995	6.549936113338331	-2.2143223831249674
0.28746996197856645	0.8322956476328778	-0.9995	5.894294934217349	-2.5051034373599137
0.31022126199695105	0.8077568530425212	-0.9995	6.15693321425862	-2.2280138919835597
0.299241771076528	0.8197942728151925	-0.9995	6.676429642808252	-6.125802607762999
0.29417152515426476	0.8244825966380454	-0.9995	6.509448603173357	-3.2631033208168922
0.3040197665324259	0.8140547263009004	-0.9995	6.598511583434142	-1.9964074648155794
0.3023362592763183	0.8160468409746404	-0.9995	6.652013661279282	-1.9029121082882074
0.3091551534069419	0.8089553165455464	-0.9995	6.260220028787002	-2.285830728382722
0.3038057312941295	0.814083533829515	-0.9995	6.606886244894616	-3.3321695480927307
0.30140675491313773	0.8165935521941917	-0.9995	6.669409401382014	-3.4904009628643546
0.3139713161137713	0.8040588990411062	-0.9995	5.703315828555567	-2.723482828027265
0.30534089232850825	0.812587074305114	-0.9995	6.536678543986607	-2.509854459462833
0.30538387051997334	0.8129431097355231	-0.9995	6.534373889431009	-2.488198449150076
0.30345272500352743	0.8145127192313467	-0.9995	6.619697648560281	-2.787229683721785
0.30898628017141005	0.8085247009802177	-0.9995	6.27553804171481	-6.323307566817618
0.2886418125726111	0.830691475815935	-0.9995	6.034262090131728	-3.653426178589376
0.313688969955345	0.8044560208037838	-0.9995	5.742364706118506	-3.1171979516549886
0.3014664650643058	0.8166127434436786	-0.9995	6.668551599386053	-2.7214407867166237
0.3100083484099993	0.8079385544806735	-0.9995	6.17846900883052	-2.2427462795105253
0.31159348520117697	0.8061495172327228	-0.9995	6.007259702760652	-3.3087725504451244
0.29354295509612316	0.8254342892628055	-0.9995	6.4708370538567905	-1.9422110942984219
0.2977181837252769	0.821118900417408	-0.9995	6.653270770752245	-2.4202398537160814
0.3073110524824962	0.8107494361691914	-0.9995	6.41204675630113	-1.969532262828146
0.3014279294166947	0.8167964784944374	-0.9995	6.669109286214889	-1.9009928168396346
0.30012635375358043	0.8182534795820204	-0.9995	6.67922437195498	-1.7275838255433413
0.3159337748136077	0.8024051192365627	-0.9995	5.409878299256405	-4.933185591677585
0.29911281361166503	0.8191489475180772	-0.9995	6.6753686998719655	-2.7089839468961276
0.28267930614977155	0.8378207563597623	-0.9995	5.179272021043493	-3.4346797365067463
0.3065221463865696	0.8116181492344469	-0.9995	6.466612230870984	-1.9655142464897413
0.2902885283081883	0.8289434383132724	-0.9995	6.2077407862059015	-2.656203893292771
0.2958413965550109	0.8230119067141599	-0.9995	6.592834285246825	-1.8470771473174334
0.3040811823283369	0.8140755160791627	-0.9995	6.596023952324552	-1.7998099571870139
0.2961096337979776	0.8227383462491101	-0.9995	6.603629452381009	-1.8791250612403214
0.29127134824424816	0.8279114728598675	-0.9995	6.298357390944252	-2.2457478929717443
0.3111918120988706	0.8067281612438099	-0.9995	6.053020908028069	-2.3919679238496396
0.299241771076528	0.8197942728151925	-0.9995	6.676429642808252	-6.125802607762999
0.29417152515426476	0.8244825966380454	-0.9995	6.509448603173357	-3.2631033208168922
0.3040197665324259	0.8140547263009004	-0.9995	6.598511583434142	-1.9964074648155794
0.3000495524927559	0.8185357318949777	-0.9995	6.679291921062507	-2.10572537560936
0.3091551534069419	0.8089553165455464	-0.9995	6.260220028787002	-2.285830728382722
0.3038057312941295	0.814083533829515	-0.9995	6.606886244894616	-3.3321695480927307
0.2997799020422523	0.8184807425438013	-0.9995	6.679061982755176	-2.2351330481724823
0.3139713161137713	0.8040588990411062	-0.9995	5.703315828555567	-2.723482828027265
0.30534089232850825	0.812587074305114	-0.9995	6.536678543986607	-2.509854459462833
0.3047875724607453	0.8135884164397031	-0.9995	6.564699947975766	-2.6159722729099872
0.3042112656210509	0.8136596819564327	-0.9995	6.590630407654974	-3.338097241497305
0.308584244195653	0.8088725350666514	-0.9995	6.310857956257188	-7.400469753000415
0.2902642358152815	0.8289343578027585	-0.9995	6.205378677007962	-2.8740305050637236
0.313688969955345	0.8044560208037838	-0.9995	5.742364706118506	-3.1171979516549886
0.3014664650643058	0.8166127434436786	-0.9995	6.668551599386053	-2.7214407867166237
0.3093374838183707	0.8086645562039316	-0.9995	6.243361178018528	-2.1386252984624328
0.3101883449628835	0.8076647374053345	-0.9995	6.160292332896631	-2.5484278519659824
0.29354295509612316	0.8254342892628055	-0.9995	6.4708370538567905	-1.9422110942984219
0.2950947736761847	0.8241507701805555	-0.9995	6.558997971870948	-4.0582680796002855
0.3073110524824962	0.8107494361691914	-0.9995	6.41204675630113	-1.969532262828146
0.3014279294166947	0.8167964784944374	-0.9995	6.669109286214889	-1.9009928168396346
0.30012635375358043	0.8182534795820204	-0.9995	6.67922437195498	-1.7275838255433413
0.3159337748136077	0.8024051192365627	-0.9995	5.409878299256405	-4.933185591677585
0.2985301585185307	0.8198742607295048	-0.9995	6.6685020284069605	-2.0907734154449873
0.28267930614977155	0.8378207563597623	-0.9995	5.179272021043493	-3.4346797365067463
0.3065221463865696	0.8116181492344469	-0.9995	6.466612230870984	-1.9655142464897413
0.2902713765178757	0.8289407863576488	-0.9995	6.2060736240255	-2.7836428685677888
0.28716621175394413	0.8325321328214165	-0.9995	5.855773594587193	-2.843418579191818
0.3036608403049327	0.8145641133509743	-0.9995	6.612295439619102	-1.7742159681734666
0.2961096337979776	0.8227383462491101	-0.9995	6.603629452381009	-1.8791250612403214
0.2896715666626717	0.8296844294168414	-0.9995	6.145921522292026	-2.5174993039046445
0.3122879169310968	0.805595565201124	-0.9995	5.92433968578252	-2.600004572227867
0.299241771076528	0.8197942728151925	-0.9995	6.676429642808252	-6.125802607762999
0.2932703540290714	0.8254073778060236	-0.9995	6.4528635238400245	-4.059053910792754
0.30074553622981565	0.8175127009168571	-0.9995	6.6765250769603615	-1.9307579043161507
0.3004297870742765	0.8181316201260148	-0.9995	6.678380613664125	-2.1206151568498868
0.30461099474949327	0.8137364317912461	-0.9995	6.572997835410927	-2.3661962254511373
0.3038057312941295	0.814083533829515	-0.9995	6.606886244894616	-3.3321695480927307
0.2941515816641231	0.824585466247474	-0.9995	6.508284213153093	-2.6196613813364813
0.3139713161137713	0.8040588990411062	-0.9995	5.703315828555567	-2.723482828027265
0.30534089232850825	0.812587074305114	-0.9995	6.536678543986607	-2.509854459462833
0.3005890341513773	0.8178969534677905	-0.9995	6.677569392152757	-1.8557245703258811
0.3042112656210509	0.8136596819564327	-0.9995	6.590630407654974	-3.338097241497305
0.30742751097943904	0.8101858097008382	-0.9995	6.403464601561762	-5.193312457576059
0.2902296039068908	0.8289249059436679	-0.9995	6.202000999228982	-3.227545722050639
0.3155053143841602	0.8026374630535758	-0.9995	5.477230327551975	-3.280042832369194
0.3022341343552216	0.8157349041151122	-0.9995	6.654347416724292	-3.3184839964255417
0.3093374838183707	0.8086645562039316	-0.9995	6.243361178018528	-2.1386252984624328
0.3140506043219577	0.8037805830682723	-0.9995	5.692206789249117	-3.0655365321100403
0.2903092416108719	0.8289466409386856	-0.9995	6.209750207527918	-2.5219298131620462
0.2950947736761847	0.8241507701805555	-0.9995	6.558997971870948	-4.0582680796002855
0.31034944791539393	0.8074914529142376	-0.9995	6.14374883754294	-2.6127494321938265
0.3014279294166947	0.8167964784944374	-0.9995	6.669109286214889	-1.9009928168396346
0.29663097165426144	0.8217741199195704	-0.9995	6.62255243833825	-3.2903096837206185
0.3159337748136077	0.8024051192365627	-0.9995	5.409878299256405	-4.933185591677585
0.2985301585185307	0.8198742607295048	-0.9995	6.6685020284069605	-2.0907734154449873
0.28267930614977155	0.8378207563597623	-0.9995	5.179272021043493	-3.4346797365067463
0.3093798798374185	0.8088285199370746	-0.9995	6.239393469488149	-2.8200369509105627
0.2922448801081214	0.8268441782029854	-0.9995	6.378594775623144	-2.0999940885841237
0.28462754191024237	0.835448010651694	-0.9995	5.497741859703427	-3.3312635008999054
0.3036608403049327	0.8145641133509743	-0.9995	6.612295439619102	-1.7742159681734666
0.2961096337979776	0.8227383462491101	-0.9995	6.603629452381009	-1.8791250612403214
0.2896715666626717	0.8296844294168414	-0.9995	6.145921522292026	-2.5174993039046445
0.31312561987372634	0.8047330096048266	-0.9995	5.817894712962399	-2.794342911861648
0.299241771076528	0.8197942728151925	-0.9995	6.676429642808252	-6.125802607762999
0.2932703540290714	0.8254073778060236	-0.9995	6.4528635238400245	-4.059053910792754
0.3006056887815851	0.8176770159715837	-0.9995	6.677469903809509	-1.875278217511692
0.30627450039214404	0.811785905165893	-0.9995	6.48245742245512	-1.9168618463079454
0.3061587825881496	0.8123771358618831	-0.9995	6.489651183469725	-5.022142593876886
0.3063197459182732	0.8115552673673305	-0.9995	6.479608255952545	-2.6708580669463196
0.2941515816641231	0.824585466247474	-0.9995	6.508284213153093	-2.6196613813364813
0.32028017201503844	0.7978247869997893	-0.9995	4.622877313512456	-3.7604575317920332
0.30534089232850825	0.812587074305114	-0.9995	6.536678543986607	-2.509854459462833
0.3041430972126828	0.8142042821428511	-0.9995	6.5934779257414995	-2.2208605050207915
0.3042112656210509	0.8136596819564327	-0.9995	6.590630407654974	-3.338097241497305
0.3073003740516778	0.8103350436730087	-0.9995	6.4128268918381455	-4.921748083235192
0.2915826345422032	0.8274594963266134	-0.9995	6.325043992059646	-2.6962528518267295
0.3155053143841602	0.8026374630535758	-0.9995	5.477230327551975	-3.280042832369194
0.30203134513911956	0.8160019278282276	-0.9995	6.658672382939077	-2.82879302848556
0.3099874830998364	0.8079826367558786	-0.9995	6.1805551049626075	-2.2121429967367447
0.31068205819808153	0.807001091255922	-0.9995	6.108772361574195	-3.8166392204189084
0.2903092416108719	0.8289466409386856	-0.9995	6.209750207527918	-2.5219298131620462
0.297930452026132	0.8208875246334254	-0.9995	6.657889054229495	-2.407502322385076
0.31034944791539393	0.8074914529142376	-0.9995	6.14374883754294	-2.6127494321938265
0.3033570155787993	0.8145400005779402	-0.9995	6.622956430328694	-3.46598307250658
0.2963627235551705	0.8219995844231038	-0.9995	6.613155298629643	-4.013448640009521
0.3159337748136077	0.8024051192365627	-0.9995	5.409878299256405	-4.933185591677585
0.29853005290566414	0.8198749957774376	-0.9995	6.668500476009468	-2.087610169821163
0.28267930614977155	0.8378207563597623	-0.9995	5.179272021043493	-3.4346797365067463
0.3107840703329803	0.807521824556361	-0.9995	6.097823333576871	-4.003861072822856
0.2922448801081214	0.8268441782029854	-0.9995	6.378594775623144	-2.0999940885841237
0.27762034580761275	0.8435884957596417	-0.9995	4.175059589456021	-6.817504068006576
0.30884591507276893	0.8092461728612624	-0.9995	6.288053130936996	-2.185617627369984
0.29848054870068885	0.8202195367857745	-0.9995	6.667760537055308	-2.0033093085019047
0.2896715666626717	0.8296844294168414	-0.9995	6.145921522292026	-2.5174993039046445
0.3109167398807814	0.8070150690419831	-0.9995	6.083428150186984	-2.343836570014508
0.29954719594999996	0.8193510210825656	-0.9995	6.678279040771718	-4.424872690421347
0.2932703540290714	0.8254073778060236	-0.9995	6.4528635238400245	-4.059053910792754
0.302737767493335	0.8153852124274298	-0.9995	6.641827344072391	-2.023769588100384
0.3092672537792013	0.8088122887530553	-0.9995	6.249894235269597	-2.2150332965092154
0.30588228101846465	0.8126582690365678	-0.9995	6.506298048409251	-4.919263700035783
0.30928170056574833	0.8083819806298529	-0.9995	6.248554371349135	-4.112618103571615
0.29563776477515274	0.823034636762618	-0.9995	6.584158717525709	-2.092661672400725
0.32028017201503844	0.7978247869997893	-0.9995	4.622877313512456	-3.7604575317920332
0.30534089232850825	0.812587074305114	-0.9995	6.536678543986607	-2.509854459462833
0.3041430972126828	0.8142042821428511	-0.9995	6.5934779257414995	-2.2208605050207915
0.3025939110522754	0.815416284571011	-0.9995	6.645662325574618	-2.7673775822384545
0.3071536814931903	0.8104634644341662	-0.9995	6.423428403780134	-5.235651304378836
0.29206805960121784	0.8269476491833108	-0.9995	6.364725805861038	-2.474522314923721
0.313594336130533	0.8044365532982988	-0.9995	5.755274324160624	-2.675651462334585
0.30203134513911956	0.8160019278282276	-0.9995	6.658672382939077	-2.82879302848556
0.3099874830998364	0.8079826367558786	-0.9995	6.1805551049626075	-2.2121429967367447
0.31068205819808153	0.807001091255922	-0.9995	6.108772361574195	-3.8166392204189084
0.2903092416108719	0.8289466409386856	-0.9995	6.209750207527918	-2.5219298131620462
0.2999868477840507	0.8187129707660336	-0.9995	6.679303333406278	-2.8494132084204473
0.31034944791539393	0.8074914529142376	-0.9995	6.14374883754294	-2.6127494321938265
0.30405919499980283	0.8138741240120294	-0.9995	6.596918878078078	-2.8290388240221986
0.2963627235551705	0.8219995844231038	-0.9995	6.613155298629643	-4.013448640009521
0.3151122954728308	0.8031432150506397	-0.9995	5.537396826019485	-4.056168772110741
0.29820834166569776	0.8200741361165763	-0.9995	6.663254000375826	-3.152686148752611
0.2805637655707461	0.8401342493479516	-0.9995	4.790468154365625	-5.122197644894515
0.31939801203345136	0.7985439983509462	-0.9995	4.797889844060578	-3.945401437103114
0.2922448801081214	0.8268441782029854	-0.9995	6.378594775623144	-2.0999940885841237
0.2849634506570545	0.8355119220090544	-0.9995	5.548815117596024	-3.9544446380750005
0.30884591507276893	0.8092461728612624	-0.9995	6.288053130936996	-2.185617627369984
0.29685736404019714	0.8221475431591471	-0.9995	6.6299233944309695	-3.1909741698609846
0.2894759221645479	0.8298946414663846	-0.9995	6.125523126876933	-2.5888118453258446
0.30904377529236937	0.8089434347972122	-0.9995	6.270354840615845	-2.122499425252819
0.3045755575281026	0.8138756595208568	-0.9995	6.5746255648453165	-3.1467912587206435
0.2932703540290714	0.8254073778060236	-0.9995	6.4528635238400245	-4.059053910792754
0.3017150472232008	0.816440625763405	-0.9995	6.664597263421156	-2.1243555863841994
0.3092672537792013	0.8088122887530553	-0.9995	6.249894235269597	-2.2150332965092154
0.3141788724357715	0.8035783722902377	-0.9995	5.6741020805607985	-3.5596187584627916
0.3077541442394951	0.8099884046464858	-0.9995	6.378670433875724	-3.5157534085543904
0.2946953736832716	0.8240641391439903	-0.9995	6.538608896509562	-2.1562643023572825
0.3204906434199876	0.7976096750852002	-0.9995	4.579971859484788	-3.8105782770813743
0.3114901840361677	0.8065106360284703	-0.9995	6.019182552385185	-2.3703252926589506
0.30301027630704214	0.8154076636587573	-0.9995	6.633995381086503	-2.248707185596789
0.3025939110522754	0.815416284571011	-0.9995	6.645662325574618	-2.7673775822384545
0.29898696394358276	0.8195921663088221	-0.9995	6.674172988052193	-1.75442178744572
0.29283094004236027	0.8260805943086443	-0.9995	6.422327094929033	-2.505393109066672
0.313594336130533	0.8044365532982988	-0.9995	5.755274324160624	-2.675651462334585
0.30203134513911956	0.8160019278282276	-0.9995	6.658672382939077	-2.82879302848556
0.3099874830998364	0.8079826367558786	-0.9995	6.1805551049626075	-2.2121429967367447
0.31098796729337896	0.8065500947020819	-0.9995	6.07562707210837	-5.636973166512865
0.29341200961636293	0.8256018963758976	-0.9995	6.4622961118357285	-1.9275344402058021
0.30884227228307	0.8093487238706654	-0.9995	6.28837530267046	-2.590768732609291
0.3100856065170929	0.8078804297809713	-0.9995	6.170706904222067	-2.224238136123125
0.2992957028598912	0.8188835551178303	-0.9995	6.6768240260023735	-3.32757491599134
0.29265641135109954	0.8258065974686988	-0.9995	6.409662727088902	-8.52297296020272
0.3151122954728308	0.8031432150506397	-0.9995	5.537396826019485	-4.056168772110741
0.29885825069972255	0.8194104449663293	-0.9995	6.672786240986779	-2.812649013885066
0.2805637655707461	0.8401342493479516	-0.9995	4.790468154365625	-5.122197644894515
0.31939801203345136	0.7985439983509462	-0.9995	4.797889844060578	-3.945401437103114
0.2922448801081214	0.8268441782029854	-0.9995	6.378594775623144	-2.0999940885841237
0.2849634506570545	0.8355119220090544	-0.9995	5.548815117596024	-3.9544446380750005
0.3140736411519556	0.8039718318055256	-0.9995	5.688967321940112	-2.7664566068571332
0.29685736404019714	0.8221475431591471	-0.9995	6.6299233944309695	-3.1909741698609846
0.29254551653681665	0.8266170196815226	-0.9995	6.40145757979583	-1.992027757699974
0.30904377529236937	0.8089434347972122	-0.9995	6.270354840615845	-2.122499425252819
0.3045755575281026	0.8138756595208568	-0.9995	6.5746255648453165	-3.1467912587206435
0.2931303660612741	0.8255525666732304	-0.9995	6.443344846049724	-4.18559341164452
0.3017150472232008	0.816440625763405	-0.9995	6.664597263421156	-2.1243555863841994
0.3092672537792013	0.8088122887530553	-0.9995	6.249894235269597	-2.2150332965092154
0.3139765404544792	0.8037875757703852	-0.9995	5.702585782931729	-3.466249484492854
0.3077541442394951	0.8099884046464858	-0.9995	6.378670433875724	-3.5157534085543904
0.2946953736832716	0.8240641391439903	-0.9995	6.538608896509562	-2.1562643023572825
0.3204906434199876	0.7976096750852002	-0.9995	4.579971859484788	-3.8105782770813743
0.31246722833287127	0.8055340901535222	-0.9995	5.902145286790457	-2.4909830710372063
0.2969738176758028	0.821821279997761	-0.9995	6.633515301013782	-1.9204627248994566
0.3025939110522754	0.815416284571011	-0.9995	6.645662325574618	-2.7673775822384545
0.29847291371649715	0.8201179822530392	-0.9995	6.667644235723888	-1.7247861442628754
0.29283094004236027	0.8260805943086443	-0.9995	6.422327094929033	-2.505393109066672
0.3085592703117988	0.8094726570209209	-0.9995	6.312998656957996	-2.069442163378346
0.3040587625478378	0.813987474613235	-0.9995	6.596936431211544	-2.107852007764267
0.30966091267869356	0.8084502362090561	-0.9995	6.2126380293834895	-2.3696507052313596
0.31098796729337896	0.8065500947020819	-0.9995	6.07562707210837	-5.636973166512865
0.29341200961636293	0.8256018963758976	-0.9995	6.4622961118357285	-1.9275344402058021
0.30884227228307	0.8093487238706654	-0.9995	6.28837530267046	-2.590768732609291
0.30970094375920026	0.808298963556361	-0.9995	6.208762649214366	-2.172760110580823
0.29836894999700975	0.8199349221714343	-0.9995	6.666002577748927	-2.844572388920156
0.29265641135109954	0.8258065974686988	-0.9995	6.409662727088902	-8.52297296020272
0.3154355351330601	0.8028297066868959	-0.9995	5.488025474090534	-4.157053706507725
0.29885825069972255	0.8194104449663293	-0.9995	6.672786240986779	-2.812649013885066
0.2805637655707461	0.8401342493479516	-0.9995	4.790468154365625	-5.122197644894515
0.31939801203345136	0.7985439983509462	-0.9995	4.797889844060578	-3.945401437103114
0.29203268012601424	0.8273791913204755	-0.9995	6.361913268438158	-2.728678348490419
0.2849634506570545	0.8355119220090544	-0.9995	5.548815117596024	-3.9544446380750005
0.3140736411519556	0.8039718318055256	-0.9995	5.688967321940112	-2.7664566068571332
0.29685736404019714	0.8221475431591471	-0.9995	6.6299233944309695	-3.1909741698609846
0.29254551653681665	0.8266170196815226	-0.9995	6.40145757979583	-1.992027757699974
0.30585848677984	0.8122232129200392	-0.9995	6.507694861562399	-1.8863006618903597
0.30104230644734226	0.8174804436728422	-0.9995	6.673872184659343	-2.138167555724282
0.2931303660612741	0.8255525666732304	-0.9995	6.443344846049724	-4.18559341164452
0.3031652723835199	0.8149330257315919	-0.9995	6.629209452000829	-2.0432582565868174
0.30604416083553465	0.8121878240938177	-0.9995	6.496644797281144	-2.1595472595535536
0.31330900388532196	0.8044961894538084	-0.9995	5.793656276212624	-3.0833144619599073
0.3077541442394951	0.8099884046464858	-0.9995	6.378670433875724	-3.5157534085543904
0.29292690361963514	0.8258985793029809	-0.9995	6.429160736280547	-3.016757138294114
0.3204906434199876	0.7976096750852002	-0.9995	4.579971859484788	-3.8105782770813743
0.31246722833287127	0.8055340901535222	-0.9995	5.902145286790457	-2.4909830710372063
0.3015659002289983	0.8169619094176371	-0.9995	6.667043980674315	-2.3699055197672365
0.3036562962337472	0.8142531131988137	-0.9995	6.612461687565631	-3.200732989668065
0.29816681220947144	0.82043774711606	-0.9995	6.662501310933486	-1.7227179426661579
0.2945681037165154	0.8240904457964597	-0.9995	6.53177671213753	-2.859799950522115
0.3085592703117988	0.8094726570209209	-0.9995	6.312998656957996	-2.069442163378346
0.3040028371012918	0.8140501953490364	-0.9995	6.59919067401281	-2.086847142094463
0.3100438245507299	0.808094860382159	-0.9995	6.174912140280977	-2.5508269513537734
0.31109931871915614	0.8064161004312472	-0.9995	6.063329818163149	-5.984316674556501
0.29366340852206607	0.8256459287460518	-0.9995	6.478542240519076	-3.261418944042177
0.31819673232931367	0.7997013775873777	-0.9995	5.023698860986752	-3.763396767692047
0.31320845698038263	0.8045050694915581	-0.9995	5.806987519297105	-3.7423272999792276
0.29836894999700975	0.8199349221714343	-0.9995	6.666002577748927	-2.844572388920156
0.28884236681497066	0.8306183392033413	-0.9995	6.056840306851862	-2.6240140956306472
0.31457649351061834	0.8036123676843129	-0.9995	5.616933382984706	-3.484166793588094
0.3033520941756386	0.8144952723208451	-0.9995	6.623121521498449	-4.029752054188959
0.2805637655707461	0.8401342493479516	-0.9995	4.790468154365625	-5.122197644894515
0.3155792849302842	0.8023994919030334	-0.9995	5.465733603615297	-2.9209671606831424
0.29240606272185793	0.8269842060995838	-0.9995	6.390964781388421	-2.854659582033973
0.2849634506570545	0.8355119220090544	-0.9995	5.548815117596024	-3.9544446380750005
0.313810426749321	0.8041523337130081	-0.9995	5.72566476331839	-2.659782507849842
0.29877461986891596	0.8199748826294159	-0.9995	6.671796415981921	-2.3914401111629875
0.28636804068172406	0.8333927098136316	-0.9995	5.75015262403455	-3.2565135370853877
0.30585848677984	0.8122232129200392	-0.9995	6.507694861562399	-1.8863006618903597
0.30104230644734226	0.8174804436728422	-0.9995	6.673872184659343	-2.138167555724282
0.2965966312328368	0.8218843565552761	-0.9995	6.62138960348369	-2.6637591065287456
0.3025006044984034	0.8156336151795939	-0.9995	6.648039084023024	-2.025473464185213
0.30604416083553465	0.8121878240938177	-0.9995	6.496644797281144	-2.1595472595535536
0.31330900388532196	0.8044961894538084	-0.9995	5.793656276212624	-3.0833144619599073
0.3093871438438552	0.8082588214353357	-0.9995	6.238711850584057	-4.307456923782322
0.29301262381929083	0.825804140138934	-0.9995	6.435187068856491	-3.0036356699697837
0.3204906434199876	0.7976096750852002	-0.9995	4.579971859484788	-3.8105782770813743
0.31246722833287127	0.8055340901535222	-0.9995	5.902145286790457	-2.4909830710372063
0.3015659002289983	0.8169619094176371	-0.9995	6.667043980674315	-2.3699055197672365
0.3039785845162744	0.8139273453096335	-0.9995	6.600158524544508	-3.0986419424102003
0.3003930952928051	0.8179904803681609	-0.9995	6.678531578764073	-1.7080027917178953
0.2945681037165154	0.8240904457964597	-0.9995	6.53177671213753	-2.859799950522115
0.3085592703117988	0.8094726570209209	-0.9995	6.312998656957996	-2.069442163378346
0.3040028371012918	0.8140501953490364	-0.9995	6.59919067401281	-2.086847142094463
0.31589689793768705	0.8023247751275889	-0.9995	5.415747378104005	-3.806017730302539
0.31031619876004735	0.8071182232058695	-0.9995	6.147184414026187	-7.426091763022496
0.29337247505727776	0.8257166571889668	-0.9995	6.459683763978173	-1.9559754028943281
0.32455084416959906	0.7933437710177931	-0.9995	3.665584451110516	-7.711038471608009
0.31320845698038263	0.8045050694915581	-0.9995	5.806987519297105	-3.7423272999792276
0.29836894999700975	0.8199349221714343	-0.9995	6.666002577748927	-2.844572388920156
0.2935789443102654	0.8255993903417986	-0.9995	6.473154417456833	-2.292901896653923
0.31457649351061834	0.8036123676843129	-0.9995	5.616933382984706	-3.484166793588094
0.3033520941756386	0.8144952723208451	-0.9995	6.623121521498449	-4.029752054188959
0.28289190175434853	0.8375588146523676	-0.9995	5.215869070395888	-3.439955516353189
0.31577960263391974	0.8021572077285417	-0.9995	5.434324901888164	-3.0141901184227144
0.29261202964287275	0.8267140593549832	-0.9995	6.406393668321247	-2.5737622616018108
0.2849634506570545	0.8355119220090544	-0.9995	5.548815117596024	-3.9544446380750005
0.31510980106581965	0.80278497020222	-0.9995	5.537773757066976	-2.9987767722341907
0.29877461986891596	0.8199748826294159	-0.9995	6.671796415981921	-2.3914401111629875
0.2856665289206277	0.8341732522595514	-0.9995	5.652062232394194	-3.563034911851908
0.3021474859285562	0.8164730660418189	-0.9995	6.656245719243465	-3.471650217126431
0.30093107920434103	0.8176066592904011	-0.9995	6.674969655886418	-2.177904340013736
0.29668812654107535	0.821791374683221	-0.9995	6.624461669270552	-2.611152868922197
0.3025006044984034	0.8156336151795939	-0.9995	6.648039084023024	-2.025473464185213
0.3059775782076245	0.8122556204975078	-0.9995	6.500646992168862	-2.1505580036421232
0.31223617170149964	0.805573565690135	-0.9995	5.930684708767295	-2.915974020249486
0.30822749113620895	0.8096182024676626	-0.9995	6.340846146328214	-2.617643174844023
0.2922731189510126	0.8266188631779535	-0.9995	6.380780744584197	-3.1312681108397307
0.3204906434199876	0.7976096750852002	-0.9995	4.579971859484788	-3.8105782770813743
0.31246722833287127	0.8055340901535222	-0.9995	5.902145286790457	-2.4909830710372063
0.30175508316378985	0.8168061992729213	-0.9995	6.663902613751107	-2.6981208441336815
0.3056263942213467	0.8122786293175772	-0.9995	6.521022638640183	-2.6025331929709736
0.3006074023562939	0.8177508169511476	-0.9995	6.677459510198043	-1.716887196371152
0.2945681037165154	0.8240904457964597	-0.9995	6.53177671213753	-2.859799950522115
0.30889597384033907	0.8091269680254936	-0.9995	6.283612445470213	-2.098609305444837
0.3040028371012918	0.8140501953490364	-0.9995	6.59919067401281	-2.086847142094463
0.3153926656776987	0.8027844142379919	-0.9995	5.494633414983182	-3.4665619794135996
0.31031619876004735	0.8071182232058695	-0.9995	6.147184414026187	-7.426091763022496
0.2966151526000421	0.8221579285534579	-0.9995	6.622018238705191	-1.8014385046543744
0.32105807111029	0.7968366018201157	-0.9995	4.462092403880046	-5.025645147451474
0.31462159474025925	0.8030364119665556	-0.9995	5.610349034568314	-4.5963589570913275
0.29836894999700975	0.8199349221714343	-0.9995	6.666002577748927	-2.844572388920156
0.29466919185432316	0.824349509790478	-0.9995	6.537216620880129	-2.040186209243773
0.31457649351061834	0.8036123676843129	-0.9995	5.616933382984706	-3.484166793588094
0.30028868354451854	0.8178492738359061	-0.9995	6.67888750736582	-2.8585973619951037
0.28289190175434853	0.8375588146523676	-0.9995	5.215869070395888	-3.439955516353189
0.31577960263391974	0.8021572077285417	-0.9995	5.434324901888164	-3.0141901184227144
0.29261202964287275	0.8267140593549832	-0.9995	6.406393668321247	-2.5737622616018108
0.2849634506570545	0.8355119220090544	-0.9995	5.548815117596024	-3.9544446380750005
0.31510980106581965	0.80278497020222	-0.9995	5.537773757066976	-2.9987767722341907
0.2989864626245777	0.8197348195210704	-0.9995	6.67416790825331	-2.314446487007501
0.2921982609856909	0.8271583153344484	-0.9995	6.374968540073237	-2.503141891061464
0.3021474859285562	0.8164730660418189	-0.9995	6.656245719243465	-3.471650217126431
0.30033221087786777	0.8182514877047663	-0.9995	6.678752377973332	-2.2028534259931902
0.29668812654107535	0.821791374683221	-0.9995	6.624461669270552	-2.611152868922197
0.304898167341453	0.8130936287072634	-0.9995	6.559343981785817	-2.2230913608836698
0.30578050088263464	0.8124489348937091	-0.9995	6.5122332460395	-2.0923970305212833
0.3109232856847437	0.8068476019551907	-0.9995	6.082713347557565	-3.060982357081393
0.30822749113620895	0.8096182024676626	-0.9995	6.340846146328214	-2.617643174844023
0.2922731189510126	0.8266188631779535	-0.9995	6.380780744584197	-3.1312681108397307
0.3204906434199876	0.7976096750852002	-0.9995	4.579971859484788	-3.8105782770813743
0.3135508315378714	0.8046122129064498	-0.9995	5.761179021471349	-3.212366000837477
0.3018420296462899	0.8166995929211582	-0.9995	6.662338832221145	-2.5900760350607683
0.3056263942213467	0.8122786293175772	-0.9995	6.521022638640183	-2.6025331929709736
0.3006074023562939	0.8177508169511476	-0.9995	6.677459510198043	-1.716887196371152
0.2945681037165154	0.8240904457964597	-0.9995	6.53177671213753	-2.859799950522115
0.30889597384033907	0.8091269680254936	-0.9995	6.283612445470213	-2.098609305444837
0.3040028371012918	0.8140501953490364	-0.9995	6.59919067401281	-2.086847142094463
0.3153926656776987	0.8027844142379919	-0.9995	5.494633414983182	-3.4665619794135996
0.31031619876004735	0.8071182232058695	-0.9995	6.147184414026187	-7.426091763022496
0.2966151526000421	0.8221579285534579	-0.9995	6.622018238705191	-1.8014385046543744
0.32105807111029	0.7968366018201157	-0.9995	4.462092403880046	-5.025645147451474
0.31648682157804997	0.801116434899621	-0.9995	5.320227769577928	-5.94928947333055
0.3007196122313442	0.8174131926230888	-0.9995	6.676714989492698	-2.6673248008396193
0.28998273393765855	0.8292854780466946	-0.9995	6.177576101491512	-2.707577281525074
0.31457649351061834	0.8036123676843129	-0.9995	5.616933382984706	-3.484166793588094
0.30509472011224203	0.8129808316795768	-0.9995	6.549523333199781	-1.9002598057310163
0.28289190175434853	0.8375588146523676	-0.9995	5.215869070395888	-3.439955516353189
0.31524028457142944	0.8028095126880507	-0.9995	5.517972829219447	-2.9218739248546495
0.29261202964287275	0.8267140593549832	-0.9995	6.406393668321247	-2.5737622616018108
0.2849634506570545	0.8355119220090544	-0.9995	5.548815117596024	-3.9544446380750005
0.3118185952541488	0.8061813519169423	-0.9995	5.980908229403257	-2.4093860467746264
0.2987751566531929	0.8199238964752043	-0.9995	6.671802992189111	-2.1028895879147633
0.2921982609856909	0.8271583153344484	-0.9995	6.374968540073237	-2.503141891061464
0.3021474859285562	0.8164730660418189	-0.9995	6.656245719243465	-3.471650217126431
0.30033221087786777	0.8182514877047663	-0.9995	6.678752377973332	-2.2028534259931902
0.297286343233203	0.8211547095855479	-0.9995	6.642484533070284	-2.4987635366332945
0.304459337197958	0.8134142683129317	-0.9995	6.579875757084741	-3.211687813414679
0.310715988350115	0.8069809611588628	-0.9995	6.105142166711197	-3.679977918170586
0.3109232856847437	0.8068476019551907	-0.9995	6.082713347557565	-3.060982357081393
0.3105031867453018	0.8072905991914947	-0.9995	6.1277195392767805	-2.8905511767943484
0.2922731189510126	0.8266188631779535	-0.9995	6.380780744584197	-3.1312681108397307
0.32366376947377895	0.7944416534932776	-0.9995	3.8794342697694346	-4.900043803350682
0.32126447346439324	0.7969874475638976	-0.9995	4.4184150397207755	-4.1378611475799065
0.30106341070998854	0.8176091897399044	-0.9995	6.673649986619608	-3.291767413382871
0.3056263942213467	0.8122786293175772	-0.9995	6.521022638640183	-2.6025331929709736
0.3006074023562939	0.8177508169511476	-0.9995	6.677459510198043	-1.716887196371152
0.2945681037165154	0.8240904457964597	-0.9995	6.53177671213753	-2.859799950522115
0.30889597384033907	0.8091269680254936	-0.9995	6.283612445470213	-2.098609305444837
0.30300272926764354	0.8151738934340877	-0.9995	6.634222283036383	-1.8148051658562103
0.32403231122853116	0.7940050799787507	-0.9995	3.791544283385274	-5.594578494672778
0.31031619876004735	0.8071182232058695	-0.9995	6.147184414026187	-7.426091763022496
0.2938022843115123	0.8254095909974493	-0.9995	6.487245799533566	-2.6069549307902253
0.32105807111029	0.7968366018201157	-0.9995	4.462092403880046	-5.025645147451474
0.31648682157804997	0.801116434899621	-0.9995	5.320227769577928	-5.94928947333055
0.3007196122313442	0.8174131926230888	-0.9995	6.676714989492698	-2.6673248008396193
0.28998273393765855	0.8292854780466946	-0.9995	6.177576101491512	-2.707577281525074
0.31457649351061834	0.8036123676843129	-0.9995	5.616933382984706	-3.484166793588094
0.30334037852646384	0.8149223567442598	-0.9995	6.623513554809895	-1.7824683062450024
0.28289190175434853	0.8375588146523676	-0.9995	5.215869070395888	-3.439955516353189
0.31892353550699726	0.799181727117935	-0.9995	4.8888032178872685	-3.513394813657417
0.2877041636724909	0.8319607951928472	-0.9995	5.92336624334574	-2.6077641450333573
0.28491713112309514	0.8355670033797213	-0.9995	5.541839530520674	-3.9682736044595277
0.3118185952541488	0.8061813519169423	-0.9995	5.980908229403257	-2.4093860467746264
0.2968864031592605	0.8220460563192319	-0.9995	6.630831771876885	-2.6061715843414532
0.29106277859468827	0.82838140397923	-0.9995	6.27993456607239	-2.358326461561754
0.3031834955009202	0.8154580893495461	-0.9995	6.628630980288303	-4.445435993934357
0.30033221087786777	0.8182514877047663	-0.9995	6.678752377973332	-2.2028534259931902
0.2973033087447068	0.8211373541312378	-0.9995	6.642943479678326	-2.4915966013458437
0.304459337197958	0.8134142683129317	-0.9995	6.579875757084741	-3.211687813414679
0.310715988350115	0.8069809611588628	-0.9995	6.105142166711197	-3.679977918170586
0.3109232856847437	0.8068476019551907	-0.9995	6.082713347557565	-3.060982357081393
0.3105733728324889	0.8072210839655966	-0.9995	6.120323133036123	-2.8877036978159083
0.29316005027106584	0.8257397138690288	-0.9995	6.445379636838469	-2.349475622520414
0.32366376947377895	0.7944416534932776	-0.9995	3.8794342697694346	-4.900043803350682
0.3216585624403699	0.7965692960001	-0.9995	4.333837563393191	-4.130867210926935
0.3015223063861284	0.8171217453519937	-0.9995	6.667717114643963	-3.3055855328274646
0.3056263942213467	0.8122786293175772	-0.9995	6.521022638640183	-2.6025331929709736
0.2948033754316481	0.8241071002441578	-0.9995	6.544279663788206	-1.8425965393315487
0.2973954497861686	0.8210704407710497	-0.9995	6.645385789228355	-2.2802186212411772
0.3109430151475116	0.8071488297437143	-0.9995	6.080556295716857	-2.4970156998394977
0.30300272926764354	0.8151738934340877	-0.9995	6.634222283036383	-1.8148051658562103
0.32403231122853116	0.7940050799787507	-0.9995	3.791544283385274	-5.594578494672778
0.31057210557265114	0.8071307187654964	-0.9995	6.1204571171137925	-3.6222637625005607
0.29472536493132123	0.8244028808708974	-0.9995	6.54019532277152	-2.6389298670096686
0.32105807111029	0.7968366018201157	-0.9995	4.462092403880046	-5.025645147451474
0.31648682157804997	0.801116434899621	-0.9995	5.320227769577928	-5.94928947333055
0.30119635737390343	0.8169302087499105	-0.9995	6.672147843479735	-2.4878898081783234
0.28998273393765855	0.8292854780466946	-0.9995	6.177576101491512	-2.707577281525074
0.31457649351061834	0.8036123676843129	-0.9995	5.616933382984706	-3.484166793588094
0.30321057003560903	0.815019059453501	-0.9995	6.627765398542447	-1.7537595442728566
0.28289190175434853	0.8375588146523676	-0.9995	5.215869070395888	-3.439955516353189
0.3221517490979989	0.7960021265727765	-0.9995	4.225804257806728	-4.169141467991879
0.28610619510837065	0.8337564747150521	-0.9995	5.714115126476884	-2.981172682299018
0.2873187563072996	0.832588903835153	-0.9995	5.875234490341931	-2.6100438627531233
0.3118185952541488	0.8061813519169423	-0.9995	5.980908229403257	-2.4093860467746264
0.2968864031592605	0.8220460563192319	-0.9995	6.630831771876885	-2.6061715843414532
0.29106277859468827	0.82838140397923	-0.9995	6.27993456607239	-2.358326461561754
0.30183919832054196	0.8168370123180761	-0.9995	6.662390945998778	-3.8762739016136027
0.29763157158068715	0.8211827549599762	-0.9995	6.651256932423156	-2.2399494363808223
0.2979989535551702	0.8204654790299144	-0.9995	6.65928326393837	-2.0200305298400494
0.304459337197958	0.8134142683129317	-0.9995	6.579875757084741	-3.211687813414679
0.310715988350115	0.8069809611588628	-0.9995	6.105142166711197	-3.679977918170586
0.3095577165398474	0.8082833282594857	-0.9995	6.222554471029833	-2.597063597605631
0.309070008942551	0.8086887350102911	-0.9995	6.2679788872204245	-3.186167192498642
0.29316005027106584	0.8257397138690288	-0.9995	6.445379636838469	-2.349475622520414
0.32366376947377895	0.7944416534932776	-0.9995	3.8794342697694346	-4.900043803350682
0.32187656354879457	0.796354062002275	-0.9995	4.286384034787961	-4.163156341875247
0.3052505300550148	0.8132795150063991	-0.9995	6.5414638690171305	-4.388798830706113
0.30590232738334755	0.8119824587635448	-0.9995	6.505116855609128	-2.6852259730222734
0.295495461338522	0.8234195254973905	-0.9995	6.57784985554645	-1.9297244121389632
0.2997568981690686	0.8184670860303168	-0.9995	6.6790087058091885	-2.4803160072421306
0.3109430151475116	0.8071488297437143	-0.9995	6.080556295716857	-2.4970156998394977
0.30300272926764354	0.8151738934340877	-0.9995	6.634222283036383	-1.8148051658562103
0.32403231122853116	0.7940050799787507	-0.9995	3.791544283385274	-5.594578494672778
0.3077968218730784	0.809569149446101	-0.9995	6.375352041707631	-9.60846441806734
0.2931442104916194	0.8261272851666132	-0.9995	6.4442949493940915	-2.5702370504323397
0.32105807111029	0.7968366018201157	-0.9995	4.462092403880046	-5.025645147451474
0.31648682157804997	0.801116434899621	-0.9995	5.320227769577928	-5.94928947333055
0.30119635737390343	0.8169302087499105	-0.9995	6.672147843479735	-2.4878898081783234
0.28941740174356073	0.8298870336078589	-0.9995	6.119347269024244	-3.0038221084219305
0.3176430395251558	0.8004112396083476	-0.9995	5.1229199798791445	-3.264224086514231
0.30314185840695074	0.8150876587677686	-0.9995	6.629947827063564	-1.7519115425124134
0.28289190175434853	0.8375588146523676	-0.9995	5.215869070395888	-3.439955516353189
0.3222464564409041	0.7959298649616955	-0.9995	4.204780077424979	-4.17823523482945
0.29715007171337304	0.8217407107122675	-0.9995	6.638693742115617	-2.4700219932602643
0.2873187563072996	0.832588903835153	-0.9995	5.875234490341931	-2.6100438627531233
0.3109074848619529	0.8071435371917066	-0.9995	6.084438068241539	-2.3722823584371184
0.2974138101068643	0.8213884785184722	-0.9995	6.645862307493413	-2.0880279875352734
0.2906228337781682	0.82874966902933	-0.9995	6.239647966550887	-2.1420271427163478
0.2954789974836788	0.8234475073225463	-0.9995	6.577106879547287	-1.9596193046420325
0.2973608861038941	0.8214661959956705	-0.9995	6.644479587527103	-2.1905747280995183
0.2979989535551702	0.8204654790299144	-0.9995	6.65928326393837	-2.0200305298400494
0.29723079165697136	0.8214262242311122	-0.9995	6.640961624074702	-1.7421940571181729
0.310715988350115	0.8069809611588628	-0.9995	6.105142166711197	-3.679977918170586
0.3050747036162924	0.8127454361228366	-0.9995	6.550541114344142	-3.5060622577528733
0.309070008942551	0.8086887350102911	-0.9995	6.2679788872204245	-3.186167192498642
0.2917025177246844	0.8273499818011002	-0.9995	6.335063137764319	-2.5406536155396857
0.3299003206522678	0.7886414698426955	-0.9995	2.209158322768029	-6.436016143305483
0.32187656354879457	0.796354062002275	-0.9995	4.286384034787961	-4.163156341875247
0.31593957260614475	0.8019358228784548	-0.9995	5.408954323977397	-3.247635720521046
0.30402839097638945	0.8139295191226837	-0.9995	6.59816452901692	-2.646825752743773
0.295495461338522	0.8234195254973905	-0.9995	6.57784985554645	-1.9297244121389632
0.2982709185552541	0.8201940209537609	-0.9995	6.664355585097377	-1.926130546511109
0.3109430151475116	0.8071488297437143	-0.9995	6.080556295716857	-2.4970156998394977
0.30300272926764354	0.8151738934340877	-0.9995	6.634222283036383	-1.8148051658562103
0.32403231122853116	0.7940050799787507	-0.9995	3.791544283385274	-5.594578494672778
0.3077968218730784	0.809569149446101	-0.9995	6.375352041707631	-9.60846441806734
0.2935879200302795	0.8256325401482677	-0.9995	6.473730350619746	-2.528195169979142
0.32105807111029	0.7968366018201157	-0.9995	4.462092403880046	-5.025645147451474
0.31648682157804997	0.801116434899621	-0.9995	5.320227769577928	-5.94928947333055
0.30119635737390343	0.8169302087499105	-0.9995	6.672147843479735	-2.4878898081783234
0.28941740174356073	0.8298870336078589	-0.9995	6.119347269024244	-3.0038221084219305
0.3176430395251558	0.8004112396083476	-0.9995	5.1229199798791445	-3.264224086514231
0.2992092768161717	0.8190956639236511	-0.9995	6.676177982542981	-2.3468933065195188
0.28289190175434853	0.8375588146523676	-0.9995	5.215869070395888	-3.439955516353189
0.3219571996104005	0.796227108935153	-0.9995	4.268711124655343	-4.115190620425605
0.29715007171337304	0.8217407107122675	-0.9995	6.638693742115617	-2.4700219932602643
0.2873187563072996	0.832588903835153	-0.9995	5.875234490341931	-2.6100438627531233
0.31188523984615185	0.8061765867202529	-0.9995	5.97300956730742	-2.5305337947140263
0.2992023005971402	0.8192804881825315	-0.9995	6.676122576623586	-1.715165480346057
0.29083860132179556	0.8285260182649622	-0.9995	6.259648069605172	-2.1298520417363047
0.2954789974836788	0.8234475073225463	-0.9995	6.577106879547287	-1.9596193046420325
0.2928259388777125	0.8260300077125219	-0.9995	6.421968433378618	-2.8758634521380255
0.2982912941896029	0.8201445227153545	-0.9995	6.664705820577776	-2.03711380044874
0.29723079165697136	0.8214262242311122	-0.9995	6.640961624074702	-1.7421940571181729
0.31656797543967236	0.801284188044445	-0.9995	5.306815147462267	-3.5229272618266165
0.3050747036162924	0.8127454361228366	-0.9995	6.550541114344142	-3.5060622577528733
0.31553086772816197	0.8024326286008632	-0.9995	5.473264936361884	-2.925692815329457
0.2917025177246844	0.8273499818011002	-0.9995	6.335063137764319	-2.5406536155396857
0.32363266862271306	0.795027196178927	-0.9995	3.886789067155365	-7.470912867718693
0.32187656354879457	0.796354062002275	-0.9995	4.286384034787961	-4.163156341875247
0.3165028771633769	0.801368616033455	-0.9995	5.317579424962666	-3.4047003099468682
0.30402839097638945	0.8139295191226837	-0.9995	6.59816452901692	-2.646825752743773
0.295495461338522	0.8234195254973905	-0.9995	6.57784985554645	-1.9297244121389632
0.2982709185552541	0.8201940209537609	-0.9995	6.664355585097377	-1.926130546511109
0.3109430151475116	0.8071488297437143	-0.9995	6.080556295716857	-2.4970156998394977
0.30300272926764354	0.8151738934340877	-0.9995	6.634222283036383	-1.8148051658562103
0.3236167437036762	0.7944223763347449	-0.9995	3.8905512824845476	-5.305089735965712
0.3077968218730784	0.809569149446101	-0.9995	6.375352041707631	-9.60846441806734
0.29451248790514517	0.824564254366235	-0.9995	6.528740253354311	-2.2208918146240713
0.3159631380633024	0.801907776318132	-0.9995	5.40519531416993	-3.2730617637624277
0.3178809300622575	0.7998112006162923	-0.9995	5.080665898853481	-5.438722933298409
0.30119635737390343	0.8169302087499105	-0.9995	6.672147843479735	-2.4878898081783234
0.28941740174356073	0.8298870336078589	-0.9995	6.119347269024244	-3.0038221084219305
0.3176430395251558	0.8004112396083476	-0.9995	5.1229199798791445	-3.264224086514231
0.3075688566621313	0.8105195203886004	-0.9995	6.3928662424507525	-2.012019697802982
0.28289190175434853	0.8375588146523676	-0.9995	5.215869070395888	-3.439955516353189
0.32184906210154257	0.7963200502401501	-0.9995	4.292396624724878	-4.089151645858275
0.29679584078504595	0.8221381660150994	-0.9995	6.627971016936325	-2.5630321790051234
0.28809495120548084	0.8315469913301279	-0.9995	5.970653264310791	-2.477275417658852
0.32116252959592717	0.7968431070335111	-0.9995	4.440040903817731	-4.3035393108615105
0.2992023005971402	0.8192804881825315	-0.9995	6.676122576623586	-1.715165480346057
0.29083860132179556	0.8285260182649622	-0.9995	6.259648069605172	-2.1298520417363047
0.2990672635752704	0.8194004701221546	-0.9995	6.674954212120113	-1.746319198200169
0.2928259388777125	0.8260300077125219	-0.9995	6.421968433378618	-2.8758634521380255
0.2983448864920846	0.820087982093749	-0.9995	6.66560719468978	-2.0293579368910493
0.29723079165697136	0.8214262242311122	-0.9995	6.640961624074702	-1.7421940571181729
0.31656797543967236	0.801284188044445	-0.9995	5.306815147462267	-3.5229272618266165
0.30542638361908925	0.8124003076749524	-0.9995	6.532076002402599	-3.314018360035126
0.3145287769707032	0.8035422931557641	-0.9995	5.623877396988021	-2.8887925388344655
0.28961316597572767	0.829509040606488	-0.9995	6.139872593071294	-4.376056494925189
0.3351093455303271	0.7840757259871689	-0.9995	0.5159734804706919	-7.915136558882679
0.3226588216666473	0.7956240834890245	-0.9995	4.112193201705577	-4.379038604870675
0.3165028771633769	0.801368616033455	-0.9995	5.317579424962666	-3.4047003099468682
0.30402839097638945	0.8139295191226837	-0.9995	6.59816452901692	-2.646825752743773
0.29376045166387427	0.8254124584535615	-0.9995	6.484644381115954	-2.3515438830751965
0.2982709185552541	0.8201940209537609	-0.9995	6.664355585097377	-1.926130546511109
0.3155315181504518	0.8024075381521052	-0.9995	5.473163918021134	-2.9632035192223274
0.30300272926764354	0.8151738934340877	-0.9995	6.634222283036383	-1.8148051658562103
0.3240363493671839	0.7940010250407586	-0.9995	3.7905737438035887	-5.598701792137535
0.30775683193136155	0.8095999131136167	-0.9995	6.378461990253248	-9.83811169515439
0.29451248790514517	0.824564254366235	-0.9995	6.528740253354311	-2.2208918146240713
0.3159631380633024	0.801907776318132	-0.9995	5.40519531416993	-3.2730617637624277
0.3230991448273998	0.7947658520405618	-0.9995	4.011451739524238	-6.705017511095173
0.30119635737390343	0.8169302087499105	-0.9995	6.672147843479735	-2.4878898081783234
0.28941740174356073	0.8298870336078589	-0.9995	6.119347269024244	-3.0038221084219305
0.3176430395251558	0.8004112396083476	-0.9995	5.1229199798791445	-3.264224086514231
0.3075688566621313	0.8105195203886004	-0.9995	6.3928662424507525	-2.012019697802982
0.28289190175434853	0.8375588146523676	-0.9995	5.215869070395888	-3.439955516353189
0.3204531726454264	0.7976860699207133	-0.9995	4.587642841992107	-3.799440822544369
0.29679584078504595	0.8221381660150994	-0.9995	6.627971016936325	-2.5630321790051234
0.28809495120548084	0.8315469913301279	-0.9995	5.970653264310791	-2.477275417658852
0.32116252959592717	0.7968431070335111	-0.9995	4.440040903817731	-4.3035393108615105
0.2992023005971402	0.8192804881825315	-0.9995	6.676122576623586	-1.715165480346057
0.292676765210884	0.8265083320143756	-0.9995	6.411155359427605	-2.0355289414719007
0.2990672635752704	0.8194004701221546	-0.9995	6.674954212120113	-1.746319198200169
0.2928259388777125	0.8260300077125219	-0.9995	6.421968433378618	-2.8758634521380255
0.2983448864920846	0.820087982093749	-0.9995	6.66560719468978	-2.0293579368910493
0.29723079165697136	0.8214262242311122	-0.9995	6.640961624074702	-1.7421940571181729
0.314663271414253	0.8030817975146111	-0.9995	5.604246555469954	-3.762490437723672
0.30867573553365935	0.8092114889363655	-0.9995	6.302962263060202	-2.377910028266321
0.3145287769707032	0.8035422931557641	-0.9995	5.623877396988021	-2.8887925388344655
0.29103608406924136	0.8279681975392126	-0.9995	6.277545254241659	-3.5578207787759766
0.3323207592271266	0.7866638454927631	-0.9995	1.456146813220745	-7.183888436072106
0.32239018170877065	0.795842943456306	-0.9995	4.1727030135513585	-4.238638586568709
0.3165028771633769	0.801368616033455	-0.9995	5.317579424962666	-3.4047003099468682
0.30402839097638945	0.8139295191226837	-0.9995	6.59816452901692	-2.646825752743773
0.29376045166387427	0.8254124584535615	-0.9995	6.484644381115954	-2.3515438830751965
0.29378762884526294	0.8252562041812673	-0.9995	6.486336421489154	-1.9287605767255673
0.3155315181504518	0.8024075381521052	-0.9995	5.473163918021134	-2.9632035192223274
0.30300272926764354	0.8151738934340877	-0.9995	6.634222283036383	-1.8148051658562103
0.3240363493671839	0.7940010250407586	-0.9995	3.7905737438035887	-5.598701792137535
0.30775683193136155	0.8095999131136167	-0.9995	6.378461990253248	-9.83811169515439
0.294837640543808	0.8241979219283444	-0.9995	6.546054422535526	-2.166828483662975
0.3083071624856576	0.8098432424319119	-0.9995	6.334259455494614	-2.2854082012250707
0.3230991448273998	0.7947658520405618	-0.9995	4.011451739524238	-6.705017511095173
0.30119635737390343	0.8169302087499105	-0.9995	6.672147843479735	-2.4878898081783234
0.28941740174356073	0.8298870336078589	-0.9995	6.119347269024244	-3.0038221084219305
0.3168549605847602	0.8012261085003959	-0.9995	5.258855716741097	-3.190336725258815
0.3075688566621313	0.8105195203886004	-0.9995	6.3928662424507525	-2.012019697802982
0.28289190175434853	0.8375588146523676	-0.9995	5.215869070395888	-3.439955516353189
0.3204531726454264	0.7976860699207133	-0.9995	4.587642841992107	-3.799440822544369
0.3006721251985109	0.8179980140942543	-0.9995	6.677045436897833	-3.014766281148832
0.2921386601533527	0.8270912990486697	-0.9995	6.370300877387779	-2.0458977711245847
0.320953380481121	0.7970916489580645	-0.9995	4.484083430377089	-4.058687871786512
0.2999030004435751	0.8184755265567385	-0.9995	6.679257153740467	-1.7534460432619436
0.292676765210884	0.8265083320143756	-0.9995	6.411155359427605	-2.0355289414719007
0.2990672635752704	0.8194004701221546	-0.9995	6.674954212120113	-1.746319198200169
0.2944981155066245	0.8242599718658968	-0.9995	6.5279505334179735	-2.2673980288822317
0.2983448864920846	0.820087982093749	-0.9995	6.66560719468978	-2.0293579368910493
0.29668558816409	0.8220811184686726	-0.9995	6.6243775692200995	-1.7989110368871355
0.314663271414253	0.8030817975146111	-0.9995	5.604246555469954	-3.762490437723672
0.30867573553365935	0.8092114889363655	-0.9995	6.302962263060202	-2.377910028266321
0.31445272213487113	0.8036175283676975	-0.9995	5.634898312771229	-2.8772342201233823
0.2995432258062879	0.8191573079450187	-0.9995	6.678260984989993	-2.451698419478543
0.3258783330821492	0.7926529151928308	-0.9995	3.3308635827569097	-5.475055468413439
0.32253079498057724	0.7957044377616658	-0.9995	4.141120586026174	-4.264171813201445
0.3165028771633769	0.801368616033455	-0.9995	5.317579424962666	-3.4047003099468682
0.30402839097638945	0.8139295191226837	-0.9995	6.59816452901692	-2.646825752743773
0.2937344538208611	0.8255619321603135	-0.9995	6.48301885369559	-3.2074329471276215
0.2947598447066649	0.8242259993740028	-0.9995	6.54200806081886	-1.962377462679198
0.3128841464967306	0.8052192223727717	-0.9995	5.849298043564125	-2.811804400369362
0.30300272926764354	0.8151738934340877	-0.9995	6.634222283036383	-1.8148051658562103
0.3240363493671839	0.7940010250407586	-0.9995	3.7905737438035887	-5.598701792137535
0.3080022056629391	0.8097084054049609	-0.9995	6.359127720950324	-3.7985588105934074
0.2944628251092628	0.8245913302162294	-0.9995	6.526002669457148	-2.1049754677975674
0.3083071624856576	0.8098432424319119	-0.9995	6.334259455494614	-2.2854082012250707
0.3216303056378954	0.7962955292030229	-0.9995	4.339953588366348	-5.003400577187699
0.30119635737390343	0.8169302087499105	-0.9995	6.672147843479735	-2.4878898081783234
0.29279031478198847	0.8263129608842212	-0.9995	6.41940639359613	-1.9622493590627137
0.3168549605847602	0.8012261085003959	-0.9995	5.258855716741097	-3.190336725258815
0.30743945632170777	0.8106485557542976	-0.9995	6.402576646497211	-1.9971541997886089
0.28289190175434853	0.8375588146523676	-0.9995	5.215869070395888	-3.439955516353189
0.3204531726454264	0.7976860699207133	-0.9995	4.587642841992107	-3.799440822544369
0.3006721251985109	0.8179980140942543	-0.9995	6.677045436897833	-3.014766281148832
0.2921386601533527	0.8270912990486697	-0.9995	6.370300877387779	-2.0458977711245847
0.3206835075832384	0.7973697844234517	-0.9995	4.5402667685808	-3.944979360753173
0.2999311537353055	0.8184443681778051	-0.9995	6.679280499269387	-1.7556223922472984
0.292676765210884	0.8265083320143756	-0.9995	6.411155359427605	-2.0355289414719007
0.29915655253686024	0.819354853691103	-0.9995	6.675747180194815	-1.7057668773222368
0.2944981155066245	0.8242599718658968	-0.9995	6.5279505334179735	-2.2673980288822317
0.2983448864920846	0.820087982093749	-0.9995	6.66560719468978	-2.0293579368910493
0.2944610155341143	0.8244702736396929	-0.9995	6.525902453743585	-1.8559834473498977
0.313683263230431	0.8039950872217348	-0.9995	5.743145735143873	-4.164347774208334
0.30879291578059254	0.8090838730276856	-0.9995	6.292727358687232	-2.4230863824006814
0.31445272213487113	0.8036175283676975	-0.9995	5.634898312771229	-2.8772342201233823
0.2995432258062879	0.8191573079450187	-0.9995	6.678260984989993	-2.451698419478543
0.3258355085006344	0.7926954827554153	-0.9995	3.341936700878431	-5.478258370520781
0.32317214701812724	0.7951404194090836	-0.9995	3.9945622111616808	-4.510460329526834
0.3165028771633769	0.801368616033455	-0.9995	5.317579424962666	-3.4047003099468682
0.2940129439197364	0.8251261732064079	-0.9995	6.500079995769095	-2.3017037522019628
0.2937050680057044	0.8256002175346657	-0.9995	6.4811733542461685	-3.2620558263282486
0.2947598447066649	0.8242259993740028	-0.9995	6.54200806081886	-1.962377462679198
0.3157198003347863	0.802368077095922	-0.9995	5.44374358548246	-3.0757998834697187
0.30300272926764354	0.8151738934340877	-0.9995	6.634222283036383	-1.8148051658562103
0.31965591821875616	0.7984104558364459	-0.9995	4.747528593198045	-3.6472974837267556
0.3080022056629391	0.8097084054049609	-0.9995	6.359127720950324	-3.7985588105934074
0.2944628251092628	0.8245913302162294	-0.9995	6.526002669457148	-2.1049754677975674
0.3083071624856576	0.8098432424319119	-0.9995	6.334259455494614	-2.2854082012250707
0.3218874631066678	0.7959930908329943	-0.9995	4.283998992081472	-5.587830845479182
0.30233921357299504	0.8157911839472353	-0.9995	6.651944597609779	-2.080646539680222
0.29279031478198847	0.8263129608842212	-0.9995	6.41940639359613	-1.9622493590627137
0.31621947854034727	0.8018204040055131	-0.9995	5.363946777706271	-3.036871383960122
0.30743945632170777	0.8106485557542976	-0.9995	6.402576646497211	-1.9971541997886089
0.28289190175434853	0.8375588146523676	-0.9995	5.215869070395888	-3.439955516353189
0.3184527051135826	0.7997342344749832	-0.9995	4.976792568266013	-3.6985148173574425
0.30299683622453794	0.8153689918324976	-0.9995	6.634399061526686	-1.993248666201204
0.2900329453925644	0.8293064522312333	-0.9995	6.1825933105721855	-2.3675516896471596
0.32119455563648586	0.7968573454370103	-0.9995	4.433258255169726	-4.1179090168615815
0.2999311537353055	0.8184443681778051	-0.9995	6.679280499269387	-1.7556223922472984
0.292676765210884	0.8265083320143756	-0.9995	6.411155359427605	-2.0355289414719007
0.29814397799168746	0.8204191876375658	-0.9995	6.6620801098334965	-1.73144832182048
0.2944981155066245	0.8242599718658968	-0.9995	6.5279505334179735	-2.2673980288822317
0.2983448864920846	0.820087982093749	-0.9995	6.66560719468978	-2.0293579368910493
0.2944610155341143	0.8244702736396929	-0.9995	6.525902453743585	-1.8559834473498977
0.3138336496816344	0.8038607372203337	-0.9995	5.72245488073928	-4.03269054237502
0.3054342422832639	0.8126896681466915	-0.9995	6.531649252344135	-1.8499581460466352
0.31445272213487113	0.8036175283676975	-0.9995	5.634898312771229	-2.8772342201233823
0.29949606821925584	0.8192439748658722	-0.9995	6.678034462111979	-2.7176273911418622
0.3237736184432148	0.7947558591788404	-0.9995	3.8533795288923867	-5.832983385848653
0.31852443439830974	0.7994774892118052	-0.9995	4.963530849423792	-3.4759423772426583
0.3165028771633769	0.801368616033455	-0.9995	5.317579424962666	-3.4047003099468682
0.29390082197786727	0.825298810194863	-0.9995	6.493304335581865	-2.5891124521617037
0.2937050680057044	0.8256002175346657	-0.9995	6.4811733542461685	-3.2620558263282486
0.2947598447066649	0.8242259993740028	-0.9995	6.54200806081886	-1.962377462679198
0.3157198003347863	0.802368077095922	-0.9995	5.44374358548246	-3.0757998834697187
0.30300272926764354	0.8151738934340877	-0.9995	6.634222283036383	-1.8148051658562103
0.3179958338069854	0.8001260142450619	-0.9995	5.060054026267009	-3.423932694175763
0.3080022056629391	0.8097084054049609	-0.9995	6.359127720950324	-3.7985588105934074
0.2944628251092628	0.8245913302162294	-0.9995	6.526002669457148	-2.1049754677975674
0.31416070035113003	0.8038323825176168	-0.9995	5.676677026137728	-2.7076351267248207
0.3218874631066678	0.7959930908329943	-0.9995	4.283998992081472	-5.587830845479182
0.3070219804768636	0.8110935364053568	-0.9995	6.432763149222932	-1.986235524335303
0.29232834215036546	0.82686830948304	-0.9995	6.385032527500904	-2.0170678641850586
0.31621947854034727	0.8018204040055131	-0.9995	5.363946777706271	-3.036871383960122
0.30743945632170777	0.8106485557542976	-0.9995	6.402576646497211	-1.9971541997886089
0.28289190175434853	0.8375588146523676	-0.9995	5.215869070395888	-3.439955516353189
0.3166460055688791	0.8014593309304966	-0.9995	5.293856691314424	-3.230277676389967
0.30299683622453794	0.8153689918324976	-0.9995	6.634399061526686	-1.993248666201204
0.2900329453925644	0.8293064522312333	-0.9995	6.1825933105721855	-2.3675516896471596
0.32119455563648586	0.7968573454370103	-0.9995	4.433258255169726	-4.1179090168615815
0.2944378110308173	0.8246067399303162	-0.9995	6.52461446766571	-2.061533049300156
0.2933277808909163	0.8257046877541568	-0.9995	6.456711659112093	-1.9277450052117135
0.29814397799168746	0.8204191876375658	-0.9995	6.6620801098334965	-1.73144832182048
0.2944981155066245	0.8242599718658968	-0.9995	6.5279505334179735	-2.2673980288822317
0.29994598620373014	0.8184234429361715	-0.9995	6.6792896108592625	-1.7652055157457713
0.2944610155341143	0.8244702736396929	-0.9995	6.525902453743585	-1.8559834473498977
0.3139645933531582	0.8038493846403667	-0.9995	5.704254860714849	-3.1413675297938024
0.30431297834507126	0.8138176036018687	-0.9995	6.586295287284932	-1.8278252676390796
0.3134268275118761	0.8046291512821274	-0.9995	5.777905713141832	-2.7122593863597775
0.29702489335055426	0.8218733185016024	-0.9995	6.635047900432319	-2.4499934362829023
0.3237736184432148	0.7947558591788404	-0.9995	3.8533795288923867	-5.832983385848653
0.31866172978345836	0.7993090454081454	-0.9995	4.938003405756114	-3.5932562278445976
0.3165028771633769	0.801368616033455	-0.9995	5.317579424962666	-3.4047003099468682
0.29390082197786727	0.825298810194863	-0.9995	6.493304335581865	-2.5891124521617037
0.29187678421197727	0.8276309626495761	-0.9995	6.349371024616293	-3.3332375053090537
0.29579322041623535	0.8231310094962416	-0.9995	6.590819225978304	-2.042551605630468
0.3157198003347863	0.802368077095922	-0.9995	5.44374358548246	-3.0757998834697187
0.30300272926764354	0.8151738934340877	-0.9995	6.634222283036383	-1.8148051658562103
0.3179958338069854	0.8001260142450619	-0.9995	5.060054026267009	-3.423932694175763
0.3063233891839642	0.8113051547355851	-0.9995	6.479377944450823	-5.41530537189916
0.2941876650482325	0.8249377166031079	-0.9995	6.510388010352511	-2.3141342315975244
0.3147565474500894	0.803206328701858	-0.9995	5.590525735076497	-2.799920450989177
0.3218874631066678	0.7959930908329943	-0.9995	4.283998992081472	-5.587830845479182
0.3070219804768636	0.8110935364053568	-0.9995	6.432763149222932	-1.986235524335303
0.2930350646055884	0.8261060218585102	-0.9995	6.436752573068565	-2.003597259108597
0.31621947854034727	0.8018204040055131	-0.9995	5.363946777706271	-3.036871383960122
0.3089521279496265	0.8091387305961038	-0.9995	6.278601224177779	-2.1978043442431083
0.28289190175434853	0.8375588146523676	-0.9995	5.215869070395888	-3.439955516353189
0.3166460055688791	0.8014593309304966	-0.9995	5.293856691314424	-3.230277676389967
0.3062186051129094	0.8120162123066477	-0.9995	6.485948950558685	-2.2113517517747656
0.2898043669320839	0.8295141606410434	-0.9995	6.159549530032278	-2.5911508543461554
0.3148495559391263	0.8034539694757359	-0.9995	5.576757640363995	-4.522934503135856
0.2917571391659291	0.8274062381718931	-0.9995	6.3395804246609	-2.103724017208359
0.2928400804605421	0.8260501196347924	-0.9995	6.422981959252645	-2.627119268805693
0.29814397799168746	0.8204191876375658	-0.9995	6.6620801098334965	-1.73144832182048
0.2944981155066245	0.8242599718658968	-0.9995	6.5279505334179735	-2.2673980288822317
0.29994598620373014	0.8184234429361715	-0.9995	6.6792896108592625	-1.7652055157457713
0.2944610155341143	0.8244702736396929	-0.9995	6.525902453743585	-1.8559834473498977
0.31377037818341175	0.8040132926006257	-0.9995	5.731187621739288	-3.29356117299519
0.30310181210258785	0.8151272060221882	-0.9995	6.631198006711397	-1.751205471314993
0.3134268275118761	0.8046291512821274	-0.9995	5.777905713141832	-2.7122593863597775
0.29702489335055426	0.8218733185016024	-0.9995	6.635047900432319	-2.4499934362829023
0.32514062643275843	0.793399618509304	-0.9995	3.5190487111526387	-5.627180570868884
0.31768097374771276	0.8003181179233543	-0.9995	5.11622003497366	-3.290557272417507
0.31918718468875246	0.7987705820493649	-0.9995	4.838563916908714	-3.800510192585972
0.29390082197786727	0.825298810194863	-0.9995	6.493304335581865	-2.5891124521617037
0.29187678421197727	0.8276309626495761	-0.9995	6.349371024616293	-3.3332375053090537
0.29579322041623535	0.8231310094962416	-0.9995	6.590819225978304	-2.042551605630468
0.3125746889555367	0.8056189101228997	-0.9995	5.888690186667716	-3.3013881538030745
0.29948083576579787	0.8187493312847333	-0.9995	6.677956540799826	-2.740379768692762
0.3135083128278253	0.804686531128439	-0.9995	5.766931621038248	-3.4270994834072095
0.3030701657517524	0.8150025912473624	-0.9995	6.632174609594033	-2.1873024642542145
0.29193875580939527	0.8274818626898367	-0.9995	6.354385908807409	-2.7203269264448764
0.31022821915685483	0.807786933872426	-0.9995	6.156221862706937	-2.233906548645697
0.3218874631066678	0.7959930908329943	-0.9995	4.283998992081472	-5.587830845479182
0.30945241581363137	0.8085405530815766	-0.9995	6.232563374741257	-2.1514105515645134
0.2949172531402743	0.8241886089901084	-0.9995	6.550132620109942	-2.6059848266106584
0.31621947854034727	0.8018204040055131	-0.9995	5.363946777706271	-3.036871383960122
0.3010743069992435	0.8175079220914929	-0.9995	6.673533520667082	-2.520786316128248
0.28289190175434853	0.8375588146523676	-0.9995	5.215869070395888	-3.439955516353189
0.3120562602412509	0.8061209948870175	-0.9995	5.9525371432863645	-3.111087618712289
0.30520083386007746	0.8130838417960448	-0.9995	6.544060834109558	-2.197437107205616
0.2898043669320839	0.8295141606410434	-0.9995	6.159549530032278	-2.5911508543461554
0.3148495559391263	0.8034539694757359	-0.9995	5.576757640363995	-4.522934503135856
0.2917007114328741	0.8274636929099227	-0.9995	6.334913244708069	-2.1200689317150037
0.2959758312658805	0.822711098812543	-0.9995	6.598334528306875	-1.9137479962907697
0.29814397799168746	0.8204191876375658	-0.9995	6.6620801098334965	-1.73144832182048
0.2944981155066245	0.8242599718658968	-0.9995	6.5279505334179735	-2.2673980288822317
0.2997323286153388	0.8186455614916459	-0.9995	6.678945958459368	-1.8317813651323416
0.29193310150754553	0.8272036410433006	-0.9995	6.35392994187238	-2.1002055431210778
0.3074357155668306	0.8107695758337091	-0.9995	6.402854868356165	-2.3513477284870774
0.30047505894855475	0.8178498241184252	-0.9995	6.67817579328719	-1.7828475597530282
0.3188437443812679	0.7992034587913617	-0.9995	4.903870686777372	-3.485635727755289
0.29702489335055426	0.8218733185016024	-0.9995	6.635047900432319	-2.4499934362829023
0.32514062643275843	0.793399618509304	-0.9995	3.5190487111526387	-5.627180570868884
0.31768097374771276	0.8003181179233543	-0.9995	5.11622003497366	-3.290557272417507
0.31918718468875246	0.7987705820493649	-0.9995	4.838563916908714	-3.800510192585972
0.2938885120591288	0.8253124186890693	-0.9995	6.492552774053131	-2.589799923796143
0.29182580530759855	0.8277536148468264	-0.9995	6.345216903963781	-3.9800634122102494
0.29579322041623535	0.8231310094962416	-0.9995	6.590819225978304	-2.042551605630468
0.312468020119849	0.8057293832651872	-0.9995	5.902046569765404	-3.3156894583694188
0.29948083576579787	0.8187493312847333	-0.9995	6.677956540799826	-2.740379768692762
0.3136035498108504	0.8045868262872725	-0.9995	5.754021361028755	-3.402759135210907
0.3055114004096754	0.8125574016919286	-0.9995	6.527426525931348	-1.9018314555478195
0.2831944889362571	0.8369751062568853	-0.9995	5.267178187742276	-5.016757262275176
0.3078055896318566	0.810359642968404	-0.9995	6.374668050805461	-2.249504226943124
0.31983145715652295	0.7981068916762867	-0.9995	4.712870733555171	-4.127025252465394
0.3080739524871894	0.8099736043724246	-0.9995	6.353360654483241	-2.030127918650704
0.2949172531402743	0.8241886089901084	-0.9995	6.550132620109942	-2.6059848266106584
0.31133043125624116	0.8068180676508525	-0.9995	6.037410836048165	-2.8197593434381094
0.2986633157720507	0.8200261223418697	-0.9995	6.670370574683957	-2.017802168040461
0.28289190175434853	0.8375588146523676	-0.9995	5.215869070395888	-3.439955516353189
0.30597285443307454	0.812320962120013	-0.9995	6.500929247916709	-2.4637120027532475
0.30520083386007746	0.8130838417960448	-0.9995	6.544060834109558	-2.197437107205616
0.2898043669320839	0.8295141606410434	-0.9995	6.159549530032278	-2.5911508543461554
0.32137445954458127	0.7969362024611818	-0.9995	4.394966594195491	-4.459726550364369
0.29213041313598553	0.8269715779516907	-0.9995	6.369652211258856	-2.1104525331755006
0.2928762139705365	0.8258743690522663	-0.9995	6.425562561342302	-3.765690072586951
0.29814397799168746	0.8204191876375658	-0.9995	6.6620801098334965	-1.73144832182048
0.2944981155066245	0.8242599718658968	-0.9995	6.5279505334179735	-2.2673980288822317
0.2997323286153388	0.8186455614916459	-0.9995	6.678945958459368	-1.8317813651323416
0.2942501918193619	0.8247377448998375	-0.9995	6.514002727739536	-1.8914907254054913
0.3074357155668306	0.8107695758337091	-0.9995	6.402854868356165	-2.3513477284870774
0.300473913471607	0.8178510791935245	-0.9995	6.678181228417346	-1.7823390539703876
0.3146334722562711	0.8034944020622989	-0.9995	5.6086116469349205	-3.1248922833357513
0.29702489335055426	0.8218733185016024	-0.9995	6.635047900432319	-2.4499934362829023
0.32514062643275843	0.793399618509304	-0.9995	3.5190487111526387	-5.627180570868884
0.3181824505432155	0.7998181829910042	-0.9995	5.026296659527814	-3.3978351734890584
0.3191526649955618	0.7988140911308486	-0.9995	4.845181316149111	-3.7525986805440237
0.29305277609678176	0.8261722184132548	-0.9995	6.4379845985029664	-2.274725223257688
0.2814675689254559	0.8392551949241129	-0.9995	4.962049190646559	-3.660623799317926
0.2939741134855943	0.8250624485354945	-0.9995	6.49774765688772	-1.9379265708864235
0.3134139074871831	0.8047515482992261	-0.9995	5.779639627936662	-3.21126553773564
0.3058815400096836	0.8123188993776894	-0.9995	6.506341633882654	-2.0134348594282745
0.3136035498108504	0.8045868262872725	-0.9995	5.754021361028755	-3.402759135210907
0.3056442844045864	0.8124177596396849	-0.9995	6.520014466110913	-1.9119767757613975
0.2831944889362571	0.8369751062568853	-0.9995	5.267178187742276	-5.016757262275176
0.3091660403762429	0.8090563753641051	-0.9995	6.259222717415623	-2.866887076366611
0.31983145715652295	0.7981068916762867	-0.9995	4.712870733555171	-4.127025252465394
0.3046457602941937	0.8133132527222057	-0.9995	6.571388754754665	-2.466699350864289
0.2949172531402743	0.8241886089901084	-0.9995	6.550132620109942	-2.6059848266106584
0.31133043125624116	0.8068180676508525	-0.9995	6.037410836048165	-2.8197593434381094
0.3013603064370342	0.8171294836600093	-0.9995	6.6700520302970165	-2.0796782288830524
0.28289190175434853	0.8375588146523676	-0.9995	5.215869070395888	-3.439955516353189
0.30293606615749197	0.8153986625863657	-0.9995	6.63620177590435	-1.8736137828868102
0.3070535257579496	0.8110947755613651	-0.9995	6.430543070219908	-2.0601184987197776
0.2898043669320839	0.8295141606410434	-0.9995	6.159549530032278	-2.5911508543461554
0.32137445954458127	0.7969362024611818	-0.9995	4.394966594195491	-4.459726550364369
0.29213041313598553	0.8269715779516907	-0.9995	6.369652211258856	-2.1104525331755006
0.29238879215045555	0.8264519088251486	-0.9995	6.389651773665365	-3.4559654908438358
0.29814397799168746	0.8204191876375658	-0.9995	6.6620801098334965	-1.73144832182048
0.2908592604291825	0.8281456184173556	-0.9995	6.2615385988026535	-3.783629756304654
0.2997323286153388	0.8186455614916459	-0.9995	6.678945958459368	-1.8317813651323416
0.28848687767489267	0.8310854226231136	-0.9995	6.016544269945777	-2.4609846448634496
0.3005957119451474	0.8177488291934635	-0.9995	6.677529834702243	-1.7332786540243728
0.3012140011722816	0.8171046791118399	-0.9995	6.671935204078695	-1.7222686525087152
0.3104244524660213	0.8078351592361539	-0.9995	6.135958152228511	-3.4633429997027747
0.29702489335055426	0.8218733185016024	-0.9995	6.635047900432319	-2.4499934362829023
0.32514062643275843	0.793399618509304	-0.9995	3.5190487111526387	-5.627180570868884
0.3181824505432155	0.7998181829910042	-0.9995	5.026296659527814	-3.3978351734890584
0.31780189445963947	0.8002192954384585	-0.9995	5.094766966549486	-3.292995967420012
0.2951291919221338	0.8238968447187414	-0.9995	6.560680341653168	-2.244592855938137
0.2823852682140772	0.8381788555047307	-0.9995	5.127910318860211	-3.4505024896176675
0.2939741134855943	0.8250624485354945	-0.9995	6.49774765688772	-1.9379265708864235
0.3134139074871831	0.8047515482992261	-0.9995	5.779639627936662	-3.21126553773564
0.310268618643681	0.8078052207277433	-0.9995	6.152081554063434	-2.3418714653171353
0.3136035498108504	0.8045868262872725	-0.9995	5.754021361028755	-3.402759135210907
0.3056083520388594	0.8124283454009436	-0.9995	6.522036135351307	-1.970102511191719
0.2831944889362571	0.8369751062568853	-0.9995	5.267178187742276	-5.016757262275176
0.3095704810725008	0.8086394312798686	-0.9995	6.22133365851472	-2.8727511780278867
0.31983145715652295	0.7981068916762867	-0.9995	4.712870733555171	-4.127025252465394
0.3046457602941937	0.8133132527222057	-0.9995	6.571388754754665	-2.466699350864289
0.29935020183398475	0.8192599018094999	-0.9995	6.677193010027416	-1.9064961580681725
0.31037473059620335	0.8078238538904162	-0.9995	6.141129023591208	-2.9652928717339755
0.30131169476686337	0.8172194215261964	-0.9995	6.670701482503116	-2.286143592388928
0.28289190175434853	0.8375588146523676	-0.9995	5.215869070395888	-3.439955516353189
0.30361118127319714	0.814716775297298	-0.9995	6.614101047370751	-1.9918765102287939
0.30823764668752923	0.8098486909397767	-0.9995	6.3400100835673925	-2.0895334637648943
0.2898043669320839	0.8295141606410434	-0.9995	6.159549530032278	-2.5911508543461554
0.32137445954458127	0.7969362024611818	-0.9995	4.394966594195491	-4.459726550364369
0.29663705941048296	0.8222094755296875	-0.9995	6.622757351267094	-2.0093169973614273
0.2944629927415954	0.8242489873183813	-0.9995	6.526011951412073	-2.5541931538330402
0.29773590044064685	0.8209494407927586	-0.9995	6.653673464236885	-1.7854694632905428
0.2908592604291825	0.8281456184173556	-0.9995	6.2615385988026535	-3.783629756304654
0.2963972202155513	0.8220175635251868	-0.9995	6.614404087434039	-3.404357197215333
0.2876251333230586	0.8321131548273117	-0.9995	5.91361757194983	-2.490714827418456
0.30294538249187647	0.8154178932592785	-0.9995	6.635927808192937	-1.9710086167776897
0.30162150638748964	0.8166462300275048	-0.9995	6.666157783486851	-1.7612993479585572
0.30246066587684695	0.8157618176554404	-0.9995	6.649029815522805	-1.771030409308299
0.29702489335055426	0.8218733185016024	-0.9995	6.635047900432319	-2.4499934362829023
0.32514062643275843	0.793399618509304	-0.9995	3.5190487111526387	-5.627180570868884
0.31086659716916115	0.8072520299705656	-0.9995	6.088889528126092	-2.5946066341692493
0.31704812840808877	0.8009694991348351	-0.9995	5.226110787216781	-3.1558597450217025
0.2950458492940888	0.8239858070365019	-0.9995	6.5565861522257975	-2.23466896423691
0.2823852682140772	0.8381788555047307	-0.9995	5.127910318860211	-3.4505024896176675
0.29586963155503265	0.8229250513848819	-0.9995	6.59400448085429	-1.7880094957196544
0.3134139074871831	0.8047515482992261	-0.9995	5.779639627936662	-3.21126553773564
0.310268618643681	0.8078052207277433	-0.9995	6.152081554063434	-2.3418714653171353
0.31021258709604005	0.8081150124725616	-0.9995	6.15781952233918	-4.097654098850414
0.30788924543501556	0.8099185206840707	-0.9995	6.36810323064063	-2.9145601519491873
0.2811948145866312	0.8392638025822139	-0.9995	4.911129206154309	-6.277878105905094
0.30353354026170354	0.8148316096889828	-0.9995	6.616874664404801	-2.133568451425621
0.31983145715652295	0.7981068916762867	-0.9995	4.712870733555171	-4.127025252465394
0.30474940346777246	0.8131977381812318	-0.9995	6.566520031811754	-2.5189470385293564
0.2908353551817437	0.828574812415363	-0.9995	6.25935062508624	-2.1917892198677738
0.3086443874847684	0.8096484046608201	-0.9995	6.305677023376095	-3.2872671292771223
0.30131169476686337	0.8172194215261964	-0.9995	6.670701482503116	-2.286143592388928
0.28867879465562557	0.8308995451147253	-0.9995	6.03845574606274	-2.3766015629091415
0.30202546295415866	0.8163980941848157	-0.9995	6.658791697416854	-1.9785623337883234
0.30823764668752923	0.8098486909397767	-0.9995	6.3400100835673925	-2.0895334637648943
0.2898043669320839	0.8295141606410434	-0.9995	6.159549530032278	-2.5911508543461554
0.32137445954458127	0.7969362024611818	-0.9995	4.394966594195491	-4.459726550364369
0.29663705941048296	0.8222094755296875	-0.9995	6.622757351267094	-2.0093169973614273
0.2944629927415954	0.8242489873183813	-0.9995	6.526011951412073	-2.5541931538330402
0.29773590044064685	0.8209494407927586	-0.9995	6.653673464236885	-1.7854694632905428
0.2908592604291825	0.8281456184173556	-0.9995	6.2615385988026535	-3.783629756304654
0.29564158485329783	0.822853715313387	-0.9995	6.584325285355186	-3.3248889281353
0.2876251333230586	0.8321131548273117	-0.9995	5.91361757194983	-2.490714827418456
0.30294538249187647	0.8154178932592785	-0.9995	6.635927808192937	-1.9710086167776897
0.3025039962446056	0.8158087009100249	-0.9995	6.647954212345205	-1.7640892622694153
0.3061736469226041	0.8116850975216078	-0.9995	6.488734616685303	-2.8245644133802337
0.2869333539571974	0.8326955491423547	-0.9995	5.825618004270755	-3.483327614299096
0.32514062643275843	0.793399618509304	-0.9995	3.5190487111526387	-5.627180570868884
0.30854429803971367	0.809509227253438	-0.9995	6.314279053352925	-2.0810204558147465
0.3113347523602934	0.8068925033599171	-0.9995	6.0369211429643155	-3.3697083821607112
0.2925008414865161	0.8268584571743495	-0.9995	6.398117306258412	-2.7094920029976652
0.2806552935211142	0.8401798040784582	-0.9995	4.808215854538966	-4.007064307259034
0.29650575471063895	0.8222581199051927	-0.9995	6.61825544759909	-1.7800014577778214
0.3134139074871831	0.8047515482992261	-0.9995	5.779639627936662	-3.21126553773564
0.310268618643681	0.8078052207277433	-0.9995	6.152081554063434	-2.3418714653171353
0.31021258709604005	0.8081150124725616	-0.9995	6.15781952233918	-4.097654098850414
0.30521761084097293	0.8127700810772219	-0.9995	6.543186883871009	-2.1919574481802684
0.2813910843118478	0.8390380097135388	-0.9995	4.947845482866414	-6.143451264460437
0.30934325344588387	0.8085474161550795	-0.9995	6.242822273540094	-2.3649653951648926
0.31983145715652295	0.7981068916762867	-0.9995	4.712870733555171	-4.127025252465394
0.30474940346777246	0.8131977381812318	-0.9995	6.566520031811754	-2.5189470385293564
0.28512456213099546	0.834885461449301	-0.9995	5.572910939337131	-3.17141155433524
0.3064205254722814	0.8119162018020443	-0.9995	6.473188461609128	-2.9184765798375576
0.30131169476686337	0.8172194215261964	-0.9995	6.670701482503116	-2.286143592388928
0.28839451777851866	0.8312073875561236	-0.9995	6.005868110344604	-2.43676950456123
0.30202546295415866	0.8163980941848157	-0.9995	6.658791697416854	-1.9785623337883234
0.3073630366688965	0.8107286831596636	-0.9995	6.408232653372625	-1.9931013715931378
0.29525107899646835	0.8237985530253695	-0.9995	6.566542944821281	-2.436708890882569
0.32137445954458127	0.7969362024611818	-0.9995	4.394966594195491	-4.459726550364369
0.2927338697443813	0.8263873428752653	-0.9995	6.415320953852115	-1.9672492383657119
0.2944629927415954	0.8242489873183813	-0.9995	6.526011951412073	-2.5541931538330402
0.29459845054531386	0.8243609351536921	-0.9995	6.5334205157531	-1.8814830430375835
0.2908592604291825	0.8281456184173556	-0.9995	6.2615385988026535	-3.783629756304654
0.2941391094440561	0.8243961703332381	-0.9995	6.507554007766437	-4.619140284063626
0.2876007641639975	0.8321412232846139	-0.9995	5.910598951726158	-2.493460354060929
0.30294538249187647	0.8154178932592785	-0.9995	6.635927808192937	-1.9710086167776897
0.30123781604396066	0.8170942870758512	-0.9995	6.671643255516768	-1.7126876653583043
0.3061736469226041	0.8116850975216078	-0.9995	6.488734616685303	-2.8245644133802337
0.2892626955822396	0.8301627482742547	-0.9995	6.102855667511916	-2.506020113785768
0.32514062643275843	0.793399618509304	-0.9995	3.5190487111526387	-5.627180570868884
0.31211425202054427	0.805741771654452	-0.9995	5.945528688223893	-2.6789848484677723
0.3136150950159104	0.8046899780253554	-0.9995	5.752450136848858	-4.460467965892383
0.2902000290963854	0.829455474366204	-0.9995	6.19910704975174	-2.978111946236629
0.2806552935211142	0.8401798040784582	-0.9995	4.808215854538966	-4.007064307259034
0.29650575471063895	0.8222581199051927	-0.9995	6.61825544759909	-1.7800014577778214
0.3148008534336412	0.8033233773539362	-0.9995	5.583977886489553	-3.124519466408568
0.31077384616937925	0.8072855394209889	-0.9995	6.098925391902959	-2.3741936881637216
0.3087233937723788	0.8096611313985752	-0.9995	6.298816203770315	-4.279113322797144
0.30521761084097293	0.8127700810772219	-0.9995	6.543186883871009	-2.1919574481802684
0.2813910843118478	0.8390380097135388	-0.9995	4.947845482866414	-6.143451264460437
0.30300667680285753	0.8153606826680562	-0.9995	6.634103671325992	-2.0019657233220833
0.31983145715652295	0.7981068916762867	-0.9995	4.712870733555171	-4.127025252465394
0.30474940346777246	0.8131977381812318	-0.9995	6.566520031811754	-2.5189470385293564
0.28512456213099546	0.834885461449301	-0.9995	5.572910939337131	-3.17141155433524
0.29916682298610386	0.8193538334018957	-0.9995	6.675833278627776	-1.707323013512708
0.3059012639572059	0.8123430328163891	-0.9995	6.505179616847112	-2.181740899345801
0.2869117110300033	0.8328544525642512	-0.9995	5.822787657499514	-2.7630721776483433
0.3022392671343131	0.8161677046407853	-0.9995	6.654232611816125	-1.9672302921007105
0.3066723491585154	0.8114618276566242	-0.9995	6.456702981844495	-1.974060739621569
0.2949284840070546	0.8241591218695631	-0.9995	6.550702825976696	-2.4926954499947165
0.31745767734033514	0.8007365393998431	-0.9995	5.155451707713943	-3.683568849987645
0.2927338697443813	0.8263873428752653	-0.9995	6.415320953852115	-1.9672492383657119
0.29907905786225936	0.8194183897116587	-0.9995	6.675063526204868	-1.7125984747492833
0.29297796468474474	0.826097150691707	-0.9995	6.43275929846674	-1.950266876734199
0.29072492083192586	0.8282755045628779	-0.9995	6.249168730439987	-4.014794223842774
0.2941391094440561	0.8243961703332381	-0.9995	6.507554007766437	-4.619140284063626
0.2876007641639975	0.8321412232846139	-0.9995	5.910598951726158	-2.493460354060929
0.30294538249187647	0.8154178932592785	-0.9995	6.635927808192937	-1.9710086167776897
0.30123781604396066	0.8170942870758512	-0.9995	6.671643255516768	-1.7126876653583043
0.3061736469226041	0.8116850975216078	-0.9995	6.488734616685303	-2.8245644133802337
0.28984989498292135	0.8295319644562106	-0.9995	6.1641810390215745	-2.3333202001589903
0.3278302534869197	0.7908066321551267	-0.9995	2.80668915257917	-5.890787480313915
0.31211425202054427	0.805741771654452	-0.9995	5.945528688223893	-2.6789848484677723
0.3079912086770294	0.8104171887729387	-0.9995	6.360007117711049	-4.275865179277915
0.2880409752582148	0.8318573848632167	-0.9995	5.964212834437051	-2.8985882405446386
0.2806552935211142	0.8401798040784582	-0.9995	4.808215854538966	-4.007064307259034
0.292260184759768	0.8267506287251778	-0.9995	6.379780498545564	-2.371433938641154
0.3148008534336412	0.8033233773539362	-0.9995	5.583977886489553	-3.124519466408568
0.3123723758638638	0.8056806869012662	-0.9995	5.913925775726602	-2.5701391460101153
0.3087233937723788	0.8096611313985752	-0.9995	6.298816203770315	-4.279113322797144
0.30450213942426607	0.8135820532784326	-0.9995	6.577957901332544	-1.9139881924055349
0.2854178913580919	0.8345833318410188	-0.9995	5.61611473608815	-2.97084014069236
0.30405277373552936	0.8142135194670032	-0.9995	6.597179323553217	-1.8832082449205991
0.31983145715652295	0.7981068916762867	-0.9995	4.712870733555171	-4.127025252465394
0.30474940346777246	0.8131977381812318	-0.9995	6.566520031811754	-2.5189470385293564
0.28457080482846725	0.8354819326822859	-0.9995	5.4890038801039545	-3.5197971033250006
0.29738049676688805	0.8213061507803938	-0.9995	6.64499521236878	-1.7527386398984852
0.3059012639572059	0.8123430328163891	-0.9995	6.505179616847112	-2.181740899345801
0.2869117110300033	0.8328544525642512	-0.9995	5.822787657499514	-2.7630721776483433
0.3036128184068751	0.8148064935914634	-0.9995	6.614041914104922	-2.4746404095893073
0.30777549904771095	0.8102542217767287	-0.9995	6.3770122711054285	-2.008264694691519
0.29590665419445433	0.823105677617617	-0.9995	6.595526798891308	-2.5762578777201153
0.3193769224296915	0.7987991755879602	-0.9995	4.801978584078787	-3.7264915446958558
0.29144661599825883	0.8277880294207037	-0.9995	6.313502308903992	-2.082062478185833
0.29907905786225936	0.8194183897116587	-0.9995	6.675063526204868	-1.7125984747492833
0.2894289752095112	0.8301530236424072	-0.9995	6.120571372704559	-2.3057331241201826
0.29072492083192586	0.8282755045628779	-0.9995	6.249168730439987	-4.014794223842774
0.29788346195198123	0.8205527905617778	-0.9995	6.656905531766645	-2.2066810355756363
0.29000667877206554	0.8295195055961838	-0.9995	6.179971852486773	-2.288970908934431
0.3060327914683969	0.8122701810453481	-0.9995	6.497331333804386	-2.5392500483510325
0.30100869035738004	0.8173408138094219	-0.9995	6.674216917124843	-1.7090730905856137
0.2990211738733864	0.8193661476316124	-0.9995	6.674513695379494	-1.9898891471421738
0.29224809494730375	0.8268200883483684	-0.9995	6.378844038580112	-2.1554386084931565
0.3268008534374139	0.7917319711627492	-0.9995	3.087875473441499	-5.463695262430293
0.31248257024922504	0.8053160470936276	-0.9995	5.9002313981760075	-3.0088800867092083
0.3094328787866491	0.8087797869815698	-0.9995	6.234408187292125	-2.86119153109977
0.2880409752582148	0.8318573848632167	-0.9995	5.964212834437051	-2.8985882405446386
0.2806552935211142	0.8401798040784582	-0.9995	4.808215854538966	-4.007064307259034
0.292260184759768	0.8267506287251778	-0.9995	6.379780498545564	-2.371433938641154
0.3126091893029296	0.8056064996889104	-0.9995	5.88434592392463	-3.478904607331569
0.3123723758638638	0.8056806869012662	-0.9995	5.913925775726602	-2.5701391460101153
0.3087233937723788	0.8096611313985752	-0.9995	6.298816203770315	-4.279113322797144
0.30450213942426607	0.8135820532784326	-0.9995	6.577957901332544	-1.9139881924055349
0.28614830211490794	0.8337827555388374	-0.9995	5.719956526810882	-2.7366274722864654
0.3036944983485463	0.8145815884229268	-0.9995	6.611057608073143	-1.850501486415478
0.3209867485357043	0.7969583338995143	-0.9995	4.477086127805764	-4.589402667176669
0.30474940346777246	0.8131977381812318	-0.9995	6.566520031811754	-2.5189470385293564
0.28472593331865814	0.835314838394964	-0.9995	5.512818633379814	-3.4131071578837666
0.29845066689919686	0.8201454496832844	-0.9995	6.667302033023979	-1.7281644362042883
0.2986048425059075	0.8197841757650782	-0.9995	6.669571876143587	-2.137479536617624
0.2895897378570451	0.8299962368062541	-0.9995	6.137436408885003	-2.3412043933196056
0.30303201356889775	0.8156285815790065	-0.9995	6.633338666900299	-4.583114632026055
0.3074209816188653	0.8105696068513135	-0.9995	6.403949357372518	-2.0464958103477997
0.29910494807854254	0.8195221199339311	-0.9995	6.675298608599677	-1.9022508340492106
0.3193769224296915	0.7987991755879602	-0.9995	4.801978584078787	-3.7264915446958558
0.2917952593756476	0.8273660072633721	-0.9995	6.342715354745707	-2.0956461186358126
0.30303449733704857	0.8152248049538258	-0.9995	6.633263327867425	-1.7543023966842526
0.2894289752095112	0.8301530236424072	-0.9995	6.120571372704559	-2.3057331241201826
0.2892537449064492	0.8300018122843483	-0.9995	6.101894205631865	-3.567460426864969
0.29788346195198123	0.8205527905617778	-0.9995	6.656905531766645	-2.2066810355756363
0.29119196021543853	0.8281098093258484	-0.9995	6.291396374078111	-2.0904523337170318
0.3033808698092449	0.8149473168773196	-0.9995	6.622152794974882	-1.9423520743073635
0.3074394370612696	0.810408884019129	-0.9995	6.402578079367242	-2.6804038721675063
0.2990211738733864	0.8193661476316124	-0.9995	6.674513695379494	-1.9898891471421738
0.29224809494730375	0.8268200883483684	-0.9995	6.378844038580112	-2.1554386084931565
0.32700206517086844	0.7915404278346128	-0.9995	3.0337465808510653	-5.506520663130296
0.31248257024922504	0.8053160470936276	-0.9995	5.9002313981760075	-3.0088800867092083
0.3094328787866491	0.8087797869815698	-0.9995	6.234408187292125	-2.86119153109977
0.2884328130347066	0.8313913586251571	-0.9995	6.010305126859931	-2.76241194669983
0.2806552935211142	0.8401798040784582	-0.9995	4.808215854538966	-4.007064307259034
0.2925023205902423	0.8265101312637083	-0.9995	6.398228215652676	-2.225510699075489
0.3170031024759462	0.8009116484489789	-0.9995	5.233776729272558	-3.346517849994944
0.3123723758638638	0.8056806869012662	-0.9995	5.913925775726602	-2.5701391460101153
0.30054378375899976	0.8181206442489845	-0.9995	6.67782569442744	-2.8844972797775768
0.3047381266114508	0.8133179096220906	-0.9995	6.56705497937951	-1.9764033184691918
0.28614830211490794	0.8337827555388374	-0.9995	5.719956526810882	-2.7366274722864654
0.30217218792563827	0.8161968050960919	-0.9995	6.655712196388755	-1.829744091472115
0.3209867485357043	0.7969583338995143	-0.9995	4.477086127805764	-4.589402667176669
0.304048701827338	0.814189531575135	-0.9995	6.597344265876748	-1.824532864989303
0.28472593331865814	0.835314838394964	-0.9995	5.512818633379814	-3.4131071578837666
0.2943228835190953	0.8244975557924046	-0.9995	6.518155940621401	-2.083139791340326
0.2986048425059075	0.8197841757650782	-0.9995	6.669571876143587	-2.137479536617624
0.2895897378570451	0.8299962368062541	-0.9995	6.137436408885003	-2.3412043933196056
0.30303201356889775	0.8156285815790065	-0.9995	6.633338666900299	-4.583114632026055
0.31067914676036135	0.8071118481521116	-0.9995	6.109083320663517	-2.913876805736477
0.30119529181892285	0.8172790119924326	-0.9995	6.67216058564828	-1.9615963797505085
0.3205433084229593	0.7976532772299548	-0.9995	4.5691665935060435	-3.9031803083875722
0.29031946471430337	0.8290407995295215	-0.9995	6.210740381222113	-2.204772098619596
0.30303449733704857	0.8152248049538258	-0.9995	6.633263327867425	-1.7543023966842526
0.2905101679254469	0.8289312619892044	-0.9995	6.229019634294119	-2.202268943322096
0.2995368351639302	0.8192940622515366	-0.9995	6.678231589983342	-3.605753875781657
0.2968591116717476	0.8217159601007459	-0.9995	6.62997830085744	-1.9911405054451077
0.2931765989302834	0.8257494097684923	-0.9995	6.446510187519154	-2.21944470034782
0.3033808698092449	0.8149473168773196	-0.9995	6.622152794974882	-1.9423520743073635
0.3074394370612696	0.810408884019129	-0.9995	6.402578079367242	-2.6804038721675063
0.29925585465307497	0.8191741774443033	-0.9995	6.67653543682345	-1.7900090423082489
0.29254887073038915	0.8264574861160375	-0.9995	6.401707561347944	-2.225349350239771
0.32700206517086844	0.7915404278346128	-0.9995	3.0337465808510653	-5.506520663130296
0.30969242824201765	0.808244853539959	-0.9995	6.209588372176892	-2.239364906185859
0.3094328787866491	0.8087797869815698	-0.9995	6.234408187292125	-2.86119153109977
0.2884328130347066	0.8313913586251571	-0.9995	6.010305126859931	-2.76241194669983
0.2801338152707002	0.8408030411908363	-0.9995	4.705977719816878	-4.118230509963319
0.2924550550786034	0.8265649447289428	-0.9995	6.394673228975661	-2.2217609949742485
0.315137502546521	0.8028329706399282	-0.9995	5.5335842815805485	-2.8545594739149998
0.31266378489269	0.805434380415428	-0.9995	5.877446959268584	-2.7619294575338227
0.29994725190966814	0.8186086106303984	-0.9995	6.679290286505031	-1.94143264809866
0.3047381266114508	0.8133179096220906	-0.9995	6.56705497937951	-1.9764033184691918
0.2844867767219355	0.8358056983680638	-0.9995	5.476003715934791	-2.9092447290396315
0.30429874230524284	0.8140583133298605	-0.9995	6.586908271275776	-2.3230150661241833
0.3209867485357043	0.7969583338995143	-0.9995	4.477086127805764	-4.589402667176669
0.3040394566037314	0.8142000220792958	-0.9995	6.597718150043054	-1.8255122372273966
0.28472593331865814	0.835314838394964	-0.9995	5.512818633379814	-3.4131071578837666
0.296430569792883	0.8222541081291888	-0.9995	6.615600038292804	-1.8093849681588026
0.3005512104147004	0.8179572043084403	-0.9995	6.677785033703829	-1.9234060101499306
0.28830039724272444	0.8314554512758192	-0.9995	5.994900674919952	-2.4717092724634515
0.30303201356889775	0.8156285815790065	-0.9995	6.633338666900299	-4.583114632026055
0.30710776039030624	0.8109122924076939	-0.9995	6.426702909480168	-1.9877675619615776
0.30446889859771714	0.8138737610265848	-0.9995	6.579448924926808	-2.2942287460288497
0.3205433084229593	0.7976532772299548	-0.9995	4.5691665935060435	-3.9031803083875722
0.2891487423323588	0.8303520864413717	-0.9995	6.090555233462494	-2.344077686266262
0.30303449733704857	0.8152248049538258	-0.9995	6.633263327867425	-1.7543023966842526
0.28754334149122374	0.8323256636184272	-0.9995	5.903462492288861	-2.5697500404102467
0.2995368351639302	0.8192940622515366	-0.9995	6.678231589983342	-3.605753875781657
0.2968591116717476	0.8217159601007459	-0.9995	6.62997830085744	-1.9911405054451077
0.2950585540940333	0.8237547905845781	-0.9995	6.557214760102225	-1.867712668262529
0.3033808698092449	0.8149473168773196	-0.9995	6.622152794974882	-1.9423520743073635
0.3074394370612696	0.810408884019129	-0.9995	6.402578079367242	-2.6804038721675063
0.3011429411068744	0.8174023118853585	-0.9995	6.672772626441283	-2.3031081975881627
0.2945523294626451	0.824189113146407	-0.9995	6.530918626892376	-2.3223506148578643
0.32700206517086844	0.7915404278346128	-0.9995	3.0337465808510653	-5.506520663130296
0.30969242824201765	0.808244853539959	-0.9995	6.209588372176892	-2.239364906185859
0.3037177075331142	0.8146596831229455	-0.9995	6.610197451801328	-2.254124420790644
0.2892378574224809	0.8303473332028969	-0.9995	6.100185634015956	-2.2967466773401117
0.2801338152707002	0.8408030411908363	-0.9995	4.705977719816878	-4.118230509963319
0.29089929475039167	0.8281926907581163	-0.9995	6.265190018108958	-2.9883664196814355
0.3133349145306132	0.8045601605317425	-0.9995	5.7902044706164055	-2.702111760515148
0.31266378489269	0.805434380415428	-0.9995	5.877446959268584	-2.7619294575338227
0.3034621731430409	0.8147638523865979	-0.9995	6.6193709839482295	-1.763372449169637
0.3026580207140419	0.8155379866796348	-0.9995	6.643978827728819	-1.8037710924605612
0.2844867767219355	0.8358056983680638	-0.9995	5.476003715934791	-2.9092447290396315
0.3101556552433643	0.8078801617536134	-0.9995	6.163617531199835	-2.248010133962252
0.3209867485357043	0.7969583338995143	-0.9995	4.477086127805764	-4.589402667176669
0.3027385832614288	0.8155616953007244	-0.9995	6.64180500691131	-1.7709734972815188
0.2845751178454935	0.8354778289457174	-0.9995	5.489669250908136	-3.5132089307281973
0.29691439928621205	0.8217474053318091	-0.9995	6.631699539485556	-1.766668126222509
0.3005029128853969	0.8180051216566605	-0.9995	6.678039591458708	-1.9095987717834415
0.28611021888974747	0.8340009965435271	-0.9995	5.714674101856561	-2.817192314478545
0.30303201356889775	0.8156285815790065	-0.9995	6.633338666900299	-4.583114632026055
0.3109592318366807	0.8068345987462755	-0.9995	6.078780386059616	-2.9066131008574025
0.30378145871074286	0.8146292523764976	-0.9995	6.6078070484049345	-2.4810475178115343
0.3205433084229593	0.7976532772299548	-0.9995	4.5691665935060435	-3.9031803083875722
0.28947293410610203	0.830000153151627	-0.9995	6.1252086166378525	-2.2901829030278655
0.30303449733704857	0.8152248049538258	-0.9995	6.633263327867425	-1.7543023966842526
0.2883247594290291	0.8314121791767469	-0.9995	5.997747986359974	-2.4381283682151835
0.29875852488227517	0.820149419492919	-0.9995	6.671597895970551	-3.8038259541485626
0.29840588295382736	0.8201584220891144	-0.9995	6.66659815252571	-1.7153695410415661
0.2974056135760305	0.8210780401203838	-0.9995	6.645649993725813	-2.177518231860601
0.3033808698092449	0.8149473168773196	-0.9995	6.622152794974882	-1.9423520743073635
0.3074394370612696	0.810408884019129	-0.9995	6.402578079367242	-2.6804038721675063
0.3011429411068744	0.8174023118853585	-0.9995	6.672772626441283	-2.3031081975881627
0.29281252574825595	0.8260861048904183	-0.9995	6.421005267712783	-2.596534583654691
0.32700206517086844	0.7915404278346128	-0.9995	3.0337465808510653	-5.506520663130296
0.3110856711331265	0.8067434864808082	-0.9995	6.0648436759510265	-2.7114568363032117
0.3037177075331142	0.8146596831229455	-0.9995	6.610197451801328	-2.254124420790644
0.2936010926245457	0.8254982394159781	-0.9995	6.474574120311983	-2.010128675431959
0.2844590576695893	0.8357365857246081	-0.9995	5.471699755724444	-3.1154419145622114
0.29089929475039167	0.8281926907581163	-0.9995	6.265190018108958	-2.9883664196814355
0.3133349145306132	0.8045601605317425	-0.9995	5.7902044706164055	-2.702111760515148
0.3119020811305721	0.8061771493736094	-0.9995	5.971006522116596	-2.5878940874958687
0.30494836131775754	0.8131244668271055	-0.9995	6.556872799654803	-1.9133228812019016
0.3026580207140419	0.8155379866796348	-0.9995	6.643978827728819	-1.8037710924605612
0.2844867767219355	0.8358056983680638	-0.9995	5.476003715934791	-2.9092447290396315
0.3099321863246207	0.8081532878334714	-0.9995	6.186062572375285	-2.3263036405291686
0.3209867485357043	0.7969583338995143	-0.9995	4.477086127805764	-4.589402667176669
0.3006074736896034	0.8179128163874376	-0.9995	6.677459076892397	-1.9865815854558733
